week,date_min,date_max,year,AGG,BND,DBC,DIA,DVY,EEM,EFA,EWG,EWJ,EWQ,EWT,EWU,EWZ,FXI,HYG,IEF,IEFA,IEMG,IJR,INDA,ITOT,IVV,IWD,IWF,IWM,JNK,LQD,MCHI,MDY,MTUM,QQQ,QUAL,SCHD,SLV,SPY,TIP,TLT,USMV,USO,VEA,VIG,VLUE,VNQ,VOO,VTI,VTV,VUG,VWO,XLB,XLE,XLF,XLI,XLK,XLP,XLRE,XLU,XLV,XLY,AGG_semana_1,BND_semana_1,DBC_semana_1,DIA_semana_1,DVY_semana_1,EEM_semana_1,EFA_semana_1,EWG_semana_1,EWJ_semana_1,EWQ_semana_1,EWT_semana_1,EWU_semana_1,EWZ_semana_1,FXI_semana_1,HYG_semana_1,IEF_semana_1,IEFA_semana_1,IEMG_semana_1,IJR_semana_1,INDA_semana_1,ITOT_semana_1,IVV_semana_1,IWD_semana_1,IWF_semana_1,IWM_semana_1,JNK_semana_1,LQD_semana_1,MCHI_semana_1,MDY_semana_1,MTUM_semana_1,QQQ_semana_1,QUAL_semana_1,SCHD_semana_1,SLV_semana_1,SPY_semana_1,TIP_semana_1,TLT_semana_1,USMV_semana_1,USO_semana_1,VEA_semana_1,VIG_semana_1,VLUE_semana_1,VNQ_semana_1,VOO_semana_1,VTI_semana_1,VTV_semana_1,VUG_semana_1,VWO_semana_1,XLB_semana_1,XLE_semana_1,XLF_semana_1,XLI_semana_1,XLK_semana_1,XLP_semana_1,XLRE_semana_1,XLU_semana_1,XLV_semana_1,XLY_semana_1,AGG_semana_2,BND_semana_2,DBC_semana_2,DIA_semana_2,DVY_semana_2,EEM_semana_2,EFA_semana_2,EWG_semana_2,EWJ_semana_2,EWQ_semana_2,EWT_semana_2,EWU_semana_2,EWZ_semana_2,FXI_semana_2,HYG_semana_2,IEF_semana_2,IEFA_semana_2,IEMG_semana_2,IJR_semana_2,INDA_semana_2,ITOT_semana_2,IVV_semana_2,IWD_semana_2,IWF_semana_2,IWM_semana_2,JNK_semana_2,LQD_semana_2,MCHI_semana_2,MDY_semana_2,MTUM_semana_2,QQQ_semana_2,QUAL_semana_2,SCHD_semana_2,SLV_semana_2,SPY_semana_2,TIP_semana_2,TLT_semana_2,USMV_semana_2,USO_semana_2,VEA_semana_2,VIG_semana_2,VLUE_semana_2,VNQ_semana_2,VOO_semana_2,VTI_semana_2,VTV_semana_2,VUG_semana_2,VWO_semana_2,XLB_semana_2,XLE_semana_2,XLF_semana_2,XLI_semana_2,XLK_semana_2,XLP_semana_2,XLRE_semana_2,XLU_semana_2,XLV_semana_2,XLY_semana_2
week1,2021-01-04,2021-01-08,2021,101.30595550537109,75.2482894897461,13.06251106262207,281.0928100585937,81.71798706054688,47.34972457885742,63.89068450927734,28.78693389892578,60.201560974121094,29.145467376708986,37.4607437133789,25.14405517578125,24.89091682434082,42.23002243041992,66.6591064453125,104.62708282470703,60.18721008300781,55.27405624389648,88.23565979003907,38.093841552734375,80.88242797851562,350.2811645507812,125.59007415771484,232.59190368652344,190.0351348876953,80.71701507568359,113.42574920654297,74.51148376464843,405.6185729980469,154.11600036621093,303.3014770507813,108.66731109619141,18.116375732421876,25.026000213623046,349.87257080078126,105.01471252441407,131.72085266113282,62.3120979309082,34.077999877929685,41.179195404052734,128.68704681396486,77.59127197265624,68.47505798339844,320.6624450683594,182.2827606201172,106.63667907714844,245.20249633789064,43.705572509765624,33.92434997558594,16.670437622070313,27.635263442993164,81.97374725341797,61.91683502197266,58.519510650634764,29.89090576171875,26.534600067138673,106.40543518066406,78.42413024902343,,,,,,,,,,,,,,,,,,,,,,,,,,,,,,,,,,,,,,,,,,,,,,,,,,,,,,,,,,,,,,,,,,,,,,,,,,,,,,,,,,,,,,,,,,,,,,,,,,,,,,,,,,,,,,,,,,,,
week2,2021-01-11,2021-01-15,2021,100.96459350585937,74.94259643554688,13.35661792755127,283.6416931152344,84.15130920410157,48.5082893371582,64.16977767944336,28.585329437255858,61.23490219116211,29.0120059967041,38.84641799926758,25.268806838989256,25.22218589782715,43.14593276977539,66.60863037109375,103.83295288085938,60.34883270263672,56.51521530151367,91.95331420898438,38.66340942382813,82.00362396240234,353.5439086914063,128.23856506347656,233.20689392089844,198.09048156738282,80.65171813964844,112.97996368408204,76.2352081298828,418.0831237792969,157.20191650390626,304.8289428710938,109.08250579833984,18.527158737182617,23.405999755859376,353.1173095703125,104.58441925048828,129.58477783203125,62.27706680297852,35.70800018310547,41.39032211303711,129.2742492675781,80.77775421142579,69.0265396118164,323.64844970703126,184.82880249023438,108.92849273681641,245.49032287597657,44.679264831542966,34.62508850097656,17.88400650024414,28.631346893310546,83.10761108398438,62.00915374755859,57.89868392944336,30.06332664489746,26.720086288452148,108.04692993164062,80.19250030517578,101.30595550537109,75.2482894897461,13.06251106262207,281.0928100585937,81.71798706054688,47.34972457885742,63.89068450927734,28.78693389892578,60.201560974121094,29.145467376708986,37.4607437133789,25.14405517578125,24.89091682434082,42.23002243041992,66.6591064453125,104.62708282470703,60.18721008300781,55.27405624389648,88.23565979003907,38.093841552734375,80.88242797851562,350.2811645507812,125.59007415771484,232.59190368652344,190.0351348876953,80.71701507568359,113.42574920654297,74.51148376464843,405.6185729980469,154.11600036621093,303.3014770507813,108.66731109619141,18.116375732421876,25.026000213623046,349.87257080078126,105.01471252441407,131.72085266113282,62.3120979309082,34.077999877929685,41.179195404052734,128.68704681396486,77.59127197265624,68.47505798339844,320.6624450683594,182.2827606201172,106.63667907714844,245.20249633789064,43.705572509765624,33.92434997558594,16.670437622070313,27.635263442993164,81.97374725341797,61.91683502197266,58.519510650634764,29.89090576171875,26.534600067138673,106.40543518066406,78.42413024902343,,,,,,,,,,,,,,,,,,,,,,,,,,,,,,,,,,,,,,,,,,,,,,,,,,,,,,,,,,
week3,2021-01-19,2021-01-22,2021,101.14432334899902,75.06324005126953,13.302234411239624,284.4592056274414,83.99567222595215,49.746047019958496,64.43217468261719,28.71309900283814,61.378028869628906,28.800697326660156,39.496798515319824,25.26634645462036,24.29974889755249,46.12129592895508,66.84148597717285,104.11538505554199,60.630393981933594,57.905680656433105,92.94597816467285,38.68528079986572,82.91633796691895,357.38671875,128.0724639892578,238.32561874389648,201.09454345703125,80.9466781616211,113.15212440490723,81.22704124450684,422.2587432861328,160.1573486328125,313.4385757446289,109.80395126342773,18.48663902282715,23.799999713897705,356.97535705566406,105.27808570861816,129.9849395751953,62.585923194885254,35.63249969482422,41.549941062927246,128.93414306640625,81.98797607421875,70.94717025756836,327.1757125854492,186.93027877807617,108.73470306396484,250.80047988891602,46.0078821182251,34.01510524749756,17.77100944519043,28.16036319732666,82.50872802734375,63.339433670043945,57.240580558776855,30.954997062683105,26.99187421798706,108.91291046142578,81.33579444885254,100.96459350585937,74.94259643554688,13.35661792755127,283.6416931152344,84.15130920410157,48.5082893371582,64.16977767944336,28.585329437255858,61.23490219116211,29.0120059967041,38.84641799926758,25.268806838989256,25.22218589782715,43.14593276977539,66.60863037109375,103.83295288085938,60.34883270263672,56.51521530151367,91.95331420898438,38.66340942382813,82.00362396240234,353.5439086914063,128.23856506347656,233.20689392089844,198.09048156738282,80.65171813964844,112.97996368408204,76.2352081298828,418.0831237792969,157.20191650390626,304.8289428710938,109.08250579833984,18.527158737182617,23.405999755859376,353.1173095703125,104.58441925048828,129.58477783203125,62.27706680297852,35.70800018310547,41.39032211303711,129.2742492675781,80.77775421142579,69.0265396118164,323.64844970703126,184.82880249023438,108.92849273681641,245.49032287597657,44.679264831542966,34.62508850097656,17.88400650024414,28.631346893310546,83.10761108398438,62.00915374755859,57.89868392944336,30.06332664489746,26.720086288452148,108.04692993164062,80.19250030517578,101.30595550537109,75.2482894897461,13.06251106262207,281.0928100585937,81.71798706054688,47.34972457885742,63.89068450927734,28.78693389892578,60.201560974121094,29.145467376708986,37.4607437133789,25.14405517578125,24.89091682434082,42.23002243041992,66.6591064453125,104.62708282470703,60.18721008300781,55.27405624389648,88.23565979003907,38.093841552734375,80.88242797851562,350.2811645507812,125.59007415771484,232.59190368652344,190.0351348876953,80.71701507568359,113.42574920654297,74.51148376464843,405.6185729980469,154.11600036621093,303.3014770507813,108.66731109619141,18.116375732421876,25.026000213623046,349.87257080078126,105.01471252441407,131.72085266113282,62.3120979309082,34.077999877929685,41.179195404052734,128.68704681396486,77.59127197265624,68.47505798339844,320.6624450683594,182.2827606201172,106.63667907714844,245.20249633789064,43.705572509765624,33.92434997558594,16.670437622070313,27.635263442993164,81.97374725341797,61.91683502197266,58.519510650634764,29.89090576171875,26.534600067138673,106.40543518066406,78.42413024902343
week4,2021-01-25,2021-01-29,2021,101.25940399169922,75.16414337158203,13.248720359802245,279.7936767578125,82.5207504272461,48.826846313476565,63.34962844848633,28.233405685424806,60.699614715576175,28.117142486572266,38.72007675170899,24.656539535522462,23.483700561523438,45.62941970825195,66.62088317871094,104.4918197631836,59.60196075439453,56.88739166259766,92.39285125732422,37.35675964355469,81.85996704101562,353.3780883789062,125.02370910644531,237.62233276367186,197.81211547851564,80.67249755859375,113.10472869873047,80.84139251708984,411.4149597167969,157.7313659667969,312.86793823242186,108.25210418701172,18.14376220703125,24.065999603271486,352.908203125,105.50930328369141,130.9580810546875,61.96544723510742,35.39400024414063,40.811431121826175,127.14243927001954,79.92079467773438,71.40189666748047,323.4883544921875,184.43551025390624,106.39544525146485,249.67580871582032,45.15249481201172,32.63422393798828,16.769775009155275,27.055592727661132,79.99874572753906,63.5151969909668,57.30415725708008,31.38012580871582,26.959669494628905,107.40067291259766,80.16752471923829,101.14432334899902,75.06324005126953,13.302234411239624,284.4592056274414,83.99567222595215,49.746047019958496,64.43217468261719,28.71309900283814,61.378028869628906,28.800697326660156,39.496798515319824,25.26634645462036,24.29974889755249,46.12129592895508,66.84148597717285,104.11538505554199,60.630393981933594,57.905680656433105,92.94597816467285,38.68528079986572,82.91633796691895,357.38671875,128.0724639892578,238.32561874389648,201.09454345703125,80.9466781616211,113.15212440490723,81.22704124450684,422.2587432861328,160.1573486328125,313.4385757446289,109.80395126342773,18.48663902282715,23.799999713897705,356.97535705566406,105.27808570861816,129.9849395751953,62.585923194885254,35.63249969482422,41.549941062927246,128.93414306640625,81.98797607421875,70.94717025756836,327.1757125854492,186.93027877807617,108.73470306396484,250.80047988891602,46.0078821182251,34.01510524749756,17.77100944519043,28.16036319732666,82.50872802734375,63.339433670043945,57.240580558776855,30.954997062683105,26.99187421798706,108.91291046142578,81.33579444885254,100.96459350585937,74.94259643554688,13.35661792755127,283.6416931152344,84.15130920410157,48.5082893371582,64.16977767944336,28.585329437255858,61.23490219116211,29.0120059967041,38.84641799926758,25.268806838989256,25.22218589782715,43.14593276977539,66.60863037109375,103.83295288085938,60.34883270263672,56.51521530151367,91.95331420898438,38.66340942382813,82.00362396240234,353.5439086914063,128.23856506347656,233.20689392089844,198.09048156738282,80.65171813964844,112.97996368408204,76.2352081298828,418.0831237792969,157.20191650390626,304.8289428710938,109.08250579833984,18.527158737182617,23.405999755859376,353.1173095703125,104.58441925048828,129.58477783203125,62.27706680297852,35.70800018310547,41.39032211303711,129.2742492675781,80.77775421142579,69.0265396118164,323.64844970703126,184.82880249023438,108.92849273681641,245.49032287597657,44.679264831542966,34.62508850097656,17.88400650024414,28.631346893310546,83.10761108398438,62.00915374755859,57.89868392944336,30.06332664489746,26.720086288452148,108.04692993164062,80.19250030517578
week5,2021-02-01,2021-02-05,2021,100.98157958984375,74.93635559082031,13.652464866638184,281.6483459472656,83.24007415771484,49.46574935913086,63.41469497680664,28.569412994384766,60.70848770141602,28.428549575805665,39.12355117797851,24.382413482666017,24.015613555908203,45.827598571777344,66.95284729003906,103.93114776611328,59.81291961669922,57.69405899047852,92.9782943725586,38.871875,83.07630920410156,357.659521484375,126.74095001220704,241.01737060546876,202.88645629882814,81.10089874267578,112.61290435791015,81.99115447998047,417.615185546875,162.02743835449218,317.9278076171875,109.34366607666016,18.22368278503418,25.132000350952147,357.24700927734375,105.32794952392578,128.41659088134764,61.93963470458984,37.27599945068359,40.95785903930664,128.0378387451172,80.79873657226562,72.66099090576172,327.4684326171875,187.30584411621095,107.32316131591797,254.33780517578126,45.86403961181641,32.796285247802736,17.063647079467774,27.763673400878908,81.16966705322265,64.48652267456055,56.8779899597168,31.89568977355957,27.050693893432616,106.61039428710937,81.4162384033203,101.25940399169922,75.16414337158203,13.248720359802245,279.7936767578125,82.5207504272461,48.826846313476565,63.34962844848633,28.233405685424806,60.699614715576175,28.117142486572266,38.72007675170899,24.656539535522462,23.483700561523438,45.62941970825195,66.62088317871094,104.4918197631836,59.60196075439453,56.88739166259766,92.39285125732422,37.35675964355469,81.85996704101562,353.3780883789062,125.02370910644531,237.62233276367186,197.81211547851564,80.67249755859375,113.10472869873047,80.84139251708984,411.4149597167969,157.7313659667969,312.86793823242186,108.25210418701172,18.14376220703125,24.065999603271486,352.908203125,105.50930328369141,130.9580810546875,61.96544723510742,35.39400024414063,40.811431121826175,127.14243927001954,79.92079467773438,71.40189666748047,323.4883544921875,184.43551025390624,106.39544525146485,249.67580871582032,45.15249481201172,32.63422393798828,16.769775009155275,27.055592727661132,79.99874572753906,63.5151969909668,57.30415725708008,31.38012580871582,26.959669494628905,107.40067291259766,80.16752471923829,101.14432334899902,75.06324005126953,13.302234411239624,284.4592056274414,83.99567222595215,49.746047019958496,64.43217468261719,28.71309900283814,61.378028869628906,28.800697326660156,39.496798515319824,25.26634645462036,24.29974889755249,46.12129592895508,66.84148597717285,104.11538505554199,60.630393981933594,57.905680656433105,92.94597816467285,38.68528079986572,82.91633796691895,357.38671875,128.0724639892578,238.32561874389648,201.09454345703125,80.9466781616211,113.15212440490723,81.22704124450684,422.2587432861328,160.1573486328125,313.4385757446289,109.80395126342773,18.48663902282715,23.799999713897705,356.97535705566406,105.27808570861816,129.9849395751953,62.585923194885254,35.63249969482422,41.549941062927246,128.93414306640625,81.98797607421875,70.94717025756836,327.1757125854492,186.93027877807617,108.73470306396484,250.80047988891602,46.0078821182251,34.01510524749756,17.77100944519043,28.16036319732666,82.50872802734375,63.339433670043945,57.240580558776855,30.954997062683105,26.99187421798706,108.91291046142578,81.33579444885254
week6,2021-02-08,2021-02-12,2021,100.87279357910157,74.85378723144531,14.077092361450195,287.8221069335938,85.9020263671875,50.89303894042969,64.79814910888672,28.97439041137695,62.87974472045899,29.09584617614746,40.02695541381836,24.759951400756837,24.2351131439209,47.070238494873045,67.29514923095704,103.74479064941406,61.13653717041016,59.32989501953125,98.16786499023438,39.78764724731445,85.30377044677735,365.33026733398435,130.56212768554687,245.64042053222656,213.74039001464843,81.53736267089843,112.63123016357422,85.15341491699219,434.5911804199219,166.65630187988282,324.2918273925781,111.9269515991211,18.687558364868163,25.227999877929687,364.8380187988281,105.38729858398438,127.27113189697266,62.688255310058594,39.25999908447265,41.89428787231445,130.41946716308593,83.53924255371093,74.08952941894532,334.48674926757815,192.31214294433593,110.0052261352539,259.71746826171875,47.31606903076172,33.42187423706055,18.345097732543945,28.72856903076172,83.2836196899414,65.9896728515625,57.7197998046875,32.355474853515624,27.086759185791017,107.40251312255859,82.26248931884766,100.98157958984375,74.93635559082031,13.652464866638184,281.6483459472656,83.24007415771484,49.46574935913086,63.41469497680664,28.569412994384766,60.70848770141602,28.428549575805665,39.12355117797851,24.382413482666017,24.015613555908203,45.827598571777344,66.95284729003906,103.93114776611328,59.81291961669922,57.69405899047852,92.9782943725586,38.871875,83.07630920410156,357.659521484375,126.74095001220704,241.01737060546876,202.88645629882814,81.10089874267578,112.61290435791015,81.99115447998047,417.615185546875,162.02743835449218,317.9278076171875,109.34366607666016,18.22368278503418,25.132000350952147,357.24700927734375,105.32794952392578,128.41659088134764,61.93963470458984,37.27599945068359,40.95785903930664,128.0378387451172,80.79873657226562,72.66099090576172,327.4684326171875,187.30584411621095,107.32316131591797,254.33780517578126,45.86403961181641,32.796285247802736,17.063647079467774,27.763673400878908,81.16966705322265,64.48652267456055,56.8779899597168,31.89568977355957,27.050693893432616,106.61039428710937,81.4162384033203,101.25940399169922,75.16414337158203,13.248720359802245,279.7936767578125,82.5207504272461,48.826846313476565,63.34962844848633,28.233405685424806,60.699614715576175,28.117142486572266,38.72007675170899,24.656539535522462,23.483700561523438,45.62941970825195,66.62088317871094,104.4918197631836,59.60196075439453,56.88739166259766,92.39285125732422,37.35675964355469,81.85996704101562,353.3780883789062,125.02370910644531,237.62233276367186,197.81211547851564,80.67249755859375,113.10472869873047,80.84139251708984,411.4149597167969,157.7313659667969,312.86793823242186,108.25210418701172,18.14376220703125,24.065999603271486,352.908203125,105.50930328369141,130.9580810546875,61.96544723510742,35.39400024414063,40.811431121826175,127.14243927001954,79.92079467773438,71.40189666748047,323.4883544921875,184.43551025390624,106.39544525146485,249.67580871582032,45.15249481201172,32.63422393798828,16.769775009155275,27.055592727661132,79.99874572753906,63.5151969909668,57.30415725708008,31.38012580871582,26.959669494628905,107.40067291259766,80.16752471923829
week7,2021-02-16,2021-02-19,2021,100.2308177947998,74.36784172058105,14.396433591842651,289.11219787597656,87.27723693847656,51.2965726852417,65.3952865600586,28.90541982650757,63.33437919616699,29.401689052581787,40.64473533630371,25.535136222839355,24.171820640563965,47.98034477233887,67.1999740600586,102.74221420288086,61.687336921691895,59.84012317657471,97.5145492553711,39.95097637176514,85.33687782287598,365.83446502685547,131.42390823364258,244.58456420898438,210.56894302368164,81.4356918334961,111.54626083374023,86.16416549682617,434.04918670654297,166.18218994140625,323.3854675292969,112.14535522460938,18.852012157440186,25.244999885559086,365.3252716064453,104.35073280334473,123.94818496704102,62.27476406097412,40.322500228881836,42.19479751586914,129.94167709350586,84.47359466552734,73.71495819091797,334.9363250732422,192.27488708496094,110.66597938537598,259.0007781982422,47.8037691116333,33.6235408782959,19.025143146514893,29.51552391052246,83.5253963470459,65.80022239685059,57.45541572570801,32.119239807128906,26.581831455230713,106.83565902709961,81.69119644165039,100.87279357910157,74.85378723144531,14.077092361450195,287.8221069335938,85.9020263671875,50.89303894042969,64.79814910888672,28.97439041137695,62.87974472045899,29.09584617614746,40.02695541381836,24.759951400756837,24.2351131439209,47.070238494873045,67.29514923095704,103.74479064941406,61.13653717041016,59.32989501953125,98.16786499023438,39.78764724731445,85.30377044677735,365.33026733398435,130.56212768554687,245.64042053222656,213.74039001464843,81.53736267089843,112.63123016357422,85.15341491699219,434.5911804199219,166.65630187988282,324.2918273925781,111.9269515991211,18.687558364868163,25.227999877929687,364.8380187988281,105.38729858398438,127.27113189697266,62.688255310058594,39.25999908447265,41.89428787231445,130.41946716308593,83.53924255371093,74.08952941894532,334.48674926757815,192.31214294433593,110.0052261352539,259.71746826171875,47.31606903076172,33.42187423706055,18.345097732543945,28.72856903076172,83.2836196899414,65.9896728515625,57.7197998046875,32.355474853515624,27.086759185791017,107.40251312255859,82.26248931884766,100.98157958984375,74.93635559082031,13.652464866638184,281.6483459472656,83.24007415771484,49.46574935913086,63.41469497680664,28.569412994384766,60.70848770141602,28.428549575805665,39.12355117797851,24.382413482666017,24.015613555908203,45.827598571777344,66.95284729003906,103.93114776611328,59.81291961669922,57.69405899047852,92.9782943725586,38.871875,83.07630920410156,357.659521484375,126.74095001220704,241.01737060546876,202.88645629882814,81.10089874267578,112.61290435791015,81.99115447998047,417.615185546875,162.02743835449218,317.9278076171875,109.34366607666016,18.22368278503418,25.132000350952147,357.24700927734375,105.32794952392578,128.41659088134764,61.93963470458984,37.27599945068359,40.95785903930664,128.0378387451172,80.79873657226562,72.66099090576172,327.4684326171875,187.30584411621095,107.32316131591797,254.33780517578126,45.86403961181641,32.796285247802736,17.063647079467774,27.763673400878908,81.16966705322265,64.48652267456055,56.8779899597168,31.89568977355957,27.050693893432616,106.61039428710937,81.4162384033203
week8,2021-02-22,2021-02-26,2021,99.5051025390625,73.81479339599609,14.776681709289551,288.6520263671875,89.256591796875,49.092017364501956,64.65946578979492,28.647223663330077,62.04136581420899,29.39698371887207,40.42499923706055,25.50517883300781,22.5558780670166,45.193782043457034,66.82237854003907,101.89349365234375,61.01574935913086,57.436134338378906,98.30637817382812,39.11198501586914,83.95124816894531,360.5814514160156,132.2630401611328,235.34477844238282,208.6547821044922,81.05025634765624,110.03465118408204,80.5292984008789,434.3081787109375,156.5401184082031,309.570458984375,110.92557373046876,19.129641342163087,25.595999908447265,360.13328857421874,103.49634704589843,120.9582534790039,61.43256378173828,41.83399963378906,41.71210632324219,128.61773986816405,84.88414611816407,74.38853912353515,330.1119750976562,189.22188720703124,111.60877685546875,249.39769592285157,45.86233749389648,33.973235321044925,20.207670211791992,30.161234283447264,84.90475769042969,63.58155899047851,56.607914733886716,32.24053039550781,25.653550338745116,105.06860809326172,78.6978775024414,100.2308177947998,74.36784172058105,14.396433591842651,289.11219787597656,87.27723693847656,51.2965726852417,65.3952865600586,28.90541982650757,63.33437919616699,29.401689052581787,40.64473533630371,25.535136222839355,24.171820640563965,47.98034477233887,67.1999740600586,102.74221420288086,61.687336921691895,59.84012317657471,97.5145492553711,39.95097637176514,85.33687782287598,365.83446502685547,131.42390823364258,244.58456420898438,210.56894302368164,81.4356918334961,111.54626083374023,86.16416549682617,434.04918670654297,166.18218994140625,323.3854675292969,112.14535522460938,18.852012157440186,25.244999885559086,365.3252716064453,104.35073280334473,123.94818496704102,62.27476406097412,40.322500228881836,42.19479751586914,129.94167709350586,84.47359466552734,73.71495819091797,334.9363250732422,192.27488708496094,110.66597938537598,259.0007781982422,47.8037691116333,33.6235408782959,19.025143146514893,29.51552391052246,83.5253963470459,65.80022239685059,57.45541572570801,32.119239807128906,26.581831455230713,106.83565902709961,81.69119644165039,100.87279357910157,74.85378723144531,14.077092361450195,287.8221069335938,85.9020263671875,50.89303894042969,64.79814910888672,28.97439041137695,62.87974472045899,29.09584617614746,40.02695541381836,24.759951400756837,24.2351131439209,47.070238494873045,67.29514923095704,103.74479064941406,61.13653717041016,59.32989501953125,98.16786499023438,39.78764724731445,85.30377044677735,365.33026733398435,130.56212768554687,245.64042053222656,213.74039001464843,81.53736267089843,112.63123016357422,85.15341491699219,434.5911804199219,166.65630187988282,324.2918273925781,111.9269515991211,18.687558364868163,25.227999877929687,364.8380187988281,105.38729858398438,127.27113189697266,62.688255310058594,39.25999908447265,41.89428787231445,130.41946716308593,83.53924255371093,74.08952941894532,334.48674926757815,192.31214294433593,110.0052261352539,259.71746826171875,47.31606903076172,33.42187423706055,18.345097732543945,28.72856903076172,83.2836196899414,65.9896728515625,57.7197998046875,32.355474853515624,27.086759185791017,107.40251312255859,82.26248931884766
week9,2021-03-01,2021-03-05,2021,99.20572357177734,73.57259674072266,14.68792896270752,287.55678100585936,90.38146514892578,48.30006866455078,64.09787216186524,28.597708892822265,60.626948547363284,29.349076080322266,39.75933074951172,25.473992156982423,21.741174316406248,44.05470275878906,66.81409149169922,101.23740234375,60.5155647277832,56.60176773071289,98.46151123046874,39.50286331176758,83.2498046875,358.5012939453125,132.66240844726562,230.93319091796874,206.51070251464844,81.02069549560547,109.35206298828125,78.06476593017578,432.2967834472656,151.2947998046875,303.53630981445315,110.25673828125,19.30904426574707,24.120000076293945,358.05726318359376,103.4172134399414,119.86439208984375,61.08591918945312,41.86399917602539,41.39542770385742,127.74241485595704,85.47701416015624,72.31715240478516,328.23175048828125,187.65439147949218,112.16399688720703,244.72597045898436,45.20526351928711,33.97323303222656,20.89143943786621,30.592320251464844,85.7940673828125,62.76024627685547,55.99760208129883,31.184043884277344,25.443162155151366,104.13245697021485,76.82576751708984,99.5051025390625,73.81479339599609,14.776681709289551,288.6520263671875,89.256591796875,49.092017364501956,64.65946578979492,28.647223663330077,62.04136581420899,29.39698371887207,40.42499923706055,25.50517883300781,22.5558780670166,45.193782043457034,66.82237854003907,101.89349365234375,61.01574935913086,57.436134338378906,98.30637817382812,39.11198501586914,83.95124816894531,360.5814514160156,132.2630401611328,235.34477844238282,208.6547821044922,81.05025634765624,110.03465118408204,80.5292984008789,434.3081787109375,156.5401184082031,309.570458984375,110.92557373046876,19.129641342163087,25.595999908447265,360.13328857421874,103.49634704589843,120.9582534790039,61.43256378173828,41.83399963378906,41.71210632324219,128.61773986816405,84.88414611816407,74.38853912353515,330.1119750976562,189.22188720703124,111.60877685546875,249.39769592285157,45.86233749389648,33.973235321044925,20.207670211791992,30.161234283447264,84.90475769042969,63.58155899047851,56.607914733886716,32.24053039550781,25.653550338745116,105.06860809326172,78.6978775024414,100.2308177947998,74.36784172058105,14.396433591842651,289.11219787597656,87.27723693847656,51.2965726852417,65.3952865600586,28.90541982650757,63.33437919616699,29.401689052581787,40.64473533630371,25.535136222839355,24.171820640563965,47.98034477233887,67.1999740600586,102.74221420288086,61.687336921691895,59.84012317657471,97.5145492553711,39.95097637176514,85.33687782287598,365.83446502685547,131.42390823364258,244.58456420898438,210.56894302368164,81.4356918334961,111.54626083374023,86.16416549682617,434.04918670654297,166.18218994140625,323.3854675292969,112.14535522460938,18.852012157440186,25.244999885559086,365.3252716064453,104.35073280334473,123.94818496704102,62.27476406097412,40.322500228881836,42.19479751586914,129.94167709350586,84.47359466552734,73.71495819091797,334.9363250732422,192.27488708496094,110.66597938537598,259.0007781982422,47.8037691116333,33.6235408782959,19.025143146514893,29.51552391052246,83.5253963470459,65.80022239685059,57.45541572570801,32.119239807128906,26.581831455230713,106.83565902709961,81.69119644165039
week10,2021-03-08,2021-03-12,2021,98.7282958984375,73.15912628173828,15.03946533203125,296.03900756835935,94.46536254882812,47.72345809936523,64.68685684204101,29.128245544433593,60.4231201171875,29.941089248657228,39.30423355102539,25.894210052490234,21.760026931762695,42.96382293701173,66.4906021118164,100.59353332519531,61.06848831176758,55.93704452514648,103.54027557373047,40.06498489379883,84.45494232177734,363.76966552734376,136.34921264648438,230.52965698242187,213.4883605957031,80.60951232910156,108.06951293945312,75.42267303466797,444.8424560546875,149.0125305175781,302.0146850585937,112.31021575927734,20.01380310058594,23.993999862670897,363.32020263671876,103.34468078613281,118.73984375,62.26232147216797,43.85999984741211,41.773406219482425,130.4851104736328,88.3906753540039,74.18422088623046,333.0626220703125,190.36441040039062,115.5502700805664,244.51205139160157,44.6860710144043,35.158338928222655,21.989944076538087,31.493013381958008,88.21371765136719,62.44384841918945,57.423406982421874,32.061348342895506,26.411803436279296,105.01690063476562,78.45486297607422,99.20572357177734,73.57259674072266,14.68792896270752,287.55678100585936,90.38146514892578,48.30006866455078,64.09787216186524,28.597708892822265,60.626948547363284,29.349076080322266,39.75933074951172,25.473992156982423,21.741174316406248,44.05470275878906,66.81409149169922,101.23740234375,60.5155647277832,56.60176773071289,98.46151123046874,39.50286331176758,83.2498046875,358.5012939453125,132.66240844726562,230.93319091796874,206.51070251464844,81.02069549560547,109.35206298828125,78.06476593017578,432.2967834472656,151.2947998046875,303.53630981445315,110.25673828125,19.30904426574707,24.120000076293945,358.05726318359376,103.4172134399414,119.86439208984375,61.08591918945312,41.86399917602539,41.39542770385742,127.74241485595704,85.47701416015624,72.31715240478516,328.23175048828125,187.65439147949218,112.16399688720703,244.72597045898436,45.20526351928711,33.97323303222656,20.89143943786621,30.592320251464844,85.7940673828125,62.76024627685547,55.99760208129883,31.184043884277344,25.443162155151366,104.13245697021485,76.82576751708984,99.5051025390625,73.81479339599609,14.776681709289551,288.6520263671875,89.256591796875,49.092017364501956,64.65946578979492,28.647223663330077,62.04136581420899,29.39698371887207,40.42499923706055,25.50517883300781,22.5558780670166,45.193782043457034,66.82237854003907,101.89349365234375,61.01574935913086,57.436134338378906,98.30637817382812,39.11198501586914,83.95124816894531,360.5814514160156,132.2630401611328,235.34477844238282,208.6547821044922,81.05025634765624,110.03465118408204,80.5292984008789,434.3081787109375,156.5401184082031,309.570458984375,110.92557373046876,19.129641342163087,25.595999908447265,360.13328857421874,103.49634704589843,120.9582534790039,61.43256378173828,41.83399963378906,41.71210632324219,128.61773986816405,84.88414611816407,74.38853912353515,330.1119750976562,189.22188720703124,111.60877685546875,249.39769592285157,45.86233749389648,33.973235321044925,20.207670211791992,30.161234283447264,84.90475769042969,63.58155899047851,56.607914733886716,32.24053039550781,25.653550338745116,105.06860809326172,78.6978775024414
week11,2021-03-15,2021-03-19,2021,98.3477569580078,72.87143249511719,14.834112739562988,301.89540405273436,95.61025390625,48.12031936645508,65.47104949951172,29.41827049255371,61.984648895263675,30.161808013916016,39.749821472167966,25.98120574951172,22.551837921142578,42.99774322509766,66.37969207763672,99.91448516845703,61.87490463256836,56.43731842041016,104.1441879272461,39.49355850219727,85.68434143066406,368.6097717285156,137.99569702148438,234.36895141601562,216.17786865234376,80.47046966552735,107.62527008056641,75.966162109375,455.0303588867188,151.8753234863281,307.91489868164064,113.7643829345703,20.18929557800293,24.252000045776366,368.1286376953125,103.23092193603516,116.07759704589844,62.96298675537109,42.83000030517578,42.37101745605469,132.11908264160155,90.6362533569336,76.49147033691406,337.48206787109376,193.08005065917968,116.58264617919922,248.79283752441407,44.96013641357422,35.50146331787109,21.134815979003907,31.562717056274415,89.81077423095704,63.4642219543457,58.20909576416015,33.15670547485352,26.87723159790039,106.23371276855468,80.47393493652343,98.7282958984375,73.15912628173828,15.03946533203125,296.03900756835935,94.46536254882812,47.72345809936523,64.68685684204101,29.128245544433593,60.4231201171875,29.941089248657228,39.30423355102539,25.894210052490234,21.760026931762695,42.96382293701173,66.4906021118164,100.59353332519531,61.06848831176758,55.93704452514648,103.54027557373047,40.06498489379883,84.45494232177734,363.76966552734376,136.34921264648438,230.52965698242187,213.4883605957031,80.60951232910156,108.06951293945312,75.42267303466797,444.8424560546875,149.0125305175781,302.0146850585937,112.31021575927734,20.01380310058594,23.993999862670897,363.32020263671876,103.34468078613281,118.73984375,62.26232147216797,43.85999984741211,41.773406219482425,130.4851104736328,88.3906753540039,74.18422088623046,333.0626220703125,190.36441040039062,115.5502700805664,244.51205139160157,44.6860710144043,35.158338928222655,21.989944076538087,31.493013381958008,88.21371765136719,62.44384841918945,57.423406982421874,32.061348342895506,26.411803436279296,105.01690063476562,78.45486297607422,99.20572357177734,73.57259674072266,14.68792896270752,287.55678100585936,90.38146514892578,48.30006866455078,64.09787216186524,28.597708892822265,60.626948547363284,29.349076080322266,39.75933074951172,25.473992156982423,21.741174316406248,44.05470275878906,66.81409149169922,101.23740234375,60.5155647277832,56.60176773071289,98.46151123046874,39.50286331176758,83.2498046875,358.5012939453125,132.66240844726562,230.93319091796874,206.51070251464844,81.02069549560547,109.35206298828125,78.06476593017578,432.2967834472656,151.2947998046875,303.53630981445315,110.25673828125,19.30904426574707,24.120000076293945,358.05726318359376,103.4172134399414,119.86439208984375,61.08591918945312,41.86399917602539,41.39542770385742,127.74241485595704,85.47701416015624,72.31715240478516,328.23175048828125,187.65439147949218,112.16399688720703,244.72597045898436,45.20526351928711,33.97323303222656,20.89143943786621,30.592320251464844,85.7940673828125,62.76024627685547,55.99760208129883,31.184043884277344,25.443162155151366,104.13245697021485,76.82576751708984
week12,2021-03-22,2021-03-26,2021,98.58127136230469,73.08504486083984,14.451251411437989,300.01640625,94.68037567138671,46.92616500854492,64.92998962402343,29.248498153686523,61.522038269042966,29.604016876220705,39.62891387939453,25.55606460571289,22.072441864013673,41.39981384277344,66.6877655029297,100.09921417236328,61.321983337402344,55.08883209228516,99.07891998291015,39.218081665039065,84.65106811523438,366.67640991210936,136.56586303710938,233.03600463867187,205.45977478027345,80.80240478515626,108.17471160888672,73.09984436035157,441.8925476074219,149.58456115722657,306.0767822265625,113.25638885498047,20.228256225585938,23.38400001525879,366.2389892578125,103.76012878417968,117.56042938232422,63.29786148071289,40.789999389648436,41.96146774291992,132.62220764160156,89.28124542236328,75.98054656982421,335.76445922851565,190.80336303710936,115.92460327148437,246.98556518554688,43.88975296020508,35.268619537353516,20.49987907409668,31.0061336517334,89.32708740234375,63.070071411132815,59.32083740234375,33.288029479980466,27.125504302978516,106.80067901611328,79.56369323730469,98.3477569580078,72.87143249511719,14.834112739562988,301.89540405273436,95.61025390625,48.12031936645508,65.47104949951172,29.41827049255371,61.984648895263675,30.161808013916016,39.749821472167966,25.98120574951172,22.551837921142578,42.99774322509766,66.37969207763672,99.91448516845703,61.87490463256836,56.43731842041016,104.1441879272461,39.49355850219727,85.68434143066406,368.6097717285156,137.99569702148438,234.36895141601562,216.17786865234376,80.47046966552735,107.62527008056641,75.966162109375,455.0303588867188,151.8753234863281,307.91489868164064,113.7643829345703,20.18929557800293,24.252000045776366,368.1286376953125,103.23092193603516,116.07759704589844,62.96298675537109,42.83000030517578,42.37101745605469,132.11908264160155,90.6362533569336,76.49147033691406,337.48206787109376,193.08005065917968,116.58264617919922,248.79283752441407,44.96013641357422,35.50146331787109,21.134815979003907,31.562717056274415,89.81077423095704,63.4642219543457,58.20909576416015,33.15670547485352,26.87723159790039,106.23371276855468,80.47393493652343,98.7282958984375,73.15912628173828,15.03946533203125,296.03900756835935,94.46536254882812,47.72345809936523,64.68685684204101,29.128245544433593,60.4231201171875,29.941089248657228,39.30423355102539,25.894210052490234,21.760026931762695,42.96382293701173,66.4906021118164,100.59353332519531,61.06848831176758,55.93704452514648,103.54027557373047,40.06498489379883,84.45494232177734,363.76966552734376,136.34921264648438,230.52965698242187,213.4883605957031,80.60951232910156,108.06951293945312,75.42267303466797,444.8424560546875,149.0125305175781,302.0146850585937,112.31021575927734,20.01380310058594,23.993999862670897,363.32020263671876,103.34468078613281,118.73984375,62.26232147216797,43.85999984741211,41.773406219482425,130.4851104736328,88.3906753540039,74.18422088623046,333.0626220703125,190.36441040039062,115.5502700805664,244.51205139160157,44.6860710144043,35.158338928222655,21.989944076538087,31.493013381958008,88.21371765136719,62.44384841918945,57.423406982421874,32.061348342895506,26.411803436279296,105.01690063476562,78.45486297607422
week13,2021-03-29,2021-04-01,2021,98.50269317626953,73.03307723999023,14.533479452133179,304.2363052368164,96.30334663391113,47.42135810852051,65.32679557800293,29.60837984085083,61.26725101470947,29.932106018066406,40.70756626129151,25.83265495300293,22.08961248397827,41.76492881774902,67.06105613708496,99.53457069396973,61.67883014678955,55.68128299713135,100.29392623901367,39.22273540496826,85.75520515441895,372.1759338378906,138.6170883178711,235.8079490661621,206.5886192321777,81.26606178283691,108.53701591491699,73.30119132995605,449.80384063720703,151.17028045654297,309.45470428466797,115.24000358581543,20.613054752349854,22.755000114440918,371.6751174926758,103.55753135681152,116.75348281860352,64.34726524353027,41.36499881744385,42.21206283569336,135.07963180541992,90.24647331237793,77.29750633239746,340.7341003417969,193.29663467407227,117.66057205200195,249.98045349121094,44.31586837768555,36.0145959854126,20.768425941467285,31.53032875061035,91.60644340515137,63.96826362609863,60.41096019744873,33.948737144470215,27.65626573562622,108.20931243896484,80.50292205810547,98.58127136230469,73.08504486083984,14.451251411437989,300.01640625,94.68037567138671,46.92616500854492,64.92998962402343,29.248498153686523,61.522038269042966,29.604016876220705,39.62891387939453,25.55606460571289,22.072441864013673,41.39981384277344,66.6877655029297,100.09921417236328,61.321983337402344,55.08883209228516,99.07891998291015,39.218081665039065,84.65106811523438,366.67640991210936,136.56586303710938,233.03600463867187,205.45977478027345,80.80240478515626,108.17471160888672,73.09984436035157,441.8925476074219,149.58456115722657,306.0767822265625,113.25638885498047,20.228256225585938,23.38400001525879,366.2389892578125,103.76012878417968,117.56042938232422,63.29786148071289,40.789999389648436,41.96146774291992,132.62220764160156,89.28124542236328,75.98054656982421,335.76445922851565,190.80336303710936,115.92460327148437,246.98556518554688,43.88975296020508,35.268619537353516,20.49987907409668,31.0061336517334,89.32708740234375,63.070071411132815,59.32083740234375,33.288029479980466,27.125504302978516,106.80067901611328,79.56369323730469,98.3477569580078,72.87143249511719,14.834112739562988,301.89540405273436,95.61025390625,48.12031936645508,65.47104949951172,29.41827049255371,61.984648895263675,30.161808013916016,39.749821472167966,25.98120574951172,22.551837921142578,42.99774322509766,66.37969207763672,99.91448516845703,61.87490463256836,56.43731842041016,104.1441879272461,39.49355850219727,85.68434143066406,368.6097717285156,137.99569702148438,234.36895141601562,216.17786865234376,80.47046966552735,107.62527008056641,75.966162109375,455.0303588867188,151.8753234863281,307.91489868164064,113.7643829345703,20.18929557800293,24.252000045776366,368.1286376953125,103.23092193603516,116.07759704589844,62.96298675537109,42.83000030517578,42.37101745605469,132.11908264160155,90.6362533569336,76.49147033691406,337.48206787109376,193.08005065917968,116.58264617919922,248.79283752441407,44.96013641357422,35.50146331787109,21.134815979003907,31.562717056274415,89.81077423095704,63.4642219543457,58.20909576416015,33.15670547485352,26.87723159790039,106.23371276855468,80.47393493652343
week14,2021-04-05,2021-04-09,2021,98.83786468505859,73.3011260986328,14.567850303649902,308.2419921875,97.29696350097656,47.974388122558594,66.46412200927735,30.512943267822266,61.4830436706543,30.724732971191408,41.23194961547851,26.312783813476564,22.778070831298827,41.99435043334961,67.39875030517578,99.92541046142578,62.82763748168945,56.36634902954101,101.60389862060546,38.964942932128906,88.12058715820312,382.41102294921876,140.61990051269532,245.92262268066406,210.12311096191405,81.6992904663086,109.30502471923828,74.00386352539063,458.415478515625,158.6928497314453,323.69285888671874,117.92513732910156,20.833411026000977,23.358000183105467,381.9334411621094,103.58404846191407,117.95639190673828,65.29237670898438,40.65999984741211,43.05621871948242,137.30004272460937,91.97980041503907,78.49588165283203,350.14459838867185,198.62490234375,118.74008483886719,261.34437866210936,44.73686828613281,36.34780731201172,20.40785331726074,32.106127166748045,92.7558807373047,67.13222198486328,60.817823028564455,34.4626220703125,28.0607177734375,108.40340118408203,83.80549011230468,98.50269317626953,73.03307723999023,14.533479452133179,304.2363052368164,96.30334663391113,47.42135810852051,65.32679557800293,29.60837984085083,61.26725101470947,29.932106018066406,40.70756626129151,25.83265495300293,22.08961248397827,41.76492881774902,67.06105613708496,99.53457069396973,61.67883014678955,55.68128299713135,100.29392623901367,39.22273540496826,85.75520515441895,372.1759338378906,138.6170883178711,235.8079490661621,206.5886192321777,81.26606178283691,108.53701591491699,73.30119132995605,449.80384063720703,151.17028045654297,309.45470428466797,115.24000358581543,20.613054752349854,22.755000114440918,371.6751174926758,103.55753135681152,116.75348281860352,64.34726524353027,41.36499881744385,42.21206283569336,135.07963180541992,90.24647331237793,77.29750633239746,340.7341003417969,193.29663467407227,117.66057205200195,249.98045349121094,44.31586837768555,36.0145959854126,20.768425941467285,31.53032875061035,91.60644340515137,63.96826362609863,60.41096019744873,33.948737144470215,27.65626573562622,108.20931243896484,80.50292205810547,98.58127136230469,73.08504486083984,14.451251411437989,300.01640625,94.68037567138671,46.92616500854492,64.92998962402343,29.248498153686523,61.522038269042966,29.604016876220705,39.62891387939453,25.55606460571289,22.072441864013673,41.39981384277344,66.6877655029297,100.09921417236328,61.321983337402344,55.08883209228516,99.07891998291015,39.218081665039065,84.65106811523438,366.67640991210936,136.56586303710938,233.03600463867187,205.45977478027345,80.80240478515626,108.17471160888672,73.09984436035157,441.8925476074219,149.58456115722657,306.0767822265625,113.25638885498047,20.228256225585938,23.38400001525879,366.2389892578125,103.76012878417968,117.56042938232422,63.29786148071289,40.789999389648436,41.96146774291992,132.62220764160156,89.28124542236328,75.98054656982421,335.76445922851565,190.80336303710936,115.92460327148437,246.98556518554688,43.88975296020508,35.268619537353516,20.49987907409668,31.0061336517334,89.32708740234375,63.070071411132815,59.32083740234375,33.288029479980466,27.125504302978516,106.80067901611328,79.56369323730469
week15,2021-04-12,2021-04-16,2021,99.16009521484375,73.52906036376953,14.97159366607666,311.43162841796874,98.15043029785156,47.86582717895508,67.05825653076172,30.792363357543945,61.736507415771484,31.234617614746092,41.662593841552734,26.544230270385743,23.067595291137696,41.61049118041992,67.41884918212891,100.39011688232422,63.41458740234375,56.274600982666016,101.80386810302734,37.93376693725586,89.3783950805664,388.06341552734375,141.64247436523436,251.795947265625,210.12309875488282,81.72179870605468,109.81705322265626,73.3025390625,463.34722900390625,164.2401611328125,329.8569763183594,119.2726547241211,20.96568183898926,23.652000427246094,387.55262451171876,104.12111206054688,119.06016998291015,66.07733001708985,42.358000946044925,43.454776763916016,138.70739135742187,91.6582534790039,79.41983947753906,355.3306640625,201.41878356933594,119.62654266357421,267.26592407226565,44.53233795166015,36.86876754760742,20.249736404418947,32.428567504882814,93.63677062988282,68.52676696777344,61.05938568115234,34.949187469482425,28.57979965209961,110.66018676757812,85.78544006347656,98.83786468505859,73.3011260986328,14.567850303649902,308.2419921875,97.29696350097656,47.974388122558594,66.46412200927735,30.512943267822266,61.4830436706543,30.724732971191408,41.23194961547851,26.312783813476564,22.778070831298827,41.99435043334961,67.39875030517578,99.92541046142578,62.82763748168945,56.36634902954101,101.60389862060546,38.964942932128906,88.12058715820312,382.41102294921876,140.61990051269532,245.92262268066406,210.12311096191405,81.6992904663086,109.30502471923828,74.00386352539063,458.415478515625,158.6928497314453,323.69285888671874,117.92513732910156,20.833411026000977,23.358000183105467,381.9334411621094,103.58404846191407,117.95639190673828,65.29237670898438,40.65999984741211,43.05621871948242,137.30004272460937,91.97980041503907,78.49588165283203,350.14459838867185,198.62490234375,118.74008483886719,261.34437866210936,44.73686828613281,36.34780731201172,20.40785331726074,32.106127166748045,92.7558807373047,67.13222198486328,60.817823028564455,34.4626220703125,28.0607177734375,108.40340118408203,83.80549011230468,98.50269317626953,73.03307723999023,14.533479452133179,304.2363052368164,96.30334663391113,47.42135810852051,65.32679557800293,29.60837984085083,61.26725101470947,29.932106018066406,40.70756626129151,25.83265495300293,22.08961248397827,41.76492881774902,67.06105613708496,99.53457069396973,61.67883014678955,55.68128299713135,100.29392623901367,39.22273540496826,85.75520515441895,372.1759338378906,138.6170883178711,235.8079490661621,206.5886192321777,81.26606178283691,108.53701591491699,73.30119132995605,449.80384063720703,151.17028045654297,309.45470428466797,115.24000358581543,20.613054752349854,22.755000114440918,371.6751174926758,103.55753135681152,116.75348281860352,64.34726524353027,41.36499881744385,42.21206283569336,135.07963180541992,90.24647331237793,77.29750633239746,340.7341003417969,193.29663467407227,117.66057205200195,249.98045349121094,44.31586837768555,36.0145959854126,20.768425941467285,31.53032875061035,91.60644340515137,63.96826362609863,60.41096019744873,33.948737144470215,27.65626573562622,108.20931243896484,80.50292205810547
week16,2021-04-19,2021-04-23,2021,99.32293548583984,73.68963470458985,15.208271789550782,312.3500549316406,98.40628967285156,48.118544006347655,67.24659118652343,30.92499694824219,60.80242080688477,31.54773292541504,42.898834228515625,26.723152542114256,23.744944381713868,41.96757049560547,67.38639221191406,100.76154479980468,63.60343704223633,56.66927795410156,101.1039810180664,37.07011337280274,89.42518463134766,388.77532958984375,142.06903076171875,251.70076599121094,208.92469482421876,81.7037841796875,109.8287567138672,73.9141860961914,466.09189453125,162.89874877929688,328.2635437011719,119.77845153808593,21.036038208007813,24.197999572753908,388.1857055664062,104.49790649414062,119.9201873779297,66.8697021484375,42.476000213623045,43.48898849487305,139.62247314453126,91.25237274169922,81.22430114746093,355.9247192382812,201.5178955078125,120.2079849243164,266.67371826171876,44.915838623046874,37.38698959350586,19.889166259765624,32.275639343261716,93.53827209472657,68.28390808105469,61.54604568481445,35.842079162597656,28.981224060058594,113.66553039550782,85.16393737792968,99.16009521484375,73.52906036376953,14.97159366607666,311.43162841796874,98.15043029785156,47.86582717895508,67.05825653076172,30.792363357543945,61.736507415771484,31.234617614746092,41.662593841552734,26.544230270385743,23.067595291137696,41.61049118041992,67.41884918212891,100.39011688232422,63.41458740234375,56.274600982666016,101.80386810302734,37.93376693725586,89.3783950805664,388.06341552734375,141.64247436523436,251.795947265625,210.12309875488282,81.72179870605468,109.81705322265626,73.3025390625,463.34722900390625,164.2401611328125,329.8569763183594,119.2726547241211,20.96568183898926,23.652000427246094,387.55262451171876,104.12111206054688,119.06016998291015,66.07733001708985,42.358000946044925,43.454776763916016,138.70739135742187,91.6582534790039,79.41983947753906,355.3306640625,201.41878356933594,119.62654266357421,267.26592407226565,44.53233795166015,36.86876754760742,20.249736404418947,32.428567504882814,93.63677062988282,68.52676696777344,61.05938568115234,34.949187469482425,28.57979965209961,110.66018676757812,85.78544006347656,98.83786468505859,73.3011260986328,14.567850303649902,308.2419921875,97.29696350097656,47.974388122558594,66.46412200927735,30.512943267822266,61.4830436706543,30.724732971191408,41.23194961547851,26.312783813476564,22.778070831298827,41.99435043334961,67.39875030517578,99.92541046142578,62.82763748168945,56.36634902954101,101.60389862060546,38.964942932128906,88.12058715820312,382.41102294921876,140.61990051269532,245.92262268066406,210.12311096191405,81.6992904663086,109.30502471923828,74.00386352539063,458.415478515625,158.6928497314453,323.69285888671874,117.92513732910156,20.833411026000977,23.358000183105467,381.9334411621094,103.58404846191407,117.95639190673828,65.29237670898438,40.65999984741211,43.05621871948242,137.30004272460937,91.97980041503907,78.49588165283203,350.14459838867185,198.62490234375,118.74008483886719,261.34437866210936,44.73686828613281,36.34780731201172,20.40785331726074,32.106127166748045,92.7558807373047,67.13222198486328,60.817823028564455,34.4626220703125,28.0607177734375,108.40340118408203,83.80549011230468
week17,2021-04-26,2021-04-30,2021,99.14452056884765,73.58603973388672,15.58939208984375,312.14044189453125,99.24966735839844,48.65244064331055,67.50856323242188,31.00811347961426,60.31322402954102,31.932712936401366,44.1812629699707,26.831488800048827,24.235112762451173,41.908651733398436,67.51931457519531,100.38835906982422,63.85522994995117,57.35304183959961,103.30547332763672,38.34512100219727,90.42842407226563,391.99114990234375,143.61294250488282,253.6921875,214.487158203125,81.86734771728516,109.71665954589844,74.4612548828125,474.3580627441406,164.75289306640624,330.1660095214844,120.51449737548828,21.00958366394043,24.26999969482422,391.4504760742187,104.88130950927734,119.16488494873047,66.60681457519532,43.3,43.71820220947266,139.92994384765626,91.94992218017578,82.16163024902343,358.8484130859375,203.75634155273437,121.0926284790039,269.2624450683594,45.59080581665039,37.90885772705078,20.619511795043945,33.18400344848633,94.74068756103516,68.38605499267578,60.90598831176758,36.21084899902344,28.584991455078125,113.21157684326172,85.84798278808594,99.32293548583984,73.68963470458985,15.208271789550782,312.3500549316406,98.40628967285156,48.118544006347655,67.24659118652343,30.92499694824219,60.80242080688477,31.54773292541504,42.898834228515625,26.723152542114256,23.744944381713868,41.96757049560547,67.38639221191406,100.76154479980468,63.60343704223633,56.66927795410156,101.1039810180664,37.07011337280274,89.42518463134766,388.77532958984375,142.06903076171875,251.70076599121094,208.92469482421876,81.7037841796875,109.8287567138672,73.9141860961914,466.09189453125,162.89874877929688,328.2635437011719,119.77845153808593,21.036038208007813,24.197999572753908,388.1857055664062,104.49790649414062,119.9201873779297,66.8697021484375,42.476000213623045,43.48898849487305,139.62247314453126,91.25237274169922,81.22430114746093,355.9247192382812,201.5178955078125,120.2079849243164,266.67371826171876,44.915838623046874,37.38698959350586,19.889166259765624,32.275639343261716,93.53827209472657,68.28390808105469,61.54604568481445,35.842079162597656,28.981224060058594,113.66553039550782,85.16393737792968,99.16009521484375,73.52906036376953,14.97159366607666,311.43162841796874,98.15043029785156,47.86582717895508,67.05825653076172,30.792363357543945,61.736507415771484,31.234617614746092,41.662593841552734,26.544230270385743,23.067595291137696,41.61049118041992,67.41884918212891,100.39011688232422,63.41458740234375,56.274600982666016,101.80386810302734,37.93376693725586,89.3783950805664,388.06341552734375,141.64247436523436,251.795947265625,210.12309875488282,81.72179870605468,109.81705322265626,73.3025390625,463.34722900390625,164.2401611328125,329.8569763183594,119.2726547241211,20.96568183898926,23.652000427246094,387.55262451171876,104.12111206054688,119.06016998291015,66.07733001708985,42.358000946044925,43.454776763916016,138.70739135742187,91.6582534790039,79.41983947753906,355.3306640625,201.41878356933594,119.62654266357421,267.26592407226565,44.53233795166015,36.86876754760742,20.249736404418947,32.428567504882814,93.63677062988282,68.52676696777344,61.05938568115234,34.949187469482425,28.57979965209961,110.66018676757812,85.78544006347656
week18,2021-05-03,2021-05-07,2021,99.37782592773438,73.74423828125,16.052305030822755,315.94480590820314,101.79828491210938,48.01354141235352,67.72601776123047,30.764065551757813,60.53478240966797,32.15001258850098,42.82819366455078,27.27304344177246,24.531369400024413,40.95346298217773,67.64939575195312,100.70193176269531,64.0406707763672,56.65024108886719,103.51654815673828,38.922132873535155,89.9866958618164,392.1574462890625,145.6143768310547,248.56688232421874,210.97857666015625,81.98983001708984,110.21540985107421,72.63348999023438,472.297705078125,159.16584167480468,322.79701538085936,121.07878265380859,21.481255340576173,24.987999725341798,391.6134094238281,105.66180419921875,119.79176025390625,67.02706146240234,44.46999969482422,43.86872940063476,141.93026733398438,93.21676025390624,81.7623077392578,359.0669738769531,202.8643371582031,123.71270599365235,262.9571899414062,45.05049057006836,39.15260391235351,21.774008560180665,34.19002990722656,96.55264434814453,66.44797058105469,61.88282852172851,35.97353897094727,28.58325958251953,114.11761932373047,85.00905151367188,99.14452056884765,73.58603973388672,15.58939208984375,312.14044189453125,99.24966735839844,48.65244064331055,67.50856323242188,31.00811347961426,60.31322402954102,31.932712936401366,44.1812629699707,26.831488800048827,24.235112762451173,41.908651733398436,67.51931457519531,100.38835906982422,63.85522994995117,57.35304183959961,103.30547332763672,38.34512100219727,90.42842407226563,391.99114990234375,143.61294250488282,253.6921875,214.487158203125,81.86734771728516,109.71665954589844,74.4612548828125,474.3580627441406,164.75289306640624,330.1660095214844,120.51449737548828,21.00958366394043,24.26999969482422,391.4504760742187,104.88130950927734,119.16488494873047,66.60681457519532,43.3,43.71820220947266,139.92994384765626,91.94992218017578,82.16163024902343,358.8484130859375,203.75634155273437,121.0926284790039,269.2624450683594,45.59080581665039,37.90885772705078,20.619511795043945,33.18400344848633,94.74068756103516,68.38605499267578,60.90598831176758,36.21084899902344,28.584991455078125,113.21157684326172,85.84798278808594,99.32293548583984,73.68963470458985,15.208271789550782,312.3500549316406,98.40628967285156,48.118544006347655,67.24659118652343,30.92499694824219,60.80242080688477,31.54773292541504,42.898834228515625,26.723152542114256,23.744944381713868,41.96757049560547,67.38639221191406,100.76154479980468,63.60343704223633,56.66927795410156,101.1039810180664,37.07011337280274,89.42518463134766,388.77532958984375,142.06903076171875,251.70076599121094,208.92469482421876,81.7037841796875,109.8287567138672,73.9141860961914,466.09189453125,162.89874877929688,328.2635437011719,119.77845153808593,21.036038208007813,24.197999572753908,388.1857055664062,104.49790649414062,119.9201873779297,66.8697021484375,42.476000213623045,43.48898849487305,139.62247314453126,91.25237274169922,81.22430114746093,355.9247192382812,201.5178955078125,120.2079849243164,266.67371826171876,44.915838623046874,37.38698959350586,19.889166259765624,32.275639343261716,93.53827209472657,68.28390808105469,61.54604568481445,35.842079162597656,28.981224060058594,113.66553039550782,85.16393737792968
week19,2021-05-10,2021-05-14,2021,99.02041778564453,73.45542755126954,16.158461570739746,314.6742370605469,102.18377838134765,47.038291931152344,67.5273941040039,30.82949905395508,59.39154815673828,32.256093978881836,40.4073371887207,27.54881019592285,25.232958602905274,39.53050079345703,67.45089416503906,100.38311157226562,63.746342468261716,55.52678604125977,101.26321411132812,39.16224365234375,88.59226684570312,387.24871826171875,145.27168884277344,241.98633728027343,204.8696502685547,81.7775146484375,109.45093231201172,69.99498138427734,464.32823486328124,153.8133972167969,313.58961791992186,119.69918823242188,21.587068939208983,25.345999908447265,386.67978515625,105.80283813476562,117.47610168457031,66.86229858398437,44.61800003051758,43.73530654907226,141.26227111816405,92.60179138183594,80.75147094726563,354.56658325195315,199.66466064453124,123.98917236328126,255.61371459960938,44.084066009521486,39.60264663696289,22.070163345336915,34.400080871582034,96.4095474243164,64.66409225463867,62.219610595703124,35.71062393188477,28.415425491333007,113.97494812011719,81.98524627685546,99.37782592773438,73.74423828125,16.052305030822755,315.94480590820314,101.79828491210938,48.01354141235352,67.72601776123047,30.764065551757813,60.53478240966797,32.15001258850098,42.82819366455078,27.27304344177246,24.531369400024413,40.95346298217773,67.64939575195312,100.70193176269531,64.0406707763672,56.65024108886719,103.51654815673828,38.922132873535155,89.9866958618164,392.1574462890625,145.6143768310547,248.56688232421874,210.97857666015625,81.98983001708984,110.21540985107421,72.63348999023438,472.297705078125,159.16584167480468,322.79701538085936,121.07878265380859,21.481255340576173,24.987999725341798,391.6134094238281,105.66180419921875,119.79176025390625,67.02706146240234,44.46999969482422,43.86872940063476,141.93026733398438,93.21676025390624,81.7623077392578,359.0669738769531,202.8643371582031,123.71270599365235,262.9571899414062,45.05049057006836,39.15260391235351,21.774008560180665,34.19002990722656,96.55264434814453,66.44797058105469,61.88282852172851,35.97353897094727,28.58325958251953,114.11761932373047,85.00905151367188,99.14452056884765,73.58603973388672,15.58939208984375,312.14044189453125,99.24966735839844,48.65244064331055,67.50856323242188,31.00811347961426,60.31322402954102,31.932712936401366,44.1812629699707,26.831488800048827,24.235112762451173,41.908651733398436,67.51931457519531,100.38835906982422,63.85522994995117,57.35304183959961,103.30547332763672,38.34512100219727,90.42842407226563,391.99114990234375,143.61294250488282,253.6921875,214.487158203125,81.86734771728516,109.71665954589844,74.4612548828125,474.3580627441406,164.75289306640624,330.1660095214844,120.51449737548828,21.00958366394043,24.26999969482422,391.4504760742187,104.88130950927734,119.16488494873047,66.60681457519532,43.3,43.71820220947266,139.92994384765626,91.94992218017578,82.16163024902343,358.8484130859375,203.75634155273437,121.0926284790039,269.2624450683594,45.59080581665039,37.90885772705078,20.619511795043945,33.18400344848633,94.74068756103516,68.38605499267578,60.90598831176758,36.21084899902344,28.584991455078125,113.21157684326172,85.84798278808594
week20,2021-05-17,2021-05-21,2021,99.03082885742188,73.47100830078125,15.921784400939941,314.14202270507815,102.24606323242188,47.49210052490234,68.11468505859375,31.29283332824707,59.58651275634766,32.64620666503906,40.12612762451172,27.74578857421875,25.33126220703125,40.258941650390625,67.39815673828124,100.42892303466797,64.29926910400391,56.00801773071289,102.20194854736329,40.113380432128906,88.89923095703125,388.02789306640625,145.1878448486328,243.41433715820312,206.94993286132814,81.70826110839843,109.6386932373047,71.5500991821289,463.8311279296875,154.7272186279297,315.7991455078125,119.83696136474609,21.598328399658204,25.878000259399414,387.4514892578125,105.72319793701172,117.62911071777344,66.86228790283204,43.96800003051758,44.11504898071289,141.03716735839845,92.89696807861328,81.38970642089843,355.27459716796875,200.34347534179688,124.0426742553711,256.8369598388672,44.58006057739258,39.61719284057617,22.13039779663086,34.51984329223633,95.74423065185547,65.18547210693359,62.38182373046875,35.96500015258789,28.373034286499024,114.5493408203125,81.31083526611329,99.02041778564453,73.45542755126954,16.158461570739746,314.6742370605469,102.18377838134765,47.038291931152344,67.5273941040039,30.82949905395508,59.39154815673828,32.256093978881836,40.4073371887207,27.54881019592285,25.232958602905274,39.53050079345703,67.45089416503906,100.38311157226562,63.746342468261716,55.52678604125977,101.26321411132812,39.16224365234375,88.59226684570312,387.24871826171875,145.27168884277344,241.98633728027343,204.8696502685547,81.7775146484375,109.45093231201172,69.99498138427734,464.32823486328124,153.8133972167969,313.58961791992186,119.69918823242188,21.587068939208983,25.345999908447265,386.67978515625,105.80283813476562,117.47610168457031,66.86229858398437,44.61800003051758,43.73530654907226,141.26227111816405,92.60179138183594,80.75147094726563,354.56658325195315,199.66466064453124,123.98917236328126,255.61371459960938,44.084066009521486,39.60264663696289,22.070163345336915,34.400080871582034,96.4095474243164,64.66409225463867,62.219610595703124,35.71062393188477,28.415425491333007,113.97494812011719,81.98524627685546,99.37782592773438,73.74423828125,16.052305030822755,315.94480590820314,101.79828491210938,48.01354141235352,67.72601776123047,30.764065551757813,60.53478240966797,32.15001258850098,42.82819366455078,27.27304344177246,24.531369400024413,40.95346298217773,67.64939575195312,100.70193176269531,64.0406707763672,56.65024108886719,103.51654815673828,38.922132873535155,89.9866958618164,392.1574462890625,145.6143768310547,248.56688232421874,210.97857666015625,81.98983001708984,110.21540985107421,72.63348999023438,472.297705078125,159.16584167480468,322.79701538085936,121.07878265380859,21.481255340576173,24.987999725341798,391.6134094238281,105.66180419921875,119.79176025390625,67.02706146240234,44.46999969482422,43.86872940063476,141.93026733398438,93.21676025390624,81.7623077392578,359.0669738769531,202.8643371582031,123.71270599365235,262.9571899414062,45.05049057006836,39.15260391235351,21.774008560180665,34.19002990722656,96.55264434814453,66.44797058105469,61.88282852172851,35.97353897094727,28.58325958251953,114.11761932373047,85.00905151367188
week21,2021-05-24,2021-05-28,2021,99.40903778076172,73.76325073242188,16.07492847442627,317.03502197265624,101.66193237304688,48.33388137817383,69.00501861572266,31.648296737670897,60.50642395019531,33.16635665893555,41.738670349121094,27.742504501342772,25.539988708496093,41.11772155761719,67.62767639160157,100.83755645751953,65.13121490478515,57.08992385864258,103.47952880859376,40.90630187988281,90.16825561523437,393.1010375976563,146.2541748046875,248.46778869628906,210.13063354492186,82.00638580322266,110.47695465087891,72.95276641845703,467.1920593261719,160.12130126953124,323.8366455078125,121.44870452880859,21.601703643798828,25.83199996948242,392.55933837890626,105.99199981689453,119.3000732421875,67.08815155029296,45.22199935913086,44.6795295715332,142.14804077148438,93.84402618408203,83.0120620727539,359.91326904296875,203.2402099609375,124.46895141601563,263.20265502929686,45.44933395385742,39.573553466796874,21.80830955505371,34.739105224609375,96.8221206665039,66.71107025146485,62.603997802734376,36.700827026367186,28.24672164916992,114.63643035888671,82.67024078369141,99.03082885742188,73.47100830078125,15.921784400939941,314.14202270507815,102.24606323242188,47.49210052490234,68.11468505859375,31.29283332824707,59.58651275634766,32.64620666503906,40.12612762451172,27.74578857421875,25.33126220703125,40.258941650390625,67.39815673828124,100.42892303466797,64.29926910400391,56.00801773071289,102.20194854736329,40.113380432128906,88.89923095703125,388.02789306640625,145.1878448486328,243.41433715820312,206.94993286132814,81.70826110839843,109.6386932373047,71.5500991821289,463.8311279296875,154.7272186279297,315.7991455078125,119.83696136474609,21.598328399658204,25.878000259399414,387.4514892578125,105.72319793701172,117.62911071777344,66.86228790283204,43.96800003051758,44.11504898071289,141.03716735839845,92.89696807861328,81.38970642089843,355.27459716796875,200.34347534179688,124.0426742553711,256.8369598388672,44.58006057739258,39.61719284057617,22.13039779663086,34.51984329223633,95.74423065185547,65.18547210693359,62.38182373046875,35.96500015258789,28.373034286499024,114.5493408203125,81.31083526611329,99.02041778564453,73.45542755126954,16.158461570739746,314.6742370605469,102.18377838134765,47.038291931152344,67.5273941040039,30.82949905395508,59.39154815673828,32.256093978881836,40.4073371887207,27.54881019592285,25.232958602905274,39.53050079345703,67.45089416503906,100.38311157226562,63.746342468261716,55.52678604125977,101.26321411132812,39.16224365234375,88.59226684570312,387.24871826171875,145.27168884277344,241.98633728027343,204.8696502685547,81.7775146484375,109.45093231201172,69.99498138427734,464.32823486328124,153.8133972167969,313.58961791992186,119.69918823242188,21.587068939208983,25.345999908447265,386.67978515625,105.80283813476562,117.47610168457031,66.86229858398437,44.61800003051758,43.73530654907226,141.26227111816405,92.60179138183594,80.75147094726563,354.56658325195315,199.66466064453124,123.98917236328126,255.61371459960938,44.084066009521486,39.60264663696289,22.070163345336915,34.400080871582034,96.4095474243164,64.66409225463867,62.219610595703124,35.71062393188477,28.415425491333007,113.97494812011719,81.98524627685546
week22,2021-06-01,2021-06-04,2021,99.4073543548584,73.77934074401855,16.513044357299805,319.25296783447266,102.61387252807617,49.734920501708984,69.59659194946289,31.925057411193848,60.990302085876465,33.50812911987305,43.20551872253418,27.95835781097412,27.61748504638672,41.91891956329346,67.83549308776855,100.83145523071289,65.71306037902832,58.76038455963135,105.66342735290527,41.8937349319458,90.61466026306152,394.2646789550781,147.5533790588379,247.76641845703125,214.3896484375,82.26217842102051,110.53167915344238,74.5388412475586,470.4503936767578,161.88131713867188,323.5340118408203,121.95637512207031,21.740166664123535,25.807499885559082,393.66490173339844,106.16084289550781,119.36033248901367,67.06640243530273,46.86500072479248,45.15634727478027,142.1164779663086,94.9905014038086,85.54080963134766,360.9827880859375,204.1967430114746,125.39016914367676,262.7803955078125,46.8043737411499,39.98654365539551,23.066965579986572,35.31673812866211,97.8228816986084,66.7137336730957,62.63705539703369,37.9202299118042,28.196978092193604,112.72102928161621,82.36814498901367,99.40903778076172,73.76325073242188,16.07492847442627,317.03502197265624,101.66193237304688,48.33388137817383,69.00501861572266,31.648296737670897,60.50642395019531,33.16635665893555,41.738670349121094,27.742504501342772,25.539988708496093,41.11772155761719,67.62767639160157,100.83755645751953,65.13121490478515,57.08992385864258,103.47952880859376,40.90630187988281,90.16825561523437,393.1010375976563,146.2541748046875,248.46778869628906,210.13063354492186,82.00638580322266,110.47695465087891,72.95276641845703,467.1920593261719,160.12130126953124,323.8366455078125,121.44870452880859,21.601703643798828,25.83199996948242,392.55933837890626,105.99199981689453,119.3000732421875,67.08815155029296,45.22199935913086,44.6795295715332,142.14804077148438,93.84402618408203,83.0120620727539,359.91326904296875,203.2402099609375,124.46895141601563,263.20265502929686,45.44933395385742,39.573553466796874,21.80830955505371,34.739105224609375,96.8221206665039,66.71107025146485,62.603997802734376,36.700827026367186,28.24672164916992,114.63643035888671,82.67024078369141,99.03082885742188,73.47100830078125,15.921784400939941,314.14202270507815,102.24606323242188,47.49210052490234,68.11468505859375,31.29283332824707,59.58651275634766,32.64620666503906,40.12612762451172,27.74578857421875,25.33126220703125,40.258941650390625,67.39815673828124,100.42892303466797,64.29926910400391,56.00801773071289,102.20194854736329,40.113380432128906,88.89923095703125,388.02789306640625,145.1878448486328,243.41433715820312,206.94993286132814,81.70826110839843,109.6386932373047,71.5500991821289,463.8311279296875,154.7272186279297,315.7991455078125,119.83696136474609,21.598328399658204,25.878000259399414,387.4514892578125,105.72319793701172,117.62911071777344,66.86228790283204,43.96800003051758,44.11504898071289,141.03716735839845,92.89696807861328,81.38970642089843,355.27459716796875,200.34347534179688,124.0426742553711,256.8369598388672,44.58006057739258,39.61719284057617,22.13039779663086,34.51984329223633,95.74423065185547,65.18547210693359,62.38182373046875,35.96500015258789,28.373034286499024,114.5493408203125,81.31083526611329
week23,2021-06-07,2021-06-11,2021,99.89994354248047,74.15649871826172,16.727531814575194,318.35609741210936,102.50814056396484,49.41859359741211,70.12696990966796,32.04943504333496,61.49812698364258,33.73937911987305,42.920570373535156,28.01176300048828,27.91768798828125,41.24507369995117,68.04557800292969,101.60700073242188,66.20393829345703,58.45886154174806,106.4865478515625,42.152330017089845,91.29407653808593,396.5548828125,147.2204162597656,251.77674560546876,217.892578125,82.56781158447265,111.64874267578125,73.25337677001953,472.2390930175781,161.73750915527344,328.7668090820313,123.01913146972656,21.730036163330077,25.826000213623047,395.97393798828125,106.35311279296874,121.62381591796876,67.67119750976562,47.7260009765625,45.437303924560545,141.8533905029297,94.88394775390626,87.49816284179687,363.0836120605469,205.77788696289062,125.33398895263672,266.2549621582031,46.60495452880859,39.28352661132813,23.264817810058595,34.820177459716795,96.65857391357422,67.7692657470703,62.50701904296875,38.69319381713867,28.38168258666992,114.50672912597656,82.77511291503906,99.4073543548584,73.77934074401855,16.513044357299805,319.25296783447266,102.61387252807617,49.734920501708984,69.59659194946289,31.925057411193848,60.990302085876465,33.50812911987305,43.20551872253418,27.95835781097412,27.61748504638672,41.91891956329346,67.83549308776855,100.83145523071289,65.71306037902832,58.76038455963135,105.66342735290527,41.8937349319458,90.61466026306152,394.2646789550781,147.5533790588379,247.76641845703125,214.3896484375,82.26217842102051,110.53167915344238,74.5388412475586,470.4503936767578,161.88131713867188,323.5340118408203,121.95637512207031,21.740166664123535,25.807499885559082,393.66490173339844,106.16084289550781,119.36033248901367,67.06640243530273,46.86500072479248,45.15634727478027,142.1164779663086,94.9905014038086,85.54080963134766,360.9827880859375,204.1967430114746,125.39016914367676,262.7803955078125,46.8043737411499,39.98654365539551,23.066965579986572,35.31673812866211,97.8228816986084,66.7137336730957,62.63705539703369,37.9202299118042,28.196978092193604,112.72102928161621,82.36814498901367,99.40903778076172,73.76325073242188,16.07492847442627,317.03502197265624,101.66193237304688,48.33388137817383,69.00501861572266,31.648296737670897,60.50642395019531,33.16635665893555,41.738670349121094,27.742504501342772,25.539988708496093,41.11772155761719,67.62767639160157,100.83755645751953,65.13121490478515,57.08992385864258,103.47952880859376,40.90630187988281,90.16825561523437,393.1010375976563,146.2541748046875,248.46778869628906,210.13063354492186,82.00638580322266,110.47695465087891,72.95276641845703,467.1920593261719,160.12130126953124,323.8366455078125,121.44870452880859,21.601703643798828,25.83199996948242,392.55933837890626,105.99199981689453,119.3000732421875,67.08815155029296,45.22199935913086,44.6795295715332,142.14804077148438,93.84402618408203,83.0120620727539,359.91326904296875,203.2402099609375,124.46895141601563,263.20265502929686,45.44933395385742,39.573553466796874,21.80830955505371,34.739105224609375,96.8221206665039,66.71107025146485,62.603997802734376,36.700827026367186,28.24672164916992,114.63643035888671,82.67024078369141
week24,2021-06-14,2021-06-18,2021,99.87562713623048,74.15478515625,16.37773780822754,313.334375,100.35358428955078,48.91373977661133,69.7403579711914,31.680538940429688,61.27934112548828,33.603240966796875,42.97490921020508,27.863973999023436,27.720624923706055,40.7943359375,68.05801849365234,101.42720947265624,65.74691162109374,57.928524017333984,104.56967010498047,41.5554801940918,91.09310455322266,395.8781433105469,144.74514465332032,255.397705078125,215.26039123535156,82.619189453125,112.10061645507812,72.2651611328125,463.18088989257814,159.14357299804686,333.42299194335936,122.69088134765624,21.359115600585938,24.93599967956543,395.23546142578124,106.15792846679688,122.57241668701172,67.48335723876953,48.49000015258789,45.10032958984375,140.3234130859375,92.81764526367188,86.69284362792969,362.46705932617186,205.34029541015624,123.08489837646485,270.0825500488281,46.173729705810544,37.88431091308594,22.889188766479492,33.70728607177735,94.69607696533203,68.73300018310547,61.75940170288086,38.45076217651367,28.381681060791017,115.33865814208984,83.05121765136718,99.89994354248047,74.15649871826172,16.727531814575194,318.35609741210936,102.50814056396484,49.41859359741211,70.12696990966796,32.04943504333496,61.49812698364258,33.73937911987305,42.920570373535156,28.01176300048828,27.91768798828125,41.24507369995117,68.04557800292969,101.60700073242188,66.20393829345703,58.45886154174806,106.4865478515625,42.152330017089845,91.29407653808593,396.5548828125,147.2204162597656,251.77674560546876,217.892578125,82.56781158447265,111.64874267578125,73.25337677001953,472.2390930175781,161.73750915527344,328.7668090820313,123.01913146972656,21.730036163330077,25.826000213623047,395.97393798828125,106.35311279296874,121.62381591796876,67.67119750976562,47.7260009765625,45.437303924560545,141.8533905029297,94.88394775390626,87.49816284179687,363.0836120605469,205.77788696289062,125.33398895263672,266.2549621582031,46.60495452880859,39.28352661132813,23.264817810058595,34.820177459716795,96.65857391357422,67.7692657470703,62.50701904296875,38.69319381713867,28.38168258666992,114.50672912597656,82.77511291503906,99.4073543548584,73.77934074401855,16.513044357299805,319.25296783447266,102.61387252807617,49.734920501708984,69.59659194946289,31.925057411193848,60.990302085876465,33.50812911987305,43.20551872253418,27.95835781097412,27.61748504638672,41.91891956329346,67.83549308776855,100.83145523071289,65.71306037902832,58.76038455963135,105.66342735290527,41.8937349319458,90.61466026306152,394.2646789550781,147.5533790588379,247.76641845703125,214.3896484375,82.26217842102051,110.53167915344238,74.5388412475586,470.4503936767578,161.88131713867188,323.5340118408203,121.95637512207031,21.740166664123535,25.807499885559082,393.66490173339844,106.16084289550781,119.36033248901367,67.06640243530273,46.86500072479248,45.15634727478027,142.1164779663086,94.9905014038086,85.54080963134766,360.9827880859375,204.1967430114746,125.39016914367676,262.7803955078125,46.8043737411499,39.98654365539551,23.066965579986572,35.31673812866211,97.8228816986084,66.7137336730957,62.63705539703369,37.9202299118042,28.196978092193604,112.72102928161621,82.36814498901367
week25,2021-06-21,2021-06-25,2021,99.92427673339844,74.18768768310547,16.49607620239258,314.3216186523438,99.05521392822266,48.931610870361325,69.0686767578125,31.36580009460449,60.71690292358399,33.26933898925781,42.68418960571289,27.611909484863283,28.18140525817871,41.16692199707031,68.24785461425782,101.47833557128907,65.12745208740235,57.991278076171874,104.71626129150391,41.39339599609375,91.82672729492188,398.6029479980469,144.47622680664062,260.03888549804685,216.57197265625,82.81713104248047,112.24845733642579,72.86375885009765,463.01640625,161.1657257080078,338.3370788574219,123.71866912841797,21.243358612060547,24.01600036621094,398.0661682128906,106.31974029541016,123.21627807617188,67.76930236816406,49.71800003051758,44.772178649902344,140.54404296875,92.17163696289063,86.38035430908204,365.00217895507814,207.0648223876953,122.58726501464844,275.1922668457031,46.167483520507815,37.489035034179686,23.11212577819824,33.54483337402344,94.87994537353515,69.81774139404297,61.40807952880859,38.366217041015624,27.821802139282227,116.26865234375,84.69579772949218,99.87562713623048,74.15478515625,16.37773780822754,313.334375,100.35358428955078,48.91373977661133,69.7403579711914,31.680538940429688,61.27934112548828,33.603240966796875,42.97490921020508,27.863973999023436,27.720624923706055,40.7943359375,68.05801849365234,101.42720947265624,65.74691162109374,57.928524017333984,104.56967010498047,41.5554801940918,91.09310455322266,395.8781433105469,144.74514465332032,255.397705078125,215.26039123535156,82.619189453125,112.10061645507812,72.2651611328125,463.18088989257814,159.14357299804686,333.42299194335936,122.69088134765624,21.359115600585938,24.93599967956543,395.23546142578124,106.15792846679688,122.57241668701172,67.48335723876953,48.49000015258789,45.10032958984375,140.3234130859375,92.81764526367188,86.69284362792969,362.46705932617186,205.34029541015624,123.08489837646485,270.0825500488281,46.173729705810544,37.88431091308594,22.889188766479492,33.70728607177735,94.69607696533203,68.73300018310547,61.75940170288086,38.45076217651367,28.381681060791017,115.33865814208984,83.05121765136718,99.89994354248047,74.15649871826172,16.727531814575194,318.35609741210936,102.50814056396484,49.41859359741211,70.12696990966796,32.04943504333496,61.49812698364258,33.73937911987305,42.920570373535156,28.01176300048828,27.91768798828125,41.24507369995117,68.04557800292969,101.60700073242188,66.20393829345703,58.45886154174806,106.4865478515625,42.152330017089845,91.29407653808593,396.5548828125,147.2204162597656,251.77674560546876,217.892578125,82.56781158447265,111.64874267578125,73.25337677001953,472.2390930175781,161.73750915527344,328.7668090820313,123.01913146972656,21.730036163330077,25.826000213623047,395.97393798828125,106.35311279296874,121.62381591796876,67.67119750976562,47.7260009765625,45.437303924560545,141.8533905029297,94.88394775390626,87.49816284179687,363.0836120605469,205.77788696289062,125.33398895263672,266.2549621582031,46.60495452880859,39.28352661132813,23.264817810058595,34.820177459716795,96.65857391357422,67.7692657470703,62.50701904296875,38.69319381713867,28.38168258666992,114.50672912597656,82.77511291503906
week26,2021-06-28,2021-07-02,2021,100.17658386230468,74.3789291381836,16.727531814575194,318.28331298828124,99.18758697509766,49.303401947021484,68.77361907958985,31.284866714477538,60.57762680053711,32.945814514160155,43.447671508789064,27.42661819458008,27.71105194091797,41.55741424560547,68.55215454101562,101.75404052734375,64.89795989990235,58.44801330566406,104.78306121826172,41.32446365356445,93.0069076538086,404.18181762695315,145.46045532226563,265.0476806640625,216.97012634277343,83.15623016357422,112.79712371826172,73.99084167480468,465.45298461914064,164.15351257324218,345.59791259765626,126.28908233642578,21.43946952819824,24.195999526977538,403.5346313476563,106.83539276123047,124.14715118408203,68.61783447265626,50.172000122070315,44.62733383178711,142.6214385986328,92.78940277099609,86.0696304321289,370.058056640625,209.66311340332032,123.53062896728515,280.5321472167969,46.54100570678711,37.636043548583984,22.823087310791017,33.99988861083985,95.49702758789063,71.44752502441406,61.90677490234375,38.3095085144043,27.804363250732422,117.78647308349609,86.29424896240235,99.92427673339844,74.18768768310547,16.49607620239258,314.3216186523438,99.05521392822266,48.931610870361325,69.0686767578125,31.36580009460449,60.71690292358399,33.26933898925781,42.68418960571289,27.611909484863283,28.18140525817871,41.16692199707031,68.24785461425782,101.47833557128907,65.12745208740235,57.991278076171874,104.71626129150391,41.39339599609375,91.82672729492188,398.6029479980469,144.47622680664062,260.03888549804685,216.57197265625,82.81713104248047,112.24845733642579,72.86375885009765,463.01640625,161.1657257080078,338.3370788574219,123.71866912841797,21.243358612060547,24.01600036621094,398.0661682128906,106.31974029541016,123.21627807617188,67.76930236816406,49.71800003051758,44.772178649902344,140.54404296875,92.17163696289063,86.38035430908204,365.00217895507814,207.0648223876953,122.58726501464844,275.1922668457031,46.167483520507815,37.489035034179686,23.11212577819824,33.54483337402344,94.87994537353515,69.81774139404297,61.40807952880859,38.366217041015624,27.821802139282227,116.26865234375,84.69579772949218,99.87562713623048,74.15478515625,16.37773780822754,313.334375,100.35358428955078,48.91373977661133,69.7403579711914,31.680538940429688,61.27934112548828,33.603240966796875,42.97490921020508,27.863973999023436,27.720624923706055,40.7943359375,68.05801849365234,101.42720947265624,65.74691162109374,57.928524017333984,104.56967010498047,41.5554801940918,91.09310455322266,395.8781433105469,144.74514465332032,255.397705078125,215.26039123535156,82.619189453125,112.10061645507812,72.2651611328125,463.18088989257814,159.14357299804686,333.42299194335936,122.69088134765624,21.359115600585938,24.93599967956543,395.23546142578124,106.15792846679688,122.57241668701172,67.48335723876953,48.49000015258789,45.10032958984375,140.3234130859375,92.81764526367188,86.69284362792969,362.46705932617186,205.34029541015624,123.08489837646485,270.0825500488281,46.173729705810544,37.88431091308594,22.889188766479492,33.70728607177735,94.69607696533203,68.73300018310547,61.75940170288086,38.45076217651367,28.381681060791017,115.33865814208984,83.05121765136718
week27,2021-07-06,2021-07-09,2021,100.78166961669922,74.86869812011719,16.473886489868164,319.64917755126953,98.43910789489746,47.76305961608887,68.52630233764648,31.105018615722656,60.35533332824707,32.512431144714355,43.63853931427002,27.453744888305664,26.289745807647705,39.31609344482422,68.67401313781738,102.84552955627441,64.71073913574219,56.80411911010742,102.37679100036621,41.09204578399658,93.48300743103027,407.8407745361328,145.11104583740234,269.54344177246094,211.76068115234375,83.35189056396484,113.68330955505371,69.61640167236328,461.3983917236328,162.2781105041504,350.4248352050781,127.54827690124512,21.387455463409424,24.167500019073486,407.275634765625,107.4816722869873,127.11813354492188,69.37956428527832,49.6225004196167,44.42902755737305,143.99103546142578,91.63769912719727,87.36529541015625,373.48008728027344,210.77357864379883,123.36429214477539,285.02747344970703,45.19941425323486,37.49610900878906,22.13852071762085,33.56518077850342,95.77620315551758,72.73888778686523,62.014594078063965,39.02475547790527,28.130436897277832,119.54102325439453,87.4246711730957,100.17658386230468,74.3789291381836,16.727531814575194,318.28331298828124,99.18758697509766,49.303401947021484,68.77361907958985,31.284866714477538,60.57762680053711,32.945814514160155,43.447671508789064,27.42661819458008,27.71105194091797,41.55741424560547,68.55215454101562,101.75404052734375,64.89795989990235,58.44801330566406,104.78306121826172,41.32446365356445,93.0069076538086,404.18181762695315,145.46045532226563,265.0476806640625,216.97012634277343,83.15623016357422,112.79712371826172,73.99084167480468,465.45298461914064,164.15351257324218,345.59791259765626,126.28908233642578,21.43946952819824,24.195999526977538,403.5346313476563,106.83539276123047,124.14715118408203,68.61783447265626,50.172000122070315,44.62733383178711,142.6214385986328,92.78940277099609,86.0696304321289,370.058056640625,209.66311340332032,123.53062896728515,280.5321472167969,46.54100570678711,37.636043548583984,22.823087310791017,33.99988861083985,95.49702758789063,71.44752502441406,61.90677490234375,38.3095085144043,27.804363250732422,117.78647308349609,86.29424896240235,99.92427673339844,74.18768768310547,16.49607620239258,314.3216186523438,99.05521392822266,48.931610870361325,69.0686767578125,31.36580009460449,60.71690292358399,33.26933898925781,42.68418960571289,27.611909484863283,28.18140525817871,41.16692199707031,68.24785461425782,101.47833557128907,65.12745208740235,57.991278076171874,104.71626129150391,41.39339599609375,91.82672729492188,398.6029479980469,144.47622680664062,260.03888549804685,216.57197265625,82.81713104248047,112.24845733642579,72.86375885009765,463.01640625,161.1657257080078,338.3370788574219,123.71866912841797,21.243358612060547,24.01600036621094,398.0661682128906,106.31974029541016,123.21627807617188,67.76930236816406,49.71800003051758,44.772178649902344,140.54404296875,92.17163696289063,86.38035430908204,365.00217895507814,207.0648223876953,122.58726501464844,275.1922668457031,46.167483520507815,37.489035034179686,23.11212577819824,33.54483337402344,94.87994537353515,69.81774139404297,61.40807952880859,38.366217041015624,27.821802139282227,116.26865234375,84.69579772949218
week28,2021-07-12,2021-07-16,2021,100.67205810546875,74.7633071899414,16.640517807006837,322.05030517578126,98.47136535644532,48.034305572509766,68.77535705566406,31.277672958374023,60.87224807739258,32.575574493408205,43.885111236572264,27.403247833251953,27.10123977661133,39.75719146728515,68.53585052490234,102.78952484130859,64.94282531738281,57.1440544128418,101.27594146728515,41.315145874023436,93.48160400390626,409.35963134765626,145.31228637695312,269.8289001464844,207.64578552246093,83.20667419433593,113.4329833984375,70.28420715332031,458.30962524414065,162.81487731933595,351.37424926757814,127.95473937988281,21.508063125610352,24.16800003051758,408.72499389648436,107.99168853759765,126.72466278076172,69.71145782470703,49.86800079345703,44.53076324462891,144.89917602539063,91.60504608154297,88.56672821044921,374.8311340332031,210.69666748046876,123.78169097900391,285.2639526367187,45.52324752807617,37.573046875,21.52832946777344,33.848202514648435,95.75244140625,73.22598419189453,62.588253784179685,39.613702392578126,28.412917709350587,119.68006439208985,87.17102966308593,100.78166961669922,74.86869812011719,16.473886489868164,319.64917755126953,98.43910789489746,47.76305961608887,68.52630233764648,31.105018615722656,60.35533332824707,32.512431144714355,43.63853931427002,27.453744888305664,26.289745807647705,39.31609344482422,68.67401313781738,102.84552955627441,64.71073913574219,56.80411911010742,102.37679100036621,41.09204578399658,93.48300743103027,407.8407745361328,145.11104583740234,269.54344177246094,211.76068115234375,83.35189056396484,113.68330955505371,69.61640167236328,461.3983917236328,162.2781105041504,350.4248352050781,127.54827690124512,21.387455463409424,24.167500019073486,407.275634765625,107.4816722869873,127.11813354492188,69.37956428527832,49.6225004196167,44.42902755737305,143.99103546142578,91.63769912719727,87.36529541015625,373.48008728027344,210.77357864379883,123.36429214477539,285.02747344970703,45.19941425323486,37.49610900878906,22.13852071762085,33.56518077850342,95.77620315551758,72.73888778686523,62.014594078063965,39.02475547790527,28.130436897277832,119.54102325439453,87.4246711730957,100.17658386230468,74.3789291381836,16.727531814575194,318.28331298828124,99.18758697509766,49.303401947021484,68.77361907958985,31.284866714477538,60.57762680053711,32.945814514160155,43.447671508789064,27.42661819458008,27.71105194091797,41.55741424560547,68.55215454101562,101.75404052734375,64.89795989990235,58.44801330566406,104.78306121826172,41.32446365356445,93.0069076538086,404.18181762695315,145.46045532226563,265.0476806640625,216.97012634277343,83.15623016357422,112.79712371826172,73.99084167480468,465.45298461914064,164.15351257324218,345.59791259765626,126.28908233642578,21.43946952819824,24.195999526977538,403.5346313476563,106.83539276123047,124.14715118408203,68.61783447265626,50.172000122070315,44.62733383178711,142.6214385986328,92.78940277099609,86.0696304321289,370.058056640625,209.66311340332032,123.53062896728515,280.5321472167969,46.54100570678711,37.636043548583984,22.823087310791017,33.99988861083985,95.49702758789063,71.44752502441406,61.90677490234375,38.3095085144043,27.804363250732422,117.78647308349609,86.29424896240235
week29,2021-07-19,2021-07-23,2021,101.16095733642578,75.13627777099609,16.33945026397705,319.740087890625,96.84202423095704,47.28893814086914,67.8433334350586,30.651796340942383,60.02947463989258,32.099805450439455,43.26291275024414,26.69045639038086,26.217963790893556,39.013817596435544,68.39065856933594,103.62733154296875,64.06281814575195,56.34564361572266,99.81000366210938,41.18286895751953,93.19264678955078,407.68616943359376,144.04265441894532,270.59332885742185,205.73033447265624,82.99741973876954,114.20042572021484,68.97735137939453,455.037548828125,162.7940673828125,351.5961120605469,127.82793579101562,21.331753158569335,23.352000045776368,407.0299377441406,108.38291015625,128.86739807128907,69.94726104736328,47.85199966430664,43.9358512878418,144.75945129394532,90.61837463378906,88.48765106201172,373.2471984863281,210.07766418457032,122.81869506835938,285.7632751464844,44.87386932373047,36.85533142089844,20.369635772705077,33.324703216552734,95.57906036376953,73.19123077392578,62.8775276184082,39.55012588500976,28.430357360839842,120.26970977783203,86.80972290039062,100.67205810546875,74.7633071899414,16.640517807006837,322.05030517578126,98.47136535644532,48.034305572509766,68.77535705566406,31.277672958374023,60.87224807739258,32.575574493408205,43.885111236572264,27.403247833251953,27.10123977661133,39.75719146728515,68.53585052490234,102.78952484130859,64.94282531738281,57.1440544128418,101.27594146728515,41.315145874023436,93.48160400390626,409.35963134765626,145.31228637695312,269.8289001464844,207.64578552246093,83.20667419433593,113.4329833984375,70.28420715332031,458.30962524414065,162.81487731933595,351.37424926757814,127.95473937988281,21.508063125610352,24.16800003051758,408.72499389648436,107.99168853759765,126.72466278076172,69.71145782470703,49.86800079345703,44.53076324462891,144.89917602539063,91.60504608154297,88.56672821044921,374.8311340332031,210.69666748046876,123.78169097900391,285.2639526367187,45.52324752807617,37.573046875,21.52832946777344,33.848202514648435,95.75244140625,73.22598419189453,62.588253784179685,39.613702392578126,28.412917709350587,119.68006439208985,87.17102966308593,100.78166961669922,74.86869812011719,16.473886489868164,319.64917755126953,98.43910789489746,47.76305961608887,68.52630233764648,31.105018615722656,60.35533332824707,32.512431144714355,43.63853931427002,27.453744888305664,26.289745807647705,39.31609344482422,68.67401313781738,102.84552955627441,64.71073913574219,56.80411911010742,102.37679100036621,41.09204578399658,93.48300743103027,407.8407745361328,145.11104583740234,269.54344177246094,211.76068115234375,83.35189056396484,113.68330955505371,69.61640167236328,461.3983917236328,162.2781105041504,350.4248352050781,127.54827690124512,21.387455463409424,24.167500019073486,407.275634765625,107.4816722869873,127.11813354492188,69.37956428527832,49.6225004196167,44.42902755737305,143.99103546142578,91.63769912719727,87.36529541015625,373.48008728027344,210.77357864379883,123.36429214477539,285.02747344970703,45.19941425323486,37.49610900878906,22.13852071762085,33.56518077850342,95.77620315551758,72.73888778686523,62.014594078063965,39.02475547790527,28.130436897277832,119.54102325439453,87.4246711730957
week30,2021-07-26,2021-07-30,2021,101.214892578125,75.17442932128907,16.854572296142578,323.41607666015625,98.37122650146485,46.0305679321289,68.91767883300781,31.10321922302246,60.25623321533203,33.00636444091797,42.968116760253906,27.34649085998535,26.55568733215332,36.300045013427734,68.55144958496093,103.6432113647461,65.14815368652344,55.01379241943359,101.65263519287109,41.51449203491211,94.54169616699218,413.6979248046875,146.15930786132813,274.4467041015625,208.0005615234375,83.2142578125,114.39565582275391,63.525247192382814,462.4247680664063,165.74586486816406,355.99891357421876,130.00274047851562,21.553987884521483,23.367999649047853,413.05087890625,109.46761322021484,128.54503631591797,70.71224517822266,50.03199996948242,44.63077850341797,146.4470947265625,91.84333038330078,89.34581756591797,378.7807312011719,213.161474609375,124.472119140625,290.36634521484376,43.63850860595703,37.93280792236328,20.982363891601562,33.79086532592773,96.23901824951172,74.06502075195313,63.37977066040039,39.849107360839845,28.89679946899414,122.3492935180664,88.08443450927734,101.16095733642578,75.13627777099609,16.33945026397705,319.740087890625,96.84202423095704,47.28893814086914,67.8433334350586,30.651796340942383,60.02947463989258,32.099805450439455,43.26291275024414,26.69045639038086,26.217963790893556,39.013817596435544,68.39065856933594,103.62733154296875,64.06281814575195,56.34564361572266,99.81000366210938,41.18286895751953,93.19264678955078,407.68616943359376,144.04265441894532,270.59332885742185,205.73033447265624,82.99741973876954,114.20042572021484,68.97735137939453,455.037548828125,162.7940673828125,351.5961120605469,127.82793579101562,21.331753158569335,23.352000045776368,407.0299377441406,108.38291015625,128.86739807128907,69.94726104736328,47.85199966430664,43.9358512878418,144.75945129394532,90.61837463378906,88.48765106201172,373.2471984863281,210.07766418457032,122.81869506835938,285.7632751464844,44.87386932373047,36.85533142089844,20.369635772705077,33.324703216552734,95.57906036376953,73.19123077392578,62.8775276184082,39.55012588500976,28.430357360839842,120.26970977783203,86.80972290039062,100.67205810546875,74.7633071899414,16.640517807006837,322.05030517578126,98.47136535644532,48.034305572509766,68.77535705566406,31.277672958374023,60.87224807739258,32.575574493408205,43.885111236572264,27.403247833251953,27.10123977661133,39.75719146728515,68.53585052490234,102.78952484130859,64.94282531738281,57.1440544128418,101.27594146728515,41.315145874023436,93.48160400390626,409.35963134765626,145.31228637695312,269.8289001464844,207.64578552246093,83.20667419433593,113.4329833984375,70.28420715332031,458.30962524414065,162.81487731933595,351.37424926757814,127.95473937988281,21.508063125610352,24.16800003051758,408.72499389648436,107.99168853759765,126.72466278076172,69.71145782470703,49.86800079345703,44.53076324462891,144.89917602539063,91.60504608154297,88.56672821044921,374.8311340332031,210.69666748046876,123.78169097900391,285.2639526367187,45.52324752807617,37.573046875,21.52832946777344,33.848202514648435,95.75244140625,73.22598419189453,62.588253784179685,39.613702392578126,28.412917709350587,119.68006439208985,87.17102966308593
week31,2021-08-02,2021-08-06,2021,101.36895141601562,75.30462646484375,16.630076599121093,323.1280883789062,98.68521728515626,46.64188003540039,69.6830810546875,31.24710006713867,60.5936996459961,33.66206436157226,43.897335052490234,27.703723907470703,25.79410171508789,36.65113296508789,68.43316497802735,103.99610290527343,65.81937408447266,55.66751327514648,102.12953033447266,42.46092529296875,94.75746612548828,414.43439331054685,146.61300964355468,274.70538330078125,208.40442504882813,83.02551727294922,114.51610412597657,64.39528427124023,465.25261840820315,167.9043212890625,357.2966003417969,130.78446044921876,21.63505401611328,23.31400032043457,413.7931823730469,109.41851501464843,129.54049835205078,70.91090545654296,48.17999954223633,45.094641876220706,147.07949523925782,92.3022476196289,89.53933868408203,379.50803833007814,213.6135467529297,124.99576873779297,290.2239685058594,44.17822799682617,38.07708206176758,20.78713722229004,34.23481903076172,96.16444854736328,74.40873870849609,63.04080657958984,40.03124465942383,29.210667037963866,123.89875183105468,87.3916732788086,101.214892578125,75.17442932128907,16.854572296142578,323.41607666015625,98.37122650146485,46.0305679321289,68.91767883300781,31.10321922302246,60.25623321533203,33.00636444091797,42.968116760253906,27.34649085998535,26.55568733215332,36.300045013427734,68.55144958496093,103.6432113647461,65.14815368652344,55.01379241943359,101.65263519287109,41.51449203491211,94.54169616699218,413.6979248046875,146.15930786132813,274.4467041015625,208.0005615234375,83.2142578125,114.39565582275391,63.525247192382814,462.4247680664063,165.74586486816406,355.99891357421876,130.00274047851562,21.553987884521483,23.367999649047853,413.05087890625,109.46761322021484,128.54503631591797,70.71224517822266,50.03199996948242,44.63077850341797,146.4470947265625,91.84333038330078,89.34581756591797,378.7807312011719,213.161474609375,124.472119140625,290.36634521484376,43.63850860595703,37.93280792236328,20.982363891601562,33.79086532592773,96.23901824951172,74.06502075195313,63.37977066040039,39.849107360839845,28.89679946899414,122.3492935180664,88.08443450927734,101.16095733642578,75.13627777099609,16.33945026397705,319.740087890625,96.84202423095704,47.28893814086914,67.8433334350586,30.651796340942383,60.02947463989258,32.099805450439455,43.26291275024414,26.69045639038086,26.217963790893556,39.013817596435544,68.39065856933594,103.62733154296875,64.06281814575195,56.34564361572266,99.81000366210938,41.18286895751953,93.19264678955078,407.68616943359376,144.04265441894532,270.59332885742185,205.73033447265624,82.99741973876954,114.20042572021484,68.97735137939453,455.037548828125,162.7940673828125,351.5961120605469,127.82793579101562,21.331753158569335,23.352000045776368,407.0299377441406,108.38291015625,128.86739807128907,69.94726104736328,47.85199966430664,43.9358512878418,144.75945129394532,90.61837463378906,88.48765106201172,373.2471984863281,210.07766418457032,122.81869506835938,285.7632751464844,44.87386932373047,36.85533142089844,20.369635772705077,33.324703216552734,95.57906036376953,73.19123077392578,62.8775276184082,39.55012588500976,28.430357360839842,120.26970977783203,86.80972290039062
week32,2021-08-09,2021-08-13,2021,100.72078399658203,74.78338470458985,16.588309860229494,326.6932861328125,100.77958679199219,46.50960845947266,70.13087158203125,31.416160583496094,60.945448303222655,33.91984329223633,43.24117660522461,27.96747169494629,25.485092163085938,37.15806121826172,68.29062347412109,103.0447769165039,66.21451721191406,55.43217239379883,103.43403778076171,42.61183319091797,95.40853424072266,417.71013793945315,148.62357482910156,274.89995727539065,209.98961486816407,82.8444580078125,113.14876556396484,64.72244644165039,470.0766662597656,171.90885009765626,357.6195495605469,131.56429748535157,21.927580261230467,21.736000061035156,417.1099365234375,108.94048156738282,126.87220611572266,71.2079864501953,47.62199935913086,45.301570129394534,148.25238647460938,93.27479095458985,89.27682952880859,382.4978942871094,215.20232849121095,126.91998596191407,290.55947265625,44.17137756347656,39.14360427856445,20.957009887695314,35.62219467163086,97.53470916748047,74.34598236083984,63.76132659912109,39.86113662719727,29.637876510620117,123.68855743408203,87.47357940673828,101.36895141601562,75.30462646484375,16.630076599121093,323.1280883789062,98.68521728515626,46.64188003540039,69.6830810546875,31.24710006713867,60.5936996459961,33.66206436157226,43.897335052490234,27.703723907470703,25.79410171508789,36.65113296508789,68.43316497802735,103.99610290527343,65.81937408447266,55.66751327514648,102.12953033447266,42.46092529296875,94.75746612548828,414.43439331054685,146.61300964355468,274.70538330078125,208.40442504882813,83.02551727294922,114.51610412597657,64.39528427124023,465.25261840820315,167.9043212890625,357.2966003417969,130.78446044921876,21.63505401611328,23.31400032043457,413.7931823730469,109.41851501464843,129.54049835205078,70.91090545654296,48.17999954223633,45.094641876220706,147.07949523925782,92.3022476196289,89.53933868408203,379.50803833007814,213.6135467529297,124.99576873779297,290.2239685058594,44.17822799682617,38.07708206176758,20.78713722229004,34.23481903076172,96.16444854736328,74.40873870849609,63.04080657958984,40.03124465942383,29.210667037963866,123.89875183105468,87.3916732788086,101.214892578125,75.17442932128907,16.854572296142578,323.41607666015625,98.37122650146485,46.0305679321289,68.91767883300781,31.10321922302246,60.25623321533203,33.00636444091797,42.968116760253906,27.34649085998535,26.55568733215332,36.300045013427734,68.55144958496093,103.6432113647461,65.14815368652344,55.01379241943359,101.65263519287109,41.51449203491211,94.54169616699218,413.6979248046875,146.15930786132813,274.4467041015625,208.0005615234375,83.2142578125,114.39565582275391,63.525247192382814,462.4247680664063,165.74586486816406,355.99891357421876,130.00274047851562,21.553987884521483,23.367999649047853,413.05087890625,109.46761322021484,128.54503631591797,70.71224517822266,50.03199996948242,44.63077850341797,146.4470947265625,91.84333038330078,89.34581756591797,378.7807312011719,213.161474609375,124.472119140625,290.36634521484376,43.63850860595703,37.93280792236328,20.982363891601562,33.79086532592773,96.23901824951172,74.06502075195313,63.37977066040039,39.849107360839845,28.89679946899414,122.3492935180664,88.08443450927734
week33,2021-08-16,2021-08-20,2021,101.0971450805664,75.08223724365234,16.12365589141846,325.2781494140625,100.15670928955078,44.86872100830078,69.38282318115235,31.29386215209961,60.04554061889648,33.2883659362793,41.49685821533203,27.541799545288086,24.123260498046875,35.418739318847656,68.32664947509765,103.68897857666016,65.51051330566406,53.52155990600586,100.75266723632812,43.01425323486328,94.81375885009766,416.62322387695315,147.72530517578124,273.8145263671875,203.32801513671873,82.88401794433594,113.8518081665039,60.87738265991211,462.03346557617186,167.25867614746093,355.7673645019531,131.55672912597657,21.862384033203124,21.724000167846683,415.94292602539065,109.03675842285156,129.11939392089843,71.73531188964844,45.444001007080075,44.66526489257812,148.6917510986328,91.90510406494141,89.409765625,381.4687927246094,213.69231872558595,126.40530853271484,289.5900939941406,42.81094131469727,38.548255920410156,19.87860679626465,35.06909713745117,96.50562286376953,74.52363433837891,64.48540802001953,40.18073959350586,30.16883659362793,126.15131225585938,85.53596496582031,100.72078399658203,74.78338470458985,16.588309860229494,326.6932861328125,100.77958679199219,46.50960845947266,70.13087158203125,31.416160583496094,60.945448303222655,33.91984329223633,43.24117660522461,27.96747169494629,25.485092163085938,37.15806121826172,68.29062347412109,103.0447769165039,66.21451721191406,55.43217239379883,103.43403778076171,42.61183319091797,95.40853424072266,417.71013793945315,148.62357482910156,274.89995727539065,209.98961486816407,82.8444580078125,113.14876556396484,64.72244644165039,470.0766662597656,171.90885009765626,357.6195495605469,131.56429748535157,21.927580261230467,21.736000061035156,417.1099365234375,108.94048156738282,126.87220611572266,71.2079864501953,47.62199935913086,45.301570129394534,148.25238647460938,93.27479095458985,89.27682952880859,382.4978942871094,215.20232849121095,126.91998596191407,290.55947265625,44.17137756347656,39.14360427856445,20.957009887695314,35.62219467163086,97.53470916748047,74.34598236083984,63.76132659912109,39.86113662719727,29.637876510620117,123.68855743408203,87.47357940673828,101.36895141601562,75.30462646484375,16.630076599121093,323.1280883789062,98.68521728515626,46.64188003540039,69.6830810546875,31.24710006713867,60.5936996459961,33.66206436157226,43.897335052490234,27.703723907470703,25.79410171508789,36.65113296508789,68.43316497802735,103.99610290527343,65.81937408447266,55.66751327514648,102.12953033447266,42.46092529296875,94.75746612548828,414.43439331054685,146.61300964355468,274.70538330078125,208.40442504882813,83.02551727294922,114.51610412597657,64.39528427124023,465.25261840820315,167.9043212890625,357.2966003417969,130.78446044921876,21.63505401611328,23.31400032043457,413.7931823730469,109.41851501464843,129.54049835205078,70.91090545654296,48.17999954223633,45.094641876220706,147.07949523925782,92.3022476196289,89.53933868408203,379.50803833007814,213.6135467529297,124.99576873779297,290.2239685058594,44.17822799682617,38.07708206176758,20.78713722229004,34.23481903076172,96.16444854736328,74.40873870849609,63.04080657958984,40.03124465942383,29.210667037963866,123.89875183105468,87.3916732788086
week34,2021-08-23,2021-08-27,2021,101.02222595214843,75.01794738769532,16.490855407714843,327.01763916015625,100.65059356689453,45.69452743530273,69.70390930175782,31.378389358520508,60.6151237487793,33.16380233764649,42.61762313842773,27.560160446166993,24.73307647705078,35.939996337890626,68.71038055419922,103.34129486083984,65.8935760498047,54.497789001464845,103.02022857666016,43.552677917480466,96.2416015625,421.74293823242186,148.85406494140625,279.29987182617185,209.5801025390625,83.34658813476562,113.80966033935547,62.191426849365236,470.6077880859375,171.48663330078125,363.98737182617185,132.99903869628906,21.94345588684082,22.045999908447264,421.06187744140624,109.13812561035157,128.6999938964844,71.91540985107422,47.331999969482425,44.98082962036133,148.9932434082031,92.62877197265625,89.35928344726562,386.11195068359376,216.88681335449218,126.99710083007812,295.29127197265626,43.645364379882814,38.87423934936523,20.46260185241699,35.5907485961914,97.17490234375,76.0134048461914,63.83231735229492,40.03468780517578,29.93779525756836,125.84626007080078,87.19801788330078,101.0971450805664,75.08223724365234,16.12365589141846,325.2781494140625,100.15670928955078,44.86872100830078,69.38282318115235,31.29386215209961,60.04554061889648,33.2883659362793,41.49685821533203,27.541799545288086,24.123260498046875,35.418739318847656,68.32664947509765,103.68897857666016,65.51051330566406,53.52155990600586,100.75266723632812,43.01425323486328,94.81375885009766,416.62322387695315,147.72530517578124,273.8145263671875,203.32801513671873,82.88401794433594,113.8518081665039,60.87738265991211,462.03346557617186,167.25867614746093,355.7673645019531,131.55672912597657,21.862384033203124,21.724000167846683,415.94292602539065,109.03675842285156,129.11939392089843,71.73531188964844,45.444001007080075,44.66526489257812,148.6917510986328,91.90510406494141,89.409765625,381.4687927246094,213.69231872558595,126.40530853271484,289.5900939941406,42.81094131469727,38.548255920410156,19.87860679626465,35.06909713745117,96.50562286376953,74.52363433837891,64.48540802001953,40.18073959350586,30.16883659362793,126.15131225585938,85.53596496582031,100.72078399658203,74.78338470458985,16.588309860229494,326.6932861328125,100.77958679199219,46.50960845947266,70.13087158203125,31.416160583496094,60.945448303222655,33.91984329223633,43.24117660522461,27.96747169494629,25.485092163085938,37.15806121826172,68.29062347412109,103.0447769165039,66.21451721191406,55.43217239379883,103.43403778076171,42.61183319091797,95.40853424072266,417.71013793945315,148.62357482910156,274.89995727539065,209.98961486816407,82.8444580078125,113.14876556396484,64.72244644165039,470.0766662597656,171.90885009765626,357.6195495605469,131.56429748535157,21.927580261230467,21.736000061035156,417.1099365234375,108.94048156738282,126.87220611572266,71.2079864501953,47.62199935913086,45.301570129394534,148.25238647460938,93.27479095458985,89.27682952880859,382.4978942871094,215.20232849121095,126.91998596191407,290.55947265625,44.17137756347656,39.14360427856445,20.957009887695314,35.62219467163086,97.53470916748047,74.34598236083984,63.76132659912109,39.86113662719727,29.637876510620117,123.68855743408203,87.47357940673828
week35,2021-08-30,2021-09-03,2021,101.16531066894531,75.14740295410157,16.737973785400392,327.4726196289063,101.06302337646484,47.03690719604492,70.54568939208984,31.54924774169922,62.06318969726563,33.75375747680664,44.17175140380859,27.76214485168457,24.82468452453613,36.87504348754883,69.05439910888671,103.46486358642578,66.79083251953125,56.09809951782226,104.6253448486328,45.52751541137695,97.28105316162109,425.8001281738281,149.44131164550782,283.7076049804688,214.3451416015625,83.78591766357422,114.19623565673828,64.13103637695312,476.1822082519531,172.87827758789064,370.193701171875,133.84889526367186,22.013185501098633,22.357999801635746,425.04767456054685,109.52807006835937,128.73067626953124,72.38887939453124,48.396000671386716,45.5998893737793,149.5502716064453,92.63054809570312,92.3443817138672,389.8234802246094,219.2840545654297,127.21232299804687,299.9938110351562,44.93041076660156,39.09703826904297,20.481196212768555,35.40761489868164,97.54776916503906,76.8109130859375,64.37714767456055,41.41791610717773,30.180171966552734,126.37452545166016,88.41588134765625,101.02222595214843,75.01794738769532,16.490855407714843,327.01763916015625,100.65059356689453,45.69452743530273,69.70390930175782,31.378389358520508,60.6151237487793,33.16380233764649,42.61762313842773,27.560160446166993,24.73307647705078,35.939996337890626,68.71038055419922,103.34129486083984,65.8935760498047,54.497789001464845,103.02022857666016,43.552677917480466,96.2416015625,421.74293823242186,148.85406494140625,279.29987182617185,209.5801025390625,83.34658813476562,113.80966033935547,62.191426849365236,470.6077880859375,171.48663330078125,363.98737182617185,132.99903869628906,21.94345588684082,22.045999908447264,421.06187744140624,109.13812561035157,128.6999938964844,71.91540985107422,47.331999969482425,44.98082962036133,148.9932434082031,92.62877197265625,89.35928344726562,386.11195068359376,216.88681335449218,126.99710083007812,295.29127197265626,43.645364379882814,38.87423934936523,20.46260185241699,35.5907485961914,97.17490234375,76.0134048461914,63.83231735229492,40.03468780517578,29.93779525756836,125.84626007080078,87.19801788330078,101.0971450805664,75.08223724365234,16.12365589141846,325.2781494140625,100.15670928955078,44.86872100830078,69.38282318115235,31.29386215209961,60.04554061889648,33.2883659362793,41.49685821533203,27.541799545288086,24.123260498046875,35.418739318847656,68.32664947509765,103.68897857666016,65.51051330566406,53.52155990600586,100.75266723632812,43.01425323486328,94.81375885009766,416.62322387695315,147.72530517578124,273.8145263671875,203.32801513671873,82.88401794433594,113.8518081665039,60.87738265991211,462.03346557617186,167.25867614746093,355.7673645019531,131.55672912597657,21.862384033203124,21.724000167846683,415.94292602539065,109.03675842285156,129.11939392089843,71.73531188964844,45.444001007080075,44.66526489257812,148.6917510986328,91.90510406494141,89.409765625,381.4687927246094,213.69231872558595,126.40530853271484,289.5900939941406,42.81094131469727,38.548255920410156,19.87860679626465,35.06909713745117,96.50562286376953,74.52363433837891,64.48540802001953,40.18073959350586,30.16883659362793,126.15131225585938,85.53596496582031
week36,2021-09-07,2021-09-10,2021,101.03692245483398,75.03389930725098,16.713175296783447,323.2491683959961,99.97722434997559,47.170963287353516,70.75004577636719,31.18595266342163,64.83924293518066,33.58940315246582,44.00533676147461,27.453743934631348,23.893554210662842,37.529306411743164,69.02335739135742,103.18982315063477,66.99056243896484,56.215768814086914,102.53683853149414,45.87777233123779,96.49207305908203,422.84674072265625,147.64480590820312,282.78514862060547,211.29834747314453,83.76339530944824,114.01444053649902,65.33812522888184,467.55831146240234,172.25628662109375,369.40137481689453,132.19034957885742,21.6829571723938,22.235000133514404,422.0649185180664,109.65813827514648,128.09371757507324,71.80029296875,48.295000076293945,45.644723892211914,147.96881484985352,91.30454444885254,91.34275817871094,387.0890350341797,217.59442901611328,125.39075088500977,299.65834045410156,45.1929931640625,38.44804000854492,20.24539852142334,34.92249774932861,95.56414031982422,76.3969554901123,64.03774070739746,41.017982482910156,30.105192184448242,125.47469139099121,88.55317878723145,101.16531066894531,75.14740295410157,16.737973785400392,327.4726196289063,101.06302337646484,47.03690719604492,70.54568939208984,31.54924774169922,62.06318969726563,33.75375747680664,44.17175140380859,27.76214485168457,24.82468452453613,36.87504348754883,69.05439910888671,103.46486358642578,66.79083251953125,56.09809951782226,104.6253448486328,45.52751541137695,97.28105316162109,425.8001281738281,149.44131164550782,283.7076049804688,214.3451416015625,83.78591766357422,114.19623565673828,64.13103637695312,476.1822082519531,172.87827758789064,370.193701171875,133.84889526367186,22.013185501098633,22.357999801635746,425.04767456054685,109.52807006835937,128.73067626953124,72.38887939453124,48.396000671386716,45.5998893737793,149.5502716064453,92.63054809570312,92.3443817138672,389.8234802246094,219.2840545654297,127.21232299804687,299.9938110351562,44.93041076660156,39.09703826904297,20.481196212768555,35.40761489868164,97.54776916503906,76.8109130859375,64.37714767456055,41.41791610717773,30.180171966552734,126.37452545166016,88.41588134765625,101.02222595214843,75.01794738769532,16.490855407714843,327.01763916015625,100.65059356689453,45.69452743530273,69.70390930175782,31.378389358520508,60.6151237487793,33.16380233764649,42.61762313842773,27.560160446166993,24.73307647705078,35.939996337890626,68.71038055419922,103.34129486083984,65.8935760498047,54.497789001464845,103.02022857666016,43.552677917480466,96.2416015625,421.74293823242186,148.85406494140625,279.29987182617185,209.5801025390625,83.34658813476562,113.80966033935547,62.191426849365236,470.6077880859375,171.48663330078125,363.98737182617185,132.99903869628906,21.94345588684082,22.045999908447264,421.06187744140624,109.13812561035157,128.6999938964844,71.91540985107422,47.331999969482425,44.98082962036133,148.9932434082031,92.62877197265625,89.35928344726562,386.11195068359376,216.88681335449218,126.99710083007812,295.29127197265626,43.645364379882814,38.87423934936523,20.46260185241699,35.5907485961914,97.17490234375,76.0134048461914,63.83231735229492,40.03468780517578,29.93779525756836,125.84626007080078,87.19801788330078
week37,2021-09-13,2021-09-17,2021,101.2567855834961,75.20487213134766,17.059925079345703,321.66173095703124,99.45406036376953,46.46670837402344,70.64461669921874,31.052863311767577,65.83422546386718,33.29528961181641,44.12827911376953,27.376539993286134,23.61325874328613,36.16032791137695,69.18008117675781,103.29886779785156,66.88402252197265,55.51759490966797,101.62108917236328,46.16654510498047,95.72938995361329,419.48475952148436,146.68252258300782,280.19073486328125,209.4008361816406,83.96759948730468,114.58951873779297,62.581505584716794,464.12009887695314,171.79336242675782,366.1119140625,130.90371704101562,21.565889358520508,21.629999923706055,418.8001281738281,109.77720794677734,129.61881408691406,70.93504943847657,50.1,45.56712875366211,146.6952697753906,91.24144439697265,90.03740844726562,384.0799865722656,215.87387390136718,124.53488616943359,296.9335571289063,44.58258895874023,37.929159545898436,20.864888763427736,34.9063102722168,94.53505249023438,75.73727264404297,63.69211196899414,40.45566940307617,29.49315071105957,123.47278900146485,88.53439636230469,101.03692245483398,75.03389930725098,16.713175296783447,323.2491683959961,99.97722434997559,47.170963287353516,70.75004577636719,31.18595266342163,64.83924293518066,33.58940315246582,44.00533676147461,27.453743934631348,23.893554210662842,37.529306411743164,69.02335739135742,103.18982315063477,66.99056243896484,56.215768814086914,102.53683853149414,45.87777233123779,96.49207305908203,422.84674072265625,147.64480590820312,282.78514862060547,211.29834747314453,83.76339530944824,114.01444053649902,65.33812522888184,467.55831146240234,172.25628662109375,369.40137481689453,132.19034957885742,21.6829571723938,22.235000133514404,422.0649185180664,109.65813827514648,128.09371757507324,71.80029296875,48.295000076293945,45.644723892211914,147.96881484985352,91.30454444885254,91.34275817871094,387.0890350341797,217.59442901611328,125.39075088500977,299.65834045410156,45.1929931640625,38.44804000854492,20.24539852142334,34.92249774932861,95.56414031982422,76.3969554901123,64.03774070739746,41.017982482910156,30.105192184448242,125.47469139099121,88.55317878723145,101.16531066894531,75.14740295410157,16.737973785400392,327.4726196289063,101.06302337646484,47.03690719604492,70.54568939208984,31.54924774169922,62.06318969726563,33.75375747680664,44.17175140380859,27.76214485168457,24.82468452453613,36.87504348754883,69.05439910888671,103.46486358642578,66.79083251953125,56.09809951782226,104.6253448486328,45.52751541137695,97.28105316162109,425.8001281738281,149.44131164550782,283.7076049804688,214.3451416015625,83.78591766357422,114.19623565673828,64.13103637695312,476.1822082519531,172.87827758789064,370.193701171875,133.84889526367186,22.013185501098633,22.357999801635746,425.04767456054685,109.52807006835937,128.73067626953124,72.38887939453124,48.396000671386716,45.5998893737793,149.5502716064453,92.63054809570312,92.3443817138672,389.8234802246094,219.2840545654297,127.21232299804687,299.9938110351562,44.93041076660156,39.09703826904297,20.481196212768555,35.40761489868164,97.54776916503906,76.8109130859375,64.37714767456055,41.41791610717773,30.180171966552734,126.37452545166016,88.41588134765625
week38,2021-09-20,2021-09-24,2021,101.10323028564453,75.10393524169922,17.03382110595703,318.13536376953124,97.94597473144532,45.31380004882813,69.4852279663086,30.36943244934082,64.89503479003906,32.954463958740234,42.98034515380859,27.020976638793947,22.70673828125,34.664616394042966,69.04967956542968,102.96329650878906,65.79004669189453,54.19968948364258,101.2685760498047,46.13673706054688,94.64434967041015,414.06077880859374,145.12458190917968,276.5705261230469,208.36776123046874,83.83477020263672,114.47974090576172,60.35788192749023,460.12896118164065,169.97846069335938,359.88585205078124,128.7398483276367,21.29000778198242,20.80799980163574,413.3561218261719,109.21759338378907,129.432177734375,70.14329528808594,50.572000122070314,44.79528274536133,144.73723449707032,89.89643859863281,89.26336975097657,379.14064331054686,213.44563903808594,122.979541015625,293.39295654296876,43.51425628662109,36.772498321533206,20.942167282104492,34.63012924194336,93.10658721923828,74.73209381103516,62.837267303466795,40.01360092163086,28.751042556762695,122.93160247802734,87.90838928222657,101.2567855834961,75.20487213134766,17.059925079345703,321.66173095703124,99.45406036376953,46.46670837402344,70.64461669921874,31.052863311767577,65.83422546386718,33.29528961181641,44.12827911376953,27.376539993286134,23.61325874328613,36.16032791137695,69.18008117675781,103.29886779785156,66.88402252197265,55.51759490966797,101.62108917236328,46.16654510498047,95.72938995361329,419.48475952148436,146.68252258300782,280.19073486328125,209.4008361816406,83.96759948730468,114.58951873779297,62.581505584716794,464.12009887695314,171.79336242675782,366.1119140625,130.90371704101562,21.565889358520508,21.629999923706055,418.8001281738281,109.77720794677734,129.61881408691406,70.93504943847657,50.1,45.56712875366211,146.6952697753906,91.24144439697265,90.03740844726562,384.0799865722656,215.87387390136718,124.53488616943359,296.9335571289063,44.58258895874023,37.929159545898436,20.864888763427736,34.9063102722168,94.53505249023438,75.73727264404297,63.69211196899414,40.45566940307617,29.49315071105957,123.47278900146485,88.53439636230469,101.03692245483398,75.03389930725098,16.713175296783447,323.2491683959961,99.97722434997559,47.170963287353516,70.75004577636719,31.18595266342163,64.83924293518066,33.58940315246582,44.00533676147461,27.453743934631348,23.893554210662842,37.529306411743164,69.02335739135742,103.18982315063477,66.99056243896484,56.215768814086914,102.53683853149414,45.87777233123779,96.49207305908203,422.84674072265625,147.64480590820312,282.78514862060547,211.29834747314453,83.76339530944824,114.01444053649902,65.33812522888184,467.55831146240234,172.25628662109375,369.40137481689453,132.19034957885742,21.6829571723938,22.235000133514404,422.0649185180664,109.65813827514648,128.09371757507324,71.80029296875,48.295000076293945,45.644723892211914,147.96881484985352,91.30454444885254,91.34275817871094,387.0890350341797,217.59442901611328,125.39075088500977,299.65834045410156,45.1929931640625,38.44804000854492,20.24539852142334,34.92249774932861,95.56414031982422,76.3969554901123,64.03774070739746,41.017982482910156,30.105192184448242,125.47469139099121,88.55317878723145
week39,2021-09-27,2021-10-01,2021,100.30940551757813,74.47059783935546,17.559384536743163,318.196533203125,99.46443176269531,45.08858032226563,68.25814514160156,29.916211318969726,63.35055236816406,32.61709899902344,42.47905578613281,26.995938110351563,22.288345718383788,34.70402526855469,68.82338104248046,101.79238891601562,64.5649398803711,53.927740478515624,103.3906005859375,45.779029846191406,93.8473114013672,410.61083984375,145.79107666015625,270.49168090820314,210.02762145996093,83.58725433349609,112.93216552734376,60.38664245605469,462.81084594726565,169.3458709716797,352.07744140625,126.62373046875,21.475503158569335,20.60400047302246,409.881689453125,108.70287628173828,125.2301528930664,69.02606353759765,52.69000015258789,44.057867431640624,143.64777221679688,90.73106384277344,87.1332275390625,375.9019409179688,211.7211486816406,123.66685180664062,286.8387390136719,43.31019592285156,36.888970947265626,22.61877021789551,35.41971435546875,93.07478942871094,73.22421264648438,62.09617385864258,38.80577926635742,28.11767692565918,119.74150695800782,87.90065002441406,101.10323028564453,75.10393524169922,17.03382110595703,318.13536376953124,97.94597473144532,45.31380004882813,69.4852279663086,30.36943244934082,64.89503479003906,32.954463958740234,42.98034515380859,27.020976638793947,22.70673828125,34.664616394042966,69.04967956542968,102.96329650878906,65.79004669189453,54.19968948364258,101.2685760498047,46.13673706054688,94.64434967041015,414.06077880859374,145.12458190917968,276.5705261230469,208.36776123046874,83.83477020263672,114.47974090576172,60.35788192749023,460.12896118164065,169.97846069335938,359.88585205078124,128.7398483276367,21.29000778198242,20.80799980163574,413.3561218261719,109.21759338378907,129.432177734375,70.14329528808594,50.572000122070314,44.79528274536133,144.73723449707032,89.89643859863281,89.26336975097657,379.14064331054686,213.44563903808594,122.979541015625,293.39295654296876,43.51425628662109,36.772498321533206,20.942167282104492,34.63012924194336,93.10658721923828,74.73209381103516,62.837267303466795,40.01360092163086,28.751042556762695,122.93160247802734,87.90838928222657,101.2567855834961,75.20487213134766,17.059925079345703,321.66173095703124,99.45406036376953,46.46670837402344,70.64461669921874,31.052863311767577,65.83422546386718,33.29528961181641,44.12827911376953,27.376539993286134,23.61325874328613,36.16032791137695,69.18008117675781,103.29886779785156,66.88402252197265,55.51759490966797,101.62108917236328,46.16654510498047,95.72938995361329,419.48475952148436,146.68252258300782,280.19073486328125,209.4008361816406,83.96759948730468,114.58951873779297,62.581505584716794,464.12009887695314,171.79336242675782,366.1119140625,130.90371704101562,21.565889358520508,21.629999923706055,418.8001281738281,109.77720794677734,129.61881408691406,70.93504943847657,50.1,45.56712875366211,146.6952697753906,91.24144439697265,90.03740844726562,384.0799865722656,215.87387390136718,124.53488616943359,296.9335571289063,44.58258895874023,37.929159545898436,20.864888763427736,34.9063102722168,94.53505249023438,75.73727264404297,63.69211196899414,40.45566940307617,29.49315071105957,123.47278900146485,88.53439636230469
week40,2021-10-04,2021-10-08,2021,100.09979553222657,74.3033935546875,18.18240280151367,319.24375,100.48842315673828,44.800801849365236,67.45455627441406,29.35867691040039,60.73832321166992,32.46139373779297,41.373234558105466,27.21127815246582,21.910969924926757,34.64133148193359,68.56442565917969,101.59441833496093,63.750501251220705,53.63661651611328,103.67952270507813,45.82560653686524,93.70608520507812,410.39072875976564,146.59278259277343,268.63303833007814,209.3481018066406,83.25374755859374,112.31365814208985,60.28597564697266,462.6535339355469,168.43726501464843,349.3817993164063,126.11112365722656,21.596076202392577,20.94199981689453,409.6875,109.07805938720703,124.18749389648437,69.0018325805664,55.02200088500977,43.57837753295898,144.01152648925782,90.86617279052734,87.34486541748046,375.71812744140624,211.41817932128907,124.40820770263672,285.0893249511719,43.265238189697264,37.06413879394531,23.581105041503907,35.82472457885742,93.60409088134766,72.91470336914062,62.13546371459961,38.77467727661133,28.548119735717773,117.96445922851562,87.4452117919922,100.30940551757813,74.47059783935546,17.559384536743163,318.196533203125,99.46443176269531,45.08858032226563,68.25814514160156,29.916211318969726,63.35055236816406,32.61709899902344,42.47905578613281,26.995938110351563,22.288345718383788,34.70402526855469,68.82338104248046,101.79238891601562,64.5649398803711,53.927740478515624,103.3906005859375,45.779029846191406,93.8473114013672,410.61083984375,145.79107666015625,270.49168090820314,210.02762145996093,83.58725433349609,112.93216552734376,60.38664245605469,462.81084594726565,169.3458709716797,352.07744140625,126.62373046875,21.475503158569335,20.60400047302246,409.881689453125,108.70287628173828,125.2301528930664,69.02606353759765,52.69000015258789,44.057867431640624,143.64777221679688,90.73106384277344,87.1332275390625,375.9019409179688,211.7211486816406,123.66685180664062,286.8387390136719,43.31019592285156,36.888970947265626,22.61877021789551,35.41971435546875,93.07478942871094,73.22421264648438,62.09617385864258,38.80577926635742,28.11767692565918,119.74150695800782,87.90065002441406,101.10323028564453,75.10393524169922,17.03382110595703,318.13536376953124,97.94597473144532,45.31380004882813,69.4852279663086,30.36943244934082,64.89503479003906,32.954463958740234,42.98034515380859,27.020976638793947,22.70673828125,34.664616394042966,69.04967956542968,102.96329650878906,65.79004669189453,54.19968948364258,101.2685760498047,46.13673706054688,94.64434967041015,414.06077880859374,145.12458190917968,276.5705261230469,208.36776123046874,83.83477020263672,114.47974090576172,60.35788192749023,460.12896118164065,169.97846069335938,359.88585205078124,128.7398483276367,21.29000778198242,20.80799980163574,413.3561218261719,109.21759338378907,129.432177734375,70.14329528808594,50.572000122070314,44.79528274536133,144.73723449707032,89.89643859863281,89.26336975097657,379.14064331054686,213.44563903808594,122.979541015625,293.39295654296876,43.51425628662109,36.772498321533206,20.942167282104492,34.63012924194336,93.10658721923828,74.73209381103516,62.837267303466795,40.01360092163086,28.751042556762695,122.93160247802734,87.90838928222657
week41,2021-10-11,2021-10-15,2021,100.0281494140625,74.24762573242188,18.58266754150391,321.5287719726563,100.7350067138672,45.68737640380859,68.26855773925782,29.66981620788574,60.87224197387695,32.859310150146484,41.36780014038086,27.727092361450197,22.21587715148926,36.0277702331543,68.51082153320313,101.35229187011718,64.50454406738281,54.66165466308594,103.90693664550781,46.451593017578126,94.6777359008789,413.9065307617187,147.44965515136718,272.5061828613281,211.13495788574218,83.18325958251953,112.35088806152343,62.547349548339845,468.316748046875,170.63572692871094,352.7513671875,127.83312225341797,21.722932434082033,21.30399971008301,413.2128601074219,109.4825454711914,124.87964477539063,69.6821044921875,56.482000732421874,44.13403396606445,145.48322143554688,91.1701889038086,88.9753402709961,378.9622802734375,213.58969116210938,125.20189514160157,288.9044982910156,44.162741088867186,37.826255798339844,24.25174789428711,36.017938232421876,94.40833282470703,73.8267822265625,62.87118911743164,39.37599411010742,28.534944915771483,117.99804992675782,89.22070617675782,100.09979553222657,74.3033935546875,18.18240280151367,319.24375,100.48842315673828,44.800801849365236,67.45455627441406,29.35867691040039,60.73832321166992,32.46139373779297,41.373234558105466,27.21127815246582,21.910969924926757,34.64133148193359,68.56442565917969,101.59441833496093,63.750501251220705,53.63661651611328,103.67952270507813,45.82560653686524,93.70608520507812,410.39072875976564,146.59278259277343,268.63303833007814,209.3481018066406,83.25374755859374,112.31365814208985,60.28597564697266,462.6535339355469,168.43726501464843,349.3817993164063,126.11112365722656,21.596076202392577,20.94199981689453,409.6875,109.07805938720703,124.18749389648437,69.0018325805664,55.02200088500977,43.57837753295898,144.01152648925782,90.86617279052734,87.34486541748046,375.71812744140624,211.41817932128907,124.40820770263672,285.0893249511719,43.265238189697264,37.06413879394531,23.581105041503907,35.82472457885742,93.60409088134766,72.91470336914062,62.13546371459961,38.77467727661133,28.548119735717773,117.96445922851562,87.4452117919922,100.30940551757813,74.47059783935546,17.559384536743163,318.196533203125,99.46443176269531,45.08858032226563,68.25814514160156,29.916211318969726,63.35055236816406,32.61709899902344,42.47905578613281,26.995938110351563,22.288345718383788,34.70402526855469,68.82338104248046,101.79238891601562,64.5649398803711,53.927740478515624,103.3906005859375,45.779029846191406,93.8473114013672,410.61083984375,145.79107666015625,270.49168090820314,210.02762145996093,83.58725433349609,112.93216552734376,60.38664245605469,462.81084594726565,169.3458709716797,352.07744140625,126.62373046875,21.475503158569335,20.60400047302246,409.881689453125,108.70287628173828,125.2301528930664,69.02606353759765,52.69000015258789,44.057867431640624,143.64777221679688,90.73106384277344,87.1332275390625,375.9019409179688,211.7211486816406,123.66685180664062,286.8387390136719,43.31019592285156,36.888970947265626,22.61877021789551,35.41971435546875,93.07478942871094,73.22421264648438,62.09617385864258,38.80577926635742,28.11767692565918,119.74150695800782,87.90065002441406
week42,2021-10-18,2021-10-22,2021,99.72407379150391,74.04022216796875,18.814123153686523,329.22743530273436,102.32408447265625,46.65081558227539,69.54250030517578,30.211164474487305,61.273982238769534,33.433694458007814,42.283433532714845,28.156103897094727,21.339440536499023,37.54318618774414,68.66373291015626,100.74962005615234,65.7279296875,55.74421615600586,105.23041076660157,46.62299346923828,97.43451232910157,426.27113647460936,150.94142456054686,282.3702697753906,214.57994689941407,83.3533447265625,111.95998840332031,64.86625366210937,479.7000427246094,176.730322265625,365.09404907226565,132.25680541992188,22.180075073242186,22.160000228881835,425.48374633789064,109.52520294189453,124.38131256103516,71.53654022216797,57.587998962402345,45.02377624511719,149.8059844970703,92.92312469482422,91.31016235351562,390.2650451660156,219.81627807617187,128.266552734375,299.209765625,44.97378234863281,38.85341949462891,24.7419002532959,37.21996002197265,97.25309753417969,76.5775161743164,63.15691452026367,40.60800399780273,29.163920593261718,121.19934692382813,92.53143615722657,100.0281494140625,74.24762573242188,18.58266754150391,321.5287719726563,100.7350067138672,45.68737640380859,68.26855773925782,29.66981620788574,60.87224197387695,32.859310150146484,41.36780014038086,27.727092361450197,22.21587715148926,36.0277702331543,68.51082153320313,101.35229187011718,64.50454406738281,54.66165466308594,103.90693664550781,46.451593017578126,94.6777359008789,413.9065307617187,147.44965515136718,272.5061828613281,211.13495788574218,83.18325958251953,112.35088806152343,62.547349548339845,468.316748046875,170.63572692871094,352.7513671875,127.83312225341797,21.722932434082033,21.30399971008301,413.2128601074219,109.4825454711914,124.87964477539063,69.6821044921875,56.482000732421874,44.13403396606445,145.48322143554688,91.1701889038086,88.9753402709961,378.9622802734375,213.58969116210938,125.20189514160157,288.9044982910156,44.162741088867186,37.826255798339844,24.25174789428711,36.017938232421876,94.40833282470703,73.8267822265625,62.87118911743164,39.37599411010742,28.534944915771483,117.99804992675782,89.22070617675782,100.09979553222657,74.3033935546875,18.18240280151367,319.24375,100.48842315673828,44.800801849365236,67.45455627441406,29.35867691040039,60.73832321166992,32.46139373779297,41.373234558105466,27.21127815246582,21.910969924926757,34.64133148193359,68.56442565917969,101.59441833496093,63.750501251220705,53.63661651611328,103.67952270507813,45.82560653686524,93.70608520507812,410.39072875976564,146.59278259277343,268.63303833007814,209.3481018066406,83.25374755859374,112.31365814208985,60.28597564697266,462.6535339355469,168.43726501464843,349.3817993164063,126.11112365722656,21.596076202392577,20.94199981689453,409.6875,109.07805938720703,124.18749389648437,69.0018325805664,55.02200088500977,43.57837753295898,144.01152648925782,90.86617279052734,87.34486541748046,375.71812744140624,211.41817932128907,124.40820770263672,285.0893249511719,43.265238189697264,37.06413879394531,23.581105041503907,35.82472457885742,93.60409088134766,72.91470336914062,62.13546371459961,38.77467727661133,28.548119735717773,117.96445922851562,87.4452117919922
week43,2021-10-25,2021-10-29,2021,100.07184143066407,74.30687255859375,18.7305908203125,331.05744018554685,101.81550445556641,46.21646575927734,69.8531723022461,30.482737731933593,61.02401123046875,33.73472595214844,42.86894760131836,28.239568328857423,20.73919563293457,36.94490203857422,68.57703857421875,101.17024078369141,65.99710388183594,55.17940216064453,105.32360229492187,45.99700698852539,98.34214630126954,431.1319519042969,151.41214294433593,287.0383056640625,215.25949401855468,83.25221710205078,112.71300659179687,63.604338836669925,481.4209838867188,179.78805847167968,371.50396728515625,133.5839050292969,22.178933715820314,22.352000427246093,430.3984802246094,110.31881866455078,126.60478820800782,72.10499877929688,57.54600143432617,45.18476028442383,151.4290771484375,91.93287658691406,92.64095611572266,394.7128173828125,221.87677917480468,128.8690383911133,303.5755310058594,44.42559280395508,39.15514984130859,24.86679039001465,37.487481689453126,97.54673309326172,77.36869354248047,63.639061737060544,41.435682678222655,29.46084060668945,123.58865356445312,95.99945220947265,99.72407379150391,74.04022216796875,18.814123153686523,329.22743530273436,102.32408447265625,46.65081558227539,69.54250030517578,30.211164474487305,61.273982238769534,33.433694458007814,42.283433532714845,28.156103897094727,21.339440536499023,37.54318618774414,68.66373291015626,100.74962005615234,65.7279296875,55.74421615600586,105.23041076660157,46.62299346923828,97.43451232910157,426.27113647460936,150.94142456054686,282.3702697753906,214.57994689941407,83.3533447265625,111.95998840332031,64.86625366210937,479.7000427246094,176.730322265625,365.09404907226565,132.25680541992188,22.180075073242186,22.160000228881835,425.48374633789064,109.52520294189453,124.38131256103516,71.53654022216797,57.587998962402345,45.02377624511719,149.8059844970703,92.92312469482422,91.31016235351562,390.2650451660156,219.81627807617187,128.266552734375,299.209765625,44.97378234863281,38.85341949462891,24.7419002532959,37.21996002197265,97.25309753417969,76.5775161743164,63.15691452026367,40.60800399780273,29.163920593261718,121.19934692382813,92.53143615722657,100.0281494140625,74.24762573242188,18.58266754150391,321.5287719726563,100.7350067138672,45.68737640380859,68.26855773925782,29.66981620788574,60.87224197387695,32.859310150146484,41.36780014038086,27.727092361450197,22.21587715148926,36.0277702331543,68.51082153320313,101.35229187011718,64.50454406738281,54.66165466308594,103.90693664550781,46.451593017578126,94.6777359008789,413.9065307617187,147.44965515136718,272.5061828613281,211.13495788574218,83.18325958251953,112.35088806152343,62.547349548339845,468.316748046875,170.63572692871094,352.7513671875,127.83312225341797,21.722932434082033,21.30399971008301,413.2128601074219,109.4825454711914,124.87964477539063,69.6821044921875,56.482000732421874,44.13403396606445,145.48322143554688,91.1701889038086,88.9753402709961,378.9622802734375,213.58969116210938,125.20189514160157,288.9044982910156,44.162741088867186,37.826255798339844,24.25174789428711,36.017938232421876,94.40833282470703,73.8267822265625,62.87118911743164,39.37599411010742,28.534944915771483,117.99804992675782,89.22070617675782
week44,2021-11-01,2021-11-05,2021,100.36399841308594,74.5580825805664,18.476509857177735,334.8305358886719,102.37716674804688,45.61230239868164,70.75569000244141,30.979122924804688,62.34709014892578,34.63955841064453,43.20993270874023,28.082651901245118,20.27704963684082,35.943580627441406,68.78202362060547,101.62735595703126,66.80809631347657,54.58146209716797,109.49531555175781,46.235478210449216,100.2044692993164,438.5755615234375,152.7397216796875,293.8903747558594,224.75973815917968,83.50221405029296,113.30939025878907,61.849883270263675,496.88116455078125,183.00703125,383.014990234375,136.0596496582031,22.392078399658203,22.0379997253418,437.7659118652344,109.98961486816407,127.42796325683594,72.56533355712891,56.3739990234375,45.643480682373045,153.03925170898438,93.71601867675781,93.04561767578124,401.5113586425781,226.03723754882813,130.03968811035156,310.3174743652344,44.010562133789065,39.78062286376953,24.770126342773438,37.381591796875,98.47628326416016,79.40369110107422,64.51766052246094,41.6948745727539,29.439756774902342,125.19023895263672,100.02519226074219,100.07184143066407,74.30687255859375,18.7305908203125,331.05744018554685,101.81550445556641,46.21646575927734,69.8531723022461,30.482737731933593,61.02401123046875,33.73472595214844,42.86894760131836,28.239568328857423,20.73919563293457,36.94490203857422,68.57703857421875,101.17024078369141,65.99710388183594,55.17940216064453,105.32360229492187,45.99700698852539,98.34214630126954,431.1319519042969,151.41214294433593,287.0383056640625,215.25949401855468,83.25221710205078,112.71300659179687,63.604338836669925,481.4209838867188,179.78805847167968,371.50396728515625,133.5839050292969,22.178933715820314,22.352000427246093,430.3984802246094,110.31881866455078,126.60478820800782,72.10499877929688,57.54600143432617,45.18476028442383,151.4290771484375,91.93287658691406,92.64095611572266,394.7128173828125,221.87677917480468,128.8690383911133,303.5755310058594,44.42559280395508,39.15514984130859,24.86679039001465,37.487481689453126,97.54673309326172,77.36869354248047,63.639061737060544,41.435682678222655,29.46084060668945,123.58865356445312,95.99945220947265,99.72407379150391,74.04022216796875,18.814123153686523,329.22743530273436,102.32408447265625,46.65081558227539,69.54250030517578,30.211164474487305,61.273982238769534,33.433694458007814,42.283433532714845,28.156103897094727,21.339440536499023,37.54318618774414,68.66373291015626,100.74962005615234,65.7279296875,55.74421615600586,105.23041076660157,46.62299346923828,97.43451232910157,426.27113647460936,150.94142456054686,282.3702697753906,214.57994689941407,83.3533447265625,111.95998840332031,64.86625366210937,479.7000427246094,176.730322265625,365.09404907226565,132.25680541992188,22.180075073242186,22.160000228881835,425.48374633789064,109.52520294189453,124.38131256103516,71.53654022216797,57.587998962402345,45.02377624511719,149.8059844970703,92.92312469482422,91.31016235351562,390.2650451660156,219.81627807617187,128.266552734375,299.209765625,44.97378234863281,38.85341949462891,24.7419002532959,37.21996002197265,97.25309753417969,76.5775161743164,63.15691452026367,40.60800399780273,29.163920593261718,121.19934692382813,92.53143615722657
week45,2021-11-08,2021-11-12,2021,100.39198608398438,74.57030792236328,18.567004013061524,335.4793701171875,103.08095092773438,46.012692260742185,70.5404769897461,30.766900253295898,62.10425872802735,34.71395034790039,44.08888549804688,27.97081069946289,20.930617141723634,36.16211471557617,68.86898803710938,101.64327850341797,66.60448455810547,55.1044418334961,111.56253509521484,46.9266716003418,100.63945770263672,440.28925170898435,153.35753784179687,294.60932006835935,227.10877685546876,83.6851821899414,113.42807312011719,62.16266860961914,500.33441772460935,180.33624877929688,383.34609375,137.28805541992188,22.53436622619629,22.96400032043457,439.43809814453124,111.42972106933594,128.81224060058594,72.5485595703125,56.716000366210935,45.515385437011716,154.22105712890624,95.12584075927734,92.94572143554687,403.0591796875,226.97620239257813,130.8351623535156,311.1023803710938,44.61581420898438,40.94901885986328,24.852248001098634,37.234822845458986,99.76119689941406,80.51113433837891,64.94088745117188,41.66204299926758,29.271969985961913,124.56304626464843,98.73795928955079,100.36399841308594,74.5580825805664,18.476509857177735,334.8305358886719,102.37716674804688,45.61230239868164,70.75569000244141,30.979122924804688,62.34709014892578,34.63955841064453,43.20993270874023,28.082651901245118,20.27704963684082,35.943580627441406,68.78202362060547,101.62735595703126,66.80809631347657,54.58146209716797,109.49531555175781,46.235478210449216,100.2044692993164,438.5755615234375,152.7397216796875,293.8903747558594,224.75973815917968,83.50221405029296,113.30939025878907,61.849883270263675,496.88116455078125,183.00703125,383.014990234375,136.0596496582031,22.392078399658203,22.0379997253418,437.7659118652344,109.98961486816407,127.42796325683594,72.56533355712891,56.3739990234375,45.643480682373045,153.03925170898438,93.71601867675781,93.04561767578124,401.5113586425781,226.03723754882813,130.03968811035156,310.3174743652344,44.010562133789065,39.78062286376953,24.770126342773438,37.381591796875,98.47628326416016,79.40369110107422,64.51766052246094,41.6948745727539,29.439756774902342,125.19023895263672,100.02519226074219,100.07184143066407,74.30687255859375,18.7305908203125,331.05744018554685,101.81550445556641,46.21646575927734,69.8531723022461,30.482737731933593,61.02401123046875,33.73472595214844,42.86894760131836,28.239568328857423,20.73919563293457,36.94490203857422,68.57703857421875,101.17024078369141,65.99710388183594,55.17940216064453,105.32360229492187,45.99700698852539,98.34214630126954,431.1319519042969,151.41214294433593,287.0383056640625,215.25949401855468,83.25221710205078,112.71300659179687,63.604338836669925,481.4209838867188,179.78805847167968,371.50396728515625,133.5839050292969,22.178933715820314,22.352000427246093,430.3984802246094,110.31881866455078,126.60478820800782,72.10499877929688,57.54600143432617,45.18476028442383,151.4290771484375,91.93287658691406,92.64095611572266,394.7128173828125,221.87677917480468,128.8690383911133,303.5755310058594,44.42559280395508,39.15514984130859,24.86679039001465,37.487481689453126,97.54673309326172,77.36869354248047,63.639061737060544,41.435682678222655,29.46084060668945,123.58865356445312,95.99945220947265
week46,2021-11-15,2021-11-19,2021,99.87038726806641,74.15661163330078,18.413860321044922,333.5447998046875,102.8788848876953,45.98767242431641,70.22285614013671,30.601439666748046,62.34530029296875,34.52882843017578,44.82926483154297,27.818902587890626,20.375493621826173,36.66367416381836,68.54322814941406,101.1887191772461,66.26973724365234,55.048658752441405,110.58578186035156,46.64348831176758,100.93697662353516,442.60491943359375,152.46944274902344,298.5019470214844,223.5426483154297,83.2423583984375,112.18357849121094,62.628240966796874,499.82831420898435,179.07864685058593,388.64781494140624,138.03418579101563,22.529221725463866,23.015999603271485,441.79461669921875,111.40580444335937,126.82503509521484,72.82999572753906,55.31999969482422,45.31977996826172,154.7565490722656,94.71871795654297,93.06932067871094,405.1805480957031,227.68373413085936,130.1677459716797,315.2279907226563,44.601985168457034,40.78944625854492,24.37407112121582,36.85582504272461,99.63028106689453,81.80719299316407,64.79624633789062,41.777809906005864,29.53638572692871,124.50517272949219,100.40537872314454,100.39198608398438,74.57030792236328,18.567004013061524,335.4793701171875,103.08095092773438,46.012692260742185,70.5404769897461,30.766900253295898,62.10425872802735,34.71395034790039,44.08888549804688,27.97081069946289,20.930617141723634,36.16211471557617,68.86898803710938,101.64327850341797,66.60448455810547,55.1044418334961,111.56253509521484,46.9266716003418,100.63945770263672,440.28925170898435,153.35753784179687,294.60932006835935,227.10877685546876,83.6851821899414,113.42807312011719,62.16266860961914,500.33441772460935,180.33624877929688,383.34609375,137.28805541992188,22.53436622619629,22.96400032043457,439.43809814453124,111.42972106933594,128.81224060058594,72.5485595703125,56.716000366210935,45.515385437011716,154.22105712890624,95.12584075927734,92.94572143554687,403.0591796875,226.97620239257813,130.8351623535156,311.1023803710938,44.61581420898438,40.94901885986328,24.852248001098634,37.234822845458986,99.76119689941406,80.51113433837891,64.94088745117188,41.66204299926758,29.271969985961913,124.56304626464843,98.73795928955079,100.36399841308594,74.5580825805664,18.476509857177735,334.8305358886719,102.37716674804688,45.61230239868164,70.75569000244141,30.979122924804688,62.34709014892578,34.63955841064453,43.20993270874023,28.082651901245118,20.27704963684082,35.943580627441406,68.78202362060547,101.62735595703126,66.80809631347657,54.58146209716797,109.49531555175781,46.235478210449216,100.2044692993164,438.5755615234375,152.7397216796875,293.8903747558594,224.75973815917968,83.50221405029296,113.30939025878907,61.849883270263675,496.88116455078125,183.00703125,383.014990234375,136.0596496582031,22.392078399658203,22.0379997253418,437.7659118652344,109.98961486816407,127.42796325683594,72.56533355712891,56.3739990234375,45.643480682373045,153.03925170898438,93.71601867675781,93.04561767578124,401.5113586425781,226.03723754882813,130.03968811035156,310.3174743652344,44.010562133789065,39.78062286376953,24.770126342773438,37.381591796875,98.47628326416016,79.40369110107422,64.51766052246094,41.6948745727539,29.439756774902342,125.19023895263672,100.02519226074219
week47,2021-11-22,2021-11-26,2021,99.67872428894043,74.01608657836914,18.209813594818115,330.03768157958984,102.611328125,44.69980812072754,68.56751823425293,29.59652805328369,61.359689712524414,33.57426166534424,44.32118606567383,27.420358657836914,20.148862838745117,35.4738245010376,67.98102760314941,100.99770927429199,64.63740921020508,53.56165313720703,108.59405517578125,45.09761619567871,99.83211135864258,440.0338821411133,151.19379806518555,295.52061462402344,217.08468627929688,82.52235412597656,111.7304573059082,60.48011493682861,492.30250549316406,177.74989318847656,386.31542205810547,136.69994735717773,22.39436388015747,21.855000495910645,439.29530334472656,110.42949867248535,127.44312858581543,72.28344345092773,54.040000915527344,44.277276039123535,153.85357666015625,94.38226509094238,92.64137840270996,402.94305419921875,225.31654739379883,129.4926815032959,311.77159881591797,43.37720966339111,40.27265167236328,24.21667766571045,36.83863925933838,98.5450210571289,81.56443214416504,64.85873985290527,41.768310546875,29.655638694763184,123.50419235229492,100.6087474822998,99.87038726806641,74.15661163330078,18.413860321044922,333.5447998046875,102.8788848876953,45.98767242431641,70.22285614013671,30.601439666748046,62.34530029296875,34.52882843017578,44.82926483154297,27.818902587890626,20.375493621826173,36.66367416381836,68.54322814941406,101.1887191772461,66.26973724365234,55.048658752441405,110.58578186035156,46.64348831176758,100.93697662353516,442.60491943359375,152.46944274902344,298.5019470214844,223.5426483154297,83.2423583984375,112.18357849121094,62.628240966796874,499.82831420898435,179.07864685058593,388.64781494140624,138.03418579101563,22.529221725463866,23.015999603271485,441.79461669921875,111.40580444335937,126.82503509521484,72.82999572753906,55.31999969482422,45.31977996826172,154.7565490722656,94.71871795654297,93.06932067871094,405.1805480957031,227.68373413085936,130.1677459716797,315.2279907226563,44.601985168457034,40.78944625854492,24.37407112121582,36.85582504272461,99.63028106689453,81.80719299316407,64.79624633789062,41.777809906005864,29.53638572692871,124.50517272949219,100.40537872314454,100.39198608398438,74.57030792236328,18.567004013061524,335.4793701171875,103.08095092773438,46.012692260742185,70.5404769897461,30.766900253295898,62.10425872802735,34.71395034790039,44.08888549804688,27.97081069946289,20.930617141723634,36.16211471557617,68.86898803710938,101.64327850341797,66.60448455810547,55.1044418334961,111.56253509521484,46.9266716003418,100.63945770263672,440.28925170898435,153.35753784179687,294.60932006835935,227.10877685546876,83.6851821899414,113.42807312011719,62.16266860961914,500.33441772460935,180.33624877929688,383.34609375,137.28805541992188,22.53436622619629,22.96400032043457,439.43809814453124,111.42972106933594,128.81224060058594,72.5485595703125,56.716000366210935,45.515385437011716,154.22105712890624,95.12584075927734,92.94572143554687,403.0591796875,226.97620239257813,130.8351623535156,311.1023803710938,44.61581420898438,40.94901885986328,24.852248001098634,37.234822845458986,99.76119689941406,80.51113433837891,64.94088745117188,41.66204299926758,29.271969985961913,124.56304626464843,98.73795928955079
week48,2021-11-29,2021-12-03,2021,100.49643096923828,74.61494445800781,17.01989860534668,321.27166137695315,99.61512298583985,43.84450836181641,66.8453582763672,28.680642700195314,59.59916229248047,32.70014266967773,44.3986213684082,26.86072540283203,20.009056854248048,34.127236938476564,67.97870025634765,102.42935333251953,63.0447639465332,52.58717269897461,103.23960723876954,44.486071014404295,97.36295928955079,430.9306701660156,146.9145538330078,290.087353515625,205.95421142578124,82.48051605224609,113.05508880615234,58.16481323242188,469.90123291015624,172.7621063232422,380.51996459960935,133.77377319335938,21.86178970336914,20.86599998474121,430.108154296875,110.69816741943359,131.79190673828126,71.25511932373047,48.28199996948242,43.161199951171874,150.7643310546875,91.74975891113282,90.82253570556641,394.5510620117187,219.57918701171874,125.95587005615235,306.1293884277344,42.58389511108398,39.07352905273437,23.54261360168457,35.49959945678711,95.02179260253907,81.08469696044922,63.3301284790039,41.1972297668457,29.30008316040039,121.71641387939454,98.00846710205079,99.67872428894043,74.01608657836914,18.209813594818115,330.03768157958984,102.611328125,44.69980812072754,68.56751823425293,29.59652805328369,61.359689712524414,33.57426166534424,44.32118606567383,27.420358657836914,20.148862838745117,35.4738245010376,67.98102760314941,100.99770927429199,64.63740921020508,53.56165313720703,108.59405517578125,45.09761619567871,99.83211135864258,440.0338821411133,151.19379806518555,295.52061462402344,217.08468627929688,82.52235412597656,111.7304573059082,60.48011493682861,492.30250549316406,177.74989318847656,386.31542205810547,136.69994735717773,22.39436388015747,21.855000495910645,439.29530334472656,110.42949867248535,127.44312858581543,72.28344345092773,54.040000915527344,44.277276039123535,153.85357666015625,94.38226509094238,92.64137840270996,402.94305419921875,225.31654739379883,129.4926815032959,311.77159881591797,43.37720966339111,40.27265167236328,24.21667766571045,36.83863925933838,98.5450210571289,81.56443214416504,64.85873985290527,41.768310546875,29.655638694763184,123.50419235229492,100.6087474822998,99.87038726806641,74.15661163330078,18.413860321044922,333.5447998046875,102.8788848876953,45.98767242431641,70.22285614013671,30.601439666748046,62.34530029296875,34.52882843017578,44.82926483154297,27.818902587890626,20.375493621826173,36.66367416381836,68.54322814941406,101.1887191772461,66.26973724365234,55.048658752441405,110.58578186035156,46.64348831176758,100.93697662353516,442.60491943359375,152.46944274902344,298.5019470214844,223.5426483154297,83.2423583984375,112.18357849121094,62.628240966796874,499.82831420898435,179.07864685058593,388.64781494140624,138.03418579101563,22.529221725463866,23.015999603271485,441.79461669921875,111.40580444335937,126.82503509521484,72.82999572753906,55.31999969482422,45.31977996826172,154.7565490722656,94.71871795654297,93.06932067871094,405.1805480957031,227.68373413085936,130.1677459716797,315.2279907226563,44.601985168457034,40.78944625854492,24.37407112121582,36.85582504272461,99.63028106689453,81.80719299316407,64.79624633789062,41.777809906005864,29.53638572692871,124.50517272949219,100.40537872314454
week49,2021-12-06,2021-12-10,2021,100.22364044189453,74.44708099365235,17.545461654663086,331.95155029296876,102.18880157470701,44.64707794189453,68.50634002685547,29.36047477722168,61.06865234375,33.67417221069336,45.37946243286133,27.56850929260254,20.9689022064209,34.65387115478516,68.71730499267578,102.07279357910156,64.52007827758788,53.57386093139648,106.08226013183594,44.79347305297851,99.3420394897461,440.78961791992185,150.74102172851562,294.73204345703124,209.9519256591797,83.37366027832032,113.02069854736328,58.817342376708986,481.97252197265624,172.48326110839844,384.7484924316406,136.02168884277344,22.35776481628418,20.615999603271483,439.9490112304687,110.30330352783203,130.04598999023438,72.68834991455078,51.51399917602539,44.22751083374023,154.91534729003905,94.38626556396484,93.81937408447266,403.51807861328126,224.1066101074219,129.27847595214843,311.1883178710938,43.270425415039064,40.238260650634764,24.340712356567384,36.23902053833008,98.08725280761719,83.06843566894531,65.31053771972657,42.4309684753418,30.233881759643555,124.39318084716797,98.83832244873047,100.49643096923828,74.61494445800781,17.01989860534668,321.27166137695315,99.61512298583985,43.84450836181641,66.8453582763672,28.680642700195314,59.59916229248047,32.70014266967773,44.3986213684082,26.86072540283203,20.009056854248048,34.127236938476564,67.97870025634765,102.42935333251953,63.0447639465332,52.58717269897461,103.23960723876954,44.486071014404295,97.36295928955079,430.9306701660156,146.9145538330078,290.087353515625,205.95421142578124,82.48051605224609,113.05508880615234,58.16481323242188,469.90123291015624,172.7621063232422,380.51996459960935,133.77377319335938,21.86178970336914,20.86599998474121,430.108154296875,110.69816741943359,131.79190673828126,71.25511932373047,48.28199996948242,43.161199951171874,150.7643310546875,91.74975891113282,90.82253570556641,394.5510620117187,219.57918701171874,125.95587005615235,306.1293884277344,42.58389511108398,39.07352905273437,23.54261360168457,35.49959945678711,95.02179260253907,81.08469696044922,63.3301284790039,41.1972297668457,29.30008316040039,121.71641387939454,98.00846710205079,99.67872428894043,74.01608657836914,18.209813594818115,330.03768157958984,102.611328125,44.69980812072754,68.56751823425293,29.59652805328369,61.359689712524414,33.57426166534424,44.32118606567383,27.420358657836914,20.148862838745117,35.4738245010376,67.98102760314941,100.99770927429199,64.63740921020508,53.56165313720703,108.59405517578125,45.09761619567871,99.83211135864258,440.0338821411133,151.19379806518555,295.52061462402344,217.08468627929688,82.52235412597656,111.7304573059082,60.48011493682861,492.30250549316406,177.74989318847656,386.31542205810547,136.69994735717773,22.39436388015747,21.855000495910645,439.29530334472656,110.42949867248535,127.44312858581543,72.28344345092773,54.040000915527344,44.277276039123535,153.85357666015625,94.38226509094238,92.64137840270996,402.94305419921875,225.31654739379883,129.4926815032959,311.77159881591797,43.37720966339111,40.27265167236328,24.21667766571045,36.83863925933838,98.5450210571289,81.56443214416504,64.85873985290527,41.768310546875,29.655638694763184,123.50419235229492,100.6087474822998
week50,2021-12-13,2021-12-17,2021,100.34187316894531,74.52749481201172,17.529800033569337,331.9241638183594,102.88074035644532,43.8704116821289,68.06648406982421,29.17859802246094,60.94714202880859,33.36742935180664,44.7755859375,27.35348587036133,20.71123924255371,33.54172134399414,68.75401153564454,102.49455871582032,64.0208251953125,52.65184020996094,103.43303070068359,44.127253723144534,98.755322265625,439.8356994628906,151.1961669921875,291.6647644042969,204.31289978027343,83.42085266113281,113.01434478759765,57.23630065917969,474.5400390625,169.82173767089844,379.6610473632812,135.66211853027343,22.64480323791504,20.560000228881837,438.9659729003906,109.96548156738281,130.32669067382812,73.75577239990234,51.32599868774414,43.846683502197266,155.96602478027344,94.45119934082031,94.42720336914063,402.6642333984375,222.81009521484376,130.41668701171875,306.7990783691406,42.582166290283205,40.32997055053711,23.61703414916992,36.1368408203125,96.95010375976562,82.46005249023438,67.510595703125,43.10313415527344,30.86812858581543,128.05741119384766,95.65014038085937,100.22364044189453,74.44708099365235,17.545461654663086,331.95155029296876,102.18880157470701,44.64707794189453,68.50634002685547,29.36047477722168,61.06865234375,33.67417221069336,45.37946243286133,27.56850929260254,20.9689022064209,34.65387115478516,68.71730499267578,102.07279357910156,64.52007827758788,53.57386093139648,106.08226013183594,44.79347305297851,99.3420394897461,440.78961791992185,150.74102172851562,294.73204345703124,209.9519256591797,83.37366027832032,113.02069854736328,58.817342376708986,481.97252197265624,172.48326110839844,384.7484924316406,136.02168884277344,22.35776481628418,20.615999603271483,439.9490112304687,110.30330352783203,130.04598999023438,72.68834991455078,51.51399917602539,44.22751083374023,154.91534729003905,94.38626556396484,93.81937408447266,403.51807861328126,224.1066101074219,129.27847595214843,311.1883178710938,43.270425415039064,40.238260650634764,24.340712356567384,36.23902053833008,98.08725280761719,83.06843566894531,65.31053771972657,42.4309684753418,30.233881759643555,124.39318084716797,98.83832244873047,100.49643096923828,74.61494445800781,17.01989860534668,321.27166137695315,99.61512298583985,43.84450836181641,66.8453582763672,28.680642700195314,59.59916229248047,32.70014266967773,44.3986213684082,26.86072540283203,20.009056854248048,34.127236938476564,67.97870025634765,102.42935333251953,63.0447639465332,52.58717269897461,103.23960723876954,44.486071014404295,97.36295928955079,430.9306701660156,146.9145538330078,290.087353515625,205.95421142578124,82.48051605224609,113.05508880615234,58.16481323242188,469.90123291015624,172.7621063232422,380.51996459960935,133.77377319335938,21.86178970336914,20.86599998474121,430.108154296875,110.69816741943359,131.79190673828126,71.25511932373047,48.28199996948242,43.161199951171874,150.7643310546875,91.74975891113282,90.82253570556641,394.5510620117187,219.57918701171874,125.95587005615235,306.1293884277344,42.58389511108398,39.07352905273437,23.54261360168457,35.49959945678711,95.02179260253907,81.08469696044922,63.3301284790039,41.1972297668457,29.30008316040039,121.71641387939454,98.00846710205079
week51,2021-12-20,2021-12-23,2021,100.25745391845702,74.45685195922852,17.70948314666748,330.56752014160156,103.0298957824707,43.71041297912598,68.50662040710449,29.190300941467285,60.649107933044434,33.80686950683594,45.384949684143066,27.789459228515625,20.220794200897217,32.91494560241699,69.0499324798584,102.36321258544922,64.44651412963867,52.52527141571045,104.53483390808105,43.97128391265869,98.95986747741698,439.77911376953125,151.2815704345703,292.21246337890625,207.0953025817871,83.82052230834961,112.8983383178711,56.19741249084473,476.0351333618164,169.22040557861328,380.47796630859375,135.08760833740234,22.7189621925354,20.90000009536743,438.9846420288086,110.31175231933594,129.63032913208008,73.87402534484863,51.77000045776367,44.102112770080566,154.9296760559082,95.38883018493652,95.11334228515625,402.6590118408203,223.1008071899414,130.3201675415039,307.5541687011719,42.45800971984863,40.11265182495117,23.53594970703125,35.82741355895996,96.09132385253906,82.39827156066895,67.34634590148926,43.321969985961914,30.81173086166382,129.22783851623535,95.70519256591797,100.34187316894531,74.52749481201172,17.529800033569337,331.9241638183594,102.88074035644532,43.8704116821289,68.06648406982421,29.17859802246094,60.94714202880859,33.36742935180664,44.7755859375,27.35348587036133,20.71123924255371,33.54172134399414,68.75401153564454,102.49455871582032,64.0208251953125,52.65184020996094,103.43303070068359,44.127253723144534,98.755322265625,439.8356994628906,151.1961669921875,291.6647644042969,204.31289978027343,83.42085266113281,113.01434478759765,57.23630065917969,474.5400390625,169.82173767089844,379.6610473632812,135.66211853027343,22.64480323791504,20.560000228881837,438.9659729003906,109.96548156738281,130.32669067382812,73.75577239990234,51.32599868774414,43.846683502197266,155.96602478027344,94.45119934082031,94.42720336914063,402.6642333984375,222.81009521484376,130.41668701171875,306.7990783691406,42.582166290283205,40.32997055053711,23.61703414916992,36.1368408203125,96.95010375976562,82.46005249023438,67.510595703125,43.10313415527344,30.86812858581543,128.05741119384766,95.65014038085937,100.22364044189453,74.44708099365235,17.545461654663086,331.95155029296876,102.18880157470701,44.64707794189453,68.50634002685547,29.36047477722168,61.06865234375,33.67417221069336,45.37946243286133,27.56850929260254,20.9689022064209,34.65387115478516,68.71730499267578,102.07279357910156,64.52007827758788,53.57386093139648,106.08226013183594,44.79347305297851,99.3420394897461,440.78961791992185,150.74102172851562,294.73204345703124,209.9519256591797,83.37366027832032,113.02069854736328,58.817342376708986,481.97252197265624,172.48326110839844,384.7484924316406,136.02168884277344,22.35776481628418,20.615999603271483,439.9490112304687,110.30330352783203,130.04598999023438,72.68834991455078,51.51399917602539,44.22751083374023,154.91534729003905,94.38626556396484,93.81937408447266,403.51807861328126,224.1066101074219,129.27847595214843,311.1883178710938,43.270425415039064,40.238260650634764,24.340712356567384,36.23902053833008,98.08725280761719,83.06843566894531,65.31053771972657,42.4309684753418,30.233881759643555,124.39318084716797,98.83832244873047
week52,2021-12-27,2021-12-31,2021,100.10874633789062,74.33551483154297,18.175441360473634,338.56622924804685,105.4604705810547,44.28786087036133,69.77490997314453,29.7948299407959,60.7336784362793,34.547569274902344,46.53915252685547,28.49035530090332,20.439510345458984,32.95117111206055,69.34566345214844,101.96990051269532,65.7094512939453,53.26863479614258,107.70138549804688,45.21856918334961,101.43287048339845,451.6074462890625,154.96361389160157,300.18406982421874,211.74024047851563,84.144580078125,112.90516662597656,56.36354217529297,491.3899169921875,173.92896423339843,390.9851989746094,138.9807098388672,23.24900894165039,21.312000274658203,450.7740966796875,110.93615417480468,128.49588012695312,75.57311401367187,54.74599990844727,44.958624267578124,159.14449157714844,98.02802734375,98.32210998535156,413.49476928710936,228.81844177246094,133.38837280273438,315.95969848632814,43.05089569091797,41.58516082763672,24.15072250366211,36.554508209228516,99.02801513671875,84.96984558105468,68.8741958618164,44.80197982788086,31.40647163391113,132.05732421875,99.10035095214843,100.25745391845702,74.45685195922852,17.70948314666748,330.56752014160156,103.0298957824707,43.71041297912598,68.50662040710449,29.190300941467285,60.649107933044434,33.80686950683594,45.384949684143066,27.789459228515625,20.220794200897217,32.91494560241699,69.0499324798584,102.36321258544922,64.44651412963867,52.52527141571045,104.53483390808105,43.97128391265869,98.95986747741698,439.77911376953125,151.2815704345703,292.21246337890625,207.0953025817871,83.82052230834961,112.8983383178711,56.19741249084473,476.0351333618164,169.22040557861328,380.47796630859375,135.08760833740234,22.7189621925354,20.90000009536743,438.9846420288086,110.31175231933594,129.63032913208008,73.87402534484863,51.77000045776367,44.102112770080566,154.9296760559082,95.38883018493652,95.11334228515625,402.6590118408203,223.1008071899414,130.3201675415039,307.5541687011719,42.45800971984863,40.11265182495117,23.53594970703125,35.82741355895996,96.09132385253906,82.39827156066895,67.34634590148926,43.321969985961914,30.81173086166382,129.22783851623535,95.70519256591797,100.34187316894531,74.52749481201172,17.529800033569337,331.9241638183594,102.88074035644532,43.8704116821289,68.06648406982421,29.17859802246094,60.94714202880859,33.36742935180664,44.7755859375,27.35348587036133,20.71123924255371,33.54172134399414,68.75401153564454,102.49455871582032,64.0208251953125,52.65184020996094,103.43303070068359,44.127253723144534,98.755322265625,439.8356994628906,151.1961669921875,291.6647644042969,204.31289978027343,83.42085266113281,113.01434478759765,57.23630065917969,474.5400390625,169.82173767089844,379.6610473632812,135.66211853027343,22.64480323791504,20.560000228881837,438.9659729003906,109.96548156738281,130.32669067382812,73.75577239990234,51.32599868774414,43.846683502197266,155.96602478027344,94.45119934082031,94.42720336914063,402.6642333984375,222.81009521484376,130.41668701171875,306.7990783691406,42.582166290283205,40.32997055053711,23.61703414916992,36.1368408203125,96.95010375976562,82.46005249023438,67.510595703125,43.10313415527344,30.86812858581543,128.05741119384766,95.65014038085937
week53,2022-01-03,2022-01-07,2022,99.10860443115234,73.59011993408203,18.347729873657222,339.16185302734374,107.75568389892578,44.22587966918945,69.90745391845704,30.059952163696288,60.83860092163086,34.94035720825195,46.741458892822266,28.884745788574218,19.87490882873535,32.63778419494629,68.73908081054688,100.45694732666016,65.82192993164062,53.19376068115234,107.64885711669922,46.36003646850586,100.15739440917969,446.8519653320312,156.0772216796875,291.08342895507815,209.28914794921874,83.46781921386719,111.09103393554688,55.689962768554686,488.8805786132813,169.20948791503906,379.57257080078125,135.87155456542968,23.444266510009765,20.92600021362305,446.03319091796874,109.46960144042968,124.42184600830078,74.24375610351562,55.88199996948242,44.98499298095703,158.1965301513672,100.55043334960938,96.47977142333984,409.1552734375,225.8649139404297,134.99649353027343,305.48095703125,43.10677642822266,41.40172805786133,25.774517440795897,37.71935348510742,99.69448547363281,82.4552001953125,69.58800354003907,43.69534912109375,31.20195083618164,127.99114227294922,99.0616958618164,100.10874633789062,74.33551483154297,18.175441360473634,338.56622924804685,105.4604705810547,44.28786087036133,69.77490997314453,29.7948299407959,60.7336784362793,34.547569274902344,46.53915252685547,28.49035530090332,20.439510345458984,32.95117111206055,69.34566345214844,101.96990051269532,65.7094512939453,53.26863479614258,107.70138549804688,45.21856918334961,101.43287048339845,451.6074462890625,154.96361389160157,300.18406982421874,211.74024047851563,84.144580078125,112.90516662597656,56.36354217529297,491.3899169921875,173.92896423339843,390.9851989746094,138.9807098388672,23.24900894165039,21.312000274658203,450.7740966796875,110.93615417480468,128.49588012695312,75.57311401367187,54.74599990844727,44.958624267578124,159.14449157714844,98.02802734375,98.32210998535156,413.49476928710936,228.81844177246094,133.38837280273438,315.95969848632814,43.05089569091797,41.58516082763672,24.15072250366211,36.554508209228516,99.02801513671875,84.96984558105468,68.8741958618164,44.80197982788086,31.40647163391113,132.05732421875,99.10035095214843,100.25745391845702,74.45685195922852,17.70948314666748,330.56752014160156,103.0298957824707,43.71041297912598,68.50662040710449,29.190300941467285,60.649107933044434,33.80686950683594,45.384949684143066,27.789459228515625,20.220794200897217,32.91494560241699,69.0499324798584,102.36321258544922,64.44651412963867,52.52527141571045,104.53483390808105,43.97128391265869,98.95986747741698,439.77911376953125,151.2815704345703,292.21246337890625,207.0953025817871,83.82052230834961,112.8983383178711,56.19741249084473,476.0351333618164,169.22040557861328,380.47796630859375,135.08760833740234,22.7189621925354,20.90000009536743,438.9846420288086,110.31175231933594,129.63032913208008,73.87402534484863,51.77000045776367,44.102112770080566,154.9296760559082,95.38883018493652,95.11334228515625,402.6590118408203,223.1008071899414,130.3201675415039,307.5541687011719,42.45800971984863,40.11265182495117,23.53594970703125,35.82741355895996,96.09132385253906,82.39827156066895,67.34634590148926,43.321969985961914,30.81173086166382,129.22783851623535,95.70519256591797
week54,2022-01-10,2022-01-14,2022,98.70855407714842,73.28844757080078,18.746252059936523,336.23614501953125,109.51631469726563,45.35057373046875,69.83490142822265,30.15972480773926,60.79518356323242,34.94924621582031,46.8712158203125,29.44032096862793,20.84100914001465,34.23552627563477,68.62127838134765,100.02999877929688,65.68656005859376,54.42021255493164,106.14601593017578,47.62645492553711,99.02742767333984,442.61351318359374,156.8325408935547,283.92193603515625,204.52552795410156,83.31915130615235,110.44094848632812,57.57852478027344,483.36201171875,166.3686492919922,372.6747131347656,133.259326171875,23.557160568237304,21.158000183105468,441.8446411132812,108.8723129272461,124.26383361816406,73.13690338134765,58.294000244140626,45.00784530639648,155.89620361328124,102.06494903564453,94.2665802001953,405.29710083007814,223.23805541992186,136.08367309570312,297.4777038574219,44.089970397949216,41.14455871582031,27.31773223876953,38.44178924560547,99.46544952392578,80.69930419921874,69.07916107177735,42.53295059204102,30.818588638305663,126.91929473876954,96.04753112792969,99.10860443115234,73.59011993408203,18.347729873657222,339.16185302734374,107.75568389892578,44.22587966918945,69.90745391845704,30.059952163696288,60.83860092163086,34.94035720825195,46.741458892822266,28.884745788574218,19.87490882873535,32.63778419494629,68.73908081054688,100.45694732666016,65.82192993164062,53.19376068115234,107.64885711669922,46.36003646850586,100.15739440917969,446.8519653320312,156.0772216796875,291.08342895507815,209.28914794921874,83.46781921386719,111.09103393554688,55.689962768554686,488.8805786132813,169.20948791503906,379.57257080078125,135.87155456542968,23.444266510009765,20.92600021362305,446.03319091796874,109.46960144042968,124.42184600830078,74.24375610351562,55.88199996948242,44.98499298095703,158.1965301513672,100.55043334960938,96.47977142333984,409.1552734375,225.8649139404297,134.99649353027343,305.48095703125,43.10677642822266,41.40172805786133,25.774517440795897,37.71935348510742,99.69448547363281,82.4552001953125,69.58800354003907,43.69534912109375,31.20195083618164,127.99114227294922,99.0616958618164,100.10874633789062,74.33551483154297,18.175441360473634,338.56622924804685,105.4604705810547,44.28786087036133,69.77490997314453,29.7948299407959,60.7336784362793,34.547569274902344,46.53915252685547,28.49035530090332,20.439510345458984,32.95117111206055,69.34566345214844,101.96990051269532,65.7094512939453,53.26863479614258,107.70138549804688,45.21856918334961,101.43287048339845,451.6074462890625,154.96361389160157,300.18406982421874,211.74024047851563,84.144580078125,112.90516662597656,56.36354217529297,491.3899169921875,173.92896423339843,390.9851989746094,138.9807098388672,23.24900894165039,21.312000274658203,450.7740966796875,110.93615417480468,128.49588012695312,75.57311401367187,54.74599990844727,44.958624267578124,159.14449157714844,98.02802734375,98.32210998535156,413.49476928710936,228.81844177246094,133.38837280273438,315.95969848632814,43.05089569091797,41.58516082763672,24.15072250366211,36.554508209228516,99.02801513671875,84.96984558105468,68.8741958618164,44.80197982788086,31.40647163391113,132.05732421875,99.10035095214843
week55,2022-01-18,2022-01-21,2022,98.09267997741699,72.84163665771484,19.147385597229004,324.3338623046875,107.11246871948242,44.75421619415283,68.42022705078125,29.541144847869873,59.106932640075684,34.27119445800781,46.03024482727051,29.343437671661377,21.842033863067627,34.610958099365234,68.08673477172852,99.40018272399902,64.27311134338379,53.719637870788574,100.90203666687012,46.3610258102417,94.7390251159668,424.82384490966797,151.9902687072754,269.0439453125,192.23871231079102,82.66675758361816,109.13310241699219,57.584861755371094,460.52301025390625,156.2499008178711,353.58219146728516,127.62410926818848,22.82047986984253,22.265000343322754,424.0012741088867,107.91268539428711,123.0247688293457,71.1956901550293,60.864999771118164,44.069156646728516,150.42409133911133,98.10993766784668,90.98439598083496,388.95845794677734,213.57483291625977,132.26351165771484,281.59532928466797,43.70009899139404,39.776206970214844,27.64417791366577,36.48777389526367,96.55127906799316,76.68580436706543,68.36445808410645,41.19584274291992,30.463112354278564,122.75848770141602,90.40695762634277,98.70855407714842,73.28844757080078,18.746252059936523,336.23614501953125,109.51631469726563,45.35057373046875,69.83490142822265,30.15972480773926,60.79518356323242,34.94924621582031,46.8712158203125,29.44032096862793,20.84100914001465,34.23552627563477,68.62127838134765,100.02999877929688,65.68656005859376,54.42021255493164,106.14601593017578,47.62645492553711,99.02742767333984,442.61351318359374,156.8325408935547,283.92193603515625,204.52552795410156,83.31915130615235,110.44094848632812,57.57852478027344,483.36201171875,166.3686492919922,372.6747131347656,133.259326171875,23.557160568237304,21.158000183105468,441.8446411132812,108.8723129272461,124.26383361816406,73.13690338134765,58.294000244140626,45.00784530639648,155.89620361328124,102.06494903564453,94.2665802001953,405.29710083007814,223.23805541992186,136.08367309570312,297.4777038574219,44.089970397949216,41.14455871582031,27.31773223876953,38.44178924560547,99.46544952392578,80.69930419921874,69.07916107177735,42.53295059204102,30.818588638305663,126.91929473876954,96.04753112792969,99.10860443115234,73.59011993408203,18.347729873657222,339.16185302734374,107.75568389892578,44.22587966918945,69.90745391845704,30.059952163696288,60.83860092163086,34.94035720825195,46.741458892822266,28.884745788574218,19.87490882873535,32.63778419494629,68.73908081054688,100.45694732666016,65.82192993164062,53.19376068115234,107.64885711669922,46.36003646850586,100.15739440917969,446.8519653320312,156.0772216796875,291.08342895507815,209.28914794921874,83.46781921386719,111.09103393554688,55.689962768554686,488.8805786132813,169.20948791503906,379.57257080078125,135.87155456542968,23.444266510009765,20.92600021362305,446.03319091796874,109.46960144042968,124.42184600830078,74.24375610351562,55.88199996948242,44.98499298095703,158.1965301513672,100.55043334960938,96.47977142333984,409.1552734375,225.8649139404297,134.99649353027343,305.48095703125,43.10677642822266,41.40172805786133,25.774517440795897,37.71935348510742,99.69448547363281,82.4552001953125,69.58800354003907,43.69534912109375,31.20195083618164,127.99114227294922,99.0616958618164
week56,2022-01-24,2022-01-28,2022,98.08215026855468,72.80787963867188,19.31532211303711,319.77366943359374,105.43115844726563,43.26263427734375,66.30839385986329,28.590603637695313,57.43586730957031,33.21990966796876,44.430966186523435,28.809298706054687,22.498230743408204,33.48013076782227,67.5641372680664,99.59063415527343,62.22678070068359,51.88530654907227,98.34290161132813,44.24141006469726,92.03219146728516,413.33140869140624,148.76024475097657,259.7121246337891,186.65393676757813,81.9903579711914,108.77486114501953,55.387576293945315,447.1746887207031,151.11873779296874,338.5324279785156,124.5792221069336,22.382155227661134,21.51599998474121,412.5873596191406,108.36109619140625,123.53793640136719,69.51903686523437,61.31800079345703,42.61014404296875,147.7949188232422,94.85757598876953,88.941259765625,378.4901062011719,207.49588623046876,130.09046630859376,270.740185546875,42.375056457519534,38.33042678833008,28.153890991210936,35.89554977416992,94.0886245727539,74.46841735839844,67.48973388671875,40.43122787475586,29.833180236816407,120.51272583007812,86.31018829345703,98.09267997741699,72.84163665771484,19.147385597229004,324.3338623046875,107.11246871948242,44.75421619415283,68.42022705078125,29.541144847869873,59.106932640075684,34.27119445800781,46.03024482727051,29.343437671661377,21.842033863067627,34.610958099365234,68.08673477172852,99.40018272399902,64.27311134338379,53.719637870788574,100.90203666687012,46.3610258102417,94.7390251159668,424.82384490966797,151.9902687072754,269.0439453125,192.23871231079102,82.66675758361816,109.13310241699219,57.584861755371094,460.52301025390625,156.2499008178711,353.58219146728516,127.62410926818848,22.82047986984253,22.265000343322754,424.0012741088867,107.91268539428711,123.0247688293457,71.1956901550293,60.864999771118164,44.069156646728516,150.42409133911133,98.10993766784668,90.98439598083496,388.95845794677734,213.57483291625977,132.26351165771484,281.59532928466797,43.70009899139404,39.776206970214844,27.64417791366577,36.48777389526367,96.55127906799316,76.68580436706543,68.36445808410645,41.19584274291992,30.463112354278564,122.75848770141602,90.40695762634277,98.70855407714842,73.28844757080078,18.746252059936523,336.23614501953125,109.51631469726563,45.35057373046875,69.83490142822265,30.15972480773926,60.79518356323242,34.94924621582031,46.8712158203125,29.44032096862793,20.84100914001465,34.23552627563477,68.62127838134765,100.02999877929688,65.68656005859376,54.42021255493164,106.14601593017578,47.62645492553711,99.02742767333984,442.61351318359374,156.8325408935547,283.92193603515625,204.52552795410156,83.31915130615235,110.44094848632812,57.57852478027344,483.36201171875,166.3686492919922,372.6747131347656,133.259326171875,23.557160568237304,21.158000183105468,441.8446411132812,108.8723129272461,124.26383361816406,73.13690338134765,58.294000244140626,45.00784530639648,155.89620361328124,102.06494903564453,94.2665802001953,405.29710083007814,223.23805541992186,136.08367309570312,297.4777038574219,44.089970397949216,41.14455871582031,27.31773223876953,38.44178924560547,99.46544952392578,80.69930419921874,69.07916107177735,42.53295059204102,30.818588638305663,126.91929473876954,96.04753112792969
week57,2022-01-31,2022-02-04,2022,97.83861083984375,72.61431427001953,19.66685905456543,328.3431396484375,107.7780990600586,44.30569763183594,67.49215087890624,29.15113410949707,58.10519714355469,33.98771362304687,45.27368240356445,29.347724533081056,23.393749618530276,34.34602661132813,67.40486602783203,99.40645446777344,63.3677375793457,53.118892669677734,99.36355438232422,45.351261138916016,95.18779602050782,427.4978393554687,152.3577911376953,271.62584228515624,190.2119567871094,81.82183685302735,108.29552154541015,56.5790153503418,457.1891174316406,158.35768127441406,352.71819458007815,128.88978424072266,22.741566848754882,20.834000015258788,426.7061279296875,108.01475982666015,122.81124267578124,71.24664001464843,63.19000015258789,43.44336776733398,151.5311279296875,96.25393981933594,90.64686889648438,391.3933837890625,214.53793334960938,133.00177612304688,283.5477355957031,43.38444442749024,39.06968307495117,29.41029586791992,36.97266159057617,95.1868911743164,78.16528625488282,68.57572479248047,41.16664581298828,30.494547271728514,123.90433197021484,88.87691802978516,98.08215026855468,72.80787963867188,19.31532211303711,319.77366943359374,105.43115844726563,43.26263427734375,66.30839385986329,28.590603637695313,57.43586730957031,33.21990966796876,44.430966186523435,28.809298706054687,22.498230743408204,33.48013076782227,67.5641372680664,99.59063415527343,62.22678070068359,51.88530654907227,98.34290161132813,44.24141006469726,92.03219146728516,413.33140869140624,148.76024475097657,259.7121246337891,186.65393676757813,81.9903579711914,108.77486114501953,55.387576293945315,447.1746887207031,151.11873779296874,338.5324279785156,124.5792221069336,22.382155227661134,21.51599998474121,412.5873596191406,108.36109619140625,123.53793640136719,69.51903686523437,61.31800079345703,42.61014404296875,147.7949188232422,94.85757598876953,88.941259765625,378.4901062011719,207.49588623046876,130.09046630859376,270.740185546875,42.375056457519534,38.33042678833008,28.153890991210936,35.89554977416992,94.0886245727539,74.46841735839844,67.48973388671875,40.43122787475586,29.833180236816407,120.51272583007812,86.31018829345703,98.09267997741699,72.84163665771484,19.147385597229004,324.3338623046875,107.11246871948242,44.75421619415283,68.42022705078125,29.541144847869873,59.106932640075684,34.27119445800781,46.03024482727051,29.343437671661377,21.842033863067627,34.610958099365234,68.08673477172852,99.40018272399902,64.27311134338379,53.719637870788574,100.90203666687012,46.3610258102417,94.7390251159668,424.82384490966797,151.9902687072754,269.0439453125,192.23871231079102,82.66675758361816,109.13310241699219,57.584861755371094,460.52301025390625,156.2499008178711,353.58219146728516,127.62410926818848,22.82047986984253,22.265000343322754,424.0012741088867,107.91268539428711,123.0247688293457,71.1956901550293,60.864999771118164,44.069156646728516,150.42409133911133,98.10993766784668,90.98439598083496,388.95845794677734,213.57483291625977,132.26351165771484,281.59532928466797,43.70009899139404,39.776206970214844,27.64417791366577,36.48777389526367,96.55127906799316,76.68580436706543,68.36445808410645,41.19584274291992,30.463112354278564,122.75848770141602,90.40695762634277
week58,2022-02-07,2022-02-11,2022,96.79853210449218,71.84078826904297,19.90701675415039,328.3524536132812,108.34025268554687,44.54877548217773,67.79472961425782,29.118481826782226,58.403683471679685,34.07658081054687,45.71317825317383,29.608363342285156,23.72313575744629,34.52536468505859,66.62912292480469,98.2871322631836,63.62440567016601,53.437982177734376,100.04649658203125,44.578328704833986,95.02339782714844,425.59755249023436,152.9672424316406,269.09559936523436,192.43330993652344,80.89693603515624,106.61298980712891,56.9266716003418,462.356005859375,159.24378051757813,348.3985229492188,126.70402221679687,22.70240135192871,21.500000381469725,424.81618041992186,106.83313751220703,120.02324523925782,70.71751556396484,64.4339988708496,43.67539901733399,150.53492126464843,96.3720916748047,89.4642120361328,389.6549438476562,214.26980285644532,133.53720092773438,280.7183471679688,43.67259216308594,38.8834846496582,29.95791549682617,37.863094329833984,94.66122741699219,77.30574035644531,68.2269058227539,40.40508346557617,30.063373184204103,123.99615936279297,89.48863830566407,97.83861083984375,72.61431427001953,19.66685905456543,328.3431396484375,107.7780990600586,44.30569763183594,67.49215087890624,29.15113410949707,58.10519714355469,33.98771362304687,45.27368240356445,29.347724533081056,23.393749618530276,34.34602661132813,67.40486602783203,99.40645446777344,63.3677375793457,53.118892669677734,99.36355438232422,45.351261138916016,95.18779602050782,427.4978393554687,152.3577911376953,271.62584228515624,190.2119567871094,81.82183685302735,108.29552154541015,56.5790153503418,457.1891174316406,158.35768127441406,352.71819458007815,128.88978424072266,22.741566848754882,20.834000015258788,426.7061279296875,108.01475982666015,122.81124267578124,71.24664001464843,63.19000015258789,43.44336776733398,151.5311279296875,96.25393981933594,90.64686889648438,391.3933837890625,214.53793334960938,133.00177612304688,283.5477355957031,43.38444442749024,39.06968307495117,29.41029586791992,36.97266159057617,95.1868911743164,78.16528625488282,68.57572479248047,41.16664581298828,30.494547271728514,123.90433197021484,88.87691802978516,98.08215026855468,72.80787963867188,19.31532211303711,319.77366943359374,105.43115844726563,43.26263427734375,66.30839385986329,28.590603637695313,57.43586730957031,33.21990966796876,44.430966186523435,28.809298706054687,22.498230743408204,33.48013076782227,67.5641372680664,99.59063415527343,62.22678070068359,51.88530654907227,98.34290161132813,44.24141006469726,92.03219146728516,413.33140869140624,148.76024475097657,259.7121246337891,186.65393676757813,81.9903579711914,108.77486114501953,55.387576293945315,447.1746887207031,151.11873779296874,338.5324279785156,124.5792221069336,22.382155227661134,21.51599998474121,412.5873596191406,108.36109619140625,123.53793640136719,69.51903686523437,61.31800079345703,42.61014404296875,147.7949188232422,94.85757598876953,88.941259765625,378.4901062011719,207.49588623046876,130.09046630859376,270.740185546875,42.375056457519534,38.33042678833008,28.153890991210936,35.89554977416992,94.0886245727539,74.46841735839844,67.48973388671875,40.43122787475586,29.833180236816407,120.51272583007812,86.31018829345703
week59,2022-02-14,2022-02-18,2022,96.23273468017578,71.4138900756836,20.063640975952147,322.3934753417969,106.90898742675782,44.53970718383789,67.15772857666016,28.739353942871094,58.00931854248047,33.43852081298828,45.664346313476564,29.460897827148436,24.34367446899414,34.01090087890625,66.14339141845703,98.02115173339844,63.06360092163086,53.38271942138672,100.63186340332031,44.086822509765625,93.40402221679688,417.5377685546875,150.61257629394532,263.3114074707031,192.49976806640626,80.27362670898438,105.23361053466797,56.58082809448242,461.38270263671876,154.7524841308594,340.62697143554686,123.94711151123047,22.351628494262695,21.93800048828125,416.77398071289065,106.7899398803711,118.6546127319336,69.22549133300781,64.61799926757813,43.31152420043945,148.0193878173828,95.13863677978516,87.83550720214843,382.3161560058594,210.55895080566407,131.36461181640624,274.531640625,43.67783126831055,38.84937744140625,29.62345314025879,37.06226272583008,93.48974914550782,75.48202667236328,67.86371154785157,39.19562911987305,29.347114181518556,121.0186538696289,88.3570068359375,96.79853210449218,71.84078826904297,19.90701675415039,328.3524536132812,108.34025268554687,44.54877548217773,67.79472961425782,29.118481826782226,58.403683471679685,34.07658081054687,45.71317825317383,29.608363342285156,23.72313575744629,34.52536468505859,66.62912292480469,98.2871322631836,63.62440567016601,53.437982177734376,100.04649658203125,44.578328704833986,95.02339782714844,425.59755249023436,152.9672424316406,269.09559936523436,192.43330993652344,80.89693603515624,106.61298980712891,56.9266716003418,462.356005859375,159.24378051757813,348.3985229492188,126.70402221679687,22.70240135192871,21.500000381469725,424.81618041992186,106.83313751220703,120.02324523925782,70.71751556396484,64.4339988708496,43.67539901733399,150.53492126464843,96.3720916748047,89.4642120361328,389.6549438476562,214.26980285644532,133.53720092773438,280.7183471679688,43.67259216308594,38.8834846496582,29.95791549682617,37.863094329833984,94.66122741699219,77.30574035644531,68.2269058227539,40.40508346557617,30.063373184204103,123.99615936279297,89.48863830566407,97.83861083984375,72.61431427001953,19.66685905456543,328.3431396484375,107.7780990600586,44.30569763183594,67.49215087890624,29.15113410949707,58.10519714355469,33.98771362304687,45.27368240356445,29.347724533081056,23.393749618530276,34.34602661132813,67.40486602783203,99.40645446777344,63.3677375793457,53.118892669677734,99.36355438232422,45.351261138916016,95.18779602050782,427.4978393554687,152.3577911376953,271.62584228515624,190.2119567871094,81.82183685302735,108.29552154541015,56.5790153503418,457.1891174316406,158.35768127441406,352.71819458007815,128.88978424072266,22.741566848754882,20.834000015258788,426.7061279296875,108.01475982666015,122.81124267578124,71.24664001464843,63.19000015258789,43.44336776733398,151.5311279296875,96.25393981933594,90.64686889648438,391.3933837890625,214.53793334960938,133.00177612304688,283.5477355957031,43.38444442749024,39.06968307495117,29.41029586791992,36.97266159057617,95.1868911743164,78.16528625488282,68.57572479248047,41.16664581298828,30.494547271728514,123.90433197021484,88.87691802978516
week60,2022-02-22,2022-02-25,2022,96.2134017944336,71.39630699157715,20.56571102142334,312.53904724121094,105.02592468261719,42.93338966369629,65.40110397338867,27.16479206085205,56.814022064208984,32.26726531982422,44.71349906921387,29.01120805740356,24.391464710235596,31.99787139892578,66.30955696105957,98.32748985290527,61.36799430847168,51.589393615722656,98.48173522949219,43.35352897644043,90.90788269042969,406.8044128417969,147.6295623779297,254.56388092041016,187.53015899658203,80.45122528076172,104.94119071960449,53.737117767333984,450.7281265258789,149.42831420898438,330.01392364501953,121.01265335083008,21.95002269744873,22.437499523162842,406.1707000732422,107.79608345031738,119.32023620605469,68.14573860168457,65.97999954223633,42.18826198577881,144.9677276611328,92.79526138305664,87.01731300354004,372.5249481201172,204.82891464233398,128.9760456085205,264.8526382446289,42.18514347076416,38.02140808105469,29.30674982070923,36.01408863067627,91.27349662780762,73.27238082885742,67.3620719909668,39.02397060394287,29.251274585723877,119.86578559875488,83.66759490966797,96.23273468017578,71.4138900756836,20.063640975952147,322.3934753417969,106.90898742675782,44.53970718383789,67.15772857666016,28.739353942871094,58.00931854248047,33.43852081298828,45.664346313476564,29.460897827148436,24.34367446899414,34.01090087890625,66.14339141845703,98.02115173339844,63.06360092163086,53.38271942138672,100.63186340332031,44.086822509765625,93.40402221679688,417.5377685546875,150.61257629394532,263.3114074707031,192.49976806640626,80.27362670898438,105.23361053466797,56.58082809448242,461.38270263671876,154.7524841308594,340.62697143554686,123.94711151123047,22.351628494262695,21.93800048828125,416.77398071289065,106.7899398803711,118.6546127319336,69.22549133300781,64.61799926757813,43.31152420043945,148.0193878173828,95.13863677978516,87.83550720214843,382.3161560058594,210.55895080566407,131.36461181640624,274.531640625,43.67783126831055,38.84937744140625,29.62345314025879,37.06226272583008,93.48974914550782,75.48202667236328,67.86371154785157,39.19562911987305,29.347114181518556,121.0186538696289,88.3570068359375,96.79853210449218,71.84078826904297,19.90701675415039,328.3524536132812,108.34025268554687,44.54877548217773,67.79472961425782,29.118481826782226,58.403683471679685,34.07658081054687,45.71317825317383,29.608363342285156,23.72313575744629,34.52536468505859,66.62912292480469,98.2871322631836,63.62440567016601,53.437982177734376,100.04649658203125,44.578328704833986,95.02339782714844,425.59755249023436,152.9672424316406,269.09559936523436,192.43330993652344,80.89693603515624,106.61298980712891,56.9266716003418,462.356005859375,159.24378051757813,348.3985229492188,126.70402221679687,22.70240135192871,21.500000381469725,424.81618041992186,106.83313751220703,120.02324523925782,70.71751556396484,64.4339988708496,43.67539901733399,150.53492126464843,96.3720916748047,89.4642120361328,389.6549438476562,214.26980285644532,133.53720092773438,280.7183471679688,43.67259216308594,38.8834846496582,29.95791549682617,37.863094329833984,94.66122741699219,77.30574035644531,68.2269058227539,40.40508346557617,30.063373184204103,123.99615936279297,89.48863830566407
week61,2022-02-28,2022-03-04,2022,96.90283203125,71.90501098632812,22.148491287231444,314.513916015625,106.90899047851562,41.57559509277344,63.254312133789064,25.14217300415039,56.16413345336914,30.148700714111328,44.37794647216797,28.195421600341795,24.796580505371093,30.969392395019533,66.62481231689453,99.64819641113282,59.50361022949219,50.0919792175293,100.58308715820313,42.34079208374023,92.04730224609375,411.7802001953125,149.3973846435547,258.0617309570313,191.2903594970703,80.76211242675781,105.88627014160156,52.0504508972168,458.5673461914063,151.75003356933593,334.4740417480469,123.2902603149414,22.2191520690918,23.292000579833985,410.9792907714844,110.15287017822266,121.1181655883789,69.49660797119141,73.74199981689453,41.16871185302735,146.5445770263672,93.83358459472656,88.60457611083984,376.98573608398436,207.51478576660156,130.68942260742188,267.8736572265625,40.995445251464844,38.206913757324216,31.465605545043946,35.253395080566406,93.82955017089844,73.79106292724609,67.66593475341797,39.87006378173828,30.42814521789551,122.69198303222656,84.70887756347656,96.2134017944336,71.39630699157715,20.56571102142334,312.53904724121094,105.02592468261719,42.93338966369629,65.40110397338867,27.16479206085205,56.814022064208984,32.26726531982422,44.71349906921387,29.01120805740356,24.391464710235596,31.99787139892578,66.30955696105957,98.32748985290527,61.36799430847168,51.589393615722656,98.48173522949219,43.35352897644043,90.90788269042969,406.8044128417969,147.6295623779297,254.56388092041016,187.53015899658203,80.45122528076172,104.94119071960449,53.737117767333984,450.7281265258789,149.42831420898438,330.01392364501953,121.01265335083008,21.95002269744873,22.437499523162842,406.1707000732422,107.79608345031738,119.32023620605469,68.14573860168457,65.97999954223633,42.18826198577881,144.9677276611328,92.79526138305664,87.01731300354004,372.5249481201172,204.82891464233398,128.9760456085205,264.8526382446289,42.18514347076416,38.02140808105469,29.30674982070923,36.01408863067627,91.27349662780762,73.27238082885742,67.3620719909668,39.02397060394287,29.251274585723877,119.86578559875488,83.66759490966797,96.23273468017578,71.4138900756836,20.063640975952147,322.3934753417969,106.90898742675782,44.53970718383789,67.15772857666016,28.739353942871094,58.00931854248047,33.43852081298828,45.664346313476564,29.460897827148436,24.34367446899414,34.01090087890625,66.14339141845703,98.02115173339844,63.06360092163086,53.38271942138672,100.63186340332031,44.086822509765625,93.40402221679688,417.5377685546875,150.61257629394532,263.3114074707031,192.49976806640626,80.27362670898438,105.23361053466797,56.58082809448242,461.38270263671876,154.7524841308594,340.62697143554686,123.94711151123047,22.351628494262695,21.93800048828125,416.77398071289065,106.7899398803711,118.6546127319336,69.22549133300781,64.61799926757813,43.31152420043945,148.0193878173828,95.13863677978516,87.83550720214843,382.3161560058594,210.55895080566407,131.36461181640624,274.531640625,43.67783126831055,38.84937744140625,29.62345314025879,37.06226272583008,93.48974914550782,75.48202667236328,67.86371154785157,39.19562911987305,29.347114181518556,121.0186538696289,88.3570068359375
week62,2022-03-07,2022-03-11,2022,95.87181396484375,71.12182159423828,23.14740982055664,307.8789794921875,106.54685516357422,39.25545883178711,60.612525177001956,23.895947647094726,53.365606689453124,28.717954635620117,42.14977340698242,26.97281379699707,24.706881713867187,27.933320617675783,65.43275909423828,98.78398742675782,57.02129211425781,47.45368270874023,98.75941162109375,41.28048858642578,89.17324371337891,399.6725830078125,146.60691528320314,246.36648864746093,187.09632873535156,79.27660675048828,103.46628875732422,47.13077011108398,444.186328125,145.39908142089843,319.6134765625,119.57184295654297,21.899478912353512,23.966000366210938,398.920703125,111.03692779541015,118.88493194580079,68.73189849853516,78.74600067138672,39.61478042602539,143.09407653808594,91.0354995727539,88.56696929931641,365.90578002929686,200.94485778808593,128.84716339111327,254.99376220703124,38.87538070678711,37.46950454711914,33.218505859375,33.89253921508789,92.05354919433594,70.5254119873047,65.38608093261719,40.01296768188477,31.32501564025879,121.1554458618164,80.42488555908203,96.90283203125,71.90501098632812,22.148491287231444,314.513916015625,106.90899047851562,41.57559509277344,63.254312133789064,25.14217300415039,56.16413345336914,30.148700714111328,44.37794647216797,28.195421600341795,24.796580505371093,30.969392395019533,66.62481231689453,99.64819641113282,59.50361022949219,50.0919792175293,100.58308715820313,42.34079208374023,92.04730224609375,411.7802001953125,149.3973846435547,258.0617309570313,191.2903594970703,80.76211242675781,105.88627014160156,52.0504508972168,458.5673461914063,151.75003356933593,334.4740417480469,123.2902603149414,22.2191520690918,23.292000579833985,410.9792907714844,110.15287017822266,121.1181655883789,69.49660797119141,73.74199981689453,41.16871185302735,146.5445770263672,93.83358459472656,88.60457611083984,376.98573608398436,207.51478576660156,130.68942260742188,267.8736572265625,40.995445251464844,38.206913757324216,31.465605545043946,35.253395080566406,93.82955017089844,73.79106292724609,67.66593475341797,39.87006378173828,30.42814521789551,122.69198303222656,84.70887756347656,96.2134017944336,71.39630699157715,20.56571102142334,312.53904724121094,105.02592468261719,42.93338966369629,65.40110397338867,27.16479206085205,56.814022064208984,32.26726531982422,44.71349906921387,29.01120805740356,24.391464710235596,31.99787139892578,66.30955696105957,98.32748985290527,61.36799430847168,51.589393615722656,98.48173522949219,43.35352897644043,90.90788269042969,406.8044128417969,147.6295623779297,254.56388092041016,187.53015899658203,80.45122528076172,104.94119071960449,53.737117767333984,450.7281265258789,149.42831420898438,330.01392364501953,121.01265335083008,21.95002269744873,22.437499523162842,406.1707000732422,107.79608345031738,119.32023620605469,68.14573860168457,65.97999954223633,42.18826198577881,144.9677276611328,92.79526138305664,87.01731300354004,372.5249481201172,204.82891464233398,128.9760456085205,264.8526382446289,42.18514347076416,38.02140808105469,29.30674982070923,36.01408863067627,91.27349662780762,73.27238082885742,67.3620719909668,39.02397060394287,29.251274585723877,119.86578559875488,83.66759490966797
week63,2022-03-14,2022-03-18,2022,94.77901763916016,70.2772201538086,21.823059463500975,317.30034790039065,108.11781005859375,39.576541137695315,63.43479614257812,25.749866485595703,54.78748321533203,30.630353927612305,42.79855194091797,27.921063232421876,24.377495193481444,27.49674835205078,65.27561492919922,96.7410659790039,59.665350341796874,47.90290451049805,100.46300811767578,43.525952911376955,91.48042755126953,410.4516906738281,149.92188110351563,253.84598693847656,190.39420471191406,79.03942260742187,102.78287048339844,45.846981048583984,457.4648803710937,150.84302368164063,328.1359069824219,122.26593780517578,22.376968765258788,23.12400016784668,409.72703857421874,109.43802795410156,115.16719970703124,70.20709075927735,71.61399841308594,41.260118103027345,147.00465087890626,92.58223876953124,89.55137176513672,375.7927734375,206.13998107910157,131.60419311523438,263.0068115234375,39.11812515258789,38.718492126464845,31.68655891418457,35.57633895874024,94.72130432128907,72.23673248291016,65.98120422363282,40.49221649169922,31.425944519042968,125.44461669921876,83.93962707519532,95.87181396484375,71.12182159423828,23.14740982055664,307.8789794921875,106.54685516357422,39.25545883178711,60.612525177001956,23.895947647094726,53.365606689453124,28.717954635620117,42.14977340698242,26.97281379699707,24.706881713867187,27.933320617675783,65.43275909423828,98.78398742675782,57.02129211425781,47.45368270874023,98.75941162109375,41.28048858642578,89.17324371337891,399.6725830078125,146.60691528320314,246.36648864746093,187.09632873535156,79.27660675048828,103.46628875732422,47.13077011108398,444.186328125,145.39908142089843,319.6134765625,119.57184295654297,21.899478912353512,23.966000366210938,398.920703125,111.03692779541015,118.88493194580079,68.73189849853516,78.74600067138672,39.61478042602539,143.09407653808594,91.0354995727539,88.56696929931641,365.90578002929686,200.94485778808593,128.84716339111327,254.99376220703124,38.87538070678711,37.46950454711914,33.218505859375,33.89253921508789,92.05354919433594,70.5254119873047,65.38608093261719,40.01296768188477,31.32501564025879,121.1554458618164,80.42488555908203,96.90283203125,71.90501098632812,22.148491287231444,314.513916015625,106.90899047851562,41.57559509277344,63.254312133789064,25.14217300415039,56.16413345336914,30.148700714111328,44.37794647216797,28.195421600341795,24.796580505371093,30.969392395019533,66.62481231689453,99.64819641113282,59.50361022949219,50.0919792175293,100.58308715820313,42.34079208374023,92.04730224609375,411.7802001953125,149.3973846435547,258.0617309570313,191.2903594970703,80.76211242675781,105.88627014160156,52.0504508972168,458.5673461914063,151.75003356933593,334.4740417480469,123.2902603149414,22.2191520690918,23.292000579833985,410.9792907714844,110.15287017822266,121.1181655883789,69.49660797119141,73.74199981689453,41.16871185302735,146.5445770263672,93.83358459472656,88.60457611083984,376.98573608398436,207.51478576660156,130.68942260742188,267.8736572265625,40.995445251464844,38.206913757324216,31.465605545043946,35.253395080566406,93.82955017089844,73.79106292724609,67.66593475341797,39.87006378173828,30.42814521789551,122.69198303222656,84.70887756347656
week64,2022-03-21,2022-03-25,2022,93.97481994628906,69.71063842773438,23.415411758422852,323.9097534179688,110.19340209960937,40.95338363647461,65.0856948852539,25.77163429260254,56.486140441894534,30.992923736572266,43.27153396606445,28.82987289428711,26.880238723754882,29.46584815979004,65.51938018798828,95.09041595458984,61.14735641479492,49.50549392700195,101.95118103027343,43.67657623291016,95.00655364990234,426.12262573242185,153.65142822265625,267.45118408203126,195.48244323730466,79.39519653320312,102.44629211425782,48.888964080810545,467.90972290039065,159.20132751464843,347.1500183105469,126.86917419433594,22.808945846557616,23.297999954223634,425.27057495117185,108.66453399658204,113.12638244628906,71.57622985839843,80.10799865722656,42.29796447753906,149.98756103515626,94.88872833251953,90.39152679443359,390.1279541015625,214.14285888671876,134.82350463867186,277.292626953125,40.453652954101564,40.488068389892575,33.624609375,36.637567138671876,97.02930145263672,75.921484375,67.15467834472656,40.908197021484376,31.840923309326172,127.61033477783204,88.4569320678711,94.77901763916016,70.2772201538086,21.823059463500975,317.30034790039065,108.11781005859375,39.576541137695315,63.43479614257812,25.749866485595703,54.78748321533203,30.630353927612305,42.79855194091797,27.921063232421876,24.377495193481444,27.49674835205078,65.27561492919922,96.7410659790039,59.665350341796874,47.90290451049805,100.46300811767578,43.525952911376955,91.48042755126953,410.4516906738281,149.92188110351563,253.84598693847656,190.39420471191406,79.03942260742187,102.78287048339844,45.846981048583984,457.4648803710937,150.84302368164063,328.1359069824219,122.26593780517578,22.376968765258788,23.12400016784668,409.72703857421874,109.43802795410156,115.16719970703124,70.20709075927735,71.61399841308594,41.260118103027345,147.00465087890626,92.58223876953124,89.55137176513672,375.7927734375,206.13998107910157,131.60419311523438,263.0068115234375,39.11812515258789,38.718492126464845,31.68655891418457,35.57633895874024,94.72130432128907,72.23673248291016,65.98120422363282,40.49221649169922,31.425944519042968,125.44461669921876,83.93962707519532,95.87181396484375,71.12182159423828,23.14740982055664,307.8789794921875,106.54685516357422,39.25545883178711,60.612525177001956,23.895947647094726,53.365606689453124,28.717954635620117,42.14977340698242,26.97281379699707,24.706881713867187,27.933320617675783,65.43275909423828,98.78398742675782,57.02129211425781,47.45368270874023,98.75941162109375,41.28048858642578,89.17324371337891,399.6725830078125,146.60691528320314,246.36648864746093,187.09632873535156,79.27660675048828,103.46628875732422,47.13077011108398,444.186328125,145.39908142089843,319.6134765625,119.57184295654297,21.899478912353512,23.966000366210938,398.920703125,111.03692779541015,118.88493194580079,68.73189849853516,78.74600067138672,39.61478042602539,143.09407653808594,91.0354995727539,88.56696929931641,365.90578002929686,200.94485778808593,128.84716339111327,254.99376220703124,38.87538070678711,37.46950454711914,33.218505859375,33.89253921508789,92.05354919433594,70.5254119873047,65.38608093261719,40.01296768188477,31.32501564025879,121.1554458618164,80.42488555908203
week65,2022-03-28,2022-04-01,2022,94.03636627197265,69.79116516113281,22.78021125793457,327.0561218261719,111.89738464355469,41.370609283447266,65.71738891601562,26.188855361938476,56.20936050415039,31.76606101989746,43.04829711914063,28.956765365600585,27.93162956237793,29.75387649536133,66.04603424072266,94.90055236816406,61.694097900390624,50.02067565917969,102.5191345214844,44.558509063720706,96.65962524414063,433.72686157226565,155.28131103515625,274.11610107421876,197.50084228515624,80.03624420166015,103.26056671142578,49.055546569824216,473.0278625488281,162.10712280273438,356.85646362304686,129.5010528564453,23.035769271850587,22.879999923706055,432.81589965820314,107.73418884277343,114.39104919433593,73.08841094970703,75.3760009765625,42.65542755126953,152.22514953613282,95.46697998046875,93.8974594116211,397.0429992675781,217.8553009033203,136.0478515625,284.6773620605469,40.84595947265625,41.18198852539062,33.625484466552734,36.48202209472656,97.61134796142578,77.89031066894532,68.63030090332032,42.646881866455075,33.127037811279294,129.4580291748047,90.84758148193359,93.97481994628906,69.71063842773438,23.415411758422852,323.9097534179688,110.19340209960937,40.95338363647461,65.0856948852539,25.77163429260254,56.486140441894534,30.992923736572266,43.27153396606445,28.82987289428711,26.880238723754882,29.46584815979004,65.51938018798828,95.09041595458984,61.14735641479492,49.50549392700195,101.95118103027343,43.67657623291016,95.00655364990234,426.12262573242185,153.65142822265625,267.45118408203126,195.48244323730466,79.39519653320312,102.44629211425782,48.888964080810545,467.90972290039065,159.20132751464843,347.1500183105469,126.86917419433594,22.808945846557616,23.297999954223634,425.27057495117185,108.66453399658204,113.12638244628906,71.57622985839843,80.10799865722656,42.29796447753906,149.98756103515626,94.88872833251953,90.39152679443359,390.1279541015625,214.14285888671876,134.82350463867186,277.292626953125,40.453652954101564,40.488068389892575,33.624609375,36.637567138671876,97.02930145263672,75.921484375,67.15467834472656,40.908197021484376,31.840923309326172,127.61033477783204,88.4569320678711,94.77901763916016,70.2772201538086,21.823059463500975,317.30034790039065,108.11781005859375,39.576541137695315,63.43479614257812,25.749866485595703,54.78748321533203,30.630353927612305,42.79855194091797,27.921063232421876,24.377495193481444,27.49674835205078,65.27561492919922,96.7410659790039,59.665350341796874,47.90290451049805,100.46300811767578,43.525952911376955,91.48042755126953,410.4516906738281,149.92188110351563,253.84598693847656,190.39420471191406,79.03942260742187,102.78287048339844,45.846981048583984,457.4648803710937,150.84302368164063,328.1359069824219,122.26593780517578,22.376968765258788,23.12400016784668,409.72703857421874,109.43802795410156,115.16719970703124,70.20709075927735,71.61399841308594,41.260118103027345,147.00465087890626,92.58223876953124,89.55137176513672,375.7927734375,206.13998107910157,131.60419311523438,263.0068115234375,39.11812515258789,38.718492126464845,31.68655891418457,35.57633895874024,94.72130432128907,72.23673248291016,65.98120422363282,40.49221649169922,31.425944519042968,125.44461669921876,83.93962707519532
week66,2022-04-04,2022-04-08,2022,93.06681823730467,69.0573226928711,23.084760665893555,324.11163940429685,111.34688262939453,41.292606353759766,64.87159271240235,25.31450424194336,54.673516845703126,30.735213470458984,42.51950607299805,29.18139533996582,28.1066162109375,29.887926483154295,65.35967559814453,93.40471038818359,60.86783218383789,49.9832405090332,99.3602783203125,45.458281707763675,95.16575164794922,427.976708984375,153.93666381835936,268.5889892578125,191.82044677734376,79.23630828857422,101.85633850097656,49.198595428466795,459.0188232421875,158.23638305664062,348.91517944335936,127.88754119873047,22.954605102539062,22.61599998474121,427.1170349121094,106.1867660522461,111.442333984375,73.67944946289063,74.38600158691406,42.121881103515626,151.16502075195314,93.27306823730468,94.41125793457032,391.8555908203125,214.4947265625,135.21395263671874,278.8344299316406,40.91952285766602,40.8285514831543,33.804814147949216,35.38383331298828,94.60131378173828,75.80692596435547,69.97949676513672,43.35497817993164,33.94523162841797,131.24560546875,88.57985229492188,94.03636627197265,69.79116516113281,22.78021125793457,327.0561218261719,111.89738464355469,41.370609283447266,65.71738891601562,26.188855361938476,56.20936050415039,31.76606101989746,43.04829711914063,28.956765365600585,27.93162956237793,29.75387649536133,66.04603424072266,94.90055236816406,61.694097900390624,50.02067565917969,102.5191345214844,44.558509063720706,96.65962524414063,433.72686157226565,155.28131103515625,274.11610107421876,197.50084228515624,80.03624420166015,103.26056671142578,49.055546569824216,473.0278625488281,162.10712280273438,356.85646362304686,129.5010528564453,23.035769271850587,22.879999923706055,432.81589965820314,107.73418884277343,114.39104919433593,73.08841094970703,75.3760009765625,42.65542755126953,152.22514953613282,95.46697998046875,93.8974594116211,397.0429992675781,217.8553009033203,136.0478515625,284.6773620605469,40.84595947265625,41.18198852539062,33.625484466552734,36.48202209472656,97.61134796142578,77.89031066894532,68.63030090332032,42.646881866455075,33.127037811279294,129.4580291748047,90.84758148193359,93.97481994628906,69.71063842773438,23.415411758422852,323.9097534179688,110.19340209960937,40.95338363647461,65.0856948852539,25.77163429260254,56.486140441894534,30.992923736572266,43.27153396606445,28.82987289428711,26.880238723754882,29.46584815979004,65.51938018798828,95.09041595458984,61.14735641479492,49.50549392700195,101.95118103027343,43.67657623291016,95.00655364990234,426.12262573242185,153.65142822265625,267.45118408203126,195.48244323730466,79.39519653320312,102.44629211425782,48.888964080810545,467.90972290039065,159.20132751464843,347.1500183105469,126.86917419433594,22.808945846557616,23.297999954223634,425.27057495117185,108.66453399658204,113.12638244628906,71.57622985839843,80.10799865722656,42.29796447753906,149.98756103515626,94.88872833251953,90.39152679443359,390.1279541015625,214.14285888671876,134.82350463867186,277.292626953125,40.453652954101564,40.488068389892575,33.624609375,36.637567138671876,97.02930145263672,75.921484375,67.15467834472656,40.908197021484376,31.840923309326172,127.61033477783204,88.4569320678711
week67,2022-04-11,2022-04-14,2022,92.01294326782227,68.22119903564453,23.880937099456787,321.46153259277344,111.57828521728517,40.2803840637207,63.715694427490234,24.6932053565979,52.73019504547119,30.40330219268799,41.14869689941406,29.08408546447754,27.569522857666016,28.65338945388794,64.61291885375977,92.31456756591797,59.752811431884766,48.792884826660156,98.36902046203613,44.66156768798828,93.06808090209961,418.1240997314453,153.38908004760742,257.6383285522461,188.70490264892578,78.27565383911133,99.37369155883789,47.25253963470459,454.8744125366211,152.94918823242188,333.19466400146484,124.82521438598633,22.85865545272827,23.5024995803833,417.33384704589844,105.62163734436035,106.83646392822266,73.16485786437988,76.56750106811523,41.36734199523926,149.33501052856445,93.3429183959961,93.43478202819824,382.8798599243164,209.73707580566406,135.19114685058594,266.63976287841797,39.95362567901611,41.00157070159912,34.4442720413208,34.957956314086914,93.80218505859375,72.0122127532959,71.00900459289551,42.86027240753174,33.89643573760986,130.77051162719727,86.14323043823242,93.06681823730467,69.0573226928711,23.084760665893555,324.11163940429685,111.34688262939453,41.292606353759766,64.87159271240235,25.31450424194336,54.673516845703126,30.735213470458984,42.51950607299805,29.18139533996582,28.1066162109375,29.887926483154295,65.35967559814453,93.40471038818359,60.86783218383789,49.9832405090332,99.3602783203125,45.458281707763675,95.16575164794922,427.976708984375,153.93666381835936,268.5889892578125,191.82044677734376,79.23630828857422,101.85633850097656,49.198595428466795,459.0188232421875,158.23638305664062,348.91517944335936,127.88754119873047,22.954605102539062,22.61599998474121,427.1170349121094,106.1867660522461,111.442333984375,73.67944946289063,74.38600158691406,42.121881103515626,151.16502075195314,93.27306823730468,94.41125793457032,391.8555908203125,214.4947265625,135.21395263671874,278.8344299316406,40.91952285766602,40.8285514831543,33.804814147949216,35.38383331298828,94.60131378173828,75.80692596435547,69.97949676513672,43.35497817993164,33.94523162841797,131.24560546875,88.57985229492188,94.03636627197265,69.79116516113281,22.78021125793457,327.0561218261719,111.89738464355469,41.370609283447266,65.71738891601562,26.188855361938476,56.20936050415039,31.76606101989746,43.04829711914063,28.956765365600585,27.93162956237793,29.75387649536133,66.04603424072266,94.90055236816406,61.694097900390624,50.02067565917969,102.5191345214844,44.558509063720706,96.65962524414063,433.72686157226565,155.28131103515625,274.11610107421876,197.50084228515624,80.03624420166015,103.26056671142578,49.055546569824216,473.0278625488281,162.10712280273438,356.85646362304686,129.5010528564453,23.035769271850587,22.879999923706055,432.81589965820314,107.73418884277343,114.39104919433593,73.08841094970703,75.3760009765625,42.65542755126953,152.22514953613282,95.46697998046875,93.8974594116211,397.0429992675781,217.8553009033203,136.0478515625,284.6773620605469,40.84595947265625,41.18198852539062,33.625484466552734,36.48202209472656,97.61134796142578,77.89031066894532,68.63030090332032,42.646881866455075,33.127037811279294,129.4580291748047,90.84758148193359
week68,2022-04-18,2022-04-22,2022,90.98370513916015,67.4979736328125,24.130665969848632,323.6799621582031,113.11473846435547,39.306253814697264,63.358706665039065,24.84104728698731,52.16081237792969,30.62324447631836,40.308074951171875,28.951618576049803,26.91553192138672,27.40255012512207,64.31945724487305,91.38435821533203,59.450870513916016,47.74781494140625,99.25880584716796,44.09277191162109,92.70504302978516,416.77744750976564,153.7215362548828,254.93439025878905,188.71011962890626,77.95648803710938,97.56392822265624,45.24039840698242,459.9925048828125,151.48788146972657,329.15467529296876,124.50584716796875,22.93257369995117,23.09800033569336,415.945166015625,105.6085708618164,104.951220703125,72.70939331054687,77.78800048828126,41.19742202758789,149.81800537109376,94.00316314697265,95.01612854003906,381.552685546875,208.9045196533203,135.55152587890626,263.3708038330078,38.97547607421875,41.12462463378906,34.672586822509764,34.868464660644534,94.61073608398438,71.55179138183594,71.86331939697266,43.56179580688477,33.7268669128418,129.3602752685547,87.17159881591797,92.01294326782227,68.22119903564453,23.880937099456787,321.46153259277344,111.57828521728517,40.2803840637207,63.715694427490234,24.6932053565979,52.73019504547119,30.40330219268799,41.14869689941406,29.08408546447754,27.569522857666016,28.65338945388794,64.61291885375977,92.31456756591797,59.752811431884766,48.792884826660156,98.36902046203613,44.66156768798828,93.06808090209961,418.1240997314453,153.38908004760742,257.6383285522461,188.70490264892578,78.27565383911133,99.37369155883789,47.25253963470459,454.8744125366211,152.94918823242188,333.19466400146484,124.82521438598633,22.85865545272827,23.5024995803833,417.33384704589844,105.62163734436035,106.83646392822266,73.16485786437988,76.56750106811523,41.36734199523926,149.33501052856445,93.3429183959961,93.43478202819824,382.8798599243164,209.73707580566406,135.19114685058594,266.63976287841797,39.95362567901611,41.00157070159912,34.4442720413208,34.957956314086914,93.80218505859375,72.0122127532959,71.00900459289551,42.86027240753174,33.89643573760986,130.77051162719727,86.14323043823242,93.06681823730467,69.0573226928711,23.084760665893555,324.11163940429685,111.34688262939453,41.292606353759766,64.87159271240235,25.31450424194336,54.673516845703126,30.735213470458984,42.51950607299805,29.18139533996582,28.1066162109375,29.887926483154295,65.35967559814453,93.40471038818359,60.86783218383789,49.9832405090332,99.3602783203125,45.458281707763675,95.16575164794922,427.976708984375,153.93666381835936,268.5889892578125,191.82044677734376,79.23630828857422,101.85633850097656,49.198595428466795,459.0188232421875,158.23638305664062,348.91517944335936,127.88754119873047,22.954605102539062,22.61599998474121,427.1170349121094,106.1867660522461,111.442333984375,73.67944946289063,74.38600158691406,42.121881103515626,151.16502075195314,93.27306823730468,94.41125793457032,391.8555908203125,214.4947265625,135.21395263671874,278.8344299316406,40.91952285766602,40.8285514831543,33.804814147949216,35.38383331298828,94.60131378173828,75.80692596435547,69.97949676513672,43.35497817993164,33.94523162841797,131.24560546875,88.57985229492188
week69,2022-04-25,2022-04-29,2022,91.19694213867187,67.63027801513672,23.850482559204103,313.2611511230469,109.3532730102539,37.996527099609374,61.02303466796875,23.745384979248048,51.28525238037109,29.558628845214844,39.084458923339845,27.6261287689209,24.393670654296876,26.78301658630371,63.846044921875,91.89609985351562,57.262141418457034,46.127404022216794,95.01755828857422,43.64288482666016,88.79786224365235,399.63298950195315,147.83663024902344,243.4581787109375,179.5712860107422,77.26253814697266,97.46976318359376,43.697679901123045,441.6066162109375,143.14993286132812,313.3443176269531,119.99947204589844,22.301211547851562,21.486000061035156,398.84108276367186,105.79317474365234,105.49532928466797,70.35460815429687,76.54400177001953,39.596781158447264,145.78065795898436,90.6482925415039,92.27874603271485,365.8483947753906,200.03329772949218,130.79073791503907,250.7963623046875,37.67068710327148,39.49806900024414,32.76907577514648,33.18745346069336,91.20889739990234,69.50431823730469,71.17154846191406,42.26654586791992,32.45234336853027,124.56526947021484,82.0612289428711,90.98370513916015,67.4979736328125,24.130665969848632,323.6799621582031,113.11473846435547,39.306253814697264,63.358706665039065,24.84104728698731,52.16081237792969,30.62324447631836,40.308074951171875,28.951618576049803,26.91553192138672,27.40255012512207,64.31945724487305,91.38435821533203,59.450870513916016,47.74781494140625,99.25880584716796,44.09277191162109,92.70504302978516,416.77744750976564,153.7215362548828,254.93439025878905,188.71011962890626,77.95648803710938,97.56392822265624,45.24039840698242,459.9925048828125,151.48788146972657,329.15467529296876,124.50584716796875,22.93257369995117,23.09800033569336,415.945166015625,105.6085708618164,104.951220703125,72.70939331054687,77.78800048828126,41.19742202758789,149.81800537109376,94.00316314697265,95.01612854003906,381.552685546875,208.9045196533203,135.55152587890626,263.3708038330078,38.97547607421875,41.12462463378906,34.672586822509764,34.868464660644534,94.61073608398438,71.55179138183594,71.86331939697266,43.56179580688477,33.7268669128418,129.3602752685547,87.17159881591797,92.01294326782227,68.22119903564453,23.880937099456787,321.46153259277344,111.57828521728517,40.2803840637207,63.715694427490234,24.6932053565979,52.73019504547119,30.40330219268799,41.14869689941406,29.08408546447754,27.569522857666016,28.65338945388794,64.61291885375977,92.31456756591797,59.752811431884766,48.792884826660156,98.36902046203613,44.66156768798828,93.06808090209961,418.1240997314453,153.38908004760742,257.6383285522461,188.70490264892578,78.27565383911133,99.37369155883789,47.25253963470459,454.8744125366211,152.94918823242188,333.19466400146484,124.82521438598633,22.85865545272827,23.5024995803833,417.33384704589844,105.62163734436035,106.83646392822266,73.16485786437988,76.56750106811523,41.36734199523926,149.33501052856445,93.3429183959961,93.43478202819824,382.8798599243164,209.73707580566406,135.19114685058594,266.63976287841797,39.95362567901611,41.00157070159912,34.4442720413208,34.957956314086914,93.80218505859375,72.0122127532959,71.00900459289551,42.86027240753174,33.89643573760986,130.77051162719727,86.14323043823242
week70,2022-05-02,2022-05-06,2022,90.22956390380861,66.91622467041016,24.45087661743164,310.8055419921875,109.38626251220703,38.179742431640626,60.663839721679686,23.5821231842041,51.53308639526367,29.28669967651367,39.00214385986328,27.67414207458496,23.511386108398437,27.77390823364258,63.356238555908206,90.62918853759766,56.826151275634764,46.2718002319336,94.75635223388672,42.88977127075195,88.02628936767579,396.4275207519531,146.8758972167969,240.63503723144532,178.27769165039064,76.57377471923829,96.1234115600586,45.291098022460936,439.9145446777344,142.7211181640625,310.3002197265625,119.21467437744141,22.327878570556642,20.884000396728517,395.68707885742185,104.1918212890625,101.81416778564453,68.99239654541016,79.58000030517579,39.36082916259765,144.14485778808594,91.13322906494142,87.46384735107422,363.0132080078125,198.3397705078125,130.203173828125,247.3395538330078,37.75650329589844,39.71827087402344,34.993630981445314,32.84450225830078,90.74364929199218,69.7577133178711,69.4466781616211,39.949467468261716,31.868551635742186,122.57470245361328,79.18469543457032,91.19694213867187,67.63027801513672,23.850482559204103,313.2611511230469,109.3532730102539,37.996527099609374,61.02303466796875,23.745384979248048,51.28525238037109,29.558628845214844,39.084458923339845,27.6261287689209,24.393670654296876,26.78301658630371,63.846044921875,91.89609985351562,57.262141418457034,46.127404022216794,95.01755828857422,43.64288482666016,88.79786224365235,399.63298950195315,147.83663024902344,243.4581787109375,179.5712860107422,77.26253814697266,97.46976318359376,43.697679901123045,441.6066162109375,143.14993286132812,313.3443176269531,119.99947204589844,22.301211547851562,21.486000061035156,398.84108276367186,105.79317474365234,105.49532928466797,70.35460815429687,76.54400177001953,39.596781158447264,145.78065795898436,90.6482925415039,92.27874603271485,365.8483947753906,200.03329772949218,130.79073791503907,250.7963623046875,37.67068710327148,39.49806900024414,32.76907577514648,33.18745346069336,91.20889739990234,69.50431823730469,71.17154846191406,42.26654586791992,32.45234336853027,124.56526947021484,82.0612289428711,90.98370513916015,67.4979736328125,24.130665969848632,323.6799621582031,113.11473846435547,39.306253814697264,63.358706665039065,24.84104728698731,52.16081237792969,30.62324447631836,40.308074951171875,28.951618576049803,26.91553192138672,27.40255012512207,64.31945724487305,91.38435821533203,59.450870513916016,47.74781494140625,99.25880584716796,44.09277191162109,92.70504302978516,416.77744750976564,153.7215362548828,254.93439025878905,188.71011962890626,77.95648803710938,97.56392822265624,45.24039840698242,459.9925048828125,151.48788146972657,329.15467529296876,124.50584716796875,22.93257369995117,23.09800033569336,415.945166015625,105.6085708618164,104.951220703125,72.70939331054687,77.78800048828126,41.19742202758789,149.81800537109376,94.00316314697265,95.01612854003906,381.552685546875,208.9045196533203,135.55152587890626,263.3708038330078,38.97547607421875,41.12462463378906,34.672586822509764,34.868464660644534,94.61073608398438,71.55179138183594,71.86331939697266,43.56179580688477,33.7268669128418,129.3602752685547,87.17159881591797
week71,2022-05-09,2022-05-13,2022,90.5102767944336,67.08941497802735,23.855703353881836,299.747119140625,107.8823745727539,36.14259643554688,58.122904205322264,22.909127044677735,49.988196563720706,28.222083282470702,37.270667266845706,26.485829162597657,22.674687957763673,25.837414169311522,62.11635513305664,91.19316101074219,54.36141128540039,43.85276794433594,89.91940155029297,40.41440887451172,83.23946838378906,377.20419921875,141.72545471191407,223.73528442382812,165.7165557861328,74.959716796875,95.91748046875,42.26179580688476,414.88043212890625,132.8051300048828,289.5419189453125,113.04131622314453,21.93653984069824,19.59800033569336,376.52015991210936,103.61262817382813,101.67615509033203,66.91718444824218,77.95800018310547,37.62989196777344,139.2113464355469,88.18756866455078,81.43233795166016,345.3506164550781,187.48515930175782,126.67593994140626,228.56985168457032,35.80020294189453,37.77991485595703,34.0707405090332,31.37150344848633,87.1364990234375,65.29093704223632,68.89400939941406,37.05048828125,31.711685180664062,119.3905532836914,72.2798843383789,90.22956390380861,66.91622467041016,24.45087661743164,310.8055419921875,109.38626251220703,38.179742431640626,60.663839721679686,23.5821231842041,51.53308639526367,29.28669967651367,39.00214385986328,27.67414207458496,23.511386108398437,27.77390823364258,63.356238555908206,90.62918853759766,56.826151275634764,46.2718002319336,94.75635223388672,42.88977127075195,88.02628936767579,396.4275207519531,146.8758972167969,240.63503723144532,178.27769165039064,76.57377471923829,96.1234115600586,45.291098022460936,439.9145446777344,142.7211181640625,310.3002197265625,119.21467437744141,22.327878570556642,20.884000396728517,395.68707885742185,104.1918212890625,101.81416778564453,68.99239654541016,79.58000030517579,39.36082916259765,144.14485778808594,91.13322906494142,87.46384735107422,363.0132080078125,198.3397705078125,130.203173828125,247.3395538330078,37.75650329589844,39.71827087402344,34.993630981445314,32.84450225830078,90.74364929199218,69.7577133178711,69.4466781616211,39.949467468261716,31.868551635742186,122.57470245361328,79.18469543457032,91.19694213867187,67.63027801513672,23.850482559204103,313.2611511230469,109.3532730102539,37.996527099609374,61.02303466796875,23.745384979248048,51.28525238037109,29.558628845214844,39.084458923339845,27.6261287689209,24.393670654296876,26.78301658630371,63.846044921875,91.89609985351562,57.262141418457034,46.127404022216794,95.01755828857422,43.64288482666016,88.79786224365235,399.63298950195315,147.83663024902344,243.4581787109375,179.5712860107422,77.26253814697266,97.46976318359376,43.697679901123045,441.6066162109375,143.14993286132812,313.3443176269531,119.99947204589844,22.301211547851562,21.486000061035156,398.84108276367186,105.79317474365234,105.49532928466797,70.35460815429687,76.54400177001953,39.596781158447264,145.78065795898436,90.6482925415039,92.27874603271485,365.8483947753906,200.03329772949218,130.79073791503907,250.7963623046875,37.67068710327148,39.49806900024414,32.76907577514648,33.18745346069336,91.20889739990234,69.50431823730469,71.17154846191406,42.26654586791992,32.45234336853027,124.56526947021484,82.0612289428711
week72,2022-05-16,2022-05-20,2022,90.66034240722657,67.1565658569336,24.384745788574218,297.6926635742187,108.95906677246094,37.022396850585935,59.64817581176758,23.551285552978516,50.9777229309082,29.10185661315918,37.70179214477539,27.422075271606445,24.12898483276367,27.241326522827148,61.79952621459961,91.7090835571289,55.83111572265625,44.900953674316405,91.47534942626953,40.438191986083986,83.33805084228516,376.3445678710938,142.3745910644531,222.24067077636718,169.0627685546875,74.4956283569336,95.89517822265626,44.483524322509766,420.0195068359375,132.64885864257812,287.8177551269531,112.58876190185546,21.982339096069335,19.98400001525879,375.6263061523438,104.08475799560547,101.83162841796874,66.68452301025391,81.14800109863282,38.6300666809082,138.05062866210938,88.59499053955078,82.02861175537109,344.56463012695315,187.71438598632812,126.86572265625,227.42868041992188,36.66538772583008,38.31284866333008,36.01361999511719,31.200961685180665,86.6561767578125,64.78029403686523,66.3129997253418,37.17317886352539,31.997792053222657,121.58035736083984,70.45447235107422,90.5102767944336,67.08941497802735,23.855703353881836,299.747119140625,107.8823745727539,36.14259643554688,58.122904205322264,22.909127044677735,49.988196563720706,28.222083282470702,37.270667266845706,26.485829162597657,22.674687957763673,25.837414169311522,62.11635513305664,91.19316101074219,54.36141128540039,43.85276794433594,89.91940155029297,40.41440887451172,83.23946838378906,377.20419921875,141.72545471191407,223.73528442382812,165.7165557861328,74.959716796875,95.91748046875,42.26179580688476,414.88043212890625,132.8051300048828,289.5419189453125,113.04131622314453,21.93653984069824,19.59800033569336,376.52015991210936,103.61262817382813,101.67615509033203,66.91718444824218,77.95800018310547,37.62989196777344,139.2113464355469,88.18756866455078,81.43233795166016,345.3506164550781,187.48515930175782,126.67593994140626,228.56985168457032,35.80020294189453,37.77991485595703,34.0707405090332,31.37150344848633,87.1364990234375,65.29093704223632,68.89400939941406,37.05048828125,31.711685180664062,119.3905532836914,72.2798843383789,90.22956390380861,66.91622467041016,24.45087661743164,310.8055419921875,109.38626251220703,38.179742431640626,60.663839721679686,23.5821231842041,51.53308639526367,29.28669967651367,39.00214385986328,27.67414207458496,23.511386108398437,27.77390823364258,63.356238555908206,90.62918853759766,56.826151275634764,46.2718002319336,94.75635223388672,42.88977127075195,88.02628936767579,396.4275207519531,146.8758972167969,240.63503723144532,178.27769165039064,76.57377471923829,96.1234115600586,45.291098022460936,439.9145446777344,142.7211181640625,310.3002197265625,119.21467437744141,22.327878570556642,20.884000396728517,395.68707885742185,104.1918212890625,101.81416778564453,68.99239654541016,79.58000030517579,39.36082916259765,144.14485778808594,91.13322906494142,87.46384735107422,363.0132080078125,198.3397705078125,130.203173828125,247.3395538330078,37.75650329589844,39.71827087402344,34.993630981445314,32.84450225830078,90.74364929199218,69.7577133178711,69.4466781616211,39.949467468261716,31.868551635742186,122.57470245361328,79.18469543457032
week73,2022-05-23,2022-05-27,2022,91.55012512207031,67.81221771240234,24.769347381591796,303.324462890625,111.19232482910157,37.50130004882813,61.32561340332031,24.311355590820312,52.2675422668457,29.956748962402344,38.31290054321289,28.238288116455077,25.820029067993165,27.31016426086426,63.37401351928711,92.56303405761719,57.36058807373047,45.489220428466794,92.75692901611328,40.7017822265625,84.5627197265625,382.0663635253906,145.3643371582031,224.07912902832032,171.75648498535156,76.29060821533203,97.83944091796874,44.559573364257815,425.8883544921875,135.24841918945313,289.06743774414065,114.227099609375,22.3603458404541,20.3,381.20372314453124,104.45334930419922,103.52792663574219,67.93602752685547,83.3,39.63552703857422,140.30126037597657,90.05880279541016,83.89305267333984,349.700927734375,190.41760864257813,129.36927642822266,229.53682556152344,37.089227294921876,39.22234954833984,37.583841705322264,32.35537338256836,87.22691192626954,65.8278076171875,66.4665313720703,38.2703742980957,32.99780044555664,123.93558044433594,70.01699371337891,90.66034240722657,67.1565658569336,24.384745788574218,297.6926635742187,108.95906677246094,37.022396850585935,59.64817581176758,23.551285552978516,50.9777229309082,29.10185661315918,37.70179214477539,27.422075271606445,24.12898483276367,27.241326522827148,61.79952621459961,91.7090835571289,55.83111572265625,44.900953674316405,91.47534942626953,40.438191986083986,83.33805084228516,376.3445678710938,142.3745910644531,222.24067077636718,169.0627685546875,74.4956283569336,95.89517822265626,44.483524322509766,420.0195068359375,132.64885864257812,287.8177551269531,112.58876190185546,21.982339096069335,19.98400001525879,375.6263061523438,104.08475799560547,101.83162841796874,66.68452301025391,81.14800109863282,38.6300666809082,138.05062866210938,88.59499053955078,82.02861175537109,344.56463012695315,187.71438598632812,126.86572265625,227.42868041992188,36.66538772583008,38.31284866333008,36.01361999511719,31.200961685180665,86.6561767578125,64.78029403686523,66.3129997253418,37.17317886352539,31.997792053222657,121.58035736083984,70.45447235107422,90.5102767944336,67.08941497802735,23.855703353881836,299.747119140625,107.8823745727539,36.14259643554688,58.122904205322264,22.909127044677735,49.988196563720706,28.222083282470702,37.270667266845706,26.485829162597657,22.674687957763673,25.837414169311522,62.11635513305664,91.19316101074219,54.36141128540039,43.85276794433594,89.91940155029297,40.41440887451172,83.23946838378906,377.20419921875,141.72545471191407,223.73528442382812,165.7165557861328,74.959716796875,95.91748046875,42.26179580688476,414.88043212890625,132.8051300048828,289.5419189453125,113.04131622314453,21.93653984069824,19.59800033569336,376.52015991210936,103.61262817382813,101.67615509033203,66.91718444824218,77.95800018310547,37.62989196777344,139.2113464355469,88.18756866455078,81.43233795166016,345.3506164550781,187.48515930175782,126.67593994140626,228.56985168457032,35.80020294189453,37.77991485595703,34.0707405090332,31.37150344848633,87.1364990234375,65.29093704223632,68.89400939941406,37.05048828125,31.711685180664062,119.3905532836914,72.2798843383789
week74,2022-05-31,2022-06-03,2022,91.0751895904541,67.53522872924805,25.49939250946045,309.4770278930664,112.69839096069336,38.64322376251221,61.862199783325195,24.806580066680908,52.11287021636963,30.476612091064453,39.612205505371094,28.312450885772705,25.940977096557617,28.916056632995605,64.09252738952637,91.54072570800783,57.862942695617676,46.823076248168945,95.66304969787598,41.27503681182861,86.91157913208008,392.40506744384766,147.61406326293945,233.17521286010742,177.248046875,77.32743835449219,97.70570755004883,47.01262283325195,438.4492645263672,139.04859924316406,301.4011688232422,117.5667896270752,22.694868564605713,20.197499752044678,391.51068115234375,104.44865417480469,101.69669342041016,68.77661895751953,86.9325008392334,40.05989742279053,142.82110595703125,91.80384254455566,84.88583946228027,359.19652557373047,195.68104553222656,130.97137832641602,239.39243698120117,38.21537113189697,39.945651054382324,38.672712326049805,32.94101524353027,89.54048538208008,68.42985916137695,66.9090347290039,38.6033878326416,33.15555667877197,123.05684280395508,74.77796936035156,91.55012512207031,67.81221771240234,24.769347381591796,303.324462890625,111.19232482910157,37.50130004882813,61.32561340332031,24.311355590820312,52.2675422668457,29.956748962402344,38.31290054321289,28.238288116455077,25.820029067993165,27.31016426086426,63.37401351928711,92.56303405761719,57.36058807373047,45.489220428466794,92.75692901611328,40.7017822265625,84.5627197265625,382.0663635253906,145.3643371582031,224.07912902832032,171.75648498535156,76.29060821533203,97.83944091796874,44.559573364257815,425.8883544921875,135.24841918945313,289.06743774414065,114.227099609375,22.3603458404541,20.3,381.20372314453124,104.45334930419922,103.52792663574219,67.93602752685547,83.3,39.63552703857422,140.30126037597657,90.05880279541016,83.89305267333984,349.700927734375,190.41760864257813,129.36927642822266,229.53682556152344,37.089227294921876,39.22234954833984,37.583841705322264,32.35537338256836,87.22691192626954,65.8278076171875,66.4665313720703,38.2703742980957,32.99780044555664,123.93558044433594,70.01699371337891,90.66034240722657,67.1565658569336,24.384745788574218,297.6926635742187,108.95906677246094,37.022396850585935,59.64817581176758,23.551285552978516,50.9777229309082,29.10185661315918,37.70179214477539,27.422075271606445,24.12898483276367,27.241326522827148,61.79952621459961,91.7090835571289,55.83111572265625,44.900953674316405,91.47534942626953,40.438191986083986,83.33805084228516,376.3445678710938,142.3745910644531,222.24067077636718,169.0627685546875,74.4956283569336,95.89517822265626,44.483524322509766,420.0195068359375,132.64885864257812,287.8177551269531,112.58876190185546,21.982339096069335,19.98400001525879,375.6263061523438,104.08475799560547,101.83162841796874,66.68452301025391,81.14800109863282,38.6300666809082,138.05062866210938,88.59499053955078,82.02861175537109,344.56463012695315,187.71438598632812,126.86572265625,227.42868041992188,36.66538772583008,38.31284866333008,36.01361999511719,31.200961685180665,86.6561767578125,64.78029403686523,66.3129997253418,37.17317886352539,31.997792053222657,121.58035736083984,70.45447235107422
week75,2022-06-06,2022-06-10,2022,90.24348754882813,66.88981018066406,26.35821952819824,305.2627868652344,111.32292175292969,38.40521774291992,60.73774642944336,24.341188430786133,51.23719482421875,29.900343322753905,38.94354248046875,27.935143280029298,24.64407386779785,30.052951049804687,62.70606384277344,90.53762817382812,56.79394683837891,46.45449600219727,95.12942199707031,40.592777252197266,85.65374908447265,385.9834899902344,145.63052062988282,229.22469787597657,176.88601989746093,75.58195343017579,96.30077514648437,48.96684646606445,434.94696655273435,138.29845581054687,295.4251770019531,115.85047607421875,22.359767532348634,20.280000305175783,385.23447875976564,104.29529876708985,99.9914764404297,67.77497711181641,90.32599945068358,39.33441925048828,140.7633087158203,89.7678466796875,82.76235961914062,353.40350952148435,192.9067840576172,129.18496551513672,235.18592529296876,38.09627838134766,39.58319091796875,39.602821350097656,32.06677436828613,89.11619415283204,66.90542449951172,66.02762908935547,37.583309173583984,32.68317985534668,121.21759033203125,73.25453186035156,91.0751895904541,67.53522872924805,25.49939250946045,309.4770278930664,112.69839096069336,38.64322376251221,61.862199783325195,24.806580066680908,52.11287021636963,30.476612091064453,39.612205505371094,28.312450885772705,25.940977096557617,28.916056632995605,64.09252738952637,91.54072570800783,57.862942695617676,46.823076248168945,95.66304969787598,41.27503681182861,86.91157913208008,392.40506744384766,147.61406326293945,233.17521286010742,177.248046875,77.32743835449219,97.70570755004883,47.01262283325195,438.4492645263672,139.04859924316406,301.4011688232422,117.5667896270752,22.694868564605713,20.197499752044678,391.51068115234375,104.44865417480469,101.69669342041016,68.77661895751953,86.9325008392334,40.05989742279053,142.82110595703125,91.80384254455566,84.88583946228027,359.19652557373047,195.68104553222656,130.97137832641602,239.39243698120117,38.21537113189697,39.945651054382324,38.672712326049805,32.94101524353027,89.54048538208008,68.42985916137695,66.9090347290039,38.6033878326416,33.15555667877197,123.05684280395508,74.77796936035156,91.55012512207031,67.81221771240234,24.769347381591796,303.324462890625,111.19232482910157,37.50130004882813,61.32561340332031,24.311355590820312,52.2675422668457,29.956748962402344,38.31290054321289,28.238288116455077,25.820029067993165,27.31016426086426,63.37401351928711,92.56303405761719,57.36058807373047,45.489220428466794,92.75692901611328,40.7017822265625,84.5627197265625,382.0663635253906,145.3643371582031,224.07912902832032,171.75648498535156,76.29060821533203,97.83944091796874,44.559573364257815,425.8883544921875,135.24841918945313,289.06743774414065,114.227099609375,22.3603458404541,20.3,381.20372314453124,104.45334930419922,103.52792663574219,67.93602752685547,83.3,39.63552703857422,140.30126037597657,90.05880279541016,83.89305267333984,349.700927734375,190.41760864257813,129.36927642822266,229.53682556152344,37.089227294921876,39.22234954833984,37.583841705322264,32.35537338256836,87.22691192626954,65.8278076171875,66.4665313720703,38.2703742980957,32.99780044555664,123.93558044433594,70.01699371337891
week76,2022-06-13,2022-06-17,2022,88.32803955078126,65.47507934570312,25.649927139282227,284.2762451171875,101.49245910644531,36.56864929199219,56.218405151367186,22.275960540771486,48.28557510375977,27.39089584350586,37.17021026611328,25.92458152770996,22.10295181274414,29.179348373413085,59.97166900634765,88.52656707763671,52.53151245117188,44.24120101928711,86.32262115478515,39.01916732788086,78.30510559082032,353.9039367675781,133.76278381347657,208.84820556640625,160.3167724609375,72.17076263427734,93.4229721069336,47.77624740600586,394.13075561523436,127.8929214477539,269.5002807617187,105.76647338867187,20.75671844482422,19.809999847412108,353.38515014648436,101.71716766357422,96.89212036132812,63.500780487060545,87.3479995727539,36.381432342529294,130.92981872558593,81.79194946289063,75.51251220703125,324.1615783691406,176.31422119140626,119.09044647216797,213.9205291748047,36.54804458618164,35.54641189575195,35.15983428955079,29.283817291259766,82.1411346435547,60.986296844482425,62.75126647949219,34.32327499389648,29.54766387939453,113.49781646728516,66.5684600830078,90.24348754882813,66.88981018066406,26.35821952819824,305.2627868652344,111.32292175292969,38.40521774291992,60.73774642944336,24.341188430786133,51.23719482421875,29.900343322753905,38.94354248046875,27.935143280029298,24.64407386779785,30.052951049804687,62.70606384277344,90.53762817382812,56.79394683837891,46.45449600219727,95.12942199707031,40.592777252197266,85.65374908447265,385.9834899902344,145.63052062988282,229.22469787597657,176.88601989746093,75.58195343017579,96.30077514648437,48.96684646606445,434.94696655273435,138.29845581054687,295.4251770019531,115.85047607421875,22.359767532348634,20.280000305175783,385.23447875976564,104.29529876708985,99.9914764404297,67.77497711181641,90.32599945068358,39.33441925048828,140.7633087158203,89.7678466796875,82.76235961914062,353.40350952148435,192.9067840576172,129.18496551513672,235.18592529296876,38.09627838134766,39.58319091796875,39.602821350097656,32.06677436828613,89.11619415283204,66.90542449951172,66.02762908935547,37.583309173583984,32.68317985534668,121.21759033203125,73.25453186035156,91.0751895904541,67.53522872924805,25.49939250946045,309.4770278930664,112.69839096069336,38.64322376251221,61.862199783325195,24.806580066680908,52.11287021636963,30.476612091064453,39.612205505371094,28.312450885772705,25.940977096557617,28.916056632995605,64.09252738952637,91.54072570800783,57.862942695617676,46.823076248168945,95.66304969787598,41.27503681182861,86.91157913208008,392.40506744384766,147.61406326293945,233.17521286010742,177.248046875,77.32743835449219,97.70570755004883,47.01262283325195,438.4492645263672,139.04859924316406,301.4011688232422,117.5667896270752,22.694868564605713,20.197499752044678,391.51068115234375,104.44865417480469,101.69669342041016,68.77661895751953,86.9325008392334,40.05989742279053,142.82110595703125,91.80384254455566,84.88583946228027,359.19652557373047,195.68104553222656,130.97137832641602,239.39243698120117,38.21537113189697,39.945651054382324,38.672712326049805,32.94101524353027,89.54048538208008,68.42985916137695,66.9090347290039,38.6033878326416,33.15555667877197,123.05684280395508,74.77796936035156
week77,2022-06-21,2022-06-24,2022,89.09343719482422,66.04742813110352,24.31818151473999,289.28428649902344,101.55410194396973,36.64822864532471,56.538978576660156,22.18113613128662,48.24447441101074,27.697606563568115,36.64211654663086,26.04982280731201,21.15973997116089,30.074886798858643,60.35343074798584,89.79483985900879,52.85007381439209,44.22948169708252,86.58460807800293,39.11479473114014,80.11003875732422,362.16666412353516,135.34521865844727,216.39317321777344,162.33473205566406,72.55903053283691,94.07060623168945,49.54614448547363,395.58421325683594,128.94190788269043,279.07875061035156,107.80228424072264,20.952248573303223,19.65500020980835,361.55181884765625,102.11533737182617,98.46061706542967,65.48635482788086,81.29500007629395,36.43898010253906,133.6609344482422,82.52614402770996,78.28168487548828,331.6377716064453,180.45904922485352,120.37565803527832,222.25435256958005,36.70209121704102,34.94675922393799,32.29509878158569,29.725347995758057,82.21230125427246,62.86006546020508,64.72055721282959,35.85527229309082,30.174255847930908,118.72756767272949,68.83554458618164,88.32803955078126,65.47507934570312,25.649927139282227,284.2762451171875,101.49245910644531,36.56864929199219,56.218405151367186,22.275960540771486,48.28557510375977,27.39089584350586,37.17021026611328,25.92458152770996,22.10295181274414,29.179348373413085,59.97166900634765,88.52656707763671,52.53151245117188,44.24120101928711,86.32262115478515,39.01916732788086,78.30510559082032,353.9039367675781,133.76278381347657,208.84820556640625,160.3167724609375,72.17076263427734,93.4229721069336,47.77624740600586,394.13075561523436,127.8929214477539,269.5002807617187,105.76647338867187,20.75671844482422,19.809999847412108,353.38515014648436,101.71716766357422,96.89212036132812,63.500780487060545,87.3479995727539,36.381432342529294,130.92981872558593,81.79194946289063,75.51251220703125,324.1615783691406,176.31422119140626,119.09044647216797,213.9205291748047,36.54804458618164,35.54641189575195,35.15983428955079,29.283817291259766,82.1411346435547,60.986296844482425,62.75126647949219,34.32327499389648,29.54766387939453,113.49781646728516,66.5684600830078,90.24348754882813,66.88981018066406,26.35821952819824,305.2627868652344,111.32292175292969,38.40521774291992,60.73774642944336,24.341188430786133,51.23719482421875,29.900343322753905,38.94354248046875,27.935143280029298,24.64407386779785,30.052951049804687,62.70606384277344,90.53762817382812,56.79394683837891,46.45449600219727,95.12942199707031,40.592777252197266,85.65374908447265,385.9834899902344,145.63052062988282,229.22469787597657,176.88601989746093,75.58195343017579,96.30077514648437,48.96684646606445,434.94696655273435,138.29845581054687,295.4251770019531,115.85047607421875,22.359767532348634,20.280000305175783,385.23447875976564,104.29529876708985,99.9914764404297,67.77497711181641,90.32599945068358,39.33441925048828,140.7633087158203,89.7678466796875,82.76235961914062,353.40350952148435,192.9067840576172,129.18496551513672,235.18592529296876,38.09627838134766,39.58319091796875,39.602821350097656,32.06677436828613,89.11619415283204,66.90542449951172,66.02762908935547,37.583309173583984,32.68317985534668,121.21759033203125,73.25453186035156
week78,2022-06-27,2022-07-01,2022,89.6116439819336,66.40646820068359,23.75650634765625,291.6979248046875,103.64640655517579,36.843064880371095,56.88577880859375,21.831264114379884,48.4353515625,27.709032821655274,35.64383316040039,26.294631576538087,21.211690521240236,30.934950256347655,60.02881546020508,90.57980041503906,53.13094863891602,44.41431655883789,88.0509246826172,39.044934082031254,80.60203857421875,364.2359680175781,136.48535766601563,217.17889099121095,163.96363830566406,72.08180694580078,94.48443603515625,50.84442977905273,401.14422607421875,131.14299621582032,278.2350769042969,108.18836822509766,21.132140731811525,18.953999710083007,363.6616455078125,101.64863891601563,99.49260101318359,66.45373229980468,82.5239990234375,36.66198806762695,135.1921600341797,83.17139282226563,79.5438446044922,333.47959594726564,181.56837158203126,122.00231018066407,221.85252685546874,36.883382415771486,34.754608917236325,32.42093009948731,29.993822479248045,82.99744262695313,62.73231048583985,65.84831848144532,36.40165481567383,31.464146423339844,121.47638702392578,68.11256866455078,89.09343719482422,66.04742813110352,24.31818151473999,289.28428649902344,101.55410194396973,36.64822864532471,56.538978576660156,22.18113613128662,48.24447441101074,27.697606563568115,36.64211654663086,26.04982280731201,21.15973997116089,30.074886798858643,60.35343074798584,89.79483985900879,52.85007381439209,44.22948169708252,86.58460807800293,39.11479473114014,80.11003875732422,362.16666412353516,135.34521865844727,216.39317321777344,162.33473205566406,72.55903053283691,94.07060623168945,49.54614448547363,395.58421325683594,128.94190788269043,279.07875061035156,107.80228424072264,20.952248573303223,19.65500020980835,361.55181884765625,102.11533737182617,98.46061706542967,65.48635482788086,81.29500007629395,36.43898010253906,133.6609344482422,82.52614402770996,78.28168487548828,331.6377716064453,180.45904922485352,120.37565803527832,222.25435256958005,36.70209121704102,34.94675922393799,32.29509878158569,29.725347995758057,82.21230125427246,62.86006546020508,64.72055721282959,35.85527229309082,30.174255847930908,118.72756767272949,68.83554458618164,88.32803955078126,65.47507934570312,25.649927139282227,284.2762451171875,101.49245910644531,36.56864929199219,56.218405151367186,22.275960540771486,48.28557510375977,27.39089584350586,37.17021026611328,25.92458152770996,22.10295181274414,29.179348373413085,59.97166900634765,88.52656707763671,52.53151245117188,44.24120101928711,86.32262115478515,39.01916732788086,78.30510559082032,353.9039367675781,133.76278381347657,208.84820556640625,160.3167724609375,72.17076263427734,93.4229721069336,47.77624740600586,394.13075561523436,127.8929214477539,269.5002807617187,105.76647338867187,20.75671844482422,19.809999847412108,353.38515014648436,101.71716766357422,96.89212036132812,63.500780487060545,87.3479995727539,36.381432342529294,130.92981872558593,81.79194946289063,75.51251220703125,324.1615783691406,176.31422119140626,119.09044647216797,213.9205291748047,36.54804458618164,35.54641189575195,35.15983428955079,29.283817291259766,82.1411346435547,60.986296844482425,62.75126647949219,34.32327499389648,29.54766387939453,113.49781646728516,66.5684600830078
week79,2022-07-05,2022-07-08,2022,90.19135665893555,66.82158470153809,22.02754259109497,293.01180267333984,102.79104042053223,36.36466884613037,55.90371036529541,20.833497524261475,48.536728858947754,26.85198163986206,34.128966331481934,25.58071231842041,20.71333932876587,30.659330368041992,60.56937503814697,91.42074775695801,52.23987007141113,43.79895210266113,87.95103073120117,39.672197341918945,81.46244621276855,368.1873550415039,136.5812873840332,221.93619918823242,165.83950424194336,72.63141632080078,95.40538024902344,50.51803493499756,402.06394958496094,130.65911483764648,285.1630859375,109.68960762023926,21.123796939849854,17.740000247955322,367.5721206665039,101.66745948791504,100.33674812316895,67.09316825866699,75.88500022888184,36.001891136169434,135.9617691040039,82.87099838256836,79.8646297454834,337.1138229370117,183.6347999572754,121.64328384399414,227.55732345581052,36.39993667602539,34.060540199279785,30.975961208343506,30.071540355682373,82.83662605285645,63.85287380218506,66.33782577514648,36.5421142578125,31.375881671905518,122.65142440795898,70.1548957824707,89.6116439819336,66.40646820068359,23.75650634765625,291.6979248046875,103.64640655517579,36.843064880371095,56.88577880859375,21.831264114379884,48.4353515625,27.709032821655274,35.64383316040039,26.294631576538087,21.211690521240236,30.934950256347655,60.02881546020508,90.57980041503906,53.13094863891602,44.41431655883789,88.0509246826172,39.044934082031254,80.60203857421875,364.2359680175781,136.48535766601563,217.17889099121095,163.96363830566406,72.08180694580078,94.48443603515625,50.84442977905273,401.14422607421875,131.14299621582032,278.2350769042969,108.18836822509766,21.132140731811525,18.953999710083007,363.6616455078125,101.64863891601563,99.49260101318359,66.45373229980468,82.5239990234375,36.66198806762695,135.1921600341797,83.17139282226563,79.5438446044922,333.47959594726564,181.56837158203126,122.00231018066407,221.85252685546874,36.883382415771486,34.754608917236325,32.42093009948731,29.993822479248045,82.99744262695313,62.73231048583985,65.84831848144532,36.40165481567383,31.464146423339844,121.47638702392578,68.11256866455078,89.09343719482422,66.04742813110352,24.31818151473999,289.28428649902344,101.55410194396973,36.64822864532471,56.538978576660156,22.18113613128662,48.24447441101074,27.697606563568115,36.64211654663086,26.04982280731201,21.15973997116089,30.074886798858643,60.35343074798584,89.79483985900879,52.85007381439209,44.22948169708252,86.58460807800293,39.11479473114014,80.11003875732422,362.16666412353516,135.34521865844727,216.39317321777344,162.33473205566406,72.55903053283691,94.07060623168945,49.54614448547363,395.58421325683594,128.94190788269043,279.07875061035156,107.80228424072264,20.952248573303223,19.65500020980835,361.55181884765625,102.11533737182617,98.46061706542967,65.48635482788086,81.29500007629395,36.43898010253906,133.6609344482422,82.52614402770996,78.28168487548828,331.6377716064453,180.45904922485352,120.37565803527832,222.25435256958005,36.70209121704102,34.94675922393799,32.29509878158569,29.725347995758057,82.21230125427246,62.86006546020508,64.72055721282959,35.85527229309082,30.174255847930908,118.72756767272949,68.83554458618164
week80,2022-07-11,2022-07-15,2022,90.33976287841797,66.89122924804687,21.86830863952637,290.98218994140626,102.04668731689453,35.44171829223633,55.30868301391602,20.42056541442871,48.166846466064456,26.635777282714844,34.14954681396485,25.30666389465332,20.06490478515625,28.782748794555665,60.96139755249023,91.50815124511719,51.69337615966797,42.77154693603516,86.93704223632812,39.532475280761716,80.48225402832031,364.0517150878906,135.01792602539064,218.9890594482422,163.55544738769532,73.10145263671875,95.88184967041016,47.63057861328125,398.70244750976565,129.9105987548828,281.6137451171875,108.61948699951172,20.94829444885254,17.38000030517578,363.4443664550781,101.74061889648438,101.28892211914062,66.50266876220704,74.16399993896485,35.59335021972656,134.98243408203126,82.46896362304688,78.9489532470703,333.37230224609374,181.3876708984375,120.59923858642578,224.02838439941405,35.49831695556641,33.60683746337891,30.43326759338379,29.635856246948244,81.8623031616211,63.43020248413086,66.17769317626953,36.09599151611328,31.37250862121582,121.55943450927734,69.25632781982422,90.19135665893555,66.82158470153809,22.02754259109497,293.01180267333984,102.79104042053223,36.36466884613037,55.90371036529541,20.833497524261475,48.536728858947754,26.85198163986206,34.128966331481934,25.58071231842041,20.71333932876587,30.659330368041992,60.56937503814697,91.42074775695801,52.23987007141113,43.79895210266113,87.95103073120117,39.672197341918945,81.46244621276855,368.1873550415039,136.5812873840332,221.93619918823242,165.83950424194336,72.63141632080078,95.40538024902344,50.51803493499756,402.06394958496094,130.65911483764648,285.1630859375,109.68960762023926,21.123796939849854,17.740000247955322,367.5721206665039,101.66745948791504,100.33674812316895,67.09316825866699,75.88500022888184,36.001891136169434,135.9617691040039,82.87099838256836,79.8646297454834,337.1138229370117,183.6347999572754,121.64328384399414,227.55732345581052,36.39993667602539,34.060540199279785,30.975961208343506,30.071540355682373,82.83662605285645,63.85287380218506,66.33782577514648,36.5421142578125,31.375881671905518,122.65142440795898,70.1548957824707,89.6116439819336,66.40646820068359,23.75650634765625,291.6979248046875,103.64640655517579,36.843064880371095,56.88577880859375,21.831264114379884,48.4353515625,27.709032821655274,35.64383316040039,26.294631576538087,21.211690521240236,30.934950256347655,60.02881546020508,90.57980041503906,53.13094863891602,44.41431655883789,88.0509246826172,39.044934082031254,80.60203857421875,364.2359680175781,136.48535766601563,217.17889099121095,163.96363830566406,72.08180694580078,94.48443603515625,50.84442977905273,401.14422607421875,131.14299621582032,278.2350769042969,108.18836822509766,21.132140731811525,18.953999710083007,363.6616455078125,101.64863891601563,99.49260101318359,66.45373229980468,82.5239990234375,36.66198806762695,135.1921600341797,83.17139282226563,79.5438446044922,333.47959594726564,181.56837158203126,122.00231018066407,221.85252685546874,36.883382415771486,34.754608917236325,32.42093009948731,29.993822479248045,82.99744262695313,62.73231048583985,65.84831848144532,36.40165481567383,31.464146423339844,121.47638702392578,68.11256866455078
week81,2022-07-18,2022-07-22,2022,90.60200653076171,67.10944061279297,22.080620956420898,298.31446533203126,102.96280975341797,36.04908905029297,56.94365463256836,21.356670761108397,49.237220001220706,27.71269073486328,35.18061828613281,25.84777717590332,20.05412902832031,28.86097640991211,62.024200439453125,91.62053985595703,53.29247131347656,43.53071823120117,90.95529174804688,40.32324295043945,83.01876678466797,374.75031127929685,138.56549377441405,226.70721435546875,170.6527099609375,74.43053588867187,96.59591979980469,47.510398864746094,414.6419616699219,131.167822265625,293.4751953125,112.18718872070312,21.133312225341797,17.247999954223634,374.1060485839844,102.41869506835937,101.52739715576172,67.12186279296876,76.50399932861328,36.67804489135742,137.98404846191406,84.73052215576172,80.66444549560546,343.1468566894531,187.1067352294922,122.72036285400391,233.30816345214845,35.96764984130859,34.640018463134766,31.70264549255371,30.65135383605957,84.56770935058594,66.16530990600586,66.17223510742187,36.75501708984375,30.92779960632324,121.8652328491211,73.48989715576172,90.33976287841797,66.89122924804687,21.86830863952637,290.98218994140626,102.04668731689453,35.44171829223633,55.30868301391602,20.42056541442871,48.166846466064456,26.635777282714844,34.14954681396485,25.30666389465332,20.06490478515625,28.782748794555665,60.96139755249023,91.50815124511719,51.69337615966797,42.77154693603516,86.93704223632812,39.532475280761716,80.48225402832031,364.0517150878906,135.01792602539064,218.9890594482422,163.55544738769532,73.10145263671875,95.88184967041016,47.63057861328125,398.70244750976565,129.9105987548828,281.6137451171875,108.61948699951172,20.94829444885254,17.38000030517578,363.4443664550781,101.74061889648438,101.28892211914062,66.50266876220704,74.16399993896485,35.59335021972656,134.98243408203126,82.46896362304688,78.9489532470703,333.37230224609374,181.3876708984375,120.59923858642578,224.02838439941405,35.49831695556641,33.60683746337891,30.43326759338379,29.635856246948244,81.8623031616211,63.43020248413086,66.17769317626953,36.09599151611328,31.37250862121582,121.55943450927734,69.25632781982422,90.19135665893555,66.82158470153809,22.02754259109497,293.01180267333984,102.79104042053223,36.36466884613037,55.90371036529541,20.833497524261475,48.536728858947754,26.85198163986206,34.128966331481934,25.58071231842041,20.71333932876587,30.659330368041992,60.56937503814697,91.42074775695801,52.23987007141113,43.79895210266113,87.95103073120117,39.672197341918945,81.46244621276855,368.1873550415039,136.5812873840332,221.93619918823242,165.83950424194336,72.63141632080078,95.40538024902344,50.51803493499756,402.06394958496094,130.65911483764648,285.1630859375,109.68960762023926,21.123796939849854,17.740000247955322,367.5721206665039,101.66745948791504,100.33674812316895,67.09316825866699,75.88500022888184,36.001891136169434,135.9617691040039,82.87099838256836,79.8646297454834,337.1138229370117,183.6347999572754,121.64328384399414,227.55732345581052,36.39993667602539,34.060540199279785,30.975961208343506,30.071540355682373,82.83662605285645,63.85287380218506,66.33782577514648,36.5421142578125,31.375881671905518,122.65142440795898,70.1548957824707
week82,2022-07-25,2022-07-29,2022,91.67577209472657,67.8989486694336,22.414754104614257,303.2826843261719,105.00310821533203,36.387532806396486,58.22233200073242,21.506149291992188,50.36604461669922,28.394673919677736,35.56430435180664,26.523297119140626,21.55341796875,28.489844512939452,63.005516052246094,93.14942474365235,54.536217498779294,43.96891098022461,93.62218322753907,41.15761184692383,84.77189788818359,382.9228454589844,141.29368591308594,231.70131225585936,174.78211975097656,75.65323791503906,97.91194610595703,46.59085464477539,427.18744506835935,134.50767822265624,298.6830810546875,114.00169525146484,21.454160308837892,17.77400016784668,382.2424255371094,104.16386566162109,102.90918273925782,68.27369079589843,76.88600158691406,37.53616561889648,140.9407165527344,85.77056427001953,83.38294525146485,350.59760131835935,191.04371948242186,125.30060424804688,238.03041381835936,36.30465393066406,35.51575698852539,33.18697967529297,31.163811874389648,87.48312530517578,67.80929870605469,67.40236053466796,38.122528076171875,32.259243392944335,124.3795166015625,75.23998260498047,90.60200653076171,67.10944061279297,22.080620956420898,298.31446533203126,102.96280975341797,36.04908905029297,56.94365463256836,21.356670761108397,49.237220001220706,27.71269073486328,35.18061828613281,25.84777717590332,20.05412902832031,28.86097640991211,62.024200439453125,91.62053985595703,53.29247131347656,43.53071823120117,90.95529174804688,40.32324295043945,83.01876678466797,374.75031127929685,138.56549377441405,226.70721435546875,170.6527099609375,74.43053588867187,96.59591979980469,47.510398864746094,414.6419616699219,131.167822265625,293.4751953125,112.18718872070312,21.133312225341797,17.247999954223634,374.1060485839844,102.41869506835937,101.52739715576172,67.12186279296876,76.50399932861328,36.67804489135742,137.98404846191406,84.73052215576172,80.66444549560546,343.1468566894531,187.1067352294922,122.72036285400391,233.30816345214845,35.96764984130859,34.640018463134766,31.70264549255371,30.65135383605957,84.56770935058594,66.16530990600586,66.17223510742187,36.75501708984375,30.92779960632324,121.8652328491211,73.48989715576172,90.33976287841797,66.89122924804687,21.86830863952637,290.98218994140626,102.04668731689453,35.44171829223633,55.30868301391602,20.42056541442871,48.166846466064456,26.635777282714844,34.14954681396485,25.30666389465332,20.06490478515625,28.782748794555665,60.96139755249023,91.50815124511719,51.69337615966797,42.77154693603516,86.93704223632812,39.532475280761716,80.48225402832031,364.0517150878906,135.01792602539064,218.9890594482422,163.55544738769532,73.10145263671875,95.88184967041016,47.63057861328125,398.70244750976565,129.9105987548828,281.6137451171875,108.61948699951172,20.94829444885254,17.38000030517578,363.4443664550781,101.74061889648438,101.28892211914062,66.50266876220704,74.16399993896485,35.59335021972656,134.98243408203126,82.46896362304688,78.9489532470703,333.37230224609374,181.3876708984375,120.59923858642578,224.02838439941405,35.49831695556641,33.60683746337891,30.43326759338379,29.635856246948244,81.8623031616211,63.43020248413086,66.17769317626953,36.09599151611328,31.37250862121582,121.55943450927734,69.25632781982422
week83,2022-08-01,2022-08-05,2022,91.88780059814454,68.07343292236328,21.943139266967773,307.450146484375,106.15001525878907,36.38204727172852,58.99460296630859,22.03492660522461,51.01447982788086,29.02729263305664,35.28665618896484,26.844474411010744,22.273815155029297,27.354617309570312,63.84872817993164,93.46458892822265,55.286408233642575,44.00497589111328,95.6708984375,42.68563690185547,87.20764617919922,393.509375,143.36264038085938,241.7188720703125,180.06930847167968,76.7754623413086,98.49928131103516,44.93931503295899,436.27772827148436,135.06943359375,312.75328369140624,116.7799789428711,21.776766204833983,18.53199996948242,392.7935546875,104.65178070068359,104.11507720947266,69.35210571289062,73.53199920654296,38.02498779296875,143.46484375,86.6690170288086,84.159423828125,360.30564575195314,196.6220458984375,126.30515899658204,249.78795776367187,36.29759521484375,35.86325454711914,32.957875442504886,31.499166870117186,90.46664428710938,70.847119140625,68.2394302368164,38.541265869140624,33.32924957275391,124.10392761230469,79.94794158935547,91.67577209472657,67.8989486694336,22.414754104614257,303.2826843261719,105.00310821533203,36.387532806396486,58.22233200073242,21.506149291992188,50.36604461669922,28.394673919677736,35.56430435180664,26.523297119140626,21.55341796875,28.489844512939452,63.005516052246094,93.14942474365235,54.536217498779294,43.96891098022461,93.62218322753907,41.15761184692383,84.77189788818359,382.9228454589844,141.29368591308594,231.70131225585936,174.78211975097656,75.65323791503906,97.91194610595703,46.59085464477539,427.18744506835935,134.50767822265624,298.6830810546875,114.00169525146484,21.454160308837892,17.77400016784668,382.2424255371094,104.16386566162109,102.90918273925782,68.27369079589843,76.88600158691406,37.53616561889648,140.9407165527344,85.77056427001953,83.38294525146485,350.59760131835935,191.04371948242186,125.30060424804688,238.03041381835936,36.30465393066406,35.51575698852539,33.18697967529297,31.163811874389648,87.48312530517578,67.80929870605469,67.40236053466796,38.122528076171875,32.259243392944335,124.3795166015625,75.23998260498047,90.60200653076171,67.10944061279297,22.080620956420898,298.31446533203126,102.96280975341797,36.04908905029297,56.94365463256836,21.356670761108397,49.237220001220706,27.71269073486328,35.18061828613281,25.84777717590332,20.05412902832031,28.86097640991211,62.024200439453125,91.62053985595703,53.29247131347656,43.53071823120117,90.95529174804688,40.32324295043945,83.01876678466797,374.75031127929685,138.56549377441405,226.70721435546875,170.6527099609375,74.43053588867187,96.59591979980469,47.510398864746094,414.6419616699219,131.167822265625,293.4751953125,112.18718872070312,21.133312225341797,17.247999954223634,374.1060485839844,102.41869506835937,101.52739715576172,67.12186279296876,76.50399932861328,36.67804489135742,137.98404846191406,84.73052215576172,80.66444549560546,343.1468566894531,187.1067352294922,122.72036285400391,233.30816345214845,35.96764984130859,34.640018463134766,31.70264549255371,30.65135383605957,84.56770935058594,66.16530990600586,66.17223510742187,36.75501708984375,30.92779960632324,121.8652328491211,73.48989715576172
week84,2022-08-08,2022-08-12,2022,91.44929656982421,67.75521545410156,22.37994842529297,312.2435791015625,108.22179718017578,36.99124984741211,59.54803237915039,22.29277801513672,51.08206329345703,29.47707176208496,36.227037048339845,27.0801212310791,23.957819747924805,27.178147506713866,64.06802368164062,92.73723602294922,55.840979766845706,44.776770782470706,97.15417938232422,42.96111907958984,88.72119750976563,399.30595092773444,146.03680114746095,245.3000701904297,186.03170776367188,77.14076080322266,98.14138336181641,44.96845245361328,445.70453491210935,136.78903503417968,316.5779724121094,118.20553588867188,22.168459701538087,18.950000381469728,398.6066040039062,104.07514343261718,102.46903686523437,70.36089782714843,74.51399993896484,38.446024322509764,145.3710510253906,87.76167755126953,86.27611083984375,365.6094177246094,200.0664031982422,128.28302612304688,253.84369812011718,36.94513931274414,36.77998580932617,33.600965118408205,32.53349914550781,92.29988555908203,71.69782257080078,68.14844818115235,39.530680084228514,33.88985748291016,124.8570785522461,80.570751953125,91.88780059814454,68.07343292236328,21.943139266967773,307.450146484375,106.15001525878907,36.38204727172852,58.99460296630859,22.03492660522461,51.01447982788086,29.02729263305664,35.28665618896484,26.844474411010744,22.273815155029297,27.354617309570312,63.84872817993164,93.46458892822265,55.286408233642575,44.00497589111328,95.6708984375,42.68563690185547,87.20764617919922,393.509375,143.36264038085938,241.7188720703125,180.06930847167968,76.7754623413086,98.49928131103516,44.93931503295899,436.27772827148436,135.06943359375,312.75328369140624,116.7799789428711,21.776766204833983,18.53199996948242,392.7935546875,104.65178070068359,104.11507720947266,69.35210571289062,73.53199920654296,38.02498779296875,143.46484375,86.6690170288086,84.159423828125,360.30564575195314,196.6220458984375,126.30515899658204,249.78795776367187,36.29759521484375,35.86325454711914,32.957875442504886,31.499166870117186,90.46664428710938,70.847119140625,68.2394302368164,38.541265869140624,33.32924957275391,124.10392761230469,79.94794158935547,91.67577209472657,67.8989486694336,22.414754104614257,303.2826843261719,105.00310821533203,36.387532806396486,58.22233200073242,21.506149291992188,50.36604461669922,28.394673919677736,35.56430435180664,26.523297119140626,21.55341796875,28.489844512939452,63.005516052246094,93.14942474365235,54.536217498779294,43.96891098022461,93.62218322753907,41.15761184692383,84.77189788818359,382.9228454589844,141.29368591308594,231.70131225585936,174.78211975097656,75.65323791503906,97.91194610595703,46.59085464477539,427.18744506835935,134.50767822265624,298.6830810546875,114.00169525146484,21.454160308837892,17.77400016784668,382.2424255371094,104.16386566162109,102.90918273925782,68.27369079589843,76.88600158691406,37.53616561889648,140.9407165527344,85.77056427001953,83.38294525146485,350.59760131835935,191.04371948242186,125.30060424804688,238.03041381835936,36.30465393066406,35.51575698852539,33.18697967529297,31.163811874389648,87.48312530517578,67.80929870605469,67.40236053466796,38.122528076171875,32.259243392944335,124.3795166015625,75.23998260498047
week85,2022-08-15,2022-08-19,2022,91.16878662109374,67.54366149902344,22.407791900634766,319.4826599121094,111.24815673828125,37.0900390625,59.46483459472656,22.01624298095703,51.74693832397461,29.312518310546874,36.77954864501953,26.996335983276367,24.431926727294922,26.927087783813477,63.74564895629883,92.3726577758789,55.726114654541014,44.92283554077149,99.43470458984375,43.43676986694336,90.50474395751954,407.655126953125,148.95492553710938,250.1552276611328,189.44585266113282,76.81693420410156,97.69876708984376,44.755408477783206,455.59026489257815,139.8212646484375,322.0127685546875,120.3630126953125,22.70008773803711,18.21800003051758,406.95831909179685,103.95802612304688,100.84056243896484,71.74985046386719,72.88799896240235,38.4067741394043,148.6591369628906,89.61485290527344,87.389794921875,373.37392578125,204.06995239257813,131.17916259765624,258.3875305175781,37.17098388671875,37.52715225219727,34.50235824584961,33.464210510253906,94.46421661376954,73.17049713134766,69.940869140625,40.023617553710935,34.84307327270508,125.8744903564453,82.82335052490234,91.44929656982421,67.75521545410156,22.37994842529297,312.2435791015625,108.22179718017578,36.99124984741211,59.54803237915039,22.29277801513672,51.08206329345703,29.47707176208496,36.227037048339845,27.0801212310791,23.957819747924805,27.178147506713866,64.06802368164062,92.73723602294922,55.840979766845706,44.776770782470706,97.15417938232422,42.96111907958984,88.72119750976563,399.30595092773444,146.03680114746095,245.3000701904297,186.03170776367188,77.14076080322266,98.14138336181641,44.96845245361328,445.70453491210935,136.78903503417968,316.5779724121094,118.20553588867188,22.168459701538087,18.950000381469728,398.6066040039062,104.07514343261718,102.46903686523437,70.36089782714843,74.51399993896484,38.446024322509764,145.3710510253906,87.76167755126953,86.27611083984375,365.6094177246094,200.0664031982422,128.28302612304688,253.84369812011718,36.94513931274414,36.77998580932617,33.600965118408205,32.53349914550781,92.29988555908203,71.69782257080078,68.14844818115235,39.530680084228514,33.88985748291016,124.8570785522461,80.570751953125,91.88780059814454,68.07343292236328,21.943139266967773,307.450146484375,106.15001525878907,36.38204727172852,58.99460296630859,22.03492660522461,51.01447982788086,29.02729263305664,35.28665618896484,26.844474411010744,22.273815155029297,27.354617309570312,63.84872817993164,93.46458892822265,55.286408233642575,44.00497589111328,95.6708984375,42.68563690185547,87.20764617919922,393.509375,143.36264038085938,241.7188720703125,180.06930847167968,76.7754623413086,98.49928131103516,44.93931503295899,436.27772827148436,135.06943359375,312.75328369140624,116.7799789428711,21.776766204833983,18.53199996948242,392.7935546875,104.65178070068359,104.11507720947266,69.35210571289062,73.53199920654296,38.02498779296875,143.46484375,86.6690170288086,84.159423828125,360.30564575195314,196.6220458984375,126.30515899658204,249.78795776367187,36.29759521484375,35.86325454711914,32.957875442504886,31.499166870117186,90.46664428710938,70.847119140625,68.2394302368164,38.541265869140624,33.32924957275391,124.10392761230469,79.94794158935547
week86,2022-08-22,2022-08-26,2022,90.13380432128906,66.79346771240235,23.121306228637696,309.9720886230469,109.01729125976563,36.53023147583008,57.51697845458985,20.674677276611327,50.35143127441406,27.915639877319336,35.88241729736328,26.3609619140625,24.528904342651366,27.269111251831056,62.44630584716797,91.01981048583984,53.854224395751956,44.28989181518555,96.07988586425782,42.60636444091797,87.43011932373047,394.06016235351564,144.76861572265625,240.2727020263672,182.79680786132812,75.15476684570312,96.018212890625,45.03582077026367,441.81524658203125,139.42575378417968,307.4417358398438,116.29713592529296,22.126890182495117,17.568000030517577,393.41680297851565,104.03910827636719,98.78170013427734,69.88472595214844,76.38000030517578,37.2025505065918,144.1426971435547,87.17177886962891,83.66656188964843,360.8247985839844,197.11273498535155,128.40424499511718,246.55746765136718,36.781045532226564,36.7296745300293,36.38475570678711,32.207562637329104,91.95177764892578,69.81536560058593,68.91454620361328,38.40168838500976,34.30492477416992,122.36733551025391,79.15535278320313,91.16878662109374,67.54366149902344,22.407791900634766,319.4826599121094,111.24815673828125,37.0900390625,59.46483459472656,22.01624298095703,51.74693832397461,29.312518310546874,36.77954864501953,26.996335983276367,24.431926727294922,26.927087783813477,63.74564895629883,92.3726577758789,55.726114654541014,44.92283554077149,99.43470458984375,43.43676986694336,90.50474395751954,407.655126953125,148.95492553710938,250.1552276611328,189.44585266113282,76.81693420410156,97.69876708984376,44.755408477783206,455.59026489257815,139.8212646484375,322.0127685546875,120.3630126953125,22.70008773803711,18.21800003051758,406.95831909179685,103.95802612304688,100.84056243896484,71.74985046386719,72.88799896240235,38.4067741394043,148.6591369628906,89.61485290527344,87.389794921875,373.37392578125,204.06995239257813,131.17916259765624,258.3875305175781,37.17098388671875,37.52715225219727,34.50235824584961,33.464210510253906,94.46421661376954,73.17049713134766,69.940869140625,40.023617553710935,34.84307327270508,125.8744903564453,82.82335052490234,91.44929656982421,67.75521545410156,22.37994842529297,312.2435791015625,108.22179718017578,36.99124984741211,59.54803237915039,22.29277801513672,51.08206329345703,29.47707176208496,36.227037048339845,27.0801212310791,23.957819747924805,27.178147506713866,64.06802368164062,92.73723602294922,55.840979766845706,44.776770782470706,97.15417938232422,42.96111907958984,88.72119750976563,399.30595092773444,146.03680114746095,245.3000701904297,186.03170776367188,77.14076080322266,98.14138336181641,44.96845245361328,445.70453491210935,136.78903503417968,316.5779724121094,118.20553588867188,22.168459701538087,18.950000381469728,398.6066040039062,104.07514343261718,102.46903686523437,70.36089782714843,74.51399993896484,38.446024322509764,145.3710510253906,87.76167755126953,86.27611083984375,365.6094177246094,200.0664031982422,128.28302612304688,253.84369812011718,36.94513931274414,36.77998580932617,33.600965118408205,32.53349914550781,92.29988555908203,71.69782257080078,68.14844818115235,39.530680084228514,33.88985748291016,124.8570785522461,80.570751953125
week87,2022-08-29,2022-09-02,2022,89.46038970947265,66.29762573242188,22.540053939819337,298.63402099609374,105.65699310302735,35.92285690307617,55.65593338012695,20.26548194885254,48.70203399658203,27.023392105102538,34.65461883544922,25.26826286315918,23.914719009399413,27.17269058227539,61.26703414916992,90.16487731933594,52.15282440185547,43.563175964355466,91.66206970214844,42.6380729675293,84.04555053710938,378.9078002929688,140.2471160888672,229.39800109863282,174.89466552734376,73.65083923339844,94.62546081542969,44.78818206787109,425.0267028808594,135.29488830566407,293.31280517578125,111.36136322021484,21.3072021484375,16.755999755859374,378.2628662109375,102.84664764404297,97.99024353027343,67.64696502685547,73.93000030517578,36.00011138916015,139.13939514160157,84.30218658447265,80.63505401611329,346.8551086425781,189.4803314208984,124.51092834472657,235.17236938476563,36.22701873779297,35.22974395751953,35.764661407470705,31.25047378540039,88.34393615722657,65.92781677246094,66.7982177734375,37.05713882446289,33.70118713378906,118.63932952880859,76.03935394287109,90.13380432128906,66.79346771240235,23.121306228637696,309.9720886230469,109.01729125976563,36.53023147583008,57.51697845458985,20.674677276611327,50.35143127441406,27.915639877319336,35.88241729736328,26.3609619140625,24.528904342651366,27.269111251831056,62.44630584716797,91.01981048583984,53.854224395751956,44.28989181518555,96.07988586425782,42.60636444091797,87.43011932373047,394.06016235351564,144.76861572265625,240.2727020263672,182.79680786132812,75.15476684570312,96.018212890625,45.03582077026367,441.81524658203125,139.42575378417968,307.4417358398438,116.29713592529296,22.126890182495117,17.568000030517577,393.41680297851565,104.03910827636719,98.78170013427734,69.88472595214844,76.38000030517578,37.2025505065918,144.1426971435547,87.17177886962891,83.66656188964843,360.8247985839844,197.11273498535155,128.40424499511718,246.55746765136718,36.781045532226564,36.7296745300293,36.38475570678711,32.207562637329104,91.95177764892578,69.81536560058593,68.91454620361328,38.40168838500976,34.30492477416992,122.36733551025391,79.15535278320313,91.16878662109374,67.54366149902344,22.407791900634766,319.4826599121094,111.24815673828125,37.0900390625,59.46483459472656,22.01624298095703,51.74693832397461,29.312518310546874,36.77954864501953,26.996335983276367,24.431926727294922,26.927087783813477,63.74564895629883,92.3726577758789,55.726114654541014,44.92283554077149,99.43470458984375,43.43676986694336,90.50474395751954,407.655126953125,148.95492553710938,250.1552276611328,189.44585266113282,76.81693420410156,97.69876708984376,44.755408477783206,455.59026489257815,139.8212646484375,322.0127685546875,120.3630126953125,22.70008773803711,18.21800003051758,406.95831909179685,103.95802612304688,100.84056243896484,71.74985046386719,72.88799896240235,38.4067741394043,148.6591369628906,89.61485290527344,87.389794921875,373.37392578125,204.06995239257813,131.17916259765624,258.3875305175781,37.17098388671875,37.52715225219727,34.50235824584961,33.464210510253906,94.46421661376954,73.17049713134766,69.940869140625,40.023617553710935,34.84307327270508,125.8744903564453,82.82335052490234
week88,2022-09-06,2022-09-09,2022,88.74507141113281,65.76570892333984,21.722993850708008,298.7662811279297,106.06697654724121,35.30130672454834,55.275217056274414,20.490166187286377,47.532111167907715,27.057673931121826,34.040021896362305,25.13996696472168,23.622634887695312,26.320359706878662,61.79449462890625,89.25066947937012,51.77324390411377,42.86802005767822,90.4671459197998,43.12561511993408,84.43106460571289,380.7154541015625,141.19264221191406,230.19202423095703,174.42975997924805,74.23030662536621,93.58353424072266,43.52585792541504,426.5177307128906,135.54804611206055,293.36515045166016,112.27867698669432,21.391661643981934,16.972500324249268,380.11544036865234,101.52527809143066,95.29626083374023,68.24827575683594,69.55749893188477,35.71867656707764,140.3270263671875,84.19826698303223,81.67177772521973,348.65696716308594,190.42940139770508,125.18766403198242,236.3686180114746,35.808855056762695,35.5499906539917,35.02514839172363,31.717711925506592,88.79137420654297,65.43213081359863,66.61078834533691,37.52048873901367,34.4057674407959,120.8346004486084,77.73025703430176,89.46038970947265,66.29762573242188,22.540053939819337,298.63402099609374,105.65699310302735,35.92285690307617,55.65593338012695,20.26548194885254,48.70203399658203,27.023392105102538,34.65461883544922,25.26826286315918,23.914719009399413,27.17269058227539,61.26703414916992,90.16487731933594,52.15282440185547,43.563175964355466,91.66206970214844,42.6380729675293,84.04555053710938,378.9078002929688,140.2471160888672,229.39800109863282,174.89466552734376,73.65083923339844,94.62546081542969,44.78818206787109,425.0267028808594,135.29488830566407,293.31280517578125,111.36136322021484,21.3072021484375,16.755999755859374,378.2628662109375,102.84664764404297,97.99024353027343,67.64696502685547,73.93000030517578,36.00011138916015,139.13939514160157,84.30218658447265,80.63505401611329,346.8551086425781,189.4803314208984,124.51092834472657,235.17236938476563,36.22701873779297,35.22974395751953,35.764661407470705,31.25047378540039,88.34393615722657,65.92781677246094,66.7982177734375,37.05713882446289,33.70118713378906,118.63932952880859,76.03935394287109,90.13380432128906,66.79346771240235,23.121306228637696,309.9720886230469,109.01729125976563,36.53023147583008,57.51697845458985,20.674677276611327,50.35143127441406,27.915639877319336,35.88241729736328,26.3609619140625,24.528904342651366,27.269111251831056,62.44630584716797,91.01981048583984,53.854224395751956,44.28989181518555,96.07988586425782,42.60636444091797,87.43011932373047,394.06016235351564,144.76861572265625,240.2727020263672,182.79680786132812,75.15476684570312,96.018212890625,45.03582077026367,441.81524658203125,139.42575378417968,307.4417358398438,116.29713592529296,22.126890182495117,17.568000030517577,393.41680297851565,104.03910827636719,98.78170013427734,69.88472595214844,76.38000030517578,37.2025505065918,144.1426971435547,87.17177886962891,83.66656188964843,360.8247985839844,197.11273498535155,128.40424499511718,246.55746765136718,36.781045532226564,36.7296745300293,36.38475570678711,32.207562637329104,91.95177764892578,69.81536560058593,68.91454620361328,38.40168838500976,34.30492477416992,122.36733551025391,79.15535278320313
week89,2022-09-12,2022-09-16,2022,88.1678237915039,65.37291717529297,22.08758201599121,295.23992309570315,105.43844909667969,35.20205993652344,55.505819702148436,20.67841453552246,47.45630645751953,27.33787269592285,33.68912200927734,25.221132659912108,23.73000259399414,26.05019760131836,61.32704315185547,88.54082336425782,51.99489135742188,42.73006744384766,90.2070556640625,43.35155029296875,83.81736755371094,377.2193603515625,140.4351837158203,227.88333435058593,174.6181182861328,73.65411529541015,93.2467544555664,43.211300659179685,425.520458984375,135.30636291503907,289.71702880859374,110.46273040771484,21.10169677734375,17.923999786376953,376.5959228515625,100.70445709228515,94.7408432006836,67.49262847900391,71.3540023803711,35.871656036376955,138.66189270019532,83.42913513183593,79.95197143554688,345.4402709960938,189.0524169921875,124.47602996826171,233.80411071777343,35.704750061035156,35.1058349609375,35.644361114501955,31.587715911865235,87.12177124023438,64.43761444091797,65.56627349853515,36.58716735839844,34.14321060180664,120.94974670410156,77.78459014892579,88.74507141113281,65.76570892333984,21.722993850708008,298.7662811279297,106.06697654724121,35.30130672454834,55.275217056274414,20.490166187286377,47.532111167907715,27.057673931121826,34.040021896362305,25.13996696472168,23.622634887695312,26.320359706878662,61.79449462890625,89.25066947937012,51.77324390411377,42.86802005767822,90.4671459197998,43.12561511993408,84.43106460571289,380.7154541015625,141.19264221191406,230.19202423095703,174.42975997924805,74.23030662536621,93.58353424072266,43.52585792541504,426.5177307128906,135.54804611206055,293.36515045166016,112.27867698669432,21.391661643981934,16.972500324249268,380.11544036865234,101.52527809143066,95.29626083374023,68.24827575683594,69.55749893188477,35.71867656707764,140.3270263671875,84.19826698303223,81.67177772521973,348.65696716308594,190.42940139770508,125.18766403198242,236.3686180114746,35.808855056762695,35.5499906539917,35.02514839172363,31.717711925506592,88.79137420654297,65.43213081359863,66.61078834533691,37.52048873901367,34.4057674407959,120.8346004486084,77.73025703430176,89.46038970947265,66.29762573242188,22.540053939819337,298.63402099609374,105.65699310302735,35.92285690307617,55.65593338012695,20.26548194885254,48.70203399658203,27.023392105102538,34.65461883544922,25.26826286315918,23.914719009399413,27.17269058227539,61.26703414916992,90.16487731933594,52.15282440185547,43.563175964355466,91.66206970214844,42.6380729675293,84.04555053710938,378.9078002929688,140.2471160888672,229.39800109863282,174.89466552734376,73.65083923339844,94.62546081542969,44.78818206787109,425.0267028808594,135.29488830566407,293.31280517578125,111.36136322021484,21.3072021484375,16.755999755859374,378.2628662109375,102.84664764404297,97.99024353027343,67.64696502685547,73.93000030517578,36.00011138916015,139.13939514160157,84.30218658447265,80.63505401611329,346.8551086425781,189.4803314208984,124.51092834472657,235.17236938476563,36.22701873779297,35.22974395751953,35.764661407470705,31.25047378540039,88.34393615722657,65.92781677246094,66.7982177734375,37.05713882446289,33.70118713378906,118.63932952880859,76.03935394287109
week90,2022-09-19,2022-09-23,2022,87.19653778076172,64.66747589111328,21.49762878417969,286.16192016601565,101.9889923095703,33.94523315429687,53.24145584106445,19.61525192260742,46.5484977722168,25.862373733520506,32.556199645996095,24.154615783691405,24.161008453369142,24.86403007507324,60.335401916503905,87.3467041015625,49.841224670410156,41.24237976074219,86.94647064208985,42.40817642211915,80.39668121337891,362.6975524902344,134.7534912109375,218.66812744140626,166.4393737792969,72.46560516357422,91.89440155029297,40.96251449584961,407.2558349609375,131.721923828125,278.09222412109375,105.62660217285156,20.56834945678711,17.845999908447265,362.1184143066406,99.10207061767578,93.75498962402344,65.37343139648438,68.44800109863282,34.39354476928711,134.0054718017578,79.77361297607422,75.14509429931641,332.1171813964844,181.34627685546874,120.30147552490234,223.23899841308594,34.49382095336914,33.25819396972656,33.702622985839845,30.439482116699217,83.19893951416016,61.853877258300784,64.64108505249024,34.311852264404294,33.109075927734374,117.46726684570312,74.53133544921874,88.1678237915039,65.37291717529297,22.08758201599121,295.23992309570315,105.43844909667969,35.20205993652344,55.505819702148436,20.67841453552246,47.45630645751953,27.33787269592285,33.68912200927734,25.221132659912108,23.73000259399414,26.05019760131836,61.32704315185547,88.54082336425782,51.99489135742188,42.73006744384766,90.2070556640625,43.35155029296875,83.81736755371094,377.2193603515625,140.4351837158203,227.88333435058593,174.6181182861328,73.65411529541015,93.2467544555664,43.211300659179685,425.520458984375,135.30636291503907,289.71702880859374,110.46273040771484,21.10169677734375,17.923999786376953,376.5959228515625,100.70445709228515,94.7408432006836,67.49262847900391,71.3540023803711,35.871656036376955,138.66189270019532,83.42913513183593,79.95197143554688,345.4402709960938,189.0524169921875,124.47602996826171,233.80411071777343,35.704750061035156,35.1058349609375,35.644361114501955,31.587715911865235,87.12177124023438,64.43761444091797,65.56627349853515,36.58716735839844,34.14321060180664,120.94974670410156,77.78459014892579,88.74507141113281,65.76570892333984,21.722993850708008,298.7662811279297,106.06697654724121,35.30130672454834,55.275217056274414,20.490166187286377,47.532111167907715,27.057673931121826,34.040021896362305,25.13996696472168,23.622634887695312,26.320359706878662,61.79449462890625,89.25066947937012,51.77324390411377,42.86802005767822,90.4671459197998,43.12561511993408,84.43106460571289,380.7154541015625,141.19264221191406,230.19202423095703,174.42975997924805,74.23030662536621,93.58353424072266,43.52585792541504,426.5177307128906,135.54804611206055,293.36515045166016,112.27867698669432,21.391661643981934,16.972500324249268,380.11544036865234,101.52527809143066,95.29626083374023,68.24827575683594,69.55749893188477,35.71867656707764,140.3270263671875,84.19826698303223,81.67177772521973,348.65696716308594,190.42940139770508,125.18766403198242,236.3686180114746,35.808855056762695,35.5499906539917,35.02514839172363,31.717711925506592,88.79137420654297,65.43213081359863,66.61078834533691,37.52048873901367,34.4057674407959,120.8346004486084,77.73025703430176
week91,2022-09-26,2022-09-30,2022,85.65067138671876,63.516666412353516,20.8189208984375,275.75681762695314,96.52764129638672,32.33349685668945,50.741974639892575,18.490431213378905,44.91553955078125,24.47829246520996,30.735428619384766,22.702336502075195,22.53087959289551,24.00169448852539,58.86028213500977,85.69962005615234,47.3914291381836,39.26239852905273,83.0747085571289,40.459991455078125,77.15356140136718,348.564697265625,128.84649200439452,210.7641632080078,159.10804443359376,70.63716735839844,88.95563049316407,39.47849884033203,388.3641418457031,127.54500274658203,268.0968383789062,101.78762969970703,19.865942764282227,17.228000259399415,347.95478515625,96.4940689086914,90.69714050292968,63.34777679443359,65.3599983215332,32.65775985717774,129.11672821044922,75.94031982421875,70.31566467285157,319.157080078125,174.0804016113281,115.51091003417969,214.63052368164062,32.95412902832031,31.873451232910156,31.78897171020508,28.981146240234374,79.77152099609376,59.534515380859375,62.52014389038086,32.2187313079834,30.823411560058595,115.697216796875,71.05494537353516,87.19653778076172,64.66747589111328,21.49762878417969,286.16192016601565,101.9889923095703,33.94523315429687,53.24145584106445,19.61525192260742,46.5484977722168,25.862373733520506,32.556199645996095,24.154615783691405,24.161008453369142,24.86403007507324,60.335401916503905,87.3467041015625,49.841224670410156,41.24237976074219,86.94647064208985,42.40817642211915,80.39668121337891,362.6975524902344,134.7534912109375,218.66812744140626,166.4393737792969,72.46560516357422,91.89440155029297,40.96251449584961,407.2558349609375,131.721923828125,278.09222412109375,105.62660217285156,20.56834945678711,17.845999908447265,362.1184143066406,99.10207061767578,93.75498962402344,65.37343139648438,68.44800109863282,34.39354476928711,134.0054718017578,79.77361297607422,75.14509429931641,332.1171813964844,181.34627685546874,120.30147552490234,223.23899841308594,34.49382095336914,33.25819396972656,33.702622985839845,30.439482116699217,83.19893951416016,61.853877258300784,64.64108505249024,34.311852264404294,33.109075927734374,117.46726684570312,74.53133544921874,88.1678237915039,65.37291717529297,22.08758201599121,295.23992309570315,105.43844909667969,35.20205993652344,55.505819702148436,20.67841453552246,47.45630645751953,27.33787269592285,33.68912200927734,25.221132659912108,23.73000259399414,26.05019760131836,61.32704315185547,88.54082336425782,51.99489135742188,42.73006744384766,90.2070556640625,43.35155029296875,83.81736755371094,377.2193603515625,140.4351837158203,227.88333435058593,174.6181182861328,73.65411529541015,93.2467544555664,43.211300659179685,425.520458984375,135.30636291503907,289.71702880859374,110.46273040771484,21.10169677734375,17.923999786376953,376.5959228515625,100.70445709228515,94.7408432006836,67.49262847900391,71.3540023803711,35.871656036376955,138.66189270019532,83.42913513183593,79.95197143554688,345.4402709960938,189.0524169921875,124.47602996826171,233.80411071777343,35.704750061035156,35.1058349609375,35.644361114501955,31.587715911865235,87.12177124023438,64.43761444091797,65.56627349853515,36.58716735839844,34.14321060180664,120.94974670410156,77.78459014892579
week92,2022-10-03,2022-10-07,2022,86.0722152709961,63.82906494140625,22.071918869018553,281.92432861328126,98.23330841064453,33.06710510253906,52.42939682006836,19.221003341674805,46.02244262695312,25.613715362548827,31.028428268432616,23.67983283996582,25.147705078125004,24.303693771362305,60.13111419677735,86.31893768310547,48.947452545166016,40.140586853027344,86.29713592529296,40.785020446777345,79.05869750976562,356.0749572753906,132.8021026611328,214.4099365234375,165.3255828857422,71.99358520507812,90.11550750732422,39.951925659179686,404.5888366699219,131.63259582519532,271.73829345703126,104.29471740722656,20.36043510437012,18.99800033569336,355.5083312988281,96.68023071289062,90.50602874755859,64.29340515136718,71.63999938964844,33.73501892089844,131.7643249511719,78.65279388427734,70.49222106933594,326.06035766601565,178.33968200683594,118.64827117919921,218.39551391601563,33.67837677001953,33.32377700805664,35.83089065551758,29.950845336914064,82.39863586425781,60.76396102905274,62.14650039672851,32.16524085998535,30.07358741760254,118.41671447753906,70.3025115966797,85.65067138671876,63.516666412353516,20.8189208984375,275.75681762695314,96.52764129638672,32.33349685668945,50.741974639892575,18.490431213378905,44.91553955078125,24.47829246520996,30.735428619384766,22.702336502075195,22.53087959289551,24.00169448852539,58.86028213500977,85.69962005615234,47.3914291381836,39.26239852905273,83.0747085571289,40.459991455078125,77.15356140136718,348.564697265625,128.84649200439452,210.7641632080078,159.10804443359376,70.63716735839844,88.95563049316407,39.47849884033203,388.3641418457031,127.54500274658203,268.0968383789062,101.78762969970703,19.865942764282227,17.228000259399415,347.95478515625,96.4940689086914,90.69714050292968,63.34777679443359,65.3599983215332,32.65775985717774,129.11672821044922,75.94031982421875,70.31566467285157,319.157080078125,174.0804016113281,115.51091003417969,214.63052368164062,32.95412902832031,31.873451232910156,31.78897171020508,28.981146240234374,79.77152099609376,59.534515380859375,62.52014389038086,32.2187313079834,30.823411560058595,115.697216796875,71.05494537353516,87.19653778076172,64.66747589111328,21.49762878417969,286.16192016601565,101.9889923095703,33.94523315429687,53.24145584106445,19.61525192260742,46.5484977722168,25.862373733520506,32.556199645996095,24.154615783691405,24.161008453369142,24.86403007507324,60.335401916503905,87.3467041015625,49.841224670410156,41.24237976074219,86.94647064208985,42.40817642211915,80.39668121337891,362.6975524902344,134.7534912109375,218.66812744140626,166.4393737792969,72.46560516357422,91.89440155029297,40.96251449584961,407.2558349609375,131.721923828125,278.09222412109375,105.62660217285156,20.56834945678711,17.845999908447265,362.1184143066406,99.10207061767578,93.75498962402344,65.37343139648438,68.44800109863282,34.39354476928711,134.0054718017578,79.77361297607422,75.14509429931641,332.1171813964844,181.34627685546874,120.30147552490234,223.23899841308594,34.49382095336914,33.25819396972656,33.702622985839845,30.439482116699217,83.19893951416016,61.853877258300784,64.64108505249024,34.311852264404294,33.109075927734374,117.46726684570312,74.53133544921874
week93,2022-10-10,2022-10-14,2022,84.87239837646484,62.938192749023436,22.138050079345703,278.31187133789064,96.26223907470703,31.706002044677735,50.81793899536133,18.67914733886719,44.76575698852539,24.99206657409668,29.522978210449217,22.960674667358397,24.270299911499023,22.52444190979004,59.08665771484375,85.00050201416016,47.40399017333984,38.555520629882814,85.03354339599609,40.212256622314456,76.45417633056641,344.65114135742186,129.49701232910155,205.57413330078126,161.2112243652344,70.77123413085937,87.96716003417968,37.022132873535156,396.58209838867185,130.20781860351562,258.9755004882812,101.0231719970703,20.01718635559082,17.511999893188477,344.07561645507815,96.2586441040039,87.80615234375,62.657466888427734,71.82999877929687,32.64523010253906,128.44683685302735,76.76816101074219,67.31775207519532,315.53990478515624,172.51229858398438,116.43529815673828,207.9136199951172,32.29426155090332,32.41404151916504,36.072331237792966,29.157282638549805,81.18012237548828,57.491293334960936,61.902906036376955,30.489318466186525,28.422880172729492,116.5291732788086,67.38997497558594,86.0722152709961,63.82906494140625,22.071918869018553,281.92432861328126,98.23330841064453,33.06710510253906,52.42939682006836,19.221003341674805,46.02244262695312,25.613715362548827,31.028428268432616,23.67983283996582,25.147705078125004,24.303693771362305,60.13111419677735,86.31893768310547,48.947452545166016,40.140586853027344,86.29713592529296,40.785020446777345,79.05869750976562,356.0749572753906,132.8021026611328,214.4099365234375,165.3255828857422,71.99358520507812,90.11550750732422,39.951925659179686,404.5888366699219,131.63259582519532,271.73829345703126,104.29471740722656,20.36043510437012,18.99800033569336,355.5083312988281,96.68023071289062,90.50602874755859,64.29340515136718,71.63999938964844,33.73501892089844,131.7643249511719,78.65279388427734,70.49222106933594,326.06035766601565,178.33968200683594,118.64827117919921,218.39551391601563,33.67837677001953,33.32377700805664,35.83089065551758,29.950845336914064,82.39863586425781,60.76396102905274,62.14650039672851,32.16524085998535,30.07358741760254,118.41671447753906,70.3025115966797,85.65067138671876,63.516666412353516,20.8189208984375,275.75681762695314,96.52764129638672,32.33349685668945,50.741974639892575,18.490431213378905,44.91553955078125,24.47829246520996,30.735428619384766,22.702336502075195,22.53087959289551,24.00169448852539,58.86028213500977,85.69962005615234,47.3914291381836,39.26239852905273,83.0747085571289,40.459991455078125,77.15356140136718,348.564697265625,128.84649200439452,210.7641632080078,159.10804443359376,70.63716735839844,88.95563049316407,39.47849884033203,388.3641418457031,127.54500274658203,268.0968383789062,101.78762969970703,19.865942764282227,17.228000259399415,347.95478515625,96.4940689086914,90.69714050292968,63.34777679443359,65.3599983215332,32.65775985717774,129.11672821044922,75.94031982421875,70.31566467285157,319.157080078125,174.0804016113281,115.51091003417969,214.63052368164062,32.95412902832031,31.873451232910156,31.78897171020508,28.981146240234374,79.77152099609376,59.534515380859375,62.52014389038086,32.2187313079834,30.823411560058595,115.697216796875,71.05494537353516
week94,2022-10-17,2022-10-21,2022,84.05586547851563,62.38473358154297,21.668175888061523,288.2196899414063,98.46509704589843,31.985904693603516,51.948309326171874,19.57040901184082,44.5575309753418,26.09823341369629,29.31648483276367,23.531462478637696,25.02763900756836,22.004130172729493,59.78902587890625,84.07490692138671,48.437750244140624,38.88010711669922,86.82378692626953,40.818712615966795,78.41473541259765,353.8909851074219,132.87146911621093,210.96626892089844,164.73507995605468,71.56463928222657,87.16348266601562,36.57237167358399,403.569287109375,133.56375732421876,265.7312377929687,103.21062469482422,20.494544219970702,17.25800018310547,353.3056396484375,96.22213287353516,84.87686614990234,63.80735549926758,69.9239990234375,33.38249740600586,131.68905029296874,78.90737609863281,68.60257110595703,324.0013427734375,176.9224884033203,119.68911895751953,213.2655242919922,32.55713577270508,33.143891143798825,37.477169799804685,30.172436904907226,83.32440032958985,59.346195220947266,62.826011657714844,31.061629486083984,28.69965705871582,118.93787536621093,68.56820678710938,84.87239837646484,62.938192749023436,22.138050079345703,278.31187133789064,96.26223907470703,31.706002044677735,50.81793899536133,18.67914733886719,44.76575698852539,24.99206657409668,29.522978210449217,22.960674667358397,24.270299911499023,22.52444190979004,59.08665771484375,85.00050201416016,47.40399017333984,38.555520629882814,85.03354339599609,40.212256622314456,76.45417633056641,344.65114135742186,129.49701232910155,205.57413330078126,161.2112243652344,70.77123413085937,87.96716003417968,37.022132873535156,396.58209838867185,130.20781860351562,258.9755004882812,101.0231719970703,20.01718635559082,17.511999893188477,344.07561645507815,96.2586441040039,87.80615234375,62.657466888427734,71.82999877929687,32.64523010253906,128.44683685302735,76.76816101074219,67.31775207519532,315.53990478515624,172.51229858398438,116.43529815673828,207.9136199951172,32.29426155090332,32.41404151916504,36.072331237792966,29.157282638549805,81.18012237548828,57.491293334960936,61.902906036376955,30.489318466186525,28.422880172729492,116.5291732788086,67.38997497558594,86.0722152709961,63.82906494140625,22.071918869018553,281.92432861328126,98.23330841064453,33.06710510253906,52.42939682006836,19.221003341674805,46.02244262695312,25.613715362548827,31.028428268432616,23.67983283996582,25.147705078125004,24.303693771362305,60.13111419677735,86.31893768310547,48.947452545166016,40.140586853027344,86.29713592529296,40.785020446777345,79.05869750976562,356.0749572753906,132.8021026611328,214.4099365234375,165.3255828857422,71.99358520507812,90.11550750732422,39.951925659179686,404.5888366699219,131.63259582519532,271.73829345703126,104.29471740722656,20.36043510437012,18.99800033569336,355.5083312988281,96.68023071289062,90.50602874755859,64.29340515136718,71.63999938964844,33.73501892089844,131.7643249511719,78.65279388427734,70.49222106933594,326.06035766601565,178.33968200683594,118.64827117919921,218.39551391601563,33.67837677001953,33.32377700805664,35.83089065551758,29.950845336914064,82.39863586425781,60.76396102905274,62.14650039672851,32.16524085998535,30.07358741760254,118.41671447753906,70.3025115966797
week95,2022-10-24,2022-10-28,2022,84.48018188476563,62.679316711425784,22.014491271972656,302.50823974609375,102.44262237548828,31.411462783813477,53.583282470703125,20.482224655151366,45.567626953125,27.2629093170166,29.075110626220702,24.32742385864258,24.197952270507812,19.99929008483887,60.775647735595705,84.67223815917968,49.94890594482422,38.29585189819336,90.51224365234376,41.633263397216794,81.29824676513672,367.0559143066406,138.1750030517578,217.96937561035156,171.1903564453125,72.732177734375,87.84713287353516,33.63165283203125,417.7510192871094,139.81546020507812,273.3414733886719,107.65484466552735,21.41677017211914,17.84799995422363,366.4453430175781,96.84630737304687,84.38807067871093,66.18277435302734,72.08000030517579,34.431121826171875,137.32107238769532,83.28837585449219,70.77191772460938,336.0823181152344,183.4240936279297,125.17257232666016,219.24788513183594,31.907998275756835,34.5286376953125,39.48739318847656,31.490623474121094,87.3373016357422,61.852900695800784,65.48359375,31.986954498291016,29.583349609375,123.9239486694336,70.45514526367188,84.05586547851563,62.38473358154297,21.668175888061523,288.2196899414063,98.46509704589843,31.985904693603516,51.948309326171874,19.57040901184082,44.5575309753418,26.09823341369629,29.31648483276367,23.531462478637696,25.02763900756836,22.004130172729493,59.78902587890625,84.07490692138671,48.437750244140624,38.88010711669922,86.82378692626953,40.818712615966795,78.41473541259765,353.8909851074219,132.87146911621093,210.96626892089844,164.73507995605468,71.56463928222657,87.16348266601562,36.57237167358399,403.569287109375,133.56375732421876,265.7312377929687,103.21062469482422,20.494544219970702,17.25800018310547,353.3056396484375,96.22213287353516,84.87686614990234,63.80735549926758,69.9239990234375,33.38249740600586,131.68905029296874,78.90737609863281,68.60257110595703,324.0013427734375,176.9224884033203,119.68911895751953,213.2655242919922,32.55713577270508,33.143891143798825,37.477169799804685,30.172436904907226,83.32440032958985,59.346195220947266,62.826011657714844,31.061629486083984,28.69965705871582,118.93787536621093,68.56820678710938,84.87239837646484,62.938192749023436,22.138050079345703,278.31187133789064,96.26223907470703,31.706002044677735,50.81793899536133,18.67914733886719,44.76575698852539,24.99206657409668,29.522978210449217,22.960674667358397,24.270299911499023,22.52444190979004,59.08665771484375,85.00050201416016,47.40399017333984,38.555520629882814,85.03354339599609,40.212256622314456,76.45417633056641,344.65114135742186,129.49701232910155,205.57413330078126,161.2112243652344,70.77123413085937,87.96716003417968,37.022132873535156,396.58209838867185,130.20781860351562,258.9755004882812,101.0231719970703,20.01718635559082,17.511999893188477,344.07561645507815,96.2586441040039,87.80615234375,62.657466888427734,71.82999877929687,32.64523010253906,128.44683685302735,76.76816101074219,67.31775207519532,315.53990478515624,172.51229858398438,116.43529815673828,207.9136199951172,32.29426155090332,32.41404151916504,36.072331237792966,29.157282638549805,81.18012237548828,57.491293334960936,61.902906036376955,30.489318466186525,28.422880172729492,116.5291732788086,67.38997497558594
week96,2022-10-31,2022-11-04,2022,84.50743103027344,62.699075317382814,22.386909103393556,305.9547973632813,104.04035797119141,31.91821632385254,53.74424591064453,20.319667053222656,45.87814483642578,27.213542938232422,29.289974212646484,24.56132354736328,25.384759521484376,20.144832611083984,60.54542999267578,84.39395294189453,50.12658538818359,38.91978149414062,91.24160614013672,41.97017974853516,80.51670989990234,362.87506103515625,139.1629852294922,211.59811706542968,172.43080139160156,72.48546142578125,88.31172790527344,34.36728744506836,420.9863586425781,140.6876708984375,263.39112854003906,106.48023986816406,21.63949661254883,18.120000076293945,362.26384887695315,96.57802124023438,84.74155883789062,66.3794662475586,73.76800079345703,34.577859497070314,137.9156921386719,84.02098236083984,71.46414947509766,332.27369384765626,181.69363098144532,126.79763336181641,211.2249328613281,32.340755462646484,34.57173156738281,40.355691528320314,31.98873100280762,89.31619567871094,60.194123077392575,65.8187744140625,32.268649673461915,30.20835647583008,124.50574798583985,67.82063293457031,84.48018188476563,62.679316711425784,22.014491271972656,302.50823974609375,102.44262237548828,31.411462783813477,53.583282470703125,20.482224655151366,45.567626953125,27.2629093170166,29.075110626220702,24.32742385864258,24.197952270507812,19.99929008483887,60.775647735595705,84.67223815917968,49.94890594482422,38.29585189819336,90.51224365234376,41.633263397216794,81.29824676513672,367.0559143066406,138.1750030517578,217.96937561035156,171.1903564453125,72.732177734375,87.84713287353516,33.63165283203125,417.7510192871094,139.81546020507812,273.3414733886719,107.65484466552735,21.41677017211914,17.84799995422363,366.4453430175781,96.84630737304687,84.38807067871093,66.18277435302734,72.08000030517579,34.431121826171875,137.32107238769532,83.28837585449219,70.77191772460938,336.0823181152344,183.4240936279297,125.17257232666016,219.24788513183594,31.907998275756835,34.5286376953125,39.48739318847656,31.490623474121094,87.3373016357422,61.852900695800784,65.48359375,31.986954498291016,29.583349609375,123.9239486694336,70.45514526367188,84.05586547851563,62.38473358154297,21.668175888061523,288.2196899414063,98.46509704589843,31.985904693603516,51.948309326171874,19.57040901184082,44.5575309753418,26.09823341369629,29.31648483276367,23.531462478637696,25.02763900756836,22.004130172729493,59.78902587890625,84.07490692138671,48.437750244140624,38.88010711669922,86.82378692626953,40.818712615966795,78.41473541259765,353.8909851074219,132.87146911621093,210.96626892089844,164.73507995605468,71.56463928222657,87.16348266601562,36.57237167358399,403.569287109375,133.56375732421876,265.7312377929687,103.21062469482422,20.494544219970702,17.25800018310547,353.3056396484375,96.22213287353516,84.87686614990234,63.80735549926758,69.9239990234375,33.38249740600586,131.68905029296874,78.90737609863281,68.60257110595703,324.0013427734375,176.9224884033203,119.68911895751953,213.2655242919922,32.55713577270508,33.143891143798825,37.477169799804685,30.172436904907226,83.32440032958985,59.346195220947266,62.826011657714844,31.061629486083984,28.69965705871582,118.93787536621093,68.56820678710938
week97,2022-11-07,2022-11-11,2022,85.07673492431641,63.0950813293457,22.55745735168457,313.76239013671875,106.05920867919922,33.63605728149414,56.605445098876956,21.840606689453125,48.01889266967773,28.81885681152344,31.508385467529298,25.439324569702148,24.161009216308592,21.95319023132324,60.767731475830075,85.01288299560547,52.818667602539065,40.912384033203125,92.8120834350586,43.09390563964844,81.97087707519532,369.8660461425781,142.26373901367188,214.56693115234376,173.69232177734375,72.70930480957031,89.28133392333984,37.22789001464844,430.4888427734375,141.95649108886718,268.73182373046876,109.48028564453125,22.2551025390625,19.626000213623048,369.2145568847656,96.86090393066407,84.6152572631836,67.28348541259766,73.86399841308594,36.419219207763675,141.2068359375,85.81770172119141,73.17899169921876,338.63031005859375,184.91578979492186,129.45245971679688,214.44590759277344,33.81965103149414,36.626363372802736,40.97628631591797,32.95842742919922,92.71320037841797,61.68702239990235,66.70890960693359,33.176144409179685,30.27890396118164,125.91760711669922,67.2295639038086,84.50743103027344,62.699075317382814,22.386909103393556,305.9547973632813,104.04035797119141,31.91821632385254,53.74424591064453,20.319667053222656,45.87814483642578,27.213542938232422,29.289974212646484,24.56132354736328,25.384759521484376,20.144832611083984,60.54542999267578,84.39395294189453,50.12658538818359,38.91978149414062,91.24160614013672,41.97017974853516,80.51670989990234,362.87506103515625,139.1629852294922,211.59811706542968,172.43080139160156,72.48546142578125,88.31172790527344,34.36728744506836,420.9863586425781,140.6876708984375,263.39112854003906,106.48023986816406,21.63949661254883,18.120000076293945,362.26384887695315,96.57802124023438,84.74155883789062,66.3794662475586,73.76800079345703,34.577859497070314,137.9156921386719,84.02098236083984,71.46414947509766,332.27369384765626,181.69363098144532,126.79763336181641,211.2249328613281,32.340755462646484,34.57173156738281,40.355691528320314,31.98873100280762,89.31619567871094,60.194123077392575,65.8187744140625,32.268649673461915,30.20835647583008,124.50574798583985,67.82063293457031,84.48018188476563,62.679316711425784,22.014491271972656,302.50823974609375,102.44262237548828,31.411462783813477,53.583282470703125,20.482224655151366,45.567626953125,27.2629093170166,29.075110626220702,24.32742385864258,24.197952270507812,19.99929008483887,60.775647735595705,84.67223815917968,49.94890594482422,38.29585189819336,90.51224365234376,41.633263397216794,81.29824676513672,367.0559143066406,138.1750030517578,217.96937561035156,171.1903564453125,72.732177734375,87.84713287353516,33.63165283203125,417.7510192871094,139.81546020507812,273.3414733886719,107.65484466552735,21.41677017211914,17.84799995422363,366.4453430175781,96.84630737304687,84.38807067871093,66.18277435302734,72.08000030517579,34.431121826171875,137.32107238769532,83.28837585449219,70.77191772460938,336.0823181152344,183.4240936279297,125.17257232666016,219.24788513183594,31.907998275756835,34.5286376953125,39.48739318847656,31.490623474121094,87.3373016357422,61.852900695800784,65.48359375,31.986954498291016,29.583349609375,123.9239486694336,70.45514526367188
week98,2022-11-14,2022-11-18,2022,86.64203643798828,64.20813827514648,22.291193771362305,317.8598327636719,107.64985809326171,34.977037811279295,58.813742065429686,23.15788116455078,49.609842681884764,29.925024032592773,33.890035247802736,26.198628616333007,23.15276107788086,23.983500671386718,61.57066955566406,86.62178497314453,54.84311294555664,42.387451171875,94.64211883544922,42.8342788696289,84.08049011230469,379.50489501953126,144.85458068847657,221.98208312988282,176.9343505859375,73.73533935546875,92.04863891601562,40.48362274169922,440.3773193359375,142.94805908203125,280.24420166015625,113.20626831054688,22.612530136108397,19.679999923706056,378.79282836914064,97.2879623413086,88.13904418945313,68.38799133300782,71.27400054931641,37.70047607421875,143.8958282470703,87.23163299560547,74.3973876953125,347.4852233886719,189.65065307617186,130.9018981933594,223.5765625,35.0034797668457,37.648522186279294,41.43234710693359,33.43191680908203,94.2016387939453,64.53622436523438,67.57889862060547,33.771630859375,30.768236923217774,126.38192138671874,69.20204315185546,85.07673492431641,63.0950813293457,22.55745735168457,313.76239013671875,106.05920867919922,33.63605728149414,56.605445098876956,21.840606689453125,48.01889266967773,28.81885681152344,31.508385467529298,25.439324569702148,24.161009216308592,21.95319023132324,60.767731475830075,85.01288299560547,52.818667602539065,40.912384033203125,92.8120834350586,43.09390563964844,81.97087707519532,369.8660461425781,142.26373901367188,214.56693115234376,173.69232177734375,72.70930480957031,89.28133392333984,37.22789001464844,430.4888427734375,141.95649108886718,268.73182373046876,109.48028564453125,22.2551025390625,19.626000213623048,369.2145568847656,96.86090393066407,84.6152572631836,67.28348541259766,73.86399841308594,36.419219207763675,141.2068359375,85.81770172119141,73.17899169921876,338.63031005859375,184.91578979492186,129.45245971679688,214.44590759277344,33.81965103149414,36.626363372802736,40.97628631591797,32.95842742919922,92.71320037841797,61.68702239990235,66.70890960693359,33.176144409179685,30.27890396118164,125.91760711669922,67.2295639038086,84.50743103027344,62.699075317382814,22.386909103393556,305.9547973632813,104.04035797119141,31.91821632385254,53.74424591064453,20.319667053222656,45.87814483642578,27.213542938232422,29.289974212646484,24.56132354736328,25.384759521484376,20.144832611083984,60.54542999267578,84.39395294189453,50.12658538818359,38.91978149414062,91.24160614013672,41.97017974853516,80.51670989990234,362.87506103515625,139.1629852294922,211.59811706542968,172.43080139160156,72.48546142578125,88.31172790527344,34.36728744506836,420.9863586425781,140.6876708984375,263.39112854003906,106.48023986816406,21.63949661254883,18.120000076293945,362.26384887695315,96.57802124023438,84.74155883789062,66.3794662475586,73.76800079345703,34.577859497070314,137.9156921386719,84.02098236083984,71.46414947509766,332.27369384765626,181.69363098144532,126.79763336181641,211.2249328613281,32.340755462646484,34.57173156738281,40.355691528320314,31.98873100280762,89.31619567871094,60.194123077392575,65.8187744140625,32.268649673461915,30.20835647583008,124.50574798583985,67.82063293457031
week99,2022-11-21,2022-11-25,2022,87.20848083496094,64.64253425598145,21.783904552459717,322.6980438232422,109.82883834838867,34.51007270812988,59.48473262786865,23.330247402191162,50.297091484069824,30.218478679656982,33.98769950866699,26.813491344451904,22.852981090545654,23.248058795928955,62.02646827697754,86.94806098937988,55.483829498291016,41.87622356414795,95.20713424682617,42.516188621520996,84.74499130249023,383.29010009765625,146.80802536010742,222.8057098388672,176.9209213256836,74.29657936096191,93.27656745910645,39.18761157989502,445.1525650024414,145.4529800415039,280.16090393066406,114.10695266723633,23.051194190979004,19.539999961853027,382.5667419433594,97.7702522277832,90.1490535736084,69.87499618530273,68.34500122070312,38.084320068359375,146.76546096801758,88.28154754638672,75.58169746398926,350.9428482055664,191.1614532470703,133.2475128173828,223.42780303955075,34.65208435058594,38.30880832672119,41.099915504455566,33.95369815826416,95.64162254333496,64.86919021606445,69.54873466491699,34.365339279174805,31.70032024383545,128.84936332702637,68.6151180267334,86.64203643798828,64.20813827514648,22.291193771362305,317.8598327636719,107.64985809326171,34.977037811279295,58.813742065429686,23.15788116455078,49.609842681884764,29.925024032592773,33.890035247802736,26.198628616333007,23.15276107788086,23.983500671386718,61.57066955566406,86.62178497314453,54.84311294555664,42.387451171875,94.64211883544922,42.8342788696289,84.08049011230469,379.50489501953126,144.85458068847657,221.98208312988282,176.9343505859375,73.73533935546875,92.04863891601562,40.48362274169922,440.3773193359375,142.94805908203125,280.24420166015625,113.20626831054688,22.612530136108397,19.679999923706056,378.79282836914064,97.2879623413086,88.13904418945313,68.38799133300782,71.27400054931641,37.70047607421875,143.8958282470703,87.23163299560547,74.3973876953125,347.4852233886719,189.65065307617186,130.9018981933594,223.5765625,35.0034797668457,37.648522186279294,41.43234710693359,33.43191680908203,94.2016387939453,64.53622436523438,67.57889862060547,33.771630859375,30.768236923217774,126.38192138671874,69.20204315185546,85.07673492431641,63.0950813293457,22.55745735168457,313.76239013671875,106.05920867919922,33.63605728149414,56.605445098876956,21.840606689453125,48.01889266967773,28.81885681152344,31.508385467529298,25.439324569702148,24.161009216308592,21.95319023132324,60.767731475830075,85.01288299560547,52.818667602539065,40.912384033203125,92.8120834350586,43.09390563964844,81.97087707519532,369.8660461425781,142.26373901367188,214.56693115234376,173.69232177734375,72.70930480957031,89.28133392333984,37.22789001464844,430.4888427734375,141.95649108886718,268.73182373046876,109.48028564453125,22.2551025390625,19.626000213623048,369.2145568847656,96.86090393066407,84.6152572631836,67.28348541259766,73.86399841308594,36.419219207763675,141.2068359375,85.81770172119141,73.17899169921876,338.63031005859375,184.91578979492186,129.45245971679688,214.44590759277344,33.81965103149414,36.626363372802736,40.97628631591797,32.95842742919922,92.71320037841797,61.68702239990235,66.70890960693359,33.176144409179685,30.27890396118164,125.91760711669922,67.2295639038086
week100,2022-11-28,2022-12-02,2022,87.97266845703125,65.21980743408203,21.836981964111327,324.19765014648436,110.20836486816407,35.57526473999023,60.464990234375,23.625,50.893925476074216,30.680142974853517,34.806698608398435,27.40129737854004,23.745395278930665,24.893140029907226,62.41676788330078,87.91477813720704,56.37401123046875,43.15563888549805,95.52303009033203,43.44271545410156,85.39326477050781,385.99000854492186,147.66476440429688,224.91558837890625,177.64754333496094,74.78646392822266,94.23643188476562,41.76370010375977,447.10145874023436,145.84383544921874,282.7939697265625,115.28971862792969,23.15133171081543,20.304000091552734,385.2574768066406,98.94251861572266,92.20887451171875,70.56861114501953,69.147998046875,38.659627532958986,147.89073791503907,88.62908782958985,75.93917236328124,353.412060546875,192.61497192382814,134.02630920410155,225.49147033691406,35.72057037353515,38.477684020996094,40.451375579833986,34.001992797851564,96.06077423095704,65.14801483154297,70.12110137939453,34.48479232788086,31.994736862182616,130.7861755371094,70.12364044189454,87.20848083496094,64.64253425598145,21.783904552459717,322.6980438232422,109.82883834838867,34.51007270812988,59.48473262786865,23.330247402191162,50.297091484069824,30.218478679656982,33.98769950866699,26.813491344451904,22.852981090545654,23.248058795928955,62.02646827697754,86.94806098937988,55.483829498291016,41.87622356414795,95.20713424682617,42.516188621520996,84.74499130249023,383.29010009765625,146.80802536010742,222.8057098388672,176.9209213256836,74.29657936096191,93.27656745910645,39.18761157989502,445.1525650024414,145.4529800415039,280.16090393066406,114.10695266723633,23.051194190979004,19.539999961853027,382.5667419433594,97.7702522277832,90.1490535736084,69.87499618530273,68.34500122070312,38.084320068359375,146.76546096801758,88.28154754638672,75.58169746398926,350.9428482055664,191.1614532470703,133.2475128173828,223.42780303955075,34.65208435058594,38.30880832672119,41.099915504455566,33.95369815826416,95.64162254333496,64.86919021606445,69.54873466491699,34.365339279174805,31.70032024383545,128.84936332702637,68.6151180267334,86.64203643798828,64.20813827514648,22.291193771362305,317.8598327636719,107.64985809326171,34.977037811279295,58.813742065429686,23.15788116455078,49.609842681884764,29.925024032592773,33.890035247802736,26.198628616333007,23.15276107788086,23.983500671386718,61.57066955566406,86.62178497314453,54.84311294555664,42.387451171875,94.64211883544922,42.8342788696289,84.08049011230469,379.50489501953126,144.85458068847657,221.98208312988282,176.9343505859375,73.73533935546875,92.04863891601562,40.48362274169922,440.3773193359375,142.94805908203125,280.24420166015625,113.20626831054688,22.612530136108397,19.679999923706056,378.79282836914064,97.2879623413086,88.13904418945313,68.38799133300782,71.27400054931641,37.70047607421875,143.8958282470703,87.23163299560547,74.3973876953125,347.4852233886719,189.65065307617186,130.9018981933594,223.5765625,35.0034797668457,37.648522186279294,41.43234710693359,33.43191680908203,94.2016387939453,64.53622436523438,67.57889862060547,33.771630859375,30.768236923217774,126.38192138671874,69.20204315185546
week101,2022-12-05,2022-12-09,2022,88.68285369873047,65.75663604736329,20.923337173461913,319.36760864257815,108.19659271240235,35.717962646484374,60.34742889404297,23.57081413269043,50.13041610717774,30.769733047485353,34.616947937011716,27.546174621582033,23.30669174194336,26.101137542724608,62.38614501953125,88.53608093261718,56.2322265625,43.31432571411133,93.062158203125,42.798605346679686,83.70213470458984,378.90545654296875,144.6989776611328,220.74982299804688,172.92161254882814,74.72281951904297,95.5519515991211,43.968787384033206,436.1031982421875,143.2099182128906,277.4690002441406,113.33334808349609,22.746252822875977,20.913999938964842,378.1747253417969,99.67337799072266,95.31041717529297,70.03338775634765,64.43200073242187,38.42879180908203,146.09181518554686,86.78840789794921,74.8973403930664,346.9389404296875,188.83699645996094,131.82628173828124,220.7503662109375,35.99417343139648,38.17225570678711,38.048580169677734,32.8618408203125,94.72630920410157,63.970288848876955,69.67420349121093,34.072941589355466,32.06166572570801,131.1614196777344,67.99756469726563,87.97266845703125,65.21980743408203,21.836981964111327,324.19765014648436,110.20836486816407,35.57526473999023,60.464990234375,23.625,50.893925476074216,30.680142974853517,34.806698608398435,27.40129737854004,23.745395278930665,24.893140029907226,62.41676788330078,87.91477813720704,56.37401123046875,43.15563888549805,95.52303009033203,43.44271545410156,85.39326477050781,385.99000854492186,147.66476440429688,224.91558837890625,177.64754333496094,74.78646392822266,94.23643188476562,41.76370010375977,447.10145874023436,145.84383544921874,282.7939697265625,115.28971862792969,23.15133171081543,20.304000091552734,385.2574768066406,98.94251861572266,92.20887451171875,70.56861114501953,69.147998046875,38.659627532958986,147.89073791503907,88.62908782958985,75.93917236328124,353.412060546875,192.61497192382814,134.02630920410155,225.49147033691406,35.72057037353515,38.477684020996094,40.451375579833986,34.001992797851564,96.06077423095704,65.14801483154297,70.12110137939453,34.48479232788086,31.994736862182616,130.7861755371094,70.12364044189454,87.20848083496094,64.64253425598145,21.783904552459717,322.6980438232422,109.82883834838867,34.51007270812988,59.48473262786865,23.330247402191162,50.297091484069824,30.218478679656982,33.98769950866699,26.813491344451904,22.852981090545654,23.248058795928955,62.02646827697754,86.94806098937988,55.483829498291016,41.87622356414795,95.20713424682617,42.516188621520996,84.74499130249023,383.29010009765625,146.80802536010742,222.8057098388672,176.9209213256836,74.29657936096191,93.27656745910645,39.18761157989502,445.1525650024414,145.4529800415039,280.16090393066406,114.10695266723633,23.051194190979004,19.539999961853027,382.5667419433594,97.7702522277832,90.1490535736084,69.87499618530273,68.34500122070312,38.084320068359375,146.76546096801758,88.28154754638672,75.58169746398926,350.9428482055664,191.1614532470703,133.2475128173828,223.42780303955075,34.65208435058594,38.30880832672119,41.099915504455566,33.95369815826416,95.64162254333496,64.86919021606445,69.54873466491699,34.365339279174805,31.70032024383545,128.84936332702637,68.6151180267334
week102,2022-12-12,2022-12-16,2022,89.0808349609375,66.0436004638672,21.25921058654785,319.0652587890625,108.45323028564454,35.487117767333984,60.60973052978515,23.573786544799805,50.52254028320313,30.824612045288085,34.24099197387695,27.516607666015624,21.940582275390625,26.142140579223632,62.892086029052734,88.80343017578124,56.48341445922851,43.056348419189455,91.95215148925782,42.35268325805664,83.66305541992188,378.684716796875,144.75739440917968,220.61183471679686,171.71055297851564,75.34227905273437,95.82030944824218,44.09743041992188,433.7778076171875,141.77120361328124,276.71246948242185,113.571044921875,22.75665855407715,21.577999877929688,377.9603759765625,99.06055450439453,95.48260498046875,69.90438690185547,65.73600158691406,38.548683166503906,146.40982666015626,86.69900665283203,75.60004577636718,346.7135498046875,188.7185791015625,131.7523193359375,220.75233459472656,35.7187858581543,37.936151123046876,38.184503173828126,32.6459285736084,94.95251922607422,64.39961700439453,69.57896575927734,34.466959381103514,32.550999069213866,131.23531799316407,66.94861755371093,88.68285369873047,65.75663604736329,20.923337173461913,319.36760864257815,108.19659271240235,35.717962646484374,60.34742889404297,23.57081413269043,50.13041610717774,30.769733047485353,34.616947937011716,27.546174621582033,23.30669174194336,26.101137542724608,62.38614501953125,88.53608093261718,56.2322265625,43.31432571411133,93.062158203125,42.798605346679686,83.70213470458984,378.90545654296875,144.6989776611328,220.74982299804688,172.92161254882814,74.72281951904297,95.5519515991211,43.968787384033206,436.1031982421875,143.2099182128906,277.4690002441406,113.33334808349609,22.746252822875977,20.913999938964842,378.1747253417969,99.67337799072266,95.31041717529297,70.03338775634765,64.43200073242187,38.42879180908203,146.09181518554686,86.78840789794921,74.8973403930664,346.9389404296875,188.83699645996094,131.82628173828124,220.7503662109375,35.99417343139648,38.17225570678711,38.048580169677734,32.8618408203125,94.72630920410157,63.970288848876955,69.67420349121093,34.072941589355466,32.06166572570801,131.1614196777344,67.99756469726563,87.97266845703125,65.21980743408203,21.836981964111327,324.19765014648436,110.20836486816407,35.57526473999023,60.464990234375,23.625,50.893925476074216,30.680142974853517,34.806698608398435,27.40129737854004,23.745395278930665,24.893140029907226,62.41676788330078,87.91477813720704,56.37401123046875,43.15563888549805,95.52303009033203,43.44271545410156,85.39326477050781,385.99000854492186,147.66476440429688,224.91558837890625,177.64754333496094,74.78646392822266,94.23643188476562,41.76370010375977,447.10145874023436,145.84383544921874,282.7939697265625,115.28971862792969,23.15133171081543,20.304000091552734,385.2574768066406,98.94251861572266,92.20887451171875,70.56861114501953,69.147998046875,38.659627532958986,147.89073791503907,88.62908782958985,75.93917236328124,353.412060546875,192.61497192382814,134.02630920410155,225.49147033691406,35.72057037353515,38.477684020996094,40.451375579833986,34.001992797851564,96.06077423095704,65.14801483154297,70.12110137939453,34.48479232788086,31.994736862182616,130.7861755371094,70.12364044189454
week103,2022-12-19,2022-12-23,2022,88.21479797363281,65.391015625,21.19148368835449,313.4073120117188,106.9115478515625,35.205543518066406,59.65604705810547,23.0950984954834,50.0802490234375,30.305843353271484,33.52162551879883,27.155131530761718,23.090561294555663,25.828732681274413,62.21689147949219,87.72298278808594,55.629067993164064,42.719731140136716,89.82754669189453,41.629296875,81.25114593505859,367.9312683105469,141.90968627929686,212.0865905761719,167.34032592773437,74.52271423339843,94.19845733642578,43.336378479003905,424.2813354492188,140.76470336914062,264.60125732421875,110.3231414794922,22.400692749023438,21.792000198364256,367.2840942382812,98.30304107666015,92.12464752197266,68.43315887451172,67.4739990234375,37.98905715942383,143.2043212890625,83.95614624023438,72.79415283203124,336.9102783203125,183.27713623046876,129.73221435546876,211.04193420410155,35.355326080322264,36.856092834472655,38.489244842529295,32.153105926513675,93.52052307128906,61.43260955810547,68.88623809814453,33.17056655883789,32.00757331848145,128.87397003173828,63.47852096557617,89.0808349609375,66.0436004638672,21.25921058654785,319.0652587890625,108.45323028564454,35.487117767333984,60.60973052978515,23.573786544799805,50.52254028320313,30.824612045288085,34.24099197387695,27.516607666015624,21.940582275390625,26.142140579223632,62.892086029052734,88.80343017578124,56.48341445922851,43.056348419189455,91.95215148925782,42.35268325805664,83.66305541992188,378.684716796875,144.75739440917968,220.61183471679686,171.71055297851564,75.34227905273437,95.82030944824218,44.09743041992188,433.7778076171875,141.77120361328124,276.71246948242185,113.571044921875,22.75665855407715,21.577999877929688,377.9603759765625,99.06055450439453,95.48260498046875,69.90438690185547,65.73600158691406,38.548683166503906,146.40982666015626,86.69900665283203,75.60004577636718,346.7135498046875,188.7185791015625,131.7523193359375,220.75233459472656,35.7187858581543,37.936151123046876,38.184503173828126,32.6459285736084,94.95251922607422,64.39961700439453,69.57896575927734,34.466959381103514,32.550999069213866,131.23531799316407,66.94861755371093,88.68285369873047,65.75663604736329,20.923337173461913,319.36760864257815,108.19659271240235,35.717962646484374,60.34742889404297,23.57081413269043,50.13041610717774,30.769733047485353,34.616947937011716,27.546174621582033,23.30669174194336,26.101137542724608,62.38614501953125,88.53608093261718,56.2322265625,43.31432571411133,93.062158203125,42.798605346679686,83.70213470458984,378.90545654296875,144.6989776611328,220.74982299804688,172.92161254882814,74.72281951904297,95.5519515991211,43.968787384033206,436.1031982421875,143.2099182128906,277.4690002441406,113.33334808349609,22.746252822875977,20.913999938964842,378.1747253417969,99.67337799072266,95.31041717529297,70.03338775634765,64.43200073242187,38.42879180908203,146.09181518554686,86.78840789794921,74.8973403930664,346.9389404296875,188.83699645996094,131.82628173828124,220.7503662109375,35.99417343139648,38.17225570678711,38.048580169677734,32.8618408203125,94.72630920410157,63.970288848876955,69.67420349121093,34.072941589355466,32.06166572570801,131.1614196777344,67.99756469726563
week104,2022-12-27,2022-12-30,2022,87.23782920837402,64.6796989440918,21.508375644683838,314.1402893066406,107.92461776733398,35.402886390686035,59.75046920776367,23.172667026519775,49.81754398345947,30.470995903015137,33.16087245941162,27.210504055023193,23.236956119537354,26.61039447784424,61.43185901641846,86.53951454162598,55.74228477478027,42.943260192871094,89.78141021728516,41.512864112854004,81.03759002685547,366.8762435913086,142.68694305419922,209.60503005981445,166.8357048034668,73.52985954284668,92.73769187927246,44.27383327484131,425.8593292236328,141.33639907836914,259.4226303100586,109.99301719665527,22.514578819274902,21.925000190734863,366.2252731323242,97.60644149780272,88.85810852050781,68.60225296020508,69.1875,38.08094501495361,143.68438339233398,83.8343334197998,73.03129196166992,335.9266357421875,182.7341651916504,130.54572677612305,208.2344627380371,35.57478427886963,36.76297473907471,39.34480094909668,32.458516120910645,93.80607986450195,60.413445472717285,69.08592987060547,33.292728424072266,32.33813762664795,129.11610412597656,62.41939067840576,88.21479797363281,65.391015625,21.19148368835449,313.4073120117188,106.9115478515625,35.205543518066406,59.65604705810547,23.0950984954834,50.0802490234375,30.305843353271484,33.52162551879883,27.155131530761718,23.090561294555663,25.828732681274413,62.21689147949219,87.72298278808594,55.629067993164064,42.719731140136716,89.82754669189453,41.629296875,81.25114593505859,367.9312683105469,141.90968627929686,212.0865905761719,167.34032592773437,74.52271423339843,94.19845733642578,43.336378479003905,424.2813354492188,140.76470336914062,264.60125732421875,110.3231414794922,22.400692749023438,21.792000198364256,367.2840942382812,98.30304107666015,92.12464752197266,68.43315887451172,67.4739990234375,37.98905715942383,143.2043212890625,83.95614624023438,72.79415283203124,336.9102783203125,183.27713623046876,129.73221435546876,211.04193420410155,35.355326080322264,36.856092834472655,38.489244842529295,32.153105926513675,93.52052307128906,61.43260955810547,68.88623809814453,33.17056655883789,32.00757331848145,128.87397003173828,63.47852096557617,89.0808349609375,66.0436004638672,21.25921058654785,319.0652587890625,108.45323028564454,35.487117767333984,60.60973052978515,23.573786544799805,50.52254028320313,30.824612045288085,34.24099197387695,27.516607666015624,21.940582275390625,26.142140579223632,62.892086029052734,88.80343017578124,56.48341445922851,43.056348419189455,91.95215148925782,42.35268325805664,83.66305541992188,378.684716796875,144.75739440917968,220.61183471679686,171.71055297851564,75.34227905273437,95.82030944824218,44.09743041992188,433.7778076171875,141.77120361328124,276.71246948242185,113.571044921875,22.75665855407715,21.577999877929688,377.9603759765625,99.06055450439453,95.48260498046875,69.90438690185547,65.73600158691406,38.548683166503906,146.40982666015626,86.69900665283203,75.60004577636718,346.7135498046875,188.7185791015625,131.7523193359375,220.75233459472656,35.7187858581543,37.936151123046876,38.184503173828126,32.6459285736084,94.95251922607422,64.39961700439453,69.57896575927734,34.466959381103514,32.550999069213866,131.23531799316407,66.94861755371093
week105,2023-01-03,2023-01-06,2023,88.1308765411377,65.33814430236816,20.75553846359253,315.3145065307617,108.71865463256836,36.42905616760254,60.803659439086914,24.08621072769165,49.67109298706055,31.36099624633789,33.70796775817871,27.58925771713257,22.285808086395264,28.52390956878662,62.466002464294434,87.82540702819824,56.691813468933105,44.099748611450195,90.83724784851074,41.47075080871582,81.51750373840332,368.8438949584961,144.47913360595703,209.2091293334961,168.5835838317871,74.85039138793945,94.05009460449219,47.438727378845215,430.06080627441406,139.46782302856445,260.4540328979492,110.58270072937012,22.73221206665039,21.812499523162842,368.1742706298828,98.19534111022949,91.71095657348633,68.90151786804199,65.38750076293945,38.67613410949707,144.25217056274414,85.42381858825684,73.90659523010254,337.7162628173828,183.85930633544922,131.6073455810547,208.63298797607422,36.60165977478027,37.084763526916504,38.653669357299805,33.15651988983154,94.74676132202148,60.27277946472168,68.81151962280273,33.73675060272217,32.17171573638916,128.7759552001953,63.33205223083496,87.23782920837402,64.6796989440918,21.508375644683838,314.1402893066406,107.92461776733398,35.402886390686035,59.75046920776367,23.172667026519775,49.81754398345947,30.470995903015137,33.16087245941162,27.210504055023193,23.236956119537354,26.61039447784424,61.43185901641846,86.53951454162598,55.74228477478027,42.943260192871094,89.78141021728516,41.512864112854004,81.03759002685547,366.8762435913086,142.68694305419922,209.60503005981445,166.8357048034668,73.52985954284668,92.73769187927246,44.27383327484131,425.8593292236328,141.33639907836914,259.4226303100586,109.99301719665527,22.514578819274902,21.925000190734863,366.2252731323242,97.60644149780272,88.85810852050781,68.60225296020508,69.1875,38.08094501495361,143.68438339233398,83.8343334197998,73.03129196166992,335.9266357421875,182.7341651916504,130.54572677612305,208.2344627380371,35.57478427886963,36.76297473907471,39.34480094909668,32.458516120910645,93.80607986450195,60.413445472717285,69.08592987060547,33.292728424072266,32.33813762664795,129.11610412597656,62.41939067840576,88.21479797363281,65.391015625,21.19148368835449,313.4073120117188,106.9115478515625,35.205543518066406,59.65604705810547,23.0950984954834,50.0802490234375,30.305843353271484,33.52162551879883,27.155131530761718,23.090561294555663,25.828732681274413,62.21689147949219,87.72298278808594,55.629067993164064,42.719731140136716,89.82754669189453,41.629296875,81.25114593505859,367.9312683105469,141.90968627929686,212.0865905761719,167.34032592773437,74.52271423339843,94.19845733642578,43.336378479003905,424.2813354492188,140.76470336914062,264.60125732421875,110.3231414794922,22.400692749023438,21.792000198364256,367.2840942382812,98.30304107666015,92.12464752197266,68.43315887451172,67.4739990234375,37.98905715942383,143.2043212890625,83.95614624023438,72.79415283203124,336.9102783203125,183.27713623046876,129.73221435546876,211.04193420410155,35.355326080322264,36.856092834472655,38.489244842529295,32.153105926513675,93.52052307128906,61.43260955810547,68.88623809814453,33.17056655883789,32.00757331848145,128.87397003173828,63.47852096557617
week106,2023-01-09,2023-01-13,2023,89.40851440429688,66.2752456665039,21.27727165222168,322.09291381835936,111.14940032958984,37.92466506958008,62.98630828857422,25.5249813079834,50.92053375244141,32.83821029663086,35.407247161865236,28.464601898193358,24.089680862426757,29.43282699584961,63.80790252685547,89.11623077392578,58.69641799926758,45.86282501220703,94.53028106689453,41.90477752685547,84.01935272216797,379.3105224609375,148.00125427246093,216.616943359375,176.04805908203124,76.57159423828125,96.315869140625,49.11173095703125,446.2774230957031,140.4219543457031,271.2965393066406,114.07584533691406,23.14124298095703,21.84599952697754,378.62700805664065,99.21412658691405,94.19186248779297,69.7518096923828,67.69800109863282,40.100067901611325,147.21835632324218,87.98683319091796,76.8529266357422,347.312646484375,189.4691192626953,133.74826354980468,217.4655792236328,37.87252578735352,38.90800247192383,40.025090026855466,34.009376525878906,97.12283935546876,62.91218566894531,69.00798950195312,35.07648468017578,32.64407958984375,128.16226043701172,66.64566955566406,88.1308765411377,65.33814430236816,20.75553846359253,315.3145065307617,108.71865463256836,36.42905616760254,60.803659439086914,24.08621072769165,49.67109298706055,31.36099624633789,33.70796775817871,27.58925771713257,22.285808086395264,28.52390956878662,62.466002464294434,87.82540702819824,56.691813468933105,44.099748611450195,90.83724784851074,41.47075080871582,81.51750373840332,368.8438949584961,144.47913360595703,209.2091293334961,168.5835838317871,74.85039138793945,94.05009460449219,47.438727378845215,430.06080627441406,139.46782302856445,260.4540328979492,110.58270072937012,22.73221206665039,21.812499523162842,368.1742706298828,98.19534111022949,91.71095657348633,68.90151786804199,65.38750076293945,38.67613410949707,144.25217056274414,85.42381858825684,73.90659523010254,337.7162628173828,183.85930633544922,131.6073455810547,208.63298797607422,36.60165977478027,37.084763526916504,38.653669357299805,33.15651988983154,94.74676132202148,60.27277946472168,68.81151962280273,33.73675060272217,32.17171573638916,128.7759552001953,63.33205223083496,87.23782920837402,64.6796989440918,21.508375644683838,314.1402893066406,107.92461776733398,35.402886390686035,59.75046920776367,23.172667026519775,49.81754398345947,30.470995903015137,33.16087245941162,27.210504055023193,23.236956119537354,26.61039447784424,61.43185901641846,86.53951454162598,55.74228477478027,42.943260192871094,89.78141021728516,41.512864112854004,81.03759002685547,366.8762435913086,142.68694305419922,209.60503005981445,166.8357048034668,73.52985954284668,92.73769187927246,44.27383327484131,425.8593292236328,141.33639907836914,259.4226303100586,109.99301719665527,22.514578819274902,21.925000190734863,366.2252731323242,97.60644149780272,88.85810852050781,68.60225296020508,69.1875,38.08094501495361,143.68438339233398,83.8343334197998,73.03129196166992,335.9266357421875,182.7341651916504,130.54572677612305,208.2344627380371,35.57478427886963,36.76297473907471,39.34480094909668,32.458516120910645,93.80607986450195,60.413445472717285,69.08592987060547,33.292728424072266,32.33813762664795,129.11610412597656,62.41939067840576
week107,2023-01-17,2023-01-20,2023,89.99102020263672,66.71793746948242,21.814763069152832,317.07762145996094,109.33425331115723,38.235304832458496,64.15617179870605,25.885257720947266,52.53840351104736,33.37955093383789,35.90456771850586,28.95808982849121,24.330776691436768,29.413321495056152,63.858147621154785,89.7181282043457,59.788482666015625,46.22531223297119,94.93216514587402,42.14458465576172,84.07550811767578,378.9553527832031,146.80426406860352,218.50146102905273,177.60720825195312,76.69381904602051,97.24770736694336,49.43468761444092,447.62073516845703,139.20642852783203,274.36573028564453,114.04588890075684,22.645755767822266,21.889999866485596,378.20503997802734,99.53585243225098,95.28144073486328,68.7186393737793,70.62750053405762,40.81701183319092,145.17244338989258,86.91409873962402,77.54076766967773,346.9523239135742,189.56172561645508,131.8611068725586,220.59626007080078,38.18513298034668,38.739678382873535,40.50798034667969,33.64727020263672,94.9974479675293,63.56805896759033,67.38189888000488,35.27843379974365,31.779600620269775,127.23220252990723,67.31658935546875,89.40851440429688,66.2752456665039,21.27727165222168,322.09291381835936,111.14940032958984,37.92466506958008,62.98630828857422,25.5249813079834,50.92053375244141,32.83821029663086,35.407247161865236,28.464601898193358,24.089680862426757,29.43282699584961,63.80790252685547,89.11623077392578,58.69641799926758,45.86282501220703,94.53028106689453,41.90477752685547,84.01935272216797,379.3105224609375,148.00125427246093,216.616943359375,176.04805908203124,76.57159423828125,96.315869140625,49.11173095703125,446.2774230957031,140.4219543457031,271.2965393066406,114.07584533691406,23.14124298095703,21.84599952697754,378.62700805664065,99.21412658691405,94.19186248779297,69.7518096923828,67.69800109863282,40.100067901611325,147.21835632324218,87.98683319091796,76.8529266357422,347.312646484375,189.4691192626953,133.74826354980468,217.4655792236328,37.87252578735352,38.90800247192383,40.025090026855466,34.009376525878906,97.12283935546876,62.91218566894531,69.00798950195312,35.07648468017578,32.64407958984375,128.16226043701172,66.64566955566406,88.1308765411377,65.33814430236816,20.75553846359253,315.3145065307617,108.71865463256836,36.42905616760254,60.803659439086914,24.08621072769165,49.67109298706055,31.36099624633789,33.70796775817871,27.58925771713257,22.285808086395264,28.52390956878662,62.466002464294434,87.82540702819824,56.691813468933105,44.099748611450195,90.83724784851074,41.47075080871582,81.51750373840332,368.8438949584961,144.47913360595703,209.2091293334961,168.5835838317871,74.85039138793945,94.05009460449219,47.438727378845215,430.06080627441406,139.46782302856445,260.4540328979492,110.58270072937012,22.73221206665039,21.812499523162842,368.1742706298828,98.19534111022949,91.71095657348633,68.90151786804199,65.38750076293945,38.67613410949707,144.25217056274414,85.42381858825684,73.90659523010254,337.7162628173828,183.85930633544922,131.6073455810547,208.63298797607422,36.60165977478027,37.084763526916504,38.653669357299805,33.15651988983154,94.74676132202148,60.27277946472168,68.81151962280273,33.73675060272217,32.17171573638916,128.7759552001953,63.33205223083496
week108,2023-01-23,2023-01-27,2023,89.90215454101562,66.64018096923829,21.870788192749025,320.8920654296875,110.74969787597657,39.187644958496094,64.92200317382813,26.11376037597656,53.461527252197264,33.785098266601565,37.13984832763672,28.911132049560546,24.777814865112305,30.657107162475587,63.82800521850586,89.51328735351562,60.51877899169922,47.31460952758789,96.48024291992188,41.45687408447266,86.02927856445312,387.5051635742187,149.1180847167969,225.3078155517578,181.02115478515626,76.61918029785156,97.13053131103516,51.42371673583985,456.4168273925781,140.22832946777345,285.77943725585936,116.79226837158203,22.79779968261719,21.795999908447264,386.73822631835935,100.02253875732421,94.9330551147461,69.13238220214843,70.53200073242188,41.392739868164064,146.72439575195312,89.0424819946289,78.78701324462891,354.7513916015625,193.90438537597657,133.33106994628906,228.39810180664062,38.9957275390625,39.27387390136719,41.147161865234374,34.32383575439453,96.04175872802735,66.09346160888671,67.37913055419922,35.830196380615234,31.486881256103516,127.11564788818359,69.83036956787109,89.99102020263672,66.71793746948242,21.814763069152832,317.07762145996094,109.33425331115723,38.235304832458496,64.15617179870605,25.885257720947266,52.53840351104736,33.37955093383789,35.90456771850586,28.95808982849121,24.330776691436768,29.413321495056152,63.858147621154785,89.7181282043457,59.788482666015625,46.22531223297119,94.93216514587402,42.14458465576172,84.07550811767578,378.9553527832031,146.80426406860352,218.50146102905273,177.60720825195312,76.69381904602051,97.24770736694336,49.43468761444092,447.62073516845703,139.20642852783203,274.36573028564453,114.04588890075684,22.645755767822266,21.889999866485596,378.20503997802734,99.53585243225098,95.28144073486328,68.7186393737793,70.62750053405762,40.81701183319092,145.17244338989258,86.91409873962402,77.54076766967773,346.9523239135742,189.56172561645508,131.8611068725586,220.59626007080078,38.18513298034668,38.739678382873535,40.50798034667969,33.64727020263672,94.9974479675293,63.56805896759033,67.38189888000488,35.27843379974365,31.779600620269775,127.23220252990723,67.31658935546875,89.40851440429688,66.2752456665039,21.27727165222168,322.09291381835936,111.14940032958984,37.92466506958008,62.98630828857422,25.5249813079834,50.92053375244141,32.83821029663086,35.407247161865236,28.464601898193358,24.089680862426757,29.43282699584961,63.80790252685547,89.11623077392578,58.69641799926758,45.86282501220703,94.53028106689453,41.90477752685547,84.01935272216797,379.3105224609375,148.00125427246093,216.616943359375,176.04805908203124,76.57159423828125,96.315869140625,49.11173095703125,446.2774230957031,140.4219543457031,271.2965393066406,114.07584533691406,23.14124298095703,21.84599952697754,378.62700805664065,99.21412658691405,94.19186248779297,69.7518096923828,67.69800109863282,40.100067901611325,147.21835632324218,87.98683319091796,76.8529266357422,347.312646484375,189.4691192626953,133.74826354980468,217.4655792236328,37.87252578735352,38.90800247192383,40.025090026855466,34.009376525878906,97.12283935546876,62.91218566894531,69.00798950195312,35.07648468017578,32.64407958984375,128.16226043701172,66.64566955566406
week109,2023-01-30,2023-02-03,2023,90.12265014648438,66.81098327636718,21.280774307250976,322.52736206054686,111.98982696533203,38.480003356933594,65.07816619873047,26.485719299316408,53.6024887084961,34.042005157470705,37.24515380859375,28.769376373291017,24.491643524169923,29.588880920410155,64.2326156616211,89.61219635009766,60.65410461425781,46.585059356689456,99.88553924560547,40.0715446472168,87.7301239013672,394.28863525390625,150.71029663085938,231.5279571533203,186.48540344238282,77.1488037109375,97.61572570800782,49.66431503295898,469.99839477539064,138.429443359375,295.4156921386719,119.24187469482422,23.019607543945312,21.54199981689453,393.5420227050781,99.73840942382813,95.54300537109376,69.49150238037109,67.15,41.497746276855466,148.24415588378906,90.42481079101563,81.10579528808594,360.99257202148436,197.75623168945313,134.09654235839844,235.54803161621095,38.35960998535156,39.70292663574219,39.6917236328125,34.76979751586914,97.56977844238281,67.9057403564453,67.90487060546874,36.80750045776367,31.382923889160157,126.5029067993164,73.41278991699218,89.90215454101562,66.64018096923829,21.870788192749025,320.8920654296875,110.74969787597657,39.187644958496094,64.92200317382813,26.11376037597656,53.461527252197264,33.785098266601565,37.13984832763672,28.911132049560546,24.777814865112305,30.657107162475587,63.82800521850586,89.51328735351562,60.51877899169922,47.31460952758789,96.48024291992188,41.45687408447266,86.02927856445312,387.5051635742187,149.1180847167969,225.3078155517578,181.02115478515626,76.61918029785156,97.13053131103516,51.42371673583985,456.4168273925781,140.22832946777345,285.77943725585936,116.79226837158203,22.79779968261719,21.795999908447264,386.73822631835935,100.02253875732421,94.9330551147461,69.13238220214843,70.53200073242188,41.392739868164064,146.72439575195312,89.0424819946289,78.78701324462891,354.7513916015625,193.90438537597657,133.33106994628906,228.39810180664062,38.9957275390625,39.27387390136719,41.147161865234374,34.32383575439453,96.04175872802735,66.09346160888671,67.37913055419922,35.830196380615234,31.486881256103516,127.11564788818359,69.83036956787109,89.99102020263672,66.71793746948242,21.814763069152832,317.07762145996094,109.33425331115723,38.235304832458496,64.15617179870605,25.885257720947266,52.53840351104736,33.37955093383789,35.90456771850586,28.95808982849121,24.330776691436768,29.413321495056152,63.858147621154785,89.7181282043457,59.788482666015625,46.22531223297119,94.93216514587402,42.14458465576172,84.07550811767578,378.9553527832031,146.80426406860352,218.50146102905273,177.60720825195312,76.69381904602051,97.24770736694336,49.43468761444092,447.62073516845703,139.20642852783203,274.36573028564453,114.04588890075684,22.645755767822266,21.889999866485596,378.20503997802734,99.53585243225098,95.28144073486328,68.7186393737793,70.62750053405762,40.81701183319092,145.17244338989258,86.91409873962402,77.54076766967773,346.9523239135742,189.56172561645508,131.8611068725586,220.59626007080078,38.18513298034668,38.739678382873535,40.50798034667969,33.64727020263672,94.9974479675293,63.56805896759033,67.38189888000488,35.27843379974365,31.779600620269775,127.23220252990723,67.31658935546875
week110,2023-02-06,2023-02-10,2023,89.05178985595703,66.01468200683594,21.06367607116699,321.96900634765626,111.09943084716797,37.49562454223633,64.36816864013672,26.21095542907715,53.00568466186523,33.577735137939456,36.90455703735351,28.579778289794923,23.33372573852539,28.444488525390625,63.622265625,88.17308349609375,59.96124496459961,45.51176376342774,99.63251495361328,39.853536987304686,87.82227325439453,395.06703491210936,150.0632354736328,233.23348083496094,185.41836242675782,76.48965759277344,95.93761444091797,47.96589813232422,467.8918762207031,138.1118927001953,298.4627319335938,119.24767761230468,22.90095329284668,20.35199966430664,394.27260131835936,99.02897491455079,93.46474151611328,69.0050765991211,67.94600067138671,41.01978530883789,147.6271545410156,89.7437957763672,80.23359375,361.698876953125,197.95773010253907,133.66073608398438,237.42161254882814,37.50357666015625,38.92402954101563,39.61583023071289,34.91845626831055,97.68246612548828,69.16415863037109,67.2499984741211,36.39277648925781,30.8549373626709,125.76456604003906,73.19443054199219,90.12265014648438,66.81098327636718,21.280774307250976,322.52736206054686,111.98982696533203,38.480003356933594,65.07816619873047,26.485719299316408,53.6024887084961,34.042005157470705,37.24515380859375,28.769376373291017,24.491643524169923,29.588880920410155,64.2326156616211,89.61219635009766,60.65410461425781,46.585059356689456,99.88553924560547,40.0715446472168,87.7301239013672,394.28863525390625,150.71029663085938,231.5279571533203,186.48540344238282,77.1488037109375,97.61572570800782,49.66431503295898,469.99839477539064,138.429443359375,295.4156921386719,119.24187469482422,23.019607543945312,21.54199981689453,393.5420227050781,99.73840942382813,95.54300537109376,69.49150238037109,67.15,41.497746276855466,148.24415588378906,90.42481079101563,81.10579528808594,360.99257202148436,197.75623168945313,134.09654235839844,235.54803161621095,38.35960998535156,39.70292663574219,39.6917236328125,34.76979751586914,97.56977844238281,67.9057403564453,67.90487060546874,36.80750045776367,31.382923889160157,126.5029067993164,73.41278991699218,89.90215454101562,66.64018096923829,21.870788192749025,320.8920654296875,110.74969787597657,39.187644958496094,64.92200317382813,26.11376037597656,53.461527252197264,33.785098266601565,37.13984832763672,28.911132049560546,24.777814865112305,30.657107162475587,63.82800521850586,89.51328735351562,60.51877899169922,47.31460952758789,96.48024291992188,41.45687408447266,86.02927856445312,387.5051635742187,149.1180847167969,225.3078155517578,181.02115478515626,76.61918029785156,97.13053131103516,51.42371673583985,456.4168273925781,140.22832946777345,285.77943725585936,116.79226837158203,22.79779968261719,21.795999908447264,386.73822631835935,100.02253875732421,94.9330551147461,69.13238220214843,70.53200073242188,41.392739868164064,146.72439575195312,89.0424819946289,78.78701324462891,354.7513916015625,193.90438537597657,133.33106994628906,228.39810180664062,38.9957275390625,39.27387390136719,41.147161865234374,34.32383575439453,96.04175872802735,66.09346160888671,67.37913055419922,35.830196380615234,31.486881256103516,127.11564788818359,69.83036956787109
week111,2023-02-13,2023-02-17,2023,88.36079559326171,65.49930267333984,21.11795082092285,323.175830078125,111.66329193115234,37.30989151000976,64.63328247070312,26.26702995300293,52.57364349365234,34.20165328979492,36.794316101074216,29.08478546142578,23.608317184448243,28.013483810424805,62.88181076049805,87.3465576171875,60.166937255859374,45.3033203125,99.92169036865235,39.912994384765625,88.05071105957032,395.8569702148437,150.1915069580078,234.16197814941407,185.92299194335936,75.56795043945313,94.6079330444336,47.46321334838867,469.97332763671875,139.33759155273438,299.5609436035156,119.16260223388672,22.99993019104004,20.012000274658202,395.0781677246094,98.54134674072266,91.82882995605469,69.20838012695313,68.67799835205078,41.11935882568359,148.07948303222656,90.44141998291016,79.75495147705078,362.42815551757815,198.48360290527344,134.1263427734375,237.80538330078124,37.372718048095706,38.802388763427736,39.802850341796876,34.90320510864258,98.30513916015624,69.64658813476562,67.63000793457032,36.091651916503906,31.045524978637694,125.84830017089844,73.83683319091797,89.05178985595703,66.01468200683594,21.06367607116699,321.96900634765626,111.09943084716797,37.49562454223633,64.36816864013672,26.21095542907715,53.00568466186523,33.577735137939456,36.90455703735351,28.579778289794923,23.33372573852539,28.444488525390625,63.622265625,88.17308349609375,59.96124496459961,45.51176376342774,99.63251495361328,39.853536987304686,87.82227325439453,395.06703491210936,150.0632354736328,233.23348083496094,185.41836242675782,76.48965759277344,95.93761444091797,47.96589813232422,467.8918762207031,138.1118927001953,298.4627319335938,119.24767761230468,22.90095329284668,20.35199966430664,394.27260131835936,99.02897491455079,93.46474151611328,69.0050765991211,67.94600067138671,41.01978530883789,147.6271545410156,89.7437957763672,80.23359375,361.698876953125,197.95773010253907,133.66073608398438,237.42161254882814,37.50357666015625,38.92402954101563,39.61583023071289,34.91845626831055,97.68246612548828,69.16415863037109,67.2499984741211,36.39277648925781,30.8549373626709,125.76456604003906,73.19443054199219,90.12265014648438,66.81098327636718,21.280774307250976,322.52736206054686,111.98982696533203,38.480003356933594,65.07816619873047,26.485719299316408,53.6024887084961,34.042005157470705,37.24515380859375,28.769376373291017,24.491643524169923,29.588880920410155,64.2326156616211,89.61219635009766,60.65410461425781,46.585059356689456,99.88553924560547,40.0715446472168,87.7301239013672,394.28863525390625,150.71029663085938,231.5279571533203,186.48540344238282,77.1488037109375,97.61572570800782,49.66431503295898,469.99839477539064,138.429443359375,295.4156921386719,119.24187469482422,23.019607543945312,21.54199981689453,393.5420227050781,99.73840942382813,95.54300537109376,69.49150238037109,67.15,41.497746276855466,148.24415588378906,90.42481079101563,81.10579528808594,360.99257202148436,197.75623168945313,134.09654235839844,235.54803161621095,38.35960998535156,39.70292663574219,39.6917236328125,34.76979751586914,97.56977844238281,67.9057403564453,67.90487060546874,36.80750045776367,31.382923889160157,126.5029067993164,73.41278991699218
week112,2023-02-21,2023-02-24,2023,87.55284118652344,64.92804718017578,20.762104034423828,314.2631301879883,109.11344909667969,36.1365270614624,63.40486145019531,25.714699268341064,51.327860832214355,33.74197196960449,36.29329299926758,28.803043365478516,23.292783737182617,26.66380548477173,62.28481960296631,86.38572692871094,59.03066539764404,44.01289653778076,97.37437438964844,39.04047393798828,85.44089126586914,383.93079376220703,146.20293807983398,226.34303665161133,181.08855438232422,74.8222827911377,93.30643272399902,45.27412509918213,458.21353912353516,136.5390853881836,289.0263671875,115.2760009765625,22.420669555664062,19.634999752044678,383.22522735595703,98.00516128540039,90.20938873291016,67.99899482727051,66.27249908447266,40.24671173095703,144.5549774169922,87.49313926696777,76.8759765625,351.5751647949219,192.5676574707031,131.10913467407227,228.810417175293,36.358572006225586,37.99708938598633,38.0585298538208,33.954586029052734,96.0479621887207,66.96364212036133,67.46951866149902,34.77581214904785,30.473307609558105,123.40968894958496,70.89778137207031,88.36079559326171,65.49930267333984,21.11795082092285,323.175830078125,111.66329193115234,37.30989151000976,64.63328247070312,26.26702995300293,52.57364349365234,34.20165328979492,36.794316101074216,29.08478546142578,23.608317184448243,28.013483810424805,62.88181076049805,87.3465576171875,60.166937255859374,45.3033203125,99.92169036865235,39.912994384765625,88.05071105957032,395.8569702148437,150.1915069580078,234.16197814941407,185.92299194335936,75.56795043945313,94.6079330444336,47.46321334838867,469.97332763671875,139.33759155273438,299.5609436035156,119.16260223388672,22.99993019104004,20.012000274658202,395.0781677246094,98.54134674072266,91.82882995605469,69.20838012695313,68.67799835205078,41.11935882568359,148.07948303222656,90.44141998291016,79.75495147705078,362.42815551757815,198.48360290527344,134.1263427734375,237.80538330078124,37.372718048095706,38.802388763427736,39.802850341796876,34.90320510864258,98.30513916015624,69.64658813476562,67.63000793457032,36.091651916503906,31.045524978637694,125.84830017089844,73.83683319091797,89.05178985595703,66.01468200683594,21.06367607116699,321.96900634765626,111.09943084716797,37.49562454223633,64.36816864013672,26.21095542907715,53.00568466186523,33.577735137939456,36.90455703735351,28.579778289794923,23.33372573852539,28.444488525390625,63.622265625,88.17308349609375,59.96124496459961,45.51176376342774,99.63251495361328,39.853536987304686,87.82227325439453,395.06703491210936,150.0632354736328,233.23348083496094,185.41836242675782,76.48965759277344,95.93761444091797,47.96589813232422,467.8918762207031,138.1118927001953,298.4627319335938,119.24767761230468,22.90095329284668,20.35199966430664,394.27260131835936,99.02897491455079,93.46474151611328,69.0050765991211,67.94600067138671,41.01978530883789,147.6271545410156,89.7437957763672,80.23359375,361.698876953125,197.95773010253907,133.66073608398438,237.42161254882814,37.50357666015625,38.92402954101563,39.61583023071289,34.91845626831055,97.68246612548828,69.16415863037109,67.2499984741211,36.39277648925781,30.8549373626709,125.76456604003906,73.19443054199219
week113,2023-02-27,2023-03-03,2023,87.31870880126954,64.7477783203125,21.03741455078125,313.3746643066406,108.29977722167969,36.12677764892578,63.49474334716797,25.717503356933594,51.550289154052734,33.81445846557617,36.37638473510742,28.81367607116699,22.614160537719727,26.867232513427734,62.787879180908206,86.14984741210938,59.16192855834961,44.04352493286133,97.88231201171875,38.93196563720703,85.39960632324218,383.4193359375,145.8298797607422,226.41140441894532,182.0400421142578,75.41318817138672,93.15741119384765,45.62434310913086,460.35813598632814,136.05548400878905,289.18402709960935,115.42536163330078,22.31781425476074,19.245999908447267,382.7239624023438,98.1857192993164,90.07235412597656,67.34251098632812,67.93800048828125,40.33723449707031,144.26968078613282,87.0843521118164,76.00909271240235,351.0474060058594,192.608935546875,130.62861328125,229.00623779296876,36.41673049926758,39.01738662719727,38.6030776977539,33.99794158935547,97.36731872558593,67.14736328125,66.62650146484376,34.418338012695315,29.771604156494142,121.62759399414062,70.61800994873047,87.55284118652344,64.92804718017578,20.762104034423828,314.2631301879883,109.11344909667969,36.1365270614624,63.40486145019531,25.714699268341064,51.327860832214355,33.74197196960449,36.29329299926758,28.803043365478516,23.292783737182617,26.66380548477173,62.28481960296631,86.38572692871094,59.03066539764404,44.01289653778076,97.37437438964844,39.04047393798828,85.44089126586914,383.93079376220703,146.20293807983398,226.34303665161133,181.08855438232422,74.8222827911377,93.30643272399902,45.27412509918213,458.21353912353516,136.5390853881836,289.0263671875,115.2760009765625,22.420669555664062,19.634999752044678,383.22522735595703,98.00516128540039,90.20938873291016,67.99899482727051,66.27249908447266,40.24671173095703,144.5549774169922,87.49313926696777,76.8759765625,351.5751647949219,192.5676574707031,131.10913467407227,228.810417175293,36.358572006225586,37.99708938598633,38.0585298538208,33.954586029052734,96.0479621887207,66.96364212036133,67.46951866149902,34.77581214904785,30.473307609558105,123.40968894958496,70.89778137207031,88.36079559326171,65.49930267333984,21.11795082092285,323.175830078125,111.66329193115234,37.30989151000976,64.63328247070312,26.26702995300293,52.57364349365234,34.20165328979492,36.794316101074216,29.08478546142578,23.608317184448243,28.013483810424805,62.88181076049805,87.3465576171875,60.166937255859374,45.3033203125,99.92169036865235,39.912994384765625,88.05071105957032,395.8569702148437,150.1915069580078,234.16197814941407,185.92299194335936,75.56795043945313,94.6079330444336,47.46321334838867,469.97332763671875,139.33759155273438,299.5609436035156,119.16260223388672,22.99993019104004,20.012000274658202,395.0781677246094,98.54134674072266,91.82882995605469,69.20838012695313,68.67799835205078,41.11935882568359,148.07948303222656,90.44141998291016,79.75495147705078,362.42815551757815,198.48360290527344,134.1263427734375,237.80538330078124,37.372718048095706,38.802388763427736,39.802850341796876,34.90320510864258,98.30513916015624,69.64658813476562,67.63000793457032,36.091651916503906,31.045524978637694,125.84830017089844,73.83683319091797
week114,2023-03-06,2023-03-10,2023,87.52217407226563,64.91177368164062,20.830822372436522,311.01002197265626,106.06218566894532,35.83146362304687,63.22055206298828,25.83525848388672,52.37043685913086,33.62728424072266,36.419166564941406,28.313986206054686,22.817623901367188,26.23744430541992,62.57977066040039,86.60867004394531,58.90030517578125,43.75097427368164,94.79662017822265,39.48094482421875,84.65285797119141,381.3141357421875,143.80941467285157,226.25009155273438,177.08235778808594,75.18784637451172,93.49389343261718,44.42306900024414,449.222314453125,134.65551147460937,289.8519714355469,115.2629608154297,21.997029876708986,18.694000244140625,380.4938537597656,98.07938537597656,91.51917266845703,66.87319641113281,67.76399841308594,40.08377380371094,142.916455078125,85.75924072265624,74.64938049316406,349.057177734375,190.75498657226564,128.91327056884765,229.16170654296874,36.18954696655273,38.17813949584961,38.33385467529297,32.88303680419922,97.01014556884766,67.91651000976563,66.30552215576172,33.85936584472656,29.901094055175783,120.20992279052734,69.14214782714843,87.31870880126954,64.7477783203125,21.03741455078125,313.3746643066406,108.29977722167969,36.12677764892578,63.49474334716797,25.717503356933594,51.550289154052734,33.81445846557617,36.37638473510742,28.81367607116699,22.614160537719727,26.867232513427734,62.787879180908206,86.14984741210938,59.16192855834961,44.04352493286133,97.88231201171875,38.93196563720703,85.39960632324218,383.4193359375,145.8298797607422,226.41140441894532,182.0400421142578,75.41318817138672,93.15741119384765,45.62434310913086,460.35813598632814,136.05548400878905,289.18402709960935,115.42536163330078,22.31781425476074,19.245999908447267,382.7239624023438,98.1857192993164,90.07235412597656,67.34251098632812,67.93800048828125,40.33723449707031,144.26968078613282,87.0843521118164,76.00909271240235,351.0474060058594,192.608935546875,130.62861328125,229.00623779296876,36.41673049926758,39.01738662719727,38.6030776977539,33.99794158935547,97.36731872558593,67.14736328125,66.62650146484376,34.418338012695315,29.771604156494142,121.62759399414062,70.61800994873047,87.55284118652344,64.92804718017578,20.762104034423828,314.2631301879883,109.11344909667969,36.1365270614624,63.40486145019531,25.714699268341064,51.327860832214355,33.74197196960449,36.29329299926758,28.803043365478516,23.292783737182617,26.66380548477173,62.28481960296631,86.38572692871094,59.03066539764404,44.01289653778076,97.37437438964844,39.04047393798828,85.44089126586914,383.93079376220703,146.20293807983398,226.34303665161133,181.08855438232422,74.8222827911377,93.30643272399902,45.27412509918213,458.21353912353516,136.5390853881836,289.0263671875,115.2760009765625,22.420669555664062,19.634999752044678,383.22522735595703,98.00516128540039,90.20938873291016,67.99899482727051,66.27249908447266,40.24671173095703,144.5549774169922,87.49313926696777,76.8759765625,351.5751647949219,192.5676574707031,131.10913467407227,228.810417175293,36.358572006225586,37.99708938598633,38.0585298538208,33.954586029052734,96.0479621887207,66.96364212036133,67.46951866149902,34.77581214904785,30.473307609558105,123.40968894958496,70.89778137207031
week115,2023-03-13,2023-03-17,2023,89.25382080078126,66.19415130615235,20.107748794555665,304.9790344238281,101.51029815673829,35.01795349121094,61.62805328369141,25.063303756713868,51.081634521484375,32.69507522583008,35.894283294677734,27.44573097229004,21.96407279968262,25.615087509155273,62.15650100708008,89.24558715820312,57.373846435546874,42.719732666015624,89.89413299560547,38.19272689819336,83.09789428710937,376.34443359375,138.81203002929686,226.79499206542968,167.6927978515625,74.62410125732421,94.82825622558593,43.502709197998044,424.96087036132815,130.5698272705078,294.52178955078125,114.30205841064453,21.20401077270508,20.087999725341795,375.6545043945313,99.69806671142578,94.34888305664063,66.47417755126953,61.38199996948242,39.04818420410156,140.54125061035157,82.48523406982422,72.70111694335938,344.5931762695312,187.24862060546874,124.8735595703125,230.48226623535157,35.31534118652344,36.19035339355469,35.70665054321289,30.169145584106445,93.57209777832031,68.79524841308594,66.58038024902343,33.20121841430664,30.406284713745116,120.15473327636718,68.67229766845703,87.52217407226563,64.91177368164062,20.830822372436522,311.01002197265626,106.06218566894532,35.83146362304687,63.22055206298828,25.83525848388672,52.37043685913086,33.62728424072266,36.419166564941406,28.313986206054686,22.817623901367188,26.23744430541992,62.57977066040039,86.60867004394531,58.90030517578125,43.75097427368164,94.79662017822265,39.48094482421875,84.65285797119141,381.3141357421875,143.80941467285157,226.25009155273438,177.08235778808594,75.18784637451172,93.49389343261718,44.42306900024414,449.222314453125,134.65551147460937,289.8519714355469,115.2629608154297,21.997029876708986,18.694000244140625,380.4938537597656,98.07938537597656,91.51917266845703,66.87319641113281,67.76399841308594,40.08377380371094,142.916455078125,85.75924072265624,74.64938049316406,349.057177734375,190.75498657226564,128.91327056884765,229.16170654296874,36.18954696655273,38.17813949584961,38.33385467529297,32.88303680419922,97.01014556884766,67.91651000976563,66.30552215576172,33.85936584472656,29.901094055175783,120.20992279052734,69.14214782714843,87.31870880126954,64.7477783203125,21.03741455078125,313.3746643066406,108.29977722167969,36.12677764892578,63.49474334716797,25.717503356933594,51.550289154052734,33.81445846557617,36.37638473510742,28.81367607116699,22.614160537719727,26.867232513427734,62.787879180908206,86.14984741210938,59.16192855834961,44.04352493286133,97.88231201171875,38.93196563720703,85.39960632324218,383.4193359375,145.8298797607422,226.41140441894532,182.0400421142578,75.41318817138672,93.15741119384765,45.62434310913086,460.35813598632814,136.05548400878905,289.18402709960935,115.42536163330078,22.31781425476074,19.245999908447267,382.7239624023438,98.1857192993164,90.07235412597656,67.34251098632812,67.93800048828125,40.33723449707031,144.26968078613282,87.0843521118164,76.00909271240235,351.0474060058594,192.608935546875,130.62861328125,229.00623779296876,36.41673049926758,39.01738662719727,38.6030776977539,33.99794158935547,97.36731872558593,67.14736328125,66.62650146484376,34.418338012695315,29.771604156494142,121.62759399414062,70.61800994873047
week116,2023-03-20,2023-03-24,2023,89.79315185546875,66.58247833251953,20.01845817565918,307.33807373046875,101.41169281005861,35.57143783569336,62.53053207397461,25.48199005126953,52.026268005371094,33.304316711425784,36.896331024169925,27.720383834838866,21.416542053222656,26.272742080688477,62.39523468017578,89.87264709472656,58.15150833129883,43.34688873291016,89.38353118896484,38.246236419677736,84.05149383544922,381.6219116210938,138.99237060546875,232.241259765625,166.61267700195313,74.92586669921874,96.01769714355468,44.356536102294925,424.9074401855469,131.1809112548828,303.61756591796876,116.28697509765625,21.293441009521484,20.966000366210938,380.8942016601562,100.32318267822265,94.78120727539064,66.9882095336914,60.91600036621094,39.55120315551758,141.6739288330078,82.67816009521485,70.52588348388672,349.38477783203126,189.41151123046876,125.02693023681641,236.39581604003905,35.7901252746582,36.336396026611325,35.80726699829101,29.945402526855467,93.2924301147461,70.90658416748047,67.13770904541016,32.22804641723633,29.98369140625,120.9920867919922,69.69243774414062,89.25382080078126,66.19415130615235,20.107748794555665,304.9790344238281,101.51029815673829,35.01795349121094,61.62805328369141,25.063303756713868,51.081634521484375,32.69507522583008,35.894283294677734,27.44573097229004,21.96407279968262,25.615087509155273,62.15650100708008,89.24558715820312,57.373846435546874,42.719732666015624,89.89413299560547,38.19272689819336,83.09789428710937,376.34443359375,138.81203002929686,226.79499206542968,167.6927978515625,74.62410125732421,94.82825622558593,43.502709197998044,424.96087036132815,130.5698272705078,294.52178955078125,114.30205841064453,21.20401077270508,20.087999725341795,375.6545043945313,99.69806671142578,94.34888305664063,66.47417755126953,61.38199996948242,39.04818420410156,140.54125061035157,82.48523406982422,72.70111694335938,344.5931762695312,187.24862060546874,124.8735595703125,230.48226623535157,35.31534118652344,36.19035339355469,35.70665054321289,30.169145584106445,93.57209777832031,68.79524841308594,66.58038024902343,33.20121841430664,30.406284713745116,120.15473327636718,68.67229766845703,87.52217407226563,64.91177368164062,20.830822372436522,311.01002197265626,106.06218566894532,35.83146362304687,63.22055206298828,25.83525848388672,52.37043685913086,33.62728424072266,36.419166564941406,28.313986206054686,22.817623901367188,26.23744430541992,62.57977066040039,86.60867004394531,58.90030517578125,43.75097427368164,94.79662017822265,39.48094482421875,84.65285797119141,381.3141357421875,143.80941467285157,226.25009155273438,177.08235778808594,75.18784637451172,93.49389343261718,44.42306900024414,449.222314453125,134.65551147460937,289.8519714355469,115.2629608154297,21.997029876708986,18.694000244140625,380.4938537597656,98.07938537597656,91.51917266845703,66.87319641113281,67.76399841308594,40.08377380371094,142.916455078125,85.75924072265624,74.64938049316406,349.057177734375,190.75498657226564,128.91327056884765,229.16170654296874,36.18954696655273,38.17813949584961,38.33385467529297,32.88303680419922,97.01014556884766,67.91651000976563,66.30552215576172,33.85936584472656,29.901094055175783,120.20992279052734,69.14214782714843
week117,2023-03-27,2023-03-31,2023,89.44322357177734,66.34044494628907,20.57170715332031,312.1143310546875,103.773388671875,36.32179718017578,63.91602554321289,26.110020446777344,52.952596282958986,34.06218719482422,37.192500305175784,28.255510330200195,22.30152244567871,27.21463737487793,62.87944641113281,89.4177459716797,59.3838607788086,44.21539840698242,90.71410064697265,38.43055191040039,85.48821868896485,387.9868103027344,141.78763732910156,235.50442810058593,169.3748046875,75.58911590576172,95.94347381591797,45.76849594116211,433.73305053710936,133.8706848144531,307.9738830566406,117.9108169555664,21.64020881652832,21.63000030517578,387.23382568359375,100.44966430664063,93.6736068725586,68.35272216796875,64.92200164794922,40.39805297851562,144.00265197753907,84.43677368164063,71.94368896484374,355.22540893554685,192.64205932617188,127.39718627929688,239.82704467773436,36.47762603759766,37.31377410888672,37.18296432495117,30.385914611816407,95.24673156738281,72.1844467163086,68.5019287109375,32.82005844116211,30.637744140625,122.2280776977539,70.7083526611328,89.79315185546875,66.58247833251953,20.01845817565918,307.33807373046875,101.41169281005861,35.57143783569336,62.53053207397461,25.48199005126953,52.026268005371094,33.304316711425784,36.896331024169925,27.720383834838866,21.416542053222656,26.272742080688477,62.39523468017578,89.87264709472656,58.15150833129883,43.34688873291016,89.38353118896484,38.246236419677736,84.05149383544922,381.6219116210938,138.99237060546875,232.241259765625,166.61267700195313,74.92586669921874,96.01769714355468,44.356536102294925,424.9074401855469,131.1809112548828,303.61756591796876,116.28697509765625,21.293441009521484,20.966000366210938,380.8942016601562,100.32318267822265,94.78120727539064,66.9882095336914,60.91600036621094,39.55120315551758,141.6739288330078,82.67816009521485,70.52588348388672,349.38477783203126,189.41151123046876,125.02693023681641,236.39581604003905,35.7901252746582,36.336396026611325,35.80726699829101,29.945402526855467,93.2924301147461,70.90658416748047,67.13770904541016,32.22804641723633,29.98369140625,120.9920867919922,69.69243774414062,89.25382080078126,66.19415130615235,20.107748794555665,304.9790344238281,101.51029815673829,35.01795349121094,61.62805328369141,25.063303756713868,51.081634521484375,32.69507522583008,35.894283294677734,27.44573097229004,21.96407279968262,25.615087509155273,62.15650100708008,89.24558715820312,57.373846435546874,42.719732666015624,89.89413299560547,38.19272689819336,83.09789428710937,376.34443359375,138.81203002929686,226.79499206542968,167.6927978515625,74.62410125732421,94.82825622558593,43.502709197998044,424.96087036132815,130.5698272705078,294.52178955078125,114.30205841064453,21.20401077270508,20.087999725341795,375.6545043945313,99.69806671142578,94.34888305664063,66.47417755126953,61.38199996948242,39.04818420410156,140.54125061035157,82.48523406982422,72.70111694335938,344.5931762695312,187.24862060546874,124.8735595703125,230.48226623535157,35.31534118652344,36.19035339355469,35.70665054321289,30.169145584106445,93.57209777832031,68.79524841308594,66.58038024902343,33.20121841430664,30.406284713745116,120.15473327636718,68.67229766845703
week118,2023-04-03,2023-04-06,2023,90.64019203186035,67.2476692199707,21.127580642700195,319.3936309814453,105.6048583984375,36.61246871948242,65.30923461914062,26.66796112060547,53.494935035705566,35.03109550476074,37.218828201293945,29.07105255126953,22.51945972442627,27.144506454467773,63.65818786621094,90.87466239929199,60.638766288757324,44.611714363098145,90.67639923095703,39.32289123535156,86.96129989624023,395.52259826660156,144.52175903320312,239.7303581237793,169.47869491577148,76.56383895874023,97.67626190185547,45.847039222717285,435.3876953125,138.00227737426758,313.14429473876953,120.03436660766602,21.973731994628906,22.714999675750732,394.7569274902344,101.63042640686035,96.37860679626465,69.83395004272461,70.2599983215332,41.2476282119751,146.89112091064453,85.93429756164551,73.60664367675781,362.1619338989258,195.97755813598633,130.02126693725586,244.1921615600586,36.812283515930176,37.95636558532715,39.123263359069824,30.63969087600708,94.93891525268555,73.30957412719727,69.67290878295898,33.60001182556152,31.45462942123413,126.2145004272461,71.6140193939209,89.44322357177734,66.34044494628907,20.57170715332031,312.1143310546875,103.773388671875,36.32179718017578,63.91602554321289,26.110020446777344,52.952596282958986,34.06218719482422,37.192500305175784,28.255510330200195,22.30152244567871,27.21463737487793,62.87944641113281,89.4177459716797,59.3838607788086,44.21539840698242,90.71410064697265,38.43055191040039,85.48821868896485,387.9868103027344,141.78763732910156,235.50442810058593,169.3748046875,75.58911590576172,95.94347381591797,45.76849594116211,433.73305053710936,133.8706848144531,307.9738830566406,117.9108169555664,21.64020881652832,21.63000030517578,387.23382568359375,100.44966430664063,93.6736068725586,68.35272216796875,64.92200164794922,40.39805297851562,144.00265197753907,84.43677368164063,71.94368896484374,355.22540893554685,192.64205932617188,127.39718627929688,239.82704467773436,36.47762603759766,37.31377410888672,37.18296432495117,30.385914611816407,95.24673156738281,72.1844467163086,68.5019287109375,32.82005844116211,30.637744140625,122.2280776977539,70.7083526611328,89.79315185546875,66.58247833251953,20.01845817565918,307.33807373046875,101.41169281005861,35.57143783569336,62.53053207397461,25.48199005126953,52.026268005371094,33.304316711425784,36.896331024169925,27.720383834838866,21.416542053222656,26.272742080688477,62.39523468017578,89.87264709472656,58.15150833129883,43.34688873291016,89.38353118896484,38.246236419677736,84.05149383544922,381.6219116210938,138.99237060546875,232.241259765625,166.61267700195313,74.92586669921874,96.01769714355468,44.356536102294925,424.9074401855469,131.1809112548828,303.61756591796876,116.28697509765625,21.293441009521484,20.966000366210938,380.8942016601562,100.32318267822265,94.78120727539064,66.9882095336914,60.91600036621094,39.55120315551758,141.6739288330078,82.67816009521485,70.52588348388672,349.38477783203126,189.41151123046876,125.02693023681641,236.39581604003905,35.7901252746582,36.336396026611325,35.80726699829101,29.945402526855467,93.2924301147461,70.90658416748047,67.13770904541016,32.22804641723633,29.98369140625,120.9920867919922,69.69243774414062
week119,2023-04-10,2023-04-14,2023,90.19805603027343,66.93079681396485,21.310537338256836,322.1054748535156,106.80887451171876,36.80098419189453,65.97882385253907,26.98477897644043,53.26564254760742,35.6348258972168,37.102002716064455,29.593333435058593,23.856442642211913,26.861658096313477,63.83209762573242,90.2522705078125,61.23509674072265,44.94494705200195,91.25056762695313,39.77822723388672,87.2904266357422,397.0821166992188,145.76248474121093,239.57164916992187,170.77828369140624,76.74379272460938,97.20821228027344,45.36006393432617,439.30820922851564,139.74957580566405,311.76548461914064,120.68016357421875,22.083903503417968,23.279999923706054,396.2617553710937,101.24456024169922,95.24358978271485,70.34933471679688,71.43000030517578,41.71376419067383,147.6871765136719,86.66188507080078,73.81837005615235,363.5330444335938,196.79071044921875,131.22391357421876,243.7288391113281,36.9268684387207,38.24096527099609,39.523554992675784,31.048603057861328,95.36947326660156,72.71600036621093,69.88282775878906,33.76980819702148,31.93299446105957,128.27244415283204,71.23342742919922,90.64019203186035,67.2476692199707,21.127580642700195,319.3936309814453,105.6048583984375,36.61246871948242,65.30923461914062,26.66796112060547,53.494935035705566,35.03109550476074,37.218828201293945,29.07105255126953,22.51945972442627,27.144506454467773,63.65818786621094,90.87466239929199,60.638766288757324,44.611714363098145,90.67639923095703,39.32289123535156,86.96129989624023,395.52259826660156,144.52175903320312,239.7303581237793,169.47869491577148,76.56383895874023,97.67626190185547,45.847039222717285,435.3876953125,138.00227737426758,313.14429473876953,120.03436660766602,21.973731994628906,22.714999675750732,394.7569274902344,101.63042640686035,96.37860679626465,69.83395004272461,70.2599983215332,41.2476282119751,146.89112091064453,85.93429756164551,73.60664367675781,362.1619338989258,195.97755813598633,130.02126693725586,244.1921615600586,36.812283515930176,37.95636558532715,39.123263359069824,30.63969087600708,94.93891525268555,73.30957412719727,69.67290878295898,33.60001182556152,31.45462942123413,126.2145004272461,71.6140193939209,89.44322357177734,66.34044494628907,20.57170715332031,312.1143310546875,103.773388671875,36.32179718017578,63.91602554321289,26.110020446777344,52.952596282958986,34.06218719482422,37.192500305175784,28.255510330200195,22.30152244567871,27.21463737487793,62.87944641113281,89.4177459716797,59.3838607788086,44.21539840698242,90.71410064697265,38.43055191040039,85.48821868896485,387.9868103027344,141.78763732910156,235.50442810058593,169.3748046875,75.58911590576172,95.94347381591797,45.76849594116211,433.73305053710936,133.8706848144531,307.9738830566406,117.9108169555664,21.64020881652832,21.63000030517578,387.23382568359375,100.44966430664063,93.6736068725586,68.35272216796875,64.92200164794922,40.39805297851562,144.00265197753907,84.43677368164063,71.94368896484374,355.22540893554685,192.64205932617188,127.39718627929688,239.82704467773436,36.47762603759766,37.31377410888672,37.18296432495117,30.385914611816407,95.24673156738281,72.1844467163086,68.5019287109375,32.82005844116211,30.637744140625,122.2280776977539,70.7083526611328
week120,2023-04-17,2023-04-21,2023,89.57597045898437,66.46002807617188,21.107446670532227,323.30226440429686,106.86288299560547,36.693260192871094,66.59258422851562,27.218423080444335,53.7764030456543,36.13212356567383,36.62813262939453,29.839634704589844,23.43628273010254,26.954547882080078,63.743648529052734,89.40787963867187,61.81428451538086,44.79684295654297,91.08065643310547,39.540401458740234,87.8648193359375,399.57352905273444,146.67275390625,241.0699951171875,172.04063415527344,76.6738052368164,96.48133544921875,45.365606689453124,441.6523010253906,139.28011169433594,312.71385498046874,121.30656585693359,22.130800628662108,23.10999984741211,398.78215942382815,100.49209442138672,93.40247497558593,70.41423187255859,69.33600006103515,42.073583984375,148.89695434570314,86.26342163085937,74.03502960205078,365.8185607910156,198.0528533935547,131.92478942871094,245.54664611816406,36.80137405395508,38.52413711547852,39.20222930908203,31.912391662597656,96.696630859375,72.97098388671876,70.43148345947266,33.90600814819336,31.844811248779298,127.92666320800781,72.09093627929687,90.19805603027343,66.93079681396485,21.310537338256836,322.1054748535156,106.80887451171876,36.80098419189453,65.97882385253907,26.98477897644043,53.26564254760742,35.6348258972168,37.102002716064455,29.593333435058593,23.856442642211913,26.861658096313477,63.83209762573242,90.2522705078125,61.23509674072265,44.94494705200195,91.25056762695313,39.77822723388672,87.2904266357422,397.0821166992188,145.76248474121093,239.57164916992187,170.77828369140624,76.74379272460938,97.20821228027344,45.36006393432617,439.30820922851564,139.74957580566405,311.76548461914064,120.68016357421875,22.083903503417968,23.279999923706054,396.2617553710937,101.24456024169922,95.24358978271485,70.34933471679688,71.43000030517578,41.71376419067383,147.6871765136719,86.66188507080078,73.81837005615235,363.5330444335938,196.79071044921875,131.22391357421876,243.7288391113281,36.9268684387207,38.24096527099609,39.523554992675784,31.048603057861328,95.36947326660156,72.71600036621093,69.88282775878906,33.76980819702148,31.93299446105957,128.27244415283204,71.23342742919922,90.64019203186035,67.2476692199707,21.127580642700195,319.3936309814453,105.6048583984375,36.61246871948242,65.30923461914062,26.66796112060547,53.494935035705566,35.03109550476074,37.218828201293945,29.07105255126953,22.51945972442627,27.144506454467773,63.65818786621094,90.87466239929199,60.638766288757324,44.611714363098145,90.67639923095703,39.32289123535156,86.96129989624023,395.52259826660156,144.52175903320312,239.7303581237793,169.47869491577148,76.56383895874023,97.67626190185547,45.847039222717285,435.3876953125,138.00227737426758,313.14429473876953,120.03436660766602,21.973731994628906,22.714999675750732,394.7569274902344,101.63042640686035,96.37860679626465,69.83395004272461,70.2599983215332,41.2476282119751,146.89112091064453,85.93429756164551,73.60664367675781,362.1619338989258,195.97755813598633,130.02126693725586,244.1921615600586,36.812283515930176,37.95636558532715,39.123263359069824,30.63969087600708,94.93891525268555,73.30957412719727,69.67290878295898,33.60001182556152,31.45462942123413,126.2145004272461,71.6140193939209
week121,2023-04-24,2023-04-28,2023,90.23059539794922,66.95071563720703,20.639987182617187,321.8191345214844,105.14169769287109,35.95404586791992,66.57261199951172,27.313748931884767,53.83315505981445,36.29544677734375,35.798851776123044,29.83786277770996,23.04755401611328,25.968066024780274,63.8593032836914,90.33035430908203,61.783606719970706,43.92650680541992,89.05889129638672,40.09928970336914,87.04177703857422,396.6778137207031,145.07410583496093,239.56573486328125,168.33475341796876,76.80875854492187,97.14084320068359,43.53042907714844,435.2364929199219,138.1658966064453,311.0256591796875,120.42999725341797,21.700930404663087,22.957999801635744,395.895068359375,101.23722381591797,94.81733703613281,70.02865142822266,67.10800018310547,41.930014038085936,148.23882751464845,84.3641571044922,73.29911499023437,363.157275390625,196.22034301757813,130.64859313964843,244.01471252441405,36.16661529541015,37.831824493408206,38.65359115600586,31.39526710510254,95.1259033203125,72.30115661621093,71.23406982421875,33.655401611328124,31.801634979248046,127.28669891357421,71.45733337402343,89.57597045898437,66.46002807617188,21.107446670532227,323.30226440429686,106.86288299560547,36.693260192871094,66.59258422851562,27.218423080444335,53.7764030456543,36.13212356567383,36.62813262939453,29.839634704589844,23.43628273010254,26.954547882080078,63.743648529052734,89.40787963867187,61.81428451538086,44.79684295654297,91.08065643310547,39.540401458740234,87.8648193359375,399.57352905273444,146.67275390625,241.0699951171875,172.04063415527344,76.6738052368164,96.48133544921875,45.365606689453124,441.6523010253906,139.28011169433594,312.71385498046874,121.30656585693359,22.130800628662108,23.10999984741211,398.78215942382815,100.49209442138672,93.40247497558593,70.41423187255859,69.33600006103515,42.073583984375,148.89695434570314,86.26342163085937,74.03502960205078,365.8185607910156,198.0528533935547,131.92478942871094,245.54664611816406,36.80137405395508,38.52413711547852,39.20222930908203,31.912391662597656,96.696630859375,72.97098388671876,70.43148345947266,33.90600814819336,31.844811248779298,127.92666320800781,72.09093627929687,90.19805603027343,66.93079681396485,21.310537338256836,322.1054748535156,106.80887451171876,36.80098419189453,65.97882385253907,26.98477897644043,53.26564254760742,35.6348258972168,37.102002716064455,29.593333435058593,23.856442642211913,26.861658096313477,63.83209762573242,90.2522705078125,61.23509674072265,44.94494705200195,91.25056762695313,39.77822723388672,87.2904266357422,397.0821166992188,145.76248474121093,239.57164916992187,170.77828369140624,76.74379272460938,97.20821228027344,45.36006393432617,439.30820922851564,139.74957580566405,311.76548461914064,120.68016357421875,22.083903503417968,23.279999923706054,396.2617553710937,101.24456024169922,95.24358978271485,70.34933471679688,71.43000030517578,41.71376419067383,147.6871765136719,86.66188507080078,73.81837005615235,363.5330444335938,196.79071044921875,131.22391357421876,243.7288391113281,36.9268684387207,38.24096527099609,39.523554992675784,31.048603057861328,95.36947326660156,72.71600036621093,69.88282775878906,33.76980819702148,31.93299446105957,128.27244415283204,71.23342742919922
week122,2023-05-01,2023-05-05,2023,90.29094848632812,66.9831039428711,20.046471405029298,320.50994873046875,102.77957153320312,36.11377639770508,66.4473159790039,27.33617820739746,53.813019561767575,35.99266052246094,36.03249816894531,29.738633346557616,23.057479095458984,26.090679931640626,63.716555786132815,90.665673828125,61.709634399414064,44.16968612670898,88.37732849121093,40.77907180786133,87.0090087890625,396.7991088867187,143.96090087890624,241.32432556152344,167.06079711914063,76.63319244384766,96.71109924316406,43.615441131591794,432.80931396484374,136.5179443359375,314.4099487304687,120.63556213378907,21.345008850097656,23.436000061035156,396.0340270996094,101.10230712890625,94.30790710449219,70.0458267211914,62.72800064086914,41.89003677368164,148.22169494628906,83.5039047241211,73.32955780029297,363.3114318847656,196.1683135986328,129.57103576660157,246.13221130371093,36.36668014526367,37.60736923217773,36.69822463989258,30.88388862609863,95.25631408691406,73.30442657470704,71.38049926757813,33.595472717285155,31.513190460205077,127.47963256835938,71.35857543945312,90.23059539794922,66.95071563720703,20.639987182617187,321.8191345214844,105.14169769287109,35.95404586791992,66.57261199951172,27.313748931884767,53.83315505981445,36.29544677734375,35.798851776123044,29.83786277770996,23.04755401611328,25.968066024780274,63.8593032836914,90.33035430908203,61.783606719970706,43.92650680541992,89.05889129638672,40.09928970336914,87.04177703857422,396.6778137207031,145.07410583496093,239.56573486328125,168.33475341796876,76.80875854492187,97.14084320068359,43.53042907714844,435.2364929199219,138.1658966064453,311.0256591796875,120.42999725341797,21.700930404663087,22.957999801635744,395.895068359375,101.23722381591797,94.81733703613281,70.02865142822266,67.10800018310547,41.930014038085936,148.23882751464845,84.3641571044922,73.29911499023437,363.157275390625,196.22034301757813,130.64859313964843,244.01471252441405,36.16661529541015,37.831824493408206,38.65359115600586,31.39526710510254,95.1259033203125,72.30115661621093,71.23406982421875,33.655401611328124,31.801634979248046,127.28669891357421,71.45733337402343,89.57597045898437,66.46002807617188,21.107446670532227,323.30226440429686,106.86288299560547,36.693260192871094,66.59258422851562,27.218423080444335,53.7764030456543,36.13212356567383,36.62813262939453,29.839634704589844,23.43628273010254,26.954547882080078,63.743648529052734,89.40787963867187,61.81428451538086,44.79684295654297,91.08065643310547,39.540401458740234,87.8648193359375,399.57352905273444,146.67275390625,241.0699951171875,172.04063415527344,76.6738052368164,96.48133544921875,45.365606689453124,441.6523010253906,139.28011169433594,312.71385498046874,121.30656585693359,22.130800628662108,23.10999984741211,398.78215942382815,100.49209442138672,93.40247497558593,70.41423187255859,69.33600006103515,42.073583984375,148.89695434570314,86.26342163085937,74.03502960205078,365.8185607910156,198.0528533935547,131.92478942871094,245.54664611816406,36.80137405395508,38.52413711547852,39.20222930908203,31.912391662597656,96.696630859375,72.97098388671876,70.43148345947266,33.90600814819336,31.844811248779298,127.92666320800781,72.09093627929687
week123,2023-05-08,2023-05-12,2023,90.11872711181641,66.8614990234375,20.19353675842285,319.48126831054685,101.40406036376953,36.27164764404297,66.70698394775391,27.23150520324707,54.79060516357422,35.77979507446289,36.08350601196289,29.701422882080077,24.21870651245117,26.361915588378906,63.68580017089844,90.51823425292969,61.96945648193359,44.32327728271484,88.18450927734375,41.12193832397461,87.38679809570313,398.40675048828126,143.26873474121095,244.49647827148436,167.75674743652343,76.64324340820312,96.30195922851563,43.59880828857422,431.1048645019531,136.53157958984374,319.0889587402344,120.70343780517578,21.112338638305665,22.9,397.59912109375,100.98056335449219,93.35450897216796,70.08019256591797,63.768000793457034,42.08811950683594,147.95348205566407,82.73861999511719,73.71451873779297,364.74326171875,197.09902954101562,128.80455932617187,249.78755798339844,36.4776252746582,37.2077033996582,36.218972778320314,30.768972396850586,94.82288360595703,74.0527130126953,71.21182861328126,33.733489227294925,31.654657745361327,126.66582336425782,72.42044830322266,90.29094848632812,66.9831039428711,20.046471405029298,320.50994873046875,102.77957153320312,36.11377639770508,66.4473159790039,27.33617820739746,53.813019561767575,35.99266052246094,36.03249816894531,29.738633346557616,23.057479095458984,26.090679931640626,63.716555786132815,90.665673828125,61.709634399414064,44.16968612670898,88.37732849121093,40.77907180786133,87.0090087890625,396.7991088867187,143.96090087890624,241.32432556152344,167.06079711914063,76.63319244384766,96.71109924316406,43.615441131591794,432.80931396484374,136.5179443359375,314.4099487304687,120.63556213378907,21.345008850097656,23.436000061035156,396.0340270996094,101.10230712890625,94.30790710449219,70.0458267211914,62.72800064086914,41.89003677368164,148.22169494628906,83.5039047241211,73.32955780029297,363.3114318847656,196.1683135986328,129.57103576660157,246.13221130371093,36.36668014526367,37.60736923217773,36.69822463989258,30.88388862609863,95.25631408691406,73.30442657470704,71.38049926757813,33.595472717285155,31.513190460205077,127.47963256835938,71.35857543945312,90.23059539794922,66.95071563720703,20.639987182617187,321.8191345214844,105.14169769287109,35.95404586791992,66.57261199951172,27.313748931884767,53.83315505981445,36.29544677734375,35.798851776123044,29.83786277770996,23.04755401611328,25.968066024780274,63.8593032836914,90.33035430908203,61.783606719970706,43.92650680541992,89.05889129638672,40.09928970336914,87.04177703857422,396.6778137207031,145.07410583496093,239.56573486328125,168.33475341796876,76.80875854492187,97.14084320068359,43.53042907714844,435.2364929199219,138.1658966064453,311.0256591796875,120.42999725341797,21.700930404663087,22.957999801635744,395.895068359375,101.23722381591797,94.81733703613281,70.02865142822266,67.10800018310547,41.930014038085936,148.23882751464845,84.3641571044922,73.29911499023437,363.157275390625,196.22034301757813,130.64859313964843,244.01471252441405,36.16661529541015,37.831824493408206,38.65359115600586,31.39526710510254,95.1259033203125,72.30115661621093,71.23406982421875,33.655401611328124,31.801634979248046,127.28669891357421,71.45733337402343
week124,2023-05-15,2023-05-19,2023,89.40989685058594,66.33875122070313,19.960683822631836,318.6593505859375,100.222998046875,36.27907791137695,66.62890319824218,27.124964904785156,55.59244384765625,35.65684814453125,36.851905059814456,29.490559387207032,24.73480644226074,26.41207504272461,63.31853332519531,89.63357238769531,61.87743453979492,44.33424835205078,89.12189483642578,40.824658203125,88.07106170654296,401.4892333984375,143.11890563964843,248.36062622070312,169.44825744628906,76.20264587402343,95.25597686767578,43.54521255493164,432.9387939453125,135.8127655029297,326.3986755371094,121.93685150146484,21.082277297973633,21.829999923706055,400.70624389648435,100.35885467529297,91.8516860961914,69.68887786865234,63.614000701904295,42.00634231567383,148.02767944335938,82.93786010742187,72.2624008178711,367.6127136230469,198.5904541015625,128.45411987304686,254.05801696777343,36.426701354980466,37.05427932739258,35.87846908569336,31.00072021484375,95.06453552246094,75.90527648925782,70.66502685546875,33.056130981445314,30.63958320617676,125.290380859375,73.36401062011718,90.11872711181641,66.8614990234375,20.19353675842285,319.48126831054685,101.40406036376953,36.27164764404297,66.70698394775391,27.23150520324707,54.79060516357422,35.77979507446289,36.08350601196289,29.701422882080077,24.21870651245117,26.361915588378906,63.68580017089844,90.51823425292969,61.96945648193359,44.32327728271484,88.18450927734375,41.12193832397461,87.38679809570313,398.40675048828126,143.26873474121095,244.49647827148436,167.75674743652343,76.64324340820312,96.30195922851563,43.59880828857422,431.1048645019531,136.53157958984374,319.0889587402344,120.70343780517578,21.112338638305665,22.9,397.59912109375,100.98056335449219,93.35450897216796,70.08019256591797,63.768000793457034,42.08811950683594,147.95348205566407,82.73861999511719,73.71451873779297,364.74326171875,197.09902954101562,128.80455932617187,249.78755798339844,36.4776252746582,37.2077033996582,36.218972778320314,30.768972396850586,94.82288360595703,74.0527130126953,71.21182861328126,33.733489227294925,31.654657745361327,126.66582336425782,72.42044830322266,90.29094848632812,66.9831039428711,20.046471405029298,320.50994873046875,102.77957153320312,36.11377639770508,66.4473159790039,27.33617820739746,53.813019561767575,35.99266052246094,36.03249816894531,29.738633346557616,23.057479095458984,26.090679931640626,63.716555786132815,90.665673828125,61.709634399414064,44.16968612670898,88.37732849121093,40.77907180786133,87.0090087890625,396.7991088867187,143.96090087890624,241.32432556152344,167.06079711914063,76.63319244384766,96.71109924316406,43.615441131591794,432.80931396484374,136.5179443359375,314.4099487304687,120.63556213378907,21.345008850097656,23.436000061035156,396.0340270996094,101.10230712890625,94.30790710449219,70.0458267211914,62.72800064086914,41.89003677368164,148.22169494628906,83.5039047241211,73.32955780029297,363.3114318847656,196.1683135986328,129.57103576660157,246.13221130371093,36.36668014526367,37.60736923217773,36.69822463989258,30.88388862609863,95.25631408691406,73.30442657470704,71.38049926757813,33.595472717285155,31.513190460205077,127.47963256835938,71.35857543945312
week125,2023-05-22,2023-05-26,2023,88.6502914428711,65.77791137695313,19.902906417846683,315.60174560546875,99.45782775878905,35.97819137573242,65.62473754882812,26.779174423217775,55.211663818359376,34.935673522949216,37.45082778930664,28.92708053588867,24.594203186035156,25.26582565307617,63.18188552856445,88.48316650390625,60.90490798950195,44.052667236328126,89.67744903564453,41.026807403564455,88.2117706298828,401.9705505371094,142.24278259277344,250.35184631347656,170.41677856445312,75.99491577148437,94.67606353759766,41.74700393676758,430.8130615234375,134.38103942871095,332.67930297851564,122.46822662353516,21.112338256835937,21.31599998474121,401.1501220703125,99.60986633300782,90.4332489013672,68.74974670410157,64.66600112915039,41.41027679443359,146.45076904296874,82.75538024902343,71.10750274658203,368.0115966796875,198.89106140136718,127.410302734375,256.5599822998047,36.015655517578125,36.316506958007814,36.316644287109376,30.790038681030275,94.27436828613281,77.72646484375,68.4593002319336,32.44233512878418,30.009411239624022,123.38384399414062,73.3708511352539,89.40989685058594,66.33875122070313,19.960683822631836,318.6593505859375,100.222998046875,36.27907791137695,66.62890319824218,27.124964904785156,55.59244384765625,35.65684814453125,36.851905059814456,29.490559387207032,24.73480644226074,26.41207504272461,63.31853332519531,89.63357238769531,61.87743453979492,44.33424835205078,89.12189483642578,40.824658203125,88.07106170654296,401.4892333984375,143.11890563964843,248.36062622070312,169.44825744628906,76.20264587402343,95.25597686767578,43.54521255493164,432.9387939453125,135.8127655029297,326.3986755371094,121.93685150146484,21.082277297973633,21.829999923706055,400.70624389648435,100.35885467529297,91.8516860961914,69.68887786865234,63.614000701904295,42.00634231567383,148.02767944335938,82.93786010742187,72.2624008178711,367.6127136230469,198.5904541015625,128.45411987304686,254.05801696777343,36.426701354980466,37.05427932739258,35.87846908569336,31.00072021484375,95.06453552246094,75.90527648925782,70.66502685546875,33.056130981445314,30.63958320617676,125.290380859375,73.36401062011718,90.11872711181641,66.8614990234375,20.19353675842285,319.48126831054685,101.40406036376953,36.27164764404297,66.70698394775391,27.23150520324707,54.79060516357422,35.77979507446289,36.08350601196289,29.701422882080077,24.21870651245117,26.361915588378906,63.68580017089844,90.51823425292969,61.96945648193359,44.32327728271484,88.18450927734375,41.12193832397461,87.38679809570313,398.40675048828126,143.26873474121095,244.49647827148436,167.75674743652343,76.64324340820312,96.30195922851563,43.59880828857422,431.1048645019531,136.53157958984374,319.0889587402344,120.70343780517578,21.112338638305665,22.9,397.59912109375,100.98056335449219,93.35450897216796,70.08019256591797,63.768000793457034,42.08811950683594,147.95348205566407,82.73861999511719,73.71451873779297,364.74326171875,197.09902954101562,128.80455932617187,249.78755798339844,36.4776252746582,37.2077033996582,36.218972778320314,30.768972396850586,94.82288360595703,74.0527130126953,71.21182861328126,33.733489227294925,31.654657745361327,126.66582336425782,72.42044830322266
week126,2023-05-30,2023-06-02,2023,89.28621101379395,66.2280216217041,19.578136920928955,317.74437713623047,98.71156311035156,36.02044677734375,65.0186996459961,26.506747245788574,55.38511848449707,34.336069107055664,38.419965744018555,28.56826114654541,24.450702667236328,24.631856441497803,63.61705493927002,89.10966873168945,60.354586601257324,44.14774513244629,89.81489944458008,41.59957027435303,89.48391342163086,407.9314193725586,142.33852767944336,257.2890930175781,170.8295135498047,76.51041793823242,95.72630882263184,40.780900955200195,432.0542297363281,133.2103271484375,345.4722595214844,124.53117179870605,21.10797929763794,21.637500286102295,407.1466751098633,99.82096862792969,92.18589973449707,68.50733184814453,62.40750026702881,41.11814880371094,147.18833923339844,82.98068046569824,71.97278594970703,373.54378509521484,201.74145889282227,127.45855331420898,264.02149200439453,36.02338218688965,36.15929317474365,35.60072994232178,30.82642698287964,94.47142791748047,81.25089836120605,67.53436851501465,32.848660469055176,29.721883296966553,122.63499069213867,75.16704177856445,88.6502914428711,65.77791137695313,19.902906417846683,315.60174560546875,99.45782775878905,35.97819137573242,65.62473754882812,26.779174423217775,55.211663818359376,34.935673522949216,37.45082778930664,28.92708053588867,24.594203186035156,25.26582565307617,63.18188552856445,88.48316650390625,60.90490798950195,44.052667236328126,89.67744903564453,41.026807403564455,88.2117706298828,401.9705505371094,142.24278259277344,250.35184631347656,170.41677856445312,75.99491577148437,94.67606353759766,41.74700393676758,430.8130615234375,134.38103942871095,332.67930297851564,122.46822662353516,21.112338256835937,21.31599998474121,401.1501220703125,99.60986633300782,90.4332489013672,68.74974670410157,64.66600112915039,41.41027679443359,146.45076904296874,82.75538024902343,71.10750274658203,368.0115966796875,198.89106140136718,127.410302734375,256.5599822998047,36.015655517578125,36.316506958007814,36.316644287109376,30.790038681030275,94.27436828613281,77.72646484375,68.4593002319336,32.44233512878418,30.009411239624022,123.38384399414062,73.3708511352539,89.40989685058594,66.33875122070313,19.960683822631836,318.6593505859375,100.222998046875,36.27907791137695,66.62890319824218,27.124964904785156,55.59244384765625,35.65684814453125,36.851905059814456,29.490559387207032,24.73480644226074,26.41207504272461,63.31853332519531,89.63357238769531,61.87743453979492,44.33424835205078,89.12189483642578,40.824658203125,88.07106170654296,401.4892333984375,143.11890563964843,248.36062622070312,169.44825744628906,76.20264587402343,95.25597686767578,43.54521255493164,432.9387939453125,135.8127655029297,326.3986755371094,121.93685150146484,21.082277297973633,21.829999923706055,400.70624389648435,100.35885467529297,91.8516860961914,69.68887786865234,63.614000701904295,42.00634231567383,148.02767944335938,82.93786010742187,72.2624008178711,367.6127136230469,198.5904541015625,128.45411987304686,254.05801696777343,36.426701354980466,37.05427932739258,35.87846908569336,31.00072021484375,95.06453552246094,75.90527648925782,70.66502685546875,33.056130981445314,30.63958320617676,125.290380859375,73.36401062011718
week127,2023-06-05,2023-06-09,2023,89.08831634521485,66.05410461425781,19.876645278930663,322.7625671386719,101.80120086669922,37.01305618286133,65.92139434814453,26.650241088867187,56.90353851318359,34.474449157714844,38.921809387207034,28.9631046295166,26.110907363891602,25.813832092285157,63.987162017822264,88.58535461425781,61.18095016479492,45.331085205078125,93.78614654541016,41.88302764892578,91.09532165527344,414.0370361328125,145.65956420898436,259.7611328125,178.67288208007812,76.9935531616211,95.39098052978515,42.25544357299805,448.07196044921875,134.32858581542968,347.5230407714844,125.55794372558594,21.476673889160157,21.873999786376956,413.1287780761719,99.60256958007812,91.6439453125,69.0502212524414,63.783999633789065,41.74283905029297,149.41817321777344,85.27660827636718,73.96340789794922,379.1019775390625,205.3327606201172,130.35062561035156,266.2523620605469,36.93414154052734,37.51645050048828,36.936486053466794,31.627017974853516,97.5558364868164,81.05206146240235,67.72528686523438,33.68082885742187,30.357567596435548,124.19574584960938,77.8490966796875,89.28621101379395,66.2280216217041,19.578136920928955,317.74437713623047,98.71156311035156,36.02044677734375,65.0186996459961,26.506747245788574,55.38511848449707,34.336069107055664,38.419965744018555,28.56826114654541,24.450702667236328,24.631856441497803,63.61705493927002,89.10966873168945,60.354586601257324,44.14774513244629,89.81489944458008,41.59957027435303,89.48391342163086,407.9314193725586,142.33852767944336,257.2890930175781,170.8295135498047,76.51041793823242,95.72630882263184,40.780900955200195,432.0542297363281,133.2103271484375,345.4722595214844,124.53117179870605,21.10797929763794,21.637500286102295,407.1466751098633,99.82096862792969,92.18589973449707,68.50733184814453,62.40750026702881,41.11814880371094,147.18833923339844,82.98068046569824,71.97278594970703,373.54378509521484,201.74145889282227,127.45855331420898,264.02149200439453,36.02338218688965,36.15929317474365,35.60072994232178,30.82642698287964,94.47142791748047,81.25089836120605,67.53436851501465,32.848660469055176,29.721883296966553,122.63499069213867,75.16704177856445,88.6502914428711,65.77791137695313,19.902906417846683,315.60174560546875,99.45782775878905,35.97819137573242,65.62473754882812,26.779174423217775,55.211663818359376,34.935673522949216,37.45082778930664,28.92708053588867,24.594203186035156,25.26582565307617,63.18188552856445,88.48316650390625,60.90490798950195,44.052667236328126,89.67744903564453,41.026807403564455,88.2117706298828,401.9705505371094,142.24278259277344,250.35184631347656,170.41677856445312,75.99491577148437,94.67606353759766,41.74700393676758,430.8130615234375,134.38103942871095,332.67930297851564,122.46822662353516,21.112338256835937,21.31599998474121,401.1501220703125,99.60986633300782,90.4332489013672,68.74974670410157,64.66600112915039,41.41027679443359,146.45076904296874,82.75538024902343,71.10750274658203,368.0115966796875,198.89106140136718,127.410302734375,256.5599822998047,36.015655517578125,36.316506958007814,36.316644287109376,30.790038681030275,94.27436828613281,77.72646484375,68.4593002319336,32.44233512878418,30.009411239624022,123.38384399414062,73.3708511352539
week128,2023-06-12,2023-06-16,2023,89.09742126464843,66.08139495849609,20.020209884643556,327.5735107421875,102.93908081054687,37.965328979492185,67.31956481933594,27.446304321289062,58.38247909545898,35.37295684814453,39.96499176025391,29.391142272949217,27.241083908081055,26.575010681152342,64.22230682373046,88.34816436767578,62.50266647338867,46.4742790222168,94.64111938476563,42.46080856323242,93.20349578857422,423.81259765625,148.15790100097655,267.3037963867188,180.86824645996094,77.34572296142578,95.70151977539062,43.62690734863281,455.2425964355469,138.44537963867188,359.6494873046875,128.77301940917968,21.87407989501953,21.981999969482423,422.8982238769531,99.5267120361328,92.00219421386718,70.19252014160156,62.39400024414063,42.61512985229492,152.2676239013672,87.57611236572265,74.73154754638672,388.0282287597656,210.04986572265625,132.48325805664064,274.22551879882815,37.82716827392578,38.329986572265625,36.82694320678711,31.969850921630858,100.22357788085938,84.39041900634766,68.50192565917969,34.04220275878906,30.589061737060547,125.52343292236328,80.9799591064453,89.08831634521485,66.05410461425781,19.876645278930663,322.7625671386719,101.80120086669922,37.01305618286133,65.92139434814453,26.650241088867187,56.90353851318359,34.474449157714844,38.921809387207034,28.9631046295166,26.110907363891602,25.813832092285157,63.987162017822264,88.58535461425781,61.18095016479492,45.331085205078125,93.78614654541016,41.88302764892578,91.09532165527344,414.0370361328125,145.65956420898436,259.7611328125,178.67288208007812,76.9935531616211,95.39098052978515,42.25544357299805,448.07196044921875,134.32858581542968,347.5230407714844,125.55794372558594,21.476673889160157,21.873999786376956,413.1287780761719,99.60256958007812,91.6439453125,69.0502212524414,63.783999633789065,41.74283905029297,149.41817321777344,85.27660827636718,73.96340789794922,379.1019775390625,205.3327606201172,130.35062561035156,266.2523620605469,36.93414154052734,37.51645050048828,36.936486053466794,31.627017974853516,97.5558364868164,81.05206146240235,67.72528686523438,33.68082885742187,30.357567596435548,124.19574584960938,77.8490966796875,89.28621101379395,66.2280216217041,19.578136920928955,317.74437713623047,98.71156311035156,36.02044677734375,65.0186996459961,26.506747245788574,55.38511848449707,34.336069107055664,38.419965744018555,28.56826114654541,24.450702667236328,24.631856441497803,63.61705493927002,89.10966873168945,60.354586601257324,44.14774513244629,89.81489944458008,41.59957027435303,89.48391342163086,407.9314193725586,142.33852767944336,257.2890930175781,170.8295135498047,76.51041793823242,95.72630882263184,40.780900955200195,432.0542297363281,133.2103271484375,345.4722595214844,124.53117179870605,21.10797929763794,21.637500286102295,407.1466751098633,99.82096862792969,92.18589973449707,68.50733184814453,62.40750026702881,41.11814880371094,147.18833923339844,82.98068046569824,71.97278594970703,373.54378509521484,201.74145889282227,127.45855331420898,264.02149200439453,36.02338218688965,36.15929317474365,35.60072994232178,30.82642698287964,94.47142791748047,81.25089836120605,67.53436851501465,32.848660469055176,29.721883296966553,122.63499069213867,75.16704177856445
week129,2023-06-20,2023-06-23,2023,89.29871940612793,66.23562431335449,20.337539672851562,325.0122756958008,101.56983184814453,37.17773914337158,66.56650733947754,27.152504920959473,57.27097702026367,35.24492835998535,39.20769691467285,29.19966745376587,27.832653999328613,25.564390182495117,63.88676738739014,88.54018592834473,61.75878429412842,45.604153633117676,93.17538070678711,42.5993070602417,92.80233192443848,422.73009490966797,147.16818237304688,267.0831298828125,177.79423904418945,76.92109680175781,96.18070220947266,42.04868221282959,449.83564758300787,138.4277801513672,358.9699935913086,128.9548683166504,21.679580211639404,20.802500247955322,421.75098419189453,99.79914093017578,92.82805442810059,70.14700317382812,63.47499942779541,42.05284786224365,152.01510620117188,86.2369213104248,73.12990951538086,387.0526428222656,209.18663406372067,131.8072853088379,274.08129119873047,37.200058937072754,38.15799427032471,35.98682403564453,31.729488372802734,100.23106384277344,83.52667617797852,68.94449806213379,33.41665172576904,30.50266408920288,126.48230743408203,81.49188232421875,89.09742126464843,66.08139495849609,20.020209884643556,327.5735107421875,102.93908081054687,37.965328979492185,67.31956481933594,27.446304321289062,58.38247909545898,35.37295684814453,39.96499176025391,29.391142272949217,27.241083908081055,26.575010681152342,64.22230682373046,88.34816436767578,62.50266647338867,46.4742790222168,94.64111938476563,42.46080856323242,93.20349578857422,423.81259765625,148.15790100097655,267.3037963867188,180.86824645996094,77.34572296142578,95.70151977539062,43.62690734863281,455.2425964355469,138.44537963867188,359.6494873046875,128.77301940917968,21.87407989501953,21.981999969482423,422.8982238769531,99.5267120361328,92.00219421386718,70.19252014160156,62.39400024414063,42.61512985229492,152.2676239013672,87.57611236572265,74.73154754638672,388.0282287597656,210.04986572265625,132.48325805664064,274.22551879882815,37.82716827392578,38.329986572265625,36.82694320678711,31.969850921630858,100.22357788085938,84.39041900634766,68.50192565917969,34.04220275878906,30.589061737060547,125.52343292236328,80.9799591064453,89.08831634521485,66.05410461425781,19.876645278930663,322.7625671386719,101.80120086669922,37.01305618286133,65.92139434814453,26.650241088867187,56.90353851318359,34.474449157714844,38.921809387207034,28.9631046295166,26.110907363891602,25.813832092285157,63.987162017822264,88.58535461425781,61.18095016479492,45.331085205078125,93.78614654541016,41.88302764892578,91.09532165527344,414.0370361328125,145.65956420898436,259.7611328125,178.67288208007812,76.9935531616211,95.39098052978515,42.25544357299805,448.07196044921875,134.32858581542968,347.5230407714844,125.55794372558594,21.476673889160157,21.873999786376956,413.1287780761719,99.60256958007812,91.6439453125,69.0502212524414,63.783999633789065,41.74283905029297,149.41817321777344,85.27660827636718,73.96340789794922,379.1019775390625,205.3327606201172,130.35062561035156,266.2523620605469,36.93414154052734,37.51645050048828,36.936486053466794,31.627017974853516,97.5558364868164,81.05206146240235,67.72528686523438,33.68082885742187,30.357567596435548,124.19574584960938,77.8490966796875
week130,2023-06-26,2023-06-30,2023,89.19557647705078,66.19786682128907,19.82237129211426,325.8792236328125,101.95793762207032,36.9264404296875,66.3025390625,27.06609344482422,56.64056930541992,35.54178237915039,38.76714401245117,28.973873138427734,27.33600616455078,25.426155471801756,64.08843383789062,88.44122467041015,61.42683868408203,45.342427825927736,94.09888916015625,42.92544784545898,93.22669219970703,424.2452453613281,148.38449096679688,267.3689453125,178.7358642578125,77.1637466430664,96.22621002197266,41.73527374267578,456.90398559570315,138.99295349121093,358.45624389648435,129.45378723144532,21.77704277038574,20.865999603271483,423.31806030273435,99.5766586303711,92.69530639648437,70.40330810546875,62.61199951171875,41.913916015625,153.1209747314453,86.95404968261718,74.59760131835938,388.4720092773438,210.1144012451172,132.47542724609374,274.8518859863281,37.021759796142575,38.84822998046875,36.76545715332031,31.855499267578125,101.79315032958985,83.93034210205079,68.93376159667969,34.11472930908203,30.210044860839844,125.99602508544922,81.82475128173829,89.29871940612793,66.23562431335449,20.337539672851562,325.0122756958008,101.56983184814453,37.17773914337158,66.56650733947754,27.152504920959473,57.27097702026367,35.24492835998535,39.20769691467285,29.19966745376587,27.832653999328613,25.564390182495117,63.88676738739014,88.54018592834473,61.75878429412842,45.604153633117676,93.17538070678711,42.5993070602417,92.80233192443848,422.73009490966797,147.16818237304688,267.0831298828125,177.79423904418945,76.92109680175781,96.18070220947266,42.04868221282959,449.83564758300787,138.4277801513672,358.9699935913086,128.9548683166504,21.679580211639404,20.802500247955322,421.75098419189453,99.79914093017578,92.82805442810059,70.14700317382812,63.47499942779541,42.05284786224365,152.01510620117188,86.2369213104248,73.12990951538086,387.0526428222656,209.18663406372067,131.8072853088379,274.08129119873047,37.200058937072754,38.15799427032471,35.98682403564453,31.729488372802734,100.23106384277344,83.52667617797852,68.94449806213379,33.41665172576904,30.50266408920288,126.48230743408203,81.49188232421875,89.09742126464843,66.08139495849609,20.020209884643556,327.5735107421875,102.93908081054687,37.965328979492185,67.31956481933594,27.446304321289062,58.38247909545898,35.37295684814453,39.96499176025391,29.391142272949217,27.241083908081055,26.575010681152342,64.22230682373046,88.34816436767578,62.50266647338867,46.4742790222168,94.64111938476563,42.46080856323242,93.20349578857422,423.81259765625,148.15790100097655,267.3037963867188,180.86824645996094,77.34572296142578,95.70151977539062,43.62690734863281,455.2425964355469,138.44537963867188,359.6494873046875,128.77301940917968,21.87407989501953,21.981999969482423,422.8982238769531,99.5267120361328,92.00219421386718,70.19252014160156,62.39400024414063,42.61512985229492,152.2676239013672,87.57611236572265,74.73154754638672,388.0282287597656,210.04986572265625,132.48325805664064,274.22551879882815,37.82716827392578,38.329986572265625,36.82694320678711,31.969850921630858,100.22357788085938,84.39041900634766,68.50192565917969,34.04220275878906,30.589061737060547,125.52343292236328,80.9799591064453
week131,2023-07-03,2023-07-07,2023,88.33128929138184,65.5257511138916,19.9830060005188,326.7255401611328,102.93002128601074,36.99289131164551,65.94473457336426,26.754050254821777,56.699554443359375,35.221482276916504,38.432305335998535,28.632925033569336,27.218202114105225,25.424285888671875,63.95548057556152,87.04554748535156,61.19098472595215,45.507216453552246,94.57645988464355,43.37122344970703,94.12422180175781,428.4372329711914,149.51512145996094,270.46434020996094,179.53647994995117,77.03128433227539,95.20434951782227,41.85280132293701,460.7139434814453,139.43246841430664,363.0978240966797,130.23863983154297,21.959834575653076,21.057499885559082,427.3902359008789,98.80719947814941,90.6966552734375,70.7649974822998,64.57749938964844,41.79378795623779,153.80059814453125,87.69836044311523,76.18745231628418,392.2352981567383,212.18019866943357,133.4058837890625,278.2332305908203,37.177199363708496,38.793267250061035,37.08385753631592,32.431705474853516,102.5970630645752,84.65071487426758,69.3621711730957,34.81922626495361,30.54317569732666,125.33856391906738,83.56282424926758,89.19557647705078,66.19786682128907,19.82237129211426,325.8792236328125,101.95793762207032,36.9264404296875,66.3025390625,27.06609344482422,56.64056930541992,35.54178237915039,38.76714401245117,28.973873138427734,27.33600616455078,25.426155471801756,64.08843383789062,88.44122467041015,61.42683868408203,45.342427825927736,94.09888916015625,42.92544784545898,93.22669219970703,424.2452453613281,148.38449096679688,267.3689453125,178.7358642578125,77.1637466430664,96.22621002197266,41.73527374267578,456.90398559570315,138.99295349121093,358.45624389648435,129.45378723144532,21.77704277038574,20.865999603271483,423.31806030273435,99.5766586303711,92.69530639648437,70.40330810546875,62.61199951171875,41.913916015625,153.1209747314453,86.95404968261718,74.59760131835938,388.4720092773438,210.1144012451172,132.47542724609374,274.8518859863281,37.021759796142575,38.84822998046875,36.76545715332031,31.855499267578125,101.79315032958985,83.93034210205079,68.93376159667969,34.11472930908203,30.210044860839844,125.99602508544922,81.82475128173829,89.29871940612793,66.23562431335449,20.337539672851562,325.0122756958008,101.56983184814453,37.17773914337158,66.56650733947754,27.152504920959473,57.27097702026367,35.24492835998535,39.20769691467285,29.19966745376587,27.832653999328613,25.564390182495117,63.88676738739014,88.54018592834473,61.75878429412842,45.604153633117676,93.17538070678711,42.5993070602417,92.80233192443848,422.73009490966797,147.16818237304688,267.0831298828125,177.79423904418945,76.92109680175781,96.18070220947266,42.04868221282959,449.83564758300787,138.4277801513672,358.9699935913086,128.9548683166504,21.679580211639404,20.802500247955322,421.75098419189453,99.79914093017578,92.82805442810059,70.14700317382812,63.47499942779541,42.05284786224365,152.01510620117188,86.2369213104248,73.12990951538086,387.0526428222656,209.18663406372067,131.8072853088379,274.08129119873047,37.200058937072754,38.15799427032471,35.98682403564453,31.729488372802734,100.23106384277344,83.52667617797852,68.94449806213379,33.41665172576904,30.50266408920288,126.48230743408203,81.49188232421875
week132,2023-07-10,2023-07-14,2023,88.9253936767578,65.9681396484375,20.526185607910158,328.7411743164063,104.23580474853516,37.84927215576172,67.32510833740234,27.561521530151367,57.366825103759766,36.30150375366211,39.27227935791016,29.14547653198242,27.173281860351562,26.10612907409668,64.67419738769532,87.81097259521485,62.56151428222656,46.49274368286133,96.88476104736328,43.747500610351565,95.27790222167968,432.4187255859375,151.35693969726563,273.27642822265625,185.0302490234375,77.86988525390625,95.95855407714843,43.05978927612305,472.73309326171875,141.23798828125,367.57683715820315,132.01741943359374,22.219986343383788,22.046000289916993,431.3742248535156,99.27376861572266,90.78736877441406,71.04333801269532,67.4,42.69706420898437,154.75819702148436,88.85205688476563,77.42057189941406,395.86228637695314,214.76826171875,134.4938232421875,281.34404296875,37.92512741088867,39.3393196105957,38.09985122680664,32.892469787597655,104.56013793945313,85.49196166992188,68.88523406982422,35.27162628173828,30.731386566162108,124.91799621582031,84.59548492431641,88.33128929138184,65.5257511138916,19.9830060005188,326.7255401611328,102.93002128601074,36.99289131164551,65.94473457336426,26.754050254821777,56.699554443359375,35.221482276916504,38.432305335998535,28.632925033569336,27.218202114105225,25.424285888671875,63.95548057556152,87.04554748535156,61.19098472595215,45.507216453552246,94.57645988464355,43.37122344970703,94.12422180175781,428.4372329711914,149.51512145996094,270.46434020996094,179.53647994995117,77.03128433227539,95.20434951782227,41.85280132293701,460.7139434814453,139.43246841430664,363.0978240966797,130.23863983154297,21.959834575653076,21.057499885559082,427.3902359008789,98.80719947814941,90.6966552734375,70.7649974822998,64.57749938964844,41.79378795623779,153.80059814453125,87.69836044311523,76.18745231628418,392.2352981567383,212.18019866943357,133.4058837890625,278.2332305908203,37.177199363708496,38.793267250061035,37.08385753631592,32.431705474853516,102.5970630645752,84.65071487426758,69.3621711730957,34.81922626495361,30.54317569732666,125.33856391906738,83.56282424926758,89.19557647705078,66.19786682128907,19.82237129211426,325.8792236328125,101.95793762207032,36.9264404296875,66.3025390625,27.06609344482422,56.64056930541992,35.54178237915039,38.76714401245117,28.973873138427734,27.33600616455078,25.426155471801756,64.08843383789062,88.44122467041015,61.42683868408203,45.342427825927736,94.09888916015625,42.92544784545898,93.22669219970703,424.2452453613281,148.38449096679688,267.3689453125,178.7358642578125,77.1637466430664,96.22621002197266,41.73527374267578,456.90398559570315,138.99295349121093,358.45624389648435,129.45378723144532,21.77704277038574,20.865999603271483,423.31806030273435,99.5766586303711,92.69530639648437,70.40330810546875,62.61199951171875,41.913916015625,153.1209747314453,86.95404968261718,74.59760131835938,388.4720092773438,210.1144012451172,132.47542724609374,274.8518859863281,37.021759796142575,38.84822998046875,36.76545715332031,31.855499267578125,101.79315032958985,83.93034210205079,68.93376159667969,34.11472930908203,30.210044860839844,125.99602508544922,81.82475128173829
week133,2023-07-17,2023-07-21,2023,89.39193725585938,66.31294097900391,20.860586166381836,335.6455322265625,105.19881591796874,38.03646240234375,68.42534484863282,28.028145217895506,57.87373352050781,36.82111740112305,39.681983184814456,29.81743812561035,27.485170745849608,25.889433288574217,65.01241760253906,88.41636810302734,63.60055694580078,46.74200973510742,98.96362915039063,44.21015396118164,96.94052429199219,439.69606323242186,153.30303649902345,279.0437316894531,189.17870178222657,78.30525360107421,96.64609222412109,42.56729507446289,479.53778686523435,143.10560302734376,375.619677734375,134.47019958496094,22.525799560546876,22.826000213623047,438.65940551757814,99.90948638916015,91.97514190673829,71.87116088867188,67.85400085449218,43.417849731445315,157.3653594970703,89.63524322509765,77.62518615722657,402.58330688476565,218.5014221191406,136.5537322998047,286.7937255859375,38.033023071289065,39.81612548828125,38.11182403564453,33.727430725097655,105.49016876220703,87.53120422363281,69.77191925048828,35.2367919921875,30.91010437011719,127.93918304443359,85.3234375,88.9253936767578,65.9681396484375,20.526185607910158,328.7411743164063,104.23580474853516,37.84927215576172,67.32510833740234,27.561521530151367,57.366825103759766,36.30150375366211,39.27227935791016,29.14547653198242,27.173281860351562,26.10612907409668,64.67419738769532,87.81097259521485,62.56151428222656,46.49274368286133,96.88476104736328,43.747500610351565,95.27790222167968,432.4187255859375,151.35693969726563,273.27642822265625,185.0302490234375,77.86988525390625,95.95855407714843,43.05978927612305,472.73309326171875,141.23798828125,367.57683715820315,132.01741943359374,22.219986343383788,22.046000289916993,431.3742248535156,99.27376861572266,90.78736877441406,71.04333801269532,67.4,42.69706420898437,154.75819702148436,88.85205688476563,77.42057189941406,395.86228637695314,214.76826171875,134.4938232421875,281.34404296875,37.92512741088867,39.3393196105957,38.09985122680664,32.892469787597655,104.56013793945313,85.49196166992188,68.88523406982422,35.27162628173828,30.731386566162108,124.91799621582031,84.59548492431641,88.33128929138184,65.5257511138916,19.9830060005188,326.7255401611328,102.93002128601074,36.99289131164551,65.94473457336426,26.754050254821777,56.699554443359375,35.221482276916504,38.432305335998535,28.632925033569336,27.218202114105225,25.424285888671875,63.95548057556152,87.04554748535156,61.19098472595215,45.507216453552246,94.57645988464355,43.37122344970703,94.12422180175781,428.4372329711914,149.51512145996094,270.46434020996094,179.53647994995117,77.03128433227539,95.20434951782227,41.85280132293701,460.7139434814453,139.43246841430664,363.0978240966797,130.23863983154297,21.959834575653076,21.057499885559082,427.3902359008789,98.80719947814941,90.6966552734375,70.7649974822998,64.57749938964844,41.79378795623779,153.80059814453125,87.69836044311523,76.18745231628418,392.2352981567383,212.18019866943357,133.4058837890625,278.2332305908203,37.177199363708496,38.793267250061035,37.08385753631592,32.431705474853516,102.5970630645752,84.65071487426758,69.3621711730957,34.81922626495361,30.54317569732666,125.33856391906738,83.56282424926758
week134,2023-07-24,2023-07-28,2023,88.98190307617188,66.02471008300782,21.46985855102539,339.72467651367185,106.65330963134765,38.635459899902344,68.43828430175782,27.911008834838867,58.05437545776367,36.511601257324216,39.787287902832034,30.088393020629884,28.492028045654298,26.959830474853515,64.90542449951172,87.70487670898437,63.62814636230469,47.46210861206055,99.45604248046875,44.170440673828125,97.269189453125,441.59845581054685,155.16152954101562,277.8235290527344,189.3299072265625,78.19345245361328,96.33993377685547,44.3003532409668,479.9817260742187,142.49740295410157,372.9085205078125,135.3610412597656,22.87530097961426,22.45800018310547,440.59063110351565,99.72547302246093,90.7819595336914,72.53035430908203,71.20600128173828,43.45453567504883,158.9709228515625,90.65638732910156,77.73745727539062,404.39027709960936,219.1996856689453,138.5061248779297,285.52012329101564,38.69317626953125,40.42046966552734,39.5392349243164,34.0294792175293,105.81365814208985,86.92091217041016,70.7911361694336,35.26796035766601,31.420337295532228,129.97633056640626,84.07230377197266,89.39193725585938,66.31294097900391,20.860586166381836,335.6455322265625,105.19881591796874,38.03646240234375,68.42534484863282,28.028145217895506,57.87373352050781,36.82111740112305,39.681983184814456,29.81743812561035,27.485170745849608,25.889433288574217,65.01241760253906,88.41636810302734,63.60055694580078,46.74200973510742,98.96362915039063,44.21015396118164,96.94052429199219,439.69606323242186,153.30303649902345,279.0437316894531,189.17870178222657,78.30525360107421,96.64609222412109,42.56729507446289,479.53778686523435,143.10560302734376,375.619677734375,134.47019958496094,22.525799560546876,22.826000213623047,438.65940551757814,99.90948638916015,91.97514190673829,71.87116088867188,67.85400085449218,43.417849731445315,157.3653594970703,89.63524322509765,77.62518615722657,402.58330688476565,218.5014221191406,136.5537322998047,286.7937255859375,38.033023071289065,39.81612548828125,38.11182403564453,33.727430725097655,105.49016876220703,87.53120422363281,69.77191925048828,35.2367919921875,30.91010437011719,127.93918304443359,85.3234375,88.9253936767578,65.9681396484375,20.526185607910158,328.7411743164063,104.23580474853516,37.84927215576172,67.32510833740234,27.561521530151367,57.366825103759766,36.30150375366211,39.27227935791016,29.14547653198242,27.173281860351562,26.10612907409668,64.67419738769532,87.81097259521485,62.56151428222656,46.49274368286133,96.88476104736328,43.747500610351565,95.27790222167968,432.4187255859375,151.35693969726563,273.27642822265625,185.0302490234375,77.86988525390625,95.95855407714843,43.05978927612305,472.73309326171875,141.23798828125,367.57683715820315,132.01741943359374,22.219986343383788,22.046000289916993,431.3742248535156,99.27376861572266,90.78736877441406,71.04333801269532,67.4,42.69706420898437,154.75819702148436,88.85205688476563,77.42057189941406,395.86228637695314,214.76826171875,134.4938232421875,281.34404296875,37.92512741088867,39.3393196105957,38.09985122680664,32.892469787597655,104.56013793945313,85.49196166992188,68.88523406982422,35.27162628173828,30.731386566162108,124.91799621582031,84.59548492431641
week135,2023-07-31,2023-08-04,2023,88.31485290527344,65.55303955078125,21.406829833984375,339.00721435546876,105.8517059326172,38.360295104980466,67.3583969116211,27.44630546569824,57.243326568603514,35.941342163085935,38.637158966064455,29.517584991455077,27.868251037597656,27.563213729858397,64.71045837402343,86.96596832275391,62.64242935180664,47.146376037597655,99.6936279296875,43.79912567138672,96.7452606201172,438.7748107910156,154.05137329101564,276.53814697265625,190.04327087402345,78.01077117919922,95.28389892578124,45.186475372314455,478.089599609375,142.0456573486328,371.7381652832031,134.60440673828126,22.701763916015626,22.004000091552733,437.7799987792969,98.95904693603515,88.04096221923828,71.77343292236328,72.90800018310547,42.761253356933594,157.67690734863282,90.25541839599609,76.36852264404297,401.7146484375,218.05653076171876,137.62520446777344,283.76482543945315,38.5121353149414,40.22631759643555,39.98587493896484,33.79284133911133,105.49979400634766,86.08162536621094,70.32819519042968,34.61158905029297,30.400800704956055,127.83176116943359,83.75290374755859,88.98190307617188,66.02471008300782,21.46985855102539,339.72467651367185,106.65330963134765,38.635459899902344,68.43828430175782,27.911008834838867,58.05437545776367,36.511601257324216,39.787287902832034,30.088393020629884,28.492028045654298,26.959830474853515,64.90542449951172,87.70487670898437,63.62814636230469,47.46210861206055,99.45604248046875,44.170440673828125,97.269189453125,441.59845581054685,155.16152954101562,277.8235290527344,189.3299072265625,78.19345245361328,96.33993377685547,44.3003532409668,479.9817260742187,142.49740295410157,372.9085205078125,135.3610412597656,22.87530097961426,22.45800018310547,440.59063110351565,99.72547302246093,90.7819595336914,72.53035430908203,71.20600128173828,43.45453567504883,158.9709228515625,90.65638732910156,77.73745727539062,404.39027709960936,219.1996856689453,138.5061248779297,285.52012329101564,38.69317626953125,40.42046966552734,39.5392349243164,34.0294792175293,105.81365814208985,86.92091217041016,70.7911361694336,35.26796035766601,31.420337295532228,129.97633056640626,84.07230377197266,89.39193725585938,66.31294097900391,20.860586166381836,335.6455322265625,105.19881591796874,38.03646240234375,68.42534484863282,28.028145217895506,57.87373352050781,36.82111740112305,39.681983184814456,29.81743812561035,27.485170745849608,25.889433288574217,65.01241760253906,88.41636810302734,63.60055694580078,46.74200973510742,98.96362915039063,44.21015396118164,96.94052429199219,439.69606323242186,153.30303649902345,279.0437316894531,189.17870178222657,78.30525360107421,96.64609222412109,42.56729507446289,479.53778686523435,143.10560302734376,375.619677734375,134.47019958496094,22.525799560546876,22.826000213623047,438.65940551757814,99.90948638916015,91.97514190673829,71.87116088867188,67.85400085449218,43.417849731445315,157.3653594970703,89.63524322509765,77.62518615722657,402.58330688476565,218.5014221191406,136.5537322998047,286.7937255859375,38.033023071289065,39.81612548828125,38.11182403564453,33.727430725097655,105.49016876220703,87.53120422363281,69.77191925048828,35.2367919921875,30.91010437011719,127.93918304443359,85.3234375
week136,2023-08-07,2023-08-11,2023,88.27373504638672,65.48956298828125,21.42783966064453,338.3664489746094,104.73634796142578,37.48800201416016,66.96822509765624,27.112179946899413,56.79171905517578,35.916954803466794,38.18302841186524,29.439913177490233,26.935976409912108,26.685226821899413,64.92684478759766,86.9571533203125,62.28198471069336,46.138230895996095,98.45780792236329,43.59460601806641,95.62782745361328,434.29986572265625,153.24019470214844,271.8449645996094,186.2263153076172,78.23905944824219,94.91721801757812,43.68473587036133,473.4058044433594,141.80316162109375,364.49525146484376,133.39649963378906,22.610140991210937,20.907999420166014,433.270556640625,98.96855010986329,86.96124420166015,71.7791763305664,74.28599853515625,42.45680236816406,156.15542907714843,89.76077575683594,75.62611541748046,397.5957275390625,215.4704132080078,137.16871032714843,278.7337219238281,37.780661010742186,39.58295593261719,40.65445098876953,33.68125762939453,104.98953399658203,83.05567779541016,69.86898651123047,34.292571258544925,29.76833839416504,129.3471435546875,83.78327178955078,88.31485290527344,65.55303955078125,21.406829833984375,339.00721435546876,105.8517059326172,38.360295104980466,67.3583969116211,27.44630546569824,57.243326568603514,35.941342163085935,38.637158966064455,29.517584991455077,27.868251037597656,27.563213729858397,64.71045837402343,86.96596832275391,62.64242935180664,47.146376037597655,99.6936279296875,43.79912567138672,96.7452606201172,438.7748107910156,154.05137329101564,276.53814697265625,190.04327087402345,78.01077117919922,95.28389892578124,45.186475372314455,478.089599609375,142.0456573486328,371.7381652832031,134.60440673828126,22.701763916015626,22.004000091552733,437.7799987792969,98.95904693603515,88.04096221923828,71.77343292236328,72.90800018310547,42.761253356933594,157.67690734863282,90.25541839599609,76.36852264404297,401.7146484375,218.05653076171876,137.62520446777344,283.76482543945315,38.5121353149414,40.22631759643555,39.98587493896484,33.79284133911133,105.49979400634766,86.08162536621094,70.32819519042968,34.61158905029297,30.400800704956055,127.83176116943359,83.75290374755859,88.98190307617188,66.02471008300782,21.46985855102539,339.72467651367185,106.65330963134765,38.635459899902344,68.43828430175782,27.911008834838867,58.05437545776367,36.511601257324216,39.787287902832034,30.088393020629884,28.492028045654298,26.959830474853515,64.90542449951172,87.70487670898437,63.62814636230469,47.46210861206055,99.45604248046875,44.170440673828125,97.269189453125,441.59845581054685,155.16152954101562,277.8235290527344,189.3299072265625,78.19345245361328,96.33993377685547,44.3003532409668,479.9817260742187,142.49740295410157,372.9085205078125,135.3610412597656,22.87530097961426,22.45800018310547,440.59063110351565,99.72547302246093,90.7819595336914,72.53035430908203,71.20600128173828,43.45453567504883,158.9709228515625,90.65638732910156,77.73745727539062,404.39027709960936,219.1996856689453,138.5061248779297,285.52012329101564,38.69317626953125,40.42046966552734,39.5392349243164,34.0294792175293,105.81365814208985,86.92091217041016,70.7911361694336,35.26796035766601,31.420337295532228,129.97633056640626,84.07230377197266
week137,2023-08-14,2023-08-18,2023,87.39843444824218,64.84933929443359,21.075932312011723,334.04448852539065,102.19914245605469,36.29936065673828,65.22818603515626,26.605231094360352,55.095892333984374,35.10471038818359,37.1744026184082,28.715565872192382,25.92403335571289,25.13660545349121,64.47778930664063,85.83865661621094,60.67468185424805,44.74234237670898,95.44967193603516,43.006859588623044,94.03093566894532,427.8124694824219,150.5628875732422,268.0402404785156,180.852734375,77.70411529541016,93.6506103515625,41.39761581420898,462.2488708496094,140.35016174316405,357.813916015625,132.12440185546876,22.34316177368164,20.723999786376954,426.81248779296874,97.92544403076172,85.21810150146484,71.28861846923829,72.51400146484374,41.34169082641601,154.33196411132812,87.57610626220703,73.53469390869141,391.6756896972656,211.91714172363282,135.04654541015626,274.66627197265626,36.698080444335936,38.746392822265626,40.59643478393555,32.93479461669922,103.14872283935547,81.90486297607421,68.56228790283203,33.48585968017578,29.35719223022461,129.1380615234375,81.28883514404296,88.27373504638672,65.48956298828125,21.42783966064453,338.3664489746094,104.73634796142578,37.48800201416016,66.96822509765624,27.112179946899413,56.79171905517578,35.916954803466794,38.18302841186524,29.439913177490233,26.935976409912108,26.685226821899413,64.92684478759766,86.9571533203125,62.28198471069336,46.138230895996095,98.45780792236329,43.59460601806641,95.62782745361328,434.29986572265625,153.24019470214844,271.8449645996094,186.2263153076172,78.23905944824219,94.91721801757812,43.68473587036133,473.4058044433594,141.80316162109375,364.49525146484376,133.39649963378906,22.610140991210937,20.907999420166014,433.270556640625,98.96855010986329,86.96124420166015,71.7791763305664,74.28599853515625,42.45680236816406,156.15542907714843,89.76077575683594,75.62611541748046,397.5957275390625,215.4704132080078,137.16871032714843,278.7337219238281,37.780661010742186,39.58295593261719,40.65445098876953,33.68125762939453,104.98953399658203,83.05567779541016,69.86898651123047,34.292571258544925,29.76833839416504,129.3471435546875,83.78327178955078,88.31485290527344,65.55303955078125,21.406829833984375,339.00721435546876,105.8517059326172,38.360295104980466,67.3583969116211,27.44630546569824,57.243326568603514,35.941342163085935,38.637158966064455,29.517584991455077,27.868251037597656,27.563213729858397,64.71045837402343,86.96596832275391,62.64242935180664,47.146376037597655,99.6936279296875,43.79912567138672,96.7452606201172,438.7748107910156,154.05137329101564,276.53814697265625,190.04327087402345,78.01077117919922,95.28389892578124,45.186475372314455,478.089599609375,142.0456573486328,371.7381652832031,134.60440673828126,22.701763916015626,22.004000091552733,437.7799987792969,98.95904693603515,88.04096221923828,71.77343292236328,72.90800018310547,42.761253356933594,157.67690734863282,90.25541839599609,76.36852264404297,401.7146484375,218.05653076171876,137.62520446777344,283.76482543945315,38.5121353149414,40.22631759643555,39.98587493896484,33.79284133911133,105.49979400634766,86.08162536621094,70.32819519042968,34.61158905029297,30.400800704956055,127.83176116943359,83.75290374755859
week138,2023-08-21,2023-08-25,2023,87.407568359375,64.86213684082031,21.17047462463379,329.87221069335936,101.32135925292968,36.258182525634766,64.86576385498047,26.376719665527343,55.13460464477539,34.92087860107422,37.44259948730469,28.422935485839844,26.429157257080078,24.766730117797852,64.46390686035156,85.73229522705078,60.312398529052736,44.77003555297851,94.2330093383789,43.451639556884764,93.68101501464844,426.6304565429688,149.02240600585938,268.80828247070315,178.58078308105468,77.70411224365235,93.85363464355468,40.59357833862305,457.0629638671875,140.14676208496093,358.91925659179685,132.23332824707032,22.232728576660158,21.88800010681152,425.64057006835935,98.08749389648438,85.33213348388672,70.98776702880859,72.01600036621093,41.08858871459961,153.31700744628907,86.74795837402344,72.90817718505859,390.61549072265626,211.16470336914062,133.70721130371095,275.70684814453125,36.69625625610352,38.437085723876955,40.29069442749024,32.5769546508789,102.26683349609375,82.8178497314453,67.51693267822266,33.22001571655274,29.322930526733398,127.81450958251953,80.62259521484376,87.39843444824218,64.84933929443359,21.075932312011723,334.04448852539065,102.19914245605469,36.29936065673828,65.22818603515626,26.605231094360352,55.095892333984374,35.10471038818359,37.1744026184082,28.715565872192382,25.92403335571289,25.13660545349121,64.47778930664063,85.83865661621094,60.67468185424805,44.74234237670898,95.44967193603516,43.006859588623044,94.03093566894532,427.8124694824219,150.5628875732422,268.0402404785156,180.852734375,77.70411529541016,93.6506103515625,41.39761581420898,462.2488708496094,140.35016174316405,357.813916015625,132.12440185546876,22.34316177368164,20.723999786376954,426.81248779296874,97.92544403076172,85.21810150146484,71.28861846923829,72.51400146484374,41.34169082641601,154.33196411132812,87.57610626220703,73.53469390869141,391.6756896972656,211.91714172363282,135.04654541015626,274.66627197265626,36.698080444335936,38.746392822265626,40.59643478393555,32.93479461669922,103.14872283935547,81.90486297607421,68.56228790283203,33.48585968017578,29.35719223022461,129.1380615234375,81.28883514404296,88.27373504638672,65.48956298828125,21.42783966064453,338.3664489746094,104.73634796142578,37.48800201416016,66.96822509765624,27.112179946899413,56.79171905517578,35.916954803466794,38.18302841186524,29.439913177490233,26.935976409912108,26.685226821899413,64.92684478759766,86.9571533203125,62.28198471069336,46.138230895996095,98.45780792236329,43.59460601806641,95.62782745361328,434.29986572265625,153.24019470214844,271.8449645996094,186.2263153076172,78.23905944824219,94.91721801757812,43.68473587036133,473.4058044433594,141.80316162109375,364.49525146484376,133.39649963378906,22.610140991210937,20.907999420166014,433.270556640625,98.96855010986329,86.96124420166015,71.7791763305664,74.28599853515625,42.45680236816406,156.15542907714843,89.76077575683594,75.62611541748046,397.5957275390625,215.4704132080078,137.16871032714843,278.7337219238281,37.780661010742186,39.58295593261719,40.65445098876953,33.68125762939453,104.98953399658203,83.05567779541016,69.86898651123047,34.292571258544925,29.76833839416504,129.3471435546875,83.78327178955078
week139,2023-08-28,2023-09-01,2023,88.1766357421875,65.42462005615235,21.497871017456056,334.39276123046875,102.9009994506836,36.97698135375977,66.13426666259765,26.745410919189453,56.48757781982422,35.489260864257815,37.794715118408206,28.959423065185547,26.773251342773438,25.883829498291014,65.24095458984375,86.58319396972657,61.509595489501955,45.66370468139648,96.39618072509765,43.76537170410156,95.76315307617188,435.79474487304685,151.42359924316406,276.35060424804686,182.6613800048828,78.67217254638672,95.03296813964843,42.24269485473633,467.88258666992186,143.32071228027343,369.2319030761719,135.01870727539062,22.57252197265625,22.41199951171875,434.76209716796876,98.52547454833984,86.81542358398437,71.86924438476562,74.27400054931641,41.94693145751953,155.8419647216797,88.33868255615235,74.6537368774414,399.00416870117186,215.86112365722656,135.48417053222656,283.6048583984375,37.36372451782226,39.37928771972656,40.991503143310545,33.138726806640626,104.24627990722657,85.52635650634765,67.90894317626953,33.957054901123044,29.322003173828126,128.56642456054686,82.82115936279297,87.407568359375,64.86213684082031,21.17047462463379,329.87221069335936,101.32135925292968,36.258182525634766,64.86576385498047,26.376719665527343,55.13460464477539,34.92087860107422,37.44259948730469,28.422935485839844,26.429157257080078,24.766730117797852,64.46390686035156,85.73229522705078,60.312398529052736,44.77003555297851,94.2330093383789,43.451639556884764,93.68101501464844,426.6304565429688,149.02240600585938,268.80828247070315,178.58078308105468,77.70411224365235,93.85363464355468,40.59357833862305,457.0629638671875,140.14676208496093,358.91925659179685,132.23332824707032,22.232728576660158,21.88800010681152,425.64057006835935,98.08749389648438,85.33213348388672,70.98776702880859,72.01600036621093,41.08858871459961,153.31700744628907,86.74795837402344,72.90817718505859,390.61549072265626,211.16470336914062,133.70721130371095,275.70684814453125,36.69625625610352,38.437085723876955,40.29069442749024,32.5769546508789,102.26683349609375,82.8178497314453,67.51693267822266,33.22001571655274,29.322930526733398,127.81450958251953,80.62259521484376,87.39843444824218,64.84933929443359,21.075932312011723,334.04448852539065,102.19914245605469,36.29936065673828,65.22818603515626,26.605231094360352,55.095892333984374,35.10471038818359,37.1744026184082,28.715565872192382,25.92403335571289,25.13660545349121,64.47778930664063,85.83865661621094,60.67468185424805,44.74234237670898,95.44967193603516,43.006859588623044,94.03093566894532,427.8124694824219,150.5628875732422,268.0402404785156,180.852734375,77.70411529541016,93.6506103515625,41.39761581420898,462.2488708496094,140.35016174316405,357.813916015625,132.12440185546876,22.34316177368164,20.723999786376954,426.81248779296874,97.92544403076172,85.21810150146484,71.28861846923829,72.51400146484374,41.34169082641601,154.33196411132812,87.57610626220703,73.53469390869141,391.6756896972656,211.91714172363282,135.04654541015626,274.66627197265626,36.698080444335936,38.746392822265626,40.59643478393555,32.93479461669922,103.14872283935547,81.90486297607421,68.56228790283203,33.48585968017578,29.35719223022461,129.1380615234375,81.28883514404296
week140,2023-09-05,2023-09-08,2023,87.59625625610352,65.00954055786133,21.913244247436523,332.41492462158203,101.4315414428711,36.44068908691406,65.29060363769531,26.096362590789795,57.17420482635498,34.41252040863037,37.37925338745117,28.594540119171143,25.989291667938232,25.48499870300293,64.94225883483887,85.84418678283691,60.73123073577881,45.10793113708496,94.0543441772461,44.202707290649414,95.25276756286621,433.4563293457031,150.05780029296875,275.99273681640625,179.60675430297852,78.34879302978516,94.1655731201172,41.6336030960083,459.26963806152344,142.80345153808594,368.8068161010742,134.14585494995117,22.336030960083008,21.22249984741211,432.4022903442383,98.20211219787598,85.25083923339844,71.37819862365723,78.13249969482422,41.42238903045654,154.41940689086914,87.95599746704102,73.88552856445312,396.8881378173828,214.67541122436523,134.35612869262695,283.26573944091797,36.937180519104004,39.00621223449707,42.09705829620361,32.99203014373779,102.3587760925293,85.62488174438477,66.79778480529785,33.61374568939209,28.85784387588501,126.54943466186523,82.73616409301758,88.1766357421875,65.42462005615235,21.497871017456056,334.39276123046875,102.9009994506836,36.97698135375977,66.13426666259765,26.745410919189453,56.48757781982422,35.489260864257815,37.794715118408206,28.959423065185547,26.773251342773438,25.883829498291014,65.24095458984375,86.58319396972657,61.509595489501955,45.66370468139648,96.39618072509765,43.76537170410156,95.76315307617188,435.79474487304685,151.42359924316406,276.35060424804686,182.6613800048828,78.67217254638672,95.03296813964843,42.24269485473633,467.88258666992186,143.32071228027343,369.2319030761719,135.01870727539062,22.57252197265625,22.41199951171875,434.76209716796876,98.52547454833984,86.81542358398437,71.86924438476562,74.27400054931641,41.94693145751953,155.8419647216797,88.33868255615235,74.6537368774414,399.00416870117186,215.86112365722656,135.48417053222656,283.6048583984375,37.36372451782226,39.37928771972656,40.991503143310545,33.138726806640626,104.24627990722657,85.52635650634765,67.90894317626953,33.957054901123044,29.322003173828126,128.56642456054686,82.82115936279297,87.407568359375,64.86213684082031,21.17047462463379,329.87221069335936,101.32135925292968,36.258182525634766,64.86576385498047,26.376719665527343,55.13460464477539,34.92087860107422,37.44259948730469,28.422935485839844,26.429157257080078,24.766730117797852,64.46390686035156,85.73229522705078,60.312398529052736,44.77003555297851,94.2330093383789,43.451639556884764,93.68101501464844,426.6304565429688,149.02240600585938,268.80828247070315,178.58078308105468,77.70411224365235,93.85363464355468,40.59357833862305,457.0629638671875,140.14676208496093,358.91925659179685,132.23332824707032,22.232728576660158,21.88800010681152,425.64057006835935,98.08749389648438,85.33213348388672,70.98776702880859,72.01600036621093,41.08858871459961,153.31700744628907,86.74795837402344,72.90817718505859,390.61549072265626,211.16470336914062,133.70721130371095,275.70684814453125,36.69625625610352,38.437085723876955,40.29069442749024,32.5769546508789,102.26683349609375,82.8178497314453,67.51693267822266,33.22001571655274,29.322930526733398,127.81450958251953,80.62259521484376
week141,2023-09-11,2023-09-15,2023,87.65762786865234,65.04163970947266,22.236701202392577,333.93272705078124,102.54916229248047,36.63068466186524,65.73300628662109,26.175091552734376,57.73917236328125,34.648876953125,37.630174255371095,29.09670524597168,26.99191207885742,25.422417831420898,65.10904998779297,85.82855224609375,61.10133666992188,45.335042572021486,93.4819351196289,44.87534027099609,95.34170532226562,434.20330200195315,150.74569702148438,275.7010070800781,178.47416076660156,78.52225341796876,94.22958526611328,41.4554443359375,456.97548217773436,142.39767150878907,368.8535949707031,133.52098388671874,22.39352493286133,21.011999893188477,433.1686584472656,98.42073516845703,85.07973022460938,71.82708435058593,80.03200073242188,41.7341796875,154.59763793945314,88.24500122070313,73.82984924316406,397.56092529296876,214.89592895507812,135.26347961425782,282.84072265625,37.12416458129883,39.01382675170898,42.49719314575195,33.41383666992188,101.30791625976562,84.1553955078125,67.32092590332032,33.60137100219727,29.76185722351074,127.3733123779297,84.71501159667969,87.59625625610352,65.00954055786133,21.913244247436523,332.41492462158203,101.4315414428711,36.44068908691406,65.29060363769531,26.096362590789795,57.17420482635498,34.41252040863037,37.37925338745117,28.594540119171143,25.989291667938232,25.48499870300293,64.94225883483887,85.84418678283691,60.73123073577881,45.10793113708496,94.0543441772461,44.202707290649414,95.25276756286621,433.4563293457031,150.05780029296875,275.99273681640625,179.60675430297852,78.34879302978516,94.1655731201172,41.6336030960083,459.26963806152344,142.80345153808594,368.8068161010742,134.14585494995117,22.336030960083008,21.22249984741211,432.4022903442383,98.20211219787598,85.25083923339844,71.37819862365723,78.13249969482422,41.42238903045654,154.41940689086914,87.95599746704102,73.88552856445312,396.8881378173828,214.67541122436523,134.35612869262695,283.26573944091797,36.937180519104004,39.00621223449707,42.09705829620361,32.99203014373779,102.3587760925293,85.62488174438477,66.79778480529785,33.61374568939209,28.85784387588501,126.54943466186523,82.73616409301758,88.1766357421875,65.42462005615235,21.497871017456056,334.39276123046875,102.9009994506836,36.97698135375977,66.13426666259765,26.745410919189453,56.48757781982422,35.489260864257815,37.794715118408206,28.959423065185547,26.773251342773438,25.883829498291014,65.24095458984375,86.58319396972657,61.509595489501955,45.66370468139648,96.39618072509765,43.76537170410156,95.76315307617188,435.79474487304685,151.42359924316406,276.35060424804686,182.6613800048828,78.67217254638672,95.03296813964843,42.24269485473633,467.88258666992186,143.32071228027343,369.2319030761719,135.01870727539062,22.57252197265625,22.41199951171875,434.76209716796876,98.52547454833984,86.81542358398437,71.86924438476562,74.27400054931641,41.94693145751953,155.8419647216797,88.33868255615235,74.6537368774414,399.00416870117186,215.86112365722656,135.48417053222656,283.6048583984375,37.36372451782226,39.37928771972656,40.991503143310545,33.138726806640626,104.24627990722657,85.52635650634765,67.90894317626953,33.957054901123044,29.322003173828126,128.56642456054686,82.82115936279297
week142,2023-09-18,2023-09-22,2023,87.21238403320312,64.71882019042968,22.21919403076172,330.49602661132815,101.98151397705078,36.14774169921875,65.28921051025391,25.84864616394043,57.62488708496094,34.25307388305664,37.153011322021484,29.112963104248045,26.944451141357423,25.06375045776367,64.69969635009765,85.17043914794922,60.63974304199219,44.73495635986328,91.7230438232422,44.47424240112305,93.46835174560547,426.224853515625,148.96337280273437,268.5674255371094,174.01555786132812,78.05285034179687,93.77342987060547,40.71483688354492,449.25714111328125,139.15525817871094,359.28294067382814,130.84647521972656,22.097835540771484,21.386000061035155,425.0834167480469,97.91253356933593,83.78888244628907,71.51856994628906,80.8259994506836,41.42633056640625,152.83917846679688,87.04024505615234,72.07522888183594,390.2188781738281,210.71549377441406,134.1709777832031,274.8295166015625,36.645293426513675,38.134657287597655,41.95359420776367,33.155450439453126,99.89936981201171,82.10639953613281,66.71909027099609,32.82327117919922,29.794854736328126,126.18732299804688,81.35979461669922,87.65762786865234,65.04163970947266,22.236701202392577,333.93272705078124,102.54916229248047,36.63068466186524,65.73300628662109,26.175091552734376,57.73917236328125,34.648876953125,37.630174255371095,29.09670524597168,26.99191207885742,25.422417831420898,65.10904998779297,85.82855224609375,61.10133666992188,45.335042572021486,93.4819351196289,44.87534027099609,95.34170532226562,434.20330200195315,150.74569702148438,275.7010070800781,178.47416076660156,78.52225341796876,94.22958526611328,41.4554443359375,456.97548217773436,142.39767150878907,368.8535949707031,133.52098388671874,22.39352493286133,21.011999893188477,433.1686584472656,98.42073516845703,85.07973022460938,71.82708435058593,80.03200073242188,41.7341796875,154.59763793945314,88.24500122070313,73.82984924316406,397.56092529296876,214.89592895507812,135.26347961425782,282.84072265625,37.12416458129883,39.01382675170898,42.49719314575195,33.41383666992188,101.30791625976562,84.1553955078125,67.32092590332032,33.60137100219727,29.76185722351074,127.3733123779297,84.71501159667969,87.59625625610352,65.00954055786133,21.913244247436523,332.41492462158203,101.4315414428711,36.44068908691406,65.29060363769531,26.096362590789795,57.17420482635498,34.41252040863037,37.37925338745117,28.594540119171143,25.989291667938232,25.48499870300293,64.94225883483887,85.84418678283691,60.73123073577881,45.10793113708496,94.0543441772461,44.202707290649414,95.25276756286621,433.4563293457031,150.05780029296875,275.99273681640625,179.60675430297852,78.34879302978516,94.1655731201172,41.6336030960083,459.26963806152344,142.80345153808594,368.8068161010742,134.14585494995117,22.336030960083008,21.22249984741211,432.4022903442383,98.20211219787598,85.25083923339844,71.37819862365723,78.13249969482422,41.42238903045654,154.41940689086914,87.95599746704102,73.88552856445312,396.8881378173828,214.67541122436523,134.35612869262695,283.26573944091797,36.937180519104004,39.00621223449707,42.09705829620361,32.99203014373779,102.3587760925293,85.62488174438477,66.79778480529785,33.61374568939209,28.85784387588501,126.54943466186523,82.73616409301758
week143,2023-09-25,2023-09-29,2023,86.20830841064453,64.02365112304688,22.010850143432616,324.2008544921875,99.2822052001953,35.51879196166992,63.77292251586914,25.076702880859376,56.21292953491211,33.24761428833008,36.62813034057617,28.589120864868164,25.869791412353514,24.708818435668945,64.19278488159179,84.18879547119141,59.236572265625,43.946537017822266,90.54869689941407,44.083073425292966,91.53570861816407,417.0532165527344,145.93759155273438,262.77305908203124,171.64421997070312,77.3932876586914,92.25711975097656,40.22420883178711,443.0564025878906,137.0285888671875,352.23870239257815,128.51490173339843,21.704885482788086,20.788000106811523,416.01914672851564,96.8662338256836,80.57901458740234,70.22024536132812,81.31999969482422,40.4236343383789,149.8508331298828,85.51057739257813,69.05309753417968,381.8166442871094,206.36300964355468,131.64774169921876,268.4966674804688,36.13645706176758,37.47863006591797,42.22262878417969,32.25685348510742,98.18253936767579,80.40749816894531,65.00323791503907,31.422444915771486,28.229357147216795,124.8429183959961,78.55469512939453,87.21238403320312,64.71882019042968,22.21919403076172,330.49602661132815,101.98151397705078,36.14774169921875,65.28921051025391,25.84864616394043,57.62488708496094,34.25307388305664,37.153011322021484,29.112963104248045,26.944451141357423,25.06375045776367,64.69969635009765,85.17043914794922,60.63974304199219,44.73495635986328,91.7230438232422,44.47424240112305,93.46835174560547,426.224853515625,148.96337280273437,268.5674255371094,174.01555786132812,78.05285034179687,93.77342987060547,40.71483688354492,449.25714111328125,139.15525817871094,359.28294067382814,130.84647521972656,22.097835540771484,21.386000061035155,425.0834167480469,97.91253356933593,83.78888244628907,71.51856994628906,80.8259994506836,41.42633056640625,152.83917846679688,87.04024505615234,72.07522888183594,390.2188781738281,210.71549377441406,134.1709777832031,274.8295166015625,36.645293426513675,38.134657287597655,41.95359420776367,33.155450439453126,99.89936981201171,82.10639953613281,66.71909027099609,32.82327117919922,29.794854736328126,126.18732299804688,81.35979461669922,87.65762786865234,65.04163970947266,22.236701202392577,333.93272705078124,102.54916229248047,36.63068466186524,65.73300628662109,26.175091552734376,57.73917236328125,34.648876953125,37.630174255371095,29.09670524597168,26.99191207885742,25.422417831420898,65.10904998779297,85.82855224609375,61.10133666992188,45.335042572021486,93.4819351196289,44.87534027099609,95.34170532226562,434.20330200195315,150.74569702148438,275.7010070800781,178.47416076660156,78.52225341796876,94.22958526611328,41.4554443359375,456.97548217773436,142.39767150878907,368.8535949707031,133.52098388671874,22.39352493286133,21.011999893188477,433.1686584472656,98.42073516845703,85.07973022460938,71.82708435058593,80.03200073242188,41.7341796875,154.59763793945314,88.24500122070313,73.82984924316406,397.56092529296876,214.89592895507812,135.26347961425782,282.84072265625,37.12416458129883,39.01382675170898,42.49719314575195,33.41383666992188,101.30791625976562,84.1553955078125,67.32092590332032,33.60137100219727,29.76185722351074,127.3733123779297,84.71501159667969
week144,2023-10-02,2023-10-06,2023,85.33116302490234,63.36158065795898,21.210741806030278,319.83009033203126,96.41989593505859,35.0583137512207,62.582079315185545,24.717613220214844,54.4138786315918,32.7917839050293,36.74989013671875,28.061665725708007,24.895140075683592,24.20444450378418,63.536912536621095,83.22945251464844,58.08902587890625,43.37599258422851,88.54808349609375,43.83685455322266,90.86620178222657,414.6448547363281,142.85523681640626,264.55426025390625,167.64749755859376,76.57382202148438,90.6626708984375,39.655226135253905,434.31158447265625,136.298779296875,355.03668823242185,128.66524353027344,21.298974990844727,19.429999923706056,413.5776306152344,95.8864761352539,78.10956268310547,69.21029357910156,76.61199951171875,39.57789535522461,148.13846130371093,84.17415008544921,67.51075439453125,379.6241760253906,204.8429168701172,128.86297302246095,270.51136474609376,35.714271545410156,37.13053512573242,40.24568862915039,31.628797149658205,96.7247802734375,81.43176727294922,63.57680130004883,30.76453742980957,26.465954971313476,123.77201232910156,78.39078674316406,86.20830841064453,64.02365112304688,22.010850143432616,324.2008544921875,99.2822052001953,35.51879196166992,63.77292251586914,25.076702880859376,56.21292953491211,33.24761428833008,36.62813034057617,28.589120864868164,25.869791412353514,24.708818435668945,64.19278488159179,84.18879547119141,59.236572265625,43.946537017822266,90.54869689941407,44.083073425292966,91.53570861816407,417.0532165527344,145.93759155273438,262.77305908203124,171.64421997070312,77.3932876586914,92.25711975097656,40.22420883178711,443.0564025878906,137.0285888671875,352.23870239257815,128.51490173339843,21.704885482788086,20.788000106811523,416.01914672851564,96.8662338256836,80.57901458740234,70.22024536132812,81.31999969482422,40.4236343383789,149.8508331298828,85.51057739257813,69.05309753417968,381.8166442871094,206.36300964355468,131.64774169921876,268.4966674804688,36.13645706176758,37.47863006591797,42.22262878417969,32.25685348510742,98.18253936767579,80.40749816894531,65.00323791503907,31.422444915771486,28.229357147216795,124.8429183959961,78.55469512939453,87.21238403320312,64.71882019042968,22.21919403076172,330.49602661132815,101.98151397705078,36.14774169921875,65.28921051025391,25.84864616394043,57.62488708496094,34.25307388305664,37.153011322021484,29.112963104248045,26.944451141357423,25.06375045776367,64.69969635009765,85.17043914794922,60.63974304199219,44.73495635986328,91.7230438232422,44.47424240112305,93.46835174560547,426.224853515625,148.96337280273437,268.5674255371094,174.01555786132812,78.05285034179687,93.77342987060547,40.71483688354492,449.25714111328125,139.15525817871094,359.28294067382814,130.84647521972656,22.097835540771484,21.386000061035155,425.0834167480469,97.91253356933593,83.78888244628907,71.51856994628906,80.8259994506836,41.42633056640625,152.83917846679688,87.04024505615234,72.07522888183594,390.2188781738281,210.71549377441406,134.1709777832031,274.8295166015625,36.645293426513675,38.134657287597655,41.95359420776367,33.155450439453126,99.89936981201171,82.10639953613281,66.71909027099609,32.82327117919922,29.794854736328126,126.18732299804688,81.35979461669922
week145,2023-10-09,2023-10-13,2023,86.03300018310547,63.86002044677734,21.370063400268556,324.48981323242185,98.34402618408203,35.58992309570313,63.78217315673828,25.044057846069336,55.293131256103514,33.10129852294922,37.56600570678711,28.76072425842285,25.679947280883788,24.923646545410158,63.95017623901367,83.99065399169922,59.12438888549805,43.97423095703125,89.42025756835938,44.10888671875,92.53463592529297,422.599658203125,144.635595703125,271.100146484375,168.97772216796875,77.1165283203125,91.69078826904297,40.64208297729492,439.5651062011719,139.0210723876953,363.37529907226565,131.90457458496093,21.599583053588866,20.19199981689453,421.4911376953125,96.66873931884766,79.33346862792969,70.29095153808593,76.78399810791015,40.305451202392575,150.04973449707032,85.22176971435547,69.2202880859375,386.912646484375,208.63441772460936,130.52586364746094,277.1823791503906,36.16226501464844,37.4575927734375,41.01382904052734,32.090657806396486,99.24976196289063,83.62210845947266,62.79123382568359,31.71628532409668,27.438673400878905,125.5054916381836,79.18186492919922,85.33116302490234,63.36158065795898,21.210741806030278,319.83009033203126,96.41989593505859,35.0583137512207,62.582079315185545,24.717613220214844,54.4138786315918,32.7917839050293,36.74989013671875,28.061665725708007,24.895140075683592,24.20444450378418,63.536912536621095,83.22945251464844,58.08902587890625,43.37599258422851,88.54808349609375,43.83685455322266,90.86620178222657,414.6448547363281,142.85523681640626,264.55426025390625,167.64749755859376,76.57382202148438,90.6626708984375,39.655226135253905,434.31158447265625,136.298779296875,355.03668823242185,128.66524353027344,21.298974990844727,19.429999923706056,413.5776306152344,95.8864761352539,78.10956268310547,69.21029357910156,76.61199951171875,39.57789535522461,148.13846130371093,84.17415008544921,67.51075439453125,379.6241760253906,204.8429168701172,128.86297302246095,270.51136474609376,35.714271545410156,37.13053512573242,40.24568862915039,31.628797149658205,96.7247802734375,81.43176727294922,63.57680130004883,30.76453742980957,26.465954971313476,123.77201232910156,78.39078674316406,86.20830841064453,64.02365112304688,22.010850143432616,324.2008544921875,99.2822052001953,35.51879196166992,63.77292251586914,25.076702880859376,56.21292953491211,33.24761428833008,36.62813034057617,28.589120864868164,25.869791412353514,24.708818435668945,64.19278488159179,84.18879547119141,59.236572265625,43.946537017822266,90.54869689941407,44.083073425292966,91.53570861816407,417.0532165527344,145.93759155273438,262.77305908203124,171.64421997070312,77.3932876586914,92.25711975097656,40.22420883178711,443.0564025878906,137.0285888671875,352.23870239257815,128.51490173339843,21.704885482788086,20.788000106811523,416.01914672851564,96.8662338256836,80.57901458740234,70.22024536132812,81.31999969482422,40.4236343383789,149.8508331298828,85.51057739257813,69.05309753417968,381.8166442871094,206.36300964355468,131.64774169921876,268.4966674804688,36.13645706176758,37.47863006591797,42.22262878417969,32.25685348510742,98.18253936767579,80.40749816894531,65.00323791503907,31.422444915771486,28.229357147216795,124.8429183959961,78.55469512939453
week146,2023-10-16,2023-10-20,2023,84.74689025878907,62.97717361450195,21.905803298950197,324.0054565429688,98.3091049194336,35.129441833496095,62.761444854736325,24.575513076782226,54.4249382019043,32.46163558959961,36.9144287109375,28.46448173522949,25.690116500854494,24.228728103637696,63.19193878173828,82.63044586181641,58.13132247924805,43.40553512573242,88.42678527832031,44.09300155639649,91.68779296875,419.0413330078125,143.9226806640625,267.72532958984374,166.40101318359376,76.18271942138672,89.88615570068359,39.380995178222655,435.6536499023438,137.87567138671875,358.2391357421875,131.01223754882812,21.579377365112304,21.012000274658202,417.91051025390624,96.22521362304687,76.85105438232422,70.16381225585937,79.88199920654297,39.68684463500976,149.70013732910155,84.57809448242188,68.12875366210938,383.5975830078125,206.743505859375,130.33413391113282,273.22606201171874,35.62024765014648,36.933538818359374,42.24210815429687,31.947655868530273,97.64893798828125,82.54466400146484,63.54109344482422,31.161867141723633,27.590835189819337,124.93344268798828,77.27777404785157,86.03300018310547,63.86002044677734,21.370063400268556,324.48981323242185,98.34402618408203,35.58992309570313,63.78217315673828,25.044057846069336,55.293131256103514,33.10129852294922,37.56600570678711,28.76072425842285,25.679947280883788,24.923646545410158,63.95017623901367,83.99065399169922,59.12438888549805,43.97423095703125,89.42025756835938,44.10888671875,92.53463592529297,422.599658203125,144.635595703125,271.100146484375,168.97772216796875,77.1165283203125,91.69078826904297,40.64208297729492,439.5651062011719,139.0210723876953,363.37529907226565,131.90457458496093,21.599583053588866,20.19199981689453,421.4911376953125,96.66873931884766,79.33346862792969,70.29095153808593,76.78399810791015,40.305451202392575,150.04973449707032,85.22176971435547,69.2202880859375,386.912646484375,208.63441772460936,130.52586364746094,277.1823791503906,36.16226501464844,37.4575927734375,41.01382904052734,32.090657806396486,99.24976196289063,83.62210845947266,62.79123382568359,31.71628532409668,27.438673400878905,125.5054916381836,79.18186492919922,85.33116302490234,63.36158065795898,21.210741806030278,319.83009033203126,96.41989593505859,35.0583137512207,62.582079315185545,24.717613220214844,54.4138786315918,32.7917839050293,36.74989013671875,28.061665725708007,24.895140075683592,24.20444450378418,63.536912536621095,83.22945251464844,58.08902587890625,43.37599258422851,88.54808349609375,43.83685455322266,90.86620178222657,414.6448547363281,142.85523681640626,264.55426025390625,167.64749755859376,76.57382202148438,90.6626708984375,39.655226135253905,434.31158447265625,136.298779296875,355.03668823242185,128.66524353027344,21.298974990844727,19.429999923706056,413.5776306152344,95.8864761352539,78.10956268310547,69.21029357910156,76.61199951171875,39.57789535522461,148.13846130371093,84.17415008544921,67.51075439453125,379.6241760253906,204.8429168701172,128.86297302246095,270.51136474609376,35.714271545410156,37.13053512573242,40.24568862915039,31.628797149658205,96.7247802734375,81.43176727294922,63.57680130004883,30.76453742980957,26.465954971313476,123.77201232910156,78.39078674316406
week147,2023-10-23,2023-10-27,2023,84.93061981201171,63.09304580688477,21.748233032226562,316.69215698242186,95.71786956787109,34.40876998901367,61.394937133789064,24.072406005859374,53.38900909423828,32.1033447265625,36.09337844848633,27.664268493652344,25.49010124206543,23.927970123291015,63.35829238891601,82.79631958007812,56.83297576904297,42.50817794799805,85.22109680175781,42.95126037597656,88.76464233398437,406.3640991210938,139.64142456054688,258.99351501464844,160.01087036132813,76.36190643310547,90.13231506347657,38.957524108886716,418.8019958496094,134.7375915527344,346.11595458984374,126.8805908203125,20.91694221496582,21.00800018310547,405.2714782714844,96.30941772460938,76.8838394165039,68.73641815185547,77.90599975585937,38.7561653137207,146.17916564941407,82.02981872558594,65.64034118652344,372.00556030273435,200.16812438964843,126.87736358642579,263.82855834960935,34.93811721801758,35.78405532836914,40.362580108642575,30.88092918395996,94.4781982421875,80.1691650390625,63.309931945800784,30.078907775878907,27.49188232421875,121.30855712890624,73.94364929199219,84.74689025878907,62.97717361450195,21.905803298950197,324.0054565429688,98.3091049194336,35.129441833496095,62.761444854736325,24.575513076782226,54.4249382019043,32.46163558959961,36.9144287109375,28.46448173522949,25.690116500854494,24.228728103637696,63.19193878173828,82.63044586181641,58.13132247924805,43.40553512573242,88.42678527832031,44.09300155639649,91.68779296875,419.0413330078125,143.9226806640625,267.72532958984374,166.40101318359376,76.18271942138672,89.88615570068359,39.380995178222655,435.6536499023438,137.87567138671875,358.2391357421875,131.01223754882812,21.579377365112304,21.012000274658202,417.91051025390624,96.22521362304687,76.85105438232422,70.16381225585937,79.88199920654297,39.68684463500976,149.70013732910155,84.57809448242188,68.12875366210938,383.5975830078125,206.743505859375,130.33413391113282,273.22606201171874,35.62024765014648,36.933538818359374,42.24210815429687,31.947655868530273,97.64893798828125,82.54466400146484,63.54109344482422,31.161867141723633,27.590835189819337,124.93344268798828,77.27777404785157,86.03300018310547,63.86002044677734,21.370063400268556,324.48981323242185,98.34402618408203,35.58992309570313,63.78217315673828,25.044057846069336,55.293131256103514,33.10129852294922,37.56600570678711,28.76072425842285,25.679947280883788,24.923646545410158,63.95017623901367,83.99065399169922,59.12438888549805,43.97423095703125,89.42025756835938,44.10888671875,92.53463592529297,422.599658203125,144.635595703125,271.100146484375,168.97772216796875,77.1165283203125,91.69078826904297,40.64208297729492,439.5651062011719,139.0210723876953,363.37529907226565,131.90457458496093,21.599583053588866,20.19199981689453,421.4911376953125,96.66873931884766,79.33346862792969,70.29095153808593,76.78399810791015,40.305451202392575,150.04973449707032,85.22176971435547,69.2202880859375,386.912646484375,208.63441772460936,130.52586364746094,277.1823791503906,36.16226501464844,37.4575927734375,41.01382904052734,32.090657806396486,99.24976196289063,83.62210845947266,62.79123382568359,31.71628532409668,27.438673400878905,125.5054916381836,79.18186492919922
week148,2023-10-30,2023-11-03,2023,85.68488311767578,63.61697235107422,21.560899353027345,322.1409057617187,97.49682312011718,34.966590881347656,62.82246856689453,24.521746826171874,55.3226203918457,32.75989456176758,36.5458625793457,27.866579818725587,26.00030975341797,24.105435943603517,64.28424758911133,83.50420684814453,58.23246765136719,43.195044708251956,87.06750030517578,43.27690734863281,90.33789367675782,413.4982116699219,141.91811828613282,263.9054016113281,163.10369262695312,77.49278106689454,91.07142486572266,39.45001983642578,426.6326416015625,137.2362854003906,352.83855590820315,128.69647674560548,21.049798202514648,21.07599983215332,412.4696411132812,97.02138671875,77.99335479736328,69.749658203125,75.36999969482422,39.67945938110351,148.51879272460937,83.72678070068359,67.89836883544922,378.6298583984375,203.7518768310547,128.762353515625,269.2875244140625,35.504103088378905,36.74514389038086,39.829150390625,31.704162216186525,96.08676147460938,82.31617431640625,64.02785415649414,31.08979721069336,28.248027801513672,120.83474273681641,76.09115142822266,84.93061981201171,63.09304580688477,21.748233032226562,316.69215698242186,95.71786956787109,34.40876998901367,61.394937133789064,24.072406005859374,53.38900909423828,32.1033447265625,36.09337844848633,27.664268493652344,25.49010124206543,23.927970123291015,63.35829238891601,82.79631958007812,56.83297576904297,42.50817794799805,85.22109680175781,42.95126037597656,88.76464233398437,406.3640991210938,139.64142456054688,258.99351501464844,160.01087036132813,76.36190643310547,90.13231506347657,38.957524108886716,418.8019958496094,134.7375915527344,346.11595458984374,126.8805908203125,20.91694221496582,21.00800018310547,405.2714782714844,96.30941772460938,76.8838394165039,68.73641815185547,77.90599975585937,38.7561653137207,146.17916564941407,82.02981872558594,65.64034118652344,372.00556030273435,200.16812438964843,126.87736358642579,263.82855834960935,34.93811721801758,35.78405532836914,40.362580108642575,30.88092918395996,94.4781982421875,80.1691650390625,63.309931945800784,30.078907775878907,27.49188232421875,121.30855712890624,73.94364929199219,84.74689025878907,62.97717361450195,21.905803298950197,324.0054565429688,98.3091049194336,35.129441833496095,62.761444854736325,24.575513076782226,54.4249382019043,32.46163558959961,36.9144287109375,28.46448173522949,25.690116500854494,24.228728103637696,63.19193878173828,82.63044586181641,58.13132247924805,43.40553512573242,88.42678527832031,44.09300155639649,91.68779296875,419.0413330078125,143.9226806640625,267.72532958984374,166.40101318359376,76.18271942138672,89.88615570068359,39.380995178222655,435.6536499023438,137.87567138671875,358.2391357421875,131.01223754882812,21.579377365112304,21.012000274658202,417.91051025390624,96.22521362304687,76.85105438232422,70.16381225585937,79.88199920654297,39.68684463500976,149.70013732910155,84.57809448242188,68.12875366210938,383.5975830078125,206.743505859375,130.33413391113282,273.22606201171874,35.62024765014648,36.933538818359374,42.24210815429687,31.947655868530273,97.64893798828125,82.54466400146484,63.54109344482422,31.161867141723633,27.590835189819337,124.93344268798828,77.27777404785157
week149,2023-11-06,2023-11-10,2023,86.64023284912109,64.31725158691407,21.179228210449217,328.7768615722656,98.30543060302735,36.00360641479492,63.774774169921876,25.136230850219725,55.63782272338867,33.300139617919925,37.692700958251955,28.135726547241212,27.19701232910156,24.34081268310547,65.165380859375,84.45948333740235,59.13726654052734,44.480150604248045,88.46721038818359,43.93415069580078,92.92114562988282,425.7020263671875,143.82687683105468,275.0585510253906,165.59275817871094,78.5809555053711,92.66806335449219,40.14958572387695,433.2846252441406,142.39452209472657,367.66301879882815,133.04878845214844,21.270199966430663,20.697999954223633,424.6032653808594,97.73477172851562,80.39171600341797,71.02486572265624,71.78800201416016,40.407013702392575,151.70552978515624,85.16136474609375,69.27330474853515,389.71307983398435,209.56625671386718,130.40436706542968,281.2,36.3595329284668,36.934496307373045,38.79290237426758,32.546722412109375,98.0916732788086,86.46246948242188,64.66683502197266,31.76987991333008,28.38525390625,122.60865936279296,78.96790161132813,85.68488311767578,63.61697235107422,21.560899353027345,322.1409057617187,97.49682312011718,34.966590881347656,62.82246856689453,24.521746826171874,55.3226203918457,32.75989456176758,36.5458625793457,27.866579818725587,26.00030975341797,24.105435943603517,64.28424758911133,83.50420684814453,58.23246765136719,43.195044708251956,87.06750030517578,43.27690734863281,90.33789367675782,413.4982116699219,141.91811828613282,263.9054016113281,163.10369262695312,77.49278106689454,91.07142486572266,39.45001983642578,426.6326416015625,137.2362854003906,352.83855590820315,128.69647674560548,21.049798202514648,21.07599983215332,412.4696411132812,97.02138671875,77.99335479736328,69.749658203125,75.36999969482422,39.67945938110351,148.51879272460937,83.72678070068359,67.89836883544922,378.6298583984375,203.7518768310547,128.762353515625,269.2875244140625,35.504103088378905,36.74514389038086,39.829150390625,31.704162216186525,96.08676147460938,82.31617431640625,64.02785415649414,31.08979721069336,28.248027801513672,120.83474273681641,76.09115142822266,84.93061981201171,63.09304580688477,21.748233032226562,316.69215698242186,95.71786956787109,34.40876998901367,61.394937133789064,24.072406005859374,53.38900909423828,32.1033447265625,36.09337844848633,27.664268493652344,25.49010124206543,23.927970123291015,63.35829238891601,82.79631958007812,56.83297576904297,42.50817794799805,85.22109680175781,42.95126037597656,88.76464233398437,406.3640991210938,139.64142456054688,258.99351501464844,160.01087036132813,76.36190643310547,90.13231506347657,38.957524108886716,418.8019958496094,134.7375915527344,346.11595458984374,126.8805908203125,20.91694221496582,21.00800018310547,405.2714782714844,96.30941772460938,76.8838394165039,68.73641815185547,77.90599975585937,38.7561653137207,146.17916564941407,82.02981872558594,65.64034118652344,372.00556030273435,200.16812438964843,126.87736358642579,263.82855834960935,34.93811721801758,35.78405532836914,40.362580108642575,30.88092918395996,94.4781982421875,80.1691650390625,63.309931945800784,30.078907775878907,27.49188232421875,121.30855712890624,73.94364929199219
week150,2023-11-13,2023-11-17,2023,87.33682098388672,64.83746948242188,21.095191955566406,335.8305603027344,100.19648132324218,36.69994277954102,65.46118469238282,26.288387298583984,56.588957977294925,34.45941848754883,38.811571502685545,28.650536727905273,28.217431640625,24.663986587524413,65.59669342041016,85.09527282714843,60.724334716796875,45.33873291015625,91.58240966796875,44.57153854370117,95.39757232666017,436.5069580078125,146.91611938476564,283.2107666015625,171.50184631347656,79.02451934814454,94.048779296875,40.716704559326175,446.5943969726562,146.30927124023438,378.8784912109375,136.12215270996094,21.631417465209957,21.312000274658203,435.3528686523438,97.89078521728516,81.46264953613282,71.83391723632812,71.15,41.446641540527345,154.95567626953124,87.04142761230469,71.62276000976563,399.6330322265625,215.07196655273438,132.7943084716797,290.0577697753906,37.07300720214844,37.97017211914063,39.0572998046875,33.410536193847655,101.07873229980468,89.50078582763672,65.51254425048828,32.90273323059082,28.731585693359374,123.18841400146485,81.51880340576172,86.64023284912109,64.31725158691407,21.179228210449217,328.7768615722656,98.30543060302735,36.00360641479492,63.774774169921876,25.136230850219725,55.63782272338867,33.300139617919925,37.692700958251955,28.135726547241212,27.19701232910156,24.34081268310547,65.165380859375,84.45948333740235,59.13726654052734,44.480150604248045,88.46721038818359,43.93415069580078,92.92114562988282,425.7020263671875,143.82687683105468,275.0585510253906,165.59275817871094,78.5809555053711,92.66806335449219,40.14958572387695,433.2846252441406,142.39452209472657,367.66301879882815,133.04878845214844,21.270199966430663,20.697999954223633,424.6032653808594,97.73477172851562,80.39171600341797,71.02486572265624,71.78800201416016,40.407013702392575,151.70552978515624,85.16136474609375,69.27330474853515,389.71307983398435,209.56625671386718,130.40436706542968,281.2,36.3595329284668,36.934496307373045,38.79290237426758,32.546722412109375,98.0916732788086,86.46246948242188,64.66683502197266,31.76987991333008,28.38525390625,122.60865936279296,78.96790161132813,85.68488311767578,63.61697235107422,21.560899353027345,322.1409057617187,97.49682312011718,34.966590881347656,62.82246856689453,24.521746826171874,55.3226203918457,32.75989456176758,36.5458625793457,27.866579818725587,26.00030975341797,24.105435943603517,64.28424758911133,83.50420684814453,58.23246765136719,43.195044708251956,87.06750030517578,43.27690734863281,90.33789367675782,413.4982116699219,141.91811828613282,263.9054016113281,163.10369262695312,77.49278106689454,91.07142486572266,39.45001983642578,426.6326416015625,137.2362854003906,352.83855590820315,128.69647674560548,21.049798202514648,21.07599983215332,412.4696411132812,97.02138671875,77.99335479736328,69.749658203125,75.36999969482422,39.67945938110351,148.51879272460937,83.72678070068359,67.89836883544922,378.6298583984375,203.7518768310547,128.762353515625,269.2875244140625,35.504103088378905,36.74514389038086,39.829150390625,31.704162216186525,96.08676147460938,82.31617431640625,64.02785415649414,31.08979721069336,28.248027801513672,120.83474273681641,76.09115142822266
week151,2023-11-20,2023-11-24,2023,87.91176986694336,65.26729011535645,21.193235397338867,340.07495880126953,101.30649375915527,37.08882522583008,66.69131851196289,26.91727304458618,57.501386642456055,35.130035400390625,39.76507759094238,29.107093334197998,28.705602169036865,24.635032176971436,65.99281692504883,85.58782577514648,61.84843635559082,45.860347747802734,92.471435546875,44.80336093902588,96.8280658721924,442.92950439453125,148.99639129638672,287.62963104248047,173.77910995483398,79.51572799682617,95.29460525512695,40.75448036193848,453.14378356933594,148.32843780517578,384.4675064086914,137.68617248535156,21.89651584625244,21.797500133514404,441.7078552246094,98.25827980041504,82.6528434753418,72.71088027954102,71.81500053405762,42.1806583404541,156.90968704223633,88.08055686950684,72.70744514465332,405.4688491821289,218.27958297729492,134.4980125427246,294.99476623535156,37.44126892089844,38.61329174041748,39.30453109741211,34.042941093444824,102.51716804504395,90.9253921508789,65.6953125,33.454379081726074,29.119691848754883,125.29169273376465,82.43183326721191,87.33682098388672,64.83746948242188,21.095191955566406,335.8305603027344,100.19648132324218,36.69994277954102,65.46118469238282,26.288387298583984,56.588957977294925,34.45941848754883,38.811571502685545,28.650536727905273,28.217431640625,24.663986587524413,65.59669342041016,85.09527282714843,60.724334716796875,45.33873291015625,91.58240966796875,44.57153854370117,95.39757232666017,436.5069580078125,146.91611938476564,283.2107666015625,171.50184631347656,79.02451934814454,94.048779296875,40.716704559326175,446.5943969726562,146.30927124023438,378.8784912109375,136.12215270996094,21.631417465209957,21.312000274658203,435.3528686523438,97.89078521728516,81.46264953613282,71.83391723632812,71.15,41.446641540527345,154.95567626953124,87.04142761230469,71.62276000976563,399.6330322265625,215.07196655273438,132.7943084716797,290.0577697753906,37.07300720214844,37.97017211914063,39.0572998046875,33.410536193847655,101.07873229980468,89.50078582763672,65.51254425048828,32.90273323059082,28.731585693359374,123.18841400146485,81.51880340576172,86.64023284912109,64.31725158691407,21.179228210449217,328.7768615722656,98.30543060302735,36.00360641479492,63.774774169921876,25.136230850219725,55.63782272338867,33.300139617919925,37.692700958251955,28.135726547241212,27.19701232910156,24.34081268310547,65.165380859375,84.45948333740235,59.13726654052734,44.480150604248045,88.46721038818359,43.93415069580078,92.92114562988282,425.7020263671875,143.82687683105468,275.0585510253906,165.59275817871094,78.5809555053711,92.66806335449219,40.14958572387695,433.2846252441406,142.39452209472657,367.66301879882815,133.04878845214844,21.270199966430663,20.697999954223633,424.6032653808594,97.73477172851562,80.39171600341797,71.02486572265624,71.78800201416016,40.407013702392575,151.70552978515624,85.16136474609375,69.27330474853515,389.71307983398435,209.56625671386718,130.40436706542968,281.2,36.3595329284668,36.934496307373045,38.79290237426758,32.546722412109375,98.0916732788086,86.46246948242188,64.66683502197266,31.76987991333008,28.38525390625,122.60865936279296,78.96790161132813
week152,2023-11-27,2023-12-01,2023,88.77724914550781,65.92820587158204,21.01640510559082,344.7593200683594,102.60027770996093,37.03688125610351,67.07178192138672,27.27540283203125,57.77235107421875,35.29229583740234,40.073587036132814,29.34236831665039,28.83103675842285,23.694462966918945,66.62604675292968,86.48355560302734,62.226812744140624,45.87234802246094,92.98404998779297,45.39756469726562,97.29130249023439,444.28326416015625,150.31009521484376,287.9347351074219,175.34839477539063,80.27883453369141,96.69934997558593,39.882817077636716,456.5431884765625,147.5115478515625,384.3619445800781,137.64906005859376,22.059368896484376,22.963999557495118,443.1088928222656,98.8376678466797,84.11339721679687,73.24590454101562,70.6239990234375,42.47703552246094,157.59112854003905,88.88561401367187,74.45856628417968,406.80498046875,219.38955383300782,135.39684448242187,295.5068420410156,37.44172897338867,39.16651306152344,39.232634735107425,34.41348876953125,103.0314437866211,91.0785400390625,66.2116683959961,34.23887710571289,29.364504623413087,125.72892303466797,83.12059326171875,87.91176986694336,65.26729011535645,21.193235397338867,340.07495880126953,101.30649375915527,37.08882522583008,66.69131851196289,26.91727304458618,57.501386642456055,35.130035400390625,39.76507759094238,29.107093334197998,28.705602169036865,24.635032176971436,65.99281692504883,85.58782577514648,61.84843635559082,45.860347747802734,92.471435546875,44.80336093902588,96.8280658721924,442.92950439453125,148.99639129638672,287.62963104248047,173.77910995483398,79.51572799682617,95.29460525512695,40.75448036193848,453.14378356933594,148.32843780517578,384.4675064086914,137.68617248535156,21.89651584625244,21.797500133514404,441.7078552246094,98.25827980041504,82.6528434753418,72.71088027954102,71.81500053405762,42.1806583404541,156.90968704223633,88.08055686950684,72.70744514465332,405.4688491821289,218.27958297729492,134.4980125427246,294.99476623535156,37.44126892089844,38.61329174041748,39.30453109741211,34.042941093444824,102.51716804504395,90.9253921508789,65.6953125,33.454379081726074,29.119691848754883,125.29169273376465,82.43183326721191,87.33682098388672,64.83746948242188,21.095191955566406,335.8305603027344,100.19648132324218,36.69994277954102,65.46118469238282,26.288387298583984,56.588957977294925,34.45941848754883,38.811571502685545,28.650536727905273,28.217431640625,24.663986587524413,65.59669342041016,85.09527282714843,60.724334716796875,45.33873291015625,91.58240966796875,44.57153854370117,95.39757232666017,436.5069580078125,146.91611938476564,283.2107666015625,171.50184631347656,79.02451934814454,94.048779296875,40.716704559326175,446.5943969726562,146.30927124023438,378.8784912109375,136.12215270996094,21.631417465209957,21.312000274658203,435.3528686523438,97.89078521728516,81.46264953613282,71.83391723632812,71.15,41.446641540527345,154.95567626953124,87.04142761230469,71.62276000976563,399.6330322265625,215.07196655273438,132.7943084716797,290.0577697753906,37.07300720214844,37.97017211914063,39.0572998046875,33.410536193847655,101.07873229980468,89.50078582763672,65.51254425048828,32.90273323059082,28.731585693359374,123.18841400146485,81.51880340576172
week153,2023-12-04,2023-12-08,2023,89.66521453857422,66.53924865722657,20.279325485229492,349.7014892578125,104.52256622314454,36.59511795043945,67.23265380859375,27.64793243408203,57.67096862792969,35.44611511230469,39.77906112670898,29.329724884033205,28.558134460449217,22.40363464355469,67.10226745605469,87.31674194335938,62.38680725097656,45.43659439086914,95.85086975097656,46.904660034179685,97.89729614257813,445.693798828125,151.76272888183593,288.1048645019531,180.64787902832032,80.86519012451171,98.0028579711914,38.19826049804688,466.6786865234375,146.19748229980468,383.04384765625,138.10792846679686,22.391110229492188,21.88000030517578,444.46185302734375,99.38834533691406,86.70907745361328,73.77948913574218,66.49000091552735,42.53058853149414,158.62071838378907,90.15786895751953,76.62701416015625,408.0731140136719,220.69803466796876,136.50923767089844,295.2992370605469,37.16887435913086,39.04315338134766,38.33925552368164,34.769066619873044,104.99382171630859,90.83823699951172,66.25301361083984,35.12964096069336,29.566143798828126,127.10606842041015,84.18845825195312,88.77724914550781,65.92820587158204,21.01640510559082,344.7593200683594,102.60027770996093,37.03688125610351,67.07178192138672,27.27540283203125,57.77235107421875,35.29229583740234,40.073587036132814,29.34236831665039,28.83103675842285,23.694462966918945,66.62604675292968,86.48355560302734,62.226812744140624,45.87234802246094,92.98404998779297,45.39756469726562,97.29130249023439,444.28326416015625,150.31009521484376,287.9347351074219,175.34839477539063,80.27883453369141,96.69934997558593,39.882817077636716,456.5431884765625,147.5115478515625,384.3619445800781,137.64906005859376,22.059368896484376,22.963999557495118,443.1088928222656,98.8376678466797,84.11339721679687,73.24590454101562,70.6239990234375,42.47703552246094,157.59112854003905,88.88561401367187,74.45856628417968,406.80498046875,219.38955383300782,135.39684448242187,295.5068420410156,37.44172897338867,39.16651306152344,39.232634735107425,34.41348876953125,103.0314437866211,91.0785400390625,66.2116683959961,34.23887710571289,29.364504623413087,125.72892303466797,83.12059326171875,87.91176986694336,65.26729011535645,21.193235397338867,340.07495880126953,101.30649375915527,37.08882522583008,66.69131851196289,26.91727304458618,57.501386642456055,35.130035400390625,39.76507759094238,29.107093334197998,28.705602169036865,24.635032176971436,65.99281692504883,85.58782577514648,61.84843635559082,45.860347747802734,92.471435546875,44.80336093902588,96.8280658721924,442.92950439453125,148.99639129638672,287.62963104248047,173.77910995483398,79.51572799682617,95.29460525512695,40.75448036193848,453.14378356933594,148.32843780517578,384.4675064086914,137.68617248535156,21.89651584625244,21.797500133514404,441.7078552246094,98.25827980041504,82.6528434753418,72.71088027954102,71.81500053405762,42.1806583404541,156.90968704223633,88.08055686950684,72.70744514465332,405.4688491821289,218.27958297729492,134.4980125427246,294.99476623535156,37.44126892089844,38.61329174041748,39.30453109741211,34.042941093444824,102.51716804504395,90.9253921508789,65.6953125,33.454379081726074,29.119691848754883,125.29169273376465,82.43183326721191
week154,2023-12-11,2023-12-15,2023,90.6812759399414,67.29033203125,20.095492553710937,357.21674194335935,107.15792236328124,37.124857330322264,68.54738311767578,28.12799949645996,58.44883651733399,36.41030426025391,40.601758575439455,29.719896697998045,29.06495246887207,22.40176773071289,67.86282196044922,88.26900329589844,63.58217010498047,46.09391860961914,99.92874145507812,47.56587600708008,100.38148651123046,456.1941223144531,155.61664123535155,295.0978698730469,187.60867919921876,81.81474456787109,99.69029388427734,38.28593978881836,480.9090148925781,150.86341552734376,395.94841918945315,142.12047424316407,23.014474868774414,21.5,454.8329650878906,100.35122375488281,88.84830474853516,74.89290008544921,66.13800201416015,43.34308395385742,162.22811889648438,93.33848724365234,79.08434753417968,417.6454345703125,226.2910949707031,139.9166687011719,302.18181762695315,37.59659271240234,40.17063598632812,38.49139938354493,35.76621932983399,107.96348266601562,93.70813293457032,67.01227111816407,36.21074905395508,30.097311401367186,129.41159362792968,86.6029296875,89.66521453857422,66.53924865722657,20.279325485229492,349.7014892578125,104.52256622314454,36.59511795043945,67.23265380859375,27.64793243408203,57.67096862792969,35.44611511230469,39.77906112670898,29.329724884033205,28.558134460449217,22.40363464355469,67.10226745605469,87.31674194335938,62.38680725097656,45.43659439086914,95.85086975097656,46.904660034179685,97.89729614257813,445.693798828125,151.76272888183593,288.1048645019531,180.64787902832032,80.86519012451171,98.0028579711914,38.19826049804688,466.6786865234375,146.19748229980468,383.04384765625,138.10792846679686,22.391110229492188,21.88000030517578,444.46185302734375,99.38834533691406,86.70907745361328,73.77948913574218,66.49000091552735,42.53058853149414,158.62071838378907,90.15786895751953,76.62701416015625,408.0731140136719,220.69803466796876,136.50923767089844,295.2992370605469,37.16887435913086,39.04315338134766,38.33925552368164,34.769066619873044,104.99382171630859,90.83823699951172,66.25301361083984,35.12964096069336,29.566143798828126,127.10606842041015,84.18845825195312,88.77724914550781,65.92820587158204,21.01640510559082,344.7593200683594,102.60027770996093,37.03688125610351,67.07178192138672,27.27540283203125,57.77235107421875,35.29229583740234,40.073587036132814,29.34236831665039,28.83103675842285,23.694462966918945,66.62604675292968,86.48355560302734,62.226812744140624,45.87234802246094,92.98404998779297,45.39756469726562,97.29130249023439,444.28326416015625,150.31009521484376,287.9347351074219,175.34839477539063,80.27883453369141,96.69934997558593,39.882817077636716,456.5431884765625,147.5115478515625,384.3619445800781,137.64906005859376,22.059368896484376,22.963999557495118,443.1088928222656,98.8376678466797,84.11339721679687,73.24590454101562,70.6239990234375,42.47703552246094,157.59112854003905,88.88561401367187,74.45856628417968,406.80498046875,219.38955383300782,135.39684448242187,295.5068420410156,37.44172897338867,39.16651306152344,39.232634735107425,34.41348876953125,103.0314437866211,91.0785400390625,66.2116683959961,34.23887710571289,29.364504623413087,125.72892303466797,83.12059326171875
week155,2023-12-18,2023-12-22,2023,91.5316390991211,67.97866821289062,20.487864303588868,361.36931762695315,108.03075714111328,37.489427947998045,69.4027099609375,28.240520095825197,58.51424942016602,36.776780700683595,40.775743865966795,30.155825424194337,30.039975738525392,22.331240844726562,68.67766571044922,89.3353500366211,64.50161361694336,46.4780029296875,103.42031707763672,47.87364959716797,101.94490814208984,462.087353515625,157.66027221679687,299.3552490234375,194.29686889648437,82.85107116699218,100.77440643310547,38.071326446533206,492.69573364257815,153.21676940917968,402.4353454589844,143.68580322265626,23.354659652709962,22.060000228881837,460.89027099609376,101.29149627685547,90.8986602783203,74.75241088867188,68.79199981689453,44.01469268798828,163.41697998046874,94.82823791503907,80.76628723144532,423.1227294921875,229.78914489746094,141.4193145751953,306.9591491699219,37.84802474975586,40.93185958862305,39.66379241943359,36.191873931884764,109.41145782470703,94.5534912109375,67.24381408691406,36.93397903442383,29.60249557495117,129.73369140625,88.47263031005859,90.6812759399414,67.29033203125,20.095492553710937,357.21674194335935,107.15792236328124,37.124857330322264,68.54738311767578,28.12799949645996,58.44883651733399,36.41030426025391,40.601758575439455,29.719896697998045,29.06495246887207,22.40176773071289,67.86282196044922,88.26900329589844,63.58217010498047,46.09391860961914,99.92874145507812,47.56587600708008,100.38148651123046,456.1941223144531,155.61664123535155,295.0978698730469,187.60867919921876,81.81474456787109,99.69029388427734,38.28593978881836,480.9090148925781,150.86341552734376,395.94841918945315,142.12047424316407,23.014474868774414,21.5,454.8329650878906,100.35122375488281,88.84830474853516,74.89290008544921,66.13800201416015,43.34308395385742,162.22811889648438,93.33848724365234,79.08434753417968,417.6454345703125,226.2910949707031,139.9166687011719,302.18181762695315,37.59659271240234,40.17063598632812,38.49139938354493,35.76621932983399,107.96348266601562,93.70813293457032,67.01227111816407,36.21074905395508,30.097311401367186,129.41159362792968,86.6029296875,89.66521453857422,66.53924865722657,20.279325485229492,349.7014892578125,104.52256622314454,36.59511795043945,67.23265380859375,27.64793243408203,57.67096862792969,35.44611511230469,39.77906112670898,29.329724884033205,28.558134460449217,22.40363464355469,67.10226745605469,87.31674194335938,62.38680725097656,45.43659439086914,95.85086975097656,46.904660034179685,97.89729614257813,445.693798828125,151.76272888183593,288.1048645019531,180.64787902832032,80.86519012451171,98.0028579711914,38.19826049804688,466.6786865234375,146.19748229980468,383.04384765625,138.10792846679686,22.391110229492188,21.88000030517578,444.46185302734375,99.38834533691406,86.70907745361328,73.77948913574218,66.49000091552735,42.53058853149414,158.62071838378907,90.15786895751953,76.62701416015625,408.0731140136719,220.69803466796876,136.50923767089844,295.2992370605469,37.16887435913086,39.04315338134766,38.33925552368164,34.769066619873044,104.99382171630859,90.83823699951172,66.25301361083984,35.12964096069336,29.566143798828126,127.10606842041015,84.18845825195312
week156,2023-12-26,2023-12-29,2023,92.06264877319335,68.32048034667969,20.43459701538086,364.331298828125,109.05339431762695,38.15738868713379,70.48383331298828,28.54182529449463,59.614219665527344,37.095726013183594,42.43699836730957,30.580492973327637,30.82249164581299,22.605432987213135,69.01179695129395,89.74378395080566,65.5523796081543,47.34618854522705,105.6137924194336,48.44948387145996,102.9096908569336,465.8897018432617,159.42112350463867,301.1283264160156,198.81658935546875,83.26587677001953,101.43597412109375,38.30093479156494,498.9538345336914,154.63429260253906,406.2591094970703,144.40028762817383,23.57717227935791,22.050000190734863,464.5556640625,101.41398429870605,91.48583602905273,75.36579132080078,68.23999977111816,44.787339210510254,164.5455322265625,96.33117485046387,82.11831855773926,426.5184631347656,231.8673210144043,142.94514846801758,308.7221450805664,38.453965187072754,41.36400318145752,39.67854118347168,36.51522445678711,110.84171676635742,95.15558815002441,67.99935913085938,37.547983169555664,29.765045166015625,131.51893997192383,88.47140312194824,91.5316390991211,67.97866821289062,20.487864303588868,361.36931762695315,108.03075714111328,37.489427947998045,69.4027099609375,28.240520095825197,58.51424942016602,36.776780700683595,40.775743865966795,30.155825424194337,30.039975738525392,22.331240844726562,68.67766571044922,89.3353500366211,64.50161361694336,46.4780029296875,103.42031707763672,47.87364959716797,101.94490814208984,462.087353515625,157.66027221679687,299.3552490234375,194.29686889648437,82.85107116699218,100.77440643310547,38.071326446533206,492.69573364257815,153.21676940917968,402.4353454589844,143.68580322265626,23.354659652709962,22.060000228881837,460.89027099609376,101.29149627685547,90.8986602783203,74.75241088867188,68.79199981689453,44.01469268798828,163.41697998046874,94.82823791503907,80.76628723144532,423.1227294921875,229.78914489746094,141.4193145751953,306.9591491699219,37.84802474975586,40.93185958862305,39.66379241943359,36.191873931884764,109.41145782470703,94.5534912109375,67.24381408691406,36.93397903442383,29.60249557495117,129.73369140625,88.47263031005859,90.6812759399414,67.29033203125,20.095492553710937,357.21674194335935,107.15792236328124,37.124857330322264,68.54738311767578,28.12799949645996,58.44883651733399,36.41030426025391,40.601758575439455,29.719896697998045,29.06495246887207,22.40176773071289,67.86282196044922,88.26900329589844,63.58217010498047,46.09391860961914,99.92874145507812,47.56587600708008,100.38148651123046,456.1941223144531,155.61664123535155,295.0978698730469,187.60867919921876,81.81474456787109,99.69029388427734,38.28593978881836,480.9090148925781,150.86341552734376,395.94841918945315,142.12047424316407,23.014474868774414,21.5,454.8329650878906,100.35122375488281,88.84830474853516,74.89290008544921,66.13800201416015,43.34308395385742,162.22811889648438,93.33848724365234,79.08434753417968,417.6454345703125,226.2910949707031,139.9166687011719,302.18181762695315,37.59659271240234,40.17063598632812,38.49139938354493,35.76621932983399,107.96348266601562,93.70813293457032,67.01227111816407,36.21074905395508,30.097311401367186,129.41159362792968,86.6029296875
week157,2024-01-02,2024-01-05,2024,91.33517837524414,67.77781105041504,20.239434719085693,363.0416564941406,109.31560707092285,37.69010829925537,69.45170402526855,27.922497749328613,59.19599628448486,36.09039783477783,41.19858932495117,30.28718376159668,30.129208087921143,22.39466094970703,68.28089141845703,89.05376052856445,64.56174087524414,46.81196117401123,101.73613166809082,48.489195823669434,101.06840515136719,459.14464569091797,158.74164199829102,293.26414489746094,190.78251266479492,82.39421653747559,100.03139305114746,38.03333282470703,485.27552795410156,150.30708694458008,394.134521484375,142.22583770751953,23.61119270324707,21.249999523162842,457.84166717529297,100.95937919616699,89.78684043884277,75.62486267089844,67.63999938964844,44.10215377807617,163.12839126586914,95.3930892944336,80.87358093261719,420.2880554199219,227.8436393737793,143.09807586669922,299.74355316162104,38.14558029174805,40.734450340270996,39.8237190246582,36.54435062408447,108.55272102355957,91.4566535949707,68.47513008117676,37.01802444458008,30.337493419647217,134.38713836669922,85.50445747375488,92.06264877319335,68.32048034667969,20.43459701538086,364.331298828125,109.05339431762695,38.15738868713379,70.48383331298828,28.54182529449463,59.614219665527344,37.095726013183594,42.43699836730957,30.580492973327637,30.82249164581299,22.605432987213135,69.01179695129395,89.74378395080566,65.5523796081543,47.34618854522705,105.6137924194336,48.44948387145996,102.9096908569336,465.8897018432617,159.42112350463867,301.1283264160156,198.81658935546875,83.26587677001953,101.43597412109375,38.30093479156494,498.9538345336914,154.63429260253906,406.2591094970703,144.40028762817383,23.57717227935791,22.050000190734863,464.5556640625,101.41398429870605,91.48583602905273,75.36579132080078,68.23999977111816,44.787339210510254,164.5455322265625,96.33117485046387,82.11831855773926,426.5184631347656,231.8673210144043,142.94514846801758,308.7221450805664,38.453965187072754,41.36400318145752,39.67854118347168,36.51522445678711,110.84171676635742,95.15558815002441,67.99935913085938,37.547983169555664,29.765045166015625,131.51893997192383,88.47140312194824,91.5316390991211,67.97866821289062,20.487864303588868,361.36931762695315,108.03075714111328,37.489427947998045,69.4027099609375,28.240520095825197,58.51424942016602,36.776780700683595,40.775743865966795,30.155825424194337,30.039975738525392,22.331240844726562,68.67766571044922,89.3353500366211,64.50161361694336,46.4780029296875,103.42031707763672,47.87364959716797,101.94490814208984,462.087353515625,157.66027221679687,299.3552490234375,194.29686889648437,82.85107116699218,100.77440643310547,38.071326446533206,492.69573364257815,153.21676940917968,402.4353454589844,143.68580322265626,23.354659652709962,22.060000228881837,460.89027099609376,101.29149627685547,90.8986602783203,74.75241088867188,68.79199981689453,44.01469268798828,163.41697998046874,94.82823791503907,80.76628723144532,423.1227294921875,229.78914489746094,141.4193145751953,306.9591491699219,37.84802474975586,40.93185958862305,39.66379241943359,36.191873931884764,109.41145782470703,94.5534912109375,67.24381408691406,36.93397903442383,29.60249557495117,129.73369140625,88.47263031005859
week158,2024-01-08,2024-01-12,2024,91.46491851806641,67.87149658203126,20.138868713378905,364.2901306152344,109.0032730102539,37.32534332275391,69.99702301025391,28.09149169921875,60.93056869506836,36.17488250732422,40.97173919677734,30.328754806518553,30.023462295532227,21.742220306396483,68.786083984375,89.01565704345703,65.05682525634765,46.443414306640626,101.37997283935547,48.89426498413086,102.35900573730468,465.3929443359375,158.76428833007813,300.90037231445314,190.30798950195313,83.00701446533203,100.53465881347657,37.01165618896484,487.22344360351565,155.31739501953126,403.16924438476565,144.58103942871094,23.62309684753418,21.01599998474121,464.13994750976565,100.95985870361328,88.88285064697266,76.03065643310546,67.20399932861328,44.3813720703125,164.222509765625,95.29856872558594,80.71671447753906,426.071435546875,230.81837158203126,143.17598571777344,307.6796813964844,37.9158218383789,40.336734008789065,38.593238067626956,36.66961517333984,108.97407684326171,93.99482879638671,68.77953033447265,36.937714385986325,30.173533248901368,136.01761474609376,86.21312866210937,91.33517837524414,67.77781105041504,20.239434719085693,363.0416564941406,109.31560707092285,37.69010829925537,69.45170402526855,27.922497749328613,59.19599628448486,36.09039783477783,41.19858932495117,30.28718376159668,30.129208087921143,22.39466094970703,68.28089141845703,89.05376052856445,64.56174087524414,46.81196117401123,101.73613166809082,48.489195823669434,101.06840515136719,459.14464569091797,158.74164199829102,293.26414489746094,190.78251266479492,82.39421653747559,100.03139305114746,38.03333282470703,485.27552795410156,150.30708694458008,394.134521484375,142.22583770751953,23.61119270324707,21.249999523162842,457.84166717529297,100.95937919616699,89.78684043884277,75.62486267089844,67.63999938964844,44.10215377807617,163.12839126586914,95.3930892944336,80.87358093261719,420.2880554199219,227.8436393737793,143.09807586669922,299.74355316162104,38.14558029174805,40.734450340270996,39.8237190246582,36.54435062408447,108.55272102355957,91.4566535949707,68.47513008117676,37.01802444458008,30.337493419647217,134.38713836669922,85.50445747375488,92.06264877319335,68.32048034667969,20.43459701538086,364.331298828125,109.05339431762695,38.15738868713379,70.48383331298828,28.54182529449463,59.614219665527344,37.095726013183594,42.43699836730957,30.580492973327637,30.82249164581299,22.605432987213135,69.01179695129395,89.74378395080566,65.5523796081543,47.34618854522705,105.6137924194336,48.44948387145996,102.9096908569336,465.8897018432617,159.42112350463867,301.1283264160156,198.81658935546875,83.26587677001953,101.43597412109375,38.30093479156494,498.9538345336914,154.63429260253906,406.2591094970703,144.40028762817383,23.57717227935791,22.050000190734863,464.5556640625,101.41398429870605,91.48583602905273,75.36579132080078,68.23999977111816,44.787339210510254,164.5455322265625,96.33117485046387,82.11831855773926,426.5184631347656,231.8673210144043,142.94514846801758,308.7221450805664,38.453965187072754,41.36400318145752,39.67854118347168,36.51522445678711,110.84171676635742,95.15558815002441,67.99935913085938,37.547983169555664,29.765045166015625,131.51893997192383,88.47140312194824
week159,2024-01-16,2024-01-19,2024,90.92512512207031,67.49719429016113,20.12004280090332,362.9268035888672,106.28505897521973,36.31210231781006,68.95086097717285,27.55282163619995,61.37589645385742,35.61604976654053,39.946290016174316,29.497323036193848,29.080512523651123,20.761168479919434,68.491943359375,88.3939266204834,64.00232315063477,45.22575283050537,99.73576736450195,48.871432304382324,102.3634033203125,466.37913513183594,156.8381118774414,304.4930191040039,186.5211181640625,82.62417411804199,99.80263137817383,35.46241283416748,483.5916976928711,158.40861129760742,408.2164840698242,145.6015968322754,23.4457368850708,20.772499561309814,465.0387420654297,100.83691024780273,86.75901412963867,76.3100700378418,68.26749992370605,43.575984954833984,164.52863693237305,93.86601829528809,78.91160583496094,427.0108642578125,230.7462272644043,141.7025909423828,311.61187744140625,37.079179763793945,39.57404327392578,37.56178951263428,36.38170909881592,108.22468376159668,96.27588081359863,68.42069435119629,36.16588115692139,29.021801948547363,134.92644882202148,85.31026268005371,91.46491851806641,67.87149658203126,20.138868713378905,364.2901306152344,109.0032730102539,37.32534332275391,69.99702301025391,28.09149169921875,60.93056869506836,36.17488250732422,40.97173919677734,30.328754806518553,30.023462295532227,21.742220306396483,68.786083984375,89.01565704345703,65.05682525634765,46.443414306640626,101.37997283935547,48.89426498413086,102.35900573730468,465.3929443359375,158.76428833007813,300.90037231445314,190.30798950195313,83.00701446533203,100.53465881347657,37.01165618896484,487.22344360351565,155.31739501953126,403.16924438476565,144.58103942871094,23.62309684753418,21.01599998474121,464.13994750976565,100.95985870361328,88.88285064697266,76.03065643310546,67.20399932861328,44.3813720703125,164.222509765625,95.29856872558594,80.71671447753906,426.071435546875,230.81837158203126,143.17598571777344,307.6796813964844,37.9158218383789,40.336734008789065,38.593238067626956,36.66961517333984,108.97407684326171,93.99482879638671,68.77953033447265,36.937714385986325,30.173533248901368,136.01761474609376,86.21312866210937,91.33517837524414,67.77781105041504,20.239434719085693,363.0416564941406,109.31560707092285,37.69010829925537,69.45170402526855,27.922497749328613,59.19599628448486,36.09039783477783,41.19858932495117,30.28718376159668,30.129208087921143,22.39466094970703,68.28089141845703,89.05376052856445,64.56174087524414,46.81196117401123,101.73613166809082,48.489195823669434,101.06840515136719,459.14464569091797,158.74164199829102,293.26414489746094,190.78251266479492,82.39421653747559,100.03139305114746,38.03333282470703,485.27552795410156,150.30708694458008,394.134521484375,142.22583770751953,23.61119270324707,21.249999523162842,457.84166717529297,100.95937919616699,89.78684043884277,75.62486267089844,67.63999938964844,44.10215377807617,163.12839126586914,95.3930892944336,80.87358093261719,420.2880554199219,227.8436393737793,143.09807586669922,299.74355316162104,38.14558029174805,40.734450340270996,39.8237190246582,36.54435062408447,108.55272102355957,91.4566535949707,68.47513008117676,37.01802444458008,30.337493419647217,134.38713836669922,85.50445747375488
week160,2024-01-22,2024-01-26,2024,90.84403381347656,67.418798828125,20.50623321533203,367.73549194335936,107.4606201171875,36.80847244262695,69.72366180419922,28.005074310302735,61.728694152832034,36.089926147460936,41.440252685546874,29.750447082519532,28.91947708129883,21.339835357666015,68.74342041015625,88.29263610839844,64.72490539550782,45.77504348754883,102.16371307373046,48.83668212890625,104.37637939453126,475.4603271484375,158.96090698242188,311.8517578125,191.33619079589843,82.97722015380859,99.80263214111328,36.03871841430664,491.82110595703125,163.5619384765625,419.605712890625,148.292919921875,23.77277946472168,20.65200004577637,474.10753173828124,100.58865356445312,86.37782287597656,77.24515686035156,71.04400177001953,44.055850219726565,166.8646270751953,95.49615936279297,78.7473388671875,435.37708740234376,235.33191833496093,143.6997833251953,319.1057373046875,37.518453216552736,39.6578254699707,38.47428665161133,37.24057464599609,110.05101928710937,99.88943176269531,68.29854736328124,36.01693115234375,28.612135314941405,134.74845275878906,84.89753723144531,90.92512512207031,67.49719429016113,20.12004280090332,362.9268035888672,106.28505897521973,36.31210231781006,68.95086097717285,27.55282163619995,61.37589645385742,35.61604976654053,39.946290016174316,29.497323036193848,29.080512523651123,20.761168479919434,68.491943359375,88.3939266204834,64.00232315063477,45.22575283050537,99.73576736450195,48.871432304382324,102.3634033203125,466.37913513183594,156.8381118774414,304.4930191040039,186.5211181640625,82.62417411804199,99.80263137817383,35.46241283416748,483.5916976928711,158.40861129760742,408.2164840698242,145.6015968322754,23.4457368850708,20.772499561309814,465.0387420654297,100.83691024780273,86.75901412963867,76.3100700378418,68.26749992370605,43.575984954833984,164.52863693237305,93.86601829528809,78.91160583496094,427.0108642578125,230.7462272644043,141.7025909423828,311.61187744140625,37.079179763793945,39.57404327392578,37.56178951263428,36.38170909881592,108.22468376159668,96.27588081359863,68.42069435119629,36.16588115692139,29.021801948547363,134.92644882202148,85.31026268005371,91.46491851806641,67.87149658203126,20.138868713378905,364.2901306152344,109.0032730102539,37.32534332275391,69.99702301025391,28.09149169921875,60.93056869506836,36.17488250732422,40.97173919677734,30.328754806518553,30.023462295532227,21.742220306396483,68.786083984375,89.01565704345703,65.05682525634765,46.443414306640626,101.37997283935547,48.89426498413086,102.35900573730468,465.3929443359375,158.76428833007813,300.90037231445314,190.30798950195313,83.00701446533203,100.53465881347657,37.01165618896484,487.22344360351565,155.31739501953126,403.16924438476565,144.58103942871094,23.62309684753418,21.01599998474121,464.13994750976565,100.95985870361328,88.88285064697266,76.03065643310546,67.20399932861328,44.3813720703125,164.222509765625,95.29856872558594,80.71671447753906,426.071435546875,230.81837158203126,143.17598571777344,307.6796813964844,37.9158218383789,40.336734008789065,38.593238067626956,36.66961517333984,108.97407684326171,93.99482879638671,68.77953033447265,36.937714385986325,30.173533248901368,136.01761474609376,86.21312866210937
week161,2024-01-29,2024-02-02,2024,91.67373199462891,68.0189224243164,20.423575973510744,371.9806823730469,107.75021667480469,36.86950454711914,70.5474868774414,28.16830711364746,62.00720062255859,36.74503860473633,41.65136184692383,30.142144012451173,28.93702812194824,20.93361930847168,69.04390716552734,89.30967254638672,65.43909606933593,45.89930114746094,101.88573760986328,49.64086380004883,105.19190979003906,479.31548461914065,160.52227478027345,313.7645202636719,191.53752746582032,83.33243408203126,100.7689926147461,35.081076049804686,493.1779724121094,166.06439208984375,419.62745971679686,149.44723510742188,23.800613021850587,21.05399971008301,477.9037170410156,101.2330825805664,88.68333892822265,77.74877166748047,70.47200012207031,44.55535736083984,167.93268432617188,95.8324478149414,78.45118713378906,438.84429931640625,237.17048034667968,145.12777099609374,321.0827331542969,37.50338516235352,39.97368850708008,39.28726654052734,37.782405853271484,111.12796783447266,99.25772399902344,69.68656616210937,35.93848648071289,29.092708587646484,136.47227478027344,85.6143310546875,90.84403381347656,67.418798828125,20.50623321533203,367.73549194335936,107.4606201171875,36.80847244262695,69.72366180419922,28.005074310302735,61.728694152832034,36.089926147460936,41.440252685546874,29.750447082519532,28.91947708129883,21.339835357666015,68.74342041015625,88.29263610839844,64.72490539550782,45.77504348754883,102.16371307373046,48.83668212890625,104.37637939453126,475.4603271484375,158.96090698242188,311.8517578125,191.33619079589843,82.97722015380859,99.80263214111328,36.03871841430664,491.82110595703125,163.5619384765625,419.605712890625,148.292919921875,23.77277946472168,20.65200004577637,474.10753173828124,100.58865356445312,86.37782287597656,77.24515686035156,71.04400177001953,44.055850219726565,166.8646270751953,95.49615936279297,78.7473388671875,435.37708740234376,235.33191833496093,143.6997833251953,319.1057373046875,37.518453216552736,39.6578254699707,38.47428665161133,37.24057464599609,110.05101928710937,99.88943176269531,68.29854736328124,36.01693115234375,28.612135314941405,134.74845275878906,84.89753723144531,90.92512512207031,67.49719429016113,20.12004280090332,362.9268035888672,106.28505897521973,36.31210231781006,68.95086097717285,27.55282163619995,61.37589645385742,35.61604976654053,39.946290016174316,29.497323036193848,29.080512523651123,20.761168479919434,68.491943359375,88.3939266204834,64.00232315063477,45.22575283050537,99.73576736450195,48.871432304382324,102.3634033203125,466.37913513183594,156.8381118774414,304.4930191040039,186.5211181640625,82.62417411804199,99.80263137817383,35.46241283416748,483.5916976928711,158.40861129760742,408.2164840698242,145.6015968322754,23.4457368850708,20.772499561309814,465.0387420654297,100.83691024780273,86.75901412963867,76.3100700378418,68.26749992370605,43.575984954833984,164.52863693237305,93.86601829528809,78.91160583496094,427.0108642578125,230.7462272644043,141.7025909423828,311.61187744140625,37.079179763793945,39.57404327392578,37.56178951263428,36.38170909881592,108.22468376159668,96.27588081359863,68.42069435119629,36.16588115692139,29.021801948547363,134.92644882202148,85.31026268005371
week162,2024-02-05,2024-02-09,2024,90.91081390380859,67.46702575683594,20.282140731811523,373.66753540039065,105.71004333496094,37.55421600341797,70.30033874511719,28.053084945678712,62.046450805664065,36.46940307617187,42.54764633178711,29.90380096435547,29.007233810424804,21.477796173095705,68.89827880859374,88.29676971435546,65.17057342529297,46.71452865600586,100.51709594726563,50.23655471801758,106.54008026123047,486.27772216796876,160.3622833251953,321.859619140625,190.45654907226563,83.19847259521484,99.73754577636718,35.92403335571289,493.43370361328124,172.1642578125,426.85960083007814,152.7240417480469,23.742470932006835,20.527999877929688,484.84413452148436,100.34557647705078,87.02845916748046,77.65192565917968,69.91999816894531,44.41504745483398,168.69943542480468,95.38406066894531,77.45538787841797,445.2268005371094,240.19055786132813,145.34950256347656,329.47796630859375,38.08343505859375,39.72908935546875,39.202973175048825,37.82124557495117,113.02137908935546,100.85870056152343,69.7414794921875,35.57801742553711,28.402942657470703,139.08798522949218,87.2219451904297,91.67373199462891,68.0189224243164,20.423575973510744,371.9806823730469,107.75021667480469,36.86950454711914,70.5474868774414,28.16830711364746,62.00720062255859,36.74503860473633,41.65136184692383,30.142144012451173,28.93702812194824,20.93361930847168,69.04390716552734,89.30967254638672,65.43909606933593,45.89930114746094,101.88573760986328,49.64086380004883,105.19190979003906,479.31548461914065,160.52227478027345,313.7645202636719,191.53752746582032,83.33243408203126,100.7689926147461,35.081076049804686,493.1779724121094,166.06439208984375,419.62745971679686,149.44723510742188,23.800613021850587,21.05399971008301,477.9037170410156,101.2330825805664,88.68333892822265,77.74877166748047,70.47200012207031,44.55535736083984,167.93268432617188,95.8324478149414,78.45118713378906,438.84429931640625,237.17048034667968,145.12777099609374,321.0827331542969,37.50338516235352,39.97368850708008,39.28726654052734,37.782405853271484,111.12796783447266,99.25772399902344,69.68656616210937,35.93848648071289,29.092708587646484,136.47227478027344,85.6143310546875,90.84403381347656,67.418798828125,20.50623321533203,367.73549194335936,107.4606201171875,36.80847244262695,69.72366180419922,28.005074310302735,61.728694152832034,36.089926147460936,41.440252685546874,29.750447082519532,28.91947708129883,21.339835357666015,68.74342041015625,88.29263610839844,64.72490539550782,45.77504348754883,102.16371307373046,48.83668212890625,104.37637939453126,475.4603271484375,158.96090698242188,311.8517578125,191.33619079589843,82.97722015380859,99.80263214111328,36.03871841430664,491.82110595703125,163.5619384765625,419.605712890625,148.292919921875,23.77277946472168,20.65200004577637,474.10753173828124,100.58865356445312,86.37782287597656,77.24515686035156,71.04400177001953,44.055850219726565,166.8646270751953,95.49615936279297,78.7473388671875,435.37708740234376,235.33191833496093,143.6997833251953,319.1057373046875,37.518453216552736,39.6578254699707,38.47428665161133,37.24057464599609,110.05101928710937,99.88943176269531,68.29854736328124,36.01693115234375,28.612135314941405,134.74845275878906,84.89753723144531
week163,2024-02-12,2024-02-16,2024,90.35872344970703,67.05955505371094,20.26928291320801,373.83599243164065,106.58625640869141,37.897525024414065,70.55310516357422,28.09533271789551,62.7997184753418,36.612883758544925,42.81986694335937,29.73936233520508,28.775555419921876,21.732640075683594,68.70895080566406,87.55333862304687,65.39620819091797,47.07789688110351,103.0516860961914,50.30406646728515,107.27366638183594,488.4380737304688,161.55740356445312,323.39976196289064,196.0237243652344,83.00289459228516,98.8027359008789,36.46497650146485,502.30693969726565,174.57235412597657,427.7141479492187,153.9763610839844,23.74742012023926,20.746000289916992,486.9910583496094,99.98755187988282,85.83464660644532,77.70809326171874,72.51200103759766,44.57032699584961,169.1224151611328,96.28083038330078,77.73673248291016,447.17490844726564,241.8361022949219,146.1103515625,330.92603759765626,38.322607421875,40.39355392456055,39.53453674316406,38.15916061401367,114.24023742675782,100.76887969970701,69.23399505615234,35.639651489257815,28.622498321533204,139.67227172851562,87.80992126464844,90.91081390380859,67.46702575683594,20.282140731811523,373.66753540039065,105.71004333496094,37.55421600341797,70.30033874511719,28.053084945678712,62.046450805664065,36.46940307617187,42.54764633178711,29.90380096435547,29.007233810424804,21.477796173095705,68.89827880859374,88.29676971435546,65.17057342529297,46.71452865600586,100.51709594726563,50.23655471801758,106.54008026123047,486.27772216796876,160.3622833251953,321.859619140625,190.45654907226563,83.19847259521484,99.73754577636718,35.92403335571289,493.43370361328124,172.1642578125,426.85960083007814,152.7240417480469,23.742470932006835,20.527999877929688,484.84413452148436,100.34557647705078,87.02845916748046,77.65192565917968,69.91999816894531,44.41504745483398,168.69943542480468,95.38406066894531,77.45538787841797,445.2268005371094,240.19055786132813,145.34950256347656,329.47796630859375,38.08343505859375,39.72908935546875,39.202973175048825,37.82124557495117,113.02137908935546,100.85870056152343,69.7414794921875,35.57801742553711,28.402942657470703,139.08798522949218,87.2219451904297,91.67373199462891,68.0189224243164,20.423575973510744,371.9806823730469,107.75021667480469,36.86950454711914,70.5474868774414,28.16830711364746,62.00720062255859,36.74503860473633,41.65136184692383,30.142144012451173,28.93702812194824,20.93361930847168,69.04390716552734,89.30967254638672,65.43909606933593,45.89930114746094,101.88573760986328,49.64086380004883,105.19190979003906,479.31548461914065,160.52227478027345,313.7645202636719,191.53752746582032,83.33243408203126,100.7689926147461,35.081076049804686,493.1779724121094,166.06439208984375,419.62745971679686,149.44723510742188,23.800613021850587,21.05399971008301,477.9037170410156,101.2330825805664,88.68333892822265,77.74877166748047,70.47200012207031,44.55535736083984,167.93268432617188,95.8324478149414,78.45118713378906,438.84429931640625,237.17048034667968,145.12777099609374,321.0827331542969,37.50338516235352,39.97368850708008,39.28726654052734,37.782405853271484,111.12796783447266,99.25772399902344,69.68656616210937,35.93848648071289,29.092708587646484,136.47227478027344,85.6143310546875
week164,2024-02-20,2024-02-23,2024,90.2513599395752,67.00186347961426,20.138409614562992,376.6919174194336,107.66574478149414,38.519774436950684,71.97233200073242,28.736263275146484,63.9319543838501,37.690428733825684,42.94162464141846,30.34954023361206,29.396435737609863,22.653337478637695,68.91122817993164,87.37399673461914,66.64325141906738,47.835700035095215,102.59033203125,51.19710445404053,107.85555839538574,491.6718063354492,163.60646057128906,323.6059265136719,194.5356559753418,83.2354736328125,98.99236679077148,37.61281108856201,505.1694564819336,174.2602767944336,427.2265319824219,154.8616943359375,23.962973594665527,20.959999561309814,490.21143341064453,99.97953987121582,85.68887329101562,78.54002952575684,72.78499794006348,45.39301681518555,170.99873733520508,96.7847843170166,78.33319091796875,450.1775207519531,243.1462860107422,148.02294921875,331.064697265625,38.96715545654297,41.36039161682129,40.23465633392334,38.734004974365234,115.56795883178711,100.03896713256836,70.46578407287598,36.01179218292236,29.054781436920166,141.6205291748047,88.41486358642578,90.35872344970703,67.05955505371094,20.26928291320801,373.83599243164065,106.58625640869141,37.897525024414065,70.55310516357422,28.09533271789551,62.7997184753418,36.612883758544925,42.81986694335937,29.73936233520508,28.775555419921876,21.732640075683594,68.70895080566406,87.55333862304687,65.39620819091797,47.07789688110351,103.0516860961914,50.30406646728515,107.27366638183594,488.4380737304688,161.55740356445312,323.39976196289064,196.0237243652344,83.00289459228516,98.8027359008789,36.46497650146485,502.30693969726565,174.57235412597657,427.7141479492187,153.9763610839844,23.74742012023926,20.746000289916992,486.9910583496094,99.98755187988282,85.83464660644532,77.70809326171874,72.51200103759766,44.57032699584961,169.1224151611328,96.28083038330078,77.73673248291016,447.17490844726564,241.8361022949219,146.1103515625,330.92603759765626,38.322607421875,40.39355392456055,39.53453674316406,38.15916061401367,114.24023742675782,100.76887969970701,69.23399505615234,35.639651489257815,28.622498321533204,139.67227172851562,87.80992126464844,90.91081390380859,67.46702575683594,20.282140731811523,373.66753540039065,105.71004333496094,37.55421600341797,70.30033874511719,28.053084945678712,62.046450805664065,36.46940307617187,42.54764633178711,29.90380096435547,29.007233810424804,21.477796173095705,68.89827880859374,88.29676971435546,65.17057342529297,46.71452865600586,100.51709594726563,50.23655471801758,106.54008026123047,486.27772216796876,160.3622833251953,321.859619140625,190.45654907226563,83.19847259521484,99.73754577636718,35.92403335571289,493.43370361328124,172.1642578125,426.85960083007814,152.7240417480469,23.742470932006835,20.527999877929688,484.84413452148436,100.34557647705078,87.02845916748046,77.65192565917968,69.91999816894531,44.41504745483398,168.69943542480468,95.38406066894531,77.45538787841797,445.2268005371094,240.19055786132813,145.34950256347656,329.47796630859375,38.08343505859375,39.72908935546875,39.202973175048825,37.82124557495117,113.02137908935546,100.85870056152343,69.7414794921875,35.57801742553711,28.402942657470703,139.08798522949218,87.2219451904297
week165,2024-02-26,2024-03-01,2024,90.43258361816406,67.13822174072266,20.23438377380371,378.4920166015625,107.78548431396484,38.404859924316405,72.47598876953126,29.33782615661621,64.72868347167969,38.02506561279297,42.886532592773435,30.317668151855468,29.298587799072266,22.807583618164063,69.02324676513672,87.66328582763671,67.0875244140625,47.70484924316406,103.5033950805664,51.09633560180664,109.18177642822266,497.1866821289062,164.8131591796875,328.3492065429688,198.81707153320312,83.33252716064453,98.95799407958984,37.688314056396486,513.1714599609375,178.91676635742186,434.0126037597656,157.29824829101562,24.012764739990235,20.727999877929687,495.7661193847656,100.33238220214844,86.53521575927735,78.93808288574219,73.71600036621093,45.65165710449219,172.37482604980468,97.51007995605468,78.62887573242188,455.2539916992188,246.08643493652343,148.97972717285157,336.274560546875,38.895120239257814,41.924703216552736,40.382172393798825,39.09328079223633,117.30001373291016,102.02044219970703,70.52732391357422,36.24105606079102,29.072922897338866,141.4289978027344,90.15398712158203,90.2513599395752,67.00186347961426,20.138409614562992,376.6919174194336,107.66574478149414,38.519774436950684,71.97233200073242,28.736263275146484,63.9319543838501,37.690428733825684,42.94162464141846,30.34954023361206,29.396435737609863,22.653337478637695,68.91122817993164,87.37399673461914,66.64325141906738,47.835700035095215,102.59033203125,51.19710445404053,107.85555839538574,491.6718063354492,163.60646057128906,323.6059265136719,194.5356559753418,83.2354736328125,98.99236679077148,37.61281108856201,505.1694564819336,174.2602767944336,427.2265319824219,154.8616943359375,23.962973594665527,20.959999561309814,490.21143341064453,99.97953987121582,85.68887329101562,78.54002952575684,72.78499794006348,45.39301681518555,170.99873733520508,96.7847843170166,78.33319091796875,450.1775207519531,243.1462860107422,148.02294921875,331.064697265625,38.96715545654297,41.36039161682129,40.23465633392334,38.734004974365234,115.56795883178711,100.03896713256836,70.46578407287598,36.01179218292236,29.054781436920166,141.6205291748047,88.41486358642578,90.35872344970703,67.05955505371094,20.26928291320801,373.83599243164065,106.58625640869141,37.897525024414065,70.55310516357422,28.09533271789551,62.7997184753418,36.612883758544925,42.81986694335937,29.73936233520508,28.775555419921876,21.732640075683594,68.70895080566406,87.55333862304687,65.39620819091797,47.07789688110351,103.0516860961914,50.30406646728515,107.27366638183594,488.4380737304688,161.55740356445312,323.39976196289064,196.0237243652344,83.00289459228516,98.8027359008789,36.46497650146485,502.30693969726565,174.57235412597657,427.7141479492187,153.9763610839844,23.74742012023926,20.746000289916992,486.9910583496094,99.98755187988282,85.83464660644532,77.70809326171874,72.51200103759766,44.57032699584961,169.1224151611328,96.28083038330078,77.73673248291016,447.17490844726564,241.8361022949219,146.1103515625,330.92603759765626,38.322607421875,40.39355392456055,39.53453674316406,38.15916061401367,114.24023742675782,100.76887969970701,69.23399505615234,35.639651489257815,28.622498321533204,139.67227172851562,87.80992126464844
week166,2024-03-04,2024-03-08,2024,91.26629791259766,67.7327651977539,20.344592666625978,376.3213806152344,110.17650604248047,38.6623420715332,73.54508666992187,29.65469093322754,66.18849029541016,38.32902450561524,44.36058883666992,30.56525077819824,28.858047866821288,22.370709228515626,69.396728515625,88.61666564941406,68.08515319824218,48.02868118286133,103.77751159667969,51.688053894042966,109.88805084228515,500.3346862792969,166.9566680908203,328.6564453125,201.04159240722657,83.75837707519531,100.0015625,37.13207931518555,524.9223266601563,183.4164611816406,435.85227661132814,158.6661834716797,24.250894165039064,22.020000076293947,498.82060546875,101.22555084228516,88.31622924804688,79.3332290649414,73.87799987792968,46.32889175415039,172.72247924804688,99.47080993652344,80.49830474853516,458.1244873046875,247.68517456054687,150.58931579589844,336.5340637207031,39.1229965209961,42.82702560424805,40.856098175048835,39.33992309570313,118.46055603027344,102.78836517333984,71.0991928100586,37.17491149902344,29.763630294799803,141.2916259765625,88.85314636230468,90.43258361816406,67.13822174072266,20.23438377380371,378.4920166015625,107.78548431396484,38.404859924316405,72.47598876953126,29.33782615661621,64.72868347167969,38.02506561279297,42.886532592773435,30.317668151855468,29.298587799072266,22.807583618164063,69.02324676513672,87.66328582763671,67.0875244140625,47.70484924316406,103.5033950805664,51.09633560180664,109.18177642822266,497.1866821289062,164.8131591796875,328.3492065429688,198.81707153320312,83.33252716064453,98.95799407958984,37.688314056396486,513.1714599609375,178.91676635742186,434.0126037597656,157.29824829101562,24.012764739990235,20.727999877929687,495.7661193847656,100.33238220214844,86.53521575927735,78.93808288574219,73.71600036621093,45.65165710449219,172.37482604980468,97.51007995605468,78.62887573242188,455.2539916992188,246.08643493652343,148.97972717285157,336.274560546875,38.895120239257814,41.924703216552736,40.382172393798825,39.09328079223633,117.30001373291016,102.02044219970703,70.52732391357422,36.24105606079102,29.072922897338866,141.4289978027344,90.15398712158203,90.2513599395752,67.00186347961426,20.138409614562992,376.6919174194336,107.66574478149414,38.519774436950684,71.97233200073242,28.736263275146484,63.9319543838501,37.690428733825684,42.94162464141846,30.34954023361206,29.396435737609863,22.653337478637695,68.91122817993164,87.37399673461914,66.64325141906738,47.835700035095215,102.59033203125,51.19710445404053,107.85555839538574,491.6718063354492,163.60646057128906,323.6059265136719,194.5356559753418,83.2354736328125,98.99236679077148,37.61281108856201,505.1694564819336,174.2602767944336,427.2265319824219,154.8616943359375,23.962973594665527,20.959999561309814,490.21143341064453,99.97953987121582,85.68887329101562,78.54002952575684,72.78499794006348,45.39301681518555,170.99873733520508,96.7847843170166,78.33319091796875,450.1775207519531,243.1462860107422,148.02294921875,331.064697265625,38.96715545654297,41.36039161682129,40.23465633392334,38.734004974365234,115.56795883178711,100.03896713256836,70.46578407287598,36.01179218292236,29.054781436920166,141.6205291748047,88.41486358642578
week167,2024-03-11,2024-03-15,2024,90.98292236328125,67.54618225097656,20.702772903442384,377.9484619140625,111.10470275878906,39.15441818237305,74.03563537597657,29.99267997741699,64.96793365478516,39.0842041015625,44.99761810302734,30.98650779724121,28.40522003173828,23.255955505371094,69.43265228271484,88.14028930664062,68.50658416748047,48.521958923339845,103.0478302001953,50.68332290649414,110.35629425048828,503.11256713867186,168.2173278808594,329.4453063964844,199.43478088378907,83.80621643066407,99.88729705810547,38.50450744628906,525.1005249023438,181.6157958984375,434.07786865234374,159.22080688476564,24.403668212890626,22.59800033569336,501.67681274414065,100.68663940429687,87.15938873291016,79.87752075195313,74.93800048828125,46.66690292358398,173.71519775390624,99.95529022216797,79.90046081542968,460.7239135742187,248.72046813964843,151.8662841796875,337.4136108398437,39.45235900878906,43.67253036499024,42.26289672851563,39.681722259521486,118.67439422607421,102.74592742919921,71.72408142089844,36.89848861694336,29.986956787109374,141.45413513183593,88.49918670654297,91.26629791259766,67.7327651977539,20.344592666625978,376.3213806152344,110.17650604248047,38.6623420715332,73.54508666992187,29.65469093322754,66.18849029541016,38.32902450561524,44.36058883666992,30.56525077819824,28.858047866821288,22.370709228515626,69.396728515625,88.61666564941406,68.08515319824218,48.02868118286133,103.77751159667969,51.688053894042966,109.88805084228515,500.3346862792969,166.9566680908203,328.6564453125,201.04159240722657,83.75837707519531,100.0015625,37.13207931518555,524.9223266601563,183.4164611816406,435.85227661132814,158.6661834716797,24.250894165039064,22.020000076293947,498.82060546875,101.22555084228516,88.31622924804688,79.3332290649414,73.87799987792968,46.32889175415039,172.72247924804688,99.47080993652344,80.49830474853516,458.1244873046875,247.68517456054687,150.58931579589844,336.5340637207031,39.1229965209961,42.82702560424805,40.856098175048835,39.33992309570313,118.46055603027344,102.78836517333984,71.0991928100586,37.17491149902344,29.763630294799803,141.2916259765625,88.85314636230468,90.43258361816406,67.13822174072266,20.23438377380371,378.4920166015625,107.78548431396484,38.404859924316405,72.47598876953126,29.33782615661621,64.72868347167969,38.02506561279297,42.886532592773435,30.317668151855468,29.298587799072266,22.807583618164063,69.02324676513672,87.66328582763671,67.0875244140625,47.70484924316406,103.5033950805664,51.09633560180664,109.18177642822266,497.1866821289062,164.8131591796875,328.3492065429688,198.81707153320312,83.33252716064453,98.95799407958984,37.688314056396486,513.1714599609375,178.91676635742186,434.0126037597656,157.29824829101562,24.012764739990235,20.727999877929687,495.7661193847656,100.33238220214844,86.53521575927735,78.93808288574219,73.71600036621093,45.65165710449219,172.37482604980468,97.51007995605468,78.62887573242188,455.2539916992188,246.08643493652343,148.97972717285157,336.274560546875,38.895120239257814,41.924703216552736,40.382172393798825,39.09328079223633,117.30001373291016,102.02044219970703,70.52732391357422,36.24105606079102,29.072922897338866,141.4289978027344,90.15398712158203
week168,2024-03-18,2024-03-22,2024,90.796484375,67.38757781982422,21.01503105163574,382.25189819335935,112.13126525878906,39.02090911865234,74.36516571044922,29.979237747192382,66.67073211669921,39.03700332641601,44.90502777099609,31.08073844909668,28.35783157348633,22.94937744140625,69.71647644042969,87.78906707763672,68.8123992919922,48.361925506591795,103.85191192626954,50.09358901977539,111.55179443359376,509.0653442382812,169.70654907226563,334.10322265625,200.0717742919922,84.17476654052734,99.66241302490235,38.31144714355469,529.9510620117187,183.37859191894532,438.1597900390625,160.98699340820312,24.625546646118163,22.84000015258789,507.5556640625,100.56792449951172,86.16912384033203,80.32117919921875,77.43200073242187,46.87791213989258,175.2091064453125,100.82862396240235,79.19392242431641,466.13548583984374,251.52772827148436,153.5053466796875,341.527197265625,39.31225662231445,44.08552017211914,43.46742248535156,40.31651306152344,120.91116333007812,103.12913970947265,72.26166687011718,36.51224136352539,30.262256622314453,141.18630981445312,89.66058959960938,90.98292236328125,67.54618225097656,20.702772903442384,377.9484619140625,111.10470275878906,39.15441818237305,74.03563537597657,29.99267997741699,64.96793365478516,39.0842041015625,44.99761810302734,30.98650779724121,28.40522003173828,23.255955505371094,69.43265228271484,88.14028930664062,68.50658416748047,48.521958923339845,103.0478302001953,50.68332290649414,110.35629425048828,503.11256713867186,168.2173278808594,329.4453063964844,199.43478088378907,83.80621643066407,99.88729705810547,38.50450744628906,525.1005249023438,181.6157958984375,434.07786865234374,159.22080688476564,24.403668212890626,22.59800033569336,501.67681274414065,100.68663940429687,87.15938873291016,79.87752075195313,74.93800048828125,46.66690292358398,173.71519775390624,99.95529022216797,79.90046081542968,460.7239135742187,248.72046813964843,151.8662841796875,337.4136108398437,39.45235900878906,43.67253036499024,42.26289672851563,39.681722259521486,118.67439422607421,102.74592742919921,71.72408142089844,36.89848861694336,29.986956787109374,141.45413513183593,88.49918670654297,91.26629791259766,67.7327651977539,20.344592666625978,376.3213806152344,110.17650604248047,38.6623420715332,73.54508666992187,29.65469093322754,66.18849029541016,38.32902450561524,44.36058883666992,30.56525077819824,28.858047866821288,22.370709228515626,69.396728515625,88.61666564941406,68.08515319824218,48.02868118286133,103.77751159667969,51.688053894042966,109.88805084228515,500.3346862792969,166.9566680908203,328.6564453125,201.04159240722657,83.75837707519531,100.0015625,37.13207931518555,524.9223266601563,183.4164611816406,435.85227661132814,158.6661834716797,24.250894165039064,22.020000076293947,498.82060546875,101.22555084228516,88.31622924804688,79.3332290649414,73.87799987792968,46.32889175415039,172.72247924804688,99.47080993652344,80.49830474853516,458.1244873046875,247.68517456054687,150.58931579589844,336.5340637207031,39.1229965209961,42.82702560424805,40.856098175048835,39.33992309570313,118.46055603027344,102.78836517333984,71.0991928100586,37.17491149902344,29.763630294799803,141.2916259765625,88.85314636230468
week169,2024-03-25,2024-03-28,2024,91.20943450927734,67.69124794006348,20.96038579940796,384.29356384277344,113.6355972290039,39.041890144348145,74.64273643493652,30.399803638458252,66.64690017700195,39.04738807678223,45.04576587677002,31.430399417877197,28.39819860458374,22.856923580169678,69.76407623291016,88.28273582458496,69.10003662109375,48.40052127838135,105.3786563873291,50.62871742248535,112.2782154083252,511.7411193847656,171.6025047302246,334.72828674316406,203.48094940185547,84.25494956970215,100.11538505554199,37.81829261779785,538.2987976074219,184.74089813232422,439.9583206176758,161.01165390014648,24.865643978118896,22.545000076293945,510.2113800048828,101.00648880004883,87.13347053527832,80.68856239318848,77.82250213623047,47.10041809082031,175.8418960571289,102.31361389160156,79.36202430725098,468.5401077270508,253.1304931640625,155.2111053466797,341.84696197509766,39.23921203613281,44.48804473876953,44.09459972381592,40.612327575683594,121.93342971801758,102.96625900268555,72.37230682373047,36.571946144104004,30.692646980285645,142.33821487426758,90.26414489746094,90.796484375,67.38757781982422,21.01503105163574,382.25189819335935,112.13126525878906,39.02090911865234,74.36516571044922,29.979237747192382,66.67073211669921,39.03700332641601,44.90502777099609,31.08073844909668,28.35783157348633,22.94937744140625,69.71647644042969,87.78906707763672,68.8123992919922,48.361925506591795,103.85191192626954,50.09358901977539,111.55179443359376,509.0653442382812,169.70654907226563,334.10322265625,200.0717742919922,84.17476654052734,99.66241302490235,38.31144714355469,529.9510620117187,183.37859191894532,438.1597900390625,160.98699340820312,24.625546646118163,22.84000015258789,507.5556640625,100.56792449951172,86.16912384033203,80.32117919921875,77.43200073242187,46.87791213989258,175.2091064453125,100.82862396240235,79.19392242431641,466.13548583984374,251.52772827148436,153.5053466796875,341.527197265625,39.31225662231445,44.08552017211914,43.46742248535156,40.31651306152344,120.91116333007812,103.12913970947265,72.26166687011718,36.51224136352539,30.262256622314453,141.18630981445312,89.66058959960938,90.98292236328125,67.54618225097656,20.702772903442384,377.9484619140625,111.10470275878906,39.15441818237305,74.03563537597657,29.99267997741699,64.96793365478516,39.0842041015625,44.99761810302734,30.98650779724121,28.40522003173828,23.255955505371094,69.43265228271484,88.14028930664062,68.50658416748047,48.521958923339845,103.0478302001953,50.68332290649414,110.35629425048828,503.11256713867186,168.2173278808594,329.4453063964844,199.43478088378907,83.80621643066407,99.88729705810547,38.50450744628906,525.1005249023438,181.6157958984375,434.07786865234374,159.22080688476564,24.403668212890626,22.59800033569336,501.67681274414065,100.68663940429687,87.15938873291016,79.87752075195313,74.93800048828125,46.66690292358398,173.71519775390624,99.95529022216797,79.90046081542968,460.7239135742187,248.72046813964843,151.8662841796875,337.4136108398437,39.45235900878906,43.67253036499024,42.26289672851563,39.681722259521486,118.67439422607421,102.74592742919921,71.72408142089844,36.89848861694336,29.986956787109374,141.45413513183593,88.49918670654297
week170,2024-04-01,2024-04-05,2024,90.61174011230469,67.25359497070312,21.549545288085938,379.7630676269531,113.69175262451172,39.318444061279294,74.06372528076172,30.236570358276367,65.446435546875,38.73304443359375,45.18650512695312,31.50014877319336,28.052435684204102,23.369007110595703,69.43341522216797,87.53615264892578,68.56252899169922,48.772362518310544,104.54028015136718,51.294898223876956,111.62726287841797,509.06825561523436,171.3275909423828,331.53087158203124,201.23656005859374,83.76504669189453,99.30164337158203,38.502594757080075,534.5241943359375,183.70157470703126,436.55537109375,159.64844665527343,24.75515823364258,24.190000152587892,507.4479553222656,100.63069152832031,85.55166625976562,80.35930023193359,81.2759994506836,46.81581802368164,174.38241271972657,101.94166870117188,78.49445495605468,466.0614501953125,251.70761108398438,154.81289672851562,339.0520385742187,39.63648147583008,44.70694427490234,45.676815795898435,40.53874053955078,121.69114685058594,102.1928726196289,71.37656707763672,36.13991851806641,30.957722854614257,139.7747009277344,88.58652191162109,91.20943450927734,67.69124794006348,20.96038579940796,384.29356384277344,113.6355972290039,39.041890144348145,74.64273643493652,30.399803638458252,66.64690017700195,39.04738807678223,45.04576587677002,31.430399417877197,28.39819860458374,22.856923580169678,69.76407623291016,88.28273582458496,69.10003662109375,48.40052127838135,105.3786563873291,50.62871742248535,112.2782154083252,511.7411193847656,171.6025047302246,334.72828674316406,203.48094940185547,84.25494956970215,100.11538505554199,37.81829261779785,538.2987976074219,184.74089813232422,439.9583206176758,161.01165390014648,24.865643978118896,22.545000076293945,510.2113800048828,101.00648880004883,87.13347053527832,80.68856239318848,77.82250213623047,47.10041809082031,175.8418960571289,102.31361389160156,79.36202430725098,468.5401077270508,253.1304931640625,155.2111053466797,341.84696197509766,39.23921203613281,44.48804473876953,44.09459972381592,40.612327575683594,121.93342971801758,102.96625900268555,72.37230682373047,36.571946144104004,30.692646980285645,142.33821487426758,90.26414489746094,90.796484375,67.38757781982422,21.01503105163574,382.25189819335935,112.13126525878906,39.02090911865234,74.36516571044922,29.979237747192382,66.67073211669921,39.03700332641601,44.90502777099609,31.08073844909668,28.35783157348633,22.94937744140625,69.71647644042969,87.78906707763672,68.8123992919922,48.361925506591795,103.85191192626954,50.09358901977539,111.55179443359376,509.0653442382812,169.70654907226563,334.10322265625,200.0717742919922,84.17476654052734,99.66241302490235,38.31144714355469,529.9510620117187,183.37859191894532,438.1597900390625,160.98699340820312,24.625546646118163,22.84000015258789,507.5556640625,100.56792449951172,86.16912384033203,80.32117919921875,77.43200073242187,46.87791213989258,175.2091064453125,100.82862396240235,79.19392242431641,466.13548583984374,251.52772827148436,153.5053466796875,341.527197265625,39.31225662231445,44.08552017211914,43.46742248535156,40.31651306152344,120.91116333007812,103.12913970947265,72.26166687011718,36.51224136352539,30.262256622314453,141.18630981445312,89.66058959960938
week171,2024-04-08,2024-04-12,2024,89.94418487548828,66.7688995361328,21.764452743530274,374.66096801757817,112.31599273681641,39.39664077758789,73.5375961303711,29.767993927001953,65.25764923095703,38.19120483398437,45.50316696166992,31.505691146850587,28.201623916625977,23.369008255004882,69.22580413818359,86.66116638183594,68.1392318725586,48.90415496826172,103.31271209716797,51.833003997802734,111.11080932617188,506.8345642089844,169.49027404785156,331.93971557617186,198.6889221191406,83.54949035644532,98.52823333740234,38.36114730834961,528.7813720703125,182.84175720214844,436.7276977539062,158.7606170654297,24.404841232299805,25.641999816894533,505.3139587402344,100.14990692138672,84.29813842773437,79.35546112060547,81.70399932861328,46.4846435546875,172.6601104736328,100.07142333984375,77.95870208740234,464.0855407714844,250.43781433105468,152.9507843017578,339.9783874511719,39.855142211914064,44.35708999633789,45.94307403564453,39.92469329833985,121.25435485839844,102.06929168701171,70.69747924804688,35.79767761230469,30.901665878295898,137.38253479003907,88.45447235107422,90.61174011230469,67.25359497070312,21.549545288085938,379.7630676269531,113.69175262451172,39.318444061279294,74.06372528076172,30.236570358276367,65.446435546875,38.73304443359375,45.18650512695312,31.50014877319336,28.052435684204102,23.369007110595703,69.43341522216797,87.53615264892578,68.56252899169922,48.772362518310544,104.54028015136718,51.294898223876956,111.62726287841797,509.06825561523436,171.3275909423828,331.53087158203124,201.23656005859374,83.76504669189453,99.30164337158203,38.502594757080075,534.5241943359375,183.70157470703126,436.55537109375,159.64844665527343,24.75515823364258,24.190000152587892,507.4479553222656,100.63069152832031,85.55166625976562,80.35930023193359,81.2759994506836,46.81581802368164,174.38241271972657,101.94166870117188,78.49445495605468,466.0614501953125,251.70761108398438,154.81289672851562,339.0520385742187,39.63648147583008,44.70694427490234,45.676815795898435,40.53874053955078,121.69114685058594,102.1928726196289,71.37656707763672,36.13991851806641,30.957722854614257,139.7747009277344,88.58652191162109,91.20943450927734,67.69124794006348,20.96038579940796,384.29356384277344,113.6355972290039,39.041890144348145,74.64273643493652,30.399803638458252,66.64690017700195,39.04738807678223,45.04576587677002,31.430399417877197,28.39819860458374,22.856923580169678,69.76407623291016,88.28273582458496,69.10003662109375,48.40052127838135,105.3786563873291,50.62871742248535,112.2782154083252,511.7411193847656,171.6025047302246,334.72828674316406,203.48094940185547,84.25494956970215,100.11538505554199,37.81829261779785,538.2987976074219,184.74089813232422,439.9583206176758,161.01165390014648,24.865643978118896,22.545000076293945,510.2113800048828,101.00648880004883,87.13347053527832,80.68856239318848,77.82250213623047,47.10041809082031,175.8418960571289,102.31361389160156,79.36202430725098,468.5401077270508,253.1304931640625,155.2111053466797,341.84696197509766,39.23921203613281,44.48804473876953,44.09459972381592,40.612327575683594,121.93342971801758,102.96625900268555,72.37230682373047,36.571946144104004,30.692646980285645,142.33821487426758,90.26414489746094
week172,2024-04-15,2024-04-19,2024,89.13825073242188,66.18501129150391,21.595465087890624,367.6064697265625,109.39602508544922,38.01196212768555,71.47990417480469,28.894215774536132,62.99971466064453,37.48133926391601,43.23652877807617,30.866413497924803,26.662363815307618,22.865066528320312,68.46568450927734,85.88361968994141,66.20736694335938,47.26428985595703,99.5622573852539,50.788560485839845,107.50147094726563,491.5622802734375,164.53396606445312,320.9144348144531,190.05828247070312,82.64810638427734,97.03693084716797,37.53921890258789,508.1318603515625,175.77254333496094,421.123193359375,154.2211669921875,23.72540626525879,26.02400016784668,490.08216552734376,99.60690307617188,82.53763580322266,77.87889099121094,79.90400085449218,45.11855697631836,168.6336639404297,96.77650451660156,73.87427673339843,450.03717041015625,242.4375,149.19772033691407,328.15602416992186,38.6374153137207,43.0340217590332,44.61933135986328,38.860346984863284,118.17342376708984,98.00091400146485,70.14619598388671,33.842034912109376,30.434222793579103,134.5845520019531,84.81050872802734,89.94418487548828,66.7688995361328,21.764452743530274,374.66096801757817,112.31599273681641,39.39664077758789,73.5375961303711,29.767993927001953,65.25764923095703,38.19120483398437,45.50316696166992,31.505691146850587,28.201623916625977,23.369008255004882,69.22580413818359,86.66116638183594,68.1392318725586,48.90415496826172,103.31271209716797,51.833003997802734,111.11080932617188,506.8345642089844,169.49027404785156,331.93971557617186,198.6889221191406,83.54949035644532,98.52823333740234,38.36114730834961,528.7813720703125,182.84175720214844,436.7276977539062,158.7606170654297,24.404841232299805,25.641999816894533,505.3139587402344,100.14990692138672,84.29813842773437,79.35546112060547,81.70399932861328,46.4846435546875,172.6601104736328,100.07142333984375,77.95870208740234,464.0855407714844,250.43781433105468,152.9507843017578,339.9783874511719,39.855142211914064,44.35708999633789,45.94307403564453,39.92469329833985,121.25435485839844,102.06929168701171,70.69747924804688,35.79767761230469,30.901665878295898,137.38253479003907,88.45447235107422,90.61174011230469,67.25359497070312,21.549545288085938,379.7630676269531,113.69175262451172,39.318444061279294,74.06372528076172,30.236570358276367,65.446435546875,38.73304443359375,45.18650512695312,31.50014877319336,28.052435684204102,23.369007110595703,69.43341522216797,87.53615264892578,68.56252899169922,48.772362518310544,104.54028015136718,51.294898223876956,111.62726287841797,509.06825561523436,171.3275909423828,331.53087158203124,201.23656005859374,83.76504669189453,99.30164337158203,38.502594757080075,534.5241943359375,183.70157470703126,436.55537109375,159.64844665527343,24.75515823364258,24.190000152587892,507.4479553222656,100.63069152832031,85.55166625976562,80.35930023193359,81.2759994506836,46.81581802368164,174.38241271972657,101.94166870117188,78.49445495605468,466.0614501953125,251.70761108398438,154.81289672851562,339.0520385742187,39.63648147583008,44.70694427490234,45.676815795898435,40.53874053955078,121.69114685058594,102.1928726196289,71.37656707763672,36.13991851806641,30.957722854614257,139.7747009277344,88.58652191162109
week173,2024-04-22,2024-04-26,2024,89.17939147949218,66.21868743896485,21.63587532043457,372.5617614746094,112.45451202392579,38.73481826782226,72.62015686035156,29.526025009155273,62.76420440673828,38.23462905883789,43.02356643676758,31.744034576416016,27.294215774536134,24.10479736328125,69.0867706298828,85.8011703491211,67.16957244873046,48.13599548339844,101.90121002197266,51.72975082397461,108.47961730957032,495.3671508789063,167.5677734375,321.02556762695315,193.3055450439453,83.39629669189453,97.25340576171875,39.40289306640625,516.4507202148437,175.05636901855468,421.081591796875,154.6356201171875,24.196648406982423,24.953999710083007,493.86464233398436,99.67289276123047,82.16622009277344,78.89440155029297,79.84600067138672,45.795956420898435,171.12012939453126,98.02141876220703,74.85431365966797,453.51158447265624,244.59164428710938,151.84468688964844,327.7315246582031,39.338646697998044,42.92578048706055,45.34635009765625,39.92664566040039,119.27124938964843,97.5658950805664,72.06328430175782,34.26137084960938,31.56387939453125,136.21363220214843,85.48155364990234,89.13825073242188,66.18501129150391,21.595465087890624,367.6064697265625,109.39602508544922,38.01196212768555,71.47990417480469,28.894215774536132,62.99971466064453,37.48133926391601,43.23652877807617,30.866413497924803,26.662363815307618,22.865066528320312,68.46568450927734,85.88361968994141,66.20736694335938,47.26428985595703,99.5622573852539,50.788560485839845,107.50147094726563,491.5622802734375,164.53396606445312,320.9144348144531,190.05828247070312,82.64810638427734,97.03693084716797,37.53921890258789,508.1318603515625,175.77254333496094,421.123193359375,154.2211669921875,23.72540626525879,26.02400016784668,490.08216552734376,99.60690307617188,82.53763580322266,77.87889099121094,79.90400085449218,45.11855697631836,168.6336639404297,96.77650451660156,73.87427673339843,450.03717041015625,242.4375,149.19772033691407,328.15602416992186,38.6374153137207,43.0340217590332,44.61933135986328,38.860346984863284,118.17342376708984,98.00091400146485,70.14619598388671,33.842034912109376,30.434222793579103,134.5845520019531,84.81050872802734,89.94418487548828,66.7688995361328,21.764452743530274,374.66096801757817,112.31599273681641,39.39664077758789,73.5375961303711,29.767993927001953,65.25764923095703,38.19120483398437,45.50316696166992,31.505691146850587,28.201623916625977,23.369008255004882,69.22580413818359,86.66116638183594,68.1392318725586,48.90415496826172,103.31271209716797,51.833003997802734,111.11080932617188,506.8345642089844,169.49027404785156,331.93971557617186,198.6889221191406,83.54949035644532,98.52823333740234,38.36114730834961,528.7813720703125,182.84175720214844,436.7276977539062,158.7606170654297,24.404841232299805,25.641999816894533,505.3139587402344,100.14990692138672,84.29813842773437,79.35546112060547,81.70399932861328,46.4846435546875,172.6601104736328,100.07142333984375,77.95870208740234,464.0855407714844,250.43781433105468,152.9507843017578,339.9783874511719,39.855142211914064,44.35708999633789,45.94307403564453,39.92469329833985,121.25435485839844,102.06929168701171,70.69747924804688,35.79767761230469,30.901665878295898,137.38253479003907,88.45447235107422
week174,2024-04-29,2024-05-03,2024,89.5500701904297,66.49325408935547,21.338311004638673,371.5423583984375,112.66975860595703,39.69989776611328,72.9627914428711,29.476094055175782,63.52308044433594,38.034505462646486,44.17170181274414,32.270606994628906,27.734756469726562,25.246804428100585,69.41770477294922,86.19468841552734,67.54065246582032,49.34283294677735,102.42592926025391,52.222188568115236,108.78479309082032,496.60615234375,166.84949645996093,323.53033447265625,194.79493103027343,83.81365509033203,97.85812530517578,41.29715194702148,517.1118408203125,174.99930725097656,424.1300048828125,154.9184814453125,24.12558784484863,24.34599990844726,495.07457275390624,99.92761840820313,82.72829895019531,78.5597915649414,76.9739990234375,46.040573883056645,170.43936767578126,96.79180450439453,75.09699401855468,454.7284423828125,245.2451385498047,151.13100891113282,330.65538330078124,40.34148025512695,43.11810150146484,44.10002670288086,39.472443389892575,119.1250015258789,97.9603759765625,72.08235931396484,34.415564727783206,32.07692909240723,136.43304138183595,87.18431091308594,89.17939147949218,66.21868743896485,21.63587532043457,372.5617614746094,112.45451202392579,38.73481826782226,72.62015686035156,29.526025009155273,62.76420440673828,38.23462905883789,43.02356643676758,31.744034576416016,27.294215774536134,24.10479736328125,69.0867706298828,85.8011703491211,67.16957244873046,48.13599548339844,101.90121002197266,51.72975082397461,108.47961730957032,495.3671508789063,167.5677734375,321.02556762695315,193.3055450439453,83.39629669189453,97.25340576171875,39.40289306640625,516.4507202148437,175.05636901855468,421.081591796875,154.6356201171875,24.196648406982423,24.953999710083007,493.86464233398436,99.67289276123047,82.16622009277344,78.89440155029297,79.84600067138672,45.795956420898435,171.12012939453126,98.02141876220703,74.85431365966797,453.51158447265624,244.59164428710938,151.84468688964844,327.7315246582031,39.338646697998044,42.92578048706055,45.34635009765625,39.92664566040039,119.27124938964843,97.5658950805664,72.06328430175782,34.26137084960938,31.56387939453125,136.21363220214843,85.48155364990234,89.13825073242188,66.18501129150391,21.595465087890624,367.6064697265625,109.39602508544922,38.01196212768555,71.47990417480469,28.894215774536132,62.99971466064453,37.48133926391601,43.23652877807617,30.866413497924803,26.662363815307618,22.865066528320312,68.46568450927734,85.88361968994141,66.20736694335938,47.26428985595703,99.5622573852539,50.788560485839845,107.50147094726563,491.5622802734375,164.53396606445312,320.9144348144531,190.05828247070312,82.64810638427734,97.03693084716797,37.53921890258789,508.1318603515625,175.77254333496094,421.123193359375,154.2211669921875,23.72540626525879,26.02400016784668,490.08216552734376,99.60690307617188,82.53763580322266,77.87889099121094,79.90400085449218,45.11855697631836,168.6336639404297,96.77650451660156,73.87427673339843,450.03717041015625,242.4375,149.19772033691407,328.15602416992186,38.6374153137207,43.0340217590332,44.61933135986328,38.860346984863284,118.17342376708984,98.00091400146485,70.14619598388671,33.842034912109376,30.434222793579103,134.5845520019531,84.81050872802734
week175,2024-05-06,2024-05-10,2024,90.3456024169922,67.07493743896484,21.408110427856446,380.6917236328125,115.21911926269532,40.42847671508789,74.75086669921875,30.490061950683593,64.09503860473633,39.19181671142579,45.33094787597656,33.109429931640626,28.206890487670897,26.101395416259766,69.92643890380859,87.0334228515625,69.20772399902344,50.12417068481445,105.26830291748047,51.475589752197266,111.53923187255859,509.05845947265624,169.96847534179688,333.35682983398436,200.5643737792969,84.43563537597656,98.98983306884766,42.62179718017578,532.9769653320312,181.0552734375,436.50385131835935,159.18291931152345,24.51891212463379,25.31400032043457,507.44797973632814,100.59937286376953,84.20959014892578,80.032470703125,75.81800079345703,47.162045288085935,174.09341735839843,98.11703186035156,76.71732025146484,466.0810180664063,251.3945526123047,153.90877990722657,340.6984497070313,40.87116928100586,44.021733093261716,44.168008422851564,40.378893280029295,121.67360382080078,101.27440032958984,73.24786682128907,35.216626739501955,33.365247344970705,138.43104858398436,88.02878875732422,89.5500701904297,66.49325408935547,21.338311004638673,371.5423583984375,112.66975860595703,39.69989776611328,72.9627914428711,29.476094055175782,63.52308044433594,38.034505462646486,44.17170181274414,32.270606994628906,27.734756469726562,25.246804428100585,69.41770477294922,86.19468841552734,67.54065246582032,49.34283294677735,102.42592926025391,52.222188568115236,108.78479309082032,496.60615234375,166.84949645996093,323.53033447265625,194.79493103027343,83.81365509033203,97.85812530517578,41.29715194702148,517.1118408203125,174.99930725097656,424.1300048828125,154.9184814453125,24.12558784484863,24.34599990844726,495.07457275390624,99.92761840820313,82.72829895019531,78.5597915649414,76.9739990234375,46.040573883056645,170.43936767578126,96.79180450439453,75.09699401855468,454.7284423828125,245.2451385498047,151.13100891113282,330.65538330078124,40.34148025512695,43.11810150146484,44.10002670288086,39.472443389892575,119.1250015258789,97.9603759765625,72.08235931396484,34.415564727783206,32.07692909240723,136.43304138183595,87.18431091308594,89.17939147949218,66.21868743896485,21.63587532043457,372.5617614746094,112.45451202392579,38.73481826782226,72.62015686035156,29.526025009155273,62.76420440673828,38.23462905883789,43.02356643676758,31.744034576416016,27.294215774536134,24.10479736328125,69.0867706298828,85.8011703491211,67.16957244873046,48.13599548339844,101.90121002197266,51.72975082397461,108.47961730957032,495.3671508789063,167.5677734375,321.02556762695315,193.3055450439453,83.39629669189453,97.25340576171875,39.40289306640625,516.4507202148437,175.05636901855468,421.081591796875,154.6356201171875,24.196648406982423,24.953999710083007,493.86464233398436,99.67289276123047,82.16622009277344,78.89440155029297,79.84600067138672,45.795956420898435,171.12012939453126,98.02141876220703,74.85431365966797,453.51158447265624,244.59164428710938,151.84468688964844,327.7315246582031,39.338646697998044,42.92578048706055,45.34635009765625,39.92664566040039,119.27124938964843,97.5658950805664,72.06328430175782,34.26137084960938,31.56387939453125,136.21363220214843,85.48155364990234
week176,2024-05-13,2024-05-17,2024,90.76200408935547,67.38841857910157,21.55505485534668,386.96110839843755,117.19571838378906,41.3439697265625,76.03153839111329,31.118029022216795,63.898779296875,39.916786193847656,46.867967224121095,33.75240020751953,27.876922607421875,27.436931610107422,70.03714599609376,87.49195861816406,70.35826416015625,51.1785026550293,106.7611099243164,51.96405715942383,113.20598602294922,516.965283203125,172.40404663085937,338.4556518554688,203.2335205078125,84.54851379394532,99.42822875976563,44.500762939453125,539.4747924804688,183.5087463378906,444.8111999511719,161.8012939453125,24.90101737976074,26.979999923706053,515.322265625,101.05865478515625,85.11155700683594,81.20166320800782,76.08799896240234,47.84696960449219,177.25678405761718,99.76927490234375,78.72219543457031,473.30767822265625,255.23330688476562,156.47302856445313,345.50673217773436,41.78729476928711,44.379319763183595,44.3577880859375,41.01048278808594,122.2098388671875,104.007080078125,74.11961669921875,36.18692626953125,34.19182662963867,140.97659912109376,87.89575500488282,90.3456024169922,67.07493743896484,21.408110427856446,380.6917236328125,115.21911926269532,40.42847671508789,74.75086669921875,30.490061950683593,64.09503860473633,39.19181671142579,45.33094787597656,33.109429931640626,28.206890487670897,26.101395416259766,69.92643890380859,87.0334228515625,69.20772399902344,50.12417068481445,105.26830291748047,51.475589752197266,111.53923187255859,509.05845947265624,169.96847534179688,333.35682983398436,200.5643737792969,84.43563537597656,98.98983306884766,42.62179718017578,532.9769653320312,181.0552734375,436.50385131835935,159.18291931152345,24.51891212463379,25.31400032043457,507.44797973632814,100.59937286376953,84.20959014892578,80.032470703125,75.81800079345703,47.162045288085935,174.09341735839843,98.11703186035156,76.71732025146484,466.0810180664063,251.3945526123047,153.90877990722657,340.6984497070313,40.87116928100586,44.021733093261716,44.168008422851564,40.378893280029295,121.67360382080078,101.27440032958984,73.24786682128907,35.216626739501955,33.365247344970705,138.43104858398436,88.02878875732422,89.5500701904297,66.49325408935547,21.338311004638673,371.5423583984375,112.66975860595703,39.69989776611328,72.9627914428711,29.476094055175782,63.52308044433594,38.034505462646486,44.17170181274414,32.270606994628906,27.734756469726562,25.246804428100585,69.41770477294922,86.19468841552734,67.54065246582032,49.34283294677735,102.42592926025391,52.222188568115236,108.78479309082032,496.60615234375,166.84949645996093,323.53033447265625,194.79493103027343,83.81365509033203,97.85812530517578,41.29715194702148,517.1118408203125,174.99930725097656,424.1300048828125,154.9184814453125,24.12558784484863,24.34599990844726,495.07457275390624,99.92761840820313,82.72829895019531,78.5597915649414,76.9739990234375,46.040573883056645,170.43936767578126,96.79180450439453,75.09699401855468,454.7284423828125,245.2451385498047,151.13100891113282,330.65538330078124,40.34148025512695,43.11810150146484,44.10002670288086,39.472443389892575,119.1250015258789,97.9603759765625,72.08235931396484,34.415564727783206,32.07692909240723,136.43304138183595,87.18431091308594
week177,2024-05-20,2024-05-24,2024,90.65884857177734,67.33023223876953,21.692816543579102,384.76405639648436,116.20367889404297,41.22190475463867,75.92481842041016,30.920229721069337,63.969808197021486,39.61660232543945,47.24203643798828,33.678497314453125,27.211724472045898,27.013468170166014,69.98269348144531,87.36604309082031,70.24264984130859,51.0806022644043,105.7949432373047,53.11572494506836,113.69505004882812,519.84775390625,171.79611206054688,342.10960083007814,202.26150207519532,84.49476318359375,99.43565979003907,43.814552307128906,534.8077758789062,186.15110473632814,451.2249389648438,163.02504272460936,24.58561019897461,28.35199966430664,518.1650512695312,101.11180267333984,85.14696655273437,81.23473815917968,75.51200103759766,47.73594970703125,177.19859313964844,99.28928833007812,77.65815887451171,475.9506774902344,256.26048889160154,155.75357666015626,350.3864318847656,41.84384765625,44.25078125,43.707245635986325,40.74147186279297,121.74184112548828,106.05363311767579,73.94031372070313,35.703661346435545,34.14527587890625,141.37271728515626,86.89755554199219,90.76200408935547,67.38841857910157,21.55505485534668,386.96110839843755,117.19571838378906,41.3439697265625,76.03153839111329,31.118029022216795,63.898779296875,39.916786193847656,46.867967224121095,33.75240020751953,27.876922607421875,27.436931610107422,70.03714599609376,87.49195861816406,70.35826416015625,51.1785026550293,106.7611099243164,51.96405715942383,113.20598602294922,516.965283203125,172.40404663085937,338.4556518554688,203.2335205078125,84.54851379394532,99.42822875976563,44.500762939453125,539.4747924804688,183.5087463378906,444.8111999511719,161.8012939453125,24.90101737976074,26.979999923706053,515.322265625,101.05865478515625,85.11155700683594,81.20166320800782,76.08799896240234,47.84696960449219,177.25678405761718,99.76927490234375,78.72219543457031,473.30767822265625,255.23330688476562,156.47302856445313,345.50673217773436,41.78729476928711,44.379319763183595,44.3577880859375,41.01048278808594,122.2098388671875,104.007080078125,74.11961669921875,36.18692626953125,34.19182662963867,140.97659912109376,87.89575500488282,90.3456024169922,67.07493743896484,21.408110427856446,380.6917236328125,115.21911926269532,40.42847671508789,74.75086669921875,30.490061950683593,64.09503860473633,39.19181671142579,45.33094787597656,33.109429931640626,28.206890487670897,26.101395416259766,69.92643890380859,87.0334228515625,69.20772399902344,50.12417068481445,105.26830291748047,51.475589752197266,111.53923187255859,509.05845947265624,169.96847534179688,333.35682983398436,200.5643737792969,84.43563537597656,98.98983306884766,42.62179718017578,532.9769653320312,181.0552734375,436.50385131835935,159.18291931152345,24.51891212463379,25.31400032043457,507.44797973632814,100.59937286376953,84.20959014892578,80.032470703125,75.81800079345703,47.162045288085935,174.09341735839843,98.11703186035156,76.71732025146484,466.0810180664063,251.3945526123047,153.90877990722657,340.6984497070313,40.87116928100586,44.021733093261716,44.168008422851564,40.378893280029295,121.67360382080078,101.27440032958984,73.24786682128907,35.216626739501955,33.365247344970705,138.43104858398436,88.02878875732422
week178,2024-05-28,2024-05-31,2024,90.17959403991699,66.97075653076172,21.646896839141846,375.5869598388672,114.48725509643556,40.35552501678467,75.44316482543945,30.683062076568604,63.86653709411621,39.177186012268066,47.4068489074707,33.259549140930176,26.30738592147827,25.977805137634277,69.7231559753418,86.78161811828613,69.8272819519043,50.08086681365967,104.93816947937012,52.837735176086426,112.94824409484863,517.0370788574219,169.50672912597656,341.67737579345703,200.16410446166992,84.17807388305664,98.78270530700684,42.51571273803711,528.2669219970703,185.61151504516602,450.22364044189453,162.7795181274414,24.121536254882812,28.647500038146973,515.3677597045898,100.81999397277832,83.70734405517578,79.8179874420166,76.14500045776367,47.40148448944092,174.15451049804688,98.18539428710938,76.2562370300293,473.3991241455078,254.46829986572266,153.32830047607422,350.8922653198242,41.0323429107666,43.81515312194824,43.329806327819824,40.12011528015137,119.35704612731934,105.14751434326172,72.9493350982666,35.086408615112305,33.97995853424072,138.23881912231445,86.22528648376465,90.65884857177734,67.33023223876953,21.692816543579102,384.76405639648436,116.20367889404297,41.22190475463867,75.92481842041016,30.920229721069337,63.969808197021486,39.61660232543945,47.24203643798828,33.678497314453125,27.211724472045898,27.013468170166014,69.98269348144531,87.36604309082031,70.24264984130859,51.0806022644043,105.7949432373047,53.11572494506836,113.69505004882812,519.84775390625,171.79611206054688,342.10960083007814,202.26150207519532,84.49476318359375,99.43565979003907,43.814552307128906,534.8077758789062,186.15110473632814,451.2249389648438,163.02504272460936,24.58561019897461,28.35199966430664,518.1650512695312,101.11180267333984,85.14696655273437,81.23473815917968,75.51200103759766,47.73594970703125,177.19859313964844,99.28928833007812,77.65815887451171,475.9506774902344,256.26048889160154,155.75357666015626,350.3864318847656,41.84384765625,44.25078125,43.707245635986325,40.74147186279297,121.74184112548828,106.05363311767579,73.94031372070313,35.703661346435545,34.14527587890625,141.37271728515626,86.89755554199219,90.76200408935547,67.38841857910157,21.55505485534668,386.96110839843755,117.19571838378906,41.3439697265625,76.03153839111329,31.118029022216795,63.898779296875,39.916786193847656,46.867967224121095,33.75240020751953,27.876922607421875,27.436931610107422,70.03714599609376,87.49195861816406,70.35826416015625,51.1785026550293,106.7611099243164,51.96405715942383,113.20598602294922,516.965283203125,172.40404663085937,338.4556518554688,203.2335205078125,84.54851379394532,99.42822875976563,44.500762939453125,539.4747924804688,183.5087463378906,444.8111999511719,161.8012939453125,24.90101737976074,26.979999923706053,515.322265625,101.05865478515625,85.11155700683594,81.20166320800782,76.08799896240234,47.84696960449219,177.25678405761718,99.76927490234375,78.72219543457031,473.30767822265625,255.23330688476562,156.47302856445313,345.50673217773436,41.78729476928711,44.379319763183595,44.3577880859375,41.01048278808594,122.2098388671875,104.007080078125,74.11961669921875,36.18692626953125,34.19182662963867,140.97659912109376,87.89575500488282
week179,2024-06-03,2024-06-07,2024,91.3517074584961,67.82476501464843,20.99298973083496,377.9955261230469,114.98140716552734,40.19388198852539,76.39664611816406,30.870299530029296,64.69690856933593,39.45423812866211,47.26240539550781,33.425374603271486,25.714588165283203,25.79481658935547,70.23610382080078,88.14121856689454,70.62305450439453,49.91894989013672,104.68549346923828,52.96283111572266,113.82807312011718,522.3510986328125,170.1252899169922,346.04534912109375,199.19255981445312,84.79820709228515,100.2725601196289,42.24523849487305,526.044921875,185.04537048339844,455.053759765625,164.42163696289063,24.337521362304688,27.502000045776366,520.6867065429688,101.88570251464844,86.45328063964844,80.74838714599609,72.21799926757812,47.85637893676758,175.49956970214845,98.85709991455079,77.85043029785156,478.2591247558594,256.5207092285156,154.30312805175782,355.46251220703124,40.81462020874024,43.689274597167966,42.570447540283205,40.28337478637695,119.17374877929687,105.62356109619141,74.1673095703125,35.84281005859375,33.80894241333008,141.4193115234375,87.21781463623047,90.17959403991699,66.97075653076172,21.646896839141846,375.5869598388672,114.48725509643556,40.35552501678467,75.44316482543945,30.683062076568604,63.86653709411621,39.177186012268066,47.4068489074707,33.259549140930176,26.30738592147827,25.977805137634277,69.7231559753418,86.78161811828613,69.8272819519043,50.08086681365967,104.93816947937012,52.837735176086426,112.94824409484863,517.0370788574219,169.50672912597656,341.67737579345703,200.16410446166992,84.17807388305664,98.78270530700684,42.51571273803711,528.2669219970703,185.61151504516602,450.22364044189453,162.7795181274414,24.121536254882812,28.647500038146973,515.3677597045898,100.81999397277832,83.70734405517578,79.8179874420166,76.14500045776367,47.40148448944092,174.15451049804688,98.18539428710938,76.2562370300293,473.3991241455078,254.46829986572266,153.32830047607422,350.8922653198242,41.0323429107666,43.81515312194824,43.329806327819824,40.12011528015137,119.35704612731934,105.14751434326172,72.9493350982666,35.086408615112305,33.97995853424072,138.23881912231445,86.22528648376465,90.65884857177734,67.33023223876953,21.692816543579102,384.76405639648436,116.20367889404297,41.22190475463867,75.92481842041016,30.920229721069337,63.969808197021486,39.61660232543945,47.24203643798828,33.678497314453125,27.211724472045898,27.013468170166014,69.98269348144531,87.36604309082031,70.24264984130859,51.0806022644043,105.7949432373047,53.11572494506836,113.69505004882812,519.84775390625,171.79611206054688,342.10960083007814,202.26150207519532,84.49476318359375,99.43565979003907,43.814552307128906,534.8077758789062,186.15110473632814,451.2249389648438,163.02504272460936,24.58561019897461,28.35199966430664,518.1650512695312,101.11180267333984,85.14696655273437,81.23473815917968,75.51200103759766,47.73594970703125,177.19859313964844,99.28928833007812,77.65815887451171,475.9506774902344,256.26048889160154,155.75357666015626,350.3864318847656,41.84384765625,44.25078125,43.707245635986325,40.74147186279297,121.74184112548828,106.05363311767579,73.94031372070313,35.703661346435545,34.14527587890625,141.37271728515626,86.89755554199219
week180,2024-06-10,2024-06-14,2024,91.53609466552734,67.96221466064453,21.218917846679688,377.64288940429685,113.16595306396485,40.43492126464844,75.26620635986328,30.249367904663085,63.938409423828126,37.82010955810547,48.42350387573242,33.07080993652344,24.901708602905273,25.393601989746095,70.35098266601562,88.3466583251953,69.55011138916015,50.27002182006836,102.98601379394532,54.1780387878418,115.32577209472656,530.1714965820313,169.14417419433593,356.2253173828125,197.76925354003907,84.93875579833984,100.43664855957032,41.65,523.58818359375,189.86778869628907,468.0376892089844,167.33186950683594,24.098784255981446,26.860000228881837,528.4533813476562,101.68314971923829,86.72629241943359,80.90832824707032,75.75400085449219,47.18838653564453,176.84559936523436,98.53316955566406,78.00724029541016,485.39190673828125,259.9192199707031,154.2858154296875,365.4996276855469,41.07286834716797,43.29689331054688,42.244703674316405,39.846720123291014,119.22444915771484,110.32072448730469,73.56070556640626,36.01769256591797,33.3718994140625,141.9746337890625,88.06229095458984,91.3517074584961,67.82476501464843,20.99298973083496,377.9955261230469,114.98140716552734,40.19388198852539,76.39664611816406,30.870299530029296,64.69690856933593,39.45423812866211,47.26240539550781,33.425374603271486,25.714588165283203,25.79481658935547,70.23610382080078,88.14121856689454,70.62305450439453,49.91894989013672,104.68549346923828,52.96283111572266,113.82807312011718,522.3510986328125,170.1252899169922,346.04534912109375,199.19255981445312,84.79820709228515,100.2725601196289,42.24523849487305,526.044921875,185.04537048339844,455.053759765625,164.42163696289063,24.337521362304688,27.502000045776366,520.6867065429688,101.88570251464844,86.45328063964844,80.74838714599609,72.21799926757812,47.85637893676758,175.49956970214845,98.85709991455079,77.85043029785156,478.2591247558594,256.5207092285156,154.30312805175782,355.46251220703124,40.81462020874024,43.689274597167966,42.570447540283205,40.28337478637695,119.17374877929687,105.62356109619141,74.1673095703125,35.84281005859375,33.80894241333008,141.4193115234375,87.21781463623047,90.17959403991699,66.97075653076172,21.646896839141846,375.5869598388672,114.48725509643556,40.35552501678467,75.44316482543945,30.683062076568604,63.86653709411621,39.177186012268066,47.4068489074707,33.259549140930176,26.30738592147827,25.977805137634277,69.7231559753418,86.78161811828613,69.8272819519043,50.08086681365967,104.93816947937012,52.837735176086426,112.94824409484863,517.0370788574219,169.50672912597656,341.67737579345703,200.16410446166992,84.17807388305664,98.78270530700684,42.51571273803711,528.2669219970703,185.61151504516602,450.22364044189453,162.7795181274414,24.121536254882812,28.647500038146973,515.3677597045898,100.81999397277832,83.70734405517578,79.8179874420166,76.14500045776367,47.40148448944092,174.15451049804688,98.18539428710938,76.2562370300293,473.3991241455078,254.46829986572266,153.32830047607422,350.8922653198242,41.0323429107666,43.81515312194824,43.329806327819824,40.12011528015137,119.35704612731934,105.14751434326172,72.9493350982666,35.086408615112305,33.97995853424072,138.23881912231445,86.22528648376465
week181,2024-06-17,2024-06-21,2024,91.96321678161621,68.26582527160645,21.371373176574707,380.41251373291016,113.35786628723145,41.020657539367676,74.54287719726562,29.782236576080322,62.55235958099365,37.17414855957032,50.38135051727295,33.07608222961426,24.621407508850098,25.5560302734375,70.46541023254395,88.9182357788086,68.90203475952148,51.0135612487793,102.53148460388184,54.70423126220703,116.66006469726562,537.2858123779297,169.54877090454102,363.34765625,196.86369705200195,85.10722732543945,100.83428001403809,41.70058631896973,524.3365783691406,194.16442108154297,478.3357162475586,169.80258560180664,24.241528034210205,27.214999675750732,535.6719665527344,102.27601623535156,87.9436149597168,81.87450981140137,78.63000106811523,46.803571701049805,179.32818222045898,98.80839157104492,78.26297760009766,491.98668670654297,262.94747161865234,155.75453186035156,371.6657028198243,41.64483833312988,43.30293846130372,42.125972747802734,40.22976875305176,119.88353538513184,113.6661376953125,74.0938663482666,36.120643615722656,32.96336269378662,141.95230865478516,89.42410278320312,91.53609466552734,67.96221466064453,21.218917846679688,377.64288940429685,113.16595306396485,40.43492126464844,75.26620635986328,30.249367904663085,63.938409423828126,37.82010955810547,48.42350387573242,33.07080993652344,24.901708602905273,25.393601989746095,70.35098266601562,88.3466583251953,69.55011138916015,50.27002182006836,102.98601379394532,54.1780387878418,115.32577209472656,530.1714965820313,169.14417419433593,356.2253173828125,197.76925354003907,84.93875579833984,100.43664855957032,41.65,523.58818359375,189.86778869628907,468.0376892089844,167.33186950683594,24.098784255981446,26.860000228881837,528.4533813476562,101.68314971923829,86.72629241943359,80.90832824707032,75.75400085449219,47.18838653564453,176.84559936523436,98.53316955566406,78.00724029541016,485.39190673828125,259.9192199707031,154.2858154296875,365.4996276855469,41.07286834716797,43.29689331054688,42.244703674316405,39.846720123291014,119.22444915771484,110.32072448730469,73.56070556640626,36.01769256591797,33.3718994140625,141.9746337890625,88.06229095458984,91.3517074584961,67.82476501464843,20.99298973083496,377.9955261230469,114.98140716552734,40.19388198852539,76.39664611816406,30.870299530029296,64.69690856933593,39.45423812866211,47.26240539550781,33.425374603271486,25.714588165283203,25.79481658935547,70.23610382080078,88.14121856689454,70.62305450439453,49.91894989013672,104.68549346923828,52.96283111572266,113.82807312011718,522.3510986328125,170.1252899169922,346.04534912109375,199.19255981445312,84.79820709228515,100.2725601196289,42.24523849487305,526.044921875,185.04537048339844,455.053759765625,164.42163696289063,24.337521362304688,27.502000045776366,520.6867065429688,101.88570251464844,86.45328063964844,80.74838714599609,72.21799926757812,47.85637893676758,175.49956970214845,98.85709991455079,77.85043029785156,478.2591247558594,256.5207092285156,154.30312805175782,355.46251220703124,40.81462020874024,43.689274597167966,42.570447540283205,40.28337478637695,119.17374877929687,105.62356109619141,74.1673095703125,35.84281005859375,33.80894241333008,141.4193115234375,87.21781463623047
week182,2024-06-24,2024-06-28,2024,91.76189270019532,68.13355865478516,21.367699813842773,382.5170043945312,114.14677124023437,40.870862579345705,74.69147033691407,29.993228149414062,63.507025146484374,36.98682861328125,49.932745361328124,33.06384048461914,25.023908615112305,25.30229606628418,70.4640380859375,88.71419982910156,69.00735626220703,50.81729507446289,102.83172454833985,55.02391891479492,116.5864974975586,536.7438598632813,169.96620483398436,362.2681945800781,197.8482635498047,85.1081329345703,100.49631805419922,41.02433319091797,524.5653076171875,191.49620056152344,475.034912109375,168.87600402832032,24.479232025146484,26.545999908447264,534.9644287109375,102.26025238037109,87.38077392578126,82.14639282226562,79.3719985961914,46.94296112060547,178.4898895263672,99.15842895507812,78.48722381591797,491.38356323242186,262.79706420898435,155.45742492675782,371.5498413085937,41.40150909423828,43.08366012573242,43.334896087646484,40.309793853759764,119.4481430053711,111.69185791015624,74.20064544677734,36.17275543212891,33.009812927246095,142.5816162109375,90.09344329833985,91.96321678161621,68.26582527160645,21.371373176574707,380.41251373291016,113.35786628723145,41.020657539367676,74.54287719726562,29.782236576080322,62.55235958099365,37.17414855957032,50.38135051727295,33.07608222961426,24.621407508850098,25.5560302734375,70.46541023254395,88.9182357788086,68.90203475952148,51.0135612487793,102.53148460388184,54.70423126220703,116.66006469726562,537.2858123779297,169.54877090454102,363.34765625,196.86369705200195,85.10722732543945,100.83428001403809,41.70058631896973,524.3365783691406,194.16442108154297,478.3357162475586,169.80258560180664,24.241528034210205,27.214999675750732,535.6719665527344,102.27601623535156,87.9436149597168,81.87450981140137,78.63000106811523,46.803571701049805,179.32818222045898,98.80839157104492,78.26297760009766,491.98668670654297,262.94747161865234,155.75453186035156,371.6657028198243,41.64483833312988,43.30293846130372,42.125972747802734,40.22976875305176,119.88353538513184,113.6661376953125,74.0938663482666,36.120643615722656,32.96336269378662,141.95230865478516,89.42410278320312,91.53609466552734,67.96221466064453,21.218917846679688,377.64288940429685,113.16595306396485,40.43492126464844,75.26620635986328,30.249367904663085,63.938409423828126,37.82010955810547,48.42350387573242,33.07080993652344,24.901708602905273,25.393601989746095,70.35098266601562,88.3466583251953,69.55011138916015,50.27002182006836,102.98601379394532,54.1780387878418,115.32577209472656,530.1714965820313,169.14417419433593,356.2253173828125,197.76925354003907,84.93875579833984,100.43664855957032,41.65,523.58818359375,189.86778869628907,468.0376892089844,167.33186950683594,24.098784255981446,26.860000228881837,528.4533813476562,101.68314971923829,86.72629241943359,80.90832824707032,75.75400085449219,47.18838653564453,176.84559936523436,98.53316955566406,78.00724029541016,485.39190673828125,259.9192199707031,154.2858154296875,365.4996276855469,41.07286834716797,43.29689331054688,42.244703674316405,39.846720123291014,119.22444915771484,110.32072448730469,73.56070556640626,36.01769256591797,33.3718994140625,141.9746337890625,88.06229095458984
week183,2024-07-01,2024-07-05,2024,91.4211483001709,67.89273643493652,21.711185455322266,383.5265121459961,113.55827140808105,41.43115234375,75.4334659576416,30.387176513671875,64.98609638214111,37.29484272003174,50.72856903076172,33.04782962799072,25.097336769104004,25.43348789215088,70.63795852661133,88.2632827758789,69.67061614990234,51.503050804138184,103.01487159729004,55.95021724700928,117.58951568603516,542.0660095214844,168.92434310913086,370.3595428466797,197.93719100952148,85.2658863067627,100.25618934631348,41.05984973907471,521.0470275878906,194.0561065673828,485.09242248535156,169.15305709838867,24.33621120452881,27.53499984741211,540.2464752197266,102.07988929748535,85.55957794189453,81.94772911071777,81.30749893188477,47.40209770202637,178.55345916748047,99.22189331054688,78.69725227355957,496.331298828125,265.18819427490234,155.08661651611328,379.0277786254883,41.916686058044434,42.449562072753906,43.30063056945801,40.60188865661621,118.53927421569823,114.15276527404785,73.61781311035156,36.25728702545166,32.64371109008789,140.60308074951172,92.16795539855957,91.76189270019532,68.13355865478516,21.367699813842773,382.5170043945312,114.14677124023437,40.870862579345705,74.69147033691407,29.993228149414062,63.507025146484374,36.98682861328125,49.932745361328124,33.06384048461914,25.023908615112305,25.30229606628418,70.4640380859375,88.71419982910156,69.00735626220703,50.81729507446289,102.83172454833985,55.02391891479492,116.5864974975586,536.7438598632813,169.96620483398436,362.2681945800781,197.8482635498047,85.1081329345703,100.49631805419922,41.02433319091797,524.5653076171875,191.49620056152344,475.034912109375,168.87600402832032,24.479232025146484,26.545999908447264,534.9644287109375,102.26025238037109,87.38077392578126,82.14639282226562,79.3719985961914,46.94296112060547,178.4898895263672,99.15842895507812,78.48722381591797,491.38356323242186,262.79706420898435,155.45742492675782,371.5498413085937,41.40150909423828,43.08366012573242,43.334896087646484,40.309793853759764,119.4481430053711,111.69185791015624,74.20064544677734,36.17275543212891,33.009812927246095,142.5816162109375,90.09344329833985,91.96321678161621,68.26582527160645,21.371373176574707,380.41251373291016,113.35786628723145,41.020657539367676,74.54287719726562,29.782236576080322,62.55235958099365,37.17414855957032,50.38135051727295,33.07608222961426,24.621407508850098,25.5560302734375,70.46541023254395,88.9182357788086,68.90203475952148,51.0135612487793,102.53148460388184,54.70423126220703,116.66006469726562,537.2858123779297,169.54877090454102,363.34765625,196.86369705200195,85.10722732543945,100.83428001403809,41.70058631896973,524.3365783691406,194.16442108154297,478.3357162475586,169.80258560180664,24.241528034210205,27.214999675750732,535.6719665527344,102.27601623535156,87.9436149597168,81.87450981140137,78.63000106811523,46.803571701049805,179.32818222045898,98.80839157104492,78.26297760009766,491.98668670654297,262.94747161865234,155.75453186035156,371.6657028198243,41.64483833312988,43.30293846130372,42.125972747802734,40.22976875305176,119.88353538513184,113.6661376953125,74.0938663482666,36.120643615722656,32.96336269378662,141.95230865478516,89.42410278320312
week184,2024-07-08,2024-07-12,2024,92.3455307006836,68.55282897949219,21.44117202758789,386.94566040039064,115.33696136474609,42.320796966552734,76.55265960693359,30.78997802734375,66.52731323242188,37.49085235595703,52.38086624145508,33.502655029296875,26.1262508392334,25.617541122436524,71.12190856933594,89.25346221923829,70.7399887084961,52.54332733154297,104.92655639648437,56.42776336669922,119.26058197021484,549.6275512695313,171.00807189941406,375.87958374023435,202.58635559082032,85.84486694335938,101.45658264160156,41.366058349609375,528.4055786132812,196.78440856933594,492.9675231933594,170.956494140625,24.601101684570313,28.24200019836426,547.7744873046875,102.78409118652344,87.272265625,82.69503326416016,80.37200012207032,48.169854736328126,180.48888244628907,101.12978820800781,80.54561614990234,503.1821594238281,268.8874084472656,156.97891540527343,384.7922302246094,42.67313003540039,43.113763427734376,42.684837341308594,41.04173812866211,119.7044662475586,116.07142333984375,74.24100341796876,37.06933364868164,33.41685562133789,142.5211975097656,93.94867858886718,91.4211483001709,67.89273643493652,21.711185455322266,383.5265121459961,113.55827140808105,41.43115234375,75.4334659576416,30.387176513671875,64.98609638214111,37.29484272003174,50.72856903076172,33.04782962799072,25.097336769104004,25.43348789215088,70.63795852661133,88.2632827758789,69.67061614990234,51.503050804138184,103.01487159729004,55.95021724700928,117.58951568603516,542.0660095214844,168.92434310913086,370.3595428466797,197.93719100952148,85.2658863067627,100.25618934631348,41.05984973907471,521.0470275878906,194.0561065673828,485.09242248535156,169.15305709838867,24.33621120452881,27.53499984741211,540.2464752197266,102.07988929748535,85.55957794189453,81.94772911071777,81.30749893188477,47.40209770202637,178.55345916748047,99.22189331054688,78.69725227355957,496.331298828125,265.18819427490234,155.08661651611328,379.0277786254883,41.916686058044434,42.449562072753906,43.30063056945801,40.60188865661621,118.53927421569823,114.15276527404785,73.61781311035156,36.25728702545166,32.64371109008789,140.60308074951172,92.16795539855957,91.76189270019532,68.13355865478516,21.367699813842773,382.5170043945312,114.14677124023437,40.870862579345705,74.69147033691407,29.993228149414062,63.507025146484374,36.98682861328125,49.932745361328124,33.06384048461914,25.023908615112305,25.30229606628418,70.4640380859375,88.71419982910156,69.00735626220703,50.81729507446289,102.83172454833985,55.02391891479492,116.5864974975586,536.7438598632813,169.96620483398436,362.2681945800781,197.8482635498047,85.1081329345703,100.49631805419922,41.02433319091797,524.5653076171875,191.49620056152344,475.034912109375,168.87600402832032,24.479232025146484,26.545999908447264,534.9644287109375,102.26025238037109,87.38077392578126,82.14639282226562,79.3719985961914,46.94296112060547,178.4898895263672,99.15842895507812,78.48722381591797,491.38356323242186,262.79706420898435,155.45742492675782,371.5498413085937,41.40150909423828,43.08366012573242,43.334896087646484,40.309793853759764,119.4481430053711,111.69185791015624,74.20064544677734,36.17275543212891,33.009812927246095,142.5816162109375,90.09344329833985
week185,2024-07-15,2024-07-19,2024,92.73435668945311,68.84367980957032,21.070136260986327,397.13909912109375,119.77139434814453,41.82724533081055,76.67267150878907,30.841127395629883,66.80787353515625,37.581616973876955,50.77717971801758,33.638257598876955,25.999335861206056,25.238862609863283,71.58199768066406,89.6750503540039,70.99238891601563,51.967350006103516,111.5705795288086,56.578671264648435,119.76086883544922,548.861181640625,175.98414611816406,367.1682861328125,215.94183654785155,86.4156982421875,101.82895965576172,40.85539093017578,547.7266723632813,192.83155517578126,481.8913146972656,170.6769989013672,25.59011039733887,27.640000534057616,547.0065063476562,103.21198425292968,87.71874237060547,84.18086700439453,79.54000091552734,48.35028076171875,184.05955505371094,104.03200836181641,84.03822631835938,502.4871520996094,269.9594665527344,160.8970977783203,376.33575439453125,42.30602493286133,44.19745712280273,44.0829833984375,42.36080551147461,123.31645355224609,112.63571166992188,74.94058990478516,38.49778518676758,33.51071548461914,144.8603485107422,94.28048553466797,92.3455307006836,68.55282897949219,21.44117202758789,386.94566040039064,115.33696136474609,42.320796966552734,76.55265960693359,30.78997802734375,66.52731323242188,37.49085235595703,52.38086624145508,33.502655029296875,26.1262508392334,25.617541122436524,71.12190856933594,89.25346221923829,70.7399887084961,52.54332733154297,104.92655639648437,56.42776336669922,119.26058197021484,549.6275512695313,171.00807189941406,375.87958374023435,202.58635559082032,85.84486694335938,101.45658264160156,41.366058349609375,528.4055786132812,196.78440856933594,492.9675231933594,170.956494140625,24.601101684570313,28.24200019836426,547.7744873046875,102.78409118652344,87.272265625,82.69503326416016,80.37200012207032,48.169854736328126,180.48888244628907,101.12978820800781,80.54561614990234,503.1821594238281,268.8874084472656,156.97891540527343,384.7922302246094,42.67313003540039,43.113763427734376,42.684837341308594,41.04173812866211,119.7044662475586,116.07142333984375,74.24100341796876,37.06933364868164,33.41685562133789,142.5211975097656,93.94867858886718,91.4211483001709,67.89273643493652,21.711185455322266,383.5265121459961,113.55827140808105,41.43115234375,75.4334659576416,30.387176513671875,64.98609638214111,37.29484272003174,50.72856903076172,33.04782962799072,25.097336769104004,25.43348789215088,70.63795852661133,88.2632827758789,69.67061614990234,51.503050804138184,103.01487159729004,55.95021724700928,117.58951568603516,542.0660095214844,168.92434310913086,370.3595428466797,197.93719100952148,85.2658863067627,100.25618934631348,41.05984973907471,521.0470275878906,194.0561065673828,485.09242248535156,169.15305709838867,24.33621120452881,27.53499984741211,540.2464752197266,102.07988929748535,85.55957794189453,81.94772911071777,81.30749893188477,47.40209770202637,178.55345916748047,99.22189331054688,78.69725227355957,496.331298828125,265.18819427490234,155.08661651611328,379.0277786254883,41.916686058044434,42.449562072753906,43.30063056945801,40.60188865661621,118.53927421569823,114.15276527404785,73.61781311035156,36.25728702545166,32.64371109008789,140.60308074951172,92.16795539855957
week186,2024-07-22,2024-07-26,2024,92.4852066040039,68.64726867675782,20.60909423828125,393.02239990234375,120.66734161376954,40.753715515136726,75.6325439453125,30.701450729370116,65.1263801574707,37.20890731811524,48.45498428344727,33.542205810546875,25.17076721191406,24.789062118530275,71.65716094970703,89.41793670654297,70.06249542236328,50.642408752441405,112.5324935913086,55.68314971923828,117.72244110107422,538.5217041015625,175.17747802734374,356.19768676757815,217.26441955566406,86.47187194824218,101.1889877319336,40.0049186706543,545.2116333007813,187.188818359375,465.7362854003906,167.42537536621094,25.576251220703124,26.12599983215332,536.7006958007812,102.76298675537109,86.656982421875,83.72203674316407,76.9240005493164,47.698848724365234,182.68935546875,102.52032165527343,84.15352020263671,493.0045532226562,265.3256469726563,160.11500854492186,364.840625,41.32581634521485,43.88963241577149,43.45291595458984,42.07507476806641,122.43009185791016,108.65032653808593,74.9521255493164,38.526275634765625,33.877533721923825,145.4763427734375,91.18760375976562,92.73435668945311,68.84367980957032,21.070136260986327,397.13909912109375,119.77139434814453,41.82724533081055,76.67267150878907,30.841127395629883,66.80787353515625,37.581616973876955,50.77717971801758,33.638257598876955,25.999335861206056,25.238862609863283,71.58199768066406,89.6750503540039,70.99238891601563,51.967350006103516,111.5705795288086,56.578671264648435,119.76086883544922,548.861181640625,175.98414611816406,367.1682861328125,215.94183654785155,86.4156982421875,101.82895965576172,40.85539093017578,547.7266723632813,192.83155517578126,481.8913146972656,170.6769989013672,25.59011039733887,27.640000534057616,547.0065063476562,103.21198425292968,87.71874237060547,84.18086700439453,79.54000091552734,48.35028076171875,184.05955505371094,104.03200836181641,84.03822631835938,502.4871520996094,269.9594665527344,160.8970977783203,376.33575439453125,42.30602493286133,44.19745712280273,44.0829833984375,42.36080551147461,123.31645355224609,112.63571166992188,74.94058990478516,38.49778518676758,33.51071548461914,144.8603485107422,94.28048553466797,92.3455307006836,68.55282897949219,21.44117202758789,386.94566040039064,115.33696136474609,42.320796966552734,76.55265960693359,30.78997802734375,66.52731323242188,37.49085235595703,52.38086624145508,33.502655029296875,26.1262508392334,25.617541122436524,71.12190856933594,89.25346221923829,70.7399887084961,52.54332733154297,104.92655639648437,56.42776336669922,119.26058197021484,549.6275512695313,171.00807189941406,375.87958374023435,202.58635559082032,85.84486694335938,101.45658264160156,41.366058349609375,528.4055786132812,196.78440856933594,492.9675231933594,170.956494140625,24.601101684570313,28.24200019836426,547.7744873046875,102.78409118652344,87.272265625,82.69503326416016,80.37200012207032,48.169854736328126,180.48888244628907,101.12978820800781,80.54561614990234,503.1821594238281,268.8874084472656,156.97891540527343,384.7922302246094,42.67313003540039,43.113763427734376,42.684837341308594,41.04173812866211,119.7044662475586,116.07142333984375,74.24100341796876,37.06933364868164,33.41685562133789,142.5211975097656,93.94867858886718
week187,2024-07-29,2024-08-02,2024,93.680712890625,69.52213134765626,20.38867530822754,394.9760498046875,121.97636260986329,40.521341705322264,75.03627319335938,30.22930145263672,64.2018424987793,36.695230102539064,47.77536392211914,33.7399543762207,24.964077758789063,24.42960433959961,71.76437377929688,90.9483413696289,69.5595947265625,50.41429901123047,112.53443908691406,56.425778198242185,116.93767547607422,534.6602783203125,176.52452087402344,349.0820068359375,214.925830078125,86.56353912353515,102.59063720703125,39.386739349365236,545.9498779296875,182.8656799316406,456.4813232421875,166.74432983398438,25.833266067504884,25.94600028991699,532.9629760742188,103.70074768066407,89.36488494873046,84.7919906616211,75.41399993896485,47.38358154296875,183.36568908691407,101.82024383544922,85.7580795288086,489.5727172851563,263.5133361816406,160.99002075195312,358.1676025390625,41.244450378417966,44.34116973876953,43.45481719970703,42.29622344970703,122.99752197265624,104.92244415283203,75.37687377929687,39.35067291259766,34.906157684326175,146.56404724121094,90.53782653808594,92.4852066040039,68.64726867675782,20.60909423828125,393.02239990234375,120.66734161376954,40.753715515136726,75.6325439453125,30.701450729370116,65.1263801574707,37.20890731811524,48.45498428344727,33.542205810546875,25.17076721191406,24.789062118530275,71.65716094970703,89.41793670654297,70.06249542236328,50.642408752441405,112.5324935913086,55.68314971923828,117.72244110107422,538.5217041015625,175.17747802734374,356.19768676757815,217.26441955566406,86.47187194824218,101.1889877319336,40.0049186706543,545.2116333007813,187.188818359375,465.7362854003906,167.42537536621094,25.576251220703124,26.12599983215332,536.7006958007812,102.76298675537109,86.656982421875,83.72203674316407,76.9240005493164,47.698848724365234,182.68935546875,102.52032165527343,84.15352020263671,493.0045532226562,265.3256469726563,160.11500854492186,364.840625,41.32581634521485,43.88963241577149,43.45291595458984,42.07507476806641,122.43009185791016,108.65032653808593,74.9521255493164,38.526275634765625,33.877533721923825,145.4763427734375,91.18760375976562,92.73435668945311,68.84367980957032,21.070136260986327,397.13909912109375,119.77139434814453,41.82724533081055,76.67267150878907,30.841127395629883,66.80787353515625,37.581616973876955,50.77717971801758,33.638257598876955,25.999335861206056,25.238862609863283,71.58199768066406,89.6750503540039,70.99238891601563,51.967350006103516,111.5705795288086,56.578671264648435,119.76086883544922,548.861181640625,175.98414611816406,367.1682861328125,215.94183654785155,86.4156982421875,101.82895965576172,40.85539093017578,547.7266723632813,192.83155517578126,481.8913146972656,170.6769989013672,25.59011039733887,27.640000534057616,547.0065063476562,103.21198425292968,87.71874237060547,84.18086700439453,79.54000091552734,48.35028076171875,184.05955505371094,104.03200836181641,84.03822631835938,502.4871520996094,269.9594665527344,160.8970977783203,376.33575439453125,42.30602493286133,44.19745712280273,44.0829833984375,42.36080551147461,123.31645355224609,112.63571166992188,74.94058990478516,38.49778518676758,33.51071548461914,144.8603485107422,94.28048553466797
week188,2024-08-05,2024-08-09,2024,94.28437042236328,69.97286987304688,20.151726913452148,381.7774169921875,118.08890838623047,39.53423538208008,72.58834228515624,29.27713623046875,60.56017074584961,35.938229370117185,45.810570526123044,32.84160537719727,25.348447036743163,24.150881195068358,71.55870971679687,91.8134552001953,67.28231353759766,49.08365478515625,105.87098693847656,54.95243682861328,112.68621978759765,516.7215087890625,171.07611083984375,335.66334228515626,200.8294708251953,86.2903823852539,102.88945617675782,39.38289947509766,520.5247924804687,176.72859802246094,438.0785217285156,162.4967498779297,25.048989868164064,24.768000030517577,514.9617065429687,104.0634048461914,90.88518524169922,83.82942504882813,74.38800048828125,45.736959075927736,178.91989440917968,96.36582946777344,85.16463775634766,473.01246948242186,253.96885375976564,156.42332153320314,344.79371948242186,40.41940841674805,42.82147445678711,41.81873397827148,40.80689239501953,119.87469787597657,99.6515106201172,75.4249267578125,39.29368515014649,34.99427185058594,144.16444702148436,85.16280517578124,93.680712890625,69.52213134765626,20.38867530822754,394.9760498046875,121.97636260986329,40.521341705322264,75.03627319335938,30.22930145263672,64.2018424987793,36.695230102539064,47.77536392211914,33.7399543762207,24.964077758789063,24.42960433959961,71.76437377929688,90.9483413696289,69.5595947265625,50.41429901123047,112.53443908691406,56.425778198242185,116.93767547607422,534.6602783203125,176.52452087402344,349.0820068359375,214.925830078125,86.56353912353515,102.59063720703125,39.386739349365236,545.9498779296875,182.8656799316406,456.4813232421875,166.74432983398438,25.833266067504884,25.94600028991699,532.9629760742188,103.70074768066407,89.36488494873046,84.7919906616211,75.41399993896485,47.38358154296875,183.36568908691407,101.82024383544922,85.7580795288086,489.5727172851563,263.5133361816406,160.99002075195312,358.1676025390625,41.244450378417966,44.34116973876953,43.45481719970703,42.29622344970703,122.99752197265624,104.92244415283203,75.37687377929687,39.35067291259766,34.906157684326175,146.56404724121094,90.53782653808594,92.4852066040039,68.64726867675782,20.60909423828125,393.02239990234375,120.66734161376954,40.753715515136726,75.6325439453125,30.701450729370116,65.1263801574707,37.20890731811524,48.45498428344727,33.542205810546875,25.17076721191406,24.789062118530275,71.65716094970703,89.41793670654297,70.06249542236328,50.642408752441405,112.5324935913086,55.68314971923828,117.72244110107422,538.5217041015625,175.17747802734374,356.19768676757815,217.26441955566406,86.47187194824218,101.1889877319336,40.0049186706543,545.2116333007813,187.188818359375,465.7362854003906,167.42537536621094,25.576251220703124,26.12599983215332,536.7006958007812,102.76298675537109,86.656982421875,83.72203674316407,76.9240005493164,47.698848724365234,182.68935546875,102.52032165527343,84.15352020263671,493.0045532226562,265.3256469726563,160.11500854492186,364.840625,41.32581634521485,43.88963241577149,43.45291595458984,42.07507476806641,122.43009185791016,108.65032653808593,74.9521255493164,38.526275634765625,33.877533721923825,145.4763427734375,91.18760375976562
week189,2024-08-12,2024-08-16,2024,94.6895248413086,70.27977142333984,20.49153785705566,391.62127685546875,120.55039520263672,41.02641830444336,75.26678009033203,30.247007369995117,63.9137466430664,36.85937576293945,49.029052734375,33.999857330322264,27.14881820678711,24.790983200073242,72.29761657714843,92.10738220214844,69.7588607788086,50.89333038330078,107.86283416748047,55.36147613525391,117.01419067382812,537.3691650390625,174.89952697753907,354.46893310546875,205.14505004882812,87.1777572631836,104.01998138427734,40.304405212402344,532.6993896484375,188.07313537597656,461.48675537109375,169.31690979003906,25.494987869262694,25.665999984741212,535.5084716796875,104.29787902832031,91.5326416015625,85.82875518798828,77.31799926757813,47.45954895019531,183.65805053710938,98.70068969726563,86.14173889160156,491.9796936035156,263.78233642578124,160.12081909179688,363.67482299804686,41.744012451171876,43.43518142700195,42.769544219970705,42.073115539550784,122.91338500976562,106.79232025146484,76.51851348876953,39.72867660522461,35.49230194091797,147.75115356445312,88.33567504882812,94.28437042236328,69.97286987304688,20.151726913452148,381.7774169921875,118.08890838623047,39.53423538208008,72.58834228515624,29.27713623046875,60.56017074584961,35.938229370117185,45.810570526123044,32.84160537719727,25.348447036743163,24.150881195068358,71.55870971679687,91.8134552001953,67.28231353759766,49.08365478515625,105.87098693847656,54.95243682861328,112.68621978759765,516.7215087890625,171.07611083984375,335.66334228515626,200.8294708251953,86.2903823852539,102.88945617675782,39.38289947509766,520.5247924804687,176.72859802246094,438.0785217285156,162.4967498779297,25.048989868164064,24.768000030517577,514.9617065429687,104.0634048461914,90.88518524169922,83.82942504882813,74.38800048828125,45.736959075927736,178.91989440917968,96.36582946777344,85.16463775634766,473.01246948242186,253.96885375976564,156.42332153320314,344.79371948242186,40.41940841674805,42.82147445678711,41.81873397827148,40.80689239501953,119.87469787597657,99.6515106201172,75.4249267578125,39.29368515014649,34.99427185058594,144.16444702148436,85.16280517578124,93.680712890625,69.52213134765626,20.38867530822754,394.9760498046875,121.97636260986329,40.521341705322264,75.03627319335938,30.22930145263672,64.2018424987793,36.695230102539064,47.77536392211914,33.7399543762207,24.964077758789063,24.42960433959961,71.76437377929688,90.9483413696289,69.5595947265625,50.41429901123047,112.53443908691406,56.425778198242185,116.93767547607422,534.6602783203125,176.52452087402344,349.0820068359375,214.925830078125,86.56353912353515,102.59063720703125,39.386739349365236,545.9498779296875,182.8656799316406,456.4813232421875,166.74432983398438,25.833266067504884,25.94600028991699,532.9629760742188,103.70074768066407,89.36488494873046,84.7919906616211,75.41399993896485,47.38358154296875,183.36568908691407,101.82024383544922,85.7580795288086,489.5727172851563,263.5133361816406,160.99002075195312,358.1676025390625,41.244450378417966,44.34116973876953,43.45481719970703,42.29622344970703,122.99752197265624,104.92244415283203,75.37687377929687,39.35067291259766,34.906157684326175,146.56404724121094,90.53782653808594
week190,2024-08-19,2024-08-23,2024,95.14769592285157,70.62266235351562,20.225199890136718,400.0260986328125,123.28160247802734,41.854130554199216,77.78710021972657,31.43327980041504,66.55367279052734,38.166748046875,50.019781494140624,34.7098747253418,27.607524490356447,25.261929321289063,72.84674072265625,92.48282928466797,72.09876708984375,51.98825912475586,110.76995086669922,56.36422348022461,120.12186126708984,551.326953125,178.82012634277345,365.1076965332031,211.7088134765625,87.87016448974609,104.95520324707032,40.65572967529297,546.6173950195313,194.04872436523436,475.9177490234375,173.61763916015624,26.022249221801758,26.84800033569336,549.4223754882812,104.67264251708984,92.49442443847656,87.65041046142578,73.98800048828124,49.020704650878905,187.4645751953125,101.46636352539062,87.70472717285156,504.74688110351565,270.7644836425781,163.61116943359374,374.435107421875,42.4630859375,44.43827743530274,42.64296188354492,43.08687744140625,125.33768615722656,110.85001373291016,78.25019073486328,40.35932083129883,35.9759635925293,150.70631103515626,91.86996917724609,94.6895248413086,70.27977142333984,20.49153785705566,391.62127685546875,120.55039520263672,41.02641830444336,75.26678009033203,30.247007369995117,63.9137466430664,36.85937576293945,49.029052734375,33.999857330322264,27.14881820678711,24.790983200073242,72.29761657714843,92.10738220214844,69.7588607788086,50.89333038330078,107.86283416748047,55.36147613525391,117.01419067382812,537.3691650390625,174.89952697753907,354.46893310546875,205.14505004882812,87.1777572631836,104.01998138427734,40.304405212402344,532.6993896484375,188.07313537597656,461.48675537109375,169.31690979003906,25.494987869262694,25.665999984741212,535.5084716796875,104.29787902832031,91.5326416015625,85.82875518798828,77.31799926757813,47.45954895019531,183.65805053710938,98.70068969726563,86.14173889160156,491.9796936035156,263.78233642578124,160.12081909179688,363.67482299804686,41.744012451171876,43.43518142700195,42.769544219970705,42.073115539550784,122.91338500976562,106.79232025146484,76.51851348876953,39.72867660522461,35.49230194091797,147.75115356445312,88.33567504882812,94.28437042236328,69.97286987304688,20.151726913452148,381.7774169921875,118.08890838623047,39.53423538208008,72.58834228515624,29.27713623046875,60.56017074584961,35.938229370117185,45.810570526123044,32.84160537719727,25.348447036743163,24.150881195068358,71.55870971679687,91.8134552001953,67.28231353759766,49.08365478515625,105.87098693847656,54.95243682861328,112.68621978759765,516.7215087890625,171.07611083984375,335.66334228515626,200.8294708251953,86.2903823852539,102.88945617675782,39.38289947509766,520.5247924804687,176.72859802246094,438.0785217285156,162.4967498779297,25.048989868164064,24.768000030517577,514.9617065429687,104.0634048461914,90.88518524169922,83.82942504882813,74.38800048828125,45.736959075927736,178.91989440917968,96.36582946777344,85.16463775634766,473.01246948242186,253.96885375976564,156.42332153320314,344.79371948242186,40.41940841674805,42.82147445678711,41.81873397827148,40.80689239501953,119.87469787597657,99.6515106201172,75.4249267578125,39.29368515014649,34.99427185058594,144.16444702148436,85.16280517578124
week191,2024-08-26,2024-08-30,2024,95.18367004394531,70.63024291992187,20.471332931518553,404.1515625,125.29983520507812,41.65632247924805,78.80056610107422,31.950676727294923,67.35205535888672,38.525936126708984,49.9845947265625,35.30689163208008,27.48967628479004,25.32728500366211,73.05311584472656,92.41646881103516,73.01158142089844,51.75824813842773,112.68212585449218,56.888430786132815,120.53189849853516,552.324658203125,181.37232055664066,362.10524291992186,215.2559844970703,88.15076446533203,104.8669418334961,39.93004608154297,552.1343505859375,192.93396911621093,470.26360473632815,174.2888153076172,26.3939151763916,26.9060001373291,550.4830078125,104.97629852294922,91.84507904052734,88.48997497558594,76.18199920654297,49.6018684387207,189.43507080078126,102.747265625,89.48505096435547,505.71087646484375,271.66376953125,165.73480529785155,371.88109130859374,42.28710021972656,45.307369232177734,43.1664321899414,44.09868545532227,126.99693145751954,109.02667846679688,79.12275543212891,41.17612152099609,36.25467147827148,152.06301879882812,91.631982421875,95.14769592285157,70.62266235351562,20.225199890136718,400.0260986328125,123.28160247802734,41.854130554199216,77.78710021972657,31.43327980041504,66.55367279052734,38.166748046875,50.019781494140624,34.7098747253418,27.607524490356447,25.261929321289063,72.84674072265625,92.48282928466797,72.09876708984375,51.98825912475586,110.76995086669922,56.36422348022461,120.12186126708984,551.326953125,178.82012634277345,365.1076965332031,211.7088134765625,87.87016448974609,104.95520324707032,40.65572967529297,546.6173950195313,194.04872436523436,475.9177490234375,173.61763916015624,26.022249221801758,26.84800033569336,549.4223754882812,104.67264251708984,92.49442443847656,87.65041046142578,73.98800048828124,49.020704650878905,187.4645751953125,101.46636352539062,87.70472717285156,504.74688110351565,270.7644836425781,163.61116943359374,374.435107421875,42.4630859375,44.43827743530274,42.64296188354492,43.08687744140625,125.33768615722656,110.85001373291016,78.25019073486328,40.35932083129883,35.9759635925293,150.70631103515626,91.86996917724609,94.6895248413086,70.27977142333984,20.49153785705566,391.62127685546875,120.55039520263672,41.02641830444336,75.26678009033203,30.247007369995117,63.9137466430664,36.85937576293945,49.029052734375,33.999857330322264,27.14881820678711,24.790983200073242,72.29761657714843,92.10738220214844,69.7588607788086,50.89333038330078,107.86283416748047,55.36147613525391,117.01419067382812,537.3691650390625,174.89952697753907,354.46893310546875,205.14505004882812,87.1777572631836,104.01998138427734,40.304405212402344,532.6993896484375,188.07313537597656,461.48675537109375,169.31690979003906,25.494987869262694,25.665999984741212,535.5084716796875,104.29787902832031,91.5326416015625,85.82875518798828,77.31799926757813,47.45954895019531,183.65805053710938,98.70068969726563,86.14173889160156,491.9796936035156,263.78233642578124,160.12081909179688,363.67482299804686,41.744012451171876,43.43518142700195,42.769544219970705,42.073115539550784,122.91338500976562,106.79232025146484,76.51851348876953,39.72867660522461,35.49230194091797,147.75115356445312,88.33567504882812
week192,2024-09-03,2024-09-06,2024,95.76807594299316,71.07739639282227,19.74808645248413,399.24988555908203,125.15129089355469,40.65337371826172,77.17892837524414,31.540496826171875,65.8381462097168,37.67865467071533,47.342034339904785,34.62041664123535,26.803884029388428,24.827985763549805,73.14316749572754,93.19120597839355,71.53514289855957,50.59536361694336,109.05356216430664,56.73454284667969,117.69742965698242,540.3215026855469,179.5276641845703,349.9324645996094,207.86143112182617,88.2567081451416,105.47453880310059,39.447214126586914,535.7007904052734,186.87960433959964,454.35408782958984,170.02155685424805,26.141779899597168,25.742499828338623,538.4173431396484,105.08789443969727,93.4435806274414,88.15659141540527,69.8799991607666,48.54875087738037,187.6799430847168,101.14517784118652,89.87154769897461,494.63551330566406,265.4508285522461,164.26500701904297,359.3586959838867,41.55951499938965,44.28363609313965,41.62790298461914,44.05612087249756,124.81036758422852,103.1444206237793,79.93381690979004,41.471500396728516,36.58126449584961,151.54840087890625,91.2347583770752,95.18367004394531,70.63024291992187,20.471332931518553,404.1515625,125.29983520507812,41.65632247924805,78.80056610107422,31.950676727294923,67.35205535888672,38.525936126708984,49.9845947265625,35.30689163208008,27.48967628479004,25.32728500366211,73.05311584472656,92.41646881103516,73.01158142089844,51.75824813842773,112.68212585449218,56.888430786132815,120.53189849853516,552.324658203125,181.37232055664066,362.10524291992186,215.2559844970703,88.15076446533203,104.8669418334961,39.93004608154297,552.1343505859375,192.93396911621093,470.26360473632815,174.2888153076172,26.3939151763916,26.9060001373291,550.4830078125,104.97629852294922,91.84507904052734,88.48997497558594,76.18199920654297,49.6018684387207,189.43507080078126,102.747265625,89.48505096435547,505.71087646484375,271.66376953125,165.73480529785155,371.88109130859374,42.28710021972656,45.307369232177734,43.1664321899414,44.09868545532227,126.99693145751954,109.02667846679688,79.12275543212891,41.17612152099609,36.25467147827148,152.06301879882812,91.631982421875,95.14769592285157,70.62266235351562,20.225199890136718,400.0260986328125,123.28160247802734,41.854130554199216,77.78710021972657,31.43327980041504,66.55367279052734,38.166748046875,50.019781494140624,34.7098747253418,27.607524490356447,25.261929321289063,72.84674072265625,92.48282928466797,72.09876708984375,51.98825912475586,110.76995086669922,56.36422348022461,120.12186126708984,551.326953125,178.82012634277345,365.1076965332031,211.7088134765625,87.87016448974609,104.95520324707032,40.65572967529297,546.6173950195313,194.04872436523436,475.9177490234375,173.61763916015624,26.022249221801758,26.84800033569336,549.4223754882812,104.67264251708984,92.49442443847656,87.65041046142578,73.98800048828124,49.020704650878905,187.4645751953125,101.46636352539062,87.70472717285156,504.74688110351565,270.7644836425781,163.61116943359374,374.435107421875,42.4630859375,44.43827743530274,42.64296188354492,43.08687744140625,125.33768615722656,110.85001373291016,78.25019073486328,40.35932083129883,35.9759635925293,150.70631103515626,91.86996917724609
week193,2024-09-09,2024-09-13,2024,96.45509185791016,71.56764373779296,19.624560165405274,401.49638671875,124.8980697631836,40.68265991210937,77.0289093017578,31.452953720092772,65.55569763183594,37.54878692626953,47.97536163330078,34.5705078125,26.58133010864258,24.65642738342285,73.47876434326172,93.92391357421874,71.51806182861328,50.65571670532226,108.02412261962891,56.93409957885742,118.84858093261718,546.011181640625,179.44796142578124,357.1316223144531,207.1613342285156,88.60938720703125,106.39431915283203,39.06805191040039,534.4447509765625,189.72755432128906,462.31207885742185,171.87568359375,26.116741180419922,26.640000534057616,544.2056762695313,105.78572235107421,94.7611312866211,88.40796966552735,68.76199798583984,48.55919570922852,188.89517517089843,100.91630859375,92.0175796508789,499.92901000976565,268.0509399414062,164.43197021484374,366.28843383789064,41.666429138183595,44.389722442626955,40.62331314086914,43.56636199951172,126.00099487304688,106.46251831054687,80.2105697631836,42.54758071899414,37.063968658447266,151.66536560058594,93.31469116210937,95.76807594299316,71.07739639282227,19.74808645248413,399.24988555908203,125.15129089355469,40.65337371826172,77.17892837524414,31.540496826171875,65.8381462097168,37.67865467071533,47.342034339904785,34.62041664123535,26.803884029388428,24.827985763549805,73.14316749572754,93.19120597839355,71.53514289855957,50.59536361694336,109.05356216430664,56.73454284667969,117.69742965698242,540.3215026855469,179.5276641845703,349.9324645996094,207.86143112182617,88.2567081451416,105.47453880310059,39.447214126586914,535.7007904052734,186.87960433959964,454.35408782958984,170.02155685424805,26.141779899597168,25.742499828338623,538.4173431396484,105.08789443969727,93.4435806274414,88.15659141540527,69.8799991607666,48.54875087738037,187.6799430847168,101.14517784118652,89.87154769897461,494.63551330566406,265.4508285522461,164.26500701904297,359.3586959838867,41.55951499938965,44.28363609313965,41.62790298461914,44.05612087249756,124.81036758422852,103.1444206237793,79.93381690979004,41.471500396728516,36.58126449584961,151.54840087890625,91.2347583770752,95.18367004394531,70.63024291992187,20.471332931518553,404.1515625,125.29983520507812,41.65632247924805,78.80056610107422,31.950676727294923,67.35205535888672,38.525936126708984,49.9845947265625,35.30689163208008,27.48967628479004,25.32728500366211,73.05311584472656,92.41646881103516,73.01158142089844,51.75824813842773,112.68212585449218,56.888430786132815,120.53189849853516,552.324658203125,181.37232055664066,362.10524291992186,215.2559844970703,88.15076446533203,104.8669418334961,39.93004608154297,552.1343505859375,192.93396911621093,470.26360473632815,174.2888153076172,26.3939151763916,26.9060001373291,550.4830078125,104.97629852294922,91.84507904052734,88.48997497558594,76.18199920654297,49.6018684387207,189.43507080078126,102.747265625,89.48505096435547,505.71087646484375,271.66376953125,165.73480529785155,371.88109130859374,42.28710021972656,45.307369232177734,43.1664321899414,44.09868545532227,126.99693145751954,109.02667846679688,79.12275543212891,41.17612152099609,36.25467147827148,152.06301879882812,91.631982421875
week194,2024-09-16,2024-09-20,2024,96.56715087890625,71.65694580078124,20.216015243530272,409.4284606933594,127.37086181640625,41.54493789672851,78.24430694580079,32.16707763671875,66.3070053100586,38.230474853515624,48.84572143554688,35.00179214477539,27.107118606567383,25.5310417175293,74.06569061279296,93.85925598144532,72.66808776855468,51.7278335571289,112.99304809570313,57.70254135131836,121.62075958251953,557.4267333984375,182.79322509765626,366.17474975585935,216.56676635742187,89.28725738525391,106.95976257324219,40.15274353027344,554.452783203125,195.5731414794922,472.9597229003906,174.7946807861328,26.566517639160157,27.953999710083007,555.5118286132813,106.35090789794921,94.39480590820312,89.13429107666016,71.78600006103515,49.382067108154295,191.87528076171876,103.86084442138672,92.86804809570313,510.3814697265625,274.23594360351564,167.52741088867188,374.2385009765625,42.52059783935547,45.58314666748047,41.872029876708986,44.41768951416016,129.59929809570312,109.1514678955078,80.06066284179687,42.67674942016602,37.81197280883789,151.9324157714844,95.97208862304687,96.45509185791016,71.56764373779296,19.624560165405274,401.49638671875,124.8980697631836,40.68265991210937,77.0289093017578,31.452953720092772,65.55569763183594,37.54878692626953,47.97536163330078,34.5705078125,26.58133010864258,24.65642738342285,73.47876434326172,93.92391357421874,71.51806182861328,50.65571670532226,108.02412261962891,56.93409957885742,118.84858093261718,546.011181640625,179.44796142578124,357.1316223144531,207.1613342285156,88.60938720703125,106.39431915283203,39.06805191040039,534.4447509765625,189.72755432128906,462.31207885742185,171.87568359375,26.116741180419922,26.640000534057616,544.2056762695313,105.78572235107421,94.7611312866211,88.40796966552735,68.76199798583984,48.55919570922852,188.89517517089843,100.91630859375,92.0175796508789,499.92901000976565,268.0509399414062,164.43197021484374,366.28843383789064,41.666429138183595,44.389722442626955,40.62331314086914,43.56636199951172,126.00099487304688,106.46251831054687,80.2105697631836,42.54758071899414,37.063968658447266,151.66536560058594,93.31469116210937,95.76807594299316,71.07739639282227,19.74808645248413,399.24988555908203,125.15129089355469,40.65337371826172,77.17892837524414,31.540496826171875,65.8381462097168,37.67865467071533,47.342034339904785,34.62041664123535,26.803884029388428,24.827985763549805,73.14316749572754,93.19120597839355,71.53514289855957,50.59536361694336,109.05356216430664,56.73454284667969,117.69742965698242,540.3215026855469,179.5276641845703,349.9324645996094,207.86143112182617,88.2567081451416,105.47453880310059,39.447214126586914,535.7007904052734,186.87960433959964,454.35408782958984,170.02155685424805,26.141779899597168,25.742499828338623,538.4173431396484,105.08789443969727,93.4435806274414,88.15659141540527,69.8799991607666,48.54875087738037,187.6799430847168,101.14517784118652,89.87154769897461,494.63551330566406,265.4508285522461,164.26500701904297,359.3586959838867,41.55951499938965,44.28363609313965,41.62790298461914,44.05612087249756,124.81036758422852,103.1444206237793,79.93381690979004,41.471500396728516,36.58126449584961,151.54840087890625,91.2347583770752
week195,2024-09-23,2024-09-27,2024,96.27277374267578,71.4460235595703,20.530110931396486,413.1685546875,127.89705200195313,43.770731353759764,79.36063842773437,32.749394226074216,67.37276458740234,39.002925109863284,51.043843841552736,35.32195892333984,26.76807556152344,29.165974807739257,74.20641479492187,93.43893280029297,73.70994110107422,54.257958984375,113.22340240478516,58.63976058959961,123.0641845703125,564.383935546875,184.143408203125,372.4172424316406,216.36856994628906,89.40635528564454,106.61484832763672,45.61651077270508,559.1797241210937,199.94967346191407,482.8585510253906,176.3221221923828,26.685020446777344,28.907999801635743,562.4360107421875,106.2336410522461,92.86152648925781,89.24205017089844,71.26000061035157,50.101853942871095,192.87222595214843,104.93605041503906,92.74407653808593,516.7693969726563,277.4580322265625,168.65238037109376,380.7385681152344,44.82626037597656,46.75613784790039,42.014381408691406,44.2841552734375,131.85155334472657,111.34975738525391,80.09774169921874,42.63922958374023,38.600460815429685,150.10814514160157,98.96954040527343,96.56715087890625,71.65694580078124,20.216015243530272,409.4284606933594,127.37086181640625,41.54493789672851,78.24430694580079,32.16707763671875,66.3070053100586,38.230474853515624,48.84572143554688,35.00179214477539,27.107118606567383,25.5310417175293,74.06569061279296,93.85925598144532,72.66808776855468,51.7278335571289,112.99304809570313,57.70254135131836,121.62075958251953,557.4267333984375,182.79322509765626,366.17474975585935,216.56676635742187,89.28725738525391,106.95976257324219,40.15274353027344,554.452783203125,195.5731414794922,472.9597229003906,174.7946807861328,26.566517639160157,27.953999710083007,555.5118286132813,106.35090789794921,94.39480590820312,89.13429107666016,71.78600006103515,49.382067108154295,191.87528076171876,103.86084442138672,92.86804809570313,510.3814697265625,274.23594360351564,167.52741088867188,374.2385009765625,42.52059783935547,45.58314666748047,41.872029876708986,44.41768951416016,129.59929809570312,109.1514678955078,80.06066284179687,42.67674942016602,37.81197280883789,151.9324157714844,95.97208862304687,96.45509185791016,71.56764373779296,19.624560165405274,401.49638671875,124.8980697631836,40.68265991210937,77.0289093017578,31.452953720092772,65.55569763183594,37.54878692626953,47.97536163330078,34.5705078125,26.58133010864258,24.65642738342285,73.47876434326172,93.92391357421874,71.51806182861328,50.65571670532226,108.02412261962891,56.93409957885742,118.84858093261718,546.011181640625,179.44796142578124,357.1316223144531,207.1613342285156,88.60938720703125,106.39431915283203,39.06805191040039,534.4447509765625,189.72755432128906,462.31207885742185,171.87568359375,26.116741180419922,26.640000534057616,544.2056762695313,105.78572235107421,94.7611312866211,88.40796966552735,68.76199798583984,48.55919570922852,188.89517517089843,100.91630859375,92.0175796508789,499.92901000976565,268.0509399414062,164.43197021484374,366.28843383789064,41.666429138183595,44.389722442626955,40.62331314086914,43.56636199951172,126.00099487304688,106.46251831054687,80.2105697631836,42.54758071899414,37.063968658447266,151.66536560058594,93.31469116210937
week196,2024-09-30,2024-10-04,2024,95.96793365478516,71.23167724609375,20.97645835876465,413.7548767089844,128.08436889648436,44.68102111816406,78.88629150390625,32.733655548095705,67.26732025146484,38.30964965820313,49.704969787597655,34.99049453735351,26.724562454223634,32.78745574951172,74.22808837890625,93.04904327392578,73.30193481445312,55.21602020263672,112.65538482666015,57.41462326049805,122.94422149658203,563.947802734375,184.83240356445313,370.46376342773436,215.26288452148438,89.46471862792968,106.34939422607422,52.287837219238284,557.8919799804687,199.783740234375,480.8221923828125,176.39237365722656,26.85464859008789,28.915999984741212,561.8961669921875,106.07935485839843,92.1091094970703,89.2767318725586,73.3740005493164,49.82571029663086,192.84397583007814,105.15240020751953,91.73666839599609,516.3220703125,277.14800415039065,169.43716735839843,378.68878173828125,46.08076705932617,46.6400650024414,43.549784088134764,44.403968048095706,132.75650024414062,110.72864837646485,79.2978302001953,42.20501022338867,39.189612579345706,149.3431365966797,98.11852111816407,96.27277374267578,71.4460235595703,20.530110931396486,413.1685546875,127.89705200195313,43.770731353759764,79.36063842773437,32.749394226074216,67.37276458740234,39.002925109863284,51.043843841552736,35.32195892333984,26.76807556152344,29.165974807739257,74.20641479492187,93.43893280029297,73.70994110107422,54.257958984375,113.22340240478516,58.63976058959961,123.0641845703125,564.383935546875,184.143408203125,372.4172424316406,216.36856994628906,89.40635528564454,106.61484832763672,45.61651077270508,559.1797241210937,199.94967346191407,482.8585510253906,176.3221221923828,26.685020446777344,28.907999801635743,562.4360107421875,106.2336410522461,92.86152648925781,89.24205017089844,71.26000061035157,50.101853942871095,192.87222595214843,104.93605041503906,92.74407653808593,516.7693969726563,277.4580322265625,168.65238037109376,380.7385681152344,44.82626037597656,46.75613784790039,42.014381408691406,44.2841552734375,131.85155334472657,111.34975738525391,80.09774169921874,42.63922958374023,38.600460815429685,150.10814514160157,98.96954040527343,96.56715087890625,71.65694580078124,20.216015243530272,409.4284606933594,127.37086181640625,41.54493789672851,78.24430694580079,32.16707763671875,66.3070053100586,38.230474853515624,48.84572143554688,35.00179214477539,27.107118606567383,25.5310417175293,74.06569061279296,93.85925598144532,72.66808776855468,51.7278335571289,112.99304809570313,57.70254135131836,121.62075958251953,557.4267333984375,182.79322509765626,366.17474975585935,216.56676635742187,89.28725738525391,106.95976257324219,40.15274353027344,554.452783203125,195.5731414794922,472.9597229003906,174.7946807861328,26.566517639160157,27.953999710083007,555.5118286132813,106.35090789794921,94.39480590820312,89.13429107666016,71.78600006103515,49.382067108154295,191.87528076171876,103.86084442138672,92.86804809570313,510.3814697265625,274.23594360351564,167.52741088867188,374.2385009765625,42.52059783935547,45.58314666748047,41.872029876708986,44.41768951416016,129.59929809570312,109.1514678955078,80.06066284179687,42.67674942016602,37.81197280883789,151.9324157714844,95.97208862304687
week197,2024-10-07,2024-10-11,2024,94.84915313720703,70.40854949951172,21.292390823364258,415.50604858398435,127.13036193847657,44.531226348876956,78.14524383544922,32.44249725341797,66.8718994140625,37.88866348266602,50.347554779052736,34.459391021728514,25.995710372924805,32.5625545501709,73.87271728515626,91.52993621826172,72.56940460205078,54.94418869018555,112.11277618408204,56.54690093994141,123.83627471923828,568.1803833007813,185.15682678222657,375.31744995117185,215.17020568847656,88.989111328125,104.93458557128906,51.805963134765626,559.754638671875,202.30036010742188,486.8419189453125,177.5295623779297,26.92646942138672,28.395999908447266,566.18720703125,105.25604400634765,89.42401275634765,89.4198989868164,77.0999984741211,49.36674270629883,193.6034149169922,105.86377868652343,89.91657104492188,520.2115844726562,279.127392578125,169.82249145507814,383.36744384765626,45.777104187011716,46.38451309204102,44.262787628173825,44.85179901123047,133.83026733398438,113.44127960205078,78.46506805419922,41.374838256835936,38.13859252929687,149.23944091796875,97.4189208984375,95.96793365478516,71.23167724609375,20.97645835876465,413.7548767089844,128.08436889648436,44.68102111816406,78.88629150390625,32.733655548095705,67.26732025146484,38.30964965820313,49.704969787597655,34.99049453735351,26.724562454223634,32.78745574951172,74.22808837890625,93.04904327392578,73.30193481445312,55.21602020263672,112.65538482666015,57.41462326049805,122.94422149658203,563.947802734375,184.83240356445313,370.46376342773436,215.26288452148438,89.46471862792968,106.34939422607422,52.287837219238284,557.8919799804687,199.783740234375,480.8221923828125,176.39237365722656,26.85464859008789,28.915999984741212,561.8961669921875,106.07935485839843,92.1091094970703,89.2767318725586,73.3740005493164,49.82571029663086,192.84397583007814,105.15240020751953,91.73666839599609,516.3220703125,277.14800415039065,169.43716735839843,378.68878173828125,46.08076705932617,46.6400650024414,43.549784088134764,44.403968048095706,132.75650024414062,110.72864837646485,79.2978302001953,42.20501022338867,39.189612579345706,149.3431365966797,98.11852111816407,96.27277374267578,71.4460235595703,20.530110931396486,413.1685546875,127.89705200195313,43.770731353759764,79.36063842773437,32.749394226074216,67.37276458740234,39.002925109863284,51.043843841552736,35.32195892333984,26.76807556152344,29.165974807739257,74.20641479492187,93.43893280029297,73.70994110107422,54.257958984375,113.22340240478516,58.63976058959961,123.0641845703125,564.383935546875,184.143408203125,372.4172424316406,216.36856994628906,89.40635528564454,106.61484832763672,45.61651077270508,559.1797241210937,199.94967346191407,482.8585510253906,176.3221221923828,26.685020446777344,28.907999801635743,562.4360107421875,106.2336410522461,92.86152648925781,89.24205017089844,71.26000061035157,50.101853942871095,192.87222595214843,104.93605041503906,92.74407653808593,516.7693969726563,277.4580322265625,168.65238037109376,380.7385681152344,44.82626037597656,46.75613784790039,42.014381408691406,44.2841552734375,131.85155334472657,111.34975738525391,80.09774169921874,42.63922958374023,38.600460815429685,150.10814514160157,98.96954040527343
week198,2024-10-14,2024-10-18,2024,94.89106903076171,70.44476776123047,20.68256721496582,422.47527465820315,130.00190124511718,43.84178771972656,77.8042495727539,32.670702362060545,66.07351379394531,37.62216796875,51.59013290405274,34.6571403503418,25.81621742248535,30.46924591064453,74.11460571289062,91.55282592773438,72.25628051757812,54.221841430664064,115.06593627929688,56.44563369750976,125.75035095214844,576.0375122070312,188.5514923095703,379.55820312500003,221.73468017578125,89.27462615966797,105.08781433105469,47.83580703735352,572.6634765625,205.75453186035156,489.7186584472656,179.6736328125,27.39616470336914,29.137999725341796,573.9732543945313,105.25411987304688,89.35013732910156,90.85943908691405,73.01800079345703,49.208674621582034,196.73902587890626,107.35244293212891,92.18835754394532,527.3900268554687,283.4505554199219,172.6229705810547,388.1037536621094,45.04831237792969,47.28089218139648,43.54210586547852,46.43491668701172,136.3900360107422,114.38782348632813,79.4485366821289,42.44603042602539,39.1963623046875,149.9496826171875,98.20857391357421,94.84915313720703,70.40854949951172,21.292390823364258,415.50604858398435,127.13036193847657,44.531226348876956,78.14524383544922,32.44249725341797,66.8718994140625,37.88866348266602,50.347554779052736,34.459391021728514,25.995710372924805,32.5625545501709,73.87271728515626,91.52993621826172,72.56940460205078,54.94418869018555,112.11277618408204,56.54690093994141,123.83627471923828,568.1803833007813,185.15682678222657,375.31744995117185,215.17020568847656,88.989111328125,104.93458557128906,51.805963134765626,559.754638671875,202.30036010742188,486.8419189453125,177.5295623779297,26.92646942138672,28.395999908447266,566.18720703125,105.25604400634765,89.42401275634765,89.4198989868164,77.0999984741211,49.36674270629883,193.6034149169922,105.86377868652343,89.91657104492188,520.2115844726562,279.127392578125,169.82249145507814,383.36744384765626,45.777104187011716,46.38451309204102,44.262787628173825,44.85179901123047,133.83026733398438,113.44127960205078,78.46506805419922,41.374838256835936,38.13859252929687,149.23944091796875,97.4189208984375,95.96793365478516,71.23167724609375,20.97645835876465,413.7548767089844,128.08436889648436,44.68102111816406,78.88629150390625,32.733655548095705,67.26732025146484,38.30964965820313,49.704969787597655,34.99049453735351,26.724562454223634,32.78745574951172,74.22808837890625,93.04904327392578,73.30193481445312,55.21602020263672,112.65538482666015,57.41462326049805,122.94422149658203,563.947802734375,184.83240356445313,370.46376342773436,215.26288452148438,89.46471862792968,106.34939422607422,52.287837219238284,557.8919799804687,199.783740234375,480.8221923828125,176.39237365722656,26.85464859008789,28.915999984741212,561.8961669921875,106.07935485839843,92.1091094970703,89.2767318725586,73.3740005493164,49.82571029663086,192.84397583007814,105.15240020751953,91.73666839599609,516.3220703125,277.14800415039065,169.43716735839843,378.68878173828125,46.08076705932617,46.6400650024414,43.549784088134764,44.403968048095706,132.75650024414062,110.72864837646485,79.2978302001953,42.20501022338867,39.189612579345706,149.3431365966797,98.11852111816407
week199,2024-10-21,2024-10-25,2024,94.03955383300782,69.8234619140625,20.812981033325194,417.5932983398437,128.73308258056642,43.51915283203125,76.43074035644531,32.23986663818359,63.67460632324219,37.12587051391601,51.888275909423825,34.26917495727539,25.518874740600587,30.582657241821288,73.79457244873046,90.64104766845703,70.92596588134765,53.807440185546874,112.34309692382813,55.071573638916014,125.15761871337891,574.0717651367188,186.44277954101562,380.3681396484375,217.1480255126953,88.84358673095703,103.54228820800782,47.98363037109375,563.0369750976563,204.69656677246093,490.19545288085936,178.21463012695312,26.991933059692382,30.923999786376953,571.9794189453125,104.41886901855469,87.41029052734375,90.0219955444336,73.41600189208984,48.35167694091797,194.34719848632812,105.75716705322266,91.51368560791016,525.5703491210937,282.04429321289064,170.46666259765624,389.48765869140624,44.82246551513672,46.53764877319336,43.15729522705078,46.21296691894531,134.21894226074218,114.25586242675782,78.87275695800781,42.18205795288086,39.25035781860352,146.90719909667968,97.98197174072266,94.89106903076171,70.44476776123047,20.68256721496582,422.47527465820315,130.00190124511718,43.84178771972656,77.8042495727539,32.670702362060545,66.07351379394531,37.62216796875,51.59013290405274,34.6571403503418,25.81621742248535,30.46924591064453,74.11460571289062,91.55282592773438,72.25628051757812,54.221841430664064,115.06593627929688,56.44563369750976,125.75035095214844,576.0375122070312,188.5514923095703,379.55820312500003,221.73468017578125,89.27462615966797,105.08781433105469,47.83580703735352,572.6634765625,205.75453186035156,489.7186584472656,179.6736328125,27.39616470336914,29.137999725341796,573.9732543945313,105.25411987304688,89.35013732910156,90.85943908691405,73.01800079345703,49.208674621582034,196.73902587890626,107.35244293212891,92.18835754394532,527.3900268554687,283.4505554199219,172.6229705810547,388.1037536621094,45.04831237792969,47.28089218139648,43.54210586547852,46.43491668701172,136.3900360107422,114.38782348632813,79.4485366821289,42.44603042602539,39.1963623046875,149.9496826171875,98.20857391357421,94.84915313720703,70.40854949951172,21.292390823364258,415.50604858398435,127.13036193847657,44.531226348876956,78.14524383544922,32.44249725341797,66.8718994140625,37.88866348266602,50.347554779052736,34.459391021728514,25.995710372924805,32.5625545501709,73.87271728515626,91.52993621826172,72.56940460205078,54.94418869018555,112.11277618408204,56.54690093994141,123.83627471923828,568.1803833007813,185.15682678222657,375.31744995117185,215.17020568847656,88.989111328125,104.93458557128906,51.805963134765626,559.754638671875,202.30036010742188,486.8419189453125,177.5295623779297,26.92646942138672,28.395999908447266,566.18720703125,105.25604400634765,89.42401275634765,89.4198989868164,77.0999984741211,49.36674270629883,193.6034149169922,105.86377868652343,89.91657104492188,520.2115844726562,279.127392578125,169.82249145507814,383.36744384765626,45.777104187011716,46.38451309204102,44.262787628173825,44.85179901123047,133.83026733398438,113.44127960205078,78.46506805419922,41.374838256835936,38.13859252929687,149.23944091796875,97.4189208984375
week200,2024-10-28,2024-11-01,2024,93.69642944335938,69.57707366943359,20.524600982666016,413.20897216796874,128.02329711914064,43.052486419677734,76.02116241455079,32.10609169006348,64.12087020874023,36.95979385375976,50.84755020141601,33.86990737915039,25.332129287719727,30.59803581237793,73.79551239013672,90.11463470458985,70.51795501708985,53.2523696899414,112.40555267333984,54.620835876464845,124.41719512939453,569.8194946289062,184.5490264892578,379.3771179199219,217.3787353515625,88.8529541015625,103.12855834960938,47.768611907958984,561.751220703125,201.7318908691406,489.36900024414064,176.45554809570314,26.869902420043946,30.455999755859374,567.8559326171875,104.09143371582032,87.10655517578125,88.80604400634766,71.31000061035157,48.06030120849609,192.06106262207032,105.00121002197265,90.41781311035156,521.7831787109375,280.346533203125,168.4679962158203,388.246923828125,44.4144172668457,45.846099853515625,42.386715698242185,46.03619155883789,132.43456420898437,113.03944396972656,77.70573272705079,41.686631774902345,38.320831298828125,144.7745361328125,98.80032348632812,94.03955383300782,69.8234619140625,20.812981033325194,417.5932983398437,128.73308258056642,43.51915283203125,76.43074035644531,32.23986663818359,63.67460632324219,37.12587051391601,51.888275909423825,34.26917495727539,25.518874740600587,30.582657241821288,73.79457244873046,90.64104766845703,70.92596588134765,53.807440185546874,112.34309692382813,55.071573638916014,125.15761871337891,574.0717651367188,186.44277954101562,380.3681396484375,217.1480255126953,88.84358673095703,103.54228820800782,47.98363037109375,563.0369750976563,204.69656677246093,490.19545288085936,178.21463012695312,26.991933059692382,30.923999786376953,571.9794189453125,104.41886901855469,87.41029052734375,90.0219955444336,73.41600189208984,48.35167694091797,194.34719848632812,105.75716705322266,91.51368560791016,525.5703491210937,282.04429321289064,170.46666259765624,389.48765869140624,44.82246551513672,46.53764877319336,43.15729522705078,46.21296691894531,134.21894226074218,114.25586242675782,78.87275695800781,42.18205795288086,39.25035781860352,146.90719909667968,97.98197174072266,94.89106903076171,70.44476776123047,20.68256721496582,422.47527465820315,130.00190124511718,43.84178771972656,77.8042495727539,32.670702362060545,66.07351379394531,37.62216796875,51.59013290405274,34.6571403503418,25.81621742248535,30.46924591064453,74.11460571289062,91.55282592773438,72.25628051757812,54.221841430664064,115.06593627929688,56.44563369750976,125.75035095214844,576.0375122070312,188.5514923095703,379.55820312500003,221.73468017578125,89.27462615966797,105.08781433105469,47.83580703735352,572.6634765625,205.75453186035156,489.7186584472656,179.6736328125,27.39616470336914,29.137999725341796,573.9732543945313,105.25411987304688,89.35013732910156,90.85943908691405,73.01800079345703,49.208674621582034,196.73902587890626,107.35244293212891,92.18835754394532,527.3900268554687,283.4505554199219,172.6229705810547,388.1037536621094,45.04831237792969,47.28089218139648,43.54210586547852,46.43491668701172,136.3900360107422,114.38782348632813,79.4485366821289,42.44603042602539,39.1963623046875,149.9496826171875,98.20857391357421
week201,2024-11-04,2024-11-08,2024,93.81117248535156,69.6444320678711,20.860739135742186,422.75641479492185,130.2022506713867,43.26949615478516,75.85161743164062,31.864115142822264,65.1320297241211,36.55039520263672,51.669761657714844,33.666506958007815,25.415530014038087,30.963258361816408,74.22831573486329,89.89828491210938,70.40408935546876,53.53941116333008,117.99957733154297,54.305119323730466,126.94567260742187,579.6089721679688,187.93002319335938,386.6526672363281,227.95997314453126,89.3843505859375,103.58661651611328,48.44054412841797,580.3248413085937,205.24331359863282,498.9568298339844,178.9174774169922,27.3694709777832,29.079999923706055,577.5215209960937,104.14263763427735,87.24725189208985,90.06317901611328,74.27000122070312,48.071729278564455,195.2279815673828,107.41834716796875,90.1872055053711,530.68876953125,286.0444274902344,171.258740234375,395.58803100585936,44.765525817871094,46.03825073242187,44.16010665893555,47.234334564208986,136.24476623535156,114.95039520263671,77.5724105834961,41.460914611816406,37.60343704223633,145.16781311035157,102.81194610595703,93.69642944335938,69.57707366943359,20.524600982666016,413.20897216796874,128.02329711914064,43.052486419677734,76.02116241455079,32.10609169006348,64.12087020874023,36.95979385375976,50.84755020141601,33.86990737915039,25.332129287719727,30.59803581237793,73.79551239013672,90.11463470458985,70.51795501708985,53.2523696899414,112.40555267333984,54.620835876464845,124.41719512939453,569.8194946289062,184.5490264892578,379.3771179199219,217.3787353515625,88.8529541015625,103.12855834960938,47.768611907958984,561.751220703125,201.7318908691406,489.36900024414064,176.45554809570314,26.869902420043946,30.455999755859374,567.8559326171875,104.09143371582032,87.10655517578125,88.80604400634766,71.31000061035157,48.06030120849609,192.06106262207032,105.00121002197265,90.41781311035156,521.7831787109375,280.346533203125,168.4679962158203,388.246923828125,44.4144172668457,45.846099853515625,42.386715698242185,46.03619155883789,132.43456420898437,113.03944396972656,77.70573272705079,41.686631774902345,38.320831298828125,144.7745361328125,98.80032348632812,94.03955383300782,69.8234619140625,20.812981033325194,417.5932983398437,128.73308258056642,43.51915283203125,76.43074035644531,32.23986663818359,63.67460632324219,37.12587051391601,51.888275909423825,34.26917495727539,25.518874740600587,30.582657241821288,73.79457244873046,90.64104766845703,70.92596588134765,53.807440185546874,112.34309692382813,55.071573638916014,125.15761871337891,574.0717651367188,186.44277954101562,380.3681396484375,217.1480255126953,88.84358673095703,103.54228820800782,47.98363037109375,563.0369750976563,204.69656677246093,490.19545288085936,178.21463012695312,26.991933059692382,30.923999786376953,571.9794189453125,104.41886901855469,87.41029052734375,90.0219955444336,73.41600189208984,48.35167694091797,194.34719848632812,105.75716705322266,91.51368560791016,525.5703491210937,282.04429321289064,170.46666259765624,389.48765869140624,44.82246551513672,46.53764877319336,43.15729522705078,46.21296691894531,134.21894226074218,114.25586242675782,78.87275695800781,42.18205795288086,39.25035781860352,146.90719909667968,97.98197174072266
week202,2024-11-11,2024-11-15,2024,93.44427032470703,69.37486724853515,20.179278945922853,430.52548828125,131.98814086914064,41.648641967773436,74.04376525878907,31.118515396118163,64.23761520385742,35.23529968261719,49.95311508178711,32.689057159423825,24.955010986328126,29.246709442138673,74.23205871582032,89.38932342529297,68.75685272216796,51.58526382446289,120.24616394042968,53.22294998168945,128.9011016845703,587.6470947265625,190.24198303222656,393.8247314453125,231.6375732421875,89.4510284423828,103.08353881835937,46.040785217285155,587.8582885742187,208.48826904296874,505.4692626953125,180.4593963623047,27.569678115844727,27.805999755859375,585.5203247070312,103.65532836914062,86.08587951660157,90.7849136352539,70.68000183105468,47.03381195068359,196.6881408691406,108.84304656982422,89.88607940673828,538.0819091796875,290.40697021484374,172.7805969238281,403.6190673828125,43.28517227172851,45.10188217163086,45.310700225830075,48.89013137817383,138.6632080078125,116.14200439453126,77.80233459472656,41.26771774291992,37.94959945678711,142.77296447753906,107.17684173583984,93.81117248535156,69.6444320678711,20.860739135742186,422.75641479492185,130.2022506713867,43.26949615478516,75.85161743164062,31.864115142822264,65.1320297241211,36.55039520263672,51.669761657714844,33.666506958007815,25.415530014038087,30.963258361816408,74.22831573486329,89.89828491210938,70.40408935546876,53.53941116333008,117.99957733154297,54.305119323730466,126.94567260742187,579.6089721679688,187.93002319335938,386.6526672363281,227.95997314453126,89.3843505859375,103.58661651611328,48.44054412841797,580.3248413085937,205.24331359863282,498.9568298339844,178.9174774169922,27.3694709777832,29.079999923706055,577.5215209960937,104.14263763427735,87.24725189208985,90.06317901611328,74.27000122070312,48.071729278564455,195.2279815673828,107.41834716796875,90.1872055053711,530.68876953125,286.0444274902344,171.258740234375,395.58803100585936,44.765525817871094,46.03825073242187,44.16010665893555,47.234334564208986,136.24476623535156,114.95039520263671,77.5724105834961,41.460914611816406,37.60343704223633,145.16781311035157,102.81194610595703,93.69642944335938,69.57707366943359,20.524600982666016,413.20897216796874,128.02329711914064,43.052486419677734,76.02116241455079,32.10609169006348,64.12087020874023,36.95979385375976,50.84755020141601,33.86990737915039,25.332129287719727,30.59803581237793,73.79551239013672,90.11463470458985,70.51795501708985,53.2523696899414,112.40555267333984,54.620835876464845,124.41719512939453,569.8194946289062,184.5490264892578,379.3771179199219,217.3787353515625,88.8529541015625,103.12855834960938,47.768611907958984,561.751220703125,201.7318908691406,489.36900024414064,176.45554809570314,26.869902420043946,30.455999755859374,567.8559326171875,104.09143371582032,87.10655517578125,88.80604400634766,71.31000061035157,48.06030120849609,192.06106262207032,105.00121002197265,90.41781311035156,521.7831787109375,280.346533203125,168.4679962158203,388.246923828125,44.4144172668457,45.846099853515625,42.386715698242185,46.03619155883789,132.43456420898437,113.03944396972656,77.70573272705079,41.686631774902345,38.320831298828125,144.7745361328125,98.80032348632812
week203,2024-11-18,2024-11-22,2024,93.4423614501953,69.39398803710938,20.607257461547853,428.5821472167969,133.48401794433593,41.62751770019531,73.73515930175782,30.908015060424805,63.712266540527345,34.83555603027344,49.89570922851563,32.85855560302734,24.704809188842773,29.15636444091797,74.30311737060546,89.54430541992187,68.44373016357422,51.57005844116211,119.16093444824219,53.19316482543945,128.46196746826172,584.9355224609375,190.5331787109375,390.65460205078125,229.47044982910157,89.48621826171875,102.9468505859375,45.649147033691406,586.3716796875,209.36859436035155,500.1369567871094,178.88983459472655,27.54679756164551,28.297999954223634,582.7975830078125,103.79401397705078,85.93001403808594,90.46131286621093,72.7699981689453,46.96334457397461,195.79169921875,108.7441909790039,90.71893920898438,535.5650146484375,289.30205688476565,172.94797058105468,400.63453369140626,43.16560668945313,45.23648300170898,46.263606262207034,49.13368682861328,137.4127624511719,114.99305572509766,78.11727752685547,41.742103576660156,38.97651519775391,139.74224243164062,106.7424301147461,93.44427032470703,69.37486724853515,20.179278945922853,430.52548828125,131.98814086914064,41.648641967773436,74.04376525878907,31.118515396118163,64.23761520385742,35.23529968261719,49.95311508178711,32.689057159423825,24.955010986328126,29.246709442138673,74.23205871582032,89.38932342529297,68.75685272216796,51.58526382446289,120.24616394042968,53.22294998168945,128.9011016845703,587.6470947265625,190.24198303222656,393.8247314453125,231.6375732421875,89.4510284423828,103.08353881835937,46.040785217285155,587.8582885742187,208.48826904296874,505.4692626953125,180.4593963623047,27.569678115844727,27.805999755859375,585.5203247070312,103.65532836914062,86.08587951660157,90.7849136352539,70.68000183105468,47.03381195068359,196.6881408691406,108.84304656982422,89.88607940673828,538.0819091796875,290.40697021484374,172.7805969238281,403.6190673828125,43.28517227172851,45.10188217163086,45.310700225830075,48.89013137817383,138.6632080078125,116.14200439453126,77.80233459472656,41.26771774291992,37.94959945678711,142.77296447753906,107.17684173583984,93.81117248535156,69.6444320678711,20.860739135742186,422.75641479492185,130.2022506713867,43.26949615478516,75.85161743164062,31.864115142822264,65.1320297241211,36.55039520263672,51.669761657714844,33.666506958007815,25.415530014038087,30.963258361816408,74.22831573486329,89.89828491210938,70.40408935546876,53.53941116333008,117.99957733154297,54.305119323730466,126.94567260742187,579.6089721679688,187.93002319335938,386.6526672363281,227.95997314453126,89.3843505859375,103.58661651611328,48.44054412841797,580.3248413085937,205.24331359863282,498.9568298339844,178.9174774169922,27.3694709777832,29.079999923706055,577.5215209960937,104.14263763427735,87.24725189208985,90.06317901611328,74.27000122070312,48.071729278564455,195.2279815673828,107.41834716796875,90.1872055053711,530.68876953125,286.0444274902344,171.258740234375,395.58803100585936,44.765525817871094,46.03825073242187,44.16010665893555,47.234334564208986,136.24476623535156,114.95039520263671,77.5724105834961,41.460914611816406,37.60343704223633,145.16781311035157,102.81194610595703
week204,2024-11-25,2024-11-29,2024,94.41123008728027,70.09561157226562,20.374900341033936,440.2391357421875,136.73000717163086,41.503167152404785,74.38333702087402,31.29704475402832,64.50593852996826,34.67575740814209,49.40219783782959,33.4033088684082,24.21800136566162,28.794986248016357,74.64484786987305,90.64641571044922,69.03487586975098,51.51018142700195,123.52333450317381,54.42127799987793,130.59119033813477,592.9909210205078,194.79752731323242,394.5232391357422,238.06794357299805,89.92705535888672,104.32699775695801,44.88506317138672,607.4134521484375,212.7995719909668,504.3596496582031,182.0881805419922,28.107857704162598,27.699999809265137,590.9382476806641,104.41422271728516,88.40481948852539,92.53039741516113,71.76000022888184,47.41565132141113,199.82667541503906,111.11189842224121,93.46099853515625,542.947265625,294.21753692626953,176.53271865844727,404.5431900024414,43.07023811340332,46.14676284790039,45.728617668151855,50.28763675689697,140.94913482666016,115.79523849487305,79.92868614196777,42.98879909515381,39.81468200683594,143.2992935180664,109.32019805908203,93.4423614501953,69.39398803710938,20.607257461547853,428.5821472167969,133.48401794433593,41.62751770019531,73.73515930175782,30.908015060424805,63.712266540527345,34.83555603027344,49.89570922851563,32.85855560302734,24.704809188842773,29.15636444091797,74.30311737060546,89.54430541992187,68.44373016357422,51.57005844116211,119.16093444824219,53.19316482543945,128.46196746826172,584.9355224609375,190.5331787109375,390.65460205078125,229.47044982910157,89.48621826171875,102.9468505859375,45.649147033691406,586.3716796875,209.36859436035155,500.1369567871094,178.88983459472655,27.54679756164551,28.297999954223634,582.7975830078125,103.79401397705078,85.93001403808594,90.46131286621093,72.7699981689453,46.96334457397461,195.79169921875,108.7441909790039,90.71893920898438,535.5650146484375,289.30205688476565,172.94797058105468,400.63453369140626,43.16560668945313,45.23648300170898,46.263606262207034,49.13368682861328,137.4127624511719,114.99305572509766,78.11727752685547,41.742103576660156,38.97651519775391,139.74224243164062,106.7424301147461,93.44427032470703,69.37486724853515,20.179278945922853,430.52548828125,131.98814086914064,41.648641967773436,74.04376525878907,31.118515396118163,64.23761520385742,35.23529968261719,49.95311508178711,32.689057159423825,24.955010986328126,29.246709442138673,74.23205871582032,89.38932342529297,68.75685272216796,51.58526382446289,120.24616394042968,53.22294998168945,128.9011016845703,587.6470947265625,190.24198303222656,393.8247314453125,231.6375732421875,89.4510284423828,103.08353881835937,46.040785217285155,587.8582885742187,208.48826904296874,505.4692626953125,180.4593963623047,27.569678115844727,27.805999755859375,585.5203247070312,103.65532836914062,86.08587951660157,90.7849136352539,70.68000183105468,47.03381195068359,196.6881408691406,108.84304656982422,89.88607940673828,538.0819091796875,290.40697021484374,172.7805969238281,403.6190673828125,43.28517227172851,45.10188217163086,45.310700225830075,48.89013137817383,138.6632080078125,116.14200439453126,77.80233459472656,41.26771774291992,37.94959945678711,142.77296447753906,107.17684173583984
week205,2024-12-02,2024-12-06,2024,94.89504699707031,70.45054168701172,20.261935806274415,440.34755859375,134.26058044433594,41.932867431640624,75.95258331298828,32.44446487426758,66.90955657958985,35.221780395507814,50.65866317749023,33.81152496337891,23.069424438476563,29.27362174987793,74.91212768554688,91.11342315673828,70.48758697509766,52.028177642822264,122.59229736328125,54.91669464111328,131.7958526611328,599.1582641601562,192.7142120361328,405.6574401855469,236.5653564453125,90.25910034179688,105.14118041992188,45.543556213378906,601.9346801757813,213.34188537597657,517.2802185058594,183.8788635253906,27.691711807250975,28.28200035095215,596.8920776367188,104.8689971923828,89.57567291259765,92.06951446533203,71.53399963378907,48.18408889770508,199.17196044921872,109.59512939453126,91.54036865234374,548.5393310546875,296.8828125,174.4815246582031,416.0643615722656,43.76344299316406,45.53300018310547,44.610171508789065,49.56580581665039,139.19518127441407,118.52919464111328,79.8832794189453,42.06728668212891,38.80295257568359,142.84732055664062,112.33930816650391,94.41123008728027,70.09561157226562,20.374900341033936,440.2391357421875,136.73000717163086,41.503167152404785,74.38333702087402,31.29704475402832,64.50593852996826,34.67575740814209,49.40219783782959,33.4033088684082,24.21800136566162,28.794986248016357,74.64484786987305,90.64641571044922,69.03487586975098,51.51018142700195,123.52333450317381,54.42127799987793,130.59119033813477,592.9909210205078,194.79752731323242,394.5232391357422,238.06794357299805,89.92705535888672,104.32699775695801,44.88506317138672,607.4134521484375,212.7995719909668,504.3596496582031,182.0881805419922,28.107857704162598,27.699999809265137,590.9382476806641,104.41422271728516,88.40481948852539,92.53039741516113,71.76000022888184,47.41565132141113,199.82667541503906,111.11189842224121,93.46099853515625,542.947265625,294.21753692626953,176.53271865844727,404.5431900024414,43.07023811340332,46.14676284790039,45.728617668151855,50.28763675689697,140.94913482666016,115.79523849487305,79.92868614196777,42.98879909515381,39.81468200683594,143.2992935180664,109.32019805908203,93.4423614501953,69.39398803710938,20.607257461547853,428.5821472167969,133.48401794433593,41.62751770019531,73.73515930175782,30.908015060424805,63.712266540527345,34.83555603027344,49.89570922851563,32.85855560302734,24.704809188842773,29.15636444091797,74.30311737060546,89.54430541992187,68.44373016357422,51.57005844116211,119.16093444824219,53.19316482543945,128.46196746826172,584.9355224609375,190.5331787109375,390.65460205078125,229.47044982910157,89.48621826171875,102.9468505859375,45.649147033691406,586.3716796875,209.36859436035155,500.1369567871094,178.88983459472655,27.54679756164551,28.297999954223634,582.7975830078125,103.79401397705078,85.93001403808594,90.46131286621093,72.7699981689453,46.96334457397461,195.79169921875,108.7441909790039,90.71893920898438,535.5650146484375,289.30205688476565,172.94797058105468,400.63453369140626,43.16560668945313,45.23648300170898,46.263606262207034,49.13368682861328,137.4127624511719,114.99305572509766,78.11727752685547,41.742103576660156,38.97651519775391,139.74224243164062,106.7424301147461
week206,2024-12-09,2024-12-13,2024,94.48097381591796,70.14181213378906,20.471333694458007,433.9741455078125,131.32416381835938,42.44370574951172,75.65730743408203,32.58217544555664,66.19026184082031,35.681390380859376,50.36792526245117,33.69099044799805,23.35770149230957,30.594192123413087,74.86329193115235,90.59329528808594,70.20862426757813,52.585147857666016,120.91175231933593,55.12915802001953,131.2818817138672,597.94814453125,188.88568420410155,410.387744140625,232.67479553222657,90.15108184814453,104.52205657958984,47.346255493164065,593.8755493164062,209.89559936523438,522.48935546875,182.72785034179688,27.23577003479004,28.592000198364257,595.67255859375,104.4831039428711,87.74459838867188,90.3946304321289,72.66399993896485,47.90413818359375,197.0835174560547,107.11015167236329,90.0728546142578,547.4975830078125,295.77001953125,170.9784912109375,420.60181884765626,44.359378814697266,44.155755615234376,43.22255325317383,48.77621002197266,135.88750915527345,118.23551177978516,79.44853820800782,41.2964111328125,37.5735466003418,139.49179382324218,115.88287811279297,94.89504699707031,70.45054168701172,20.261935806274415,440.34755859375,134.26058044433594,41.932867431640624,75.95258331298828,32.44446487426758,66.90955657958985,35.221780395507814,50.65866317749023,33.81152496337891,23.069424438476563,29.27362174987793,74.91212768554688,91.11342315673828,70.48758697509766,52.028177642822264,122.59229736328125,54.91669464111328,131.7958526611328,599.1582641601562,192.7142120361328,405.6574401855469,236.5653564453125,90.25910034179688,105.14118041992188,45.543556213378906,601.9346801757813,213.34188537597657,517.2802185058594,183.8788635253906,27.691711807250975,28.28200035095215,596.8920776367188,104.8689971923828,89.57567291259765,92.06951446533203,71.53399963378907,48.18408889770508,199.17196044921872,109.59512939453126,91.54036865234374,548.5393310546875,296.8828125,174.4815246582031,416.0643615722656,43.76344299316406,45.53300018310547,44.610171508789065,49.56580581665039,139.19518127441407,118.52919464111328,79.8832794189453,42.06728668212891,38.80295257568359,142.84732055664062,112.33930816650391,94.41123008728027,70.09561157226562,20.374900341033936,440.2391357421875,136.73000717163086,41.503167152404785,74.38333702087402,31.29704475402832,64.50593852996826,34.67575740814209,49.40219783782959,33.4033088684082,24.21800136566162,28.794986248016357,74.64484786987305,90.64641571044922,69.03487586975098,51.51018142700195,123.52333450317381,54.42127799987793,130.59119033813477,592.9909210205078,194.79752731323242,394.5232391357422,238.06794357299805,89.92705535888672,104.32699775695801,44.88506317138672,607.4134521484375,212.7995719909668,504.3596496582031,182.0881805419922,28.107857704162598,27.699999809265137,590.9382476806641,104.41422271728516,88.40481948852539,92.53039741516113,71.76000022888184,47.41565132141113,199.82667541503906,111.11189842224121,93.46099853515625,542.947265625,294.21753692626953,176.53271865844727,404.5431900024414,43.07023811340332,46.14676284790039,45.728617668151855,50.28763675689697,140.94913482666016,115.79523849487305,79.92868614196777,42.98879909515381,39.81468200683594,143.2992935180664,109.32019805908203
week207,2024-12-16,2024-12-20,2024,93.46688232421874,69.39778289794921,20.22152633666992,422.5008483886719,126.99945220947265,41.46965560913086,73.56641540527343,31.826737213134766,64.02208023071289,34.885868835449216,49.86927947998047,32.78531494140625,21.99070930480957,29.56124954223633,74.19760589599609,89.42355194091797,68.24665985107421,51.40248184204101,116.03013305664062,54.10019989013672,128.88004608154296,588.4737426757813,182.9683074951172,408.14088745117186,222.97962341308593,89.31900482177734,102.78432006835938,45.7880973815918,571.2725952148437,207.50763549804688,521.1661804199218,178.4367645263672,26.362228775024413,27.179999923706056,586.436376953125,103.29763488769531,85.33011932373047,88.25148315429688,73.13000030517578,46.54870376586914,194.263037109375,103.4937973022461,86.33545989990235,538.8972290039062,290.4010437011719,166.44013366699218,417.3011047363281,43.277951049804685,42.13182678222656,40.820604705810545,47.62913360595703,131.98700256347655,117.28698425292968,77.84870910644531,39.52702865600586,36.66716079711914,135.0269012451172,115.18227081298828,94.48097381591796,70.14181213378906,20.471333694458007,433.9741455078125,131.32416381835938,42.44370574951172,75.65730743408203,32.58217544555664,66.19026184082031,35.681390380859376,50.36792526245117,33.69099044799805,23.35770149230957,30.594192123413087,74.86329193115235,90.59329528808594,70.20862426757813,52.585147857666016,120.91175231933593,55.12915802001953,131.2818817138672,597.94814453125,188.88568420410155,410.387744140625,232.67479553222657,90.15108184814453,104.52205657958984,47.346255493164065,593.8755493164062,209.89559936523438,522.48935546875,182.72785034179688,27.23577003479004,28.592000198364257,595.67255859375,104.4831039428711,87.74459838867188,90.3946304321289,72.66399993896485,47.90413818359375,197.0835174560547,107.11015167236329,90.0728546142578,547.4975830078125,295.77001953125,170.9784912109375,420.60181884765626,44.359378814697266,44.155755615234376,43.22255325317383,48.77621002197266,135.88750915527345,118.23551177978516,79.44853820800782,41.2964111328125,37.5735466003418,139.49179382324218,115.88287811279297,94.89504699707031,70.45054168701172,20.261935806274415,440.34755859375,134.26058044433594,41.932867431640624,75.95258331298828,32.44446487426758,66.90955657958985,35.221780395507814,50.65866317749023,33.81152496337891,23.069424438476563,29.27362174987793,74.91212768554688,91.11342315673828,70.48758697509766,52.028177642822264,122.59229736328125,54.91669464111328,131.7958526611328,599.1582641601562,192.7142120361328,405.6574401855469,236.5653564453125,90.25910034179688,105.14118041992188,45.543556213378906,601.9346801757813,213.34188537597657,517.2802185058594,183.8788635253906,27.691711807250975,28.28200035095215,596.8920776367188,104.8689971923828,89.57567291259765,92.06951446533203,71.53399963378907,48.18408889770508,199.17196044921872,109.59512939453126,91.54036865234374,548.5393310546875,296.8828125,174.4815246582031,416.0643615722656,43.76344299316406,45.53300018310547,44.610171508789065,49.56580581665039,139.19518127441407,118.52919464111328,79.8832794189453,42.06728668212891,38.80295257568359,142.84732055664062,112.33930816650391
week208,2024-12-23,2024-12-27,2024,93.0129108428955,69.0765438079834,20.321073532104492,424.36753845214844,127.33968925476074,41.483717918395996,73.32349967956543,31.702797889709473,64.03861904144287,34.99618625640869,50.54771041870117,32.68168067932129,21.496938705444336,30.18186044692993,74.1936264038086,88.78202819824219,68.08619499206543,51.41665840148926,114.6122932434082,53.2524995803833,129.62712478637695,593.2788543701172,183.51931762695312,411.9568634033203,220.73515701293942,89.34556198120117,102.14099502563477,46.54057312011719,567.5151062011719,209.41659927368164,523.5920562744141,179.62744140625,26.46470832824707,26.977499961853027,591.1431274414062,102.9097328186035,83.84111022949219,88.47865676879883,73.42249870300293,46.44681644439697,195.1809539794922,104.06721878051758,85.78287315368652,543.2922821044922,292.0550308227539,167.2415542602539,421.0281295776367,43.37389373779297,41.78532886505127,40.848082542419434,48.14736843109131,131.88763427734375,118.8570785522461,77.22799873352051,39.33535289764404,37.05649280548096,136.74970626831055,114.87858390808105,93.46688232421874,69.39778289794921,20.22152633666992,422.5008483886719,126.99945220947265,41.46965560913086,73.56641540527343,31.826737213134766,64.02208023071289,34.885868835449216,49.86927947998047,32.78531494140625,21.99070930480957,29.56124954223633,74.19760589599609,89.42355194091797,68.24665985107421,51.40248184204101,116.03013305664062,54.10019989013672,128.88004608154296,588.4737426757813,182.9683074951172,408.14088745117186,222.97962341308593,89.31900482177734,102.78432006835938,45.7880973815918,571.2725952148437,207.50763549804688,521.1661804199218,178.4367645263672,26.362228775024413,27.179999923706056,586.436376953125,103.29763488769531,85.33011932373047,88.25148315429688,73.13000030517578,46.54870376586914,194.263037109375,103.4937973022461,86.33545989990235,538.8972290039062,290.4010437011719,166.44013366699218,417.3011047363281,43.277951049804685,42.13182678222656,40.820604705810545,47.62913360595703,131.98700256347655,117.28698425292968,77.84870910644531,39.52702865600586,36.66716079711914,135.0269012451172,115.18227081298828,94.48097381591796,70.14181213378906,20.471333694458007,433.9741455078125,131.32416381835938,42.44370574951172,75.65730743408203,32.58217544555664,66.19026184082031,35.681390380859376,50.36792526245117,33.69099044799805,23.35770149230957,30.594192123413087,74.86329193115235,90.59329528808594,70.20862426757813,52.585147857666016,120.91175231933593,55.12915802001953,131.2818817138672,597.94814453125,188.88568420410155,410.387744140625,232.67479553222657,90.15108184814453,104.52205657958984,47.346255493164065,593.8755493164062,209.89559936523438,522.48935546875,182.72785034179688,27.23577003479004,28.592000198364257,595.67255859375,104.4831039428711,87.74459838867188,90.3946304321289,72.66399993896485,47.90413818359375,197.0835174560547,107.11015167236329,90.0728546142578,547.4975830078125,295.77001953125,170.9784912109375,420.60181884765626,44.359378814697266,44.155755615234376,43.22255325317383,48.77621002197266,135.88750915527345,118.23551177978516,79.44853820800782,41.2964111328125,37.5735466003418,139.49179382324218,115.88287811279297
week209,2024-12-30,2025-01-03,2025,93.18839836120605,69.19269371032715,20.732235431671143,418.8629913330078,126.47271728515625,40.93447303771973,72.95420265197754,31.223272800445557,64.1963939666748,34.67516326904297,49.548611640930176,32.575931549072266,21.4068341255188,29.559980869293213,74.37063217163086,89.03957557678223,67.75370216369629,50.800048828125,113.61988067626953,53.015000343322754,127.4830150604248,582.9416351318359,181.9649772644043,402.06134033203125,219.3358917236328,89.56558799743652,102.1362133026123,45.54274940490723,563.5379791259766,206.49757766723633,511.31929779052734,176.6249885559082,26.281879901885986,26.667500019073486,580.9008941650391,103.00152778625488,83.76931190490723,87.49599647521973,76.30500030517578,46.23419189453125,192.34986114501953,103.1645393371582,85.42206573486328,533.8484344482422,287.23140716552734,165.8053207397461,410.81966400146484,42.81264686584473,40.976436614990234,41.65125560760498,47.68875217437744,130.13670349121094,116.11540603637695,76.33489036560059,39.1879301071167,37.041911125183105,135.4623565673828,111.24749755859375,93.0129108428955,69.0765438079834,20.321073532104492,424.36753845214844,127.33968925476074,41.483717918395996,73.32349967956543,31.702797889709473,64.03861904144287,34.99618625640869,50.54771041870117,32.68168067932129,21.496938705444336,30.18186044692993,74.1936264038086,88.78202819824219,68.08619499206543,51.41665840148926,114.6122932434082,53.2524995803833,129.62712478637695,593.2788543701172,183.51931762695312,411.9568634033203,220.73515701293942,89.34556198120117,102.14099502563477,46.54057312011719,567.5151062011719,209.41659927368164,523.5920562744141,179.62744140625,26.46470832824707,26.977499961853027,591.1431274414062,102.9097328186035,83.84111022949219,88.47865676879883,73.42249870300293,46.44681644439697,195.1809539794922,104.06721878051758,85.78287315368652,543.2922821044922,292.0550308227539,167.2415542602539,421.0281295776367,43.37389373779297,41.78532886505127,40.848082542419434,48.14736843109131,131.88763427734375,118.8570785522461,77.22799873352051,39.33535289764404,37.05649280548096,136.74970626831055,114.87858390808105,93.46688232421874,69.39778289794921,20.22152633666992,422.5008483886719,126.99945220947265,41.46965560913086,73.56641540527343,31.826737213134766,64.02208023071289,34.885868835449216,49.86927947998047,32.78531494140625,21.99070930480957,29.56124954223633,74.19760589599609,89.42355194091797,68.24665985107421,51.40248184204101,116.03013305664062,54.10019989013672,128.88004608154296,588.4737426757813,182.9683074951172,408.14088745117186,222.97962341308593,89.31900482177734,102.78432006835938,45.7880973815918,571.2725952148437,207.50763549804688,521.1661804199218,178.4367645263672,26.362228775024413,27.179999923706056,586.436376953125,103.29763488769531,85.33011932373047,88.25148315429688,73.13000030517578,46.54870376586914,194.263037109375,103.4937973022461,86.33545989990235,538.8972290039062,290.4010437011719,166.44013366699218,417.3011047363281,43.277951049804685,42.13182678222656,40.820604705810545,47.62913360595703,131.98700256347655,117.28698425292968,77.84870910644531,39.52702865600586,36.66716079711914,135.0269012451172,115.18227081298828
week210,2025-01-06,2025-01-10,2025,92.67394828796387,68.81514549255371,21.01279354095459,417.8024444580078,125.53349304199219,40.812418937683105,73.38142585754395,31.747061729431152,63.835429191589355,35.16885471343994,50.32303333282471,32.62640380859375,21.71508502960205,28.721054553985596,74.44143486022949,88.44023323059082,68.10787963867188,50.60341262817383,113.28990173339844,52.15250015258789,127.73250579833984,583.8475036621094,182.22772598266602,402.96275329589844,218.9823760986328,89.6545238494873,101.22334671020508,43.89927864074707,565.1041107177734,207.32946395874023,512.9435424804688,176.72647094726562,26.188058376312256,27.394999980926514,581.6619415283203,102.80828285217285,82.40980911254883,87.11918258666992,78.35250091552734,46.52655220031738,191.62734985351562,103.75737953186035,83.94756889343262,534.6757354736328,287.75994873046875,165.89094924926758,411.94701385498047,42.36316394805908,41.046295166015625,42.5088586807251,47.484103202819824,130.42770385742188,116.19739723205566,75.06702423095703,38.56923770904541,36.92524242401123,137.28528594970703,110.6650333404541,93.18839836120605,69.19269371032715,20.732235431671143,418.8629913330078,126.47271728515625,40.93447303771973,72.95420265197754,31.223272800445557,64.1963939666748,34.67516326904297,49.548611640930176,32.575931549072266,21.4068341255188,29.559980869293213,74.37063217163086,89.03957557678223,67.75370216369629,50.800048828125,113.61988067626953,53.015000343322754,127.4830150604248,582.9416351318359,181.9649772644043,402.06134033203125,219.3358917236328,89.56558799743652,102.1362133026123,45.54274940490723,563.5379791259766,206.49757766723633,511.31929779052734,176.6249885559082,26.281879901885986,26.667500019073486,580.9008941650391,103.00152778625488,83.76931190490723,87.49599647521973,76.30500030517578,46.23419189453125,192.34986114501953,103.1645393371582,85.42206573486328,533.8484344482422,287.23140716552734,165.8053207397461,410.81966400146484,42.81264686584473,40.976436614990234,41.65125560760498,47.68875217437744,130.13670349121094,116.11540603637695,76.33489036560059,39.1879301071167,37.041911125183105,135.4623565673828,111.24749755859375,93.0129108428955,69.0765438079834,20.321073532104492,424.36753845214844,127.33968925476074,41.483717918395996,73.32349967956543,31.702797889709473,64.03861904144287,34.99618625640869,50.54771041870117,32.68168067932129,21.496938705444336,30.18186044692993,74.1936264038086,88.78202819824219,68.08619499206543,51.41665840148926,114.6122932434082,53.2524995803833,129.62712478637695,593.2788543701172,183.51931762695312,411.9568634033203,220.73515701293942,89.34556198120117,102.14099502563477,46.54057312011719,567.5151062011719,209.41659927368164,523.5920562744141,179.62744140625,26.46470832824707,26.977499961853027,591.1431274414062,102.9097328186035,83.84111022949219,88.47865676879883,73.42249870300293,46.44681644439697,195.1809539794922,104.06721878051758,85.78287315368652,543.2922821044922,292.0550308227539,167.2415542602539,421.0281295776367,43.37389373779297,41.78532886505127,40.848082542419434,48.14736843109131,131.88763427734375,118.8570785522461,77.22799873352051,39.33535289764404,37.05649280548096,136.74970626831055,114.87858390808105
week211,2025-01-13,2025-01-17,2025,92.75183715820313,68.8843994140625,21.73643798828125,422.604345703125,127.55355072021484,40.56880111694336,73.24143524169922,32.03920478820801,62.91939697265625,35.50106506347656,49.1021240234375,32.55574188232422,22.09541893005371,28.92737236022949,74.63166656494141,88.45419464111328,67.92669372558593,50.21839370727539,114.46355285644532,51.01800003051758,128.03189239501953,584.4285278320312,185.16647033691407,399.5862121582031,219.7210662841797,89.83428344726562,101.37533264160156,44.119388580322266,575.2526123046875,210.0623046875,509.84625244140625,176.81062927246094,26.647058486938477,27.554000091552734,582.2782470703125,103.14886016845703,82.66304779052734,87.78414001464844,82.73999938964843,46.40091171264648,193.4071014404297,105.27340087890624,84.90779724121094,535.1355712890625,288.3976806640625,168.45855712890625,408.0438171386719,42.02495651245117,42.60255508422851,44.63315200805664,48.4121810913086,133.61983642578124,114.46891326904297,74.60806121826172,39.06660919189453,37.40552291870117,138.23656616210937,111.65992889404296,92.67394828796387,68.81514549255371,21.01279354095459,417.8024444580078,125.53349304199219,40.812418937683105,73.38142585754395,31.747061729431152,63.835429191589355,35.16885471343994,50.32303333282471,32.62640380859375,21.71508502960205,28.721054553985596,74.44143486022949,88.44023323059082,68.10787963867188,50.60341262817383,113.28990173339844,52.15250015258789,127.73250579833984,583.8475036621094,182.22772598266602,402.96275329589844,218.9823760986328,89.6545238494873,101.22334671020508,43.89927864074707,565.1041107177734,207.32946395874023,512.9435424804688,176.72647094726562,26.188058376312256,27.394999980926514,581.6619415283203,102.80828285217285,82.40980911254883,87.11918258666992,78.35250091552734,46.52655220031738,191.62734985351562,103.75737953186035,83.94756889343262,534.6757354736328,287.75994873046875,165.89094924926758,411.94701385498047,42.36316394805908,41.046295166015625,42.5088586807251,47.484103202819824,130.42770385742188,116.19739723205566,75.06702423095703,38.56923770904541,36.92524242401123,137.28528594970703,110.6650333404541,93.18839836120605,69.19269371032715,20.732235431671143,418.8629913330078,126.47271728515625,40.93447303771973,72.95420265197754,31.223272800445557,64.1963939666748,34.67516326904297,49.548611640930176,32.575931549072266,21.4068341255188,29.559980869293213,74.37063217163086,89.03957557678223,67.75370216369629,50.800048828125,113.61988067626953,53.015000343322754,127.4830150604248,582.9416351318359,181.9649772644043,402.06134033203125,219.3358917236328,89.56558799743652,102.1362133026123,45.54274940490723,563.5379791259766,206.49757766723633,511.31929779052734,176.6249885559082,26.281879901885986,26.667500019073486,580.9008941650391,103.00152778625488,83.76931190490723,87.49599647521973,76.30500030517578,46.23419189453125,192.34986114501953,103.1645393371582,85.42206573486328,533.8484344482422,287.23140716552734,165.8053207397461,410.81966400146484,42.81264686584473,40.976436614990234,41.65125560760498,47.68875217437744,130.13670349121094,116.11540603637695,76.33489036560059,39.1879301071167,37.041911125183105,135.4623565673828,111.24749755859375
week212,2025-01-21,2025-01-24,2025,93.3013858795166,69.2840690612793,21.581164836883545,435.91917419433594,129.94062423706055,41.67656326293945,75.9109935760498,33.71188831329346,64.75337791442871,37.5400333404541,51.02574825286865,33.74639415740967,22.89829444885254,30.03553533554077,75.20376777648926,89.06606101989746,70.35822486877441,51.545321464538574,117.53042030334471,50.80500030517578,131.9614486694336,601.9154205322266,190.09759902954102,412.8831787109375,226.4780731201172,90.53927612304688,102.39669799804688,45.60144519805908,591.8253936767578,220.23602676391602,526.972412109375,181.82296752929688,27.01560640335083,27.942500114440918,599.7594146728516,103.63919639587402,83.65921401977539,89.45638465881348,80.08749961853027,48.002859115600586,198.28976440429688,108.30739784240723,87.11785507202148,551.1654663085938,297.1775207519531,173.0819091796875,421.33172607421875,43.07747745513916,43.683770179748535,44.60629940032959,49.95718193054199,138.98265075683594,119.07944297790527,75.49289321899414,40.09663391113281,38.46987056732178,140.79112243652344,114.30602836608887,92.75183715820313,68.8843994140625,21.73643798828125,422.604345703125,127.55355072021484,40.56880111694336,73.24143524169922,32.03920478820801,62.91939697265625,35.50106506347656,49.1021240234375,32.55574188232422,22.09541893005371,28.92737236022949,74.63166656494141,88.45419464111328,67.92669372558593,50.21839370727539,114.46355285644532,51.01800003051758,128.03189239501953,584.4285278320312,185.16647033691407,399.5862121582031,219.7210662841797,89.83428344726562,101.37533264160156,44.119388580322266,575.2526123046875,210.0623046875,509.84625244140625,176.81062927246094,26.647058486938477,27.554000091552734,582.2782470703125,103.14886016845703,82.66304779052734,87.78414001464844,82.73999938964843,46.40091171264648,193.4071014404297,105.27340087890624,84.90779724121094,535.1355712890625,288.3976806640625,168.45855712890625,408.0438171386719,42.02495651245117,42.60255508422851,44.63315200805664,48.4121810913086,133.61983642578124,114.46891326904297,74.60806121826172,39.06660919189453,37.40552291870117,138.23656616210937,111.65992889404296,92.67394828796387,68.81514549255371,21.01279354095459,417.8024444580078,125.53349304199219,40.812418937683105,73.38142585754395,31.747061729431152,63.835429191589355,35.16885471343994,50.32303333282471,32.62640380859375,21.71508502960205,28.721054553985596,74.44143486022949,88.44023323059082,68.10787963867188,50.60341262817383,113.28990173339844,52.15250015258789,127.73250579833984,583.8475036621094,182.22772598266602,402.96275329589844,218.9823760986328,89.6545238494873,101.22334671020508,43.89927864074707,565.1041107177734,207.32946395874023,512.9435424804688,176.72647094726562,26.188058376312256,27.394999980926514,581.6619415283203,102.80828285217285,82.40980911254883,87.11918258666992,78.35250091552734,46.52655220031738,191.62734985351562,103.75737953186035,83.94756889343262,534.6757354736328,287.75994873046875,165.89094924926758,411.94701385498047,42.36316394805908,41.046295166015625,42.5088586807251,47.484103202819824,130.42770385742188,116.19739723205566,75.06702423095703,38.56923770904541,36.92524242401123,137.28528594970703,110.6650333404541
week213,2025-01-27,2025-01-31,2025,93.76152038574219,69.62699584960937,21.25465316772461,440.5114990234375,130.2758544921875,41.609676361083984,76.60324096679688,34.10288619995117,65.3232650756836,37.75988616943359,48.91473388671875,34.11123428344727,23.671766662597655,31.19052391052246,75.3208251953125,89.59992980957031,71.00489807128906,51.38558502197266,116.95565948486328,50.544000244140626,131.0020294189453,597.7948120117187,190.35641784667968,407.52455444335936,224.37472839355468,90.68439178466797,102.93151397705078,47.392635345458984,584.9875854492187,215.01596374511718,517.811865234375,181.70762329101564,27.00887107849121,28.063999557495116,595.5187133789062,104.26768951416015,84.3557113647461,90.51489715576172,78.06799926757813,48.33387908935547,198.4814483642578,107.6135482788086,87.29392852783204,547.2920532226562,295.18878173828125,173.05841064453125,416.6505981445313,43.020138549804685,43.59577407836914,43.29001693725586,50.74373092651367,136.70346374511718,114.87736511230469,77.17787170410156,40.08165054321289,37.64372024536133,144.25076904296876,114.92864532470703,93.3013858795166,69.2840690612793,21.581164836883545,435.91917419433594,129.94062423706055,41.67656326293945,75.9109935760498,33.71188831329346,64.75337791442871,37.5400333404541,51.02574825286865,33.74639415740967,22.89829444885254,30.03553533554077,75.20376777648926,89.06606101989746,70.35822486877441,51.545321464538574,117.53042030334471,50.80500030517578,131.9614486694336,601.9154205322266,190.09759902954102,412.8831787109375,226.4780731201172,90.53927612304688,102.39669799804688,45.60144519805908,591.8253936767578,220.23602676391602,526.972412109375,181.82296752929688,27.01560640335083,27.942500114440918,599.7594146728516,103.63919639587402,83.65921401977539,89.45638465881348,80.08749961853027,48.002859115600586,198.28976440429688,108.30739784240723,87.11785507202148,551.1654663085938,297.1775207519531,173.0819091796875,421.33172607421875,43.07747745513916,43.683770179748535,44.60629940032959,49.95718193054199,138.98265075683594,119.07944297790527,75.49289321899414,40.09663391113281,38.46987056732178,140.79112243652344,114.30602836608887,92.75183715820313,68.8843994140625,21.73643798828125,422.604345703125,127.55355072021484,40.56880111694336,73.24143524169922,32.03920478820801,62.91939697265625,35.50106506347656,49.1021240234375,32.55574188232422,22.09541893005371,28.92737236022949,74.63166656494141,88.45419464111328,67.92669372558593,50.21839370727539,114.46355285644532,51.01800003051758,128.03189239501953,584.4285278320312,185.16647033691407,399.5862121582031,219.7210662841797,89.83428344726562,101.37533264160156,44.119388580322266,575.2526123046875,210.0623046875,509.84625244140625,176.81062927246094,26.647058486938477,27.554000091552734,582.2782470703125,103.14886016845703,82.66304779052734,87.78414001464844,82.73999938964843,46.40091171264648,193.4071014404297,105.27340087890624,84.90779724121094,535.1355712890625,288.3976806640625,168.45855712890625,408.0438171386719,42.02495651245117,42.60255508422851,44.63315200805664,48.4121810913086,133.61983642578124,114.46891326904297,74.60806121826172,39.06660919189453,37.40552291870117,138.23656616210937,111.65992889404296
week214,2025-02-03,2025-02-07,2025,94.08988494873047,69.86550445556641,21.390094375610353,438.9419921875,129.49172973632812,42.002203369140624,76.7557861328125,33.99271774291992,65.58144073486328,37.53030700683594,49.55721588134766,34.38041687011719,24.13841094970703,31.436348724365235,75.38179168701171,90.01151428222656,71.20535583496094,51.855570220947264,116.28190460205079,50.991999816894534,130.9625,597.4729614257812,190.15604248046876,407.7416931152344,224.4380126953125,90.73386688232422,103.30738830566406,47.87198028564453,581.5568115234375,220.69058837890626,521.7439208984375,181.61654052734374,26.700944900512695,29.129999923706055,595.182666015625,104.88605194091797,85.62709503173828,91.35028228759765,76.5459991455078,48.41312866210937,199.1852874755859,107.15293426513672,87.75768127441407,546.9700317382812,295.12359008789065,172.93117065429686,417.33147583007815,43.41859664916992,43.607537841796876,43.11873931884766,50.89364318847656,135.3776824951172,115.33352813720703,77.06300659179688,40.36779937744141,37.98886337280273,144.74999084472657,113.59022521972656,93.76152038574219,69.62699584960937,21.25465316772461,440.5114990234375,130.2758544921875,41.609676361083984,76.60324096679688,34.10288619995117,65.3232650756836,37.75988616943359,48.91473388671875,34.11123428344727,23.671766662597655,31.19052391052246,75.3208251953125,89.59992980957031,71.00489807128906,51.38558502197266,116.95565948486328,50.544000244140626,131.0020294189453,597.7948120117187,190.35641784667968,407.52455444335936,224.37472839355468,90.68439178466797,102.93151397705078,47.392635345458984,584.9875854492187,215.01596374511718,517.811865234375,181.70762329101564,27.00887107849121,28.063999557495116,595.5187133789062,104.26768951416015,84.3557113647461,90.51489715576172,78.06799926757813,48.33387908935547,198.4814483642578,107.6135482788086,87.29392852783204,547.2920532226562,295.18878173828125,173.05841064453125,416.6505981445313,43.020138549804685,43.59577407836914,43.29001693725586,50.74373092651367,136.70346374511718,114.87736511230469,77.17787170410156,40.08165054321289,37.64372024536133,144.25076904296876,114.92864532470703,93.3013858795166,69.2840690612793,21.581164836883545,435.91917419433594,129.94062423706055,41.67656326293945,75.9109935760498,33.71188831329346,64.75337791442871,37.5400333404541,51.02574825286865,33.74639415740967,22.89829444885254,30.03553533554077,75.20376777648926,89.06606101989746,70.35822486877441,51.545321464538574,117.53042030334471,50.80500030517578,131.9614486694336,601.9154205322266,190.09759902954102,412.8831787109375,226.4780731201172,90.53927612304688,102.39669799804688,45.60144519805908,591.8253936767578,220.23602676391602,526.972412109375,181.82296752929688,27.01560640335083,27.942500114440918,599.7594146728516,103.63919639587402,83.65921401977539,89.45638465881348,80.08749961853027,48.002859115600586,198.28976440429688,108.30739784240723,87.11785507202148,551.1654663085938,297.1775207519531,173.0819091796875,421.33172607421875,43.07747745513916,43.683770179748535,44.60629940032959,49.95718193054199,138.98265075683594,119.07944297790527,75.49289321899414,40.09663391113281,38.46987056732178,140.79112243652344,114.30602836608887
week215,2025-02-10,2025-02-14,2025,93.8853546142578,69.73425598144532,21.701610565185547,438.6702453613281,130.14678039550782,42.87317962646485,78.25228424072266,35.19079360961914,65.81284027099609,38.475859832763675,50.291482543945314,35.0706787109375,24.383115005493163,33.2312629699707,75.43680114746094,89.72755584716796,72.51605072021485,52.816900634765624,115.09396514892578,50.1,131.71936645507813,601.7776611328125,190.56464538574218,411.57041015625,223.18016052246094,90.79035034179688,103.06947479248046,50.62088165283203,576.3731323242188,224.71532592773437,529.2339477539062,182.85613098144532,26.7201904296875,29.261999893188477,599.5493774414062,104.69087982177734,85.0294677734375,91.77782287597657,76.83999938964844,49.3080940246582,200.36098022460936,108.23420715332031,88.20989074707032,551.0162475585937,296.8050476074219,173.42249145507813,422.1534912109375,44.18247680664062,43.79088821411133,43.60063934326172,50.85419464111328,136.20037231445312,118.01482391357422,78.46277160644532,40.69454574584961,38.51581039428711,143.3466827392578,111.82946166992187,94.08988494873047,69.86550445556641,21.390094375610353,438.9419921875,129.49172973632812,42.002203369140624,76.7557861328125,33.99271774291992,65.58144073486328,37.53030700683594,49.55721588134766,34.38041687011719,24.13841094970703,31.436348724365235,75.38179168701171,90.01151428222656,71.20535583496094,51.855570220947264,116.28190460205079,50.991999816894534,130.9625,597.4729614257812,190.15604248046876,407.7416931152344,224.4380126953125,90.73386688232422,103.30738830566406,47.87198028564453,581.5568115234375,220.69058837890626,521.7439208984375,181.61654052734374,26.700944900512695,29.129999923706055,595.182666015625,104.88605194091797,85.62709503173828,91.35028228759765,76.5459991455078,48.41312866210937,199.1852874755859,107.15293426513672,87.75768127441407,546.9700317382812,295.12359008789065,172.93117065429686,417.33147583007815,43.41859664916992,43.607537841796876,43.11873931884766,50.89364318847656,135.3776824951172,115.33352813720703,77.06300659179688,40.36779937744141,37.98886337280273,144.74999084472657,113.59022521972656,93.76152038574219,69.62699584960937,21.25465316772461,440.5114990234375,130.2758544921875,41.609676361083984,76.60324096679688,34.10288619995117,65.3232650756836,37.75988616943359,48.91473388671875,34.11123428344727,23.671766662597655,31.19052391052246,75.3208251953125,89.59992980957031,71.00489807128906,51.38558502197266,116.95565948486328,50.544000244140626,131.0020294189453,597.7948120117187,190.35641784667968,407.52455444335936,224.37472839355468,90.68439178466797,102.93151397705078,47.392635345458984,584.9875854492187,215.01596374511718,517.811865234375,181.70762329101564,27.00887107849121,28.063999557495116,595.5187133789062,104.26768951416015,84.3557113647461,90.51489715576172,78.06799926757813,48.33387908935547,198.4814483642578,107.6135482788086,87.29392852783204,547.2920532226562,295.18878173828125,173.05841064453125,416.6505981445313,43.020138549804685,43.59577407836914,43.29001693725586,50.74373092651367,136.70346374511718,114.87736511230469,77.17787170410156,40.08165054321289,37.64372024536133,144.25076904296876,114.92864532470703
week216,2025-02-18,2025-02-21,2025,94.15837287902832,69.92726135253906,22.096325874328613,435.64783477783203,132.1658706665039,43.75392246246338,79.11638450622559,35.67179584503174,66.57970237731934,38.882487297058105,50.767608642578125,35.186041831970215,24.69563341140747,34.70816421508789,75.60418510437012,89.98544120788574,73.22536849975586,53.827269554138184,114.30939865112305,49.68000030517578,131.96390533447266,603.9073028564453,191.47268295288086,411.3517837524414,221.43479537963867,91.02007102966309,103.4378719329834,53.368804931640625,573.6167755126953,223.75915145874023,532.8476257324219,183.18930435180664,27.111833572387695,29.81500005722046,601.6200714111328,104.91696166992188,85.14189147949219,92.03493881225586,76.8799991607666,49.80293560028076,200.45731735229492,110.28597450256348,88.59956550598145,552.9558868408203,297.17748260498047,174.28079986572266,422.21520233154297,44.93129062652588,43.960753440856934,44.4055061340332,50.916327476501465,135.66079330444336,119.33410263061523,79.2989330291748,40.91833782196045,38.96449279785156,143.61642456054688,110.95130729675293,93.8853546142578,69.73425598144532,21.701610565185547,438.6702453613281,130.14678039550782,42.87317962646485,78.25228424072266,35.19079360961914,65.81284027099609,38.475859832763675,50.291482543945314,35.0706787109375,24.383115005493163,33.2312629699707,75.43680114746094,89.72755584716796,72.51605072021485,52.816900634765624,115.09396514892578,50.1,131.71936645507813,601.7776611328125,190.56464538574218,411.57041015625,223.18016052246094,90.79035034179688,103.06947479248046,50.62088165283203,576.3731323242188,224.71532592773437,529.2339477539062,182.85613098144532,26.7201904296875,29.261999893188477,599.5493774414062,104.69087982177734,85.0294677734375,91.77782287597657,76.83999938964844,49.3080940246582,200.36098022460936,108.23420715332031,88.20989074707032,551.0162475585937,296.8050476074219,173.42249145507813,422.1534912109375,44.18247680664062,43.79088821411133,43.60063934326172,50.85419464111328,136.20037231445312,118.01482391357422,78.46277160644532,40.69454574584961,38.51581039428711,143.3466827392578,111.82946166992187,94.08988494873047,69.86550445556641,21.390094375610353,438.9419921875,129.49172973632812,42.002203369140624,76.7557861328125,33.99271774291992,65.58144073486328,37.53030700683594,49.55721588134766,34.38041687011719,24.13841094970703,31.436348724365235,75.38179168701171,90.01151428222656,71.20535583496094,51.855570220947264,116.28190460205079,50.991999816894534,130.9625,597.4729614257812,190.15604248046876,407.7416931152344,224.4380126953125,90.73386688232422,103.30738830566406,47.87198028564453,581.5568115234375,220.69058837890626,521.7439208984375,181.61654052734374,26.700944900512695,29.129999923706055,595.182666015625,104.88605194091797,85.62709503173828,91.35028228759765,76.5459991455078,48.41312866210937,199.1852874755859,107.15293426513672,87.75768127441407,546.9700317382812,295.12359008789065,172.93117065429686,417.33147583007815,43.41859664916992,43.607537841796876,43.11873931884766,50.89364318847656,135.3776824951172,115.33352813720703,77.06300659179688,40.36779937744141,37.98886337280273,144.74999084472657,113.59022521972656
week217,2025-02-24,2025-02-28,2025,95.32287902832032,70.76686096191406,21.519731521606445,429.09874267578124,132.06375732421876,42.992304992675784,78.98605041503906,35.69245147705078,66.02128753662109,38.588705444335936,49.65091323852539,35.30140762329101,23.5294979095459,34.75303726196289,75.82941589355468,91.48544006347656,73.0268341064453,52.88681640625,110.36980285644532,48.8359992980957,128.21172027587892,588.2790893554687,189.47635803222656,393.99451904296876,212.4824645996094,91.26485595703124,104.80400085449219,53.12717742919922,558.0138305664062,215.02190856933595,508.6582885742188,179.38487243652344,27.245588302612305,28.78400001525879,586.1606201171875,105.972021484375,87.81581420898438,92.37677612304688,74.88999938964844,49.57871017456055,198.31629638671876,108.28885345458984,89.45684051513672,538.6938110351563,288.850146484375,172.94292907714845,404.64133911132814,44.21940612792969,43.33692855834961,43.577415466308594,50.514916229248044,133.17198486328124,113.2087646484375,80.4232192993164,41.365438842773436,38.53817138671875,145.5361572265625,106.86837921142578,94.15837287902832,69.92726135253906,22.096325874328613,435.64783477783203,132.1658706665039,43.75392246246338,79.11638450622559,35.67179584503174,66.57970237731934,38.882487297058105,50.767608642578125,35.186041831970215,24.69563341140747,34.70816421508789,75.60418510437012,89.98544120788574,73.22536849975586,53.827269554138184,114.30939865112305,49.68000030517578,131.96390533447266,603.9073028564453,191.47268295288086,411.3517837524414,221.43479537963867,91.02007102966309,103.4378719329834,53.368804931640625,573.6167755126953,223.75915145874023,532.8476257324219,183.18930435180664,27.111833572387695,29.81500005722046,601.6200714111328,104.91696166992188,85.14189147949219,92.03493881225586,76.8799991607666,49.80293560028076,200.45731735229492,110.28597450256348,88.59956550598145,552.9558868408203,297.17748260498047,174.28079986572266,422.21520233154297,44.93129062652588,43.960753440856934,44.4055061340332,50.916327476501465,135.66079330444336,119.33410263061523,79.2989330291748,40.91833782196045,38.96449279785156,143.61642456054688,110.95130729675293,93.8853546142578,69.73425598144532,21.701610565185547,438.6702453613281,130.14678039550782,42.87317962646485,78.25228424072266,35.19079360961914,65.81284027099609,38.475859832763675,50.291482543945314,35.0706787109375,24.383115005493163,33.2312629699707,75.43680114746094,89.72755584716796,72.51605072021485,52.816900634765624,115.09396514892578,50.1,131.71936645507813,601.7776611328125,190.56464538574218,411.57041015625,223.18016052246094,90.79035034179688,103.06947479248046,50.62088165283203,576.3731323242188,224.71532592773437,529.2339477539062,182.85613098144532,26.7201904296875,29.261999893188477,599.5493774414062,104.69087982177734,85.0294677734375,91.77782287597657,76.83999938964844,49.3080940246582,200.36098022460936,108.23420715332031,88.20989074707032,551.0162475585937,296.8050476074219,173.42249145507813,422.1534912109375,44.18247680664062,43.79088821411133,43.60063934326172,50.85419464111328,136.20037231445312,118.01482391357422,78.46277160644532,40.69454574584961,38.51581039428711,143.3466827392578,111.82946166992187
week218,2025-03-03,2025-03-07,2025,95.50929718017578,70.89657897949219,21.161779403686523,422.5056396484375,129.52448120117188,42.791159057617186,80.59068145751954,37.40202255249024,66.50894622802734,40.16851959228516,48.83251266479492,36.14164276123047,23.146317291259766,35.17054901123047,75.75814971923828,91.81794891357421,74.44739379882813,52.61880950927734,106.46911163330078,48.51999969482422,124.88983459472657,573.9491333007812,186.54351501464845,380.755322265625,204.67823791503906,91.07081604003906,104.84407196044921,53.93325958251953,540.8778564453125,207.11109008789063,492.42262573242186,175.95122680664062,27.116643524169923,29.360000228881837,571.7498168945312,106.21743316650391,87.74908142089843,92.27432250976562,72.25399780273438,50.235921478271486,195.94328918457032,105.6091094970703,89.70507354736328,525.5258178710938,281.47023315429686,170.52164611816406,391.244384765625,44.067797088623045,42.770215606689455,41.98558731079102,49.38662109375,131.5838134765625,108.59351348876953,80.50303802490234,41.50271224975586,37.725389099121095,146.62107849121094,103.44004364013672,95.32287902832032,70.76686096191406,21.519731521606445,429.09874267578124,132.06375732421876,42.992304992675784,78.98605041503906,35.69245147705078,66.02128753662109,38.588705444335936,49.65091323852539,35.30140762329101,23.5294979095459,34.75303726196289,75.82941589355468,91.48544006347656,73.0268341064453,52.88681640625,110.36980285644532,48.8359992980957,128.21172027587892,588.2790893554687,189.47635803222656,393.99451904296876,212.4824645996094,91.26485595703124,104.80400085449219,53.12717742919922,558.0138305664062,215.02190856933595,508.6582885742188,179.38487243652344,27.245588302612305,28.78400001525879,586.1606201171875,105.972021484375,87.81581420898438,92.37677612304688,74.88999938964844,49.57871017456055,198.31629638671876,108.28885345458984,89.45684051513672,538.6938110351563,288.850146484375,172.94292907714845,404.64133911132814,44.21940612792969,43.33692855834961,43.577415466308594,50.514916229248044,133.17198486328124,113.2087646484375,80.4232192993164,41.365438842773436,38.53817138671875,145.5361572265625,106.86837921142578,94.15837287902832,69.92726135253906,22.096325874328613,435.64783477783203,132.1658706665039,43.75392246246338,79.11638450622559,35.67179584503174,66.57970237731934,38.882487297058105,50.767608642578125,35.186041831970215,24.69563341140747,34.70816421508789,75.60418510437012,89.98544120788574,73.22536849975586,53.827269554138184,114.30939865112305,49.68000030517578,131.96390533447266,603.9073028564453,191.47268295288086,411.3517837524414,221.43479537963867,91.02007102966309,103.4378719329834,53.368804931640625,573.6167755126953,223.75915145874023,532.8476257324219,183.18930435180664,27.111833572387695,29.81500005722046,601.6200714111328,104.91696166992188,85.14189147949219,92.03493881225586,76.8799991607666,49.80293560028076,200.45731735229492,110.28597450256348,88.59956550598145,552.9558868408203,297.17748260498047,174.28079986572266,422.21520233154297,44.93129062652588,43.960753440856934,44.4055061340332,50.916327476501465,135.66079330444336,119.33410263061523,79.2989330291748,40.91833782196045,38.96449279785156,143.61642456054688,110.95130729675293
week219,2025-03-10,2025-03-14,2025,95.27122039794922,70.73396606445313,21.18499755859375,408.70603637695314,127.12198638916016,42.84583969116211,79.79898376464844,37.32529907226562,66.18192901611329,39.84944305419922,47.887908935546875,35.757093811035155,23.48397026062012,35.69536590576172,75.1521728515625,91.7288314819336,73.83830871582032,52.63822937011719,102.77921752929687,48.63399963378906,120.34076385498047,553.5255126953125,181.60501403808593,363.3607238769531,198.4898223876953,90.23780670166016,104.05826110839844,54.66304016113281,524.9473266601562,196.38574829101563,471.4589538574219,169.1631652832031,26.65283203125,30.147999572753907,551.4442993164063,105.93530731201172,87.15535736083984,90.4498779296875,71.80800018310546,49.79907150268555,189.73650512695312,103.2494384765625,86.73588562011719,506.7784118652344,271.1936828613281,166.73214721679688,372.11162719726565,44.110558319091794,41.876023101806645,42.59522171020508,47.19314956665039,128.68958892822266,104.44237365722657,78.39657592773438,40.07198486328125,37.814832305908205,142.90445251464843,97.31305389404297,95.50929718017578,70.89657897949219,21.161779403686523,422.5056396484375,129.52448120117188,42.791159057617186,80.59068145751954,37.40202255249024,66.50894622802734,40.16851959228516,48.83251266479492,36.14164276123047,23.146317291259766,35.17054901123047,75.75814971923828,91.81794891357421,74.44739379882813,52.61880950927734,106.46911163330078,48.51999969482422,124.88983459472657,573.9491333007812,186.54351501464845,380.755322265625,204.67823791503906,91.07081604003906,104.84407196044921,53.93325958251953,540.8778564453125,207.11109008789063,492.42262573242186,175.95122680664062,27.116643524169923,29.360000228881837,571.7498168945312,106.21743316650391,87.74908142089843,92.27432250976562,72.25399780273438,50.235921478271486,195.94328918457032,105.6091094970703,89.70507354736328,525.5258178710938,281.47023315429686,170.52164611816406,391.244384765625,44.067797088623045,42.770215606689455,41.98558731079102,49.38662109375,131.5838134765625,108.59351348876953,80.50303802490234,41.50271224975586,37.725389099121095,146.62107849121094,103.44004364013672,95.32287902832032,70.76686096191406,21.519731521606445,429.09874267578124,132.06375732421876,42.992304992675784,78.98605041503906,35.69245147705078,66.02128753662109,38.588705444335936,49.65091323852539,35.30140762329101,23.5294979095459,34.75303726196289,75.82941589355468,91.48544006347656,73.0268341064453,52.88681640625,110.36980285644532,48.8359992980957,128.21172027587892,588.2790893554687,189.47635803222656,393.99451904296876,212.4824645996094,91.26485595703124,104.80400085449219,53.12717742919922,558.0138305664062,215.02190856933595,508.6582885742188,179.38487243652344,27.245588302612305,28.78400001525879,586.1606201171875,105.972021484375,87.81581420898438,92.37677612304688,74.88999938964844,49.57871017456055,198.31629638671876,108.28885345458984,89.45684051513672,538.6938110351563,288.850146484375,172.94292907714845,404.64133911132814,44.21940612792969,43.33692855834961,43.577415466308594,50.514916229248044,133.17198486328124,113.2087646484375,80.4232192993164,41.365438842773436,38.53817138671875,145.5361572265625,106.86837921142578
week220,2025-03-17,2025-03-21,2025,95.4822021484375,70.89657440185547,21.432662200927734,413.5145751953125,129.42233581542968,43.94920883178711,81.49050750732422,38.1318862915039,68.14403381347657,40.40004196166992,48.1001579284668,36.40121231079102,25.250010681152343,36.90498352050781,75.46278839111328,91.88963012695312,75.39186553955078,53.93942413330078,104.51714782714843,50.43199996948242,122.102783203125,560.777294921875,185.15391235351564,367.0408508300781,202.86196899414062,90.6069839477539,104.64761505126953,56.28107833862305,535.6093383789063,201.95389404296876,477.23963623046876,170.63750305175782,26.870304107666016,30.586000061035158,558.7320068359375,106.17878112792968,87.60257415771484,91.57784118652344,72.97200012207031,50.920319366455075,191.2857421875,105.627099609375,87.71534729003906,513.4917907714844,275.1513610839844,169.50576171875,376.3761962890625,45.13815460205078,42.514311981201175,44.61476516723633,48.68044738769531,130.93277282714843,106.32067260742187,77.65094451904297,40.505069732666016,38.38358764648437,144.29007873535156,97.34874267578125,95.27122039794922,70.73396606445313,21.18499755859375,408.70603637695314,127.12198638916016,42.84583969116211,79.79898376464844,37.32529907226562,66.18192901611329,39.84944305419922,47.887908935546875,35.757093811035155,23.48397026062012,35.69536590576172,75.1521728515625,91.7288314819336,73.83830871582032,52.63822937011719,102.77921752929687,48.63399963378906,120.34076385498047,553.5255126953125,181.60501403808593,363.3607238769531,198.4898223876953,90.23780670166016,104.05826110839844,54.66304016113281,524.9473266601562,196.38574829101563,471.4589538574219,169.1631652832031,26.65283203125,30.147999572753907,551.4442993164063,105.93530731201172,87.15535736083984,90.4498779296875,71.80800018310546,49.79907150268555,189.73650512695312,103.2494384765625,86.73588562011719,506.7784118652344,271.1936828613281,166.73214721679688,372.11162719726565,44.110558319091794,41.876023101806645,42.59522171020508,47.19314956665039,128.68958892822266,104.44237365722657,78.39657592773438,40.07198486328125,37.814832305908205,142.90445251464843,97.31305389404297,95.50929718017578,70.89657897949219,21.161779403686523,422.5056396484375,129.52448120117188,42.791159057617186,80.59068145751954,37.40202255249024,66.50894622802734,40.16851959228516,48.83251266479492,36.14164276123047,23.146317291259766,35.17054901123047,75.75814971923828,91.81794891357421,74.44739379882813,52.61880950927734,106.46911163330078,48.51999969482422,124.88983459472657,573.9491333007812,186.54351501464845,380.755322265625,204.67823791503906,91.07081604003906,104.84407196044921,53.93325958251953,540.8778564453125,207.11109008789063,492.42262573242186,175.95122680664062,27.116643524169923,29.360000228881837,571.7498168945312,106.21743316650391,87.74908142089843,92.27432250976562,72.25399780273438,50.235921478271486,195.94328918457032,105.6091094970703,89.70507354736328,525.5258178710938,281.47023315429686,170.52164611816406,391.244384765625,44.067797088623045,42.770215606689455,41.98558731079102,49.38662109375,131.5838134765625,108.59351348876953,80.50303802490234,41.50271224975586,37.725389099121095,146.62107849121094,103.44004364013672
week221,2025-03-24,2025-03-28,2025,95.20929412841797,70.70492858886719,21.492644119262696,417.742431640625,129.6066101074219,43.388736724853516,80.41302947998047,37.1718505859375,67.59709320068359,39.59651565551758,47.30087814331055,36.133948516845706,24.887697982788087,35.46124801635742,75.40180969238281,91.62228088378906,74.39342346191407,53.29076919555664,105.22121887207031,51.726000213623045,123.09529876708984,565.280615234375,186.128857421875,371.0902465820312,203.61321716308595,90.55775756835938,104.18922119140625,53.997825622558594,539.0044555664062,205.37085876464843,482.0885498046875,171.76300659179688,26.906912994384765,30.677999877929686,563.26865234375,106.36042633056641,86.31104125976563,91.98413391113282,75.0739990234375,50.36528015136719,191.970458984375,105.71332092285157,87.49039764404297,517.6502868652344,277.4181213378906,170.0009338378906,381.4474060058594,44.6301887512207,42.50220565795898,45.363545989990236,49.54224624633789,131.683251953125,106.26045074462891,78.1288055419922,40.377115631103514,37.98139953613281,143.37053527832032,100.79102172851563,95.4822021484375,70.89657440185547,21.432662200927734,413.5145751953125,129.42233581542968,43.94920883178711,81.49050750732422,38.1318862915039,68.14403381347657,40.40004196166992,48.1001579284668,36.40121231079102,25.250010681152343,36.90498352050781,75.46278839111328,91.88963012695312,75.39186553955078,53.93942413330078,104.51714782714843,50.43199996948242,122.102783203125,560.777294921875,185.15391235351564,367.0408508300781,202.86196899414062,90.6069839477539,104.64761505126953,56.28107833862305,535.6093383789063,201.95389404296876,477.23963623046876,170.63750305175782,26.870304107666016,30.586000061035158,558.7320068359375,106.17878112792968,87.60257415771484,91.57784118652344,72.97200012207031,50.920319366455075,191.2857421875,105.627099609375,87.71534729003906,513.4917907714844,275.1513610839844,169.50576171875,376.3761962890625,45.13815460205078,42.514311981201175,44.61476516723633,48.68044738769531,130.93277282714843,106.32067260742187,77.65094451904297,40.505069732666016,38.38358764648437,144.29007873535156,97.34874267578125,95.27122039794922,70.73396606445313,21.18499755859375,408.70603637695314,127.12198638916016,42.84583969116211,79.79898376464844,37.32529907226562,66.18192901611329,39.84944305419922,47.887908935546875,35.757093811035155,23.48397026062012,35.69536590576172,75.1521728515625,91.7288314819336,73.83830871582032,52.63822937011719,102.77921752929687,48.63399963378906,120.34076385498047,553.5255126953125,181.60501403808593,363.3607238769531,198.4898223876953,90.23780670166016,104.05826110839844,54.66304016113281,524.9473266601562,196.38574829101563,471.4589538574219,169.1631652832031,26.65283203125,30.147999572753907,551.4442993164063,105.93530731201172,87.15535736083984,90.4498779296875,71.80800018310546,49.79907150268555,189.73650512695312,103.2494384765625,86.73588562011719,506.7784118652344,271.1936828613281,166.73214721679688,372.11162719726565,44.110558319091794,41.876023101806645,42.59522171020508,47.19314956665039,128.68958892822266,104.44237365722657,78.39657592773438,40.07198486328125,37.814832305908205,142.90445251464843,97.31305389404297
week222,2025-03-31,2025-04-04,2025,96.16881103515625,71.39701843261719,21.351397705078124,405.06450805664065,127.07843780517578,41.98462982177735,77.42389831542968,35.961970520019534,63.47207870483398,38.27352066040039,44.75006942749023,35.4590705871582,24.46278533935547,34.16188735961914,74.80897216796875,93.02229156494141,71.59856567382812,51.63417282104492,100.63083190917969,50.89199981689453,117.94246520996094,542.8424011230469,180.90096130371094,351.7645751953125,192.76862182617188,89.7349609375,105.08603515625,52.195875549316405,516.4426086425781,196.18060302734375,456.58770141601565,165.62840270996094,26.353517532348633,29.66999969482422,540.6635070800781,107.48331909179687,88.6668914794922,91.12803955078125,74.46399993896485,48.5437728881836,187.13445129394532,101.76753387451171,86.40794372558594,497.2824279785156,265.8952362060547,165.8032989501953,361.20302734375,43.36549072265625,41.40081100463867,43.600337982177734,47.83177795410156,126.59735717773438,99.71468048095703,79.35984497070312,40.00352554321289,38.26142959594726,140.49187316894532,96.84126129150391,95.20929412841797,70.70492858886719,21.492644119262696,417.742431640625,129.6066101074219,43.388736724853516,80.41302947998047,37.1718505859375,67.59709320068359,39.59651565551758,47.30087814331055,36.133948516845706,24.887697982788087,35.46124801635742,75.40180969238281,91.62228088378906,74.39342346191407,53.29076919555664,105.22121887207031,51.726000213623045,123.09529876708984,565.280615234375,186.128857421875,371.0902465820312,203.61321716308595,90.55775756835938,104.18922119140625,53.997825622558594,539.0044555664062,205.37085876464843,482.0885498046875,171.76300659179688,26.906912994384765,30.677999877929686,563.26865234375,106.36042633056641,86.31104125976563,91.98413391113282,75.0739990234375,50.36528015136719,191.970458984375,105.71332092285157,87.49039764404297,517.6502868652344,277.4181213378906,170.0009338378906,381.4474060058594,44.6301887512207,42.50220565795898,45.363545989990236,49.54224624633789,131.683251953125,106.26045074462891,78.1288055419922,40.377115631103514,37.98139953613281,143.37053527832032,100.79102172851563,95.4822021484375,70.89657440185547,21.432662200927734,413.5145751953125,129.42233581542968,43.94920883178711,81.49050750732422,38.1318862915039,68.14403381347657,40.40004196166992,48.1001579284668,36.40121231079102,25.250010681152343,36.90498352050781,75.46278839111328,91.88963012695312,75.39186553955078,53.93942413330078,104.51714782714843,50.43199996948242,122.102783203125,560.777294921875,185.15391235351564,367.0408508300781,202.86196899414062,90.6069839477539,104.64761505126953,56.28107833862305,535.6093383789063,201.95389404296876,477.23963623046876,170.63750305175782,26.870304107666016,30.586000061035158,558.7320068359375,106.17878112792968,87.60257415771484,91.57784118652344,72.97200012207031,50.920319366455075,191.2857421875,105.627099609375,87.71534729003906,513.4917907714844,275.1513610839844,169.50576171875,376.3761962890625,45.13815460205078,42.514311981201175,44.61476516723633,48.68044738769531,130.93277282714843,106.32067260742187,77.65094451904297,40.505069732666016,38.38358764648437,144.29007873535156,97.34874267578125
week223,2025-04-07,2025-04-11,2025,94.75997314453124,70.35405578613282,19.973762893676756,387.23719482421876,118.62207489013672,39.254522705078124,73.52528381347656,34.45896453857422,61.07203369140625,36.41938018798828,41.43822326660156,33.03834762573242,22.949037170410158,30.39061622619629,73.31576843261719,91.83558349609375,68.20232696533203,48.3714714050293,93.28581848144532,50.15800018310547,112.33578186035156,518.0649047851563,170.50632934570314,338.6109252929688,180.4036834716797,87.7839141845703,102.37865447998047,46.35763931274414,484.7403137207031,189.1786865234375,439.694091796875,158.14025268554687,24.35141944885254,27.961999893188477,517.0967224121093,105.67838745117187,85.2341552734375,87.01164855957032,65.7360008239746,46.23678436279297,178.24068603515624,95.33721618652343,80.20831146240235,474.2273864746094,253.61558532714844,156.44740600585936,347.9101867675781,40.44112091064453,38.4542350769043,38.31852340698242,45.1017562866211,120.66248474121093,95.55027770996094,76.89776916503907,37.28330841064453,36.63607482910156,133.7657958984375,92.46898345947265,96.16881103515625,71.39701843261719,21.351397705078124,405.06450805664065,127.07843780517578,41.98462982177735,77.42389831542968,35.961970520019534,63.47207870483398,38.27352066040039,44.75006942749023,35.4590705871582,24.46278533935547,34.16188735961914,74.80897216796875,93.02229156494141,71.59856567382812,51.63417282104492,100.63083190917969,50.89199981689453,117.94246520996094,542.8424011230469,180.90096130371094,351.7645751953125,192.76862182617188,89.7349609375,105.08603515625,52.195875549316405,516.4426086425781,196.18060302734375,456.58770141601565,165.62840270996094,26.353517532348633,29.66999969482422,540.6635070800781,107.48331909179687,88.6668914794922,91.12803955078125,74.46399993896485,48.5437728881836,187.13445129394532,101.76753387451171,86.40794372558594,497.2824279785156,265.8952362060547,165.8032989501953,361.20302734375,43.36549072265625,41.40081100463867,43.600337982177734,47.83177795410156,126.59735717773438,99.71468048095703,79.35984497070312,40.00352554321289,38.26142959594726,140.49187316894532,96.84126129150391,95.20929412841797,70.70492858886719,21.492644119262696,417.742431640625,129.6066101074219,43.388736724853516,80.41302947998047,37.1718505859375,67.59709320068359,39.59651565551758,47.30087814331055,36.133948516845706,24.887697982788087,35.46124801635742,75.40180969238281,91.62228088378906,74.39342346191407,53.29076919555664,105.22121887207031,51.726000213623045,123.09529876708984,565.280615234375,186.128857421875,371.0902465820312,203.61321716308595,90.55775756835938,104.18922119140625,53.997825622558594,539.0044555664062,205.37085876464843,482.0885498046875,171.76300659179688,26.906912994384765,30.677999877929686,563.26865234375,106.36042633056641,86.31104125976563,91.98413391113282,75.0739990234375,50.36528015136719,191.970458984375,105.71332092285157,87.49039764404297,517.6502868652344,277.4181213378906,170.0009338378906,381.4474060058594,44.6301887512207,42.50220565795898,45.363545989990236,49.54224624633789,131.683251953125,106.26045074462891,78.1288055419922,40.377115631103514,37.98139953613281,143.37053527832032,100.79102172851563
week224,2025-04-14,2025-04-17,2025,95.00901985168457,70.52594184875488,20.400887489318848,394.56768798828125,121.92549514770508,40.94668006896973,77.64644432067871,36.55215644836426,64.34938335418701,37.94617557525635,43.42733955383301,35.16681671142578,23.68314838409424,32.03774166107178,74.09032440185547,91.9361572265625,72.0158634185791,50.42619514465332,94.91754913330078,51.38749980926514,114.86859703063965,529.489990234375,174.63143920898438,345.91661834716797,184.52763748168945,88.7591552734375,102.94998550415039,48.71230220794678,496.714111328125,195.29046249389648,449.3311462402344,161.6833839416504,24.657268047332764,29.524999618530273,527.6051940917969,105.6929759979248,84.92123413085938,89.42325782775879,67.59250259399414,48.85350227355957,182.67324829101562,97.20110511779785,83.44421005249023,484.9063949584961,258.9573211669922,160.05381774902344,355.89178466796875,42.1411657333374,39.80610466003418,38.93827819824219,46.42420482635498,124.48828887939453,98.0396614074707,79.45476913452148,38.88907241821289,37.955942153930664,135.1553077697754,93.05379676818848,94.75997314453124,70.35405578613282,19.973762893676756,387.23719482421876,118.62207489013672,39.254522705078124,73.52528381347656,34.45896453857422,61.07203369140625,36.41938018798828,41.43822326660156,33.03834762573242,22.949037170410158,30.39061622619629,73.31576843261719,91.83558349609375,68.20232696533203,48.3714714050293,93.28581848144532,50.15800018310547,112.33578186035156,518.0649047851563,170.50632934570314,338.6109252929688,180.4036834716797,87.7839141845703,102.37865447998047,46.35763931274414,484.7403137207031,189.1786865234375,439.694091796875,158.14025268554687,24.35141944885254,27.961999893188477,517.0967224121093,105.67838745117187,85.2341552734375,87.01164855957032,65.7360008239746,46.23678436279297,178.24068603515624,95.33721618652343,80.20831146240235,474.2273864746094,253.61558532714844,156.44740600585936,347.9101867675781,40.44112091064453,38.4542350769043,38.31852340698242,45.1017562866211,120.66248474121093,95.55027770996094,76.89776916503907,37.28330841064453,36.63607482910156,133.7657958984375,92.46898345947265,96.16881103515625,71.39701843261719,21.351397705078124,405.06450805664065,127.07843780517578,41.98462982177735,77.42389831542968,35.961970520019534,63.47207870483398,38.27352066040039,44.75006942749023,35.4590705871582,24.46278533935547,34.16188735961914,74.80897216796875,93.02229156494141,71.59856567382812,51.63417282104492,100.63083190917969,50.89199981689453,117.94246520996094,542.8424011230469,180.90096130371094,351.7645751953125,192.76862182617188,89.7349609375,105.08603515625,52.195875549316405,516.4426086425781,196.18060302734375,456.58770141601565,165.62840270996094,26.353517532348633,29.66999969482422,540.6635070800781,107.48331909179687,88.6668914794922,91.12803955078125,74.46399993896485,48.5437728881836,187.13445129394532,101.76753387451171,86.40794372558594,497.2824279785156,265.8952362060547,165.8032989501953,361.20302734375,43.36549072265625,41.40081100463867,43.600337982177734,47.83177795410156,126.59735717773438,99.71468048095703,79.35984497070312,40.00352554321289,38.26142959594726,140.49187316894532,96.84126129150391
week225,2025-04-21,2025-04-25,2025,95.01241607666016,70.55604095458985,20.563900756835938,389.738671875,122.95220031738282,41.881124114990236,79.85112609863282,37.7502326965332,66.49747009277344,39.02840728759766,43.323605346679685,36.10511016845703,24.85924377441406,32.73961334228515,74.75381927490234,91.89193878173828,74.06960754394531,51.593387603759766,96.56014709472656,53.25400009155273,115.60584869384766,532.0392639160157,175.509326171875,348.48414306640626,188.03910217285153,89.58684387207032,103.09015808105468,50.05349349975586,503.046923828125,198.11277770996094,452.79326171875,162.3159942626953,24.714554214477538,30.091999816894532,530.1589721679687,106.20736694335938,84.5280258178711,89.0342529296875,68.70600128173828,50.17885513305664,183.20713500976564,98.20866241455079,84.12366333007813,487.1615356445312,260.6824005126953,160.31420288085937,359.2174865722656,43.14173431396485,40.217647552490234,39.68481292724609,46.879537963867186,124.93899078369141,98.78682708740234,79.65341186523438,39.23104629516602,38.08029022216797,133.9295684814453,94.30916137695313,95.00901985168457,70.52594184875488,20.400887489318848,394.56768798828125,121.92549514770508,40.94668006896973,77.64644432067871,36.55215644836426,64.34938335418701,37.94617557525635,43.42733955383301,35.16681671142578,23.68314838409424,32.03774166107178,74.09032440185547,91.9361572265625,72.0158634185791,50.42619514465332,94.91754913330078,51.38749980926514,114.86859703063965,529.489990234375,174.63143920898438,345.91661834716797,184.52763748168945,88.7591552734375,102.94998550415039,48.71230220794678,496.714111328125,195.29046249389648,449.3311462402344,161.6833839416504,24.657268047332764,29.524999618530273,527.6051940917969,105.6929759979248,84.92123413085938,89.42325782775879,67.59250259399414,48.85350227355957,182.67324829101562,97.20110511779785,83.44421005249023,484.9063949584961,258.9573211669922,160.05381774902344,355.89178466796875,42.1411657333374,39.80610466003418,38.93827819824219,46.42420482635498,124.48828887939453,98.0396614074707,79.45476913452148,38.88907241821289,37.955942153930664,135.1553077697754,93.05379676818848,94.75997314453124,70.35405578613282,19.973762893676756,387.23719482421876,118.62207489013672,39.254522705078124,73.52528381347656,34.45896453857422,61.07203369140625,36.41938018798828,41.43822326660156,33.03834762573242,22.949037170410158,30.39061622619629,73.31576843261719,91.83558349609375,68.20232696533203,48.3714714050293,93.28581848144532,50.15800018310547,112.33578186035156,518.0649047851563,170.50632934570314,338.6109252929688,180.4036834716797,87.7839141845703,102.37865447998047,46.35763931274414,484.7403137207031,189.1786865234375,439.694091796875,158.14025268554687,24.35141944885254,27.961999893188477,517.0967224121093,105.67838745117187,85.2341552734375,87.01164855957032,65.7360008239746,46.23678436279297,178.24068603515624,95.33721618652343,80.20831146240235,474.2273864746094,253.61558532714844,156.44740600585936,347.9101867675781,40.44112091064453,38.4542350769043,38.31852340698242,45.1017562866211,120.66248474121093,95.55027770996094,76.89776916503907,37.28330841064453,36.63607482910156,133.7657958984375,92.46898345947265
week226,2025-04-28,2025-05-02,2025,95.93260803222657,71.20852966308594,20.159510803222656,402.1697937011719,124.93473510742187,42.90247268676758,82.03890228271484,39.03683624267578,68.51121063232422,40.06929321289063,45.86676559448242,36.7473030090332,25.7242431640625,33.23711471557617,75.45930328369141,92.94751281738282,76.04528350830078,52.8285530090332,99.77914886474609,53.57000045776367,120.43960723876953,554.3764404296875,179.99742736816407,368.2345703125,194.73892517089843,90.42088470458984,104.33720245361329,50.90848922729492,519.3705444335938,209.421875,477.07843627929685,168.26602783203126,25.102934646606446,29.626000213623048,552.1791748046875,107.1220947265625,86.31929779052734,91.00546264648438,65.14000015258789,51.43526763916016,188.35530700683594,100.9819091796875,85.97247009277343,507.47471923828124,271.61370849609375,163.9368469238281,380.0019592285156,44.17878799438476,41.23530502319336,39.88473358154297,48.32670288085937,130.1614501953125,105.2161148071289,79.52228698730468,40.18837356567383,38.75099487304688,136.83386840820313,98.79675903320313,95.01241607666016,70.55604095458985,20.563900756835938,389.738671875,122.95220031738282,41.881124114990236,79.85112609863282,37.7502326965332,66.49747009277344,39.02840728759766,43.323605346679685,36.10511016845703,24.85924377441406,32.73961334228515,74.75381927490234,91.89193878173828,74.06960754394531,51.593387603759766,96.56014709472656,53.25400009155273,115.60584869384766,532.0392639160157,175.509326171875,348.48414306640626,188.03910217285153,89.58684387207032,103.09015808105468,50.05349349975586,503.046923828125,198.11277770996094,452.79326171875,162.3159942626953,24.714554214477538,30.091999816894532,530.1589721679687,106.20736694335938,84.5280258178711,89.0342529296875,68.70600128173828,50.17885513305664,183.20713500976564,98.20866241455079,84.12366333007813,487.1615356445312,260.6824005126953,160.31420288085937,359.2174865722656,43.14173431396485,40.217647552490234,39.68481292724609,46.879537963867186,124.93899078369141,98.78682708740234,79.65341186523438,39.23104629516602,38.08029022216797,133.9295684814453,94.30916137695313,95.00901985168457,70.52594184875488,20.400887489318848,394.56768798828125,121.92549514770508,40.94668006896973,77.64644432067871,36.55215644836426,64.34938335418701,37.94617557525635,43.42733955383301,35.16681671142578,23.68314838409424,32.03774166107178,74.09032440185547,91.9361572265625,72.0158634185791,50.42619514465332,94.91754913330078,51.38749980926514,114.86859703063965,529.489990234375,174.63143920898438,345.91661834716797,184.52763748168945,88.7591552734375,102.94998550415039,48.71230220794678,496.714111328125,195.29046249389648,449.3311462402344,161.6833839416504,24.657268047332764,29.524999618530273,527.6051940917969,105.6929759979248,84.92123413085938,89.42325782775879,67.59250259399414,48.85350227355957,182.67324829101562,97.20110511779785,83.44421005249023,484.9063949584961,258.9573211669922,160.05381774902344,355.89178466796875,42.1411657333374,39.80610466003418,38.93827819824219,46.42420482635498,124.48828887939453,98.0396614074707,79.45476913452148,38.88907241821289,37.955942153930664,135.1553077697754,93.05379676818848
week227,2025-05-05,2025-05-09,2025,95.34285736083984,70.79501647949219,20.192404556274415,406.82953491210935,125.53279571533203,43.87304611206055,82.98507385253906,39.947689819335935,68.96827392578125,40.42533416748047,49.41571807861328,36.9241943359375,25.563003921508788,34.033120727539064,75.54903717041016,92.2196029663086,76.94542388916015,53.986035919189455,101.37185821533203,53.03000030517578,121.77537841796875,559.7067016601562,181.7078369140625,372.6437072753906,197.25234985351562,90.47869262695313,103.69449005126953,52.18805084228516,530.2206176757812,214.5928741455078,483.65093994140625,169.7068878173828,24.953407287597656,29.689999389648438,557.7150024414062,106.6262710571289,84.78274230957031,91.43251953125,64.53799896240234,52.029492950439455,189.67890625,102.42941741943359,86.50709075927735,512.5798034667969,274.5324279785156,165.02955322265626,384.985791015625,45.05434951782227,41.388004302978516,39.55608291625977,49.05127792358398,133.45638732910157,107.56064300537109,79.57904205322265,40.47246170043945,39.278743743896484,133.11075134277343,99.39324645996093,95.93260803222657,71.20852966308594,20.159510803222656,402.1697937011719,124.93473510742187,42.90247268676758,82.03890228271484,39.03683624267578,68.51121063232422,40.06929321289063,45.86676559448242,36.7473030090332,25.7242431640625,33.23711471557617,75.45930328369141,92.94751281738282,76.04528350830078,52.8285530090332,99.77914886474609,53.57000045776367,120.43960723876953,554.3764404296875,179.99742736816407,368.2345703125,194.73892517089843,90.42088470458984,104.33720245361329,50.90848922729492,519.3705444335938,209.421875,477.07843627929685,168.26602783203126,25.102934646606446,29.626000213623048,552.1791748046875,107.1220947265625,86.31929779052734,91.00546264648438,65.14000015258789,51.43526763916016,188.35530700683594,100.9819091796875,85.97247009277343,507.47471923828124,271.61370849609375,163.9368469238281,380.0019592285156,44.17878799438476,41.23530502319336,39.88473358154297,48.32670288085937,130.1614501953125,105.2161148071289,79.52228698730468,40.18837356567383,38.75099487304688,136.83386840820313,98.79675903320313,95.01241607666016,70.55604095458985,20.563900756835938,389.738671875,122.95220031738282,41.881124114990236,79.85112609863282,37.7502326965332,66.49747009277344,39.02840728759766,43.323605346679685,36.10511016845703,24.85924377441406,32.73961334228515,74.75381927490234,91.89193878173828,74.06960754394531,51.593387603759766,96.56014709472656,53.25400009155273,115.60584869384766,532.0392639160157,175.509326171875,348.48414306640626,188.03910217285153,89.58684387207032,103.09015808105468,50.05349349975586,503.046923828125,198.11277770996094,452.79326171875,162.3159942626953,24.714554214477538,30.091999816894532,530.1589721679687,106.20736694335938,84.5280258178711,89.0342529296875,68.70600128173828,50.17885513305664,183.20713500976564,98.20866241455079,84.12366333007813,487.1615356445312,260.6824005126953,160.31420288085937,359.2174865722656,43.14173431396485,40.217647552490234,39.68481292724609,46.879537963867186,124.93899078369141,98.78682708740234,79.65341186523438,39.23104629516602,38.08029022216797,133.9295684814453,94.30916137695313
week228,2025-05-12,2025-05-16,2025,94.89088287353516,70.44819030761718,20.66258010864258,418.45298461914064,128.21824493408204,45.05257568359375,83.67056427001953,39.93982086181641,69.0925796508789,40.882546997070314,51.24564666748047,37.03379135131836,26.562685394287108,35.016423034667966,76.3573974609375,91.38505706787109,77.61811676025391,55.452308654785156,106.43254089355469,54.34599990844727,127.51088256835938,585.5458862304688,186.48395385742188,396.36656494140624,206.39821166992186,91.56422882080078,103.54501647949219,53.67695693969726,554.313818359375,226.14822692871093,514.7358276367188,175.9962951660156,25.586466979980468,29.543999862670898,583.335888671875,106.04977569580078,83.45849914550782,91.64604949951172,68.3219985961914,52.5596321105957,194.71448669433593,106.47733917236329,86.53819580078125,536.1780395507812,287.3256469726563,168.57935485839843,409.9567016601562,46.27429428100586,42.47264938354492,41.611856842041014,50.63306655883789,140.13336791992188,115.86156921386718,79.00756225585937,40.27398910522461,39.34924087524414,130.2498550415039,107.08599090576172,95.34285736083984,70.79501647949219,20.192404556274415,406.82953491210935,125.53279571533203,43.87304611206055,82.98507385253906,39.947689819335935,68.96827392578125,40.42533416748047,49.41571807861328,36.9241943359375,25.563003921508788,34.033120727539064,75.54903717041016,92.2196029663086,76.94542388916015,53.986035919189455,101.37185821533203,53.03000030517578,121.77537841796875,559.7067016601562,181.7078369140625,372.6437072753906,197.25234985351562,90.47869262695313,103.69449005126953,52.18805084228516,530.2206176757812,214.5928741455078,483.65093994140625,169.7068878173828,24.953407287597656,29.689999389648438,557.7150024414062,106.6262710571289,84.78274230957031,91.43251953125,64.53799896240234,52.029492950439455,189.67890625,102.42941741943359,86.50709075927735,512.5798034667969,274.5324279785156,165.02955322265626,384.985791015625,45.05434951782227,41.388004302978516,39.55608291625977,49.05127792358398,133.45638732910157,107.56064300537109,79.57904205322265,40.47246170043945,39.278743743896484,133.11075134277343,99.39324645996093,95.93260803222657,71.20852966308594,20.159510803222656,402.1697937011719,124.93473510742187,42.90247268676758,82.03890228271484,39.03683624267578,68.51121063232422,40.06929321289063,45.86676559448242,36.7473030090332,25.7242431640625,33.23711471557617,75.45930328369141,92.94751281738282,76.04528350830078,52.8285530090332,99.77914886474609,53.57000045776367,120.43960723876953,554.3764404296875,179.99742736816407,368.2345703125,194.73892517089843,90.42088470458984,104.33720245361329,50.90848922729492,519.3705444335938,209.421875,477.07843627929685,168.26602783203126,25.102934646606446,29.626000213623048,552.1791748046875,107.1220947265625,86.31929779052734,91.00546264648438,65.14000015258789,51.43526763916016,188.35530700683594,100.9819091796875,85.97247009277343,507.47471923828124,271.61370849609375,163.9368469238281,380.0019592285156,44.17878799438476,41.23530502319336,39.88473358154297,48.32670288085937,130.1614501953125,105.2161148071289,79.52228698730468,40.18837356567383,38.75099487304688,136.83386840820313,98.79675903320313
week229,2025-05-19,2025-05-23,2025,94.73112030029297,70.32738952636718,20.643231201171876,417.24114990234375,127.87261962890625,45.136549377441405,85.05699462890625,40.90182342529297,69.47122650146484,41.555718994140626,51.29153823852539,38.027845001220705,26.4014461517334,35.13543167114258,76.11103973388671,91.28172149658204,78.90568237304687,55.71448974609375,104.44857940673828,54.25,126.9975799560547,583.6918579101563,185.91580200195312,394.80512084960935,203.5755645751953,91.24641723632813,103.29071807861328,53.690653228759764,546.8394287109375,226.31105041503906,513.8748962402344,175.5596710205078,25.423348236083985,30.108000183105467,581.4879516601562,106.0712677001953,82.40803680419921,92.2550033569336,67.97799987792969,53.384942626953126,194.27790222167968,105.70939331054687,85.84999084472656,534.4730834960938,286.1597412109375,168.21708984375,408.515380859375,46.476646423339844,42.55047760009766,40.34796676635742,50.19159164428711,140.7943359375,114.85208129882812,80.13486785888672,40.08719253540039,39.92105407714844,130.52410278320312,106.1803192138672,94.89088287353516,70.44819030761718,20.66258010864258,418.45298461914064,128.21824493408204,45.05257568359375,83.67056427001953,39.93982086181641,69.0925796508789,40.882546997070314,51.24564666748047,37.03379135131836,26.562685394287108,35.016423034667966,76.3573974609375,91.38505706787109,77.61811676025391,55.452308654785156,106.43254089355469,54.34599990844727,127.51088256835938,585.5458862304688,186.48395385742188,396.36656494140624,206.39821166992186,91.56422882080078,103.54501647949219,53.67695693969726,554.313818359375,226.14822692871093,514.7358276367188,175.9962951660156,25.586466979980468,29.543999862670898,583.335888671875,106.04977569580078,83.45849914550782,91.64604949951172,68.3219985961914,52.5596321105957,194.71448669433593,106.47733917236329,86.53819580078125,536.1780395507812,287.3256469726563,168.57935485839843,409.9567016601562,46.27429428100586,42.47264938354492,41.611856842041014,50.63306655883789,140.13336791992188,115.86156921386718,79.00756225585937,40.27398910522461,39.34924087524414,130.2498550415039,107.08599090576172,95.34285736083984,70.79501647949219,20.192404556274415,406.82953491210935,125.53279571533203,43.87304611206055,82.98507385253906,39.947689819335935,68.96827392578125,40.42533416748047,49.41571807861328,36.9241943359375,25.563003921508788,34.033120727539064,75.54903717041016,92.2196029663086,76.94542388916015,53.986035919189455,101.37185821533203,53.03000030517578,121.77537841796875,559.7067016601562,181.7078369140625,372.6437072753906,197.25234985351562,90.47869262695313,103.69449005126953,52.18805084228516,530.2206176757812,214.5928741455078,483.65093994140625,169.7068878173828,24.953407287597656,29.689999389648438,557.7150024414062,106.6262710571289,84.78274230957031,91.43251953125,64.53799896240234,52.029492950439455,189.67890625,102.42941741943359,86.50709075927735,512.5798034667969,274.5324279785156,165.02955322265626,384.985791015625,45.05434951782227,41.388004302978516,39.55608291625977,49.05127792358398,133.45638732910157,107.56064300537109,79.57904205322265,40.47246170043945,39.278743743896484,133.11075134277343,99.39324645996093
week230,2025-05-27,2025-05-30,2025,95.25226974487306,70.70441055297852,20.386374950408936,418.09486389160156,127.37212944030762,44.82555675506592,85.71062660217285,41.28839588165283,70.9279899597168,41.49929904937744,50.69351291656494,38.322500228881836,26.222660541534424,34.49843215942383,76.47673225402832,91.86862754821777,79.55476188659668,55.49746036529541,104.53108024597168,54.43000030517578,127.61939239501953,586.6327972412109,185.99471282958984,398.24658203125,204.26536178588864,91.68675804138184,104.20550155639648,52.34897422790527,546.2198333740234,229.0018081665039,517.9408264160156,175.62317657470703,25.40732765197754,30.1274995803833,584.4898223876953,106.43427276611328,83.37694931030273,92.05531311035156,67.37750053405762,53.93158721923828,195.02513885498047,105.23900032043457,86.45508575439453,537.1862030029297,287.5323486328125,168.4607391357422,411.9571838378906,46.093345642089844,42.592838287353516,40.001272201538086,50.31680774688721,141.36130905151367,115.23288154602051,80.5018310546875,40.3848991394043,39.802823066711426,130.3780975341797,106.93587303161621,94.73112030029297,70.32738952636718,20.643231201171876,417.24114990234375,127.87261962890625,45.136549377441405,85.05699462890625,40.90182342529297,69.47122650146484,41.555718994140626,51.29153823852539,38.027845001220705,26.4014461517334,35.13543167114258,76.11103973388671,91.28172149658204,78.90568237304687,55.71448974609375,104.44857940673828,54.25,126.9975799560547,583.6918579101563,185.91580200195312,394.80512084960935,203.5755645751953,91.24641723632813,103.29071807861328,53.690653228759764,546.8394287109375,226.31105041503906,513.8748962402344,175.5596710205078,25.423348236083985,30.108000183105467,581.4879516601562,106.0712677001953,82.40803680419921,92.2550033569336,67.97799987792969,53.384942626953126,194.27790222167968,105.70939331054687,85.84999084472656,534.4730834960938,286.1597412109375,168.21708984375,408.515380859375,46.476646423339844,42.55047760009766,40.34796676635742,50.19159164428711,140.7943359375,114.85208129882812,80.13486785888672,40.08719253540039,39.92105407714844,130.52410278320312,106.1803192138672,94.89088287353516,70.44819030761718,20.66258010864258,418.45298461914064,128.21824493408204,45.05257568359375,83.67056427001953,39.93982086181641,69.0925796508789,40.882546997070314,51.24564666748047,37.03379135131836,26.562685394287108,35.016423034667966,76.3573974609375,91.38505706787109,77.61811676025391,55.452308654785156,106.43254089355469,54.34599990844727,127.51088256835938,585.5458862304688,186.48395385742188,396.36656494140624,206.39821166992186,91.56422882080078,103.54501647949219,53.67695693969726,554.313818359375,226.14822692871093,514.7358276367188,175.9962951660156,25.586466979980468,29.543999862670898,583.335888671875,106.04977569580078,83.45849914550782,91.64604949951172,68.3219985961914,52.5596321105957,194.71448669433593,106.47733917236329,86.53819580078125,536.1780395507812,287.3256469726563,168.57935485839843,409.9567016601562,46.27429428100586,42.47264938354492,41.611856842041014,50.63306655883789,140.13336791992188,115.86156921386718,79.00756225585937,40.27398910522461,39.34924087524414,130.2498550415039,107.08599090576172
week231,2025-06-02,2025-06-06,2025,95.39784545898438,70.80836944580078,20.759323120117188,420.82216796875,127.23572235107422,45.3123062133789,86.40674133300782,41.7084098815918,70.84623565673829,41.85728530883789,51.207403564453124,38.668113708496094,26.10362892150879,35.2427360534668,76.69479217529297,91.96535797119141,80.21251831054687,56.151458740234375,105.16390686035156,54.30199966430664,128.93980712890624,592.5023681640625,186.9929443359375,403.6094482421875,206.86402282714843,92.02876281738281,104.54452819824219,53.16239242553711,548.3984741210937,231.47809143066405,524.92138671875,177.82616577148437,25.584525680541994,31.90200004577637,590.2437255859375,106.358447265625,83.4846405029297,92.42899169921876,70.01799926757812,54.472409057617185,197.25697631835936,106.22004699707031,87.00088195800781,542.4865234375,290.46644287109376,169.37476196289063,417.7773071289063,46.492211151123044,43.1484619140625,40.316758728027345,50.439055633544925,142.25678100585938,117.54405517578125,80.44214324951172,40.63590621948242,39.90538787841797,131.5086456298828,105.99938201904297,95.25226974487306,70.70441055297852,20.386374950408936,418.09486389160156,127.37212944030762,44.82555675506592,85.71062660217285,41.28839588165283,70.9279899597168,41.49929904937744,50.69351291656494,38.322500228881836,26.222660541534424,34.49843215942383,76.47673225402832,91.86862754821777,79.55476188659668,55.49746036529541,104.53108024597168,54.43000030517578,127.61939239501953,586.6327972412109,185.99471282958984,398.24658203125,204.26536178588864,91.68675804138184,104.20550155639648,52.34897422790527,546.2198333740234,229.0018081665039,517.9408264160156,175.62317657470703,25.40732765197754,30.1274995803833,584.4898223876953,106.43427276611328,83.37694931030273,92.05531311035156,67.37750053405762,53.93158721923828,195.02513885498047,105.23900032043457,86.45508575439453,537.1862030029297,287.5323486328125,168.4607391357422,411.9571838378906,46.093345642089844,42.592838287353516,40.001272201538086,50.31680774688721,141.36130905151367,115.23288154602051,80.5018310546875,40.3848991394043,39.802823066711426,130.3780975341797,106.93587303161621,94.73112030029297,70.32738952636718,20.643231201171876,417.24114990234375,127.87261962890625,45.136549377441405,85.05699462890625,40.90182342529297,69.47122650146484,41.555718994140626,51.29153823852539,38.027845001220705,26.4014461517334,35.13543167114258,76.11103973388671,91.28172149658204,78.90568237304687,55.71448974609375,104.44857940673828,54.25,126.9975799560547,583.6918579101563,185.91580200195312,394.80512084960935,203.5755645751953,91.24641723632813,103.29071807861328,53.690653228759764,546.8394287109375,226.31105041503906,513.8748962402344,175.5596710205078,25.423348236083985,30.108000183105467,581.4879516601562,106.0712677001953,82.40803680419921,92.2550033569336,67.97799987792969,53.384942626953126,194.27790222167968,105.70939331054687,85.84999084472656,534.4730834960938,286.1597412109375,168.21708984375,408.515380859375,46.476646423339844,42.55047760009766,40.34796676635742,50.19159164428711,140.7943359375,114.85208129882812,80.13486785888672,40.08719253540039,39.92105407714844,130.52410278320312,106.1803192138672
week232,2025-06-09,2025-06-13,2025,95.6284896850586,70.98822174072265,21.260457229614257,423.56431274414064,128.19689025878907,46.41567611694336,86.68093872070312,41.366102600097655,70.6224853515625,41.985693359375,53.335627746582034,38.88922882080078,26.5285400390625,36.19677200317383,76.8378921508789,92.07882232666016,80.48622131347656,57.528394317626955,107.06685943603516,54.934000396728514,130.14873352050782,598.0366333007812,188.45084533691406,407.591845703125,210.74120178222657,92.26557312011718,104.97900085449218,54.31869354248047,552.6933471679688,229.9013641357422,529.6943481445312,178.80460510253906,26.09524574279785,33.12000045776367,595.78544921875,106.2428482055664,83.99136505126953,92.18975677490235,74.74800109863281,54.79670791625976,198.69713439941407,108.37461547851562,87.78628387451172,547.623291015625,293.2721435546875,171.08568115234374,421.1942138671875,47.50396957397461,43.45681304931641,41.89662246704101,50.2885986328125,142.428955078125,119.71336517333984,79.80019836425781,40.902479553222655,39.72816619873047,133.8743103027344,106.42090301513672,95.39784545898438,70.80836944580078,20.759323120117188,420.82216796875,127.23572235107422,45.3123062133789,86.40674133300782,41.7084098815918,70.84623565673829,41.85728530883789,51.207403564453124,38.668113708496094,26.10362892150879,35.2427360534668,76.69479217529297,91.96535797119141,80.21251831054687,56.151458740234375,105.16390686035156,54.30199966430664,128.93980712890624,592.5023681640625,186.9929443359375,403.6094482421875,206.86402282714843,92.02876281738281,104.54452819824219,53.16239242553711,548.3984741210937,231.47809143066405,524.92138671875,177.82616577148437,25.584525680541994,31.90200004577637,590.2437255859375,106.358447265625,83.4846405029297,92.42899169921876,70.01799926757812,54.472409057617185,197.25697631835936,106.22004699707031,87.00088195800781,542.4865234375,290.46644287109376,169.37476196289063,417.7773071289063,46.492211151123044,43.1484619140625,40.316758728027345,50.439055633544925,142.25678100585938,117.54405517578125,80.44214324951172,40.63590621948242,39.90538787841797,131.5086456298828,105.99938201904297,95.25226974487306,70.70441055297852,20.386374950408936,418.09486389160156,127.37212944030762,44.82555675506592,85.71062660217285,41.28839588165283,70.9279899597168,41.49929904937744,50.69351291656494,38.322500228881836,26.222660541534424,34.49843215942383,76.47673225402832,91.86862754821777,79.55476188659668,55.49746036529541,104.53108024597168,54.43000030517578,127.61939239501953,586.6327972412109,185.99471282958984,398.24658203125,204.26536178588864,91.68675804138184,104.20550155639648,52.34897422790527,546.2198333740234,229.0018081665039,517.9408264160156,175.62317657470703,25.40732765197754,30.1274995803833,584.4898223876953,106.43427276611328,83.37694931030273,92.05531311035156,67.37750053405762,53.93158721923828,195.02513885498047,105.23900032043457,86.45508575439453,537.1862030029297,287.5323486328125,168.4607391357422,411.9571838378906,46.093345642089844,42.592838287353516,40.001272201538086,50.31680774688721,141.36130905151367,115.23288154602051,80.5018310546875,40.3848991394043,39.802823066711426,130.3780975341797,106.93587303161621
week233,2025-06-16,2025-06-20,2025,95.81858444213867,71.12408447265625,22.27046489715576,419.2347640991211,127.53190231323242,46.03372859954834,85.55962181091309,40.53750038146973,69.94298362731934,41.51692199707031,53.296427726745605,38.491554260253906,27.0931453704834,35.65793991088867,76.94135093688965,92.34683799743652,79.54100036621094,57.029518127441406,105.42720222473145,54.02000141143799,129.55889129638672,595.5405883789062,187.66553497314453,405.68018341064453,208.25394821166992,92.38494110107422,105.15240287780762,53.56529903411865,548.9591827392578,229.3940887451172,527.9102172851562,176.40402603149414,25.968050479888916,33.19000053405762,593.2552337646484,106.7375316619873,84.07223892211914,91.36871337890625,81.56999969482422,54.25623416900635,197.2475929260254,108.29690742492676,87.28860664367676,545.2947692871094,291.973876953125,170.64367294311523,418.87723541259766,46.929430961608894,42.953651428222656,43.10004806518555,49.82683181762695,141.18815231323242,120.2765998840332,79.06823348999023,40.70595645904541,39.49684429168701,131.95159530639648,105.06438255310059,95.6284896850586,70.98822174072265,21.260457229614257,423.56431274414064,128.19689025878907,46.41567611694336,86.68093872070312,41.366102600097655,70.6224853515625,41.985693359375,53.335627746582034,38.88922882080078,26.5285400390625,36.19677200317383,76.8378921508789,92.07882232666016,80.48622131347656,57.528394317626955,107.06685943603516,54.934000396728514,130.14873352050782,598.0366333007812,188.45084533691406,407.591845703125,210.74120178222657,92.26557312011718,104.97900085449218,54.31869354248047,552.6933471679688,229.9013641357422,529.6943481445312,178.80460510253906,26.09524574279785,33.12000045776367,595.78544921875,106.2428482055664,83.99136505126953,92.18975677490235,74.74800109863281,54.79670791625976,198.69713439941407,108.37461547851562,87.78628387451172,547.623291015625,293.2721435546875,171.08568115234374,421.1942138671875,47.50396957397461,43.45681304931641,41.89662246704101,50.2885986328125,142.428955078125,119.71336517333984,79.80019836425781,40.902479553222655,39.72816619873047,133.8743103027344,106.42090301513672,95.39784545898438,70.80836944580078,20.759323120117188,420.82216796875,127.23572235107422,45.3123062133789,86.40674133300782,41.7084098815918,70.84623565673829,41.85728530883789,51.207403564453124,38.668113708496094,26.10362892150879,35.2427360534668,76.69479217529297,91.96535797119141,80.21251831054687,56.151458740234375,105.16390686035156,54.30199966430664,128.93980712890624,592.5023681640625,186.9929443359375,403.6094482421875,206.86402282714843,92.02876281738281,104.54452819824219,53.16239242553711,548.3984741210937,231.47809143066405,524.92138671875,177.82616577148437,25.584525680541994,31.90200004577637,590.2437255859375,106.358447265625,83.4846405029297,92.42899169921876,70.01799926757812,54.472409057617185,197.25697631835936,106.22004699707031,87.00088195800781,542.4865234375,290.46644287109376,169.37476196289063,417.7773071289063,46.492211151123044,43.1484619140625,40.316758728027345,50.439055633544925,142.25678100585938,117.54405517578125,80.44214324951172,40.63590621948242,39.90538787841797,131.5086456298828,105.99938201904297
week234,2025-06-23,2025-06-27,2025,96.5452163696289,71.64506225585937,21.24497833251953,428.2270568847656,129.0917205810547,47.11771469116211,86.52414398193359,41.44599990844726,70.64665374755859,41.83779525756836,54.49821319580078,38.70640335083008,26.951605224609374,36.44638214111328,77.54372863769531,93.22130126953125,80.51913757324219,58.35057373046875,107.57610626220703,55.136000061035155,132.0858184814453,606.9397583007812,190.4743499755859,414.9047790527344,212.5026092529297,93.1396484375,106.05254669189453,54.52358703613281,558.2320678710937,235.03485107421875,540.0573120117188,178.71921997070314,25.865224075317382,32.907999420166014,604.6977416992188,107.38697509765625,85.17241516113282,92.03684844970704,73.91799926757812,54.95262069702149,200.28148498535157,110.54564666748047,87.54454956054687,555.8310424804688,297.53720703125,172.93440856933594,428.763623046875,47.783948516845705,43.27914733886719,41.93463287353516,51.16018905639648,143.87676391601562,123.78392181396484,79.54954071044922,40.767889404296874,40.01189041137695,132.42588500976564,107.26186981201172,95.81858444213867,71.12408447265625,22.27046489715576,419.2347640991211,127.53190231323242,46.03372859954834,85.55962181091309,40.53750038146973,69.94298362731934,41.51692199707031,53.296427726745605,38.491554260253906,27.0931453704834,35.65793991088867,76.94135093688965,92.34683799743652,79.54100036621094,57.029518127441406,105.42720222473145,54.02000141143799,129.55889129638672,595.5405883789062,187.66553497314453,405.68018341064453,208.25394821166992,92.38494110107422,105.15240287780762,53.56529903411865,548.9591827392578,229.3940887451172,527.9102172851562,176.40402603149414,25.968050479888916,33.19000053405762,593.2552337646484,106.7375316619873,84.07223892211914,91.36871337890625,81.56999969482422,54.25623416900635,197.2475929260254,108.29690742492676,87.28860664367676,545.2947692871094,291.973876953125,170.64367294311523,418.87723541259766,46.929430961608894,42.953651428222656,43.10004806518555,49.82683181762695,141.18815231323242,120.2765998840332,79.06823348999023,40.70595645904541,39.49684429168701,131.95159530639648,105.06438255310059,95.6284896850586,70.98822174072265,21.260457229614257,423.56431274414064,128.19689025878907,46.41567611694336,86.68093872070312,41.366102600097655,70.6224853515625,41.985693359375,53.335627746582034,38.88922882080078,26.5285400390625,36.19677200317383,76.8378921508789,92.07882232666016,80.48622131347656,57.528394317626955,107.06685943603516,54.934000396728514,130.14873352050782,598.0366333007812,188.45084533691406,407.591845703125,210.74120178222657,92.26557312011718,104.97900085449218,54.31869354248047,552.6933471679688,229.9013641357422,529.6943481445312,178.80460510253906,26.09524574279785,33.12000045776367,595.78544921875,106.2428482055664,83.99136505126953,92.18975677490235,74.74800109863281,54.79670791625976,198.69713439941407,108.37461547851562,87.78628387451172,547.623291015625,293.2721435546875,171.08568115234374,421.1942138671875,47.50396957397461,43.45681304931641,41.89662246704101,50.2885986328125,142.428955078125,119.71336517333984,79.80019836425781,40.902479553222655,39.72816619873047,133.8743103027344,106.42090301513672
week235,2025-06-30,2025-07-03,2025,96.77506065368652,71.84578132629395,21.35865306854248,441.04925537109375,132.56467056274414,47.78368663787842,87.82114028930664,42.17499923706055,71.92145156860352,42.78797626495361,55.73202991485596,38.99679470062256,27.98441457748413,36.24407768249512,77.99218559265137,93.36777114868164,81.89314079284668,59.23619365692139,110.51931953430176,55.72749996185303,134.82642364501953,619.22509765625,194.20457077026367,423.29847717285156,218.12524032592773,93.6920337677002,106.8027400970459,54.358110427856445,571.8776702880859,237.1421241760254,550.0652770996094,182.7787628173828,26.524521827697754,33.072500228881836,616.7849426269531,107.6750602722168,85.73370742797852,93.17173767089844,74.45499992370605,55.8701286315918,204.60128021240234,113.46767616271973,88.02591133117676,567.0961761474609,303.64225006103516,176.58838653564453,436.9897155761719,48.524474143981934,44.642852783203125,42.304054260253906,52.35407066345215,147.16337966918945,126.49282264709473,80.63285827636719,40.91219615936279,40.259111404418945,134.40040588378906,109.19188499450684,96.5452163696289,71.64506225585937,21.24497833251953,428.2270568847656,129.0917205810547,47.11771469116211,86.52414398193359,41.44599990844726,70.64665374755859,41.83779525756836,54.49821319580078,38.70640335083008,26.951605224609374,36.44638214111328,77.54372863769531,93.22130126953125,80.51913757324219,58.35057373046875,107.57610626220703,55.136000061035155,132.0858184814453,606.9397583007812,190.4743499755859,414.9047790527344,212.5026092529297,93.1396484375,106.05254669189453,54.52358703613281,558.2320678710937,235.03485107421875,540.0573120117188,178.71921997070314,25.865224075317382,32.907999420166014,604.6977416992188,107.38697509765625,85.17241516113282,92.03684844970704,73.91799926757812,54.95262069702149,200.28148498535157,110.54564666748047,87.54454956054687,555.8310424804688,297.53720703125,172.93440856933594,428.763623046875,47.783948516845705,43.27914733886719,41.93463287353516,51.16018905639648,143.87676391601562,123.78392181396484,79.54954071044922,40.767889404296874,40.01189041137695,132.42588500976564,107.26186981201172,95.81858444213867,71.12408447265625,22.27046489715576,419.2347640991211,127.53190231323242,46.03372859954834,85.55962181091309,40.53750038146973,69.94298362731934,41.51692199707031,53.296427726745605,38.491554260253906,27.0931453704834,35.65793991088867,76.94135093688965,92.34683799743652,79.54100036621094,57.029518127441406,105.42720222473145,54.02000141143799,129.55889129638672,595.5405883789062,187.66553497314453,405.68018341064453,208.25394821166992,92.38494110107422,105.15240287780762,53.56529903411865,548.9591827392578,229.3940887451172,527.9102172851562,176.40402603149414,25.968050479888916,33.19000053405762,593.2552337646484,106.7375316619873,84.07223892211914,91.36871337890625,81.56999969482422,54.25623416900635,197.2475929260254,108.29690742492676,87.28860664367676,545.2947692871094,291.973876953125,170.64367294311523,418.87723541259766,46.929430961608894,42.953651428222656,43.10004806518555,49.82683181762695,141.18815231323242,120.2765998840332,79.06823348999023,40.70595645904541,39.49684429168701,131.95159530639648,105.06438255310059
week236,2025-07-07,2025-07-11,2025,96.32134399414062,71.5096923828125,21.595191955566406,440.66139526367186,133.45313415527343,47.60080261230469,87.68706817626953,42.677999877929686,70.29192810058593,43.145164489746094,55.452378845214845,39.1262924194336,27.191209411621095,36.04474029541016,77.80687408447265,92.76160583496093,81.76510925292969,59.007172393798825,111.66368255615234,55.37200012207031,135.4808837890625,621.8141235351562,194.48694458007813,426.2347839355469,220.8568084716797,93.44858398437499,105.9990234375,54.195596313476564,576.6421752929688,236.14718627929688,552.7003662109375,183.2143524169922,26.769152450561524,33.7,619.3516967773437,107.4819107055664,84.4846694946289,92.7173828125,76.61000061035156,55.77666320800781,204.83092346191407,113.94075775146484,87.76726837158203,569.3478393554688,305.0881042480469,176.62698059082032,439.7893798828125,48.37519989013672,45.27928161621094,43.31990127563476,52.07794952392578,148.5950469970703,127.82857818603516,80.04415130615234,40.736473846435544,40.42992324829102,134.07925109863282,109.37096252441407,96.77506065368652,71.84578132629395,21.35865306854248,441.04925537109375,132.56467056274414,47.78368663787842,87.82114028930664,42.17499923706055,71.92145156860352,42.78797626495361,55.73202991485596,38.99679470062256,27.98441457748413,36.24407768249512,77.99218559265137,93.36777114868164,81.89314079284668,59.23619365692139,110.51931953430176,55.72749996185303,134.82642364501953,619.22509765625,194.20457077026367,423.29847717285156,218.12524032592773,93.6920337677002,106.8027400970459,54.358110427856445,571.8776702880859,237.1421241760254,550.0652770996094,182.7787628173828,26.524521827697754,33.072500228881836,616.7849426269531,107.6750602722168,85.73370742797852,93.17173767089844,74.45499992370605,55.8701286315918,204.60128021240234,113.46767616271973,88.02591133117676,567.0961761474609,303.64225006103516,176.58838653564453,436.9897155761719,48.524474143981934,44.642852783203125,42.304054260253906,52.35407066345215,147.16337966918945,126.49282264709473,80.63285827636719,40.91219615936279,40.259111404418945,134.40040588378906,109.19188499450684,96.5452163696289,71.64506225585937,21.24497833251953,428.2270568847656,129.0917205810547,47.11771469116211,86.52414398193359,41.44599990844726,70.64665374755859,41.83779525756836,54.49821319580078,38.70640335083008,26.951605224609374,36.44638214111328,77.54372863769531,93.22130126953125,80.51913757324219,58.35057373046875,107.57610626220703,55.136000061035155,132.0858184814453,606.9397583007812,190.4743499755859,414.9047790527344,212.5026092529297,93.1396484375,106.05254669189453,54.52358703613281,558.2320678710937,235.03485107421875,540.0573120117188,178.71921997070314,25.865224075317382,32.907999420166014,604.6977416992188,107.38697509765625,85.17241516113282,92.03684844970704,73.91799926757812,54.95262069702149,200.28148498535157,110.54564666748047,87.54454956054687,555.8310424804688,297.53720703125,172.93440856933594,428.763623046875,47.783948516845705,43.27914733886719,41.93463287353516,51.16018905639648,143.87676391601562,123.78392181396484,79.54954071044922,40.767889404296874,40.01189041137695,132.42588500976564,107.26186981201172
week237,2025-07-14,2025-07-18,2025,96.03113098144532,71.31749420166015,21.657107543945312,439.6257263183594,132.30054626464843,48.14895935058594,86.88952026367187,42.16599960327149,69.46487121582031,42.64768676757812,56.17517166137695,39.065467834472656,26.4511417388916,37.130950927734375,77.79327392578125,92.41424255371095,81.060693359375,59.72667541503906,111.1123291015625,54.91599960327149,135.9738525390625,624.2183349609375,193.68839111328123,430.9396667480469,220.48909912109374,93.40405731201172,105.5824951171875,55.93829498291016,573.4542602539062,237.37891540527343,557.2910766601562,182.67135620117188,26.525992584228515,34.512000274658206,621.7916870117188,107.58806610107422,83.3539794921875,92.10033874511718,75.63200225830079,55.463488006591795,204.1067626953125,112.66536560058594,88.1245620727539,571.553271484375,306.1640563964844,175.61539306640626,444.9246520996094,48.96644897460938,44.533685302734376,42.64742202758789,51.89916458129883,149.77809448242186,129.05913238525392,79.47268829345703,40.932813262939455,40.710912322998055,132.1186065673828,109.90595855712891,96.32134399414062,71.5096923828125,21.595191955566406,440.66139526367186,133.45313415527343,47.60080261230469,87.68706817626953,42.677999877929686,70.29192810058593,43.145164489746094,55.452378845214845,39.1262924194336,27.191209411621095,36.04474029541016,77.80687408447265,92.76160583496093,81.76510925292969,59.007172393798825,111.66368255615234,55.37200012207031,135.4808837890625,621.8141235351562,194.48694458007813,426.2347839355469,220.8568084716797,93.44858398437499,105.9990234375,54.195596313476564,576.6421752929688,236.14718627929688,552.7003662109375,183.2143524169922,26.769152450561524,33.7,619.3516967773437,107.4819107055664,84.4846694946289,92.7173828125,76.61000061035156,55.77666320800781,204.83092346191407,113.94075775146484,87.76726837158203,569.3478393554688,305.0881042480469,176.62698059082032,439.7893798828125,48.37519989013672,45.27928161621094,43.31990127563476,52.07794952392578,148.5950469970703,127.82857818603516,80.04415130615234,40.736473846435544,40.42992324829102,134.07925109863282,109.37096252441407,96.77506065368652,71.84578132629395,21.35865306854248,441.04925537109375,132.56467056274414,47.78368663787842,87.82114028930664,42.17499923706055,71.92145156860352,42.78797626495361,55.73202991485596,38.99679470062256,27.98441457748413,36.24407768249512,77.99218559265137,93.36777114868164,81.89314079284668,59.23619365692139,110.51931953430176,55.72749996185303,134.82642364501953,619.22509765625,194.20457077026367,423.29847717285156,218.12524032592773,93.6920337677002,106.8027400970459,54.358110427856445,571.8776702880859,237.1421241760254,550.0652770996094,182.7787628173828,26.524521827697754,33.072500228881836,616.7849426269531,107.6750602722168,85.73370742797852,93.17173767089844,74.45499992370605,55.8701286315918,204.60128021240234,113.46767616271973,88.02591133117676,567.0961761474609,303.64225006103516,176.58838653564453,436.9897155761719,48.524474143981934,44.642852783203125,42.304054260253906,52.35407066345215,147.16337966918945,126.49282264709473,80.63285827636719,40.91219615936279,40.259111404418945,134.40040588378906,109.19188499450684
week238,2025-07-21,2025-07-25,2025,96.48606567382812,71.64696960449218,21.64549865722656,443.5738098144531,134.70372314453124,48.88640441894531,88.65355682373047,42.71199951171875,72.16195831298828,43.32226638793945,56.73351898193359,39.78163528442383,26.20767250061035,38.30025863647461,78.17020568847656,92.95393371582031,82.73834075927735,60.55430145263672,111.82234954833984,54.39000015258789,137.55013732910157,631.5422607421875,196.12368469238282,435.6265625,222.48273010253905,93.87838745117188,106.40186157226563,58.05838241577148,579.82216796875,238.45741577148436,562.74375,184.68621520996095,26.702479934692384,35.38199996948242,629.0639892578125,107.98125,84.28905334472657,93.05070648193359,75.43199768066407,56.54785995483398,206.07488403320312,114.00403289794922,89.8462631225586,578.22529296875,309.7856750488281,177.6563934326172,449.8962707519531,49.67282638549805,45.40008239746094,42.46062088012695,52.57854537963867,151.6260955810547,130.00647583007813,80.20376434326172,41.851681518554685,41.63571319580078,133.44486389160156,111.8725830078125,96.03113098144532,71.31749420166015,21.657107543945312,439.6257263183594,132.30054626464843,48.14895935058594,86.88952026367187,42.16599960327149,69.46487121582031,42.64768676757812,56.17517166137695,39.065467834472656,26.4511417388916,37.130950927734375,77.79327392578125,92.41424255371095,81.060693359375,59.72667541503906,111.1123291015625,54.91599960327149,135.9738525390625,624.2183349609375,193.68839111328123,430.9396667480469,220.48909912109374,93.40405731201172,105.5824951171875,55.93829498291016,573.4542602539062,237.37891540527343,557.2910766601562,182.67135620117188,26.525992584228515,34.512000274658206,621.7916870117188,107.58806610107422,83.3539794921875,92.10033874511718,75.63200225830079,55.463488006591795,204.1067626953125,112.66536560058594,88.1245620727539,571.553271484375,306.1640563964844,175.61539306640626,444.9246520996094,48.96644897460938,44.533685302734376,42.64742202758789,51.89916458129883,149.77809448242186,129.05913238525392,79.47268829345703,40.932813262939455,40.710912322998055,132.1186065673828,109.90595855712891,96.32134399414062,71.5096923828125,21.595191955566406,440.66139526367186,133.45313415527343,47.60080261230469,87.68706817626953,42.677999877929686,70.29192810058593,43.145164489746094,55.452378845214845,39.1262924194336,27.191209411621095,36.04474029541016,77.80687408447265,92.76160583496093,81.76510925292969,59.007172393798825,111.66368255615234,55.37200012207031,135.4808837890625,621.8141235351562,194.48694458007813,426.2347839355469,220.8568084716797,93.44858398437499,105.9990234375,54.195596313476564,576.6421752929688,236.14718627929688,552.7003662109375,183.2143524169922,26.769152450561524,33.7,619.3516967773437,107.4819107055664,84.4846694946289,92.7173828125,76.61000061035156,55.77666320800781,204.83092346191407,113.94075775146484,87.76726837158203,569.3478393554688,305.0881042480469,176.62698059082032,439.7893798828125,48.37519989013672,45.27928161621094,43.31990127563476,52.07794952392578,148.5950469970703,127.82857818603516,80.04415130615234,40.736473846435544,40.42992324829102,134.07925109863282,109.37096252441407
week239,2025-07-28,2025-08-01,2025,96.83763427734377,71.89684143066407,21.722894287109376,439.979150390625,132.96896057128907,48.10755157470703,86.76380004882813,41.418000030517575,71.29634246826171,42.096482849121095,55.98395614624023,39.30092086791992,25.769042205810546,37.34463119506836,78.1146453857422,93.29590606689453,81.0018295288086,59.57333908081055,110.16232452392578,52.95600051879883,137.3135955810547,630.9342651367188,194.48694763183593,437.7644104003906,219.1772247314453,93.82978820800781,106.87469329833985,57.121829986572266,575.77958984375,239.35086669921876,563.08291015625,183.89061279296874,26.29459915161133,33.943999481201175,628.4872924804688,108.1101791381836,85.1215576171875,92.35627899169921,79.01199951171876,55.4419563293457,205.31698913574218,112.45379180908203,88.4288558959961,577.7161865234375,309.2785339355469,176.3300354003906,452.00986328125,48.84351501464844,44.06335906982422,43.01512222290039,52.113705444335935,151.0583923339844,130.8989685058594,79.26775207519532,41.162532043457034,41.89008331298828,131.92630615234376,110.73684234619141,96.48606567382812,71.64696960449218,21.64549865722656,443.5738098144531,134.70372314453124,48.88640441894531,88.65355682373047,42.71199951171875,72.16195831298828,43.32226638793945,56.73351898193359,39.78163528442383,26.20767250061035,38.30025863647461,78.17020568847656,92.95393371582031,82.73834075927735,60.55430145263672,111.82234954833984,54.39000015258789,137.55013732910157,631.5422607421875,196.12368469238282,435.6265625,222.48273010253905,93.87838745117188,106.40186157226563,58.05838241577148,579.82216796875,238.45741577148436,562.74375,184.68621520996095,26.702479934692384,35.38199996948242,629.0639892578125,107.98125,84.28905334472657,93.05070648193359,75.43199768066407,56.54785995483398,206.07488403320312,114.00403289794922,89.8462631225586,578.22529296875,309.7856750488281,177.6563934326172,449.8962707519531,49.67282638549805,45.40008239746094,42.46062088012695,52.57854537963867,151.6260955810547,130.00647583007813,80.20376434326172,41.851681518554685,41.63571319580078,133.44486389160156,111.8725830078125,96.03113098144532,71.31749420166015,21.657107543945312,439.6257263183594,132.30054626464843,48.14895935058594,86.88952026367187,42.16599960327149,69.46487121582031,42.64768676757812,56.17517166137695,39.065467834472656,26.4511417388916,37.130950927734375,77.79327392578125,92.41424255371095,81.060693359375,59.72667541503906,111.1123291015625,54.91599960327149,135.9738525390625,624.2183349609375,193.68839111328123,430.9396667480469,220.48909912109374,93.40405731201172,105.5824951171875,55.93829498291016,573.4542602539062,237.37891540527343,557.2910766601562,182.67135620117188,26.525992584228515,34.512000274658206,621.7916870117188,107.58806610107422,83.3539794921875,92.10033874511718,75.63200225830079,55.463488006591795,204.1067626953125,112.66536560058594,88.1245620727539,571.553271484375,306.1640563964844,175.61539306640626,444.9246520996094,48.96644897460938,44.533685302734376,42.64742202758789,51.89916458129883,149.77809448242186,129.05913238525392,79.47268829345703,40.932813262939455,40.710912322998055,132.1186065673828,109.90595855712891
week240,2025-08-04,2025-08-08,2025,97.5399673461914,72.39424896240234,21.14436454772949,437.98037109375,132.94544067382813,48.41317596435547,87.63206787109375,41.86000061035156,73.43242034912109,41.96315994262695,56.896052551269534,39.603084564208984,26.522636795043944,37.25757598876953,78.34051666259765,94.15343627929687,81.95936126708985,59.99206695556641,109.75574645996093,52.359999084472655,137.28775634765626,631.21044921875,193.07807312011718,440.8364501953125,218.90292053222657,94.13877410888672,107.74963989257813,57.31546401977539,569.0718139648437,242.178466796875,565.7104614257812,183.8806671142578,26.21027717590332,34.46399917602539,628.6642822265625,108.76994476318359,86.23915100097656,92.14994201660156,74.32799987792968,56.13877563476562,204.9182098388672,112.0148208618164,88.0421127319336,577.938916015625,309.268603515625,175.45108032226562,453.83604736328124,49.16938705444336,43.58213882446289,41.77929458618164,51.40651397705078,149.74632873535157,131.0994079589844,80.27273559570312,40.777705383300784,42.59797668457031,129.88834381103516,110.4030975341797,96.83763427734377,71.89684143066407,21.722894287109376,439.979150390625,132.96896057128907,48.10755157470703,86.76380004882813,41.418000030517575,71.29634246826171,42.096482849121095,55.98395614624023,39.30092086791992,25.769042205810546,37.34463119506836,78.1146453857422,93.29590606689453,81.0018295288086,59.57333908081055,110.16232452392578,52.95600051879883,137.3135955810547,630.9342651367188,194.48694763183593,437.7644104003906,219.1772247314453,93.82978820800781,106.87469329833985,57.121829986572266,575.77958984375,239.35086669921876,563.08291015625,183.89061279296874,26.29459915161133,33.943999481201175,628.4872924804688,108.1101791381836,85.1215576171875,92.35627899169921,79.01199951171876,55.4419563293457,205.31698913574218,112.45379180908203,88.4288558959961,577.7161865234375,309.2785339355469,176.3300354003906,452.00986328125,48.84351501464844,44.06335906982422,43.01512222290039,52.113705444335935,151.0583923339844,130.8989685058594,79.26775207519532,41.162532043457034,41.89008331298828,131.92630615234376,110.73684234619141,96.48606567382812,71.64696960449218,21.64549865722656,443.5738098144531,134.70372314453124,48.88640441894531,88.65355682373047,42.71199951171875,72.16195831298828,43.32226638793945,56.73351898193359,39.78163528442383,26.20767250061035,38.30025863647461,78.17020568847656,92.95393371582031,82.73834075927735,60.55430145263672,111.82234954833984,54.39000015258789,137.55013732910157,631.5422607421875,196.12368469238282,435.6265625,222.48273010253905,93.87838745117188,106.40186157226563,58.05838241577148,579.82216796875,238.45741577148436,562.74375,184.68621520996095,26.702479934692384,35.38199996948242,629.0639892578125,107.98125,84.28905334472657,93.05070648193359,75.43199768066407,56.54785995483398,206.07488403320312,114.00403289794922,89.8462631225586,578.22529296875,309.7856750488281,177.6563934326172,449.8962707519531,49.67282638549805,45.40008239746094,42.46062088012695,52.57854537963867,151.6260955810547,130.00647583007813,80.20376434326172,41.851681518554685,41.63571319580078,133.44486389160156,111.8725830078125
week241,2025-08-11,2025-08-15,2025,97.47503967285157,72.3470245361328,21.092123413085936,443.24163818359375,135.13300476074218,49.19991836547852,89.68683319091797,42.310000610351565,76.19698181152344,42.970053100585936,58.028044891357425,40.380078125,27.110052871704102,37.79771270751953,78.51821746826172,93.9526123046875,83.74492645263672,60.963200378417966,113.36336975097656,52.513999938964844,139.47427368164062,641.3160888671875,195.89977111816407,448.0783935546875,225.33704223632813,94.33930358886718,107.82425079345703,58.50294876098633,577.339794921875,244.88070678710938,576.6816040039063,186.55785522460937,26.6730655670166,34.51800003051758,638.7146362304687,108.65762023925781,85.50472869873047,92.41977386474609,73.15,57.236847686767575,207.3089172363281,115.36840209960937,87.57095336914062,587.1702880859375,314.1849426269531,177.88800964355468,460.95716552734376,49.99284362792969,44.40793685913086,41.85008163452149,52.149462890625,150.12149047851562,133.03398742675782,81.10431213378907,40.412515258789064,42.40966720581055,131.82123413085938,113.53236083984375,97.5399673461914,72.39424896240234,21.14436454772949,437.98037109375,132.94544067382813,48.41317596435547,87.63206787109375,41.86000061035156,73.43242034912109,41.96315994262695,56.896052551269534,39.603084564208984,26.522636795043944,37.25757598876953,78.34051666259765,94.15343627929687,81.95936126708985,59.99206695556641,109.75574645996093,52.359999084472655,137.28775634765626,631.21044921875,193.07807312011718,440.8364501953125,218.90292053222657,94.13877410888672,107.74963989257813,57.31546401977539,569.0718139648437,242.178466796875,565.7104614257812,183.8806671142578,26.21027717590332,34.46399917602539,628.6642822265625,108.76994476318359,86.23915100097656,92.14994201660156,74.32799987792968,56.13877563476562,204.9182098388672,112.0148208618164,88.0421127319336,577.938916015625,309.268603515625,175.45108032226562,453.83604736328124,49.16938705444336,43.58213882446289,41.77929458618164,51.40651397705078,149.74632873535157,131.0994079589844,80.27273559570312,40.777705383300784,42.59797668457031,129.88834381103516,110.4030975341797,96.83763427734377,71.89684143066407,21.722894287109376,439.979150390625,132.96896057128907,48.10755157470703,86.76380004882813,41.418000030517575,71.29634246826171,42.096482849121095,55.98395614624023,39.30092086791992,25.769042205810546,37.34463119506836,78.1146453857422,93.29590606689453,81.0018295288086,59.57333908081055,110.16232452392578,52.95600051879883,137.3135955810547,630.9342651367188,194.48694763183593,437.7644104003906,219.1772247314453,93.82978820800781,106.87469329833985,57.121829986572266,575.77958984375,239.35086669921876,563.08291015625,183.89061279296874,26.29459915161133,33.943999481201175,628.4872924804688,108.1101791381836,85.1215576171875,92.35627899169921,79.01199951171876,55.4419563293457,205.31698913574218,112.45379180908203,88.4288558959961,577.7161865234375,309.2785339355469,176.3300354003906,452.00986328125,48.84351501464844,44.06335906982422,43.01512222290039,52.113705444335935,151.0583923339844,130.8989685058594,79.26775207519532,41.162532043457034,41.89008331298828,131.92630615234376,110.73684234619141
week242,2025-08-18,2025-08-22,2025,97.4278106689453,72.31554107666015,21.15597457885742,447.3222412109375,136.77760009765626,49.30836715698242,90.69653625488282,42.39400024414063,76.86016235351562,43.592892456054685,57.00886917114258,40.81958847045898,26.976725387573243,38.153849029541014,78.535791015625,93.92701110839843,84.62201232910157,61.14602355957031,114.27568817138672,53.62000045776367,139.13436889648438,639.3529907226563,197.4770721435547,442.3594970703125,226.6707763671875,94.33930969238281,107.70840606689453,59.4968017578125,580.279296875,241.7685577392578,568.1165893554687,186.71300048828124,27.000547027587892,34.55999984741211,636.7638305664062,108.62016906738282,85.04720001220703,93.45347137451172,73.55199890136718,57.66550903320312,208.20370178222657,116.3353271484375,88.86468048095703,585.3745483398437,313.4451171875,179.65187072753906,455.13133544921874,50.33042221069336,44.78023834228516,42.31904830932617,52.49113845825195,150.3477783203125,130.54097595214844,81.34866638183594,40.92888717651367,42.30811538696289,135.86940002441406,114.24369659423829,97.47503967285157,72.3470245361328,21.092123413085936,443.24163818359375,135.13300476074218,49.19991836547852,89.68683319091797,42.310000610351565,76.19698181152344,42.970053100585936,58.028044891357425,40.380078125,27.110052871704102,37.79771270751953,78.51821746826172,93.9526123046875,83.74492645263672,60.963200378417966,113.36336975097656,52.513999938964844,139.47427368164062,641.3160888671875,195.89977111816407,448.0783935546875,225.33704223632813,94.33930358886718,107.82425079345703,58.50294876098633,577.339794921875,244.88070678710938,576.6816040039063,186.55785522460937,26.6730655670166,34.51800003051758,638.7146362304687,108.65762023925781,85.50472869873047,92.41977386474609,73.15,57.236847686767575,207.3089172363281,115.36840209960937,87.57095336914062,587.1702880859375,314.1849426269531,177.88800964355468,460.95716552734376,49.99284362792969,44.40793685913086,41.85008163452149,52.149462890625,150.12149047851562,133.03398742675782,81.10431213378907,40.412515258789064,42.40966720581055,131.82123413085938,113.53236083984375,97.5399673461914,72.39424896240234,21.14436454772949,437.98037109375,132.94544067382813,48.41317596435547,87.63206787109375,41.86000061035156,73.43242034912109,41.96315994262695,56.896052551269534,39.603084564208984,26.522636795043944,37.25757598876953,78.34051666259765,94.15343627929687,81.95936126708985,59.99206695556641,109.75574645996093,52.359999084472655,137.28775634765626,631.21044921875,193.07807312011718,440.8364501953125,218.90292053222657,94.13877410888672,107.74963989257813,57.31546401977539,569.0718139648437,242.178466796875,565.7104614257812,183.8806671142578,26.21027717590332,34.46399917602539,628.6642822265625,108.76994476318359,86.23915100097656,92.14994201660156,74.32799987792968,56.13877563476562,204.9182098388672,112.0148208618164,88.0421127319336,577.938916015625,309.268603515625,175.45108032226562,453.83604736328124,49.16938705444336,43.58213882446289,41.77929458618164,51.40651397705078,149.74632873535157,131.0994079589844,80.27273559570312,40.777705383300784,42.59797668457031,129.88834381103516,110.4030975341797
week243,2025-08-25,2025-08-29,2025,97.8134521484375,72.57920837402344,21.407508850097656,452.12457885742185,138.67113342285157,49.37737884521484,90.18186492919922,42.008000183105466,75.9906982421875,42.50242462158203,56.838687896728516,40.854906463623045,28.087793350219727,38.39324951171875,78.96930541992188,94.46847076416016,84.21192016601563,61.27773818969727,117.11180572509765,52.59599990844727,140.54765930175782,644.6005493164063,199.32781982421875,446.38568725585935,233.34738159179688,94.9467269897461,107.9793701171875,60.25157775878906,591.2025146484375,243.32662353515624,571.3805908203125,188.05159606933594,27.282926177978517,35.34800033569336,641.9639892578125,109.44193420410156,85.2278564453125,93.19157562255859,74.91199951171875,57.575469970703125,209.15997619628905,118.17623901367188,90.11325378417969,590.1930908203125,316.6152709960937,180.93862915039062,459.3265686035156,50.43969573974609,45.564449310302734,43.859657287597656,53.34731750488281,151.52486572265624,131.46138916015624,79.49239196777344,41.372613525390626,41.85853118896485,135.61565246582032,116.16150360107422,97.4278106689453,72.31554107666015,21.15597457885742,447.3222412109375,136.77760009765626,49.30836715698242,90.69653625488282,42.39400024414063,76.86016235351562,43.592892456054685,57.00886917114258,40.81958847045898,26.976725387573243,38.153849029541014,78.535791015625,93.92701110839843,84.62201232910157,61.14602355957031,114.27568817138672,53.62000045776367,139.13436889648438,639.3529907226563,197.4770721435547,442.3594970703125,226.6707763671875,94.33930969238281,107.70840606689453,59.4968017578125,580.279296875,241.7685577392578,568.1165893554687,186.71300048828124,27.000547027587892,34.55999984741211,636.7638305664062,108.62016906738282,85.04720001220703,93.45347137451172,73.55199890136718,57.66550903320312,208.20370178222657,116.3353271484375,88.86468048095703,585.3745483398437,313.4451171875,179.65187072753906,455.13133544921874,50.33042221069336,44.78023834228516,42.31904830932617,52.49113845825195,150.3477783203125,130.54097595214844,81.34866638183594,40.92888717651367,42.30811538696289,135.86940002441406,114.24369659423829,97.47503967285157,72.3470245361328,21.092123413085936,443.24163818359375,135.13300476074218,49.19991836547852,89.68683319091797,42.310000610351565,76.19698181152344,42.970053100585936,58.028044891357425,40.380078125,27.110052871704102,37.79771270751953,78.51821746826172,93.9526123046875,83.74492645263672,60.963200378417966,113.36336975097656,52.513999938964844,139.47427368164062,641.3160888671875,195.89977111816407,448.0783935546875,225.33704223632813,94.33930358886718,107.82425079345703,58.50294876098633,577.339794921875,244.88070678710938,576.6816040039063,186.55785522460937,26.6730655670166,34.51800003051758,638.7146362304687,108.65762023925781,85.50472869873047,92.41977386474609,73.15,57.236847686767575,207.3089172363281,115.36840209960937,87.57095336914062,587.1702880859375,314.1849426269531,177.88800964355468,460.95716552734376,49.99284362792969,44.40793685913086,41.85008163452149,52.149462890625,150.12149047851562,133.03398742675782,81.10431213378907,40.412515258789064,42.40966720581055,131.82123413085938,113.53236083984375
week244,2025-09-02,2025-09-05,2025,98.16521453857422,72.85401725769043,21.569071292877197,451.56201934814453,138.58488845825195,49.32660484313965,89.49579620361328,41.19250011444092,75.66633415222168,42.273088455200195,56.477768898010254,40.4732780456543,28.209043979644775,38.43281936645508,79.14402389526367,94.94589042663574,83.59531211853027,61.199594497680664,117.02701950073242,52.50999927520752,140.46665573120117,644.0173797607422,199.3243408203125,445.9270706176758,234.0316390991211,95.15828704833984,108.46324920654297,60.41656017303467,593.0121612548828,242.3655128479004,570.3481140136719,187.9178352355957,27.152031421661377,37.15750026702881,641.4136657714844,109.72839546203613,85.74258995056152,93.32053565979004,74.60000038146973,57.28920650482178,209.34052276611328,118.19600868225096,89.66270637512207,589.6352844238281,316.47257232666016,180.6614761352539,459.4128875732422,50.34652137756348,45.28027153015137,43.682931900024414,53.193366050720215,149.56271362304688,130.46543502807617,79.49978256225586,40.98827838897705,41.294334411621094,136.24407958984375,115.96773147583008,97.8134521484375,72.57920837402344,21.407508850097656,452.12457885742185,138.67113342285157,49.37737884521484,90.18186492919922,42.008000183105466,75.9906982421875,42.50242462158203,56.838687896728516,40.854906463623045,28.087793350219727,38.39324951171875,78.96930541992188,94.46847076416016,84.21192016601563,61.27773818969727,117.11180572509765,52.59599990844727,140.54765930175782,644.6005493164063,199.32781982421875,446.38568725585935,233.34738159179688,94.9467269897461,107.9793701171875,60.25157775878906,591.2025146484375,243.32662353515624,571.3805908203125,188.05159606933594,27.282926177978517,35.34800033569336,641.9639892578125,109.44193420410156,85.2278564453125,93.19157562255859,74.91199951171875,57.575469970703125,209.15997619628905,118.17623901367188,90.11325378417969,590.1930908203125,316.6152709960937,180.93862915039062,459.3265686035156,50.43969573974609,45.564449310302734,43.859657287597656,53.34731750488281,151.52486572265624,131.46138916015624,79.49239196777344,41.372613525390626,41.85853118896485,135.61565246582032,116.16150360107422,97.4278106689453,72.31554107666015,21.15597457885742,447.3222412109375,136.77760009765626,49.30836715698242,90.69653625488282,42.39400024414063,76.86016235351562,43.592892456054685,57.00886917114258,40.81958847045898,26.976725387573243,38.153849029541014,78.535791015625,93.92701110839843,84.62201232910157,61.14602355957031,114.27568817138672,53.62000045776367,139.13436889648438,639.3529907226563,197.4770721435547,442.3594970703125,226.6707763671875,94.33930969238281,107.70840606689453,59.4968017578125,580.279296875,241.7685577392578,568.1165893554687,186.71300048828124,27.000547027587892,34.55999984741211,636.7638305664062,108.62016906738282,85.04720001220703,93.45347137451172,73.55199890136718,57.66550903320312,208.20370178222657,116.3353271484375,88.86468048095703,585.3745483398437,313.4451171875,179.65187072753906,455.13133544921874,50.33042221069336,44.78023834228516,42.31904830932617,52.49113845825195,150.3477783203125,130.54097595214844,81.34866638183594,40.92888717651367,42.30811538696289,135.86940002441406,114.24369659423829
week245,2025-09-08,2025-09-12,2025,99.1527084350586,73.55929260253906,21.55068893432617,455.0858154296875,138.75149841308593,50.909455108642575,91.1169204711914,41.3879997253418,77.78168640136718,42.97602310180664,59.41626815795898,41.07269973754883,28.78921546936035,39.64169769287109,79.36278533935547,95.86048431396485,85.14002227783203,63.01162261962891,117.61754608154297,53.03000030517578,142.30085144042968,652.2980102539062,200.32650451660157,455.14068603515625,236.66680297851562,95.49986877441407,110.11198425292969,62.430938720703125,597.41142578125,250.080224609375,580.741650390625,189.28478088378907,26.980936813354493,37.645999908447266,649.5564453125,110.43357696533204,88.50466613769531,93.46934356689454,73.48999938964843,58.368195343017575,212.70934143066407,119.49512939453125,90.55496368408203,597.2250244140625,320.68439331054685,182.0432586669922,467.3138916015625,51.73732452392578,45.307996368408205,43.414285278320314,53.12681884765625,150.31403198242188,133.8506866455078,79.2460708618164,41.33530960083008,41.50754241943359,137.10646057128906,117.62003631591797,98.16521453857422,72.85401725769043,21.569071292877197,451.56201934814453,138.58488845825195,49.32660484313965,89.49579620361328,41.19250011444092,75.66633415222168,42.273088455200195,56.477768898010254,40.4732780456543,28.209043979644775,38.43281936645508,79.14402389526367,94.94589042663574,83.59531211853027,61.199594497680664,117.02701950073242,52.50999927520752,140.46665573120117,644.0173797607422,199.3243408203125,445.9270706176758,234.0316390991211,95.15828704833984,108.46324920654297,60.41656017303467,593.0121612548828,242.3655128479004,570.3481140136719,187.9178352355957,27.152031421661377,37.15750026702881,641.4136657714844,109.72839546203613,85.74258995056152,93.32053565979004,74.60000038146973,57.28920650482178,209.34052276611328,118.19600868225096,89.66270637512207,589.6352844238281,316.47257232666016,180.6614761352539,459.4128875732422,50.34652137756348,45.28027153015137,43.682931900024414,53.193366050720215,149.56271362304688,130.46543502807617,79.49978256225586,40.98827838897705,41.294334411621094,136.24407958984375,115.96773147583008,97.8134521484375,72.57920837402344,21.407508850097656,452.12457885742185,138.67113342285157,49.37737884521484,90.18186492919922,42.008000183105466,75.9906982421875,42.50242462158203,56.838687896728516,40.854906463623045,28.087793350219727,38.39324951171875,78.96930541992188,94.46847076416016,84.21192016601563,61.27773818969727,117.11180572509765,52.59599990844727,140.54765930175782,644.6005493164063,199.32781982421875,446.38568725585935,233.34738159179688,94.9467269897461,107.9793701171875,60.25157775878906,591.2025146484375,243.32662353515624,571.3805908203125,188.05159606933594,27.282926177978517,35.34800033569336,641.9639892578125,109.44193420410156,85.2278564453125,93.19157562255859,74.91199951171875,57.575469970703125,209.15997619628905,118.17623901367188,90.11325378417969,590.1930908203125,316.6152709960937,180.93862915039062,459.3265686035156,50.43969573974609,45.564449310302734,43.859657287597656,53.34731750488281,151.52486572265624,131.46138916015624,79.49239196777344,41.372613525390626,41.85853118896485,135.61565246582032,116.16150360107422
week246,2025-09-15,2025-09-19,2025,99.21587829589843,73.60666961669922,21.780941009521484,458.1886047363281,138.4106231689453,52.2660400390625,91.60409088134766,41.26000061035156,78.30028228759765,43.53120574951172,60.557821655273436,40.9667465209961,29.736038208007812,40.650743865966795,79.63158721923828,95.73208618164062,85.56973419189453,64.57251281738282,118.23999481201172,53.8,144.0240936279297,660.58388671875,201.25006713867185,463.88671875,239.9280212402344,95.88157806396484,110.39178314208985,64.07287216186523,597.082861328125,253.71780700683593,592.0559326171875,190.97008361816407,26.867201232910155,38.43600006103516,657.8051513671875,110.45731353759766,88.47312469482422,93.14969177246094,74.61600036621094,58.85669174194336,213.9532928466797,121.42297668457032,90.45877075195312,604.7919067382812,324.60435180664064,183.2369842529297,475.34711303710935,52.8826789855957,44.97035217285156,43.87833480834961,53.575765991210936,151.08023376464843,136.83233337402345,78.49134674072266,41.28818817138672,41.75895233154297,135.9605926513672,120.18143615722656,99.1527084350586,73.55929260253906,21.55068893432617,455.0858154296875,138.75149841308593,50.909455108642575,91.1169204711914,41.3879997253418,77.78168640136718,42.97602310180664,59.41626815795898,41.07269973754883,28.78921546936035,39.64169769287109,79.36278533935547,95.86048431396485,85.14002227783203,63.01162261962891,117.61754608154297,53.03000030517578,142.30085144042968,652.2980102539062,200.32650451660157,455.14068603515625,236.66680297851562,95.49986877441407,110.11198425292969,62.430938720703125,597.41142578125,250.080224609375,580.741650390625,189.28478088378907,26.980936813354493,37.645999908447266,649.5564453125,110.43357696533204,88.50466613769531,93.46934356689454,73.48999938964843,58.368195343017575,212.70934143066407,119.49512939453125,90.55496368408203,597.2250244140625,320.68439331054685,182.0432586669922,467.3138916015625,51.73732452392578,45.307996368408205,43.414285278320314,53.12681884765625,150.31403198242188,133.8506866455078,79.2460708618164,41.33530960083008,41.50754241943359,137.10646057128906,117.62003631591797,98.16521453857422,72.85401725769043,21.569071292877197,451.56201934814453,138.58488845825195,49.32660484313965,89.49579620361328,41.19250011444092,75.66633415222168,42.273088455200195,56.477768898010254,40.4732780456543,28.209043979644775,38.43281936645508,79.14402389526367,94.94589042663574,83.59531211853027,61.199594497680664,117.02701950073242,52.50999927520752,140.46665573120117,644.0173797607422,199.3243408203125,445.9270706176758,234.0316390991211,95.15828704833984,108.46324920654297,60.41656017303467,593.0121612548828,242.3655128479004,570.3481140136719,187.9178352355957,27.152031421661377,37.15750026702881,641.4136657714844,109.72839546203613,85.74258995056152,93.32053565979004,74.60000038146973,57.28920650482178,209.34052276611328,118.19600868225096,89.66270637512207,589.6352844238281,316.47257232666016,180.6614761352539,459.4128875732422,50.34652137756348,45.28027153015137,43.682931900024414,53.193366050720215,149.56271362304688,130.46543502807617,79.49978256225586,40.98827838897705,41.294334411621094,136.24407958984375,115.96773147583008
week247,2025-09-22,2025-09-26,2025,98.84081420898437,73.32830810546875,21.86413993835449,459.9492614746094,139.08816528320312,52.293644714355466,91.05995330810546,41.140000915527345,77.90314025878907,43.324256134033206,60.74521255493164,40.62534103393555,29.848110961914063,40.02948760986328,79.60608215332032,95.24812164306641,84.99874725341797,64.5155029296875,118.05565185546875,52.80800094604492,144.46743774414062,663.0421875,201.34998168945313,466.1985717773438,241.28287353515626,95.88157653808594,109.69820098876953,63.57298126220703,593.6540771484375,254.8854553222656,596.4315551757812,191.96084594726562,26.823947143554687,40.54199981689453,660.25302734375,110.00235290527344,87.69255065917969,93.68985748291016,75.77999877929688,58.565148162841794,213.91559448242188,122.88623962402343,89.9097900390625,607.051025390625,325.6007446289062,184.02289428710938,477.13935546875,52.81963958740234,44.37990951538086,44.652367401123044,53.55282974243164,151.8977508544922,139.60924072265624,77.49031219482421,41.26699600219727,42.612752532958986,135.34166259765624,119.12691955566406,99.21587829589843,73.60666961669922,21.780941009521484,458.1886047363281,138.4106231689453,52.2660400390625,91.60409088134766,41.26000061035156,78.30028228759765,43.53120574951172,60.557821655273436,40.9667465209961,29.736038208007812,40.650743865966795,79.63158721923828,95.73208618164062,85.56973419189453,64.57251281738282,118.23999481201172,53.8,144.0240936279297,660.58388671875,201.25006713867185,463.88671875,239.9280212402344,95.88157806396484,110.39178314208985,64.07287216186523,597.082861328125,253.71780700683593,592.0559326171875,190.97008361816407,26.867201232910155,38.43600006103516,657.8051513671875,110.45731353759766,88.47312469482422,93.14969177246094,74.61600036621094,58.85669174194336,213.9532928466797,121.42297668457032,90.45877075195312,604.7919067382812,324.60435180664064,183.2369842529297,475.34711303710935,52.8826789855957,44.97035217285156,43.87833480834961,53.575765991210936,151.08023376464843,136.83233337402345,78.49134674072266,41.28818817138672,41.75895233154297,135.9605926513672,120.18143615722656,99.1527084350586,73.55929260253906,21.55068893432617,455.0858154296875,138.75149841308593,50.909455108642575,91.1169204711914,41.3879997253418,77.78168640136718,42.97602310180664,59.41626815795898,41.07269973754883,28.78921546936035,39.64169769287109,79.36278533935547,95.86048431396485,85.14002227783203,63.01162261962891,117.61754608154297,53.03000030517578,142.30085144042968,652.2980102539062,200.32650451660157,455.14068603515625,236.66680297851562,95.49986877441407,110.11198425292969,62.430938720703125,597.41142578125,250.080224609375,580.741650390625,189.28478088378907,26.980936813354493,37.645999908447266,649.5564453125,110.43357696533204,88.50466613769531,93.46934356689454,73.48999938964843,58.368195343017575,212.70934143066407,119.49512939453125,90.55496368408203,597.2250244140625,320.68439331054685,182.0432586669922,467.3138916015625,51.73732452392578,45.307996368408205,43.414285278320314,53.12681884765625,150.31403198242188,133.8506866455078,79.2460708618164,41.33530960083008,41.50754241943359,137.10646057128906,117.62003631591797
week248,2025-09-29,2025-10-03,2025,99.12267608642578,73.54014434814454,21.746112442016603,462.8153930664063,140.60104064941407,52.983768463134766,92.30145568847657,41.99000091552735,77.666015625,44.15205688476563,61.08939971923828,41.40037078857422,29.59111633300781,40.89014511108398,79.71486053466796,95.47429962158203,86.13876037597656,65.21534881591796,118.69070281982422,52.27200012207031,145.50802307128907,668.1979248046875,202.9602081298828,469.0876525878906,242.37123107910156,95.98843536376953,110.15015563964843,65.43423156738281,595.6070434570313,254.92334899902343,601.47705078125,194.70841064453126,27.05925636291504,42.76599960327148,665.3818603515625,110.0804229736328,88.33783416748047,94.57020874023438,72.94599914550781,59.30856857299805,215.5390411376953,125.46285705566406,90.48043975830078,611.7946166992188,327.93780517578125,185.67403869628907,480.3568908691406,53.37080459594726,44.475416564941405,44.2557487487793,53.50499725341797,153.41255798339844,141.55428771972657,77.51809387207031,41.587493133544925,43.58546752929688,140.7107940673828,119.64289245605468,98.84081420898437,73.32830810546875,21.86413993835449,459.9492614746094,139.08816528320312,52.293644714355466,91.05995330810546,41.140000915527345,77.90314025878907,43.324256134033206,60.74521255493164,40.62534103393555,29.848110961914063,40.02948760986328,79.60608215332032,95.24812164306641,84.99874725341797,64.5155029296875,118.05565185546875,52.80800094604492,144.46743774414062,663.0421875,201.34998168945313,466.1985717773438,241.28287353515626,95.88157653808594,109.69820098876953,63.57298126220703,593.6540771484375,254.8854553222656,596.4315551757812,191.96084594726562,26.823947143554687,40.54199981689453,660.25302734375,110.00235290527344,87.69255065917969,93.68985748291016,75.77999877929688,58.565148162841794,213.91559448242188,122.88623962402343,89.9097900390625,607.051025390625,325.6007446289062,184.02289428710938,477.13935546875,52.81963958740234,44.37990951538086,44.652367401123044,53.55282974243164,151.8977508544922,139.60924072265624,77.49031219482421,41.26699600219727,42.612752532958986,135.34166259765624,119.12691955566406,99.21587829589843,73.60666961669922,21.780941009521484,458.1886047363281,138.4106231689453,52.2660400390625,91.60409088134766,41.26000061035156,78.30028228759765,43.53120574951172,60.557821655273436,40.9667465209961,29.736038208007812,40.650743865966795,79.63158721923828,95.73208618164062,85.56973419189453,64.57251281738282,118.23999481201172,53.8,144.0240936279297,660.58388671875,201.25006713867185,463.88671875,239.9280212402344,95.88157806396484,110.39178314208985,64.07287216186523,597.082861328125,253.71780700683593,592.0559326171875,190.97008361816407,26.867201232910155,38.43600006103516,657.8051513671875,110.45731353759766,88.47312469482422,93.14969177246094,74.61600036621094,58.85669174194336,213.9532928466797,121.42297668457032,90.45877075195312,604.7919067382812,324.60435180664064,183.2369842529297,475.34711303710935,52.8826789855957,44.97035217285156,43.87833480834961,53.575765991210936,151.08023376464843,136.83233337402345,78.49134674072266,41.28818817138672,41.75895233154297,135.9605926513672,120.18143615722656
week249,2025-10-06,2025-10-10,2025,99.1563507080078,73.5647186279297,21.815767669677733,461.53867797851564,139.62607116699218,53.02123336791992,92.47039489746092,42.087999725341795,78.4429443359375,43.67049942016602,61.55978851318359,41.50043869018555,28.65975151062012,40.00970230102539,79.3742462158203,95.51950073242188,86.23490600585937,65.26449508666992,117.36485595703125,52.77000045776367,145.557861328125,668.5227905273438,202.59197998046875,469.9627746582031,243.30609436035155,95.53895263671875,110.00230560302734,64.23291397094727,591.828662109375,253.44136657714844,603.9938232421875,194.6206848144531,26.7939697265625,44.43000030517578,665.6370971679687,110.15890655517578,88.39735260009766,94.53236389160156,72.3,59.428540802001955,215.5848602294922,124.94991607666016,88.7799560546875,612.0638549804687,328.08936767578126,185.13682861328124,481.73948364257814,53.2923469543457,44.233663177490236,43.70643157958985,53.106390380859374,153.10760192871095,143.0390411376953,77.29389190673828,40.81790390014648,44.81624526977539,143.22209777832032,117.36440887451172,99.12267608642578,73.54014434814454,21.746112442016603,462.8153930664063,140.60104064941407,52.983768463134766,92.30145568847657,41.99000091552735,77.666015625,44.15205688476563,61.08939971923828,41.40037078857422,29.59111633300781,40.89014511108398,79.71486053466796,95.47429962158203,86.13876037597656,65.21534881591796,118.69070281982422,52.27200012207031,145.50802307128907,668.1979248046875,202.9602081298828,469.0876525878906,242.37123107910156,95.98843536376953,110.15015563964843,65.43423156738281,595.6070434570313,254.92334899902343,601.47705078125,194.70841064453126,27.05925636291504,42.76599960327148,665.3818603515625,110.0804229736328,88.33783416748047,94.57020874023438,72.94599914550781,59.30856857299805,215.5390411376953,125.46285705566406,90.48043975830078,611.7946166992188,327.93780517578125,185.67403869628907,480.3568908691406,53.37080459594726,44.475416564941405,44.2557487487793,53.50499725341797,153.41255798339844,141.55428771972657,77.51809387207031,41.587493133544925,43.58546752929688,140.7107940673828,119.64289245605468,98.84081420898437,73.32830810546875,21.86413993835449,459.9492614746094,139.08816528320312,52.293644714355466,91.05995330810546,41.140000915527345,77.90314025878907,43.324256134033206,60.74521255493164,40.62534103393555,29.848110961914063,40.02948760986328,79.60608215332032,95.24812164306641,84.99874725341797,64.5155029296875,118.05565185546875,52.80800094604492,144.46743774414062,663.0421875,201.34998168945313,466.1985717773438,241.28287353515626,95.88157653808594,109.69820098876953,63.57298126220703,593.6540771484375,254.8854553222656,596.4315551757812,191.96084594726562,26.823947143554687,40.54199981689453,660.25302734375,110.00235290527344,87.69255065917969,93.68985748291016,75.77999877929688,58.565148162841794,213.91559448242188,122.88623962402343,89.9097900390625,607.051025390625,325.6007446289062,184.02289428710938,477.13935546875,52.81963958740234,44.37990951538086,44.652367401123044,53.55282974243164,151.8977508544922,139.60924072265624,77.49031219482421,41.26699600219727,42.612752532958986,135.34166259765624,119.12691955566406
week250,2025-10-13,2025-10-17,2025,99.85345764160157,74.0598388671875,21.45588073730469,459.6158081054688,138.73020935058594,52.967994689941406,92.14626770019531,41.58999938964844,77.91856536865234,44.2316535949707,61.85999450683594,41.22966842651367,28.317735290527345,39.31721801757813,79.44718627929687,96.33782043457032,85.897412109375,65.27629089355469,117.38675689697266,53.60599975585937,144.68472290039062,663.9808471679687,201.6744171142578,466.0427307128906,245.39907531738282,95.56454162597656,110.85465545654297,62.40525436401367,588.8155151367188,253.19602966308594,600.4563598632812,192.48324584960938,26.45741195678711,47.70999984741211,661.1404052734375,110.70780944824219,89.92635650634766,93.73566589355468,68.81199951171875,59.306603240966794,215.06495361328126,124.6039810180664,89.37255249023437,607.8677368164062,326.11696166992186,184.5797088623047,477.1761474609375,53.10404815673828,43.97101974487305,42.66927261352539,52.432745361328124,151.60675048828125,141.83487243652343,78.28593139648437,41.13444366455078,45.55372009277344,141.88380126953126,116.74264068603516,99.1563507080078,73.5647186279297,21.815767669677733,461.53867797851564,139.62607116699218,53.02123336791992,92.47039489746092,42.087999725341795,78.4429443359375,43.67049942016602,61.55978851318359,41.50043869018555,28.65975151062012,40.00970230102539,79.3742462158203,95.51950073242188,86.23490600585937,65.26449508666992,117.36485595703125,52.77000045776367,145.557861328125,668.5227905273438,202.59197998046875,469.9627746582031,243.30609436035155,95.53895263671875,110.00230560302734,64.23291397094727,591.828662109375,253.44136657714844,603.9938232421875,194.6206848144531,26.7939697265625,44.43000030517578,665.6370971679687,110.15890655517578,88.39735260009766,94.53236389160156,72.3,59.428540802001955,215.5848602294922,124.94991607666016,88.7799560546875,612.0638549804687,328.08936767578126,185.13682861328124,481.73948364257814,53.2923469543457,44.233663177490236,43.70643157958985,53.106390380859374,153.10760192871095,143.0390411376953,77.29389190673828,40.81790390014648,44.81624526977539,143.22209777832032,117.36440887451172,99.12267608642578,73.54014434814454,21.746112442016603,462.8153930664063,140.60104064941407,52.983768463134766,92.30145568847657,41.99000091552735,77.666015625,44.15205688476563,61.08939971923828,41.40037078857422,29.59111633300781,40.89014511108398,79.71486053466796,95.47429962158203,86.13876037597656,65.21534881591796,118.69070281982422,52.27200012207031,145.50802307128907,668.1979248046875,202.9602081298828,469.0876525878906,242.37123107910156,95.98843536376953,110.15015563964843,65.43423156738281,595.6070434570313,254.92334899902343,601.47705078125,194.70841064453126,27.05925636291504,42.76599960327148,665.3818603515625,110.0804229736328,88.33783416748047,94.57020874023438,72.94599914550781,59.30856857299805,215.5390411376953,125.46285705566406,90.48043975830078,611.7946166992188,327.93780517578125,185.67403869628907,480.3568908691406,53.37080459594726,44.475416564941405,44.2557487487793,53.50499725341797,153.41255798339844,141.55428771972657,77.51809387207031,41.587493133544925,43.58546752929688,140.7107940673828,119.64289245605468
week251,2025-10-20,2025-10-24,2025,100.16240844726562,74.27966613769532,21.786744689941408,466.5300231933594,139.98995971679688,53.89473342895508,93.16382598876953,41.62999954223633,79.62279815673828,44.866434478759764,62.94227294921875,41.578921508789065,29.204656982421874,39.79404296875,79.69162445068359,96.65880889892578,86.8039321899414,66.36340942382813,119.32176818847657,54.75599975585938,146.4668701171875,672.7518188476563,204.13652648925782,472.3403686523437,246.04291381835938,95.9109603881836,111.34311981201172,63.07111587524414,595.2582885742188,252.74924011230468,610.4315063476563,195.3085723876953,26.74843521118164,44.71200103759766,669.9005004882813,110.95946807861328,90.6938247680664,94.20173797607421,70.63999938964844,59.96152267456055,216.38563842773436,127.4768295288086,91.3128448486328,615.9009765625,330.1595031738281,186.27890625,484.4527099609375,53.7787841796875,44.194863891601564,43.471435546875,52.53638381958008,153.6656921386719,144.2502014160156,78.79385681152344,42.044498443603516,45.08920059204102,144.97265014648437,118.64287567138672,99.85345764160157,74.0598388671875,21.45588073730469,459.6158081054688,138.73020935058594,52.967994689941406,92.14626770019531,41.58999938964844,77.91856536865234,44.2316535949707,61.85999450683594,41.22966842651367,28.317735290527345,39.31721801757813,79.44718627929687,96.33782043457032,85.897412109375,65.27629089355469,117.38675689697266,53.60599975585937,144.68472290039062,663.9808471679687,201.6744171142578,466.0427307128906,245.39907531738282,95.56454162597656,110.85465545654297,62.40525436401367,588.8155151367188,253.19602966308594,600.4563598632812,192.48324584960938,26.45741195678711,47.70999984741211,661.1404052734375,110.70780944824219,89.92635650634766,93.73566589355468,68.81199951171875,59.306603240966794,215.06495361328126,124.6039810180664,89.37255249023437,607.8677368164062,326.11696166992186,184.5797088623047,477.1761474609375,53.10404815673828,43.97101974487305,42.66927261352539,52.432745361328124,151.60675048828125,141.83487243652343,78.28593139648437,41.13444366455078,45.55372009277344,141.88380126953126,116.74264068603516,99.1563507080078,73.5647186279297,21.815767669677733,461.53867797851564,139.62607116699218,53.02123336791992,92.47039489746092,42.087999725341795,78.4429443359375,43.67049942016602,61.55978851318359,41.50043869018555,28.65975151062012,40.00970230102539,79.3742462158203,95.51950073242188,86.23490600585937,65.26449508666992,117.36485595703125,52.77000045776367,145.557861328125,668.5227905273438,202.59197998046875,469.9627746582031,243.30609436035155,95.53895263671875,110.00230560302734,64.23291397094727,591.828662109375,253.44136657714844,603.9938232421875,194.6206848144531,26.7939697265625,44.43000030517578,665.6370971679687,110.15890655517578,88.39735260009766,94.53236389160156,72.3,59.428540802001955,215.5848602294922,124.94991607666016,88.7799560546875,612.0638549804687,328.08936767578126,185.13682861328124,481.73948364257814,53.2923469543457,44.233663177490236,43.70643157958985,53.106390380859374,153.10760192871095,143.0390411376953,77.29389190673828,40.81790390014648,44.81624526977539,143.22209777832032,117.36440887451172
week252,2025-10-27,2025-10-31,2025,99.89505157470703,74.08360595703125,21.999581146240235,474.1072204589844,138.99521179199218,54.84315948486328,93.44081115722656,41.3,80.45949096679688,44.583866882324216,63.940416717529295,42.01843338012695,29.967912673950195,40.11852188110352,79.84341430664062,96.23280639648438,87.03154296875,67.49967498779297,118.62699737548829,54.422000885009766,148.93875427246093,685.1957397460938,204.35348205566407,486.7118347167969,246.60901489257813,96.11763305664061,110.94760131835938,64.04718322753907,594.3136840820313,255.64140930175782,629.5688842773437,197.32039794921874,26.5860954284668,43.33600006103516,682.2998657226562,110.57107849121094,90.14591217041016,93.33731536865234,72.11600036621094,60.3096321105957,217.644580078125,129.61605834960938,89.22985229492187,627.4084106445313,335.5661682128906,185.7596008300781,499.4493774414062,54.36721649169922,43.49945220947266,43.5557144165039,52.418793487548825,154.53073120117188,150.3878967285156,76.78596801757813,40.944522094726565,44.7338623046875,144.25570373535157,119.26863403320313,100.16240844726562,74.27966613769532,21.786744689941408,466.5300231933594,139.98995971679688,53.89473342895508,93.16382598876953,41.62999954223633,79.62279815673828,44.866434478759764,62.94227294921875,41.578921508789065,29.204656982421874,39.79404296875,79.69162445068359,96.65880889892578,86.8039321899414,66.36340942382813,119.32176818847657,54.75599975585938,146.4668701171875,672.7518188476563,204.13652648925782,472.3403686523437,246.04291381835938,95.9109603881836,111.34311981201172,63.07111587524414,595.2582885742188,252.74924011230468,610.4315063476563,195.3085723876953,26.74843521118164,44.71200103759766,669.9005004882813,110.95946807861328,90.6938247680664,94.20173797607421,70.63999938964844,59.96152267456055,216.38563842773436,127.4768295288086,91.3128448486328,615.9009765625,330.1595031738281,186.27890625,484.4527099609375,53.7787841796875,44.194863891601564,43.471435546875,52.53638381958008,153.6656921386719,144.2502014160156,78.79385681152344,42.044498443603516,45.08920059204102,144.97265014648437,118.64287567138672,99.85345764160157,74.0598388671875,21.45588073730469,459.6158081054688,138.73020935058594,52.967994689941406,92.14626770019531,41.58999938964844,77.91856536865234,44.2316535949707,61.85999450683594,41.22966842651367,28.317735290527345,39.31721801757813,79.44718627929687,96.33782043457032,85.897412109375,65.27629089355469,117.38675689697266,53.60599975585937,144.68472290039062,663.9808471679687,201.6744171142578,466.0427307128906,245.39907531738282,95.56454162597656,110.85465545654297,62.40525436401367,588.8155151367188,253.19602966308594,600.4563598632812,192.48324584960938,26.45741195678711,47.70999984741211,661.1404052734375,110.70780944824219,89.92635650634766,93.73566589355468,68.81199951171875,59.306603240966794,215.06495361328126,124.6039810180664,89.37255249023437,607.8677368164062,326.11696166992186,184.5797088623047,477.1761474609375,53.10404815673828,43.97101974487305,42.66927261352539,52.432745361328124,151.60675048828125,141.83487243652343,78.28593139648437,41.13444366455078,45.55372009277344,141.88380126953126,116.74264068603516
week253,2025-11-03,2025-11-07,2025,99.45208435058593,73.78035736083984,22.15630683898926,469.53857421875,137.363671875,54.15698013305664,92.42521209716799,40.56999969482422,80.10669403076172,43.535186004638675,62.7013427734375,41.75551071166992,30.750491333007812,39.382510375976565,79.47394104003907,95.92760772705078,86.02299041748047,66.66221923828125,117.07221984863281,53.986000061035156,146.8974578857422,676.4586791992188,202.74922790527344,477.70294189453125,241.8449920654297,95.64116821289062,109.79793701171874,62.677920532226565,587.9825317382813,248.92359924316406,618.4072387695312,193.86699829101562,26.275273895263673,43.523999786376955,673.4978881835938,110.19505004882812,88.92910308837891,92.38724822998047,71.56799926757813,59.62717971801758,214.85579833984374,128.9719039916992,88.5143798828125,619.29736328125,331.0928527832031,184.15392150878904,491.4275756835938,53.61402206420898,42.3513801574707,43.683625030517575,52.28924560546875,152.70298767089844,146.6036346435547,75.3792510986328,40.497406005859375,44.16710891723633,144.8412109375,119.03909149169922,99.89505157470703,74.08360595703125,21.999581146240235,474.1072204589844,138.99521179199218,54.84315948486328,93.44081115722656,41.3,80.45949096679688,44.583866882324216,63.940416717529295,42.01843338012695,29.967912673950195,40.11852188110352,79.84341430664062,96.23280639648438,87.03154296875,67.49967498779297,118.62699737548829,54.422000885009766,148.93875427246093,685.1957397460938,204.35348205566407,486.7118347167969,246.60901489257813,96.11763305664061,110.94760131835938,64.04718322753907,594.3136840820313,255.64140930175782,629.5688842773437,197.32039794921874,26.5860954284668,43.33600006103516,682.2998657226562,110.57107849121094,90.14591217041016,93.33731536865234,72.11600036621094,60.3096321105957,217.644580078125,129.61605834960938,89.22985229492187,627.4084106445313,335.5661682128906,185.7596008300781,499.4493774414062,54.36721649169922,43.49945220947266,43.5557144165039,52.418793487548825,154.53073120117188,150.3878967285156,76.78596801757813,40.944522094726565,44.7338623046875,144.25570373535157,119.26863403320313,100.16240844726562,74.27966613769532,21.786744689941408,466.5300231933594,139.98995971679688,53.89473342895508,93.16382598876953,41.62999954223633,79.62279815673828,44.866434478759764,62.94227294921875,41.578921508789065,29.204656982421874,39.79404296875,79.69162445068359,96.65880889892578,86.8039321899414,66.36340942382813,119.32176818847657,54.75599975585938,146.4668701171875,672.7518188476563,204.13652648925782,472.3403686523437,246.04291381835938,95.9109603881836,111.34311981201172,63.07111587524414,595.2582885742188,252.74924011230468,610.4315063476563,195.3085723876953,26.74843521118164,44.71200103759766,669.9005004882813,110.95946807861328,90.6938247680664,94.20173797607421,70.63999938964844,59.96152267456055,216.38563842773436,127.4768295288086,91.3128448486328,615.9009765625,330.1595031738281,186.27890625,484.4527099609375,53.7787841796875,44.194863891601564,43.471435546875,52.53638381958008,153.6656921386719,144.2502014160156,78.79385681152344,42.044498443603516,45.08920059204102,144.97265014648437,118.64287567138672
week254,2025-11-10,2025-11-14,2025,99.57527465820313,73.86579284667968,22.32464141845703,474.7009521484375,139.6181640625,54.52964630126953,94.02227172851562,41.19599990844726,80.7313217163086,44.55799789428711,62.280670166015625,42.46186981201172,31.996820068359376,40.20359725952149,79.69783172607421,96.07071380615234,87.44948272705078,67.05932312011718,117.85259246826172,54.454000854492186,147.40180053710938,679.2707275390625,205.28299560546876,476.26240234375,240.42973937988282,95.9103286743164,109.93290557861329,63.57693176269531,590.9239135742188,248.89368286132813,615.8345581054688,195.14706726074218,26.845442962646484,46.7879997253418,676.359423828125,110.34613952636718,88.91123657226562,93.72371368408203,71.08399963378906,60.56137390136719,217.30793151855468,130.62205505371094,89.35867767333984,621.9239135742188,332.31537475585935,186.9534118652344,489.58546142578126,54.057308197021484,43.440755462646486,45.07873382568359,52.871211242675784,152.8445037841797,145.4993103027344,76.53795623779297,40.7724006652832,44.34080810546875,150.42941284179688,117.70074462890625,99.45208435058593,73.78035736083984,22.15630683898926,469.53857421875,137.363671875,54.15698013305664,92.42521209716799,40.56999969482422,80.10669403076172,43.535186004638675,62.7013427734375,41.75551071166992,30.750491333007812,39.382510375976565,79.47394104003907,95.92760772705078,86.02299041748047,66.66221923828125,117.07221984863281,53.986000061035156,146.8974578857422,676.4586791992188,202.74922790527344,477.70294189453125,241.8449920654297,95.64116821289062,109.79793701171874,62.677920532226565,587.9825317382813,248.92359924316406,618.4072387695312,193.86699829101562,26.275273895263673,43.523999786376955,673.4978881835938,110.19505004882812,88.92910308837891,92.38724822998047,71.56799926757813,59.62717971801758,214.85579833984374,128.9719039916992,88.5143798828125,619.29736328125,331.0928527832031,184.15392150878904,491.4275756835938,53.61402206420898,42.3513801574707,43.683625030517575,52.28924560546875,152.70298767089844,146.6036346435547,75.3792510986328,40.497406005859375,44.16710891723633,144.8412109375,119.03909149169922,99.89505157470703,74.08360595703125,21.999581146240235,474.1072204589844,138.99521179199218,54.84315948486328,93.44081115722656,41.3,80.45949096679688,44.583866882324216,63.940416717529295,42.01843338012695,29.967912673950195,40.11852188110352,79.84341430664062,96.23280639648438,87.03154296875,67.49967498779297,118.62699737548829,54.422000885009766,148.93875427246093,685.1957397460938,204.35348205566407,486.7118347167969,246.60901489257813,96.11763305664061,110.94760131835938,64.04718322753907,594.3136840820313,255.64140930175782,629.5688842773437,197.32039794921874,26.5860954284668,43.33600006103516,682.2998657226562,110.57107849121094,90.14591217041016,93.33731536865234,72.11600036621094,60.3096321105957,217.644580078125,129.61605834960938,89.22985229492187,627.4084106445313,335.5661682128906,185.7596008300781,499.4493774414062,54.36721649169922,43.49945220947266,43.5557144165039,52.418793487548825,154.53073120117188,150.3878967285156,76.78596801757813,40.944522094726565,44.7338623046875,144.25570373535157,119.26863403320313
week255,2025-11-17,2025-11-21,2025,99.5077163696289,73.82605743408203,22.092455673217774,460.3759033203125,137.2825927734375,52.92461624145508,90.99709014892578,39.46799926757812,78.00339050292969,43.37002410888672,59.622779083251956,41.15707015991211,31.28573570251465,38.697941589355466,79.41647796630859,96.1939483642578,84.70834503173828,65.16620330810547,113.51673583984375,54.604000854492185,143.23349304199218,660.9476196289063,201.0235595703125,460.36846923828125,232.09568481445314,95.51054992675782,109.66297607421875,61.03598861694336,574.1962158203125,240.18926391601562,594.350244140625,190.71068725585934,26.68904266357422,45.81999969482422,658.0435668945313,110.15926361083984,88.49038238525391,92.99075164794922,70.8260009765625,58.76968688964844,213.68251037597656,126.50463409423828,88.05259246826172,605.113525390625,323.04966430664064,183.65051879882813,472.73069458007814,52.670569610595706,42.53244400024414,44.57601776123047,51.2528678894043,149.125244140625,138.6886413574219,76.45462341308594,40.21845474243164,44.0122673034668,151.88321838378906,112.21661071777343,99.57527465820313,73.86579284667968,22.32464141845703,474.7009521484375,139.6181640625,54.52964630126953,94.02227172851562,41.19599990844726,80.7313217163086,44.55799789428711,62.280670166015625,42.46186981201172,31.996820068359376,40.20359725952149,79.69783172607421,96.07071380615234,87.44948272705078,67.05932312011718,117.85259246826172,54.454000854492186,147.40180053710938,679.2707275390625,205.28299560546876,476.26240234375,240.42973937988282,95.9103286743164,109.93290557861329,63.57693176269531,590.9239135742188,248.89368286132813,615.8345581054688,195.14706726074218,26.845442962646484,46.7879997253418,676.359423828125,110.34613952636718,88.91123657226562,93.72371368408203,71.08399963378906,60.56137390136719,217.30793151855468,130.62205505371094,89.35867767333984,621.9239135742188,332.31537475585935,186.9534118652344,489.58546142578126,54.057308197021484,43.440755462646486,45.07873382568359,52.871211242675784,152.8445037841797,145.4993103027344,76.53795623779297,40.7724006652832,44.34080810546875,150.42941284179688,117.70074462890625,99.45208435058593,73.78035736083984,22.15630683898926,469.53857421875,137.363671875,54.15698013305664,92.42521209716799,40.56999969482422,80.10669403076172,43.535186004638675,62.7013427734375,41.75551071166992,30.750491333007812,39.382510375976565,79.47394104003907,95.92760772705078,86.02299041748047,66.66221923828125,117.07221984863281,53.986000061035156,146.8974578857422,676.4586791992188,202.74922790527344,477.70294189453125,241.8449920654297,95.64116821289062,109.79793701171874,62.677920532226565,587.9825317382813,248.92359924316406,618.4072387695312,193.86699829101562,26.275273895263673,43.523999786376955,673.4978881835938,110.19505004882812,88.92910308837891,92.38724822998047,71.56799926757813,59.62717971801758,214.85579833984374,128.9719039916992,88.5143798828125,619.29736328125,331.0928527832031,184.15392150878904,491.4275756835938,53.61402206420898,42.3513801574707,43.683625030517575,52.28924560546875,152.70298767089844,146.6036346435547,75.3792510986328,40.497406005859375,44.16710891723633,144.8412109375,119.03909149169922
week256,2025-11-24,2025-11-28,2025,100.14451789855957,74.30044746398926,22.00441884994507,470.59203338623047,140.61142349243164,53.25538349151611,92.48169136047363,40.29499912261963,79.50760650634766,43.87496280670166,60.586503982543945,41.83693981170654,31.841753005981445,39.038740158081055,80.0960807800293,96.92241859436035,86.18290901184082,65.54659652709961,119.15902519226074,54.46999931335449,147.14663696289062,677.6952972412109,206.55286026000977,471.9727478027344,244.45025634765625,96.40313529968262,110.88460922241211,61.31804275512695,596.5172576904297,245.44502639770508,611.1051483154297,195.67195510864258,27.050841808319092,48.22749996185303,674.7112884521484,110.6120433807373,89.60504913330078,94.2395782470703,70.19499969482422,59.872036933898926,219.42243194580078,130.60266494750977,89.8873519897461,620.4840087890625,331.94593811035156,187.2871856689453,484.6370162963867,52.92702674865723,43.8511381149292,44.31102657318115,52.49403190612793,151.58332443237305,141.0572967529297,77.7115421295166,40.9005012512207,44.48919486999512,156.85704040527344,116.44048881530762,99.5077163696289,73.82605743408203,22.092455673217774,460.3759033203125,137.2825927734375,52.92461624145508,90.99709014892578,39.46799926757812,78.00339050292969,43.37002410888672,59.622779083251956,41.15707015991211,31.28573570251465,38.697941589355466,79.41647796630859,96.1939483642578,84.70834503173828,65.16620330810547,113.51673583984375,54.604000854492185,143.23349304199218,660.9476196289063,201.0235595703125,460.36846923828125,232.09568481445314,95.51054992675782,109.66297607421875,61.03598861694336,574.1962158203125,240.18926391601562,594.350244140625,190.71068725585934,26.68904266357422,45.81999969482422,658.0435668945313,110.15926361083984,88.49038238525391,92.99075164794922,70.8260009765625,58.76968688964844,213.68251037597656,126.50463409423828,88.05259246826172,605.113525390625,323.04966430664064,183.65051879882813,472.73069458007814,52.670569610595706,42.53244400024414,44.57601776123047,51.2528678894043,149.125244140625,138.6886413574219,76.45462341308594,40.21845474243164,44.0122673034668,151.88321838378906,112.21661071777343,99.57527465820313,73.86579284667968,22.32464141845703,474.7009521484375,139.6181640625,54.52964630126953,94.02227172851562,41.19599990844726,80.7313217163086,44.55799789428711,62.280670166015625,42.46186981201172,31.996820068359376,40.20359725952149,79.69783172607421,96.07071380615234,87.44948272705078,67.05932312011718,117.85259246826172,54.454000854492186,147.40180053710938,679.2707275390625,205.28299560546876,476.26240234375,240.42973937988282,95.9103286743164,109.93290557861329,63.57693176269531,590.9239135742188,248.89368286132813,615.8345581054688,195.14706726074218,26.845442962646484,46.7879997253418,676.359423828125,110.34613952636718,88.91123657226562,93.72371368408203,71.08399963378906,60.56137390136719,217.30793151855468,130.62205505371094,89.35867767333984,621.9239135742188,332.31537475585935,186.9534118652344,489.58546142578126,54.057308197021484,43.440755462646486,45.07873382568359,52.871211242675784,152.8445037841797,145.4993103027344,76.53795623779297,40.7724006652832,44.34080810546875,150.42941284179688,117.70074462890625
week257,2025-12-01,2025-12-05,2025,99.82653503417968,74.0508041381836,22.403972244262697,476.2082763671875,140.27078247070312,53.63051528930664,93.68832397460938,40.98199996948242,79.99294738769531,44.37691650390625,61.85234680175781,42.38927001953125,32.632542037963866,39.083753967285155,80.2755844116211,96.40118408203125,87.2552276611328,65.98989868164062,120.61974029541015,53.87000045776367,148.65567932128906,684.1195434570312,208.5969970703125,476.41424560546875,247.77112426757813,96.6904296875,110.51758880615235,61.53192901611328,602.0179443359375,249.4541625976562,621.4213623046875,198.24356079101562,27.35819854736328,52.68600006103516,681.1412963867188,110.23575744628906,88.33422088623047,94.1160888671875,71.0459991455078,60.67347717285156,220.23017578125,133.7334716796875,89.24967041015626,626.3573852539063,335.2351013183594,188.92519836425782,491.12787475585935,53.15896987915039,44.091399383544925,45.34843368530274,53.13827896118164,153.07571411132812,144.7714111328125,78.13315887451172,40.58445587158203,43.47529067993164,153.72338256835937,118.7277099609375,100.14451789855957,74.30044746398926,22.00441884994507,470.59203338623047,140.61142349243164,53.25538349151611,92.48169136047363,40.29499912261963,79.50760650634766,43.87496280670166,60.586503982543945,41.83693981170654,31.841753005981445,39.038740158081055,80.0960807800293,96.92241859436035,86.18290901184082,65.54659652709961,119.15902519226074,54.46999931335449,147.14663696289062,677.6952972412109,206.55286026000977,471.9727478027344,244.45025634765625,96.40313529968262,110.88460922241211,61.31804275512695,596.5172576904297,245.44502639770508,611.1051483154297,195.67195510864258,27.050841808319092,48.22749996185303,674.7112884521484,110.6120433807373,89.60504913330078,94.2395782470703,70.19499969482422,59.872036933898926,219.42243194580078,130.60266494750977,89.8873519897461,620.4840087890625,331.94593811035156,187.2871856689453,484.6370162963867,52.92702674865723,43.8511381149292,44.31102657318115,52.49403190612793,151.58332443237305,141.0572967529297,77.7115421295166,40.9005012512207,44.48919486999512,156.85704040527344,116.44048881530762,99.5077163696289,73.82605743408203,22.092455673217774,460.3759033203125,137.2825927734375,52.92461624145508,90.99709014892578,39.46799926757812,78.00339050292969,43.37002410888672,59.622779083251956,41.15707015991211,31.28573570251465,38.697941589355466,79.41647796630859,96.1939483642578,84.70834503173828,65.16620330810547,113.51673583984375,54.604000854492185,143.23349304199218,660.9476196289063,201.0235595703125,460.36846923828125,232.09568481445314,95.51054992675782,109.66297607421875,61.03598861694336,574.1962158203125,240.18926391601562,594.350244140625,190.71068725585934,26.68904266357422,45.81999969482422,658.0435668945313,110.15926361083984,88.49038238525391,92.99075164794922,70.8260009765625,58.76968688964844,213.68251037597656,126.50463409423828,88.05259246826172,605.113525390625,323.04966430664064,183.65051879882813,472.73069458007814,52.670569610595706,42.53244400024414,44.57601776123047,51.2528678894043,149.125244140625,138.6886413574219,76.45462341308594,40.21845474243164,44.0122673034668,151.88321838378906,112.21661071777343
week258,2025-12-08,2025-12-12,2025,99.60327911376955,73.88934326171875,22.287878799438477,480.6170715332031,141.24969482421875,53.91050720214844,94.45640869140625,41.875999450683594,80.70625915527344,44.43860397338867,62.739585876464844,42.450096130371094,31.832574462890626,38.70981216430664,80.22582092285157,95.98453521728516,87.94590911865234,66.26904754638672,122.72794799804687,53.284000396728516,149.24574584960936,686.0208251953125,209.76734924316406,476.84779663085936,252.89593200683595,96.63670501708984,110.19087829589844,60.97276153564453,609.3953491210938,252.9786163330078,622.4260864257812,198.75399780273438,27.482556915283205,55.53399887084961,683.0157470703125,109.93868255615234,87.59708862304687,93.749609375,69.78999938964844,61.277262115478514,221.2361328125,136.06952514648438,88.4370849609375,628.1124145507813,336.52344970703126,190.12895812988282,491.0459716796875,53.20408248901367,44.04861907958984,45.3672737121582,53.90559768676758,155.10476379394532,146.98505249023438,77.82364196777344,40.23428192138672,42.49563140869141,151.5884765625,119.07601623535156,99.82653503417968,74.0508041381836,22.403972244262697,476.2082763671875,140.27078247070312,53.63051528930664,93.68832397460938,40.98199996948242,79.99294738769531,44.37691650390625,61.85234680175781,42.38927001953125,32.632542037963866,39.083753967285155,80.2755844116211,96.40118408203125,87.2552276611328,65.98989868164062,120.61974029541015,53.87000045776367,148.65567932128906,684.1195434570312,208.5969970703125,476.41424560546875,247.77112426757813,96.6904296875,110.51758880615235,61.53192901611328,602.0179443359375,249.4541625976562,621.4213623046875,198.24356079101562,27.35819854736328,52.68600006103516,681.1412963867188,110.23575744628906,88.33422088623047,94.1160888671875,71.0459991455078,60.67347717285156,220.23017578125,133.7334716796875,89.24967041015626,626.3573852539063,335.2351013183594,188.92519836425782,491.12787475585935,53.15896987915039,44.091399383544925,45.34843368530274,53.13827896118164,153.07571411132812,144.7714111328125,78.13315887451172,40.58445587158203,43.47529067993164,153.72338256835937,118.7277099609375,100.14451789855957,74.30044746398926,22.00441884994507,470.59203338623047,140.61142349243164,53.25538349151611,92.48169136047363,40.29499912261963,79.50760650634766,43.87496280670166,60.586503982543945,41.83693981170654,31.841753005981445,39.038740158081055,80.0960807800293,96.92241859436035,86.18290901184082,65.54659652709961,119.15902519226074,54.46999931335449,147.14663696289062,677.6952972412109,206.55286026000977,471.9727478027344,244.45025634765625,96.40313529968262,110.88460922241211,61.31804275512695,596.5172576904297,245.44502639770508,611.1051483154297,195.67195510864258,27.050841808319092,48.22749996185303,674.7112884521484,110.6120433807373,89.60504913330078,94.2395782470703,70.19499969482422,59.872036933898926,219.42243194580078,130.60266494750977,89.8873519897461,620.4840087890625,331.94593811035156,187.2871856689453,484.6370162963867,52.92702674865723,43.8511381149292,44.31102657318115,52.49403190612793,151.58332443237305,141.0572967529297,77.7115421295166,40.9005012512207,44.48919486999512,156.85704040527344,116.44048881530762
week259,2025-12-15,2025-12-19,2025,99.78138580322266,74.0138656616211,22.01506118774414,480.7103637695312,142.15880126953124,53.16340026855469,94.94239807128906,41.95599899291992,80.58979949951171,44.84439926147461,60.99079895019531,43.05220031738281,31.392335891723633,38.18879928588867,80.28968353271485,96.21823425292969,88.3738006591797,65.38820037841796,122.35559844970703,53.29000015258789,147.6686004638672,678.9952026367188,209.59820251464845,468.131201171875,249.54559631347655,96.72318420410156,110.1041976928711,59.98500137329101,607.2778686523437,246.91580200195312,608.9873657226562,198.04779968261718,27.55399971008301,59.26999969482422,676.016650390625,109.93694915771485,87.49762573242188,93.96379852294922,67.45200042724609,61.502699279785155,219.341748046875,135.41539916992187,88.33798828125,621.6587036132812,333.02935180664065,190.55674438476564,482.1031066894531,52.590948486328124,44.93802719116211,44.032649993896484,54.5373893737793,154.86358947753905,141.86282348632812,78.67679748535156,40.16108169555664,42.64650115966797,153.90661010742187,121.43334350585937,99.60327911376955,73.88934326171875,22.287878799438477,480.6170715332031,141.24969482421875,53.91050720214844,94.45640869140625,41.875999450683594,80.70625915527344,44.43860397338867,62.739585876464844,42.450096130371094,31.832574462890626,38.70981216430664,80.22582092285157,95.98453521728516,87.94590911865234,66.26904754638672,122.72794799804687,53.284000396728516,149.24574584960936,686.0208251953125,209.76734924316406,476.84779663085936,252.89593200683595,96.63670501708984,110.19087829589844,60.97276153564453,609.3953491210938,252.9786163330078,622.4260864257812,198.75399780273438,27.482556915283205,55.53399887084961,683.0157470703125,109.93868255615234,87.59708862304687,93.749609375,69.78999938964844,61.277262115478514,221.2361328125,136.06952514648438,88.4370849609375,628.1124145507813,336.52344970703126,190.12895812988282,491.0459716796875,53.20408248901367,44.04861907958984,45.3672737121582,53.90559768676758,155.10476379394532,146.98505249023438,77.82364196777344,40.23428192138672,42.49563140869141,151.5884765625,119.07601623535156,99.82653503417968,74.0508041381836,22.403972244262697,476.2082763671875,140.27078247070312,53.63051528930664,93.68832397460938,40.98199996948242,79.99294738769531,44.37691650390625,61.85234680175781,42.38927001953125,32.632542037963866,39.083753967285155,80.2755844116211,96.40118408203125,87.2552276611328,65.98989868164062,120.61974029541015,53.87000045776367,148.65567932128906,684.1195434570312,208.5969970703125,476.41424560546875,247.77112426757813,96.6904296875,110.51758880615235,61.53192901611328,602.0179443359375,249.4541625976562,621.4213623046875,198.24356079101562,27.35819854736328,52.68600006103516,681.1412963867188,110.23575744628906,88.33422088623047,94.1160888671875,71.0459991455078,60.67347717285156,220.23017578125,133.7334716796875,89.24967041015626,626.3573852539063,335.2351013183594,188.92519836425782,491.12787475585935,53.15896987915039,44.091399383544925,45.34843368530274,53.13827896118164,153.07571411132812,144.7714111328125,78.13315887451172,40.58445587158203,43.47529067993164,153.72338256835937,118.7277099609375
week260,2025-12-22,2025-12-26,2025,99.91500091552734,74.10250091552734,22.589999675750732,485.2567825317383,142.3849983215332,54.38499927520752,96.24250030517578,42.5,80.89249992370605,45.00500011444092,62.50749969482422,44.02250099182129,31.368814945220947,38.65999984741211,80.53999900817871,96.25749969482422,89.66500091552734,66.90250015258789,123.07749938964842,54.1274995803833,150.31000518798828,691.3650054931641,212.02249908447266,479.1024932861328,252.44750213623047,97.06750106811523,110.40500068664551,60.859999656677246,615.2250061035156,254.5525016784668,622.2850036621094,200.51250076293945,27.615000247955322,65.91250038146973,688.3700103759766,109.93000030517578,87.65749931335449,94.91500091552734,69.6775016784668,62.540000915527344,221.77000045776367,137.82999801635742,88.51000022888184,633.0050048828125,338.9675064086914,192.3324966430664,493.6875,53.71250057220459,45.84249973297119,44.31999969482422,55.52499961853027,157.18750381469727,145.98500061035156,77.93500137329102,40.332499504089355,42.670000076293945,155.53500366210938,122.2874984741211,99.78138580322266,74.0138656616211,22.01506118774414,480.7103637695312,142.15880126953124,53.16340026855469,94.94239807128906,41.95599899291992,80.58979949951171,44.84439926147461,60.99079895019531,43.05220031738281,31.392335891723633,38.18879928588867,80.28968353271485,96.21823425292969,88.3738006591797,65.38820037841796,122.35559844970703,53.29000015258789,147.6686004638672,678.9952026367188,209.59820251464845,468.131201171875,249.54559631347655,96.72318420410156,110.1041976928711,59.98500137329101,607.2778686523437,246.91580200195312,608.9873657226562,198.04779968261718,27.55399971008301,59.26999969482422,676.016650390625,109.93694915771485,87.49762573242188,93.96379852294922,67.45200042724609,61.502699279785155,219.341748046875,135.41539916992187,88.33798828125,621.6587036132812,333.02935180664065,190.55674438476564,482.1031066894531,52.590948486328124,44.93802719116211,44.032649993896484,54.5373893737793,154.86358947753905,141.86282348632812,78.67679748535156,40.16108169555664,42.64650115966797,153.90661010742187,121.43334350585937,99.60327911376955,73.88934326171875,22.287878799438477,480.6170715332031,141.24969482421875,53.91050720214844,94.45640869140625,41.875999450683594,80.70625915527344,44.43860397338867,62.739585876464844,42.450096130371094,31.832574462890626,38.70981216430664,80.22582092285157,95.98453521728516,87.94590911865234,66.26904754638672,122.72794799804687,53.284000396728516,149.24574584960936,686.0208251953125,209.76734924316406,476.84779663085936,252.89593200683595,96.63670501708984,110.19087829589844,60.97276153564453,609.3953491210938,252.9786163330078,622.4260864257812,198.75399780273438,27.482556915283205,55.53399887084961,683.0157470703125,109.93868255615234,87.59708862304687,93.749609375,69.78999938964844,61.277262115478514,221.2361328125,136.06952514648438,88.4370849609375,628.1124145507813,336.52344970703126,190.12895812988282,491.0459716796875,53.20408248901367,44.04861907958984,45.3672737121582,53.90559768676758,155.10476379394532,146.98505249023438,77.82364196777344,40.23428192138672,42.49563140869141,151.5884765625,119.07601623535156
week261,2025-12-29,2026-01-02,2026,100.00250053405762,74.17000007629395,22.46999979019165,482.9201354980469,142.07000350952148,55.1225004196167,96.44750022888184,42.579999923706055,81.03499984741211,45.10750102996826,63.834999084472656,44.170000076293945,31.818500518798828,38.8125,80.65999794006348,96.32500267028809,89.85250091552734,67.70750045776367,121.44250106811523,53.93000030517578,149.4275016784668,687.989990234375,211.62999725341797,474.98750305175787,248.2125015258789,97.23500061035155,110.45000267028809,60.81500053405762,608.8975067138672,252.32999801635742,616.9324951171875,199.60250091552734,27.602499961853027,66.29000091552734,684.9874877929688,110.01250076293945,87.53000068664551,94.45750045776367,69.36750030517578,62.79500102996826,220.93000030517578,138.04750061035156,88.8174991607666,629.9374847412109,336.9550018310547,192.18999862670898,489.57250213623047,54.02750015258789,45.734999656677246,44.984999656677246,55.05000019073486,156.59749603271484,144.88750076293945,77.95000076293945,40.52000045776367,42.922499656677246,155.4499969482422,119.74250030517578,99.91500091552734,74.10250091552734,22.589999675750732,485.2567825317383,142.3849983215332,54.38499927520752,96.24250030517578,42.5,80.89249992370605,45.00500011444092,62.50749969482422,44.02250099182129,31.368814945220947,38.65999984741211,80.53999900817871,96.25749969482422,89.66500091552734,66.90250015258789,123.07749938964842,54.1274995803833,150.31000518798828,691.3650054931641,212.02249908447266,479.1024932861328,252.44750213623047,97.06750106811523,110.40500068664551,60.859999656677246,615.2250061035156,254.5525016784668,622.2850036621094,200.51250076293945,27.615000247955322,65.91250038146973,688.3700103759766,109.93000030517578,87.65749931335449,94.91500091552734,69.6775016784668,62.540000915527344,221.77000045776367,137.82999801635742,88.51000022888184,633.0050048828125,338.9675064086914,192.3324966430664,493.6875,53.71250057220459,45.84249973297119,44.31999969482422,55.52499961853027,157.18750381469727,145.98500061035156,77.93500137329102,40.332499504089355,42.670000076293945,155.53500366210938,122.2874984741211,99.78138580322266,74.0138656616211,22.01506118774414,480.7103637695312,142.15880126953124,53.16340026855469,94.94239807128906,41.95599899291992,80.58979949951171,44.84439926147461,60.99079895019531,43.05220031738281,31.392335891723633,38.18879928588867,80.28968353271485,96.21823425292969,88.3738006591797,65.38820037841796,122.35559844970703,53.29000015258789,147.6686004638672,678.9952026367188,209.59820251464845,468.131201171875,249.54559631347655,96.72318420410156,110.1041976928711,59.98500137329101,607.2778686523437,246.91580200195312,608.9873657226562,198.04779968261718,27.55399971008301,59.26999969482422,676.016650390625,109.93694915771485,87.49762573242188,93.96379852294922,67.45200042724609,61.502699279785155,219.341748046875,135.41539916992187,88.33798828125,621.6587036132812,333.02935180664065,190.55674438476564,482.1031066894531,52.590948486328124,44.93802719116211,44.032649993896484,54.5373893737793,154.86358947753905,141.86282348632812,78.67679748535156,40.16108169555664,42.64650115966797,153.90661010742187,121.43334350585937
week262,2026-01-05,2026-01-09,2026,100.05600128173828,74.20800018310547,22.79599952697754,492.199755859375,144.3780029296875,56.99999923706055,98.2260009765625,43.23199996948242,83.31799926757813,45.55199966430664,65.61600036621094,44.74800033569336,32.90800094604492,39.57399978637695,80.91999969482421,96.3280029296875,91.55199890136718,69.90399932861328,124.64400024414063,53.89400100708008,150.997998046875,693.5880004882813,215.8540008544922,475.1420043945312,256.55799560546876,97.56600036621094,110.4740005493164,62.35199966430664,625.7559936523437,256.0039947509766,622.5099975585938,202.5,28.173999786376953,71.16799926757812,690.5380004882812,110.14000091552734,87.56199951171875,94.37799987792968,69.56800079345703,64.0879997253418,223.28800048828126,142.37200317382812,89.07000122070312,635.0420043945312,340.5279968261719,195.46799926757814,489.8700012207031,55.374000549316406,47.30400009155274,46.17599945068359,55.954000854492186,160.58800048828124,145.63799743652345,77.8260009765625,40.44199981689453,42.395999908447266,157.6439971923828,121.92000122070313,100.00250053405762,74.17000007629395,22.46999979019165,482.9201354980469,142.07000350952148,55.1225004196167,96.44750022888184,42.579999923706055,81.03499984741211,45.10750102996826,63.834999084472656,44.170000076293945,31.818500518798828,38.8125,80.65999794006348,96.32500267028809,89.85250091552734,67.70750045776367,121.44250106811523,53.93000030517578,149.4275016784668,687.989990234375,211.62999725341797,474.98750305175787,248.2125015258789,97.23500061035155,110.45000267028809,60.81500053405762,608.8975067138672,252.32999801635742,616.9324951171875,199.60250091552734,27.602499961853027,66.29000091552734,684.9874877929688,110.01250076293945,87.53000068664551,94.45750045776367,69.36750030517578,62.79500102996826,220.93000030517578,138.04750061035156,88.8174991607666,629.9374847412109,336.9550018310547,192.18999862670898,489.57250213623047,54.02750015258789,45.734999656677246,44.984999656677246,55.05000019073486,156.59749603271484,144.88750076293945,77.95000076293945,40.52000045776367,42.922499656677246,155.4499969482422,119.74250030517578,99.91500091552734,74.10250091552734,22.589999675750732,485.2567825317383,142.3849983215332,54.38499927520752,96.24250030517578,42.5,80.89249992370605,45.00500011444092,62.50749969482422,44.02250099182129,31.368814945220947,38.65999984741211,80.53999900817871,96.25749969482422,89.66500091552734,66.90250015258789,123.07749938964842,54.1274995803833,150.31000518798828,691.3650054931641,212.02249908447266,479.1024932861328,252.44750213623047,97.06750106811523,110.40500068664551,60.859999656677246,615.2250061035156,254.5525016784668,622.2850036621094,200.51250076293945,27.615000247955322,65.91250038146973,688.3700103759766,109.93000030517578,87.65749931335449,94.91500091552734,69.6775016784668,62.540000915527344,221.77000045776367,137.82999801635742,88.51000022888184,633.0050048828125,338.9675064086914,192.3324966430664,493.6875,53.71250057220459,45.84249973297119,44.31999969482422,55.52499961853027,157.18750381469727,145.98500061035156,77.93500137329102,40.332499504089355,42.670000076293945,155.53500366210938,122.2874984741211
week263,2026-01-12,2026-01-16,2026,100.18600006103516,74.28999938964844,23.262000274658202,493.32109985351565,146.5779998779297,57.83199920654297,99.26800079345703,43.49400100708008,85.13600006103516,45.72399978637695,66.77200012207031,45.123999786376956,33.05,40.045999908447264,81.05,96.24200134277343,92.50399932861328,70.86799926757813,127.5959976196289,53.152000427246094,151.64999694824218,695.7139892578125,218.3480010986328,472.89000244140624,263.4620056152344,97.73799896240234,110.75,63.48800048828125,636.3880004882812,257.83600158691405,623.2,203.43399963378906,28.818000411987306,80.94599914550781,692.63798828125,110.22200012207031,87.98600006103516,94.55399932861329,72.10400085449218,64.88999938964844,225.1739990234375,144.01199951171876,90.93399963378906,637.0040161132813,342.0539978027344,197.58999633789062,487.91599731445314,56.13400039672852,48.72799987792969,47.34000015258789,54.49599990844727,164.82599792480468,145.80999755859375,81.60000152587891,41.369999694824216,43.119999694824216,156.93600463867188,123.19599914550781,100.05600128173828,74.20800018310547,22.79599952697754,492.199755859375,144.3780029296875,56.99999923706055,98.2260009765625,43.23199996948242,83.31799926757813,45.55199966430664,65.61600036621094,44.74800033569336,32.90800094604492,39.57399978637695,80.91999969482421,96.3280029296875,91.55199890136718,69.90399932861328,124.64400024414063,53.89400100708008,150.997998046875,693.5880004882813,215.8540008544922,475.1420043945312,256.55799560546876,97.56600036621094,110.4740005493164,62.35199966430664,625.7559936523437,256.0039947509766,622.5099975585938,202.5,28.173999786376953,71.16799926757812,690.5380004882812,110.14000091552734,87.56199951171875,94.37799987792968,69.56800079345703,64.0879997253418,223.28800048828126,142.37200317382812,89.07000122070312,635.0420043945312,340.5279968261719,195.46799926757814,489.8700012207031,55.374000549316406,47.30400009155274,46.17599945068359,55.954000854492186,160.58800048828124,145.63799743652345,77.8260009765625,40.44199981689453,42.395999908447266,157.6439971923828,121.92000122070313,100.00250053405762,74.17000007629395,22.46999979019165,482.9201354980469,142.07000350952148,55.1225004196167,96.44750022888184,42.579999923706055,81.03499984741211,45.10750102996826,63.834999084472656,44.170000076293945,31.818500518798828,38.8125,80.65999794006348,96.32500267028809,89.85250091552734,67.70750045776367,121.44250106811523,53.93000030517578,149.4275016784668,687.989990234375,211.62999725341797,474.98750305175787,248.2125015258789,97.23500061035155,110.45000267028809,60.81500053405762,608.8975067138672,252.32999801635742,616.9324951171875,199.60250091552734,27.602499961853027,66.29000091552734,684.9874877929688,110.01250076293945,87.53000068664551,94.45750045776367,69.36750030517578,62.79500102996826,220.93000030517578,138.04750061035156,88.8174991607666,629.9374847412109,336.9550018310547,192.18999862670898,489.57250213623047,54.02750015258789,45.734999656677246,44.984999656677246,55.05000019073486,156.59749603271484,144.88750076293945,77.95000076293945,40.52000045776367,42.922499656677246,155.4499969482422,119.74250030517578
week264,2026-01-20,2026-01-23,2026,99.94999885559082,74.12249946594238,23.78749990463257,490.07499694824224,147.9550018310547,58.33500003814697,99.10999870300293,42.984999656677246,84.47999954223633,45.0674991607666,67.98749923706055,45.125,35.295000076293945,39.28249931335449,81.07999992370605,95.77250099182129,92.49749946594238,71.52750015258789,128.8649959564209,51.579999923706055,150.2450065612793,688.2799987792969,218.31500244140625,463.8300094604492,266.2425003051758,97.80999946594238,110.51749801635742,62.415000915527344,638.0950012207031,254.95000076293948,616.9550018310547,201.70249938964844,29.039999961853027,87.34749984741211,685.2975006103516,110.01250267028809,87.39500045776367,94.39249801635742,72.74249839782715,65.10499954223633,223.2400016784668,145.45000076293945,90.76500129699707,630.2100067138672,338.90499114990234,197.63999938964844,478.5274963378906,56.24250030517578,49.230000495910645,48.61249923706055,53.385000228881836,164.9025001525879,143.90499877929688,82.4950008392334,41.33500003814697,42.8125,157.35749435424805,121.56750106811523,100.18600006103516,74.28999938964844,23.262000274658202,493.32109985351565,146.5779998779297,57.83199920654297,99.26800079345703,43.49400100708008,85.13600006103516,45.72399978637695,66.77200012207031,45.123999786376956,33.05,40.045999908447264,81.05,96.24200134277343,92.50399932861328,70.86799926757813,127.5959976196289,53.152000427246094,151.64999694824218,695.7139892578125,218.3480010986328,472.89000244140624,263.4620056152344,97.73799896240234,110.75,63.48800048828125,636.3880004882812,257.83600158691405,623.2,203.43399963378906,28.818000411987306,80.94599914550781,692.63798828125,110.22200012207031,87.98600006103516,94.55399932861329,72.10400085449218,64.88999938964844,225.1739990234375,144.01199951171876,90.93399963378906,637.0040161132813,342.0539978027344,197.58999633789062,487.91599731445314,56.13400039672852,48.72799987792969,47.34000015258789,54.49599990844727,164.82599792480468,145.80999755859375,81.60000152587891,41.369999694824216,43.119999694824216,156.93600463867188,123.19599914550781,100.05600128173828,74.20800018310547,22.79599952697754,492.199755859375,144.3780029296875,56.99999923706055,98.2260009765625,43.23199996948242,83.31799926757813,45.55199966430664,65.61600036621094,44.74800033569336,32.90800094604492,39.57399978637695,80.91999969482421,96.3280029296875,91.55199890136718,69.90399932861328,124.64400024414063,53.89400100708008,150.997998046875,693.5880004882813,215.8540008544922,475.1420043945312,256.55799560546876,97.56600036621094,110.4740005493164,62.35199966430664,625.7559936523437,256.0039947509766,622.5099975585938,202.5,28.173999786376953,71.16799926757812,690.5380004882812,110.14000091552734,87.56199951171875,94.37799987792968,69.56800079345703,64.0879997253418,223.28800048828126,142.37200317382812,89.07000122070312,635.0420043945312,340.5279968261719,195.46799926757814,489.8700012207031,55.374000549316406,47.30400009155274,46.17599945068359,55.954000854492186,160.58800048828124,145.63799743652345,77.8260009765625,40.44199981689453,42.395999908447266,157.6439971923828,121.92000122070313
week265,2026-01-26,2026-01-30,2026,100.1760009765625,74.27200012207031,24.716000366210938,490.697998046875,149.7800048828125,59.959999084472656,101.2,43.73999938964844,85.497998046875,45.7,70.06800079345703,46.23400039672852,37.59800033569336,40.055999755859375,81.10800018310547,95.98200073242188,94.49800109863281,73.52999725341797,127.55,51.594000244140624,151.71400146484376,697.072021484375,219.52999877929688,470.86200561523435,263.00599975585936,97.83200073242188,110.72799987792969,63.29800109863281,633.3280151367187,258.8540008544922,628.2219970703125,203.86000061035156,29.408000183105468,97.30799865722656,693.92998046875,110.44199981689454,87.7,95.13600006103516,76.88400115966797,66.64600067138672,224.25599975585936,146.8940002441406,90.35599975585937,638.1760009765625,342.247998046875,198.81999816894532,486.597998046875,57.30800018310547,49.84599990844727,50.099999237060544,53.27799987792969,164.9760009765625,146.8220001220703,82.78000030517578,41.22399978637695,43.242000579833984,155.28400268554688,121.82799987792968,99.94999885559082,74.12249946594238,23.78749990463257,490.07499694824224,147.9550018310547,58.33500003814697,99.10999870300293,42.984999656677246,84.47999954223633,45.0674991607666,67.98749923706055,45.125,35.295000076293945,39.28249931335449,81.07999992370605,95.77250099182129,92.49749946594238,71.52750015258789,128.8649959564209,51.579999923706055,150.2450065612793,688.2799987792969,218.31500244140625,463.8300094604492,266.2425003051758,97.80999946594238,110.51749801635742,62.415000915527344,638.0950012207031,254.95000076293948,616.9550018310547,201.70249938964844,29.039999961853027,87.34749984741211,685.2975006103516,110.01250267028809,87.39500045776367,94.39249801635742,72.74249839782715,65.10499954223633,223.2400016784668,145.45000076293945,90.76500129699707,630.2100067138672,338.90499114990234,197.63999938964844,478.5274963378906,56.24250030517578,49.230000495910645,48.61249923706055,53.385000228881836,164.9025001525879,143.90499877929688,82.4950008392334,41.33500003814697,42.8125,157.35749435424805,121.56750106811523,100.18600006103516,74.28999938964844,23.262000274658202,493.32109985351565,146.5779998779297,57.83199920654297,99.26800079345703,43.49400100708008,85.13600006103516,45.72399978637695,66.77200012207031,45.123999786376956,33.05,40.045999908447264,81.05,96.24200134277343,92.50399932861328,70.86799926757813,127.5959976196289,53.152000427246094,151.64999694824218,695.7139892578125,218.3480010986328,472.89000244140624,263.4620056152344,97.73799896240234,110.75,63.48800048828125,636.3880004882812,257.83600158691405,623.2,203.43399963378906,28.818000411987306,80.94599914550781,692.63798828125,110.22200012207031,87.98600006103516,94.55399932861329,72.10400085449218,64.88999938964844,225.1739990234375,144.01199951171876,90.93399963378906,637.0040161132813,342.0539978027344,197.58999633789062,487.91599731445314,56.13400039672852,48.72799987792969,47.34000015258789,54.49599990844727,164.82599792480468,145.80999755859375,81.60000152587891,41.369999694824216,43.119999694824216,156.93600463867188,123.19599914550781
