Archivo,Metodo,Target,RMSE,RMSE_baseline,RMSE_zeros,MAE,MAE_baseline,MAE_zeros,Alpha,Valor_Real,Prediccion,Valor_Baseline,Valor_Zeros,Fecha_Semana
adj_close.csv,ARIMA,AGG,0.001554,0.00225,0.001526,0.001149,0.00168,0.001118,"ARIMA(2, 0, 0)",0.00054995,0.00025775,-0.00069231,0.0,2024-W30
adj_close.csv,ARIMA,AGG,0.001554,0.00225,0.001526,0.001149,0.00168,0.001118,"ARIMA(2, 0, 0)",0.0046619,-0.00010594,0.00054995,0.0,2024-W31
adj_close.csv,ARIMA,AGG,0.001554,0.00225,0.001526,0.001149,0.00168,0.001118,"ARIMA(2, 0, 0)",-0.00156095,0.0001572,0.0046619,0.0,2024-W32
adj_close.csv,ARIMA,AGG,0.001554,0.00225,0.001526,0.001149,0.00168,0.001118,"ARIMA(2, 0, 0)",0.00114188,0.00071472,-0.00156095,0.0,2024-W33
adj_close.csv,ARIMA,AGG,0.001554,0.00225,0.001526,0.001149,0.00168,0.001118,"ARIMA(2, 0, 0)",0.00129425,-0.00024547,0.00114188,0.0,2024-W34
adj_close.csv,ARIMA,AGG,0.001554,0.00225,0.001526,0.001149,0.00168,0.001118,"ARIMA(2, 0, 0)",-0.00103471,0.00017867,0.00129425,0.0,2024-W35
adj_close.csv,ARIMA,AGG,0.001554,0.00225,0.001526,0.001149,0.00168,0.001118,"ARIMA(2, 0, 0)",0.00311247,0.00019455,-0.00103471,0.0,2024-W36
adj_close.csv,ARIMA,AGG,0.001554,0.00225,0.001526,0.001149,0.00168,0.001118,"ARIMA(2, 0, 0)",0.00108412,-0.00017826,0.00311247,0.0,2024-W37
adj_close.csv,ARIMA,AGG,0.001554,0.00225,0.001526,0.001149,0.00168,0.001118,"ARIMA(2, 0, 0)",-0.00051173,0.00048415,0.00108412,0.0,2024-W38
adj_close.csv,ARIMA,AGG,0.001554,0.00225,0.001526,0.001149,0.00168,0.001118,"ARIMA(2, 0, 0)",3.936e-05,0.00016223,-0.00051173,0.0,2024-W39
adj_close.csv,ARIMA,AGG,0.001554,0.00225,0.001526,0.001149,0.00168,0.001118,"ARIMA(2, 0, 0)",-0.00245047,-7.644e-05,3.936e-05,0.0,2024-W40
adj_close.csv,ARIMA,AGG,0.001554,0.00225,0.001526,0.001149,0.00168,0.001118,"ARIMA(2, 0, 0)",-0.00092253,6.31e-06,-0.00245047,0.0,2024-W41
adj_close.csv,ARIMA,AGG,0.001554,0.00225,0.001526,0.001149,0.00168,0.001118,"ARIMA(2, 0, 0)",4.023e-05,-0.00037446,-0.00092253,0.0,2024-W42
adj_close.csv,ARIMA,AGG,0.001554,0.00225,0.001526,0.001149,0.00168,0.001118,"ARIMA(2, 0, 0)",-0.00187778,-0.00013795,4.023e-05,0.0,2024-W43
adj_close.csv,ARIMA,AGG,0.001554,0.00225,0.001526,0.001149,0.00168,0.001118,"ARIMA(2, 0, 0)",-0.00114176,5.4e-07,-0.00187778,0.0,2024-W44
adj_close.csv,ARIMA,AGG,0.001554,0.00225,0.001526,0.001149,0.00168,0.001118,"ARIMA(2, 0, 0)",0.00159006,-0.00029356,-0.00114176,0.0,2024-W45
adj_close.csv,ARIMA,AGG,0.001554,0.00225,0.001526,0.001149,0.00168,0.001118,"ARIMA(2, 0, 0)",-0.0017129,-0.00016233,0.00159006,0.0,2024-W46
adj_close.csv,ARIMA,AGG,0.001554,0.00225,0.001526,0.001149,0.00168,0.001118,"ARIMA(2, 0, 0)",0.00030696,0.00023947,-0.0017129,0.0,2024-W47
adj_close.csv,ARIMA,AGG,0.001554,0.00225,0.001526,0.001149,0.00168,0.001118,"ARIMA(2, 0, 0)",0.00352779,-0.00025655,0.00030696,0.0,2024-W48
adj_close.csv,ARIMA,AGG,0.001554,0.00225,0.001526,0.001149,0.00168,0.001118,"ARIMA(2, 0, 0)",0.00089194,4.46e-05,0.00352779,0.0,2024-W49
adj_close.csv,ARIMA,AGG,0.001554,0.00225,0.001526,0.001149,0.00168,0.001118,"ARIMA(2, 0, 0)",-0.00285936,0.00049585,0.00089194,0.0,2024-W50
adj_close.csv,ARIMA,AGG,0.001554,0.00225,0.001526,0.001149,0.00168,0.001118,"ARIMA(2, 0, 0)",-0.00132461,0.00010503,-0.00285936,0.0,2024-W51
adj_close.csv,ARIMA,AGG,0.001554,0.00225,0.001526,0.001149,0.00168,0.001118,"ARIMA(2, 0, 0)",-0.00082642,-0.00034641,-0.00132461,0.0,2024-W52
adj_close.csv,ARIMA,AGG,0.001554,0.00225,0.001526,0.001149,0.00168,0.001118,"ARIMA(2, 0, 0)",0.00043938,-0.00016578,-0.00082642,0.0,2025-W01
adj_close.csv,ARIMA,AGG,0.001554,0.00225,0.001526,0.001149,0.00168,0.001118,"ARIMA(2, 0, 0)",-0.00225681,-9.48e-05,0.00043938,0.0,2025-W02
adj_close.csv,ARIMA,AGG,0.001554,0.00225,0.001526,0.001149,0.00168,0.001118,"ARIMA(2, 0, 0)",0.00203258,4e-05,-0.00225681,0.0,2025-W03
adj_close.csv,ARIMA,AGG,0.001554,0.00225,0.001526,0.001149,0.00168,0.001118,"ARIMA(2, 0, 0)",0.00023201,-0.0002802,0.00203258,0.0,2025-W04
adj_close.csv,ARIMA,AGG,0.001554,0.00225,0.001526,0.001149,0.00168,0.001118,"ARIMA(2, 0, 0)",0.00080246,0.00024641,0.00023201,0.0,2025-W05
adj_close.csv,ARIMA,AGG,0.001554,0.00225,0.001526,0.001149,0.00168,0.001118,"ARIMA(2, 0, 0)",0.00078545,2.901e-05,0.00080246,0.0,2025-W06
adj_close.csv,ARIMA,AGG,0.001554,0.00225,0.001526,0.001149,0.00168,0.001118,"ARIMA(2, 0, 0)",0.00049193,0.00010013,0.00078545,0.0,2025-W07
adj_close.csv,ARIMA,AGG,0.001554,0.00225,0.001526,0.001149,0.00168,0.001118,"ARIMA(2, 0, 0)",0.00081745,9.82e-05,0.00049193,0.0,2025-W08
adj_close.csv,ARIMA,AGG,0.001554,0.00225,0.001526,0.001149,0.00168,0.001118,"ARIMA(2, 0, 0)",0.0024941,6.344e-05,0.00081745,0.0,2025-W09
adj_close.csv,ARIMA,AGG,0.001554,0.00225,0.001526,0.001149,0.00168,0.001118,"ARIMA(2, 0, 0)",-0.00120836,0.00011777,0.0024941,0.0,2025-W10
adj_close.csv,ARIMA,AGG,0.001554,0.00225,0.001526,0.001149,0.00168,0.001118,"ARIMA(2, 0, 0)",-0.00014241,0.00031065,-0.00120836,0.0,2025-W11
adj_close.csv,ARIMA,AGG,0.001554,0.00225,0.001526,0.001149,0.00168,0.001118,"ARIMA(2, 0, 0)",0.00093394,-0.00014892,-0.00014241,0.0,2025-W12
adj_close.csv,ARIMA,AGG,0.001554,0.00225,0.001526,0.001149,0.00168,0.001118,"ARIMA(2, 0, 0)",-2.023e-05,-1.613e-05,0.00093394,0.0,2025-W13
adj_close.csv,ARIMA,AGG,0.001554,0.00225,0.001526,0.001149,0.00168,0.001118,"ARIMA(2, 0, 0)",0.0021315,0.00011302,-2.023e-05,0.0,2025-W14
adj_close.csv,ARIMA,AGG,0.001554,0.00225,0.001526,0.001149,0.00168,0.001118,"ARIMA(2, 0, 0)",-0.00492647,-1.2e-07,0.0021315,0.0,2025-W15
adj_close.csv,ARIMA,AGG,0.001554,0.00225,0.001526,0.001149,0.00168,0.001118,"ARIMA(2, 0, 0)",0.00212925,0.00033935,-0.00492647,0.0,2025-W16
adj_close.csv,ARIMA,AGG,0.001554,0.00225,0.001526,0.001149,0.00168,0.001118,"ARIMA(2, 0, 0)",0.0014862,-0.00069966,0.00212925,0.0,2025-W17
adj_close.csv,ARIMA,AGG,0.001554,0.00225,0.001526,0.001149,0.00168,0.001118,"ARIMA(2, 0, 0)",-0.00067342,0.00021022,0.0014862,0.0,2025-W18
adj_close.csv,ARIMA,AGG,0.001554,0.00225,0.001526,0.001149,0.00168,0.001118,"ARIMA(2, 0, 0)",-0.00038832,0.00018128,-0.00067342,0.0,2025-W19
adj_close.csv,ARIMA,AGG,0.001554,0.00225,0.001526,0.001149,0.00168,0.001118,"ARIMA(2, 0, 0)",-0.00020466,-6.496e-05,-0.00038832,0.0,2025-W20
adj_close.csv,ARIMA,AGG,0.001554,0.00225,0.001526,0.001149,0.00168,0.001118,"ARIMA(2, 0, 0)",-0.00086199,-3.798e-05,-0.00020466,0.0,2025-W21
adj_close.csv,ARIMA,AGG,0.001554,0.00225,0.001526,0.001149,0.00168,0.001118,"ARIMA(2, 0, 0)",0.00220132,-2.8e-06,-0.00086199,0.0,2025-W22
adj_close.csv,ARIMA,AGG,0.001554,0.00225,0.001526,0.001149,0.00168,0.001118,"ARIMA(2, 0, 0)",-0.00101924,-0.0001515,0.00220132,0.0,2025-W23
adj_close.csv,ARIMA,AGG,0.001554,0.00225,0.001526,0.001149,0.00168,0.001118,"ARIMA(2, 0, 0)",0.00139318,0.0002731,-0.00101924,0.0,2025-W24
adj_close.csv,ARIMA,AGG,0.001554,0.00225,0.001526,0.001149,0.00168,0.001118,"ARIMA(2, 0, 0)",0.00066266,-0.00015858,0.00139318,0.0,2025-W25
adj_close.csv,ARIMA,AGG,0.001554,0.00225,0.001526,0.001149,0.00168,0.001118,"ARIMA(2, 0, 0)",0.00117754,0.00013881,0.00066266,0.0,2025-W26
adj_close.csv,ARIMA,AGG,0.001554,0.00225,0.001526,0.001149,0.00168,0.001118,"ARIMA(2, 0, 0)",-3.119e-05,4.411e-05,0.00117754,0.0,2025-W27
adj_close.csv,ARIMA,AGG,0.001554,0.00225,0.001526,0.001149,0.00168,0.001118,"ARIMA(2, 0, 0)",-0.00085486,0.00013659,-3.119e-05,0.0,2025-W28
adj_close.csv,ARIMA,AGG,0.001554,0.00225,0.001526,0.001149,0.00168,0.001118,"ARIMA(2, 0, 0)",0.00012235,2.004e-05,-0.00085486,0.0,2025-W29
adj_close.csv,ARIMA,AGG,0.001554,0.00225,0.001526,0.001149,0.00168,0.001118,"ARIMA(2, 0, 0)",0.00069188,-0.00010047,0.00012235,0.0,2025-W30
adj_close.csv,ARIMA,AGG,0.001554,0.00225,0.001526,0.001149,0.00168,0.001118,"ARIMA(2, 0, 0)",0.00206719,-5.32e-06,0.00069188,0.0,2025-W31
adj_close.csv,ARIMA,AGG,0.001554,0.00225,0.001526,0.001149,0.00168,0.001118,"ARIMA(2, 0, 0)",-0.00040387,2.547e-05,0.00206719,0.0,2025-W32
adj_close.csv,ARIMA,AGG,0.001554,0.00225,0.001526,0.001149,0.00168,0.001118,"ARIMA(2, 0, 0)",0.0,0.00024349,-0.00040387,0.0,2025-W33
adj_close.csv,ARIMA,AGG,0.001554,0.00225,0.001526,0.001149,0.00168,0.001118,"ARIMA(2, 0, 0)",0.00092769,-4.517e-05,0.0,0.0,2025-W34
adj_close.csv,ARIMA,AGG,0.001554,0.00225,0.001526,0.001149,0.00168,0.001118,"ARIMA(2, 0, 0)",0.00012071,-2.477e-05,0.00092769,0.0,2025-W35
adj_close.csv,ARIMA,AGG,0.001554,0.00225,0.001526,0.001149,0.00168,0.001118,"ARIMA(2, 0, 0)",0.00242683,0.00010003,0.00012071,0.0,2025-W36
adj_close.csv,ARIMA,AGG,0.001554,0.00225,0.001526,0.001149,0.00168,0.001118,"ARIMA(2, 0, 0)",0.00087716,-4.93e-05,0.00242683,0.0,2025-W37
adj_close.csv,ARIMA,AGG,0.001554,0.00225,0.001526,0.001149,0.00168,0.001118,"ARIMA(2, 0, 0)",-0.00049791,0.00025824,0.00087716,0.0,2025-W38
adj_close.csv,ARIMA,AGG,0.001554,0.00225,0.001526,0.001149,0.00168,0.001118,"ARIMA(2, 0, 0)",-0.00043921,0.0001101,-0.00049791,0.0,2025-W39
adj_close.csv,ARIMA,AGG,0.001554,0.00225,0.001526,0.001149,0.00168,0.001118,"ARIMA(2, 0, 0)",0.00086916,-4.515e-05,-0.00043921,0.0,2025-W40
adj_close.csv,ARIMA,AGG,0.001554,0.00225,0.001526,0.001149,0.00168,0.001118,"ARIMA(2, 0, 0)",0.00049849,-6.948e-05,0.00086916,0.0,2025-W41
adj_close.csv,ARIMA,AGG,0.001554,0.00225,0.001526,0.001149,0.00168,0.001118,"ARIMA(2, 0, 0)",0.00105266,8.427e-05,0.00049849,0.0,2025-W42
adj_close.csv,ARIMA,AGG,0.001554,0.00225,0.001526,0.001149,0.00168,0.001118,"ARIMA(2, 0, 0)",0.00035627,3.181e-05,0.00105266,0.0,2025-W43
adj_close.csv,ARIMA,AGG,0.001554,0.00225,0.001526,0.001149,0.00168,0.001118,"ARIMA(2, 0, 0)",-0.00119001,0.0001098,0.00035627,0.0,2025-W44
adj_close.csv,ARIMA,AGG,0.001554,0.00225,0.001526,0.001149,0.00168,0.001118,"ARIMA(2, 0, 0)",-2.595e-05,6.628e-05,-0.00119001,0.0,2025-W45
adj_close.csv,ARIMA,AGG,0.001554,0.00225,0.001526,0.001149,0.00168,0.001118,"ARIMA(2, 0, 0)",-0.00039959,-0.00013007,-2.595e-05,0.0,2025-W46
adj_close.csv,ARIMA,AGG,0.001554,0.00225,0.001526,0.001149,0.00168,0.001118,"ARIMA(2, 0, 0)",0.00087806,6.19e-06,-0.00039959,0.0,2025-W47
adj_close.csv,ARIMA,AGG,0.001554,0.00225,0.001526,0.001149,0.00168,0.001118,"ARIMA(2, 0, 0)",0.00094405,-6.435e-05,0.00087806,0.0,2025-W48
adj_close.csv,ARIMA,AGG,0.001554,0.00225,0.001526,0.001149,0.00168,0.001118,"ARIMA(2, 0, 0)",-0.00092556,7.562e-05,0.00094405,0.0,2025-W49
adj_close.csv,ARIMA,AGG,0.001554,0.00225,0.001526,0.001149,0.00168,0.001118,"ARIMA(2, 0, 0)",-0.00044035,0.00012386,-0.00092556,0.0,2025-W50
adj_close.csv,ARIMA,AGG,0.001554,0.00225,0.001526,0.001149,0.00168,0.001118,"ARIMA(2, 0, 0)",0.00072708,-8.972e-05,-0.00044035,0.0,2025-W51
adj_close.csv,ARIMA,AGG,0.001554,0.00225,0.001526,0.001149,0.00168,0.001118,"ARIMA(2, 0, 0)",0.00050031,-6.372e-05,0.00072708,0.0,2025-W52
adj_close.csv,ARIMA,AGG,0.001554,0.00225,0.001526,0.001149,0.00168,0.001118,"ARIMA(2, 0, 0)",-0.00047527,6.598e-05,0.00050031,0.0,2026-W01
adj_close.csv,ARIMA,AGG,0.001554,0.00225,0.001526,0.001149,0.00168,0.001118,"ARIMA(2, 0, 0)",0.00061998,6.376e-05,-0.00047527,0.0,2026-W02
adj_close.csv,ARIMA,AGG,0.001554,0.00225,0.001526,0.001149,0.00168,0.001118,"ARIMA(2, 0, 0)",-0.00021977,-6.484e-05,0.00061998,0.0,2026-W03
adj_close.csv,ARIMA,AGG,0.001554,0.00225,0.001526,0.001149,0.00168,0.001118,"ARIMA(2, 0, 0)",0.00014987,7.096e-05,-0.00021977,0.0,2026-W04
adj_close.csv,ARIMA,AGG,0.001554,0.00225,0.001526,0.001149,0.00168,0.001118,"ARIMA(2, 0, 0)",3.995e-05,-2.686e-05,0.00014987,0.0,2026-W05
adj_close.csv,ARIMA,AGG,0.001554,0.00225,0.001526,0.001149,0.00168,0.001118,"ARIMA(2, 0, 0)",-0.00440392,1.498e-05,3.995e-05,0.0,2026-W06
adj_close.csv,ARIMA,BND,0.001528,0.002199,0.001499,0.001132,0.001642,0.001101,"ARIMA(2, 0, 0)",0.00060416,0.00025629,-0.0007138,0.0,2024-W30
adj_close.csv,ARIMA,BND,0.001528,0.002199,0.001499,0.001132,0.001642,0.001101,"ARIMA(2, 0, 0)",0.0046009,-0.00011375,0.00060416,0.0,2024-W31
adj_close.csv,ARIMA,BND,0.001528,0.002199,0.001499,0.001132,0.001642,0.001101,"ARIMA(2, 0, 0)",-0.00151086,0.00014905,0.0046009,0.0,2024-W32
adj_close.csv,ARIMA,BND,0.001528,0.002199,0.001499,0.001132,0.001642,0.001101,"ARIMA(2, 0, 0)",0.00108034,0.00072396,-0.00151086,0.0,2024-W33
adj_close.csv,ARIMA,BND,0.001528,0.002199,0.001499,0.001132,0.001642,0.001101,"ARIMA(2, 0, 0)",0.00134229,-0.00024444,0.00108034,0.0,2024-W34
adj_close.csv,ARIMA,BND,0.001528,0.002199,0.001499,0.001132,0.001642,0.001101,"ARIMA(2, 0, 0)",-0.00104621,0.00016775,0.00134229,0.0,2024-W35
adj_close.csv,ARIMA,BND,0.001528,0.002199,0.001499,0.001132,0.001642,0.001101,"ARIMA(2, 0, 0)",0.00307011,0.00020846,-0.00104621,0.0,2024-W36
adj_close.csv,ARIMA,BND,0.001528,0.002199,0.001499,0.001132,0.001642,0.001101,"ARIMA(2, 0, 0)",0.00103663,-0.0001925,0.00307011,0.0,2024-W37
adj_close.csv,ARIMA,BND,0.001528,0.002199,0.001499,0.001132,0.001642,0.001101,"ARIMA(2, 0, 0)",-0.00037151,0.000482,0.00103663,0.0,2024-W38
adj_close.csv,ARIMA,BND,0.001528,0.002199,0.001499,0.001132,0.001642,0.001101,"ARIMA(2, 0, 0)",-5.316e-05,0.00015982,-0.00037151,0.0,2024-W39
adj_close.csv,ARIMA,BND,0.001528,0.002199,0.001499,0.001132,0.001642,0.001101,"ARIMA(2, 0, 0)",-0.00243552,-5.654e-05,-5.316e-05,0.0,2024-W40
adj_close.csv,ARIMA,BND,0.001528,0.002199,0.001499,0.001132,0.001642,0.001101,"ARIMA(2, 0, 0)",-0.0008921,-1.21e-06,-0.00243552,0.0,2024-W41
adj_close.csv,ARIMA,BND,0.001528,0.002199,0.001499,0.001132,0.001642,0.001101,"ARIMA(2, 0, 0)",5.418e-05,-0.00037648,-0.0008921,0.0,2024-W42
adj_close.csv,ARIMA,BND,0.001528,0.002199,0.001499,0.001132,0.001642,0.001101,"ARIMA(2, 0, 0)",-0.00185036,-0.000136,5.418e-05,0.0,2024-W43
adj_close.csv,ARIMA,BND,0.001528,0.002199,0.001499,0.001132,0.001642,0.001101,"ARIMA(2, 0, 0)",-0.00107689,8.29e-06,-0.00185036,0.0,2024-W44
adj_close.csv,ARIMA,BND,0.001528,0.002199,0.001499,0.001132,0.001642,0.001101,"ARIMA(2, 0, 0)",0.00151066,-0.00029054,-0.00107689,0.0,2024-W45
adj_close.csv,ARIMA,BND,0.001528,0.002199,0.001499,0.001132,0.001642,0.001101,"ARIMA(2, 0, 0)",-0.00167619,-0.0001605,0.00151066,0.0,2024-W46
adj_close.csv,ARIMA,BND,0.001528,0.002199,0.001499,0.001132,0.001642,0.001101,"ARIMA(2, 0, 0)",0.0003033,0.00023597,-0.00167619,0.0,2024-W47
adj_close.csv,ARIMA,BND,0.001528,0.002199,0.001499,0.001132,0.001642,0.001101,"ARIMA(2, 0, 0)",0.00345445,-0.0002564,0.0003033,0.0,2024-W48
adj_close.csv,ARIMA,BND,0.001528,0.002199,0.001499,0.001132,0.001642,0.001101,"ARIMA(2, 0, 0)",0.00090562,3.595e-05,0.00345445,0.0,2024-W49
adj_close.csv,ARIMA,BND,0.001528,0.002199,0.001499,0.001132,0.001642,0.001101,"ARIMA(2, 0, 0)",-0.00284202,0.0004941,0.00090562,0.0,2024-W50
adj_close.csv,ARIMA,BND,0.001528,0.002199,0.001499,0.001132,0.001642,0.001101,"ARIMA(2, 0, 0)",-0.00126998,0.00011738,-0.00284202,0.0,2024-W51
adj_close.csv,ARIMA,BND,0.001528,0.002199,0.001499,0.001132,0.001642,0.001101,"ARIMA(2, 0, 0)",-0.0007871,-0.00035006,-0.00126998,0.0,2024-W52
adj_close.csv,ARIMA,BND,0.001528,0.002199,0.001499,0.001132,0.001642,0.001101,"ARIMA(2, 0, 0)",0.00034814,-0.00016067,-0.0007871,0.0,2025-W01
adj_close.csv,ARIMA,BND,0.001528,0.002199,0.001499,0.001132,0.001642,0.001101,"ARIMA(2, 0, 0)",-0.00213152,-9.453e-05,0.00034814,0.0,2025-W02
adj_close.csv,ARIMA,BND,0.001528,0.002199,0.001499,0.001132,0.001642,0.001101,"ARIMA(2, 0, 0)",0.00198338,3.595e-05,-0.00213152,0.0,2025-W03
adj_close.csv,ARIMA,BND,0.001528,0.002199,0.001499,0.001132,0.001642,0.001101,"ARIMA(2, 0, 0)",0.00031252,-0.00027473,0.00198338,0.0,2025-W04
adj_close.csv,ARIMA,BND,0.001528,0.002199,0.001499,0.001132,0.001642,0.001101,"ARIMA(2, 0, 0)",0.00083117,0.00024529,0.00031252,0.0,2025-W05
adj_close.csv,ARIMA,BND,0.001528,0.002199,0.001499,0.001132,0.001642,0.001101,"ARIMA(2, 0, 0)",0.00065076,3.842e-05,0.00083117,0.0,2025-W06
adj_close.csv,ARIMA,BND,0.001528,0.002199,0.001499,0.001132,0.001642,0.001101,"ARIMA(2, 0, 0)",0.00052463,0.00010462,0.00065076,0.0,2025-W07
adj_close.csv,ARIMA,BND,0.001528,0.002199,0.001499,0.001132,0.001642,0.001101,"ARIMA(2, 0, 0)",0.00082583,8.25e-05,0.00052463,0.0,2025-W08
adj_close.csv,ARIMA,BND,0.001528,0.002199,0.001499,0.001132,0.001642,0.001101,"ARIMA(2, 0, 0)",0.00243128,6.752e-05,0.00082583,0.0,2025-W09
adj_close.csv,ARIMA,BND,0.001528,0.002199,0.001499,0.001132,0.001642,0.001101,"ARIMA(2, 0, 0)",-0.00120461,0.00011648,0.00243128,0.0,2025-W10
adj_close.csv,ARIMA,BND,0.001528,0.002199,0.001499,0.001132,0.001642,0.001101,"ARIMA(2, 0, 0)",-0.00013702,0.00031168,-0.00120461,0.0,2025-W11
adj_close.csv,ARIMA,BND,0.001528,0.002199,0.001499,0.001132,0.001642,0.001101,"ARIMA(2, 0, 0)",0.00101185,-0.00015164,-0.00013702,0.0,2025-W12
adj_close.csv,ARIMA,BND,0.001528,0.002199,0.001499,0.001132,0.001642,0.001101,"ARIMA(2, 0, 0)",0.0,-1.749e-05,0.00101185,0.0,2025-W13
adj_close.csv,ARIMA,BND,0.001528,0.002199,0.001499,0.001132,0.001642,0.001101,"ARIMA(2, 0, 0)",0.00201381,0.00012517,0.0,0.0,2025-W14
adj_close.csv,ARIMA,BND,0.001528,0.002199,0.001499,0.001132,0.001642,0.001101,"ARIMA(2, 0, 0)",-0.00493718,-1.01e-06,0.00201381,0.0,2025-W15
adj_close.csv,ARIMA,BND,0.001528,0.002199,0.001499,0.001132,0.001642,0.001101,"ARIMA(2, 0, 0)",0.00217739,0.00033488,-0.00493718,0.0,2025-W16
adj_close.csv,ARIMA,BND,0.001528,0.002199,0.001499,0.001132,0.001642,0.001101,"ARIMA(2, 0, 0)",0.00145377,-0.00071796,0.00217739,0.0,2025-W17
adj_close.csv,ARIMA,BND,0.001528,0.002199,0.001499,0.001132,0.001642,0.001101,"ARIMA(2, 0, 0)",-0.00067296,0.0002195,0.00145377,0.0,2025-W18
adj_close.csv,ARIMA,BND,0.001528,0.002199,0.001499,0.001132,0.001642,0.001101,"ARIMA(2, 0, 0)",-0.00035797,0.00018184,-0.00067296,0.0,2025-W19
adj_close.csv,ARIMA,BND,0.001528,0.002199,0.001499,0.001132,0.001642,0.001101,"ARIMA(2, 0, 0)",-0.00024818,-6.665e-05,-0.00035797,0.0,2025-W20
adj_close.csv,ARIMA,BND,0.001528,0.002199,0.001499,0.001132,0.001642,0.001101,"ARIMA(2, 0, 0)",-0.0008018,-3.412e-05,-0.00024818,0.0,2025-W21
adj_close.csv,ARIMA,BND,0.001528,0.002199,0.001499,0.001132,0.001642,0.001101,"ARIMA(2, 0, 0)",0.00200058,-8.46e-06,-0.0008018,0.0,2025-W22
adj_close.csv,ARIMA,BND,0.001528,0.002199,0.001499,0.001132,0.001642,0.001101,"ARIMA(2, 0, 0)",-0.00088438,-0.00014344,0.00200058,0.0,2025-W23
adj_close.csv,ARIMA,BND,0.001528,0.002199,0.001499,0.001132,0.001642,0.001101,"ARIMA(2, 0, 0)",0.00135259,0.00025136,-0.00088438,0.0,2025-W24
adj_close.csv,ARIMA,BND,0.001528,0.002199,0.001499,0.001132,0.001642,0.001101,"ARIMA(2, 0, 0)",0.00061822,-0.00014365,0.00135259,0.0,2025-W25
adj_close.csv,ARIMA,BND,0.001528,0.002199,0.001499,0.001132,0.001642,0.001101,"ARIMA(2, 0, 0)",0.00125835,0.00013786,0.00061822,0.0,2025-W26
adj_close.csv,ARIMA,BND,0.001528,0.002199,0.001499,0.001132,0.001642,0.001101,"ARIMA(2, 0, 0)",-8.864e-05,3.766e-05,0.00125835,0.0,2025-W27
adj_close.csv,ARIMA,BND,0.001528,0.002199,0.001499,0.001132,0.001642,0.001101,"ARIMA(2, 0, 0)",-0.00076773,0.00015001,-8.864e-05,0.0,2025-W28
adj_close.csv,ARIMA,BND,0.001528,0.002199,0.001499,0.001132,0.001642,0.001101,"ARIMA(2, 0, 0)",0.00013724,1.118e-05,-0.00076773,0.0,2025-W29
adj_close.csv,ARIMA,BND,0.001528,0.002199,0.001499,0.001132,0.001642,0.001101,"ARIMA(2, 0, 0)",0.00073992,-9.254e-05,0.00013724,0.0,2025-W30
adj_close.csv,ARIMA,BND,0.001528,0.002199,0.001499,0.001132,0.001642,0.001101,"ARIMA(2, 0, 0)",0.00194374,-4.92e-06,0.00073992,0.0,2025-W31
adj_close.csv,ARIMA,BND,0.001528,0.002199,0.001499,0.001132,0.001642,0.001101,"ARIMA(2, 0, 0)",-0.00046255,3.505e-05,0.00194374,0.0,2025-W32
adj_close.csv,ARIMA,BND,0.001528,0.002199,0.001499,0.001132,0.001642,0.001101,"ARIMA(2, 0, 0)",5.449e-05,0.00023509,-0.00046255,0.0,2025-W33
adj_close.csv,ARIMA,BND,0.001528,0.002199,0.001499,0.001132,0.001642,0.001101,"ARIMA(2, 0, 0)",0.00081531,-5.419e-05,5.449e-05,0.0,2025-W34
adj_close.csv,ARIMA,BND,0.001528,0.002199,0.001499,0.001132,0.001642,0.001101,"ARIMA(2, 0, 0)",0.00016269,-1.587e-05,0.00081531,0.0,2025-W35
adj_close.csv,ARIMA,BND,0.001528,0.002199,0.001499,0.001132,0.001642,0.001101,"ARIMA(2, 0, 0)",0.00241159,8.809e-05,0.00016269,0.0,2025-W36
adj_close.csv,ARIMA,BND,0.001528,0.002199,0.001499,0.001132,0.001642,0.001101,"ARIMA(2, 0, 0)",0.00080626,-4.426e-05,0.00241159,0.0,2025-W37
adj_close.csv,ARIMA,BND,0.001528,0.002199,0.001499,0.001132,0.001642,0.001101,"ARIMA(2, 0, 0)",-0.00037586,0.00026218,0.00080626,0.0,2025-W38
adj_close.csv,ARIMA,BND,0.001528,0.002199,0.001499,0.001132,0.001642,0.001101,"ARIMA(2, 0, 0)",-0.00059205,0.00010112,-0.00037586,0.0,2025-W39
adj_close.csv,ARIMA,BND,0.001528,0.002199,0.001499,0.001132,0.001642,0.001101,"ARIMA(2, 0, 0)",0.0009077,-2.863e-05,-0.00059205,0.0,2025-W40
adj_close.csv,ARIMA,BND,0.001528,0.002199,0.001499,0.001132,0.001642,0.001101,"ARIMA(2, 0, 0)",0.00056442,-8.906e-05,0.0009077,0.0,2025-W41
adj_close.csv,ARIMA,BND,0.001528,0.002199,0.001499,0.001132,0.001642,0.001101,"ARIMA(2, 0, 0)",0.00096387,8.866e-05,0.00056442,0.0,2025-W42
adj_close.csv,ARIMA,BND,0.001528,0.002199,0.001499,0.001132,0.001642,0.001101,"ARIMA(2, 0, 0)",0.00037356,4.203e-05,0.00096387,0.0,2025-W43
adj_close.csv,ARIMA,BND,0.001528,0.002199,0.001499,0.001132,0.001642,0.001101,"ARIMA(2, 0, 0)",-0.00117646,0.00010133,0.00037356,0.0,2025-W44
adj_close.csv,ARIMA,BND,0.001528,0.002199,0.001499,0.001132,0.001642,0.001101,"ARIMA(2, 0, 0)",-1.616e-05,6.908e-05,-0.00117646,0.0,2025-W45
adj_close.csv,ARIMA,BND,0.001528,0.002199,0.001499,0.001132,0.001642,0.001101,"ARIMA(2, 0, 0)",-0.00045794,-0.00013138,-1.616e-05,0.0,2025-W46
adj_close.csv,ARIMA,BND,0.001528,0.002199,0.001499,0.001132,0.001642,0.001101,"ARIMA(2, 0, 0)",0.00096853,8.71e-06,-0.00045794,0.0,2025-W47
adj_close.csv,ARIMA,BND,0.001528,0.002199,0.001499,0.001132,0.001642,0.001101,"ARIMA(2, 0, 0)",0.00087074,-7.439e-05,0.00096853,0.0,2025-W48
adj_close.csv,ARIMA,BND,0.001528,0.002199,0.001499,0.001132,0.001642,0.001101,"ARIMA(2, 0, 0)",-0.00091706,8.896e-05,0.00087074,0.0,2025-W49
adj_close.csv,ARIMA,BND,0.001528,0.002199,0.001499,0.001132,0.001642,0.001101,"ARIMA(2, 0, 0)",-0.00045872,0.00011786,-0.00091706,0.0,2025-W50
adj_close.csv,ARIMA,BND,0.001528,0.002199,0.001499,0.001132,0.001642,0.001101,"ARIMA(2, 0, 0)",0.00069353,-9.019e-05,-0.00045872,0.0,2025-W51
adj_close.csv,ARIMA,BND,0.001528,0.002199,0.001499,0.001132,0.001642,0.001101,"ARIMA(2, 0, 0)",0.00050598,-6.612e-05,0.00069353,0.0,2025-W52
adj_close.csv,ARIMA,BND,0.001528,0.002199,0.001499,0.001132,0.001642,0.001101,"ARIMA(2, 0, 0)",-0.00050598,6.361e-05,0.00050598,0.0,2026-W01
adj_close.csv,ARIMA,BND,0.001528,0.002199,0.001499,0.001132,0.001642,0.001101,"ARIMA(2, 0, 0)",0.00067417,6.633e-05,-0.00050598,0.0,2026-W02
adj_close.csv,ARIMA,BND,0.001528,0.002199,0.001499,0.001132,0.001642,0.001101,"ARIMA(2, 0, 0)",-0.00024245,-7.075e-05,0.00067417,0.0,2026-W03
adj_close.csv,ARIMA,BND,0.001528,0.002199,0.001499,0.001132,0.001642,0.001101,"ARIMA(2, 0, 0)",0.00016842,7.884e-05,-0.00024245,0.0,2026-W04
adj_close.csv,ARIMA,BND,0.001528,0.002199,0.001499,0.001132,0.001642,0.001101,"ARIMA(2, 0, 0)",-5.387e-05,-3.032e-05,0.00016842,0.0,2026-W05
adj_close.csv,ARIMA,BND,0.001528,0.002199,0.001499,0.001132,0.001642,0.001101,"ARIMA(2, 0, 0)",-0.00432024,1.955e-05,-5.387e-05,0.0,2026-W06
adj_close.csv,ARIMA,DBC,0.006085,0.008032,0.006115,0.003947,0.005833,0.003929,"ARIMA(0, 0, 1)",-0.00303442,0.00040702,-0.00619189,0.0,2024-W30
adj_close.csv,ARIMA,DBC,0.006085,0.008032,0.006115,0.003947,0.005833,0.003929,"ARIMA(0, 0, 1)",-0.00308119,0.00020429,-0.00303442,0.0,2024-W31
adj_close.csv,ARIMA,DBC,0.006085,0.008032,0.006115,0.003947,0.005833,0.003929,"ARIMA(0, 0, 1)",0.00281121,0.0001897,-0.00308119,0.0,2024-W32
adj_close.csv,ARIMA,DBC,0.006085,0.008032,0.006115,0.003947,0.005833,0.003929,"ARIMA(0, 0, 1)",0.0,-0.00015574,0.00281121,0.0,2024-W33
adj_close.csv,ARIMA,DBC,0.006085,0.008032,0.006115,0.003947,0.005833,0.003929,"ARIMA(0, 0, 1)",0.00044975,-9.26e-06,0.0,0.0,2024-W34
adj_close.csv,ARIMA,DBC,0.006085,0.008032,0.006115,0.003947,0.005833,0.003929,"ARIMA(0, 0, 1)",-0.00135228,-2.733e-05,0.00044975,0.0,2024-W35
adj_close.csv,ARIMA,DBC,0.006085,0.008032,0.006115,0.003947,0.005833,0.003929,"ARIMA(0, 0, 1)",-0.00968307,7.91e-05,-0.00135228,0.0,2024-W36
adj_close.csv,ARIMA,DBC,0.006085,0.008032,0.006115,0.003947,0.005833,0.003929,"ARIMA(0, 0, 1)",0.00363392,0.00055859,-0.00968307,0.0,2024-W37
adj_close.csv,ARIMA,DBC,0.006085,0.008032,0.006115,0.003947,0.005833,0.003929,"ARIMA(0, 0, 1)",0.00510511,-0.00018918,0.00363392,0.0,2024-W38
adj_close.csv,ARIMA,DBC,0.006085,0.008032,0.006115,0.003947,0.005833,0.003929,"ARIMA(0, 0, 1)",0.00089805,-0.00031235,0.00510511,0.0,2024-W39
adj_close.csv,ARIMA,DBC,0.006085,0.008032,0.006115,0.003947,0.005833,0.003929,"ARIMA(0, 0, 1)",0.00807838,-7.02e-05,0.00089805,0.0,2024-W40
adj_close.csv,ARIMA,DBC,0.006085,0.008032,0.006115,0.003947,0.005833,0.003929,"ARIMA(0, 0, 1)",0.00034395,-0.00046193,0.00807838,0.0,2024-W41
adj_close.csv,ARIMA,DBC,0.006085,0.008032,0.006115,0.003947,0.005833,0.003929,"ARIMA(0, 0, 1)",-0.00833273,-4.409e-05,0.00034395,0.0,2024-W42
adj_close.csv,ARIMA,DBC,0.006085,0.008032,0.006115,0.003947,0.005833,0.003929,"ARIMA(0, 0, 1)",0.00425357,0.00046179,-0.00833273,0.0,2024-W43
adj_close.csv,ARIMA,DBC,0.006085,0.008032,0.006115,0.003947,0.005833,0.003929,"ARIMA(0, 0, 1)",-0.00407453,-0.00022833,0.00425357,0.0,2024-W44
adj_close.csv,ARIMA,DBC,0.006085,0.008032,0.006115,0.003947,0.005833,0.003929,"ARIMA(0, 0, 1)",0.0013378,0.00024614,-0.00407453,0.0,2024-W45
adj_close.csv,ARIMA,DBC,0.006085,0.008032,0.006115,0.003947,0.005833,0.003929,"ARIMA(0, 0, 1)",-0.00613768,-7.088e-05,0.0013378,0.0,2024-W46
adj_close.csv,ARIMA,DBC,0.006085,0.008032,0.006115,0.003947,0.005833,0.003929,"ARIMA(0, 0, 1)",0.00667029,0.00040692,-0.00613768,0.0,2024-W47
adj_close.csv,ARIMA,DBC,0.006085,0.008032,0.006115,0.003947,0.005833,0.003929,"ARIMA(0, 0, 1)",-0.00469814,-0.0004614,0.00667029,0.0,2024-W48
adj_close.csv,ARIMA,DBC,0.006085,0.008032,0.006115,0.003947,0.005833,0.003929,"ARIMA(0, 0, 1)",-0.00208855,0.00033343,-0.00469814,0.0,2024-W49
adj_close.csv,ARIMA,DBC,0.006085,0.008032,0.006115,0.003947,0.005833,0.003929,"ARIMA(0, 0, 1)",0.00397664,0.00018614,-0.00208855,0.0,2024-W50
adj_close.csv,ARIMA,DBC,0.006085,0.008032,0.006115,0.003947,0.005833,0.003929,"ARIMA(0, 0, 1)",-0.00297503,-0.00029585,0.00397664,0.0,2024-W51
adj_close.csv,ARIMA,DBC,0.006085,0.008032,0.006115,0.003947,0.005833,0.003929,"ARIMA(0, 0, 1)",0.00209602,0.0002133,-0.00297503,0.0,2024-W52
adj_close.csv,ARIMA,DBC,0.006085,0.008032,0.006115,0.003947,0.005833,0.003929,"ARIMA(0, 0, 1)",0.00469939,-0.00015201,0.00209602,0.0,2025-W01
adj_close.csv,ARIMA,DBC,0.006085,0.008032,0.006115,0.003947,0.005833,0.003929,"ARIMA(0, 0, 1)",0.00779166,-0.00038207,0.00469939,0.0,2025-W02
adj_close.csv,ARIMA,DBC,0.006085,0.008032,0.006115,0.003947,0.005833,0.003929,"ARIMA(0, 0, 1)",0.00277844,-0.00059167,0.00779166,0.0,2025-W03
adj_close.csv,ARIMA,DBC,0.006085,0.008032,0.006115,0.003947,0.005833,0.003929,"ARIMA(0, 0, 1)",-0.00223514,-0.00022716,0.00277844,0.0,2025-W04
adj_close.csv,ARIMA,DBC,0.006085,0.008032,0.006115,0.003947,0.005833,0.003929,"ARIMA(0, 0, 1)",-0.00271253,0.00013871,-0.00223514,0.0,2025-W05
adj_close.csv,ARIMA,DBC,0.006085,0.008032,0.006115,0.003947,0.005833,0.003929,"ARIMA(0, 0, 1)",0.00099887,0.00019507,-0.00271253,0.0,2025-W06
adj_close.csv,ARIMA,DBC,0.006085,0.008032,0.006115,0.003947,0.005833,0.003929,"ARIMA(0, 0, 1)",0.00323459,-5.522e-05,0.00099887,0.0,2025-W07
adj_close.csv,ARIMA,DBC,0.006085,0.008032,0.006115,0.003947,0.005833,0.003929,"ARIMA(0, 0, 1)",0.00243903,-0.00022474,0.00323459,0.0,2025-W08
adj_close.csv,ARIMA,DBC,0.006085,0.008032,0.006115,0.003947,0.005833,0.003929,"ARIMA(0, 0, 1)",-0.00591176,-0.00017813,0.00243903,0.0,2025-W09
adj_close.csv,ARIMA,DBC,0.006085,0.008032,0.006115,0.003947,0.005833,0.003929,"ARIMA(0, 0, 1)",-0.00045505,0.00039724,-0.00591176,0.0,2025-W10
adj_close.csv,ARIMA,DBC,0.006085,0.008032,0.006115,0.003947,0.005833,0.003929,"ARIMA(0, 0, 1)",0.00018213,5.816e-05,-0.00045505,0.0,2025-W11
adj_close.csv,ARIMA,DBC,0.006085,0.008032,0.006115,0.003947,0.005833,0.003929,"ARIMA(0, 0, 1)",0.00136088,-8.5e-06,0.00018213,0.0,2025-W12
adj_close.csv,ARIMA,DBC,0.006085,0.008032,0.006115,0.003947,0.005833,0.003929,"ARIMA(0, 0, 1)",0.00063191,-9.408e-05,0.00136088,0.0,2025-W13
adj_close.csv,ARIMA,DBC,0.006085,0.008032,0.006115,0.003947,0.005833,0.003929,"ARIMA(0, 0, 1)",-0.01150061,-4.975e-05,0.00063191,0.0,2025-W14
adj_close.csv,ARIMA,DBC,0.006085,0.008032,0.006115,0.003947,0.005833,0.003929,"ARIMA(0, 0, 1)",-0.00019103,0.00079868,-0.01150061,0.0,2025-W15
adj_close.csv,ARIMA,DBC,0.006085,0.008032,0.006115,0.003947,0.005833,0.003929,"ARIMA(0, 0, 1)",0.00520114,6.579e-05,-0.00019103,0.0,2025-W16
adj_close.csv,ARIMA,DBC,0.006085,0.008032,0.006115,0.003947,0.005833,0.003929,"ARIMA(0, 0, 1)",-0.00018728,-0.00034954,0.00520114,0.0,2025-W17
adj_close.csv,ARIMA,DBC,0.006085,0.008032,0.006115,0.003947,0.005833,0.003929,"ARIMA(0, 0, 1)",-0.00560473,-1.101e-05,-0.00018728,0.0,2025-W18
adj_close.csv,ARIMA,DBC,0.006085,0.008032,0.006115,0.003947,0.005833,0.003929,"ARIMA(0, 0, 1)",0.00343848,0.00037923,-0.00560473,0.0,2025-W19
adj_close.csv,ARIMA,DBC,0.006085,0.008032,0.006115,0.003947,0.005833,0.003929,"ARIMA(0, 0, 1)",0.00066178,-0.00021434,0.00343848,0.0,2025-W20
adj_close.csv,ARIMA,DBC,0.006085,0.008032,0.006115,0.003947,0.005833,0.003929,"ARIMA(0, 0, 1)",0.00206575,-6.121e-05,0.00066178,0.0,2025-W21
adj_close.csv,ARIMA,DBC,0.006085,0.008032,0.006115,0.003947,0.005833,0.003929,"ARIMA(0, 0, 1)",-0.00626661,-0.00014876,0.00206575,0.0,2025-W22
adj_close.csv,ARIMA,DBC,0.006085,0.008032,0.006115,0.003947,0.005833,0.003929,"ARIMA(0, 0, 1)",0.00724275,0.00044217,-0.00626661,0.0,2025-W23
adj_close.csv,ARIMA,DBC,0.006085,0.008032,0.006115,0.003947,0.005833,0.003929,"ARIMA(0, 0, 1)",0.00903088,-0.00053578,0.00724275,0.0,2025-W24
adj_close.csv,ARIMA,DBC,0.006085,0.008032,0.006115,0.003947,0.005833,0.003929,"ARIMA(0, 0, 1)",0.00664384,-0.00064288,0.00903088,0.0,2025-W25
adj_close.csv,ARIMA,DBC,0.006085,0.008032,0.006115,0.003947,0.005833,0.003929,"ARIMA(0, 0, 1)",-0.01296505,-0.00041667,0.00664384,0.0,2025-W26
adj_close.csv,ARIMA,DBC,0.006085,0.008032,0.006115,0.003947,0.005833,0.003929,"ARIMA(0, 0, 1)",0.00544488,0.0009032,-0.01296505,0.0,2025-W27
adj_close.csv,ARIMA,DBC,0.006085,0.008032,0.006115,0.003947,0.005833,0.003929,"ARIMA(0, 0, 1)",0.00205405,-0.00036156,0.00544488,0.0,2025-W28
adj_close.csv,ARIMA,DBC,0.006085,0.008032,0.006115,0.003947,0.005833,0.003929,"ARIMA(0, 0, 1)",0.00017761,-0.0001914,0.00205405,0.0,2025-W29
adj_close.csv,ARIMA,DBC,0.006085,0.008032,0.006115,0.003947,0.005833,0.003929,"ARIMA(0, 0, 1)",-0.00322154,-2.932e-05,0.00017761,0.0,2025-W30
adj_close.csv,ARIMA,DBC,0.006085,0.008032,0.006115,0.003947,0.005833,0.003929,"ARIMA(0, 0, 1)",-0.00072299,0.00025484,-0.00322154,0.0,2025-W31
adj_close.csv,ARIMA,DBC,0.006085,0.008032,0.006115,0.003947,0.005833,0.003929,"ARIMA(0, 0, 1)",-0.00227639,7.751e-05,-0.00072299,0.0,2025-W32
adj_close.csv,ARIMA,DBC,0.006085,0.008032,0.006115,0.003947,0.005833,0.003929,"ARIMA(0, 0, 1)",-0.00064205,0.00018619,-0.00227639,0.0,2025-W33
adj_close.csv,ARIMA,DBC,0.006085,0.008032,0.006115,0.003947,0.005833,0.003929,"ARIMA(0, 0, 1)",0.00282786,6.516e-05,-0.00064205,0.0,2025-W34
adj_close.csv,ARIMA,DBC,0.006085,0.008032,0.006115,0.003947,0.005833,0.003929,"ARIMA(0, 0, 1)",0.00117408,-0.00021846,0.00282786,0.0,2025-W35
adj_close.csv,ARIMA,DBC,0.006085,0.008032,0.006115,0.003947,0.005833,0.003929,"ARIMA(0, 0, 1)",-0.00203435,-0.00010924,0.00117408,0.0,2025-W36
adj_close.csv,ARIMA,DBC,0.006085,0.008032,0.006115,0.003947,0.005833,0.003929,"ARIMA(0, 0, 1)",0.00288422,0.00015181,-0.00203435,0.0,2025-W37
adj_close.csv,ARIMA,DBC,0.006085,0.008032,0.006115,0.003947,0.005833,0.003929,"ARIMA(0, 0, 1)",-0.00080699,-0.00021747,0.00288422,0.0,2025-W38
adj_close.csv,ARIMA,DBC,0.006085,0.008032,0.006115,0.003947,0.005833,0.003929,"ARIMA(0, 0, 1)",0.00488153,4.705e-05,-0.00080699,0.0,2025-W39
adj_close.csv,ARIMA,DBC,0.006085,0.008032,0.006115,0.003947,0.005833,0.003929,"ARIMA(0, 0, 1)",-0.00353835,-0.00038988,0.00488153,0.0,2025-W40
adj_close.csv,ARIMA,DBC,0.006085,0.008032,0.006115,0.003947,0.005833,0.003929,"ARIMA(0, 0, 1)",-0.00305762,0.00026082,-0.00353835,0.0,2025-W41
adj_close.csv,ARIMA,DBC,0.006085,0.008032,0.006115,0.003947,0.005833,0.003929,"ARIMA(0, 0, 1)",0.00045261,0.00026969,-0.00305762,0.0,2025-W42
adj_close.csv,ARIMA,DBC,0.006085,0.008032,0.006115,0.003947,0.005833,0.003929,"ARIMA(0, 0, 1)",0.00649378,-1.488e-05,0.00045261,0.0,2025-W43
adj_close.csv,ARIMA,DBC,0.006085,0.008032,0.006115,0.003947,0.005833,0.003929,"ARIMA(0, 0, 1)",0.0002624,-0.00053023,0.00649378,0.0,2025-W44
adj_close.csv,ARIMA,DBC,0.006085,0.008032,0.006115,0.003947,0.005833,0.003929,"ARIMA(0, 0, 1)",0.00017474,-6.359e-05,0.0002624,0.0,2025-W45
adj_close.csv,ARIMA,DBC,0.006085,0.008032,0.006115,0.003947,0.005833,0.003929,"ARIMA(0, 0, 1)",0.00061042,-1.925e-05,0.00017474,0.0,2025-W46
adj_close.csv,ARIMA,DBC,0.006085,0.008032,0.006115,0.003947,0.005833,0.003929,"ARIMA(0, 0, 1)",-0.00386824,-5.078e-05,0.00061042,0.0,2025-W47
adj_close.csv,ARIMA,DBC,0.006085,0.008032,0.006115,0.003947,0.005833,0.003929,"ARIMA(0, 0, 1)",0.00581294,0.00030931,-0.00386824,0.0,2025-W48
adj_close.csv,ARIMA,DBC,0.006085,0.008032,0.006115,0.003947,0.005833,0.003929,"ARIMA(0, 0, 1)",0.00232812,-0.00046285,0.00581294,0.0,2025-W49
adj_close.csv,ARIMA,DBC,0.006085,0.008032,0.006115,0.003947,0.005833,0.003929,"ARIMA(0, 0, 1)",-0.00354604,-0.00022741,0.00232812,0.0,2025-W50
adj_close.csv,ARIMA,DBC,0.006085,0.008032,0.006115,0.003947,0.005833,0.003929,"ARIMA(0, 0, 1)",-0.00061175,0.00027489,-0.00354604,0.0,2025-W51
adj_close.csv,ARIMA,DBC,0.006085,0.008032,0.006115,0.003947,0.005833,0.003929,"ARIMA(0, 0, 1)",0.00662896,7.312e-05,-0.00061175,0.0,2025-W52
adj_close.csv,ARIMA,DBC,0.006085,0.008032,0.006115,0.003947,0.005833,0.003929,"ARIMA(0, 0, 1)",-0.00343764,-0.00054422,0.00662896,0.0,2026-W01
adj_close.csv,ARIMA,DBC,0.006085,0.008032,0.006115,0.003947,0.005833,0.003929,"ARIMA(0, 0, 1)",0.0045045,0.00024674,-0.00343764,0.0,2026-W02
adj_close.csv,ARIMA,DBC,0.006085,0.008032,0.006115,0.003947,0.005833,0.003929,"ARIMA(0, 0, 1)",0.00225795,-0.00037447,0.0045045,0.0,2026-W03
adj_close.csv,ARIMA,DBC,0.006085,0.008032,0.006115,0.003947,0.005833,0.003929,"ARIMA(0, 0, 1)",0.0107748,-0.00022567,0.00225795,0.0,2026-W04
adj_close.csv,ARIMA,DBC,0.006085,0.008032,0.006115,0.003947,0.005833,0.003929,"ARIMA(0, 0, 1)",0.00205721,-0.00090858,0.0107748,0.0,2026-W05
adj_close.csv,ARIMA,DBC,0.006085,0.008032,0.006115,0.003947,0.005833,0.003929,"ARIMA(0, 0, 1)",-0.03711076,-0.00022581,0.00205721,0.0,2026-W06
adj_close.csv,ARIMA,DIA,0.004406,0.006788,0.004442,0.003424,0.005168,0.003461,"ARIMA(0, 0, 1)",0.00149335,-5.457e-05,0.00140506,0.0,2024-W30
adj_close.csv,ARIMA,DIA,0.004406,0.006788,0.004442,0.003424,0.005168,0.003461,"ARIMA(0, 0, 1)",-0.00440312,-5.401e-05,0.00149335,0.0,2024-W31
adj_close.csv,ARIMA,DIA,0.004406,0.006788,0.004442,0.003424,0.005168,0.003461,"ARIMA(0, 0, 1)",-0.00099965,0.00016194,-0.00440312,0.0,2024-W32
adj_close.csv,ARIMA,DIA,0.004406,0.006788,0.004442,0.003424,0.005168,0.003461,"ARIMA(0, 0, 1)",0.00594295,4.12e-05,-0.00099965,0.0,2024-W33
adj_close.csv,ARIMA,DIA,0.004406,0.006788,0.004442,0.003424,0.005168,0.003461,"ARIMA(0, 0, 1)",0.00248729,-0.00022423,0.00594295,0.0,2024-W34
adj_close.csv,ARIMA,DIA,0.004406,0.006788,0.004442,0.003424,0.005168,0.003461,"ARIMA(0, 0, 1)",0.00211587,-8.866e-05,0.00248729,0.0,2024-W35
adj_close.csv,ARIMA,DIA,0.004406,0.006788,0.004442,0.003424,0.005168,0.003461,"ARIMA(0, 0, 1)",-0.00715309,-6.828e-05,0.00211587,0.0,2024-W36
adj_close.csv,ARIMA,DIA,0.004406,0.006788,0.004442,0.003424,0.005168,0.003461,"ARIMA(0, 0, 1)",0.00511125,0.00025936,-0.00715309,0.0,2024-W37
adj_close.csv,ARIMA,DIA,0.004406,0.006788,0.004442,0.003424,0.005168,0.003461,"ARIMA(0, 0, 1)",0.00328861,-0.00022556,0.00511125,0.0,2024-W38
adj_close.csv,ARIMA,DIA,0.004406,0.006788,0.004442,0.003424,0.005168,0.003461,"ARIMA(0, 0, 1)",0.00112861,-0.00014703,0.00328861,0.0,2024-W39
adj_close.csv,ARIMA,DIA,0.004406,0.006788,0.004442,0.003424,0.005168,0.003461,"ARIMA(0, 0, 1)",0.00021738,-5.178e-05,0.00112861,0.0,2024-W40
adj_close.csv,ARIMA,DIA,0.004406,0.006788,0.004442,0.003424,0.005168,0.003461,"ARIMA(0, 0, 1)",0.0024973,-1.092e-05,0.00021738,0.0,2024-W41
adj_close.csv,ARIMA,DIA,0.004406,0.006788,0.004442,0.003424,0.005168,0.003461,"ARIMA(0, 0, 1)",0.00188464,-0.000101,0.0024973,0.0,2024-W42
adj_close.csv,ARIMA,DIA,0.004406,0.006788,0.004442,0.003424,0.005168,0.003461,"ARIMA(0, 0, 1)",-0.00538812,-7.667e-05,0.00188464,0.0,2024-W43
adj_close.csv,ARIMA,DIA,0.004406,0.006788,0.004442,0.003424,0.005168,0.003461,"ARIMA(0, 0, 1)",-0.00034222,0.0002234,-0.00538812,0.0,2024-W44
adj_close.csv,ARIMA,DIA,0.004406,0.006788,0.004442,0.003424,0.005168,0.003461,"ARIMA(0, 0, 1)",0.00915407,2.313e-05,-0.00034222,0.0,2024-W45
adj_close.csv,ARIMA,DIA,0.004406,0.006788,0.004442,0.003424,0.005168,0.003461,"ARIMA(0, 0, 1)",-0.00243953,-0.00039283,0.00915407,0.0,2024-W46
adj_close.csv,ARIMA,DIA,0.004406,0.006788,0.004442,0.003424,0.005168,0.003461,"ARIMA(0, 0, 1)",0.00394237,9.701e-05,-0.00243953,0.0,2024-W47
adj_close.csv,ARIMA,DIA,0.004406,0.006788,0.004442,0.003424,0.005168,0.003461,"ARIMA(0, 0, 1)",0.00387913,-0.00019465,0.00394237,0.0,2024-W48
adj_close.csv,ARIMA,DIA,0.004406,0.006788,0.004442,0.003424,0.005168,0.003461,"ARIMA(0, 0, 1)",-0.00131067,-0.00018447,0.00387913,0.0,2024-W49
adj_close.csv,ARIMA,DIA,0.004406,0.006788,0.004442,0.003424,0.005168,0.003461,"ARIMA(0, 0, 1)",-0.00351043,5.249e-05,-0.00131067,0.0,2024-W50
adj_close.csv,ARIMA,DIA,0.004406,0.006788,0.004442,0.003424,0.005168,0.003461,"ARIMA(0, 0, 1)",-0.00441455,0.00016352,-0.00351043,0.0,2024-W51
adj_close.csv,ARIMA,DIA,0.004406,0.006788,0.004442,0.003424,0.005168,0.003461,"ARIMA(0, 0, 1)",0.00085025,0.00018808,-0.00441455,0.0,2024-W52
adj_close.csv,ARIMA,DIA,0.004406,0.006788,0.004442,0.003424,0.005168,0.003461,"ARIMA(0, 0, 1)",-0.00165665,-2.773e-05,0.00085025,0.0,2025-W01
adj_close.csv,ARIMA,DIA,0.004406,0.006788,0.004442,0.003424,0.005168,0.003461,"ARIMA(0, 0, 1)",-0.00462513,6.896e-05,-0.00165665,0.0,2025-W02
adj_close.csv,ARIMA,DIA,0.004406,0.006788,0.004442,0.003424,0.005168,0.003461,"ARIMA(0, 0, 1)",0.00728389,0.00018663,-0.00462513,0.0,2025-W03
adj_close.csv,ARIMA,DIA,0.004406,0.006788,0.004442,0.003424,0.005168,0.003461,"ARIMA(0, 0, 1)",0.00534817,-0.00034989,0.00728389,0.0,2025-W04
adj_close.csv,ARIMA,DIA,0.004406,0.006788,0.004442,0.003424,0.005168,0.003461,"ARIMA(0, 0, 1)",0.0005711,-0.00021394,0.00534817,0.0,2025-W05
adj_close.csv,ARIMA,DIA,0.004406,0.006788,0.004442,0.003424,0.005168,0.003461,"ARIMA(0, 0, 1)",-0.00102194,-2.859e-05,0.0005711,0.0,2025-W06
adj_close.csv,ARIMA,DIA,0.004406,0.006788,0.004442,0.003424,0.005168,0.003461,"ARIMA(0, 0, 1)",0.00120149,3.687e-05,-0.00102194,0.0,2025-W07
adj_close.csv,ARIMA,DIA,0.004406,0.006788,0.004442,0.003424,0.005168,0.003461,"ARIMA(0, 0, 1)",-0.00624179,-4.351e-05,0.00120149,0.0,2025-W08
adj_close.csv,ARIMA,DIA,0.004406,0.006788,0.004442,0.003424,0.005168,0.003461,"ARIMA(0, 0, 1)",0.00193461,0.0002447,-0.00624179,0.0,2025-W09
adj_close.csv,ARIMA,DIA,0.004406,0.006788,0.004442,0.003424,0.005168,0.003461,"ARIMA(0, 0, 1)",-0.00466655,-7.107e-05,0.00193461,0.0,2025-W10
adj_close.csv,ARIMA,DIA,0.004406,0.006788,0.004442,0.003424,0.005168,0.003461,"ARIMA(0, 0, 1)",-0.00611698,0.000205,-0.00466655,0.0,2025-W11
adj_close.csv,ARIMA,DIA,0.004406,0.006788,0.004442,0.003424,0.005168,0.003461,"ARIMA(0, 0, 1)",0.00242245,0.00022557,-0.00611698,0.0,2025-W12
adj_close.csv,ARIMA,DIA,0.004406,0.006788,0.004442,0.003424,0.005168,0.003461,"ARIMA(0, 0, 1)",-0.0019156,-8.633e-05,0.00242245,0.0,2025-W13
adj_close.csv,ARIMA,DIA,0.004406,0.006788,0.004442,0.003424,0.005168,0.003461,"ARIMA(0, 0, 1)",-0.01623242,7.444e-05,-0.0019156,0.0,2025-W14
adj_close.csv,ARIMA,DIA,0.004406,0.006788,0.004442,0.003424,0.005168,0.003461,"ARIMA(0, 0, 1)",0.0095238,0.00050159,-0.01623242,0.0,2025-W15
adj_close.csv,ARIMA,DIA,0.004406,0.006788,0.004442,0.003424,0.005168,0.003461,"ARIMA(0, 0, 1)",-0.00652596,-0.00058039,0.0095238,0.0,2025-W16
adj_close.csv,ARIMA,DIA,0.004406,0.006788,0.004442,0.003424,0.005168,0.003461,"ARIMA(0, 0, 1)",0.00487671,0.00048207,-0.00652596,0.0,2025-W17
adj_close.csv,ARIMA,DIA,0.004406,0.006788,0.004442,0.003424,0.005168,0.003461,"ARIMA(0, 0, 1)",0.0059066,-0.00038922,0.00487671,0.0,2025-W18
adj_close.csv,ARIMA,DIA,0.004406,0.006788,0.004442,0.003424,0.005168,0.003461,"ARIMA(0, 0, 1)",-0.00030038,-0.00051354,0.0059066,0.0,2025-W19
adj_close.csv,ARIMA,DIA,0.004406,0.006788,0.004442,0.003424,0.005168,0.003461,"ARIMA(0, 0, 1)",0.00688957,-1.725e-05,-0.00030038,0.0,2025-W20
adj_close.csv,ARIMA,DIA,0.004406,0.006788,0.004442,0.003424,0.005168,0.003461,"ARIMA(0, 0, 1)",-0.00485027,-0.00056154,0.00688957,0.0,2025-W21
adj_close.csv,ARIMA,DIA,0.004406,0.006788,0.004442,0.003424,0.005168,0.003461,"ARIMA(0, 0, 1)",0.00388478,0.0003753,-0.00485027,0.0,2025-W22
adj_close.csv,ARIMA,DIA,0.004406,0.006788,0.004442,0.003424,0.005168,0.003461,"ARIMA(0, 0, 1)",0.00259864,-0.00032245,0.00388478,0.0,2025-W23
adj_close.csv,ARIMA,DIA,0.004406,0.006788,0.004442,0.003424,0.005168,0.003461,"ARIMA(0, 0, 1)",-0.00261754,-0.0002611,0.00259864,0.0,2025-W24
adj_close.csv,ARIMA,DIA,0.004406,0.006788,0.004442,0.003424,0.005168,0.003461,"ARIMA(0, 0, 1)",8.827e-05,0.00021439,-0.00261754,0.0,2025-W25
adj_close.csv,ARIMA,DIA,0.004406,0.006788,0.004442,0.003424,0.005168,0.003461,"ARIMA(0, 0, 1)",0.00755649,1.148e-05,8.827e-05,0.0,2025-W26
adj_close.csv,ARIMA,DIA,0.004406,0.006788,0.004442,0.003424,0.005168,0.003461,"ARIMA(0, 0, 1)",0.00569379,-0.00068736,0.00755649,0.0,2025-W27
adj_close.csv,ARIMA,DIA,0.004406,0.006788,0.004442,0.003424,0.005168,0.003461,"ARIMA(0, 0, 1)",-0.00202768,-0.00050277,0.00569379,0.0,2025-W28
adj_close.csv,ARIMA,DIA,0.004406,0.006788,0.004442,0.003424,0.005168,0.003461,"ARIMA(0, 0, 1)",-5.85e-05,0.00012385,-0.00202768,0.0,2025-W29
adj_close.csv,ARIMA,DIA,0.004406,0.006788,0.004442,0.003424,0.005168,0.003461,"ARIMA(0, 0, 1)",0.00258217,1.494e-05,-5.85e-05,0.0,2025-W30
adj_close.csv,ARIMA,DIA,0.004406,0.006788,0.004442,0.003424,0.005168,0.003461,"ARIMA(0, 0, 1)",-0.00601352,-0.00021042,0.00258217,0.0,2025-W31
adj_close.csv,ARIMA,DIA,0.004406,0.006788,0.004442,0.003424,0.005168,0.003461,"ARIMA(0, 0, 1)",0.00282582,0.00049471,-0.00601352,0.0,2025-W32
adj_close.csv,ARIMA,DIA,0.004406,0.006788,0.004442,0.003424,0.005168,0.003461,"ARIMA(0, 0, 1)",0.00353321,-0.00020487,0.00282582,0.0,2025-W33
adj_close.csv,ARIMA,DIA,0.004406,0.006788,0.004442,0.003424,0.005168,0.003461,"ARIMA(0, 0, 1)",0.00313855,-0.00032231,0.00353321,0.0,2025-W34
adj_close.csv,ARIMA,DIA,0.004406,0.006788,0.004442,0.003424,0.005168,0.003461,"ARIMA(0, 0, 1)",-0.00024105,-0.00028825,0.00313855,0.0,2025-W35
adj_close.csv,ARIMA,DIA,0.004406,0.006788,0.004442,0.003424,0.005168,0.003461,"ARIMA(0, 0, 1)",-0.00060366,-3.93e-06,-0.00024105,0.0,2025-W36
adj_close.csv,ARIMA,DIA,0.004406,0.006788,0.004442,0.003424,0.005168,0.003461,"ARIMA(0, 0, 1)",0.00189434,5.009e-05,-0.00060366,0.0,2025-W37
adj_close.csv,ARIMA,DIA,0.004406,0.006788,0.004442,0.003424,0.005168,0.003461,"ARIMA(0, 0, 1)",0.00214066,-0.00015441,0.00189434,0.0,2025-W38
adj_close.csv,ARIMA,DIA,0.004406,0.006788,0.004442,0.003424,0.005168,0.003461,"ARIMA(0, 0, 1)",-0.00028533,-0.00018977,0.00214066,0.0,2025-W39
adj_close.csv,ARIMA,DIA,0.004406,0.006788,0.004442,0.003424,0.005168,0.003461,"ARIMA(0, 0, 1)",0.00224998,7.9e-06,-0.00028533,0.0,2025-W40
adj_close.csv,ARIMA,DIA,0.004406,0.006788,0.004442,0.003424,0.005168,0.003461,"ARIMA(0, 0, 1)",-0.00548182,-0.00018577,0.00224998,0.0,2025-W41
adj_close.csv,ARIMA,DIA,0.004406,0.006788,0.004442,0.003424,0.005168,0.003461,"ARIMA(0, 0, 1)",0.00308286,0.00045315,-0.00548182,0.0,2025-W42
adj_close.csv,ARIMA,DIA,0.004406,0.006788,0.004442,0.003424,0.005168,0.003461,"ARIMA(0, 0, 1)",0.00446704,-0.00023229,0.00308286,0.0,2025-W43
adj_close.csv,ARIMA,DIA,0.004406,0.006788,0.004442,0.003424,0.005168,0.003461,"ARIMA(0, 0, 1)",0.00146012,-0.0004028,0.00446704,0.0,2025-W44
adj_close.csv,ARIMA,DIA,0.004406,0.006788,0.004442,0.003424,0.005168,0.003461,"ARIMA(0, 0, 1)",-0.00245793,-0.00015566,0.00146012,0.0,2025-W45
adj_close.csv,ARIMA,DIA,0.004406,0.006788,0.004442,0.003424,0.005168,0.003461,"ARIMA(0, 0, 1)",0.00082408,0.00019534,-0.00245793,0.0,2025-W46
adj_close.csv,ARIMA,DIA,0.004406,0.006788,0.004442,0.003424,0.005168,0.003461,"ARIMA(0, 0, 1)",-0.00369981,-5.354e-05,0.00082408,0.0,2025-W47
adj_close.csv,ARIMA,DIA,0.004406,0.006788,0.004442,0.003424,0.005168,0.003461,"ARIMA(0, 0, 1)",0.00777396,0.00031305,-0.00369981,0.0,2025-W48
adj_close.csv,ARIMA,DIA,0.004406,0.006788,0.004442,0.003424,0.005168,0.003461,"ARIMA(0, 0, 1)",0.00119098,-0.00068558,0.00777396,0.0,2025-W49
adj_close.csv,ARIMA,DIA,0.004406,0.006788,0.004442,0.003424,0.005168,0.003461,"ARIMA(0, 0, 1)",0.00222493,-0.00016501,0.00119098,0.0,2025-W50
adj_close.csv,ARIMA,DIA,0.004406,0.006788,0.004442,0.003424,0.005168,0.003461,"ARIMA(0, 0, 1)",-0.00132383,-0.00021053,0.00222493,0.0,2025-W51
adj_close.csv,ARIMA,DIA,0.004406,0.006788,0.004442,0.003424,0.005168,0.003461,"ARIMA(0, 0, 1)",0.00303666,9.871e-05,-0.00132383,0.0,2025-W52
adj_close.csv,ARIMA,DIA,0.004406,0.006788,0.004442,0.003424,0.005168,0.003461,"ARIMA(0, 0, 1)",-0.00175138,-0.00026299,0.00303666,0.0,2026-W01
adj_close.csv,ARIMA,DIA,0.004406,0.006788,0.004442,0.003424,0.005168,0.003461,"ARIMA(0, 0, 1)",0.00465559,0.00013448,-0.00175138,0.0,2026-W02
adj_close.csv,ARIMA,DIA,0.004406,0.006788,0.004442,0.003424,0.005168,0.003461,"ARIMA(0, 0, 1)",-0.00057506,-0.0004162,0.00465559,0.0,2026-W03
adj_close.csv,ARIMA,DIA,0.004406,0.006788,0.004442,0.003424,0.005168,0.003461,"ARIMA(0, 0, 1)",-0.00126481,1.459e-05,-0.00057506,0.0,2026-W04
adj_close.csv,ARIMA,DIA,0.004406,0.006788,0.004442,0.003424,0.005168,0.003461,"ARIMA(0, 0, 1)",-0.00077554,0.00011793,-0.00126481,0.0,2026-W05
adj_close.csv,ARIMA,DIA,0.004406,0.006788,0.004442,0.003424,0.005168,0.003461,"ARIMA(0, 0, 1)",0.01017241,8.213e-05,-0.00077554,0.0,2026-W06
adj_close.csv,ARIMA,DVY,0.004023,0.005972,0.004026,0.003004,0.004368,0.003009,"ARIMA(1, 0, 0)",0.00418277,-2.458e-05,0.00281124,0.0,2024-W30
adj_close.csv,ARIMA,DVY,0.004023,0.005972,0.004026,0.003004,0.004368,0.003009,"ARIMA(1, 0, 0)",-0.00289366,-2.44e-05,0.00418277,0.0,2024-W31
adj_close.csv,ARIMA,DVY,0.004023,0.005972,0.004026,0.003004,0.004368,0.003009,"ARIMA(1, 0, 0)",-0.00204758,2.539e-05,-0.00289366,0.0,2024-W32
adj_close.csv,ARIMA,DVY,0.004023,0.005972,0.004026,0.003004,0.004368,0.003009,"ARIMA(1, 0, 0)",0.00506475,1.496e-05,-0.00204758,0.0,2024-W33
adj_close.csv,ARIMA,DVY,0.004023,0.005972,0.004026,0.003004,0.004368,0.003009,"ARIMA(1, 0, 0)",0.00410966,-4.98e-05,0.00506475,0.0,2024-W34
adj_close.csv,ARIMA,DVY,0.004023,0.005972,0.004026,0.003004,0.004368,0.003009,"ARIMA(1, 0, 0)",0.00271848,-1.94e-05,0.00410966,0.0,2024-W35
adj_close.csv,ARIMA,DVY,0.004023,0.005972,0.004026,0.003004,0.004368,0.003009,"ARIMA(1, 0, 0)",-0.00539068,-5.44e-06,0.00271848,0.0,2024-W36
adj_close.csv,ARIMA,DVY,0.004023,0.005972,0.004026,0.003004,0.004368,0.003009,"ARIMA(1, 0, 0)",0.00367004,2.982e-05,-0.00539068,0.0,2024-W37
adj_close.csv,ARIMA,DVY,0.004023,0.005972,0.004026,0.003004,0.004368,0.003009,"ARIMA(1, 0, 0)",0.00240988,-3.756e-05,0.00367004,0.0,2024-W38
adj_close.csv,ARIMA,DVY,0.004023,0.005972,0.004026,0.003004,0.004368,0.003009,"ARIMA(1, 0, 0)",0.00152908,-1.949e-05,0.00240988,0.0,2024-W39
adj_close.csv,ARIMA,DVY,0.004023,0.005972,0.004026,0.003004,0.004368,0.003009,"ARIMA(1, 0, 0)",-0.00078822,-1.101e-05,0.00152908,0.0,2024-W40
adj_close.csv,ARIMA,DVY,0.004023,0.005972,0.004026,0.003004,0.004368,0.003009,"ARIMA(1, 0, 0)",0.00010425,5.9e-06,-0.00078822,0.0,2024-W41
adj_close.csv,ARIMA,DVY,0.004023,0.005972,0.004026,0.003004,0.004368,0.003009,"ARIMA(1, 0, 0)",0.00383549,-7.8e-07,0.00010425,0.0,2024-W42
adj_close.csv,ARIMA,DVY,0.004023,0.005972,0.004026,0.003004,0.004368,0.003009,"ARIMA(1, 0, 0)",-0.00477604,-2.84e-05,0.00383549,0.0,2024-W43
adj_close.csv,ARIMA,DVY,0.004023,0.005972,0.004026,0.003004,0.004368,0.003009,"ARIMA(1, 0, 0)",-0.00019464,5.602e-05,-0.00477604,0.0,2024-W44
adj_close.csv,ARIMA,DVY,0.004023,0.005972,0.004026,0.003004,0.004368,0.003009,"ARIMA(1, 0, 0)",0.00683227,2.23e-06,-0.00019464,0.0,2024-W45
adj_close.csv,ARIMA,DVY,0.004023,0.005972,0.004026,0.003004,0.004368,0.003009,"ARIMA(1, 0, 0)",0.0002459,-8.036e-05,0.00683227,0.0,2024-W46
adj_close.csv,ARIMA,DVY,0.004023,0.005972,0.004026,0.003004,0.004368,0.003009,"ARIMA(1, 0, 0)",0.00534964,-2.76e-06,0.0002459,0.0,2024-W47
adj_close.csv,ARIMA,DVY,0.004023,0.005972,0.004026,0.003004,0.004368,0.003009,"ARIMA(1, 0, 0)",0.00232936,-5.849e-05,0.00534964,0.0,2024-W48
adj_close.csv,ARIMA,DVY,0.004023,0.005972,0.004026,0.003004,0.004368,0.003009,"ARIMA(1, 0, 0)",-0.00511328,-1.856e-05,0.00232936,0.0,2024-W49
adj_close.csv,ARIMA,DVY,0.004023,0.005972,0.004026,0.003004,0.004368,0.003009,"ARIMA(1, 0, 0)",-0.00409046,5.481e-05,-0.00511328,0.0,2024-W50
adj_close.csv,ARIMA,DVY,0.004023,0.005972,0.004026,0.003004,0.004368,0.003009,"ARIMA(1, 0, 0)",-0.00640807,2.387e-05,-0.00409046,0.0,2024-W51
adj_close.csv,ARIMA,DVY,0.004023,0.005972,0.004026,0.003004,0.004368,0.003009,"ARIMA(1, 0, 0)",0.00112035,-1.3e-06,-0.00640807,0.0,2024-W52
adj_close.csv,ARIMA,DVY,0.004023,0.005972,0.004026,0.003004,0.004368,0.003009,"ARIMA(1, 0, 0)",-0.00013266,-1.6e-06,0.00112035,0.0,2025-W01
adj_close.csv,ARIMA,DVY,0.004023,0.005972,0.004026,0.003004,0.004368,0.003009,"ARIMA(1, 0, 0)",-0.00633527,1.9e-07,-0.00013266,0.0,2025-W02
adj_close.csv,ARIMA,DVY,0.004023,0.005972,0.004026,0.003004,0.004368,0.003009,"ARIMA(1, 0, 0)",0.00944819,8.07e-06,-0.00633527,0.0,2025-W03
adj_close.csv,ARIMA,DVY,0.004023,0.005972,0.004026,0.003004,0.004368,0.003009,"ARIMA(1, 0, 0)",0.00055575,-0.00013932,0.00944819,0.0,2025-W04
adj_close.csv,ARIMA,DVY,0.004023,0.005972,0.004026,0.003004,0.004368,0.003009,"ARIMA(1, 0, 0)",-0.00051885,-7.39e-06,0.00055575,0.0,2025-W05
adj_close.csv,ARIMA,DVY,0.004023,0.005972,0.004026,0.003004,0.004368,0.003009,"ARIMA(1, 0, 0)",-0.00096703,6.93e-06,-0.00051885,0.0,2025-W06
adj_close.csv,ARIMA,DVY,0.004023,0.005972,0.004026,0.003004,0.004368,0.003009,"ARIMA(1, 0, 0)",0.00238688,1.281e-05,-0.00096703,0.0,2025-W07
adj_close.csv,ARIMA,DVY,0.004023,0.005972,0.004026,0.003004,0.004368,0.003009,"ARIMA(1, 0, 0)",0.00179881,-3.283e-05,0.00238688,0.0,2025-W08
adj_close.csv,ARIMA,DVY,0.004023,0.005972,0.004026,0.003004,0.004368,0.003009,"ARIMA(1, 0, 0)",0.00205249,-2.301e-05,0.00179881,0.0,2025-W09
adj_close.csv,ARIMA,DVY,0.004023,0.005972,0.004026,0.003004,0.004368,0.003009,"ARIMA(1, 0, 0)",-0.00558036,-2.456e-05,0.00205249,0.0,2025-W10
adj_close.csv,ARIMA,DVY,0.004023,0.005972,0.004026,0.003004,0.004368,0.003009,"ARIMA(1, 0, 0)",-0.00168993,8.079e-05,-0.00558036,0.0,2025-W11
adj_close.csv,ARIMA,DVY,0.004023,0.005972,0.004026,0.003004,0.004368,0.003009,"ARIMA(1, 0, 0)",0.0009642,2.081e-05,-0.00168993,0.0,2025-W12
adj_close.csv,ARIMA,DVY,0.004023,0.005972,0.004026,0.003004,0.004368,0.003009,"ARIMA(1, 0, 0)",-4.518e-05,-1.221e-05,0.0009642,0.0,2025-W13
adj_close.csv,ARIMA,DVY,0.004023,0.005972,0.004026,0.003004,0.004368,0.003009,"ARIMA(1, 0, 0)",-0.01675954,5.7e-07,-4.518e-05,0.0,2025-W14
adj_close.csv,ARIMA,DVY,0.004023,0.005972,0.004026,0.003004,0.004368,0.003009,"ARIMA(1, 0, 0)",0.00320188,0.0002096,-0.01675954,0.0,2025-W15
adj_close.csv,ARIMA,DVY,0.004023,0.005972,0.004026,0.003004,0.004368,0.003009,"ARIMA(1, 0, 0)",0.00364153,-7.309e-05,0.00320188,0.0,2025-W16
adj_close.csv,ARIMA,DVY,0.004023,0.005972,0.004026,0.003004,0.004368,0.003009,"ARIMA(1, 0, 0)",0.00284007,-7.423e-05,0.00364153,0.0,2025-W17
adj_close.csv,ARIMA,DVY,0.004023,0.005972,0.004026,0.003004,0.004368,0.003009,"ARIMA(1, 0, 0)",0.00329403,-5.172e-05,0.00284007,0.0,2025-W18
adj_close.csv,ARIMA,DVY,0.004023,0.005972,0.004026,0.003004,0.004368,0.003009,"ARIMA(1, 0, 0)",-0.00023129,-5.359e-05,0.00329403,0.0,2025-W19
adj_close.csv,ARIMA,DVY,0.004023,0.005972,0.004026,0.003004,0.004368,0.003009,"ARIMA(1, 0, 0)",0.00630247,3.79e-06,-0.00023129,0.0,2025-W20
adj_close.csv,ARIMA,DVY,0.004023,0.005972,0.004026,0.003004,0.004368,0.003009,"ARIMA(1, 0, 0)",-0.00524073,-0.00010516,0.00630247,0.0,2025-W21
adj_close.csv,ARIMA,DVY,0.004023,0.005972,0.004026,0.003004,0.004368,0.003009,"ARIMA(1, 0, 0)",0.00162528,0.00012177,-0.00524073,0.0,2025-W22
adj_close.csv,ARIMA,DVY,0.004023,0.005972,0.004026,0.003004,0.004368,0.003009,"ARIMA(1, 0, 0)",0.00073056,-4.034e-05,0.00162528,0.0,2025-W23
adj_close.csv,ARIMA,DVY,0.004023,0.005972,0.004026,0.003004,0.004368,0.003009,"ARIMA(1, 0, 0)",-0.00070004,-1.795e-05,0.00073056,0.0,2025-W24
adj_close.csv,ARIMA,DVY,0.004023,0.005972,0.004026,0.003004,0.004368,0.003009,"ARIMA(1, 0, 0)",0.0007357,1.727e-05,-0.00070004,0.0,2025-W25
adj_close.csv,ARIMA,DVY,0.004023,0.005972,0.004026,0.003004,0.004368,0.003009,"ARIMA(1, 0, 0)",0.00274309,-1.822e-05,0.0007357,0.0,2025-W26
adj_close.csv,ARIMA,DVY,0.004023,0.005972,0.004026,0.003004,0.004368,0.003009,"ARIMA(1, 0, 0)",0.00839024,-6.683e-05,0.00274309,0.0,2025-W27
adj_close.csv,ARIMA,DVY,0.004023,0.005972,0.004026,0.003004,0.004368,0.003009,"ARIMA(1, 0, 0)",-0.00067436,-0.00016532,0.00839024,0.0,2025-W28
adj_close.csv,ARIMA,DVY,0.004023,0.005972,0.004026,0.003004,0.004368,0.003009,"ARIMA(1, 0, 0)",-0.00083885,1.386e-05,-0.00067436,0.0,2025-W29
adj_close.csv,ARIMA,DVY,0.004023,0.005972,0.004026,0.003004,0.004368,0.003009,"ARIMA(1, 0, 0)",0.00359528,1.714e-05,-0.00083885,0.0,2025-W30
adj_close.csv,ARIMA,DVY,0.004023,0.005972,0.004026,0.003004,0.004368,0.003009,"ARIMA(1, 0, 0)",-0.0061032,-7.561e-05,0.00359528,0.0,2025-W31
adj_close.csv,ARIMA,DVY,0.004023,0.005972,0.004026,0.003004,0.004368,0.003009,"ARIMA(1, 0, 0)",0.00321455,0.00015446,-0.0061032,0.0,2025-W32
adj_close.csv,ARIMA,DVY,0.004023,0.005972,0.004026,0.003004,0.004368,0.003009,"ARIMA(1, 0, 0)",0.00304792,-9.312e-05,0.00321455,0.0,2025-W33
adj_close.csv,ARIMA,DVY,0.004023,0.005972,0.004026,0.003004,0.004368,0.003009,"ARIMA(1, 0, 0)",0.00569285,-8.228e-05,0.00304792,0.0,2025-W34
adj_close.csv,ARIMA,DVY,0.004023,0.005972,0.004026,0.003004,0.004368,0.003009,"ARIMA(1, 0, 0)",-0.00045062,-0.00013411,0.00569285,0.0,2025-W35
adj_close.csv,ARIMA,DVY,0.004023,0.005972,0.004026,0.003004,0.004368,0.003009,"ARIMA(1, 0, 0)",-0.00021157,1.077e-05,-0.00045062,0.0,2025-W36
adj_close.csv,ARIMA,DVY,0.004023,0.005972,0.004026,0.003004,0.004368,0.003009,"ARIMA(1, 0, 0)",0.0002679,5.05e-06,-0.00021157,0.0,2025-W37
adj_close.csv,ARIMA,DVY,0.004023,0.005972,0.004026,0.003004,0.004368,0.003009,"ARIMA(1, 0, 0)",-0.00056713,-6.4e-06,0.0002679,0.0,2025-W38
adj_close.csv,ARIMA,DVY,0.004023,0.005972,0.004026,0.003004,0.004368,0.003009,"ARIMA(1, 0, 0)",0.00153388,1.357e-05,-0.00056713,0.0,2025-W39
adj_close.csv,ARIMA,DVY,0.004023,0.005972,0.004026,0.003004,0.004368,0.003009,"ARIMA(1, 0, 0)",0.00246075,-3.696e-05,0.00153388,0.0,2025-W40
adj_close.csv,ARIMA,DVY,0.004023,0.005972,0.004026,0.003004,0.004368,0.003009,"ARIMA(1, 0, 0)",-0.00704024,-5.746e-05,0.00246075,0.0,2025-W41
adj_close.csv,ARIMA,DVY,0.004023,0.005972,0.004026,0.003004,0.004368,0.003009,"ARIMA(1, 0, 0)",0.00291725,0.00018783,-0.00704024,0.0,2025-W42
adj_close.csv,ARIMA,DVY,0.004023,0.005972,0.004026,0.003004,0.004368,0.003009,"ARIMA(1, 0, 0)",0.0033669,-8.859e-05,0.00291725,0.0,2025-W43
adj_close.csv,ARIMA,DVY,0.004023,0.005972,0.004026,0.003004,0.004368,0.003009,"ARIMA(1, 0, 0)",-0.0048274,-9.574e-05,0.0033669,0.0,2025-W44
adj_close.csv,ARIMA,DVY,0.004023,0.005972,0.004026,0.003004,0.004368,0.003009,"ARIMA(1, 0, 0)",0.00148902,0.00015197,-0.0048274,0.0,2025-W45
adj_close.csv,ARIMA,DVY,0.004023,0.005972,0.004026,0.003004,0.004368,0.003009,"ARIMA(1, 0, 0)",0.00061242,-4.87e-05,0.00148902,0.0,2025-W46
adj_close.csv,ARIMA,DVY,0.004023,0.005972,0.004026,0.003004,0.004368,0.003009,"ARIMA(1, 0, 0)",-0.00098365,-1.992e-05,0.00061242,0.0,2025-W47
adj_close.csv,ARIMA,DVY,0.004023,0.005972,0.004026,0.003004,0.004368,0.003009,"ARIMA(1, 0, 0)",0.00636697,3.21e-05,-0.00098365,0.0,2025-W48
adj_close.csv,ARIMA,DVY,0.004023,0.005972,0.004026,0.003004,0.004368,0.003009,"ARIMA(1, 0, 0)",-0.00239657,-0.00021532,0.00636697,0.0,2025-W49
adj_close.csv,ARIMA,DVY,0.004023,0.005972,0.004026,0.003004,0.004368,0.003009,"ARIMA(1, 0, 0)",0.00321682,8.733e-05,-0.00239657,0.0,2025-W50
adj_close.csv,ARIMA,DVY,0.004023,0.005972,0.004026,0.003004,0.004368,0.003009,"ARIMA(1, 0, 0)",-0.00092417,-0.00012176,0.00321682,0.0,2025-W51
adj_close.csv,ARIMA,DVY,0.004023,0.005972,0.004026,0.003004,0.004368,0.003009,"ARIMA(1, 0, 0)",0.00130051,3.543e-05,-0.00092417,0.0,2025-W52
adj_close.csv,ARIMA,DVY,0.004023,0.005972,0.004026,0.003004,0.004368,0.003009,"ARIMA(1, 0, 0)",1.755e-05,-5.014e-05,0.00130051,0.0,2026-W01
adj_close.csv,ARIMA,DVY,0.004023,0.005972,0.004026,0.003004,0.004368,0.003009,"ARIMA(1, 0, 0)",0.00416306,-6.8e-07,1.755e-05,0.0,2026-W02
adj_close.csv,ARIMA,DVY,0.004023,0.005972,0.004026,0.003004,0.004368,0.003009,"ARIMA(1, 0, 0)",0.00257892,-0.00016039,0.00416306,0.0,2026-W03
adj_close.csv,ARIMA,DVY,0.004023,0.005972,0.004026,0.003004,0.004368,0.003009,"ARIMA(1, 0, 0)",0.00062624,-9.385e-05,0.00257892,0.0,2026-W04
adj_close.csv,ARIMA,DVY,0.004023,0.005972,0.004026,0.003004,0.004368,0.003009,"ARIMA(1, 0, 0)",0.00344571,-2.257e-05,0.00062624,0.0,2026-W05
adj_close.csv,ARIMA,DVY,0.004023,0.005972,0.004026,0.003004,0.004368,0.003009,"ARIMA(1, 0, 0)",0.00470771,-0.00012279,0.00344571,0.0,2026-W06
adj_close.csv,ARIMA,EEM,0.004754,0.006758,0.004737,0.003796,0.005455,0.003769,"ARIMA(0, 0, 1)",-0.00178614,0.00052206,-0.00811571,0.0,2024-W30
adj_close.csv,ARIMA,EEM,0.004754,0.006758,0.004737,0.003796,0.005455,0.003769,"ARIMA(0, 0, 1)",-0.00362088,0.00014377,-0.00178614,0.0,2024-W31
adj_close.csv,ARIMA,EEM,0.004754,0.006758,0.004737,0.003796,0.005455,0.003769,"ARIMA(0, 0, 1)",0.00219941,0.00022662,-0.00362088,0.0,2024-W32
adj_close.csv,ARIMA,EEM,0.004754,0.006758,0.004737,0.003796,0.005455,0.003769,"ARIMA(0, 0, 1)",0.00631853,-0.00012198,0.00219941,0.0,2024-W33
adj_close.csv,ARIMA,EEM,0.004754,0.006758,0.004737,0.003796,0.005455,0.003769,"ARIMA(0, 0, 1)",0.00197136,-0.00038598,0.00631853,0.0,2024-W34
adj_close.csv,ARIMA,EEM,0.004754,0.006758,0.004737,0.003796,0.005455,0.003769,"ARIMA(0, 0, 1)",-0.00215576,-0.00013202,0.00197136,0.0,2024-W35
adj_close.csv,ARIMA,EEM,0.004754,0.006758,0.004737,0.003796,0.005455,0.003769,"ARIMA(0, 0, 1)",-0.00933753,0.00011703,-0.00215576,0.0,2024-W36
adj_close.csv,ARIMA,EEM,0.004754,0.006758,0.004737,0.003796,0.005455,0.003769,"ARIMA(0, 0, 1)",0.00496421,0.00051487,-0.00933753,0.0,2024-W37
adj_close.csv,ARIMA,EEM,0.004754,0.006758,0.004737,0.003796,0.005455,0.003769,"ARIMA(0, 0, 1)",0.00397609,-0.000278,0.00496421,0.0,2024-W38
adj_close.csv,ARIMA,EEM,0.004754,0.006758,0.004737,0.003796,0.005455,0.003769,"ARIMA(0, 0, 1)",0.01293918,-0.00025864,0.00397609,0.0,2024-W39
adj_close.csv,ARIMA,EEM,0.004754,0.006758,0.004737,0.003796,0.005455,0.003769,"ARIMA(0, 0, 1)",0.00153878,-0.00062262,0.01293918,0.0,2024-W40
adj_close.csv,ARIMA,EEM,0.004754,0.006758,0.004737,0.003796,0.005455,0.003769,"ARIMA(0, 0, 1)",-0.00261442,-8.59e-05,0.00153878,0.0,2024-W41
adj_close.csv,ARIMA,EEM,0.004754,0.006758,0.004737,0.003796,0.005455,0.003769,"ARIMA(0, 0, 1)",-0.00190725,0.0001095,-0.00261442,0.0,2024-W42
adj_close.csv,ARIMA,EEM,0.004754,0.006758,0.004737,0.003796,0.005455,0.003769,"ARIMA(0, 0, 1)",-0.00351503,8.572e-05,-0.00190725,0.0,2024-W43
adj_close.csv,ARIMA,EEM,0.004754,0.006758,0.004737,0.003796,0.005455,0.003769,"ARIMA(0, 0, 1)",-0.00281221,0.00014663,-0.00351503,0.0,2024-W44
adj_close.csv,ARIMA,EEM,0.004754,0.006758,0.004737,0.003796,0.005455,0.003769,"ARIMA(0, 0, 1)",0.00071796,0.00011327,-0.00281221,0.0,2024-W45
adj_close.csv,ARIMA,EEM,0.004754,0.006758,0.004737,0.003796,0.005455,0.003769,"ARIMA(0, 0, 1)",-0.00776354,-2.342e-05,0.00071796,0.0,2024-W46
adj_close.csv,ARIMA,EEM,0.004754,0.006758,0.004737,0.003796,0.005455,0.003769,"ARIMA(0, 0, 1)",0.00153079,0.00030179,-0.00776354,0.0,2024-W47
adj_close.csv,ARIMA,EEM,0.004754,0.006758,0.004737,0.003796,0.005455,0.003769,"ARIMA(0, 0, 1)",-0.00011557,-4.963e-05,0.00153079,0.0,2024-W48
adj_close.csv,ARIMA,EEM,0.004754,0.006758,0.004737,0.003796,0.005455,0.003769,"ARIMA(0, 0, 1)",0.00270927,2.69e-06,-0.00011557,0.0,2024-W49
adj_close.csv,ARIMA,EEM,0.004754,0.006758,0.004737,0.003796,0.005455,0.003769,"ARIMA(0, 0, 1)",0.00081932,-0.00011038,0.00270927,0.0,2024-W50
adj_close.csv,ARIMA,EEM,0.004754,0.006758,0.004737,0.003796,0.005455,0.003769,"ARIMA(0, 0, 1)",-0.00481046,-3.74e-05,0.00081932,0.0,2024-W51
adj_close.csv,ARIMA,EEM,0.004754,0.006758,0.004737,0.003796,0.005455,0.003769,"ARIMA(0, 0, 1)",0.00017737,0.00019841,-0.00481046,0.0,2024-W52
adj_close.csv,ARIMA,EEM,0.004754,0.006758,0.004737,0.003796,0.005455,0.003769,"ARIMA(0, 0, 1)",-0.0008881,8.7e-07,0.00017737,0.0,2025-W01
adj_close.csv,ARIMA,EEM,0.004754,0.006758,0.004737,0.003796,0.005455,0.003769,"ARIMA(0, 0, 1)",-0.00636748,3.682e-05,-0.0008881,0.0,2025-W02
adj_close.csv,ARIMA,EEM,0.004754,0.006758,0.004737,0.003796,0.005455,0.003769,"ARIMA(0, 0, 1)",0.00480908,0.00025782,-0.00636748,0.0,2025-W03
adj_close.csv,ARIMA,EEM,0.004754,0.006758,0.004737,0.003796,0.005455,0.003769,"ARIMA(0, 0, 1)",0.00505663,-0.00020815,0.00480908,0.0,2025-W04
adj_close.csv,ARIMA,EEM,0.004754,0.006758,0.004737,0.003796,0.005455,0.003769,"ARIMA(0, 0, 1)",-0.00107389,-0.00022278,0.00505663,0.0,2025-W05
adj_close.csv,ARIMA,EEM,0.004754,0.006758,0.004737,0.003796,0.005455,0.003769,"ARIMA(0, 0, 1)",0.00223465,3.672e-05,-0.00107389,0.0,2025-W06
adj_close.csv,ARIMA,EEM,0.004754,0.006758,0.004737,0.003796,0.005455,0.003769,"ARIMA(0, 0, 1)",0.00552484,-9.54e-05,0.00223465,0.0,2025-W07
adj_close.csv,ARIMA,EEM,0.004754,0.006758,0.004737,0.003796,0.005455,0.003769,"ARIMA(0, 0, 1)",0.00274328,-0.00023064,0.00552484,0.0,2025-W08
adj_close.csv,ARIMA,EEM,0.004754,0.006758,0.004737,0.003796,0.005455,0.003769,"ARIMA(0, 0, 1)",-0.00767318,-0.00011123,0.00274328,0.0,2025-W09
adj_close.csv,ARIMA,EEM,0.004754,0.006758,0.004737,0.003796,0.005455,0.003769,"ARIMA(0, 0, 1)",0.00552358,0.00032617,-0.00767318,0.0,2025-W10
adj_close.csv,ARIMA,EEM,0.004754,0.006758,0.004737,0.003796,0.005455,0.003769,"ARIMA(0, 0, 1)",0.00071911,-0.00025881,0.00552358,0.0,2025-W11
adj_close.csv,ARIMA,EEM,0.004754,0.006758,0.004737,0.003796,0.005455,0.003769,"ARIMA(0, 0, 1)",0.0,-4.821e-05,0.00071911,0.0,2025-W12
adj_close.csv,ARIMA,EEM,0.004754,0.006758,0.004737,0.003796,0.005455,0.003769,"ARIMA(0, 0, 1)",-0.00366733,-2.38e-06,0.0,0.0,2025-W13
adj_close.csv,ARIMA,EEM,0.004754,0.006758,0.004737,0.003796,0.005455,0.003769,"ARIMA(0, 0, 1)",-0.01513466,0.00018193,-0.00366733,0.0,2025-W14
adj_close.csv,ARIMA,EEM,0.004754,0.006758,0.004737,0.003796,0.005455,0.003769,"ARIMA(0, 0, 1)",0.00568482,0.0005944,-0.01513466,0.0,2025-W15
adj_close.csv,ARIMA,EEM,0.004754,0.006758,0.004737,0.003796,0.005455,0.003769,"ARIMA(0, 0, 1)",0.00101589,-0.00026102,0.00568482,0.0,2025-W16
adj_close.csv,ARIMA,EEM,0.004754,0.006758,0.004737,0.003796,0.005455,0.003769,"ARIMA(0, 0, 1)",0.00716955,-6.74e-05,0.00101589,0.0,2025-W17
adj_close.csv,ARIMA,EEM,0.004754,0.006758,0.004737,0.003796,0.005455,0.003769,"ARIMA(0, 0, 1)",0.00701035,-0.00036571,0.00716955,0.0,2025-W18
adj_close.csv,ARIMA,EEM,0.004754,0.006758,0.004737,0.003796,0.005455,0.003769,"ARIMA(0, 0, 1)",-0.00040042,-0.00029621,0.00701035,0.0,2025-W19
adj_close.csv,ARIMA,EEM,0.004754,0.006758,0.004737,0.003796,0.005455,0.003769,"ARIMA(0, 0, 1)",0.00592344,4.2e-06,-0.00040042,0.0,2025-W20
adj_close.csv,ARIMA,EEM,0.004754,0.006758,0.004737,0.003796,0.005455,0.003769,"ARIMA(0, 0, 1)",-0.00012974,-0.00023443,0.00592344,0.0,2025-W21
adj_close.csv,ARIMA,EEM,0.004754,0.006758,0.004737,0.003796,0.005455,0.003769,"ARIMA(0, 0, 1)",-0.00386927,-4.11e-06,-0.00012974,0.0,2025-W22
adj_close.csv,ARIMA,EEM,0.004754,0.006758,0.004737,0.003796,0.005455,0.003769,"ARIMA(0, 0, 1)",0.00605844,0.00015505,-0.00386927,0.0,2025-W23
adj_close.csv,ARIMA,EEM,0.004754,0.006758,0.004737,0.003796,0.005455,0.003769,"ARIMA(0, 0, 1)",0.00080826,-0.00025953,0.00605844,0.0,2025-W24
adj_close.csv,ARIMA,EEM,0.004754,0.006758,0.004737,0.003796,0.005455,0.003769,"ARIMA(0, 0, 1)",-0.00176367,-4.573e-05,0.00080826,0.0,2025-W25
adj_close.csv,ARIMA,EEM,0.004754,0.006758,0.004737,0.003796,0.005455,0.003769,"ARIMA(0, 0, 1)",0.00745689,7.486e-05,-0.00176367,0.0,2025-W26
adj_close.csv,ARIMA,EEM,0.004754,0.006758,0.004737,0.003796,0.005455,0.003769,"ARIMA(0, 0, 1)",0.003459,-0.00033618,0.00745689,0.0,2025-W27
adj_close.csv,ARIMA,EEM,0.004754,0.006758,0.004737,0.003796,0.005455,0.003769,"ARIMA(0, 0, 1)",-0.00206144,-0.00015348,0.003459,0.0,2025-W28
adj_close.csv,ARIMA,EEM,0.004754,0.006758,0.004737,0.003796,0.005455,0.003769,"ARIMA(0, 0, 1)",0.00336972,8.05e-05,-0.00206144,0.0,2025-W29
adj_close.csv,ARIMA,EEM,0.004754,0.006758,0.004737,0.003796,0.005455,0.003769,"ARIMA(0, 0, 1)",0.00174459,-0.00014172,0.00336972,0.0,2025-W30
adj_close.csv,ARIMA,EEM,0.004754,0.006758,0.004737,0.003796,0.005455,0.003769,"ARIMA(0, 0, 1)",-0.0053631,-7.925e-05,0.00174459,0.0,2025-W31
adj_close.csv,ARIMA,EEM,0.004754,0.006758,0.004737,0.003796,0.005455,0.003769,"ARIMA(0, 0, 1)",0.00508014,0.00023298,-0.0053631,0.0,2025-W32
adj_close.csv,ARIMA,EEM,0.004754,0.006758,0.004737,0.003796,0.005455,0.003769,"ARIMA(0, 0, 1)",0.0020125,-0.00023323,0.00508014,0.0,2025-W33
adj_close.csv,ARIMA,EEM,0.004754,0.006758,0.004737,0.003796,0.005455,0.003769,"ARIMA(0, 0, 1)",0.00274441,-0.00010445,0.0020125,0.0,2025-W34
adj_close.csv,ARIMA,EEM,0.004754,0.006758,0.004737,0.003796,0.005455,0.003769,"ARIMA(0, 0, 1)",-0.00306504,-0.00012902,0.00274441,0.0,2025-W35
adj_close.csv,ARIMA,EEM,0.004754,0.006758,0.004737,0.003796,0.005455,0.003769,"ARIMA(0, 0, 1)",0.00294092,0.00013758,-0.00306504,0.0,2025-W36
adj_close.csv,ARIMA,EEM,0.004754,0.006758,0.004737,0.003796,0.005455,0.003769,"ARIMA(0, 0, 1)",0.0070497,-0.00013488,0.00294092,0.0,2025-W37
adj_close.csv,ARIMA,EEM,0.004754,0.006758,0.004737,0.003796,0.005455,0.003769,"ARIMA(0, 0, 1)",0.00284986,-0.00032342,0.0070497,0.0,2025-W38
adj_close.csv,ARIMA,EEM,0.004754,0.006758,0.004737,0.003796,0.005455,0.003769,"ARIMA(0, 0, 1)",-0.00113508,-0.00012907,0.00284986,0.0,2025-W39
adj_close.csv,ARIMA,EEM,0.004754,0.006758,0.004737,0.003796,0.005455,0.003769,"ARIMA(0, 0, 1)",0.00568581,4.187e-05,-0.00113508,0.0,2025-W40
adj_close.csv,ARIMA,EEM,0.004754,0.006758,0.004737,0.003796,0.005455,0.003769,"ARIMA(0, 0, 1)",-0.00862901,-0.00023838,0.00568581,0.0,2025-W41
adj_close.csv,ARIMA,EEM,0.004754,0.006758,0.004737,0.003796,0.005455,0.003769,"ARIMA(0, 0, 1)",0.00844453,0.00041819,-0.00862901,0.0,2025-W42
adj_close.csv,ARIMA,EEM,0.004754,0.006758,0.004737,0.003796,0.005455,0.003769,"ARIMA(0, 0, 1)",0.00336758,-0.00047941,0.00844453,0.0,2025-W43
adj_close.csv,ARIMA,EEM,0.004754,0.006758,0.004737,0.003796,0.005455,0.003769,"ARIMA(0, 0, 1)",0.00072464,-0.00021298,0.00336758,0.0,2025-W44
adj_close.csv,ARIMA,EEM,0.004754,0.006758,0.004737,0.003796,0.005455,0.003769,"ARIMA(0, 0, 1)",-0.00273104,-5.152e-05,0.00072464,0.0,2025-W45
adj_close.csv,ARIMA,EEM,0.004754,0.006758,0.004737,0.003796,0.005455,0.003769,"ARIMA(0, 0, 1)",0.00149759,0.00014934,-0.00273104,0.0,2025-W46
adj_close.csv,ARIMA,EEM,0.004754,0.006758,0.004737,0.003796,0.005455,0.003769,"ARIMA(0, 0, 1)",-0.00688575,-7.584e-05,0.00149759,0.0,2025-W47
adj_close.csv,ARIMA,EEM,0.004754,0.006758,0.004737,0.003796,0.005455,0.003769,"ARIMA(0, 0, 1)",0.0056789,0.00039141,-0.00688575,0.0,2025-W48
adj_close.csv,ARIMA,EEM,0.004754,0.006758,0.004737,0.003796,0.005455,0.003769,"ARIMA(0, 0, 1)",0.00154044,-0.00033171,0.0056789,0.0,2025-W49
adj_close.csv,ARIMA,EEM,0.004754,0.006758,0.004737,0.003796,0.005455,0.003769,"ARIMA(0, 0, 1)",-0.0018352,-0.00011533,0.00154044,0.0,2025-W50
adj_close.csv,ARIMA,EEM,0.004754,0.006758,0.004737,0.003796,0.005455,0.003769,"ARIMA(0, 0, 1)",0.00091518,0.00010737,-0.0018352,0.0,2025-W51
adj_close.csv,ARIMA,EEM,0.004754,0.006758,0.004737,0.003796,0.005455,0.003769,"ARIMA(0, 0, 1)",0.0049762,-5.061e-05,0.00091518,0.0,2025-W52
adj_close.csv,ARIMA,EEM,0.004754,0.006758,0.004737,0.003796,0.005455,0.003769,"ARIMA(0, 0, 1)",0.00648452,-0.00031245,0.0049762,0.0,2026-W01
adj_close.csv,ARIMA,EEM,0.004754,0.006758,0.004737,0.003796,0.005455,0.003769,"ARIMA(0, 0, 1)",0.00317522,-0.00038301,0.00648452,0.0,2026-W02
adj_close.csv,ARIMA,EEM,0.004754,0.006758,0.004737,0.003796,0.005455,0.003769,"ARIMA(0, 0, 1)",0.00253894,-0.00018504,0.00317522,0.0,2026-W03
adj_close.csv,ARIMA,EEM,0.004754,0.006758,0.004737,0.003796,0.005455,0.003769,"ARIMA(0, 0, 1)",0.00513102,-0.00013742,0.00253894,0.0,2026-W04
adj_close.csv,ARIMA,EEM,0.004754,0.006758,0.004737,0.003796,0.005455,0.003769,"ARIMA(0, 0, 1)",0.00010154,-0.00025256,0.00513102,0.0,2026-W05
adj_close.csv,ARIMA,EEM,0.004754,0.006758,0.004737,0.003796,0.005455,0.003769,"ARIMA(0, 0, 1)",0.00304106,-1.681e-05,0.00010154,0.0,2026-W06
adj_close.csv,ARIMA,EFA,0.004617,0.00668,0.004601,0.003444,0.004826,0.003428,"ARIMA(1, 0, 0)",-0.00030199,3.5e-06,-0.00509,0.0,2024-W30
adj_close.csv,ARIMA,EFA,0.004617,0.00668,0.004601,0.003444,0.004826,0.003428,"ARIMA(1, 0, 0)",-0.00616378,9e-08,-0.00030199,0.0,2024-W31
adj_close.csv,ARIMA,EFA,0.004617,0.00668,0.004601,0.003444,0.004826,0.003428,"ARIMA(1, 0, 0)",0.00098459,-1.02e-06,-0.00616378,0.0,2024-W32
adj_close.csv,ARIMA,EFA,0.004617,0.00668,0.004601,0.003444,0.004826,0.003428,"ARIMA(1, 0, 0)",0.00748296,-1.32e-06,0.00098459,0.0,2024-W33
adj_close.csv,ARIMA,EFA,0.004617,0.00668,0.004601,0.003444,0.004826,0.003428,"ARIMA(1, 0, 0)",0.00610529,3.64e-06,0.00748296,0.0,2024-W34
adj_close.csv,ARIMA,EFA,0.004617,0.00668,0.004601,0.003444,0.004826,0.003428,"ARIMA(1, 0, 0)",0.000386,7.105e-05,0.00610529,0.0,2024-W35
adj_close.csv,ARIMA,EFA,0.004617,0.00668,0.004601,0.003444,0.004826,0.003428,"ARIMA(1, 0, 0)",-0.00976898,4.67e-06,0.000386,0.0,2024-W36
adj_close.csv,ARIMA,EFA,0.004617,0.00668,0.004601,0.003444,0.004826,0.003428,"ARIMA(1, 0, 0)",0.00428948,-0.00010932,-0.00976898,0.0,2024-W37
adj_close.csv,ARIMA,EFA,0.004617,0.00668,0.004601,0.003444,0.004826,0.003428,"ARIMA(1, 0, 0)",0.00178278,4.4e-06,0.00428948,0.0,2024-W38
adj_close.csv,ARIMA,EFA,0.004617,0.00668,0.004601,0.003444,0.004826,0.003428,"ARIMA(1, 0, 0)",0.00399578,5.03e-06,0.00178278,0.0,2024-W39
adj_close.csv,ARIMA,EFA,0.004617,0.00668,0.004601,0.003444,0.004826,0.003428,"ARIMA(1, 0, 0)",-0.00329193,1.797e-05,0.00399578,0.0,2024-W40
adj_close.csv,ARIMA,EFA,0.004617,0.00668,0.004601,0.003444,0.004826,0.003428,"ARIMA(1, 0, 0)",-0.0006066,-4.59e-06,-0.00329193,0.0,2024-W41
adj_close.csv,ARIMA,EFA,0.004617,0.00668,0.004601,0.003444,0.004826,0.003428,"ARIMA(1, 0, 0)",-0.00087677,-1.13e-06,-0.0006066,0.0,2024-W42
adj_close.csv,ARIMA,EFA,0.004617,0.00668,0.004601,0.003444,0.004826,0.003428,"ARIMA(1, 0, 0)",-0.00509238,-1.74e-06,-0.00087677,0.0,2024-W43
adj_close.csv,ARIMA,EFA,0.004617,0.00668,0.004601,0.003444,0.004826,0.003428,"ARIMA(1, 0, 0)",-0.00125583,-1.541e-05,-0.00509238,0.0,2024-W44
adj_close.csv,ARIMA,EFA,0.004617,0.00668,0.004601,0.003444,0.004826,0.003428,"ARIMA(1, 0, 0)",-0.00055502,-5.64e-06,-0.00125583,0.0,2024-W45
adj_close.csv,ARIMA,EFA,0.004617,0.00668,0.004601,0.003444,0.004826,0.003428,"ARIMA(1, 0, 0)",-0.0051958,-2.58e-06,-0.00055502,0.0,2024-W46
adj_close.csv,ARIMA,EFA,0.004617,0.00668,0.004601,0.003444,0.004826,0.003428,"ARIMA(1, 0, 0)",0.00111193,-2.766e-05,-0.0051958,0.0,2024-W47
adj_close.csv,ARIMA,EFA,0.004617,0.00668,0.004601,0.003444,0.004826,0.003428,"ARIMA(1, 0, 0)",0.00450406,4.4e-06,0.00111193,0.0,2024-W48
adj_close.csv,ARIMA,EFA,0.004617,0.00668,0.004601,0.003444,0.004826,0.003428,"ARIMA(1, 0, 0)",0.00279161,2.302e-05,0.00450406,0.0,2024-W49
adj_close.csv,ARIMA,EFA,0.004617,0.00668,0.004601,0.003444,0.004826,0.003428,"ARIMA(1, 0, 0)",-0.00299435,2.227e-05,0.00279161,0.0,2024-W50
adj_close.csv,ARIMA,EFA,0.004617,0.00668,0.004601,0.003444,0.004826,0.003428,"ARIMA(1, 0, 0)",-0.00714,-1.81e-05,-0.00299435,0.0,2024-W51
adj_close.csv,ARIMA,EFA,0.004617,0.00668,0.004601,0.003444,0.004826,0.003428,"ARIMA(1, 0, 0)",0.0033398,-7.801e-05,-0.00714,0.0,2024-W52
adj_close.csv,ARIMA,EFA,0.004617,0.00668,0.004601,0.003444,0.004826,0.003428,"ARIMA(1, 0, 0)",-0.00141645,1.805e-05,0.0033398,0.0,2025-W01
adj_close.csv,ARIMA,EFA,0.004617,0.00668,0.004601,0.003444,0.004826,0.003428,"ARIMA(1, 0, 0)",-0.00205655,-6.13e-06,-0.00141645,0.0,2025-W02
adj_close.csv,ARIMA,EFA,0.004617,0.00668,0.004601,0.003444,0.004826,0.003428,"ARIMA(1, 0, 0)",0.00453128,-1.024e-05,-0.00205655,0.0,2025-W03
adj_close.csv,ARIMA,EFA,0.004617,0.00668,0.004601,0.003444,0.004826,0.003428,"ARIMA(1, 0, 0)",0.00785272,1.303e-05,0.00453128,0.0,2025-W04
adj_close.csv,ARIMA,EFA,0.004617,0.00668,0.004601,0.003444,0.004826,0.003428,"ARIMA(1, 0, 0)",2.523e-05,8.514e-05,0.00785272,0.0,2025-W05
adj_close.csv,ARIMA,EFA,0.004617,0.00668,0.004601,0.003444,0.004826,0.003428,"ARIMA(1, 0, 0)",0.00093171,2.7e-07,2.523e-05,0.0,2025-W06
adj_close.csv,ARIMA,EFA,0.004617,0.00668,0.004601,0.003444,0.004826,0.003428,"ARIMA(1, 0, 0)",0.00574509,1.001e-05,0.00093171,0.0,2025-W07
adj_close.csv,ARIMA,EFA,0.004617,0.00668,0.004601,0.003444,0.004826,0.003428,"ARIMA(1, 0, 0)",-0.00119289,6.851e-05,0.00574509,0.0,2025-W08
adj_close.csv,ARIMA,EFA,0.004617,0.00668,0.004601,0.003444,0.004826,0.003428,"ARIMA(1, 0, 0)",9.811e-05,-1.233e-05,-0.00119289,0.0,2025-W09
adj_close.csv,ARIMA,EFA,0.004617,0.00668,0.004601,0.003444,0.004826,0.003428,"ARIMA(1, 0, 0)",0.00686774,1.01e-06,9.811e-05,0.0,2025-W10
adj_close.csv,ARIMA,EFA,0.004617,0.00668,0.004601,0.003444,0.004826,0.003428,"ARIMA(1, 0, 0)",-0.0017129,7.179e-05,0.00686774,0.0,2025-W11
adj_close.csv,ARIMA,EFA,0.004617,0.00668,0.004601,0.003444,0.004826,0.003428,"ARIMA(1, 0, 0)",-0.00011947,-1.334e-05,-0.0017129,0.0,2025-W12
adj_close.csv,ARIMA,EFA,0.004617,0.00668,0.004601,0.003444,0.004826,0.003428,"ARIMA(1, 0, 0)",-0.00288954,-9.4e-07,-0.00011947,0.0,2025-W13
adj_close.csv,ARIMA,EFA,0.004617,0.00668,0.004601,0.003444,0.004826,0.003428,"ARIMA(1, 0, 0)",-0.01891173,-2.284e-05,-0.00288954,0.0,2025-W14
adj_close.csv,ARIMA,EFA,0.004617,0.00668,0.004601,0.003444,0.004826,0.003428,"ARIMA(1, 0, 0)",0.0102627,-0.00037321,-0.01891173,0.0,2025-W15
adj_close.csv,ARIMA,EFA,0.004617,0.00668,0.004601,0.003444,0.004826,0.003428,"ARIMA(1, 0, 0)",0.00665372,-0.00021268,0.0102627,0.0,2025-W16
adj_close.csv,ARIMA,EFA,0.004617,0.00668,0.004601,0.003444,0.004826,0.003428,"ARIMA(1, 0, 0)",0.00731228,-4.554e-05,0.00665372,0.0,2025-W17
adj_close.csv,ARIMA,EFA,0.004617,0.00668,0.004601,0.003444,0.004826,0.003428,"ARIMA(1, 0, 0)",0.00465301,1.986e-05,0.00731228,0.0,2025-W18
adj_close.csv,ARIMA,EFA,0.004617,0.00668,0.004601,0.003444,0.004826,0.003428,"ARIMA(1, 0, 0)",-0.00030222,4.31e-05,0.00465301,0.0,2025-W19
adj_close.csv,ARIMA,EFA,0.004617,0.00668,0.004601,0.003444,0.004826,0.003428,"ARIMA(1, 0, 0)",0.0029329,-2.71e-06,-0.00030222,0.0,2025-W20
adj_close.csv,ARIMA,EFA,0.004617,0.00668,0.004601,0.003444,0.004826,0.003428,"ARIMA(1, 0, 0)",0.00182568,2.576e-05,0.0029329,0.0,2025-W21
adj_close.csv,ARIMA,EFA,0.004617,0.00668,0.004601,0.003444,0.004826,0.003428,"ARIMA(1, 0, 0)",0.00217699,1.789e-05,0.00182568,0.0,2025-W22
adj_close.csv,ARIMA,EFA,0.004617,0.00668,0.004601,0.003444,0.004826,0.003428,"ARIMA(1, 0, 0)",0.00208346,2.298e-05,0.00217699,0.0,2025-W23
adj_close.csv,ARIMA,EFA,0.004617,0.00668,0.004601,0.003444,0.004826,0.003428,"ARIMA(1, 0, 0)",-0.00113984,2.378e-05,0.00208346,0.0,2025-W24
adj_close.csv,ARIMA,EFA,0.004617,0.00668,0.004601,0.003444,0.004826,0.003428,"ARIMA(1, 0, 0)",-0.00396754,-1.248e-05,-0.00113984,0.0,2025-W25
adj_close.csv,ARIMA,EFA,0.004617,0.00668,0.004601,0.003444,0.004826,0.003428,"ARIMA(1, 0, 0)",0.00685443,-4.687e-05,-0.00396754,0.0,2025-W26
adj_close.csv,ARIMA,EFA,0.004617,0.00668,0.004601,0.003444,0.004826,0.003428,"ARIMA(1, 0, 0)",0.00050319,4.512e-05,0.00685443,0.0,2025-W27
adj_close.csv,ARIMA,EFA,0.004617,0.00668,0.004601,0.003444,0.004826,0.003428,"ARIMA(1, 0, 0)",-0.00127754,3.61e-06,0.00050319,0.0,2025-W28
adj_close.csv,ARIMA,EFA,0.004617,0.00668,0.004601,0.003444,0.004826,0.003428,"ARIMA(1, 0, 0)",-0.00133099,-9.01e-06,-0.00127754,0.0,2025-W29
adj_close.csv,ARIMA,EFA,0.004617,0.00668,0.004601,0.003444,0.004826,0.003428,"ARIMA(1, 0, 0)",0.00533781,-9.82e-06,-0.00133099,0.0,2025-W30
adj_close.csv,ARIMA,EFA,0.004617,0.00668,0.004601,0.003444,0.004826,0.003428,"ARIMA(1, 0, 0)",-0.0077745,3.217e-05,0.00533781,0.0,2025-W31
adj_close.csv,ARIMA,EFA,0.004617,0.00668,0.004601,0.003444,0.004826,0.003428,"ARIMA(1, 0, 0)",0.00693529,1.411e-05,-0.0077745,0.0,2025-W32
adj_close.csv,ARIMA,EFA,0.004617,0.00668,0.004601,0.003444,0.004826,0.003428,"ARIMA(1, 0, 0)",0.00398786,-8.202e-05,0.00693529,0.0,2025-W33
adj_close.csv,ARIMA,EFA,0.004617,0.00668,0.004601,0.003444,0.004826,0.003428,"ARIMA(1, 0, 0)",0.00224358,-2.641e-05,0.00398786,0.0,2025-W34
adj_close.csv,ARIMA,EFA,0.004617,0.00668,0.004601,0.003444,0.004826,0.003428,"ARIMA(1, 0, 0)",-0.00378984,-1.112e-05,0.00224358,0.0,2025-W35
adj_close.csv,ARIMA,EFA,0.004617,0.00668,0.004601,0.003444,0.004826,0.003428,"ARIMA(1, 0, 0)",0.00084574,2.469e-05,-0.00378984,0.0,2025-W36
adj_close.csv,ARIMA,EFA,0.004617,0.00668,0.004601,0.003444,0.004826,0.003428,"ARIMA(1, 0, 0)",0.00259772,-5.99e-06,0.00084574,0.0,2025-W37
adj_close.csv,ARIMA,EFA,0.004617,0.00668,0.004601,0.003444,0.004826,0.003428,"ARIMA(1, 0, 0)",2.15e-05,-1.736e-05,0.00259772,0.0,2025-W38
adj_close.csv,ARIMA,EFA,0.004617,0.00668,0.004601,0.003444,0.004826,0.003428,"ARIMA(1, 0, 0)",-0.00079728,-1.4e-07,2.15e-05,0.0,2025-W39
adj_close.csv,ARIMA,EFA,0.004617,0.00668,0.004601,0.003444,0.004826,0.003428,"ARIMA(1, 0, 0)",0.00522112,5.31e-06,-0.00079728,0.0,2025-W40
adj_close.csv,ARIMA,EFA,0.004617,0.00668,0.004601,0.003444,0.004826,0.003428,"ARIMA(1, 0, 0)",-0.00606497,-3.878e-05,0.00522112,0.0,2025-W41
adj_close.csv,ARIMA,EFA,0.004617,0.00668,0.004601,0.003444,0.004826,0.003428,"ARIMA(1, 0, 0)",0.00486237,7.978e-05,-0.00606497,0.0,2025-W42
adj_close.csv,ARIMA,EFA,0.004617,0.00668,0.004601,0.003444,0.004826,0.003428,"ARIMA(1, 0, 0)",0.00111843,-8.947e-05,0.00486237,0.0,2025-W43
adj_close.csv,ARIMA,EFA,0.004617,0.00668,0.004601,0.003444,0.004826,0.003428,"ARIMA(1, 0, 0)",-0.00116076,-1.94e-05,0.00111843,0.0,2025-W44
adj_close.csv,ARIMA,EFA,0.004617,0.00668,0.004601,0.003444,0.004826,0.003428,"ARIMA(1, 0, 0)",-0.00040256,2.04e-05,-0.00116076,0.0,2025-W45
adj_close.csv,ARIMA,EFA,0.004617,0.00668,0.004601,0.003444,0.004826,0.003428,"ARIMA(1, 0, 0)",0.00202575,7.04e-06,-0.00040256,0.0,2025-W46
adj_close.csv,ARIMA,EFA,0.004617,0.00668,0.004601,0.003444,0.004826,0.003428,"ARIMA(1, 0, 0)",-0.0055562,-3.571e-05,0.00202575,0.0,2025-W47
adj_close.csv,ARIMA,EFA,0.004617,0.00668,0.004601,0.003444,0.004826,0.003428,"ARIMA(1, 0, 0)",0.00676149,0.00010913,-0.0055562,0.0,2025-W48
adj_close.csv,ARIMA,EFA,0.004617,0.00668,0.004601,0.003444,0.004826,0.003428,"ARIMA(1, 0, 0)",0.00129841,-0.00017751,0.00676149,0.0,2025-W49
adj_close.csv,ARIMA,EFA,0.004617,0.00668,0.004601,0.003444,0.004826,0.003428,"ARIMA(1, 0, 0)",0.0014352,-3.179e-05,0.00129841,0.0,2025-W50
adj_close.csv,ARIMA,EFA,0.004617,0.00668,0.004601,0.003444,0.004826,0.003428,"ARIMA(1, 0, 0)",0.0014245,-3.465e-05,0.0014352,0.0,2025-W51
adj_close.csv,ARIMA,EFA,0.004617,0.00668,0.004601,0.003444,0.004826,0.003428,"ARIMA(1, 0, 0)",0.00289021,-3.386e-05,0.0014245,0.0,2025-W52
adj_close.csv,ARIMA,EFA,0.004617,0.00668,0.004601,0.003444,0.004826,0.003428,"ARIMA(1, 0, 0)",0.00121379,-6.658e-05,0.00289021,0.0,2026-W01
adj_close.csv,ARIMA,EFA,0.004617,0.00668,0.004601,0.003444,0.004826,0.003428,"ARIMA(1, 0, 0)",0.0036151,-2.716e-05,0.00121379,0.0,2026-W02
adj_close.csv,ARIMA,EFA,0.004617,0.00668,0.004601,0.003444,0.004826,0.003428,"ARIMA(1, 0, 0)",0.00145206,-7.808e-05,0.0036151,0.0,2026-W03
adj_close.csv,ARIMA,EFA,0.004617,0.00668,0.004601,0.003444,0.004826,0.003428,"ARIMA(1, 0, 0)",0.00110276,-2.994e-05,0.00145206,0.0,2026-W04
adj_close.csv,ARIMA,EFA,0.004617,0.00668,0.004601,0.003444,0.004826,0.003428,"ARIMA(1, 0, 0)",0.00153455,-2.242e-05,0.00110276,0.0,2026-W05
adj_close.csv,ARIMA,EFA,0.004617,0.00668,0.004601,0.003444,0.004826,0.003428,"ARIMA(1, 0, 0)",0.00653019,-3.073e-05,0.00153455,0.0,2026-W06
adj_close.csv,ARIMA,EWG,0.005403,0.007685,0.005374,0.004031,0.00584,0.004003,"ARIMA(1, 0, 0)",0.00283052,-0.00043781,-0.00668958,0.0,2024-W30
adj_close.csv,ARIMA,EWG,0.005403,0.007685,0.005374,0.004031,0.00584,0.004003,"ARIMA(1, 0, 0)",-0.00761687,0.00017589,0.00283052,0.0,2024-W31
adj_close.csv,ARIMA,EWG,0.005403,0.007685,0.005374,0.004031,0.00584,0.004003,"ARIMA(1, 0, 0)",0.00013268,-0.00044796,-0.00761687,0.0,2024-W32
adj_close.csv,ARIMA,EWG,0.005403,0.007685,0.005374,0.004031,0.00584,0.004003,"ARIMA(1, 0, 0)",0.00805827,7.72e-06,0.00013268,0.0,2024-W33
adj_close.csv,ARIMA,EWG,0.005403,0.007685,0.005374,0.004031,0.00584,0.004003,"ARIMA(1, 0, 0)",0.00639351,0.00046987,0.00805827,0.0,2024-W34
adj_close.csv,ARIMA,EWG,0.005403,0.007685,0.005374,0.004031,0.00584,0.004003,"ARIMA(1, 0, 0)",0.00129134,0.00041804,0.00639351,0.0,2024-W35
adj_close.csv,ARIMA,EWG,0.005403,0.007685,0.005374,0.004031,0.00584,0.004003,"ARIMA(1, 0, 0)",-0.00738665,8.55e-05,0.00129134,0.0,2024-W36
adj_close.csv,ARIMA,EWG,0.005403,0.007685,0.005374,0.004031,0.00584,0.004003,"ARIMA(1, 0, 0)",0.00449459,-0.00047855,-0.00738665,0.0,2024-W37
adj_close.csv,ARIMA,EWG,0.005403,0.007685,0.005374,0.004031,0.00584,0.004003,"ARIMA(1, 0, 0)",0.00178214,0.00026706,0.00449459,0.0,2024-W38
adj_close.csv,ARIMA,EWG,0.005403,0.007685,0.005374,0.004031,0.00584,0.004003,"ARIMA(1, 0, 0)",0.00744608,0.00010766,0.00178214,0.0,2024-W39
adj_close.csv,ARIMA,EWG,0.005403,0.007685,0.005374,0.004031,0.00584,0.004003,"ARIMA(1, 0, 0)",-0.00507415,0.000464,0.00744608,0.0,2024-W40
adj_close.csv,ARIMA,EWG,0.005403,0.007685,0.005374,0.004031,0.00584,0.004003,"ARIMA(1, 0, 0)",0.00066395,-0.00028597,-0.00507415,0.0,2024-W41
adj_close.csv,ARIMA,EWG,0.005403,0.007685,0.005374,0.004031,0.00584,0.004003,"ARIMA(1, 0, 0)",0.0010218,3.696e-05,0.00066395,0.0,2024-W42
adj_close.csv,ARIMA,EWG,0.005403,0.007685,0.005374,0.004031,0.00584,0.004003,"ARIMA(1, 0, 0)",-0.00387422,5.697e-05,0.0010218,0.0,2024-W43
adj_close.csv,ARIMA,EWG,0.005403,0.007685,0.005374,0.004031,0.00584,0.004003,"ARIMA(1, 0, 0)",-0.00171886,-0.00021378,-0.00387422,0.0,2024-W44
adj_close.csv,ARIMA,EWG,0.005403,0.007685,0.005374,0.004031,0.00584,0.004003,"ARIMA(1, 0, 0)",-0.00210725,-9.629e-05,-0.00171886,0.0,2024-W45
adj_close.csv,ARIMA,EWG,0.005403,0.007685,0.005374,0.004031,0.00584,0.004003,"ARIMA(1, 0, 0)",-0.00326639,-0.00011909,-0.00210725,0.0,2024-W46
adj_close.csv,ARIMA,EWG,0.005403,0.007685,0.005374,0.004031,0.00584,0.004003,"ARIMA(1, 0, 0)",-0.00107954,-0.0001877,-0.00326639,0.0,2024-W47
adj_close.csv,ARIMA,EWG,0.005403,0.007685,0.005374,0.004031,0.00584,0.004003,"ARIMA(1, 0, 0)",0.00675292,-6.249e-05,-0.00107954,0.0,2024-W48
adj_close.csv,ARIMA,EWG,0.005403,0.007685,0.005374,0.004031,0.00584,0.004003,"ARIMA(1, 0, 0)",0.00682368,0.00038376,0.00675292,0.0,2024-W49
adj_close.csv,ARIMA,EWG,0.005403,0.007685,0.005374,0.004031,0.00584,0.004003,"ARIMA(1, 0, 0)",-0.00162382,0.00042999,0.00682368,0.0,2024-W50
adj_close.csv,ARIMA,EWG,0.005403,0.007685,0.005374,0.004031,0.00584,0.004003,"ARIMA(1, 0, 0)",-0.00688028,-9.911e-05,-0.00162382,0.0,2024-W51
adj_close.csv,ARIMA,EWG,0.005403,0.007685,0.005374,0.004031,0.00584,0.004003,"ARIMA(1, 0, 0)",0.00109135,-0.00043064,-0.00688028,0.0,2024-W52
adj_close.csv,ARIMA,EWG,0.005403,0.007685,0.005374,0.004031,0.00584,0.004003,"ARIMA(1, 0, 0)",-0.00368287,6.67e-05,0.00109135,0.0,2025-W01
adj_close.csv,ARIMA,EWG,0.005403,0.007685,0.005374,0.004031,0.00584,0.004003,"ARIMA(1, 0, 0)",0.00282577,-0.00022298,-0.00368287,0.0,2025-W02
adj_close.csv,ARIMA,EWG,0.005403,0.007685,0.005374,0.004031,0.00584,0.004003,"ARIMA(1, 0, 0)",0.00687396,0.00016665,0.00282577,0.0,2025-W03
adj_close.csv,ARIMA,EWG,0.005403,0.007685,0.005374,0.004031,0.00584,0.004003,"ARIMA(1, 0, 0)",0.01041356,0.00042361,0.00687396,0.0,2025-W04
adj_close.csv,ARIMA,EWG,0.005403,0.007685,0.005374,0.004031,0.00584,0.004003,"ARIMA(1, 0, 0)",0.00040468,0.00074111,0.01041356,0.0,2025-W05
adj_close.csv,ARIMA,EWG,0.005403,0.007685,0.005374,0.004031,0.00584,0.004003,"ARIMA(1, 0, 0)",5.773e-05,2.861e-05,0.00040468,0.0,2025-W06
adj_close.csv,ARIMA,EWG,0.005403,0.007685,0.005374,0.004031,0.00584,0.004003,"ARIMA(1, 0, 0)",0.01002178,4.08e-06,5.773e-05,0.0,2025-W07
adj_close.csv,ARIMA,EWG,0.005403,0.007685,0.005374,0.004031,0.00584,0.004003,"ARIMA(1, 0, 0)",-0.00352555,0.00070923,0.01002178,0.0,2025-W08
adj_close.csv,ARIMA,EWG,0.005403,0.007685,0.005374,0.004031,0.00584,0.004003,"ARIMA(1, 0, 0)",0.00088914,-0.00022929,-0.00352555,0.0,2025-W09
adj_close.csv,ARIMA,EWG,0.005403,0.007685,0.005374,0.004031,0.00584,0.004003,"ARIMA(1, 0, 0)",0.0146433,5.736e-05,0.00088914,0.0,2025-W10
adj_close.csv,ARIMA,EWG,0.005403,0.007685,0.005374,0.004031,0.00584,0.004003,"ARIMA(1, 0, 0)",-0.00098154,0.00097018,0.0146433,0.0,2025-W11
adj_close.csv,ARIMA,EWG,0.005403,0.007685,0.005374,0.004031,0.00584,0.004003,"ARIMA(1, 0, 0)",-0.00276371,-6.136e-05,-0.00098154,0.0,2025-W12
adj_close.csv,ARIMA,EWG,0.005403,0.007685,0.005374,0.004031,0.00584,0.004003,"ARIMA(1, 0, 0)",-0.00370969,-0.00017372,-0.00276371,0.0,2025-W13
adj_close.csv,ARIMA,EWG,0.005403,0.007685,0.005374,0.004031,0.00584,0.004003,"ARIMA(1, 0, 0)",-0.01713501,-0.00023793,-0.00370969,0.0,2025-W14
adj_close.csv,ARIMA,EWG,0.005403,0.007685,0.005374,0.004031,0.00584,0.004003,"ARIMA(1, 0, 0)",0.0116032,-0.00123928,-0.01713501,0.0,2025-W15
adj_close.csv,ARIMA,EWG,0.005403,0.007685,0.005374,0.004031,0.00584,0.004003,"ARIMA(1, 0, 0)",0.00698162,0.00051798,0.0116032,0.0,2025-W16
adj_close.csv,ARIMA,EWG,0.005403,0.007685,0.005374,0.004031,0.00584,0.004003,"ARIMA(1, 0, 0)",0.01021588,0.00037644,0.00698162,0.0,2025-W17
adj_close.csv,ARIMA,EWG,0.005403,0.007685,0.005374,0.004031,0.00584,0.004003,"ARIMA(1, 0, 0)",0.00491868,0.00063713,0.01021588,0.0,2025-W18
adj_close.csv,ARIMA,EWG,0.005403,0.007685,0.005374,0.004031,0.00584,0.004003,"ARIMA(1, 0, 0)",0.00212061,0.00033288,0.00491868,0.0,2025-W19
adj_close.csv,ARIMA,EWG,0.005403,0.007685,0.005374,0.004031,0.00584,0.004003,"ARIMA(1, 0, 0)",0.00039205,0.00014577,0.00212061,0.0,2025-W20
adj_close.csv,ARIMA,EWG,0.005403,0.007685,0.005374,0.004031,0.00584,0.004003,"ARIMA(1, 0, 0)",0.00199732,2.697e-05,0.00039205,0.0,2025-W21
adj_close.csv,ARIMA,EWG,0.005403,0.007685,0.005374,0.004031,0.00584,0.004003,"ARIMA(1, 0, 0)",0.00426542,0.00013761,0.00199732,0.0,2025-W22
adj_close.csv,ARIMA,EWG,0.005403,0.007685,0.005374,0.004031,0.00584,0.004003,"ARIMA(1, 0, 0)",0.0026039,0.00029813,0.00426542,0.0,2025-W23
adj_close.csv,ARIMA,EWG,0.005403,0.007685,0.005374,0.004031,0.00584,0.004003,"ARIMA(1, 0, 0)",-0.00480807,0.00018509,0.0026039,0.0,2025-W24
adj_close.csv,ARIMA,EWG,0.005403,0.007685,0.005374,0.004031,0.00584,0.004003,"ARIMA(1, 0, 0)",-0.0030245,-0.00033423,-0.00480807,0.0,2025-W25
adj_close.csv,ARIMA,EWG,0.005403,0.007685,0.005374,0.004031,0.00584,0.004003,"ARIMA(1, 0, 0)",0.00948871,-0.00021495,-0.0030245,0.0,2025-W26
adj_close.csv,ARIMA,EWG,0.005403,0.007685,0.005374,0.004031,0.00584,0.004003,"ARIMA(1, 0, 0)",-0.00053248,0.00064091,0.00948871,0.0,2025-W27
adj_close.csv,ARIMA,EWG,0.005403,0.007685,0.005374,0.004031,0.00584,0.004003,"ARIMA(1, 0, 0)",0.00113396,-3.526e-05,-0.00053248,0.0,2025-W28
adj_close.csv,ARIMA,EWG,0.005403,0.007685,0.005374,0.004031,0.00584,0.004003,"ARIMA(1, 0, 0)",-0.00151337,7.501e-05,0.00113396,0.0,2025-W29
adj_close.csv,ARIMA,EWG,0.005403,0.007685,0.005374,0.004031,0.00584,0.004003,"ARIMA(1, 0, 0)",0.00320233,-9.978e-05,-0.00151337,0.0,2025-W30
adj_close.csv,ARIMA,EWG,0.005403,0.007685,0.005374,0.004031,0.00584,0.004003,"ARIMA(1, 0, 0)",-0.00986318,0.00020924,0.00320233,0.0,2025-W31
adj_close.csv,ARIMA,EWG,0.005403,0.007685,0.005374,0.004031,0.00584,0.004003,"ARIMA(1, 0, 0)",0.00765529,-0.00060673,-0.00986318,0.0,2025-W32
adj_close.csv,ARIMA,EWG,0.005403,0.007685,0.005374,0.004031,0.00584,0.004003,"ARIMA(1, 0, 0)",0.00113049,0.00039776,0.00765529,0.0,2025-W33
adj_close.csv,ARIMA,EWG,0.005403,0.007685,0.005374,0.004031,0.00584,0.004003,"ARIMA(1, 0, 0)",0.0003754,5.948e-05,0.00113049,0.0,2025-W34
adj_close.csv,ARIMA,EWG,0.005403,0.007685,0.005374,0.004031,0.00584,0.004003,"ARIMA(1, 0, 0)",-0.00369066,1.977e-05,0.0003754,0.0,2025-W35
adj_close.csv,ARIMA,EWG,0.005403,0.007685,0.005374,0.004031,0.00584,0.004003,"ARIMA(1, 0, 0)",-0.00324446,-0.00019373,-0.00369066,0.0,2025-W36
adj_close.csv,ARIMA,EWG,0.005403,0.007685,0.005374,0.004031,0.00584,0.004003,"ARIMA(1, 0, 0)",-0.00014518,-0.00017455,-0.00324446,0.0,2025-W37
adj_close.csv,ARIMA,EWG,0.005403,0.007685,0.005374,0.004031,0.00584,0.004003,"ARIMA(1, 0, 0)",-0.00043621,-7.81e-06,-0.00014518,0.0,2025-W38
adj_close.csv,ARIMA,EWG,0.005403,0.007685,0.005374,0.004031,0.00584,0.004003,"ARIMA(1, 0, 0)",-9.707e-05,-2.347e-05,-0.00043621,0.0,2025-W39
adj_close.csv,ARIMA,EWG,0.005403,0.007685,0.005374,0.004031,0.00584,0.004003,"ARIMA(1, 0, 0)",0.00588348,-5.22e-06,-9.707e-05,0.0,2025-W40
adj_close.csv,ARIMA,EWG,0.005403,0.007685,0.005374,0.004031,0.00584,0.004003,"ARIMA(1, 0, 0)",-0.00433608,0.00031614,0.00588348,0.0,2025-W41
adj_close.csv,ARIMA,EWG,0.005403,0.007685,0.005374,0.004031,0.00584,0.004003,"ARIMA(1, 0, 0)",-0.00067551,-0.00021927,-0.00433608,0.0,2025-W42
adj_close.csv,ARIMA,EWG,0.005403,0.007685,0.005374,0.004031,0.00584,0.004003,"ARIMA(1, 0, 0)",0.00101241,-3.431e-05,-0.00067551,0.0,2025-W43
adj_close.csv,ARIMA,EWG,0.005403,0.007685,0.005374,0.004031,0.00584,0.004003,"ARIMA(1, 0, 0)",-0.00417897,5.135e-05,0.00101241,0.0,2025-W44
adj_close.csv,ARIMA,EWG,0.005403,0.007685,0.005374,0.004031,0.00584,0.004003,"ARIMA(1, 0, 0)",-0.00123138,-0.00020987,-0.00417897,0.0,2025-W45
adj_close.csv,ARIMA,EWG,0.005403,0.007685,0.005374,0.004031,0.00584,0.004003,"ARIMA(1, 0, 0)",0.00186872,-6.245e-05,-0.00123138,0.0,2025-W46
adj_close.csv,ARIMA,EWG,0.005403,0.007685,0.005374,0.004031,0.00584,0.004003,"ARIMA(1, 0, 0)",-0.00727715,9.426e-05,0.00186872,0.0,2025-W47
adj_close.csv,ARIMA,EWG,0.005403,0.007685,0.005374,0.004031,0.00584,0.004003,"ARIMA(1, 0, 0)",0.00946326,-0.00035552,-0.00727715,0.0,2025-W48
adj_close.csv,ARIMA,EWG,0.005403,0.007685,0.005374,0.004031,0.00584,0.004003,"ARIMA(1, 0, 0)",0.0023807,0.00038498,0.00946326,0.0,2025-W49
adj_close.csv,ARIMA,EWG,0.005403,0.007685,0.005374,0.004031,0.00584,0.004003,"ARIMA(1, 0, 0)",0.00368476,0.00010194,0.0023807,0.0,2025-W50
adj_close.csv,ARIMA,EWG,0.005403,0.007685,0.005374,0.004031,0.00584,0.004003,"ARIMA(1, 0, 0)",-0.0003797,0.00016134,0.00368476,0.0,2025-W51
adj_close.csv,ARIMA,EWG,0.005403,0.007685,0.005374,0.004031,0.00584,0.004003,"ARIMA(1, 0, 0)",0.0032449,-1.654e-05,-0.0003797,0.0,2025-W52
adj_close.csv,ARIMA,EWG,0.005403,0.007685,0.005374,0.004031,0.00584,0.004003,"ARIMA(1, 0, 0)",-0.00052811,0.00014089,0.0032449,0.0,2026-W01
adj_close.csv,ARIMA,EWG,0.005403,0.007685,0.005374,0.004031,0.00584,0.004003,"ARIMA(1, 0, 0)",0.00395499,-2.28e-05,-0.00052811,0.0,2026-W02
adj_close.csv,ARIMA,EWG,0.005403,0.007685,0.005374,0.004031,0.00584,0.004003,"ARIMA(1, 0, 0)",-0.00032277,0.00016982,0.00395499,0.0,2026-W03
adj_close.csv,ARIMA,EWG,0.005403,0.007685,0.005374,0.004031,0.00584,0.004003,"ARIMA(1, 0, 0)",0.00080626,-1.379e-05,-0.00032277,0.0,2026-W04
adj_close.csv,ARIMA,EWG,0.005403,0.007685,0.005374,0.004031,0.00584,0.004003,"ARIMA(1, 0, 0)",-0.00170921,3.442e-05,0.00080626,0.0,2026-W05
adj_close.csv,ARIMA,EWG,0.005403,0.007685,0.005374,0.004031,0.00584,0.004003,"ARIMA(1, 0, 0)",0.00854605,-7.269e-05,-0.00170921,0.0,2026-W06
adj_close.csv,ARIMA,EWJ,0.005927,0.00852,0.005901,0.004351,0.006275,0.00434,"ARIMA(0, 0, 1)",-0.00366398,0.00019813,-0.00407488,0.0,2024-W30
adj_close.csv,ARIMA,EWJ,0.005927,0.00852,0.005901,0.004351,0.006275,0.00434,"ARIMA(0, 0, 1)",-0.01212313,0.0001851,-0.00366398,0.0,2024-W31
adj_close.csv,ARIMA,EWJ,0.005927,0.00852,0.005901,0.004351,0.006275,0.00434,"ARIMA(0, 0, 1)",0.00221507,0.0004297,-0.01212313,0.0,2024-W32
adj_close.csv,ARIMA,EWJ,0.005927,0.00852,0.005901,0.004351,0.006275,0.00434,"ARIMA(0, 0, 1)",0.01187821,-6.961e-05,0.00221507,0.0,2024-W33
adj_close.csv,ARIMA,EWJ,0.005927,0.00852,0.005901,0.004351,0.006275,0.00434,"ARIMA(0, 0, 1)",0.00724778,-0.00046697,0.01187821,0.0,2024-W34
adj_close.csv,ARIMA,EWJ,0.005927,0.00852,0.005901,0.004351,0.006275,0.00434,"ARIMA(0, 0, 1)",0.00011119,-0.00012742,0.00724778,0.0,2024-W35
adj_close.csv,ARIMA,EWJ,0.005927,0.00852,0.005901,0.004351,0.006275,0.00434,"ARIMA(0, 0, 1)",-0.01385473,-3.84e-06,0.00011119,0.0,2024-W36
adj_close.csv,ARIMA,EWJ,0.005927,0.00852,0.005901,0.004351,0.006275,0.00434,"ARIMA(0, 0, 1)",0.00516121,0.00030344,-0.01385473,0.0,2024-W37
adj_close.csv,ARIMA,EWJ,0.005927,0.00852,0.005901,0.004351,0.006275,0.00434,"ARIMA(0, 0, 1)",0.00396779,-0.00017281,0.00516121,0.0,2024-W38
adj_close.csv,ARIMA,EWJ,0.005927,0.00852,0.005901,0.004351,0.006275,0.00434,"ARIMA(0, 0, 1)",-0.00053388,-0.00014074,0.00396779,0.0,2024-W39
adj_close.csv,ARIMA,EWJ,0.005927,0.00852,0.005901,0.004351,0.006275,0.00434,"ARIMA(0, 0, 1)",0.00223841,1.348e-05,-0.00053388,0.0,2024-W40
adj_close.csv,ARIMA,EWJ,0.005927,0.00852,0.005901,0.004351,0.006275,0.00434,"ARIMA(0, 0, 1)",-0.00232282,-7.607e-05,0.00223841,0.0,2024-W41
adj_close.csv,ARIMA,EWJ,0.005927,0.00852,0.005901,0.004351,0.006275,0.00434,"ARIMA(0, 0, 1)",-0.00260668,7.951e-05,-0.00232282,0.0,2024-W42
adj_close.csv,ARIMA,EWJ,0.005927,0.00852,0.005901,0.004351,0.006275,0.00434,"ARIMA(0, 0, 1)",-0.00841645,9.17e-05,-0.00260668,0.0,2024-W43
adj_close.csv,ARIMA,EWJ,0.005927,0.00852,0.005901,0.004351,0.006275,0.00434,"ARIMA(0, 0, 1)",0.00218906,0.00024232,-0.00841645,0.0,2024-W44
adj_close.csv,ARIMA,EWJ,0.005927,0.00852,0.005901,0.004351,0.006275,0.00434,"ARIMA(0, 0, 1)",0.00422109,-6.214e-05,0.00218906,0.0,2024-W45
adj_close.csv,ARIMA,EWJ,0.005927,0.00852,0.005901,0.004351,0.006275,0.00434,"ARIMA(0, 0, 1)",-0.00566791,-0.00013565,0.00422109,0.0,2024-W46
adj_close.csv,ARIMA,EWJ,0.005927,0.00852,0.005901,0.004351,0.006275,0.00434,"ARIMA(0, 0, 1)",0.00135852,0.00020279,-0.00566791,0.0,2024-W47
adj_close.csv,ARIMA,EWJ,0.005927,0.00852,0.005901,0.004351,0.006275,0.00434,"ARIMA(0, 0, 1)",0.00632119,-4.375e-05,0.00135852,0.0,2024-W48
adj_close.csv,ARIMA,EWJ,0.005927,0.00852,0.005901,0.004351,0.006275,0.00434,"ARIMA(0, 0, 1)",0.00394982,-0.00023472,0.00632119,0.0,2024-W49
adj_close.csv,ARIMA,EWJ,0.005927,0.00852,0.005901,0.004351,0.006275,0.00434,"ARIMA(0, 0, 1)",-0.00438076,-0.00012881,0.00394982,0.0,2024-W50
adj_close.csv,ARIMA,EWJ,0.005927,0.00852,0.005901,0.004351,0.006275,0.00434,"ARIMA(0, 0, 1)",-0.00671421,0.00015125,-0.00438076,0.0,2024-W51
adj_close.csv,ARIMA,EWJ,0.005927,0.00852,0.005901,0.004351,0.006275,0.00434,"ARIMA(0, 0, 1)",0.00567443,0.00020905,-0.00671421,0.0,2024-W52
adj_close.csv,ARIMA,EWJ,0.005927,0.00852,0.005901,0.004351,0.006275,0.00434,"ARIMA(0, 0, 1)",-0.00166656,-0.00021192,0.00567443,0.0,2025-W01
adj_close.csv,ARIMA,EWJ,0.005927,0.00852,0.005901,0.004351,0.006275,0.00434,"ARIMA(0, 0, 1)",-0.00769756,5.875e-05,-0.00166656,0.0,2025-W02
adj_close.csv,ARIMA,EWJ,0.005927,0.00852,0.005901,0.004351,0.006275,0.00434,"ARIMA(0, 0, 1)",0.00286112,0.00029524,-0.00769756,0.0,2025-W03
adj_close.csv,ARIMA,EWJ,0.005927,0.00852,0.005901,0.004351,0.006275,0.00434,"ARIMA(0, 0, 1)",0.00854086,-0.00010731,0.00286112,0.0,2025-W04
adj_close.csv,ARIMA,EWJ,0.005927,0.00852,0.005901,0.004351,0.006275,0.00434,"ARIMA(0, 0, 1)",-0.00049713,-0.00033729,0.00854086,0.0,2025-W05
adj_close.csv,ARIMA,EWJ,0.005927,0.00852,0.005901,0.004351,0.006275,0.00434,"ARIMA(0, 0, 1)",0.00049713,6.19e-06,-0.00049713,0.0,2025-W06
adj_close.csv,ARIMA,EWJ,0.005927,0.00852,0.005901,0.004351,0.006275,0.00434,"ARIMA(0, 0, 1)",0.00258256,-1.917e-05,0.00049713,0.0,2025-W07
adj_close.csv,ARIMA,EWJ,0.005927,0.00852,0.005901,0.004351,0.006275,0.00434,"ARIMA(0, 0, 1)",-0.00101117,-9.972e-05,0.00258256,0.0,2025-W08
adj_close.csv,ARIMA,EWJ,0.005927,0.00852,0.005901,0.004351,0.006275,0.00434,"ARIMA(0, 0, 1)",-0.00180285,3.537e-05,-0.00101117,0.0,2025-W09
adj_close.csv,ARIMA,EWJ,0.005927,0.00852,0.005901,0.004351,0.006275,0.00434,"ARIMA(0, 0, 1)",0.00490503,7.093e-05,-0.00180285,0.0,2025-W10
adj_close.csv,ARIMA,EWJ,0.005927,0.00852,0.005901,0.004351,0.006275,0.00434,"ARIMA(0, 0, 1)",0.0005124,-0.0001952,0.00490503,0.0,2025-W11
adj_close.csv,ARIMA,EWJ,0.005927,0.00852,0.005901,0.004351,0.006275,0.00434,"ARIMA(0, 0, 1)",0.00276683,-2.797e-05,0.0005124,0.0,2025-W12
adj_close.csv,ARIMA,EWJ,0.005927,0.00852,0.005901,0.004351,0.006275,0.00434,"ARIMA(0, 0, 1)",-0.00600542,-0.00010911,0.00276683,0.0,2025-W13
adj_close.csv,ARIMA,EWJ,0.005927,0.00852,0.005901,0.004351,0.006275,0.00434,"ARIMA(0, 0, 1)",-0.02361804,0.0002549,-0.00600542,0.0,2025-W14
adj_close.csv,ARIMA,EWJ,0.005927,0.00852,0.005901,0.004351,0.006275,0.00434,"ARIMA(0, 0, 1)",0.0135448,0.0003259,-0.02361804,0.0,2025-W15
adj_close.csv,ARIMA,EWJ,0.005927,0.00852,0.005901,0.004351,0.006275,0.00434,"ARIMA(0, 0, 1)",0.00840322,-0.00089676,0.0135448,0.0,2025-W16
adj_close.csv,ARIMA,EWJ,0.005927,0.00852,0.005901,0.004351,0.006275,0.00434,"ARIMA(0, 0, 1)",0.00777971,-0.00053646,0.00840322,0.0,2025-W17
adj_close.csv,ARIMA,EWJ,0.005927,0.00852,0.005901,0.004351,0.006275,0.00434,"ARIMA(0, 0, 1)",0.0031404,-0.00037575,0.00777971,0.0,2025-W18
adj_close.csv,ARIMA,EWJ,0.005927,0.00852,0.005901,0.004351,0.006275,0.00434,"ARIMA(0, 0, 1)",0.00033357,-0.00013221,0.0031404,0.0,2025-W19
adj_close.csv,ARIMA,EWJ,0.005927,0.00852,0.005901,0.004351,0.006275,0.00434,"ARIMA(0, 0, 1)",0.00132871,-1.742e-05,0.00033357,0.0,2025-W20
adj_close.csv,ARIMA,EWJ,0.005927,0.00852,0.005901,0.004351,0.006275,0.00434,"ARIMA(0, 0, 1)",0.00148433,-5.002e-05,0.00132871,0.0,2025-W21
adj_close.csv,ARIMA,EWJ,0.005927,0.00852,0.005901,0.004351,0.006275,0.00434,"ARIMA(0, 0, 1)",0.0037038,-5.623e-05,0.00148433,0.0,2025-W22
adj_close.csv,ARIMA,EWJ,0.005927,0.00852,0.005901,0.004351,0.006275,0.00434,"ARIMA(0, 0, 1)",-0.00081116,-0.00013318,0.0037038,0.0,2025-W23
adj_close.csv,ARIMA,EWJ,0.005927,0.00852,0.005901,0.004351,0.006275,0.00434,"ARIMA(0, 0, 1)",-0.00059694,2.43e-05,-0.00081116,0.0,2025-W24
adj_close.csv,ARIMA,EWJ,0.005927,0.00852,0.005901,0.004351,0.006275,0.00434,"ARIMA(0, 0, 1)",-0.00431386,2.23e-05,-0.00059694,0.0,2025-W25
adj_close.csv,ARIMA,EWJ,0.005927,0.00852,0.005901,0.004351,0.006275,0.00434,"ARIMA(0, 0, 1)",0.00957745,0.00015453,-0.00431386,0.0,2025-W26
adj_close.csv,ARIMA,EWJ,0.005927,0.00852,0.005901,0.004351,0.006275,0.00434,"ARIMA(0, 0, 1)",-0.00226851,-0.00040964,0.00957745,0.0,2025-W27
adj_close.csv,ARIMA,EWJ,0.005927,0.00852,0.005901,0.004351,0.006275,0.00434,"ARIMA(0, 0, 1)",-0.00609735,8.562e-05,-0.00226851,0.0,2025-W28
adj_close.csv,ARIMA,EWJ,0.005927,0.00852,0.005901,0.004351,0.006275,0.00434,"ARIMA(0, 0, 1)",-0.00152599,0.00027791,-0.00609735,0.0,2025-W29
adj_close.csv,ARIMA,EWJ,0.005927,0.00852,0.005901,0.004351,0.006275,0.00434,"ARIMA(0, 0, 1)",0.01049804,7.741e-05,-0.00152599,0.0,2025-W30
adj_close.csv,ARIMA,EWJ,0.005927,0.00852,0.005901,0.004351,0.006275,0.00434,"ARIMA(0, 0, 1)",-0.00430067,-0.00050148,0.01049804,0.0,2025-W31
adj_close.csv,ARIMA,EWJ,0.005927,0.00852,0.005901,0.004351,0.006275,0.00434,"ARIMA(0, 0, 1)",0.01016007,0.00020518,-0.00430067,0.0,2025-W32
adj_close.csv,ARIMA,EWJ,0.005927,0.00852,0.005901,0.004351,0.006275,0.00434,"ARIMA(0, 0, 1)",0.0056178,-0.00059795,0.01016007,0.0,2025-W33
adj_close.csv,ARIMA,EWJ,0.005927,0.00852,0.005901,0.004351,0.006275,0.00434,"ARIMA(0, 0, 1)",-0.00032468,-0.00029474,0.0056178,0.0,2025-W34
adj_close.csv,ARIMA,EWJ,0.005927,0.00852,0.005901,0.004351,0.006275,0.00434,"ARIMA(0, 0, 1)",-0.00439688,1.52e-06,-0.00032468,0.0,2025-W35
adj_close.csv,ARIMA,EWJ,0.005927,0.00852,0.005901,0.004351,0.006275,0.00434,"ARIMA(0, 0, 1)",0.0028579,0.0002162,-0.00439688,0.0,2025-W36
adj_close.csv,ARIMA,EWJ,0.005927,0.00852,0.005901,0.004351,0.006275,0.00434,"ARIMA(0, 0, 1)",0.00395162,-0.00013426,0.0028579,0.0,2025-W37
adj_close.csv,ARIMA,EWJ,0.005927,0.00852,0.005901,0.004351,0.006275,0.00434,"ARIMA(0, 0, 1)",7.427e-05,-0.00020144,0.00395162,0.0,2025-W38
adj_close.csv,ARIMA,EWJ,0.005927,0.00852,0.005901,0.004351,0.006275,0.00434,"ARIMA(0, 0, 1)",-0.00086831,-1.35e-05,7.427e-05,0.0,2025-W39
adj_close.csv,ARIMA,EWJ,0.005927,0.00852,0.005901,0.004351,0.006275,0.00434,"ARIMA(0, 0, 1)",0.00330421,4.209e-05,-0.00086831,0.0,2025-W40
adj_close.csv,ARIMA,EWJ,0.005927,0.00852,0.005901,0.004351,0.006275,0.00434,"ARIMA(0, 0, 1)",-0.00854381,-0.00016143,0.00330421,0.0,2025-W41
adj_close.csv,ARIMA,EWJ,0.005927,0.00852,0.005901,0.004351,0.006275,0.00434,"ARIMA(0, 0, 1)",0.00908112,0.00045379,-0.00854381,0.0,2025-W42
adj_close.csv,ARIMA,EWJ,0.005927,0.00852,0.005901,0.004351,0.006275,0.00434,"ARIMA(0, 0, 1)",0.0012158,-0.00056744,0.00908112,0.0,2025-W43
adj_close.csv,ARIMA,EWJ,0.005927,0.00852,0.005901,0.004351,0.006275,0.00434,"ARIMA(0, 0, 1)",0.00228986,-0.00011287,0.0012158,0.0,2025-W44
adj_close.csv,ARIMA,EWJ,0.005927,0.00852,0.005901,0.004351,0.006275,0.00434,"ARIMA(0, 0, 1)",-0.00038381,-0.0001516,0.00228986,0.0,2025-W45
adj_close.csv,ARIMA,EWJ,0.005927,0.00852,0.005901,0.004351,0.006275,0.00434,"ARIMA(0, 0, 1)",0.00165004,1.467e-05,-0.00038381,0.0,2025-W46
adj_close.csv,ARIMA,EWJ,0.005927,0.00852,0.005901,0.004351,0.006275,0.00434,"ARIMA(0, 0, 1)",-0.00675733,-0.00010338,0.00165004,0.0,2025-W47
adj_close.csv,ARIMA,EWJ,0.005927,0.00852,0.005901,0.004351,0.006275,0.00434,"ARIMA(0, 0, 1)",0.00554224,0.00043418,-0.00675733,0.0,2025-W48
adj_close.csv,ARIMA,EWJ,0.005927,0.00852,0.005901,0.004351,0.006275,0.00434,"ARIMA(0, 0, 1)",0.00165556,-0.00035988,0.00554224,0.0,2025-W49
adj_close.csv,ARIMA,EWJ,0.005927,0.00852,0.005901,0.004351,0.006275,0.00434,"ARIMA(0, 0, 1)",0.00071558,-0.00013926,0.00165556,0.0,2025-W50
adj_close.csv,ARIMA,EWJ,0.005927,0.00852,0.005901,0.004351,0.006275,0.00434,"ARIMA(0, 0, 1)",-0.00096657,-5.895e-05,0.00071558,0.0,2025-W51
adj_close.csv,ARIMA,EWJ,0.005927,0.00852,0.005901,0.004351,0.006275,0.00434,"ARIMA(0, 0, 1)",0.00120706,6.283e-05,-0.00096657,0.0,2025-W52
adj_close.csv,ARIMA,EWJ,0.005927,0.00852,0.005901,0.004351,0.006275,0.00434,"ARIMA(0, 0, 1)",0.00110906,-7.937e-05,0.00120706,0.0,2026-W01
adj_close.csv,ARIMA,EWJ,0.005927,0.00852,0.005901,0.004351,0.006275,0.00434,"ARIMA(0, 0, 1)",0.0079075,-8.216e-05,0.00110906,0.0,2026-W02
adj_close.csv,ARIMA,EWJ,0.005927,0.00852,0.005901,0.004351,0.006275,0.00434,"ARIMA(0, 0, 1)",0.002046,-0.00053937,0.0079075,0.0,2026-W03
adj_close.csv,ARIMA,EWJ,0.005927,0.00852,0.005901,0.004351,0.006275,0.00434,"ARIMA(0, 0, 1)",-0.00270529,-0.00016359,0.002046,0.0,2026-W04
adj_close.csv,ARIMA,EWJ,0.005927,0.00852,0.005901,0.004351,0.006275,0.00434,"ARIMA(0, 0, 1)",0.00272497,0.00016562,-0.00270529,0.0,2026-W05
adj_close.csv,ARIMA,EWJ,0.005927,0.00852,0.005901,0.004351,0.006275,0.00434,"ARIMA(0, 0, 1)",0.00198122,-0.00016871,0.00272497,0.0,2026-W06
adj_close.csv,ARIMA,EWQ,0.00508,0.007609,0.005086,0.003918,0.005906,0.003918,"ARIMA(1, 0, 0)",0.00036227,6.402e-05,-0.00470969,0.0,2024-W30
adj_close.csv,ARIMA,EWQ,0.00508,0.007609,0.005086,0.003918,0.005906,0.003918,"ARIMA(1, 0, 0)",-0.0058766,-5e-06,0.00036227,0.0,2024-W31
adj_close.csv,ARIMA,EWQ,0.00508,0.007609,0.005086,0.003918,0.005906,0.003918,"ARIMA(1, 0, 0)",0.00026607,8.313e-05,-0.0058766,0.0,2024-W32
adj_close.csv,ARIMA,EWQ,0.00508,0.007609,0.005086,0.003918,0.005906,0.003918,"ARIMA(1, 0, 0)",0.00623007,-3.81e-06,0.00026607,0.0,2024-W33
adj_close.csv,ARIMA,EWQ,0.00508,0.007609,0.005086,0.003918,0.005906,0.003918,"ARIMA(1, 0, 0)",0.00644152,-8.756e-05,0.00623007,0.0,2024-W34
adj_close.csv,ARIMA,EWQ,0.00508,0.007609,0.005086,0.003918,0.005906,0.003918,"ARIMA(1, 0, 0)",-0.00095059,-4.997e-05,0.00644152,0.0,2024-W35
adj_close.csv,ARIMA,EWQ,0.00508,0.007609,0.005086,0.003918,0.005906,0.003918,"ARIMA(1, 0, 0)",-0.00893411,8.22e-06,-0.00095059,0.0,2024-W36
adj_close.csv,ARIMA,EWQ,0.00508,0.007609,0.005086,0.003918,0.005906,0.003918,"ARIMA(1, 0, 0)",0.00319679,6.559e-05,-0.00893411,0.0,2024-W37
adj_close.csv,ARIMA,EWQ,0.00508,0.007609,0.005086,0.003918,0.005906,0.003918,"ARIMA(1, 0, 0)",0.00304573,-3.706e-05,0.00319679,0.0,2024-W38
adj_close.csv,ARIMA,EWQ,0.00508,0.007609,0.005086,0.003918,0.005906,0.003918,"ARIMA(1, 0, 0)",0.0070287,-3.075e-05,0.00304573,0.0,2024-W39
adj_close.csv,ARIMA,EWQ,0.00508,0.007609,0.005086,0.003918,0.005906,0.003918,"ARIMA(1, 0, 0)",-0.00814008,-4.808e-05,0.0070287,0.0,2024-W40
adj_close.csv,ARIMA,EWQ,0.00508,0.007609,0.005086,0.003918,0.005906,0.003918,"ARIMA(1, 0, 0)",-0.00071047,0.0001253,-0.00814008,0.0,2024-W41
adj_close.csv,ARIMA,EWQ,0.00508,0.007609,0.005086,0.003918,0.005906,0.003918,"ARIMA(1, 0, 0)",-0.00045808,1.022e-05,-0.00071047,0.0,2024-W42
adj_close.csv,ARIMA,EWQ,0.00508,0.007609,0.005086,0.003918,0.005906,0.003918,"ARIMA(1, 0, 0)",-0.00516157,6.56e-06,-0.00045808,0.0,2024-W43
adj_close.csv,ARIMA,EWQ,0.00508,0.007609,0.005086,0.003918,0.005906,0.003918,"ARIMA(1, 0, 0)",-0.00152212,7.215e-05,-0.00516157,0.0,2024-W44
adj_close.csv,ARIMA,EWQ,0.00508,0.007609,0.005086,0.003918,0.005906,0.003918,"ARIMA(1, 0, 0)",-0.00318645,1.942e-05,-0.00152212,0.0,2024-W45
adj_close.csv,ARIMA,EWQ,0.00508,0.007609,0.005086,0.003918,0.005906,0.003918,"ARIMA(1, 0, 0)",-0.00586683,3.835e-05,-0.00318645,0.0,2024-W46
adj_close.csv,ARIMA,EWQ,0.00508,0.007609,0.005086,0.003918,0.005906,0.003918,"ARIMA(1, 0, 0)",-0.00249621,5.426e-05,-0.00586683,0.0,2024-W47
adj_close.csv,ARIMA,EWQ,0.00508,0.007609,0.005086,0.003918,0.005906,0.003918,"ARIMA(1, 0, 0)",0.00291347,1.759e-05,-0.00249621,0.0,2024-W48
adj_close.csv,ARIMA,EWQ,0.00508,0.007609,0.005086,0.003918,0.005906,0.003918,"ARIMA(1, 0, 0)",0.00528138,-2.363e-05,0.00291347,0.0,2024-W49
adj_close.csv,ARIMA,EWQ,0.00508,0.007609,0.005086,0.003918,0.005906,0.003918,"ARIMA(1, 0, 0)",-0.00199813,-3.083e-05,0.00528138,0.0,2024-W50
adj_close.csv,ARIMA,EWQ,0.00508,0.007609,0.005086,0.003918,0.005906,0.003918,"ARIMA(1, 0, 0)",-0.00518551,1.47e-05,-0.00199813,0.0,2024-W51
adj_close.csv,ARIMA,EWQ,0.00508,0.007609,0.005086,0.003918,0.005906,0.003918,"ARIMA(1, 0, 0)",0.00292894,3.028e-05,-0.00518551,0.0,2024-W52
adj_close.csv,ARIMA,EWQ,0.00508,0.007609,0.005086,0.003918,0.005906,0.003918,"ARIMA(1, 0, 0)",-0.00497151,-2.352e-05,0.00292894,0.0,2025-W01
adj_close.csv,ARIMA,EWQ,0.00508,0.007609,0.005086,0.003918,0.005906,0.003918,"ARIMA(1, 0, 0)",0.00385977,5.04e-05,-0.00497151,0.0,2025-W02
adj_close.csv,ARIMA,EWQ,0.00508,0.007609,0.005086,0.003918,0.005906,0.003918,"ARIMA(1, 0, 0)",0.00759758,-4.973e-05,0.00385977,0.0,2025-W03
adj_close.csv,ARIMA,EWQ,0.00508,0.007609,0.005086,0.003918,0.005906,0.003918,"ARIMA(1, 0, 0)",0.01197713,-6.544e-05,0.00759758,0.0,2025-W04
adj_close.csv,ARIMA,EWQ,0.00508,0.007609,0.005086,0.003918,0.005906,0.003918,"ARIMA(1, 0, 0)",-0.00252094,5.408e-05,0.01197713,0.0,2025-W05
adj_close.csv,ARIMA,EWQ,0.00508,0.007609,0.005086,0.003918,0.005906,0.003918,"ARIMA(1, 0, 0)",0.0,-4.5e-07,-0.00252094,0.0,2025-W06
adj_close.csv,ARIMA,EWQ,0.00508,0.007609,0.005086,0.003918,0.005906,0.003918,"ARIMA(1, 0, 0)",0.00841482,0.0,0.0,0.0,2025-W07
adj_close.csv,ARIMA,EWQ,0.00508,0.007609,0.005086,0.003918,0.005906,0.003918,"ARIMA(1, 0, 0)",-0.00318476,1.51e-06,0.00841482,0.0,2025-W08
adj_close.csv,ARIMA,EWQ,0.00508,0.007609,0.005086,0.003918,0.005906,0.003918,"ARIMA(1, 0, 0)",-0.00121028,1.131e-05,-0.00318476,0.0,2025-W09
adj_close.csv,ARIMA,EWQ,0.00508,0.007609,0.005086,0.003918,0.005906,0.003918,"ARIMA(1, 0, 0)",0.01145135,3.64e-06,-0.00121028,0.0,2025-W10
adj_close.csv,ARIMA,EWQ,0.00508,0.007609,0.005086,0.003918,0.005906,0.003918,"ARIMA(1, 0, 0)",-0.00278985,-5.65e-05,0.01145135,0.0,2025-W11
adj_close.csv,ARIMA,EWQ,0.00508,0.007609,0.005086,0.003918,0.005906,0.003918,"ARIMA(1, 0, 0)",-0.00184917,2.567e-05,-0.00278985,0.0,2025-W12
adj_close.csv,ARIMA,EWQ,0.00508,0.007609,0.005086,0.003918,0.005906,0.003918,"ARIMA(1, 0, 0)",-0.00275662,1.57e-05,-0.00184917,0.0,2025-W13
adj_close.csv,ARIMA,EWQ,0.00508,0.007609,0.005086,0.003918,0.005906,0.003918,"ARIMA(1, 0, 0)",-0.01620277,2.148e-05,-0.00275662,0.0,2025-W14
adj_close.csv,ARIMA,EWQ,0.00508,0.007609,0.005086,0.003918,0.005906,0.003918,"ARIMA(1, 0, 0)",0.00924293,2.767e-05,-0.01620277,0.0,2025-W15
adj_close.csv,ARIMA,EWQ,0.00508,0.007609,0.005086,0.003918,0.005906,0.003918,"ARIMA(1, 0, 0)",0.00159865,-0.00019704,0.00924293,0.0,2025-W16
adj_close.csv,ARIMA,EWQ,0.00508,0.007609,0.005086,0.003918,0.005906,0.003918,"ARIMA(1, 0, 0)",0.00863302,-3.063e-05,0.00159865,0.0,2025-W17
adj_close.csv,ARIMA,EWQ,0.00508,0.007609,0.005086,0.003918,0.005906,0.003918,"ARIMA(1, 0, 0)",0.00439577,-0.00014991,0.00863302,0.0,2025-W18
adj_close.csv,ARIMA,EWQ,0.00508,0.007609,0.005086,0.003918,0.005906,0.003918,"ARIMA(1, 0, 0)",-0.00086188,-5.415e-05,0.00439577,0.0,2025-W19
adj_close.csv,ARIMA,EWQ,0.00508,0.007609,0.005086,0.003918,0.005906,0.003918,"ARIMA(1, 0, 0)",0.0027166,1.101e-05,-0.00086188,0.0,2025-W20
adj_close.csv,ARIMA,EWQ,0.00508,0.007609,0.005086,0.003918,0.005906,0.003918,"ARIMA(1, 0, 0)",0.00070881,-3.551e-05,0.0027166,0.0,2025-W21
adj_close.csv,ARIMA,EWQ,0.00508,0.007609,0.005086,0.003918,0.005906,0.003918,"ARIMA(1, 0, 0)",0.00053012,-9.08e-06,0.00070881,0.0,2025-W22
adj_close.csv,ARIMA,EWQ,0.00508,0.007609,0.005086,0.003918,0.005906,0.003918,"ARIMA(1, 0, 0)",0.00257221,-6.77e-06,0.00053012,0.0,2025-W23
adj_close.csv,ARIMA,EWQ,0.00508,0.007609,0.005086,0.003918,0.005906,0.003918,"ARIMA(1, 0, 0)",-0.00097822,-3.238e-05,0.00257221,0.0,2025-W24
adj_close.csv,ARIMA,EWQ,0.00508,0.007609,0.005086,0.003918,0.005906,0.003918,"ARIMA(1, 0, 0)",-0.00352313,1.262e-05,-0.00097822,0.0,2025-W25
adj_close.csv,ARIMA,EWQ,0.00508,0.007609,0.005086,0.003918,0.005906,0.003918,"ARIMA(1, 0, 0)",0.00629373,4.389e-05,-0.00352313,0.0,2025-W26
adj_close.csv,ARIMA,EWQ,0.00508,0.007609,0.005086,0.003918,0.005906,0.003918,"ARIMA(1, 0, 0)",0.00274247,-9.612e-05,0.00629373,0.0,2025-W27
adj_close.csv,ARIMA,EWQ,0.00508,0.007609,0.005086,0.003918,0.005906,0.003918,"ARIMA(1, 0, 0)",0.00092635,-3.565e-05,0.00274247,0.0,2025-W28
adj_close.csv,ARIMA,EWQ,0.00508,0.007609,0.005086,0.003918,0.005906,0.003918,"ARIMA(1, 0, 0)",-0.00167055,-1.173e-05,0.00092635,0.0,2025-W29
adj_close.csv,ARIMA,EWQ,0.00508,0.007609,0.005086,0.003918,0.005906,0.003918,"ARIMA(1, 0, 0)",0.00369357,2.148e-05,-0.00167055,0.0,2025-W30
adj_close.csv,ARIMA,EWQ,0.00508,0.007609,0.005086,0.003918,0.005906,0.003918,"ARIMA(1, 0, 0)",-0.01076009,-5.038e-05,0.00369357,0.0,2025-W31
adj_close.csv,ARIMA,EWQ,0.00508,0.007609,0.005086,0.003918,0.005906,0.003918,"ARIMA(1, 0, 0)",0.00594503,0.00020071,-0.01076009,0.0,2025-W32
adj_close.csv,ARIMA,EWQ,0.00508,0.007609,0.005086,0.003918,0.005906,0.003918,"ARIMA(1, 0, 0)",0.00559122,-0.0001568,0.00594503,0.0,2025-W33
adj_close.csv,ARIMA,EWQ,0.00508,0.007609,0.005086,0.003918,0.005906,0.003918,"ARIMA(1, 0, 0)",0.00131714,-0.0001237,0.00559122,0.0,2025-W34
adj_close.csv,ARIMA,EWQ,0.00508,0.007609,0.005086,0.003918,0.005906,0.003918,"ARIMA(1, 0, 0)",-0.00733055,-2.783e-05,0.00131714,0.0,2025-W35
adj_close.csv,ARIMA,EWQ,0.00508,0.007609,0.005086,0.003918,0.005906,0.003918,"ARIMA(1, 0, 0)",-0.00017615,0.0001636,-0.00733055,0.0,2025-W36
adj_close.csv,ARIMA,EWQ,0.00508,0.007609,0.005086,0.003918,0.005906,0.003918,"ARIMA(1, 0, 0)",0.00432324,3.88e-06,-0.00017615,0.0,2025-W37
adj_close.csv,ARIMA,EWQ,0.00508,0.007609,0.005086,0.003918,0.005906,0.003918,"ARIMA(1, 0, 0)",0.00087184,-9.557e-05,0.00432324,0.0,2025-W38
adj_close.csv,ARIMA,EWQ,0.00508,0.007609,0.005086,0.003918,0.005906,0.003918,"ARIMA(1, 0, 0)",-0.0004125,-1.882e-05,0.00087184,0.0,2025-W39
adj_close.csv,ARIMA,EWQ,0.00508,0.007609,0.005086,0.003918,0.005906,0.003918,"ARIMA(1, 0, 0)",0.00596653,8.92e-06,-0.0004125,0.0,2025-W40
adj_close.csv,ARIMA,EWQ,0.00508,0.007609,0.005086,0.003918,0.005906,0.003918,"ARIMA(1, 0, 0)",-0.00734776,-0.00013088,0.00596653,0.0,2025-W41
adj_close.csv,ARIMA,EWQ,0.00508,0.007609,0.005086,0.003918,0.005906,0.003918,"ARIMA(1, 0, 0)",0.00876779,0.00019984,-0.00734776,0.0,2025-W42
adj_close.csv,ARIMA,EWQ,0.00508,0.007609,0.005086,0.003918,0.005906,0.003918,"ARIMA(1, 0, 0)",-0.00053132,-0.00030548,0.00876779,0.0,2025-W43
adj_close.csv,ARIMA,EWQ,0.00508,0.007609,0.005086,0.003918,0.005906,0.003918,"ARIMA(1, 0, 0)",-0.00371418,1.864e-05,-0.00053132,0.0,2025-W44
adj_close.csv,ARIMA,EWQ,0.00508,0.007609,0.005086,0.003918,0.005906,0.003918,"ARIMA(1, 0, 0)",-0.00227121,0.00012941,-0.00371418,0.0,2025-W45
adj_close.csv,ARIMA,EWQ,0.00508,0.007609,0.005086,0.003918,0.005906,0.003918,"ARIMA(1, 0, 0)",0.00478471,7.67e-05,-0.00227121,0.0,2025-W46
adj_close.csv,ARIMA,EWQ,0.00508,0.007609,0.005086,0.003918,0.005906,0.003918,"ARIMA(1, 0, 0)",-0.00519628,-0.00016772,0.00478471,0.0,2025-W47
adj_close.csv,ARIMA,EWQ,0.00508,0.007609,0.005086,0.003918,0.005906,0.003918,"ARIMA(1, 0, 0)",0.00498545,0.00019711,-0.00519628,0.0,2025-W48
adj_close.csv,ARIMA,EWQ,0.00508,0.007609,0.005086,0.003918,0.005906,0.003918,"ARIMA(1, 0, 0)",0.00022424,-0.00020391,0.00498545,0.0,2025-W49
adj_close.csv,ARIMA,EWQ,0.00508,0.007609,0.005086,0.003918,0.005906,0.003918,"ARIMA(1, 0, 0)",0.00116202,-9.11e-06,0.00022424,0.0,2025-W50
adj_close.csv,ARIMA,EWQ,0.00508,0.007609,0.005086,0.003918,0.005906,0.003918,"ARIMA(1, 0, 0)",0.00114549,-4.72e-05,0.00116202,0.0,2025-W51
adj_close.csv,ARIMA,EWQ,0.00508,0.007609,0.005086,0.003918,0.005906,0.003918,"ARIMA(1, 0, 0)",0.00149851,-4.634e-05,0.00114549,0.0,2025-W52
adj_close.csv,ARIMA,EWQ,0.00508,0.007609,0.005086,0.003918,0.005906,0.003918,"ARIMA(1, 0, 0)",0.00071832,-6.03e-05,0.00149851,0.0,2026-W01
adj_close.csv,ARIMA,EWQ,0.00508,0.007609,0.005086,0.003918,0.005906,0.003918,"ARIMA(1, 0, 0)",0.00250031,-2.881e-05,0.00071832,0.0,2026-W02
adj_close.csv,ARIMA,EWQ,0.00508,0.007609,0.005086,0.003918,0.005906,0.003918,"ARIMA(1, 0, 0)",-0.00258861,-9.973e-05,0.00250031,0.0,2026-W03
adj_close.csv,ARIMA,EWQ,0.00508,0.007609,0.005086,0.003918,0.005906,0.003918,"ARIMA(1, 0, 0)",0.00121144,0.00010516,-0.00258861,0.0,2026-W04
adj_close.csv,ARIMA,EWQ,0.00508,0.007609,0.005086,0.003918,0.005906,0.003918,"ARIMA(1, 0, 0)",-0.00070438,-4.963e-05,0.00121144,0.0,2026-W05
adj_close.csv,ARIMA,EWQ,0.00508,0.007609,0.005086,0.003918,0.005906,0.003918,"ARIMA(1, 0, 0)",0.00725043,2.892e-05,-0.00070438,0.0,2026-W06
adj_close.csv,ARIMA,EWT,0.006731,0.009929,0.006699,0.005498,0.00823,0.005476,"ARIMA(1, 0, 0)",-0.00379951,-0.00056447,-0.01335649,0.0,2024-W30
adj_close.csv,ARIMA,EWT,0.006731,0.009929,0.006699,0.005498,0.00823,0.005476,"ARIMA(1, 0, 0)",-0.00722524,-0.00018885,-0.00379951,0.0,2024-W31
adj_close.csv,ARIMA,EWT,0.006731,0.009929,0.006699,0.005498,0.00823,0.005476,"ARIMA(1, 0, 0)",0.00467742,-0.00039232,-0.00722524,0.0,2024-W32
adj_close.csv,ARIMA,EWT,0.006731,0.009929,0.006699,0.005498,0.00823,0.005476,"ARIMA(1, 0, 0)",0.00877885,0.0002248,0.00467742,0.0,2024-W33
adj_close.csv,ARIMA,EWT,0.006731,0.009929,0.006699,0.005498,0.00823,0.005476,"ARIMA(1, 0, 0)",0.00225533,0.00048151,0.00877885,0.0,2024-W34
adj_close.csv,ARIMA,EWT,0.006731,0.009929,0.006699,0.005498,0.00823,0.005476,"ARIMA(1, 0, 0)",-0.00221817,0.00012958,0.00225533,0.0,2024-W35
adj_close.csv,ARIMA,EWT,0.006731,0.009929,0.006699,0.005498,0.00823,0.005476,"ARIMA(1, 0, 0)",-0.01791292,-0.00012548,-0.00221817,0.0,2024-W36
adj_close.csv,ARIMA,EWT,0.006731,0.009929,0.006699,0.005498,0.00823,0.005476,"ARIMA(1, 0, 0)",0.00962867,-0.00113152,-0.01791292,0.0,2024-W37
adj_close.csv,ARIMA,EWT,0.006731,0.009929,0.006699,0.005498,0.00823,0.005476,"ARIMA(1, 0, 0)",0.00230824,0.00031372,0.00962867,0.0,2024-W38
adj_close.csv,ARIMA,EWT,0.006731,0.009929,0.006699,0.005498,0.00823,0.005476,"ARIMA(1, 0, 0)",0.00861536,8.214e-05,0.00230824,0.0,2024-W39
adj_close.csv,ARIMA,EWT,0.006731,0.009929,0.006699,0.005498,0.00823,0.005476,"ARIMA(1, 0, 0)",-0.00629628,0.0003331,0.00861536,0.0,2024-W40
adj_close.csv,ARIMA,EWT,0.006731,0.009929,0.006699,0.005498,0.00823,0.005476,"ARIMA(1, 0, 0)",0.00481331,-0.00018789,-0.00629628,0.0,2024-W41
adj_close.csv,ARIMA,EWT,0.006731,0.009929,0.006699,0.005498,0.00823,0.005476,"ARIMA(1, 0, 0)",0.00562005,0.00012036,0.00481331,0.0,2024-W42
adj_close.csv,ARIMA,EWT,0.006731,0.009929,0.006699,0.005498,0.00823,0.005476,"ARIMA(1, 0, 0)",-0.0012748,0.0001633,0.00562005,0.0,2024-W43
adj_close.csv,ARIMA,EWT,0.006731,0.009929,0.006699,0.005498,0.00823,0.005476,"ARIMA(1, 0, 0)",-0.00540086,-3.547e-05,-0.0012748,0.0,2024-W44
adj_close.csv,ARIMA,EWT,0.006731,0.009929,0.006699,0.005498,0.00823,0.005476,"ARIMA(1, 0, 0)",0.00429659,-0.00015591,-0.00540086,0.0,2024-W45
adj_close.csv,ARIMA,EWT,0.006731,0.009929,0.006699,0.005498,0.00823,0.005476,"ARIMA(1, 0, 0)",-0.00977233,0.00010837,0.00429659,0.0,2024-W46
adj_close.csv,ARIMA,EWT,0.006731,0.009929,0.006699,0.005498,0.00823,0.005476,"ARIMA(1, 0, 0)",0.00342144,-0.0001838,-0.00977233,0.0,2024-W47
adj_close.csv,ARIMA,EWT,0.006731,0.009929,0.006699,0.005498,0.00823,0.005476,"ARIMA(1, 0, 0)",-0.00507513,4.639e-05,0.00342144,0.0,2024-W48
adj_close.csv,ARIMA,EWT,0.006731,0.009929,0.006699,0.005498,0.00823,0.005476,"ARIMA(1, 0, 0)",0.0062968,-5.559e-05,-0.00507513,0.0,2024-W49
adj_close.csv,ARIMA,EWT,0.006731,0.009929,0.006699,0.005498,0.00823,0.005476,"ARIMA(1, 0, 0)",-0.00073059,3.89e-05,0.0062968,0.0,2024-W50
adj_close.csv,ARIMA,EWT,0.006731,0.009929,0.006699,0.005498,0.00823,0.005476,"ARIMA(1, 0, 0)",-0.00268585,-3.99e-06,-0.00073059,0.0,2024-W51
adj_close.csv,ARIMA,EWT,0.006731,0.009929,0.006699,0.005498,0.00823,0.005476,"ARIMA(1, 0, 0)",0.00157489,-1.545e-05,-0.00268585,0.0,2024-W52
adj_close.csv,ARIMA,EWT,0.006731,0.009929,0.006699,0.005498,0.00823,0.005476,"ARIMA(1, 0, 0)",-0.00152702,8.07e-06,0.00157489,0.0,2025-W01
adj_close.csv,ARIMA,EWT,0.006731,0.009929,0.006699,0.005498,0.00823,0.005476,"ARIMA(1, 0, 0)",-0.00527252,-7.28e-06,-0.00152702,0.0,2025-W02
adj_close.csv,ARIMA,EWT,0.006731,0.009929,0.006699,0.005498,0.00823,0.005476,"ARIMA(1, 0, 0)",0.0034507,-3.138e-05,-0.00527252,0.0,2025-W03
adj_close.csv,ARIMA,EWT,0.006731,0.009929,0.006699,0.005498,0.00823,0.005476,"ARIMA(1, 0, 0)",0.00663799,1.126e-05,0.0034507,0.0,2025-W04
adj_close.csv,ARIMA,EWT,0.006731,0.009929,0.006699,0.005498,0.00823,0.005476,"ARIMA(1, 0, 0)",-0.00755238,4.385e-05,0.00663799,0.0,2025-W05
adj_close.csv,ARIMA,EWT,0.006731,0.009929,0.006699,0.005498,0.00823,0.005476,"ARIMA(1, 0, 0)",0.00216509,5.41e-06,-0.00755238,0.0,2025-W06
adj_close.csv,ARIMA,EWT,0.006731,0.009929,0.006699,0.005498,0.00823,0.005476,"ARIMA(1, 0, 0)",0.00282557,-6.64e-06,0.00216509,0.0,2025-W07
adj_close.csv,ARIMA,EWT,0.006731,0.009929,0.006699,0.005498,0.00823,0.005476,"ARIMA(1, 0, 0)",0.00094608,-6.17e-06,0.00282557,0.0,2025-W08
adj_close.csv,ARIMA,EWT,0.006731,0.009929,0.006699,0.005498,0.00823,0.005476,"ARIMA(1, 0, 0)",-0.00825098,-1.7e-06,0.00094608,0.0,2025-W09
adj_close.csv,ARIMA,EWT,0.006731,0.009929,0.006699,0.005498,0.00823,0.005476,"ARIMA(1, 0, 0)",0.00164642,2.408e-05,-0.00825098,0.0,2025-W10
adj_close.csv,ARIMA,EWT,0.006731,0.009929,0.006699,0.005498,0.00823,0.005476,"ARIMA(1, 0, 0)",-0.00378336,-7.94e-06,0.00164642,0.0,2025-W11
adj_close.csv,ARIMA,EWT,0.006731,0.009929,0.006699,0.005498,0.00823,0.005476,"ARIMA(1, 0, 0)",-0.00019903,2.159e-05,-0.00378336,0.0,2025-W12
adj_close.csv,ARIMA,EWT,0.006731,0.009929,0.006699,0.005498,0.00823,0.005476,"ARIMA(1, 0, 0)",-0.00979388,1.11e-06,-0.00019903,0.0,2025-W13
adj_close.csv,ARIMA,EWT,0.006731,0.009929,0.006699,0.005498,0.00823,0.005476,"ARIMA(1, 0, 0)",-0.01747071,5.203e-05,-0.00979388,0.0,2025-W14
adj_close.csv,ARIMA,EWT,0.006731,0.009929,0.006699,0.005498,0.00823,0.005476,"ARIMA(1, 0, 0)",0.00805116,-0.00032721,-0.01747071,0.0,2025-W15
adj_close.csv,ARIMA,EWT,0.006731,0.009929,0.006699,0.005498,0.00823,0.005476,"ARIMA(1, 0, 0)",-0.00408847,-7.53e-06,0.00805116,0.0,2025-W16
adj_close.csv,ARIMA,EWT,0.006731,0.009929,0.006699,0.005498,0.00823,0.005476,"ARIMA(1, 0, 0)",0.00640265,2.172e-05,-0.00408847,0.0,2025-W17
adj_close.csv,ARIMA,EWT,0.006731,0.009929,0.006699,0.005498,0.00823,0.005476,"ARIMA(1, 0, 0)",0.01896785,-5.621e-05,0.00640265,0.0,2025-W18
adj_close.csv,ARIMA,EWT,0.006731,0.009929,0.006699,0.005498,0.00823,0.005476,"ARIMA(1, 0, 0)",0.00311593,0.00013885,0.01896785,0.0,2025-W19
adj_close.csv,ARIMA,EWT,0.006731,0.009929,0.006699,0.005498,0.00823,0.005476,"ARIMA(1, 0, 0)",0.00854895,4.501e-05,0.00311593,0.0,2025-W20
adj_close.csv,ARIMA,EWT,0.006731,0.009929,0.006699,0.005498,0.00823,0.005476,"ARIMA(1, 0, 0)",-0.00182275,0.00015203,0.00854895,0.0,2025-W21
adj_close.csv,ARIMA,EWT,0.006731,0.009929,0.006699,0.005498,0.00823,0.005476,"ARIMA(1, 0, 0)",-0.00538263,-2.857e-05,-0.00182275,0.0,2025-W22
adj_close.csv,ARIMA,EWT,0.006731,0.009929,0.006699,0.005498,0.00823,0.005476,"ARIMA(1, 0, 0)",0.00649884,-9.093e-05,-0.00538263,0.0,2025-W23
adj_close.csv,ARIMA,EWT,0.006731,0.009929,0.006699,0.005498,0.00823,0.005476,"ARIMA(1, 0, 0)",0.0063301,8.112e-05,0.00649884,0.0,2025-W24
adj_close.csv,ARIMA,EWT,0.006731,0.009929,0.006699,0.005498,0.00823,0.005476,"ARIMA(1, 0, 0)",-0.00456242,0.00011082,0.0063301,0.0,2025-W25
adj_close.csv,ARIMA,EWT,0.006731,0.009929,0.006699,0.005498,0.00823,0.005476,"ARIMA(1, 0, 0)",0.01068671,-6.326e-05,-0.00456242,0.0,2025-W26
adj_close.csv,ARIMA,EWT,0.006731,0.009929,0.006699,0.005498,0.00823,0.005476,"ARIMA(1, 0, 0)",0.00677849,8.381e-05,0.01068671,0.0,2025-W27
adj_close.csv,ARIMA,EWT,0.006731,0.009929,0.006699,0.005498,0.00823,0.005476,"ARIMA(1, 0, 0)",-0.00387305,0.00011189,0.00677849,0.0,2025-W28
adj_close.csv,ARIMA,EWT,0.006731,0.009929,0.006699,0.005498,0.00823,0.005476,"ARIMA(1, 0, 0)",0.00319898,-5.133e-05,-0.00387305,0.0,2025-W29
adj_close.csv,ARIMA,EWT,0.006731,0.009929,0.006699,0.005498,0.00823,0.005476,"ARIMA(1, 0, 0)",0.00064042,3.756e-05,0.00319898,0.0,2025-W30
adj_close.csv,ARIMA,EWT,0.006731,0.009929,0.006699,0.005498,0.00823,0.005476,"ARIMA(1, 0, 0)",-0.00353089,7.67e-06,0.00064042,0.0,2025-W31
adj_close.csv,ARIMA,EWT,0.006731,0.009929,0.006699,0.005498,0.00823,0.005476,"ARIMA(1, 0, 0)",0.00640432,-4.131e-05,-0.00353089,0.0,2025-W32
adj_close.csv,ARIMA,EWT,0.006731,0.009929,0.006699,0.005498,0.00823,0.005476,"ARIMA(1, 0, 0)",0.00043077,5.746e-05,0.00640432,0.0,2025-W33
adj_close.csv,ARIMA,EWT,0.006731,0.009929,0.006699,0.005498,0.00823,0.005476,"ARIMA(1, 0, 0)",-0.00253167,3.99e-06,0.00043077,0.0,2025-W34
adj_close.csv,ARIMA,EWT,0.006731,0.009929,0.006699,0.005498,0.00823,0.005476,"ARIMA(1, 0, 0)",-0.00283597,-2.311e-05,-0.00253167,0.0,2025-W35
adj_close.csv,ARIMA,EWT,0.006731,0.009929,0.006699,0.005498,0.00823,0.005476,"ARIMA(1, 0, 0)",0.00583913,-2.829e-05,-0.00283597,0.0,2025-W36
adj_close.csv,ARIMA,EWT,0.006731,0.009929,0.006699,0.005498,0.00823,0.005476,"ARIMA(1, 0, 0)",0.00851885,4.668e-05,0.00583913,0.0,2025-W37
adj_close.csv,ARIMA,EWT,0.006731,0.009929,0.006699,0.005498,0.00823,0.005476,"ARIMA(1, 0, 0)",0.00174314,0.00011808,0.00851885,0.0,2025-W38
adj_close.csv,ARIMA,EWT,0.006731,0.009929,0.006699,0.005498,0.00823,0.005476,"ARIMA(1, 0, 0)",-0.00202983,2.7e-05,0.00174314,0.0,2025-W39
adj_close.csv,ARIMA,EWT,0.006731,0.009929,0.006699,0.005498,0.00823,0.005476,"ARIMA(1, 0, 0)",0.00596684,-3.058e-05,-0.00202983,0.0,2025-W40
adj_close.csv,ARIMA,EWT,0.006731,0.009929,0.006699,0.005498,0.00823,0.005476,"ARIMA(1, 0, 0)",-0.00956938,8.137e-05,0.00596684,0.0,2025-W41
adj_close.csv,ARIMA,EWT,0.006731,0.009929,0.006699,0.005498,0.00823,0.005476,"ARIMA(1, 0, 0)",0.01095687,-6.603e-05,-0.00956938,0.0,2025-W42
adj_close.csv,ARIMA,EWT,0.006731,0.009929,0.006699,0.005498,0.00823,0.005476,"ARIMA(1, 0, 0)",0.00422607,-5.818e-05,0.01095687,0.0,2025-W43
adj_close.csv,ARIMA,EWT,0.006731,0.009929,0.006699,0.005498,0.00823,0.005476,"ARIMA(1, 0, 0)",0.00051077,2.1e-07,0.00422607,0.0,2025-W44
adj_close.csv,ARIMA,EWT,0.006731,0.009929,0.006699,0.005498,0.00823,0.005476,"ARIMA(1, 0, 0)",-0.00621717,1.5e-07,0.00051077,0.0,2025-W45
adj_close.csv,ARIMA,EWT,0.006731,0.009929,0.006699,0.005498,0.00823,0.005476,"ARIMA(1, 0, 0)",0.001726,4.2e-07,-0.00621717,0.0,2025-W46
adj_close.csv,ARIMA,EWT,0.006731,0.009929,0.006699,0.005498,0.00823,0.005476,"ARIMA(1, 0, 0)",-0.01061917,-2.22e-06,0.001726,0.0,2025-W47
adj_close.csv,ARIMA,EWT,0.006731,0.009929,0.006699,0.005498,0.00823,0.005476,"ARIMA(1, 0, 0)",0.01072924,3.57e-05,-0.01061917,0.0,2025-W48
adj_close.csv,ARIMA,EWT,0.006731,0.009929,0.006699,0.005498,0.00823,0.005476,"ARIMA(1, 0, 0)",0.00258742,-0.00017248,0.01072924,0.0,2025-W49
adj_close.csv,ARIMA,EWT,0.006731,0.009929,0.006699,0.005498,0.00823,0.005476,"ARIMA(1, 0, 0)",-0.00386261,-3.313e-05,0.00258742,0.0,2025-W50
adj_close.csv,ARIMA,EWT,0.006731,0.009929,0.006699,0.005498,0.00823,0.005476,"ARIMA(1, 0, 0)",0.00115701,5.368e-05,-0.00386261,0.0,2025-W51
adj_close.csv,ARIMA,EWT,0.006731,0.009929,0.006699,0.005498,0.00823,0.005476,"ARIMA(1, 0, 0)",0.00553529,-1.662e-05,0.00115701,0.0,2025-W52
adj_close.csv,ARIMA,EWT,0.006731,0.009929,0.006699,0.005498,0.00823,0.005476,"ARIMA(1, 0, 0)",0.00684758,-7.561e-05,0.00553529,0.0,2026-W01
adj_close.csv,ARIMA,EWT,0.006731,0.009929,0.006699,0.005498,0.00823,0.005476,"ARIMA(1, 0, 0)",0.00351988,-6.469e-05,0.00684758,0.0,2026-W02
adj_close.csv,ARIMA,EWT,0.006731,0.009929,0.006699,0.005498,0.00823,0.005476,"ARIMA(1, 0, 0)",0.0042625,-2.381e-05,0.00351988,0.0,2026-W03
adj_close.csv,ARIMA,EWT,0.006731,0.009929,0.006699,0.005498,0.00823,0.005476,"ARIMA(1, 0, 0)",0.00864735,-2.181e-05,0.0042625,0.0,2026-W04
adj_close.csv,ARIMA,EWT,0.006731,0.009929,0.006699,0.005498,0.00823,0.005476,"ARIMA(1, 0, 0)",-0.00479083,-9.43e-06,0.00864735,0.0,2026-W05
adj_close.csv,ARIMA,EWT,0.006731,0.009929,0.006699,0.005498,0.00823,0.005476,"ARIMA(1, 0, 0)",0.01284696,2.663e-05,-0.00479083,0.0,2026-W06
adj_close.csv,ARIMA,EWU,0.00398,0.005426,0.003975,0.003087,0.004063,0.00309,"ARIMA(0, 0, 1)",0.002852,-0.00012203,-0.00290751,0.0,2024-W30
adj_close.csv,ARIMA,EWU,0.00398,0.005426,0.003975,0.003087,0.004063,0.00309,"ARIMA(0, 0, 1)",-0.00307742,0.00011339,0.002852,0.0,2024-W31
adj_close.csv,ARIMA,EWU,0.00398,0.005426,0.003975,0.003087,0.004063,0.00309,"ARIMA(0, 0, 1)",-0.00039507,-0.00011332,-0.00307742,0.0,2024-W32
adj_close.csv,ARIMA,EWU,0.00398,0.005426,0.003975,0.003087,0.004063,0.00309,"ARIMA(0, 0, 1)",0.00606528,-1.007e-05,-0.00039507,0.0,2024-W33
adj_close.csv,ARIMA,EWU,0.00398,0.005426,0.003975,0.003087,0.004063,0.00309,"ARIMA(0, 0, 1)",0.00492649,0.00021466,0.00606528,0.0,2024-W34
adj_close.csv,ARIMA,EWU,0.00398,0.005426,0.003975,0.003087,0.004063,0.00309,"ARIMA(0, 0, 1)",0.00069396,0.00020013,0.00492649,0.0,2024-W35
adj_close.csv,ARIMA,EWU,0.00398,0.005426,0.003975,0.003087,0.004063,0.00309,"ARIMA(0, 0, 1)",-0.00702557,2.141e-05,0.00069396,0.0,2024-W36
adj_close.csv,ARIMA,EWU,0.00398,0.005426,0.003975,0.003087,0.004063,0.00309,"ARIMA(0, 0, 1)",0.00223467,-0.00029117,-0.00702557,0.0,2024-W37
adj_close.csv,ARIMA,EWU,0.00398,0.005426,0.003975,0.003087,0.004063,0.00309,"ARIMA(0, 0, 1)",0.00075736,9.175e-05,0.00223467,0.0,2024-W38
adj_close.csv,ARIMA,EWU,0.00398,0.005426,0.003975,0.003087,0.004063,0.00309,"ARIMA(0, 0, 1)",0.00337312,2.472e-05,0.00075736,0.0,2024-W39
adj_close.csv,ARIMA,EWU,0.00398,0.005426,0.003975,0.003087,0.004063,0.00309,"ARIMA(0, 0, 1)",-0.00375143,0.00012568,0.00337312,0.0,2024-W40
adj_close.csv,ARIMA,EWU,0.00398,0.005426,0.003975,0.003087,0.004063,0.00309,"ARIMA(0, 0, 1)",-0.00228514,-0.00013075,-0.00375143,0.0,2024-W41
adj_close.csv,ARIMA,EWU,0.00398,0.005426,0.003975,0.003087,0.004063,0.00309,"ARIMA(0, 0, 1)",0.00250139,-7.703e-05,-0.00228514,0.0,2024-W42
adj_close.csv,ARIMA,EWU,0.00398,0.005426,0.003975,0.003087,0.004063,0.00309,"ARIMA(0, 0, 1)",-0.00481291,8.86e-05,0.00250139,0.0,2024-W43
adj_close.csv,ARIMA,EWU,0.00398,0.005426,0.003975,0.003087,0.004063,0.00309,"ARIMA(0, 0, 1)",-0.00211466,-0.00015456,-0.00481291,0.0,2024-W44
adj_close.csv,ARIMA,EWU,0.00398,0.005426,0.003975,0.003087,0.004063,0.00309,"ARIMA(0, 0, 1)",-0.00236356,-6.643e-05,-0.00211466,0.0,2024-W45
adj_close.csv,ARIMA,EWU,0.00398,0.005426,0.003975,0.003087,0.004063,0.00309,"ARIMA(0, 0, 1)",-0.0048126,-8.134e-05,-0.00236356,0.0,2024-W46
adj_close.csv,ARIMA,EWU,0.00398,0.005426,0.003975,0.003087,0.004063,0.00309,"ARIMA(0, 0, 1)",0.00390481,-0.00018368,-0.0048126,0.0,2024-W47
adj_close.csv,ARIMA,EWU,0.00398,0.005426,0.003975,0.003087,0.004063,0.00309,"ARIMA(0, 0, 1)",0.00443858,0.00013613,0.00390481,0.0,2024-W48
adj_close.csv,ARIMA,EWU,0.00398,0.005426,0.003975,0.003087,0.004063,0.00309,"ARIMA(0, 0, 1)",0.00055792,0.00016097,0.00443858,0.0,2024-W49
adj_close.csv,ARIMA,EWU,0.00398,0.005426,0.003975,0.003087,0.004063,0.00309,"ARIMA(0, 0, 1)",-0.00218462,1.503e-05,0.00055792,0.0,2024-W50
adj_close.csv,ARIMA,EWU,0.00398,0.005426,0.003975,0.003087,0.004063,0.00309,"ARIMA(0, 0, 1)",-0.00638186,-8.253e-05,-0.00218462,0.0,2024-W51
adj_close.csv,ARIMA,EWU,0.00398,0.005426,0.003975,0.003087,0.004063,0.00309,"ARIMA(0, 0, 1)",0.00199559,-0.00025535,-0.00638186,0.0,2024-W52
adj_close.csv,ARIMA,EWU,0.00398,0.005426,0.003975,0.003087,0.004063,0.00309,"ARIMA(0, 0, 1)",7.363e-05,8.209e-05,0.00199559,0.0,2025-W01
adj_close.csv,ARIMA,EWU,0.00398,0.005426,0.003975,0.003087,0.004063,0.00309,"ARIMA(0, 0, 1)",-0.00355772,-3.2e-07,7.363e-05,0.0,2025-W02
adj_close.csv,ARIMA,EWU,0.00398,0.005426,0.003975,0.003087,0.004063,0.00309,"ARIMA(0, 0, 1)",0.0052456,-0.00013231,-0.00355772,0.0,2025-W03
adj_close.csv,ARIMA,EWU,0.00398,0.005426,0.003975,0.003087,0.004063,0.00309,"ARIMA(0, 0, 1)",0.00567961,0.00017392,0.0052456,0.0,2025-W04
adj_close.csv,ARIMA,EWU,0.00398,0.005426,0.003975,0.003087,0.004063,0.00309,"ARIMA(0, 0, 1)",0.0024866,0.00021714,0.00567961,0.0,2025-W05
adj_close.csv,ARIMA,EWU,0.00398,0.005426,0.003975,0.003087,0.004063,0.00309,"ARIMA(0, 0, 1)",0.00156645,9.697e-05,0.0024866,0.0,2025-W06
adj_close.csv,ARIMA,EWU,0.00398,0.005426,0.003975,0.003087,0.004063,0.00309,"ARIMA(0, 0, 1)",0.0036445,6.491e-05,0.00156645,0.0,2025-W07
adj_close.csv,ARIMA,EWU,0.00398,0.005426,0.003975,0.003087,0.004063,0.00309,"ARIMA(0, 0, 1)",-0.00130297,0.00016487,0.0036445,0.0,2025-W08
adj_close.csv,ARIMA,EWU,0.00398,0.005426,0.003975,0.003087,0.004063,0.00309,"ARIMA(0, 0, 1)",0.00370582,-6.533e-05,-0.00130297,0.0,2025-W09
adj_close.csv,ARIMA,EWU,0.00398,0.005426,0.003975,0.003087,0.004063,0.00309,"ARIMA(0, 0, 1)",0.00422082,0.00016435,0.00370582,0.0,2025-W10
adj_close.csv,ARIMA,EWU,0.00398,0.005426,0.003975,0.003087,0.004063,0.00309,"ARIMA(0, 0, 1)",-0.00063545,0.00019237,0.00422082,0.0,2025-W11
adj_close.csv,ARIMA,EWU,0.00398,0.005426,0.003975,0.003087,0.004063,0.00309,"ARIMA(0, 0, 1)",-0.00095694,-3.857e-05,-0.00063545,0.0,2025-W12
adj_close.csv,ARIMA,EWU,0.00398,0.005426,0.003975,0.003087,0.004063,0.00309,"ARIMA(0, 0, 1)",0.00031949,-4.304e-05,-0.00095694,0.0,2025-W13
adj_close.csv,ARIMA,EWU,0.00398,0.005426,0.003975,0.003087,0.004063,0.00309,"ARIMA(0, 0, 1)",-0.01646129,1.697e-05,0.00031949,0.0,2025-W14
adj_close.csv,ARIMA,EWU,0.00398,0.005426,0.003975,0.003087,0.004063,0.00309,"ARIMA(0, 0, 1)",0.00541421,-0.00075334,-0.01646129,0.0,2025-W15
adj_close.csv,ARIMA,EWU,0.00398,0.005426,0.003975,0.003087,0.004063,0.00309,"ARIMA(0, 0, 1)",0.00965106,0.00012582,0.00541421,0.0,2025-W16
adj_close.csv,ARIMA,EWU,0.00398,0.005426,0.003975,0.003087,0.004063,0.00309,"ARIMA(0, 0, 1)",0.00517981,0.00031342,0.00965106,0.0,2025-W17
adj_close.csv,ARIMA,EWU,0.00398,0.005426,0.003975,0.003087,0.004063,0.00309,"ARIMA(0, 0, 1)",0.00344926,0.00020505,0.00517981,0.0,2025-W18
adj_close.csv,ARIMA,EWU,0.00398,0.005426,0.003975,0.003087,0.004063,0.00309,"ARIMA(0, 0, 1)",-0.0016127,0.00015319,0.00344926,0.0,2025-W19
adj_close.csv,ARIMA,EWU,0.00398,0.005426,0.003975,0.003087,0.004063,0.00309,"ARIMA(0, 0, 1)",0.00316111,-8.06e-05,-0.0016127,0.0,2025-W20
adj_close.csv,ARIMA,EWU,0.00398,0.005426,0.003975,0.003087,0.004063,0.00309,"ARIMA(0, 0, 1)",0.00497613,0.00014561,0.00316111,0.0,2025-W21
adj_close.csv,ARIMA,EWU,0.00398,0.005426,0.003975,0.003087,0.004063,0.00309,"ARIMA(0, 0, 1)",0.00025059,0.00023471,0.00497613,0.0,2025-W22
adj_close.csv,ARIMA,EWU,0.00398,0.005426,0.003975,0.003087,0.004063,0.00309,"ARIMA(0, 0, 1)",0.00214281,7.6e-07,0.00025059,0.0,2025-W23
adj_close.csv,ARIMA,EWU,0.00398,0.005426,0.003975,0.003087,0.004063,0.00309,"ARIMA(0, 0, 1)",0.00034666,0.00010512,0.00214281,0.0,2025-W24
adj_close.csv,ARIMA,EWU,0.00398,0.005426,0.003975,0.003087,0.004063,0.00309,"ARIMA(0, 0, 1)",-0.0045155,1.187e-05,0.00034666,0.0,2025-W25
adj_close.csv,ARIMA,EWU,0.00398,0.005426,0.003975,0.003087,0.004063,0.00309,"ARIMA(0, 0, 1)",0.00417212,-0.00022097,-0.0045155,0.0,2025-W26
adj_close.csv,ARIMA,EWU,0.00398,0.005426,0.003975,0.003087,0.004063,0.00309,"ARIMA(0, 0, 1)",0.0006286,0.00019447,0.00417212,0.0,2025-W27
adj_close.csv,ARIMA,EWU,0.00398,0.005426,0.003975,0.003087,0.004063,0.00309,"ARIMA(0, 0, 1)",0.00050162,1.94e-05,0.0006286,0.0,2025-W28
adj_close.csv,ARIMA,EWU,0.00398,0.005426,0.003975,0.003087,0.004063,0.00309,"ARIMA(0, 0, 1)",-0.0006021,2.166e-05,0.00050162,0.0,2025-W29
adj_close.csv,ARIMA,EWU,0.00398,0.005426,0.003975,0.003087,0.004063,0.00309,"ARIMA(0, 0, 1)",0.00417719,-2.794e-05,-0.0006021,0.0,2025-W30
adj_close.csv,ARIMA,EWU,0.00398,0.005426,0.003975,0.003087,0.004063,0.00309,"ARIMA(0, 0, 1)",-0.0034749,0.0001862,0.00417719,0.0,2025-W31
adj_close.csv,ARIMA,EWU,0.00398,0.005426,0.003975,0.003087,0.004063,0.00309,"ARIMA(0, 0, 1)",0.00293282,-0.00014877,-0.0034749,0.0,2025-W32
adj_close.csv,ARIMA,EWU,0.00398,0.005426,0.003975,0.003087,0.004063,0.00309,"ARIMA(0, 0, 1)",0.0036187,0.00011801,0.00293282,0.0,2025-W33
adj_close.csv,ARIMA,EWU,0.00398,0.005426,0.003975,0.003087,0.004063,0.00309,"ARIMA(0, 0, 1)",0.00388734,0.00014285,0.0036187,0.0,2025-W34
adj_close.csv,ARIMA,EWU,0.00398,0.005426,0.003975,0.003087,0.004063,0.00309,"ARIMA(0, 0, 1)",-0.0029687,0.0001635,0.00388734,0.0,2025-W35
adj_close.csv,ARIMA,EWU,0.00398,0.005426,0.003975,0.003087,0.004063,0.00309,"ARIMA(0, 0, 1)",0.00054211,-0.00012766,-0.0029687,0.0,2025-W36
adj_close.csv,ARIMA,EWU,0.00398,0.005426,0.003975,0.003087,0.004063,0.00309,"ARIMA(0, 0, 1)",0.0018685,2.708e-05,0.00054211,0.0,2025-W37
adj_close.csv,ARIMA,EWU,0.00398,0.005426,0.003975,0.003087,0.004063,0.00309,"ARIMA(0, 0, 1)",-0.00278515,7.518e-05,0.0018685,0.0,2025-W38
adj_close.csv,ARIMA,EWU,0.00398,0.005426,0.003975,0.003087,0.004063,0.00309,"ARIMA(0, 0, 1)",0.00106101,-0.00011373,-0.00278515,0.0,2025-W39
adj_close.csv,ARIMA,EWU,0.00398,0.005426,0.003975,0.003087,0.004063,0.00309,"ARIMA(0, 0, 1)",0.00503467,4.582e-05,0.00106101,0.0,2025-W40
adj_close.csv,ARIMA,EWU,0.00398,0.005426,0.003975,0.003087,0.004063,0.00309,"ARIMA(0, 0, 1)",-0.00431448,0.00020133,0.00503467,0.0,2025-W41
adj_close.csv,ARIMA,EWU,0.00398,0.005426,0.003975,0.003087,0.004063,0.00309,"ARIMA(0, 0, 1)",0.00162292,-0.00015968,-0.00431448,0.0,2025-W42
adj_close.csv,ARIMA,EWU,0.00398,0.005426,0.003975,0.003087,0.004063,0.00309,"ARIMA(0, 0, 1)",0.00334715,6.018e-05,0.00162292,0.0,2025-W43
adj_close.csv,ARIMA,EWU,0.00398,0.005426,0.003975,0.003087,0.004063,0.00309,"ARIMA(0, 0, 1)",-0.00051493,0.00011601,0.00334715,0.0,2025-W44
adj_close.csv,ARIMA,EWU,0.00398,0.005426,0.003975,0.003087,0.004063,0.00309,"ARIMA(0, 0, 1)",0.00093525,-2.199e-05,-0.00051493,0.0,2025-W45
adj_close.csv,ARIMA,EWU,0.00398,0.005426,0.003975,0.003087,0.004063,0.00309,"ARIMA(0, 0, 1)",-0.00046706,3.336e-05,0.00093525,0.0,2025-W46
adj_close.csv,ARIMA,EWU,0.00398,0.005426,0.003975,0.003087,0.004063,0.00309,"ARIMA(0, 0, 1)",-0.00334796,-1.737e-05,-0.00046706,0.0,2025-W47
adj_close.csv,ARIMA,EWU,0.00398,0.005426,0.003975,0.003087,0.004063,0.00309,"ARIMA(0, 0, 1)",0.00639632,-0.00011685,-0.00334796,0.0,2025-W48
adj_close.csv,ARIMA,EWU,0.00398,0.005426,0.003975,0.003087,0.004063,0.00309,"ARIMA(0, 0, 1)",0.00032418,0.00019743,0.00639632,0.0,2025-W49
adj_close.csv,ARIMA,EWU,0.00398,0.005426,0.003975,0.003087,0.004063,0.00309,"ARIMA(0, 0, 1)",0.00027745,3.84e-06,0.00032418,0.0,2025-W50
adj_close.csv,ARIMA,EWU,0.00398,0.005426,0.003975,0.003087,0.004063,0.00309,"ARIMA(0, 0, 1)",0.00502398,8.37e-06,0.00027745,0.0,2025-W51
adj_close.csv,ARIMA,EWU,0.00398,0.005426,0.003975,0.003087,0.004063,0.00309,"ARIMA(0, 0, 1)",0.00398733,0.00015768,0.00502398,0.0,2025-W52
adj_close.csv,ARIMA,EWU,0.00398,0.005426,0.003975,0.003087,0.004063,0.00309,"ARIMA(0, 0, 1)",0.00124012,0.00013572,0.00398733,0.0,2026-W01
adj_close.csv,ARIMA,EWU,0.00398,0.005426,0.003975,0.003087,0.004063,0.00309,"ARIMA(0, 0, 1)",0.00147901,4.033e-05,0.00124012,0.0,2026-W02
adj_close.csv,ARIMA,EWU,0.00398,0.005426,0.003975,0.003087,0.004063,0.00309,"ARIMA(0, 0, 1)",0.00173392,5.345e-05,0.00147901,0.0,2026-W03
adj_close.csv,ARIMA,EWU,0.00398,0.005426,0.003975,0.003087,0.004063,0.00309,"ARIMA(0, 0, 1)",0.00214877,6.35e-05,0.00173392,0.0,2026-W04
adj_close.csv,ARIMA,EWU,0.00398,0.005426,0.003975,0.003087,0.004063,0.00309,"ARIMA(0, 0, 1)",0.0025728,8.051e-05,0.00214877,0.0,2026-W05
adj_close.csv,ARIMA,EWU,0.00398,0.005426,0.003975,0.003087,0.004063,0.00309,"ARIMA(0, 0, 1)",0.00819856,9.921e-05,0.0025728,0.0,2026-W06
adj_close.csv,ARIMA,EWZ,0.006997,0.009288,0.006904,0.005535,0.007115,0.005444,"ARIMA(1, 0, 1)",-0.00186581,0.00063218,-0.00805009,0.0,2024-W30
adj_close.csv,ARIMA,EWZ,0.006997,0.009288,0.006904,0.005535,0.007115,0.005444,"ARIMA(1, 0, 1)",-0.0040788,-0.00027283,-0.00186581,0.0,2024-W31
adj_close.csv,ARIMA,EWZ,0.006997,0.009288,0.006904,0.005535,0.007115,0.005444,"ARIMA(1, 0, 1)",0.01420043,0.00031047,-0.0040788,0.0,2024-W32
adj_close.csv,ARIMA,EWZ,0.006997,0.009288,0.006904,0.005535,0.007115,0.005444,"ARIMA(1, 0, 1)",0.00713638,-0.00202032,0.01420043,0.0,2024-W33
adj_close.csv,ARIMA,EWZ,0.006997,0.009288,0.006904,0.005535,0.007115,0.005444,"ARIMA(1, 0, 1)",0.0013184,0.00070843,0.00713638,0.0,2024-W34
adj_close.csv,ARIMA,EWZ,0.006997,0.009288,0.006904,0.005535,0.007115,0.005444,"ARIMA(1, 0, 1)",-0.00378056,-0.00066745,0.0013184,0.0,2024-W35
adj_close.csv,ARIMA,EWZ,0.006997,0.009288,0.006904,0.005535,0.007115,0.005444,"ARIMA(1, 0, 1)",-0.00430538,0.00026065,-0.00378056,0.0,2024-W36
adj_close.csv,ARIMA,EWZ,0.006997,0.009288,0.006904,0.005535,0.007115,0.005444,"ARIMA(1, 0, 1)",0.00196578,0.00030443,-0.00430538,0.0,2024-W37
adj_close.csv,ARIMA,EWZ,0.006997,0.009288,0.006904,0.005535,0.007115,0.005444,"ARIMA(1, 0, 1)",-0.00312718,-0.0001255,0.00196578,0.0,2024-W38
adj_close.csv,ARIMA,EWZ,0.006997,0.009288,0.006904,0.005535,0.007115,0.005444,"ARIMA(1, 0, 1)",0.00366609,0.0002133,-0.00312718,0.0,2024-W39
adj_close.csv,ARIMA,EWZ,0.006997,0.009288,0.006904,0.005535,0.007115,0.005444,"ARIMA(1, 0, 1)",-0.00216437,-0.00025061,0.00366609,0.0,2024-W40
adj_close.csv,ARIMA,EWZ,0.006997,0.009288,0.006904,0.005535,0.007115,0.005444,"ARIMA(1, 0, 1)",-0.00755329,0.00070686,-0.00216437,0.0,2024-W41
adj_close.csv,ARIMA,EWZ,0.006997,0.009288,0.006904,0.005535,0.007115,0.005444,"ARIMA(1, 0, 1)",-0.00084927,0.0005325,-0.00755329,0.0,2024-W42
adj_close.csv,ARIMA,EWZ,0.006997,0.009288,0.006904,0.005535,0.007115,0.005444,"ARIMA(1, 0, 1)",-0.00049709,7.674e-05,-0.00084927,0.0,2024-W43
adj_close.csv,ARIMA,EWZ,0.006997,0.009288,0.006904,0.005535,0.007115,0.005444,"ARIMA(1, 0, 1)",-0.00812586,3.691e-05,-0.00049709,0.0,2024-W44
adj_close.csv,ARIMA,EWZ,0.006997,0.009288,0.006904,0.005535,0.007115,0.005444,"ARIMA(1, 0, 1)",0.00511721,0.00072949,-0.00812586,0.0,2024-W45
adj_close.csv,ARIMA,EWZ,0.006997,0.009288,0.006904,0.005535,0.007115,0.005444,"ARIMA(1, 0, 1)",-0.00298133,-0.00034361,0.00511721,0.0,2024-W46
adj_close.csv,ARIMA,EWZ,0.006997,0.009288,0.006904,0.005535,0.007115,0.005444,"ARIMA(1, 0, 1)",0.0015326,0.00111471,-0.00298133,0.0,2024-W47
adj_close.csv,ARIMA,EWZ,0.006997,0.009288,0.006904,0.005535,0.007115,0.005444,"ARIMA(1, 0, 1)",-0.01877178,-0.00099142,0.0015326,0.0,2024-W48
adj_close.csv,ARIMA,EWZ,0.006997,0.009288,0.006904,0.005535,0.007115,0.005444,"ARIMA(1, 0, 1)",-0.00196892,0.00277629,-0.01877178,0.0,2024-W49
adj_close.csv,ARIMA,EWZ,0.006997,0.009288,0.006904,0.005535,0.007115,0.005444,"ARIMA(1, 0, 1)",-0.00015836,0.00018304,-0.00196892,0.0,2024-W50
adj_close.csv,ARIMA,EWZ,0.006997,0.009288,0.006904,0.005535,0.007115,0.005444,"ARIMA(1, 0, 1)",-0.00884175,1.742e-05,-0.00015836,0.0,2024-W51
adj_close.csv,ARIMA,EWZ,0.006997,0.009288,0.006904,0.005535,0.007115,0.005444,"ARIMA(1, 0, 1)",-0.00580534,0.00061502,-0.00884175,0.0,2024-W52
adj_close.csv,ARIMA,EWZ,0.006997,0.009288,0.006904,0.005535,0.007115,0.005444,"ARIMA(1, 0, 1)",-0.00122192,0.00039895,-0.00580534,0.0,2025-W01
adj_close.csv,ARIMA,EWZ,0.006997,0.009288,0.006904,0.005535,0.007115,0.005444,"ARIMA(1, 0, 1)",0.00265841,9.185e-05,-0.00122192,0.0,2025-W02
adj_close.csv,ARIMA,EWZ,0.006997,0.009288,0.006904,0.005535,0.007115,0.005444,"ARIMA(1, 0, 1)",0.00744029,-0.00016986,0.00265841,0.0,2025-W03
adj_close.csv,ARIMA,EWZ,0.006997,0.009288,0.006904,0.005535,0.007115,0.005444,"ARIMA(1, 0, 1)",0.00824882,-0.00075576,0.00744029,0.0,2025-W04
adj_close.csv,ARIMA,EWZ,0.006997,0.009288,0.006904,0.005535,0.007115,0.005444,"ARIMA(1, 0, 1)",0.00797368,-0.00050034,0.00824882,0.0,2025-W05
adj_close.csv,ARIMA,EWZ,0.006997,0.009288,0.006904,0.005535,0.007115,0.005444,"ARIMA(1, 0, 1)",-0.00087043,-0.0004424,0.00797368,0.0,2025-W06
adj_close.csv,ARIMA,EWZ,0.006997,0.009288,0.006904,0.005535,0.007115,0.005444,"ARIMA(1, 0, 1)",0.00891796,3.513e-05,-0.00087043,0.0,2025-W07
adj_close.csv,ARIMA,EWZ,0.006997,0.009288,0.006904,0.005535,0.007115,0.005444,"ARIMA(1, 0, 1)",-0.00868146,-0.00048408,0.00891796,0.0,2025-W08
adj_close.csv,ARIMA,EWZ,0.006997,0.009288,0.006904,0.005535,0.007115,0.005444,"ARIMA(1, 0, 1)",-0.0109749,0.00184447,-0.00868146,0.0,2025-W09
adj_close.csv,ARIMA,EWZ,0.006997,0.009288,0.006904,0.005535,0.007115,0.005444,"ARIMA(1, 0, 1)",0.00580461,0.00059256,-0.0109749,0.0,2025-W10
adj_close.csv,ARIMA,EWZ,0.006997,0.009288,0.006904,0.005535,0.007115,0.005444,"ARIMA(1, 0, 1)",0.00805477,-0.00031306,0.00580461,0.0,2025-W11
adj_close.csv,ARIMA,EWZ,0.006997,0.009288,0.006904,0.005535,0.007115,0.005444,"ARIMA(1, 0, 1)",0.00557183,-0.00044394,0.00805477,0.0,2025-W12
adj_close.csv,ARIMA,EWZ,0.006997,0.009288,0.006904,0.005535,0.007115,0.005444,"ARIMA(1, 0, 1)",-0.00464518,-0.00029273,0.00557183,0.0,2025-W13
adj_close.csv,ARIMA,EWZ,0.006997,0.009288,0.006904,0.005535,0.007115,0.005444,"ARIMA(1, 0, 1)",-0.01157676,0.00023564,-0.00464518,0.0,2025-W14
adj_close.csv,ARIMA,EWZ,0.006997,0.009288,0.006904,0.005535,0.007115,0.005444,"ARIMA(1, 0, 1)",0.00154504,0.00057162,-0.01157676,0.0,2025-W15
adj_close.csv,ARIMA,EWZ,0.006997,0.009288,0.006904,0.005535,0.007115,0.005444,"ARIMA(1, 0, 1)",0.00530975,-6.235e-05,0.00154504,0.0,2025-W16
adj_close.csv,ARIMA,EWZ,0.006997,0.009288,0.006904,0.005535,0.007115,0.005444,"ARIMA(1, 0, 1)",0.01319498,-0.00026355,0.00530975,0.0,2025-W17
adj_close.csv,ARIMA,EWZ,0.006997,0.009288,0.006904,0.005535,0.007115,0.005444,"ARIMA(1, 0, 1)",0.00133187,-0.00059174,0.01319498,0.0,2025-W18
adj_close.csv,ARIMA,EWZ,0.006997,0.009288,0.006904,0.005535,0.007115,0.005444,"ARIMA(1, 0, 1)",0.00321878,-6.905e-05,0.00133187,0.0,2025-W19
adj_close.csv,ARIMA,EWZ,0.006997,0.009288,0.006904,0.005535,0.007115,0.005444,"ARIMA(1, 0, 1)",0.00316783,-0.00088456,0.00321878,0.0,2025-W20
adj_close.csv,ARIMA,EWZ,0.006997,0.009288,0.006904,0.005535,0.007115,0.005444,"ARIMA(1, 0, 1)",-0.00251576,-1.9e-07,0.00316783,0.0,2025-W21
adj_close.csv,ARIMA,EWZ,0.006997,0.009288,0.006904,0.005535,0.007115,0.005444,"ARIMA(1, 0, 1)",-0.00401031,0.00010306,-0.00251576,0.0,2025-W22
adj_close.csv,ARIMA,EWZ,0.006997,0.009288,0.006904,0.005535,0.007115,0.005444,"ARIMA(1, 0, 1)",0.00371393,0.00016832,-0.00401031,0.0,2025-W23
adj_close.csv,ARIMA,EWZ,0.006997,0.009288,0.006904,0.005535,0.007115,0.005444,"ARIMA(1, 0, 1)",0.00300758,-0.00015391,0.00371393,0.0,2025-W24
adj_close.csv,ARIMA,EWZ,0.006997,0.009288,0.006904,0.005535,0.007115,0.005444,"ARIMA(1, 0, 1)",0.0004069,-0.00012848,0.00300758,0.0,2025-W25
adj_close.csv,ARIMA,EWZ,0.006997,0.009288,0.006904,0.005535,0.007115,0.005444,"ARIMA(1, 0, 1)",0.00336866,-0.00021622,0.0004069,0.0,2025-W26
adj_close.csv,ARIMA,EWZ,0.006997,0.009288,0.006904,0.005535,0.007115,0.005444,"ARIMA(1, 0, 1)",0.01018415,-0.00012308,0.00336866,0.0,2025-W27
adj_close.csv,ARIMA,EWZ,0.006997,0.009288,0.006904,0.005535,0.007115,0.005444,"ARIMA(1, 0, 1)",-0.01253046,-7e-08,0.01018415,0.0,2025-W28
adj_close.csv,ARIMA,EWZ,0.006997,0.009288,0.006904,0.005535,0.007115,0.005444,"ARIMA(1, 0, 1)",-0.00500211,0.00058226,-0.01253046,0.0,2025-W29
adj_close.csv,ARIMA,EWZ,0.006997,0.009288,0.006904,0.005535,0.007115,0.005444,"ARIMA(1, 0, 1)",0.00066926,3e-08,-0.00500211,0.0,2025-W30
adj_close.csv,ARIMA,EWZ,0.006997,0.009288,0.006904,0.005535,0.007115,0.005444,"ARIMA(1, 0, 1)",-0.00216462,-0.0,0.00066926,0.0,2025-W31
adj_close.csv,ARIMA,EWZ,0.006997,0.009288,0.006904,0.005535,0.007115,0.005444,"ARIMA(1, 0, 1)",0.00852131,1e-08,-0.00216462,0.0,2025-W32
adj_close.csv,ARIMA,EWZ,0.006997,0.009288,0.006904,0.005535,0.007115,0.005444,"ARIMA(1, 0, 1)",0.00278529,-5e-08,0.00852131,0.0,2025-W33
adj_close.csv,ARIMA,EWZ,0.006997,0.009288,0.006904,0.005535,0.007115,0.005444,"ARIMA(1, 0, 1)",0.00288685,-2e-08,0.00278529,0.0,2025-W34
adj_close.csv,ARIMA,EWZ,0.006997,0.009288,0.006904,0.005535,0.007115,0.005444,"ARIMA(1, 0, 1)",0.0061268,-2e-08,0.00288685,0.0,2025-W35
adj_close.csv,ARIMA,EWZ,0.006997,0.009288,0.006904,0.005535,0.007115,0.005444,"ARIMA(1, 0, 1)",0.00109926,-3e-08,0.0061268,0.0,2025-W36
adj_close.csv,ARIMA,EWZ,0.006997,0.009288,0.006904,0.005535,0.007115,0.005444,"ARIMA(1, 0, 1)",0.00268191,-1e-08,0.00109926,0.0,2025-W37
adj_close.csv,ARIMA,EWZ,0.006997,0.009288,0.006904,0.005535,0.007115,0.005444,"ARIMA(1, 0, 1)",0.00590594,-1e-08,0.00268191,0.0,2025-W38
adj_close.csv,ARIMA,EWZ,0.006997,0.009288,0.006904,0.005535,0.007115,0.005444,"ARIMA(1, 0, 1)",-0.00129745,-3e-08,0.00590594,0.0,2025-W39
adj_close.csv,ARIMA,EWZ,0.006997,0.009288,0.006904,0.005535,0.007115,0.005444,"ARIMA(1, 0, 1)",-0.0026204,1e-08,-0.00129745,0.0,2025-W40
adj_close.csv,ARIMA,EWZ,0.006997,0.009288,0.006904,0.005535,0.007115,0.005444,"ARIMA(1, 0, 1)",-0.01042185,1e-08,-0.0026204,0.0,2025-W41
adj_close.csv,ARIMA,EWZ,0.006997,0.009288,0.006904,0.005535,0.007115,0.005444,"ARIMA(1, 0, 1)",0.00629111,5e-08,-0.01042185,0.0,2025-W42
adj_close.csv,ARIMA,EWZ,0.006997,0.009288,0.006904,0.005535,0.007115,0.005444,"ARIMA(1, 0, 1)",0.00511741,-3e-08,0.00629111,0.0,2025-W43
adj_close.csv,ARIMA,EWZ,0.006997,0.009288,0.006904,0.005535,0.007115,0.005444,"ARIMA(1, 0, 1)",0.00447708,-3e-08,0.00511741,0.0,2025-W44
adj_close.csv,ARIMA,EWZ,0.006997,0.009288,0.006904,0.005535,0.007115,0.005444,"ARIMA(1, 0, 1)",0.00712223,-2e-08,0.00447708,0.0,2025-W45
adj_close.csv,ARIMA,EWZ,0.006997,0.009288,0.006904,0.005535,0.007115,0.005444,"ARIMA(1, 0, 1)",0.00537601,-3e-08,0.00712223,0.0,2025-W46
adj_close.csv,ARIMA,EWZ,0.006997,0.009288,0.006904,0.005535,0.007115,0.005444,"ARIMA(1, 0, 1)",-0.00705487,-2e-08,0.00537601,0.0,2025-W47
adj_close.csv,ARIMA,EWZ,0.006997,0.009288,0.006904,0.005535,0.007115,0.005444,"ARIMA(1, 0, 1)",0.01203768,3e-08,-0.00705487,0.0,2025-W48
adj_close.csv,ARIMA,EWZ,0.006997,0.009288,0.006904,0.005535,0.007115,0.005444,"ARIMA(1, 0, 1)",-0.00653219,-6e-08,0.01203768,0.0,2025-W49
adj_close.csv,ARIMA,EWZ,0.006997,0.009288,0.006904,0.005535,0.007115,0.005444,"ARIMA(1, 0, 1)",0.00479903,4e-08,-0.00653219,0.0,2025-W50
adj_close.csv,ARIMA,EWZ,0.006997,0.009288,0.006904,0.005535,0.007115,0.005444,"ARIMA(1, 0, 1)",-0.00712813,-3e-08,0.00479903,0.0,2025-W51
adj_close.csv,ARIMA,EWZ,0.006997,0.009288,0.006904,0.005535,0.007115,0.005444,"ARIMA(1, 0, 1)",0.00445163,0.00034058,-0.00712813,0.0,2025-W52
adj_close.csv,ARIMA,EWZ,0.006997,0.009288,0.006904,0.005535,0.007115,0.005444,"ARIMA(1, 0, 1)",0.0045208,-0.00021503,0.00445163,0.0,2026-W01
adj_close.csv,ARIMA,EWZ,0.006997,0.009288,0.006904,0.005535,0.007115,0.005444,"ARIMA(1, 0, 1)",0.00527153,-0.00022711,0.0045208,0.0,2026-W02
adj_close.csv,ARIMA,EWZ,0.006997,0.009288,0.006904,0.005535,0.007115,0.005444,"ARIMA(1, 0, 1)",0.00066433,-0.00025566,0.00527153,0.0,2026-W03
adj_close.csv,ARIMA,EWZ,0.006997,0.009288,0.006904,0.005535,0.007115,0.005444,"ARIMA(1, 0, 1)",0.0245323,-3.725e-05,0.00066433,0.0,2026-W04
adj_close.csv,ARIMA,EWZ,0.006997,0.009288,0.006904,0.005535,0.007115,0.005444,"ARIMA(1, 0, 1)",0.00244469,-1.4e-07,0.0245323,0.0,2026-W05
adj_close.csv,ARIMA,EWZ,0.006997,0.009288,0.006904,0.005535,0.007115,0.005444,"ARIMA(1, 0, 1)",0.0110083,-1e-08,0.00244469,0.0,2026-W06
adj_close.csv,ARIMA,FXI,0.007814,0.009986,0.007682,0.005583,0.007703,0.005519,"ARIMA(1, 0, 1)",-0.00233738,0.00133495,-0.01056051,0.0,2024-W30
adj_close.csv,ARIMA,FXI,0.007814,0.009986,0.007682,0.005583,0.007703,0.005519,"ARIMA(1, 0, 1)",-0.00252369,-0.00049499,-0.00233738,0.0,2024-W31
adj_close.csv,ARIMA,FXI,0.007814,0.009986,0.007682,0.005583,0.007703,0.005519,"ARIMA(1, 0, 1)",0.00197433,0.00058683,-0.00252369,0.0,2024-W32
adj_close.csv,ARIMA,FXI,0.007814,0.009986,0.007682,0.005583,0.007703,0.005519,"ARIMA(1, 0, 1)",0.00702641,-0.00057458,0.00197433,0.0,2024-W33
adj_close.csv,ARIMA,FXI,0.007814,0.009986,0.007682,0.005583,0.007703,0.005519,"ARIMA(1, 0, 1)",0.00090839,-0.00043689,0.00702641,0.0,2024-W34
adj_close.csv,ARIMA,FXI,0.007814,0.009986,0.007682,0.005583,0.007703,0.005519,"ARIMA(1, 0, 1)",-0.00015111,0.0001579,0.00090839,0.0,2024-W35
adj_close.csv,ARIMA,FXI,0.007814,0.009986,0.007682,0.005583,0.007703,0.005519,"ARIMA(1, 0, 1)",-0.00923893,-7.979e-05,-0.00015111,0.0,2024-W36
adj_close.csv,ARIMA,FXI,0.007814,0.009986,0.007682,0.005583,0.007703,0.005519,"ARIMA(1, 0, 1)",0.0028038,0.00106562,-0.00923893,0.0,2024-W37
adj_close.csv,ARIMA,FXI,0.007814,0.009986,0.007682,0.005583,0.007703,0.005519,"ARIMA(1, 0, 1)",0.00973592,-0.00097234,0.0028038,0.0,2024-W38
adj_close.csv,ARIMA,FXI,0.007814,0.009986,0.007682,0.005583,0.007703,0.005519,"ARIMA(1, 0, 1)",0.03393145,-0.0005523,0.00973592,0.0,2024-W39
adj_close.csv,ARIMA,FXI,0.007814,0.009986,0.007682,0.005583,0.007703,0.005519,"ARIMA(1, 0, 1)",0.02087929,-0.00217208,0.03393145,0.0,2024-W40
adj_close.csv,ARIMA,FXI,0.007814,0.009986,0.007682,0.005583,0.007703,0.005519,"ARIMA(1, 0, 1)",-0.0135547,-0.00074879,0.02087929,0.0,2024-W41
adj_close.csv,ARIMA,FXI,0.007814,0.009986,0.007682,0.005583,0.007703,0.005519,"ARIMA(1, 0, 1)",-0.00732459,0.00068406,-0.0135547,0.0,2024-W42
adj_close.csv,ARIMA,FXI,0.007814,0.009986,0.007682,0.005583,0.007703,0.005519,"ARIMA(1, 0, 1)",-0.00281739,3e-08,-0.00732459,0.0,2024-W43
adj_close.csv,ARIMA,FXI,0.007814,0.009986,0.007682,0.005583,0.007703,0.005519,"ARIMA(1, 0, 1)",-0.00025235,1e-08,-0.00281739,0.0,2024-W44
adj_close.csv,ARIMA,FXI,0.007814,0.009986,0.007682,0.005583,0.007703,0.005519,"ARIMA(1, 0, 1)",-0.00133018,0.0,-0.00025235,0.0,2024-W45
adj_close.csv,ARIMA,FXI,0.007814,0.009986,0.007682,0.005583,0.007703,0.005519,"ARIMA(1, 0, 1)",-0.00856996,1e-08,-0.00133018,0.0,2024-W46
adj_close.csv,ARIMA,FXI,0.007814,0.009986,0.007682,0.005583,0.007703,0.005519,"ARIMA(1, 0, 1)",-0.00307492,4e-08,-0.00856996,0.0,2024-W47
adj_close.csv,ARIMA,FXI,0.007814,0.009986,0.007682,0.005583,0.007703,0.005519,"ARIMA(1, 0, 1)",0.00516686,1e-08,-0.00307492,0.0,2024-W48
adj_close.csv,ARIMA,FXI,0.007814,0.009986,0.007682,0.005583,0.007703,0.005519,"ARIMA(1, 0, 1)",0.00301251,-2e-08,0.00516686,0.0,2024-W49
adj_close.csv,ARIMA,FXI,0.007814,0.009986,0.007682,0.005583,0.007703,0.005519,"ARIMA(1, 0, 1)",0.00213351,-1e-08,0.00301251,0.0,2024-W50
adj_close.csv,ARIMA,FXI,0.007814,0.009986,0.007682,0.005583,0.007703,0.005519,"ARIMA(1, 0, 1)",-0.00145087,-1e-08,0.00213351,0.0,2024-W51
adj_close.csv,ARIMA,FXI,0.007814,0.009986,0.007682,0.005583,0.007703,0.005519,"ARIMA(1, 0, 1)",0.00350911,1e-08,-0.00145087,0.0,2024-W52
adj_close.csv,ARIMA,FXI,0.007814,0.009986,0.007682,0.005583,0.007703,0.005519,"ARIMA(1, 0, 1)",-0.00375579,-1e-08,0.00350911,0.0,2025-W01
adj_close.csv,ARIMA,FXI,0.007814,0.009986,0.007682,0.005583,0.007703,0.005519,"ARIMA(1, 0, 1)",-0.01474003,2e-08,-0.00375579,0.0,2025-W02
adj_close.csv,ARIMA,FXI,0.007814,0.009986,0.007682,0.005583,0.007703,0.005519,"ARIMA(1, 0, 1)",0.01192362,5e-08,-0.01474003,0.0,2025-W03
adj_close.csv,ARIMA,FXI,0.007814,0.009986,0.007682,0.005583,0.007703,0.005519,"ARIMA(1, 0, 1)",0.00737132,-6e-08,0.01192362,0.0,2025-W04
adj_close.csv,ARIMA,FXI,0.007814,0.009986,0.007682,0.005583,0.007703,0.005519,"ARIMA(1, 0, 1)",0.00360713,-3e-08,0.00737132,0.0,2025-W05
adj_close.csv,ARIMA,FXI,0.007814,0.009986,0.007682,0.005583,0.007703,0.005519,"ARIMA(1, 0, 1)",0.00519992,-1e-08,0.00360713,0.0,2025-W06
adj_close.csv,ARIMA,FXI,0.007814,0.009986,0.007682,0.005583,0.007703,0.005519,"ARIMA(1, 0, 1)",0.01363965,-2e-08,0.00519992,0.0,2025-W07
adj_close.csv,ARIMA,FXI,0.007814,0.009986,0.007682,0.005583,0.007703,0.005519,"ARIMA(1, 0, 1)",0.00841831,-4e-08,0.01363965,0.0,2025-W08
adj_close.csv,ARIMA,FXI,0.007814,0.009986,0.007682,0.005583,0.007703,0.005519,"ARIMA(1, 0, 1)",-0.0056531,-2e-08,0.00841831,0.0,2025-W09
adj_close.csv,ARIMA,FXI,0.007814,0.009986,0.007682,0.005583,0.007703,0.005519,"ARIMA(1, 0, 1)",0.00958764,1e-08,-0.0056531,0.0,2025-W10
adj_close.csv,ARIMA,FXI,0.007814,0.009986,0.007682,0.005583,0.007703,0.005519,"ARIMA(1, 0, 1)",0.00375245,-3e-08,0.00958764,0.0,2025-W11
adj_close.csv,ARIMA,FXI,0.007814,0.009986,0.007682,0.005583,0.007703,0.005519,"ARIMA(1, 0, 1)",-0.00592872,-1e-08,0.00375245,0.0,2025-W12
adj_close.csv,ARIMA,FXI,0.007814,0.009986,0.007682,0.005583,0.007703,0.005519,"ARIMA(1, 0, 1)",-0.00397804,2e-08,-0.00592872,0.0,2025-W13
adj_close.csv,ARIMA,FXI,0.007814,0.009986,0.007682,0.005583,0.007703,0.005519,"ARIMA(1, 0, 1)",-0.01809341,1e-08,-0.00397804,0.0,2025-W14
adj_close.csv,ARIMA,FXI,0.007814,0.009986,0.007682,0.005583,0.007703,0.005519,"ARIMA(1, 0, 1)",0.001218,4e-08,-0.01809341,0.0,2025-W15
adj_close.csv,ARIMA,FXI,0.007814,0.009986,0.007682,0.005583,0.007703,0.005519,"ARIMA(1, 0, 1)",-0.00413229,-0.0,0.001218,0.0,2025-W16
adj_close.csv,ARIMA,FXI,0.007814,0.009986,0.007682,0.005583,0.007703,0.005519,"ARIMA(1, 0, 1)",0.00952273,1e-08,-0.00413229,0.0,2025-W17
adj_close.csv,ARIMA,FXI,0.007814,0.009986,0.007682,0.005583,0.007703,0.005519,"ARIMA(1, 0, 1)",0.00540024,-2e-08,0.00952273,0.0,2025-W18
adj_close.csv,ARIMA,FXI,0.007814,0.009986,0.007682,0.005583,0.007703,0.005519,"ARIMA(1, 0, 1)",-0.00045883,-1e-08,0.00540024,0.0,2025-W19
adj_close.csv,ARIMA,FXI,0.007814,0.009986,0.007682,0.005583,0.007703,0.005519,"ARIMA(1, 0, 1)",0.00459791,0.0,-0.00045883,0.0,2025-W20
adj_close.csv,ARIMA,FXI,0.007814,0.009986,0.007682,0.005583,0.007703,0.005519,"ARIMA(1, 0, 1)",0.00184334,-1e-08,0.00459791,0.0,2025-W21
adj_close.csv,ARIMA,FXI,0.007814,0.009986,0.007682,0.005583,0.007703,0.005519,"ARIMA(1, 0, 1)",-0.00683433,-0.0,0.00184334,0.0,2025-W22
adj_close.csv,ARIMA,FXI,0.007814,0.009986,0.007682,0.005583,0.007703,0.005519,"ARIMA(1, 0, 1)",0.00888537,2e-08,-0.00683433,0.0,2025-W23
adj_close.csv,ARIMA,FXI,0.007814,0.009986,0.007682,0.005583,0.007703,0.005519,"ARIMA(1, 0, 1)",-5.464e-05,-2e-08,0.00888537,0.0,2025-W24
adj_close.csv,ARIMA,FXI,0.007814,0.009986,0.007682,0.005583,0.007703,0.005519,"ARIMA(1, 0, 1)",-0.00384834,0.0,-5.464e-05,0.0,2025-W25
adj_close.csv,ARIMA,FXI,0.007814,0.009986,0.007682,0.005583,0.007703,0.005519,"ARIMA(1, 0, 1)",0.00713474,1e-08,-0.00384834,0.0,2025-W26
adj_close.csv,ARIMA,FXI,0.007814,0.009986,0.007682,0.005583,0.007703,0.005519,"ARIMA(1, 0, 1)",-0.00369466,-2e-08,0.00713474,0.0,2025-W27
adj_close.csv,ARIMA,FXI,0.007814,0.009986,0.007682,0.005583,0.007703,0.005519,"ARIMA(1, 0, 1)",0.00115464,1e-08,-0.00369466,0.0,2025-W28
adj_close.csv,ARIMA,FXI,0.007814,0.009986,0.007682,0.005583,0.007703,0.005519,"ARIMA(1, 0, 1)",0.00847994,-0.0,0.00115464,0.0,2025-W29
adj_close.csv,ARIMA,FXI,0.007814,0.009986,0.007682,0.005583,0.007703,0.005519,"ARIMA(1, 0, 1)",0.00307658,-2e-08,0.00847994,0.0,2025-W30
adj_close.csv,ARIMA,FXI,0.007814,0.009986,0.007682,0.005583,0.007703,0.005519,"ARIMA(1, 0, 1)",-0.00964679,-1e-08,0.00307658,0.0,2025-W31
adj_close.csv,ARIMA,FXI,0.007814,0.009986,0.007682,0.005583,0.007703,0.005519,"ARIMA(1, 0, 1)",0.00451023,3e-08,-0.00964679,0.0,2025-W32
adj_close.csv,ARIMA,FXI,0.007814,0.009986,0.007682,0.005583,0.007703,0.005519,"ARIMA(1, 0, 1)",0.00352595,-1e-08,0.00451023,0.0,2025-W33
adj_close.csv,ARIMA,FXI,0.007814,0.009986,0.007682,0.005583,0.007703,0.005519,"ARIMA(1, 0, 1)",0.0046406,-1e-08,0.00352595,0.0,2025-W34
adj_close.csv,ARIMA,FXI,0.007814,0.009986,0.007682,0.005583,0.007703,0.005519,"ARIMA(1, 0, 1)",-0.00168908,-1e-08,0.0046406,0.0,2025-W35
adj_close.csv,ARIMA,FXI,0.007814,0.009986,0.007682,0.005583,0.007703,0.005519,"ARIMA(1, 0, 1)",-6.425e-05,0.0,-0.00168908,0.0,2025-W36
adj_close.csv,ARIMA,FXI,0.007814,0.009986,0.007682,0.005583,0.007703,0.005519,"ARIMA(1, 0, 1)",0.00801215,0.0,-6.425e-05,0.0,2025-W37
adj_close.csv,ARIMA,FXI,0.007814,0.009986,0.007682,0.005583,0.007703,0.005519,"ARIMA(1, 0, 1)",0.00216164,-2e-08,0.00801215,0.0,2025-W38
adj_close.csv,ARIMA,FXI,0.007814,0.009986,0.007682,0.005583,0.007703,0.005519,"ARIMA(1, 0, 1)",-0.00295353,-1e-08,0.00216164,0.0,2025-W39
adj_close.csv,ARIMA,FXI,0.007814,0.009986,0.007682,0.005583,0.007703,0.005519,"ARIMA(1, 0, 1)",0.00533364,1e-08,-0.00295353,0.0,2025-W40
adj_close.csv,ARIMA,FXI,0.007814,0.009986,0.007682,0.005583,0.007703,0.005519,"ARIMA(1, 0, 1)",-0.01550618,-1e-08,0.00533364,0.0,2025-W41
adj_close.csv,ARIMA,FXI,0.007814,0.009986,0.007682,0.005583,0.007703,0.005519,"ARIMA(1, 0, 1)",0.00852931,5e-08,-0.01550618,0.0,2025-W42
adj_close.csv,ARIMA,FXI,0.007814,0.009986,0.007682,0.005583,0.007703,0.005519,"ARIMA(1, 0, 1)",0.00273127,-3e-08,0.00852931,0.0,2025-W43
adj_close.csv,ARIMA,FXI,0.007814,0.009986,0.007682,0.005583,0.007703,0.005519,"ARIMA(1, 0, 1)",-0.00418654,-1e-08,0.00273127,0.0,2025-W44
adj_close.csv,ARIMA,FXI,0.007814,0.009986,0.007682,0.005583,0.007703,0.005519,"ARIMA(1, 0, 1)",0.00115504,1e-08,-0.00418654,0.0,2025-W45
adj_close.csv,ARIMA,FXI,0.007814,0.009986,0.007682,0.005583,0.007703,0.005519,"ARIMA(1, 0, 1)",0.00089932,-0.0,0.00115504,0.0,2025-W46
adj_close.csv,ARIMA,FXI,0.007814,0.009986,0.007682,0.005583,0.007703,0.005519,"ARIMA(1, 0, 1)",-0.00710373,-0.0,0.00089932,0.0,2025-W47
adj_close.csv,ARIMA,FXI,0.007814,0.009986,0.007682,0.005583,0.007703,0.005519,"ARIMA(1, 0, 1)",0.00517589,3e-08,-0.00710373,0.0,2025-W48
adj_close.csv,ARIMA,FXI,0.007814,0.009986,0.007682,0.005583,0.007703,0.005519,"ARIMA(1, 0, 1)",0.00181317,-0.00039164,0.00517589,0.0,2025-W49
adj_close.csv,ARIMA,FXI,0.007814,0.009986,0.007682,0.005583,0.007703,0.005519,"ARIMA(1, 0, 1)",-0.00410296,0.00053078,0.00181317,0.0,2025-W50
adj_close.csv,ARIMA,FXI,0.007814,0.009986,0.007682,0.005583,0.007703,0.005519,"ARIMA(1, 0, 1)",-0.00031246,-0.00068224,-0.00410296,0.0,2025-W51
adj_close.csv,ARIMA,FXI,0.007814,0.009986,0.007682,0.005583,0.007703,0.005519,"ARIMA(1, 0, 1)",0.00212823,0.00065143,-0.00031246,0.0,2025-W52
adj_close.csv,ARIMA,FXI,0.007814,0.009986,0.007682,0.005583,0.007703,0.005519,"ARIMA(1, 0, 1)",0.00565103,-0.00058519,0.00212823,0.0,2026-W01
adj_close.csv,ARIMA,FXI,0.007814,0.009986,0.007682,0.005583,0.007703,0.005519,"ARIMA(1, 0, 1)",-0.00237467,0.00039955,0.00565103,0.0,2026-W02
adj_close.csv,ARIMA,FXI,0.007814,0.009986,0.007682,0.005583,0.007703,0.005519,"ARIMA(1, 0, 1)",-0.00025429,-9.665e-05,-0.00237467,0.0,2026-W03
adj_close.csv,ARIMA,FXI,0.007814,0.009986,0.007682,0.005583,0.007703,0.005519,"ARIMA(1, 0, 1)",0.000889,8.435e-05,-0.00025429,0.0,2026-W04
adj_close.csv,ARIMA,FXI,0.007814,0.009986,0.007682,0.005583,0.007703,0.005519,"ARIMA(1, 0, 1)",0.00086023,-9.048e-05,0.000889,0.0,2026-W05
adj_close.csv,ARIMA,FXI,0.007814,0.009986,0.007682,0.005583,0.007703,0.005519,"ARIMA(1, 0, 1)",-0.01117053,4.313e-05,0.00086023,0.0,2026-W06
adj_close.csv,ARIMA,HYG,0.001325,0.001731,0.001313,0.000989,0.001363,0.000973,"ARIMA(0, 0, 1)",0.00079345,-1.43e-05,0.0,0.0,2024-W30
adj_close.csv,ARIMA,HYG,0.001325,0.001731,0.001313,0.000989,0.001363,0.000973,"ARIMA(0, 0, 1)",-0.00046867,-7.563e-05,0.00079345,0.0,2024-W31
adj_close.csv,ARIMA,HYG,0.001325,0.001731,0.001313,0.000989,0.001363,0.000973,"ARIMA(0, 0, 1)",0.0006938,3.691e-05,-0.00046867,0.0,2024-W32
adj_close.csv,ARIMA,HYG,0.001325,0.001731,0.001313,0.000989,0.001363,0.000973,"ARIMA(0, 0, 1)",0.00221919,-6.188e-05,0.0006938,0.0,2024-W33
adj_close.csv,ARIMA,HYG,0.001325,0.001731,0.001313,0.000989,0.001363,0.000973,"ARIMA(0, 0, 1)",0.0014156,-0.00021131,0.00221919,0.0,2024-W34
adj_close.csv,ARIMA,HYG,0.001325,0.001731,0.001313,0.000989,0.001363,0.000973,"ARIMA(0, 0, 1)",-0.00015113,-0.00014341,0.0014156,0.0,2024-W35
adj_close.csv,ARIMA,HYG,0.001325,0.001731,0.001313,0.000989,0.001363,0.000973,"ARIMA(0, 0, 1)",0.00056924,6.8e-07,-0.00015113,0.0,2024-W36
adj_close.csv,ARIMA,HYG,0.001325,0.001731,0.001313,0.000989,0.001363,0.000973,"ARIMA(0, 0, 1)",0.00123449,-5.037e-05,0.00056924,0.0,2024-W37
adj_close.csv,ARIMA,HYG,0.001325,0.001731,0.001313,0.000989,0.001363,0.000973,"ARIMA(0, 0, 1)",0.00157607,-0.0001128,0.00123449,0.0,2024-W38
adj_close.csv,ARIMA,HYG,0.001325,0.001731,0.001313,0.000989,0.001363,0.000973,"ARIMA(0, 0, 1)",0.00024905,-0.00014409,0.00157607,0.0,2024-W39
adj_close.csv,ARIMA,HYG,0.001325,0.001731,0.001313,0.000989,0.001363,0.000973,"ARIMA(0, 0, 1)",-0.00092677,-3.32e-05,0.00024905,0.0,2024-W40
adj_close.csv,ARIMA,HYG,0.001325,0.001731,0.001313,0.000989,0.001363,0.000973,"ARIMA(0, 0, 1)",-7.535e-05,7.613e-05,-0.00092677,0.0,2024-W41
adj_close.csv,ARIMA,HYG,0.001325,0.001731,0.001313,0.000989,0.001363,0.000973,"ARIMA(0, 0, 1)",0.00057725,1.288e-05,-7.535e-05,0.0,2024-W42
adj_close.csv,ARIMA,HYG,0.001325,0.001731,0.001313,0.000989,0.001363,0.000973,"ARIMA(0, 0, 1)",-0.00130754,-4.809e-05,0.00057725,0.0,2024-W43
adj_close.csv,ARIMA,HYG,0.001325,0.001731,0.001313,0.000989,0.001363,0.000973,"ARIMA(0, 0, 1)",-0.00034077,0.0001082,-0.00130754,0.0,2024-W44
adj_close.csv,ARIMA,HYG,0.001325,0.001731,0.001313,0.000989,0.001363,0.000973,"ARIMA(0, 0, 1)",0.00264902,3.827e-05,-0.00034077,0.0,2024-W45
adj_close.csv,ARIMA,HYG,0.001325,0.001731,0.001313,0.000989,0.001363,0.000973,"ARIMA(0, 0, 1)",-0.00143368,-0.00022657,0.00264902,0.0,2024-W46
adj_close.csv,ARIMA,HYG,0.001325,0.001731,0.001313,0.000989,0.001363,0.000973,"ARIMA(0, 0, 1)",0.00065522,0.00010795,-0.00143368,0.0,2024-W47
adj_close.csv,ARIMA,HYG,0.001325,0.001731,0.001313,0.000989,0.001363,0.000973,"ARIMA(0, 0, 1)",0.00172387,-4.955e-05,0.00065522,0.0,2024-W48
adj_close.csv,ARIMA,HYG,0.001325,0.001731,0.001313,0.000989,0.001363,0.000973,"ARIMA(0, 0, 1)",0.00055393,-0.00015906,0.00172387,0.0,2024-W49
adj_close.csv,ARIMA,HYG,0.001325,0.001731,0.001313,0.000989,0.001363,0.000973,"ARIMA(0, 0, 1)",-0.00123027,-6.281e-05,0.00055393,0.0,2024-W50
adj_close.csv,ARIMA,HYG,0.001325,0.001731,0.001313,0.000989,0.001363,0.000973,"ARIMA(0, 0, 1)",-0.00106845,0.00010428,-0.00123027,0.0,2024-W51
adj_close.csv,ARIMA,HYG,0.001325,0.001731,0.001313,0.000989,0.001363,0.000973,"ARIMA(0, 0, 1)",-9.543e-05,0.00010313,-0.00106845,0.0,2024-W52
adj_close.csv,ARIMA,HYG,0.001325,0.001731,0.001313,0.000989,0.001363,0.000973,"ARIMA(0, 0, 1)",0.00130153,1.74e-05,-9.543e-05,0.0,2025-W01
adj_close.csv,ARIMA,HYG,0.001325,0.001731,0.001313,0.000989,0.001363,0.000973,"ARIMA(0, 0, 1)",-0.00136517,-0.00011321,0.00130153,0.0,2025-W02
adj_close.csv,ARIMA,HYG,0.001325,0.001731,0.001313,0.000989,0.001363,0.000973,"ARIMA(0, 0, 1)",0.00235459,0.00011225,-0.00136517,0.0,2025-W03
adj_close.csv,ARIMA,HYG,0.001325,0.001731,0.001313,0.000989,0.001363,0.000973,"ARIMA(0, 0, 1)",0.00091076,-0.00020718,0.00235459,0.0,2025-W04
adj_close.csv,ARIMA,HYG,0.001325,0.001731,0.001313,0.000989,0.001363,0.000973,"ARIMA(0, 0, 1)",-7.531e-05,-0.00010014,0.00091076,0.0,2025-W05
adj_close.csv,ARIMA,HYG,0.001325,0.001731,0.001313,0.000989,0.001363,0.000973,"ARIMA(0, 0, 1)",-2.516e-05,-2.23e-06,-7.531e-05,0.0,2025-W06
adj_close.csv,ARIMA,HYG,0.001325,0.001731,0.001313,0.000989,0.001363,0.000973,"ARIMA(0, 0, 1)",0.00103075,2.06e-06,-2.516e-05,0.0,2025-W07
adj_close.csv,ARIMA,HYG,0.001325,0.001731,0.001313,0.000989,0.001363,0.000973,"ARIMA(0, 0, 1)",-0.00034499,-9.257e-05,0.00103075,0.0,2025-W08
adj_close.csv,ARIMA,HYG,0.001325,0.001731,0.001313,0.000989,0.001363,0.000973,"ARIMA(0, 0, 1)",0.00120165,2.276e-05,-0.00034499,0.0,2025-W09
adj_close.csv,ARIMA,HYG,0.001325,0.001731,0.001313,0.000989,0.001363,0.000973,"ARIMA(0, 0, 1)",-0.00076883,-0.00010667,0.00120165,0.0,2025-W10
adj_close.csv,ARIMA,HYG,0.001325,0.001731,0.001313,0.000989,0.001363,0.000973,"ARIMA(0, 0, 1)",-0.00144008,6.036e-05,-0.00076883,0.0,2025-W11
adj_close.csv,ARIMA,HYG,0.001325,0.001731,0.001313,0.000989,0.001363,0.000973,"ARIMA(0, 0, 1)",0.00086027,0.00013553,-0.00144008,0.0,2025-W12
adj_close.csv,ARIMA,HYG,0.001325,0.001731,0.001313,0.000989,0.001363,0.000973,"ARIMA(0, 0, 1)",-0.00106317,-6.615e-05,0.00086027,0.0,2025-W13
adj_close.csv,ARIMA,HYG,0.001325,0.001731,0.001313,0.000989,0.001363,0.000973,"ARIMA(0, 0, 1)",-0.00427508,9.183e-05,-0.00106317,0.0,2025-W14
adj_close.csv,ARIMA,HYG,0.001325,0.001731,0.001313,0.000989,0.001363,0.000973,"ARIMA(0, 0, 1)",-5.214e-05,0.00038294,-0.00427508,0.0,2025-W15
adj_close.csv,ARIMA,HYG,0.001325,0.001731,0.001313,0.000989,0.001363,0.000973,"ARIMA(0, 0, 1)",0.00333318,3.662e-05,-5.214e-05,0.0,2025-W16
adj_close.csv,ARIMA,HYG,0.001325,0.001731,0.001313,0.000989,0.001363,0.000973,"ARIMA(0, 0, 1)",0.0025553,-0.00029022,0.00333318,0.0,2025-W17
adj_close.csv,ARIMA,HYG,0.001325,0.001731,0.001313,0.000989,0.001363,0.000973,"ARIMA(0, 0, 1)",0.00043812,-0.00022267,0.0025553,0.0,2025-W18
adj_close.csv,ARIMA,HYG,0.001325,0.001731,0.001313,0.000989,0.001363,0.000973,"ARIMA(0, 0, 1)",2.548e-05,-5.043e-05,0.00043812,0.0,2025-W19
adj_close.csv,ARIMA,HYG,0.001325,0.001731,0.001313,0.000989,0.001363,0.000973,"ARIMA(0, 0, 1)",0.00220296,-5.83e-06,2.548e-05,0.0,2025-W20
adj_close.csv,ARIMA,HYG,0.001325,0.001731,0.001313,0.000989,0.001363,0.000973,"ARIMA(0, 0, 1)",-0.00118709,-0.0001691,0.00220296,0.0,2025-W21
adj_close.csv,ARIMA,HYG,0.001325,0.001731,0.001313,0.000989,0.001363,0.000973,"ARIMA(0, 0, 1)",0.00195563,7.983e-05,-0.00118709,0.0,2025-W22
adj_close.csv,ARIMA,HYG,0.001325,0.001731,0.001313,0.000989,0.001363,0.000973,"ARIMA(0, 0, 1)",0.00026752,-0.00015076,0.00195563,0.0,2025-W23
adj_close.csv,ARIMA,HYG,0.001325,0.001731,0.001313,0.000989,0.001363,0.000973,"ARIMA(0, 0, 1)",0.00015123,-3.321e-05,0.00026752,0.0,2025-W24
adj_close.csv,ARIMA,HYG,0.001325,0.001731,0.001313,0.000989,0.001363,0.000973,"ARIMA(0, 0, 1)",0.00138229,-1.467e-05,0.00015123,0.0,2025-W25
adj_close.csv,ARIMA,HYG,0.001325,0.001731,0.001313,0.000989,0.001363,0.000973,"ARIMA(0, 0, 1)",0.0013488,-0.00011066,0.00138229,0.0,2025-W26
adj_close.csv,ARIMA,HYG,0.001325,0.001731,0.001313,0.000989,0.001363,0.000973,"ARIMA(0, 0, 1)",0.00127097,-0.00011246,0.0013488,0.0,2025-W27
adj_close.csv,ARIMA,HYG,0.001325,0.001731,0.001313,0.000989,0.001363,0.000973,"ARIMA(0, 0, 1)",-0.00084788,-0.00010369,0.00127097,0.0,2025-W28
adj_close.csv,ARIMA,HYG,0.001325,0.001731,0.001313,0.000989,0.001363,0.000973,"ARIMA(0, 0, 1)",0.00054902,5.658e-05,-0.00084788,0.0,2025-W29
adj_close.csv,ARIMA,HYG,0.001325,0.001731,0.001313,0.000989,0.001363,0.000973,"ARIMA(0, 0, 1)",0.00059726,-3.766e-05,0.00054902,0.0,2025-W30
adj_close.csv,ARIMA,HYG,0.001325,0.001731,0.001313,0.000989,0.001363,0.000973,"ARIMA(0, 0, 1)",-0.00026352,-4.838e-05,0.00059726,0.0,2025-W31
adj_close.csv,ARIMA,HYG,0.001325,0.001731,0.001313,0.000989,0.001363,0.000973,"ARIMA(0, 0, 1)",0.00059927,1.642e-05,-0.00026352,0.0,2025-W32
adj_close.csv,ARIMA,HYG,0.001325,0.001731,0.001313,0.000989,0.001363,0.000973,"ARIMA(0, 0, 1)",0.00059742,-4.455e-05,0.00059927,0.0,2025-W33
adj_close.csv,ARIMA,HYG,0.001325,0.001731,0.001313,0.000989,0.001363,0.000973,"ARIMA(0, 0, 1)",0.00096709,-4.882e-05,0.00059742,0.0,2025-W34
adj_close.csv,ARIMA,HYG,0.001325,0.001731,0.001313,0.000989,0.001363,0.000973,"ARIMA(0, 0, 1)",2.474e-05,-7.658e-05,0.00096709,0.0,2025-W35
adj_close.csv,ARIMA,HYG,0.001325,0.001731,0.001313,0.000989,0.001363,0.000973,"ARIMA(0, 0, 1)",0.0012179,-7.62e-06,2.474e-05,0.0,2025-W36
adj_close.csv,ARIMA,HYG,0.001325,0.001731,0.001313,0.000989,0.001363,0.000973,"ARIMA(0, 0, 1)",0.00022242,-9.205e-05,0.0012179,0.0,2025-W37
adj_close.csv,ARIMA,HYG,0.001325,0.001731,0.001313,0.000989,0.001363,0.000973,"ARIMA(0, 0, 1)",0.00073975,-2.347e-05,0.00022242,0.0,2025-W38
adj_close.csv,ARIMA,HYG,0.001325,0.001731,0.001313,0.000989,0.001363,0.000973,"ARIMA(0, 0, 1)",-0.00044351,-5.681e-05,0.00073975,0.0,2025-W39
adj_close.csv,ARIMA,HYG,0.001325,0.001731,0.001313,0.000989,0.001363,0.000973,"ARIMA(0, 0, 1)",0.00034782,2.889e-05,-0.00044351,0.0,2025-W40
adj_close.csv,ARIMA,HYG,0.001325,0.001731,0.001313,0.000989,0.001363,0.000973,"ARIMA(0, 0, 1)",-0.00221405,-2.387e-05,0.00034782,0.0,2025-W41
adj_close.csv,ARIMA,HYG,0.001325,0.001731,0.001313,0.000989,0.001363,0.000973,"ARIMA(0, 0, 1)",0.00191699,0.00016537,-0.00221405,0.0,2025-W42
adj_close.csv,ARIMA,HYG,0.001325,0.001731,0.001313,0.000989,0.001363,0.000973,"ARIMA(0, 0, 1)",0.00088999,-0.00013806,0.00191699,0.0,2025-W43
adj_close.csv,ARIMA,HYG,0.001325,0.001731,0.001313,0.000989,0.001363,0.000973,"ARIMA(0, 0, 1)",-0.00069188,-7.954e-05,0.00088999,0.0,2025-W44
adj_close.csv,ARIMA,HYG,0.001325,0.001731,0.001313,0.000989,0.001363,0.000973,"ARIMA(0, 0, 1)",-0.00014933,4.783e-05,-0.00069188,0.0,2025-W45
adj_close.csv,ARIMA,HYG,0.001325,0.001731,0.001313,0.000989,0.001363,0.000973,"ARIMA(0, 0, 1)",-0.00027405,1.539e-05,-0.00014933,0.0,2025-W46
adj_close.csv,ARIMA,HYG,0.001325,0.001731,0.001313,0.000989,0.001363,0.000973,"ARIMA(0, 0, 1)",0.00037361,2.259e-05,-0.00027405,0.0,2025-W47
adj_close.csv,ARIMA,HYG,0.001325,0.001731,0.001313,0.000989,0.001363,0.000973,"ARIMA(0, 0, 1)",0.00192118,-2.743e-05,0.00037361,0.0,2025-W48
adj_close.csv,ARIMA,HYG,0.001325,0.001731,0.001313,0.000989,0.001363,0.000973,"ARIMA(0, 0, 1)",0.00033464,-0.00015104,0.00192118,0.0,2025-W49
adj_close.csv,ARIMA,HYG,0.001325,0.001731,0.001313,0.000989,0.001363,0.000973,"ARIMA(0, 0, 1)",-0.00044632,-3.707e-05,0.00033464,0.0,2025-W50
adj_close.csv,ARIMA,HYG,0.001325,0.001731,0.001313,0.000989,0.001363,0.000973,"ARIMA(0, 0, 1)",0.00042358,3.143e-05,-0.00044632,0.0,2025-W51
adj_close.csv,ARIMA,HYG,0.001325,0.001731,0.001313,0.000989,0.001363,0.000973,"ARIMA(0, 0, 1)",0.00074552,-3.018e-05,0.00042358,0.0,2025-W52
adj_close.csv,ARIMA,HYG,0.001325,0.001731,0.001313,0.000989,0.001363,0.000973,"ARIMA(0, 0, 1)",0.00021703,-5.948e-05,0.00074552,0.0,2026-W01
adj_close.csv,ARIMA,HYG,0.001325,0.001731,0.001313,0.000989,0.001363,0.000973,"ARIMA(0, 0, 1)",0.00081648,-2.113e-05,0.00021703,0.0,2026-W02
adj_close.csv,ARIMA,HYG,0.001325,0.001731,0.001313,0.000989,0.001363,0.000973,"ARIMA(0, 0, 1)",0.00022209,-6.384e-05,0.00081648,0.0,2026-W03
adj_close.csv,ARIMA,HYG,0.001325,0.001731,0.001313,0.000989,0.001363,0.000973,"ARIMA(0, 0, 1)",0.00015411,-2.171e-05,0.00022209,0.0,2026-W04
adj_close.csv,ARIMA,HYG,0.001325,0.001731,0.001313,0.000989,0.001363,0.000973,"ARIMA(0, 0, 1)",-4.93e-05,-1.335e-05,0.00015411,0.0,2026-W05
adj_close.csv,ARIMA,HYG,0.001325,0.001731,0.001313,0.000989,0.001363,0.000973,"ARIMA(0, 0, 1)",-0.00432401,2.73e-06,-4.93e-05,0.0,2026-W06
adj_close.csv,ARIMA,IEF,0.001918,0.002878,0.001926,0.001415,0.002104,0.001415,"ARIMA(1, 0, 0)",0.00090726,1.789e-05,-0.0007809,0.0,2024-W30
adj_close.csv,ARIMA,IEF,0.001918,0.002878,0.001926,0.001415,0.002104,0.001415,"ARIMA(1, 0, 0)",0.00614547,-2.15e-05,0.00090726,0.0,2024-W31
adj_close.csv,ARIMA,IEF,0.001918,0.002878,0.001926,0.001415,0.002104,0.001415,"ARIMA(1, 0, 0)",-0.00209941,-0.00010692,0.00614547,0.0,2024-W32
adj_close.csv,ARIMA,IEF,0.001918,0.002878,0.001926,0.001415,0.002104,0.001415,"ARIMA(1, 0, 0)",0.00084652,6.429e-05,-0.00209941,0.0,2024-W33
adj_close.csv,ARIMA,IEF,0.001918,0.002878,0.001926,0.001415,0.002104,0.001415,"ARIMA(1, 0, 0)",0.00147796,-2.742e-05,0.00084652,0.0,2024-W34
adj_close.csv,ARIMA,IEF,0.001918,0.002878,0.001926,0.001415,0.002104,0.001415,"ARIMA(1, 0, 0)",-0.00147796,-4.584e-05,0.00147796,0.0,2024-W35
adj_close.csv,ARIMA,IEF,0.001918,0.002878,0.001926,0.001415,0.002104,0.001415,"ARIMA(1, 0, 0)",0.00404329,4.919e-05,-0.00147796,0.0,2024-W36
adj_close.csv,ARIMA,IEF,0.001918,0.002878,0.001926,0.001415,0.002104,0.001415,"ARIMA(1, 0, 0)",0.00105453,-0.0001601,0.00404329,0.0,2024-W37
adj_close.csv,ARIMA,IEF,0.001918,0.002878,0.001926,0.001415,0.002104,0.001415,"ARIMA(1, 0, 0)",-0.00093256,-3.631e-05,0.00105453,0.0,2024-W38
adj_close.csv,ARIMA,IEF,0.001918,0.002878,0.001926,0.001415,0.002104,0.001415,"ARIMA(1, 0, 0)",-6.095e-05,3.304e-05,-0.00093256,0.0,2024-W39
adj_close.csv,ARIMA,IEF,0.001918,0.002878,0.001926,0.001415,0.002104,0.001415,"ARIMA(1, 0, 0)",-0.00335766,2.15e-06,-6.095e-05,0.0,2024-W40
adj_close.csv,ARIMA,IEF,0.001918,0.002878,0.001926,0.001415,0.002104,0.001415,"ARIMA(1, 0, 0)",-0.00126868,0.00011793,-0.00335766,0.0,2024-W41
adj_close.csv,ARIMA,IEF,0.001918,0.002878,0.001926,0.001415,0.002104,0.001415,"ARIMA(1, 0, 0)",0.0001669,3.844e-05,-0.00126868,0.0,2024-W42
adj_close.csv,ARIMA,IEF,0.001918,0.002878,0.001926,0.001415,0.002104,0.001415,"ARIMA(1, 0, 0)",-0.00220096,-5.08e-06,0.0001669,0.0,2024-W43
adj_close.csv,ARIMA,IEF,0.001918,0.002878,0.001926,0.001415,0.002104,0.001415,"ARIMA(1, 0, 0)",-0.00196927,6.789e-05,-0.00220096,0.0,2024-W44
adj_close.csv,ARIMA,IEF,0.001918,0.002878,0.001926,0.001415,0.002104,0.001415,"ARIMA(1, 0, 0)",0.00112849,5.165e-05,-0.00196927,0.0,2024-W45
adj_close.csv,ARIMA,IEF,0.001918,0.002878,0.001926,0.001415,0.002104,0.001415,"ARIMA(1, 0, 0)",-0.00187715,-3.205e-05,0.00112849,0.0,2024-W46
adj_close.csv,ARIMA,IEF,0.001918,0.002878,0.001926,0.001415,0.002104,0.001415,"ARIMA(1, 0, 0)",0.00059916,5.732e-05,-0.00187715,0.0,2024-W47
adj_close.csv,ARIMA,IEF,0.001918,0.002878,0.001926,0.001415,0.002104,0.001415,"ARIMA(1, 0, 0)",0.00421118,-1.892e-05,0.00059916,0.0,2024-W48
adj_close.csv,ARIMA,IEF,0.001918,0.002878,0.001926,0.001415,0.002104,0.001415,"ARIMA(1, 0, 0)",0.00078242,-0.00012208,0.00421118,0.0,2024-W49
adj_close.csv,ARIMA,IEF,0.001918,0.002878,0.001926,0.001415,0.002104,0.001415,"ARIMA(1, 0, 0)",-0.00334468,-1.97e-05,0.00078242,0.0,2024-W50
adj_close.csv,ARIMA,IEF,0.001918,0.002878,0.001926,0.001415,0.002104,0.001415,"ARIMA(1, 0, 0)",-0.00166048,9.291e-05,-0.00334468,0.0,2024-W51
adj_close.csv,ARIMA,IEF,0.001918,0.002878,0.001926,0.001415,0.002104,0.001415,"ARIMA(1, 0, 0)",-0.00143487,3.649e-05,-0.00166048,0.0,2024-W52
adj_close.csv,ARIMA,IEF,0.001918,0.002878,0.001926,0.001415,0.002104,0.001415,"ARIMA(1, 0, 0)",0.00073197,2.807e-05,-0.00143487,0.0,2025-W01
adj_close.csv,ARIMA,IEF,0.001918,0.002878,0.001926,0.001415,0.002104,0.001415,"ARIMA(1, 0, 0)",-0.0027766,-1.505e-05,0.00073197,0.0,2025-W02
adj_close.csv,ARIMA,IEF,0.001918,0.002878,0.001926,0.001415,0.002104,0.001415,"ARIMA(1, 0, 0)",0.0024377,6.26e-05,-0.0027766,0.0,2025-W03
adj_close.csv,ARIMA,IEF,0.001918,0.002878,0.001926,0.001415,0.002104,0.001415,"ARIMA(1, 0, 0)",5.412e-05,-7.067e-05,0.0024377,0.0,2025-W04
adj_close.csv,ARIMA,IEF,0.001918,0.002878,0.001926,0.001415,0.002104,0.001415,"ARIMA(1, 0, 0)",0.001186,-1.55e-06,5.412e-05,0.0,2025-W05
adj_close.csv,ARIMA,IEF,0.001918,0.002878,0.001926,0.001415,0.002104,0.001415,"ARIMA(1, 0, 0)",0.00089531,-3.396e-05,0.001186,0.0,2025-W06
adj_close.csv,ARIMA,IEF,0.001918,0.002878,0.001926,0.001415,0.002104,0.001415,"ARIMA(1, 0, 0)",0.00038618,-2.468e-05,0.00089531,0.0,2025-W07
adj_close.csv,ARIMA,IEF,0.001918,0.002878,0.001926,0.001415,0.002104,0.001415,"ARIMA(1, 0, 0)",0.00104258,-1.051e-05,0.00038618,0.0,2025-W08
adj_close.csv,ARIMA,IEF,0.001918,0.002878,0.001926,0.001415,0.002104,0.001415,"ARIMA(1, 0, 0)",0.00340695,-2.795e-05,0.00104258,0.0,2025-W09
adj_close.csv,ARIMA,IEF,0.001918,0.002878,0.001926,0.001415,0.002104,0.001415,"ARIMA(1, 0, 0)",-0.00138308,-7.953e-05,0.00340695,0.0,2025-W10
adj_close.csv,ARIMA,IEF,0.001918,0.002878,0.001926,0.001415,0.002104,0.001415,"ARIMA(1, 0, 0)",0.00019064,3.817e-05,-0.00138308,0.0,2025-W11
adj_close.csv,ARIMA,IEF,0.001918,0.002878,0.001926,0.001415,0.002104,0.001415,"ARIMA(1, 0, 0)",0.00113983,-5.3e-06,0.00019064,0.0,2025-W12
adj_close.csv,ARIMA,IEF,0.001918,0.002878,0.001926,0.001415,0.002104,0.001415,"ARIMA(1, 0, 0)",0.00014729,-3.145e-05,0.00113983,0.0,2025-W13
adj_close.csv,ARIMA,IEF,0.001918,0.002878,0.001926,0.001415,0.002104,0.001415,"ARIMA(1, 0, 0)",0.00370666,-4.04e-06,0.00014729,0.0,2025-W14
adj_close.csv,ARIMA,IEF,0.001918,0.002878,0.001926,0.001415,0.002104,0.001415,"ARIMA(1, 0, 0)",-0.00641923,-9.961e-05,0.00370666,0.0,2025-W15
adj_close.csv,ARIMA,IEF,0.001918,0.002878,0.001926,0.001415,0.002104,0.001415,"ARIMA(1, 0, 0)",0.0031086,0.0003142,-0.00641923,0.0,2025-W16
adj_close.csv,ARIMA,IEF,0.001918,0.002878,0.001926,0.001415,0.002104,0.001415,"ARIMA(1, 0, 0)",0.00111646,-0.00020273,0.0031086,0.0,2025-W17
adj_close.csv,ARIMA,IEF,0.001918,0.002878,0.001926,0.001415,0.002104,0.001415,"ARIMA(1, 0, 0)",-0.00042154,-6.87e-05,0.00111646,0.0,2025-W18
adj_close.csv,ARIMA,IEF,0.001918,0.002878,0.001926,0.001415,0.002104,0.001415,"ARIMA(1, 0, 0)",-0.00074055,2.609e-05,-0.00042154,0.0,2025-W19
adj_close.csv,ARIMA,IEF,0.001918,0.002878,0.001926,0.001415,0.002104,0.001415,"ARIMA(1, 0, 0)",-0.00080713,4.561e-05,-0.00074055,0.0,2025-W20
adj_close.csv,ARIMA,IEF,0.001918,0.002878,0.001926,0.001415,0.002104,0.001415,"ARIMA(1, 0, 0)",-0.00042608,4.926e-05,-0.00080713,0.0,2025-W21
adj_close.csv,ARIMA,IEF,0.001918,0.002878,0.001926,0.001415,0.002104,0.001415,"ARIMA(1, 0, 0)",0.00212375,2.586e-05,-0.00042608,0.0,2025-W22
adj_close.csv,ARIMA,IEF,0.001918,0.002878,0.001926,0.001415,0.002104,0.001415,"ARIMA(1, 0, 0)",-0.00159768,-0.00013058,0.00212375,0.0,2025-W23
adj_close.csv,ARIMA,IEF,0.001918,0.002878,0.001926,0.001415,0.002104,0.001415,"ARIMA(1, 0, 0)",0.00166135,0.00010268,-0.00159768,0.0,2025-W24
adj_close.csv,ARIMA,IEF,0.001918,0.002878,0.001926,0.001415,0.002104,0.001415,"ARIMA(1, 0, 0)",0.0008206,-0.00011046,0.00166135,0.0,2025-W25
adj_close.csv,ARIMA,IEF,0.001918,0.002878,0.001926,0.001415,0.002104,0.001415,"ARIMA(1, 0, 0)",0.00166324,-5.343e-05,0.0008206,0.0,2025-W26
adj_close.csv,ARIMA,IEF,0.001918,0.002878,0.001926,0.001415,0.002104,0.001415,"ARIMA(1, 0, 0)",-0.00086437,-0.00010621,0.00166324,0.0,2025-W27
adj_close.csv,ARIMA,IEF,0.001918,0.002878,0.001926,0.001415,0.002104,0.001415,"ARIMA(1, 0, 0)",-0.0009308,5.616e-05,-0.00086437,0.0,2025-W28
adj_close.csv,ARIMA,IEF,0.001918,0.002878,0.001926,0.001415,0.002104,0.001415,"ARIMA(1, 0, 0)",0.00016954,5.978e-05,-0.0009308,0.0,2025-W29
adj_close.csv,ARIMA,IEF,0.001918,0.002878,0.001926,0.001415,0.002104,0.001415,"ARIMA(1, 0, 0)",0.00071905,-1.09e-05,0.00016954,0.0,2025-W30
adj_close.csv,ARIMA,IEF,0.001918,0.002878,0.001926,0.001415,0.002104,0.001415,"ARIMA(1, 0, 0)",0.00262687,-4.616e-05,0.00071905,0.0,2025-W31
adj_close.csv,ARIMA,IEF,0.001918,0.002878,0.001926,0.001415,0.002104,0.001415,"ARIMA(1, 0, 0)",-0.0006281,-0.00016419,0.00262687,0.0,2025-W32
adj_close.csv,ARIMA,IEF,0.001918,0.002878,0.001926,0.001415,0.002104,0.001415,"ARIMA(1, 0, 0)",-0.00031474,3.993e-05,-0.0006281,0.0,2025-W33
adj_close.csv,ARIMA,IEF,0.001918,0.002878,0.001926,0.001415,0.002104,0.001415,"ARIMA(1, 0, 0)",0.00113088,1.995e-05,-0.00031474,0.0,2025-W34
adj_close.csv,ARIMA,IEF,0.001918,0.002878,0.001926,0.001415,0.002104,0.001415,"ARIMA(1, 0, 0)",0.00079199,-7.202e-05,0.00113088,0.0,2025-W35
adj_close.csv,ARIMA,IEF,0.001918,0.002878,0.001926,0.001415,0.002104,0.001415,"ARIMA(1, 0, 0)",0.00245047,-4.976e-05,0.00079199,0.0,2025-W36
adj_close.csv,ARIMA,IEF,0.001918,0.002878,0.001926,0.001415,0.002104,0.001415,"ARIMA(1, 0, 0)",0.00041291,-0.0001497,0.00245047,0.0,2025-W37
adj_close.csv,ARIMA,IEF,0.001918,0.002878,0.001926,0.001415,0.002104,0.001415,"ARIMA(1, 0, 0)",-0.00072312,-2.473e-05,0.00041291,0.0,2025-W38
adj_close.csv,ARIMA,IEF,0.001918,0.002878,0.001926,0.001415,0.002104,0.001415,"ARIMA(1, 0, 0)",-0.00085038,4.349e-05,-0.00072312,0.0,2025-W39
adj_close.csv,ARIMA,IEF,0.001918,0.002878,0.001926,0.001415,0.002104,0.001415,"ARIMA(1, 0, 0)",0.00098428,5.066e-05,-0.00085038,0.0,2025-W40
adj_close.csv,ARIMA,IEF,0.001918,0.002878,0.001926,0.001415,0.002104,0.001415,"ARIMA(1, 0, 0)",0.00105532,-5.932e-05,0.00098428,0.0,2025-W41
adj_close.csv,ARIMA,IEF,0.001918,0.002878,0.001926,0.001415,0.002104,0.001415,"ARIMA(1, 0, 0)",0.00098816,-6.259e-05,0.00105532,0.0,2025-W42
adj_close.csv,ARIMA,IEF,0.001918,0.002878,0.001926,0.001415,0.002104,0.001415,"ARIMA(1, 0, 0)",0.00020525,-5.766e-05,0.00098816,0.0,2025-W43
adj_close.csv,ARIMA,IEF,0.001918,0.002878,0.001926,0.001415,0.002104,0.001415,"ARIMA(1, 0, 0)",-0.00131728,-1.193e-05,0.00020525,0.0,2025-W44
adj_close.csv,ARIMA,IEF,0.001918,0.002878,0.001926,0.001415,0.002104,0.001415,"ARIMA(1, 0, 0)",0.0002981,7.687e-05,-0.00131728,0.0,2025-W45
adj_close.csv,ARIMA,IEF,0.001918,0.002878,0.001926,0.001415,0.002104,0.001415,"ARIMA(1, 0, 0)",-0.00051779,-1.747e-05,0.0002981,0.0,2025-W46
adj_close.csv,ARIMA,IEF,0.001918,0.002878,0.001926,0.001415,0.002104,0.001415,"ARIMA(1, 0, 0)",0.00154936,3.041e-05,-0.00051779,0.0,2025-W47
adj_close.csv,ARIMA,IEF,0.001918,0.002878,0.001926,0.001415,0.002104,0.001415,"ARIMA(1, 0, 0)",0.00079613,-9.206e-05,0.00154936,0.0,2025-W48
adj_close.csv,ARIMA,IEF,0.001918,0.002878,0.001926,0.001415,0.002104,0.001415,"ARIMA(1, 0, 0)",-0.00153242,-4.636e-05,0.00079613,0.0,2025-W49
adj_close.csv,ARIMA,IEF,0.001918,0.002878,0.001926,0.001415,0.002104,0.001415,"ARIMA(1, 0, 0)",-0.00058133,9.08e-05,-0.00153242,0.0,2025-W50
adj_close.csv,ARIMA,IEF,0.001918,0.002878,0.001926,0.001415,0.002104,0.001415,"ARIMA(1, 0, 0)",0.00075186,3.393e-05,-0.00058133,0.0,2025-W51
adj_close.csv,ARIMA,IEF,0.001918,0.002878,0.001926,0.001415,0.002104,0.001415,"ARIMA(1, 0, 0)",0.00051901,-4.415e-05,0.00075186,0.0,2025-W52
adj_close.csv,ARIMA,IEF,0.001918,0.002878,0.001926,0.001415,0.002104,0.001415,"ARIMA(1, 0, 0)",-0.00093497,-3.029e-05,0.00051901,0.0,2026-W01
adj_close.csv,ARIMA,IEF,0.001918,0.002878,0.001926,0.001415,0.002104,0.001415,"ARIMA(1, 0, 0)",0.00045743,5.494e-05,-0.00093497,0.0,2026-W02
adj_close.csv,ARIMA,IEF,0.001918,0.002878,0.001926,0.001415,0.002104,0.001415,"ARIMA(1, 0, 0)",-0.00076992,-2.703e-05,0.00045743,0.0,2026-W03
adj_close.csv,ARIMA,IEF,0.001918,0.002878,0.001926,0.001415,0.002104,0.001415,"ARIMA(1, 0, 0)",5.211e-05,4.572e-05,-0.00076992,0.0,2026-W04
adj_close.csv,ARIMA,IEF,0.001918,0.002878,0.001926,0.001415,0.002104,0.001415,"ARIMA(1, 0, 0)",-2.083e-05,-3.09e-06,5.211e-05,0.0,2026-W05
adj_close.csv,ARIMA,IEF,0.001918,0.002878,0.001926,0.001415,0.002104,0.001415,"ARIMA(1, 0, 0)",-0.00522522,1.24e-06,-2.083e-05,0.0,2026-W06
adj_close.csv,ARIMA,IEFA,0.004591,0.006663,0.004575,0.003437,0.004795,0.003423,"ARIMA(1, 0, 0)",-0.00027055,7.66e-06,-0.00464951,0.0,2024-W30
adj_close.csv,ARIMA,IEFA,0.004591,0.006663,0.004575,0.003437,0.004795,0.003423,"ARIMA(1, 0, 0)",-0.00610186,3.6e-07,-0.00027055,0.0,2024-W31
adj_close.csv,ARIMA,IEFA,0.004591,0.006663,0.004575,0.003437,0.004795,0.003423,"ARIMA(1, 0, 0)",0.00094666,5.61e-06,-0.00610186,0.0,2024-W32
adj_close.csv,ARIMA,IEFA,0.004591,0.006663,0.004575,0.003437,0.004795,0.003423,"ARIMA(1, 0, 0)",0.00741635,-2.2e-06,0.00094666,0.0,2024-W33
adj_close.csv,ARIMA,IEFA,0.004591,0.006663,0.004575,0.003437,0.004795,0.003423,"ARIMA(1, 0, 0)",0.00616731,-4.5e-06,0.00741635,0.0,2024-W34
adj_close.csv,ARIMA,IEFA,0.004591,0.006663,0.004575,0.003437,0.004795,0.003423,"ARIMA(1, 0, 0)",0.00033711,6.435e-05,0.00616731,0.0,2024-W35
adj_close.csv,ARIMA,IEFA,0.004591,0.006663,0.004575,0.003437,0.004795,0.003423,"ARIMA(1, 0, 0)",-0.00960705,3.65e-06,0.00033711,0.0,2024-W36
adj_close.csv,ARIMA,IEFA,0.004591,0.006663,0.004575,0.003437,0.004795,0.003423,"ARIMA(1, 0, 0)",0.00460465,-9.667e-05,-0.00960705,0.0,2024-W37
adj_close.csv,ARIMA,IEFA,0.004591,0.006663,0.004575,0.003437,0.004795,0.003423,"ARIMA(1, 0, 0)",0.00180735,-2.31e-06,0.00460465,0.0,2024-W38
adj_close.csv,ARIMA,IEFA,0.004591,0.006663,0.004575,0.003437,0.004795,0.003423,"ARIMA(1, 0, 0)",0.00400139,2.6e-06,0.00180735,0.0,2024-W39
adj_close.csv,ARIMA,IEFA,0.004591,0.006663,0.004575,0.003437,0.004795,0.003423,"ARIMA(1, 0, 0)",-0.00311678,1.248e-05,0.00400139,0.0,2024-W40
adj_close.csv,ARIMA,IEFA,0.004591,0.006663,0.004575,0.003437,0.004795,0.003423,"ARIMA(1, 0, 0)",-0.00080641,-6.8e-07,-0.00311678,0.0,2024-W41
adj_close.csv,ARIMA,IEFA,0.004591,0.006663,0.004575,0.003437,0.004795,0.003423,"ARIMA(1, 0, 0)",-0.00094056,-6.4e-07,-0.00080641,0.0,2024-W42
adj_close.csv,ARIMA,IEFA,0.004591,0.006663,0.004575,0.003437,0.004795,0.003423,"ARIMA(1, 0, 0)",-0.0052268,-9.2e-07,-0.00094056,0.0,2024-W43
adj_close.csv,ARIMA,IEFA,0.004591,0.006663,0.004575,0.003437,0.004795,0.003423,"ARIMA(1, 0, 0)",-0.00118631,-1.103e-05,-0.0052268,0.0,2024-W44
adj_close.csv,ARIMA,IEFA,0.004591,0.006663,0.004575,0.003437,0.004795,0.003423,"ARIMA(1, 0, 0)",-0.00040605,-4.18e-06,-0.00118631,0.0,2024-W45
adj_close.csv,ARIMA,IEFA,0.004591,0.006663,0.004575,0.003437,0.004795,0.003423,"ARIMA(1, 0, 0)",-0.00532706,-1.47e-06,-0.00040605,0.0,2024-W46
adj_close.csv,ARIMA,IEFA,0.004591,0.006663,0.004575,0.003437,0.004795,0.003423,"ARIMA(1, 0, 0)",0.00116541,-2.198e-05,-0.00532706,0.0,2024-W47
adj_close.csv,ARIMA,IEFA,0.004591,0.006663,0.004575,0.003437,0.004795,0.003423,"ARIMA(1, 0, 0)",0.00465958,3.13e-06,0.00116541,0.0,2024-W48
adj_close.csv,ARIMA,IEFA,0.004591,0.006663,0.004575,0.003437,0.004795,0.003423,"ARIMA(1, 0, 0)",0.00259005,1.827e-05,0.00465958,0.0,2024-W49
adj_close.csv,ARIMA,IEFA,0.004591,0.006663,0.004575,0.003437,0.004795,0.003423,"ARIMA(1, 0, 0)",-0.00310671,1.72e-05,0.00259005,0.0,2024-W50
adj_close.csv,ARIMA,IEFA,0.004591,0.006663,0.004575,0.003437,0.004795,0.003423,"ARIMA(1, 0, 0)",-0.00690937,-1.493e-05,-0.00310671,0.0,2024-W51
adj_close.csv,ARIMA,IEFA,0.004591,0.006663,0.004575,0.003437,0.004795,0.003423,"ARIMA(1, 0, 0)",0.0032703,-6.666e-05,-0.00690937,0.0,2024-W52
adj_close.csv,ARIMA,IEFA,0.004591,0.006663,0.004575,0.003437,0.004795,0.003423,"ARIMA(1, 0, 0)",-0.00109719,1.469e-05,0.0032703,0.0,2025-W01
adj_close.csv,ARIMA,IEFA,0.004591,0.006663,0.004575,0.003437,0.004795,0.003423,"ARIMA(1, 0, 0)",-0.00260287,-4.04e-06,-0.00109719,0.0,2025-W02
adj_close.csv,ARIMA,IEFA,0.004591,0.006663,0.004575,0.003437,0.004795,0.003423,"ARIMA(1, 0, 0)",0.00456401,-1.124e-05,-0.00260287,0.0,2025-W03
adj_close.csv,ARIMA,IEFA,0.004591,0.006663,0.004575,0.003437,0.004795,0.003423,"ARIMA(1, 0, 0)",0.00752301,7.6e-06,0.00456401,0.0,2025-W04
adj_close.csv,ARIMA,IEFA,0.004591,0.006663,0.004575,0.003437,0.004795,0.003423,"ARIMA(1, 0, 0)",0.00010874,6.972e-05,0.00752301,0.0,2025-W05
adj_close.csv,ARIMA,IEFA,0.004591,0.006663,0.004575,0.003437,0.004795,0.003423,"ARIMA(1, 0, 0)",0.00108433,1.01e-06,0.00010874,0.0,2025-W06
adj_close.csv,ARIMA,IEFA,0.004591,0.006663,0.004575,0.003437,0.004795,0.003423,"ARIMA(1, 0, 0)",0.0053877,1.015e-05,0.00108433,0.0,2025-W07
adj_close.csv,ARIMA,IEFA,0.004591,0.006663,0.004575,0.003437,0.004795,0.003423,"ARIMA(1, 0, 0)",-0.00125312,5.729e-05,0.0053877,0.0,2025-W08
adj_close.csv,ARIMA,IEFA,0.004591,0.006663,0.004575,0.003437,0.004795,0.003423,"ARIMA(1, 0, 0)",-0.00063581,-1.14e-05,-0.00125312,0.0,2025-W09
adj_close.csv,ARIMA,IEFA,0.004591,0.006663,0.004575,0.003437,0.004795,0.003423,"ARIMA(1, 0, 0)",0.00724323,-5.89e-06,-0.00063581,0.0,2025-W10
adj_close.csv,ARIMA,IEFA,0.004591,0.006663,0.004575,0.003437,0.004795,0.003423,"ARIMA(1, 0, 0)",-0.00141234,5.988e-05,0.00724323,0.0,2025-W11
adj_close.csv,ARIMA,IEFA,0.004591,0.006663,0.004575,0.003437,0.004795,0.003423,"ARIMA(1, 0, 0)",-0.00012891,-8.44e-06,-0.00141234,0.0,2025-W12
adj_close.csv,ARIMA,IEFA,0.004591,0.006663,0.004575,0.003437,0.004795,0.003423,"ARIMA(1, 0, 0)",-0.00301382,-7.7e-07,-0.00012891,0.0,2025-W13
adj_close.csv,ARIMA,IEFA,0.004591,0.006663,0.004575,0.003437,0.004795,0.003423,"ARIMA(1, 0, 0)",-0.01875858,-1.837e-05,-0.00301382,0.0,2025-W14
adj_close.csv,ARIMA,IEFA,0.004591,0.006663,0.004575,0.003437,0.004795,0.003423,"ARIMA(1, 0, 0)",0.01066508,-0.0003415,-0.01875858,0.0,2025-W15
adj_close.csv,ARIMA,IEFA,0.004591,0.006663,0.004575,0.003437,0.004795,0.003423,"ARIMA(1, 0, 0)",0.00669038,-0.00024486,0.01066508,0.0,2025-W16
adj_close.csv,ARIMA,IEFA,0.004591,0.006663,0.004575,0.003437,0.004795,0.003423,"ARIMA(1, 0, 0)",0.00709147,-5.713e-05,0.00669038,0.0,2025-W17
adj_close.csv,ARIMA,IEFA,0.004591,0.006663,0.004575,0.003437,0.004795,0.003423,"ARIMA(1, 0, 0)",0.00458332,4.99e-06,0.00709147,0.0,2025-W18
adj_close.csv,ARIMA,IEFA,0.004591,0.006663,0.004575,0.003437,0.004795,0.003423,"ARIMA(1, 0, 0)",2.505e-05,3.171e-05,0.00458332,0.0,2025-W19
adj_close.csv,ARIMA,IEFA,0.004591,0.006663,0.004575,0.003437,0.004795,0.003423,"ARIMA(1, 0, 0)",0.00293208,1.7e-07,2.505e-05,0.0,2025-W20
adj_close.csv,ARIMA,IEFA,0.004591,0.006663,0.004575,0.003437,0.004795,0.003423,"ARIMA(1, 0, 0)",0.00196369,2.031e-05,0.00293208,0.0,2025-W21
adj_close.csv,ARIMA,IEFA,0.004591,0.006663,0.004575,0.003437,0.004795,0.003423,"ARIMA(1, 0, 0)",0.00206764,1.573e-05,0.00196369,0.0,2025-W22
adj_close.csv,ARIMA,IEFA,0.004591,0.006663,0.004575,0.003437,0.004795,0.003423,"ARIMA(1, 0, 0)",0.00207255,1.815e-05,0.00206764,0.0,2025-W23
adj_close.csv,ARIMA,IEFA,0.004591,0.006663,0.004575,0.003437,0.004795,0.003423,"ARIMA(1, 0, 0)",-0.00093722,1.986e-05,0.00207255,0.0,2025-W24
adj_close.csv,ARIMA,IEFA,0.004591,0.006663,0.004575,0.003437,0.004795,0.003423,"ARIMA(1, 0, 0)",-0.0036526,-8.63e-06,-0.00093722,0.0,2025-W25
adj_close.csv,ARIMA,IEFA,0.004591,0.006663,0.004575,0.003437,0.004795,0.003423,"ARIMA(1, 0, 0)",0.00716065,-3.6e-05,-0.0036526,0.0,2025-W26
adj_close.csv,ARIMA,IEFA,0.004591,0.006663,0.004575,0.003437,0.004795,0.003423,"ARIMA(1, 0, 0)",0.00077901,3.493e-05,0.00716065,0.0,2025-W27
adj_close.csv,ARIMA,IEFA,0.004591,0.006663,0.004575,0.003437,0.004795,0.003423,"ARIMA(1, 0, 0)",-0.0012002,4.58e-06,0.00077901,0.0,2025-W28
adj_close.csv,ARIMA,IEFA,0.004591,0.006663,0.004575,0.003437,0.004795,0.003423,"ARIMA(1, 0, 0)",-0.00123167,-6.84e-06,-0.0012002,0.0,2025-W29
adj_close.csv,ARIMA,IEFA,0.004591,0.006663,0.004575,0.003437,0.004795,0.003423,"ARIMA(1, 0, 0)",0.0052597,-7.36e-06,-0.00123167,0.0,2025-W30
adj_close.csv,ARIMA,IEFA,0.004591,0.006663,0.004575,0.003437,0.004795,0.003423,"ARIMA(1, 0, 0)",-0.00735395,2.504e-05,0.0052597,0.0,2025-W31
adj_close.csv,ARIMA,IEFA,0.004591,0.006663,0.004575,0.003437,0.004795,0.003423,"ARIMA(1, 0, 0)",0.00690512,1.82e-05,-0.00735395,0.0,2025-W32
adj_close.csv,ARIMA,IEFA,0.004591,0.006663,0.004575,0.003437,0.004795,0.003423,"ARIMA(1, 0, 0)",0.00365565,-8.165e-05,0.00690512,0.0,2025-W33
adj_close.csv,ARIMA,IEFA,0.004591,0.006663,0.004575,0.003437,0.004795,0.003423,"ARIMA(1, 0, 0)",0.00226278,-2.596e-05,0.00365565,0.0,2025-W34
adj_close.csv,ARIMA,IEFA,0.004591,0.006663,0.004575,0.003437,0.004795,0.003423,"ARIMA(1, 0, 0)",-0.00370767,-1.261e-05,0.00226278,0.0,2025-W35
adj_close.csv,ARIMA,IEFA,0.004591,0.006663,0.004575,0.003437,0.004795,0.003423,"ARIMA(1, 0, 0)",0.00099206,2.632e-05,-0.00370767,0.0,2025-W36
adj_close.csv,ARIMA,IEFA,0.004591,0.006663,0.004575,0.003437,0.004795,0.003423,"ARIMA(1, 0, 0)",0.00256933,-7.69e-06,0.00099206,0.0,2025-W37
adj_close.csv,ARIMA,IEFA,0.004591,0.006663,0.004575,0.003437,0.004795,0.003423,"ARIMA(1, 0, 0)",-0.00020709,-1.872e-05,0.00256933,0.0,2025-W38
adj_close.csv,ARIMA,IEFA,0.004591,0.006663,0.004575,0.003437,0.004795,0.003423,"ARIMA(1, 0, 0)",-0.00078431,1.53e-06,-0.00020709,0.0,2025-W39
adj_close.csv,ARIMA,IEFA,0.004591,0.006663,0.004575,0.003437,0.004795,0.003423,"ARIMA(1, 0, 0)",0.00526915,5.76e-06,-0.00078431,0.0,2025-W40
adj_close.csv,ARIMA,IEFA,0.004591,0.006663,0.004575,0.003437,0.004795,0.003423,"ARIMA(1, 0, 0)",-0.00628875,-4.265e-05,0.00526915,0.0,2025-W41
adj_close.csv,ARIMA,IEFA,0.004591,0.006663,0.004575,0.003437,0.004795,0.003423,"ARIMA(1, 0, 0)",0.00463856,8.831e-05,-0.00628875,0.0,2025-W42
adj_close.csv,ARIMA,IEFA,0.004591,0.006663,0.004575,0.003437,0.004795,0.003423,"ARIMA(1, 0, 0)",0.00133477,-8.895e-05,0.00463856,0.0,2025-W43
adj_close.csv,ARIMA,IEFA,0.004591,0.006663,0.004575,0.003437,0.004795,0.003423,"ARIMA(1, 0, 0)",-0.00138017,-2.402e-05,0.00133477,0.0,2025-W44
adj_close.csv,ARIMA,IEFA,0.004591,0.006663,0.004575,0.003437,0.004795,0.003423,"ARIMA(1, 0, 0)",-0.00061395,2.528e-05,-0.00138017,0.0,2025-W45
adj_close.csv,ARIMA,IEFA,0.004591,0.006663,0.004575,0.003437,0.004795,0.003423,"ARIMA(1, 0, 0)",0.00210684,1.115e-05,-0.00061395,0.0,2025-W46
adj_close.csv,ARIMA,IEFA,0.004591,0.006663,0.004575,0.003437,0.004795,0.003423,"ARIMA(1, 0, 0)",-0.00545977,-3.875e-05,0.00210684,0.0,2025-W47
adj_close.csv,ARIMA,IEFA,0.004591,0.006663,0.004575,0.003437,0.004795,0.003423,"ARIMA(1, 0, 0)",0.00707809,0.00011154,-0.00545977,0.0,2025-W48
adj_close.csv,ARIMA,IEFA,0.004591,0.006663,0.004575,0.003437,0.004795,0.003423,"ARIMA(1, 0, 0)",0.00107768,-0.0001924,0.00707809,0.0,2025-W49
adj_close.csv,ARIMA,IEFA,0.004591,0.006663,0.004575,0.003437,0.004795,0.003423,"ARIMA(1, 0, 0)",0.00129451,-2.759e-05,0.00107768,0.0,2025-W50
adj_close.csv,ARIMA,IEFA,0.004591,0.006663,0.004575,0.003437,0.004795,0.003423,"ARIMA(1, 0, 0)",0.00147072,-3.282e-05,0.00129451,0.0,2025-W51
adj_close.csv,ARIMA,IEFA,0.004591,0.006663,0.004575,0.003437,0.004795,0.003423,"ARIMA(1, 0, 0)",0.00304832,-3.678e-05,0.00147072,0.0,2025-W52
adj_close.csv,ARIMA,IEFA,0.004591,0.006663,0.004575,0.003437,0.004795,0.003423,"ARIMA(1, 0, 0)",0.00113705,-7.38e-05,0.00304832,0.0,2026-W01
adj_close.csv,ARIMA,IEFA,0.004591,0.006663,0.004575,0.003437,0.004795,0.003423,"ARIMA(1, 0, 0)",0.00392363,-2.679e-05,0.00113705,0.0,2026-W02
adj_close.csv,ARIMA,IEFA,0.004591,0.006663,0.004575,0.003437,0.004795,0.003423,"ARIMA(1, 0, 0)",0.00131971,-8.936e-05,0.00392363,0.0,2026-W03
adj_close.csv,ARIMA,IEFA,0.004591,0.006663,0.004575,0.003437,0.004795,0.003423,"ARIMA(1, 0, 0)",0.00155848,-2.878e-05,0.00131971,0.0,2026-W04
adj_close.csv,ARIMA,IEFA,0.004591,0.006663,0.004575,0.003437,0.004795,0.003423,"ARIMA(1, 0, 0)",0.00153699,-3.341e-05,0.00155848,0.0,2026-W05
adj_close.csv,ARIMA,IEFA,0.004591,0.006663,0.004575,0.003437,0.004795,0.003423,"ARIMA(1, 0, 0)",0.00519645,-3.23e-05,0.00153699,0.0,2026-W06
adj_close.csv,ARIMA,IEMG,0.004601,0.006571,0.004587,0.003695,0.005268,0.003665,"ARIMA(0, 0, 1)",-0.00157189,0.00048121,-0.00782261,0.0,2024-W30
adj_close.csv,ARIMA,IEMG,0.004601,0.006571,0.004587,0.003695,0.005268,0.003665,"ARIMA(0, 0, 1)",-0.00348691,0.00012192,-0.00157189,0.0,2024-W31
adj_close.csv,ARIMA,IEMG,0.004601,0.006571,0.004587,0.003695,0.005268,0.003665,"ARIMA(0, 0, 1)",0.00167524,0.0002074,-0.00348691,0.0,2024-W32
adj_close.csv,ARIMA,IEMG,0.004601,0.006571,0.004587,0.003695,0.005268,0.003665,"ARIMA(0, 0, 1)",0.00612331,-8.617e-05,0.00167524,0.0,2024-W33
adj_close.csv,ARIMA,IEMG,0.004601,0.006571,0.004587,0.003695,0.005268,0.003665,"ARIMA(0, 0, 1)",0.00233962,-0.00035645,0.00612331,0.0,2024-W34
adj_close.csv,ARIMA,IEMG,0.004601,0.006571,0.004587,0.003695,0.005268,0.003665,"ARIMA(0, 0, 1)",-0.00208239,-0.00014257,0.00233962,0.0,2024-W35
adj_close.csv,ARIMA,IEMG,0.004601,0.006571,0.004587,0.003695,0.005268,0.003665,"ARIMA(0, 0, 1)",-0.0090205,0.00010634,-0.00208239,0.0,2024-W36
adj_close.csv,ARIMA,IEMG,0.004601,0.006571,0.004587,0.003695,0.005268,0.003665,"ARIMA(0, 0, 1)",0.00500073,0.00047124,-0.0090205,0.0,2024-W37
adj_close.csv,ARIMA,IEMG,0.004601,0.006571,0.004587,0.003695,0.005268,0.003665,"ARIMA(0, 0, 1)",0.00382504,-0.00027296,0.00500073,0.0,2024-W38
adj_close.csv,ARIMA,IEMG,0.004601,0.006571,0.004587,0.003695,0.005268,0.003665,"ARIMA(0, 0, 1)",0.01174312,-0.00023864,0.00382504,0.0,2024-W39
adj_close.csv,ARIMA,IEMG,0.004601,0.006571,0.004587,0.003695,0.005268,0.003665,"ARIMA(0, 0, 1)",0.00106209,-0.00054475,0.01174312,0.0,2024-W40
adj_close.csv,ARIMA,IEMG,0.004601,0.006571,0.004587,0.003695,0.005268,0.003665,"ARIMA(0, 0, 1)",-0.00244093,-6.392e-05,0.00106209,0.0,2024-W41
adj_close.csv,ARIMA,IEMG,0.004601,0.006571,0.004587,0.003695,0.005268,0.003665,"ARIMA(0, 0, 1)",-0.00173703,0.00010182,-0.00244093,0.0,2024-W42
adj_close.csv,ARIMA,IEMG,0.004601,0.006571,0.004587,0.003695,0.005268,0.003665,"ARIMA(0, 0, 1)",-0.00348446,7.733e-05,-0.00173703,0.0,2024-W43
adj_close.csv,ARIMA,IEMG,0.004601,0.006571,0.004587,0.003695,0.005268,0.003665,"ARIMA(0, 0, 1)",-0.00203412,0.00014359,-0.00348446,0.0,2024-W44
adj_close.csv,ARIMA,IEMG,0.004601,0.006571,0.004587,0.003695,0.005268,0.003665,"ARIMA(0, 0, 1)",0.00025093,8.355e-05,-0.00203412,0.0,2024-W45
adj_close.csv,ARIMA,IEMG,0.004601,0.006571,0.004587,0.003695,0.005268,0.003665,"ARIMA(0, 0, 1)",-0.00763075,-6.45e-06,0.00025093,0.0,2024-W46
adj_close.csv,ARIMA,IEMG,0.004601,0.006571,0.004587,0.003695,0.005268,0.003665,"ARIMA(0, 0, 1)",0.00174156,0.00029154,-0.00763075,0.0,2024-W47
adj_close.csv,ARIMA,IEMG,0.004601,0.006571,0.004587,0.003695,0.005268,0.003665,"ARIMA(0, 0, 1)",0.00046075,-5.818e-05,0.00174156,0.0,2024-W48
adj_close.csv,ARIMA,IEMG,0.004601,0.006571,0.004587,0.003695,0.005268,0.003665,"ARIMA(0, 0, 1)",0.00230664,-2.105e-05,0.00046075,0.0,2024-W49
adj_close.csv,ARIMA,IEMG,0.004601,0.006571,0.004587,0.003695,0.005268,0.003665,"ARIMA(0, 0, 1)",0.0005816,-9.364e-05,0.00230664,0.0,2024-W50
adj_close.csv,ARIMA,IEMG,0.004601,0.006571,0.004587,0.003695,0.005268,0.003665,"ARIMA(0, 0, 1)",-0.00469807,-2.689e-05,0.0005816,0.0,2024-W51
adj_close.csv,ARIMA,IEMG,0.004601,0.006571,0.004587,0.003695,0.005268,0.003665,"ARIMA(0, 0, 1)",0.00028457,0.00019113,-0.00469807,0.0,2024-W52
adj_close.csv,ARIMA,IEMG,0.004601,0.006571,0.004587,0.003695,0.005268,0.003665,"ARIMA(0, 0, 1)",-0.00066453,-3.81e-06,0.00028457,0.0,2025-W01
adj_close.csv,ARIMA,IEMG,0.004601,0.006571,0.004587,0.003695,0.005268,0.003665,"ARIMA(0, 0, 1)",-0.00679297,2.703e-05,-0.00066453,0.0,2025-W02
adj_close.csv,ARIMA,IEMG,0.004601,0.006571,0.004587,0.003695,0.005268,0.003665,"ARIMA(0, 0, 1)",0.00459613,0.00027209,-0.00679297,0.0,2025-W03
adj_close.csv,ARIMA,IEMG,0.004601,0.006571,0.004587,0.003695,0.005268,0.003665,"ARIMA(0, 0, 1)",0.00458726,-0.00019816,0.00459613,0.0,2025-W04
adj_close.csv,ARIMA,IEMG,0.004601,0.006571,0.004587,0.003695,0.005268,0.003665,"ARIMA(0, 0, 1)",-0.00135414,-0.0002047,0.00458726,0.0,2025-W05
adj_close.csv,ARIMA,IEMG,0.004601,0.006571,0.004587,0.003695,0.005268,0.003665,"ARIMA(0, 0, 1)",0.00243836,5.05e-05,-0.00135414,0.0,2025-W06
adj_close.csv,ARIMA,IEMG,0.004601,0.006571,0.004587,0.003695,0.005268,0.003665,"ARIMA(0, 0, 1)",0.00478932,-0.00010595,0.00243836,0.0,2025-W07
adj_close.csv,ARIMA,IEMG,0.004601,0.006571,0.004587,0.003695,0.005268,0.003665,"ARIMA(0, 0, 1)",0.00262542,-0.00020522,0.00478932,0.0,2025-W08
adj_close.csv,ARIMA,IEMG,0.004601,0.006571,0.004587,0.003695,0.005268,0.003665,"ARIMA(0, 0, 1)",-0.00763675,-0.00010937,0.00262542,0.0,2025-W09
adj_close.csv,ARIMA,IEMG,0.004601,0.006571,0.004587,0.003695,0.005268,0.003665,"ARIMA(0, 0, 1)",0.00535432,0.00033409,-0.00763675,0.0,2025-W10
adj_close.csv,ARIMA,IEMG,0.004601,0.006571,0.004587,0.003695,0.005268,0.003665,"ARIMA(0, 0, 1)",0.00050946,-0.00025775,0.00535432,0.0,2025-W11
adj_close.csv,ARIMA,IEMG,0.004601,0.006571,0.004587,0.003695,0.005268,0.003665,"ARIMA(0, 0, 1)",0.00018164,-3.913e-05,0.00050946,0.0,2025-W12
adj_close.csv,ARIMA,IEMG,0.004601,0.006571,0.004587,0.003695,0.005268,0.003665,"ARIMA(0, 0, 1)",-0.00362747,-1.129e-05,0.00018164,0.0,2025-W13
adj_close.csv,ARIMA,IEMG,0.004601,0.006571,0.004587,0.003695,0.005268,0.003665,"ARIMA(0, 0, 1)",-0.01468796,0.00018607,-0.00362747,0.0,2025-W14
adj_close.csv,ARIMA,IEMG,0.004601,0.006571,0.004587,0.003695,0.005268,0.003665,"ARIMA(0, 0, 1)",0.00549484,0.00059832,-0.01468796,0.0,2025-W15
adj_close.csv,ARIMA,IEMG,0.004601,0.006571,0.004587,0.003695,0.005268,0.003665,"ARIMA(0, 0, 1)",0.00149572,-0.00025842,0.00549484,0.0,2025-W16
adj_close.csv,ARIMA,IEMG,0.004601,0.006571,0.004587,0.003695,0.005268,0.003665,"ARIMA(0, 0, 1)",0.00677261,-9.488e-05,0.00149572,0.0,2025-W17
adj_close.csv,ARIMA,IEMG,0.004601,0.006571,0.004587,0.003695,0.005268,0.003665,"ARIMA(0, 0, 1)",0.007126,-0.00035229,0.00677261,0.0,2025-W18
adj_close.csv,ARIMA,IEMG,0.004601,0.006571,0.004587,0.003695,0.005268,0.003665,"ARIMA(0, 0, 1)",-0.00064724,-0.00030152,0.007126,0.0,2025-W19
adj_close.csv,ARIMA,IEMG,0.004601,0.006571,0.004587,0.003695,0.005268,0.003665,"ARIMA(0, 0, 1)",0.00631034,1.409e-05,-0.00064724,0.0,2025-W20
adj_close.csv,ARIMA,IEMG,0.004601,0.006571,0.004587,0.003695,0.005268,0.003665,"ARIMA(0, 0, 1)",0.00048797,-0.00025368,0.00631034,0.0,2025-W21
adj_close.csv,ARIMA,IEMG,0.004601,0.006571,0.004587,0.003695,0.005268,0.003665,"ARIMA(0, 0, 1)",-0.00332931,-2.899e-05,0.00048797,0.0,2025-W22
adj_close.csv,ARIMA,IEMG,0.004601,0.006571,0.004587,0.003695,0.005268,0.003665,"ARIMA(0, 0, 1)",0.00625161,0.00013314,-0.00332931,0.0,2025-W23
adj_close.csv,ARIMA,IEMG,0.004601,0.006571,0.004587,0.003695,0.005268,0.003665,"ARIMA(0, 0, 1)",0.00075086,-0.00026872,0.00625161,0.0,2025-W24
adj_close.csv,ARIMA,IEMG,0.004601,0.006571,0.004587,0.003695,0.005268,0.003665,"ARIMA(0, 0, 1)",-0.00186036,-4.345e-05,0.00075086,0.0,2025-W25
adj_close.csv,ARIMA,IEMG,0.004601,0.006571,0.004587,0.003695,0.005268,0.003665,"ARIMA(0, 0, 1)",0.00743352,7.894e-05,-0.00186036,0.0,2025-W26
adj_close.csv,ARIMA,IEMG,0.004601,0.006571,0.004587,0.003695,0.005268,0.003665,"ARIMA(0, 0, 1)",0.00361392,-0.00033596,0.00743352,0.0,2025-W27
adj_close.csv,ARIMA,IEMG,0.004601,0.006571,0.004587,0.003695,0.005268,0.003665,"ARIMA(0, 0, 1)",-0.00185615,-0.0001579,0.00361392,0.0,2025-W28
adj_close.csv,ARIMA,IEMG,0.004601,0.006571,0.004587,0.003695,0.005268,0.003665,"ARIMA(0, 0, 1)",0.00326983,7.081e-05,-0.00185615,0.0,2025-W29
adj_close.csv,ARIMA,IEMG,0.004601,0.006571,0.004587,0.003695,0.005268,0.003665,"ARIMA(0, 0, 1)",0.0014688,-0.00013599,0.00326983,0.0,2025-W30
adj_close.csv,ARIMA,IEMG,0.004601,0.006571,0.004587,0.003695,0.005268,0.003665,"ARIMA(0, 0, 1)",-0.00527213,-6.663e-05,0.0014688,0.0,2025-W31
adj_close.csv,ARIMA,IEMG,0.004601,0.006571,0.004587,0.003695,0.005268,0.003665,"ARIMA(0, 0, 1)",0.00497924,0.00022603,-0.00527213,0.0,2025-W32
adj_close.csv,ARIMA,IEMG,0.004601,0.006571,0.004587,0.003695,0.005268,0.003665,"ARIMA(0, 0, 1)",0.00229905,-0.00022646,0.00497924,0.0,2025-W33
adj_close.csv,ARIMA,IEMG,0.004601,0.006571,0.004587,0.003695,0.005268,0.003665,"ARIMA(0, 0, 1)",0.00255922,-0.00011541,0.00229905,0.0,2025-W34
adj_close.csv,ARIMA,IEMG,0.004601,0.006571,0.004587,0.003695,0.005268,0.003665,"ARIMA(0, 0, 1)",-0.00265581,-0.00011861,0.00255922,0.0,2025-W35
adj_close.csv,ARIMA,IEMG,0.004601,0.006571,0.004587,0.003695,0.005268,0.003665,"ARIMA(0, 0, 1)",0.00276289,0.00011611,-0.00265581,0.0,2025-W36
adj_close.csv,ARIMA,IEMG,0.004601,0.006571,0.004587,0.003695,0.005268,0.003665,"ARIMA(0, 0, 1)",0.00630295,-0.00012407,0.00276289,0.0,2025-W37
adj_close.csv,ARIMA,IEMG,0.004601,0.006571,0.004587,0.003695,0.005268,0.003665,"ARIMA(0, 0, 1)",0.00272864,-0.0002825,0.00630295,0.0,2025-W38
adj_close.csv,ARIMA,IEMG,0.004601,0.006571,0.004587,0.003695,0.005268,0.003665,"ARIMA(0, 0, 1)",-0.00149768,-0.00012047,0.00272864,0.0,2025-W39
adj_close.csv,ARIMA,IEMG,0.004601,0.006571,0.004587,0.003695,0.005268,0.003665,"ARIMA(0, 0, 1)",0.00526825,5.667e-05,-0.00149768,0.0,2025-W40
adj_close.csv,ARIMA,IEMG,0.004601,0.006571,0.004587,0.003695,0.005268,0.003665,"ARIMA(0, 0, 1)",-0.00826653,-0.00021961,0.00526825,0.0,2025-W41
adj_close.csv,ARIMA,IEMG,0.004601,0.006571,0.004587,0.003695,0.005268,0.003665,"ARIMA(0, 0, 1)",0.00823663,0.00039768,-0.00826653,0.0,2025-W42
adj_close.csv,ARIMA,IEMG,0.004601,0.006571,0.004587,0.003695,0.005268,0.003665,"ARIMA(0, 0, 1)",0.00331959,-0.00046679,0.00823663,0.0,2025-W43
adj_close.csv,ARIMA,IEMG,0.004601,0.006571,0.004587,0.003695,0.005268,0.003665,"ARIMA(0, 0, 1)",0.00067493,-0.00020788,0.00331959,0.0,2025-W44
adj_close.csv,ARIMA,IEMG,0.004601,0.006571,0.004587,0.003695,0.005268,0.003665,"ARIMA(0, 0, 1)",-0.00289176,-4.813e-05,0.00067493,0.0,2025-W45
adj_close.csv,ARIMA,IEMG,0.004601,0.006571,0.004587,0.003695,0.005268,0.003665,"ARIMA(0, 0, 1)",0.00171652,0.00015745,-0.00289176,0.0,2025-W46
adj_close.csv,ARIMA,IEMG,0.004601,0.006571,0.004587,0.003695,0.005268,0.003665,"ARIMA(0, 0, 1)",-0.00686467,-8.74e-05,0.00171652,0.0,2025-W47
adj_close.csv,ARIMA,IEMG,0.004601,0.006571,0.004587,0.003695,0.005268,0.003665,"ARIMA(0, 0, 1)",0.00572831,0.00039068,-0.00686467,0.0,2025-W48
adj_close.csv,ARIMA,IEMG,0.004601,0.006571,0.004587,0.003695,0.005268,0.003665,"ARIMA(0, 0, 1)",0.00098119,-0.00033823,0.00572831,0.0,2025-W49
adj_close.csv,ARIMA,IEMG,0.004601,0.006571,0.004587,0.003695,0.005268,0.003665,"ARIMA(0, 0, 1)",-0.00160812,-8.251e-05,0.00098119,0.0,2025-W50
adj_close.csv,ARIMA,IEMG,0.004601,0.006571,0.004587,0.003695,0.005268,0.003665,"ARIMA(0, 0, 1)",0.00103735,9.645e-05,-0.00160812,0.0,2025-W51
adj_close.csv,ARIMA,IEMG,0.004601,0.006571,0.004587,0.003695,0.005268,0.003665,"ARIMA(0, 0, 1)",0.00486981,-5.97e-05,0.00103735,0.0,2025-W52
adj_close.csv,ARIMA,IEMG,0.004601,0.006571,0.004587,0.003695,0.005268,0.003665,"ARIMA(0, 0, 1)",0.00590247,-0.00030947,0.00486981,0.0,2026-W01
adj_close.csv,ARIMA,IEMG,0.004601,0.006571,0.004587,0.003695,0.005268,0.003665,"ARIMA(0, 0, 1)",0.002992,-0.00035492,0.00590247,0.0,2026-W02
adj_close.csv,ARIMA,IEMG,0.004601,0.006571,0.004587,0.003695,0.005268,0.003665,"ARIMA(0, 0, 1)",0.00249719,-0.0001778,0.002992,0.0,2026-W03
adj_close.csv,ARIMA,IEMG,0.004601,0.006571,0.004587,0.003695,0.005268,0.003665,"ARIMA(0, 0, 1)",0.00516347,-0.00013794,0.00249719,0.0,2026-W04
adj_close.csv,ARIMA,IEMG,0.004601,0.006571,0.004587,0.003695,0.005268,0.003665,"ARIMA(0, 0, 1)",0.00044149,-0.00025919,0.00516347,0.0,2026-W05
adj_close.csv,ARIMA,IEMG,0.004601,0.006571,0.004587,0.003695,0.005268,0.003665,"ARIMA(0, 0, 1)",0.00371421,-3.367e-05,0.00044149,0.0,2026-W06
adj_close.csv,ARIMA,IJR,0.005927,0.008693,0.005941,0.004532,0.006773,0.00453,"ARIMA(1, 0, 0)",0.0069655,-0.00031152,0.00430239,0.0,2024-W30
adj_close.csv,ARIMA,IJR,0.005927,0.008693,0.005941,0.004532,0.006773,0.00453,"ARIMA(1, 0, 0)",-0.01160962,-0.00047151,0.0069655,0.0,2024-W31
adj_close.csv,ARIMA,IJR,0.005927,0.008693,0.005941,0.004532,0.006773,0.00453,"ARIMA(1, 0, 0)",-0.00184465,0.00092054,-0.01160962,0.0,2024-W32
adj_close.csv,ARIMA,IJR,0.005927,0.008693,0.005941,0.004532,0.006773,0.00453,"ARIMA(1, 0, 0)",0.00521838,0.00013759,-0.00184465,0.0,2024-W33
adj_close.csv,ARIMA,IJR,0.005927,0.008693,0.005941,0.004532,0.006773,0.00453,"ARIMA(1, 0, 0)",0.00603252,-0.00039638,0.00521838,0.0,2024-W34
adj_close.csv,ARIMA,IJR,0.005927,0.008693,0.005941,0.004532,0.006773,0.00453,"ARIMA(1, 0, 0)",8.586e-05,-0.0004287,0.00603252,0.0,2024-W35
adj_close.csv,ARIMA,IJR,0.005927,0.008693,0.005941,0.004532,0.006773,0.00453,"ARIMA(1, 0, 0)",-0.01326418,-6.06e-06,8.586e-05,0.0,2024-W36
adj_close.csv,ARIMA,IJR,0.005927,0.008693,0.005941,0.004532,0.006773,0.00453,"ARIMA(1, 0, 0)",0.00688589,0.00093883,-0.01326418,0.0,2024-W37
adj_close.csv,ARIMA,IJR,0.005927,0.008693,0.005941,0.004532,0.006773,0.00453,"ARIMA(1, 0, 0)",0.00449648,-0.00056424,0.00688589,0.0,2024-W38
adj_close.csv,ARIMA,IJR,0.005927,0.008693,0.005941,0.004532,0.006773,0.00453,"ARIMA(1, 0, 0)",0.00021445,-0.00034643,0.00449648,0.0,2024-W39
adj_close.csv,ARIMA,IJR,0.005927,0.008693,0.005941,0.004532,0.006773,0.00453,"ARIMA(1, 0, 0)",-0.00134286,-1.645e-05,0.00021445,0.0,2024-W40
adj_close.csv,ARIMA,IJR,0.005927,0.008693,0.005941,0.004532,0.006773,0.00453,"ARIMA(1, 0, 0)",0.00072421,0.00010304,-0.00134286,0.0,2024-W41
adj_close.csv,ARIMA,IJR,0.005927,0.008693,0.005941,0.004532,0.006773,0.00453,"ARIMA(1, 0, 0)",0.00332844,-5.565e-05,0.00072421,0.0,2024-W42
adj_close.csv,ARIMA,IJR,0.005927,0.008693,0.005941,0.004532,0.006773,0.00453,"ARIMA(1, 0, 0)",-0.00632845,-0.00025464,0.00332844,0.0,2024-W43
adj_close.csv,ARIMA,IJR,0.005927,0.008693,0.005941,0.004532,0.006773,0.00453,"ARIMA(1, 0, 0)",-0.00031473,0.00050205,-0.00632845,0.0,2024-W44
adj_close.csv,ARIMA,IJR,0.005927,0.008693,0.005941,0.004532,0.006773,0.00453,"ARIMA(1, 0, 0)",0.01671129,2.474e-05,-0.00031473,0.0,2024-W45
adj_close.csv,ARIMA,IJR,0.005927,0.008693,0.005941,0.004532,0.006773,0.00453,"ARIMA(1, 0, 0)",-0.00607939,-0.00132593,0.01671129,0.0,2024-W46
adj_close.csv,ARIMA,IJR,0.005927,0.008693,0.005941,0.004532,0.006773,0.00453,"ARIMA(1, 0, 0)",0.007363,0.00054703,-0.00607939,0.0,2024-W47
adj_close.csv,ARIMA,IJR,0.005927,0.008693,0.005941,0.004532,0.006773,0.00453,"ARIMA(1, 0, 0)",0.00294144,-0.00070319,0.007363,0.0,2024-W48
adj_close.csv,ARIMA,IJR,0.005927,0.008693,0.005941,0.004532,0.006773,0.00453,"ARIMA(1, 0, 0)",-0.00320263,-0.00027047,0.00294144,0.0,2024-W49
adj_close.csv,ARIMA,IJR,0.005927,0.008693,0.005941,0.004532,0.006773,0.00453,"ARIMA(1, 0, 0)",-0.002733,0.00029814,-0.00320263,0.0,2024-W50
adj_close.csv,ARIMA,IJR,0.005927,0.008693,0.005941,0.004532,0.006773,0.00453,"ARIMA(1, 0, 0)",-0.00988061,0.00025092,-0.002733,0.0,2024-W51
adj_close.csv,ARIMA,IJR,0.005927,0.008693,0.005941,0.004532,0.006773,0.00453,"ARIMA(1, 0, 0)",-6.475e-05,0.00087108,-0.00988061,0.0,2024-W52
adj_close.csv,ARIMA,IJR,0.005927,0.008693,0.005941,0.004532,0.006773,0.00453,"ARIMA(1, 0, 0)",0.00092661,5.63e-06,-6.475e-05,0.0,2025-W01
adj_close.csv,ARIMA,IJR,0.005927,0.008693,0.005941,0.004532,0.006773,0.00453,"ARIMA(1, 0, 0)",-0.00686886,-8.058e-05,0.00092661,0.0,2025-W02
adj_close.csv,ARIMA,IJR,0.005927,0.008693,0.005941,0.004532,0.006773,0.00453,"ARIMA(1, 0, 0)",0.00850086,0.00060297,-0.00686886,0.0,2025-W03
adj_close.csv,ARIMA,IJR,0.005927,0.008693,0.005941,0.004532,0.006773,0.00453,"ARIMA(1, 0, 0)",0.00227793,-0.00080589,0.00850086,0.0,2025-W04
adj_close.csv,ARIMA,IJR,0.005927,0.008693,0.005941,0.004532,0.006773,0.00453,"ARIMA(1, 0, 0)",-0.001061,-0.0002083,0.00227793,0.0,2025-W05
adj_close.csv,ARIMA,IJR,0.005927,0.008693,0.005941,0.004532,0.006773,0.00453,"ARIMA(1, 0, 0)",-0.00219027,9.728e-05,-0.001061,0.0,2025-W06
adj_close.csv,ARIMA,IJR,0.005927,0.008693,0.005941,0.004532,0.006773,0.00453,"ARIMA(1, 0, 0)",-0.00010248,0.00020015,-0.00219027,0.0,2025-W07
adj_close.csv,ARIMA,IJR,0.005927,0.008693,0.005941,0.004532,0.006773,0.00453,"ARIMA(1, 0, 0)",-0.00897726,9.36e-06,-0.00010248,0.0,2025-W08
adj_close.csv,ARIMA,IJR,0.005927,0.008693,0.005941,0.004532,0.006773,0.00453,"ARIMA(1, 0, 0)",-0.00208231,0.00081852,-0.00897726,0.0,2025-W09
adj_close.csv,ARIMA,IJR,0.005927,0.008693,0.005941,0.004532,0.006773,0.00453,"ARIMA(1, 0, 0)",-0.00725035,0.00018299,-0.00208231,0.0,2025-W10
adj_close.csv,ARIMA,IJR,0.005927,0.008693,0.005941,0.004532,0.006773,0.00453,"ARIMA(1, 0, 0)",-0.005282,0.00062294,-0.00725035,0.0,2025-W11
adj_close.csv,ARIMA,IJR,0.005927,0.008693,0.005941,0.004532,0.006773,0.00453,"ARIMA(1, 0, 0)",0.00131319,0.00042538,-0.005282,0.0,2025-W12
adj_close.csv,ARIMA,IJR,0.005927,0.008693,0.005941,0.004532,0.006773,0.00453,"ARIMA(1, 0, 0)",-0.0025982,-0.00010653,0.00131319,0.0,2025-W13
adj_close.csv,ARIMA,IJR,0.005927,0.008693,0.005941,0.004532,0.006773,0.00453,"ARIMA(1, 0, 0)",-0.01890251,0.00021184,-0.0025982,0.0,2025-W14
adj_close.csv,ARIMA,IJR,0.005927,0.008693,0.005941,0.004532,0.006773,0.00453,"ARIMA(1, 0, 0)",0.0016418,0.00142363,-0.01890251,0.0,2025-W15
adj_close.csv,ARIMA,IJR,0.005927,0.008693,0.005941,0.004532,0.006773,0.00453,"ARIMA(1, 0, 0)",0.00232122,-0.00012446,0.0016418,0.0,2025-W16
adj_close.csv,ARIMA,IJR,0.005927,0.008693,0.005941,0.004532,0.006773,0.00453,"ARIMA(1, 0, 0)",0.00722009,-0.00017485,0.00232122,0.0,2025-W17
adj_close.csv,ARIMA,IJR,0.005927,0.008693,0.005941,0.004532,0.006773,0.00453,"ARIMA(1, 0, 0)",0.00629027,-0.00052904,0.00722009,0.0,2025-W18
adj_close.csv,ARIMA,IJR,0.005927,0.008693,0.005941,0.004532,0.006773,0.00453,"ARIMA(1, 0, 0)",0.00114206,-0.00042406,0.00629027,0.0,2025-W19
adj_close.csv,ARIMA,IJR,0.005927,0.008693,0.005941,0.004532,0.006773,0.00453,"ARIMA(1, 0, 0)",0.0091855,-7.566e-05,0.00114206,0.0,2025-W20
adj_close.csv,ARIMA,IJR,0.005927,0.008693,0.005941,0.004532,0.006773,0.00453,"ARIMA(1, 0, 0)",-0.00847264,-0.00059702,0.0091855,0.0,2025-W21
adj_close.csv,ARIMA,IJR,0.005927,0.008693,0.005941,0.004532,0.006773,0.00453,"ARIMA(1, 0, 0)",0.00329582,0.00062254,-0.00847264,0.0,2025-W22
adj_close.csv,ARIMA,IJR,0.005927,0.008693,0.005941,0.004532,0.006773,0.00453,"ARIMA(1, 0, 0)",0.00431858,-0.00025084,0.00329582,0.0,2025-W23
adj_close.csv,ARIMA,IJR,0.005927,0.008693,0.005941,0.004532,0.006773,0.00453,"ARIMA(1, 0, 0)",-0.00256113,-0.00032113,0.00431858,0.0,2025-W24
adj_close.csv,ARIMA,IJR,0.005927,0.008693,0.005941,0.004532,0.006773,0.00453,"ARIMA(1, 0, 0)",0.00053761,0.00019332,-0.00256113,0.0,2025-W25
adj_close.csv,ARIMA,IJR,0.005927,0.008693,0.005941,0.004532,0.006773,0.00453,"ARIMA(1, 0, 0)",0.00621484,-4.063e-05,0.00053761,0.0,2025-W26
adj_close.csv,ARIMA,IJR,0.005927,0.008693,0.005941,0.004532,0.006773,0.00453,"ARIMA(1, 0, 0)",0.00806559,-0.00046732,0.00621484,0.0,2025-W27
adj_close.csv,ARIMA,IJR,0.005927,0.008693,0.005941,0.004532,0.006773,0.00453,"ARIMA(1, 0, 0)",-0.00046038,-0.0005572,0.00806559,0.0,2025-W28
adj_close.csv,ARIMA,IJR,0.005927,0.008693,0.005941,0.004532,0.006773,0.00453,"ARIMA(1, 0, 0)",-0.00169122,3.176e-05,-0.00046038,0.0,2025-W29
adj_close.csv,ARIMA,IJR,0.005927,0.008693,0.005941,0.004532,0.006773,0.00453,"ARIMA(1, 0, 0)",0.0018507,0.00011653,-0.00169122,0.0,2025-W30
adj_close.csv,ARIMA,IJR,0.005927,0.008693,0.005941,0.004532,0.006773,0.00453,"ARIMA(1, 0, 0)",-0.00804194,-0.00012814,0.0018507,0.0,2025-W31
adj_close.csv,ARIMA,IJR,0.005927,0.008693,0.005941,0.004532,0.006773,0.00453,"ARIMA(1, 0, 0)",0.00443147,0.00057027,-0.00804194,0.0,2025-W32
adj_close.csv,ARIMA,IJR,0.005927,0.008693,0.005941,0.004532,0.006773,0.00453,"ARIMA(1, 0, 0)",0.00630239,-0.00032986,0.00443147,0.0,2025-W33
adj_close.csv,ARIMA,IJR,0.005927,0.008693,0.005941,0.004532,0.006773,0.00453,"ARIMA(1, 0, 0)",0.00697246,-0.00044815,0.00630239,0.0,2025-W34
adj_close.csv,ARIMA,IJR,0.005927,0.008693,0.005941,0.004532,0.006773,0.00453,"ARIMA(1, 0, 0)",-0.00077789,-0.00045905,0.00697246,0.0,2025-W35
adj_close.csv,ARIMA,IJR,0.005927,0.008693,0.005941,0.004532,0.006773,0.00453,"ARIMA(1, 0, 0)",0.00229794,5.141e-05,-0.00077789,0.0,2025-W36
adj_close.csv,ARIMA,IJR,0.005927,0.008693,0.005941,0.004532,0.006773,0.00453,"ARIMA(1, 0, 0)",-0.001128,-0.00015231,0.00229794,0.0,2025-W37
adj_close.csv,ARIMA,IJR,0.005927,0.008693,0.005941,0.004532,0.006773,0.00453,"ARIMA(1, 0, 0)",0.00209646,7.505e-05,-0.001128,0.0,2025-W38
adj_close.csv,ARIMA,IJR,0.005927,0.008693,0.005941,0.004532,0.006773,0.00453,"ARIMA(1, 0, 0)",-0.00132924,-0.00014002,0.00209646,0.0,2025-W39
adj_close.csv,ARIMA,IJR,0.005927,0.008693,0.005941,0.004532,0.006773,0.00453,"ARIMA(1, 0, 0)",0.00269968,8.915e-05,-0.00132924,0.0,2025-W40
adj_close.csv,ARIMA,IJR,0.005927,0.008693,0.005941,0.004532,0.006773,0.00453,"ARIMA(1, 0, 0)",-0.00991883,-0.00018211,0.00269968,0.0,2025-W41
adj_close.csv,ARIMA,IJR,0.005927,0.008693,0.005941,0.004532,0.006773,0.00453,"ARIMA(1, 0, 0)",0.00572798,0.00069825,-0.00991883,0.0,2025-W42
adj_close.csv,ARIMA,IJR,0.005927,0.008693,0.005941,0.004532,0.006773,0.00453,"ARIMA(1, 0, 0)",0.00594859,-0.00043484,0.00572798,0.0,2025-W43
adj_close.csv,ARIMA,IJR,0.005927,0.008693,0.005941,0.004532,0.006773,0.00453,"ARIMA(1, 0, 0)",-0.00559172,-0.00042761,0.00594859,0.0,2025-W44
adj_close.csv,ARIMA,IJR,0.005927,0.008693,0.005941,0.004532,0.006773,0.00453,"ARIMA(1, 0, 0)",0.0002545,0.00042082,-0.00559172,0.0,2025-W45
adj_close.csv,ARIMA,IJR,0.005927,0.008693,0.005941,0.004532,0.006773,0.00453,"ARIMA(1, 0, 0)",-0.00187394,-1.913e-05,0.0002545,0.0,2025-W46
adj_close.csv,ARIMA,IJR,0.005927,0.008693,0.005941,0.004532,0.006773,0.00453,"ARIMA(1, 0, 0)",-0.00218563,0.00014093,-0.00187394,0.0,2025-W47
adj_close.csv,ARIMA,IJR,0.005927,0.008693,0.005941,0.004532,0.006773,0.00453,"ARIMA(1, 0, 0)",0.01118818,0.00016333,-0.00218563,0.0,2025-W48
adj_close.csv,ARIMA,IJR,0.005927,0.008693,0.005941,0.004532,0.006773,0.00453,"ARIMA(1, 0, 0)",0.0012536,-0.00086556,0.01118818,0.0,2025-W49
adj_close.csv,ARIMA,IJR,0.005927,0.008693,0.005941,0.004532,0.006773,0.00453,"ARIMA(1, 0, 0)",0.00405305,-9.378e-05,0.0012536,0.0,2025-W50
adj_close.csv,ARIMA,IJR,0.005927,0.008693,0.005941,0.004532,0.006773,0.00453,"ARIMA(1, 0, 0)",-0.00189677,-0.00030093,0.00405305,0.0,2025-W51
adj_close.csv,ARIMA,IJR,0.005927,0.008693,0.005941,0.004532,0.006773,0.00453,"ARIMA(1, 0, 0)",0.00152744,0.00014215,-0.00189677,0.0,2025-W52
adj_close.csv,ARIMA,IJR,0.005927,0.008693,0.005941,0.004532,0.006773,0.00453,"ARIMA(1, 0, 0)",-0.00359923,-0.0001149,0.00152744,0.0,2026-W01
adj_close.csv,ARIMA,IJR,0.005927,0.008693,0.005941,0.004532,0.006773,0.00453,"ARIMA(1, 0, 0)",0.00815319,0.00027282,-0.00359923,0.0,2026-W02
adj_close.csv,ARIMA,IJR,0.005927,0.008693,0.005941,0.004532,0.006773,0.00453,"ARIMA(1, 0, 0)",0.00345052,-0.00064283,0.00815319,0.0,2026-W03
adj_close.csv,ARIMA,IJR,0.005927,0.008693,0.005941,0.004532,0.006773,0.00453,"ARIMA(1, 0, 0)",-0.00103229,-0.00025977,0.00345052,0.0,2026-W04
adj_close.csv,ARIMA,IJR,0.005927,0.008693,0.005941,0.004532,0.006773,0.00453,"ARIMA(1, 0, 0)",-0.00166197,7.801e-05,-0.00103229,0.0,2026-W05
adj_close.csv,ARIMA,IJR,0.005927,0.008693,0.005941,0.004532,0.006773,0.00453,"ARIMA(1, 0, 0)",0.01033769,0.00012528,-0.00166197,0.0,2026-W06
adj_close.csv,ARIMA,INDA,0.005089,0.006699,0.005148,0.003528,0.005178,0.003543,"ARIMA(2, 0, 0)",0.00226551,-0.00021685,-0.00314356,0.0,2024-W30
adj_close.csv,ARIMA,INDA,0.005089,0.006699,0.005148,0.003528,0.005178,0.003543,"ARIMA(2, 0, 0)",-0.00198091,0.00046438,0.00226551,0.0,2024-W31
adj_close.csv,ARIMA,INDA,0.005089,0.006699,0.005148,0.003528,0.005178,0.003543,"ARIMA(2, 0, 0)",-0.00167782,-0.0003262,-0.00198091,0.0,2024-W32
adj_close.csv,ARIMA,INDA,0.005089,0.006699,0.005148,0.003528,0.005178,0.003543,"ARIMA(2, 0, 0)",0.00206849,0.00029792,-0.00167782,0.0,2024-W33
adj_close.csv,ARIMA,INDA,0.005089,0.006699,0.005148,0.003528,0.005178,0.003543,"ARIMA(2, 0, 0)",0.00250335,0.00024222,0.00206849,0.0,2024-W34
adj_close.csv,ARIMA,INDA,0.005089,0.006699,0.005148,0.003528,0.005178,0.003543,"ARIMA(2, 0, 0)",0.00222999,-0.00031621,0.00250335,0.0,2024-W35
adj_close.csv,ARIMA,INDA,0.005089,0.006699,0.005148,0.003528,0.005178,0.003543,"ARIMA(2, 0, 0)",-0.00529655,-0.00037317,0.00222999,0.0,2024-W36
adj_close.csv,ARIMA,INDA,0.005089,0.006699,0.005148,0.003528,0.005178,0.003543,"ARIMA(2, 0, 0)",0.00468717,-0.00031909,-0.00529655,0.0,2024-W37
adj_close.csv,ARIMA,INDA,0.005089,0.006699,0.005148,0.003528,0.005178,0.003543,"ARIMA(2, 0, 0)",0.0030535,0.00073747,0.00468717,0.0,2024-W38
adj_close.csv,ARIMA,INDA,0.005089,0.006699,0.005148,0.003528,0.005178,0.003543,"ARIMA(2, 0, 0)",0.0013235,-0.00073777,0.0030535,0.0,2024-W39
adj_close.csv,ARIMA,INDA,0.005089,0.006699,0.005148,0.003528,0.005178,0.003543,"ARIMA(2, 0, 0)",-0.00698687,-0.00046501,0.0013235,0.0,2024-W40
adj_close.csv,ARIMA,INDA,0.005089,0.006699,0.005148,0.003528,0.005178,0.003543,"ARIMA(2, 0, 0)",0.000315,-0.00014424,-0.00698687,0.0,2024-W41
adj_close.csv,ARIMA,INDA,0.005089,0.006699,0.005148,0.003528,0.005178,0.003543,"ARIMA(2, 0, 0)",-0.0022154,0.00107824,0.000315,0.0,2024-W42
adj_close.csv,ARIMA,INDA,0.005089,0.006699,0.005148,0.003528,0.005178,0.003543,"ARIMA(2, 0, 0)",-0.00665112,-2.525e-05,-0.0022154,0.0,2024-W43
adj_close.csv,ARIMA,INDA,0.005089,0.006699,0.005148,0.003528,0.005178,0.003543,"ARIMA(2, 0, 0)",0.00054761,0.00036923,-0.00665112,0.0,2024-W44
adj_close.csv,ARIMA,INDA,0.005089,0.006699,0.005148,0.003528,0.005178,0.003543,"ARIMA(2, 0, 0)",-0.00183119,0.00098963,0.00054761,0.0,2024-W45
adj_close.csv,ARIMA,INDA,0.005089,0.006699,0.005148,0.003528,0.005178,0.003543,"ARIMA(2, 0, 0)",-0.00499188,-6.721e-05,-0.00183119,0.0,2024-W46
adj_close.csv,ARIMA,INDA,0.005089,0.006699,0.005148,0.003528,0.005178,0.003543,"ARIMA(2, 0, 0)",0.00451301,0.00028621,-0.00499188,0.0,2024-W47
adj_close.csv,ARIMA,INDA,0.005089,0.006699,0.005148,0.003528,0.005178,0.003543,"ARIMA(2, 0, 0)",0.00252272,0.00069094,0.00451301,0.0,2024-W48
adj_close.csv,ARIMA,INDA,0.005089,0.006699,0.005148,0.003528,0.005178,0.003543,"ARIMA(2, 0, 0)",0.00322326,-0.00069368,0.00252272,0.0,2024-W49
adj_close.csv,ARIMA,INDA,0.005089,0.006699,0.005148,0.003528,0.005178,0.003543,"ARIMA(2, 0, 0)",-0.00039557,-0.00038142,0.00322326,0.0,2024-W50
adj_close.csv,ARIMA,INDA,0.005089,0.006699,0.005148,0.003528,0.005178,0.003543,"ARIMA(2, 0, 0)",-0.00641395,-0.00046518,-0.00039557,0.0,2024-W51
adj_close.csv,ARIMA,INDA,0.005089,0.006699,0.005148,0.003528,0.005178,0.003543,"ARIMA(2, 0, 0)",-0.00150207,8.727e-05,-0.00641395,0.0,2024-W52
adj_close.csv,ARIMA,INDA,0.005089,0.006699,0.005148,0.003528,0.005178,0.003543,"ARIMA(2, 0, 0)",0.00126797,0.00096236,-0.00150207,0.0,2025-W01
adj_close.csv,ARIMA,INDA,0.005089,0.006699,0.005148,0.003528,0.005178,0.003543,"ARIMA(2, 0, 0)",-0.01032849,0.00022315,0.00126797,0.0,2025-W02
adj_close.csv,ARIMA,INDA,0.005089,0.006699,0.005148,0.003528,0.005178,0.003543,"ARIMA(2, 0, 0)",-0.00011719,-0.00013088,-0.01032849,0.0,2025-W03
adj_close.csv,ARIMA,INDA,0.005089,0.006699,0.005148,0.003528,0.005178,0.003543,"ARIMA(2, 0, 0)",-0.00245437,0.0015101,-0.00011719,0.0,2025-W04
adj_close.csv,ARIMA,INDA,0.005089,0.006699,0.005148,0.003528,0.005178,0.003543,"ARIMA(2, 0, 0)",0.00121964,2.842e-05,-0.00245437,0.0,2025-W05
adj_close.csv,ARIMA,INDA,0.005089,0.006699,0.005148,0.003528,0.005178,0.003543,"ARIMA(2, 0, 0)",-0.00193125,0.00032698,0.00121964,0.0,2025-W06
adj_close.csv,ARIMA,INDA,0.005089,0.006699,0.005148,0.003528,0.005178,0.003543,"ARIMA(2, 0, 0)",-0.00363683,-0.00015183,-0.00193125,0.0,2025-W07
adj_close.csv,ARIMA,INDA,0.005089,0.006699,0.005148,0.003528,0.005178,0.003543,"ARIMA(2, 0, 0)",-0.00146628,0.00027975,-0.00363683,0.0,2025-W08
adj_close.csv,ARIMA,INDA,0.005089,0.006699,0.005148,0.003528,0.005178,0.003543,"ARIMA(2, 0, 0)",-0.00492838,0.00049549,-0.00146628,0.0,2025-W09
adj_close.csv,ARIMA,INDA,0.005089,0.006699,0.005148,0.003528,0.005178,0.003543,"ARIMA(2, 0, 0)",0.0040339,0.00019672,-0.00492838,0.0,2025-W10
adj_close.csv,ARIMA,INDA,0.005089,0.006699,0.005148,0.003528,0.005178,0.003543,"ARIMA(2, 0, 0)",-0.00069396,0.00062434,0.0040339,0.0,2025-W11
adj_close.csv,ARIMA,INDA,0.005089,0.006699,0.005148,0.003528,0.005178,0.003543,"ARIMA(2, 0, 0)",0.01020345,-0.00051919,-0.00069396,0.0,2025-W12
adj_close.csv,ARIMA,INDA,0.005089,0.006699,0.005148,0.003528,0.005178,0.003543,"ARIMA(2, 0, 0)",-0.00073967,-7.74e-06,0.01020345,0.0,2025-W13
adj_close.csv,ARIMA,INDA,0.005089,0.006699,0.005148,0.003528,0.005178,0.003543,"ARIMA(2, 0, 0)",-0.00832209,-0.00121036,-0.00073967,0.0,2025-W14
adj_close.csv,ARIMA,INDA,0.005089,0.006699,0.005148,0.003528,0.005178,0.003543,"ARIMA(2, 0, 0)",0.00628366,0.00018156,-0.00832209,0.0,2025-W15
adj_close.csv,ARIMA,INDA,0.005089,0.006699,0.005148,0.003528,0.005178,0.003543,"ARIMA(2, 0, 0)",0.00728065,0.00101004,0.00628366,0.0,2025-W16
adj_close.csv,ARIMA,INDA,0.005089,0.006699,0.005148,0.003528,0.005178,0.003543,"ARIMA(2, 0, 0)",0.00224529,-0.0010333,0.00728065,0.0,2025-W17
adj_close.csv,ARIMA,INDA,0.005089,0.006699,0.005148,0.003528,0.005178,0.003543,"ARIMA(2, 0, 0)",0.00397166,-0.00107043,0.00224529,0.0,2025-W18
adj_close.csv,ARIMA,INDA,0.005089,0.006699,0.005148,0.003528,0.005178,0.003543,"ARIMA(2, 0, 0)",-0.00572005,-0.00032415,0.00397166,0.0,2025-W19
adj_close.csv,ARIMA,INDA,0.005089,0.006699,0.005148,0.003528,0.005178,0.003543,"ARIMA(2, 0, 0)",0.00848329,-0.00049896,-0.00572005,0.0,2025-W20
adj_close.csv,ARIMA,INDA,0.005089,0.006699,0.005148,0.003528,0.005178,0.003543,"ARIMA(2, 0, 0)",-0.00029293,0.00057259,0.00848329,0.0,2025-W21
adj_close.csv,ARIMA,INDA,0.005089,0.006699,0.005148,0.003528,0.005178,0.003543,"ARIMA(2, 0, 0)",-0.00123979,-0.0010983,-0.00029293,0.0,2025-W22
adj_close.csv,ARIMA,INDA,0.005089,0.006699,0.005148,0.003528,0.005178,0.003543,"ARIMA(2, 0, 0)",0.00219742,6.634e-05,-0.00123979,0.0,2025-W23
adj_close.csv,ARIMA,INDA,0.005089,0.006699,0.005148,0.003528,0.005178,0.003543,"ARIMA(2, 0, 0)",-0.00319419,0.00011088,0.00219742,0.0,2025-W24
adj_close.csv,ARIMA,INDA,0.005089,0.006699,0.005148,0.003528,0.005178,0.003543,"ARIMA(2, 0, 0)",-0.00064851,-0.00020579,-0.00319419,0.0,2025-W25
adj_close.csv,ARIMA,INDA,0.005089,0.006699,0.005148,0.003528,0.005178,0.003543,"ARIMA(2, 0, 0)",0.00714361,0.0004312,-0.00064851,0.0,2025-W26
adj_close.csv,ARIMA,INDA,0.005089,0.006699,0.005148,0.003528,0.005178,0.003543,"ARIMA(2, 0, 0)",-0.00031348,-9.594e-05,0.00714361,0.0,2025-W27
adj_close.csv,ARIMA,INDA,0.005089,0.006699,0.005148,0.003528,0.005178,0.003543,"ARIMA(2, 0, 0)",-0.00328913,-0.00095438,-0.00031348,0.0,2025-W28
adj_close.csv,ARIMA,INDA,0.005089,0.006699,0.005148,0.003528,0.005178,0.003543,"ARIMA(2, 0, 0)",-0.00138966,0.00012872,-0.00328913,0.0,2025-W29
adj_close.csv,ARIMA,INDA,0.005089,0.006699,0.005148,0.003528,0.005178,0.003543,"ARIMA(2, 0, 0)",-0.00258545,0.0004892,-0.00138966,0.0,2025-W30
adj_close.csv,ARIMA,INDA,0.005089,0.006699,0.005148,0.003528,0.005178,0.003543,"ARIMA(2, 0, 0)",-0.00405571,0.00025065,-0.00258545,0.0,2025-W31
adj_close.csv,ARIMA,INDA,0.005089,0.006699,0.005148,0.003528,0.005178,0.003543,"ARIMA(2, 0, 0)",-0.00228924,0.00043473,-0.00405571,0.0,2025-W32
adj_close.csv,ARIMA,INDA,0.005089,0.006699,0.005148,0.003528,0.005178,0.003543,"ARIMA(2, 0, 0)",0.00225129,0.00058291,-0.00228924,0.0,2025-W33
adj_close.csv,ARIMA,INDA,0.005089,0.006699,0.005148,0.003528,0.005178,0.003543,"ARIMA(2, 0, 0)",0.00327414,0.00026351,0.00225129,0.0,2025-W34
adj_close.csv,ARIMA,INDA,0.005089,0.006699,0.005148,0.003528,0.005178,0.003543,"ARIMA(2, 0, 0)",-0.00606338,-0.00036612,0.00327414,0.0,2025-W35
adj_close.csv,ARIMA,INDA,0.005089,0.006699,0.005148,0.003528,0.005178,0.003543,"ARIMA(2, 0, 0)",0.00239328,-0.00031853,-0.00606338,0.0,2025-W36
adj_close.csv,ARIMA,INDA,0.005089,0.006699,0.005148,0.003528,0.005178,0.003543,"ARIMA(2, 0, 0)",0.0025372,0.00076873,0.00239328,0.0,2025-W37
adj_close.csv,ARIMA,INDA,0.005089,0.006699,0.005148,0.003528,0.005178,0.003543,"ARIMA(2, 0, 0)",0.00295083,-0.00039707,0.0025372,0.0,2025-W38
adj_close.csv,ARIMA,INDA,0.005089,0.006699,0.005148,0.003528,0.005178,0.003543,"ARIMA(2, 0, 0)",-0.00636648,-0.00041749,0.00295083,0.0,2025-W39
adj_close.csv,ARIMA,INDA,0.005089,0.006699,0.005148,0.003528,0.005178,0.003543,"ARIMA(2, 0, 0)",0.00076409,-0.00024311,-0.00636648,0.0,2025-W40
adj_close.csv,ARIMA,INDA,0.005089,0.006699,0.005148,0.003528,0.005178,0.003543,"ARIMA(2, 0, 0)",0.0012165,0.00087118,0.00076409,0.0,2025-W41
adj_close.csv,ARIMA,INDA,0.005089,0.006699,0.005148,0.003528,0.005178,0.003543,"ARIMA(2, 0, 0)",0.006268,-0.00014208,0.0012165,0.0,2025-W42
adj_close.csv,ARIMA,INDA,0.005089,0.006699,0.005148,0.003528,0.005178,0.003543,"ARIMA(2, 0, 0)",0.00022026,-0.00033727,0.006268,0.0,2025-W43
adj_close.csv,ARIMA,INDA,0.005089,0.006699,0.005148,0.003528,0.005178,0.003543,"ARIMA(2, 0, 0)",-0.00199116,-0.00087991,0.00022026,0.0,2025-W44
adj_close.csv,ARIMA,INDA,0.005089,0.006699,0.005148,0.003528,0.005178,0.003543,"ARIMA(2, 0, 0)",-0.00081694,2.084e-05,-0.00199116,0.0,2025-W45
adj_close.csv,ARIMA,INDA,0.005089,0.006699,0.005148,0.003528,0.005178,0.003543,"ARIMA(2, 0, 0)",0.00321129,0.00030166,-0.00081694,0.0,2025-W46
adj_close.csv,ARIMA,INDA,0.005089,0.006699,0.005148,0.003528,0.005178,0.003543,"ARIMA(2, 0, 0)",-0.00150694,3.189e-05,0.00321129,0.0,2025-W47
adj_close.csv,ARIMA,INDA,0.005089,0.006699,0.005148,0.003528,0.005178,0.003543,"ARIMA(2, 0, 0)",0.00229528,-0.00041472,-0.00150694,0.0,2025-W48
adj_close.csv,ARIMA,INDA,0.005089,0.006699,0.005148,0.003528,0.005178,0.003543,"ARIMA(2, 0, 0)",-0.00272363,0.00014674,0.00229528,0.0,2025-W49
adj_close.csv,ARIMA,INDA,0.005089,0.006699,0.005148,0.003528,0.005178,0.003543,"ARIMA(2, 0, 0)",-0.00309969,-0.00023951,-0.00272363,0.0,2025-W50
adj_close.csv,ARIMA,INDA,0.005089,0.006699,0.005148,0.003528,0.005178,0.003543,"ARIMA(2, 0, 0)",0.00376561,0.00046931,-0.00309969,0.0,2025-W51
adj_close.csv,ARIMA,INDA,0.005089,0.006699,0.005148,0.003528,0.005178,0.003543,"ARIMA(2, 0, 0)",-0.00143533,0.00032865,0.00376561,0.0,2025-W52
adj_close.csv,ARIMA,INDA,0.005089,0.006699,0.005148,0.003528,0.005178,0.003543,"ARIMA(2, 0, 0)",0.00332109,-0.00048755,-0.00143533,0.0,2026-W01
adj_close.csv,ARIMA,INDA,0.005089,0.006699,0.005148,0.003528,0.005178,0.003543,"ARIMA(2, 0, 0)",-0.00512373,9.102e-05,0.00332109,0.0,2026-W02
adj_close.csv,ARIMA,INDA,0.005089,0.006699,0.005148,0.003528,0.005178,0.003543,"ARIMA(2, 0, 0)",-0.00124494,-0.00027069,-0.00512373,0.0,2026-W03
adj_close.csv,ARIMA,INDA,0.005089,0.006699,0.005148,0.003528,0.005178,0.003543,"ARIMA(2, 0, 0)",-0.00773429,0.00074926,-0.00124494,0.0,2026-W04
adj_close.csv,ARIMA,INDA,0.005089,0.006699,0.005148,0.003528,0.005178,0.003543,"ARIMA(2, 0, 0)",0.00194214,0.00041165,-0.00773429,0.0,2026-W05
adj_close.csv,ARIMA,INDA,0.005089,0.006699,0.005148,0.003528,0.005178,0.003543,"ARIMA(2, 0, 0)",0.02932979,0.00093142,0.00194214,0.0,2026-W06
adj_close.csv,ARIMA,ITOT,0.00472,0.007305,0.004767,0.003493,0.005331,0.003516,"ARIMA(1, 0, 0)",-0.00099943,0.00026973,-0.00329579,0.0,2024-W30
adj_close.csv,ARIMA,ITOT,0.00472,0.007305,0.004767,0.003493,0.005331,0.003516,"ARIMA(1, 0, 0)",-0.00509054,8.083e-05,-0.00099943,0.0,2024-W31
adj_close.csv,ARIMA,ITOT,0.00472,0.007305,0.004767,0.003493,0.005331,0.003516,"ARIMA(1, 0, 0)",-6.853e-05,0.00040563,-0.00509054,0.0,2024-W32
adj_close.csv,ARIMA,ITOT,0.00472,0.007305,0.004767,0.003493,0.005331,0.003516,"ARIMA(1, 0, 0)",0.00764832,5.42e-06,-6.853e-05,0.0,2024-W33
adj_close.csv,ARIMA,ITOT,0.00472,0.007305,0.004767,0.003493,0.005331,0.003516,"ARIMA(1, 0, 0)",0.00320661,-0.00060612,0.00764832,0.0,2024-W34
adj_close.csv,ARIMA,ITOT,0.00472,0.007305,0.004767,0.003493,0.005331,0.003516,"ARIMA(1, 0, 0)",0.00056723,-0.00023297,0.00320661,0.0,2024-W35
adj_close.csv,ARIMA,ITOT,0.00472,0.007305,0.004767,0.003493,0.005331,0.003516,"ARIMA(1, 0, 0)",-0.01100077,-4.088e-05,0.00056723,0.0,2024-W36
adj_close.csv,ARIMA,ITOT,0.00472,0.007305,0.004767,0.003493,0.005331,0.003516,"ARIMA(1, 0, 0)",0.00787602,0.0008083,-0.01100077,0.0,2024-W37
adj_close.csv,ARIMA,ITOT,0.00472,0.007305,0.004767,0.003493,0.005331,0.003516,"ARIMA(1, 0, 0)",0.00311359,-0.00071323,0.00787602,0.0,2024-W38
adj_close.csv,ARIMA,ITOT,0.00472,0.007305,0.004767,0.003493,0.005331,0.003516,"ARIMA(1, 0, 0)",0.00109552,-0.00026162,0.00311359,0.0,2024-W39
adj_close.csv,ARIMA,ITOT,0.00472,0.007305,0.004767,0.003493,0.005331,0.003516,"ARIMA(1, 0, 0)",0.00047881,-9.105e-05,0.00109552,0.0,2024-W40
adj_close.csv,ARIMA,ITOT,0.00472,0.007305,0.004767,0.003493,0.005331,0.003516,"ARIMA(1, 0, 0)",0.00232975,-3.973e-05,0.00047881,0.0,2024-W41
adj_close.csv,ARIMA,ITOT,0.00472,0.007305,0.004767,0.003493,0.005331,0.003516,"ARIMA(1, 0, 0)",0.00192875,-0.00019274,0.00232975,0.0,2024-W42
adj_close.csv,ARIMA,ITOT,0.00472,0.007305,0.004767,0.003493,0.005331,0.003516,"ARIMA(1, 0, 0)",-0.00224413,-0.00015751,0.00192875,0.0,2024-W43
adj_close.csv,ARIMA,ITOT,0.00472,0.007305,0.004767,0.003493,0.005331,0.003516,"ARIMA(1, 0, 0)",-0.00234942,0.00018521,-0.00224413,0.0,2024-W44
adj_close.csv,ARIMA,ITOT,0.00472,0.007305,0.004767,0.003493,0.005331,0.003516,"ARIMA(1, 0, 0)",0.01005817,0.00019102,-0.00234942,0.0,2024-W45
adj_close.csv,ARIMA,ITOT,0.00472,0.007305,0.004767,0.003493,0.005331,0.003516,"ARIMA(1, 0, 0)",-0.00439071,-0.00086798,0.01005817,0.0,2024-W46
adj_close.csv,ARIMA,ITOT,0.00472,0.007305,0.004767,0.003493,0.005331,0.003516,"ARIMA(1, 0, 0)",0.00429958,0.00041168,-0.00439071,0.0,2024-W47
adj_close.csv,ARIMA,ITOT,0.00472,0.007305,0.004767,0.003493,0.005331,0.003516,"ARIMA(1, 0, 0)",0.00273847,-0.00041854,0.00429958,0.0,2024-W48
adj_close.csv,ARIMA,ITOT,0.00472,0.007305,0.004767,0.003493,0.005331,0.003516,"ARIMA(1, 0, 0)",0.00176528,-0.0002588,0.00273847,0.0,2024-W49
adj_close.csv,ARIMA,ITOT,0.00472,0.007305,0.004767,0.003493,0.005331,0.003516,"ARIMA(1, 0, 0)",-0.00178033,-0.00016479,0.00176528,0.0,2024-W50
adj_close.csv,ARIMA,ITOT,0.00472,0.007305,0.004767,0.003493,0.005331,0.003516,"ARIMA(1, 0, 0)",-0.00432022,0.00016725,-0.00178033,0.0,2024-W51
adj_close.csv,ARIMA,ITOT,0.00472,0.007305,0.004767,0.003493,0.005331,0.003516,"ARIMA(1, 0, 0)",0.00136389,0.00039867,-0.00432022,0.0,2024-W52
adj_close.csv,ARIMA,ITOT,0.00472,0.007305,0.004767,0.003493,0.005331,0.003516,"ARIMA(1, 0, 0)",-0.00086355,-0.00012704,0.00136389,0.0,2025-W01
adj_close.csv,ARIMA,ITOT,0.00472,0.007305,0.004767,0.003493,0.005331,0.003516,"ARIMA(1, 0, 0)",-0.00498986,8.062e-05,-0.00086355,0.0,2025-W02
adj_close.csv,ARIMA,ITOT,0.00472,0.007305,0.004767,0.003493,0.005331,0.003516,"ARIMA(1, 0, 0)",0.00616384,0.00046129,-0.00498986,0.0,2025-W03
adj_close.csv,ARIMA,ITOT,0.00472,0.007305,0.004767,0.003493,0.005331,0.003516,"ARIMA(1, 0, 0)",0.0043545,-0.00060603,0.00616384,0.0,2025-W04
adj_close.csv,ARIMA,ITOT,0.00472,0.007305,0.004767,0.003493,0.005331,0.003516,"ARIMA(1, 0, 0)",-0.0019379,-0.00040086,0.0043545,0.0,2025-W05
adj_close.csv,ARIMA,ITOT,0.00472,0.007305,0.004767,0.003493,0.005331,0.003516,"ARIMA(1, 0, 0)",-0.00036262,0.00018104,-0.0019379,0.0,2025-W06
adj_close.csv,ARIMA,ITOT,0.00472,0.007305,0.004767,0.003493,0.005331,0.003516,"ARIMA(1, 0, 0)",0.00262913,3.38e-05,-0.00036262,0.0,2025-W07
adj_close.csv,ARIMA,ITOT,0.00472,0.007305,0.004767,0.003493,0.005331,0.003516,"ARIMA(1, 0, 0)",-0.00497455,-0.00024556,0.00262913,0.0,2025-W08
adj_close.csv,ARIMA,ITOT,0.00472,0.007305,0.004767,0.003493,0.005331,0.003516,"ARIMA(1, 0, 0)",-0.00198912,0.00047721,-0.00497455,0.0,2025-W09
adj_close.csv,ARIMA,ITOT,0.00472,0.007305,0.004767,0.003493,0.005331,0.003516,"ARIMA(1, 0, 0)",-0.00674002,0.00018587,-0.00198912,0.0,2025-W10
adj_close.csv,ARIMA,ITOT,0.00472,0.007305,0.004767,0.003493,0.005331,0.003516,"ARIMA(1, 0, 0)",-0.00458497,0.00061103,-0.00674002,0.0,2025-W11
adj_close.csv,ARIMA,ITOT,0.00472,0.007305,0.004767,0.003493,0.005331,0.003516,"ARIMA(1, 0, 0)",0.00132561,0.00038345,-0.00458497,0.0,2025-W12
adj_close.csv,ARIMA,ITOT,0.00472,0.007305,0.004767,0.003493,0.005331,0.003516,"ARIMA(1, 0, 0)",-0.00321967,-0.00011201,0.00132561,0.0,2025-W13
adj_close.csv,ARIMA,ITOT,0.00472,0.007305,0.004767,0.003493,0.005331,0.003516,"ARIMA(1, 0, 0)",-0.01928788,0.00027469,-0.00321967,0.0,2025-W14
adj_close.csv,ARIMA,ITOT,0.00472,0.007305,0.004767,0.003493,0.005331,0.003516,"ARIMA(1, 0, 0)",0.01018698,0.00140353,-0.01928788,0.0,2025-W15
adj_close.csv,ARIMA,ITOT,0.00472,0.007305,0.004767,0.003493,0.005331,0.003516,"ARIMA(1, 0, 0)",-0.00255636,-0.00106142,0.01018698,0.0,2025-W16
adj_close.csv,ARIMA,ITOT,0.00472,0.007305,0.004767,0.003493,0.005331,0.003516,"ARIMA(1, 0, 0)",0.00905917,0.00027344,-0.00255636,0.0,2025-W17
adj_close.csv,ARIMA,ITOT,0.00472,0.007305,0.004767,0.003493,0.005331,0.003516,"ARIMA(1, 0, 0)",0.0058408,-0.001006,0.00905917,0.0,2025-W18
adj_close.csv,ARIMA,ITOT,0.00472,0.007305,0.004767,0.003493,0.005331,0.003516,"ARIMA(1, 0, 0)",-0.00056673,-0.00058372,0.0058408,0.0,2025-W19
adj_close.csv,ARIMA,ITOT,0.00472,0.007305,0.004767,0.003493,0.005331,0.003516,"ARIMA(1, 0, 0)",0.01045641,5.663e-05,-0.00056673,0.0,2025-W20
adj_close.csv,ARIMA,ITOT,0.00472,0.007305,0.004767,0.003493,0.005331,0.003516,"ARIMA(1, 0, 0)",-0.00536527,-0.00105579,0.01045641,0.0,2025-W21
adj_close.csv,ARIMA,ITOT,0.00472,0.007305,0.004767,0.003493,0.005331,0.003516,"ARIMA(1, 0, 0)",0.00427092,0.00058395,-0.00536527,0.0,2025-W22
adj_close.csv,ARIMA,ITOT,0.00472,0.007305,0.004767,0.003493,0.005331,0.003516,"ARIMA(1, 0, 0)",0.00363422,-0.00047952,0.00427092,0.0,2025-W23
adj_close.csv,ARIMA,ITOT,0.00472,0.007305,0.004767,0.003493,0.005331,0.003516,"ARIMA(1, 0, 0)",-0.00113244,-0.00039697,0.00363422,0.0,2025-W24
adj_close.csv,ARIMA,ITOT,0.00472,0.007305,0.004767,0.003493,0.005331,0.003516,"ARIMA(1, 0, 0)",-0.00020018,0.00012422,-0.00113244,0.0,2025-W25
adj_close.csv,ARIMA,ITOT,0.00472,0.007305,0.004767,0.003493,0.005331,0.003516,"ARIMA(1, 0, 0)",0.00682958,2.195e-05,-0.00020018,0.0,2025-W26
adj_close.csv,ARIMA,ITOT,0.00472,0.007305,0.004767,0.003493,0.005331,0.003516,"ARIMA(1, 0, 0)",0.00457309,-0.00075034,0.00682958,0.0,2025-W27
adj_close.csv,ARIMA,ITOT,0.00472,0.007305,0.004767,0.003493,0.005331,0.003516,"ARIMA(1, 0, 0)",-0.00062958,-0.00047393,0.00457309,0.0,2025-W28
adj_close.csv,ARIMA,ITOT,0.00472,0.007305,0.004767,0.003493,0.005331,0.003516,"ARIMA(1, 0, 0)",0.00144649,6.532e-05,-0.00062958,0.0,2025-W29
adj_close.csv,ARIMA,ITOT,0.00472,0.007305,0.004767,0.003493,0.005331,0.003516,"ARIMA(1, 0, 0)",0.00280455,-0.0001503,0.00144649,0.0,2025-W30
adj_close.csv,ARIMA,ITOT,0.00472,0.007305,0.004767,0.003493,0.005331,0.003516,"ARIMA(1, 0, 0)",-0.00511806,-0.00028936,0.00280455,0.0,2025-W31
adj_close.csv,ARIMA,ITOT,0.00472,0.007305,0.004767,0.003493,0.005331,0.003516,"ARIMA(1, 0, 0)",0.00468692,0.00053988,-0.00511806,0.0,2025-W32
adj_close.csv,ARIMA,ITOT,0.00472,0.007305,0.004767,0.003493,0.005331,0.003516,"ARIMA(1, 0, 0)",0.00221754,-0.00051128,0.00468692,0.0,2025-W33
adj_close.csv,ARIMA,ITOT,0.00472,0.007305,0.004767,0.003493,0.005331,0.003516,"ARIMA(1, 0, 0)",0.00100762,-0.00023711,0.00221754,0.0,2025-W34
adj_close.csv,ARIMA,ITOT,0.00472,0.007305,0.004767,0.003493,0.005331,0.003516,"ARIMA(1, 0, 0)",4.249e-05,-0.00010727,0.00100762,0.0,2025-W35
adj_close.csv,ARIMA,ITOT,0.00472,0.007305,0.004767,0.003493,0.005331,0.003516,"ARIMA(1, 0, 0)",0.00104159,-4.52e-06,4.249e-05,0.0,2025-W36
adj_close.csv,ARIMA,ITOT,0.00472,0.007305,0.004767,0.003493,0.005331,0.003516,"ARIMA(1, 0, 0)",0.00289651,-0.00011085,0.00104159,0.0,2025-W37
adj_close.csv,ARIMA,ITOT,0.00472,0.007305,0.004767,0.003493,0.005331,0.003516,"ARIMA(1, 0, 0)",0.00254982,-0.00030673,0.00289651,0.0,2025-W38
adj_close.csv,ARIMA,ITOT,0.00472,0.007305,0.004767,0.003493,0.005331,0.003516,"ARIMA(1, 0, 0)",-0.00077178,-0.00026646,0.00254982,0.0,2025-W39
adj_close.csv,ARIMA,ITOT,0.00472,0.007305,0.004767,0.003493,0.005331,0.003516,"ARIMA(1, 0, 0)",0.00226551,8.082e-05,-0.00077178,0.0,2025-W40
adj_close.csv,ARIMA,ITOT,0.00472,0.007305,0.004767,0.003493,0.005331,0.003516,"ARIMA(1, 0, 0)",-0.00511644,-0.00023788,0.00226551,0.0,2025-W41
adj_close.csv,ARIMA,ITOT,0.00472,0.007305,0.004767,0.003493,0.005331,0.003516,"ARIMA(1, 0, 0)",0.00349887,0.00054675,-0.00511644,0.0,2025-W42
adj_close.csv,ARIMA,ITOT,0.00472,0.007305,0.004767,0.003493,0.005331,0.003516,"ARIMA(1, 0, 0)",0.00385768,-0.00038275,0.00349887,0.0,2025-W43
adj_close.csv,ARIMA,ITOT,0.00472,0.007305,0.004767,0.003493,0.005331,0.003516,"ARIMA(1, 0, 0)",0.00110402,-0.00041243,0.00385768,0.0,2025-W44
adj_close.csv,ARIMA,ITOT,0.00472,0.007305,0.004767,0.003493,0.005331,0.003516,"ARIMA(1, 0, 0)",-0.00331684,-0.00011695,0.00110402,0.0,2025-W45
adj_close.csv,ARIMA,ITOT,0.00472,0.007305,0.004767,0.003493,0.005331,0.003516,"ARIMA(1, 0, 0)",-0.00021853,0.00035333,-0.00331684,0.0,2025-W46
adj_close.csv,ARIMA,ITOT,0.00472,0.007305,0.004767,0.003493,0.005331,0.003516,"ARIMA(1, 0, 0)",-0.00386352,2.321e-05,-0.00021853,0.0,2025-W47
adj_close.csv,ARIMA,ITOT,0.00472,0.007305,0.004767,0.003493,0.005331,0.003516,"ARIMA(1, 0, 0)",0.00955049,0.0004098,-0.00386352,0.0,2025-W48
adj_close.csv,ARIMA,ITOT,0.00472,0.007305,0.004767,0.003493,0.005331,0.003516,"ARIMA(1, 0, 0)",0.00086977,-0.001069,0.00955049,0.0,2025-W49
adj_close.csv,ARIMA,ITOT,0.00472,0.007305,0.004767,0.003493,0.005331,0.003516,"ARIMA(1, 0, 0)",-0.00096366,-9.472e-05,0.00086977,0.0,2025-W50
adj_close.csv,ARIMA,ITOT,0.00472,0.007305,0.004767,0.003493,0.005331,0.003516,"ARIMA(1, 0, 0)",0.00013196,0.00010506,-0.00096366,0.0,2025-W51
adj_close.csv,ARIMA,ITOT,0.00472,0.007305,0.004767,0.003493,0.005331,0.003516,"ARIMA(1, 0, 0)",0.00325756,-1.439e-05,0.00013196,0.0,2025-W52
adj_close.csv,ARIMA,ITOT,0.00472,0.007305,0.004767,0.003493,0.005331,0.003516,"ARIMA(1, 0, 0)",-0.00245174,-0.00035494,0.00325756,0.0,2026-W01
adj_close.csv,ARIMA,ITOT,0.00472,0.007305,0.004767,0.003493,0.005331,0.003516,"ARIMA(1, 0, 0)",0.00354838,0.00026988,-0.00245174,0.0,2026-W02
adj_close.csv,ARIMA,ITOT,0.00472,0.007305,0.004767,0.003493,0.005331,0.003516,"ARIMA(1, 0, 0)",-0.00035598,-0.00039524,0.00354838,0.0,2026-W03
adj_close.csv,ARIMA,ITOT,0.00472,0.007305,0.004767,0.003493,0.005331,0.003516,"ARIMA(1, 0, 0)",-0.00099166,3.964e-05,-0.00035598,0.0,2026-W04
adj_close.csv,ARIMA,ITOT,0.00472,0.007305,0.004767,0.003493,0.005331,0.003516,"ARIMA(1, 0, 0)",2.648e-05,0.00011037,-0.00099166,0.0,2026-W05
adj_close.csv,ARIMA,ITOT,0.00472,0.007305,0.004767,0.003493,0.005331,0.003516,"ARIMA(1, 0, 0)",0.00541654,-2.95e-06,2.648e-05,0.0,2026-W06
adj_close.csv,ARIMA,IVV,0.004614,0.00728,0.004676,0.003413,0.005249,0.003456,"ARIMA(1, 0, 0)",-0.00167008,0.0003177,-0.00396777,0.0,2024-W30
adj_close.csv,ARIMA,IVV,0.004614,0.00728,0.004676,0.003413,0.005249,0.003456,"ARIMA(1, 0, 0)",-0.00429131,0.00013052,-0.00167008,0.0,2024-W31
adj_close.csv,ARIMA,IVV,0.004614,0.00728,0.004676,0.003413,0.005249,0.003456,"ARIMA(1, 0, 0)",2.982e-05,0.00032766,-0.00429131,0.0,2024-W32
adj_close.csv,ARIMA,IVV,0.004614,0.00728,0.004676,0.003413,0.005249,0.003456,"ARIMA(1, 0, 0)",0.00789659,-2.27e-06,2.982e-05,0.0,2024-W33
adj_close.csv,ARIMA,IVV,0.004614,0.00728,0.004676,0.003413,0.005249,0.003456,"ARIMA(1, 0, 0)",0.00277915,-0.00060003,0.00789659,0.0,2024-W34
adj_close.csv,ARIMA,IVV,0.004614,0.00728,0.004676,0.003413,0.005249,0.003456,"ARIMA(1, 0, 0)",0.0005371,-0.00019348,0.00277915,0.0,2024-W35
adj_close.csv,ARIMA,IVV,0.004614,0.00728,0.004676,0.003413,0.005249,0.003456,"ARIMA(1, 0, 0)",-0.01053197,-3.713e-05,0.0005371,0.0,2024-W36
adj_close.csv,ARIMA,IVV,0.004614,0.00728,0.004676,0.003413,0.005249,0.003456,"ARIMA(1, 0, 0)",0.00782476,0.00074227,-0.01053197,0.0,2024-W37
adj_close.csv,ARIMA,IVV,0.004614,0.00728,0.004676,0.003413,0.005249,0.003456,"ARIMA(1, 0, 0)",0.0027908,-0.00068691,0.00782476,0.0,2024-W38
adj_close.csv,ARIMA,IVV,0.004614,0.00728,0.004676,0.003413,0.005249,0.003456,"ARIMA(1, 0, 0)",0.00115386,-0.00022762,0.0027908,0.0,2024-W39
adj_close.csv,ARIMA,IVV,0.004614,0.00728,0.004676,0.003413,0.005249,0.003456,"ARIMA(1, 0, 0)",0.00056358,-9.309e-05,0.00115386,0.0,2024-W40
adj_close.csv,ARIMA,IVV,0.004614,0.00728,0.004676,0.003413,0.005249,0.003456,"ARIMA(1, 0, 0)",0.00230045,-4.537e-05,0.00056358,0.0,2024-W41
adj_close.csv,ARIMA,IVV,0.004614,0.00728,0.004676,0.003413,0.005249,0.003456,"ARIMA(1, 0, 0)",0.00174732,-0.00018451,0.00230045,0.0,2024-W42
adj_close.csv,ARIMA,IVV,0.004614,0.00728,0.004676,0.003413,0.005249,0.003456,"ARIMA(1, 0, 0)",-0.00190191,-0.00013837,0.00174732,0.0,2024-W43
adj_close.csv,ARIMA,IVV,0.004614,0.00728,0.004676,0.003413,0.005249,0.003456,"ARIMA(1, 0, 0)",-0.00283144,0.00015195,-0.00190191,0.0,2024-W44
adj_close.csv,ARIMA,IVV,0.004614,0.00728,0.004676,0.003413,0.005249,0.003456,"ARIMA(1, 0, 0)",0.00933397,0.00022256,-0.00283144,0.0,2024-W45
adj_close.csv,ARIMA,IVV,0.004614,0.00728,0.004676,0.003413,0.005249,0.003456,"ARIMA(1, 0, 0)",-0.0041925,-0.0007884,0.00933397,0.0,2024-W46
adj_close.csv,ARIMA,IVV,0.004614,0.00728,0.004676,0.003413,0.005249,0.003456,"ARIMA(1, 0, 0)",0.00329885,0.00038381,-0.0041925,0.0,2024-W47
adj_close.csv,ARIMA,IVV,0.004614,0.00728,0.004676,0.003413,0.005249,0.003456,"ARIMA(1, 0, 0)",0.00275027,-0.00031095,0.00329885,0.0,2024-W48
adj_close.csv,ARIMA,IVV,0.004614,0.00728,0.004676,0.003413,0.005249,0.003456,"ARIMA(1, 0, 0)",0.00189493,-0.00025309,0.00275027,0.0,2024-W49
adj_close.csv,ARIMA,IVV,0.004614,0.00728,0.004676,0.003413,0.005249,0.003456,"ARIMA(1, 0, 0)",-0.00117893,-0.0001719,0.00189493,0.0,2024-W50
adj_close.csv,ARIMA,IVV,0.004614,0.00728,0.004676,0.003413,0.005249,0.003456,"ARIMA(1, 0, 0)",-0.00393357,0.00010745,-0.00117893,0.0,2024-W51
adj_close.csv,ARIMA,IVV,0.004614,0.00728,0.004676,0.003413,0.005249,0.003456,"ARIMA(1, 0, 0)",0.00176344,0.00035436,-0.00393357,0.0,2024-W52
adj_close.csv,ARIMA,IVV,0.004614,0.00728,0.004676,0.003413,0.005249,0.003456,"ARIMA(1, 0, 0)",-0.0012247,-0.00016101,0.00176344,0.0,2025-W01
adj_close.csv,ARIMA,IVV,0.004614,0.00728,0.004676,0.003413,0.005249,0.003456,"ARIMA(1, 0, 0)",-0.00478812,0.00011233,-0.0012247,0.0,2025-W02
adj_close.csv,ARIMA,IVV,0.004614,0.00728,0.004676,0.003413,0.005249,0.003456,"ARIMA(1, 0, 0)",0.00572194,0.00043284,-0.00478812,0.0,2025-W03
adj_close.csv,ARIMA,IVV,0.004614,0.00728,0.004676,0.003413,0.005249,0.003456,"ARIMA(1, 0, 0)",0.00438853,-0.00054896,0.00572194,0.0,2025-W04
adj_close.csv,ARIMA,IVV,0.004614,0.00728,0.004676,0.003413,0.005249,0.003456,"ARIMA(1, 0, 0)",-0.00205014,-0.0003941,0.00438853,0.0,2025-W05
adj_close.csv,ARIMA,IVV,0.004614,0.00728,0.004676,0.003413,0.005249,0.003456,"ARIMA(1, 0, 0)",-0.00028465,0.00018733,-0.00205014,0.0,2025-W06
adj_close.csv,ARIMA,IVV,0.004614,0.00728,0.004676,0.003413,0.005249,0.003456,"ARIMA(1, 0, 0)",0.00291994,2.595e-05,-0.00028465,0.0,2025-W07
adj_close.csv,ARIMA,IVV,0.004614,0.00728,0.004676,0.003413,0.005249,0.003456,"ARIMA(1, 0, 0)",-0.00403528,-0.00026672,0.00291994,0.0,2025-W08
adj_close.csv,ARIMA,IVV,0.004614,0.00728,0.004676,0.003413,0.005249,0.003456,"ARIMA(1, 0, 0)",-0.00194349,0.00037818,-0.00403528,0.0,2025-W09
adj_close.csv,ARIMA,IVV,0.004614,0.00728,0.004676,0.003413,0.005249,0.003456,"ARIMA(1, 0, 0)",-0.00630565,0.00017823,-0.00194349,0.0,2025-W10
adj_close.csv,ARIMA,IVV,0.004614,0.00728,0.004676,0.003413,0.005249,0.003456,"ARIMA(1, 0, 0)",-0.00452789,0.00056119,-0.00630565,0.0,2025-W11
adj_close.csv,ARIMA,IVV,0.004614,0.00728,0.004676,0.003413,0.005249,0.003456,"ARIMA(1, 0, 0)",0.00098106,0.00037203,-0.00452789,0.0,2025-W12
adj_close.csv,ARIMA,IVV,0.004614,0.00728,0.004676,0.003413,0.005249,0.003456,"ARIMA(1, 0, 0)",-0.00300886,-8.118e-05,0.00098106,0.0,2025-W13
adj_close.csv,ARIMA,IVV,0.004614,0.00728,0.004676,0.003413,0.005249,0.003456,"ARIMA(1, 0, 0)",-0.01897213,0.00025081,-0.00300886,0.0,2025-W14
adj_close.csv,ARIMA,IVV,0.004614,0.00728,0.004676,0.003413,0.005249,0.003456,"ARIMA(1, 0, 0)",0.01124948,0.00134929,-0.01897213,0.0,2025-W15
adj_close.csv,ARIMA,IVV,0.004614,0.00728,0.004676,0.003413,0.005249,0.003456,"ARIMA(1, 0, 0)",-0.00389911,-0.00121548,0.01124948,0.0,2025-W16
adj_close.csv,ARIMA,IVV,0.004614,0.00728,0.004676,0.003413,0.005249,0.003456,"ARIMA(1, 0, 0)",0.00906744,0.00044387,-0.00389911,0.0,2025-W17
adj_close.csv,ARIMA,IVV,0.004614,0.00728,0.004676,0.003413,0.005249,0.003456,"ARIMA(1, 0, 0)",0.00575526,-0.00109055,0.00906744,0.0,2025-W18
adj_close.csv,ARIMA,IVV,0.004614,0.00728,0.004676,0.003413,0.005249,0.003456,"ARIMA(1, 0, 0)",-0.00086251,-0.00062491,0.00575526,0.0,2025-W19
adj_close.csv,ARIMA,IVV,0.004614,0.00728,0.004676,0.003413,0.005249,0.003456,"ARIMA(1, 0, 0)",0.01036376,9.387e-05,-0.00086251,0.0,2025-W20
adj_close.csv,ARIMA,IVV,0.004614,0.00728,0.004676,0.003413,0.005249,0.003456,"ARIMA(1, 0, 0)",-0.00510275,-0.00114514,0.01036376,0.0,2025-W21
adj_close.csv,ARIMA,IVV,0.004614,0.00728,0.004676,0.003413,0.005249,0.003456,"ARIMA(1, 0, 0)",0.00432239,0.00060222,-0.00510275,0.0,2025-W22
adj_close.csv,ARIMA,IVV,0.004614,0.00728,0.004676,0.003413,0.005249,0.003456,"ARIMA(1, 0, 0)",0.00329952,-0.0005251,0.00432239,0.0,2025-W23
adj_close.csv,ARIMA,IVV,0.004614,0.00728,0.004676,0.003413,0.005249,0.003456,"ARIMA(1, 0, 0)",-0.00073558,-0.00039091,0.00329952,0.0,2025-W24
adj_close.csv,ARIMA,IVV,0.004614,0.00728,0.004676,0.003413,0.005249,0.003456,"ARIMA(1, 0, 0)",-0.00052864,8.73e-05,-0.00073558,0.0,2025-W25
adj_close.csv,ARIMA,IVV,0.004614,0.00728,0.004676,0.003413,0.005249,0.003456,"ARIMA(1, 0, 0)",0.00685338,6.27e-05,-0.00052864,0.0,2025-W26
adj_close.csv,ARIMA,IVV,0.004614,0.00728,0.004676,0.003413,0.005249,0.003456,"ARIMA(1, 0, 0)",0.0042991,-0.00081728,0.00685338,0.0,2025-W27
adj_close.csv,ARIMA,IVV,0.004614,0.00728,0.004676,0.003413,0.005249,0.003456,"ARIMA(1, 0, 0)",-0.00055156,-0.00048554,0.0042991,0.0,2025-W28
adj_close.csv,ARIMA,IVV,0.004614,0.00728,0.004676,0.003413,0.005249,0.003456,"ARIMA(1, 0, 0)",0.00134596,6.232e-05,-0.00055156,0.0,2025-W29
adj_close.csv,ARIMA,IVV,0.004614,0.00728,0.004676,0.003413,0.005249,0.003456,"ARIMA(1, 0, 0)",0.00295583,-0.00015225,0.00134596,0.0,2025-W30
adj_close.csv,ARIMA,IVV,0.004614,0.00728,0.004676,0.003413,0.005249,0.003456,"ARIMA(1, 0, 0)",-0.00487407,-0.00033214,0.00295583,0.0,2025-W31
adj_close.csv,ARIMA,IVV,0.004614,0.00728,0.004676,0.003413,0.005249,0.003456,"ARIMA(1, 0, 0)",0.00493344,0.0005594,-0.00487407,0.0,2025-W32
adj_close.csv,ARIMA,IVV,0.004614,0.00728,0.004676,0.003413,0.005249,0.003456,"ARIMA(1, 0, 0)",0.00199547,-0.00058497,0.00493344,0.0,2025-W33
adj_close.csv,ARIMA,IVV,0.004614,0.00728,0.004676,0.003413,0.005249,0.003456,"ARIMA(1, 0, 0)",0.00056517,-0.0002321,0.00199547,0.0,2025-W34
adj_close.csv,ARIMA,IVV,0.004614,0.00728,0.004676,0.003413,0.005249,0.003456,"ARIMA(1, 0, 0)",-5.552e-05,-6.558e-05,0.00056517,0.0,2025-W35
adj_close.csv,ARIMA,IVV,0.004614,0.00728,0.004676,0.003413,0.005249,0.003456,"ARIMA(1, 0, 0)",0.0008277,6.44e-06,-5.552e-05,0.0,2025-W36
adj_close.csv,ARIMA,IVV,0.004614,0.00728,0.004676,0.003413,0.005249,0.003456,"ARIMA(1, 0, 0)",0.00312698,-9.604e-05,0.0008277,0.0,2025-W37
adj_close.csv,ARIMA,IVV,0.004614,0.00728,0.004676,0.003413,0.005249,0.003456,"ARIMA(1, 0, 0)",0.00245467,-0.00036137,0.00312698,0.0,2025-W38
adj_close.csv,ARIMA,IVV,0.004614,0.00728,0.004676,0.003413,0.005249,0.003456,"ARIMA(1, 0, 0)",-0.0005947,-0.00027985,0.00245467,0.0,2025-W39
adj_close.csv,ARIMA,IVV,0.004614,0.00728,0.004676,0.003413,0.005249,0.003456,"ARIMA(1, 0, 0)",0.0022523,6.788e-05,-0.0005947,0.0,2025-W40
adj_close.csv,ARIMA,IVV,0.004614,0.00728,0.004676,0.003413,0.005249,0.003456,"ARIMA(1, 0, 0)",-0.00488349,-0.0002576,0.0022523,0.0,2025-W41
adj_close.csv,ARIMA,IVV,0.004614,0.00728,0.004676,0.003413,0.005249,0.003456,"ARIMA(1, 0, 0)",0.00347166,0.00056752,-0.00488349,0.0,2025-W42
adj_close.csv,ARIMA,IVV,0.004614,0.00728,0.004676,0.003413,0.005249,0.003456,"ARIMA(1, 0, 0)",0.00380666,-0.00041212,0.00347166,0.0,2025-W43
adj_close.csv,ARIMA,IVV,0.004614,0.00728,0.004676,0.003413,0.005249,0.003456,"ARIMA(1, 0, 0)",0.00137944,-0.00044209,0.00380666,0.0,2025-W44
adj_close.csv,ARIMA,IVV,0.004614,0.00728,0.004676,0.003413,0.005249,0.003456,"ARIMA(1, 0, 0)",-0.003204,-0.00015853,0.00137944,0.0,2025-W45
adj_close.csv,ARIMA,IVV,0.004614,0.00728,0.004676,0.003413,0.005249,0.003456,"ARIMA(1, 0, 0)",0.00028747,0.00037057,-0.003204,0.0,2025-W46
adj_close.csv,ARIMA,IVV,0.004614,0.00728,0.004676,0.003413,0.005249,0.003456,"ARIMA(1, 0, 0)",-0.00389668,-3.324e-05,0.00028747,0.0,2025-W47
adj_close.csv,ARIMA,IVV,0.004614,0.00728,0.004676,0.003413,0.005249,0.003456,"ARIMA(1, 0, 0)",0.00911779,0.00045126,-0.00389668,0.0,2025-W48
adj_close.csv,ARIMA,IVV,0.004614,0.00728,0.004676,0.003413,0.005249,0.003456,"ARIMA(1, 0, 0)",0.00064825,-0.00110957,0.00911779,0.0,2025-W49
adj_close.csv,ARIMA,IVV,0.004614,0.00728,0.004676,0.003413,0.005249,0.003456,"ARIMA(1, 0, 0)",-0.00114678,-7.71e-05,0.00064825,0.0,2025-W50
adj_close.csv,ARIMA,IVV,0.004614,0.00728,0.004676,0.003413,0.005249,0.003456,"ARIMA(1, 0, 0)",0.00021595,0.00013653,-0.00114678,0.0,2025-W51
adj_close.csv,ARIMA,IVV,0.004614,0.00728,0.004676,0.003413,0.005249,0.003456,"ARIMA(1, 0, 0)",0.00355189,-2.571e-05,0.00021595,0.0,2025-W52
adj_close.csv,ARIMA,IVV,0.004614,0.00728,0.004676,0.003413,0.005249,0.003456,"ARIMA(1, 0, 0)",-0.00256625,-0.00042246,0.00355189,0.0,2026-W01
adj_close.csv,ARIMA,IVV,0.004614,0.00728,0.004676,0.003413,0.005249,0.003456,"ARIMA(1, 0, 0)",0.00314913,0.00030858,-0.00256625,0.0,2026-W02
adj_close.csv,ARIMA,IVV,0.004614,0.00728,0.004676,0.003413,0.005249,0.003456,"ARIMA(1, 0, 0)",-0.00069555,-0.0003826,0.00314913,0.0,2026-W03
adj_close.csv,ARIMA,IVV,0.004614,0.00728,0.004676,0.003413,0.005249,0.003456,"ARIMA(1, 0, 0)",-0.00087244,8.462e-05,-0.00069555,0.0,2026-W04
adj_close.csv,ARIMA,IVV,0.004614,0.00728,0.004676,0.003413,0.005249,0.003456,"ARIMA(1, 0, 0)",0.00080447,0.00010604,-0.00087244,0.0,2026-W05
adj_close.csv,ARIMA,IVV,0.004614,0.00728,0.004676,0.003413,0.005249,0.003456,"ARIMA(1, 0, 0)",0.00503736,-9.787e-05,0.00080447,0.0,2026-W06
adj_close.csv,ARIMA,IWD,0.004073,0.006105,0.004095,0.003012,0.004419,0.003018,"ARIMA(0, 0, 1)",0.00240981,-9.485e-05,0.00130539,0.0,2024-W30
adj_close.csv,ARIMA,IWD,0.004073,0.006105,0.004095,0.003012,0.004419,0.003018,"ARIMA(0, 0, 1)",-0.00406253,-0.00014265,0.00240981,0.0,2024-W31
adj_close.csv,ARIMA,IWD,0.004073,0.006105,0.004095,0.003012,0.004419,0.003018,"ARIMA(0, 0, 1)",-0.00046027,0.00023569,-0.00406253,0.0,2024-W32
adj_close.csv,ARIMA,IWD,0.004073,0.006105,0.004095,0.003012,0.004419,0.003018,"ARIMA(0, 0, 1)",0.00487409,4.122e-05,-0.00046027,0.0,2024-W33
adj_close.csv,ARIMA,IWD,0.004073,0.006105,0.004095,0.003012,0.004419,0.003018,"ARIMA(0, 0, 1)",0.00382412,-0.00029254,0.00487409,0.0,2024-W34
adj_close.csv,ARIMA,IWD,0.004073,0.006105,0.004095,0.003012,0.004419,0.003018,"ARIMA(0, 0, 1)",0.00262979,-0.00022429,0.00382412,0.0,2024-W35
adj_close.csv,ARIMA,IWD,0.004073,0.006105,0.004095,0.003012,0.004419,0.003018,"ARIMA(0, 0, 1)",-0.00771117,-0.00014536,0.00262979,0.0,2024-W36
adj_close.csv,ARIMA,IWD,0.004073,0.006105,0.004095,0.003012,0.004419,0.003018,"ARIMA(0, 0, 1)",0.0038832,0.00044101,-0.00771117,0.0,2024-W37
adj_close.csv,ARIMA,IWD,0.004073,0.006105,0.004095,0.003012,0.004419,0.003018,"ARIMA(0, 0, 1)",0.0026253,-0.00022296,0.0038832,0.0,2024-W38
adj_close.csv,ARIMA,IWD,0.004073,0.006105,0.004095,0.003012,0.004419,0.003018,"ARIMA(0, 0, 1)",0.00177004,-0.00017923,0.0026253,0.0,2024-W39
adj_close.csv,ARIMA,IWD,0.004073,0.006105,0.004095,0.003012,0.004419,0.003018,"ARIMA(0, 0, 1)",0.00034837,-0.0001198,0.00177004,0.0,2024-W40
adj_close.csv,ARIMA,IWD,0.004073,0.006105,0.004095,0.003012,0.004419,0.003018,"ARIMA(0, 0, 1)",0.00186868,-2.865e-05,0.00034837,0.0,2024-W41
adj_close.csv,ARIMA,IWD,0.004073,0.006105,0.004095,0.003012,0.004419,0.003018,"ARIMA(0, 0, 1)",0.00233739,-0.00011555,0.00186868,0.0,2024-W42
adj_close.csv,ARIMA,IWD,0.004073,0.006105,0.004095,0.003012,0.004419,0.003018,"ARIMA(0, 0, 1)",-0.00457556,-0.00014574,0.00233739,0.0,2024-W43
adj_close.csv,ARIMA,IWD,0.004073,0.006105,0.004095,0.003012,0.004419,0.003018,"ARIMA(0, 0, 1)",-0.00161267,0.00027748,-0.00457556,0.0,2024-W44
adj_close.csv,ARIMA,IWD,0.004073,0.006105,0.004095,0.003012,0.004419,0.003018,"ARIMA(0, 0, 1)",0.00793632,0.00011366,-0.00161267,0.0,2024-W45
adj_close.csv,ARIMA,IWD,0.004073,0.006105,0.004095,0.003012,0.004419,0.003018,"ARIMA(0, 0, 1)",-0.00236873,-0.00050671,0.00793632,0.0,2024-W46
adj_close.csv,ARIMA,IWD,0.004073,0.006105,0.004095,0.003012,0.004419,0.003018,"ARIMA(0, 0, 1)",0.00477043,0.00012618,-0.00236873,0.0,2024-W47
adj_close.csv,ARIMA,IWD,0.004073,0.006105,0.004095,0.003012,0.004419,0.003018,"ARIMA(0, 0, 1)",0.00261638,-0.00032972,0.00477043,0.0,2024-W48
adj_close.csv,ARIMA,IWD,0.004073,0.006105,0.004095,0.003012,0.004419,0.003018,"ARIMA(0, 0, 1)",-0.00391209,-0.00019579,0.00261638,0.0,2024-W49
adj_close.csv,ARIMA,IWD,0.004073,0.006105,0.004095,0.003012,0.004419,0.003018,"ARIMA(0, 0, 1)",-0.00401096,0.00025935,-0.00391209,0.0,2024-W50
adj_close.csv,ARIMA,IWD,0.004073,0.006105,0.004095,0.003012,0.004419,0.003018,"ARIMA(0, 0, 1)",-0.00584783,0.00028056,-0.00401096,0.0,2024-W51
adj_close.csv,ARIMA,IWD,0.004073,0.006105,0.004095,0.003012,0.004419,0.003018,"ARIMA(0, 0, 1)",0.00130358,0.00035713,-0.00584783,0.0,2024-W52
adj_close.csv,ARIMA,IWD,0.004073,0.006105,0.004095,0.003012,0.004419,0.003018,"ARIMA(0, 0, 1)",0.0,-5.638e-05,0.00130358,0.0,2025-W01
adj_close.csv,ARIMA,IWD,0.004073,0.006105,0.004095,0.003012,0.004419,0.003018,"ARIMA(0, 0, 1)",-0.00397217,-3.39e-06,0.0,0.0,2025-W02
adj_close.csv,ARIMA,IWD,0.004073,0.006105,0.004095,0.003012,0.004419,0.003018,"ARIMA(0, 0, 1)",0.00843744,0.00023811,-0.00397217,0.0,2025-W03
adj_close.csv,ARIMA,IWD,0.004073,0.006105,0.004095,0.003012,0.004419,0.003018,"ARIMA(0, 0, 1)",0.00299792,-0.00056206,0.00843744,0.0,2025-W04
adj_close.csv,ARIMA,IWD,0.004073,0.006105,0.004095,0.003012,0.004419,0.003018,"ARIMA(0, 0, 1)",-0.00025817,-0.00021358,0.00299792,0.0,2025-W05
adj_close.csv,ARIMA,IWD,0.004073,0.006105,0.004095,0.003012,0.004419,0.003018,"ARIMA(0, 0, 1)",-0.0002999,2.72e-06,-0.00025817,0.0,2025-W06
adj_close.csv,ARIMA,IWD,0.004073,0.006105,0.004095,0.003012,0.004419,0.003018,"ARIMA(0, 0, 1)",0.00126892,1.848e-05,-0.0002999,0.0,2025-W07
adj_close.csv,ARIMA,IWD,0.004073,0.006105,0.004095,0.003012,0.004419,0.003018,"ARIMA(0, 0, 1)",-0.00237656,-7.644e-05,0.00126892,0.0,2025-W08
adj_close.csv,ARIMA,IWD,0.004073,0.006105,0.004095,0.003012,0.004419,0.003018,"ARIMA(0, 0, 1)",0.00178811,0.00014232,-0.00237656,0.0,2025-W09
adj_close.csv,ARIMA,IWD,0.004073,0.006105,0.004095,0.003012,0.004419,0.003018,"ARIMA(0, 0, 1)",-0.00489557,-0.00010341,0.00178811,0.0,2025-W10
adj_close.csv,ARIMA,IWD,0.004073,0.006105,0.004095,0.003012,0.004419,0.003018,"ARIMA(0, 0, 1)",-0.00376807,0.00031148,-0.00489557,0.0,2025-W11
adj_close.csv,ARIMA,IWD,0.004073,0.006105,0.004095,0.003012,0.004419,0.003018,"ARIMA(0, 0, 1)",0.0019453,0.00024207,-0.00376807,0.0,2025-W12
adj_close.csv,ARIMA,IWD,0.004073,0.006105,0.004095,0.003012,0.004419,0.003018,"ARIMA(0, 0, 1)",-0.00094266,-0.00010435,0.0019453,0.0,2025-W13
adj_close.csv,ARIMA,IWD,0.004073,0.006105,0.004095,0.003012,0.004419,0.003018,"ARIMA(0, 0, 1)",-0.01782146,5.183e-05,-0.00094266,0.0,2025-W14
adj_close.csv,ARIMA,IWD,0.004073,0.006105,0.004095,0.003012,0.004419,0.003018,"ARIMA(0, 0, 1)",0.00661512,0.00101791,-0.01782146,0.0,2025-W15
adj_close.csv,ARIMA,IWD,0.004073,0.006105,0.004095,0.003012,0.004419,0.003018,"ARIMA(0, 0, 1)",0.00028376,-0.00042102,0.00661512,0.0,2025-W16
adj_close.csv,ARIMA,IWD,0.004073,0.006105,0.004095,0.003012,0.004419,0.003018,"ARIMA(0, 0, 1)",0.00460846,-5.675e-05,0.00028376,0.0,2025-W17
adj_close.csv,ARIMA,IWD,0.004073,0.006105,0.004095,0.003012,0.004419,0.003018,"ARIMA(0, 0, 1)",0.00489444,-0.00037804,0.00460846,0.0,2025-W18
adj_close.csv,ARIMA,IWD,0.004073,0.006105,0.004095,0.003012,0.004419,0.003018,"ARIMA(0, 0, 1)",0.00016221,-0.00039064,0.00489444,0.0,2025-W19
adj_close.csv,ARIMA,IWD,0.004073,0.006105,0.004095,0.003012,0.004419,0.003018,"ARIMA(0, 0, 1)",0.00642367,-4.049e-05,0.00016221,0.0,2025-W20
adj_close.csv,ARIMA,IWD,0.004073,0.006105,0.004095,0.003012,0.004419,0.003018,"ARIMA(0, 0, 1)",-0.00510946,-0.00046836,0.00642367,0.0,2025-W21
adj_close.csv,ARIMA,IWD,0.004073,0.006105,0.004095,0.003012,0.004419,0.003018,"ARIMA(0, 0, 1)",0.00313429,0.00036668,-0.00510946,0.0,2025-W22
adj_close.csv,ARIMA,IWD,0.004073,0.006105,0.004095,0.003012,0.004419,0.003018,"ARIMA(0, 0, 1)",0.00225635,-0.0002281,0.00313429,0.0,2025-W23
adj_close.csv,ARIMA,IWD,0.004073,0.006105,0.004095,0.003012,0.004419,0.003018,"ARIMA(0, 0, 1)",-0.00097741,-0.00020098,0.00225635,0.0,2025-W24
adj_close.csv,ARIMA,IWD,0.004073,0.006105,0.004095,0.003012,0.004419,0.003018,"ARIMA(0, 0, 1)",0.00056417,6.315e-05,-0.00097741,0.0,2025-W25
adj_close.csv,ARIMA,IWD,0.004073,0.006105,0.004095,0.003012,0.004419,0.003018,"ARIMA(0, 0, 1)",0.00412773,-4.085e-05,0.00056417,0.0,2025-W26
adj_close.csv,ARIMA,IWD,0.004073,0.006105,0.004095,0.003012,0.004419,0.003018,"ARIMA(0, 0, 1)",0.00516933,-0.00033745,0.00412773,0.0,2025-W27
adj_close.csv,ARIMA,IWD,0.004073,0.006105,0.004095,0.003012,0.004419,0.003018,"ARIMA(0, 0, 1)",-0.00112774,-0.00041464,0.00516933,0.0,2025-W28
adj_close.csv,ARIMA,IWD,0.004073,0.006105,0.004095,0.003012,0.004419,0.003018,"ARIMA(0, 0, 1)",-0.00042836,5.416e-05,-0.00112774,0.0,2025-W29
adj_close.csv,ARIMA,IWD,0.004073,0.006105,0.004095,0.003012,0.004419,0.003018,"ARIMA(0, 0, 1)",0.0032409,3.689e-05,-0.00042836,0.0,2025-W30
adj_close.csv,ARIMA,IWD,0.004073,0.006105,0.004095,0.003012,0.004419,0.003018,"ARIMA(0, 0, 1)",-0.00645219,-0.00024563,0.0032409,0.0,2025-W31
adj_close.csv,ARIMA,IWD,0.004073,0.006105,0.004095,0.003012,0.004419,0.003018,"ARIMA(0, 0, 1)",0.00298653,0.00050296,-0.00645219,0.0,2025-W32
adj_close.csv,ARIMA,IWD,0.004073,0.006105,0.004095,0.003012,0.004419,0.003018,"ARIMA(0, 0, 1)",0.00267042,-0.00020877,0.00298653,0.0,2025-W33
adj_close.csv,ARIMA,IWD,0.004073,0.006105,0.004095,0.003012,0.004419,0.003018,"ARIMA(0, 0, 1)",0.00347958,-0.00023889,0.00267042,0.0,2025-W34
adj_close.csv,ARIMA,IWD,0.004073,0.006105,0.004095,0.003012,0.004419,0.003018,"ARIMA(0, 0, 1)",-0.00013883,-0.00030004,0.00347958,0.0,2025-W35
adj_close.csv,ARIMA,IWD,0.004073,0.006105,0.004095,0.003012,0.004419,0.003018,"ARIMA(0, 0, 1)",-4.962e-05,-1.296e-05,-0.00013883,0.0,2025-W36
adj_close.csv,ARIMA,IWD,0.004073,0.006105,0.004095,0.003012,0.004419,0.003018,"ARIMA(0, 0, 1)",0.00102916,2.96e-06,-4.962e-05,0.0,2025-W37
adj_close.csv,ARIMA,IWD,0.004073,0.006105,0.004095,0.003012,0.004419,0.003018,"ARIMA(0, 0, 1)",0.00103077,-8.277e-05,0.00102916,0.0,2025-W38
adj_close.csv,ARIMA,IWD,0.004073,0.006105,0.004095,0.003012,0.004419,0.003018,"ARIMA(0, 0, 1)",0.00020702,-8.95e-05,0.00103077,0.0,2025-W39
adj_close.csv,ARIMA,IWD,0.004073,0.006105,0.004095,0.003012,0.004419,0.003018,"ARIMA(0, 0, 1)",0.00194148,-2.381e-05,0.00020702,0.0,2025-W40
adj_close.csv,ARIMA,IWD,0.004073,0.006105,0.004095,0.003012,0.004419,0.003018,"ARIMA(0, 0, 1)",-0.00546028,-0.00015753,0.00194148,0.0,2025-W41
adj_close.csv,ARIMA,IWD,0.004073,0.006105,0.004095,0.003012,0.004419,0.003018,"ARIMA(0, 0, 1)",0.00338081,0.0004376,-0.00546028,0.0,2025-W42
adj_close.csv,ARIMA,IWD,0.004073,0.006105,0.004095,0.003012,0.004419,0.003018,"ARIMA(0, 0, 1)",0.00338278,-0.00025195,0.00338081,0.0,2025-W43
adj_close.csv,ARIMA,IWD,0.004073,0.006105,0.004095,0.003012,0.004419,0.003018,"ARIMA(0, 0, 1)",-0.00168423,-0.00030364,0.00338278,0.0,2025-W44
adj_close.csv,ARIMA,IWD,0.004073,0.006105,0.004095,0.003012,0.004419,0.003018,"ARIMA(0, 0, 1)",-0.00014672,0.00011667,-0.00168423,0.0,2025-W45
adj_close.csv,ARIMA,IWD,0.004073,0.006105,0.004095,0.003012,0.004419,0.003018,"ARIMA(0, 0, 1)",0.00036168,2.23e-05,-0.00014672,0.0,2025-W46
adj_close.csv,ARIMA,IWD,0.004073,0.006105,0.004095,0.003012,0.004419,0.003018,"ARIMA(0, 0, 1)",-0.00171641,-2.874e-05,0.00036168,0.0,2025-W47
adj_close.csv,ARIMA,IWD,0.004073,0.006105,0.004095,0.003012,0.004419,0.003018,"ARIMA(0, 0, 1)",0.00840233,0.00014311,-0.00171641,0.0,2025-W48
adj_close.csv,ARIMA,IWD,0.004073,0.006105,0.004095,0.003012,0.004419,0.003018,"ARIMA(0, 0, 1)",0.00046616,-0.00072613,0.00840233,0.0,2025-W49
adj_close.csv,ARIMA,IWD,0.004073,0.006105,0.004095,0.003012,0.004419,0.003018,"ARIMA(0, 0, 1)",0.00125042,-0.00010074,0.00046616,0.0,2025-W50
adj_close.csv,ARIMA,IWD,0.004073,0.006105,0.004095,0.003012,0.004419,0.003018,"ARIMA(0, 0, 1)",-0.00084867,-0.00011536,0.00125042,0.0,2025-W51
adj_close.csv,ARIMA,IWD,0.004073,0.006105,0.004095,0.003012,0.004419,0.003018,"ARIMA(0, 0, 1)",0.00304267,6.28e-05,-0.00084867,0.0,2025-W52
adj_close.csv,ARIMA,IWD,0.004073,0.006105,0.004095,0.003012,0.004419,0.003018,"ARIMA(0, 0, 1)",-0.00029436,-0.00025671,0.00304267,0.0,2026-W01
adj_close.csv,ARIMA,IWD,0.004073,0.006105,0.004095,0.003012,0.004419,0.003018,"ARIMA(0, 0, 1)",0.00501667,3.24e-06,-0.00029436,0.0,2026-W02
adj_close.csv,ARIMA,IWD,0.004073,0.006105,0.004095,0.003012,0.004419,0.003018,"ARIMA(0, 0, 1)",0.00128271,-0.00043232,0.00501667,0.0,2026-W03
adj_close.csv,ARIMA,IWD,0.004073,0.006105,0.004095,0.003012,0.004419,0.003018,"ARIMA(0, 0, 1)",-0.00058291,-0.00014372,0.00128271,0.0,2026-W04
adj_close.csv,ARIMA,IWD,0.004073,0.006105,0.004095,0.003012,0.004419,0.003018,"ARIMA(0, 0, 1)",0.00125931,3.706e-05,-0.00058291,0.0,2026-W05
adj_close.csv,ARIMA,IWD,0.004073,0.006105,0.004095,0.003012,0.004419,0.003018,"ARIMA(0, 0, 1)",0.0081988,-0.00010329,0.00125931,0.0,2026-W06
adj_close.csv,ARIMA,IWF,0.005746,0.008911,0.005792,0.004344,0.006527,0.004359,"ARIMA(1, 0, 0)",-0.00474495,0.00064966,-0.00820133,0.0,2024-W30
adj_close.csv,ARIMA,IWF,0.005746,0.008911,0.005792,0.004344,0.006527,0.004359,"ARIMA(1, 0, 0)",-0.00521447,0.0003431,-0.00474495,0.0,2024-W31
adj_close.csv,ARIMA,IWF,0.005746,0.008911,0.005792,0.004344,0.006527,0.004359,"ARIMA(1, 0, 0)",0.00088146,0.00035567,-0.00521447,0.0,2024-W32
adj_close.csv,ARIMA,IWF,0.005746,0.008911,0.005792,0.004344,0.006527,0.004359,"ARIMA(1, 0, 0)",0.01018082,-6.05e-05,0.00088146,0.0,2024-W33
adj_close.csv,ARIMA,IWF,0.005746,0.008911,0.005792,0.004344,0.006527,0.004359,"ARIMA(1, 0, 0)",0.00241599,-0.00068451,0.01018082,0.0,2024-W34
adj_close.csv,ARIMA,IWF,0.005746,0.008911,0.005792,0.004344,0.006527,0.004359,"ARIMA(1, 0, 0)",-0.001445,-0.00015082,0.00241599,0.0,2024-W35
adj_close.csv,ARIMA,IWF,0.005746,0.008911,0.005792,0.004344,0.006527,0.004359,"ARIMA(1, 0, 0)",-0.01359284,9.089e-05,-0.001445,0.0,2024-W36
adj_close.csv,ARIMA,IWF,0.005746,0.008911,0.005792,0.004344,0.006527,0.004359,"ARIMA(1, 0, 0)",0.01164988,0.0008141,-0.01359284,0.0,2024-W37
adj_close.csv,ARIMA,IWF,0.005746,0.008911,0.005792,0.004344,0.006527,0.004359,"ARIMA(1, 0, 0)",0.0033248,-0.00095175,0.01164988,0.0,2024-W38
adj_close.csv,ARIMA,IWF,0.005746,0.008911,0.005792,0.004344,0.006527,0.004359,"ARIMA(1, 0, 0)",0.00061931,-0.00024759,0.0033248,0.0,2024-W39
adj_close.csv,ARIMA,IWF,0.005746,0.008911,0.005792,0.004344,0.006527,0.004359,"ARIMA(1, 0, 0)",0.00059861,-4.586e-05,0.00061931,0.0,2024-W40
adj_close.csv,ARIMA,IWF,0.005746,0.008911,0.005792,0.004344,0.006527,0.004359,"ARIMA(1, 0, 0)",0.00278773,-4.429e-05,0.00059861,0.0,2024-W41
adj_close.csv,ARIMA,IWF,0.005746,0.008911,0.005792,0.004344,0.006527,0.004359,"ARIMA(1, 0, 0)",0.00147345,-0.00020558,0.00278773,0.0,2024-W42
adj_close.csv,ARIMA,IWF,0.005746,0.008911,0.005792,0.004344,0.006527,0.004359,"ARIMA(1, 0, 0)",-2.614e-05,-0.00010766,0.00147345,0.0,2024-W43
adj_close.csv,ARIMA,IWF,0.005746,0.008911,0.005792,0.004344,0.006527,0.004359,"ARIMA(1, 0, 0)",-0.00313863,1.91e-06,-2.614e-05,0.0,2024-W44
adj_close.csv,ARIMA,IWF,0.005746,0.008911,0.005792,0.004344,0.006527,0.004359,"ARIMA(1, 0, 0)",0.01125853,0.00022924,-0.00313863,0.0,2024-W45
adj_close.csv,ARIMA,IWF,0.005746,0.008911,0.005792,0.004344,0.006527,0.004359,"ARIMA(1, 0, 0)",-0.00563777,-0.00087861,0.01125853,0.0,2024-W46
adj_close.csv,ARIMA,IWF,0.005746,0.008911,0.005792,0.004344,0.006527,0.004359,"ARIMA(1, 0, 0)",0.00336209,0.00048282,-0.00563777,0.0,2024-W47
adj_close.csv,ARIMA,IWF,0.005746,0.008911,0.005792,0.004344,0.006527,0.004359,"ARIMA(1, 0, 0)",0.00268775,-0.00029564,0.00336209,0.0,2024-W48
adj_close.csv,ARIMA,IWF,0.005746,0.008911,0.005792,0.004344,0.006527,0.004359,"ARIMA(1, 0, 0)",0.00710168,-0.00023254,0.00268775,0.0,2024-W49
adj_close.csv,ARIMA,IWF,0.005746,0.008911,0.005792,0.004344,0.006527,0.004359,"ARIMA(1, 0, 0)",0.00060958,-0.00059471,0.00710168,0.0,2024-W50
adj_close.csv,ARIMA,IWF,0.005746,0.008911,0.005792,0.004344,0.006527,0.004359,"ARIMA(1, 0, 0)",-0.00306433,-5.032e-05,0.00060958,0.0,2024-W51
adj_close.csv,ARIMA,IWF,0.005746,0.008911,0.005792,0.004344,0.006527,0.004359,"ARIMA(1, 0, 0)",0.00168824,0.00025374,-0.00306433,0.0,2024-W52
adj_close.csv,ARIMA,IWF,0.005746,0.008911,0.005792,0.004344,0.006527,0.004359,"ARIMA(1, 0, 0)",-0.00176189,-0.00014083,0.00168824,0.0,2025-W01
adj_close.csv,ARIMA,IWF,0.005746,0.008911,0.005792,0.004344,0.006527,0.004359,"ARIMA(1, 0, 0)",-0.00562504,0.00014764,-0.00176189,0.0,2025-W02
adj_close.csv,ARIMA,IWF,0.005746,0.008911,0.005792,0.004344,0.006527,0.004359,"ARIMA(1, 0, 0)",0.00438705,0.00046339,-0.00562504,0.0,2025-W03
adj_close.csv,ARIMA,IWF,0.005746,0.008911,0.005792,0.004344,0.006527,0.004359,"ARIMA(1, 0, 0)",0.00517361,-0.00037486,0.00438705,0.0,2025-W04
adj_close.csv,ARIMA,IWF,0.005746,0.008911,0.005792,0.004344,0.006527,0.004359,"ARIMA(1, 0, 0)",-0.00299714,-0.00042461,0.00517361,0.0,2025-W05
adj_close.csv,ARIMA,IWF,0.005746,0.008911,0.005792,0.004344,0.006527,0.004359,"ARIMA(1, 0, 0)",-0.00058722,0.00025149,-0.00299714,0.0,2025-W06
adj_close.csv,ARIMA,IWF,0.005746,0.008911,0.005792,0.004344,0.006527,0.004359,"ARIMA(1, 0, 0)",0.0040075,4.907e-05,-0.00058722,0.0,2025-W07
adj_close.csv,ARIMA,IWF,0.005746,0.008911,0.005792,0.004344,0.006527,0.004359,"ARIMA(1, 0, 0)",-0.0069959,-0.00033617,0.0040075,0.0,2025-W08
adj_close.csv,ARIMA,IWF,0.005746,0.008911,0.005792,0.004344,0.006527,0.004359,"ARIMA(1, 0, 0)",-0.0051436,0.00061253,-0.0069959,0.0,2025-W09
adj_close.csv,ARIMA,IWF,0.005746,0.008911,0.005792,0.004344,0.006527,0.004359,"ARIMA(1, 0, 0)",-0.00814645,0.00042205,-0.0051436,0.0,2025-W10
adj_close.csv,ARIMA,IWF,0.005746,0.008911,0.005792,0.004344,0.006527,0.004359,"ARIMA(1, 0, 0)",-0.00516037,0.00061955,-0.00814645,0.0,2025-W11
adj_close.csv,ARIMA,IWF,0.005746,0.008911,0.005792,0.004344,0.006527,0.004359,"ARIMA(1, 0, 0)",0.0005928,0.00035967,-0.00516037,0.0,2025-W12
adj_close.csv,ARIMA,IWF,0.005746,0.008911,0.005792,0.004344,0.006527,0.004359,"ARIMA(1, 0, 0)",-0.00512596,-4.141e-05,0.0005928,0.0,2025-W13
adj_close.csv,ARIMA,IWF,0.005746,0.008911,0.005792,0.004344,0.006527,0.004359,"ARIMA(1, 0, 0)",-0.02034366,0.00036017,-0.00512596,0.0,2025-W14
adj_close.csv,ARIMA,IWF,0.005746,0.008911,0.005792,0.004344,0.006527,0.004359,"ARIMA(1, 0, 0)",0.01442113,0.00114017,-0.02034366,0.0,2025-W15
adj_close.csv,ARIMA,IWF,0.005746,0.008911,0.005792,0.004344,0.006527,0.004359,"ARIMA(1, 0, 0)",-0.00607282,-0.00130286,0.01442113,0.0,2025-W16
adj_close.csv,ARIMA,IWF,0.005746,0.008911,0.005792,0.004344,0.006527,0.004359,"ARIMA(1, 0, 0)",0.01311908,0.00060031,-0.00607282,0.0,2025-W17
adj_close.csv,ARIMA,IWF,0.005746,0.008911,0.005792,0.004344,0.006527,0.004359,"ARIMA(1, 0, 0)",0.00655301,-0.00141963,0.01311908,0.0,2025-W18
adj_close.csv,ARIMA,IWF,0.005746,0.008911,0.005792,0.004344,0.006527,0.004359,"ARIMA(1, 0, 0)",-0.00116006,-0.00062648,0.00655301,0.0,2025-W19
adj_close.csv,ARIMA,IWF,0.005746,0.008911,0.005792,0.004344,0.006527,0.004359,"ARIMA(1, 0, 0)",0.01371494,0.00011139,-0.00116006,0.0,2025-W20
adj_close.csv,ARIMA,IWF,0.005746,0.008911,0.005792,0.004344,0.006527,0.004359,"ARIMA(1, 0, 0)",-0.00542997,-0.00134287,0.01371494,0.0,2025-W21
adj_close.csv,ARIMA,IWF,0.005746,0.008911,0.005792,0.004344,0.006527,0.004359,"ARIMA(1, 0, 0)",0.00558862,0.00056736,-0.00542997,0.0,2025-W22
adj_close.csv,ARIMA,IWF,0.005746,0.008911,0.005792,0.004344,0.006527,0.004359,"ARIMA(1, 0, 0)",0.00403483,-0.00060175,0.00558862,0.0,2025-W23
adj_close.csv,ARIMA,IWF,0.005746,0.008911,0.005792,0.004344,0.006527,0.004359,"ARIMA(1, 0, 0)",-0.00098385,-0.00042227,0.00403483,0.0,2025-W24
adj_close.csv,ARIMA,IWF,0.005746,0.008911,0.005792,0.004344,0.006527,0.004359,"ARIMA(1, 0, 0)",-0.00124078,0.00010323,-0.00098385,0.0,2025-W25
adj_close.csv,ARIMA,IWF,0.005746,0.008911,0.005792,0.004344,0.006527,0.004359,"ARIMA(1, 0, 0)",0.00898717,0.00012999,-0.00124078,0.0,2025-W26
adj_close.csv,ARIMA,IWF,0.005746,0.008911,0.005792,0.004344,0.006527,0.004359,"ARIMA(1, 0, 0)",0.00386491,-0.00095303,0.00898717,0.0,2025-W27
adj_close.csv,ARIMA,IWF,0.005746,0.008911,0.005792,0.004344,0.006527,0.004359,"ARIMA(1, 0, 0)",-0.00032715,-0.00039058,0.00386491,0.0,2025-W28
adj_close.csv,ARIMA,IWF,0.005746,0.008911,0.005792,0.004344,0.006527,0.004359,"ARIMA(1, 0, 0)",0.00310508,3.305e-05,-0.00032715,0.0,2025-W29
adj_close.csv,ARIMA,IWF,0.005746,0.008911,0.005792,0.004344,0.006527,0.004359,"ARIMA(1, 0, 0)",0.0025717,-0.00031407,0.00310508,0.0,2025-W30
adj_close.csv,ARIMA,IWF,0.005746,0.008911,0.005792,0.004344,0.006527,0.004359,"ARIMA(1, 0, 0)",-0.00365694,-0.00025747,0.0025717,0.0,2025-W31
adj_close.csv,ARIMA,IWF,0.005746,0.008911,0.005792,0.004344,0.006527,0.004359,"ARIMA(1, 0, 0)",0.00638896,0.00036979,-0.00365694,0.0,2025-W32
adj_close.csv,ARIMA,IWF,0.005746,0.008911,0.005792,0.004344,0.006527,0.004359,"ARIMA(1, 0, 0)",0.00137663,-0.00066216,0.00638896,0.0,2025-W33
adj_close.csv,ARIMA,IWF,0.005746,0.008911,0.005792,0.004344,0.006527,0.004359,"ARIMA(1, 0, 0)",-0.00167736,-0.00014063,0.00137663,0.0,2025-W34
adj_close.csv,ARIMA,IWF,0.005746,0.008911,0.005792,0.004344,0.006527,0.004359,"ARIMA(1, 0, 0)",0.00014817,0.00017176,-0.00167736,0.0,2025-W35
adj_close.csv,ARIMA,IWF,0.005746,0.008911,0.005792,0.004344,0.006527,0.004359,"ARIMA(1, 0, 0)",0.00206733,-1.517e-05,0.00014817,0.0,2025-W36
adj_close.csv,ARIMA,IWF,0.005746,0.008911,0.005792,0.004344,0.006527,0.004359,"ARIMA(1, 0, 0)",0.00477246,-0.00021161,0.00206733,0.0,2025-W37
adj_close.csv,ARIMA,IWF,0.005746,0.008911,0.005792,0.004344,0.006527,0.004359,"ARIMA(1, 0, 0)",0.0038507,-0.0004829,0.00477246,0.0,2025-W38
adj_close.csv,ARIMA,IWF,0.005746,0.008911,0.005792,0.004344,0.006527,0.004359,"ARIMA(1, 0, 0)",-0.00163259,-0.00038058,0.0038507,0.0,2025-W39
adj_close.csv,ARIMA,IWF,0.005746,0.008911,0.005792,0.004344,0.006527,0.004359,"ARIMA(1, 0, 0)",0.00218235,0.00016225,-0.00163259,0.0,2025-W40
adj_close.csv,ARIMA,IWF,0.005746,0.008911,0.005792,0.004344,0.006527,0.004359,"ARIMA(1, 0, 0)",-0.00450627,-0.0002177,0.00218235,0.0,2025-W41
adj_close.csv,ARIMA,IWF,0.005746,0.008911,0.005792,0.004344,0.006527,0.004359,"ARIMA(1, 0, 0)",0.00330251,0.0004543,-0.00450627,0.0,2025-W42
adj_close.csv,ARIMA,IWF,0.005746,0.008911,0.005792,0.004344,0.006527,0.004359,"ARIMA(1, 0, 0)",0.0042657,-0.00033774,0.00330251,0.0,2025-W43
adj_close.csv,ARIMA,IWF,0.005746,0.008911,0.005792,0.004344,0.006527,0.004359,"ARIMA(1, 0, 0)",0.00348587,-0.00042892,0.0042657,0.0,2025-W44
adj_close.csv,ARIMA,IWF,0.005746,0.008911,0.005792,0.004344,0.006527,0.004359,"ARIMA(1, 0, 0)",-0.00591469,-0.00034395,0.00348587,0.0,2025-W45
adj_close.csv,ARIMA,IWF,0.005746,0.008911,0.005792,0.004344,0.006527,0.004359,"ARIMA(1, 0, 0)",-0.00021224,0.00059652,-0.00591469,0.0,2025-W46
adj_close.csv,ARIMA,IWF,0.005746,0.008911,0.005792,0.004344,0.006527,0.004359,"ARIMA(1, 0, 0)",-0.00574279,2.129e-05,-0.00021224,0.0,2025-W47
adj_close.csv,ARIMA,IWF,0.005746,0.008911,0.005792,0.004344,0.006527,0.004359,"ARIMA(1, 0, 0)",0.01009184,0.00057532,-0.00574279,0.0,2025-W48
adj_close.csv,ARIMA,IWF,0.005746,0.008911,0.005792,0.004344,0.006527,0.004359,"ARIMA(1, 0, 0)",0.00098402,-0.00107259,0.01009184,0.0,2025-W49
adj_close.csv,ARIMA,IWF,0.005746,0.008911,0.005792,0.004344,0.006527,0.004359,"ARIMA(1, 0, 0)",-0.00313217,-0.00010233,0.00098402,0.0,2025-W50
adj_close.csv,ARIMA,IWF,0.005746,0.008911,0.005792,0.004344,0.006527,0.004359,"ARIMA(1, 0, 0)",0.0011081,0.00032675,-0.00313217,0.0,2025-W51
adj_close.csv,ARIMA,IWF,0.005746,0.008911,0.005792,0.004344,0.006527,0.004359,"ARIMA(1, 0, 0)",0.00358036,-0.0001159,0.0011081,0.0,2025-W52
adj_close.csv,ARIMA,IWF,0.005746,0.008911,0.005792,0.004344,0.006527,0.004359,"ARIMA(1, 0, 0)",-0.00450073,-0.00037285,0.00358036,0.0,2026-W01
adj_close.csv,ARIMA,IWF,0.005746,0.008911,0.005792,0.004344,0.006527,0.004359,"ARIMA(1, 0, 0)",0.0018651,0.00047602,-0.00450073,0.0,2026-W02
adj_close.csv,ARIMA,IWF,0.005746,0.008911,0.005792,0.004344,0.006527,0.004359,"ARIMA(1, 0, 0)",-0.00236599,-0.00019855,0.0018651,0.0,2026-W03
adj_close.csv,ARIMA,IWF,0.005746,0.008911,0.005792,0.004344,0.006527,0.004359,"ARIMA(1, 0, 0)",-0.00123556,0.00025292,-0.00236599,0.0,2026-W04
adj_close.csv,ARIMA,IWF,0.005746,0.008911,0.005792,0.004344,0.006527,0.004359,"ARIMA(1, 0, 0)",-0.00098907,0.0001316,-0.00123556,0.0,2026-W05
adj_close.csv,ARIMA,IWF,0.005746,0.008911,0.005792,0.004344,0.006527,0.004359,"ARIMA(1, 0, 0)",0.00327823,0.0001052,-0.00098907,0.0,2026-W06
adj_close.csv,ARIMA,IWM,0.006257,0.009124,0.006265,0.004824,0.007022,0.004818,"ARIMA(1, 0, 0)",0.0066936,-0.00026609,0.0034421,0.0,2024-W30
adj_close.csv,ARIMA,IWM,0.006257,0.009124,0.006265,0.004824,0.007022,0.004818,"ARIMA(1, 0, 0)",-0.01413525,-0.00049586,0.0066936,0.0,2024-W31
adj_close.csv,ARIMA,IWM,0.006257,0.009124,0.006265,0.004824,0.007022,0.004818,"ARIMA(1, 0, 0)",-0.00236894,0.00121977,-0.01413525,0.0,2024-W32
adj_close.csv,ARIMA,IWM,0.006257,0.009124,0.006265,0.004824,0.007022,0.004818,"ARIMA(1, 0, 0)",0.00586117,0.00018876,-0.00236894,0.0,2024-W33
adj_close.csv,ARIMA,IWM,0.006257,0.009124,0.006265,0.004824,0.007022,0.004818,"ARIMA(1, 0, 0)",0.00718817,-0.00047729,0.00586117,0.0,2024-W34
adj_close.csv,ARIMA,IWM,0.006257,0.009124,0.006265,0.004824,0.007022,0.004818,"ARIMA(1, 0, 0)",-0.00027246,-0.00054349,0.00718817,0.0,2024-W35
adj_close.csv,ARIMA,IWM,0.006257,0.009124,0.006265,0.004824,0.007022,0.004818,"ARIMA(1, 0, 0)",-0.01423351,2.053e-05,-0.00027246,0.0,2024-W36
adj_close.csv,ARIMA,IWM,0.006257,0.009124,0.006265,0.004824,0.007022,0.004818,"ARIMA(1, 0, 0)",0.00841131,0.0010655,-0.01423351,0.0,2024-W37
adj_close.csv,ARIMA,IWM,0.006257,0.009124,0.006265,0.004824,0.007022,0.004818,"ARIMA(1, 0, 0)",0.00432498,-0.00074001,0.00841131,0.0,2024-W38
adj_close.csv,ARIMA,IWM,0.006257,0.009124,0.006265,0.004824,0.007022,0.004818,"ARIMA(1, 0, 0)",-0.00044112,-0.00035759,0.00432498,0.0,2024-W39
adj_close.csv,ARIMA,IWM,0.006257,0.009124,0.006265,0.004824,0.007022,0.004818,"ARIMA(1, 0, 0)",-0.00107401,3.649e-05,-0.00044112,0.0,2024-W40
adj_close.csv,ARIMA,IWM,0.006257,0.009124,0.006265,0.004824,0.007022,0.004818,"ARIMA(1, 0, 0)",0.00191642,8.878e-05,-0.00107401,0.0,2024-W41
adj_close.csv,ARIMA,IWM,0.006257,0.009124,0.006265,0.004824,0.007022,0.004818,"ARIMA(1, 0, 0)",0.00392934,-0.00015888,0.00191642,0.0,2024-W42
adj_close.csv,ARIMA,IWM,0.006257,0.009124,0.006265,0.004824,0.007022,0.004818,"ARIMA(1, 0, 0)",-0.00608316,-0.00032195,0.00392934,0.0,2024-W43
adj_close.csv,ARIMA,IWM,0.006257,0.009124,0.006265,0.004824,0.007022,0.004818,"ARIMA(1, 0, 0)",8.221e-05,0.00051547,-0.00608316,0.0,2024-W44
adj_close.csv,ARIMA,IWM,0.006257,0.009124,0.006265,0.004824,0.007022,0.004818,"ARIMA(1, 0, 0)",0.01675887,-6.94e-06,8.221e-05,0.0,2024-W45
adj_close.csv,ARIMA,IWM,0.006257,0.009124,0.006265,0.004824,0.007022,0.004818,"ARIMA(1, 0, 0)",-0.00826521,-0.00141182,0.01675887,0.0,2024-W46
adj_close.csv,ARIMA,IWM,0.006257,0.009124,0.006265,0.004824,0.007022,0.004818,"ARIMA(1, 0, 0)",0.00881041,0.00080934,-0.00826521,0.0,2024-W47
adj_close.csv,ARIMA,IWM,0.006257,0.009124,0.006265,0.004824,0.007022,0.004818,"ARIMA(1, 0, 0)",0.00322489,-0.00093155,0.00881041,0.0,2024-W48
adj_close.csv,ARIMA,IWM,0.006257,0.009124,0.006265,0.004824,0.007022,0.004818,"ARIMA(1, 0, 0)",-0.00244594,-0.00032715,0.00322489,0.0,2024-W49
adj_close.csv,ARIMA,IWM,0.006257,0.009124,0.006265,0.004824,0.007022,0.004818,"ARIMA(1, 0, 0)",-0.00496634,0.00025009,-0.00244594,0.0,2024-W50
adj_close.csv,ARIMA,IWM,0.006257,0.009124,0.006265,0.004824,0.007022,0.004818,"ARIMA(1, 0, 0)",-0.00921144,0.00050038,-0.00496634,0.0,2024-W51
adj_close.csv,ARIMA,IWM,0.006257,0.009124,0.006265,0.004824,0.007022,0.004818,"ARIMA(1, 0, 0)",0.00052889,0.00087634,-0.00921144,0.0,2024-W52
adj_close.csv,ARIMA,IWM,0.006257,0.009124,0.006265,0.004824,0.007022,0.004818,"ARIMA(1, 0, 0)",0.0022828,-5.012e-05,0.00052889,0.0,2025-W01
adj_close.csv,ARIMA,IWM,0.006257,0.009124,0.006265,0.004824,0.007022,0.004818,"ARIMA(1, 0, 0)",-0.00861253,-0.00021601,0.0022828,0.0,2025-W02
adj_close.csv,ARIMA,IWM,0.006257,0.009124,0.006265,0.004824,0.007022,0.004818,"ARIMA(1, 0, 0)",0.00780584,0.00083398,-0.00861253,0.0,2025-W03
adj_close.csv,ARIMA,IWM,0.006257,0.009124,0.006265,0.004824,0.007022,0.004818,"ARIMA(1, 0, 0)",0.00355613,-0.00080944,0.00780584,0.0,2025-W04
adj_close.csv,ARIMA,IWM,0.006257,0.009124,0.006265,0.004824,0.007022,0.004818,"ARIMA(1, 0, 0)",-0.00194215,-0.00035501,0.00355613,0.0,2025-W05
adj_close.csv,ARIMA,IWM,0.006257,0.009124,0.006265,0.004824,0.007022,0.004818,"ARIMA(1, 0, 0)",-0.00042434,0.00019513,-0.00194215,0.0,2025-W06
adj_close.csv,ARIMA,IWM,0.006257,0.009124,0.006265,0.004824,0.007022,0.004818,"ARIMA(1, 0, 0)",-2.653e-05,4.257e-05,-0.00042434,0.0,2025-W07
adj_close.csv,ARIMA,IWM,0.006257,0.009124,0.006265,0.004824,0.007022,0.004818,"ARIMA(1, 0, 0)",-0.00920626,2.66e-06,-2.653e-05,0.0,2025-W08
adj_close.csv,ARIMA,IWM,0.006257,0.009124,0.006265,0.004824,0.007022,0.004818,"ARIMA(1, 0, 0)",-0.0029137,0.0009234,-0.00920626,0.0,2025-W09
adj_close.csv,ARIMA,IWM,0.006257,0.009124,0.006265,0.004824,0.007022,0.004818,"ARIMA(1, 0, 0)",-0.00827507,0.0002807,-0.0029137,0.0,2025-W10
adj_close.csv,ARIMA,IWM,0.006257,0.009124,0.006265,0.004824,0.007022,0.004818,"ARIMA(1, 0, 0)",-0.00299389,0.00077407,-0.00827507,0.0,2025-W11
adj_close.csv,ARIMA,IWM,0.006257,0.009124,0.006265,0.004824,0.007022,0.004818,"ARIMA(1, 0, 0)",0.00133351,0.00026967,-0.00299389,0.0,2025-W12
adj_close.csv,ARIMA,IWM,0.006257,0.009124,0.006265,0.004824,0.007022,0.004818,"ARIMA(1, 0, 0)",-0.00330506,-0.00012059,0.00133351,0.0,2025-W13
adj_close.csv,ARIMA,IWM,0.006257,0.009124,0.006265,0.004824,0.007022,0.004818,"ARIMA(1, 0, 0)",-0.0202037,0.00030043,-0.00330506,0.0,2025-W14
adj_close.csv,ARIMA,IWM,0.006257,0.009124,0.006265,0.004824,0.007022,0.004818,"ARIMA(1, 0, 0)",0.00346884,0.00168453,-0.0202037,0.0,2025-W15
adj_close.csv,ARIMA,IWM,0.006257,0.009124,0.006265,0.004824,0.007022,0.004818,"ARIMA(1, 0, 0)",0.0028584,-0.0003025,0.00346884,0.0,2025-W16
adj_close.csv,ARIMA,IWM,0.006257,0.009124,0.006265,0.004824,0.007022,0.004818,"ARIMA(1, 0, 0)",0.00803051,-0.00024594,0.0028584,0.0,2025-W17
adj_close.csv,ARIMA,IWM,0.006257,0.009124,0.006265,0.004824,0.007022,0.004818,"ARIMA(1, 0, 0)",0.0064476,-0.00067083,0.00803051,0.0,2025-W18
adj_close.csv,ARIMA,IWM,0.006257,0.009124,0.006265,0.004824,0.007022,0.004818,"ARIMA(1, 0, 0)",0.00032893,-0.00049982,0.0064476,0.0,2025-W19
adj_close.csv,ARIMA,IWM,0.006257,0.009124,0.006265,0.004824,0.007022,0.004818,"ARIMA(1, 0, 0)",0.00880678,-2.531e-05,0.00032893,0.0,2025-W20
adj_close.csv,ARIMA,IWM,0.006257,0.009124,0.006265,0.004824,0.007022,0.004818,"ARIMA(1, 0, 0)",-0.00707138,-0.00067509,0.00880678,0.0,2025-W21
adj_close.csv,ARIMA,IWM,0.006257,0.009124,0.006265,0.004824,0.007022,0.004818,"ARIMA(1, 0, 0)",0.00307881,0.00058346,-0.00707138,0.0,2025-W22
adj_close.csv,ARIMA,IWM,0.006257,0.009124,0.006265,0.004824,0.007022,0.004818,"ARIMA(1, 0, 0)",0.0065526,-0.00025965,0.00307881,0.0,2025-W23
adj_close.csv,ARIMA,IWM,0.006257,0.009124,0.006265,0.004824,0.007022,0.004818,"ARIMA(1, 0, 0)",-0.00286133,-0.00053841,0.0065526,0.0,2025-W24
adj_close.csv,ARIMA,IWM,0.006257,0.009124,0.006265,0.004824,0.007022,0.004818,"ARIMA(1, 0, 0)",0.00107302,0.00023959,-0.00286133,0.0,2025-W25
adj_close.csv,ARIMA,IWM,0.006257,0.009124,0.006265,0.004824,0.007022,0.004818,"ARIMA(1, 0, 0)",0.0059059,-9.011e-05,0.00107302,0.0,2025-W26
adj_close.csv,ARIMA,IWM,0.006257,0.009124,0.006265,0.004824,0.007022,0.004818,"ARIMA(1, 0, 0)",0.00866559,-0.00049206,0.0059059,0.0,2025-W27
adj_close.csv,ARIMA,IWM,0.006257,0.009124,0.006265,0.004824,0.007022,0.004818,"ARIMA(1, 0, 0)",-0.00124107,-0.00067402,0.00866559,0.0,2025-W28
adj_close.csv,ARIMA,IWM,0.006257,0.009124,0.006265,0.004824,0.007022,0.004818,"ARIMA(1, 0, 0)",0.00056754,9.715e-05,-0.00124107,0.0,2025-W29
adj_close.csv,ARIMA,IWM,0.006257,0.009124,0.006265,0.004824,0.007022,0.004818,"ARIMA(1, 0, 0)",0.00183566,-4.446e-05,0.00056754,0.0,2025-W30
adj_close.csv,ARIMA,IWM,0.006257,0.009124,0.006265,0.004824,0.007022,0.004818,"ARIMA(1, 0, 0)",-0.00861504,-0.0001436,0.00183566,0.0,2025-W31
adj_close.csv,ARIMA,IWM,0.006257,0.009124,0.006265,0.004824,0.007022,0.004818,"ARIMA(1, 0, 0)",0.00496303,0.00068756,-0.00861504,0.0,2025-W32
adj_close.csv,ARIMA,IWM,0.006257,0.009124,0.006265,0.004824,0.007022,0.004818,"ARIMA(1, 0, 0)",0.00608831,-0.00041452,0.00496303,0.0,2025-W33
adj_close.csv,ARIMA,IWM,0.006257,0.009124,0.006265,0.004824,0.007022,0.004818,"ARIMA(1, 0, 0)",0.00666786,-0.00048875,0.00608831,0.0,2025-W34
adj_close.csv,ARIMA,IWM,0.006257,0.009124,0.006265,0.004824,0.007022,0.004818,"ARIMA(1, 0, 0)",0.00028936,-0.00050618,0.00666786,0.0,2025-W35
adj_close.csv,ARIMA,IWM,0.006257,0.009124,0.006265,0.004824,0.007022,0.004818,"ARIMA(1, 0, 0)",0.00274879,-2.181e-05,0.00028936,0.0,2025-W36
adj_close.csv,ARIMA,IWM,0.006257,0.009124,0.006265,0.004824,0.007022,0.004818,"ARIMA(1, 0, 0)",0.00047886,-0.000207,0.00274879,0.0,2025-W37
adj_close.csv,ARIMA,IWM,0.006257,0.009124,0.006265,0.004824,0.007022,0.004818,"ARIMA(1, 0, 0)",0.00442269,-3.597e-05,0.00047886,0.0,2025-W38
adj_close.csv,ARIMA,IWM,0.006257,0.009124,0.006265,0.004824,0.007022,0.004818,"ARIMA(1, 0, 0)",-0.00135448,-0.00033128,0.00442269,0.0,2025-W39
adj_close.csv,ARIMA,IWM,0.006257,0.009124,0.006265,0.004824,0.007022,0.004818,"ARIMA(1, 0, 0)",0.00368671,0.00010207,-0.00135448,0.0,2025-W40
adj_close.csv,ARIMA,IWM,0.006257,0.009124,0.006265,0.004824,0.007022,0.004818,"ARIMA(1, 0, 0)",-0.00665047,-0.00027959,0.00368671,0.0,2025-W41
adj_close.csv,ARIMA,IWM,0.006257,0.009124,0.006265,0.004824,0.007022,0.004818,"ARIMA(1, 0, 0)",0.00467187,0.00051986,-0.00665047,0.0,2025-W42
adj_close.csv,ARIMA,IWM,0.006257,0.009124,0.006265,0.004824,0.007022,0.004818,"ARIMA(1, 0, 0)",0.0048862,-0.00037795,0.00467187,0.0,2025-W43
adj_close.csv,ARIMA,IWM,0.006257,0.009124,0.006265,0.004824,0.007022,0.004818,"ARIMA(1, 0, 0)",-0.00258245,-0.00038343,0.0048862,0.0,2025-W44
adj_close.csv,ARIMA,IWM,0.006257,0.009124,0.006265,0.004824,0.007022,0.004818,"ARIMA(1, 0, 0)",-0.00378824,0.00020538,-0.00258245,0.0,2025-W45
adj_close.csv,ARIMA,IWM,0.006257,0.009124,0.006265,0.004824,0.007022,0.004818,"ARIMA(1, 0, 0)",-0.00344829,0.00029744,-0.00378824,0.0,2025-W46
adj_close.csv,ARIMA,IWM,0.006257,0.009124,0.006265,0.004824,0.007022,0.004818,"ARIMA(1, 0, 0)",-0.00158959,0.00026594,-0.00344829,0.0,2025-W47
adj_close.csv,ARIMA,IWM,0.006257,0.009124,0.006265,0.004824,0.007022,0.004818,"ARIMA(1, 0, 0)",0.01357823,0.0001216,-0.00158959,0.0,2025-W48
adj_close.csv,ARIMA,IWM,0.006257,0.009124,0.006265,0.004824,0.007022,0.004818,"ARIMA(1, 0, 0)",0.00161757,-0.00106714,0.01357823,0.0,2025-W49
adj_close.csv,ARIMA,IWM,0.006257,0.009124,0.006265,0.004824,0.007022,0.004818,"ARIMA(1, 0, 0)",0.00244147,-0.00012145,0.00161757,0.0,2025-W50
adj_close.csv,ARIMA,IWM,0.006257,0.009124,0.006265,0.004824,0.007022,0.004818,"ARIMA(1, 0, 0)",-0.00175597,-0.00018233,0.00244147,0.0,2025-W51
adj_close.csv,ARIMA,IWM,0.006257,0.009124,0.006265,0.004824,0.007022,0.004818,"ARIMA(1, 0, 0)",0.00062723,0.00013179,-0.00175597,0.0,2025-W52
adj_close.csv,ARIMA,IWM,0.006257,0.009124,0.006265,0.004824,0.007022,0.004818,"ARIMA(1, 0, 0)",-0.00263897,-4.713e-05,0.00062723,0.0,2026-W01
adj_close.csv,ARIMA,IWM,0.006257,0.009124,0.006265,0.004824,0.007022,0.004818,"ARIMA(1, 0, 0)",0.00899939,0.00019869,-0.00263897,0.0,2026-W02
adj_close.csv,ARIMA,IWM,0.006257,0.009124,0.006265,0.004824,0.007022,0.004818,"ARIMA(1, 0, 0)",0.00420556,-0.00069767,0.00899939,0.0,2026-W03
adj_close.csv,ARIMA,IWM,0.006257,0.009124,0.006265,0.004824,0.007022,0.004818,"ARIMA(1, 0, 0)",-0.00089528,-0.00030833,0.00420556,0.0,2026-W04
adj_close.csv,ARIMA,IWM,0.006257,0.009124,0.006265,0.004824,0.007022,0.004818,"ARIMA(1, 0, 0)",-0.00393561,6.585e-05,-0.00089528,0.0,2026-W05
adj_close.csv,ARIMA,IWM,0.006257,0.009124,0.006265,0.004824,0.007022,0.004818,"ARIMA(1, 0, 0)",0.00969672,0.00028812,-0.00393561,0.0,2026-W06
adj_close.csv,ARIMA,JNK,0.001403,0.001837,0.001394,0.001033,0.001438,0.001021,"ARIMA(0, 0, 1)",0.00069199,-3.87e-06,-6.298e-05,0.0,2024-W30
adj_close.csv,ARIMA,JNK,0.001403,0.001837,0.001394,0.001033,0.001438,0.001021,"ARIMA(0, 0, 1)",-0.00047762,-5.192e-05,0.00069199,0.0,2024-W31
adj_close.csv,ARIMA,JNK,0.001403,0.001837,0.001394,0.001033,0.001438,0.001021,"ARIMA(0, 0, 1)",0.00054785,3.188e-05,-0.00047762,0.0,2024-W32
adj_close.csv,ARIMA,JNK,0.001403,0.001837,0.001394,0.001033,0.001438,0.001021,"ARIMA(0, 0, 1)",0.00236363,-3.876e-05,0.00054785,0.0,2024-W33
adj_close.csv,ARIMA,JNK,0.001403,0.001837,0.001394,0.001033,0.001438,0.001021,"ARIMA(0, 0, 1)",0.00140907,-0.00017749,0.00236363,0.0,2024-W34
adj_close.csv,ARIMA,JNK,0.001403,0.001837,0.001394,0.001033,0.001438,0.001021,"ARIMA(0, 0, 1)",-8.263e-05,-0.00011031,0.00140907,0.0,2024-W35
adj_close.csv,ARIMA,JNK,0.001403,0.001837,0.001394,0.001033,0.001438,0.001021,"ARIMA(0, 0, 1)",0.00051091,-1.93e-06,-8.263e-05,0.0,2024-W36
adj_close.csv,ARIMA,JNK,0.001403,0.001837,0.001394,0.001033,0.001438,0.001021,"ARIMA(0, 0, 1)",0.00115745,-3.581e-05,0.00051091,0.0,2024-W37
adj_close.csv,ARIMA,JNK,0.001403,0.001837,0.001394,0.001033,0.001438,0.001021,"ARIMA(0, 0, 1)",0.00141685,-8.254e-05,0.00115745,0.0,2024-W38
adj_close.csv,ARIMA,JNK,0.001403,0.001837,0.001394,0.001033,0.001438,0.001021,"ARIMA(0, 0, 1)",0.00010228,-0.0001008,0.00141685,0.0,2024-W39
adj_close.csv,ARIMA,JNK,0.001403,0.001837,0.001394,0.001033,0.001438,0.001021,"ARIMA(0, 0, 1)",-0.00064259,-1.357e-05,0.00010228,0.0,2024-W40
adj_close.csv,ARIMA,JNK,0.001403,0.001837,0.001394,0.001033,0.001438,0.001021,"ARIMA(0, 0, 1)",-0.00033028,4.226e-05,-0.00064259,0.0,2024-W41
adj_close.csv,ARIMA,JNK,0.001403,0.001837,0.001394,0.001033,0.001438,0.001021,"ARIMA(0, 0, 1)",0.00061892,2.494e-05,-0.00033028,0.0,2024-W42
adj_close.csv,ARIMA,JNK,0.001403,0.001837,0.001394,0.001033,0.001438,0.001021,"ARIMA(0, 0, 1)",-0.00150941,-3.991e-05,0.00061892,0.0,2024-W43
adj_close.csv,ARIMA,JNK,0.001403,0.001837,0.001394,0.001033,0.001438,0.001021,"ARIMA(0, 0, 1)",-0.00018515,9.998e-05,-0.00150941,0.0,2024-W44
adj_close.csv,ARIMA,JNK,0.001403,0.001837,0.001394,0.001033,0.001438,0.001021,"ARIMA(0, 0, 1)",0.00275919,1.925e-05,-0.00018515,0.0,2024-W45
adj_close.csv,ARIMA,JNK,0.001403,0.001837,0.001394,0.001033,0.001438,0.001021,"ARIMA(0, 0, 1)",-0.00146821,-0.000188,0.00275919,0.0,2024-W46
adj_close.csv,ARIMA,JNK,0.001403,0.001837,0.001394,0.001033,0.001438,0.001021,"ARIMA(0, 0, 1)",0.00060099,9.166e-05,-0.00146821,0.0,2024-W47
adj_close.csv,ARIMA,JNK,0.001403,0.001837,0.001394,0.001033,0.001438,0.001021,"ARIMA(0, 0, 1)",0.0018298,-3.699e-05,0.00060099,0.0,2024-W48
adj_close.csv,ARIMA,JNK,0.001403,0.001837,0.001394,0.001033,0.001438,0.001021,"ARIMA(0, 0, 1)",0.00056511,-0.00013402,0.0018298,0.0,2024-W49
adj_close.csv,ARIMA,JNK,0.001403,0.001837,0.001394,0.001033,0.001438,0.001021,"ARIMA(0, 0, 1)",-0.00140539,-4.911e-05,0.00056511,0.0,2024-W50
adj_close.csv,ARIMA,JNK,0.001403,0.001837,0.001394,0.001033,0.001438,0.001021,"ARIMA(0, 0, 1)",-0.00109681,9.699e-05,-0.00140539,0.0,2024-W51
adj_close.csv,ARIMA,JNK,0.001403,0.001837,0.001394,0.001033,0.001438,0.001021,"ARIMA(0, 0, 1)",0.00010483,8.343e-05,-0.00109681,0.0,2024-W52
adj_close.csv,ARIMA,JNK,0.001403,0.001837,0.001394,0.001033,0.001438,0.001021,"ARIMA(0, 0, 1)",0.0013848,-1.5e-06,0.00010483,0.0,2025-W01
adj_close.csv,ARIMA,JNK,0.001403,0.001837,0.001394,0.001033,0.001438,0.001021,"ARIMA(0, 0, 1)",-0.0015944,-9.718e-05,0.0013848,0.0,2025-W02
adj_close.csv,ARIMA,JNK,0.001403,0.001837,0.001394,0.001033,0.001438,0.001021,"ARIMA(0, 0, 1)",0.00231501,0.00010784,-0.0015944,0.0,2025-W03
adj_close.csv,ARIMA,JNK,0.001403,0.001837,0.001394,0.001033,0.001438,0.001021,"ARIMA(0, 0, 1)",0.00093138,-0.00016591,0.00231501,0.0,2025-W04
adj_close.csv,ARIMA,JNK,0.001403,0.001837,0.001394,0.001033,0.001438,0.001021,"ARIMA(0, 0, 1)",-0.00010328,-7.97e-05,0.00093138,0.0,2025-W05
adj_close.csv,ARIMA,JNK,0.001403,0.001837,0.001394,0.001033,0.001438,0.001021,"ARIMA(0, 0, 1)",3.321e-05,1.72e-06,-0.00010328,0.0,2025-W06
adj_close.csv,ARIMA,JNK,0.001403,0.001837,0.001394,0.001033,0.001438,0.001021,"ARIMA(0, 0, 1)",0.00091232,-2.3e-06,3.321e-05,0.0,2025-W07
adj_close.csv,ARIMA,JNK,0.001403,0.001837,0.001394,0.001033,0.001438,0.001021,"ARIMA(0, 0, 1)",-0.00012937,-6.671e-05,0.00091232,0.0,2025-W08
adj_close.csv,ARIMA,JNK,0.001403,0.001837,0.001394,0.001033,0.001438,0.001021,"ARIMA(0, 0, 1)",0.00101164,4.57e-06,-0.00012937,0.0,2025-W09
adj_close.csv,ARIMA,JNK,0.001403,0.001837,0.001394,0.001033,0.001438,0.001021,"ARIMA(0, 0, 1)",-0.00100049,-7.354e-05,0.00101164,0.0,2025-W10
adj_close.csv,ARIMA,JNK,0.001403,0.001837,0.001394,0.001033,0.001438,0.001021,"ARIMA(0, 0, 1)",-0.00162978,6.848e-05,-0.00100049,0.0,2025-W11
adj_close.csv,ARIMA,JNK,0.001403,0.001837,0.001394,0.001033,0.001438,0.001021,"ARIMA(0, 0, 1)",0.00090006,0.00012297,-0.00162978,0.0,2025-W12
adj_close.csv,ARIMA,JNK,0.001403,0.001837,0.001394,0.001033,0.001438,0.001021,"ARIMA(0, 0, 1)",-0.00115198,-5.717e-05,0.00090006,0.0,2025-W13
adj_close.csv,ARIMA,JNK,0.001403,0.001837,0.001394,0.001033,0.001438,0.001021,"ARIMA(0, 0, 1)",-0.00476381,8.156e-05,-0.00115198,0.0,2025-W14
adj_close.csv,ARIMA,JNK,0.001403,0.001837,0.001394,0.001033,0.001438,0.001021,"ARIMA(0, 0, 1)",-0.00012984,0.00033534,-0.00476381,0.0,2025-W15
adj_close.csv,ARIMA,JNK,0.001403,0.001837,0.001394,0.001033,0.001438,0.001021,"ARIMA(0, 0, 1)",0.0035732,3.049e-05,-0.00012984,0.0,2025-W16
adj_close.csv,ARIMA,JNK,0.001403,0.001837,0.001394,0.001033,0.001438,0.001021,"ARIMA(0, 0, 1)",0.00275515,-0.00024547,0.0035732,0.0,2025-W17
adj_close.csv,ARIMA,JNK,0.001403,0.001837,0.001394,0.001033,0.001438,0.001021,"ARIMA(0, 0, 1)",0.00017083,-0.00017654,0.00275515,0.0,2025-W18
adj_close.csv,ARIMA,JNK,0.001403,0.001837,0.001394,0.001033,0.001438,0.001021,"ARIMA(0, 0, 1)",-4.231e-05,-2.01e-05,0.00017083,0.0,2025-W19
adj_close.csv,ARIMA,JNK,0.001403,0.001837,0.001394,0.001033,0.001438,0.001021,"ARIMA(0, 0, 1)",0.00250146,1.3e-06,-4.231e-05,0.0,2025-W20
adj_close.csv,ARIMA,JNK,0.001403,0.001837,0.001394,0.001033,0.001438,0.001021,"ARIMA(0, 0, 1)",-0.00129936,-0.00014561,0.00250146,0.0,2025-W21
adj_close.csv,ARIMA,JNK,0.001403,0.001837,0.001394,0.001033,0.001438,0.001021,"ARIMA(0, 0, 1)",0.00206776,6.996e-05,-0.00129936,0.0,2025-W22
adj_close.csv,ARIMA,JNK,0.001403,0.001837,0.001394,0.001033,0.001438,0.001021,"ARIMA(0, 0, 1)",0.00051521,-0.00012572,0.00206776,0.0,2025-W23
adj_close.csv,ARIMA,JNK,0.001403,0.001837,0.001394,0.001033,0.001438,0.001021,"ARIMA(0, 0, 1)",0.00016723,-3.943e-05,0.00051521,0.0,2025-W24
adj_close.csv,ARIMA,JNK,0.001403,0.001837,0.001394,0.001033,0.001438,0.001021,"ARIMA(0, 0, 1)",0.00138075,-1.273e-05,0.00016723,0.0,2025-W25
adj_close.csv,ARIMA,JNK,0.001403,0.001837,0.001394,0.001033,0.001438,0.001021,"ARIMA(0, 0, 1)",0.00147019,-8.533e-05,0.00138075,0.0,2025-W26
adj_close.csv,ARIMA,JNK,0.001403,0.001837,0.001394,0.001033,0.001438,0.001021,"ARIMA(0, 0, 1)",0.00131437,-9.185e-05,0.00147019,0.0,2025-W27
adj_close.csv,ARIMA,JNK,0.001403,0.001837,0.001394,0.001033,0.001438,0.001021,"ARIMA(0, 0, 1)",-0.00097231,-7.999e-05,0.00131437,0.0,2025-W28
adj_close.csv,ARIMA,JNK,0.001403,0.001837,0.001394,0.001033,0.001438,0.001021,"ARIMA(0, 0, 1)",0.00053846,5.189e-05,-0.00097231,0.0,2025-W29
adj_close.csv,ARIMA,JNK,0.001403,0.001837,0.001394,0.001033,0.001438,0.001021,"ARIMA(0, 0, 1)",0.00070199,-2.852e-05,0.00053846,0.0,2025-W30
adj_close.csv,ARIMA,JNK,0.001403,0.001837,0.001394,0.001033,0.001438,0.001021,"ARIMA(0, 0, 1)",-0.00031147,-4.258e-05,0.00070199,0.0,2025-W31
adj_close.csv,ARIMA,JNK,0.001403,0.001837,0.001394,0.001033,0.001438,0.001021,"ARIMA(0, 0, 1)",0.00076654,1.572e-05,-0.00031147,0.0,2025-W32
adj_close.csv,ARIMA,JNK,0.001403,0.001837,0.001394,0.001033,0.001438,0.001021,"ARIMA(0, 0, 1)",0.00041314,-4.403e-05,0.00076654,0.0,2025-W33
adj_close.csv,ARIMA,JNK,0.001403,0.001837,0.001394,0.001033,0.001438,0.001021,"ARIMA(0, 0, 1)",0.00104967,-2.665e-05,0.00041314,0.0,2025-W34
adj_close.csv,ARIMA,JNK,0.001403,0.001837,0.001394,0.001033,0.001438,0.001021,"ARIMA(0, 0, 1)",0.00016417,-6.224e-05,0.00104967,0.0,2025-W35
adj_close.csv,ARIMA,JNK,0.001403,0.001837,0.001394,0.001033,0.001438,0.001021,"ARIMA(0, 0, 1)",0.00135996,-1.303e-05,0.00016417,0.0,2025-W36
adj_close.csv,ARIMA,JNK,0.001403,0.001837,0.001394,0.001033,0.001438,0.001021,"ARIMA(0, 0, 1)",0.00036885,-7.86e-05,0.00135996,0.0,2025-W37
adj_close.csv,ARIMA,JNK,0.001403,0.001837,0.001394,0.001033,0.001438,0.001021,"ARIMA(0, 0, 1)",0.00081722,-2.531e-05,0.00036885,0.0,2025-W38
adj_close.csv,ARIMA,JNK,0.001403,0.001837,0.001394,0.001033,0.001438,0.001021,"ARIMA(0, 0, 1)",-0.00048992,-4.74e-05,0.00081722,0.0,2025-W39
adj_close.csv,ARIMA,JNK,0.001403,0.001837,0.001394,0.001033,0.001438,0.001021,"ARIMA(0, 0, 1)",0.00032287,2.504e-05,-0.00048992,0.0,2025-W40
adj_close.csv,ARIMA,JNK,0.001403,0.001837,0.001394,0.001033,0.001438,0.001021,"ARIMA(0, 0, 1)",-0.0023322,-1.69e-05,0.00032287,0.0,2025-W41
adj_close.csv,ARIMA,JNK,0.001403,0.001837,0.001394,0.001033,0.001438,0.001021,"ARIMA(0, 0, 1)",0.0018597,0.00013287,-0.0023322,0.0,2025-W42
adj_close.csv,ARIMA,JNK,0.001403,0.001837,0.001394,0.001033,0.001438,0.001021,"ARIMA(0, 0, 1)",0.00102576,-0.00010498,0.0018597,0.0,2025-W43
adj_close.csv,ARIMA,JNK,0.001403,0.001837,0.001394,0.001033,0.001438,0.001021,"ARIMA(0, 0, 1)",-0.00071747,-6.697e-05,0.00102576,0.0,2025-W44
adj_close.csv,ARIMA,JNK,0.001403,0.001837,0.001394,0.001033,0.001438,0.001021,"ARIMA(0, 0, 1)",-0.00020039,3.901e-05,-0.00071747,0.0,2025-W45
adj_close.csv,ARIMA,JNK,0.001403,0.001837,0.001394,0.001033,0.001438,0.001021,"ARIMA(0, 0, 1)",-0.00026889,1.434e-05,-0.00020039,0.0,2025-W46
adj_close.csv,ARIMA,JNK,0.001403,0.001837,0.001394,0.001033,0.001438,0.001021,"ARIMA(0, 0, 1)",0.00026889,1.696e-05,-0.00026889,0.0,2025-W47
adj_close.csv,ARIMA,JNK,0.001403,0.001837,0.001394,0.001033,0.001438,0.001021,"ARIMA(0, 0, 1)",0.002289,-1.51e-05,0.00026889,0.0,2025-W48
adj_close.csv,ARIMA,JNK,0.001403,0.001837,0.001394,0.001033,0.001438,0.001021,"ARIMA(0, 0, 1)",0.00034565,-0.00013693,0.002289,0.0,2025-W49
adj_close.csv,ARIMA,JNK,0.001403,0.001837,0.001394,0.001033,0.001438,0.001021,"ARIMA(0, 0, 1)",-0.00045277,-2.805e-05,0.00034565,0.0,2025-W50
adj_close.csv,ARIMA,JNK,0.001403,0.001837,0.001394,0.001033,0.001438,0.001021,"ARIMA(0, 0, 1)",0.00049846,2.489e-05,-0.00045277,0.0,2025-W51
adj_close.csv,ARIMA,JNK,0.001403,0.001837,0.001394,0.001033,0.001438,0.001021,"ARIMA(0, 0, 1)",0.00087639,-2.783e-05,0.00049846,0.0,2025-W52
adj_close.csv,ARIMA,JNK,0.001403,0.001837,0.001394,0.001033,0.001438,0.001021,"ARIMA(0, 0, 1)",0.00020575,-5.279e-05,0.00087639,0.0,2026-W01
adj_close.csv,ARIMA,JNK,0.001403,0.001837,0.001394,0.001033,0.001438,0.001021,"ARIMA(0, 0, 1)",0.00092342,-1.503e-05,0.00020575,0.0,2026-W02
adj_close.csv,ARIMA,JNK,0.001403,0.001837,0.001394,0.001033,0.001438,0.001021,"ARIMA(0, 0, 1)",0.00026597,-5.434e-05,0.00092342,0.0,2026-W03
adj_close.csv,ARIMA,JNK,0.001403,0.001837,0.001394,0.001033,0.001438,0.001021,"ARIMA(0, 0, 1)",0.00012776,-1.844e-05,0.00026597,0.0,2026-W04
adj_close.csv,ARIMA,JNK,0.001403,0.001837,0.001394,0.001033,0.001438,0.001021,"ARIMA(0, 0, 1)",-0.00010221,-8.42e-06,0.00012776,0.0,2026-W05
adj_close.csv,ARIMA,JNK,0.001403,0.001837,0.001394,0.001033,0.001438,0.001021,"ARIMA(0, 0, 1)",-0.00450823,5.4e-06,-0.00010221,0.0,2026-W06
adj_close.csv,ARIMA,LQD,0.002093,0.002982,0.002008,0.001626,0.002318,0.001572,"ARIMA(2, 0, 0)",0.00042393,0.0003906,-0.00145254,0.0,2024-W30
adj_close.csv,ARIMA,LQD,0.002093,0.002982,0.002008,0.001626,0.002318,0.001572,"ARIMA(2, 0, 0)",0.00434822,-0.00031142,0.00042393,0.0,2024-W31
adj_close.csv,ARIMA,LQD,0.002093,0.002982,0.002008,0.001626,0.002318,0.001572,"ARIMA(2, 0, 0)",-0.00161586,0.00017442,0.00434822,0.0,2024-W32
adj_close.csv,ARIMA,LQD,0.002093,0.002982,0.002008,0.001626,0.002318,0.001572,"ARIMA(2, 0, 0)",0.00267994,0.00090659,-0.00161586,0.0,2024-W33
adj_close.csv,ARIMA,LQD,0.002093,0.002982,0.002008,0.001626,0.002318,0.001572,"ARIMA(2, 0, 0)",0.00175504,-0.00032752,0.00267994,0.0,2024-W34
adj_close.csv,ARIMA,LQD,0.002093,0.002982,0.002008,0.001626,0.002318,0.001572,"ARIMA(2, 0, 0)",-0.00171907,0.00060733,0.00175504,0.0,2024-W35
adj_close.csv,ARIMA,LQD,0.002093,0.002982,0.002008,0.001626,0.002318,0.001572,"ARIMA(2, 0, 0)",0.0034173,0.00035164,-0.00171907,0.0,2024-W36
adj_close.csv,ARIMA,LQD,0.002093,0.002982,0.002008,0.001626,0.002318,0.001572,"ARIMA(2, 0, 0)",0.0015607,-0.00034712,0.0034173,0.0,2024-W37
adj_close.csv,ARIMA,LQD,0.002093,0.002982,0.002008,0.001626,0.002318,0.001572,"ARIMA(2, 0, 0)",0.00042352,0.00074921,0.0015607,0.0,2024-W38
adj_close.csv,ARIMA,LQD,0.002093,0.002982,0.002008,0.001626,0.002318,0.001572,"ARIMA(2, 0, 0)",-0.00033519,0.00033695,0.00042352,0.0,2024-W39
adj_close.csv,ARIMA,LQD,0.002093,0.002982,0.002008,0.001626,0.002318,0.001572,"ARIMA(2, 0, 0)",-0.00236753,8.568e-05,-0.00033519,0.0,2024-W40
adj_close.csv,ARIMA,LQD,0.002093,0.002982,0.002008,0.001626,0.002318,0.001572,"ARIMA(2, 0, 0)",-0.0012774,-0.00010059,-0.00236753,0.0,2024-W41
adj_close.csv,ARIMA,LQD,0.002093,0.002982,0.002008,0.001626,0.002318,0.001572,"ARIMA(2, 0, 0)",-0.00010833,-0.00051901,-0.0012774,0.0,2024-W42
adj_close.csv,ARIMA,LQD,0.002093,0.002982,0.002008,0.001626,0.002318,0.001572,"ARIMA(2, 0, 0)",-0.00261751,-0.00027034,-0.00010833,0.0,2024-W43
adj_close.csv,ARIMA,LQD,0.002093,0.002982,0.002008,0.001626,0.002318,0.001572,"ARIMA(2, 0, 0)",-0.00168504,-6.139e-05,-0.00261751,0.0,2024-W44
adj_close.csv,ARIMA,LQD,0.002093,0.002982,0.002008,0.001626,0.002318,0.001572,"ARIMA(2, 0, 0)",0.00337838,-0.00058776,-0.00168504,0.0,2024-W45
adj_close.csv,ARIMA,LQD,0.002093,0.002982,0.002008,0.001626,0.002318,0.001572,"ARIMA(2, 0, 0)",-0.00291599,-0.00030146,0.00337838,0.0,2024-W46
adj_close.csv,ARIMA,LQD,0.002093,0.002982,0.002008,0.001626,0.002318,0.001572,"ARIMA(2, 0, 0)",0.00025844,0.00068705,-0.00291599,0.0,2024-W47
adj_close.csv,ARIMA,LQD,0.002093,0.002982,0.002008,0.001626,0.002318,0.001572,"ARIMA(2, 0, 0)",0.00490999,-0.00060234,0.00025844,0.0,2024-W48
adj_close.csv,ARIMA,LQD,0.002093,0.002982,0.002008,0.001626,0.002318,0.001572,"ARIMA(2, 0, 0)",0.00096527,8.934e-05,0.00490999,0.0,2024-W49
adj_close.csv,ARIMA,LQD,0.002093,0.002982,0.002008,0.001626,0.002318,0.001572,"ARIMA(2, 0, 0)",-0.00360958,0.00096656,0.00096527,0.0,2024-W50
adj_close.csv,ARIMA,LQD,0.002093,0.002982,0.002008,0.001626,0.002318,0.001572,"ARIMA(2, 0, 0)",-0.00251824,0.00014201,-0.00360958,0.0,2024-W51
adj_close.csv,ARIMA,LQD,0.002093,0.002982,0.002008,0.001626,0.002318,0.001572,"ARIMA(2, 0, 0)",-0.00077243,-0.00067153,-0.00251824,0.0,2024-W52
adj_close.csv,ARIMA,LQD,0.002093,0.002982,0.002008,0.001626,0.002318,0.001572,"ARIMA(2, 0, 0)",-0.00011722,-0.00045409,-0.00077243,0.0,2025-W01
adj_close.csv,ARIMA,LQD,0.002093,0.002982,0.002008,0.001626,0.002318,0.001572,"ARIMA(2, 0, 0)",-0.00283021,-0.00013689,-0.00011722,0.0,2025-W02
adj_close.csv,ARIMA,LQD,0.002093,0.002982,0.002008,0.001626,0.002318,0.001572,"ARIMA(2, 0, 0)",0.00260156,-6.513e-05,-0.00283021,0.0,2025-W03
adj_close.csv,ARIMA,LQD,0.002093,0.002982,0.002008,0.001626,0.002318,0.001572,"ARIMA(2, 0, 0)",0.00079481,-0.0004731,0.00260156,0.0,2025-W04
adj_close.csv,ARIMA,LQD,0.002093,0.002982,0.002008,0.001626,0.002318,0.001572,"ARIMA(2, 0, 0)",0.00063379,0.00046147,0.00079481,0.0,2025-W05
adj_close.csv,ARIMA,LQD,0.002093,0.002982,0.002008,0.001626,0.002318,0.001572,"ARIMA(2, 0, 0)",0.00085553,0.0001462,0.00063379,0.0,2025-W06
adj_close.csv,ARIMA,LQD,0.002093,0.002982,0.002008,0.001626,0.002318,0.001572,"ARIMA(2, 0, 0)",0.00085376,0.00012154,0.00085553,0.0,2025-W07
adj_close.csv,ARIMA,LQD,0.002093,0.002982,0.002008,0.001626,0.002318,0.001572,"ARIMA(2, 0, 0)",0.00060119,0.00016087,0.00085376,0.0,2025-W08
adj_close.csv,ARIMA,LQD,0.002093,0.002982,0.002008,0.001626,0.002318,0.001572,"ARIMA(2, 0, 0)",0.00249708,0.00015758,0.00060119,0.0,2025-W09
adj_close.csv,ARIMA,LQD,0.002093,0.002982,0.002008,0.001626,0.002318,0.001572,"ARIMA(2, 0, 0)",-0.00160912,0.00014281,0.00249708,0.0,2025-W10
adj_close.csv,ARIMA,LQD,0.002093,0.002982,0.002008,0.001626,0.002318,0.001572,"ARIMA(2, 0, 0)",-0.00068432,0.00042032,-0.00160912,0.0,2025-W11
adj_close.csv,ARIMA,LQD,0.002093,0.002982,0.002008,0.001626,0.002318,0.001572,"ARIMA(2, 0, 0)",0.0014951,-0.00028812,-0.00068432,0.0,2025-W12
adj_close.csv,ARIMA,LQD,0.002093,0.002982,0.002008,0.001626,0.002318,0.001572,"ARIMA(2, 0, 0)",-0.00051557,-9.955e-05,0.0014951,0.0,2025-W13
adj_close.csv,ARIMA,LQD,0.002093,0.002982,0.002008,0.001626,0.002318,0.001572,"ARIMA(2, 0, 0)",0.00132113,0.00025081,-0.00051557,0.0,2025-W14
adj_close.csv,ARIMA,LQD,0.002093,0.002982,0.002008,0.001626,0.002318,0.001572,"ARIMA(2, 0, 0)",-0.00663582,-7.46e-05,0.00132113,0.0,2025-W15
adj_close.csv,ARIMA,LQD,0.002093,0.002982,0.002008,0.001626,0.002318,0.001572,"ARIMA(2, 0, 0)",0.00358532,0.00020207,-0.00663582,0.0,2025-W16
adj_close.csv,ARIMA,LQD,0.002093,0.002982,0.002008,0.001626,0.002318,0.001572,"ARIMA(2, 0, 0)",0.0023098,-0.00122949,0.00358532,0.0,2025-W17
adj_close.csv,ARIMA,LQD,0.002093,0.002982,0.002008,0.001626,0.002318,0.001572,"ARIMA(2, 0, 0)",-0.0012085,0.00057449,0.0023098,0.0,2025-W18
adj_close.csv,ARIMA,LQD,0.002093,0.002982,0.002008,0.001626,0.002318,0.001572,"ARIMA(2, 0, 0)",-0.000562,0.00037093,-0.0012085,0.0,2025-W19
adj_close.csv,ARIMA,LQD,0.002093,0.002982,0.002008,0.001626,0.002318,0.001572,"ARIMA(2, 0, 0)",0.00091714,-0.00018567,-0.000562,0.0,2025-W20
adj_close.csv,ARIMA,LQD,0.002093,0.002982,0.002008,0.001626,0.002318,0.001572,"ARIMA(2, 0, 0)",-0.00153718,-9.22e-05,0.00091714,0.0,2025-W21
adj_close.csv,ARIMA,LQD,0.002093,0.002982,0.002008,0.001626,0.002318,0.001572,"ARIMA(2, 0, 0)",0.00348054,0.00015266,-0.00153718,0.0,2025-W22
adj_close.csv,ARIMA,LQD,0.002093,0.002982,0.002008,0.001626,0.002318,0.001572,"ARIMA(2, 0, 0)",-0.00084741,-0.00027762,0.00348054,0.0,2025-W23
adj_close.csv,ARIMA,LQD,0.002093,0.002982,0.002008,0.001626,0.002318,0.001572,"ARIMA(2, 0, 0)",0.00162077,0.00056088,-0.00084741,0.0,2025-W24
adj_close.csv,ARIMA,LQD,0.002093,0.002982,0.002008,0.001626,0.002318,0.001572,"ARIMA(2, 0, 0)",0.00081044,-0.00015596,0.00162077,0.0,2025-W25
adj_close.csv,ARIMA,LQD,0.002093,0.002982,0.002008,0.001626,0.002318,0.001572,"ARIMA(2, 0, 0)",0.00160262,0.00025102,0.00081044,0.0,2025-W26
adj_close.csv,ARIMA,LQD,0.002093,0.002982,0.002008,0.001626,0.002318,0.001572,"ARIMA(2, 0, 0)",0.00103316,0.00011489,0.00160262,0.0,2025-W27
adj_close.csv,ARIMA,LQD,0.002093,0.002982,0.002008,0.001626,0.002318,0.001572,"ARIMA(2, 0, 0)",-0.00180529,0.0002509,0.00103316,0.0,2025-W28
adj_close.csv,ARIMA,LQD,0.002093,0.002982,0.002008,0.001626,0.002318,0.001572,"ARIMA(2, 0, 0)",0.00038821,0.00018471,-0.00180529,0.0,2025-W29
adj_close.csv,ARIMA,LQD,0.002093,0.002982,0.002008,0.001626,0.002318,0.001572,"ARIMA(2, 0, 0)",0.00128868,-0.00029359,0.00038821,0.0,2025-W30
adj_close.csv,ARIMA,LQD,0.002093,0.002982,0.002008,0.001626,0.002318,0.001572,"ARIMA(2, 0, 0)",0.00198649,4.788e-05,0.00128868,0.0,2025-W31
adj_close.csv,ARIMA,LQD,0.002093,0.002982,0.002008,0.001626,0.002318,0.001572,"ARIMA(2, 0, 0)",-0.00040173,0.00018727,0.00198649,0.0,2025-W32
adj_close.csv,ARIMA,LQD,0.002093,0.002982,0.002008,0.001626,0.002318,0.001572,"ARIMA(2, 0, 0)",0.00060232,0.00031832,-0.00040173,0.0,2025-W33
adj_close.csv,ARIMA,LQD,0.002093,0.002982,0.002008,0.001626,0.002318,0.001572,"ARIMA(2, 0, 0)",0.00083658,-6.957e-05,0.00060232,0.0,2025-W34
adj_close.csv,ARIMA,LQD,0.002093,0.002982,0.002008,0.001626,0.002318,0.001572,"ARIMA(2, 0, 0)",-0.00072726,8.766e-05,0.00083658,0.0,2025-W35
adj_close.csv,ARIMA,LQD,0.002093,0.002982,0.002008,0.001626,0.002318,0.001572,"ARIMA(2, 0, 0)",0.00397584,0.00013937,-0.00072726,0.0,2025-W36
adj_close.csv,ARIMA,LQD,0.002093,0.002982,0.002008,0.001626,0.002318,0.001572,"ARIMA(2, 0, 0)",0.00150552,-0.00016305,0.00397584,0.0,2025-W37
adj_close.csv,ARIMA,LQD,0.002093,0.002982,0.002008,0.001626,0.002318,0.001572,"ARIMA(2, 0, 0)",-0.00048269,0.00062352,0.00150552,0.0,2025-W38
adj_close.csv,ARIMA,LQD,0.002093,0.002982,0.002008,0.001626,0.002318,0.001572,"ARIMA(2, 0, 0)",-0.00095089,0.00023962,-0.00048269,0.0,2025-W39
adj_close.csv,ARIMA,LQD,0.002093,0.002982,0.002008,0.001626,0.002318,0.001572,"ARIMA(2, 0, 0)",0.00134033,-6.742e-05,-0.00095089,0.0,2025-W40
adj_close.csv,ARIMA,LQD,0.002093,0.002982,0.002008,0.001626,0.002318,0.001572,"ARIMA(2, 0, 0)",-0.00035893,-0.00015905,0.00134033,0.0,2025-W41
adj_close.csv,ARIMA,LQD,0.002093,0.002982,0.002008,0.001626,0.002318,0.001572,"ARIMA(2, 0, 0)",0.00152092,0.00021089,-0.00035893,0.0,2025-W42
adj_close.csv,ARIMA,LQD,0.002093,0.002982,0.002008,0.001626,0.002318,0.001572,"ARIMA(2, 0, 0)",0.00092477,-7.024e-05,0.00152092,0.0,2025-W43
adj_close.csv,ARIMA,LQD,0.002093,0.002982,0.002008,0.001626,0.002318,0.001572,"ARIMA(2, 0, 0)",-0.00266133,0.00022942,0.00092477,0.0,2025-W44
adj_close.csv,ARIMA,LQD,0.002093,0.002982,0.002008,0.001626,0.002318,0.001572,"ARIMA(2, 0, 0)",-0.00021307,0.00016844,-0.00266133,0.0,2025-W45
adj_close.csv,ARIMA,LQD,0.002093,0.002982,0.002008,0.001626,0.002318,0.001572,"ARIMA(2, 0, 0)",-0.00083271,-0.0004042,-0.00021307,0.0,2025-W46
adj_close.csv,ARIMA,LQD,0.002093,0.002982,0.002008,0.001626,0.002318,0.001572,"ARIMA(2, 0, 0)",0.00121174,-2.485e-05,-0.00083271,0.0,2025-W47
adj_close.csv,ARIMA,LQD,0.002093,0.002982,0.002008,0.001626,0.002318,0.001572,"ARIMA(2, 0, 0)",0.00210972,-0.00013985,0.00121174,0.0,2025-W48
adj_close.csv,ARIMA,LQD,0.002093,0.002982,0.002008,0.001626,0.002318,0.001572,"ARIMA(2, 0, 0)",-0.00105622,0.00016671,0.00210972,0.0,2025-W49
adj_close.csv,ARIMA,LQD,0.002093,0.002982,0.002008,0.001626,0.002318,0.001572,"ARIMA(2, 0, 0)",-0.0012487,0.00032908,-0.00105622,0.0,2025-W50
adj_close.csv,ARIMA,LQD,0.002093,0.002982,0.002008,0.001626,0.002318,0.001572,"ARIMA(2, 0, 0)",0.00071557,-0.00014593,-0.0012487,0.0,2025-W51
adj_close.csv,ARIMA,LQD,0.002093,0.002982,0.002008,0.001626,0.002318,0.001572,"ARIMA(2, 0, 0)",0.00115506,-0.00019185,0.00071557,0.0,2025-W52
adj_close.csv,ARIMA,LQD,0.002093,0.002982,0.002008,0.001626,0.002318,0.001572,"ARIMA(2, 0, 0)",-0.00108695,9.474e-05,0.00115506,0.0,2026-W01
adj_close.csv,ARIMA,LQD,0.002093,0.002982,0.002008,0.001626,0.002318,0.001572,"ARIMA(2, 0, 0)",0.00086956,0.00017992,-0.00108695,0.0,2026-W02
adj_close.csv,ARIMA,LQD,0.002093,0.002982,0.002008,0.001626,0.002318,0.001572,"ARIMA(2, 0, 0)",-0.00012658,-0.0001688,0.00086956,0.0,2026-W03
adj_close.csv,ARIMA,LQD,0.002093,0.002982,0.002008,0.001626,0.002318,0.001572,"ARIMA(2, 0, 0)",0.00060972,0.00012905,-0.00012658,0.0,2026-W04
adj_close.csv,ARIMA,LQD,0.002093,0.002982,0.002008,0.001626,0.002318,0.001572,"ARIMA(2, 0, 0)",-0.00048778,-2.502e-05,0.00060972,0.0,2026-W05
adj_close.csv,ARIMA,LQD,0.002093,0.002982,0.002008,0.001626,0.002318,0.001572,"ARIMA(2, 0, 0)",-0.00462315,9.496e-05,-0.00048778,0.0,2026-W06
adj_close.csv,ARIMA,MCHI,0.008105,0.010088,0.007946,0.005619,0.007348,0.005554,"ARIMA(1, 0, 1)",-0.00369891,0.00111875,-0.00925421,0.0,2024-W30
adj_close.csv,ARIMA,MCHI,0.008105,0.010088,0.007946,0.005619,0.007348,0.005554,"ARIMA(1, 0, 1)",-0.00209581,-0.00042497,-0.00369891,0.0,2024-W31
adj_close.csv,ARIMA,MCHI,0.008105,0.010088,0.007946,0.005619,0.007348,0.005554,"ARIMA(1, 0, 1)",0.00335245,0.00053258,-0.00209581,0.0,2024-W32
adj_close.csv,ARIMA,MCHI,0.008105,0.010088,0.007946,0.005619,0.007348,0.005554,"ARIMA(1, 0, 1)",0.00518398,-0.00073607,0.00335245,0.0,2024-W33
adj_close.csv,ARIMA,MCHI,0.008105,0.010088,0.007946,0.005619,0.007348,0.005554,"ARIMA(1, 0, 1)",-0.00037595,5.588e-05,0.00518398,0.0,2024-W34
adj_close.csv,ARIMA,MCHI,0.008105,0.010088,0.007946,0.005619,0.007348,0.005554,"ARIMA(1, 0, 1)",-0.00327214,-3.99e-06,-0.00037595,0.0,2024-W35
adj_close.csv,ARIMA,MCHI,0.008105,0.010088,0.007946,0.005619,0.007348,0.005554,"ARIMA(1, 0, 1)",-0.00678504,0.00032326,-0.00327214,0.0,2024-W36
adj_close.csv,ARIMA,MCHI,0.008105,0.010088,0.007946,0.005619,0.007348,0.005554,"ARIMA(1, 0, 1)",0.00093129,0.0003799,-0.00678504,0.0,2024-W37
adj_close.csv,ARIMA,MCHI,0.008105,0.010088,0.007946,0.005619,0.007348,0.005554,"ARIMA(1, 0, 1)",0.00842632,-0.00038996,0.00093129,0.0,2024-W38
adj_close.csv,ARIMA,MCHI,0.008105,0.010088,0.007946,0.005619,0.007348,0.005554,"ARIMA(1, 0, 1)",0.03567356,-0.00050923,0.00842632,0.0,2024-W39
adj_close.csv,ARIMA,MCHI,0.008105,0.010088,0.007946,0.005619,0.007348,0.005554,"ARIMA(1, 0, 1)",0.02228436,-0.002841,0.03567356,0.0,2024-W40
adj_close.csv,ARIMA,MCHI,0.008105,0.010088,0.007946,0.005619,0.007348,0.005554,"ARIMA(1, 0, 1)",-0.01591502,-6e-08,0.02228436,0.0,2024-W41
adj_close.csv,ARIMA,MCHI,0.008105,0.010088,0.007946,0.005619,0.007348,0.005554,"ARIMA(1, 0, 1)",-0.00834017,0.00064647,-0.01591502,0.0,2024-W42
adj_close.csv,ARIMA,MCHI,0.008105,0.010088,0.007946,0.005619,0.007348,0.005554,"ARIMA(1, 0, 1)",-0.00255138,5e-08,-0.00834017,0.0,2024-W43
adj_close.csv,ARIMA,MCHI,0.008105,0.010088,0.007946,0.005619,0.007348,0.005554,"ARIMA(1, 0, 1)",-0.00148999,2e-08,-0.00255138,0.0,2024-W44
adj_close.csv,ARIMA,MCHI,0.008105,0.010088,0.007946,0.005619,0.007348,0.005554,"ARIMA(1, 0, 1)",-8.086e-05,1e-08,-0.00148999,0.0,2024-W45
adj_close.csv,ARIMA,MCHI,0.008105,0.010088,0.007946,0.005619,0.007348,0.005554,"ARIMA(1, 0, 1)",-0.00859281,0.0,-8.086e-05,0.0,2024-W46
adj_close.csv,ARIMA,MCHI,0.008105,0.010088,0.007946,0.005619,0.007348,0.005554,"ARIMA(1, 0, 1)",-0.00383563,6e-08,-0.00859281,0.0,2024-W47
adj_close.csv,ARIMA,MCHI,0.008105,0.010088,0.007946,0.005619,0.007348,0.005554,"ARIMA(1, 0, 1)",0.00447774,2e-08,-0.00383563,0.0,2024-W48
adj_close.csv,ARIMA,MCHI,0.008105,0.010088,0.007946,0.005619,0.007348,0.005554,"ARIMA(1, 0, 1)",0.00206036,-2e-08,0.00447774,0.0,2024-W49
adj_close.csv,ARIMA,MCHI,0.008105,0.010088,0.007946,0.005619,0.007348,0.005554,"ARIMA(1, 0, 1)",0.00170782,-1e-08,0.00206036,0.0,2024-W50
adj_close.csv,ARIMA,MCHI,0.008105,0.010088,0.007946,0.005619,0.007348,0.005554,"ARIMA(1, 0, 1)",-0.00091215,-1e-08,0.00170782,0.0,2024-W51
adj_close.csv,ARIMA,MCHI,0.008105,0.010088,0.007946,0.005619,0.007348,0.005554,"ARIMA(1, 0, 1)",0.00195623,1e-08,-0.00091215,0.0,2024-W52
adj_close.csv,ARIMA,MCHI,0.008105,0.010088,0.007946,0.005619,0.007348,0.005554,"ARIMA(1, 0, 1)",-0.00575351,-1e-08,0.00195623,0.0,2025-W01
adj_close.csv,ARIMA,MCHI,0.008105,0.010088,0.007946,0.005619,0.007348,0.005554,"ARIMA(1, 0, 1)",-0.01487674,3e-08,-0.00575351,0.0,2025-W02
adj_close.csv,ARIMA,MCHI,0.008105,0.010088,0.007946,0.005619,0.007348,0.005554,"ARIMA(1, 0, 1)",0.01112387,6e-08,-0.01487674,0.0,2025-W03
adj_close.csv,ARIMA,MCHI,0.008105,0.010088,0.007946,0.005619,0.007348,0.005554,"ARIMA(1, 0, 1)",0.00630375,-3e-08,0.01112387,0.0,2025-W04
adj_close.csv,ARIMA,MCHI,0.008105,0.010088,0.007946,0.005619,0.007348,0.005554,"ARIMA(1, 0, 1)",0.00425903,-1e-08,0.00630375,0.0,2025-W05
adj_close.csv,ARIMA,MCHI,0.008105,0.010088,0.007946,0.005619,0.007348,0.005554,"ARIMA(1, 0, 1)",0.00538039,-1e-08,0.00425903,0.0,2025-W06
adj_close.csv,ARIMA,MCHI,0.008105,0.010088,0.007946,0.005619,0.007348,0.005554,"ARIMA(1, 0, 1)",0.01446507,-1e-08,0.00538039,0.0,2025-W07
adj_close.csv,ARIMA,MCHI,0.008105,0.010088,0.007946,0.005619,0.007348,0.005554,"ARIMA(1, 0, 1)",0.01057559,-4e-08,0.01446507,0.0,2025-W08
adj_close.csv,ARIMA,MCHI,0.008105,0.010088,0.007946,0.005619,0.007348,0.005554,"ARIMA(1, 0, 1)",-0.00801203,-2e-08,0.01057559,0.0,2025-W09
adj_close.csv,ARIMA,MCHI,0.008105,0.010088,0.007946,0.005619,0.007348,0.005554,"ARIMA(1, 0, 1)",0.01061294,1e-08,-0.00801203,0.0,2025-W10
adj_close.csv,ARIMA,MCHI,0.008105,0.010088,0.007946,0.005619,0.007348,0.005554,"ARIMA(1, 0, 1)",0.00305617,-2e-08,0.01061294,0.0,2025-W11
adj_close.csv,ARIMA,MCHI,0.008105,0.010088,0.007946,0.005619,0.007348,0.005554,"ARIMA(1, 0, 1)",-0.00608787,-0.0,0.00305617,0.0,2025-W12
adj_close.csv,ARIMA,MCHI,0.008105,0.010088,0.007946,0.005619,0.007348,0.005554,"ARIMA(1, 0, 1)",-0.00391956,1e-08,-0.00608787,0.0,2025-W13
adj_close.csv,ARIMA,MCHI,0.008105,0.010088,0.007946,0.005619,0.007348,0.005554,"ARIMA(1, 0, 1)",-0.01749226,1e-08,-0.00391956,0.0,2025-W14
adj_close.csv,ARIMA,MCHI,0.008105,0.010088,0.007946,0.005619,0.007348,0.005554,"ARIMA(1, 0, 1)",-0.00128411,2e-08,-0.01749226,0.0,2025-W15
adj_close.csv,ARIMA,MCHI,0.008105,0.010088,0.007946,0.005619,0.007348,0.005554,"ARIMA(1, 0, 1)",-0.00197032,0.0,-0.00128411,0.0,2025-W16
adj_close.csv,ARIMA,MCHI,0.008105,0.010088,0.007946,0.005619,0.007348,0.005554,"ARIMA(1, 0, 1)",0.01035805,0.0,-0.00197032,0.0,2025-W17
adj_close.csv,ARIMA,MCHI,0.008105,0.010088,0.007946,0.005619,0.007348,0.005554,"ARIMA(1, 0, 1)",0.00573476,-2e-08,0.01035805,0.0,2025-W18
adj_close.csv,ARIMA,MCHI,0.008105,0.010088,0.007946,0.005619,0.007348,0.005554,"ARIMA(1, 0, 1)",-0.00063747,-1e-08,0.00573476,0.0,2025-W19
adj_close.csv,ARIMA,MCHI,0.008105,0.010088,0.007946,0.005619,0.007348,0.005554,"ARIMA(1, 0, 1)",0.00434678,0.0,-0.00063747,0.0,2025-W20
adj_close.csv,ARIMA,MCHI,0.008105,0.010088,0.007946,0.005619,0.007348,0.005554,"ARIMA(1, 0, 1)",0.00131869,-1e-08,0.00434678,0.0,2025-W21
adj_close.csv,ARIMA,MCHI,0.008105,0.010088,0.007946,0.005619,0.007348,0.005554,"ARIMA(1, 0, 1)",-0.0091088,-0.0,0.00131869,0.0,2025-W22
adj_close.csv,ARIMA,MCHI,0.008105,0.010088,0.007946,0.005619,0.007348,0.005554,"ARIMA(1, 0, 1)",0.00779751,1e-08,-0.0091088,0.0,2025-W23
adj_close.csv,ARIMA,MCHI,0.008105,0.010088,0.007946,0.005619,0.007348,0.005554,"ARIMA(1, 0, 1)",-0.00054697,-1e-08,0.00779751,0.0,2025-W24
adj_close.csv,ARIMA,MCHI,0.008105,0.010088,0.007946,0.005619,0.007348,0.005554,"ARIMA(1, 0, 1)",-0.0034066,0.0,-0.00054697,0.0,2025-W25
adj_close.csv,ARIMA,MCHI,0.008105,0.010088,0.007946,0.005619,0.007348,0.005554,"ARIMA(1, 0, 1)",0.00618378,1e-08,-0.0034066,0.0,2025-W26
adj_close.csv,ARIMA,MCHI,0.008105,0.010088,0.007946,0.005619,0.007348,0.005554,"ARIMA(1, 0, 1)",-0.0020928,-1e-08,0.00618378,0.0,2025-W27
adj_close.csv,ARIMA,MCHI,0.008105,0.010088,0.007946,0.005619,0.007348,0.005554,"ARIMA(1, 0, 1)",0.00083887,0.0,-0.0020928,0.0,2025-W28
adj_close.csv,ARIMA,MCHI,0.008105,0.010088,0.007946,0.005619,0.007348,0.005554,"ARIMA(1, 0, 1)",0.00889827,-0.0,0.00083887,0.0,2025-W29
adj_close.csv,ARIMA,MCHI,0.008105,0.010088,0.007946,0.005619,0.007348,0.005554,"ARIMA(1, 0, 1)",0.00508705,-1e-08,0.00889827,0.0,2025-W30
adj_close.csv,ARIMA,MCHI,0.008105,0.010088,0.007946,0.005619,0.007348,0.005554,"ARIMA(1, 0, 1)",-0.00835114,-1e-08,0.00508705,0.0,2025-W31
adj_close.csv,ARIMA,MCHI,0.008105,0.010088,0.007946,0.005619,0.007348,0.005554,"ARIMA(1, 0, 1)",0.00582379,1e-08,-0.00835114,0.0,2025-W32
adj_close.csv,ARIMA,MCHI,0.008105,0.010088,0.007946,0.005619,0.007348,0.005554,"ARIMA(1, 0, 1)",0.00505669,-1e-08,0.00582379,0.0,2025-W33
adj_close.csv,ARIMA,MCHI,0.008105,0.010088,0.007946,0.005619,0.007348,0.005554,"ARIMA(1, 0, 1)",0.00623556,-1e-08,0.00505669,0.0,2025-W34
adj_close.csv,ARIMA,MCHI,0.008105,0.010088,0.007946,0.005619,0.007348,0.005554,"ARIMA(1, 0, 1)",-0.00084635,-1e-08,0.00623556,0.0,2025-W35
adj_close.csv,ARIMA,MCHI,0.008105,0.010088,0.007946,0.005619,0.007348,0.005554,"ARIMA(1, 0, 1)",0.00016303,0.0,-0.00084635,0.0,2025-W36
adj_close.csv,ARIMA,MCHI,0.008105,0.010088,0.007946,0.005619,0.007348,0.005554,"ARIMA(1, 0, 1)",0.00830128,-0.0,0.00016303,0.0,2025-W37
adj_close.csv,ARIMA,MCHI,0.008105,0.010088,0.007946,0.005619,0.007348,0.005554,"ARIMA(1, 0, 1)",0.00152661,-1e-08,0.00830128,0.0,2025-W38
adj_close.csv,ARIMA,MCHI,0.008105,0.010088,0.007946,0.005619,0.007348,0.005554,"ARIMA(1, 0, 1)",-0.00037279,-0.0,0.00152661,0.0,2025-W39
adj_close.csv,ARIMA,MCHI,0.008105,0.010088,0.007946,0.005619,0.007348,0.005554,"ARIMA(1, 0, 1)",0.0068166,0.0,-0.00037279,0.0,2025-W40
adj_close.csv,ARIMA,MCHI,0.008105,0.010088,0.007946,0.005619,0.007348,0.005554,"ARIMA(1, 0, 1)",-0.01614133,-1e-08,0.0068166,0.0,2025-W41
adj_close.csv,ARIMA,MCHI,0.008105,0.010088,0.007946,0.005619,0.007348,0.005554,"ARIMA(1, 0, 1)",0.00615927,3e-08,-0.01614133,0.0,2025-W42
adj_close.csv,ARIMA,MCHI,0.008105,0.010088,0.007946,0.005619,0.007348,0.005554,"ARIMA(1, 0, 1)",0.0037554,-1e-08,0.00615927,0.0,2025-W43
adj_close.csv,ARIMA,MCHI,0.008105,0.010088,0.007946,0.005619,0.007348,0.005554,"ARIMA(1, 0, 1)",-0.00293573,-1e-08,0.0037554,0.0,2025-W44
adj_close.csv,ARIMA,MCHI,0.008105,0.010088,0.007946,0.005619,0.007348,0.005554,"ARIMA(1, 0, 1)",0.0001258,1e-08,-0.00293573,0.0,2025-W45
adj_close.csv,ARIMA,MCHI,0.008105,0.010088,0.007946,0.005619,0.007348,0.005554,"ARIMA(1, 0, 1)",-0.00034615,-0.0,0.0001258,0.0,2025-W46
adj_close.csv,ARIMA,MCHI,0.008105,0.010088,0.007946,0.005619,0.007348,0.005554,"ARIMA(1, 0, 1)",-0.00829569,0.0,-0.00034615,0.0,2025-W47
adj_close.csv,ARIMA,MCHI,0.008105,0.010088,0.007946,0.005619,0.007348,0.005554,"ARIMA(1, 0, 1)",0.00519839,2e-08,-0.00829569,0.0,2025-W48
adj_close.csv,ARIMA,MCHI,0.008105,0.010088,0.007946,0.005619,0.007348,0.005554,"ARIMA(1, 0, 1)",0.00147365,-1e-08,0.00519839,0.0,2025-W49
adj_close.csv,ARIMA,MCHI,0.008105,0.010088,0.007946,0.005619,0.007348,0.005554,"ARIMA(1, 0, 1)",-0.0036722,-0.0,0.00147365,0.0,2025-W50
adj_close.csv,ARIMA,MCHI,0.008105,0.010088,0.007946,0.005619,0.007348,0.005554,"ARIMA(1, 0, 1)",-0.00048482,1e-08,-0.0036722,0.0,2025-W51
adj_close.csv,ARIMA,MCHI,0.008105,0.010088,0.007946,0.005619,0.007348,0.005554,"ARIMA(1, 0, 1)",0.00262512,0.0,-0.00048482,0.0,2025-W52
adj_close.csv,ARIMA,MCHI,0.008105,0.010088,0.007946,0.005619,0.007348,0.005554,"ARIMA(1, 0, 1)",0.00392689,-1e-08,0.00262512,0.0,2026-W01
adj_close.csv,ARIMA,MCHI,0.008105,0.010088,0.007946,0.005619,0.007348,0.005554,"ARIMA(1, 0, 1)",-6.428e-05,-1e-08,0.00392689,0.0,2026-W02
adj_close.csv,ARIMA,MCHI,0.008105,0.010088,0.007946,0.005619,0.007348,0.005554,"ARIMA(1, 0, 1)",0.000962,0.0,-6.428e-05,0.0,2026-W03
adj_close.csv,ARIMA,MCHI,0.008105,0.010088,0.007946,0.005619,0.007348,0.005554,"ARIMA(1, 0, 1)",0.00087818,-0.0,0.000962,0.0,2026-W04
adj_close.csv,ARIMA,MCHI,0.008105,0.010088,0.007946,0.005619,0.007348,0.005554,"ARIMA(1, 0, 1)",-0.00108679,-0.0,0.00087818,0.0,2026-W05
adj_close.csv,ARIMA,MCHI,0.008105,0.010088,0.007946,0.005619,0.007348,0.005554,"ARIMA(1, 0, 1)",-0.01274109,0.0,-0.00108679,0.0,2026-W06
adj_close.csv,ARIMA,MDY,0.005178,0.007686,0.005205,0.003879,0.005903,0.003878,"ARIMA(0, 0, 1)",0.0039558,-2.805e-05,-0.00056578,0.0,2024-W30
adj_close.csv,ARIMA,MDY,0.005178,0.007686,0.005205,0.003879,0.005903,0.003878,"ARIMA(0, 0, 1)",-0.00867822,-0.0003987,0.0039558,0.0,2024-W31
adj_close.csv,ARIMA,MDY,0.005178,0.007686,0.005205,0.003879,0.005903,0.003878,"ARIMA(0, 0, 1)",-0.00063319,0.00087445,-0.00867822,0.0,2024-W32
adj_close.csv,ARIMA,MDY,0.005178,0.007686,0.005205,0.003879,0.005903,0.003878,"ARIMA(0, 0, 1)",0.00529021,0.00015465,-0.00063319,0.0,2024-W33
adj_close.csv,ARIMA,MDY,0.005178,0.007686,0.005205,0.003879,0.005903,0.003878,"ARIMA(0, 0, 1)",0.00562079,-0.0005439,0.00529021,0.0,2024-W34
adj_close.csv,ARIMA,MDY,0.005178,0.007686,0.005205,0.003879,0.005903,0.003878,"ARIMA(0, 0, 1)",-0.00030757,-0.00061456,0.00562079,0.0,2024-W35
adj_close.csv,ARIMA,MDY,0.005178,0.007686,0.005205,0.003879,0.005903,0.003878,"ARIMA(0, 0, 1)",-0.01239775,-3.039e-05,-0.00030757,0.0,2024-W36
adj_close.csv,ARIMA,MDY,0.005178,0.007686,0.005205,0.003879,0.005903,0.003878,"ARIMA(0, 0, 1)",0.00639538,0.00125868,-0.01239775,0.0,2024-W37
adj_close.csv,ARIMA,MDY,0.005178,0.007686,0.005205,0.003879,0.005903,0.003878,"ARIMA(0, 0, 1)",0.00453169,-0.00056585,0.00639538,0.0,2024-W38
adj_close.csv,ARIMA,MDY,0.005178,0.007686,0.005205,0.003879,0.005903,0.003878,"ARIMA(0, 0, 1)",0.00093685,-0.00055802,0.00453169,0.0,2024-W39
adj_close.csv,ARIMA,MDY,0.005178,0.007686,0.005205,0.003879,0.005903,0.003878,"ARIMA(0, 0, 1)",3.167e-05,-0.00016093,0.00093685,0.0,2024-W40
adj_close.csv,ARIMA,MDY,0.005178,0.007686,0.005205,0.003879,0.005903,0.003878,"ARIMA(0, 0, 1)",0.00235398,-2.082e-05,3.167e-05,0.0,2024-W41
adj_close.csv,ARIMA,MDY,0.005178,0.007686,0.005205,0.003879,0.005903,0.003878,"ARIMA(0, 0, 1)",0.00274495,-0.00025655,0.00235398,0.0,2024-W42
adj_close.csv,ARIMA,MDY,0.005178,0.007686,0.005205,0.003879,0.005903,0.003878,"ARIMA(0, 0, 1)",-0.00566188,-0.00032007,0.00274495,0.0,2024-W43
adj_close.csv,ARIMA,MDY,0.005178,0.007686,0.005205,0.003879,0.005903,0.003878,"ARIMA(0, 0, 1)",-0.00031027,0.00058567,-0.00566188,0.0,2024-W44
adj_close.csv,ARIMA,MDY,0.005178,0.007686,0.005205,0.003879,0.005903,0.003878,"ARIMA(0, 0, 1)",0.01215998,9.725e-05,-0.00031027,0.0,2024-W45
adj_close.csv,ARIMA,MDY,0.005178,0.007686,0.005205,0.003879,0.005903,0.003878,"ARIMA(0, 0, 1)",-0.00544945,-0.00135056,0.01215998,0.0,2024-W46
adj_close.csv,ARIMA,MDY,0.005178,0.007686,0.005205,0.003879,0.005903,0.003878,"ARIMA(0, 0, 1)",0.00821613,0.0004821,-0.00544945,0.0,2024-W47
adj_close.csv,ARIMA,MDY,0.005178,0.007686,0.005205,0.003879,0.005903,0.003878,"ARIMA(0, 0, 1)",0.00209939,-0.00096202,0.00821613,0.0,2024-W48
adj_close.csv,ARIMA,MDY,0.005178,0.007686,0.005205,0.003879,0.005903,0.003878,"ARIMA(0, 0, 1)",-0.002306,-0.00036591,0.00209939,0.0,2024-W49
adj_close.csv,ARIMA,MDY,0.005178,0.007686,0.005205,0.003879,0.005903,0.003878,"ARIMA(0, 0, 1)",-0.00302872,0.00023584,-0.002306,0.0,2024-W50
adj_close.csv,ARIMA,MDY,0.005178,0.007686,0.005205,0.003879,0.005903,0.003878,"ARIMA(0, 0, 1)",-0.00932747,0.00039458,-0.00302872,0.0,2024-W51
adj_close.csv,ARIMA,MDY,0.005178,0.007686,0.005205,0.003879,0.005903,0.003878,"ARIMA(0, 0, 1)",0.00087528,0.00111753,-0.00932747,0.0,2024-W52
adj_close.csv,ARIMA,MDY,0.005178,0.007686,0.005205,0.003879,0.005903,0.003878,"ARIMA(0, 0, 1)",0.0012551,2.733e-05,0.00087528,0.0,2025-W01
adj_close.csv,ARIMA,MDY,0.005178,0.007686,0.005205,0.003879,0.005903,0.003878,"ARIMA(0, 0, 1)",-0.00416413,-0.00014113,0.0012551,0.0,2025-W02
adj_close.csv,ARIMA,MDY,0.005178,0.007686,0.005205,0.003879,0.005903,0.003878,"ARIMA(0, 0, 1)",0.00881946,0.00046573,-0.00416413,0.0,2025-W03
adj_close.csv,ARIMA,MDY,0.005178,0.007686,0.005205,0.003879,0.005903,0.003878,"ARIMA(0, 0, 1)",0.00268385,-0.00101042,0.00881946,0.0,2025-W04
adj_close.csv,ARIMA,MDY,0.005178,0.007686,0.005205,0.003879,0.005903,0.003878,"ARIMA(0, 0, 1)",-0.00229263,-0.00042519,0.00268385,0.0,2025-W05
adj_close.csv,ARIMA,MDY,0.005178,0.007686,0.005205,0.003879,0.005903,0.003878,"ARIMA(0, 0, 1)",-0.00180607,0.00021896,-0.00229263,0.0,2025-W06
adj_close.csv,ARIMA,MDY,0.005178,0.007686,0.005205,0.003879,0.005903,0.003878,"ARIMA(0, 0, 1)",-0.00047202,0.00023709,-0.00180607,0.0,2025-W07
adj_close.csv,ARIMA,MDY,0.005178,0.007686,0.005205,0.003879,0.005903,0.003878,"ARIMA(0, 0, 1)",-0.00760169,8.28e-05,-0.00047202,0.0,2025-W08
adj_close.csv,ARIMA,MDY,0.005178,0.007686,0.005205,0.003879,0.005903,0.003878,"ARIMA(0, 0, 1)",-0.00024732,0.00088928,-0.00760169,0.0,2025-W09
adj_close.csv,ARIMA,MDY,0.005178,0.007686,0.005205,0.003879,0.005903,0.003878,"ARIMA(0, 0, 1)",-0.00705105,0.00012862,-0.00024732,0.0,2025-W10
adj_close.csv,ARIMA,MDY,0.005178,0.007686,0.005205,0.003879,0.005903,0.003878,"ARIMA(0, 0, 1)",-0.00386727,0.00080591,-0.00705105,0.0,2025-W11
adj_close.csv,ARIMA,MDY,0.005178,0.007686,0.005205,0.003879,0.005903,0.003878,"ARIMA(0, 0, 1)",0.00128414,0.00049502,-0.00386727,0.0,2025-W12
adj_close.csv,ARIMA,MDY,0.005178,0.007686,0.005205,0.003879,0.005903,0.003878,"ARIMA(0, 0, 1)",-0.00211568,-8.445e-05,0.00128414,0.0,2025-W13
adj_close.csv,ARIMA,MDY,0.005178,0.007686,0.005205,0.003879,0.005903,0.003878,"ARIMA(0, 0, 1)",-0.0191056,0.00021867,-0.00211568,0.0,2025-W14
adj_close.csv,ARIMA,MDY,0.005178,0.007686,0.005205,0.003879,0.005903,0.003878,"ARIMA(0, 0, 1)",0.00559754,0.00196049,-0.0191056,0.0,2025-W15
adj_close.csv,ARIMA,MDY,0.005178,0.007686,0.005205,0.003879,0.005903,0.003878,"ARIMA(0, 0, 1)",0.00215662,-0.00038473,0.00559754,0.0,2025-W16
adj_close.csv,ARIMA,MDY,0.005178,0.007686,0.005205,0.003879,0.005903,0.003878,"ARIMA(0, 0, 1)",0.00617342,-0.00028268,0.00215662,0.0,2025-W17
adj_close.csv,ARIMA,MDY,0.005178,0.007686,0.005205,0.003879,0.005903,0.003878,"ARIMA(0, 0, 1)",0.0070136,-0.00070103,0.00617342,0.0,2025-W18
adj_close.csv,ARIMA,MDY,0.005178,0.007686,0.005205,0.003879,0.005903,0.003878,"ARIMA(0, 0, 1)",0.00097154,-0.00077334,0.0070136,0.0,2025-W19
adj_close.csv,ARIMA,MDY,0.005178,0.007686,0.005205,0.003879,0.005903,0.003878,"ARIMA(0, 0, 1)",0.00954945,-0.0001707,0.00097154,0.0,2025-W20
adj_close.csv,ARIMA,MDY,0.005178,0.007686,0.005205,0.003879,0.005903,0.003878,"ARIMA(0, 0, 1)",-0.00730803,-0.00092955,0.00954945,0.0,2025-W21
adj_close.csv,ARIMA,MDY,0.005178,0.007686,0.005205,0.003879,0.005903,0.003878,"ARIMA(0, 0, 1)",0.00185667,0.00065889,-0.00730803,0.0,2025-W22
adj_close.csv,ARIMA,MDY,0.005178,0.007686,0.005205,0.003879,0.005903,0.003878,"ARIMA(0, 0, 1)",0.0034831,-0.00012615,0.00185667,0.0,2025-W23
adj_close.csv,ARIMA,MDY,0.005178,0.007686,0.005205,0.003879,0.005903,0.003878,"ARIMA(0, 0, 1)",-0.00280993,-0.00038031,0.0034831,0.0,2025-W24
adj_close.csv,ARIMA,MDY,0.005178,0.007686,0.005205,0.003879,0.005903,0.003878,"ARIMA(0, 0, 1)",0.00151305,0.00025868,-0.00280993,0.0,2025-W25
adj_close.csv,ARIMA,MDY,0.005178,0.007686,0.005205,0.003879,0.005903,0.003878,"ARIMA(0, 0, 1)",0.00514951,-0.00013423,0.00151305,0.0,2025-W26
adj_close.csv,ARIMA,MDY,0.005178,0.007686,0.005205,0.003879,0.005903,0.003878,"ARIMA(0, 0, 1)",0.00692855,-0.00056119,0.00514951,0.0,2025-W27
adj_close.csv,ARIMA,MDY,0.005178,0.007686,0.005205,0.003879,0.005903,0.003878,"ARIMA(0, 0, 1)",-0.0011019,-0.0007492,0.00692855,0.0,2025-W28
adj_close.csv,ARIMA,MDY,0.005178,0.007686,0.005205,0.003879,0.005903,0.003878,"ARIMA(0, 0, 1)",6.56e-05,3.525e-05,-0.0011019,0.0,2025-W29
adj_close.csv,ARIMA,MDY,0.005178,0.007686,0.005205,0.003879,0.005903,0.003878,"ARIMA(0, 0, 1)",0.00286163,-3.06e-06,6.56e-05,0.0,2025-W30
adj_close.csv,ARIMA,MDY,0.005178,0.007686,0.005205,0.003879,0.005903,0.003878,"ARIMA(0, 0, 1)",-0.00716352,-0.00028889,0.00286163,0.0,2025-W31
adj_close.csv,ARIMA,MDY,0.005178,0.007686,0.005205,0.003879,0.005903,0.003878,"ARIMA(0, 0, 1)",0.00141625,0.00071174,-0.00716352,0.0,2025-W32
adj_close.csv,ARIMA,MDY,0.005178,0.007686,0.005205,0.003879,0.005903,0.003878,"ARIMA(0, 0, 1)",0.00310297,-7.304e-05,0.00141625,0.0,2025-W33
adj_close.csv,ARIMA,MDY,0.005178,0.007686,0.005205,0.003879,0.005903,0.003878,"ARIMA(0, 0, 1)",0.00527758,-0.0003308,0.00310297,0.0,2025-W34
adj_close.csv,ARIMA,MDY,0.005178,0.007686,0.005205,0.003879,0.005903,0.003878,"ARIMA(0, 0, 1)",-0.00013438,-0.00056898,0.00527758,0.0,2025-W35
adj_close.csv,ARIMA,MDY,0.005178,0.007686,0.005205,0.003879,0.005903,0.003878,"ARIMA(0, 0, 1)",0.00322614,-4.379e-05,-0.00013438,0.0,2025-W36
adj_close.csv,ARIMA,MDY,0.005178,0.007686,0.005205,0.003879,0.005903,0.003878,"ARIMA(0, 0, 1)",-0.00075446,-0.00032995,0.00322614,0.0,2025-W37
adj_close.csv,ARIMA,MDY,0.005178,0.007686,0.005205,0.003879,0.005903,0.003878,"ARIMA(0, 0, 1)",0.00013537,4.286e-05,-0.00075446,0.0,2025-W38
adj_close.csv,ARIMA,MDY,0.005178,0.007686,0.005205,0.003879,0.005903,0.003878,"ARIMA(0, 0, 1)",-0.00091631,-9.35e-06,0.00013537,0.0,2025-W39
adj_close.csv,ARIMA,MDY,0.005178,0.007686,0.005205,0.003879,0.005903,0.003878,"ARIMA(0, 0, 1)",0.00133629,9.171e-05,-0.00091631,0.0,2025-W40
adj_close.csv,ARIMA,MDY,0.005178,0.007686,0.005205,0.003879,0.005903,0.003878,"ARIMA(0, 0, 1)",-0.00777729,-0.00012603,0.00133629,0.0,2025-W41
adj_close.csv,ARIMA,MDY,0.005178,0.007686,0.005205,0.003879,0.005903,0.003878,"ARIMA(0, 0, 1)",0.00380252,0.00078461,-0.00777729,0.0,2025-W42
adj_close.csv,ARIMA,MDY,0.005178,0.007686,0.005205,0.003879,0.005903,0.003878,"ARIMA(0, 0, 1)",0.00456987,-0.00031662,0.00380252,0.0,2025-W43
adj_close.csv,ARIMA,MDY,0.005178,0.007686,0.005205,0.003879,0.005903,0.003878,"ARIMA(0, 0, 1)",-0.00317545,-0.00050766,0.00456987,0.0,2025-W44
adj_close.csv,ARIMA,MDY,0.005178,0.007686,0.005205,0.003879,0.005903,0.003878,"ARIMA(0, 0, 1)",-6.745e-05,0.00028137,-0.00317545,0.0,2025-W45
adj_close.csv,ARIMA,MDY,0.005178,0.007686,0.005205,0.003879,0.005903,0.003878,"ARIMA(0, 0, 1)",-0.00224614,3.685e-05,-6.745e-05,0.0,2025-W46
adj_close.csv,ARIMA,MDY,0.005178,0.007686,0.005205,0.003879,0.005903,0.003878,"ARIMA(0, 0, 1)",-0.00131452,0.00024103,-0.00224614,0.0,2025-W47
adj_close.csv,ARIMA,MDY,0.005178,0.007686,0.005205,0.003879,0.005903,0.003878,"ARIMA(0, 0, 1)",0.00975036,0.00016333,-0.00131452,0.0,2025-W48
adj_close.csv,ARIMA,MDY,0.005178,0.007686,0.005205,0.003879,0.005903,0.003878,"ARIMA(0, 0, 1)",0.00062662,-0.00102824,0.00975036,0.0,2025-W49
adj_close.csv,ARIMA,MDY,0.005178,0.007686,0.005205,0.003879,0.005903,0.003878,"ARIMA(0, 0, 1)",0.00187795,-0.00017184,0.00062662,0.0,2025-W50
adj_close.csv,ARIMA,MDY,0.005178,0.007686,0.005205,0.003879,0.005903,0.003878,"ARIMA(0, 0, 1)",0.00021665,-0.00021411,0.00187795,0.0,2025-W51
adj_close.csv,ARIMA,MDY,0.005178,0.007686,0.005205,0.003879,0.005903,0.003878,"ARIMA(0, 0, 1)",0.00153233,-4.494e-05,0.00021665,0.0,2025-W52
adj_close.csv,ARIMA,MDY,0.005178,0.007686,0.005205,0.003879,0.005903,0.003878,"ARIMA(0, 0, 1)",-0.00163864,-0.00016449,0.00153233,0.0,2026-W01
adj_close.csv,ARIMA,MDY,0.005178,0.007686,0.005205,0.003879,0.005903,0.003878,"ARIMA(0, 0, 1)",0.00646074,0.00015417,-0.00163864,0.0,2026-W02
adj_close.csv,ARIMA,MDY,0.005178,0.007686,0.005205,0.003879,0.005903,0.003878,"ARIMA(0, 0, 1)",0.00266517,-0.00066726,0.00646074,0.0,2026-W03
adj_close.csv,ARIMA,MDY,0.005178,0.007686,0.005205,0.003879,0.005903,0.003878,"ARIMA(0, 0, 1)",-0.00144983,-0.00034142,0.00266517,0.0,2026-W04
adj_close.csv,ARIMA,MDY,0.005178,0.007686,0.005205,0.003879,0.005903,0.003878,"ARIMA(0, 0, 1)",-0.00271584,0.00011454,-0.00144983,0.0,2026-W05
adj_close.csv,ARIMA,MDY,0.005178,0.007686,0.005205,0.003879,0.005903,0.003878,"ARIMA(0, 0, 1)",0.00812534,0.000292,-0.00271584,0.0,2026-W06
adj_close.csv,ARIMA,MTUM,0.006175,0.009239,0.006174,0.004559,0.006922,0.004547,"ARIMA(1, 0, 0)",-0.00327989,0.00017017,-0.00832836,0.0,2024-W30
adj_close.csv,ARIMA,MTUM,0.006175,0.009239,0.006174,0.004559,0.006922,0.004547,"ARIMA(1, 0, 0)",-0.00946053,5.104e-05,-0.00327989,0.0,2024-W31
adj_close.csv,ARIMA,MTUM,0.006175,0.009239,0.006174,0.004559,0.006922,0.004547,"ARIMA(1, 0, 0)",0.00576885,9.725e-05,-0.00946053,0.0,2024-W32
adj_close.csv,ARIMA,MTUM,0.006175,0.009239,0.006174,0.004559,0.006922,0.004547,"ARIMA(1, 0, 0)",0.01077413,-0.00011091,0.00576885,0.0,2024-W33
adj_close.csv,ARIMA,MTUM,0.006175,0.009239,0.006174,0.004559,0.006922,0.004547,"ARIMA(1, 0, 0)",0.00305549,-9.497e-05,0.01077413,0.0,2024-W34
adj_close.csv,ARIMA,MTUM,0.006175,0.009239,0.006174,0.004559,0.006922,0.004547,"ARIMA(1, 0, 0)",-0.00050602,-1.006e-05,0.00305549,0.0,2024-W35
adj_close.csv,ARIMA,MTUM,0.006175,0.009239,0.006174,0.004559,0.006922,0.004547,"ARIMA(1, 0, 0)",-0.01479305,1.79e-06,-0.00050602,0.0,2024-W36
adj_close.csv,ARIMA,MTUM,0.006175,0.009239,0.006174,0.004559,0.006922,0.004547,"ARIMA(1, 0, 0)",0.01121537,3.436e-05,-0.01479305,0.0,2024-W37
adj_close.csv,ARIMA,MTUM,0.006175,0.009239,0.006174,0.004559,0.006922,0.004547,"ARIMA(1, 0, 0)",0.00483043,-0.00031701,0.01121537,0.0,2024-W38
adj_close.csv,ARIMA,MTUM,0.006175,0.009239,0.006174,0.004559,0.006922,0.004547,"ARIMA(1, 0, 0)",0.00080071,-9.364e-05,0.00483043,0.0,2024-W39
adj_close.csv,ARIMA,MTUM,0.006175,0.009239,0.006174,0.004559,0.006922,0.004547,"ARIMA(1, 0, 0)",0.00179444,-1.499e-05,0.00080071,0.0,2024-W40
adj_close.csv,ARIMA,MTUM,0.006175,0.009239,0.006174,0.004559,0.006922,0.004547,"ARIMA(1, 0, 0)",0.0035027,-3.32e-05,0.00179444,0.0,2024-W41
adj_close.csv,ARIMA,MTUM,0.006175,0.009239,0.006174,0.004559,0.006922,0.004547,"ARIMA(1, 0, 0)",0.00189113,-6.14e-05,0.0035027,0.0,2024-W42
adj_close.csv,ARIMA,MTUM,0.006175,0.009239,0.006174,0.004559,0.006922,0.004547,"ARIMA(1, 0, 0)",-0.00345974,-3.117e-05,0.00189113,0.0,2024-W43
adj_close.csv,ARIMA,MTUM,0.006175,0.009239,0.006174,0.004559,0.006922,0.004547,"ARIMA(1, 0, 0)",-0.00396639,6.046e-05,-0.00345974,0.0,2024-W44
adj_close.csv,ARIMA,MTUM,0.006175,0.009239,0.006174,0.004559,0.006922,0.004547,"ARIMA(1, 0, 0)",0.01168934,6.088e-05,-0.00396639,0.0,2024-W45
adj_close.csv,ARIMA,MTUM,0.006175,0.009239,0.006174,0.004559,0.006922,0.004547,"ARIMA(1, 0, 0)",-0.00514413,-0.00026147,0.01168934,0.0,2024-W46
adj_close.csv,ARIMA,MTUM,0.006175,0.009239,0.006174,0.004559,0.006922,0.004547,"ARIMA(1, 0, 0)",0.00614239,0.00015883,-0.00514413,0.0,2024-W47
adj_close.csv,ARIMA,MTUM,0.006175,0.009239,0.006174,0.004559,0.006922,0.004547,"ARIMA(1, 0, 0)",0.00186589,-0.00021772,0.00614239,0.0,2024-W48
adj_close.csv,ARIMA,MTUM,0.006175,0.009239,0.006174,0.004559,0.006922,0.004547,"ARIMA(1, 0, 0)",0.00094915,-6.261e-05,0.00186589,0.0,2024-W49
adj_close.csv,ARIMA,MTUM,0.006175,0.009239,0.006174,0.004559,0.006922,0.004547,"ARIMA(1, 0, 0)",-0.00301969,-3.159e-05,0.00094915,0.0,2024-W50
adj_close.csv,ARIMA,MTUM,0.006175,0.009239,0.006174,0.004559,0.006922,0.004547,"ARIMA(1, 0, 0)",-0.00420032,0.00010175,-0.00301969,0.0,2024-W51
adj_close.csv,ARIMA,MTUM,0.006175,0.009239,0.006174,0.004559,0.006922,0.004547,"ARIMA(1, 0, 0)",0.00147809,0.00013349,-0.00420032,0.0,2024-W52
adj_close.csv,ARIMA,MTUM,0.006175,0.009239,0.006174,0.004559,0.006922,0.004547,"ARIMA(1, 0, 0)",0.00107919,-4.82e-05,0.00147809,0.0,2025-W01
adj_close.csv,ARIMA,MTUM,0.006175,0.009239,0.006174,0.004559,0.006922,0.004547,"ARIMA(1, 0, 0)",-0.00521349,-3.493e-05,0.00107919,0.0,2025-W02
adj_close.csv,ARIMA,MTUM,0.006175,0.009239,0.006174,0.004559,0.006922,0.004547,"ARIMA(1, 0, 0)",0.00985468,0.00017302,-0.00521349,0.0,2025-W03
adj_close.csv,ARIMA,MTUM,0.006175,0.009239,0.006174,0.004559,0.006922,0.004547,"ARIMA(1, 0, 0)",0.00642689,-0.00039984,0.00985468,0.0,2025-W04
adj_close.csv,ARIMA,MTUM,0.006175,0.009239,0.006174,0.004559,0.006922,0.004547,"ARIMA(1, 0, 0)",-0.00351028,-0.00019838,0.00642689,0.0,2025-W05
adj_close.csv,ARIMA,MTUM,0.006175,0.009239,0.006174,0.004559,0.006922,0.004547,"ARIMA(1, 0, 0)",0.00517145,0.00011907,-0.00351028,0.0,2025-W06
adj_close.csv,ARIMA,MTUM,0.006175,0.009239,0.006174,0.004559,0.006922,0.004547,"ARIMA(1, 0, 0)",0.00302763,-0.00018855,0.00517145,0.0,2025-W07
adj_close.csv,ARIMA,MTUM,0.006175,0.009239,0.006174,0.004559,0.006922,0.004547,"ARIMA(1, 0, 0)",-0.00934917,-0.0001032,0.00302763,0.0,2025-W08
adj_close.csv,ARIMA,MTUM,0.006175,0.009239,0.006174,0.004559,0.006922,0.004547,"ARIMA(1, 0, 0)",-0.00135968,0.00035596,-0.00934917,0.0,2025-W09
adj_close.csv,ARIMA,MTUM,0.006175,0.009239,0.006174,0.004559,0.006922,0.004547,"ARIMA(1, 0, 0)",-0.01332625,4.87e-05,-0.00135968,0.0,2025-W10
adj_close.csv,ARIMA,MTUM,0.006175,0.009239,0.006174,0.004559,0.006922,0.004547,"ARIMA(1, 0, 0)",-0.00232321,0.00044323,-0.01332625,0.0,2025-W11
adj_close.csv,ARIMA,MTUM,0.006175,0.009239,0.006174,0.004559,0.006922,0.004547,"ARIMA(1, 0, 0)",0.00321118,6.552e-05,-0.00232321,0.0,2025-W12
adj_close.csv,ARIMA,MTUM,0.006175,0.009239,0.006174,0.004559,0.006922,0.004547,"ARIMA(1, 0, 0)",-0.00381676,-9.378e-05,0.00321118,0.0,2025-W13
adj_close.csv,ARIMA,MTUM,0.006175,0.009239,0.006174,0.004559,0.006922,0.004547,"ARIMA(1, 0, 0)",-0.0206455,0.00011771,-0.00381676,0.0,2025-W14
adj_close.csv,ARIMA,MTUM,0.006175,0.009239,0.006174,0.004559,0.006922,0.004547,"ARIMA(1, 0, 0)",0.01580801,0.00041316,-0.0206455,0.0,2025-W15
adj_close.csv,ARIMA,MTUM,0.006175,0.009239,0.006174,0.004559,0.006922,0.004547,"ARIMA(1, 0, 0)",-0.00090698,-0.0009651,0.01580801,0.0,2025-W16
adj_close.csv,ARIMA,MTUM,0.006175,0.009239,0.006174,0.004559,0.006922,0.004547,"ARIMA(1, 0, 0)",0.0113822,5.527e-05,-0.00090698,0.0,2025-W17
adj_close.csv,ARIMA,MTUM,0.006175,0.009239,0.006174,0.004559,0.006922,0.004547,"ARIMA(1, 0, 0)",0.00906646,-0.00070822,0.0113822,0.0,2025-W18
adj_close.csv,ARIMA,MTUM,0.006175,0.009239,0.006174,0.004559,0.006922,0.004547,"ARIMA(1, 0, 0)",0.00076569,-0.00043998,0.00906646,0.0,2025-W19
adj_close.csv,ARIMA,MTUM,0.006175,0.009239,0.006174,0.004559,0.006922,0.004547,"ARIMA(1, 0, 0)",0.01202471,-3.614e-05,0.00076569,0.0,2025-W20
adj_close.csv,ARIMA,MTUM,0.006175,0.009239,0.006174,0.004559,0.006922,0.004547,"ARIMA(1, 0, 0)",-0.00432971,-0.00055399,0.01202471,0.0,2025-W21
adj_close.csv,ARIMA,MTUM,0.006175,0.009239,0.006174,0.004559,0.006922,0.004547,"ARIMA(1, 0, 0)",0.00635325,0.00022301,-0.00432971,0.0,2025-W22
adj_close.csv,ARIMA,MTUM,0.006175,0.009239,0.006174,0.004559,0.006922,0.004547,"ARIMA(1, 0, 0)",0.00103388,-0.00034738,0.00635325,0.0,2025-W23
adj_close.csv,ARIMA,MTUM,0.006175,0.009239,0.006174,0.004559,0.006922,0.004547,"ARIMA(1, 0, 0)",-0.00214258,-5.545e-05,0.00103388,0.0,2025-W24
adj_close.csv,ARIMA,MTUM,0.006175,0.009239,0.006174,0.004559,0.006922,0.004547,"ARIMA(1, 0, 0)",0.00055534,0.00011547,-0.00214258,0.0,2025-W25
adj_close.csv,ARIMA,MTUM,0.006175,0.009239,0.006174,0.004559,0.006922,0.004547,"ARIMA(1, 0, 0)",0.00633373,-2.999e-05,0.00055534,0.0,2025-W26
adj_close.csv,ARIMA,MTUM,0.006175,0.009239,0.006174,0.004559,0.006922,0.004547,"ARIMA(1, 0, 0)",0.00173975,-0.00033938,0.00633373,0.0,2025-W27
adj_close.csv,ARIMA,MTUM,0.006175,0.009239,0.006174,0.004559,0.006922,0.004547,"ARIMA(1, 0, 0)",-0.00262398,-9.051e-05,0.00173975,0.0,2025-W28
adj_close.csv,ARIMA,MTUM,0.006175,0.009239,0.006174,0.004559,0.006922,0.004547,"ARIMA(1, 0, 0)",0.00237317,0.00013788,-0.00262398,0.0,2025-W29
adj_close.csv,ARIMA,MTUM,0.006175,0.009239,0.006174,0.004559,0.006922,0.004547,"ARIMA(1, 0, 0)",0.00184862,-0.00012635,0.00237317,0.0,2025-W30
adj_close.csv,ARIMA,MTUM,0.006175,0.009239,0.006174,0.004559,0.006922,0.004547,"ARIMA(1, 0, 0)",-0.00209138,-9.74e-05,0.00184862,0.0,2025-W31
adj_close.csv,ARIMA,MTUM,0.006175,0.009239,0.006174,0.004559,0.006922,0.004547,"ARIMA(1, 0, 0)",0.00568118,0.0001111,-0.00209138,0.0,2025-W32
adj_close.csv,ARIMA,MTUM,0.006175,0.009239,0.006174,0.004559,0.006922,0.004547,"ARIMA(1, 0, 0)",-0.00065237,-0.0003096,0.00568118,0.0,2025-W33
adj_close.csv,ARIMA,MTUM,0.006175,0.009239,0.006174,0.004559,0.006922,0.004547,"ARIMA(1, 0, 0)",-0.00098257,3.57e-05,-0.00065237,0.0,2025-W34
adj_close.csv,ARIMA,MTUM,0.006175,0.009239,0.006174,0.004559,0.006922,0.004547,"ARIMA(1, 0, 0)",5.745e-05,5.369e-05,-0.00098257,0.0,2025-W35
adj_close.csv,ARIMA,MTUM,0.006175,0.009239,0.006174,0.004559,0.006922,0.004547,"ARIMA(1, 0, 0)",0.00058399,-3.14e-06,5.745e-05,0.0,2025-W36
adj_close.csv,ARIMA,MTUM,0.006175,0.009239,0.006174,0.004559,0.006922,0.004547,"ARIMA(1, 0, 0)",0.00740914,-3.191e-05,0.00058399,0.0,2025-W37
adj_close.csv,ARIMA,MTUM,0.006175,0.009239,0.006174,0.004559,0.006922,0.004547,"ARIMA(1, 0, 0)",0.00305375,-0.00040107,0.00740914,0.0,2025-W38
adj_close.csv,ARIMA,MTUM,0.006175,0.009239,0.006174,0.004559,0.006922,0.004547,"ARIMA(1, 0, 0)",-0.00168144,-0.00015618,0.00305375,0.0,2025-W39
adj_close.csv,ARIMA,MTUM,0.006175,0.009239,0.006174,0.004559,0.006922,0.004547,"ARIMA(1, 0, 0)",-0.00030653,8.691e-05,-0.00168144,0.0,2025-W40
adj_close.csv,ARIMA,MTUM,0.006175,0.009239,0.006174,0.004559,0.006922,0.004547,"ARIMA(1, 0, 0)",-0.00341115,1.582e-05,-0.00030653,0.0,2025-W41
adj_close.csv,ARIMA,MTUM,0.006175,0.009239,0.006174,0.004559,0.006922,0.004547,"ARIMA(1, 0, 0)",0.00225155,0.00017563,-0.00341115,0.0,2025-W42
adj_close.csv,ARIMA,MTUM,0.006175,0.009239,0.006174,0.004559,0.006922,0.004547,"ARIMA(1, 0, 0)",0.00212475,-0.00011778,0.00225155,0.0,2025-W43
adj_close.csv,ARIMA,MTUM,0.006175,0.009239,0.006174,0.004559,0.006922,0.004547,"ARIMA(1, 0, 0)",-0.00100448,-0.0001099,0.00212475,0.0,2025-W44
adj_close.csv,ARIMA,MTUM,0.006175,0.009239,0.006174,0.004559,0.006922,0.004547,"ARIMA(1, 0, 0)",-0.00480915,5.218e-05,-0.00100448,0.0,2025-W45
adj_close.csv,ARIMA,MTUM,0.006175,0.009239,0.006174,0.004559,0.006922,0.004547,"ARIMA(1, 0, 0)",-0.00170764,0.00024709,-0.00480915,0.0,2025-W46
adj_close.csv,ARIMA,MTUM,0.006175,0.009239,0.006174,0.004559,0.006922,0.004547,"ARIMA(1, 0, 0)",-0.00681199,8.588e-05,-0.00170764,0.0,2025-W47
adj_close.csv,ARIMA,MTUM,0.006175,0.009239,0.006174,0.004559,0.006922,0.004547,"ARIMA(1, 0, 0)",0.01272607,0.00033327,-0.00681199,0.0,2025-W48
adj_close.csv,ARIMA,MTUM,0.006175,0.009239,0.006174,0.004559,0.006922,0.004547,"ARIMA(1, 0, 0)",0.00201973,-0.00074643,0.01272607,0.0,2025-W49
adj_close.csv,ARIMA,MTUM,0.006175,0.009239,0.006174,0.004559,0.006922,0.004547,"ARIMA(1, 0, 0)",-0.00265209,-0.00011042,0.00201973,0.0,2025-W50
adj_close.csv,ARIMA,MTUM,0.006175,0.009239,0.006174,0.004559,0.006922,0.004547,"ARIMA(1, 0, 0)",0.00197109,0.00014653,-0.00265209,0.0,2025-W51
adj_close.csv,ARIMA,MTUM,0.006175,0.009239,0.006174,0.004559,0.006922,0.004547,"ARIMA(1, 0, 0)",0.00373318,-0.00010998,0.00197109,0.0,2025-W52
adj_close.csv,ARIMA,MTUM,0.006175,0.009239,0.006174,0.004559,0.006922,0.004547,"ARIMA(1, 0, 0)",-0.00226487,-0.00020511,0.00373318,0.0,2026-W01
adj_close.csv,ARIMA,MTUM,0.006175,0.009239,0.006174,0.004559,0.006922,0.004547,"ARIMA(1, 0, 0)",0.00334309,0.0001264,-0.00226487,0.0,2026-W02
adj_close.csv,ARIMA,MTUM,0.006175,0.009239,0.006174,0.004559,0.006922,0.004547,"ARIMA(1, 0, 0)",0.00107885,-0.00018932,0.00334309,0.0,2026-W03
adj_close.csv,ARIMA,MTUM,0.006175,0.009239,0.006174,0.004559,0.006922,0.004547,"ARIMA(1, 0, 0)",-0.00281202,-6.058e-05,0.00107885,0.0,2026-W04
adj_close.csv,ARIMA,MTUM,0.006175,0.009239,0.006174,0.004559,0.006922,0.004547,"ARIMA(1, 0, 0)",0.00031287,0.00015884,-0.00281202,0.0,2026-W05
adj_close.csv,ARIMA,MTUM,0.006175,0.009239,0.006174,0.004559,0.006922,0.004547,"ARIMA(1, 0, 0)",0.00960624,-1.769e-05,0.00031287,0.0,2026-W06
adj_close.csv,ARIMA,QQQ,0.00589,0.009153,0.005943,0.004454,0.006743,0.004479,"ARIMA(1, 0, 0)",-0.00523155,0.00058518,-0.00807481,0.0,2024-W30
adj_close.csv,ARIMA,QQQ,0.00589,0.009153,0.005943,0.004454,0.006743,0.004479,"ARIMA(1, 0, 0)",-0.00623927,0.00034417,-0.00523155,0.0,2024-W31
adj_close.csv,ARIMA,QQQ,0.00589,0.009153,0.005943,0.004454,0.006743,0.004479,"ARIMA(1, 0, 0)",0.00073849,0.00038001,-0.00623927,0.0,2024-W32
adj_close.csv,ARIMA,QQQ,0.00589,0.009153,0.005943,0.004454,0.006743,0.004479,"ARIMA(1, 0, 0)",0.01064394,-4.521e-05,0.00073849,0.0,2024-W33
adj_close.csv,ARIMA,QQQ,0.00589,0.009153,0.005943,0.004454,0.006743,0.004479,"ARIMA(1, 0, 0)",0.00208161,-0.0006398,0.01064394,0.0,2024-W34
adj_close.csv,ARIMA,QQQ,0.00589,0.009153,0.005943,0.004454,0.006743,0.004479,"ARIMA(1, 0, 0)",-0.00156024,-0.00011676,0.00208161,0.0,2024-W35
adj_close.csv,ARIMA,QQQ,0.00589,0.009153,0.005943,0.004454,0.006743,0.004479,"ARIMA(1, 0, 0)",-0.01491314,8.817e-05,-0.00156024,0.0,2024-W36
adj_close.csv,ARIMA,QQQ,0.00589,0.009153,0.005943,0.004454,0.006743,0.004479,"ARIMA(1, 0, 0)",0.01153961,0.00079433,-0.01491314,0.0,2024-W37
adj_close.csv,ARIMA,QQQ,0.00589,0.009153,0.005943,0.004454,0.006743,0.004479,"ARIMA(1, 0, 0)",0.00296523,-0.00086325,0.01153961,0.0,2024-W38
adj_close.csv,ARIMA,QQQ,0.00589,0.009153,0.005943,0.004454,0.006743,0.004479,"ARIMA(1, 0, 0)",0.00205966,-0.00020452,0.00296523,0.0,2024-W39
adj_close.csv,ARIMA,QQQ,0.00589,0.009153,0.005943,0.004454,0.006743,0.004479,"ARIMA(1, 0, 0)",0.00023406,-0.00014024,0.00205966,0.0,2024-W40
adj_close.csv,ARIMA,QQQ,0.00589,0.009153,0.005943,0.004454,0.006743,0.004479,"ARIMA(1, 0, 0)",0.00246365,-1.591e-05,0.00023406,0.0,2024-W41
adj_close.csv,ARIMA,QQQ,0.00589,0.009153,0.005943,0.004454,0.006743,0.004479,"ARIMA(1, 0, 0)",0.00044945,-0.0001673,0.00246365,0.0,2024-W42
adj_close.csv,ARIMA,QQQ,0.00589,0.009153,0.005943,0.004454,0.006743,0.004479,"ARIMA(1, 0, 0)",0.00034351,-3.043e-05,0.00044945,0.0,2024-W43
adj_close.csv,ARIMA,QQQ,0.00589,0.009153,0.005943,0.004454,0.006743,0.004479,"ARIMA(1, 0, 0)",-0.00321147,-2.325e-05,0.00034351,0.0,2024-W44
adj_close.csv,ARIMA,QQQ,0.00589,0.009153,0.005943,0.004454,0.006743,0.004479,"ARIMA(1, 0, 0)",0.0106698,0.00021784,-0.00321147,0.0,2024-W45
adj_close.csv,ARIMA,QQQ,0.00589,0.009153,0.005943,0.004454,0.006743,0.004479,"ARIMA(1, 0, 0)",-0.00695422,-0.00077085,0.0106698,0.0,2024-W46
adj_close.csv,ARIMA,QQQ,0.00589,0.009153,0.005943,0.004454,0.006743,0.004479,"ARIMA(1, 0, 0)",0.00367943,0.00056189,-0.00695422,0.0,2024-W47
adj_close.csv,ARIMA,QQQ,0.00589,0.009153,0.005943,0.004454,0.006743,0.004479,"ARIMA(1, 0, 0)",0.00194477,-0.00030757,0.00367943,0.0,2024-W48
adj_close.csv,ARIMA,QQQ,0.00589,0.009153,0.005943,0.004454,0.006743,0.004479,"ARIMA(1, 0, 0)",0.00646254,-0.00016049,0.00194477,0.0,2024-W49
adj_close.csv,ARIMA,QQQ,0.00589,0.009153,0.005943,0.004454,0.006743,0.004479,"ARIMA(1, 0, 0)",0.00153263,-0.00052262,0.00646254,0.0,2024-W50
adj_close.csv,ARIMA,QQQ,0.00589,0.009153,0.005943,0.004454,0.006743,0.004479,"ARIMA(1, 0, 0)",-0.00452561,-0.00012134,0.00153263,0.0,2024-W51
adj_close.csv,ARIMA,QQQ,0.00589,0.009153,0.005943,0.004454,0.006743,0.004479,"ARIMA(1, 0, 0)",0.00227562,0.0003622,-0.00452561,0.0,2024-W52
adj_close.csv,ARIMA,QQQ,0.00589,0.009153,0.005943,0.004454,0.006743,0.004479,"ARIMA(1, 0, 0)",-0.00191137,-0.00018464,0.00227562,0.0,2025-W01
adj_close.csv,ARIMA,QQQ,0.00589,0.009153,0.005943,0.004454,0.006743,0.004479,"ARIMA(1, 0, 0)",-0.00555215,0.00015604,-0.00191137,0.0,2025-W02
adj_close.csv,ARIMA,QQQ,0.00589,0.009153,0.005943,0.004454,0.006743,0.004479,"ARIMA(1, 0, 0)",0.00565671,0.00044556,-0.00555215,0.0,2025-W03
adj_close.csv,ARIMA,QQQ,0.00589,0.009153,0.005943,0.004454,0.006743,0.004479,"ARIMA(1, 0, 0)",0.00375236,-0.0004747,0.00565671,0.0,2025-W04
adj_close.csv,ARIMA,QQQ,0.00589,0.009153,0.005943,0.004454,0.006743,0.004479,"ARIMA(1, 0, 0)",-0.00279116,-0.00030356,0.00375236,0.0,2025-W05
adj_close.csv,ARIMA,QQQ,0.00589,0.009153,0.005943,0.004454,0.006743,0.004479,"ARIMA(1, 0, 0)",0.00024113,0.00022909,-0.00279116,0.0,2025-W06
adj_close.csv,ARIMA,QQQ,0.00589,0.009153,0.005943,0.004454,0.006743,0.004479,"ARIMA(1, 0, 0)",0.00574179,-1.979e-05,0.00024113,0.0,2025-W07
adj_close.csv,ARIMA,QQQ,0.00589,0.009153,0.005943,0.004454,0.006743,0.004479,"ARIMA(1, 0, 0)",-0.00567104,-0.00047028,0.00574179,0.0,2025-W08
adj_close.csv,ARIMA,QQQ,0.00589,0.009153,0.005943,0.004454,0.006743,0.004479,"ARIMA(1, 0, 0)",-0.00692746,0.00048573,-0.00567104,0.0,2025-W09
adj_close.csv,ARIMA,QQQ,0.00589,0.009153,0.005943,0.004454,0.006743,0.004479,"ARIMA(1, 0, 0)",-0.00655284,0.00055695,-0.00692746,0.0,2025-W10
adj_close.csv,ARIMA,QQQ,0.00589,0.009153,0.005943,0.004454,0.006743,0.004479,"ARIMA(1, 0, 0)",-0.00499485,0.00048675,-0.00655284,0.0,2025-W11
adj_close.csv,ARIMA,QQQ,0.00589,0.009153,0.005943,0.004454,0.006743,0.004479,"ARIMA(1, 0, 0)",0.0004914,0.00034886,-0.00499485,0.0,2025-W12
adj_close.csv,ARIMA,QQQ,0.00589,0.009153,0.005943,0.004454,0.006743,0.004479,"ARIMA(1, 0, 0)",-0.0047139,-3.436e-05,0.0004914,0.0,2025-W13
adj_close.csv,ARIMA,QQQ,0.00589,0.009153,0.005943,0.004454,0.006743,0.004479,"ARIMA(1, 0, 0)",-0.02077661,0.00033099,-0.0047139,0.0,2025-W14
adj_close.csv,ARIMA,QQQ,0.00589,0.009153,0.005943,0.004454,0.006743,0.004479,"ARIMA(1, 0, 0)",0.01447721,0.00120494,-0.02077661,0.0,2025-W15
adj_close.csv,ARIMA,QQQ,0.00589,0.009153,0.005943,0.004454,0.006743,0.004479,"ARIMA(1, 0, 0)",-0.00573202,-0.00130521,0.01447721,0.0,2025-W16
adj_close.csv,ARIMA,QQQ,0.00589,0.009153,0.005943,0.004454,0.006743,0.004479,"ARIMA(1, 0, 0)",0.01242299,0.0005586,-0.00573202,0.0,2025-W17
adj_close.csv,ARIMA,QQQ,0.00589,0.009153,0.005943,0.004454,0.006743,0.004479,"ARIMA(1, 0, 0)",0.00677001,-0.00130648,0.01242299,0.0,2025-W18
adj_close.csv,ARIMA,QQQ,0.00589,0.009153,0.005943,0.004454,0.006743,0.004479,"ARIMA(1, 0, 0)",-0.00035217,-0.00063626,0.00677001,0.0,2025-W19
adj_close.csv,ARIMA,QQQ,0.00589,0.009153,0.005943,0.004454,0.006743,0.004479,"ARIMA(1, 0, 0)",0.01329492,3.302e-05,-0.00035217,0.0,2025-W20
adj_close.csv,ARIMA,QQQ,0.00589,0.009153,0.005943,0.004454,0.006743,0.004479,"ARIMA(1, 0, 0)",-0.00476183,-0.00125353,0.01329492,0.0,2025-W21
adj_close.csv,ARIMA,QQQ,0.00589,0.009153,0.005943,0.004454,0.006743,0.004479,"ARIMA(1, 0, 0)",0.00479908,0.00047313,-0.00476183,0.0,2025-W22
adj_close.csv,ARIMA,QQQ,0.00589,0.009153,0.005943,0.004454,0.006743,0.004479,"ARIMA(1, 0, 0)",0.00412205,-0.00048756,0.00479908,0.0,2025-W23
adj_close.csv,ARIMA,QQQ,0.00589,0.009153,0.005943,0.004454,0.006743,0.004479,"ARIMA(1, 0, 0)",-0.00112024,-0.00040891,0.00412205,0.0,2025-W24
adj_close.csv,ARIMA,QQQ,0.00589,0.009153,0.005943,0.004454,0.006743,0.004479,"ARIMA(1, 0, 0)",-6.17e-05,0.00011148,-0.00112024,0.0,2025-W25
adj_close.csv,ARIMA,QQQ,0.00589,0.009153,0.005943,0.004454,0.006743,0.004479,"ARIMA(1, 0, 0)",0.0081368,6.14e-06,-6.17e-05,0.0,2025-W26
adj_close.csv,ARIMA,QQQ,0.00589,0.009153,0.005943,0.004454,0.006743,0.004479,"ARIMA(1, 0, 0)",0.00368108,-0.00081002,0.0081368,0.0,2025-W27
adj_close.csv,ARIMA,QQQ,0.00589,0.009153,0.005943,0.004454,0.006743,0.004479,"ARIMA(1, 0, 0)",-0.00072766,-0.00035203,0.00368108,0.0,2025-W28
adj_close.csv,ARIMA,QQQ,0.00589,0.009153,0.005943,0.004454,0.006743,0.004479,"ARIMA(1, 0, 0)",0.00253174,6.969e-05,-0.00072766,0.0,2025-W29
adj_close.csv,ARIMA,QQQ,0.00589,0.009153,0.005943,0.004454,0.006743,0.004479,"ARIMA(1, 0, 0)",0.00181267,-0.00024297,0.00253174,0.0,2025-W30
adj_close.csv,ARIMA,QQQ,0.00589,0.009153,0.005943,0.004454,0.006743,0.004479,"ARIMA(1, 0, 0)",-0.00445992,-0.00017295,0.00181267,0.0,2025-W31
adj_close.csv,ARIMA,QQQ,0.00589,0.009153,0.005943,0.004454,0.006743,0.004479,"ARIMA(1, 0, 0)",0.00732782,0.00042925,-0.00445992,0.0,2025-W32
adj_close.csv,ARIMA,QQQ,0.00589,0.009153,0.005943,0.004454,0.006743,0.004479,"ARIMA(1, 0, 0)",0.00096885,-0.00072934,0.00732782,0.0,2025-W33
adj_close.csv,ARIMA,QQQ,0.00589,0.009153,0.005943,0.004454,0.006743,0.004479,"ARIMA(1, 0, 0)",-0.00186896,-9.515e-05,0.00096885,0.0,2025-W34
adj_close.csv,ARIMA,QQQ,0.00589,0.009153,0.005943,0.004454,0.006743,0.004479,"ARIMA(1, 0, 0)",-0.00054973,0.00018389,-0.00186896,0.0,2025-W35
adj_close.csv,ARIMA,QQQ,0.00589,0.009153,0.005943,0.004454,0.006743,0.004479,"ARIMA(1, 0, 0)",0.00246846,5.401e-05,-0.00054973,0.0,2025-W36
adj_close.csv,ARIMA,QQQ,0.00589,0.009153,0.005943,0.004454,0.006743,0.004479,"ARIMA(1, 0, 0)",0.00364672,-0.00024286,0.00246846,0.0,2025-W37
adj_close.csv,ARIMA,QQQ,0.00589,0.009153,0.005943,0.004454,0.006743,0.004479,"ARIMA(1, 0, 0)",0.00428006,-0.00035508,0.00364672,0.0,2025-W38
adj_close.csv,ARIMA,QQQ,0.00589,0.009153,0.005943,0.004454,0.006743,0.004479,"ARIMA(1, 0, 0)",-0.00089935,-0.00040909,0.00428006,0.0,2025-W39
adj_close.csv,ARIMA,QQQ,0.00589,0.009153,0.005943,0.004454,0.006743,0.004479,"ARIMA(1, 0, 0)",0.00240507,8.616e-05,-0.00089935,0.0,2025-W40
adj_close.csv,ARIMA,QQQ,0.00589,0.009153,0.005943,0.004454,0.006743,0.004479,"ARIMA(1, 0, 0)",-0.00458819,-0.00023094,0.00240507,0.0,2025-W41
adj_close.csv,ARIMA,QQQ,0.00589,0.009153,0.005943,0.004454,0.006743,0.004479,"ARIMA(1, 0, 0)",0.00483672,0.00044564,-0.00458819,0.0,2025-W42
adj_close.csv,ARIMA,QQQ,0.00589,0.009153,0.005943,0.004454,0.006743,0.004479,"ARIMA(1, 0, 0)",0.00431455,-0.00048005,0.00483672,0.0,2025-W43
adj_close.csv,ARIMA,QQQ,0.00589,0.009153,0.005943,0.004454,0.006743,0.004479,"ARIMA(1, 0, 0)",0.00384231,-0.00041771,0.00431455,0.0,2025-W44
adj_close.csv,ARIMA,QQQ,0.00589,0.009153,0.005943,0.004454,0.006743,0.004479,"ARIMA(1, 0, 0)",-0.006242,-0.00036458,0.00384231,0.0,2025-W45
adj_close.csv,ARIMA,QQQ,0.00589,0.009153,0.005943,0.004454,0.006743,0.004479,"ARIMA(1, 0, 0)",-0.00028885,0.00060704,-0.006242,0.0,2025-W46
adj_close.csv,ARIMA,QQQ,0.00589,0.009153,0.005943,0.004454,0.006743,0.004479,"ARIMA(1, 0, 0)",-0.00626943,2.792e-05,-0.00028885,0.0,2025-W47
adj_close.csv,ARIMA,QQQ,0.00589,0.009153,0.005943,0.004454,0.006743,0.004479,"ARIMA(1, 0, 0)",0.01206697,0.00060486,-0.00626943,0.0,2025-W48
adj_close.csv,ARIMA,QQQ,0.00589,0.009153,0.005943,0.004454,0.006743,0.004479,"ARIMA(1, 0, 0)",0.00200206,-0.00125427,0.01206697,0.0,2025-W49
adj_close.csv,ARIMA,QQQ,0.00589,0.009153,0.005943,0.004454,0.006743,0.004479,"ARIMA(1, 0, 0)",-0.0038287,-0.00020005,0.00200206,0.0,2025-W50
adj_close.csv,ARIMA,QQQ,0.00589,0.009153,0.005943,0.004454,0.006743,0.004479,"ARIMA(1, 0, 0)",0.00111483,0.00038541,-0.0038287,0.0,2025-W51
adj_close.csv,ARIMA,QQQ,0.00589,0.009153,0.005943,0.004454,0.006743,0.004479,"ARIMA(1, 0, 0)",0.00307792,-0.00011254,0.00111483,0.0,2025-W52
adj_close.csv,ARIMA,QQQ,0.00589,0.009153,0.005943,0.004454,0.006743,0.004479,"ARIMA(1, 0, 0)",-0.00435336,-0.0003096,0.00307792,0.0,2026-W01
adj_close.csv,ARIMA,QQQ,0.00589,0.009153,0.005943,0.004454,0.006743,0.004479,"ARIMA(1, 0, 0)",0.00436551,0.00044342,-0.00435336,0.0,2026-W02
adj_close.csv,ARIMA,QQQ,0.00589,0.009153,0.005943,0.004454,0.006743,0.004479,"ARIMA(1, 0, 0)",-0.0017277,-0.00045225,0.00436551,0.0,2026-W03
adj_close.csv,ARIMA,QQQ,0.00589,0.009153,0.005943,0.004454,0.006743,0.004479,"ARIMA(1, 0, 0)",0.00058681,0.00017996,-0.0017277,0.0,2026-W04
adj_close.csv,ARIMA,QQQ,0.00589,0.009153,0.005943,0.004454,0.006743,0.004479,"ARIMA(1, 0, 0)",-0.00027317,-6.116e-05,0.00058681,0.0,2026-W05
adj_close.csv,ARIMA,QQQ,0.00589,0.009153,0.005943,0.004454,0.006743,0.004479,"ARIMA(1, 0, 0)",0.00684295,2.848e-05,-0.00027317,0.0,2026-W06
adj_close.csv,ARIMA,QUAL,0.004359,0.00693,0.004439,0.003281,0.005023,0.003365,"ARIMA(1, 0, 0)",-0.00166993,0.00043574,-0.0041033,0.0,2024-W30
adj_close.csv,ARIMA,QUAL,0.004359,0.00693,0.004439,0.003281,0.005023,0.003365,"ARIMA(1, 0, 0)",-0.00218476,0.00017419,-0.00166993,0.0,2024-W31
adj_close.csv,ARIMA,QUAL,0.004359,0.00693,0.004439,0.003281,0.005023,0.003365,"ARIMA(1, 0, 0)",0.00088151,0.00022601,-0.00218476,0.0,2024-W32
adj_close.csv,ARIMA,QUAL,0.004359,0.00693,0.004439,0.003281,0.005023,0.003365,"ARIMA(1, 0, 0)",0.00743183,-9.147e-05,0.00088151,0.0,2024-W33
adj_close.csv,ARIMA,QUAL,0.004359,0.00693,0.004439,0.003281,0.005023,0.003365,"ARIMA(1, 0, 0)",0.00312497,-0.0007604,0.00743183,0.0,2024-W34
adj_close.csv,ARIMA,QUAL,0.004359,0.00693,0.004439,0.003281,0.005023,0.003365,"ARIMA(1, 0, 0)",0.0004505,-0.00030032,0.00312497,0.0,2024-W35
adj_close.csv,ARIMA,QUAL,0.004359,0.00693,0.004439,0.003281,0.005023,0.003365,"ARIMA(1, 0, 0)",-0.01021839,-4.307e-05,0.0004505,0.0,2024-W36
adj_close.csv,ARIMA,QUAL,0.004359,0.00693,0.004439,0.003281,0.005023,0.003365,"ARIMA(1, 0, 0)",0.00709177,0.00098692,-0.01021839,0.0,2024-W37
adj_close.csv,ARIMA,QUAL,0.004359,0.00693,0.004439,0.003281,0.005023,0.003365,"ARIMA(1, 0, 0)",0.00177922,-0.00077787,0.00709177,0.0,2024-W38
adj_close.csv,ARIMA,QUAL,0.004359,0.00693,0.004439,0.003281,0.005023,0.003365,"ARIMA(1, 0, 0)",0.00093215,-0.00018845,0.00177922,0.0,2024-W39
adj_close.csv,ARIMA,QUAL,0.004359,0.00693,0.004439,0.003281,0.005023,0.003365,"ARIMA(1, 0, 0)",0.00058119,-9.834e-05,0.00093215,0.0,2024-W40
adj_close.csv,ARIMA,QUAL,0.004359,0.00693,0.004439,0.003281,0.005023,0.003365,"ARIMA(1, 0, 0)",0.0024623,-6.124e-05,0.00058119,0.0,2024-W41
adj_close.csv,ARIMA,QUAL,0.004359,0.00693,0.004439,0.003281,0.005023,0.003365,"ARIMA(1, 0, 0)",0.00108837,-0.0002587,0.0024623,0.0,2024-W42
adj_close.csv,ARIMA,QUAL,0.004359,0.00693,0.004439,0.003281,0.005023,0.003365,"ARIMA(1, 0, 0)",-0.00293785,-0.0001136,0.00108837,0.0,2024-W43
adj_close.csv,ARIMA,QUAL,0.004359,0.00693,0.004439,0.003281,0.005023,0.003365,"ARIMA(1, 0, 0)",-0.00299289,0.00030852,-0.00293785,0.0,2024-W44
adj_close.csv,ARIMA,QUAL,0.004359,0.00693,0.004439,0.003281,0.005023,0.003365,"ARIMA(1, 0, 0)",0.00811154,0.00030829,-0.00299289,0.0,2024-W45
adj_close.csv,ARIMA,QUAL,0.004359,0.00693,0.004439,0.003281,0.005023,0.003365,"ARIMA(1, 0, 0)",-0.00534126,-0.00087469,0.00811154,0.0,2024-W46
adj_close.csv,ARIMA,QUAL,0.004359,0.00693,0.004439,0.003281,0.005023,0.003365,"ARIMA(1, 0, 0)",0.00352192,0.00061541,-0.00534126,0.0,2024-W47
adj_close.csv,ARIMA,QUAL,0.004359,0.00693,0.004439,0.003281,0.005023,0.003365,"ARIMA(1, 0, 0)",0.00345074,-0.00041687,0.00352192,0.0,2024-W48
adj_close.csv,ARIMA,QUAL,0.004359,0.00693,0.004439,0.003281,0.005023,0.003365,"ARIMA(1, 0, 0)",0.00125896,-0.00039894,0.00345074,0.0,2024-W49
adj_close.csv,ARIMA,QUAL,0.004359,0.00693,0.004439,0.003281,0.005023,0.003365,"ARIMA(1, 0, 0)",-0.00269967,-0.0001441,0.00125896,0.0,2024-W50
adj_close.csv,ARIMA,QUAL,0.004359,0.00693,0.004439,0.003281,0.005023,0.003365,"ARIMA(1, 0, 0)",-0.00438985,0.00031075,-0.00269967,0.0,2024-W51
adj_close.csv,ARIMA,QUAL,0.004359,0.00693,0.004439,0.003281,0.005023,0.003365,"ARIMA(1, 0, 0)",0.00151414,0.00049408,-0.00438985,0.0,2024-W52
adj_close.csv,ARIMA,QUAL,0.004359,0.00693,0.004439,0.003281,0.005023,0.003365,"ARIMA(1, 0, 0)",-0.0016953,-0.00017178,0.00151414,0.0,2025-W01
adj_close.csv,ARIMA,QUAL,0.004359,0.00693,0.004439,0.003281,0.005023,0.003365,"ARIMA(1, 0, 0)",-0.00414744,0.00019311,-0.0016953,0.0,2025-W02
adj_close.csv,ARIMA,QUAL,0.004359,0.00693,0.004439,0.003281,0.005023,0.003365,"ARIMA(1, 0, 0)",0.00486245,0.00046633,-0.00414744,0.0,2025-W03
adj_close.csv,ARIMA,QUAL,0.004359,0.00693,0.004439,0.003281,0.005023,0.003365,"ARIMA(1, 0, 0)",0.00467405,-0.00056442,0.00486245,0.0,2025-W04
adj_close.csv,ARIMA,QUAL,0.004359,0.00693,0.004439,0.003281,0.005023,0.003365,"ARIMA(1, 0, 0)",-0.00080555,-0.00051889,0.00467405,0.0,2025-W05
adj_close.csv,ARIMA,QUAL,0.004359,0.00693,0.004439,0.003281,0.005023,0.003365,"ARIMA(1, 0, 0)",-0.00049142,8.964e-05,-0.00080555,0.0,2025-W06
adj_close.csv,ARIMA,QUAL,0.004359,0.00693,0.004439,0.003281,0.005023,0.003365,"ARIMA(1, 0, 0)",0.00239121,5.464e-05,-0.00049142,0.0,2025-W07
adj_close.csv,ARIMA,QUAL,0.004359,0.00693,0.004439,0.003281,0.005023,0.003365,"ARIMA(1, 0, 0)",-0.00341306,-0.00026642,0.00239121,0.0,2025-W08
adj_close.csv,ARIMA,QUAL,0.004359,0.00693,0.004439,0.003281,0.005023,0.003365,"ARIMA(1, 0, 0)",-0.00113136,0.00038534,-0.00341306,0.0,2025-W09
adj_close.csv,ARIMA,QUAL,0.004359,0.00693,0.004439,0.003281,0.005023,0.003365,"ARIMA(1, 0, 0)",-0.00529051,0.00012658,-0.00113136,0.0,2025-W10
adj_close.csv,ARIMA,QUAL,0.004359,0.00693,0.004439,0.003281,0.005023,0.003365,"ARIMA(1, 0, 0)",-0.00626108,0.00058552,-0.00529051,0.0,2025-W11
adj_close.csv,ARIMA,QUAL,0.004359,0.00693,0.004439,0.003281,0.005023,0.003365,"ARIMA(1, 0, 0)",0.00070885,0.00064849,-0.00626108,0.0,2025-W12
adj_close.csv,ARIMA,QUAL,0.004359,0.00693,0.004439,0.003281,0.005023,0.003365,"ARIMA(1, 0, 0)",-0.0023329,-7.347e-05,0.00070885,0.0,2025-W13
adj_close.csv,ARIMA,QUAL,0.004359,0.00693,0.004439,0.003281,0.005023,0.003365,"ARIMA(1, 0, 0)",-0.01738405,0.00024253,-0.0023329,0.0,2025-W14
adj_close.csv,ARIMA,QUAL,0.004359,0.00693,0.004439,0.003281,0.005023,0.003365,"ARIMA(1, 0, 0)",0.00998514,0.00166838,-0.01738405,0.0,2025-W15
adj_close.csv,ARIMA,QUAL,0.004359,0.00693,0.004439,0.003281,0.005023,0.003365,"ARIMA(1, 0, 0)",-0.00310888,-0.00122319,0.00998514,0.0,2025-W16
adj_close.csv,ARIMA,QUAL,0.004359,0.00693,0.004439,0.003281,0.005023,0.003365,"ARIMA(1, 0, 0)",0.00765678,0.00039139,-0.00310888,0.0,2025-W17
adj_close.csv,ARIMA,QUAL,0.004359,0.00693,0.004439,0.003281,0.005023,0.003365,"ARIMA(1, 0, 0)",0.00535311,-0.00099505,0.00765678,0.0,2025-W18
adj_close.csv,ARIMA,QUAL,0.004359,0.00693,0.004439,0.003281,0.005023,0.003365,"ARIMA(1, 0, 0)",-0.0015851,-0.00064936,0.00535311,0.0,2025-W19
adj_close.csv,ARIMA,QUAL,0.004359,0.00693,0.004439,0.003281,0.005023,0.003365,"ARIMA(1, 0, 0)",0.0093944,0.00019369,-0.0015851,0.0,2025-W20
adj_close.csv,ARIMA,QUAL,0.004359,0.00693,0.004439,0.003281,0.005023,0.003365,"ARIMA(1, 0, 0)",-0.00581097,-0.00117217,0.0093944,0.0,2025-W21
adj_close.csv,ARIMA,QUAL,0.004359,0.00693,0.004439,0.003281,0.005023,0.003365,"ARIMA(1, 0, 0)",0.00434396,0.00076919,-0.00581097,0.0,2025-W22
adj_close.csv,ARIMA,QUAL,0.004359,0.00693,0.004439,0.003281,0.005023,0.003365,"ARIMA(1, 0, 0)",0.00373759,-0.00059064,0.00434396,0.0,2025-W23
adj_close.csv,ARIMA,QUAL,0.004359,0.00693,0.004439,0.003281,0.005023,0.003365,"ARIMA(1, 0, 0)",-0.00236425,-0.00049606,0.00373759,0.0,2025-W24
adj_close.csv,ARIMA,QUAL,0.004359,0.00693,0.004439,0.003281,0.005023,0.003365,"ARIMA(1, 0, 0)",-0.00318504,0.00031663,-0.00236425,0.0,2025-W25
adj_close.csv,ARIMA,QUAL,0.004359,0.00693,0.004439,0.003281,0.005023,0.003365,"ARIMA(1, 0, 0)",0.006663,0.00042202,-0.00318504,0.0,2025-W26
adj_close.csv,ARIMA,QUAL,0.004359,0.00693,0.004439,0.003281,0.005023,0.003365,"ARIMA(1, 0, 0)",0.00461057,-0.0009056,0.006663,0.0,2025-W27
adj_close.csv,ARIMA,QUAL,0.004359,0.00693,0.004439,0.003281,0.005023,0.003365,"ARIMA(1, 0, 0)",-0.00120382,-0.00059775,0.00461057,0.0,2025-W28
adj_close.csv,ARIMA,QUAL,0.004359,0.00693,0.004439,0.003281,0.005023,0.003365,"ARIMA(1, 0, 0)",0.00018484,0.00015664,-0.00120382,0.0,2025-W29
adj_close.csv,ARIMA,QUAL,0.004359,0.00693,0.004439,0.003281,0.005023,0.003365,"ARIMA(1, 0, 0)",0.00308429,-2.405e-05,0.00018484,0.0,2025-W30
adj_close.csv,ARIMA,QUAL,0.004359,0.00693,0.004439,0.003281,0.005023,0.003365,"ARIMA(1, 0, 0)",-0.0049404,-0.00040105,0.00308429,0.0,2025-W31
adj_close.csv,ARIMA,QUAL,0.004359,0.00693,0.004439,0.003281,0.005023,0.003365,"ARIMA(1, 0, 0)",0.00360898,0.00065413,-0.0049404,0.0,2025-W32
adj_close.csv,ARIMA,QUAL,0.004359,0.00693,0.004439,0.003281,0.005023,0.003365,"ARIMA(1, 0, 0)",0.00263275,-0.00048675,0.00360898,0.0,2025-W33
adj_close.csv,ARIMA,QUAL,0.004359,0.00693,0.004439,0.003281,0.005023,0.003365,"ARIMA(1, 0, 0)",0.00133517,-0.00035009,0.00263275,0.0,2025-W34
adj_close.csv,ARIMA,QUAL,0.004359,0.00693,0.004439,0.003281,0.005023,0.003365,"ARIMA(1, 0, 0)",-0.00044407,-0.00017655,0.00133517,0.0,2025-W35
adj_close.csv,ARIMA,QUAL,0.004359,0.00693,0.004439,0.003281,0.005023,0.003365,"ARIMA(1, 0, 0)",0.000357,5.874e-05,-0.00044407,0.0,2025-W36
adj_close.csv,ARIMA,QUAL,0.004359,0.00693,0.004439,0.003281,0.005023,0.003365,"ARIMA(1, 0, 0)",0.00167356,-4.723e-05,0.000357,0.0,2025-W37
adj_close.csv,ARIMA,QUAL,0.004359,0.00693,0.004439,0.003281,0.005023,0.003365,"ARIMA(1, 0, 0)",0.00247223,-0.00022125,0.00167356,0.0,2025-W38
adj_close.csv,ARIMA,QUAL,0.004359,0.00693,0.004439,0.003281,0.005023,0.003365,"ARIMA(1, 0, 0)",-0.0001142,-0.00032497,0.00247223,0.0,2025-W39
adj_close.csv,ARIMA,QUAL,0.004359,0.00693,0.004439,0.003281,0.005023,0.003365,"ARIMA(1, 0, 0)",0.00397885,1.5e-05,-0.0001142,0.0,2025-W40
adj_close.csv,ARIMA,QUAL,0.004359,0.00693,0.004439,0.003281,0.005023,0.003365,"ARIMA(1, 0, 0)",-0.0056368,-0.00052296,0.00397885,0.0,2025-W41
adj_close.csv,ARIMA,QUAL,0.004359,0.00693,0.004439,0.003281,0.005023,0.003365,"ARIMA(1, 0, 0)",0.00254902,0.0007601,-0.0056368,0.0,2025-W42
adj_close.csv,ARIMA,QUAL,0.004359,0.00693,0.004439,0.003281,0.005023,0.003365,"ARIMA(1, 0, 0)",0.0034844,-0.00034801,0.00254902,0.0,2025-W43
adj_close.csv,ARIMA,QUAL,0.004359,0.00693,0.004439,0.003281,0.005023,0.003365,"ARIMA(1, 0, 0)",-0.00056975,-0.00047004,0.0034844,0.0,2025-W44
adj_close.csv,ARIMA,QUAL,0.004359,0.00693,0.004439,0.003281,0.005023,0.003365,"ARIMA(1, 0, 0)",-0.00317327,7.689e-05,-0.00056975,0.0,2025-W45
adj_close.csv,ARIMA,QUAL,0.004359,0.00693,0.004439,0.003281,0.005023,0.003365,"ARIMA(1, 0, 0)",0.00120746,0.00042728,-0.00317327,0.0,2025-W46
adj_close.csv,ARIMA,QUAL,0.004359,0.00693,0.004439,0.003281,0.005023,0.003365,"ARIMA(1, 0, 0)",-0.00248476,-0.00016308,0.00120746,0.0,2025-W47
adj_close.csv,ARIMA,QUAL,0.004359,0.00693,0.004439,0.003281,0.005023,0.003365,"ARIMA(1, 0, 0)",0.00781994,0.00033675,-0.00248476,0.0,2025-W48
adj_close.csv,ARIMA,QUAL,0.004359,0.00693,0.004439,0.003281,0.005023,0.003365,"ARIMA(1, 0, 0)",0.00168912,-0.00108389,0.00781994,0.0,2025-W49
adj_close.csv,ARIMA,QUAL,0.004359,0.00693,0.004439,0.003281,0.005023,0.003365,"ARIMA(1, 0, 0)",-0.00025044,-0.00022811,0.00168912,0.0,2025-W50
adj_close.csv,ARIMA,QUAL,0.004359,0.00693,0.004439,0.003281,0.005023,0.003365,"ARIMA(1, 0, 0)",-5.989e-05,3.382e-05,-0.00025044,0.0,2025-W51
adj_close.csv,ARIMA,QUAL,0.004359,0.00693,0.004439,0.003281,0.005023,0.003365,"ARIMA(1, 0, 0)",0.00273842,8.09e-06,-5.989e-05,0.0,2025-W52
adj_close.csv,ARIMA,QUAL,0.004359,0.00693,0.004439,0.003281,0.005023,0.003365,"ARIMA(1, 0, 0)",-0.00229875,-0.0003699,0.00273842,0.0,2026-W01
adj_close.csv,ARIMA,QUAL,0.004359,0.00693,0.004439,0.003281,0.005023,0.003365,"ARIMA(1, 0, 0)",0.00484079,0.0003125,-0.00229875,0.0,2026-W02
adj_close.csv,ARIMA,QUAL,0.004359,0.00693,0.004439,0.003281,0.005023,0.003365,"ARIMA(1, 0, 0)",-0.00074624,-0.00066632,0.00484079,0.0,2026-W03
adj_close.csv,ARIMA,QUAL,0.004359,0.00693,0.004439,0.003281,0.005023,0.003365,"ARIMA(1, 0, 0)",-0.00077589,0.00010276,-0.00074624,0.0,2026-W04
adj_close.csv,ARIMA,QUAL,0.004359,0.00693,0.004439,0.003281,0.005023,0.003365,"ARIMA(1, 0, 0)",-0.00025672,0.00010676,-0.00077589,0.0,2026-W05
adj_close.csv,ARIMA,QUAL,0.004359,0.00693,0.004439,0.003281,0.005023,0.003365,"ARIMA(1, 0, 0)",0.00645083,3.531e-05,-0.00025672,0.0,2026-W06
adj_close.csv,ARIMA,SCHD,0.003977,0.005804,0.003984,0.003053,0.004301,0.003032,"ARIMA(0, 0, 1)",0.00332565,-0.00025483,0.00365799,0.0,2024-W30
adj_close.csv,ARIMA,SCHD,0.003977,0.005804,0.003984,0.003053,0.004301,0.003032,"ARIMA(0, 0, 1)",-0.00409152,-0.00020694,0.00332565,0.0,2024-W31
adj_close.csv,ARIMA,SCHD,0.003977,0.005804,0.003984,0.003053,0.004301,0.003032,"ARIMA(0, 0, 1)",-0.00156551,0.00024199,-0.00409152,0.0,2024-W32
adj_close.csv,ARIMA,SCHD,0.003977,0.005804,0.003984,0.003053,0.004301,0.003032,"ARIMA(0, 0, 1)",0.00441638,0.0001089,-0.00156551,0.0,2024-W33
adj_close.csv,ARIMA,SCHD,0.003977,0.005804,0.003984,0.003053,0.004301,0.003032,"ARIMA(0, 0, 1)",0.00377096,-0.0002706,0.00441638,0.0,2024-W34
adj_close.csv,ARIMA,SCHD,0.003977,0.005804,0.003984,0.003053,0.004301,0.003032,"ARIMA(0, 0, 1)",0.00240407,-0.00023202,0.00377096,0.0,2024-W35
adj_close.csv,ARIMA,SCHD,0.003977,0.005804,0.003984,0.003053,0.004301,0.003032,"ARIMA(0, 0, 1)",-0.00759681,-0.00014275,0.00240407,0.0,2024-W36
adj_close.csv,ARIMA,SCHD,0.003977,0.005804,0.003984,0.003053,0.004301,0.003032,"ARIMA(0, 0, 1)",0.00328986,0.00045294,-0.00759681,0.0,2024-W37
adj_close.csv,ARIMA,SCHD,0.003977,0.005804,0.003984,0.003053,0.004301,0.003032,"ARIMA(0, 0, 1)",0.00266927,-0.00018744,0.00328986,0.0,2024-W38
adj_close.csv,ARIMA,SCHD,0.003977,0.005804,0.003984,0.003053,0.004301,0.003032,"ARIMA(0, 0, 1)",0.0012616,-0.0001848,0.00266927,0.0,2024-W39
adj_close.csv,ARIMA,SCHD,0.003977,0.005804,0.003984,0.003053,0.004301,0.003032,"ARIMA(0, 0, 1)",0.00092359,-9.184e-05,0.0012616,0.0,2024-W40
adj_close.csv,ARIMA,SCHD,0.003977,0.005804,0.003984,0.003053,0.004301,0.003032,"ARIMA(0, 0, 1)",0.00227876,-6.407e-05,0.00092359,0.0,2024-W41
adj_close.csv,ARIMA,SCHD,0.003977,0.005804,0.003984,0.003053,0.004301,0.003032,"ARIMA(0, 0, 1)",0.00188318,-0.00014603,0.00227876,0.0,2024-W42
adj_close.csv,ARIMA,SCHD,0.003977,0.005804,0.003984,0.003053,0.004301,0.003032,"ARIMA(0, 0, 1)",-0.00463505,-0.00012334,0.00188318,0.0,2024-W43
adj_close.csv,ARIMA,SCHD,0.003977,0.005804,0.003984,0.003053,0.004301,0.003032,"ARIMA(0, 0, 1)",-0.00035554,0.00028719,-0.00463505,0.0,2024-W44
adj_close.csv,ARIMA,SCHD,0.003977,0.005804,0.003984,0.003053,0.004301,0.003032,"ARIMA(0, 0, 1)",0.00685622,4.02e-05,-0.00035554,0.0,2024-W45
adj_close.csv,ARIMA,SCHD,0.003977,0.005804,0.003984,0.003053,0.004301,0.003032,"ARIMA(0, 0, 1)",-0.00311912,-0.00043807,0.00685622,0.0,2024-W46
adj_close.csv,ARIMA,SCHD,0.003977,0.005804,0.003984,0.003053,0.004301,0.003032,"ARIMA(0, 0, 1)",0.00496748,0.00018405,-0.00311912,0.0,2024-W47
adj_close.csv,ARIMA,SCHD,0.003977,0.005804,0.003984,0.003053,0.004301,0.003032,"ARIMA(0, 0, 1)",0.00152854,-0.00034927,0.00496748,0.0,2024-W48
adj_close.csv,ARIMA,SCHD,0.003977,0.005804,0.003984,0.003053,0.004301,0.003032,"ARIMA(0, 0, 1)",-0.00486742,-0.00013132,0.00152854,0.0,2024-W49
adj_close.csv,ARIMA,SCHD,0.003977,0.005804,0.003984,0.003053,0.004301,0.003032,"ARIMA(0, 0, 1)",-0.00299002,0.00034495,-0.00486742,0.0,2024-W50
adj_close.csv,ARIMA,SCHD,0.003977,0.005804,0.003984,0.003053,0.004301,0.003032,"ARIMA(0, 0, 1)",-0.00606325,0.0002272,-0.00299002,0.0,2024-W51
adj_close.csv,ARIMA,SCHD,0.003977,0.005804,0.003984,0.003053,0.004301,0.003032,"ARIMA(0, 0, 1)",0.00164351,0.00039153,-0.00606325,0.0,2024-W52
adj_close.csv,ARIMA,SCHD,0.003977,0.005804,0.003984,0.003053,0.004301,0.003032,"ARIMA(0, 0, 1)",-0.00027315,-8.01e-05,0.00164351,0.0,2025-W01
adj_close.csv,ARIMA,SCHD,0.003977,0.005804,0.003984,0.003053,0.004301,0.003032,"ARIMA(0, 0, 1)",-0.00394866,1.251e-05,-0.00027315,0.0,2025-W02
adj_close.csv,ARIMA,SCHD,0.003977,0.005804,0.003984,0.003053,0.004301,0.003032,"ARIMA(0, 0, 1)",0.00712804,0.00025505,-0.00394866,0.0,2025-W03
adj_close.csv,ARIMA,SCHD,0.003977,0.005804,0.003984,0.003053,0.004301,0.003032,"ARIMA(0, 0, 1)",0.00071352,-0.00049292,0.00712804,0.0,2025-W04
adj_close.csv,ARIMA,SCHD,0.003977,0.005804,0.003984,0.003053,0.004301,0.003032,"ARIMA(0, 0, 1)",-0.00171736,-8.308e-05,0.00071352,0.0,2025-W05
adj_close.csv,ARIMA,SCHD,0.003977,0.005804,0.003984,0.003053,0.004301,0.003032,"ARIMA(0, 0, 1)",-0.00194984,0.00011474,-0.00171736,0.0,2025-W06
adj_close.csv,ARIMA,SCHD,0.003977,0.005804,0.003984,0.003053,0.004301,0.003032,"ARIMA(0, 0, 1)",0.00166217,0.00014333,-0.00194984,0.0,2025-W07
adj_close.csv,ARIMA,SCHD,0.003977,0.005804,0.003984,0.003053,0.004301,0.003032,"ARIMA(0, 0, 1)",0.00375006,-0.0001067,0.00166217,0.0,2025-W08
adj_close.csv,ARIMA,SCHD,0.003977,0.005804,0.003984,0.003053,0.004301,0.003032,"ARIMA(0, 0, 1)",0.00232603,-0.00026516,0.00375006,0.0,2025-W09
adj_close.csv,ARIMA,SCHD,0.003977,0.005804,0.003984,0.003053,0.004301,0.003032,"ARIMA(0, 0, 1)",-0.00056141,-0.00017037,0.00232603,0.0,2025-W10
adj_close.csv,ARIMA,SCHD,0.003977,0.005804,0.003984,0.003053,0.004301,0.003032,"ARIMA(0, 0, 1)",-0.00584713,2.588e-05,-0.00056141,0.0,2025-W11
adj_close.csv,ARIMA,SCHD,0.003977,0.005804,0.003984,0.003053,0.004301,0.003032,"ARIMA(0, 0, 1)",0.00086643,0.00038751,-0.00584713,0.0,2025-W12
adj_close.csv,ARIMA,SCHD,0.003977,0.005804,0.003984,0.003053,0.004301,0.003032,"ARIMA(0, 0, 1)",0.00049579,-3.167e-05,0.00086643,0.0,2025-W13
adj_close.csv,ARIMA,SCHD,0.003977,0.005804,0.003984,0.003053,0.004301,0.003032,"ARIMA(0, 0, 1)",-0.01741545,-3.519e-05,0.00049579,0.0,2025-W14
adj_close.csv,ARIMA,SCHD,0.003977,0.005804,0.003984,0.003053,0.004301,0.003032,"ARIMA(0, 0, 1)",0.00015815,0.00118207,-0.01741545,0.0,2025-W15
adj_close.csv,ARIMA,SCHD,0.003977,0.005804,0.003984,0.003053,0.004301,0.003032,"ARIMA(0, 0, 1)",0.00118297,5.994e-05,0.00015815,0.0,2025-W16
adj_close.csv,ARIMA,SCHD,0.003977,0.005804,0.003984,0.003053,0.004301,0.003032,"ARIMA(0, 0, 1)",0.00195736,-7.15e-05,0.00118297,0.0,2025-W17
adj_close.csv,ARIMA,SCHD,0.003977,0.005804,0.003984,0.003053,0.004301,0.003032,"ARIMA(0, 0, 1)",0.00301571,-0.00012893,0.00195736,0.0,2025-W18
adj_close.csv,ARIMA,SCHD,0.003977,0.005804,0.003984,0.003053,0.004301,0.003032,"ARIMA(0, 0, 1)",-0.00254879,-0.0001944,0.00301571,0.0,2025-W19
adj_close.csv,ARIMA,SCHD,0.003977,0.005804,0.003984,0.003053,0.004301,0.003032,"ARIMA(0, 0, 1)",0.00665072,0.00014987,-0.00254879,0.0,2025-W20
adj_close.csv,ARIMA,SCHD,0.003977,0.005804,0.003984,0.003053,0.004301,0.003032,"ARIMA(0, 0, 1)",-0.00541087,-0.00043895,0.00665072,0.0,2025-W21
adj_close.csv,ARIMA,SCHD,0.003977,0.005804,0.003984,0.003053,0.004301,0.003032,"ARIMA(0, 0, 1)",0.00268921,0.00037351,-0.00541087,0.0,2025-W22
adj_close.csv,ARIMA,SCHD,0.003977,0.005804,0.003984,0.003053,0.004301,0.003032,"ARIMA(0, 0, 1)",0.00280787,-0.00018153,0.00268921,0.0,2025-W23
adj_close.csv,ARIMA,SCHD,0.003977,0.005804,0.003984,0.003053,0.004301,0.003032,"ARIMA(0, 0, 1)",0.00269464,-0.00022963,0.00280787,0.0,2025-W24
adj_close.csv,ARIMA,SCHD,0.003977,0.005804,0.003984,0.003053,0.004301,0.003032,"ARIMA(0, 0, 1)",-0.00186567,-0.00021851,0.00269464,0.0,2025-W25
adj_close.csv,ARIMA,SCHD,0.003977,0.005804,0.003984,0.003053,0.004301,0.003032,"ARIMA(0, 0, 1)",-0.00038152,0.00012509,-0.00186567,0.0,2025-W26
adj_close.csv,ARIMA,SCHD,0.003977,0.005804,0.003984,0.003053,0.004301,0.003032,"ARIMA(0, 0, 1)",0.00893284,3.845e-05,-0.00038152,0.0,2025-W27
adj_close.csv,ARIMA,SCHD,0.003977,0.005804,0.003984,0.003053,0.004301,0.003032,"ARIMA(0, 0, 1)",-0.0001463,-0.00068333,0.00893284,0.0,2025-W28
adj_close.csv,ARIMA,SCHD,0.003977,0.005804,0.003984,0.003053,0.004301,0.003032,"ARIMA(0, 0, 1)",-0.00228153,-3.987e-05,-0.0001463,0.0,2025-W29
adj_close.csv,ARIMA,SCHD,0.003977,0.005804,0.003984,0.003053,0.004301,0.003032,"ARIMA(0, 0, 1)",0.00220833,0.00017025,-0.00228153,0.0,2025-W30
adj_close.csv,ARIMA,SCHD,0.003977,0.005804,0.003984,0.003053,0.004301,0.003032,"ARIMA(0, 0, 1)",-0.00700257,-0.00015656,0.00220833,0.0,2025-W31
adj_close.csv,ARIMA,SCHD,0.003977,0.005804,0.003984,0.003053,0.004301,0.003032,"ARIMA(0, 0, 1)",0.00375528,0.00054937,-0.00700257,0.0,2025-W32
adj_close.csv,ARIMA,SCHD,0.003977,0.005804,0.003984,0.003053,0.004301,0.003032,"ARIMA(0, 0, 1)",0.0033205,-0.00027169,0.00375528,0.0,2025-W33
adj_close.csv,ARIMA,SCHD,0.003977,0.005804,0.003984,0.003053,0.004301,0.003032,"ARIMA(0, 0, 1)",0.00448645,-0.00029695,0.0033205,0.0,2025-W34
adj_close.csv,ARIMA,SCHD,0.003977,0.005804,0.003984,0.003053,0.004301,0.003032,"ARIMA(0, 0, 1)",-0.00021479,-0.00037707,0.00448645,0.0,2025-W35
adj_close.csv,ARIMA,SCHD,0.003977,0.005804,0.003984,0.003053,0.004301,0.003032,"ARIMA(0, 0, 1)",-0.00251983,-1.271e-05,-0.00021479,0.0,2025-W36
adj_close.csv,ARIMA,SCHD,0.003977,0.005804,0.003984,0.003053,0.004301,0.003032,"ARIMA(0, 0, 1)",-0.00116111,0.00019815,-0.00251983,0.0,2025-W37
adj_close.csv,ARIMA,SCHD,0.003977,0.005804,0.003984,0.003053,0.004301,0.003032,"ARIMA(0, 0, 1)",-0.00109469,0.00010627,-0.00116111,0.0,2025-W38
adj_close.csv,ARIMA,SCHD,0.003977,0.005804,0.003984,0.003053,0.004301,0.003032,"ARIMA(0, 0, 1)",0.00102678,9.349e-05,-0.00109469,0.0,2025-W39
adj_close.csv,ARIMA,SCHD,0.003977,0.005804,0.003984,0.003053,0.004301,0.003032,"ARIMA(0, 0, 1)",0.00146469,-7.293e-05,0.00102678,0.0,2025-W40
adj_close.csv,ARIMA,SCHD,0.003977,0.005804,0.003984,0.003053,0.004301,0.003032,"ARIMA(0, 0, 1)",-0.00645098,-0.00011969,0.00146469,0.0,2025-W41
adj_close.csv,ARIMA,SCHD,0.003977,0.005804,0.003984,0.003053,0.004301,0.003032,"ARIMA(0, 0, 1)",0.00187514,0.00050705,-0.00645098,0.0,2025-W42
adj_close.csv,ARIMA,SCHD,0.003977,0.005804,0.003984,0.003053,0.004301,0.003032,"ARIMA(0, 0, 1)",0.00178373,-0.00011139,0.00187514,0.0,2025-W43
adj_close.csv,ARIMA,SCHD,0.003977,0.005804,0.003984,0.003053,0.004301,0.003032,"ARIMA(0, 0, 1)",-0.00208259,-0.00015451,0.00178373,0.0,2025-W44
adj_close.csv,ARIMA,SCHD,0.003977,0.005804,0.003984,0.003053,0.004301,0.003032,"ARIMA(0, 0, 1)",-0.00022443,0.00015855,-0.00208259,0.0,2025-W45
adj_close.csv,ARIMA,SCHD,0.003977,0.005804,0.003984,0.003053,0.004301,0.003032,"ARIMA(0, 0, 1)",0.00385483,3.143e-05,-0.00022443,0.0,2025-W46
adj_close.csv,ARIMA,SCHD,0.003977,0.005804,0.003984,0.003053,0.004301,0.003032,"ARIMA(0, 0, 1)",-0.00103055,-0.00031505,0.00385483,0.0,2025-W47
adj_close.csv,ARIMA,SCHD,0.003977,0.005804,0.003984,0.003053,0.004301,0.003032,"ARIMA(0, 0, 1)",0.00447991,5.922e-05,-0.00103055,0.0,2025-W48
adj_close.csv,ARIMA,SCHD,0.003977,0.005804,0.003984,0.003053,0.004301,0.003032,"ARIMA(0, 0, 1)",0.00086799,-0.00037047,0.00447991,0.0,2025-W49
adj_close.csv,ARIMA,SCHD,0.003977,0.005804,0.003984,0.003053,0.004301,0.003032,"ARIMA(0, 0, 1)",0.00181845,-0.00010162,0.00086799,0.0,2025-W50
adj_close.csv,ARIMA,SCHD,0.003977,0.005804,0.003984,0.003053,0.004301,0.003032,"ARIMA(0, 0, 1)",-0.00159595,-0.00015722,0.00181845,0.0,2025-W51
adj_close.csv,ARIMA,SCHD,0.003977,0.005804,0.003984,0.003053,0.004301,0.003032,"ARIMA(0, 0, 1)",0.0016334,0.00011876,-0.00159595,0.0,2025-W52
adj_close.csv,ARIMA,SCHD,0.003977,0.005804,0.003984,0.003053,0.004301,0.003032,"ARIMA(0, 0, 1)",0.00081272,-0.00012586,0.0016334,0.0,2026-W01
adj_close.csv,ARIMA,SCHD,0.003977,0.005804,0.003984,0.003053,0.004301,0.003032,"ARIMA(0, 0, 1)",0.00582841,-7.765e-05,0.00081272,0.0,2026-W02
adj_close.csv,ARIMA,SCHD,0.003977,0.005804,0.003984,0.003053,0.004301,0.003032,"ARIMA(0, 0, 1)",0.00243693,-0.00048166,0.00582841,0.0,2026-W03
adj_close.csv,ARIMA,SCHD,0.003977,0.005804,0.003984,0.003053,0.004301,0.003032,"ARIMA(0, 0, 1)",0.00206755,-0.00022433,0.00243693,0.0,2026-W04
adj_close.csv,ARIMA,SCHD,0.003977,0.005804,0.003984,0.003053,0.004301,0.003032,"ARIMA(0, 0, 1)",0.0046135,-0.00017366,0.00206755,0.0,2026-W05
adj_close.csv,ARIMA,SCHD,0.003977,0.005804,0.003984,0.003053,0.004301,0.003032,"ARIMA(0, 0, 1)",0.00601808,-0.0003498,0.0046135,0.0,2026-W06
adj_close.csv,ARIMA,SLV,0.012894,0.016653,0.012555,0.008913,0.010758,0.008683,"ARIMA(2, 0, 0)",-0.00927903,0.00054606,-0.01043842,0.0,2024-W30
adj_close.csv,ARIMA,SLV,0.012894,0.016653,0.012555,0.008913,0.010758,0.008683,"ARIMA(2, 0, 0)",0.00434801,0.00145829,-0.00927903,0.0,2024-W31
adj_close.csv,ARIMA,SLV,0.012894,0.016653,0.012555,0.008913,0.010758,0.008683,"ARIMA(2, 0, 0)",-0.00815161,0.00116751,0.00434801,0.0,2024-W32
adj_close.csv,ARIMA,SLV,0.012894,0.016653,0.012555,0.008913,0.010758,0.008683,"ARIMA(2, 0, 0)",0.01112478,-0.00040481,-0.00815161,0.0,2024-W33
adj_close.csv,ARIMA,SLV,0.012894,0.016653,0.012555,0.008913,0.010758,0.008683,"ARIMA(2, 0, 0)",0.00574345,0.00070779,0.01112478,0.0,2024-W34
adj_close.csv,ARIMA,SLV,0.012894,0.016653,0.012555,0.008913,0.010758,0.008683,"ARIMA(2, 0, 0)",-0.00634974,-0.00149889,0.00574345,0.0,2024-W35
adj_close.csv,ARIMA,SLV,0.012894,0.016653,0.012555,0.008913,0.010758,0.008683,"ARIMA(2, 0, 0)",-0.00839362,-0.00059486,-0.00634974,0.0,2024-W36
adj_close.csv,ARIMA,SLV,0.012894,0.016653,0.012555,0.008913,0.010758,0.008683,"ARIMA(2, 0, 0)",0.01900495,0.00099615,-0.00839362,0.0,2024-W37
adj_close.csv,ARIMA,SLV,0.012894,0.016653,0.012555,0.008913,0.010758,0.008683,"ARIMA(2, 0, 0)",0.00276453,0.00059486,0.01900495,0.0,2024-W38
adj_close.csv,ARIMA,SLV,0.012894,0.016653,0.012555,0.008913,0.010758,0.008683,"ARIMA(2, 0, 0)",0.00314308,-0.00279651,0.00276453,0.0,2024-W39
adj_close.csv,ARIMA,SLV,0.012894,0.016653,0.012555,0.008913,0.010758,0.008683,"ARIMA(2, 0, 0)",0.00343533,-0.00045425,0.00314308,0.0,2024-W40
adj_close.csv,ARIMA,SLV,0.012894,0.016653,0.012555,0.008913,0.010758,0.008683,"ARIMA(2, 0, 0)",-0.00385157,-0.00050665,0.00343533,0.0,2024-W41
adj_close.csv,ARIMA,SLV,0.012894,0.016653,0.012555,0.008913,0.010758,0.008683,"ARIMA(2, 0, 0)",0.01238619,-0.00035912,-0.00385157,0.0,2024-W42
adj_close.csv,ARIMA,SLV,0.012894,0.016653,0.012555,0.008913,0.010758,0.008683,"ARIMA(2, 0, 0)",-6.529e-05,0.00012821,0.01238619,0.0,2024-W43
adj_close.csv,ARIMA,SLV,0.012894,0.016653,0.012555,0.008913,0.010758,0.008683,"ARIMA(2, 0, 0)",-0.00724692,-0.00161752,-6.529e-05,0.0,2024-W44
adj_close.csv,ARIMA,SLV,0.012894,0.016653,0.012555,0.008913,0.010758,0.008683,"ARIMA(2, 0, 0)",-0.00730865,0.00023061,-0.00724692,0.0,2024-W45
adj_close.csv,ARIMA,SLV,0.012894,0.016653,0.012555,0.008913,0.010758,0.008683,"ARIMA(2, 0, 0)",-0.00649477,0.0011777,-0.00730865,0.0,2024-W46
adj_close.csv,ARIMA,SLV,0.012894,0.016653,0.012555,0.008913,0.010758,0.008683,"ARIMA(2, 0, 0)",0.00642453,0.00110375,-0.00649477,0.0,2024-W47
adj_close.csv,ARIMA,SLV,0.012894,0.016653,0.012555,0.008913,0.010758,0.008683,"ARIMA(2, 0, 0)",-0.0048769,0.00071712,0.00642453,0.0,2024-W48
adj_close.csv,ARIMA,SLV,0.012894,0.016653,0.012555,0.008913,0.010758,0.008683,"ARIMA(2, 0, 0)",0.00235004,-0.00071455,-0.0048769,0.0,2024-W49
adj_close.csv,ARIMA,SLV,0.012894,0.016653,0.012555,0.008913,0.010758,0.008683,"ARIMA(2, 0, 0)",-0.00357152,0.00056943,0.00235004,0.0,2024-W50
adj_close.csv,ARIMA,SLV,0.012894,0.016653,0.012555,0.008913,0.010758,0.008683,"ARIMA(2, 0, 0)",-0.00607327,-0.00019883,-0.00357152,0.0,2024-W51
adj_close.csv,ARIMA,SLV,0.012894,0.016653,0.012555,0.008913,0.010758,0.008683,"ARIMA(2, 0, 0)",-0.00149032,0.00063153,-0.00607327,0.0,2024-W52
adj_close.csv,ARIMA,SLV,0.012894,0.016653,0.012555,0.008913,0.010758,0.008683,"ARIMA(2, 0, 0)",0.0020469,0.00082526,-0.00149032,0.0,2025-W01
adj_close.csv,ARIMA,SLV,0.012894,0.016653,0.012555,0.008913,0.010758,0.008683,"ARIMA(2, 0, 0)",0.00577055,0.000139,0.0020469,0.0,2025-W02
adj_close.csv,ARIMA,SLV,0.012894,0.016653,0.012555,0.008913,0.010758,0.008683,"ARIMA(2, 0, 0)",0.0,-0.00041617,0.00577055,0.0,2025-W03
adj_close.csv,ARIMA,SLV,0.012894,0.016653,0.012555,0.008913,0.010758,0.008683,"ARIMA(2, 0, 0)",0.00270175,-0.00075299,0.0,0.0,2025-W04
adj_close.csv,ARIMA,SLV,0.012894,0.016653,0.012555,0.008913,0.010758,0.008683,"ARIMA(2, 0, 0)",0.00425397,-6.916e-05,0.00270175,0.0,2025-W05
adj_close.csv,ARIMA,SLV,0.012894,0.016653,0.012555,0.008913,0.010758,0.008683,"ARIMA(2, 0, 0)",0.00361498,-0.00045347,0.00425397,0.0,2025-W06
adj_close.csv,ARIMA,SLV,0.012894,0.016653,0.012555,0.008913,0.010758,0.008683,"ARIMA(2, 0, 0)",0.00191979,-0.00062938,0.00361498,0.0,2025-W07
adj_close.csv,ARIMA,SLV,0.012894,0.016653,0.012555,0.008913,0.010758,0.008683,"ARIMA(2, 0, 0)",0.00237693,-0.00050357,0.00191979,0.0,2025-W08
adj_close.csv,ARIMA,SLV,0.012894,0.016653,0.012555,0.008913,0.010758,0.008683,"ARIMA(2, 0, 0)",-0.00884428,-0.00029556,0.00237693,0.0,2025-W09
adj_close.csv,ARIMA,SLV,0.012894,0.016653,0.012555,0.008913,0.010758,0.008683,"ARIMA(2, 0, 0)",0.00884428,-9.351e-05,-0.00884428,0.0,2025-W10
adj_close.csv,ARIMA,SLV,0.012894,0.016653,0.012555,0.008913,0.010758,0.008683,"ARIMA(2, 0, 0)",0.00743037,0.00085289,0.00884428,0.0,2025-W11
adj_close.csv,ARIMA,SLV,0.012894,0.016653,0.012555,0.008913,0.010758,0.008683,"ARIMA(2, 0, 0)",-0.00454489,-0.00134343,0.00743037,0.0,2025-W12
adj_close.csv,ARIMA,SLV,0.012894,0.016653,0.012555,0.008913,0.010758,0.008683,"ARIMA(2, 0, 0)",0.00642467,-0.0008615,-0.00454489,0.0,2025-W13
adj_close.csv,ARIMA,SLV,0.012894,0.016653,0.012555,0.008913,0.010758,0.008683,"ARIMA(2, 0, 0)",-0.02703835,0.00039373,0.00642467,0.0,2025-W14
adj_close.csv,ARIMA,SLV,0.012894,0.016653,0.012555,0.008913,0.010758,0.008683,"ARIMA(2, 0, 0)",0.01500615,0.00039077,-0.02703835,0.0,2025-W15
adj_close.csv,ARIMA,SLV,0.012894,0.016653,0.012555,0.008913,0.010758,0.008683,"ARIMA(2, 0, 0)",0.00306438,0.00200864,0.01500615,0.0,2025-W16
adj_close.csv,ARIMA,SLV,0.012894,0.016653,0.012555,0.008913,0.010758,0.008683,"ARIMA(2, 0, 0)",0.00335578,-0.00195024,0.00306438,0.0,2025-W17
adj_close.csv,ARIMA,SLV,0.012894,0.016653,0.012555,0.008913,0.010758,0.008683,"ARIMA(2, 0, 0)",-0.00628748,-0.00056753,0.00335578,0.0,2025-W18
adj_close.csv,ARIMA,SLV,0.012894,0.016653,0.012555,0.008913,0.010758,0.008683,"ARIMA(2, 0, 0)",0.00461662,6.643e-05,-0.00628748,0.0,2025-W19
adj_close.csv,ARIMA,SLV,0.012894,0.016653,0.012555,0.008913,0.010758,0.008683,"ARIMA(2, 0, 0)",-0.00338418,0.00036213,0.00461662,0.0,2025-W20
adj_close.csv,ARIMA,SLV,0.012894,0.016653,0.012555,0.008913,0.010758,0.008683,"ARIMA(2, 0, 0)",0.00769971,-0.00025535,-0.00338418,0.0,2025-W21
adj_close.csv,ARIMA,SLV,0.012894,0.016653,0.012555,0.008913,0.010758,0.008683,"ARIMA(2, 0, 0)",-0.00372216,-0.00021585,0.00769971,0.0,2025-W22
adj_close.csv,ARIMA,SLV,0.012894,0.016653,0.012555,0.008913,0.010758,0.008683,"ARIMA(2, 0, 0)",0.01717436,-0.00052905,-0.00372216,0.0,2025-W23
adj_close.csv,ARIMA,SLV,0.012894,0.016653,0.012555,0.008913,0.010758,0.008683,"ARIMA(2, 0, 0)",0.00170578,-0.00102581,0.01717436,0.0,2025-W24
adj_close.csv,ARIMA,SLV,0.012894,0.016653,0.012555,0.008913,0.010758,0.008683,"ARIMA(2, 0, 0)",-0.00190289,-0.0018019,0.00170578,0.0,2025-W25
adj_close.csv,ARIMA,SLV,0.012894,0.016653,0.012555,0.008913,0.010758,0.008683,"ARIMA(2, 0, 0)",-0.0006122,-1.848e-05,-0.00190289,0.0,2025-W26
adj_close.csv,ARIMA,SLV,0.012894,0.016653,0.012555,0.008913,0.010758,0.008683,"ARIMA(2, 0, 0)",0.00672957,0.00023276,-0.0006122,0.0,2025-W27
adj_close.csv,ARIMA,SLV,0.012894,0.016653,0.012555,0.008913,0.010758,0.008683,"ARIMA(2, 0, 0)",0.00887219,-0.00046337,0.00672957,0.0,2025-W28
adj_close.csv,ARIMA,SLV,0.012894,0.016653,0.012555,0.008913,0.010758,0.008683,"ARIMA(2, 0, 0)",-0.00241243,-0.00131417,0.00887219,0.0,2025-W29
adj_close.csv,ARIMA,SLV,0.012894,0.016653,0.012555,0.008913,0.010758,0.008683,"ARIMA(2, 0, 0)",0.00028872,-0.0006983,-0.00241243,0.0,2025-W30
adj_close.csv,ARIMA,SLV,0.012894,0.016653,0.012555,0.008913,0.010758,0.008683,"ARIMA(2, 0, 0)",-0.00627157,0.00021571,0.00028872,0.0,2025-W31
adj_close.csv,ARIMA,SLV,0.012894,0.016653,0.012555,0.008913,0.010758,0.008683,"ARIMA(2, 0, 0)",0.00753704,0.00043853,-0.00627157,0.0,2025-W32
adj_close.csv,ARIMA,SLV,0.012894,0.016653,0.012555,0.008913,0.010758,0.008683,"ARIMA(2, 0, 0)",-0.00219086,2.695e-05,0.00753704,0.0,2025-W33
adj_close.csv,ARIMA,SLV,0.012894,0.016653,0.012555,0.008913,0.010758,0.008683,"ARIMA(2, 0, 0)",0.00481123,-0.00055524,-0.00219086,0.0,2025-W34
adj_close.csv,ARIMA,SLV,0.012894,0.016653,0.012555,0.008913,0.010758,0.008683,"ARIMA(2, 0, 0)",0.00475347,-0.00017493,0.00481123,0.0,2025-W35
adj_close.csv,ARIMA,SLV,0.012894,0.016653,0.012555,0.008913,0.010758,0.008683,"ARIMA(2, 0, 0)",0.00694868,-0.00082314,0.00475347,0.0,2025-W36
adj_close.csv,ARIMA,SLV,0.012894,0.016653,0.012555,0.008913,0.010758,0.008683,"ARIMA(2, 0, 0)",0.00598324,-0.00095706,0.00694868,0.0,2025-W37
adj_close.csv,ARIMA,SLV,0.012894,0.016653,0.012555,0.008913,0.010758,0.008683,"ARIMA(2, 0, 0)",0.00361861,-0.00104975,0.00598324,0.0,2025-W38
adj_close.csv,ARIMA,SLV,0.012894,0.016653,0.012555,0.008913,0.010758,0.008683,"ARIMA(2, 0, 0)",0.01394879,-0.00077363,0.00361861,0.0,2025-W39
adj_close.csv,ARIMA,SLV,0.012894,0.016653,0.012555,0.008913,0.010758,0.008683,"ARIMA(2, 0, 0)",0.00777798,-0.00120969,0.01394879,0.0,2025-W40
adj_close.csv,ARIMA,SLV,0.012894,0.016653,0.012555,0.008913,0.010758,0.008683,"ARIMA(2, 0, 0)",0.00859041,-0.00154338,0.00777798,0.0,2025-W41
adj_close.csv,ARIMA,SLV,0.012894,0.016653,0.012555,0.008913,0.010758,0.008683,"ARIMA(2, 0, 0)",0.00675243,-0.00098334,0.00859041,0.0,2025-W42
adj_close.csv,ARIMA,SLV,0.012894,0.016653,0.012555,0.008913,0.010758,0.008683,"ARIMA(2, 0, 0)",-0.0131945,-0.00087967,0.00675243,0.0,2025-W43
adj_close.csv,ARIMA,SLV,0.012894,0.016653,0.012555,0.008913,0.010758,0.008683,"ARIMA(2, 0, 0)",9.089e-05,0.00020876,-0.0131945,0.0,2025-W44
adj_close.csv,ARIMA,SLV,0.012894,0.016653,0.012555,0.008913,0.010758,0.008683,"ARIMA(2, 0, 0)",-0.00040942,0.00094972,9.089e-05,0.0,2025-W45
adj_close.csv,ARIMA,SLV,0.012894,0.016653,0.012555,0.008913,0.010758,0.008683,"ARIMA(2, 0, 0)",0.00908034,1.51e-05,-0.00040942,0.0,2025-W46
adj_close.csv,ARIMA,SLV,0.012894,0.016653,0.012555,0.008913,0.010758,0.008683,"ARIMA(2, 0, 0)",-0.00289288,-0.00045137,0.00908034,0.0,2025-W47
adj_close.csv,ARIMA,SLV,0.012894,0.016653,0.012555,0.008913,0.010758,0.008683,"ARIMA(2, 0, 0)",0.03065695,-0.00048906,-0.00289288,0.0,2025-W48
adj_close.csv,ARIMA,SLV,0.012894,0.016653,0.012555,0.008913,0.010758,0.008683,"ARIMA(2, 0, 0)",0.00668266,-0.00166257,0.03065695,0.0,2025-W49
adj_close.csv,ARIMA,SLV,0.012894,0.016653,0.012555,0.008913,0.010758,0.008683,"ARIMA(2, 0, 0)",0.01155754,-0.00196272,0.00668266,0.0,2025-W50
adj_close.csv,ARIMA,SLV,0.012894,0.016653,0.012555,0.008913,0.010758,0.008683,"ARIMA(2, 0, 0)",0.01651798,-0.00063348,0.01155754,0.0,2025-W51
adj_close.csv,ARIMA,SLV,0.012894,0.016653,0.012555,0.008913,0.010758,0.008683,"ARIMA(2, 0, 0)",0.03866074,-0.000684,0.01651798,0.0,2025-W52
adj_close.csv,ARIMA,SLV,0.012894,0.016653,0.012555,0.008913,0.010758,0.008683,"ARIMA(2, 0, 0)",-0.01962724,0.00058315,0.03866074,0.0,2026-W01
adj_close.csv,ARIMA,SLV,0.012894,0.016653,0.012555,0.008913,0.010758,0.008683,"ARIMA(2, 0, 0)",0.01921406,3.064e-05,-0.01962724,0.0,2026-W02
adj_close.csv,ARIMA,SLV,0.012894,0.016653,0.012555,0.008913,0.010758,0.008683,"ARIMA(2, 0, 0)",0.0225532,-0.00140797,0.01921406,0.0,2026-W03
adj_close.csv,ARIMA,SLV,0.012894,0.016653,0.012555,0.008913,0.010758,0.008683,"ARIMA(2, 0, 0)",0.03423383,-0.00053008,0.0225532,0.0,2026-W04
adj_close.csv,ARIMA,SLV,0.012894,0.016653,0.012555,0.008913,0.010758,0.008683,"ARIMA(2, 0, 0)",-0.04165873,0.00134892,0.03423383,0.0,2026-W05
adj_close.csv,ARIMA,SLV,0.012894,0.016653,0.012555,0.008913,0.010758,0.008683,"ARIMA(2, 0, 0)",-0.040579,0.00188987,-0.04165873,0.0,2026-W06
adj_close.csv,ARIMA,SPY,0.004602,0.007244,0.004662,0.003401,0.005231,0.003444,"ARIMA(1, 0, 0)",-0.00166451,0.00032424,-0.0039677,0.0,2024-W30
adj_close.csv,ARIMA,SPY,0.004602,0.007244,0.004662,0.003401,0.005231,0.003444,"ARIMA(1, 0, 0)",-0.00428478,0.00013282,-0.00166451,0.0,2024-W31
adj_close.csv,ARIMA,SPY,0.004602,0.007244,0.004662,0.003401,0.005231,0.003444,"ARIMA(1, 0, 0)",3.377e-05,0.00033422,-0.00428478,0.0,2024-W32
adj_close.csv,ARIMA,SPY,0.004602,0.007244,0.004662,0.003401,0.005231,0.003444,"ARIMA(1, 0, 0)",0.0078443,-2.62e-06,3.377e-05,0.0,2024-W33
adj_close.csv,ARIMA,SPY,0.004602,0.007244,0.004662,0.003401,0.005231,0.003444,"ARIMA(1, 0, 0)",0.00280181,-0.00060891,0.0078443,0.0,2024-W34
adj_close.csv,ARIMA,SPY,0.004602,0.007244,0.004662,0.003401,0.005231,0.003444,"ARIMA(1, 0, 0)",0.00055068,-0.00019956,0.00280181,0.0,2024-W35
adj_close.csv,ARIMA,SPY,0.004602,0.007244,0.004662,0.003401,0.005231,0.003444,"ARIMA(1, 0, 0)",-0.01056274,-3.895e-05,0.00055068,0.0,2024-W36
adj_close.csv,ARIMA,SPY,0.004602,0.007244,0.004662,0.003401,0.005231,0.003444,"ARIMA(1, 0, 0)",0.00785681,0.00076165,-0.01056274,0.0,2024-W37
adj_close.csv,ARIMA,SPY,0.004602,0.007244,0.004662,0.003401,0.005231,0.003444,"ARIMA(1, 0, 0)",0.00282089,-0.00070343,0.00785681,0.0,2024-W38
adj_close.csv,ARIMA,SPY,0.004602,0.007244,0.004662,0.003401,0.005231,0.003444,"ARIMA(1, 0, 0)",0.0011301,-0.00023466,0.00282089,0.0,2024-W39
adj_close.csv,ARIMA,SPY,0.004602,0.007244,0.004662,0.003401,0.005231,0.003444,"ARIMA(1, 0, 0)",0.00052775,-9.301e-05,0.0011301,0.0,2024-W40
adj_close.csv,ARIMA,SPY,0.004602,0.007244,0.004662,0.003401,0.005231,0.003444,"ARIMA(1, 0, 0)",0.00229058,-4.335e-05,0.00052775,0.0,2024-W41
adj_close.csv,ARIMA,SPY,0.004602,0.007244,0.004662,0.003401,0.005231,0.003444,"ARIMA(1, 0, 0)",0.00172141,-0.00018751,0.00229058,0.0,2024-W42
adj_close.csv,ARIMA,SPY,0.004602,0.007244,0.004662,0.003401,0.005231,0.003444,"ARIMA(1, 0, 0)",-0.00190787,-0.0001392,0.00172141,0.0,2024-W43
adj_close.csv,ARIMA,SPY,0.004602,0.007244,0.004662,0.003401,0.005231,0.003444,"ARIMA(1, 0, 0)",-0.00278246,0.0001556,-0.00190787,0.0,2024-W44
adj_close.csv,ARIMA,SPY,0.004602,0.007244,0.004662,0.003401,0.005231,0.003444,"ARIMA(1, 0, 0)",0.00928988,0.00022337,-0.00278246,0.0,2024-W45
adj_close.csv,ARIMA,SPY,0.004602,0.007244,0.004662,0.003401,0.005231,0.003444,"ARIMA(1, 0, 0)",-0.0042031,-0.00079915,0.00928988,0.0,2024-W46
adj_close.csv,ARIMA,SPY,0.004602,0.007244,0.004662,0.003401,0.005231,0.003444,"ARIMA(1, 0, 0)",0.00330505,0.00039124,-0.0042031,0.0,2024-W47
adj_close.csv,ARIMA,SPY,0.004602,0.007244,0.004662,0.003401,0.005231,0.003444,"ARIMA(1, 0, 0)",0.00293809,-0.00031665,0.00330505,0.0,2024-W48
adj_close.csv,ARIMA,SPY,0.004602,0.007244,0.004662,0.003401,0.005231,0.003444,"ARIMA(1, 0, 0)",0.00173836,-0.00027448,0.00293809,0.0,2024-W49
adj_close.csv,ARIMA,SPY,0.004602,0.007244,0.004662,0.003401,0.005231,0.003444,"ARIMA(1, 0, 0)",-0.00118812,-0.00016012,0.00173836,0.0,2024-W50
adj_close.csv,ARIMA,SPY,0.004602,0.007244,0.004662,0.003401,0.005231,0.003444,"ARIMA(1, 0, 0)",-0.00369839,0.00010991,-0.00118812,0.0,2024-W51
adj_close.csv,ARIMA,SPY,0.004602,0.007244,0.004662,0.003401,0.005231,0.003444,"ARIMA(1, 0, 0)",0.0016271,0.00033843,-0.00369839,0.0,2024-W52
adj_close.csv,ARIMA,SPY,0.004602,0.007244,0.004662,0.003401,0.005231,0.003444,"ARIMA(1, 0, 0)",-0.00128901,-0.0001506,0.0016271,0.0,2025-W01
adj_close.csv,ARIMA,SPY,0.004602,0.007244,0.004662,0.003401,0.005231,0.003444,"ARIMA(1, 0, 0)",-0.00488744,0.00011983,-0.00128901,0.0,2025-W02
adj_close.csv,ARIMA,SPY,0.004602,0.007244,0.004662,0.003401,0.005231,0.003444,"ARIMA(1, 0, 0)",0.00580315,0.00044742,-0.00488744,0.0,2025-W03
adj_close.csv,ARIMA,SPY,0.004602,0.007244,0.004662,0.003401,0.005231,0.003444,"ARIMA(1, 0, 0)",0.00430932,-0.00056454,0.00580315,0.0,2025-W04
adj_close.csv,ARIMA,SPY,0.004602,0.007244,0.004662,0.003401,0.005231,0.003444,"ARIMA(1, 0, 0)",-0.00203341,-0.0003927,0.00430932,0.0,2025-W05
adj_close.csv,ARIMA,SPY,0.004602,0.007244,0.004662,0.003401,0.005231,0.003444,"ARIMA(1, 0, 0)",-0.00034924,0.00018841,-0.00203341,0.0,2025-W06
adj_close.csv,ARIMA,SPY,0.004602,0.007244,0.004662,0.003401,0.005231,0.003444,"ARIMA(1, 0, 0)",0.00295097,3.228e-05,-0.00034924,0.0,2025-W07
adj_close.csv,ARIMA,SPY,0.004602,0.007244,0.004662,0.003401,0.005231,0.003444,"ARIMA(1, 0, 0)",-0.00403438,-0.00027339,0.00295097,0.0,2025-W08
adj_close.csv,ARIMA,SPY,0.004602,0.007244,0.004662,0.003401,0.005231,0.003444,"ARIMA(1, 0, 0)",-0.00192944,0.00038344,-0.00403438,0.0,2025-W09
adj_close.csv,ARIMA,SPY,0.004602,0.007244,0.004662,0.003401,0.005231,0.003444,"ARIMA(1, 0, 0)",-0.00624276,0.0001795,-0.00192944,0.0,2025-W10
adj_close.csv,ARIMA,SPY,0.004602,0.007244,0.004662,0.003401,0.005231,0.003444,"ARIMA(1, 0, 0)",-0.00460531,0.00056413,-0.00624276,0.0,2025-W11
adj_close.csv,ARIMA,SPY,0.004602,0.007244,0.004662,0.003401,0.005231,0.003444,"ARIMA(1, 0, 0)",0.00101606,0.00038445,-0.00460531,0.0,2025-W12
adj_close.csv,ARIMA,SPY,0.004602,0.007244,0.004662,0.003401,0.005231,0.003444,"ARIMA(1, 0, 0)",-0.00297242,-8.545e-05,0.00101606,0.0,2025-W13
adj_close.csv,ARIMA,SPY,0.004602,0.007244,0.004662,0.003401,0.005231,0.003444,"ARIMA(1, 0, 0)",-0.01900877,0.00025182,-0.00297242,0.0,2025-W14
adj_close.csv,ARIMA,SPY,0.004602,0.007244,0.004662,0.003401,0.005231,0.003444,"ARIMA(1, 0, 0)",0.01103413,0.00137972,-0.01900877,0.0,2025-W15
adj_close.csv,ARIMA,SPY,0.004602,0.007244,0.004662,0.003401,0.005231,0.003444,"ARIMA(1, 0, 0)",-0.00355076,-0.00119963,0.01103413,0.0,2025-W16
adj_close.csv,ARIMA,SPY,0.004602,0.007244,0.004662,0.003401,0.005231,0.003444,"ARIMA(1, 0, 0)",0.00900017,0.00040375,-0.00355076,0.0,2025-W17
adj_close.csv,ARIMA,SPY,0.004602,0.007244,0.004662,0.003401,0.005231,0.003444,"ARIMA(1, 0, 0)",0.00577094,-0.0010761,0.00900017,0.0,2025-W18
adj_close.csv,ARIMA,SPY,0.004602,0.007244,0.004662,0.003401,0.005231,0.003444,"ARIMA(1, 0, 0)",-0.00085578,-0.00062282,0.00577094,0.0,2025-W19
adj_close.csv,ARIMA,SPY,0.004602,0.007244,0.004662,0.003401,0.005231,0.003444,"ARIMA(1, 0, 0)",0.0103118,9.258e-05,-0.00085578,0.0,2025-W20
adj_close.csv,ARIMA,SPY,0.004602,0.007244,0.004662,0.003401,0.005231,0.003444,"ARIMA(1, 0, 0)",-0.00514472,-0.00113242,0.0103118,0.0,2025-W21
adj_close.csv,ARIMA,SPY,0.004602,0.007244,0.004662,0.003401,0.005231,0.003444,"ARIMA(1, 0, 0)",0.00439893,0.00060415,-0.00514472,0.0,2025-W22
adj_close.csv,ARIMA,SPY,0.004602,0.007244,0.004662,0.003401,0.005231,0.003444,"ARIMA(1, 0, 0)",0.00328144,-0.0005323,0.00439893,0.0,2025-W23
adj_close.csv,ARIMA,SPY,0.004602,0.007244,0.004662,0.003401,0.005231,0.003444,"ARIMA(1, 0, 0)",-0.00071563,-0.00038703,0.00328144,0.0,2025-W24
adj_close.csv,ARIMA,SPY,0.004602,0.007244,0.004662,0.003401,0.005231,0.003444,"ARIMA(1, 0, 0)",-0.00040363,8.455e-05,-0.00071563,0.0,2025-W25
adj_close.csv,ARIMA,SPY,0.004602,0.007244,0.004662,0.003401,0.005231,0.003444,"ARIMA(1, 0, 0)",0.00682504,4.766e-05,-0.00040363,0.0,2025-W26
adj_close.csv,ARIMA,SPY,0.004602,0.007244,0.004662,0.003401,0.005231,0.003444,"ARIMA(1, 0, 0)",0.00420493,-0.00080929,0.00682504,0.0,2025-W27
adj_close.csv,ARIMA,SPY,0.004602,0.007244,0.004662,0.003401,0.005231,0.003444,"ARIMA(1, 0, 0)",-0.00055086,-0.00047262,0.00420493,0.0,2025-W28
adj_close.csv,ARIMA,SPY,0.004602,0.007244,0.004662,0.003401,0.005231,0.003444,"ARIMA(1, 0, 0)",0.00126598,6.195e-05,-0.00055086,0.0,2025-W29
adj_close.csv,ARIMA,SPY,0.004602,0.007244,0.004662,0.003401,0.005231,0.003444,"ARIMA(1, 0, 0)",0.00301109,-0.00014252,0.00126598,0.0,2025-W30
adj_close.csv,ARIMA,SPY,0.004602,0.007244,0.004662,0.003401,0.005231,0.003444,"ARIMA(1, 0, 0)",-0.00488738,-0.00033681,0.00301109,0.0,2025-W31
adj_close.csv,ARIMA,SPY,0.004602,0.007244,0.004662,0.003401,0.005231,0.003444,"ARIMA(1, 0, 0)",0.00491249,0.00055872,-0.00488738,0.0,2025-W32
adj_close.csv,ARIMA,SPY,0.004602,0.007244,0.004662,0.003401,0.005231,0.003444,"ARIMA(1, 0, 0)",0.00195532,-0.00058028,0.00491249,0.0,2025-W33
adj_close.csv,ARIMA,SPY,0.004602,0.007244,0.004662,0.003401,0.005231,0.003444,"ARIMA(1, 0, 0)",0.00058042,-0.00022663,0.00195532,0.0,2025-W34
adj_close.csv,ARIMA,SPY,0.004602,0.007244,0.004662,0.003401,0.005231,0.003444,"ARIMA(1, 0, 0)",-8.061e-05,-6.711e-05,0.00058042,0.0,2025-W35
adj_close.csv,ARIMA,SPY,0.004602,0.007244,0.004662,0.003401,0.005231,0.003444,"ARIMA(1, 0, 0)",0.00084733,9.32e-06,-8.061e-05,0.0,2025-W36
adj_close.csv,ARIMA,SPY,0.004602,0.007244,0.004662,0.003401,0.005231,0.003444,"ARIMA(1, 0, 0)",0.00311812,-9.798e-05,0.00084733,0.0,2025-W37
adj_close.csv,ARIMA,SPY,0.004602,0.007244,0.004662,0.003401,0.005231,0.003444,"ARIMA(1, 0, 0)",0.00245822,-0.00035906,0.00311812,0.0,2025-W38
adj_close.csv,ARIMA,SPY,0.004602,0.007244,0.004662,0.003401,0.005231,0.003444,"ARIMA(1, 0, 0)",-0.00056732,-0.00027924,0.00245822,0.0,2025-W39
adj_close.csv,ARIMA,SPY,0.004602,0.007244,0.004662,0.003401,0.005231,0.003444,"ARIMA(1, 0, 0)",0.00222086,6.452e-05,-0.00056732,0.0,2025-W40
adj_close.csv,ARIMA,SPY,0.004602,0.007244,0.004662,0.003401,0.005231,0.003444,"ARIMA(1, 0, 0)",-0.00489804,-0.00025304,0.00222086,0.0,2025-W41
adj_close.csv,ARIMA,SPY,0.004602,0.007244,0.004662,0.003401,0.005231,0.003444,"ARIMA(1, 0, 0)",0.00345233,0.00056702,-0.00489804,0.0,2025-W42
adj_close.csv,ARIMA,SPY,0.004602,0.007244,0.004662,0.003401,0.005231,0.003444,"ARIMA(1, 0, 0)",0.00383422,-0.00040827,0.00345233,0.0,2025-W43
adj_close.csv,ARIMA,SPY,0.004602,0.007244,0.004662,0.003401,0.005231,0.003444,"ARIMA(1, 0, 0)",0.00141543,-0.00044354,0.00383422,0.0,2025-W44
adj_close.csv,ARIMA,SPY,0.004602,0.007244,0.004662,0.003401,0.005231,0.003444,"ARIMA(1, 0, 0)",-0.00327865,-0.00016196,0.00141543,0.0,2025-W45
adj_close.csv,ARIMA,SPY,0.004602,0.007244,0.004662,0.003401,0.005231,0.003444,"ARIMA(1, 0, 0)",0.00028596,0.00037771,-0.00327865,0.0,2025-W46
adj_close.csv,ARIMA,SPY,0.004602,0.007244,0.004662,0.003401,0.005231,0.003444,"ARIMA(1, 0, 0)",-0.00387702,-3.293e-05,0.00028596,0.0,2025-W47
adj_close.csv,ARIMA,SPY,0.004602,0.007244,0.004662,0.003401,0.005231,0.003444,"ARIMA(1, 0, 0)",0.00907415,0.00044718,-0.00387702,0.0,2025-W48
adj_close.csv,ARIMA,SPY,0.004602,0.007244,0.004662,0.003401,0.005231,0.003444,"ARIMA(1, 0, 0)",0.00067198,-0.0010997,0.00907415,0.0,2025-W49
adj_close.csv,ARIMA,SPY,0.004602,0.007244,0.004662,0.003401,0.005231,0.003444,"ARIMA(1, 0, 0)",-0.00114958,-7.958e-05,0.00067198,0.0,2025-W50
adj_close.csv,ARIMA,SPY,0.004602,0.007244,0.004662,0.003401,0.005231,0.003444,"ARIMA(1, 0, 0)",0.00024659,0.00013627,-0.00114958,0.0,2025-W51
adj_close.csv,ARIMA,SPY,0.004602,0.007244,0.004662,0.003401,0.005231,0.003444,"ARIMA(1, 0, 0)",0.00354517,-2.924e-05,0.00024659,0.0,2025-W52
adj_close.csv,ARIMA,SPY,0.004602,0.007244,0.004662,0.003401,0.005231,0.003444,"ARIMA(1, 0, 0)",-0.00259927,-0.00041979,0.00354517,0.0,2026-W01
adj_close.csv,ARIMA,SPY,0.004602,0.007244,0.004662,0.003401,0.005231,0.003444,"ARIMA(1, 0, 0)",0.00316583,0.00031124,-0.00259927,0.0,2026-W02
adj_close.csv,ARIMA,SPY,0.004602,0.007244,0.004662,0.003401,0.005231,0.003444,"ARIMA(1, 0, 0)",-0.00069567,-0.00038311,0.00316583,0.0,2026-W03
adj_close.csv,ARIMA,SPY,0.004602,0.007244,0.004662,0.003401,0.005231,0.003444,"ARIMA(1, 0, 0)",-0.00087987,8.431e-05,-0.00069567,0.0,2026-W04
adj_close.csv,ARIMA,SPY,0.004602,0.007244,0.004662,0.003401,0.005231,0.003444,"ARIMA(1, 0, 0)",0.00079351,0.00010653,-0.00087987,0.0,2026-W05
adj_close.csv,ARIMA,SPY,0.004602,0.007244,0.004662,0.003401,0.005231,0.003444,"ARIMA(1, 0, 0)",0.004959,-9.615e-05,0.00079351,0.0,2026-W06
adj_close.csv,ARIMA,TIP,0.001257,0.001849,0.001254,0.000945,0.001343,0.000943,"ARIMA(1, 0, 0)",0.00016769,-4.91e-06,-0.0003724,0.0,2024-W30
adj_close.csv,ARIMA,TIP,0.001257,0.001849,0.001254,0.000945,0.001343,0.000943,"ARIMA(1, 0, 0)",0.0026712,2.19e-06,0.00016769,0.0,2024-W31
adj_close.csv,ARIMA,TIP,0.001257,0.001849,0.001254,0.000945,0.001343,0.000943,"ARIMA(1, 0, 0)",-0.00086688,3.705e-05,0.0026712,0.0,2024-W32
adj_close.csv,ARIMA,TIP,0.001257,0.001849,0.001254,0.000945,0.001343,0.000943,"ARIMA(1, 0, 0)",0.00035088,-8.31e-06,-0.00086688,0.0,2024-W33
adj_close.csv,ARIMA,TIP,0.001257,0.001849,0.001254,0.000945,0.001343,0.000943,"ARIMA(1, 0, 0)",0.00180018,3.17e-06,0.00035088,0.0,2024-W34
adj_close.csv,ARIMA,TIP,0.001257,0.001849,0.001254,0.000945,0.001343,0.000943,"ARIMA(1, 0, 0)",-0.00091641,1.828e-05,0.00180018,0.0,2024-W35
adj_close.csv,ARIMA,TIP,0.001257,0.001849,0.001254,0.000945,0.001343,0.000943,"ARIMA(1, 0, 0)",0.00148852,-6.59e-06,-0.00091641,0.0,2024-W36
adj_close.csv,ARIMA,TIP,0.001257,0.001849,0.001254,0.000945,0.001343,0.000943,"ARIMA(1, 0, 0)",0.00172783,7.11e-06,0.00148852,0.0,2024-W37
adj_close.csv,ARIMA,TIP,0.001257,0.001849,0.001254,0.000945,0.001343,0.000943,"ARIMA(1, 0, 0)",0.0001991,1.601e-05,0.00172783,0.0,2024-W38
adj_close.csv,ARIMA,TIP,0.001257,0.001849,0.001254,0.000945,0.001343,0.000943,"ARIMA(1, 0, 0)",-1.808e-05,1.95e-06,0.0001991,0.0,2024-W39
adj_close.csv,ARIMA,TIP,0.001257,0.001849,0.001254,0.000945,0.001343,0.000943,"ARIMA(1, 0, 0)",-0.00187055,-1.8e-07,-1.808e-05,0.0,2024-W40
adj_close.csv,ARIMA,TIP,0.001257,0.001849,0.001254,0.000945,0.001343,0.000943,"ARIMA(1, 0, 0)",0.00016446,-1.846e-05,-0.00187055,0.0,2024-W41
adj_close.csv,ARIMA,TIP,0.001257,0.001849,0.001254,0.000945,0.001343,0.000943,"ARIMA(1, 0, 0)",-0.00021937,1.53e-06,0.00016446,0.0,2024-W42
adj_close.csv,ARIMA,TIP,0.001257,0.001849,0.001254,0.000945,0.001343,0.000943,"ARIMA(1, 0, 0)",-0.00200342,-2.02e-06,-0.00021937,0.0,2024-W43
adj_close.csv,ARIMA,TIP,0.001257,0.001849,0.001254,0.000945,0.001343,0.000943,"ARIMA(1, 0, 0)",-0.00077991,-1.998e-05,-0.00200342,0.0,2024-W44
adj_close.csv,ARIMA,TIP,0.001257,0.001849,0.001254,0.000945,0.001343,0.000943,"ARIMA(1, 0, 0)",0.00149774,-9.82e-06,-0.00077991,0.0,2024-W45
adj_close.csv,ARIMA,TIP,0.001257,0.001849,0.001254,0.000945,0.001343,0.000943,"ARIMA(1, 0, 0)",-0.0020739,1.583e-05,0.00149774,0.0,2024-W46
adj_close.csv,ARIMA,TIP,0.001257,0.001849,0.001254,0.000945,0.001343,0.000943,"ARIMA(1, 0, 0)",0.00059475,-1.081e-05,-0.0020739,0.0,2024-W47
adj_close.csv,ARIMA,TIP,0.001257,0.001849,0.001254,0.000945,0.001343,0.000943,"ARIMA(1, 0, 0)",0.00228609,1.83e-06,0.00059475,0.0,2024-W48
adj_close.csv,ARIMA,TIP,0.001257,0.001849,0.001254,0.000945,0.001343,0.000943,"ARIMA(1, 0, 0)",0.00047835,1.232e-05,0.00228609,0.0,2024-W49
adj_close.csv,ARIMA,TIP,0.001257,0.001849,0.001254,0.000945,0.001343,0.000943,"ARIMA(1, 0, 0)",-0.00193897,3.44e-06,0.00047835,0.0,2024-W50
adj_close.csv,ARIMA,TIP,0.001257,0.001849,0.001254,0.000945,0.001343,0.000943,"ARIMA(1, 0, 0)",-0.00201669,-1.089e-05,-0.00193897,0.0,2024-W51
adj_close.csv,ARIMA,TIP,0.001257,0.001849,0.001254,0.000945,0.001343,0.000943,"ARIMA(1, 0, 0)",-0.0003992,-2.444e-05,-0.00201669,0.0,2024-W52
adj_close.csv,ARIMA,TIP,0.001257,0.001849,0.001254,0.000945,0.001343,0.000943,"ARIMA(1, 0, 0)",0.00028185,-5.34e-06,-0.0003992,0.0,2025-W01
adj_close.csv,ARIMA,TIP,0.001257,0.001849,0.001254,0.000945,0.001343,0.000943,"ARIMA(1, 0, 0)",-0.00063468,3.72e-06,0.00028185,0.0,2025-W02
adj_close.csv,ARIMA,TIP,0.001257,0.001849,0.001254,0.000945,0.001343,0.000943,"ARIMA(1, 0, 0)",0.00179945,-8.18e-06,-0.00063468,0.0,2025-W03
adj_close.csv,ARIMA,TIP,0.001257,0.001849,0.001254,0.000945,0.001343,0.000943,"ARIMA(1, 0, 0)",0.00058246,1.976e-05,0.00179945,0.0,2025-W04
adj_close.csv,ARIMA,TIP,0.001257,0.001849,0.001254,0.000945,0.001343,0.000943,"ARIMA(1, 0, 0)",0.00107686,7.37e-06,0.00058246,0.0,2025-W05
adj_close.csv,ARIMA,TIP,0.001257,0.001849,0.001254,0.000945,0.001343,0.000943,"ARIMA(1, 0, 0)",0.00079466,1.473e-05,0.00107686,0.0,2025-W06
adj_close.csv,ARIMA,TIP,0.001257,0.001849,0.001254,0.000945,0.001343,0.000943,"ARIMA(1, 0, 0)",0.00031325,1.197e-05,0.00079466,0.0,2025-W07
adj_close.csv,ARIMA,TIP,0.001257,0.001849,0.001254,0.000945,0.001343,0.000943,"ARIMA(1, 0, 0)",0.00071257,4.84e-06,0.00031325,0.0,2025-W08
adj_close.csv,ARIMA,TIP,0.001257,0.001849,0.001254,0.000945,0.001343,0.000943,"ARIMA(1, 0, 0)",0.00259054,1.127e-05,0.00071257,0.0,2025-W09
adj_close.csv,ARIMA,TIP,0.001257,0.001849,0.001254,0.000945,0.001343,0.000943,"ARIMA(1, 0, 0)",-0.00160145,4.881e-05,0.00259054,0.0,2025-W10
adj_close.csv,ARIMA,TIP,0.001257,0.001849,0.001254,0.000945,0.001343,0.000943,"ARIMA(1, 0, 0)",-7.308e-05,-1.905e-05,-0.00160145,0.0,2025-W11
adj_close.csv,ARIMA,TIP,0.001257,0.001849,0.001254,0.000945,0.001343,0.000943,"ARIMA(1, 0, 0)",0.00123905,-8.8e-07,-7.308e-05,0.0,2025-W12
adj_close.csv,ARIMA,TIP,0.001257,0.001849,0.001254,0.000945,0.001343,0.000943,"ARIMA(1, 0, 0)",0.0009966,1.473e-05,0.00123905,0.0,2025-W13
adj_close.csv,ARIMA,TIP,0.001257,0.001849,0.001254,0.000945,0.001343,0.000943,"ARIMA(1, 0, 0)",0.00119014,1.381e-05,0.0009966,0.0,2025-W14
adj_close.csv,ARIMA,TIP,0.001257,0.001849,0.001254,0.000945,0.001343,0.000943,"ARIMA(1, 0, 0)",-0.00481331,1.874e-05,0.00119014,0.0,2025-W15
adj_close.csv,ARIMA,TIP,0.001257,0.001849,0.001254,0.000945,0.001343,0.000943,"ARIMA(1, 0, 0)",0.00244241,-3.126e-05,-0.00481331,0.0,2025-W16
adj_close.csv,ARIMA,TIP,0.001257,0.001849,0.001254,0.000945,0.001343,0.000943,"ARIMA(1, 0, 0)",0.00144392,-2.921e-05,0.00244241,0.0,2025-W17
adj_close.csv,ARIMA,TIP,0.001257,0.001849,0.001254,0.000945,0.001343,0.000943,"ARIMA(1, 0, 0)",-0.00045506,-9.29e-06,0.00144392,0.0,2025-W18
adj_close.csv,ARIMA,TIP,0.001257,0.001849,0.001254,0.000945,0.001343,0.000943,"ARIMA(1, 0, 0)",7.331e-05,3.38e-06,-0.00045506,0.0,2025-W19
adj_close.csv,ARIMA,TIP,0.001257,0.001849,0.001254,0.000945,0.001343,0.000943,"ARIMA(1, 0, 0)",-0.00036702,-5.5e-07,7.331e-05,0.0,2025-W20
adj_close.csv,ARIMA,TIP,0.001257,0.001849,0.001254,0.000945,0.001343,0.000943,"ARIMA(1, 0, 0)",-0.00058868,2.76e-06,-0.00036702,0.0,2025-W21
adj_close.csv,ARIMA,TIP,0.001257,0.001849,0.001254,0.000945,0.001343,0.000943,"ARIMA(1, 0, 0)",0.0016755,4.23e-06,-0.00058868,0.0,2025-W22
adj_close.csv,ARIMA,TIP,0.001257,0.001849,0.001254,0.000945,0.001343,0.000943,"ARIMA(1, 0, 0)",-0.00174497,-1.455e-05,0.0016755,0.0,2025-W23
adj_close.csv,ARIMA,TIP,0.001257,0.001849,0.001254,0.000945,0.001343,0.000943,"ARIMA(1, 0, 0)",0.00097846,2.286e-05,-0.00174497,0.0,2025-W24
adj_close.csv,ARIMA,TIP,0.001257,0.001849,0.001254,0.000945,0.001343,0.000943,"ARIMA(1, 0, 0)",0.00158339,-1.529e-05,0.00097846,0.0,2025-W25
adj_close.csv,ARIMA,TIP,0.001257,0.001849,0.001254,0.000945,0.001343,0.000943,"ARIMA(1, 0, 0)",0.00085823,-2.099e-05,0.00158339,0.0,2025-W26
adj_close.csv,ARIMA,TIP,0.001257,0.001849,0.001254,0.000945,0.001343,0.000943,"ARIMA(1, 0, 0)",-4.79e-05,-9.58e-06,0.00085823,0.0,2025-W27
adj_close.csv,ARIMA,TIP,0.001257,0.001849,0.001254,0.000945,0.001343,0.000943,"ARIMA(1, 0, 0)",-5.487e-05,5.4e-07,-4.79e-05,0.0,2025-W28
adj_close.csv,ARIMA,TIP,0.001257,0.001849,0.001254,0.000945,0.001343,0.000943,"ARIMA(1, 0, 0)",0.00067569,6.1e-07,-5.487e-05,0.0,2025-W29
adj_close.csv,ARIMA,TIP,0.001257,0.001849,0.001254,0.000945,0.001343,0.000943,"ARIMA(1, 0, 0)",0.00023686,-7.61e-06,0.00067569,0.0,2025-W30
adj_close.csv,ARIMA,TIP,0.001257,0.001849,0.001254,0.000945,0.001343,0.000943,"ARIMA(1, 0, 0)",0.0011002,-2.61e-06,0.00023686,0.0,2025-W31
adj_close.csv,ARIMA,TIP,0.001257,0.001849,0.001254,0.000945,0.001343,0.000943,"ARIMA(1, 0, 0)",0.00032653,-1.168e-05,0.0011002,0.0,2025-W32
adj_close.csv,ARIMA,TIP,0.001257,0.001849,0.001254,0.000945,0.001343,0.000943,"ARIMA(1, 0, 0)",-0.00056267,-3.28e-06,0.00032653,0.0,2025-W33
adj_close.csv,ARIMA,TIP,0.001257,0.001849,0.001254,0.000945,0.001343,0.000943,"ARIMA(1, 0, 0)",0.00159306,5.81e-06,-0.00056267,0.0,2025-W34
adj_close.csv,ARIMA,TIP,0.001257,0.001849,0.001254,0.000945,0.001343,0.000943,"ARIMA(1, 0, 0)",0.00045027,-1.86e-05,0.00159306,0.0,2025-W35
adj_close.csv,ARIMA,TIP,0.001257,0.001849,0.001254,0.000945,0.001343,0.000943,"ARIMA(1, 0, 0)",0.00159084,-4.75e-06,0.00045027,0.0,2025-W36
adj_close.csv,ARIMA,TIP,0.001257,0.001849,0.001254,0.000945,0.001343,0.000943,"ARIMA(1, 0, 0)",0.00037646,-1.509e-05,0.00159084,0.0,2025-W37
adj_close.csv,ARIMA,TIP,0.001257,0.001849,0.001254,0.000945,0.001343,0.000943,"ARIMA(1, 0, 0)",-0.00041234,-3.22e-06,0.00037646,0.0,2025-W38
adj_close.csv,ARIMA,TIP,0.001257,0.001849,0.001254,0.000945,0.001343,0.000943,"ARIMA(1, 0, 0)",-0.00059315,3.62e-06,-0.00041234,0.0,2025-W39
adj_close.csv,ARIMA,TIP,0.001257,0.001849,0.001254,0.000945,0.001343,0.000943,"ARIMA(1, 0, 0)",0.00024835,4.99e-06,-0.00059315,0.0,2025-W40
adj_close.csv,ARIMA,TIP,0.001257,0.001849,0.001254,0.000945,0.001343,0.000943,"ARIMA(1, 0, 0)",0.00082675,-2.14e-06,0.00024835,0.0,2025-W41
adj_close.csv,ARIMA,TIP,0.001257,0.001849,0.001254,0.000945,0.001343,0.000943,"ARIMA(1, 0, 0)",0.00030467,-6.88e-06,0.00082675,0.0,2025-W42
adj_close.csv,ARIMA,TIP,0.001257,0.001849,0.001254,0.000945,0.001343,0.000943,"ARIMA(1, 0, 0)",0.00051865,-2.42e-06,0.00030467,0.0,2025-W43
adj_close.csv,ARIMA,TIP,0.001257,0.001849,0.001254,0.000945,0.001343,0.000943,"ARIMA(1, 0, 0)",-0.00105664,-4e-06,0.00051865,0.0,2025-W44
adj_close.csv,ARIMA,TIP,0.001257,0.001849,0.001254,0.000945,0.001343,0.000943,"ARIMA(1, 0, 0)",-0.00021447,9e-06,-0.00105664,0.0,2025-W45
adj_close.csv,ARIMA,TIP,0.001257,0.001849,0.001254,0.000945,0.001343,0.000943,"ARIMA(1, 0, 0)",-0.00027069,1.75e-06,-0.00021447,0.0,2025-W46
adj_close.csv,ARIMA,TIP,0.001257,0.001849,0.001254,0.000945,0.001343,0.000943,"ARIMA(1, 0, 0)",0.00048697,2.19e-06,-0.00027069,0.0,2025-W47
adj_close.csv,ARIMA,TIP,0.001257,0.001849,0.001254,0.000945,0.001343,0.000943,"ARIMA(1, 0, 0)",0.00053989,-4.03e-06,0.00048697,0.0,2025-W48
adj_close.csv,ARIMA,TIP,0.001257,0.001849,0.001254,0.000945,0.001343,0.000943,"ARIMA(1, 0, 0)",-0.00088172,-4.26e-06,0.00053989,0.0,2025-W49
adj_close.csv,ARIMA,TIP,0.001257,0.001849,0.001254,0.000945,0.001343,0.000943,"ARIMA(1, 0, 0)",-0.00039876,7.57e-06,-0.00088172,0.0,2025-W50
adj_close.csv,ARIMA,TIP,0.001257,0.001849,0.001254,0.000945,0.001343,0.000943,"ARIMA(1, 0, 0)",9.31e-05,3.21e-06,-0.00039876,0.0,2025-W51
adj_close.csv,ARIMA,TIP,0.001257,0.001849,0.001254,0.000945,0.001343,0.000943,"ARIMA(1, 0, 0)",0.00025001,-7.5e-07,9.31e-05,0.0,2025-W52
adj_close.csv,ARIMA,TIP,0.001257,0.001849,0.001254,0.000945,0.001343,0.000943,"ARIMA(1, 0, 0)",-0.000432,-2.02e-06,0.00025001,0.0,2026-W01
adj_close.csv,ARIMA,TIP,0.001257,0.001849,0.001254,0.000945,0.001343,0.000943,"ARIMA(1, 0, 0)",0.00058171,3.56e-06,-0.000432,0.0,2026-W02
adj_close.csv,ARIMA,TIP,0.001257,0.001849,0.001254,0.000945,0.001343,0.000943,"ARIMA(1, 0, 0)",-0.00029065,-5e-06,0.00058171,0.0,2026-W03
adj_close.csv,ARIMA,TIP,0.001257,0.001849,0.001254,0.000945,0.001343,0.000943,"ARIMA(1, 0, 0)",0.00047675,2.57e-06,-0.00029065,0.0,2026-W04
adj_close.csv,ARIMA,TIP,0.001257,0.001849,0.001254,0.000945,0.001343,0.000943,"ARIMA(1, 0, 0)",0.00045308,-4.32e-06,0.00047675,0.0,2026-W05
adj_close.csv,ARIMA,TIP,0.001257,0.001849,0.001254,0.000945,0.001343,0.000943,"ARIMA(1, 0, 0)",-0.00262837,-3.96e-06,0.00045308,0.0,2026-W06
adj_close.csv,ARIMA,TLT,0.003846,0.005818,0.003855,0.002844,0.004397,0.00285,"ARIMA(1, 0, 0)",0.00015058,2.106e-05,-0.00218345,0.0,2024-W30
adj_close.csv,ARIMA,TLT,0.003846,0.005818,0.003855,0.002844,0.004397,0.00285,"ARIMA(1, 0, 0)",0.0117313,-1.46e-06,0.00015058,0.0,2024-W31
adj_close.csv,ARIMA,TLT,0.003846,0.005818,0.003855,0.002844,0.004397,0.00285,"ARIMA(1, 0, 0)",-0.00415354,-0.00010851,0.0117313,0.0,2024-W32
adj_close.csv,ARIMA,TLT,0.003846,0.005818,0.003855,0.002844,0.004397,0.00285,"ARIMA(1, 0, 0)",0.0024368,8.923e-05,-0.00415354,0.0,2024-W33
adj_close.csv,ARIMA,TLT,0.003846,0.005818,0.003855,0.002844,0.004397,0.00285,"ARIMA(1, 0, 0)",0.00194049,-5.845e-05,0.0024368,0.0,2024-W34
adj_close.csv,ARIMA,TLT,0.003846,0.005818,0.003855,0.002844,0.004397,0.00285,"ARIMA(1, 0, 0)",-0.00389996,-4.412e-05,0.00194049,0.0,2024-W35
adj_close.csv,ARIMA,TLT,0.003846,0.005818,0.003855,0.002844,0.004397,0.00285,"ARIMA(1, 0, 0)",0.00864248,9.614e-05,-0.00389996,0.0,2024-W36
adj_close.csv,ARIMA,TLT,0.003846,0.005818,0.003855,0.002844,0.004397,0.00285,"ARIMA(1, 0, 0)",0.00170029,-0.00028651,0.00864248,0.0,2024-W37
adj_close.csv,ARIMA,TLT,0.003846,0.005818,0.003855,0.002844,0.004397,0.00285,"ARIMA(1, 0, 0)",-0.00307097,-4.906e-05,0.00170029,0.0,2024-W38
adj_close.csv,ARIMA,TLT,0.003846,0.005818,0.003855,0.002844,0.004397,0.00285,"ARIMA(1, 0, 0)",-0.00062797,9.256e-05,-0.00307097,0.0,2024-W39
adj_close.csv,ARIMA,TLT,0.003846,0.005818,0.003855,0.002844,0.004397,0.00285,"ARIMA(1, 0, 0)",-0.00557816,1.858e-05,-0.00062797,0.0,2024-W40
adj_close.csv,ARIMA,TLT,0.003846,0.005818,0.003855,0.002844,0.004397,0.00285,"ARIMA(1, 0, 0)",-0.00391034,0.00016015,-0.00557816,0.0,2024-W41
adj_close.csv,ARIMA,TLT,0.003846,0.005818,0.003855,0.002844,0.004397,0.00285,"ARIMA(1, 0, 0)",0.00036257,9.029e-05,-0.00391034,0.0,2024-W42
adj_close.csv,ARIMA,TLT,0.003846,0.005818,0.003855,0.002844,0.004397,0.00285,"ARIMA(1, 0, 0)",-0.00372037,-8.47e-06,0.00036257,0.0,2024-W43
adj_close.csv,ARIMA,TLT,0.003846,0.005818,0.003855,0.002844,0.004397,0.00285,"ARIMA(1, 0, 0)",-0.00216795,8.812e-05,-0.00372037,0.0,2024-W44
adj_close.csv,ARIMA,TLT,0.003846,0.005818,0.003855,0.002844,0.004397,0.00285,"ARIMA(1, 0, 0)",0.00360019,4.688e-05,-0.00216795,0.0,2024-W45
adj_close.csv,ARIMA,TLT,0.003846,0.005818,0.003855,0.002844,0.004397,0.00285,"ARIMA(1, 0, 0)",-0.00528046,-8.465e-05,0.00360019,0.0,2024-W46
adj_close.csv,ARIMA,TLT,0.003846,0.005818,0.003855,0.002844,0.004397,0.00285,"ARIMA(1, 0, 0)",0.00068705,0.00014833,-0.00528046,0.0,2024-W47
adj_close.csv,ARIMA,TLT,0.003846,0.005818,0.003855,0.002844,0.004397,0.00285,"ARIMA(1, 0, 0)",0.00971045,-1.977e-05,0.00068705,0.0,2024-W48
adj_close.csv,ARIMA,TLT,0.003846,0.005818,0.003855,0.002844,0.004397,0.00285,"ARIMA(1, 0, 0)",0.00158487,-0.0002637,0.00971045,0.0,2024-W49
adj_close.csv,ARIMA,TLT,0.003846,0.005818,0.003855,0.002844,0.004397,0.00285,"ARIMA(1, 0, 0)",-0.00919205,-3.628e-05,0.00158487,0.0,2024-W50
adj_close.csv,ARIMA,TLT,0.003846,0.005818,0.003855,0.002844,0.004397,0.00285,"ARIMA(1, 0, 0)",-0.00334832,0.0002421,-0.00919205,0.0,2024-W51
adj_close.csv,ARIMA,TLT,0.003846,0.005818,0.003855,0.002844,0.004397,0.00285,"ARIMA(1, 0, 0)",-0.00344913,6.247e-05,-0.00334832,0.0,2024-W52
adj_close.csv,ARIMA,TLT,0.003846,0.005818,0.003855,0.002844,0.004397,0.00285,"ARIMA(1, 0, 0)",0.00054474,5.493e-05,-0.00344913,0.0,2025-W01
adj_close.csv,ARIMA,TLT,0.003846,0.005818,0.003855,0.002844,0.004397,0.00285,"ARIMA(1, 0, 0)",-0.00529686,-8.89e-06,0.00054474,0.0,2025-W02
adj_close.csv,ARIMA,TLT,0.003846,0.005818,0.003855,0.002844,0.004397,0.00285,"ARIMA(1, 0, 0)",0.00400827,8.997e-05,-0.00529686,0.0,2025-W03
adj_close.csv,ARIMA,TLT,0.003846,0.005818,0.003855,0.002844,0.004397,0.00285,"ARIMA(1, 0, 0)",8.597e-05,-8.721e-05,0.00400827,0.0,2025-W04
adj_close.csv,ARIMA,TLT,0.003846,0.005818,0.003855,0.002844,0.004397,0.00285,"ARIMA(1, 0, 0)",0.00123443,-1.86e-06,8.597e-05,0.0,2025-W05
adj_close.csv,ARIMA,TLT,0.003846,0.005818,0.003855,0.002844,0.004397,0.00285,"ARIMA(1, 0, 0)",0.00412424,-2.663e-05,0.00123443,0.0,2025-W06
adj_close.csv,ARIMA,TLT,0.003846,0.005818,0.003855,0.002844,0.004397,0.00285,"ARIMA(1, 0, 0)",-0.00026902,-8.414e-05,0.00412424,0.0,2025-W07
adj_close.csv,ARIMA,TLT,0.003846,0.005818,0.003855,0.002844,0.004397,0.00285,"ARIMA(1, 0, 0)",0.00128667,5.54e-06,-0.00026902,0.0,2025-W08
adj_close.csv,ARIMA,TLT,0.003846,0.005818,0.003855,0.002844,0.004397,0.00285,"ARIMA(1, 0, 0)",0.00619691,-2.657e-05,0.00128667,0.0,2025-W09
adj_close.csv,ARIMA,TLT,0.003846,0.005818,0.003855,0.002844,0.004397,0.00285,"ARIMA(1, 0, 0)",-0.00445561,-0.00011667,0.00619691,0.0,2025-W10
adj_close.csv,ARIMA,TLT,0.003846,0.005818,0.003855,0.002844,0.004397,0.00285,"ARIMA(1, 0, 0)",0.00013313,0.00011097,-0.00445561,0.0,2025-W11
adj_close.csv,ARIMA,TLT,0.003846,0.005818,0.003855,0.002844,0.004397,0.00285,"ARIMA(1, 0, 0)",0.00117214,-3.32e-06,0.00013313,0.0,2025-W12
adj_close.csv,ARIMA,TLT,0.003846,0.005818,0.003855,0.002844,0.004397,0.00285,"ARIMA(1, 0, 0)",-0.00123869,-2.918e-05,0.00117214,0.0,2025-W13
adj_close.csv,ARIMA,TLT,0.003846,0.005818,0.003855,0.002844,0.004397,0.00285,"ARIMA(1, 0, 0)",0.0066418,3.123e-05,-0.00123869,0.0,2025-W14
adj_close.csv,ARIMA,TLT,0.003846,0.005818,0.003855,0.002844,0.004397,0.00285,"ARIMA(1, 0, 0)",-0.01326846,-0.00017969,0.0066418,0.0,2025-W15
adj_close.csv,ARIMA,TLT,0.003846,0.005818,0.003855,0.002844,0.004397,0.00285,"ARIMA(1, 0, 0)",0.00183465,0.00061589,-0.01326846,0.0,2025-W16
adj_close.csv,ARIMA,TLT,0.003846,0.005818,0.003855,0.002844,0.004397,0.00285,"ARIMA(1, 0, 0)",0.00308359,-9.152e-05,0.00183465,0.0,2025-W17
adj_close.csv,ARIMA,TLT,0.003846,0.005818,0.003855,0.002844,0.004397,0.00285,"ARIMA(1, 0, 0)",-0.00189256,-0.00014997,0.00308359,0.0,2025-W18
adj_close.csv,ARIMA,TLT,0.003846,0.005818,0.003855,0.002844,0.004397,0.00285,"ARIMA(1, 0, 0)",-0.00155626,9.422e-05,-0.00189256,0.0,2025-W19
adj_close.csv,ARIMA,TLT,0.003846,0.005818,0.003855,0.002844,0.004397,0.00285,"ARIMA(1, 0, 0)",-0.00173062,7.644e-05,-0.00155626,0.0,2025-W20
adj_close.csv,ARIMA,TLT,0.003846,0.005818,0.003855,0.002844,0.004397,0.00285,"ARIMA(1, 0, 0)",-0.00409729,8.396e-05,-0.00173062,0.0,2025-W21
adj_close.csv,ARIMA,TLT,0.003846,0.005818,0.003855,0.002844,0.004397,0.00285,"ARIMA(1, 0, 0)",0.00506365,0.00019246,-0.00409729,0.0,2025-W22
adj_close.csv,ARIMA,TLT,0.003846,0.005818,0.003855,0.002844,0.004397,0.00285,"ARIMA(1, 0, 0)",-0.00142431,-0.00025934,0.00506365,0.0,2025-W23
adj_close.csv,ARIMA,TLT,0.003846,0.005818,0.003855,0.002844,0.004397,0.00285,"ARIMA(1, 0, 0)",0.00228338,7.472e-05,-0.00142431,0.0,2025-W24
adj_close.csv,ARIMA,TLT,0.003846,0.005818,0.003855,0.002844,0.004397,0.00285,"ARIMA(1, 0, 0)",0.00046282,-0.00012131,0.00228338,0.0,2025-W25
adj_close.csv,ARIMA,TLT,0.003846,0.005818,0.003855,0.002844,0.004397,0.00285,"ARIMA(1, 0, 0)",0.00207045,-2.446e-05,0.00046282,0.0,2025-W26
adj_close.csv,ARIMA,TLT,0.003846,0.005818,0.003855,0.002844,0.004397,0.00285,"ARIMA(1, 0, 0)",-0.00027349,-0.00010899,0.00207045,0.0,2025-W27
adj_close.csv,ARIMA,TLT,0.003846,0.005818,0.003855,0.002844,0.004397,0.00285,"ARIMA(1, 0, 0)",-0.00273215,1.442e-05,-0.00027349,0.0,2025-W28
adj_close.csv,ARIMA,TLT,0.003846,0.005818,0.003855,0.002844,0.004397,0.00285,"ARIMA(1, 0, 0)",-0.00128635,0.00014359,-0.00273215,0.0,2025-W29
adj_close.csv,ARIMA,TLT,0.003846,0.005818,0.003855,0.002844,0.004397,0.00285,"ARIMA(1, 0, 0)",0.00277284,6.655e-05,-0.00128635,0.0,2025-W30
adj_close.csv,ARIMA,TLT,0.003846,0.005818,0.003855,0.002844,0.004397,0.00285,"ARIMA(1, 0, 0)",0.00395394,-0.00014548,0.00277284,0.0,2025-W31
adj_close.csv,ARIMA,TLT,0.003846,0.005818,0.003855,0.002844,0.004397,0.00285,"ARIMA(1, 0, 0)",-0.00121067,-0.000198,0.00395394,0.0,2025-W32
adj_close.csv,ARIMA,TLT,0.003846,0.005818,0.003855,0.002844,0.004397,0.00285,"ARIMA(1, 0, 0)",-0.00204965,6.164e-05,-0.00121067,0.0,2025-W33
adj_close.csv,ARIMA,TLT,0.003846,0.005818,0.003855,0.002844,0.004397,0.00285,"ARIMA(1, 0, 0)",0.001499,0.00010326,-0.00204965,0.0,2025-W34
adj_close.csv,ARIMA,TLT,0.003846,0.005818,0.003855,0.002844,0.004397,0.00285,"ARIMA(1, 0, 0)",-0.00103658,-7.642e-05,0.001499,0.0,2025-W35
adj_close.csv,ARIMA,TLT,0.003846,0.005818,0.003855,0.002844,0.004397,0.00285,"ARIMA(1, 0, 0)",0.00654378,5.315e-05,-0.00103658,0.0,2025-W36
adj_close.csv,ARIMA,TLT,0.003846,0.005818,0.003855,0.002844,0.004397,0.00285,"ARIMA(1, 0, 0)",0.00311473,-0.00034476,0.00654378,0.0,2025-W37
adj_close.csv,ARIMA,TLT,0.003846,0.005818,0.003855,0.002844,0.004397,0.00285,"ARIMA(1, 0, 0)",-0.00207859,-0.00014949,0.00311473,0.0,2025-W38
adj_close.csv,ARIMA,TLT,0.003846,0.005818,0.003855,0.002844,0.004397,0.00285,"ARIMA(1, 0, 0)",-0.00026975,0.00010234,-0.00207859,0.0,2025-W39
adj_close.csv,ARIMA,TLT,0.003846,0.005818,0.003855,0.002844,0.004397,0.00285,"ARIMA(1, 0, 0)",0.00177189,1.324e-05,-0.00026975,0.0,2025-W40
adj_close.csv,ARIMA,TLT,0.003846,0.005818,0.003855,0.002844,0.004397,0.00285,"ARIMA(1, 0, 0)",0.00275563,-8.713e-05,0.00177189,0.0,2025-W41
adj_close.csv,ARIMA,TLT,0.003846,0.005818,0.003855,0.002844,0.004397,0.00285,"ARIMA(1, 0, 0)",0.00127598,-0.00013264,0.00275563,0.0,2025-W42
adj_close.csv,ARIMA,TLT,0.003846,0.005818,0.003855,0.002844,0.004397,0.00285,"ARIMA(1, 0, 0)",0.00059124,-6.04e-05,0.00127598,0.0,2025-W43
adj_close.csv,ARIMA,TLT,0.003846,0.005818,0.003855,0.002844,0.004397,0.00285,"ARIMA(1, 0, 0)",-0.00259687,-2.789e-05,0.00059124,0.0,2025-W44
adj_close.csv,ARIMA,TLT,0.003846,0.005818,0.003855,0.002844,0.004397,0.00285,"ARIMA(1, 0, 0)",-0.00088005,0.00012329,-0.00259687,0.0,2025-W45
adj_close.csv,ARIMA,TLT,0.003846,0.005818,0.003855,0.002844,0.004397,0.00285,"ARIMA(1, 0, 0)",-0.00156915,4.131e-05,-0.00088005,0.0,2025-W46
adj_close.csv,ARIMA,TLT,0.003846,0.005818,0.003855,0.002844,0.004397,0.00285,"ARIMA(1, 0, 0)",0.00141279,7.32e-05,-0.00156915,0.0,2025-W47
adj_close.csv,ARIMA,TLT,0.003846,0.005818,0.003855,0.002844,0.004397,0.00285,"ARIMA(1, 0, 0)",0.0019754,-6.652e-05,0.00141279,0.0,2025-W48
adj_close.csv,ARIMA,TLT,0.003846,0.005818,0.003855,0.002844,0.004397,0.00285,"ARIMA(1, 0, 0)",-0.00386176,-9.183e-05,0.0019754,0.0,2025-W49
adj_close.csv,ARIMA,TLT,0.003846,0.005818,0.003855,0.002844,0.004397,0.00285,"ARIMA(1, 0, 0)",-0.00189166,0.00018543,-0.00386176,0.0,2025-W50
adj_close.csv,ARIMA,TLT,0.003846,0.005818,0.003855,0.002844,0.004397,0.00285,"ARIMA(1, 0, 0)",0.00125717,8.773e-05,-0.00189166,0.0,2025-W51
adj_close.csv,ARIMA,TLT,0.003846,0.005818,0.003855,0.002844,0.004397,0.00285,"ARIMA(1, 0, 0)",0.00054194,-5.887e-05,0.00125717,0.0,2025-W52
adj_close.csv,ARIMA,TLT,0.003846,0.005818,0.003855,0.002844,0.004397,0.00285,"ARIMA(1, 0, 0)",-0.00203125,-2.529e-05,0.00054194,0.0,2026-W01
adj_close.csv,ARIMA,TLT,0.003846,0.005818,0.003855,0.002844,0.004397,0.00285,"ARIMA(1, 0, 0)",0.00205763,9.526e-05,-0.00203125,0.0,2026-W02
adj_close.csv,ARIMA,TLT,0.003846,0.005818,0.003855,0.002844,0.004397,0.00285,"ARIMA(1, 0, 0)",-0.0002959,-9.817e-05,0.00205763,0.0,2026-W03
adj_close.csv,ARIMA,TLT,0.003846,0.005818,0.003855,0.002844,0.004397,0.00285,"ARIMA(1, 0, 0)",0.00036988,1.414e-05,-0.0002959,0.0,2026-W04
adj_close.csv,ARIMA,TLT,0.003846,0.005818,0.003855,0.002844,0.004397,0.00285,"ARIMA(1, 0, 0)",-0.00182796,-1.769e-05,0.00036988,0.0,2026-W05
adj_close.csv,ARIMA,TLT,0.003846,0.005818,0.003855,0.002844,0.004397,0.00285,"ARIMA(1, 0, 0)",-0.00667891,8.765e-05,-0.00182796,0.0,2026-W06
adj_close.csv,ARIMA,USMV,0.003055,0.004937,0.003099,0.002335,0.003593,0.002373,"ARIMA(0, 0, 1)",0.00169737,-3.98e-06,-2.336e-05,0.0,2024-W30
adj_close.csv,ARIMA,USMV,0.003055,0.004937,0.003099,0.002335,0.003593,0.002373,"ARIMA(0, 0, 1)",0.00117739,-6.177e-05,0.00169737,0.0,2024-W31
adj_close.csv,ARIMA,USMV,0.003055,0.004937,0.003099,0.002335,0.003593,0.002373,"ARIMA(0, 0, 1)",-0.00016121,-4.386e-05,0.00117739,0.0,2024-W32
adj_close.csv,ARIMA,USMV,0.003055,0.004937,0.003099,0.002335,0.003593,0.002373,"ARIMA(0, 0, 1)",0.00471252,4.16e-06,-0.00016121,0.0,2024-W33
adj_close.csv,ARIMA,USMV,0.003055,0.004937,0.003099,0.002335,0.003593,0.002373,"ARIMA(0, 0, 1)",0.00303679,-0.00016777,0.00471252,0.0,2024-W34
adj_close.csv,ARIMA,USMV,0.003055,0.004937,0.003099,0.002335,0.003593,0.002373,"ARIMA(0, 0, 1)",0.00235726,-9.434e-05,0.00303679,0.0,2024-W35
adj_close.csv,ARIMA,USMV,0.003055,0.004937,0.003099,0.002335,0.003593,0.002373,"ARIMA(0, 0, 1)",-0.00553611,-6.505e-05,0.00235726,0.0,2024-W36
adj_close.csv,ARIMA,USMV,0.003055,0.004937,0.003099,0.002335,0.003593,0.002373,"ARIMA(0, 0, 1)",0.00447266,0.00017511,-0.00553611,0.0,2024-W37
adj_close.csv,ARIMA,USMV,0.003055,0.004937,0.003099,0.002335,0.003593,0.002373,"ARIMA(0, 0, 1)",-0.00010951,-0.00017407,0.00447266,0.0,2024-W38
adj_close.csv,ARIMA,USMV,0.003055,0.004937,0.003099,0.002335,0.003593,0.002373,"ARIMA(0, 0, 1)",0.00041154,-2.62e-06,-0.00010951,0.0,2024-W39
adj_close.csv,ARIMA,USMV,0.003055,0.004937,0.003099,0.002335,0.003593,0.002373,"ARIMA(0, 0, 1)",6.587e-05,-1.692e-05,0.00041154,0.0,2024-W40
adj_close.csv,ARIMA,USMV,0.003055,0.004937,0.003099,0.002335,0.003593,0.002373,"ARIMA(0, 0, 1)",0.00198788,-3.38e-06,6.587e-05,0.0,2024-W41
adj_close.csv,ARIMA,USMV,0.003055,0.004937,0.003099,0.002335,0.003593,0.002373,"ARIMA(0, 0, 1)",0.00186069,-8.118e-05,0.00198788,0.0,2024-W42
adj_close.csv,ARIMA,USMV,0.003055,0.004937,0.003099,0.002335,0.003593,0.002373,"ARIMA(0, 0, 1)",-0.00406823,-7.618e-05,0.00186069,0.0,2024-W43
adj_close.csv,ARIMA,USMV,0.003055,0.004937,0.003099,0.002335,0.003593,0.002373,"ARIMA(0, 0, 1)",-0.00227664,0.0001685,-0.00406823,0.0,2024-W44
adj_close.csv,ARIMA,USMV,0.003055,0.004937,0.003099,0.002335,0.003593,0.002373,"ARIMA(0, 0, 1)",0.00763283,9.391e-05,-0.00227664,0.0,2024-W45
adj_close.csv,ARIMA,USMV,0.003055,0.004937,0.003099,0.002335,0.003593,0.002373,"ARIMA(0, 0, 1)",-0.00502679,-0.00034308,0.00763283,0.0,2024-W46
adj_close.csv,ARIMA,USMV,0.003055,0.004937,0.003099,0.002335,0.003593,0.002373,"ARIMA(0, 0, 1)",0.0050054,0.00026869,-0.00502679,0.0,2024-W47
adj_close.csv,ARIMA,USMV,0.003055,0.004937,0.003099,0.002335,0.003593,0.002373,"ARIMA(0, 0, 1)",0.00289883,-0.00031293,0.0050054,0.0,2024-W48
adj_close.csv,ARIMA,USMV,0.003055,0.004937,0.003099,0.002335,0.003593,0.002373,"ARIMA(0, 0, 1)",-0.00216932,-0.00019405,0.00289883,0.0,2024-W49
adj_close.csv,ARIMA,USMV,0.003055,0.004937,0.003099,0.002335,0.003593,0.002373,"ARIMA(0, 0, 1)",-0.00403921,0.00012415,-0.00216932,0.0,2024-W50
adj_close.csv,ARIMA,USMV,0.003055,0.004937,0.003099,0.002335,0.003593,0.002373,"ARIMA(0, 0, 1)",-0.00398577,0.00025062,-0.00403921,0.0,2024-W51
adj_close.csv,ARIMA,USMV,0.003055,0.004937,0.003099,0.002335,0.003593,0.002373,"ARIMA(0, 0, 1)",0.00064206,0.00022729,-0.00398577,0.0,2024-W52
adj_close.csv,ARIMA,USMV,0.003055,0.004937,0.003099,0.002335,0.003593,0.002373,"ARIMA(0, 0, 1)",-0.00159422,-2.25e-05,0.00064206,0.0,2025-W01
adj_close.csv,ARIMA,USMV,0.003055,0.004937,0.003099,0.002335,0.003593,0.002373,"ARIMA(0, 0, 1)",-0.00401638,8.613e-05,-0.00159422,0.0,2025-W02
adj_close.csv,ARIMA,USMV,0.003055,0.004937,0.003099,0.002335,0.003593,0.002373,"ARIMA(0, 0, 1)",0.00488955,0.00021463,-0.00401638,0.0,2025-W03
adj_close.csv,ARIMA,USMV,0.003055,0.004937,0.003099,0.002335,0.003593,0.002373,"ARIMA(0, 0, 1)",0.00301459,-0.00027495,0.00488955,0.0,2025-W04
adj_close.csv,ARIMA,USMV,0.003055,0.004937,0.003099,0.002335,0.003593,0.002373,"ARIMA(0, 0, 1)",0.002209,-0.00020781,0.00301459,0.0,2025-W05
adj_close.csv,ARIMA,USMV,0.003055,0.004937,0.003099,0.002335,0.003593,0.002373,"ARIMA(0, 0, 1)",0.00164627,-0.00012139,0.002209,0.0,2025-W06
adj_close.csv,ARIMA,USMV,0.003055,0.004937,0.003099,0.002335,0.003593,0.002373,"ARIMA(0, 0, 1)",0.00051709,-8.74e-05,0.00164627,0.0,2025-W07
adj_close.csv,ARIMA,USMV,0.003055,0.004937,0.003099,0.002335,0.003593,0.002373,"ARIMA(0, 0, 1)",0.00029565,-2.968e-05,0.00051709,0.0,2025-W08
adj_close.csv,ARIMA,USMV,0.003055,0.004937,0.003099,0.002335,0.003593,0.002373,"ARIMA(0, 0, 1)",0.00321919,-1.597e-05,0.00029565,0.0,2025-W09
adj_close.csv,ARIMA,USMV,0.003055,0.004937,0.003099,0.002335,0.003593,0.002373,"ARIMA(0, 0, 1)",-0.00159244,-0.00015749,0.00321919,0.0,2025-W10
adj_close.csv,ARIMA,USMV,0.003055,0.004937,0.003099,0.002335,0.003593,0.002373,"ARIMA(0, 0, 1)",-0.00393965,7.193e-05,-0.00159244,0.0,2025-W11
adj_close.csv,ARIMA,USMV,0.003055,0.004937,0.003099,0.002335,0.003593,0.002373,"ARIMA(0, 0, 1)",0.00163099,0.00019358,-0.00393965,0.0,2025-W12
adj_close.csv,ARIMA,USMV,0.003055,0.004937,0.003099,0.002335,0.003593,0.002373,"ARIMA(0, 0, 1)",0.00069129,-7.184e-05,0.00163099,0.0,2025-W13
adj_close.csv,ARIMA,USMV,0.003055,0.004937,0.003099,0.002335,0.003593,0.002373,"ARIMA(0, 0, 1)",-0.0123191,-3.805e-05,0.00069129,0.0,2025-W14
adj_close.csv,ARIMA,USMV,0.003055,0.004937,0.003099,0.002335,0.003593,0.002373,"ARIMA(0, 0, 1)",0.00627662,0.00064571,-0.0123191,0.0,2025-W15
adj_close.csv,ARIMA,USMV,0.003055,0.004937,0.003099,0.002335,0.003593,0.002373,"ARIMA(0, 0, 1)",0.00016666,-0.00040427,0.00627662,0.0,2025-W16
adj_close.csv,ARIMA,USMV,0.003055,0.004937,0.003099,0.002335,0.003593,0.002373,"ARIMA(0, 0, 1)",0.00170305,-4.223e-05,0.00016666,0.0,2025-W17
adj_close.csv,ARIMA,USMV,0.003055,0.004937,0.003099,0.002335,0.003593,0.002373,"ARIMA(0, 0, 1)",0.0044001,-0.00013003,0.00170305,0.0,2025-W18
adj_close.csv,ARIMA,USMV,0.003055,0.004937,0.003099,0.002335,0.003593,0.002373,"ARIMA(0, 0, 1)",-0.00151384,-0.0003242,0.0044001,0.0,2025-W19
adj_close.csv,ARIMA,USMV,0.003055,0.004937,0.003099,0.002335,0.003593,0.002373,"ARIMA(0, 0, 1)",0.00395499,8.671e-05,-0.00151384,0.0,2025-W20
adj_close.csv,ARIMA,USMV,0.003055,0.004937,0.003099,0.002335,0.003593,0.002373,"ARIMA(0, 0, 1)",-0.00332644,-0.00028989,0.00395499,0.0,2025-W21
adj_close.csv,ARIMA,USMV,0.003055,0.004937,0.003099,0.002335,0.003593,0.002373,"ARIMA(0, 0, 1)",0.00293124,0.00023834,-0.00332644,0.0,2025-W22
adj_close.csv,ARIMA,USMV,0.003055,0.004937,0.003099,0.002335,0.003593,0.002373,"ARIMA(0, 0, 1)",0.00051265,-0.0002191,0.00293124,0.0,2025-W23
adj_close.csv,ARIMA,USMV,0.003055,0.004937,0.003099,0.002335,0.003593,0.002373,"ARIMA(0, 0, 1)",-0.00158491,-5.908e-05,0.00051265,0.0,2025-W24
adj_close.csv,ARIMA,USMV,0.003055,0.004937,0.003099,0.002335,0.003593,0.002373,"ARIMA(0, 0, 1)",-0.0023986,0.0001239,-0.00158491,0.0,2025-W25
adj_close.csv,ARIMA,USMV,0.003055,0.004937,0.003099,0.002335,0.003593,0.002373,"ARIMA(0, 0, 1)",0.00261895,0.00020172,-0.0023986,0.0,2025-W26
adj_close.csv,ARIMA,USMV,0.003055,0.004937,0.003099,0.002335,0.003593,0.002373,"ARIMA(0, 0, 1)",0.00307211,-0.00019766,0.00261895,0.0,2025-W27
adj_close.csv,ARIMA,USMV,0.003055,0.004937,0.003099,0.002335,0.003593,0.002373,"ARIMA(0, 0, 1)",-0.00303913,-0.00025918,0.00307211,0.0,2025-W28
adj_close.csv,ARIMA,USMV,0.003055,0.004937,0.003099,0.002335,0.003593,0.002373,"ARIMA(0, 0, 1)",0.00045235,0.00022774,-0.00303913,0.0,2025-W29
adj_close.csv,ARIMA,USMV,0.003055,0.004937,0.003099,0.002335,0.003593,0.002373,"ARIMA(0, 0, 1)",0.00277784,-1.847e-05,0.00045235,0.0,2025-W30
adj_close.csv,ARIMA,USMV,0.003055,0.004937,0.003099,0.002335,0.003593,0.002373,"ARIMA(0, 0, 1)",-0.0040947,-0.00022954,0.00277784,0.0,2025-W31
adj_close.csv,ARIMA,USMV,0.003055,0.004937,0.003099,0.002335,0.003593,0.002373,"ARIMA(0, 0, 1)",0.00108005,0.00032937,-0.0040947,0.0,2025-W32
adj_close.csv,ARIMA,USMV,0.003055,0.004937,0.003099,0.002335,0.003593,0.002373,"ARIMA(0, 0, 1)",0.00145953,-6.454e-05,0.00108005,0.0,2025-W33
adj_close.csv,ARIMA,USMV,0.003055,0.004937,0.003099,0.002335,0.003593,0.002373,"ARIMA(0, 0, 1)",0.00216955,-0.00013092,0.00145953,0.0,2025-W34
adj_close.csv,ARIMA,USMV,0.003055,0.004937,0.003099,0.002335,0.003593,0.002373,"ARIMA(0, 0, 1)",-0.00059321,-0.00019519,0.00216955,0.0,2025-W35
adj_close.csv,ARIMA,USMV,0.003055,0.004937,0.003099,0.002335,0.003593,0.002373,"ARIMA(0, 0, 1)",-0.00071716,3.385e-05,-0.00059321,0.0,2025-W36
adj_close.csv,ARIMA,USMV,0.003055,0.004937,0.003099,0.002335,0.003593,0.002373,"ARIMA(0, 0, 1)",0.00031894,6.391e-05,-0.00071716,0.0,2025-W37
adj_close.csv,ARIMA,USMV,0.003055,0.004937,0.003099,0.002335,0.003593,0.002373,"ARIMA(0, 0, 1)",0.00013455,-2.171e-05,0.00031894,0.0,2025-W38
adj_close.csv,ARIMA,USMV,0.003055,0.004937,0.003099,0.002335,0.003593,0.002373,"ARIMA(0, 0, 1)",0.00148637,-1.33e-05,0.00013455,0.0,2025-W39
adj_close.csv,ARIMA,USMV,0.003055,0.004937,0.003099,0.002335,0.003593,0.002373,"ARIMA(0, 0, 1)",0.00128631,-0.00012759,0.00148637,0.0,2025-W40
adj_close.csv,ARIMA,USMV,0.003055,0.004937,0.003099,0.002335,0.003593,0.002373,"ARIMA(0, 0, 1)",-0.00245324,-0.00011925,0.00128631,0.0,2025-W41
adj_close.csv,ARIMA,USMV,0.003055,0.004937,0.003099,0.002335,0.003593,0.002373,"ARIMA(0, 0, 1)",0.00014889,0.00019924,-0.00245324,0.0,2025-W42
adj_close.csv,ARIMA,USMV,0.003055,0.004937,0.003099,0.002335,0.003593,0.002373,"ARIMA(0, 0, 1)",0.0009334,4.29e-06,0.00014889,0.0,2025-W43
adj_close.csv,ARIMA,USMV,0.003055,0.004937,0.003099,0.002335,0.003593,0.002373,"ARIMA(0, 0, 1)",-0.00281334,-7.932e-05,0.0009334,0.0,2025-W44
adj_close.csv,ARIMA,USMV,0.003055,0.004937,0.003099,0.002335,0.003593,0.002373,"ARIMA(0, 0, 1)",-0.00040825,0.00023539,-0.00281334,0.0,2025-W45
adj_close.csv,ARIMA,USMV,0.003055,0.004937,0.003099,0.002335,0.003593,0.002373,"ARIMA(0, 0, 1)",0.00258565,5.494e-05,-0.00040825,0.0,2025-W46
adj_close.csv,ARIMA,USMV,0.003055,0.004937,0.003099,0.002335,0.003593,0.002373,"ARIMA(0, 0, 1)",-0.00106439,-0.00021758,0.00258565,0.0,2025-W47
adj_close.csv,ARIMA,USMV,0.003055,0.004937,0.003099,0.002335,0.003593,0.002373,"ARIMA(0, 0, 1)",0.00431159,7.324e-05,-0.00106439,0.0,2025-W48
adj_close.csv,ARIMA,USMV,0.003055,0.004937,0.003099,0.002335,0.003593,0.002373,"ARIMA(0, 0, 1)",-0.0015797,-0.00037245,0.00431159,0.0,2025-W49
adj_close.csv,ARIMA,USMV,0.003055,0.004937,0.003099,0.002335,0.003593,0.002373,"ARIMA(0, 0, 1)",0.00010569,0.00010747,-0.0015797,0.0,2025-W50
adj_close.csv,ARIMA,USMV,0.003055,0.004937,0.003099,0.002335,0.003593,0.002373,"ARIMA(0, 0, 1)",-0.00025393,8.8e-07,0.00010569,0.0,2025-W51
adj_close.csv,ARIMA,USMV,0.003055,0.004937,0.003099,0.002335,0.003593,0.002373,"ARIMA(0, 0, 1)",0.00261588,2.275e-05,-0.00025393,0.0,2025-W52
adj_close.csv,ARIMA,USMV,0.003055,0.004937,0.003099,0.002335,0.003593,0.002373,"ARIMA(0, 0, 1)",-0.00386742,-0.00023282,0.00261588,0.0,2026-W01
adj_close.csv,ARIMA,USMV,0.003055,0.004937,0.003099,0.002335,0.003593,0.002373,"ARIMA(0, 0, 1)",0.00210315,0.0003364,-0.00386742,0.0,2026-W02
adj_close.csv,ARIMA,USMV,0.003055,0.004937,0.003099,0.002335,0.003593,0.002373,"ARIMA(0, 0, 1)",-0.00046546,-0.00016678,0.00210315,0.0,2026-W03
adj_close.csv,ARIMA,USMV,0.003055,0.004937,0.003099,0.002335,0.003593,0.002373,"ARIMA(0, 0, 1)",0.001215,2.833e-05,-0.00046546,0.0,2026-W04
adj_close.csv,ARIMA,USMV,0.003055,0.004937,0.003099,0.002335,0.003593,0.002373,"ARIMA(0, 0, 1)",0.00023174,-0.00011286,0.001215,0.0,2026-W05
adj_close.csv,ARIMA,USMV,0.003055,0.004937,0.003099,0.002335,0.003593,0.002373,"ARIMA(0, 0, 1)",0.00409728,-3.271e-05,0.00023174,0.0,2026-W06
adj_close.csv,ARIMA,USO,0.010216,0.014642,0.010462,0.007123,0.010737,0.007257,"ARIMA(2, 0, 2)",-0.00490583,0.00062867,-0.00568759,0.0,2024-W30
adj_close.csv,ARIMA,USO,0.010216,0.014642,0.010462,0.007123,0.010737,0.007257,"ARIMA(2, 0, 2)",-0.0072784,0.00232744,-0.00490583,0.0,2024-W31
adj_close.csv,ARIMA,USO,0.010216,0.014642,0.010462,0.007123,0.010737,0.007257,"ARIMA(2, 0, 2)",0.00756725,0.00066248,-0.0072784,0.0,2024-W32
adj_close.csv,ARIMA,USO,0.010216,0.014642,0.010462,0.007123,0.010737,0.007257,"ARIMA(2, 0, 2)",0.00026222,-0.00097699,0.00756725,0.0,2024-W33
adj_close.csv,ARIMA,USO,0.010216,0.014642,0.010462,0.007123,0.010737,0.007257,"ARIMA(2, 0, 2)",-0.00202806,0.00064372,0.00026222,0.0,2024-W34
adj_close.csv,ARIMA,USO,0.010216,0.014642,0.010462,0.007123,0.010737,0.007257,"ARIMA(2, 0, 2)",-0.00322912,0.00117986,-0.00202806,0.0,2024-W35
adj_close.csv,ARIMA,USO,0.010216,0.014642,0.010462,0.007123,0.010737,0.007257,"ARIMA(2, 0, 2)",-0.0188894,0.00128549,-0.00322912,0.0,2024-W36
adj_close.csv,ARIMA,USO,0.010216,0.014642,0.010462,0.007123,0.010737,0.007257,"ARIMA(2, 0, 2)",0.00262307,-3.993e-05,-0.0188894,0.0,2024-W37
adj_close.csv,ARIMA,USO,0.010216,0.014642,0.010462,0.007123,0.010737,0.007257,"ARIMA(2, 0, 2)",0.00863121,0.00158119,0.00262307,0.0,2024-W38
adj_close.csv,ARIMA,USO,0.010216,0.014642,0.010462,0.007123,0.010737,0.007257,"ARIMA(2, 0, 2)",-0.0074036,-0.00252665,0.00863121,0.0,2024-W39
adj_close.csv,ARIMA,USO,0.010216,0.014642,0.010462,0.007123,0.010737,0.007257,"ARIMA(2, 0, 2)",0.01659662,-0.00096165,-0.0074036,0.0,2024-W40
adj_close.csv,ARIMA,USO,0.010216,0.014642,0.010462,0.007123,0.010737,0.007257,"ARIMA(2, 0, 2)",0.00296417,0.00024513,0.01659662,0.0,2024-W41
adj_close.csv,ARIMA,USO,0.010216,0.014642,0.010462,0.007123,0.010737,0.007257,"ARIMA(2, 0, 2)",-0.01642624,-0.00023016,0.00296417,0.0,2024-W42
adj_close.csv,ARIMA,USO,0.010216,0.014642,0.010462,0.007123,0.010737,0.007257,"ARIMA(2, 0, 2)",0.00783015,0.00098263,-0.01642624,0.0,2024-W43
adj_close.csv,ARIMA,USO,0.010216,0.014642,0.010462,0.007123,0.010737,0.007257,"ARIMA(2, 0, 2)",-0.00604492,0.00277413,0.00783015,0.0,2024-W44
adj_close.csv,ARIMA,USO,0.010216,0.014642,0.010462,0.007123,0.010737,0.007257,"ARIMA(2, 0, 2)",0.00305897,-0.00149678,-0.00604492,0.0,2024-W45
adj_close.csv,ARIMA,USO,0.010216,0.014642,0.010462,0.007123,0.010737,0.007257,"ARIMA(2, 0, 2)",-0.00946424,-0.00053572,0.00305897,0.0,2024-W46
adj_close.csv,ARIMA,USO,0.010216,0.014642,0.010462,0.007123,0.010737,0.007257,"ARIMA(2, 0, 2)",0.01250407,0.00130635,-0.00946424,0.0,2024-W47
adj_close.csv,ARIMA,USO,0.010216,0.014642,0.010462,0.007123,0.010737,0.007257,"ARIMA(2, 0, 2)",-0.00905076,-0.00034972,0.01250407,0.0,2024-W48
adj_close.csv,ARIMA,USO,0.010216,0.014642,0.010462,0.007123,0.010737,0.007257,"ARIMA(2, 0, 2)",-0.00386336,-0.00210399,-0.00905076,0.0,2024-W49
adj_close.csv,ARIMA,USO,0.010216,0.014642,0.010462,0.007123,0.010737,0.007257,"ARIMA(2, 0, 2)",0.0109962,0.00210802,-0.00386336,0.0,2024-W50
adj_close.csv,ARIMA,USO,0.010216,0.014642,0.010462,0.007123,0.010737,0.007257,"ARIMA(2, 0, 2)",-0.00301411,-0.00044417,0.0109962,0.0,2024-W51
adj_close.csv,ARIMA,USO,0.010216,0.014642,0.010462,0.007123,0.010737,0.007257,"ARIMA(2, 0, 2)",0.00255191,-0.0022731,-0.00301411,0.0,2024-W52
adj_close.csv,ARIMA,USO,0.010216,0.014642,0.010462,0.007123,0.010737,0.007257,"ARIMA(2, 0, 2)",0.01341166,0.00063726,0.00255191,0.0,2025-W01
adj_close.csv,ARIMA,USO,0.010216,0.014642,0.010462,0.007123,0.010737,0.007257,"ARIMA(2, 0, 2)",0.00857804,-0.00018738,0.01341166,0.0,2025-W02
adj_close.csv,ARIMA,USO,0.010216,0.014642,0.010462,0.007123,0.010737,0.007257,"ARIMA(2, 0, 2)",0.00460917,-0.00297091,0.00857804,0.0,2025-W03
adj_close.csv,ARIMA,USO,0.010216,0.014642,0.010462,0.007123,0.010737,0.007257,"ARIMA(2, 0, 2)",-0.00900664,-0.00055366,0.00460917,0.0,2025-W04
adj_close.csv,ARIMA,USO,0.010216,0.014642,0.010462,0.007123,0.010737,0.007257,"ARIMA(2, 0, 2)",-0.00400978,0.00266462,-0.00900664,0.0,2025-W05
adj_close.csv,ARIMA,USO,0.010216,0.014642,0.010462,0.007123,0.010737,0.007257,"ARIMA(2, 0, 2)",-0.00561512,0.00135468,-0.00400978,0.0,2025-W06
adj_close.csv,ARIMA,USO,0.010216,0.014642,0.010462,0.007123,0.010737,0.007257,"ARIMA(2, 0, 2)",-0.00010549,-0.00096811,-0.00561512,0.0,2025-W07
adj_close.csv,ARIMA,USO,0.010216,0.014642,0.010462,0.007123,0.010737,0.007257,"ARIMA(2, 0, 2)",-0.00155455,-9.617e-05,-0.00010549,0.0,2025-W08
adj_close.csv,ARIMA,USO,0.010216,0.014642,0.010462,0.007123,0.010737,0.007257,"ARIMA(2, 0, 2)",-0.00034535,0.00085445,-0.00155455,0.0,2025-W09
adj_close.csv,ARIMA,USO,0.010216,0.014642,0.010462,0.007123,0.010737,0.007257,"ARIMA(2, 0, 2)",-0.00850038,-0.0004971,-0.00034535,0.0,2025-W10
adj_close.csv,ARIMA,USO,0.010216,0.014642,0.010462,0.007123,0.010737,0.007257,"ARIMA(2, 0, 2)",0.00052643,-0.00086999,-0.00850038,0.0,2025-W11
adj_close.csv,ARIMA,USO,0.010216,0.014642,0.010462,0.007123,0.010737,0.007257,"ARIMA(2, 0, 2)",0.00413516,0.00092124,0.00052643,0.0,2025-W12
adj_close.csv,ARIMA,USO,0.010216,0.014642,0.010462,0.007123,0.010737,0.007257,"ARIMA(2, 0, 2)",0.00263869,-0.00036901,0.00413516,0.0,2025-W13
adj_close.csv,ARIMA,USO,0.010216,0.014642,0.010462,0.007123,0.010737,0.007257,"ARIMA(2, 0, 2)",-0.01921724,-0.00105301,0.00263869,0.0,2025-W14
adj_close.csv,ARIMA,USO,0.010216,0.014642,0.010462,0.007123,0.010737,0.007257,"ARIMA(2, 0, 2)",-0.00434605,0.00153297,-0.01921724,0.0,2025-W15
adj_close.csv,ARIMA,USO,0.010216,0.014642,0.010462,0.007123,0.010737,0.007257,"ARIMA(2, 0, 2)",0.01110969,0.00284384,-0.00434605,0.0,2025-W16
adj_close.csv,ARIMA,USO,0.010216,0.014642,0.010462,0.007123,0.010737,0.007257,"ARIMA(2, 0, 2)",-0.00129956,-0.00308161,0.01110969,0.0,2025-W17
adj_close.csv,ARIMA,USO,0.010216,0.014642,0.010462,0.007123,0.010737,0.007257,"ARIMA(2, 0, 2)",-0.01510036,-0.00233628,-0.00129956,0.0,2025-W18
adj_close.csv,ARIMA,USO,0.010216,0.014642,0.010462,0.007123,0.010737,0.007257,"ARIMA(2, 0, 2)",0.00796307,0.00444797,-0.01510036,0.0,2025-W19
adj_close.csv,ARIMA,USO,0.010216,0.014642,0.010462,0.007123,0.010737,0.007257,"ARIMA(2, 0, 2)",0.00442449,0.00109227,0.00796307,0.0,2025-W20
adj_close.csv,ARIMA,USO,0.010216,0.014642,0.010462,0.007123,0.010737,0.007257,"ARIMA(2, 0, 2)",-0.00032332,-0.00552114,0.00442449,0.0,2025-W21
adj_close.csv,ARIMA,USO,0.010216,0.014642,0.010462,0.007123,0.010737,0.007257,"ARIMA(2, 0, 2)",-0.00310791,-0.0006408,-0.00032332,0.0,2025-W22
adj_close.csv,ARIMA,USO,0.010216,0.014642,0.010462,0.007123,0.010737,0.007257,"ARIMA(2, 0, 2)",0.01221775,0.00432874,-0.00310791,0.0,2025-W23
adj_close.csv,ARIMA,USO,0.010216,0.014642,0.010462,0.007123,0.010737,0.007257,"ARIMA(2, 0, 2)",0.02335104,-0.00247545,0.01221775,0.0,2025-W24
adj_close.csv,ARIMA,USO,0.010216,0.014642,0.010462,0.007123,0.010737,0.007257,"ARIMA(2, 0, 2)",0.00887813,-0.006193,0.02335104,0.0,2025-W25
adj_close.csv,ARIMA,USO,0.010216,0.014642,0.010462,0.007123,0.010737,0.007257,"ARIMA(2, 0, 2)",-0.02519954,-0.00236241,0.00887813,0.0,2025-W26
adj_close.csv,ARIMA,USO,0.010216,0.014642,0.010462,0.007123,0.010737,0.007257,"ARIMA(2, 0, 2)",0.00643264,0.00521781,-0.02519954,0.0,2025-W27
adj_close.csv,ARIMA,USO,0.010216,0.014642,0.010462,0.007123,0.010737,0.007257,"ARIMA(2, 0, 2)",0.00550926,0.00384458,0.00643264,0.0,2025-W28
adj_close.csv,ARIMA,USO,0.010216,0.014642,0.010462,0.007123,0.010737,0.007257,"ARIMA(2, 0, 2)",-0.00355055,-0.00569608,0.00550926,0.0,2025-W29
adj_close.csv,ARIMA,USO,0.010216,0.014642,0.010462,0.007123,0.010737,0.007257,"ARIMA(2, 0, 2)",-0.00286516,0.00114227,-0.00355055,0.0,2025-W30
adj_close.csv,ARIMA,USO,0.010216,0.014642,0.010462,0.007123,0.010737,0.007257,"ARIMA(2, 0, 2)",0.00685511,0.00491242,-0.00286516,0.0,2025-W31
adj_close.csv,ARIMA,USO,0.010216,0.014642,0.010462,0.007123,0.010737,0.007257,"ARIMA(2, 0, 2)",-0.0110402,-0.00244069,0.00685511,0.0,2025-W32
adj_close.csv,ARIMA,USO,0.010216,0.014642,0.010462,0.007123,0.010737,0.007257,"ARIMA(2, 0, 2)",-0.00136893,-0.00371904,-0.0110402,0.0,2025-W33
adj_close.csv,ARIMA,USO,0.010216,0.014642,0.010462,0.007123,0.010737,0.007257,"ARIMA(2, 0, 2)",0.00499211,0.00439027,-0.00136893,0.0,2025-W34
adj_close.csv,ARIMA,USO,0.010216,0.014642,0.010462,0.007123,0.010737,0.007257,"ARIMA(2, 0, 2)",0.00053518,0.00162178,0.00499211,0.0,2025-W35
adj_close.csv,ARIMA,USO,0.010216,0.014642,0.010462,0.007123,0.010737,0.007257,"ARIMA(2, 0, 2)",-0.00749361,-0.00487954,0.00053518,0.0,2025-W36
adj_close.csv,ARIMA,USO,0.010216,0.014642,0.010462,0.007123,0.010737,0.007257,"ARIMA(2, 0, 2)",0.00186379,0.00029804,-0.00749361,0.0,2025-W37
adj_close.csv,ARIMA,USO,0.010216,0.014642,0.010462,0.007123,0.010737,0.007257,"ARIMA(2, 0, 2)",0.00057209,0.00474187,0.00186379,0.0,2025-W38
adj_close.csv,ARIMA,USO,0.010216,0.014642,0.010462,0.007123,0.010737,0.007257,"ARIMA(2, 0, 2)",0.00930153,-0.00184196,0.00057209,0.0,2025-W39
adj_close.csv,ARIMA,USO,0.010216,0.014642,0.010462,0.007123,0.010737,0.007257,"ARIMA(2, 0, 2)",-0.01428698,-0.00410923,0.00930153,0.0,2025-W40
adj_close.csv,ARIMA,USO,0.010216,0.014642,0.010462,0.007123,0.010737,0.007257,"ARIMA(2, 0, 2)",-0.00657749,0.00166834,-0.01428698,0.0,2025-W41
adj_close.csv,ARIMA,USO,0.010216,0.014642,0.010462,0.007123,0.010737,0.007257,"ARIMA(2, 0, 2)",-0.00410583,0.00457411,-0.00657749,0.0,2025-W42
adj_close.csv,ARIMA,USO,0.010216,0.014642,0.010462,0.007123,0.010737,0.007257,"ARIMA(2, 0, 2)",0.01474171,0.00033307,-0.00410583,0.0,2025-W43
adj_close.csv,ARIMA,USO,0.010216,0.014642,0.010462,0.007123,0.010737,0.007257,"ARIMA(2, 0, 2)",-0.00170168,-0.00351368,0.01474171,0.0,2025-W44
adj_close.csv,ARIMA,USO,0.010216,0.014642,0.010462,0.007123,0.010737,0.007257,"ARIMA(2, 0, 2)",-0.00361572,-0.00199809,-0.00170168,0.0,2025-W45
adj_close.csv,ARIMA,USO,0.010216,0.014642,0.010462,0.007123,0.010737,0.007257,"ARIMA(2, 0, 2)",0.0003365,0.00271893,-0.00361572,0.0,2025-W46
adj_close.csv,ARIMA,USO,0.010216,0.014642,0.010462,0.007123,0.010737,0.007257,"ARIMA(2, 0, 2)",-0.00591455,0.00077774,0.0003365,0.0,2025-W47
adj_close.csv,ARIMA,USO,0.010216,0.014642,0.010462,0.007123,0.010737,0.007257,"ARIMA(2, 0, 2)",0.00630509,-0.00084722,-0.00591455,0.0,2025-W48
adj_close.csv,ARIMA,USO,0.010216,0.014642,0.010462,0.007123,0.010737,0.007257,"ARIMA(2, 0, 2)",0.00237781,0.0003738,0.00630509,0.0,2025-W49
adj_close.csv,ARIMA,USO,0.010216,0.014642,0.010462,0.007123,0.010737,0.007257,"ARIMA(2, 0, 2)",-0.00884106,-0.00116556,0.00237781,0.0,2025-W50
adj_close.csv,ARIMA,USO,0.010216,0.014642,0.010462,0.007123,0.010737,0.007257,"ARIMA(2, 0, 2)",-0.00228006,0.0006046,-0.00884106,0.0,2025-W51
adj_close.csv,ARIMA,USO,0.010216,0.014642,0.010462,0.007123,0.010737,0.007257,"ARIMA(2, 0, 2)",0.00164825,0.00223781,-0.00228006,0.0,2025-W52
adj_close.csv,ARIMA,USO,0.010216,0.014642,0.010462,0.007123,0.010737,0.007257,"ARIMA(2, 0, 2)",0.00174621,-0.00068911,0.00164825,0.0,2026-W01
adj_close.csv,ARIMA,USO,0.010216,0.014642,0.010462,0.007123,0.010737,0.007257,"ARIMA(2, 0, 2)",0.00520997,-0.00126466,0.00174621,0.0,2026-W02
adj_close.csv,ARIMA,USO,0.010216,0.014642,0.010462,0.007123,0.010737,0.007257,"ARIMA(2, 0, 2)",0.00244334,-0.00013746,0.00520997,0.0,2026-W03
adj_close.csv,ARIMA,USO,0.010216,0.014642,0.010462,0.007123,0.010737,0.007257,"ARIMA(2, 0, 2)",0.00789899,-0.00062937,0.00244334,0.0,2026-W04
adj_close.csv,ARIMA,USO,0.010216,0.014642,0.010462,0.007123,0.010737,0.007257,"ARIMA(2, 0, 2)",0.01452387,-0.00095699,0.00789899,0.0,2026-W05
adj_close.csv,ARIMA,USO,0.010216,0.014642,0.010462,0.007123,0.010737,0.007257,"ARIMA(2, 0, 2)",-0.05413003,-0.0021224,0.01452387,0.0,2026-W06
adj_close.csv,ARIMA,VEA,0.004453,0.006445,0.004438,0.003376,0.004703,0.00336,"ARIMA(1, 0, 0)",-0.00023865,4.11e-05,-0.00463582,0.0,2024-W30
adj_close.csv,ARIMA,VEA,0.004453,0.006445,0.004438,0.003376,0.004703,0.00336,"ARIMA(1, 0, 0)",-0.00614188,2.04e-06,-0.00023865,0.0,2024-W31
adj_close.csv,ARIMA,VEA,0.004453,0.006445,0.004438,0.003376,0.004703,0.00336,"ARIMA(1, 0, 0)",0.00065548,5.019e-05,-0.00614188,0.0,2024-W32
adj_close.csv,ARIMA,VEA,0.004453,0.006445,0.004438,0.003376,0.004703,0.00336,"ARIMA(1, 0, 0)",0.0077025,-5.96e-06,0.00065548,0.0,2024-W33
adj_close.csv,ARIMA,VEA,0.004453,0.006445,0.004438,0.003376,0.004703,0.00336,"ARIMA(1, 0, 0)",0.00593239,-6.039e-05,0.0077025,0.0,2024-W34
adj_close.csv,ARIMA,VEA,0.004453,0.006445,0.004438,0.003376,0.004703,0.00336,"ARIMA(1, 0, 0)",0.00015277,2.059e-05,0.00593239,0.0,2024-W35
adj_close.csv,ARIMA,VEA,0.004453,0.006445,0.004438,0.003376,0.004703,0.00336,"ARIMA(1, 0, 0)",-0.00982999,5.6e-07,0.00015277,0.0,2024-W36
adj_close.csv,ARIMA,VEA,0.004453,0.006445,0.004438,0.003376,0.004703,0.00336,"ARIMA(1, 0, 0)",0.00482518,-3.241e-05,-0.00982999,0.0,2024-W37
adj_close.csv,ARIMA,VEA,0.004453,0.006445,0.004438,0.003376,0.004703,0.00336,"ARIMA(1, 0, 0)",0.0019006,-3.879e-05,0.00482518,0.0,2024-W38
adj_close.csv,ARIMA,VEA,0.004453,0.006445,0.004438,0.003376,0.004703,0.00336,"ARIMA(1, 0, 0)",0.00392656,-1.108e-05,0.0019006,0.0,2024-W39
adj_close.csv,ARIMA,VEA,0.004453,0.006445,0.004438,0.003376,0.004703,0.00336,"ARIMA(1, 0, 0)",-0.0030814,-1.596e-05,0.00392656,0.0,2024-W40
adj_close.csv,ARIMA,VEA,0.004453,0.006445,0.004438,0.003376,0.004703,0.00336,"ARIMA(1, 0, 0)",-0.00069123,2.124e-05,-0.0030814,0.0,2024-W41
adj_close.csv,ARIMA,VEA,0.004453,0.006445,0.004438,0.003376,0.004703,0.00336,"ARIMA(1, 0, 0)",-0.00061645,4.41e-06,-0.00069123,0.0,2024-W42
adj_close.csv,ARIMA,VEA,0.004453,0.006445,0.004438,0.003376,0.004703,0.00336,"ARIMA(1, 0, 0)",-0.00515958,3.87e-06,-0.00061645,0.0,2024-W43
adj_close.csv,ARIMA,VEA,0.004453,0.006445,0.004438,0.003376,0.004703,0.00336,"ARIMA(1, 0, 0)",-0.0011914,2.854e-05,-0.00515958,0.0,2024-W44
adj_close.csv,ARIMA,VEA,0.004453,0.006445,0.004438,0.003376,0.004703,0.00336,"ARIMA(1, 0, 0)",0.00015927,4.84e-06,-0.0011914,0.0,2024-W45
adj_close.csv,ARIMA,VEA,0.004453,0.006445,0.004438,0.003376,0.004703,0.00336,"ARIMA(1, 0, 0)",-0.00491562,-6.5e-07,0.00015927,0.0,2024-W46
adj_close.csv,ARIMA,VEA,0.004453,0.006445,0.004438,0.003376,0.004703,0.00336,"ARIMA(1, 0, 0)",0.00190804,2.109e-05,-0.00491562,0.0,2024-W47
adj_close.csv,ARIMA,VEA,0.004453,0.006445,0.004438,0.003376,0.004703,0.00336,"ARIMA(1, 0, 0)",0.00400811,-1.228e-05,0.00190804,0.0,2024-W48
adj_close.csv,ARIMA,VEA,0.004453,0.006445,0.004438,0.003376,0.004703,0.00336,"ARIMA(1, 0, 0)",0.00170245,-1.869e-05,0.00400811,0.0,2024-W49
adj_close.csv,ARIMA,VEA,0.004453,0.006445,0.004438,0.003376,0.004703,0.00336,"ARIMA(1, 0, 0)",-0.00297888,-5.23e-06,0.00170245,0.0,2024-W50
adj_close.csv,ARIMA,VEA,0.004453,0.006445,0.004438,0.003376,0.004703,0.00336,"ARIMA(1, 0, 0)",-0.00690974,1.263e-05,-0.00297888,0.0,2024-W51
adj_close.csv,ARIMA,VEA,0.004453,0.006445,0.004438,0.003376,0.004703,0.00336,"ARIMA(1, 0, 0)",0.00282195,-3.48e-06,-0.00690974,0.0,2024-W52
adj_close.csv,ARIMA,VEA,0.004453,0.006445,0.004438,0.003376,0.004703,0.00336,"ARIMA(1, 0, 0)",-0.00057227,-1.111e-05,0.00282195,0.0,2025-W01
adj_close.csv,ARIMA,VEA,0.004453,0.006445,0.004438,0.003376,0.004703,0.00336,"ARIMA(1, 0, 0)",-0.00245997,2.46e-06,-0.00057227,0.0,2025-W02
adj_close.csv,ARIMA,VEA,0.004453,0.006445,0.004438,0.003376,0.004703,0.00336,"ARIMA(1, 0, 0)",0.004329,9.78e-06,-0.00245997,0.0,2025-W03
adj_close.csv,ARIMA,VEA,0.004453,0.006445,0.004438,0.003376,0.004703,0.00336,"ARIMA(1, 0, 0)",0.00735421,-2.764e-05,0.004329,0.0,2025-W04
adj_close.csv,ARIMA,VEA,0.004453,0.006445,0.004438,0.003376,0.004703,0.00336,"ARIMA(1, 0, 0)",-0.00032013,6.09e-06,0.00735421,0.0,2025-W05
adj_close.csv,ARIMA,VEA,0.004453,0.006445,0.004438,0.003376,0.004703,0.00336,"ARIMA(1, 0, 0)",0.00107839,-9e-08,-0.00032013,0.0,2025-W06
adj_close.csv,ARIMA,VEA,0.004453,0.006445,0.004438,0.003376,0.004703,0.00336,"ARIMA(1, 0, 0)",0.00511236,2.3e-07,0.00107839,0.0,2025-W07
adj_close.csv,ARIMA,VEA,0.004453,0.006445,0.004438,0.003376,0.004703,0.00336,"ARIMA(1, 0, 0)",-0.00131388,7.39e-06,0.00511236,0.0,2025-W08
adj_close.csv,ARIMA,VEA,0.004453,0.006445,0.004438,0.003376,0.004703,0.00336,"ARIMA(1, 0, 0)",-0.00066465,7e-08,-0.00131388,0.0,2025-W09
adj_close.csv,ARIMA,VEA,0.004453,0.006445,0.004438,0.003376,0.004703,0.00336,"ARIMA(1, 0, 0)",0.00582772,-9e-08,-0.00066465,0.0,2025-W10
adj_close.csv,ARIMA,VEA,0.004453,0.006445,0.004438,0.003376,0.004703,0.00336,"ARIMA(1, 0, 0)",-0.00145066,-4.18e-06,0.00582772,0.0,2025-W11
adj_close.csv,ARIMA,VEA,0.004453,0.006445,0.004438,0.003376,0.004703,0.00336,"ARIMA(1, 0, 0)",0.00034706,3.73e-06,-0.00145066,0.0,2025-W12
adj_close.csv,ARIMA,VEA,0.004453,0.006445,0.004438,0.003376,0.004703,0.00336,"ARIMA(1, 0, 0)",-0.00313685,-9.3e-07,0.00034706,0.0,2025-W13
adj_close.csv,ARIMA,VEA,0.004453,0.006445,0.004438,0.003376,0.004703,0.00336,"ARIMA(1, 0, 0)",-0.01765792,9.16e-06,-0.00313685,0.0,2025-W14
adj_close.csv,ARIMA,VEA,0.004453,0.006445,0.004438,0.003376,0.004703,0.00336,"ARIMA(1, 0, 0)",0.0103844,-0.00016309,-0.01765792,0.0,2025-W15
adj_close.csv,ARIMA,VEA,0.004453,0.006445,0.004438,0.003376,0.004703,0.00336,"ARIMA(1, 0, 0)",0.00668967,-0.00030113,0.0103844,0.0,2025-W16
adj_close.csv,ARIMA,VEA,0.004453,0.006445,0.004438,0.003376,0.004703,0.00336,"ARIMA(1, 0, 0)",0.00651349,-9.645e-05,0.00668967,0.0,2025-W17
adj_close.csv,ARIMA,VEA,0.004453,0.006445,0.004438,0.003376,0.004703,0.00336,"ARIMA(1, 0, 0)",0.00445134,-3.658e-05,0.00651349,0.0,2025-W18
adj_close.csv,ARIMA,VEA,0.004453,0.006445,0.004438,0.003376,0.004703,0.00336,"ARIMA(1, 0, 0)",0.00026097,6.8e-07,0.00445134,0.0,2025-W19
adj_close.csv,ARIMA,VEA,0.004453,0.006445,0.004438,0.003376,0.004703,0.00336,"ARIMA(1, 0, 0)",0.00303205,1e-07,0.00026097,0.0,2025-W20
adj_close.csv,ARIMA,VEA,0.004453,0.006445,0.004438,0.003376,0.004703,0.00336,"ARIMA(1, 0, 0)",0.00193553,1.63e-06,0.00303205,0.0,2025-W21
adj_close.csv,ARIMA,VEA,0.004453,0.006445,0.004438,0.003376,0.004703,0.00336,"ARIMA(1, 0, 0)",0.00248625,3.27e-06,0.00193553,0.0,2025-W22
adj_close.csv,ARIMA,VEA,0.004453,0.006445,0.004438,0.003376,0.004703,0.00336,"ARIMA(1, 0, 0)",0.00250315,6.54e-06,0.00248625,0.0,2025-W23
adj_close.csv,ARIMA,VEA,0.004453,0.006445,0.004438,0.003376,0.004703,0.00336,"ARIMA(1, 0, 0)",-0.00039128,9.63e-06,0.00250315,0.0,2025-W24
adj_close.csv,ARIMA,VEA,0.004453,0.006445,0.004438,0.003376,0.004703,0.00336,"ARIMA(1, 0, 0)",-0.00328194,-1.43e-06,-0.00039128,0.0,2025-W25
adj_close.csv,ARIMA,VEA,0.004453,0.006445,0.004438,0.003376,0.004703,0.00336,"ARIMA(1, 0, 0)",0.00654624,-1.28e-05,-0.00328194,0.0,2025-W26
adj_close.csv,ARIMA,VEA,0.004453,0.006445,0.004438,0.003376,0.004703,0.00336,"ARIMA(1, 0, 0)",0.00170978,-1.97e-06,0.00654624,0.0,2025-W27
adj_close.csv,ARIMA,VEA,0.004453,0.006445,0.004438,0.003376,0.004703,0.00336,"ARIMA(1, 0, 0)",-0.00122712,3.19e-06,0.00170978,0.0,2025-W28
adj_close.csv,ARIMA,VEA,0.004453,0.006445,0.004438,0.003376,0.004703,0.00336,"ARIMA(1, 0, 0)",-0.0008105,-1.79e-06,-0.00122712,0.0,2025-W29
adj_close.csv,ARIMA,VEA,0.004453,0.006445,0.004438,0.003376,0.004703,0.00336,"ARIMA(1, 0, 0)",0.00481446,-1.34e-06,-0.0008105,0.0,2025-W30
adj_close.csv,ARIMA,VEA,0.004453,0.006445,0.004438,0.003376,0.004703,0.00336,"ARIMA(1, 0, 0)",-0.00701581,4.32e-06,0.00481446,0.0,2025-W31
adj_close.csv,ARIMA,VEA,0.004453,0.006445,0.004438,0.003376,0.004703,0.00336,"ARIMA(1, 0, 0)",0.00701581,3.936e-05,-0.00701581,0.0,2025-W32
adj_close.csv,ARIMA,VEA,0.004453,0.006445,0.004438,0.003376,0.004703,0.00336,"ARIMA(1, 0, 0)",0.00290877,-0.00010486,0.00701581,0.0,2025-W33
adj_close.csv,ARIMA,VEA,0.004453,0.006445,0.004438,0.003376,0.004703,0.00336,"ARIMA(1, 0, 0)",0.00233053,-3.185e-05,0.00290877,0.0,2025-W34
adj_close.csv,ARIMA,VEA,0.004453,0.006445,0.004438,0.003376,0.004703,0.00336,"ARIMA(1, 0, 0)",-0.00287484,-2.25e-05,0.00233053,0.0,2025-W35
adj_close.csv,ARIMA,VEA,0.004453,0.006445,0.004438,0.003376,0.004703,0.00336,"ARIMA(1, 0, 0)",0.0010623,3.136e-05,-0.00287484,0.0,2025-W36
adj_close.csv,ARIMA,VEA,0.004453,0.006445,0.004438,0.003376,0.004703,0.00336,"ARIMA(1, 0, 0)",0.00289616,-1.218e-05,0.0010623,0.0,2025-W37
adj_close.csv,ARIMA,VEA,0.004453,0.006445,0.004438,0.003376,0.004703,0.00336,"ARIMA(1, 0, 0)",0.00038644,-3.152e-05,0.00289616,0.0,2025-W38
adj_close.csv,ARIMA,VEA,0.004453,0.006445,0.004438,0.003376,0.004703,0.00336,"ARIMA(1, 0, 0)",-0.00080632,-4.12e-06,0.00038644,0.0,2025-W39
adj_close.csv,ARIMA,VEA,0.004453,0.006445,0.004438,0.003376,0.004703,0.00336,"ARIMA(1, 0, 0)",0.00547888,8.64e-06,-0.00080632,0.0,2025-W40
adj_close.csv,ARIMA,VEA,0.004453,0.006445,0.004438,0.003376,0.004703,0.00336,"ARIMA(1, 0, 0)",-0.00625466,-6.324e-05,0.00547888,0.0,2025-W41
adj_close.csv,ARIMA,VEA,0.004453,0.006445,0.004438,0.003376,0.004703,0.00336,"ARIMA(1, 0, 0)",0.00510495,0.00011182,-0.00625466,0.0,2025-W42
adj_close.csv,ARIMA,VEA,0.004453,0.006445,0.004438,0.003376,0.004703,0.00336,"ARIMA(1, 0, 0)",0.00167311,-0.00012083,0.00510495,0.0,2025-W43
adj_close.csv,ARIMA,VEA,0.004453,0.006445,0.004438,0.003376,0.004703,0.00336,"ARIMA(1, 0, 0)",-0.00078561,-3.677e-05,0.00167311,0.0,2025-W44
adj_close.csv,ARIMA,VEA,0.004453,0.006445,0.004438,0.003376,0.004703,0.00336,"ARIMA(1, 0, 0)",-0.0012172,1.745e-05,-0.00078561,0.0,2025-W45
adj_close.csv,ARIMA,VEA,0.004453,0.006445,0.004438,0.003376,0.004703,0.00336,"ARIMA(1, 0, 0)",0.00232922,2.682e-05,-0.0012172,0.0,2025-W46
adj_close.csv,ARIMA,VEA,0.004453,0.006445,0.004438,0.003376,0.004703,0.00336,"ARIMA(1, 0, 0)",-0.00512042,-5.252e-05,0.00232922,0.0,2025-W47
adj_close.csv,ARIMA,VEA,0.004453,0.006445,0.004438,0.003376,0.004703,0.00336,"ARIMA(1, 0, 0)",0.00741771,0.00012658,-0.00512042,0.0,2025-W48
adj_close.csv,ARIMA,VEA,0.004453,0.006445,0.004438,0.003376,0.004703,0.00336,"ARIMA(1, 0, 0)",0.00152092,-0.00023413,0.00741771,0.0,2025-W49
adj_close.csv,ARIMA,VEA,0.004453,0.006445,0.004438,0.003376,0.004703,0.00336,"ARIMA(1, 0, 0)",0.00141343,-4.441e-05,0.00152092,0.0,2025-W50
adj_close.csv,ARIMA,VEA,0.004453,0.006445,0.004438,0.003376,0.004703,0.00336,"ARIMA(1, 0, 0)",0.00129624,-4.071e-05,0.00141343,0.0,2025-W51
adj_close.csv,ARIMA,VEA,0.004453,0.006445,0.004438,0.003376,0.004703,0.00336,"ARIMA(1, 0, 0)",0.00389098,-3.689e-05,0.00129624,0.0,2025-W52
adj_close.csv,ARIMA,VEA,0.004453,0.006445,0.004438,0.003376,0.004703,0.00336,"ARIMA(1, 0, 0)",0.0015475,-0.00010713,0.00389098,0.0,2026-W01
adj_close.csv,ARIMA,VEA,0.004453,0.006445,0.004438,0.003376,0.004703,0.00336,"ARIMA(1, 0, 0)",0.00416518,-4.081e-05,0.0015475,0.0,2026-W02
adj_close.csv,ARIMA,VEA,0.004453,0.006445,0.004438,0.003376,0.004703,0.00336,"ARIMA(1, 0, 0)",0.00188172,-0.00010494,0.00416518,0.0,2026-W03
adj_close.csv,ARIMA,VEA,0.004453,0.006445,0.004438,0.003376,0.004703,0.00336,"ARIMA(1, 0, 0)",0.00244426,-4.46e-05,0.00188172,0.0,2026-W04
adj_close.csv,ARIMA,VEA,0.004453,0.006445,0.004438,0.003376,0.004703,0.00336,"ARIMA(1, 0, 0)",0.00127292,-5.588e-05,0.00244426,0.0,2026-W05
adj_close.csv,ARIMA,VEA,0.004453,0.006445,0.004438,0.003376,0.004703,0.00336,"ARIMA(1, 0, 0)",0.00391983,-2.836e-05,0.00127292,0.0,2026-W06
adj_close.csv,ARIMA,VIG,0.004001,0.006307,0.004065,0.003003,0.004773,0.003082,"ARIMA(0, 0, 1)",0.00108576,-2.75e-05,0.00023494,0.0,2024-W30
adj_close.csv,ARIMA,VIG,0.004001,0.006307,0.004065,0.003003,0.004773,0.003082,"ARIMA(0, 0, 1)",-0.00209156,-6.771e-05,0.00108576,0.0,2024-W31
adj_close.csv,ARIMA,VIG,0.004001,0.006307,0.004065,0.003003,0.004773,0.003082,"ARIMA(0, 0, 1)",-0.00079541,0.00012461,-0.00209156,0.0,2024-W32
adj_close.csv,ARIMA,VIG,0.004001,0.006307,0.004065,0.003003,0.004773,0.003082,"ARIMA(0, 0, 1)",0.00559679,5.605e-05,-0.00079541,0.0,2024-W33
adj_close.csv,ARIMA,VIG,0.004001,0.006307,0.004065,0.003003,0.004773,0.003082,"ARIMA(0, 0, 1)",0.00270456,-0.0003475,0.00559679,0.0,2024-W34
adj_close.csv,ARIMA,VIG,0.004001,0.006307,0.004065,0.003003,0.004773,0.003082,"ARIMA(0, 0, 1)",0.00258693,-0.00017318,0.00270456,0.0,2024-W35
adj_close.csv,ARIMA,VIG,0.004001,0.006307,0.004065,0.003003,0.004773,0.003082,"ARIMA(0, 0, 1)",-0.00733542,-0.00014985,0.00258693,0.0,2024-W36
adj_close.csv,ARIMA,VIG,0.004001,0.006307,0.004065,0.003003,0.004773,0.003082,"ARIMA(0, 0, 1)",0.00558253,0.00043926,-0.00733542,0.0,2024-W37
adj_close.csv,ARIMA,VIG,0.004001,0.006307,0.004065,0.003003,0.004773,0.003082,"ARIMA(0, 0, 1)",0.00178962,-0.00036848,0.00558253,0.0,2024-W38
adj_close.csv,ARIMA,VIG,0.004001,0.006307,0.004065,0.003003,0.004773,0.003082,"ARIMA(0, 0, 1)",0.00055094,-0.00014881,0.00178962,0.0,2024-W39
adj_close.csv,ARIMA,VIG,0.004001,0.006307,0.004065,0.003003,0.004773,0.003082,"ARIMA(0, 0, 1)",-6.085e-05,-4.817e-05,0.00055094,0.0,2024-W40
adj_close.csv,ARIMA,VIG,0.004001,0.006307,0.004065,0.003003,0.004773,0.003082,"ARIMA(0, 0, 1)",0.00254935,8.7e-07,-6.085e-05,0.0,2024-W41
adj_close.csv,ARIMA,VIG,0.004001,0.006307,0.004065,0.003003,0.004773,0.003082,"ARIMA(0, 0, 1)",0.00176441,-0.00017567,0.00254935,0.0,2024-W42
adj_close.csv,ARIMA,VIG,0.004001,0.006307,0.004065,0.003003,0.004773,0.003082,"ARIMA(0, 0, 1)",-0.00464869,-0.00013043,0.00176441,0.0,2024-W43
adj_close.csv,ARIMA,VIG,0.004001,0.006307,0.004065,0.003003,0.004773,0.003082,"ARIMA(0, 0, 1)",-0.00190862,0.00031694,-0.00464869,0.0,2024-W44
adj_close.csv,ARIMA,VIG,0.004001,0.006307,0.004065,0.003003,0.004773,0.003082,"ARIMA(0, 0, 1)",0.00808976,0.00014859,-0.00190862,0.0,2024-W45
adj_close.csv,ARIMA,VIG,0.004001,0.006307,0.004065,0.003003,0.004773,0.003082,"ARIMA(0, 0, 1)",-0.00436097,-0.00057831,0.00808976,0.0,2024-W46
adj_close.csv,ARIMA,VIG,0.004001,0.006307,0.004065,0.003003,0.004773,0.003082,"ARIMA(0, 0, 1)",0.00375927,0.0003046,-0.00436097,0.0,2024-W47
adj_close.csv,ARIMA,VIG,0.004001,0.006307,0.004065,0.003003,0.004773,0.003082,"ARIMA(0, 0, 1)",0.00272635,-0.00029542,0.00375927,0.0,2024-W48
adj_close.csv,ARIMA,VIG,0.004001,0.006307,0.004065,0.003003,0.004773,0.003082,"ARIMA(0, 0, 1)",-0.00174692,-0.00024849,0.00272635,0.0,2024-W49
adj_close.csv,ARIMA,VIG,0.004001,0.006307,0.004065,0.003003,0.004773,0.003082,"ARIMA(0, 0, 1)",-0.00083959,0.00012531,-0.00174692,0.0,2024-W50
adj_close.csv,ARIMA,VIG,0.004001,0.006307,0.004065,0.003003,0.004773,0.003082,"ARIMA(0, 0, 1)",-0.00474782,8.051e-05,-0.00083959,0.0,2024-W51
adj_close.csv,ARIMA,VIG,0.004001,0.006307,0.004065,0.003003,0.004773,0.003082,"ARIMA(0, 0, 1)",0.00232581,0.00039636,-0.00474782,0.0,2024-W52
adj_close.csv,ARIMA,VIG,0.004001,0.006307,0.004065,0.003003,0.004773,0.003082,"ARIMA(0, 0, 1)",-0.00266205,-0.00016274,0.00232581,0.0,2025-W01
adj_close.csv,ARIMA,VIG,0.004001,0.006307,0.004065,0.003003,0.004773,0.003082,"ARIMA(0, 0, 1)",-0.00428016,0.00021555,-0.00266205,0.0,2025-W02
adj_close.csv,ARIMA,VIG,0.004001,0.006307,0.004065,0.003003,0.004773,0.003082,"ARIMA(0, 0, 1)",0.00643948,0.00037174,-0.00428016,0.0,2025-W03
adj_close.csv,ARIMA,VIG,0.004001,0.006307,0.004065,0.003003,0.004773,0.003082,"ARIMA(0, 0, 1)",0.0038863,-0.00054852,0.00643948,0.0,2025-W04
adj_close.csv,ARIMA,VIG,0.004001,0.006307,0.004065,0.003003,0.004773,0.003082,"ARIMA(0, 0, 1)",-4.944e-05,-0.00036514,0.0038863,0.0,2025-W05
adj_close.csv,ARIMA,VIG,0.004001,0.006307,0.004065,0.003003,0.004773,0.003082,"ARIMA(0, 0, 1)",-0.00038609,-2.596e-05,-4.944e-05,0.0,2025-W06
adj_close.csv,ARIMA,VIG,0.004001,0.006307,0.004065,0.003003,0.004773,0.003082,"ARIMA(0, 0, 1)",0.00200154,2.982e-05,-0.00038609,0.0,2025-W07
adj_close.csv,ARIMA,VIG,0.004001,0.006307,0.004065,0.003003,0.004773,0.003082,"ARIMA(0, 0, 1)",-0.00231621,-0.00016355,0.00200154,0.0,2025-W08
adj_close.csv,ARIMA,VIG,0.004001,0.006307,0.004065,0.003003,0.004773,0.003082,"ARIMA(0, 0, 1)",0.00113549,0.00018106,-0.00231621,0.0,2025-W09
adj_close.csv,ARIMA,VIG,0.004001,0.006307,0.004065,0.003003,0.004773,0.003082,"ARIMA(0, 0, 1)",-0.00351618,-8.084e-05,0.00113549,0.0,2025-W10
adj_close.csv,ARIMA,VIG,0.004001,0.006307,0.004065,0.003003,0.004773,0.003082,"ARIMA(0, 0, 1)",-0.00663212,0.00029471,-0.00351618,0.0,2025-W11
adj_close.csv,ARIMA,VIG,0.004001,0.006307,0.004065,0.003003,0.004773,0.003082,"ARIMA(0, 0, 1)",0.00112587,0.00054295,-0.00663212,0.0,2025-W12
adj_close.csv,ARIMA,VIG,0.004001,0.006307,0.004065,0.003003,0.004773,0.003082,"ARIMA(0, 0, 1)",-0.00134872,-4.586e-05,0.00112587,0.0,2025-W13
adj_close.csv,ARIMA,VIG,0.004001,0.006307,0.004065,0.003003,0.004773,0.003082,"ARIMA(0, 0, 1)",-0.01612756,0.0001042,-0.00134872,0.0,2025-W14
adj_close.csv,ARIMA,VIG,0.004001,0.006307,0.004065,0.003003,0.004773,0.003082,"ARIMA(0, 0, 1)",0.00849168,0.00118075,-0.01612756,0.0,2025-W15
adj_close.csv,ARIMA,VIG,0.004001,0.006307,0.004065,0.003003,0.004773,0.003082,"ARIMA(0, 0, 1)",-0.00120722,-0.000711,0.00849168,0.0,2025-W16
adj_close.csv,ARIMA,VIG,0.004001,0.006307,0.004065,0.003003,0.004773,0.003082,"ARIMA(0, 0, 1)",0.00515436,5.194e-05,-0.00120722,0.0,2025-W17
adj_close.csv,ARIMA,VIG,0.004001,0.006307,0.004065,0.003003,0.004773,0.003082,"ARIMA(0, 0, 1)",0.00456948,-0.00054629,0.00515436,0.0,2025-W18
adj_close.csv,ARIMA,VIG,0.004001,0.006307,0.004065,0.003003,0.004773,0.003082,"ARIMA(0, 0, 1)",-0.00082027,-0.0005076,0.00456948,0.0,2025-W19
adj_close.csv,ARIMA,VIG,0.004001,0.006307,0.004065,0.003003,0.004773,0.003082,"ARIMA(0, 0, 1)",0.00701289,3.114e-05,-0.00082027,0.0,2025-W20
adj_close.csv,ARIMA,VIG,0.004001,0.006307,0.004065,0.003003,0.004773,0.003082,"ARIMA(0, 0, 1)",-0.00483985,-0.00070416,0.00701289,0.0,2025-W21
adj_close.csv,ARIMA,VIG,0.004001,0.006307,0.004065,0.003003,0.004773,0.003082,"ARIMA(0, 0, 1)",0.00458892,0.00044215,-0.00483985,0.0,2025-W22
adj_close.csv,ARIMA,VIG,0.004001,0.006307,0.004065,0.003003,0.004773,0.003082,"ARIMA(0, 0, 1)",0.00253027,-0.00046547,0.00458892,0.0,2025-W23
adj_close.csv,ARIMA,VIG,0.004001,0.006307,0.004065,0.003003,0.004773,0.003082,"ARIMA(0, 0, 1)",1e-05,-0.00032653,0.00253027,0.0,2025-W24
adj_close.csv,ARIMA,VIG,0.004001,0.006307,0.004065,0.003003,0.004773,0.003082,"ARIMA(0, 0, 1)",-0.00191544,-3.666e-05,1e-05,0.0,2025-W25
adj_close.csv,ARIMA,VIG,0.004001,0.006307,0.004065,0.003003,0.004773,0.003082,"ARIMA(0, 0, 1)",0.00493532,0.00020545,-0.00191544,0.0,2025-W26
adj_close.csv,ARIMA,VIG,0.004001,0.006307,0.004065,0.003003,0.004773,0.003082,"ARIMA(0, 0, 1)",0.00581886,-0.00052727,0.00493532,0.0,2025-W27
adj_close.csv,ARIMA,VIG,0.004001,0.006307,0.004065,0.003003,0.004773,0.003082,"ARIMA(0, 0, 1)",-0.00181757,-0.00065654,0.00581886,0.0,2025-W28
adj_close.csv,ARIMA,VIG,0.004001,0.006307,0.004065,0.003003,0.004773,0.003082,"ARIMA(0, 0, 1)",0.00016504,0.00012156,-0.00181757,0.0,2025-W29
adj_close.csv,ARIMA,VIG,0.004001,0.006307,0.004065,0.003003,0.004773,0.003082,"ARIMA(0, 0, 1)",0.00292847,-4.6e-06,0.00016504,0.0,2025-W30
adj_close.csv,ARIMA,VIG,0.004001,0.006307,0.004065,0.003003,0.004773,0.003082,"ARIMA(0, 0, 1)",-0.00488856,-0.00031006,0.00292847,0.0,2025-W31
adj_close.csv,ARIMA,VIG,0.004001,0.006307,0.004065,0.003003,0.004773,0.003082,"ARIMA(0, 0, 1)",0.00299571,0.00049798,-0.00488856,0.0,2025-W32
adj_close.csv,ARIMA,VIG,0.004001,0.006307,0.004065,0.003003,0.004773,0.003082,"ARIMA(0, 0, 1)",0.00222727,-0.000278,0.00299571,0.0,2025-W33
adj_close.csv,ARIMA,VIG,0.004001,0.006307,0.004065,0.003003,0.004773,0.003082,"ARIMA(0, 0, 1)",0.00180575,-0.00027574,0.00222727,0.0,2025-W34
adj_close.csv,ARIMA,VIG,0.004001,0.006307,0.004065,0.003003,0.004773,0.003082,"ARIMA(0, 0, 1)",-0.00044515,-0.00022655,0.00180575,0.0,2025-W35
adj_close.csv,ARIMA,VIG,0.004001,0.006307,0.004065,0.003003,0.004773,0.003082,"ARIMA(0, 0, 1)",0.00124144,2.383e-05,-0.00044515,0.0,2025-W36
adj_close.csv,ARIMA,VIG,0.004001,0.006307,0.004065,0.003003,0.004773,0.003082,"ARIMA(0, 0, 1)",0.00341458,-0.00013295,0.00124144,0.0,2025-W37
adj_close.csv,ARIMA,VIG,0.004001,0.006307,0.004065,0.003003,0.004773,0.003082,"ARIMA(0, 0, 1)",0.00043546,-0.00038336,0.00341458,0.0,2025-W38
adj_close.csv,ARIMA,VIG,0.004001,0.006307,0.004065,0.003003,0.004773,0.003082,"ARIMA(0, 0, 1)",-0.00063965,-8.767e-05,0.00043546,0.0,2025-W39
adj_close.csv,ARIMA,VIG,0.004001,0.006307,0.004065,0.003003,0.004773,0.003082,"ARIMA(0, 0, 1)",0.00301169,5.933e-05,-0.00063965,0.0,2025-W40
adj_close.csv,ARIMA,VIG,0.004001,0.006307,0.004065,0.003003,0.004773,0.003082,"ARIMA(0, 0, 1)",-0.00483317,-0.00031848,0.00301169,0.0,2025-W41
adj_close.csv,ARIMA,VIG,0.004001,0.006307,0.004065,0.003003,0.004773,0.003082,"ARIMA(0, 0, 1)",0.00294172,0.00050073,-0.00483317,0.0,2025-W42
adj_close.csv,ARIMA,VIG,0.004001,0.006307,0.004065,0.003003,0.004773,0.003082,"ARIMA(0, 0, 1)",0.00255155,-0.00027663,0.00294172,0.0,2025-W43
adj_close.csv,ARIMA,VIG,0.004001,0.006307,0.004065,0.003003,0.004773,0.003082,"ARIMA(0, 0, 1)",-0.00133159,-0.00031658,0.00255155,0.0,2025-W44
adj_close.csv,ARIMA,VIG,0.004001,0.006307,0.004065,0.003003,0.004773,0.003082,"ARIMA(0, 0, 1)",-0.0013127,0.0001142,-0.00133159,0.0,2025-W45
adj_close.csv,ARIMA,VIG,0.004001,0.006307,0.004065,0.003003,0.004773,0.003082,"ARIMA(0, 0, 1)",0.00128505,0.00016033,-0.0013127,0.0,2025-W46
adj_close.csv,ARIMA,VIG,0.004001,0.006307,0.004065,0.003003,0.004773,0.003082,"ARIMA(0, 0, 1)",-0.0016378,-0.00012675,0.00128505,0.0,2025-W47
adj_close.csv,ARIMA,VIG,0.004001,0.006307,0.004065,0.003003,0.004773,0.003082,"ARIMA(0, 0, 1)",0.00846108,0.00017095,-0.0016378,0.0,2025-W48
adj_close.csv,ARIMA,VIG,0.004001,0.006307,0.004065,0.003003,0.004773,0.003082,"ARIMA(0, 0, 1)",-0.00097241,-0.00096354,0.00846108,0.0,2025-W49
adj_close.csv,ARIMA,VIG,0.004001,0.006307,0.004065,0.003003,0.004773,0.003082,"ARIMA(0, 0, 1)",0.00044178,1.02e-06,-0.00097241,0.0,2025-W50
adj_close.csv,ARIMA,VIG,0.004001,0.006307,0.004065,0.003003,0.004773,0.003082,"ARIMA(0, 0, 1)",-0.00128293,-5.128e-05,0.00044178,0.0,2025-W51
adj_close.csv,ARIMA,VIG,0.004001,0.006307,0.004065,0.003003,0.004773,0.003082,"ARIMA(0, 0, 1)",0.00307956,0.00014348,-0.00128293,0.0,2025-W52
adj_close.csv,ARIMA,VIG,0.004001,0.006307,0.004065,0.003003,0.004773,0.003082,"ARIMA(0, 0, 1)",-0.00214399,-0.00034451,0.00307956,0.0,2026-W01
adj_close.csv,ARIMA,VIG,0.004001,0.006307,0.004065,0.003003,0.004773,0.003082,"ARIMA(0, 0, 1)",0.0037364,0.00021307,-0.00214399,0.0,2026-W02
adj_close.csv,ARIMA,VIG,0.004001,0.006307,0.004065,0.003003,0.004773,0.003082,"ARIMA(0, 0, 1)",0.00078153,-0.00042321,0.0037364,0.0,2026-W03
adj_close.csv,ARIMA,VIG,0.004001,0.006307,0.004065,0.003003,0.004773,0.003082,"ARIMA(0, 0, 1)",-0.00278536,-0.00014317,0.00078153,0.0,2026-W04
adj_close.csv,ARIMA,VIG,0.004001,0.006307,0.004065,0.003003,0.004773,0.003082,"ARIMA(0, 0, 1)",0.0007872,0.00031654,-0.00278536,0.0,2026-W05
adj_close.csv,ARIMA,VIG,0.004001,0.006307,0.004065,0.003003,0.004773,0.003082,"ARIMA(0, 0, 1)",0.00981681,-5.646e-05,0.0007872,0.0,2026-W06
adj_close.csv,ARIMA,VLUE,0.00528,0.007281,0.005272,0.003987,0.005275,0.003956,"ARIMA(1, 0, 0)",9.331e-05,-2.45e-05,0.00069165,0.0,2024-W30
adj_close.csv,ARIMA,VLUE,0.00528,0.007281,0.005272,0.003987,0.005275,0.003956,"ARIMA(1, 0, 0)",-0.00994279,-3.3e-06,9.331e-05,0.0,2024-W31
adj_close.csv,ARIMA,VLUE,0.00528,0.007281,0.005272,0.003987,0.005275,0.003956,"ARIMA(1, 0, 0)",-0.00129807,0.00035399,-0.00994279,0.0,2024-W32
adj_close.csv,ARIMA,VLUE,0.00528,0.007281,0.005272,0.003987,0.005275,0.003956,"ARIMA(1, 0, 0)",0.00585276,4.165e-05,-0.00129807,0.0,2024-W33
adj_close.csv,ARIMA,VLUE,0.00528,0.007281,0.005272,0.003987,0.005275,0.003956,"ARIMA(1, 0, 0)",0.00473416,-0.00019725,0.00585276,0.0,2024-W34
adj_close.csv,ARIMA,VLUE,0.00528,0.007281,0.005272,0.003987,0.005275,0.003956,"ARIMA(1, 0, 0)",0.00215917,-0.00013054,0.00473416,0.0,2024-W35
adj_close.csv,ARIMA,VLUE,0.00528,0.007281,0.005272,0.003987,0.005275,0.003956,"ARIMA(1, 0, 0)",-0.01032315,-5.459e-05,0.00215917,0.0,2024-W36
adj_close.csv,ARIMA,VLUE,0.00528,0.007281,0.005272,0.003987,0.005275,0.003956,"ARIMA(1, 0, 0)",0.00502981,0.00030933,-0.01032315,0.0,2024-W37
adj_close.csv,ARIMA,VLUE,0.00528,0.007281,0.005272,0.003987,0.005275,0.003956,"ARIMA(1, 0, 0)",0.00385719,-0.00020131,0.00502981,0.0,2024-W38
adj_close.csv,ARIMA,VLUE,0.00528,0.007281,0.005272,0.003987,0.005275,0.003956,"ARIMA(1, 0, 0)",0.00286878,-0.00013821,0.00385719,0.0,2024-W39
adj_close.csv,ARIMA,VLUE,0.00528,0.007281,0.005272,0.003987,0.005275,0.003956,"ARIMA(1, 0, 0)",-0.00051403,-9.598e-05,0.00286878,0.0,2024-W40
adj_close.csv,ARIMA,VLUE,0.00528,0.007281,0.005272,0.003987,0.005275,0.003956,"ARIMA(1, 0, 0)",0.0024845,1.732e-05,-0.00051403,0.0,2024-W41
adj_close.csv,ARIMA,VLUE,0.00528,0.007281,0.005272,0.003987,0.005275,0.003956,"ARIMA(1, 0, 0)",0.00123076,-8.438e-05,0.0024845,0.0,2024-W42
adj_close.csv,ARIMA,VLUE,0.00528,0.007281,0.005272,0.003987,0.005275,0.003956,"ARIMA(1, 0, 0)",-0.0043228,-4.098e-05,0.00123076,0.0,2024-W43
adj_close.csv,ARIMA,VLUE,0.00528,0.007281,0.005272,0.003987,0.005275,0.003956,"ARIMA(1, 0, 0)",-0.0010723,0.00014857,-0.0043228,0.0,2024-W44
adj_close.csv,ARIMA,VLUE,0.00528,0.007281,0.005272,0.003987,0.005275,0.003956,"ARIMA(1, 0, 0)",0.0086702,3.57e-05,-0.0010723,0.0,2024-W45
adj_close.csv,ARIMA,VLUE,0.00528,0.007281,0.005272,0.003987,0.005275,0.003956,"ARIMA(1, 0, 0)",-0.00304065,-0.000305,0.0086702,0.0,2024-W46
adj_close.csv,ARIMA,VLUE,0.00528,0.007281,0.005272,0.003987,0.005275,0.003956,"ARIMA(1, 0, 0)",0.00561565,0.0001214,-0.00304065,0.0,2024-W47
adj_close.csv,ARIMA,VLUE,0.00528,0.007281,0.005272,0.003987,0.005275,0.003956,"ARIMA(1, 0, 0)",0.00096197,-0.00024295,0.00561565,0.0,2024-W48
adj_close.csv,ARIMA,VLUE,0.00528,0.007281,0.005272,0.003987,0.005275,0.003956,"ARIMA(1, 0, 0)",-0.00389561,-4.033e-05,0.00096197,0.0,2024-W49
adj_close.csv,ARIMA,VLUE,0.00528,0.007281,0.005272,0.003987,0.005275,0.003956,"ARIMA(1, 0, 0)",-0.0046277,0.00016617,-0.00389561,0.0,2024-W50
adj_close.csv,ARIMA,VLUE,0.00528,0.007281,0.005272,0.003987,0.005275,0.003956,"ARIMA(1, 0, 0)",-0.00640604,0.0001803,-0.0046277,0.0,2024-W51
adj_close.csv,ARIMA,VLUE,0.00528,0.007281,0.005272,0.003987,0.005275,0.003956,"ARIMA(1, 0, 0)",0.0021686,0.0002111,-0.00640604,0.0,2024-W52
adj_close.csv,ARIMA,VLUE,0.00528,0.007281,0.005272,0.003987,0.005275,0.003956,"ARIMA(1, 0, 0)",-4.692e-05,-7.678e-05,0.0021686,0.0,2025-W01
adj_close.csv,ARIMA,VLUE,0.00528,0.007281,0.005272,0.003987,0.005275,0.003956,"ARIMA(1, 0, 0)",-0.00349857,1.66e-06,-4.692e-05,0.0,2025-W02
adj_close.csv,ARIMA,VLUE,0.00528,0.007281,0.005272,0.003987,0.005275,0.003956,"ARIMA(1, 0, 0)",0.00871973,0.00012371,-0.00349857,0.0,2025-W03
adj_close.csv,ARIMA,VLUE,0.00528,0.007281,0.005272,0.003987,0.005275,0.003956,"ARIMA(1, 0, 0)",0.00303528,-0.00035943,0.00871973,0.0,2025-W04
adj_close.csv,ARIMA,VLUE,0.00528,0.007281,0.005272,0.003987,0.005275,0.003956,"ARIMA(1, 0, 0)",-0.00188202,-0.00010786,0.00303528,0.0,2025-W05
adj_close.csv,ARIMA,VLUE,0.00528,0.007281,0.005272,0.003987,0.005275,0.003956,"ARIMA(1, 0, 0)",-0.00105734,6.882e-05,-0.00188202,0.0,2025-W06
adj_close.csv,ARIMA,VLUE,0.00528,0.007281,0.005272,0.003987,0.005275,0.003956,"ARIMA(1, 0, 0)",0.0046789,3.824e-05,-0.00105734,0.0,2025-W07
adj_close.csv,ARIMA,VLUE,0.00528,0.007281,0.005272,0.003987,0.005275,0.003956,"ARIMA(1, 0, 0)",-0.00082721,-0.0001736,0.0046789,0.0,2025-W08
adj_close.csv,ARIMA,VLUE,0.00528,0.007281,0.005272,0.003987,0.005275,0.003956,"ARIMA(1, 0, 0)",-0.00086175,3.117e-05,-0.00082721,0.0,2025-W09
adj_close.csv,ARIMA,VLUE,0.00528,0.007281,0.005272,0.003987,0.005275,0.003956,"ARIMA(1, 0, 0)",-0.00436538,3.235e-05,-0.00086175,0.0,2025-W10
adj_close.csv,ARIMA,VLUE,0.00528,0.007281,0.005272,0.003987,0.005275,0.003956,"ARIMA(1, 0, 0)",-0.00373081,0.00016074,-0.00436538,0.0,2025-W11
adj_close.csv,ARIMA,VLUE,0.00528,0.007281,0.005272,0.003987,0.005275,0.003956,"ARIMA(1, 0, 0)",0.00165024,0.00012534,-0.00373081,0.0,2025-W12
adj_close.csv,ARIMA,VLUE,0.00528,0.007281,0.005272,0.003987,0.005275,0.003956,"ARIMA(1, 0, 0)",-0.00212419,-5.722e-05,0.00165024,0.0,2025-W13
adj_close.csv,ARIMA,VLUE,0.00528,0.007281,0.005272,0.003987,0.005275,0.003956,"ARIMA(1, 0, 0)",-0.01980991,7.502e-05,-0.00212419,0.0,2025-W14
adj_close.csv,ARIMA,VLUE,0.00528,0.007281,0.005272,0.003987,0.005275,0.003956,"ARIMA(1, 0, 0)",0.00529191,0.00054136,-0.01980991,0.0,2025-W15
adj_close.csv,ARIMA,VLUE,0.00528,0.007281,0.005272,0.003987,0.005275,0.003956,"ARIMA(1, 0, 0)",0.00058355,-0.00023232,0.00529191,0.0,2025-W16
adj_close.csv,ARIMA,VLUE,0.00528,0.007281,0.005272,0.003987,0.005275,0.003956,"ARIMA(1, 0, 0)",0.0057355,-2.518e-05,0.00058355,0.0,2025-W17
adj_close.csv,ARIMA,VLUE,0.00528,0.007281,0.005272,0.003987,0.005275,0.003956,"ARIMA(1, 0, 0)",0.00569055,-0.00024408,0.0057355,0.0,2025-W18
adj_close.csv,ARIMA,VLUE,0.00528,0.007281,0.005272,0.003987,0.005275,0.003956,"ARIMA(1, 0, 0)",0.00118364,-0.00020842,0.00569055,0.0,2025-W19
adj_close.csv,ARIMA,VLUE,0.00528,0.007281,0.005272,0.003987,0.005275,0.003956,"ARIMA(1, 0, 0)",0.00835088,-4.173e-05,0.00118364,0.0,2025-W20
adj_close.csv,ARIMA,VLUE,0.00528,0.007281,0.005272,0.003987,0.005275,0.003956,"ARIMA(1, 0, 0)",-0.00658841,-0.00028002,0.00835088,0.0,2025-W21
adj_close.csv,ARIMA,VLUE,0.00528,0.007281,0.005272,0.003987,0.005275,0.003956,"ARIMA(1, 0, 0)",0.00232407,0.00028033,-0.00658841,0.0,2025-W22
adj_close.csv,ARIMA,VLUE,0.00528,0.007281,0.005272,0.003987,0.005275,0.003956,"ARIMA(1, 0, 0)",0.00423561,-0.0001042,0.00232407,0.0,2025-W23
adj_close.csv,ARIMA,VLUE,0.00528,0.007281,0.005272,0.003987,0.005275,0.003956,"ARIMA(1, 0, 0)",0.00036569,-0.00018266,0.00423561,0.0,2025-W24
adj_close.csv,ARIMA,VLUE,0.00528,0.007281,0.005272,0.003987,0.005275,0.003956,"ARIMA(1, 0, 0)",0.00211984,-1.563e-05,0.00036569,0.0,2025-W25
adj_close.csv,ARIMA,VLUE,0.00528,0.007281,0.005272,0.003987,0.005275,0.003956,"ARIMA(1, 0, 0)",0.00527317,-9.03e-05,0.00211984,0.0,2025-W26
adj_close.csv,ARIMA,VLUE,0.00528,0.007281,0.005272,0.003987,0.005275,0.003956,"ARIMA(1, 0, 0)",0.00700573,-0.00021449,0.00527317,0.0,2025-W27
adj_close.csv,ARIMA,VLUE,0.00528,0.007281,0.005272,0.003987,0.005275,0.003956,"ARIMA(1, 0, 0)",-0.00124741,-0.00024008,0.00700573,0.0,2025-W28
adj_close.csv,ARIMA,VLUE,0.00528,0.007281,0.005272,0.003987,0.005275,0.003956,"ARIMA(1, 0, 0)",-0.00193847,4.422e-05,-0.00124741,0.0,2025-W29
adj_close.csv,ARIMA,VLUE,0.00528,0.007281,0.005272,0.003987,0.005275,0.003956,"ARIMA(1, 0, 0)",0.00285743,6.791e-05,-0.00193847,0.0,2025-W30
adj_close.csv,ARIMA,VLUE,0.00528,0.007281,0.005272,0.003987,0.005275,0.003956,"ARIMA(1, 0, 0)",-0.00714989,-0.00010268,0.00285743,0.0,2025-W31
adj_close.csv,ARIMA,VLUE,0.00528,0.007281,0.005272,0.003987,0.005275,0.003956,"ARIMA(1, 0, 0)",0.00511555,0.00028092,-0.00714989,0.0,2025-W32
adj_close.csv,ARIMA,VLUE,0.00528,0.007281,0.005272,0.003987,0.005275,0.003956,"ARIMA(1, 0, 0)",0.00433916,-0.00023019,0.00511555,0.0,2025-W33
adj_close.csv,ARIMA,VLUE,0.00528,0.007281,0.005272,0.003987,0.005275,0.003956,"ARIMA(1, 0, 0)",0.00419679,-0.00017857,0.00433916,0.0,2025-W34
adj_close.csv,ARIMA,VLUE,0.00528,0.007281,0.005272,0.003987,0.005275,0.003956,"ARIMA(1, 0, 0)",0.00041822,-0.00015966,0.00419679,0.0,2025-W35
adj_close.csv,ARIMA,VLUE,0.00528,0.007281,0.005272,0.003987,0.005275,0.003956,"ARIMA(1, 0, 0)",0.00154102,-1.574e-05,0.00041822,0.0,2025-W36
adj_close.csv,ARIMA,VLUE,0.00528,0.007281,0.005272,0.003987,0.005275,0.003956,"ARIMA(1, 0, 0)",0.00203249,-5.785e-05,0.00154102,0.0,2025-W37
adj_close.csv,ARIMA,VLUE,0.00528,0.007281,0.005272,0.003987,0.005275,0.003956,"ARIMA(1, 0, 0)",0.00344095,-7.523e-05,0.00203249,0.0,2025-W38
adj_close.csv,ARIMA,VLUE,0.00528,0.007281,0.005272,0.003987,0.005275,0.003956,"ARIMA(1, 0, 0)",0.00248671,-0.00012335,0.00344095,0.0,2025-W39
adj_close.csv,ARIMA,VLUE,0.00528,0.007281,0.005272,0.003987,0.005275,0.003956,"ARIMA(1, 0, 0)",0.00441219,-8.55e-05,0.00248671,0.0,2025-W40
adj_close.csv,ARIMA,VLUE,0.00528,0.007281,0.005272,0.003987,0.005275,0.003956,"ARIMA(1, 0, 0)",-0.008203,-0.00014367,0.00441219,0.0,2025-W41
adj_close.csv,ARIMA,VLUE,0.00528,0.007281,0.005272,0.003987,0.005275,0.003956,"ARIMA(1, 0, 0)",0.00578675,0.00031444,-0.008203,0.0,2025-W42
adj_close.csv,ARIMA,VLUE,0.00528,0.007281,0.005272,0.003987,0.005275,0.003956,"ARIMA(1, 0, 0)",0.00617939,-0.00026352,0.00578675,0.0,2025-W43
adj_close.csv,ARIMA,VLUE,0.00528,0.007281,0.005272,0.003987,0.005275,0.003956,"ARIMA(1, 0, 0)",0.00089148,-0.00024461,0.00617939,0.0,2025-W44
adj_close.csv,ARIMA,VLUE,0.00528,0.007281,0.005272,0.003987,0.005275,0.003956,"ARIMA(1, 0, 0)",-0.00019947,-3.43e-05,0.00089148,0.0,2025-W45
adj_close.csv,ARIMA,VLUE,0.00528,0.007281,0.005272,0.003987,0.005275,0.003956,"ARIMA(1, 0, 0)",0.00058251,7.68e-06,-0.00019947,0.0,2025-W46
adj_close.csv,ARIMA,VLUE,0.00528,0.007281,0.005272,0.003987,0.005275,0.003956,"ARIMA(1, 0, 0)",-0.00506906,-2.243e-05,0.00058251,0.0,2025-W47
adj_close.csv,ARIMA,VLUE,0.00528,0.007281,0.005272,0.003987,0.005275,0.003956,"ARIMA(1, 0, 0)",0.0120302,0.00019759,-0.00506906,0.0,2025-W48
adj_close.csv,ARIMA,VLUE,0.00528,0.007281,0.005272,0.003987,0.005275,0.003956,"ARIMA(1, 0, 0)",0.00243887,-0.00058295,0.0120302,0.0,2025-W49
adj_close.csv,ARIMA,VLUE,0.00528,0.007281,0.005272,0.003987,0.005275,0.003956,"ARIMA(1, 0, 0)",0.00216107,-0.00010448,0.00243887,0.0,2025-W50
adj_close.csv,ARIMA,VLUE,0.00528,0.007281,0.005272,0.003987,0.005275,0.003956,"ARIMA(1, 0, 0)",0.00091265,-9.074e-05,0.00216107,0.0,2025-W51
adj_close.csv,ARIMA,VLUE,0.00528,0.007281,0.005272,0.003987,0.005275,0.003956,"ARIMA(1, 0, 0)",0.00303805,-3.802e-05,0.00091265,0.0,2025-W52
adj_close.csv,ARIMA,VLUE,0.00528,0.007281,0.005272,0.003987,0.005275,0.003956,"ARIMA(1, 0, 0)",0.00196322,-0.00012523,0.00303805,0.0,2026-W01
adj_close.csv,ARIMA,VLUE,0.00528,0.007281,0.005272,0.003987,0.005275,0.003956,"ARIMA(1, 0, 0)",0.00689796,-7.901e-05,0.00196322,0.0,2026-W02
adj_close.csv,ARIMA,VLUE,0.00528,0.007281,0.005272,0.003987,0.005275,0.003956,"ARIMA(1, 0, 0)",0.00034634,-0.00026306,0.00689796,0.0,2026-W03
adj_close.csv,ARIMA,VLUE,0.00528,0.007281,0.005272,0.003987,0.005275,0.003956,"ARIMA(1, 0, 0)",0.00096705,-1.299e-05,0.00034634,0.0,2026-W04
adj_close.csv,ARIMA,VLUE,0.00528,0.007281,0.005272,0.003987,0.005275,0.003956,"ARIMA(1, 0, 0)",0.00291555,-3.621e-05,0.00096705,0.0,2026-W05
adj_close.csv,ARIMA,VLUE,0.00528,0.007281,0.005272,0.003987,0.005275,0.003956,"ARIMA(1, 0, 0)",0.01650934,-0.00010789,0.00291555,0.0,2026-W06
adj_close.csv,ARIMA,VNQ,0.004691,0.006982,0.00454,0.003509,0.005554,0.003361,"ARIMA(2, 0, 2)",0.00174931,0.00090496,0.0030185,0.0,2024-W30
adj_close.csv,ARIMA,VNQ,0.004691,0.006982,0.00454,0.003509,0.005554,0.003361,"ARIMA(2, 0, 2)",0.00376032,-0.00132368,0.00174931,0.0,2024-W31
adj_close.csv,ARIMA,VNQ,0.004691,0.006982,0.00454,0.003509,0.005554,0.003361,"ARIMA(2, 0, 2)",-0.00039483,0.00057724,0.00376032,0.0,2024-W32
adj_close.csv,ARIMA,VNQ,0.004691,0.006982,0.00454,0.003509,0.005554,0.003361,"ARIMA(2, 0, 2)",0.00052627,0.00024421,-0.00039483,0.0,2024-W33
adj_close.csv,ARIMA,VNQ,0.004691,0.006982,0.00454,0.003509,0.005554,0.003361,"ARIMA(2, 0, 2)",0.00741582,-0.00080663,0.00052627,0.0,2024-W34
adj_close.csv,ARIMA,VNQ,0.004691,0.006982,0.00454,0.003509,0.005554,0.003361,"ARIMA(2, 0, 2)",0.00073718,0.00038161,0.00741582,0.0,2024-W35
adj_close.csv,ARIMA,VNQ,0.004691,0.006982,0.00454,0.003509,0.005554,0.003361,"ARIMA(2, 0, 2)",-0.00047349,0.00056689,0.00073718,0.0,2024-W36
adj_close.csv,ARIMA,VNQ,0.004691,0.006982,0.00454,0.003509,0.005554,0.003361,"ARIMA(2, 0, 2)",0.00762532,-0.00073964,-0.00047349,0.0,2024-W37
adj_close.csv,ARIMA,VNQ,0.004691,0.006982,0.00454,0.003509,0.005554,0.003361,"ARIMA(2, 0, 2)",-0.00173093,0.00010488,0.00762532,0.0,2024-W38
adj_close.csv,ARIMA,VNQ,0.004691,0.006982,0.00454,0.003509,0.005554,0.003361,"ARIMA(2, 0, 2)",-0.00064724,0.00081905,-0.00173093,0.0,2024-W39
adj_close.csv,ARIMA,VNQ,0.004691,0.006982,0.00454,0.003509,0.005554,0.003361,"ARIMA(2, 0, 2)",-0.00323313,-0.00093409,-0.00064724,0.0,2024-W40
adj_close.csv,ARIMA,VNQ,0.004691,0.006982,0.00454,0.003509,0.005554,0.003361,"ARIMA(2, 0, 2)",-0.00069513,0.00061477,-0.00323313,0.0,2024-W41
adj_close.csv,ARIMA,VNQ,0.004691,0.006982,0.00454,0.003509,0.005554,0.003361,"ARIMA(2, 0, 2)",0.00567929,-0.00040741,-0.00069513,0.0,2024-W42
adj_close.csv,ARIMA,VNQ,0.004691,0.006982,0.00454,0.003509,0.005554,0.003361,"ARIMA(2, 0, 2)",-0.00366375,-0.00012276,0.00567929,0.0,2024-W43
adj_close.csv,ARIMA,VNQ,0.004691,0.006982,0.00454,0.003509,0.005554,0.003361,"ARIMA(2, 0, 2)",-0.00557091,0.00088145,-0.00366375,0.0,2024-W44
adj_close.csv,ARIMA,VNQ,0.004691,0.006982,0.00454,0.003509,0.005554,0.003361,"ARIMA(2, 0, 2)",0.00586317,-0.00094441,-0.00557091,0.0,2024-W45
adj_close.csv,ARIMA,VNQ,0.004691,0.006982,0.00454,0.003509,0.005554,0.003361,"ARIMA(2, 0, 2)",-0.00438653,-0.00013155,0.00586317,0.0,2024-W46
adj_close.csv,ARIMA,VNQ,0.004691,0.006982,0.00454,0.003509,0.005554,0.003361,"ARIMA(2, 0, 2)",0.00513604,0.00106101,-0.00438653,0.0,2024-W47
adj_close.csv,ARIMA,VNQ,0.004691,0.006982,0.00454,0.003509,0.005554,0.003361,"ARIMA(2, 0, 2)",0.00493844,-0.00142551,0.00513604,0.0,2024-W48
adj_close.csv,ARIMA,VNQ,0.004691,0.006982,0.00454,0.003509,0.005554,0.003361,"ARIMA(2, 0, 2)",-0.00526427,0.00094135,0.00493844,0.0,2024-W49
adj_close.csv,ARIMA,VNQ,0.004691,0.006982,0.00454,0.003509,0.005554,0.003361,"ARIMA(2, 0, 2)",-0.00371594,0.00027817,-0.00526427,0.0,2024-W50
adj_close.csv,ARIMA,VNQ,0.004691,0.006982,0.00454,0.003509,0.005554,0.003361,"ARIMA(2, 0, 2)",-0.00987208,-0.00072464,-0.00371594,0.0,2024-W51
adj_close.csv,ARIMA,VNQ,0.004691,0.006982,0.00454,0.003509,0.005554,0.003361,"ARIMA(2, 0, 2)",0.00077869,0.0009299,-0.00987208,0.0,2024-W52
adj_close.csv,ARIMA,VNQ,0.004691,0.006982,0.00454,0.003509,0.005554,0.003361,"ARIMA(2, 0, 2)",0.00196408,-0.00115143,0.00077869,0.0,2025-W01
adj_close.csv,ARIMA,VNQ,0.004691,0.006982,0.00454,0.003509,0.005554,0.003361,"ARIMA(2, 0, 2)",-0.01114469,0.00078078,0.00196408,0.0,2025-W02
adj_close.csv,ARIMA,VNQ,0.004691,0.006982,0.00454,0.003509,0.005554,0.003361,"ARIMA(2, 0, 2)",0.00936246,0.00053363,-0.01114469,0.0,2025-W03
adj_close.csv,ARIMA,VNQ,0.004691,0.006982,0.00454,0.003509,0.005554,0.003361,"ARIMA(2, 0, 2)",0.00293859,-0.00176872,0.00936246,0.0,2025-W04
adj_close.csv,ARIMA,VNQ,0.004691,0.006982,0.00454,0.003509,0.005554,0.003361,"ARIMA(2, 0, 2)",-0.00035309,0.00160444,0.00293859,0.0,2025-W05
adj_close.csv,ARIMA,VNQ,0.004691,0.006982,0.00454,0.003509,0.005554,0.003361,"ARIMA(2, 0, 2)",0.0023713,-0.00032183,-0.00035309,0.0,2025-W06
adj_close.csv,ARIMA,VNQ,0.004691,0.006982,0.00454,0.003509,0.005554,0.003361,"ARIMA(2, 0, 2)",0.0,-0.00053568,0.0023713,0.0,2025-W07
adj_close.csv,ARIMA,VNQ,0.004691,0.006982,0.00454,0.003509,0.005554,0.003361,"ARIMA(2, 0, 2)",2.728e-05,0.00064713,0.0,0.0,2025-W08
adj_close.csv,ARIMA,VNQ,0.004691,0.006982,0.00454,0.003509,0.005554,0.003361,"ARIMA(2, 0, 2)",0.00487253,-0.0003023,2.728e-05,0.0,2025-W09
adj_close.csv,ARIMA,VNQ,0.004691,0.006982,0.00454,0.003509,0.005554,0.003361,"ARIMA(2, 0, 2)",-0.00317739,-0.00023553,0.00487253,0.0,2025-W10
adj_close.csv,ARIMA,VNQ,0.004691,0.006982,0.00454,0.003509,0.005554,0.003361,"ARIMA(2, 0, 2)",-0.00492933,0.00065388,-0.00317739,0.0,2025-W11
adj_close.csv,ARIMA,VNQ,0.004691,0.006982,0.00454,0.003509,0.005554,0.003361,"ARIMA(2, 0, 2)",0.00022166,-0.00037863,-0.00492933,0.0,2025-W12
adj_close.csv,ARIMA,VNQ,0.004691,0.006982,0.00454,0.003509,0.005554,0.003361,"ARIMA(2, 0, 2)",0.00079943,-0.00021225,0.00022166,0.0,2025-W13
adj_close.csv,ARIMA,VNQ,0.004691,0.006982,0.00454,0.003509,0.005554,0.003361,"ARIMA(2, 0, 2)",-0.01267744,0.00031152,0.00079943,0.0,2025-W14
adj_close.csv,ARIMA,VNQ,0.004691,0.006982,0.00454,0.003509,0.005554,0.003361,"ARIMA(2, 0, 2)",-0.00135855,0.0005358,-0.01267744,0.0,2025-W15
adj_close.csv,ARIMA,VNQ,0.004691,0.006982,0.00454,0.003509,0.005554,0.003361,"ARIMA(2, 0, 2)",0.00941625,-0.0009944,-0.00135855,0.0,2025-W16
adj_close.csv,ARIMA,VNQ,0.004691,0.006982,0.00454,0.003509,0.005554,0.003361,"ARIMA(2, 0, 2)",0.00039116,0.00010351,0.00941625,0.0,2025-W17
adj_close.csv,ARIMA,VNQ,0.004691,0.006982,0.00454,0.003509,0.005554,0.003361,"ARIMA(2, 0, 2)",0.00611183,0.00037929,0.00039116,0.0,2025-W18
adj_close.csv,ARIMA,VNQ,0.004691,0.006982,0.00454,0.003509,0.005554,0.003361,"ARIMA(2, 0, 2)",-0.00122992,-0.00082865,0.00611183,0.0,2025-W19
adj_close.csv,ARIMA,VNQ,0.004691,0.006982,0.00454,0.003509,0.005554,0.003361,"ARIMA(2, 0, 2)",0.00254099,0.00058956,-0.00122992,0.0,2025-W20
adj_close.csv,ARIMA,VNQ,0.004691,0.006982,0.00454,0.003509,0.005554,0.003361,"ARIMA(2, 0, 2)",-0.00723911,-0.00035979,0.00254099,0.0,2025-W21
adj_close.csv,ARIMA,VNQ,0.004691,0.006982,0.00454,0.003509,0.005554,0.003361,"ARIMA(2, 0, 2)",0.00632086,0.00042899,-0.00723911,0.0,2025-W22
adj_close.csv,ARIMA,VNQ,0.004691,0.006982,0.00454,0.003509,0.005554,0.003361,"ARIMA(2, 0, 2)",0.00122774,-0.00070327,0.00632086,0.0,2025-W23
adj_close.csv,ARIMA,VNQ,0.004691,0.006982,0.00454,0.003509,0.005554,0.003361,"ARIMA(2, 0, 2)",-8.903e-05,0.00042222,0.00122774,0.0,2025-W24
adj_close.csv,ARIMA,VNQ,0.004691,0.006982,0.00454,0.003509,0.005554,0.003361,"ARIMA(2, 0, 2)",0.0,-0.00018982,-8.903e-05,0.0,2025-W25
adj_close.csv,ARIMA,VNQ,0.004691,0.006982,0.00454,0.003509,0.005554,0.003361,"ARIMA(2, 0, 2)",-0.00105061,-0.00018276,0.0,0.0,2025-W26
adj_close.csv,ARIMA,VNQ,0.004691,0.006982,0.00454,0.003509,0.005554,0.003361,"ARIMA(2, 0, 2)",0.00428556,0.0001119,-0.00105061,0.0,2025-W27
adj_close.csv,ARIMA,VNQ,0.004691,0.006982,0.00454,0.003509,0.005554,0.003361,"ARIMA(2, 0, 2)",-0.00057845,-0.00047906,0.00428556,0.0,2025-W28
adj_close.csv,ARIMA,VNQ,0.004691,0.006982,0.00454,0.003509,0.005554,0.003361,"ARIMA(2, 0, 2)",0.00040066,0.00041906,-0.00057845,0.0,2025-W29
adj_close.csv,ARIMA,VNQ,0.004691,0.006982,0.00454,0.003509,0.005554,0.003361,"ARIMA(2, 0, 2)",0.00394134,-0.00020453,0.00040066,0.0,2025-W30
adj_close.csv,ARIMA,VNQ,0.004691,0.006982,0.00454,0.003509,0.005554,0.003361,"ARIMA(2, 0, 2)",-0.00622249,6.867e-05,0.00394134,0.0,2025-W31
adj_close.csv,ARIMA,VNQ,0.004691,0.006982,0.00454,0.003509,0.005554,0.003361,"ARIMA(2, 0, 2)",0.00031464,0.00048397,-0.00622249,0.0,2025-W32
adj_close.csv,ARIMA,VNQ,0.004691,0.006982,0.00454,0.003509,0.005554,0.003361,"ARIMA(2, 0, 2)",0.00136519,-0.00074201,0.00031464,0.0,2025-W33
adj_close.csv,ARIMA,VNQ,0.004691,0.006982,0.00454,0.003509,0.005554,0.003361,"ARIMA(2, 0, 2)",0.00552141,0.00031705,0.00136519,0.0,2025-W34
adj_close.csv,ARIMA,VNQ,0.004691,0.006982,0.00454,0.003509,0.005554,0.003361,"ARIMA(2, 0, 2)",0.00013013,-0.00024774,0.00552141,0.0,2025-W35
adj_close.csv,ARIMA,VNQ,0.004691,0.006982,0.00454,0.003509,0.005554,0.003361,"ARIMA(2, 0, 2)",0.00062261,-2.934e-05,0.00013013,0.0,2025-W36
adj_close.csv,ARIMA,VNQ,0.004691,0.006982,0.00454,0.003509,0.005554,0.003361,"ARIMA(2, 0, 2)",0.00073401,0.00018038,0.00062261,0.0,2025-W37
adj_close.csv,ARIMA,VNQ,0.004691,0.006982,0.00454,0.003509,0.005554,0.003361,"ARIMA(2, 0, 2)",-0.00251548,-0.00022893,0.00073401,0.0,2025-W38
adj_close.csv,ARIMA,VNQ,0.004691,0.006982,0.00454,0.003509,0.005554,0.003361,"ARIMA(2, 0, 2)",0.00052161,0.00035052,-0.00251548,0.0,2025-W39
adj_close.csv,ARIMA,VNQ,0.004691,0.006982,0.00454,0.003509,0.005554,0.003361,"ARIMA(2, 0, 2)",0.00087701,-0.00026902,0.00052161,0.0,2025-W40
adj_close.csv,ARIMA,VNQ,0.004691,0.006982,0.00454,0.003509,0.005554,0.003361,"ARIMA(2, 0, 2)",-0.00733026,5.469e-05,0.00087701,0.0,2025-W41
adj_close.csv,ARIMA,VNQ,0.004691,0.006982,0.00454,0.003509,0.005554,0.003361,"ARIMA(2, 0, 2)",0.00678259,0.00049125,-0.00733026,0.0,2025-W42
adj_close.csv,ARIMA,VNQ,0.004691,0.006982,0.00454,0.003509,0.005554,0.003361,"ARIMA(2, 0, 2)",0.00274513,-0.00107255,0.00678259,0.0,2025-W43
adj_close.csv,ARIMA,VNQ,0.004691,0.006982,0.00454,0.003509,0.005554,0.003361,"ARIMA(2, 0, 2)",-0.00715895,0.00078517,0.00274513,0.0,2025-W44
adj_close.csv,ARIMA,VNQ,0.004691,0.006982,0.00454,0.003509,0.005554,0.003361,"ARIMA(2, 0, 2)",0.00234105,0.0004047,-0.00715895,0.0,2025-W45
adj_close.csv,ARIMA,VNQ,0.004691,0.006982,0.00454,0.003509,0.005554,0.003361,"ARIMA(2, 0, 2)",-0.00142368,-0.00086795,0.00234105,0.0,2025-W46
adj_close.csv,ARIMA,VNQ,0.004691,0.006982,0.00454,0.003509,0.005554,0.003361,"ARIMA(2, 0, 2)",-4.464e-05,0.00077128,-0.00142368,0.0,2025-W47
adj_close.csv,ARIMA,VNQ,0.004691,0.006982,0.00454,0.003509,0.005554,0.003361,"ARIMA(2, 0, 2)",0.00489207,-0.00031116,-4.464e-05,0.0,2025-W48
adj_close.csv,ARIMA,VNQ,0.004691,0.006982,0.00454,0.003509,0.005554,0.003361,"ARIMA(2, 0, 2)",-0.00322267,-0.00042393,0.00489207,0.0,2025-W49
adj_close.csv,ARIMA,VNQ,0.004691,0.006982,0.00454,0.003509,0.005554,0.003361,"ARIMA(2, 0, 2)",-0.00095912,0.00076773,-0.00322267,0.0,2025-W50
adj_close.csv,ARIMA,VNQ,0.004691,0.006982,0.00454,0.003509,0.005554,0.003361,"ARIMA(2, 0, 2)",-0.00193217,-0.00044438,-0.00095912,0.0,2025-W51
adj_close.csv,ARIMA,VNQ,0.004691,0.006982,0.00454,0.003509,0.005554,0.003361,"ARIMA(2, 0, 2)",0.00303149,0.00022927,-0.00193217,0.0,2025-W52
adj_close.csv,ARIMA,VNQ,0.004691,0.006982,0.00454,0.003509,0.005554,0.003361,"ARIMA(2, 0, 2)",-0.00095841,-0.00017786,0.00303149,0.0,2026-W01
adj_close.csv,ARIMA,VNQ,0.004691,0.006982,0.00454,0.003509,0.005554,0.003361,"ARIMA(2, 0, 2)",0.00213498,3.23e-05,-0.00095841,0.0,2026-W02
adj_close.csv,ARIMA,VNQ,0.004691,0.006982,0.00454,0.003509,0.005554,0.003361,"ARIMA(2, 0, 2)",0.00692035,-6.158e-05,0.00213498,0.0,2026-W03
adj_close.csv,ARIMA,VNQ,0.004691,0.006982,0.00454,0.003509,0.005554,0.003361,"ARIMA(2, 0, 2)",-0.00567834,-0.00039773,0.00692035,0.0,2026-W04
adj_close.csv,ARIMA,VNQ,0.004691,0.006982,0.00454,0.003509,0.005554,0.003361,"ARIMA(2, 0, 2)",0.00057351,0.00080744,-0.00567834,0.0,2026-W05
adj_close.csv,ARIMA,VNQ,0.004691,0.006982,0.00454,0.003509,0.005554,0.003361,"ARIMA(2, 0, 2)",-0.01040641,-0.00053795,0.00057351,0.0,2026-W06
adj_close.csv,ARIMA,VOO,0.004577,0.007174,0.004633,0.0034,0.005218,0.003441,"ARIMA(1, 0, 0)",-0.00167981,0.00031151,-0.00392517,0.0,2024-W30
adj_close.csv,ARIMA,VOO,0.004577,0.007174,0.004633,0.0034,0.005218,0.003441,"ARIMA(1, 0, 0)",-0.00420923,0.00013011,-0.00167981,0.0,2024-W31
adj_close.csv,ARIMA,VOO,0.004577,0.007174,0.004633,0.0034,0.005218,0.003441,"ARIMA(1, 0, 0)",-3.675e-05,0.00031852,-0.00420923,0.0,2024-W32
adj_close.csv,ARIMA,VOO,0.004577,0.007174,0.004633,0.0034,0.005218,0.003441,"ARIMA(1, 0, 0)",0.00785876,2.77e-06,-3.675e-05,0.0,2024-W33
adj_close.csv,ARIMA,VOO,0.004577,0.007174,0.004633,0.0034,0.005218,0.003441,"ARIMA(1, 0, 0)",0.00281062,-0.00059239,0.00785876,0.0,2024-W34
adj_close.csv,ARIMA,VOO,0.004577,0.007174,0.004633,0.0034,0.005218,0.003441,"ARIMA(1, 0, 0)",0.00053352,-0.00019387,0.00281062,0.0,2024-W35
adj_close.csv,ARIMA,VOO,0.004577,0.007174,0.004633,0.0034,0.005218,0.003441,"ARIMA(1, 0, 0)",-0.01054677,-3.654e-05,0.00053352,0.0,2024-W36
adj_close.csv,ARIMA,VOO,0.004577,0.007174,0.004633,0.0034,0.005218,0.003441,"ARIMA(1, 0, 0)",0.00786908,0.00073645,-0.01054677,0.0,2024-W37
adj_close.csv,ARIMA,VOO,0.004577,0.007174,0.004633,0.0034,0.005218,0.003441,"ARIMA(1, 0, 0)",0.00281037,-0.00068728,0.00786908,0.0,2024-W38
adj_close.csv,ARIMA,VOO,0.004577,0.007174,0.004633,0.0034,0.005218,0.003441,"ARIMA(1, 0, 0)",0.00119401,-0.0002277,0.00281037,0.0,2024-W39
adj_close.csv,ARIMA,VOO,0.004577,0.007174,0.004633,0.0034,0.005218,0.003441,"ARIMA(1, 0, 0)",0.00048287,-9.565e-05,0.00119401,0.0,2024-W40
adj_close.csv,ARIMA,VOO,0.004577,0.007174,0.004633,0.0034,0.005218,0.003441,"ARIMA(1, 0, 0)",0.00228816,-3.861e-05,0.00048287,0.0,2024-W41
adj_close.csv,ARIMA,VOO,0.004577,0.007174,0.004633,0.0034,0.005218,0.003441,"ARIMA(1, 0, 0)",0.00173822,-0.00018235,0.00228816,0.0,2024-W42
adj_close.csv,ARIMA,VOO,0.004577,0.007174,0.004633,0.0034,0.005218,0.003441,"ARIMA(1, 0, 0)",-0.00190719,-0.00013678,0.00173822,0.0,2024-W43
adj_close.csv,ARIMA,VOO,0.004577,0.007174,0.004633,0.0034,0.005218,0.003441,"ARIMA(1, 0, 0)",-0.00276966,0.00015141,-0.00190719,0.0,2024-W44
adj_close.csv,ARIMA,VOO,0.004577,0.007174,0.004633,0.0034,0.005218,0.003441,"ARIMA(1, 0, 0)",0.0093087,0.00021636,-0.00276966,0.0,2024-W45
adj_close.csv,ARIMA,VOO,0.004577,0.007174,0.004633,0.0034,0.005218,0.003441,"ARIMA(1, 0, 0)",-0.004208,-0.00078062,0.0093087,0.0,2024-W46
adj_close.csv,ARIMA,VOO,0.004577,0.007174,0.004633,0.0034,0.005218,0.003441,"ARIMA(1, 0, 0)",0.00330405,0.00038289,-0.004208,0.0,2024-W47
adj_close.csv,ARIMA,VOO,0.004577,0.007174,0.004633,0.0034,0.005218,0.003441,"ARIMA(1, 0, 0)",0.00271594,-0.00030968,0.00330405,0.0,2024-W48
adj_close.csv,ARIMA,VOO,0.004577,0.007174,0.004633,0.0034,0.005218,0.003441,"ARIMA(1, 0, 0)",0.00193119,-0.00024853,0.00271594,0.0,2024-W49
adj_close.csv,ARIMA,VOO,0.004577,0.007174,0.004633,0.0034,0.005218,0.003441,"ARIMA(1, 0, 0)",-0.00115214,-0.00017418,0.00193119,0.0,2024-W50
adj_close.csv,ARIMA,VOO,0.004577,0.007174,0.004633,0.0034,0.005218,0.003441,"ARIMA(1, 0, 0)",-0.00384149,0.0001044,-0.00115214,0.0,2024-W51
adj_close.csv,ARIMA,VOO,0.004577,0.007174,0.004633,0.0034,0.005218,0.003441,"ARIMA(1, 0, 0)",0.00173292,0.00034422,-0.00384149,0.0,2024-W52
adj_close.csv,ARIMA,VOO,0.004577,0.007174,0.004633,0.0034,0.005218,0.003441,"ARIMA(1, 0, 0)",-0.00122773,-0.00015732,0.00173292,0.0,2025-W01
adj_close.csv,ARIMA,VOO,0.004577,0.007174,0.004633,0.0034,0.005218,0.003441,"ARIMA(1, 0, 0)",-0.0048736,0.00011196,-0.00122773,0.0,2025-W02
adj_close.csv,ARIMA,VOO,0.004577,0.007174,0.004633,0.0034,0.005218,0.003441,"ARIMA(1, 0, 0)",0.00574923,0.00043786,-0.0048736,0.0,2025-W03
adj_close.csv,ARIMA,VOO,0.004577,0.007174,0.004633,0.0034,0.005218,0.003441,"ARIMA(1, 0, 0)",0.00430787,-0.00054918,0.00574923,0.0,2025-W04
adj_close.csv,ARIMA,VOO,0.004577,0.007174,0.004633,0.0034,0.005218,0.003441,"ARIMA(1, 0, 0)",-0.00204257,-0.0003853,0.00430787,0.0,2025-W05
adj_close.csv,ARIMA,VOO,0.004577,0.007174,0.004633,0.0034,0.005218,0.003441,"ARIMA(1, 0, 0)",-0.00040885,0.00018585,-0.00204257,0.0,2025-W06
adj_close.csv,ARIMA,VOO,0.004577,0.007174,0.004633,0.0034,0.005218,0.003441,"ARIMA(1, 0, 0)",0.00305155,3.709e-05,-0.00040885,0.0,2025-W07
adj_close.csv,ARIMA,VOO,0.004577,0.007174,0.004633,0.0034,0.005218,0.003441,"ARIMA(1, 0, 0)",-0.00401825,-0.00027767,0.00305155,0.0,2025-W08
adj_close.csv,ARIMA,VOO,0.004577,0.007174,0.004633,0.0034,0.005218,0.003441,"ARIMA(1, 0, 0)",-0.00197439,0.00037555,-0.00401825,0.0,2025-W09
adj_close.csv,ARIMA,VOO,0.004577,0.007174,0.004633,0.0034,0.005218,0.003441,"ARIMA(1, 0, 0)",-0.00625422,0.00018051,-0.00197439,0.0,2025-W10
adj_close.csv,ARIMA,VOO,0.004577,0.007174,0.004633,0.0034,0.005218,0.003441,"ARIMA(1, 0, 0)",-0.00460396,0.00055469,-0.00625422,0.0,2025-W11
adj_close.csv,ARIMA,VOO,0.004577,0.007174,0.004633,0.0034,0.005218,0.003441,"ARIMA(1, 0, 0)",0.0010793,0.0003766,-0.00460396,0.0,2025-W12
adj_close.csv,ARIMA,VOO,0.004577,0.007174,0.004633,0.0034,0.005218,0.003441,"ARIMA(1, 0, 0)",-0.00297793,-8.903e-05,0.0010793,0.0,2025-W13
adj_close.csv,ARIMA,VOO,0.004577,0.007174,0.004633,0.0034,0.005218,0.003441,"ARIMA(1, 0, 0)",-0.01856462,0.00024761,-0.00297793,0.0,2025-W14
adj_close.csv,ARIMA,VOO,0.004577,0.007174,0.004633,0.0034,0.005218,0.003441,"ARIMA(1, 0, 0)",0.01047442,0.00132298,-0.01856462,0.0,2025-W15
adj_close.csv,ARIMA,VOO,0.004577,0.007174,0.004633,0.0034,0.005218,0.003441,"ARIMA(1, 0, 0)",-0.00341222,-0.00109828,0.01047442,0.0,2025-W16
adj_close.csv,ARIMA,VOO,0.004577,0.007174,0.004633,0.0034,0.005218,0.003441,"ARIMA(1, 0, 0)",0.00897516,0.00037379,-0.00341222,0.0,2025-W17
adj_close.csv,ARIMA,VOO,0.004577,0.007174,0.004633,0.0034,0.005218,0.003441,"ARIMA(1, 0, 0)",0.00568787,-0.00103403,0.00897516,0.0,2025-W18
adj_close.csv,ARIMA,VOO,0.004577,0.007174,0.004633,0.0034,0.005218,0.003441,"ARIMA(1, 0, 0)",-0.00079281,-0.00059006,0.00568787,0.0,2025-W19
adj_close.csv,ARIMA,VOO,0.004577,0.007174,0.004633,0.0034,0.005218,0.003441,"ARIMA(1, 0, 0)",0.01037313,8.242e-05,-0.00079281,0.0,2025-W20
adj_close.csv,ARIMA,VOO,0.004577,0.007174,0.004633,0.0034,0.005218,0.003441,"ARIMA(1, 0, 0)",-0.00513995,-0.00109437,0.01037313,0.0,2025-W21
adj_close.csv,ARIMA,VOO,0.004577,0.007174,0.004633,0.0034,0.005218,0.003441,"ARIMA(1, 0, 0)",0.00435697,0.00058221,-0.00513995,0.0,2025-W22
adj_close.csv,ARIMA,VOO,0.004577,0.007174,0.004633,0.0034,0.005218,0.003441,"ARIMA(1, 0, 0)",0.00325889,-0.0005091,0.00435697,0.0,2025-W23
adj_close.csv,ARIMA,VOO,0.004577,0.007174,0.004633,0.0034,0.005218,0.003441,"ARIMA(1, 0, 0)",-0.00068762,-0.00037096,0.00325889,0.0,2025-W24
adj_close.csv,ARIMA,VOO,0.004577,0.007174,0.004633,0.0034,0.005218,0.003441,"ARIMA(1, 0, 0)",-0.00047885,7.84e-05,-0.00068762,0.0,2025-W25
adj_close.csv,ARIMA,VOO,0.004577,0.007174,0.004633,0.0034,0.005218,0.003441,"ARIMA(1, 0, 0)",0.00690145,5.457e-05,-0.00047885,0.0,2025-W26
adj_close.csv,ARIMA,VOO,0.004577,0.007174,0.004633,0.0034,0.005218,0.003441,"ARIMA(1, 0, 0)",0.00439096,-0.00079057,0.00690145,0.0,2025-W27
adj_close.csv,ARIMA,VOO,0.004577,0.007174,0.004633,0.0034,0.005218,0.003441,"ARIMA(1, 0, 0)",-0.00069659,-0.00047447,0.00439096,0.0,2025-W28
adj_close.csv,ARIMA,VOO,0.004577,0.007174,0.004633,0.0034,0.005218,0.003441,"ARIMA(1, 0, 0)",0.0012868,7.539e-05,-0.00069659,0.0,2025-W29
adj_close.csv,ARIMA,VOO,0.004577,0.007174,0.004633,0.0034,0.005218,0.003441,"ARIMA(1, 0, 0)",0.00297985,-0.00013947,0.0012868,0.0,2025-W30
adj_close.csv,ARIMA,VOO,0.004577,0.007174,0.004633,0.0034,0.005218,0.003441,"ARIMA(1, 0, 0)",-0.00488516,-0.0003208,0.00297985,0.0,2025-W31
adj_close.csv,ARIMA,VOO,0.004577,0.007174,0.004633,0.0034,0.005218,0.003441,"ARIMA(1, 0, 0)",0.00493981,0.00053793,-0.00488516,0.0,2025-W32
adj_close.csv,ARIMA,VOO,0.004577,0.007174,0.004633,0.0034,0.005218,0.003441,"ARIMA(1, 0, 0)",0.00198079,-0.00056306,0.00493981,0.0,2025-W33
adj_close.csv,ARIMA,VOO,0.004577,0.007174,0.004633,0.0034,0.005218,0.003441,"ARIMA(1, 0, 0)",0.0005537,-0.00022132,0.00198079,0.0,2025-W34
adj_close.csv,ARIMA,VOO,0.004577,0.007174,0.004633,0.0034,0.005218,0.003441,"ARIMA(1, 0, 0)",-4.384e-05,-6.171e-05,0.0005537,0.0,2025-W35
adj_close.csv,ARIMA,VOO,0.004577,0.007174,0.004633,0.0034,0.005218,0.003441,"ARIMA(1, 0, 0)",0.00079124,4.89e-06,-4.384e-05,0.0,2025-W36
adj_close.csv,ARIMA,VOO,0.004577,0.007174,0.004633,0.0034,0.005218,0.003441,"ARIMA(1, 0, 0)",0.00316164,-8.819e-05,0.00079124,0.0,2025-W37
adj_close.csv,ARIMA,VOO,0.004577,0.007174,0.004633,0.0034,0.005218,0.003441,"ARIMA(1, 0, 0)",0.00241406,-0.00035095,0.00316164,0.0,2025-W38
adj_close.csv,ARIMA,VOO,0.004577,0.007174,0.004633,0.0034,0.005218,0.003441,"ARIMA(1, 0, 0)",-0.00053031,-0.0002642,0.00241406,0.0,2025-W39
adj_close.csv,ARIMA,VOO,0.004577,0.007174,0.004633,0.0034,0.005218,0.003441,"ARIMA(1, 0, 0)",0.00224891,5.81e-05,-0.00053031,0.0,2025-W40
adj_close.csv,ARIMA,VOO,0.004577,0.007174,0.004633,0.0034,0.005218,0.003441,"ARIMA(1, 0, 0)",-0.00486612,-0.00024685,0.00224891,0.0,2025-W41
adj_close.csv,ARIMA,VOO,0.004577,0.007174,0.004633,0.0034,0.005218,0.003441,"ARIMA(1, 0, 0)",0.00338496,0.00054313,-0.00486612,0.0,2025-W42
adj_close.csv,ARIMA,VOO,0.004577,0.007174,0.004633,0.0034,0.005218,0.003441,"ARIMA(1, 0, 0)",0.00382397,-0.00038612,0.00338496,0.0,2025-W43
adj_close.csv,ARIMA,VOO,0.004577,0.007174,0.004633,0.0034,0.005218,0.003441,"ARIMA(1, 0, 0)",0.00143727,-0.00042654,0.00382397,0.0,2025-W44
adj_close.csv,ARIMA,VOO,0.004577,0.007174,0.004633,0.0034,0.005218,0.003441,"ARIMA(1, 0, 0)",-0.00326392,-0.00015851,0.00143727,0.0,2025-W45
adj_close.csv,ARIMA,VOO,0.004577,0.007174,0.004633,0.0034,0.005218,0.003441,"ARIMA(1, 0, 0)",0.00030453,0.00036254,-0.00326392,0.0,2025-W46
adj_close.csv,ARIMA,VOO,0.004577,0.007174,0.004633,0.0034,0.005218,0.003441,"ARIMA(1, 0, 0)",-0.00388979,-3.382e-05,0.00030453,0.0,2025-W47
adj_close.csv,ARIMA,VOO,0.004577,0.007174,0.004633,0.0034,0.005218,0.003441,"ARIMA(1, 0, 0)",0.00910709,0.00043273,-0.00388979,0.0,2025-W48
adj_close.csv,ARIMA,VOO,0.004577,0.007174,0.004633,0.0034,0.005218,0.003441,"ARIMA(1, 0, 0)",0.00065772,-0.00106717,0.00910709,0.0,2025-W49
adj_close.csv,ARIMA,VOO,0.004577,0.007174,0.004633,0.0034,0.005218,0.003441,"ARIMA(1, 0, 0)",-0.00114844,-7.528e-05,0.00065772,0.0,2025-W50
adj_close.csv,ARIMA,VOO,0.004577,0.007174,0.004633,0.0034,0.005218,0.003441,"ARIMA(1, 0, 0)",0.00022002,0.00013159,-0.00114844,0.0,2025-W51
adj_close.csv,ARIMA,VOO,0.004577,0.007174,0.004633,0.0034,0.005218,0.003441,"ARIMA(1, 0, 0)",0.00358995,-2.521e-05,0.00022002,0.0,2025-W52
adj_close.csv,ARIMA,VOO,0.004577,0.007174,0.004633,0.0034,0.005218,0.003441,"ARIMA(1, 0, 0)",-0.00258883,-0.00041091,0.00358995,0.0,2026-W01
adj_close.csv,ARIMA,VOO,0.004577,0.007174,0.004633,0.0034,0.005218,0.003441,"ARIMA(1, 0, 0)",0.00316126,0.00029982,-0.00258883,0.0,2026-W02
adj_close.csv,ARIMA,VOO,0.004577,0.007174,0.004633,0.0034,0.005218,0.003441,"ARIMA(1, 0, 0)",-0.00069679,-0.00037016,0.00316126,0.0,2026-W03
adj_close.csv,ARIMA,VOO,0.004577,0.007174,0.004633,0.0034,0.005218,0.003441,"ARIMA(1, 0, 0)",-0.00088982,8.171e-05,-0.00069679,0.0,2026-W04
adj_close.csv,ARIMA,VOO,0.004577,0.007174,0.004633,0.0034,0.005218,0.003441,"ARIMA(1, 0, 0)",0.00075271,0.00010424,-0.00088982,0.0,2026-W05
adj_close.csv,ARIMA,VOO,0.004577,0.007174,0.004633,0.0034,0.005218,0.003441,"ARIMA(1, 0, 0)",0.00542367,-8.826e-05,0.00075271,0.0,2026-W06
adj_close.csv,ARIMA,VTI,0.004698,0.007289,0.004747,0.003476,0.005318,0.0035,"ARIMA(1, 0, 0)",-0.00101342,0.00027951,-0.00335109,0.0,2024-W30
adj_close.csv,ARIMA,VTI,0.004698,0.007289,0.004747,0.003476,0.005318,0.0035,"ARIMA(1, 0, 0)",-0.00509985,8.352e-05,-0.00101342,0.0,2024-W31
adj_close.csv,ARIMA,VTI,0.004698,0.007289,0.004747,0.003476,0.005318,0.0035,"ARIMA(1, 0, 0)",1.523e-05,0.00041412,-0.00509985,0.0,2024-W32
adj_close.csv,ARIMA,VTI,0.004698,0.007289,0.004747,0.003476,0.005318,0.0035,"ARIMA(1, 0, 0)",0.00764886,-1.23e-06,1.523e-05,0.0,2024-W33
adj_close.csv,ARIMA,VTI,0.004698,0.007289,0.004747,0.003476,0.005318,0.0035,"ARIMA(1, 0, 0)",0.0032102,-0.00061735,0.00764886,0.0,2024-W34
adj_close.csv,ARIMA,VTI,0.004698,0.007289,0.004747,0.003476,0.005318,0.0035,"ARIMA(1, 0, 0)",0.00056835,-0.00023789,0.0032102,0.0,2024-W35
adj_close.csv,ARIMA,VTI,0.004698,0.007289,0.004747,0.003476,0.005318,0.0035,"ARIMA(1, 0, 0)",-0.01095946,-4.179e-05,0.00056835,0.0,2024-W36
adj_close.csv,ARIMA,VTI,0.004698,0.007289,0.004747,0.003476,0.005318,0.0035,"ARIMA(1, 0, 0)",0.00793243,0.00082107,-0.01095946,0.0,2024-W37
adj_close.csv,ARIMA,VTI,0.004698,0.007289,0.004747,0.003476,0.005318,0.0035,"ARIMA(1, 0, 0)",0.00303582,-0.0007298,0.00793243,0.0,2024-W38
adj_close.csv,ARIMA,VTI,0.004698,0.007289,0.004747,0.003476,0.005318,0.0035,"ARIMA(1, 0, 0)",0.00103484,-0.00025969,0.00303582,0.0,2024-W39
adj_close.csv,ARIMA,VTI,0.004698,0.007289,0.004747,0.003476,0.005318,0.0035,"ARIMA(1, 0, 0)",0.00049577,-8.765e-05,0.00103484,0.0,2024-W40
adj_close.csv,ARIMA,VTI,0.004698,0.007289,0.004747,0.003476,0.005318,0.0035,"ARIMA(1, 0, 0)",0.00236261,-4.192e-05,0.00049577,0.0,2024-W41
adj_close.csv,ARIMA,VTI,0.004698,0.007289,0.004747,0.003476,0.005318,0.0035,"ARIMA(1, 0, 0)",0.001934,-0.00019919,0.00236261,0.0,2024-W42
adj_close.csv,ARIMA,VTI,0.004698,0.007289,0.004747,0.003476,0.005318,0.0035,"ARIMA(1, 0, 0)",-0.00233282,-0.00016095,0.001934,0.0,2024-W43
adj_close.csv,ARIMA,VTI,0.004698,0.007289,0.004747,0.003476,0.005318,0.0035,"ARIMA(1, 0, 0)",-0.00233195,0.00019625,-0.00233282,0.0,2024-W44
adj_close.csv,ARIMA,VTI,0.004698,0.007289,0.004747,0.003476,0.005318,0.0035,"ARIMA(1, 0, 0)",0.01000656,0.00019322,-0.00233195,0.0,2024-W45
adj_close.csv,ARIMA,VTI,0.004698,0.007289,0.004747,0.003476,0.005318,0.0035,"ARIMA(1, 0, 0)",-0.00436115,-0.00087831,0.01000656,0.0,2024-W46
adj_close.csv,ARIMA,VTI,0.004698,0.007289,0.004747,0.003476,0.005318,0.0035,"ARIMA(1, 0, 0)",0.00422633,0.00041475,-0.00436115,0.0,2024-W47
adj_close.csv,ARIMA,VTI,0.004698,0.007289,0.004747,0.003476,0.005318,0.0035,"ARIMA(1, 0, 0)",0.00280866,-0.00041664,0.00422633,0.0,2024-W48
adj_close.csv,ARIMA,VTI,0.004698,0.007289,0.004747,0.003476,0.005318,0.0035,"ARIMA(1, 0, 0)",0.00172008,-0.0002689,0.00280866,0.0,2024-W49
adj_close.csv,ARIMA,VTI,0.004698,0.007289,0.004747,0.003476,0.005318,0.0035,"ARIMA(1, 0, 0)",-0.0016734,-0.00016268,0.00172008,0.0,2024-W50
adj_close.csv,ARIMA,VTI,0.004698,0.007289,0.004747,0.003476,0.005318,0.0035,"ARIMA(1, 0, 0)",-0.00448427,0.00015917,-0.0016734,0.0,2024-W51
adj_close.csv,ARIMA,VTI,0.004698,0.007289,0.004747,0.003476,0.005318,0.0035,"ARIMA(1, 0, 0)",0.00147593,0.00041928,-0.00448427,0.0,2024-W52
adj_close.csv,ARIMA,VTI,0.004698,0.007289,0.004747,0.003476,0.005318,0.0035,"ARIMA(1, 0, 0)",-0.00086013,-0.00013945,0.00147593,0.0,2025-W01
adj_close.csv,ARIMA,VTI,0.004698,0.007289,0.004747,0.003476,0.005318,0.0035,"ARIMA(1, 0, 0)",-0.00496261,8.146e-05,-0.00086013,0.0,2025-W02
adj_close.csv,ARIMA,VTI,0.004698,0.007289,0.004747,0.003476,0.005318,0.0035,"ARIMA(1, 0, 0)",0.00610162,0.00046551,-0.00496261,0.0,2025-W03
adj_close.csv,ARIMA,VTI,0.004698,0.007289,0.004747,0.003476,0.005318,0.0035,"ARIMA(1, 0, 0)",0.00426787,-0.00060751,0.00610162,0.0,2025-W04
adj_close.csv,ARIMA,VTI,0.004698,0.007289,0.004747,0.003476,0.005318,0.0035,"ARIMA(1, 0, 0)",-0.00180032,-0.00039897,0.00426787,0.0,2025-W05
adj_close.csv,ARIMA,VTI,0.004698,0.007289,0.004747,0.003476,0.005318,0.0035,"ARIMA(1, 0, 0)",-0.00040227,0.00017049,-0.00180032,0.0,2025-W06
adj_close.csv,ARIMA,VTI,0.004698,0.007289,0.004747,0.003476,0.005318,0.0035,"ARIMA(1, 0, 0)",0.0025607,3.801e-05,-0.00040227,0.0,2025-W07
adj_close.csv,ARIMA,VTI,0.004698,0.007289,0.004747,0.003476,0.005318,0.0035,"ARIMA(1, 0, 0)",-0.00495198,-0.00024249,0.0025607,0.0,2025-W08
adj_close.csv,ARIMA,VTI,0.004698,0.007289,0.004747,0.003476,0.005318,0.0035,"ARIMA(1, 0, 0)",-0.00201062,0.00048108,-0.00495198,0.0,2025-W09
adj_close.csv,ARIMA,VTI,0.004698,0.007289,0.004747,0.003476,0.005318,0.0035,"ARIMA(1, 0, 0)",-0.0066777,0.00019031,-0.00201062,0.0,2025-W10
adj_close.csv,ARIMA,VTI,0.004698,0.007289,0.004747,0.003476,0.005318,0.0035,"ARIMA(1, 0, 0)",-0.00453323,0.00061343,-0.0066777,0.0,2025-W11
adj_close.csv,ARIMA,VTI,0.004698,0.007289,0.004747,0.003476,0.005318,0.0035,"ARIMA(1, 0, 0)",0.00133853,0.00038523,-0.00453323,0.0,2025-W12
adj_close.csv,ARIMA,VTI,0.004698,0.007289,0.004747,0.003476,0.005318,0.0035,"ARIMA(1, 0, 0)",-0.00322379,-0.0001149,0.00133853,0.0,2025-W13
adj_close.csv,ARIMA,VTI,0.004698,0.007289,0.004747,0.003476,0.005318,0.0035,"ARIMA(1, 0, 0)",-0.0191447,0.00027941,-0.00322379,0.0,2025-W14
adj_close.csv,ARIMA,VTI,0.004698,0.007289,0.004747,0.003476,0.005318,0.0035,"ARIMA(1, 0, 0)",0.0104059,0.00142074,-0.0191447,0.0,2025-W15
adj_close.csv,ARIMA,VTI,0.004698,0.007289,0.004747,0.003476,0.005318,0.0035,"ARIMA(1, 0, 0)",-0.00287229,-0.00110421,0.0104059,0.0,2025-W16
adj_close.csv,ARIMA,VTI,0.004698,0.007289,0.004747,0.003476,0.005318,0.0035,"ARIMA(1, 0, 0)",0.00898545,0.0003144,-0.00287229,0.0,2025-W17
adj_close.csv,ARIMA,VTI,0.004698,0.007289,0.004747,0.003476,0.005318,0.0035,"ARIMA(1, 0, 0)",0.00594096,-0.00102416,0.00898545,0.0,2025-W18
adj_close.csv,ARIMA,VTI,0.004698,0.007289,0.004747,0.003476,0.005318,0.0035,"ARIMA(1, 0, 0)",-0.00059625,-0.00061063,0.00594096,0.0,2025-W19
adj_close.csv,ARIMA,VTI,0.004698,0.007289,0.004747,0.003476,0.005318,0.0035,"ARIMA(1, 0, 0)",0.01024499,6.128e-05,-0.00059625,0.0,2025-W20
adj_close.csv,ARIMA,VTI,0.004698,0.007289,0.004747,0.003476,0.005318,0.0035,"ARIMA(1, 0, 0)",-0.00522171,-0.00106391,0.01024499,0.0,2025-W21
adj_close.csv,ARIMA,VTI,0.004698,0.007289,0.004747,0.003476,0.005318,0.0035,"ARIMA(1, 0, 0)",0.00420937,0.00058108,-0.00522171,0.0,2025-W22
adj_close.csv,ARIMA,VTI,0.004698,0.007289,0.004747,0.003476,0.005318,0.0035,"ARIMA(1, 0, 0)",0.003583,-0.00048228,0.00420937,0.0,2025-W23
adj_close.csv,ARIMA,VTI,0.004698,0.007289,0.004747,0.003476,0.005318,0.0035,"ARIMA(1, 0, 0)",-0.00105318,-0.00039989,0.003583,0.0,2025-W24
adj_close.csv,ARIMA,VTI,0.004698,0.007289,0.004747,0.003476,0.005318,0.0035,"ARIMA(1, 0, 0)",-0.0001193,0.00011797,-0.00105318,0.0,2025-W25
adj_close.csv,ARIMA,VTI,0.004698,0.007289,0.004747,0.003476,0.005318,0.0035,"ARIMA(1, 0, 0)",0.00662327,1.336e-05,-0.0001193,0.0,2025-W26
adj_close.csv,ARIMA,VTI,0.004698,0.007289,0.004747,0.003476,0.005318,0.0035,"ARIMA(1, 0, 0)",0.00461412,-0.00074251,0.00662327,0.0,2025-W27
adj_close.csv,ARIMA,VTI,0.004698,0.007289,0.004747,0.003476,0.005318,0.0035,"ARIMA(1, 0, 0)",-0.00065687,-0.0004892,0.00461412,0.0,2025-W28
adj_close.csv,ARIMA,VTI,0.004698,0.007289,0.004747,0.003476,0.005318,0.0035,"ARIMA(1, 0, 0)",0.00134393,6.973e-05,-0.00065687,0.0,2025-W29
adj_close.csv,ARIMA,VTI,0.004698,0.007289,0.004747,0.003476,0.005318,0.0035,"ARIMA(1, 0, 0)",0.00295455,-0.00014286,0.00134393,0.0,2025-W30
adj_close.csv,ARIMA,VTI,0.004698,0.007289,0.004747,0.003476,0.005318,0.0035,"ARIMA(1, 0, 0)",-0.00513406,-0.00031196,0.00295455,0.0,2025-W31
adj_close.csv,ARIMA,VTI,0.004698,0.007289,0.004747,0.003476,0.005318,0.0035,"ARIMA(1, 0, 0)",0.00471282,0.00055457,-0.00513406,0.0,2025-W32
adj_close.csv,ARIMA,VTI,0.004698,0.007289,0.004747,0.003476,0.005318,0.0035,"ARIMA(1, 0, 0)",0.00218589,-0.00052614,0.00471282,0.0,2025-W33
adj_close.csv,ARIMA,VTI,0.004698,0.007289,0.004747,0.003476,0.005318,0.0035,"ARIMA(1, 0, 0)",0.00107774,-0.00023931,0.00218589,0.0,2025-W34
adj_close.csv,ARIMA,VTI,0.004698,0.007289,0.004747,0.003476,0.005318,0.0035,"ARIMA(1, 0, 0)",1.258e-05,-0.00011747,0.00107774,0.0,2025-W35
adj_close.csv,ARIMA,VTI,0.004698,0.007289,0.004747,0.003476,0.005318,0.0035,"ARIMA(1, 0, 0)",0.0010584,-1.37e-06,1.258e-05,0.0,2025-W36
adj_close.csv,ARIMA,VTI,0.004698,0.007289,0.004747,0.003476,0.005318,0.0035,"ARIMA(1, 0, 0)",0.00295721,-0.00011533,0.0010584,0.0,2025-W37
adj_close.csv,ARIMA,VTI,0.004698,0.007289,0.004747,0.003476,0.005318,0.0035,"ARIMA(1, 0, 0)",0.00253087,-0.00032061,0.00295721,0.0,2025-W38
adj_close.csv,ARIMA,VTI,0.004698,0.007289,0.004747,0.003476,0.005318,0.0035,"ARIMA(1, 0, 0)",-0.00076872,-0.00027079,0.00253087,0.0,2025-W39
adj_close.csv,ARIMA,VTI,0.004698,0.007289,0.004747,0.003476,0.005318,0.0035,"ARIMA(1, 0, 0)",0.00225345,8.241e-05,-0.00076872,0.0,2025-W40
adj_close.csv,ARIMA,VTI,0.004698,0.007289,0.004747,0.003476,0.005318,0.0035,"ARIMA(1, 0, 0)",-0.00501431,-0.00024222,0.00225345,0.0,2025-W41
adj_close.csv,ARIMA,VTI,0.004698,0.007289,0.004747,0.003476,0.005318,0.0035,"ARIMA(1, 0, 0)",0.0033894,0.00054806,-0.00501431,0.0,2025-W42
adj_close.csv,ARIMA,VTI,0.004698,0.007289,0.004747,0.003476,0.005318,0.0035,"ARIMA(1, 0, 0)",0.00387904,-0.00037855,0.0033894,0.0,2025-W43
adj_close.csv,ARIMA,VTI,0.004698,0.007289,0.004747,0.003476,0.005318,0.0035,"ARIMA(1, 0, 0)",0.00102223,-0.00042387,0.00387904,0.0,2025-W44
adj_close.csv,ARIMA,VTI,0.004698,0.007289,0.004747,0.003476,0.005318,0.0035,"ARIMA(1, 0, 0)",-0.00320364,-0.00011075,0.00102223,0.0,2025-W45
adj_close.csv,ARIMA,VTI,0.004698,0.007289,0.004747,0.003476,0.005318,0.0035,"ARIMA(1, 0, 0)",-0.00013942,0.00034876,-0.00320364,0.0,2025-W46
adj_close.csv,ARIMA,VTI,0.004698,0.007289,0.004747,0.003476,0.005318,0.0035,"ARIMA(1, 0, 0)",-0.00370845,1.514e-05,-0.00013942,0.0,2025-W47
adj_close.csv,ARIMA,VTI,0.004698,0.007289,0.004747,0.003476,0.005318,0.0035,"ARIMA(1, 0, 0)",0.00947685,0.00040243,-0.00370845,0.0,2025-W48
adj_close.csv,ARIMA,VTI,0.004698,0.007289,0.004747,0.003476,0.005318,0.0035,"ARIMA(1, 0, 0)",0.00074198,-0.00108139,0.00947685,0.0,2025-W49
adj_close.csv,ARIMA,VTI,0.004698,0.007289,0.004747,0.003476,0.005318,0.0035,"ARIMA(1, 0, 0)",-0.00093239,-8.257e-05,0.00074198,0.0,2025-W50
adj_close.csv,ARIMA,VTI,0.004698,0.007289,0.004747,0.003476,0.005318,0.0035,"ARIMA(1, 0, 0)",0.00013687,0.00010385,-0.00093239,0.0,2025-W51
adj_close.csv,ARIMA,VTI,0.004698,0.007289,0.004747,0.003476,0.005318,0.0035,"ARIMA(1, 0, 0)",0.00326034,-1.525e-05,0.00013687,0.0,2025-W52
adj_close.csv,ARIMA,VTI,0.004698,0.007289,0.004747,0.003476,0.005318,0.0035,"ARIMA(1, 0, 0)",-0.00248531,-0.00036292,0.00326034,0.0,2026-W01
adj_close.csv,ARIMA,VTI,0.004698,0.007289,0.004747,0.003476,0.005318,0.0035,"ARIMA(1, 0, 0)",0.00358926,0.00027946,-0.00248531,0.0,2026-W02
adj_close.csv,ARIMA,VTI,0.004698,0.007289,0.004747,0.003476,0.005318,0.0035,"ARIMA(1, 0, 0)",-0.00032151,-0.00040842,0.00358926,0.0,2026-W03
adj_close.csv,ARIMA,VTI,0.004698,0.007289,0.004747,0.003476,0.005318,0.0035,"ARIMA(1, 0, 0)",-0.00094519,3.657e-05,-0.00032151,0.0,2026-W04
adj_close.csv,ARIMA,VTI,0.004698,0.007289,0.004747,0.003476,0.005318,0.0035,"ARIMA(1, 0, 0)",5.88e-06,0.00010745,-0.00094519,0.0,2026-W05
adj_close.csv,ARIMA,VTI,0.004698,0.007289,0.004747,0.003476,0.005318,0.0035,"ARIMA(1, 0, 0)",0.00559259,-6.7e-07,5.88e-06,0.0,2026-W06
adj_close.csv,ARIMA,VTV,0.003927,0.005936,0.003947,0.002985,0.004417,0.003001,"ARIMA(0, 0, 1)",0.00221702,-3.489e-05,0.00093511,0.0,2024-W30
adj_close.csv,ARIMA,VTV,0.003927,0.005936,0.003947,0.002985,0.004417,0.003001,"ARIMA(0, 0, 1)",-0.00392053,-6.988e-05,0.00221702,0.0,2024-W31
adj_close.csv,ARIMA,VTV,0.003927,0.005936,0.003947,0.002985,0.004417,0.003001,"ARIMA(0, 0, 1)",-0.00036694,0.00013263,-0.00392053,0.0,2024-W32
adj_close.csv,ARIMA,VTV,0.003927,0.005936,0.003947,0.002985,0.004417,0.003001,"ARIMA(0, 0, 1)",0.00521993,1.684e-05,-0.00036694,0.0,2024-W33
adj_close.csv,ARIMA,VTV,0.003927,0.005936,0.003947,0.002985,0.004417,0.003001,"ARIMA(0, 0, 1)",0.00332363,-0.00018008,0.00521993,0.0,2024-W34
adj_close.csv,ARIMA,VTV,0.003927,0.005936,0.003947,0.002985,0.004417,0.003001,"ARIMA(0, 0, 1)",0.00273778,-9.949e-05,0.00332363,0.0,2024-W35
adj_close.csv,ARIMA,VTV,0.003927,0.005936,0.003947,0.002985,0.004417,0.003001,"ARIMA(0, 0, 1)",-0.00797966,-7.101e-05,0.00273778,0.0,2024-W36
adj_close.csv,ARIMA,VTV,0.003927,0.005936,0.003947,0.002985,0.004417,0.003001,"ARIMA(0, 0, 1)",0.00473387,0.00026843,-0.00797966,0.0,2024-W37
adj_close.csv,ARIMA,VTV,0.003927,0.005936,0.003947,0.002985,0.004417,0.003001,"ARIMA(0, 0, 1)",0.00261943,-0.00019928,0.00473387,0.0,2024-W38
adj_close.csv,ARIMA,VTV,0.003927,0.005936,0.003947,0.002985,0.004417,0.003001,"ARIMA(0, 0, 1)",0.00135654,-0.00011588,0.00261943,0.0,2024-W39
adj_close.csv,ARIMA,VTV,0.003927,0.005936,0.003947,0.002985,0.004417,0.003001,"ARIMA(0, 0, 1)",0.00076885,-5.903e-05,0.00135654,0.0,2024-W40
adj_close.csv,ARIMA,VTV,0.003927,0.005936,0.003947,0.002985,0.004417,0.003001,"ARIMA(0, 0, 1)",0.00192632,-3.279e-05,0.00076885,0.0,2024-W41
adj_close.csv,ARIMA,VTV,0.003927,0.005936,0.003947,0.002985,0.004417,0.003001,"ARIMA(0, 0, 1)",0.00170561,-7.629e-05,0.00192632,0.0,2024-W42
adj_close.csv,ARIMA,VTV,0.003927,0.005936,0.003947,0.002985,0.004417,0.003001,"ARIMA(0, 0, 1)",-0.00476905,-6.71e-05,0.00170561,0.0,2024-W43
adj_close.csv,ARIMA,VTV,0.003927,0.005936,0.003947,0.002985,0.004417,0.003001,"ARIMA(0, 0, 1)",-0.001654,0.00019096,-0.00476905,0.0,2024-W44
adj_close.csv,ARIMA,VTV,0.003927,0.005936,0.003947,0.002985,0.004417,0.003001,"ARIMA(0, 0, 1)",0.00744395,6.945e-05,-0.001654,0.0,2024-W45
adj_close.csv,ARIMA,VTV,0.003927,0.005936,0.003947,0.002985,0.004417,0.003001,"ARIMA(0, 0, 1)",-0.00291944,-0.00031188,0.00744395,0.0,2024-W46
adj_close.csv,ARIMA,VTV,0.003927,0.005936,0.003947,0.002985,0.004417,0.003001,"ARIMA(0, 0, 1)",0.00442443,0.00012407,-0.00291944,0.0,2024-W47
adj_close.csv,ARIMA,VTV,0.003927,0.005936,0.003947,0.002985,0.004417,0.003001,"ARIMA(0, 0, 1)",0.00247271,-0.00022319,0.00442443,0.0,2024-W48
adj_close.csv,ARIMA,VTV,0.003927,0.005936,0.003947,0.002985,0.004417,0.003001,"ARIMA(0, 0, 1)",-0.00396489,-0.00012798,0.00247271,0.0,2024-W49
adj_close.csv,ARIMA,VTV,0.003927,0.005936,0.003947,0.002985,0.004417,0.003001,"ARIMA(0, 0, 1)",-0.00366779,0.00019485,-0.00396489,0.0,2024-W50
adj_close.csv,ARIMA,VTV,0.003927,0.005936,0.003947,0.002985,0.004417,0.003001,"ARIMA(0, 0, 1)",-0.00552516,0.00017926,-0.00366779,0.0,2024-W51
adj_close.csv,ARIMA,VTV,0.003927,0.005936,0.003947,0.002985,0.004417,0.003001,"ARIMA(0, 0, 1)",0.00200013,0.00022555,-0.00552516,0.0,2024-W52
adj_close.csv,ARIMA,VTV,0.003927,0.005936,0.003947,0.002985,0.004417,0.003001,"ARIMA(0, 0, 1)",-0.0004545,-7.561e-05,0.00200013,0.0,2025-W01
adj_close.csv,ARIMA,VTV,0.003927,0.005936,0.003947,0.002985,0.004417,0.003001,"ARIMA(0, 0, 1)",-0.00388959,1.638e-05,-0.0004545,0.0,2025-W02
adj_close.csv,ARIMA,VTV,0.003927,0.005936,0.003947,0.002985,0.004417,0.003001,"ARIMA(0, 0, 1)",0.00812003,0.00016525,-0.00388959,0.0,2025-W03
adj_close.csv,ARIMA,VTV,0.003927,0.005936,0.003947,0.002985,0.004417,0.003001,"ARIMA(0, 0, 1)",0.00365136,-0.00041024,0.00812003,0.0,2025-W04
adj_close.csv,ARIMA,VTV,0.003927,0.005936,0.003947,0.002985,0.004417,0.003001,"ARIMA(0, 0, 1)",-0.00062156,-0.00016698,0.00365136,0.0,2025-W05
adj_close.csv,ARIMA,VTV,0.003927,0.005936,0.003947,0.002985,0.004417,0.003001,"ARIMA(0, 0, 1)",-0.00056674,1.917e-05,-0.00062156,0.0,2025-W06
adj_close.csv,ARIMA,VTV,0.003927,0.005936,0.003947,0.002985,0.004417,0.003001,"ARIMA(0, 0, 1)",0.00132366,2.484e-05,-0.00056674,0.0,2025-W07
adj_close.csv,ARIMA,VTV,0.003927,0.005936,0.003947,0.002985,0.004417,0.003001,"ARIMA(0, 0, 1)",-0.00145603,-5.523e-05,0.00132366,0.0,2025-W08
adj_close.csv,ARIMA,VTV,0.003927,0.005936,0.003947,0.002985,0.004417,0.003001,"ARIMA(0, 0, 1)",0.00201997,6.03e-05,-0.00145603,0.0,2025-W09
adj_close.csv,ARIMA,VTV,0.003927,0.005936,0.003947,0.002985,0.004417,0.003001,"ARIMA(0, 0, 1)",-0.00417509,-8.607e-05,0.00201997,0.0,2025-W10
adj_close.csv,ARIMA,VTV,0.003927,0.005936,0.003947,0.002985,0.004417,0.003001,"ARIMA(0, 0, 1)",-0.00364435,0.00019012,-0.00417509,0.0,2025-W11
adj_close.csv,ARIMA,VTV,0.003927,0.005936,0.003947,0.002985,0.004417,0.003001,"ARIMA(0, 0, 1)",0.00138457,0.00015869,-0.00364435,0.0,2025-W12
adj_close.csv,ARIMA,VTV,0.003927,0.005936,0.003947,0.002985,0.004417,0.003001,"ARIMA(0, 0, 1)",-0.00076791,-5.244e-05,0.00138457,0.0,2025-W13
adj_close.csv,ARIMA,VTV,0.003927,0.005936,0.003947,0.002985,0.004417,0.003001,"ARIMA(0, 0, 1)",-0.01696108,3.088e-05,-0.00076791,0.0,2025-W14
adj_close.csv,ARIMA,VTV,0.003927,0.005936,0.003947,0.002985,0.004417,0.003001,"ARIMA(0, 0, 1)",0.00613659,0.00064281,-0.01696108,0.0,2025-W15
adj_close.csv,ARIMA,VTV,0.003927,0.005936,0.003947,0.002985,0.004417,0.003001,"ARIMA(0, 0, 1)",-0.00010818,-0.00032399,0.00613659,0.0,2025-W16
adj_close.csv,ARIMA,VTV,0.003927,0.005936,0.003947,0.002985,0.004417,0.003001,"ARIMA(0, 0, 1)",0.0036631,-1.382e-05,-0.00010818,0.0,2025-W17
adj_close.csv,ARIMA,VTV,0.003927,0.005936,0.003947,0.002985,0.004417,0.003001,"ARIMA(0, 0, 1)",0.00456064,-0.0002399,0.0036631,0.0,2025-W18
adj_close.csv,ARIMA,VTV,0.003927,0.005936,0.003947,0.002985,0.004417,0.003001,"ARIMA(0, 0, 1)",-0.00061797,-0.00028509,0.00456064,0.0,2025-W19
adj_close.csv,ARIMA,VTV,0.003927,0.005936,0.003947,0.002985,0.004417,0.003001,"ARIMA(0, 0, 1)",0.00594537,1.987e-05,-0.00061797,0.0,2025-W20
adj_close.csv,ARIMA,VTV,0.003927,0.005936,0.003947,0.002985,0.004417,0.003001,"ARIMA(0, 0, 1)",-0.00474682,-0.00035672,0.00594537,0.0,2025-W21
adj_close.csv,ARIMA,VTV,0.003927,0.005936,0.003947,0.002985,0.004417,0.003001,"ARIMA(0, 0, 1)",0.00345158,0.00029403,-0.00474682,0.0,2025-W22
adj_close.csv,ARIMA,VTV,0.003927,0.005936,0.003947,0.002985,0.004417,0.003001,"ARIMA(0, 0, 1)",0.00189309,-0.00022451,0.00345158,0.0,2025-W23
adj_close.csv,ARIMA,VTV,0.003927,0.005936,0.003947,0.002985,0.004417,0.003001,"ARIMA(0, 0, 1)",0.00041572,-0.00014658,0.00189309,0.0,2025-W24
adj_close.csv,ARIMA,VTV,0.003927,0.005936,0.003947,0.002985,0.004417,0.003001,"ARIMA(0, 0, 1)",-5.769e-05,-3.883e-05,0.00041572,0.0,2025-W25
adj_close.csv,ARIMA,VTV,0.003927,0.005936,0.003947,0.002985,0.004417,0.003001,"ARIMA(0, 0, 1)",0.00380572,1.3e-06,-5.769e-05,0.0,2025-W26
adj_close.csv,ARIMA,VTV,0.003927,0.005936,0.003947,0.002985,0.004417,0.003001,"ARIMA(0, 0, 1)",0.00552179,-0.00026265,0.00380572,0.0,2025-W27
adj_close.csv,ARIMA,VTV,0.003927,0.005936,0.003947,0.002985,0.004417,0.003001,"ARIMA(0, 0, 1)",-0.00153124,-0.00036344,0.00552179,0.0,2025-W28
adj_close.csv,ARIMA,VTV,0.003927,0.005936,0.003947,0.002985,0.004417,0.003001,"ARIMA(0, 0, 1)",-0.00067429,7.504e-05,-0.00153124,0.0,2025-W29
adj_close.csv,ARIMA,VTV,0.003927,0.005936,0.003947,0.002985,0.004417,0.003001,"ARIMA(0, 0, 1)",0.00334906,4.845e-05,-0.00067429,0.0,2025-W30
adj_close.csv,ARIMA,VTV,0.003927,0.005936,0.003947,0.002985,0.004417,0.003001,"ARIMA(0, 0, 1)",-0.00578418,-0.00021456,0.00334906,0.0,2025-W31
adj_close.csv,ARIMA,VTV,0.003927,0.005936,0.003947,0.002985,0.004417,0.003001,"ARIMA(0, 0, 1)",0.00280628,0.00038753,-0.00578418,0.0,2025-W32
adj_close.csv,ARIMA,VTV,0.003927,0.005936,0.003947,0.002985,0.004417,0.003001,"ARIMA(0, 0, 1)",0.00252348,-0.00017607,0.00280628,0.0,2025-W33
adj_close.csv,ARIMA,VTV,0.003927,0.005936,0.003947,0.002985,0.004417,0.003001,"ARIMA(0, 0, 1)",0.00357397,-0.0001927,0.00252348,0.0,2025-W34
adj_close.csv,ARIMA,VTV,0.003927,0.005936,0.003947,0.002985,0.004417,0.003001,"ARIMA(0, 0, 1)",-0.00030541,-0.00026025,0.00357397,0.0,2025-W35
adj_close.csv,ARIMA,VTV,0.003927,0.005936,0.003947,0.002985,0.004417,0.003001,"ARIMA(0, 0, 1)",-0.00091588,3.12e-06,-0.00030541,0.0,2025-W36
adj_close.csv,ARIMA,VTV,0.003927,0.005936,0.003947,0.002985,0.004417,0.003001,"ARIMA(0, 0, 1)",0.00259063,6.365e-05,-0.00091588,0.0,2025-W37
adj_close.csv,ARIMA,VTV,0.003927,0.005936,0.003947,0.002985,0.004417,0.003001,"ARIMA(0, 0, 1)",0.00080949,-0.00017615,0.00259063,0.0,2025-W38
adj_close.csv,ARIMA,VTV,0.003927,0.005936,0.003947,0.002985,0.004417,0.003001,"ARIMA(0, 0, 1)",0.00095636,-6.797e-05,0.00080949,0.0,2025-W39
adj_close.csv,ARIMA,VTV,0.003927,0.005936,0.003947,0.002985,0.004417,0.003001,"ARIMA(0, 0, 1)",0.00203991,-7.049e-05,0.00095636,0.0,2025-W40
adj_close.csv,ARIMA,VTV,0.003927,0.005936,0.003947,0.002985,0.004417,0.003001,"ARIMA(0, 0, 1)",-0.00503267,-0.00014383,0.00203991,0.0,2025-W41
adj_close.csv,ARIMA,VTV,0.003927,0.005936,0.003947,0.002985,0.004417,0.003001,"ARIMA(0, 0, 1)",0.00300678,0.00034629,-0.00503267,0.0,2025-W42
adj_close.csv,ARIMA,VTV,0.003927,0.005936,0.003947,0.002985,0.004417,0.003001,"ARIMA(0, 0, 1)",0.00266477,-0.00019643,0.00300678,0.0,2025-W43
adj_close.csv,ARIMA,VTV,0.003927,0.005936,0.003947,0.002985,0.004417,0.003001,"ARIMA(0, 0, 1)",-0.00253554,-0.00020622,0.00266477,0.0,2025-W44
adj_close.csv,ARIMA,VTV,0.003927,0.005936,0.003947,0.002985,0.004417,0.003001,"ARIMA(0, 0, 1)",0.00043021,0.00017136,-0.00253554,0.0,2025-W45
adj_close.csv,ARIMA,VTV,0.003927,0.005936,0.003947,0.002985,0.004417,0.003001,"ARIMA(0, 0, 1)",0.00106078,-1.91e-05,0.00043021,0.0,2025-W46
adj_close.csv,ARIMA,VTV,0.003927,0.005936,0.003947,0.002985,0.004417,0.003001,"ARIMA(0, 0, 1)",-0.00186817,-7.963e-05,0.00106078,0.0,2025-W47
adj_close.csv,ARIMA,VTV,0.003927,0.005936,0.003947,0.002985,0.004417,0.003001,"ARIMA(0, 0, 1)",0.0067444,0.00013261,-0.00186817,0.0,2025-W48
adj_close.csv,ARIMA,VTV,0.003927,0.005936,0.003947,0.002985,0.004417,0.003001,"ARIMA(0, 0, 1)",-0.00012604,-0.00051004,0.0067444,0.0,2025-W49
adj_close.csv,ARIMA,VTV,0.003927,0.005936,0.003947,0.002985,0.004417,0.003001,"ARIMA(0, 0, 1)",0.00223582,-2.907e-05,-0.00012604,0.0,2025-W50
adj_close.csv,ARIMA,VTV,0.003927,0.005936,0.003947,0.002985,0.004417,0.003001,"ARIMA(0, 0, 1)",-0.00125064,-0.00017316,0.00223582,0.0,2025-W51
adj_close.csv,ARIMA,VTV,0.003927,0.005936,0.003947,0.002985,0.004417,0.003001,"ARIMA(0, 0, 1)",0.00321856,8.302e-05,-0.00125064,0.0,2025-W52
adj_close.csv,ARIMA,VTV,0.003927,0.005936,0.003947,0.002985,0.004417,0.003001,"ARIMA(0, 0, 1)",3.89e-05,-0.00024469,0.00321856,0.0,2026-W01
adj_close.csv,ARIMA,VTV,0.003927,0.005936,0.003947,0.002985,0.004417,0.003001,"ARIMA(0, 0, 1)",0.00411688,-2.201e-05,3.89e-05,0.0,2026-W02
adj_close.csv,ARIMA,VTV,0.003927,0.005936,0.003947,0.002985,0.004417,0.003001,"ARIMA(0, 0, 1)",0.00156886,-0.00032132,0.00411688,0.0,2026-W03
adj_close.csv,ARIMA,VTV,0.003927,0.005936,0.003947,0.002985,0.004417,0.003001,"ARIMA(0, 0, 1)",-0.00098495,-0.00014218,0.00156886,0.0,2026-W04
adj_close.csv,ARIMA,VTV,0.003927,0.005936,0.003947,0.002985,0.004417,0.003001,"ARIMA(0, 0, 1)",0.00217449,6.395e-05,-0.00098495,0.0,2026-W05
adj_close.csv,ARIMA,VTV,0.003927,0.005936,0.003947,0.002985,0.004417,0.003001,"ARIMA(0, 0, 1)",0.00847461,-0.00016099,0.00217449,0.0,2026-W06
adj_close.csv,ARIMA,VUG,0.005732,0.008881,0.005781,0.004301,0.006457,0.004317,"ARIMA(1, 0, 0)",-0.00514179,0.00070325,-0.00789303,0.0,2024-W30
adj_close.csv,ARIMA,VUG,0.005732,0.008881,0.005781,0.004301,0.006457,0.004317,"ARIMA(1, 0, 0)",-0.00452951,0.00042495,-0.00514179,0.0,2024-W31
adj_close.csv,ARIMA,VUG,0.005732,0.008881,0.005781,0.004301,0.006457,0.004317,"ARIMA(1, 0, 0)",0.00074518,0.00035827,-0.00452951,0.0,2024-W32
adj_close.csv,ARIMA,VUG,0.005732,0.008881,0.005781,0.004301,0.006457,0.004317,"ARIMA(1, 0, 0)",0.01000633,-5.912e-05,0.00074518,0.0,2024-W33
adj_close.csv,ARIMA,VUG,0.005732,0.008881,0.005781,0.004301,0.006457,0.004317,"ARIMA(1, 0, 0)",0.00247162,-0.00078349,0.01000633,0.0,2024-W34
adj_close.csv,ARIMA,VUG,0.005732,0.008881,0.005781,0.004301,0.006457,0.004317,"ARIMA(1, 0, 0)",-0.0011894,-0.0001825,0.00247162,0.0,2024-W35
adj_close.csv,ARIMA,VUG,0.005732,0.008881,0.005781,0.004301,0.006457,0.004317,"ARIMA(1, 0, 0)",-0.01320369,8.823e-05,-0.0011894,0.0,2024-W36
adj_close.csv,ARIMA,VUG,0.005732,0.008881,0.005781,0.004301,0.006457,0.004317,"ARIMA(1, 0, 0)",0.01061619,0.00095085,-0.01320369,0.0,2024-W37
adj_close.csv,ARIMA,VUG,0.005732,0.008881,0.005781,0.004301,0.006457,0.004317,"ARIMA(1, 0, 0)",0.00277058,-0.00094561,0.01061619,0.0,2024-W38
adj_close.csv,ARIMA,VUG,0.005732,0.008881,0.005781,0.004301,0.006457,0.004317,"ARIMA(1, 0, 0)",0.00098645,-0.00023239,0.00277058,0.0,2024-W39
adj_close.csv,ARIMA,VUG,0.005732,0.008881,0.005781,0.004301,0.006457,0.004317,"ARIMA(1, 0, 0)",0.00054852,-8.23e-05,0.00098645,0.0,2024-W40
adj_close.csv,ARIMA,VUG,0.005732,0.008881,0.005781,0.004301,0.006457,0.004317,"ARIMA(1, 0, 0)",0.00280778,-4.572e-05,0.00054852,0.0,2024-W41
adj_close.csv,ARIMA,VUG,0.005732,0.008881,0.005781,0.004301,0.006457,0.004317,"ARIMA(1, 0, 0)",0.0017363,-0.00023345,0.00280778,0.0,2024-W42
adj_close.csv,ARIMA,VUG,0.005732,0.008881,0.005781,0.004301,0.006457,0.004317,"ARIMA(1, 0, 0)",0.00014783,-0.0001431,0.0017363,0.0,2024-W43
adj_close.csv,ARIMA,VUG,0.005732,0.008881,0.005781,0.004301,0.006457,0.004317,"ARIMA(1, 0, 0)",-0.00332973,-1.217e-05,0.00014783,0.0,2024-W44
adj_close.csv,ARIMA,VUG,0.005732,0.008881,0.005781,0.004301,0.006457,0.004317,"ARIMA(1, 0, 0)",0.01113037,0.00027443,-0.00332973,0.0,2024-W45
adj_close.csv,ARIMA,VUG,0.005732,0.008881,0.005781,0.004301,0.006457,0.004317,"ARIMA(1, 0, 0)",-0.0050877,-0.0009701,0.01113037,0.0,2024-W46
adj_close.csv,ARIMA,VUG,0.005732,0.008881,0.005781,0.004301,0.006457,0.004317,"ARIMA(1, 0, 0)",0.00309288,0.00047352,-0.0050877,0.0,2024-W47
adj_close.csv,ARIMA,VUG,0.005732,0.008881,0.005781,0.004301,0.006457,0.004317,"ARIMA(1, 0, 0)",0.00313596,-0.00029316,0.00309288,0.0,2024-W48
adj_close.csv,ARIMA,VUG,0.005732,0.008881,0.005781,0.004301,0.006457,0.004317,"ARIMA(1, 0, 0)",0.00679076,-0.00029297,0.00313596,0.0,2024-W49
adj_close.csv,ARIMA,VUG,0.005732,0.008881,0.005781,0.004301,0.006457,0.004317,"ARIMA(1, 0, 0)",0.0002172,-0.00061507,0.00679076,0.0,2024-W50
adj_close.csv,ARIMA,VUG,0.005732,0.008881,0.005781,0.004301,0.006457,0.004317,"ARIMA(1, 0, 0)",-0.00282358,-1.952e-05,0.0002172,0.0,2024-W51
adj_close.csv,ARIMA,VUG,0.005732,0.008881,0.005781,0.004301,0.006457,0.004317,"ARIMA(1, 0, 0)",0.00132306,0.00025393,-0.00282358,0.0,2024-W52
adj_close.csv,ARIMA,VUG,0.005732,0.008881,0.005781,0.004301,0.006457,0.004317,"ARIMA(1, 0, 0)",-0.00177042,-0.00011949,0.00132306,0.0,2025-W01
adj_close.csv,ARIMA,VUG,0.005732,0.008881,0.005781,0.004301,0.006457,0.004317,"ARIMA(1, 0, 0)",-0.00556574,0.00016039,-0.00177042,0.0,2025-W02
adj_close.csv,ARIMA,VUG,0.005732,0.008881,0.005781,0.004301,0.006457,0.004317,"ARIMA(1, 0, 0)",0.00416907,0.00049703,-0.00556574,0.0,2025-W03
adj_close.csv,ARIMA,VUG,0.005732,0.008881,0.005781,0.004301,0.006457,0.004317,"ARIMA(1, 0, 0)",0.00482791,-0.00038312,0.00416907,0.0,2025-W04
adj_close.csv,ARIMA,VUG,0.005732,0.008881,0.005781,0.004301,0.006457,0.004317,"ARIMA(1, 0, 0)",-0.00269241,-0.00043039,0.00482791,0.0,2025-W05
adj_close.csv,ARIMA,VUG,0.005732,0.008881,0.005781,0.004301,0.006457,0.004317,"ARIMA(1, 0, 0)",0.00022457,0.00024373,-0.00269241,0.0,2025-W06
adj_close.csv,ARIMA,VUG,0.005732,0.008881,0.005781,0.004301,0.006457,0.004317,"ARIMA(1, 0, 0)",0.00411195,-2.033e-05,0.00022457,0.0,2025-W07
adj_close.csv,ARIMA,VUG,0.005732,0.008881,0.005781,0.004301,0.006457,0.004317,"ARIMA(1, 0, 0)",-0.00681694,-0.00037172,0.00411195,0.0,2025-W08
adj_close.csv,ARIMA,VUG,0.005732,0.008881,0.005781,0.004301,0.006457,0.004317,"ARIMA(1, 0, 0)",-0.00500906,0.00063898,-0.00681694,0.0,2025-W09
adj_close.csv,ARIMA,VUG,0.005732,0.008881,0.005781,0.004301,0.006457,0.004317,"ARIMA(1, 0, 0)",-0.00857089,0.0004454,-0.00500906,0.0,2025-W10
adj_close.csv,ARIMA,VUG,0.005732,0.008881,0.005781,0.004301,0.006457,0.004317,"ARIMA(1, 0, 0)",-0.00541334,0.00071385,-0.00857089,0.0,2025-W11
adj_close.csv,ARIMA,VUG,0.005732,0.008881,0.005781,0.004301,0.006457,0.004317,"ARIMA(1, 0, 0)",0.00107028,0.00041574,-0.00541334,0.0,2025-W12
adj_close.csv,ARIMA,VUG,0.005732,0.008881,0.005781,0.004301,0.006457,0.004317,"ARIMA(1, 0, 0)",-0.00502949,-8.266e-05,0.00107028,0.0,2025-W13
adj_close.csv,ARIMA,VUG,0.005732,0.008881,0.005781,0.004301,0.006457,0.004317,"ARIMA(1, 0, 0)",-0.02069274,0.00039173,-0.00502949,0.0,2025-W14
adj_close.csv,ARIMA,VUG,0.005732,0.008881,0.005781,0.004301,0.006457,0.004317,"ARIMA(1, 0, 0)",0.01509174,0.00134243,-0.02069274,0.0,2025-W15
adj_close.csv,ARIMA,VUG,0.005732,0.008881,0.005781,0.004301,0.006457,0.004317,"ARIMA(1, 0, 0)",-0.00565765,-0.00147964,0.01509174,0.0,2025-W16
adj_close.csv,ARIMA,VUG,0.005732,0.008881,0.005781,0.004301,0.006457,0.004317,"ARIMA(1, 0, 0)",0.01336721,0.00059521,-0.00565765,0.0,2025-W17
adj_close.csv,ARIMA,VUG,0.005732,0.008881,0.005781,0.004301,0.006457,0.004317,"ARIMA(1, 0, 0)",0.00669703,-0.00151558,0.01336721,0.0,2025-W18
adj_close.csv,ARIMA,VUG,0.005732,0.008881,0.005781,0.004301,0.006457,0.004317,"ARIMA(1, 0, 0)",-0.00080304,-0.00067777,0.00669703,0.0,2025-W19
adj_close.csv,ARIMA,VUG,0.005732,0.008881,0.005781,0.004301,0.006457,0.004317,"ARIMA(1, 0, 0)",0.0137525,8.135e-05,-0.00080304,0.0,2025-W20
adj_close.csv,ARIMA,VUG,0.005732,0.008881,0.005781,0.004301,0.006457,0.004317,"ARIMA(1, 0, 0)",-0.00534354,-0.00140975,0.0137525,0.0,2025-W21
adj_close.csv,ARIMA,VUG,0.005732,0.008881,0.005781,0.004301,0.006457,0.004317,"ARIMA(1, 0, 0)",0.00535169,0.00057901,-0.00534354,0.0,2025-W22
adj_close.csv,ARIMA,VUG,0.005732,0.008881,0.005781,0.004301,0.006457,0.004317,"ARIMA(1, 0, 0)",0.00423902,-0.0005946,0.00535169,0.0,2025-W23
adj_close.csv,ARIMA,VUG,0.005732,0.008881,0.005781,0.004301,0.006457,0.004317,"ARIMA(1, 0, 0)",-0.00174221,-0.0004592,0.00423902,0.0,2025-W24
adj_close.csv,ARIMA,VUG,0.005732,0.008881,0.005781,0.004301,0.006457,0.004317,"ARIMA(1, 0, 0)",-0.00052645,0.00018974,-0.00174221,0.0,2025-W25
adj_close.csv,ARIMA,VUG,0.005732,0.008881,0.005781,0.004301,0.006457,0.004317,"ARIMA(1, 0, 0)",0.00887889,5.726e-05,-0.00052645,0.0,2025-W26
adj_close.csv,ARIMA,VUG,0.005732,0.008881,0.005781,0.004301,0.006457,0.004317,"ARIMA(1, 0, 0)",0.00346524,-0.00097023,0.00887889,0.0,2025-W27
adj_close.csv,ARIMA,VUG,0.005732,0.008881,0.005781,0.004301,0.006457,0.004317,"ARIMA(1, 0, 0)",-0.00015843,-0.00036415,0.00346524,0.0,2025-W28
adj_close.csv,ARIMA,VUG,0.005732,0.008881,0.005781,0.004301,0.006457,0.004317,"ARIMA(1, 0, 0)",0.00303819,1.664e-05,-0.00015843,0.0,2025-W29
adj_close.csv,ARIMA,VUG,0.005732,0.008881,0.005781,0.004301,0.006457,0.004317,"ARIMA(1, 0, 0)",0.00258805,-0.0003192,0.00303819,0.0,2025-W30
adj_close.csv,ARIMA,VUG,0.005732,0.008881,0.005781,0.004301,0.006457,0.004317,"ARIMA(1, 0, 0)",-0.0040879,-0.00026948,0.00258805,0.0,2025-W31
adj_close.csv,ARIMA,VUG,0.005732,0.008881,0.005781,0.004301,0.006457,0.004317,"ARIMA(1, 0, 0)",0.00623821,0.00042994,-0.0040879,0.0,2025-W32
adj_close.csv,ARIMA,VUG,0.005732,0.008881,0.005781,0.004301,0.006457,0.004317,"ARIMA(1, 0, 0)",0.00126357,-0.00067176,0.00623821,0.0,2025-W33
adj_close.csv,ARIMA,VUG,0.005732,0.008881,0.005781,0.004301,0.006457,0.004317,"ARIMA(1, 0, 0)",-0.00157745,-0.00013446,0.00126357,0.0,2025-W34
adj_close.csv,ARIMA,VUG,0.005732,0.008881,0.005781,0.004301,0.006457,0.004317,"ARIMA(1, 0, 0)",8.722e-05,0.00016816,-0.00157745,0.0,2025-W35
adj_close.csv,ARIMA,VUG,0.005732,0.008881,0.005781,0.004301,0.006457,0.004317,"ARIMA(1, 0, 0)",0.0021602,-9.3e-06,8.722e-05,0.0,2025-W36
adj_close.csv,ARIMA,VUG,0.005732,0.008881,0.005781,0.004301,0.006457,0.004317,"ARIMA(1, 0, 0)",0.00381552,-0.00023022,0.0021602,0.0,2025-W37
adj_close.csv,ARIMA,VUG,0.005732,0.008881,0.005781,0.004301,0.006457,0.004317,"ARIMA(1, 0, 0)",0.00374408,-0.00040312,0.00381552,0.0,2025-W38
adj_close.csv,ARIMA,VUG,0.005732,0.008881,0.005781,0.004301,0.006457,0.004317,"ARIMA(1, 0, 0)",-0.001668,-0.00038934,0.00374408,0.0,2025-W39
adj_close.csv,ARIMA,VUG,0.005732,0.008881,0.005781,0.004301,0.006457,0.004317,"ARIMA(1, 0, 0)",0.00230513,0.00017429,-0.001668,0.0,2025-W40
adj_close.csv,ARIMA,VUG,0.005732,0.008881,0.005781,0.004301,0.006457,0.004317,"ARIMA(1, 0, 0)",-0.00462264,-0.00024172,0.00230513,0.0,2025-W41
adj_close.csv,ARIMA,VUG,0.005732,0.008881,0.005781,0.004301,0.006457,0.004317,"ARIMA(1, 0, 0)",0.00328885,0.00048964,-0.00462264,0.0,2025-W42
adj_close.csv,ARIMA,VUG,0.005732,0.008881,0.005781,0.004301,0.006457,0.004317,"ARIMA(1, 0, 0)",0.00470338,-0.00035282,0.00328885,0.0,2025-W43
adj_close.csv,ARIMA,VUG,0.005732,0.008881,0.005781,0.004301,0.006457,0.004317,"ARIMA(1, 0, 0)",0.00373518,-0.00049639,0.00470338,0.0,2025-W44
adj_close.csv,ARIMA,VUG,0.005732,0.008881,0.005781,0.004301,0.006457,0.004317,"ARIMA(1, 0, 0)",-0.00584586,-0.00038646,0.00373518,0.0,2025-W45
adj_close.csv,ARIMA,VUG,0.005732,0.008881,0.005781,0.004301,0.006457,0.004317,"ARIMA(1, 0, 0)",-0.00039671,0.00061724,-0.00584586,0.0,2025-W46
adj_close.csv,ARIMA,VUG,0.005732,0.008881,0.005781,0.004301,0.006457,0.004317,"ARIMA(1, 0, 0)",-0.00570603,4.164e-05,-0.00039671,0.0,2025-W47
adj_close.csv,ARIMA,VUG,0.005732,0.008881,0.005781,0.004301,0.006457,0.004317,"ARIMA(1, 0, 0)",0.01088893,0.00059762,-0.00570603,0.0,2025-W48
adj_close.csv,ARIMA,VUG,0.005732,0.008881,0.005781,0.004301,0.006457,0.004317,"ARIMA(1, 0, 0)",0.00131989,-0.00120656,0.01088893,0.0,2025-W49
adj_close.csv,ARIMA,VUG,0.005732,0.008881,0.005781,0.004301,0.006457,0.004317,"ARIMA(1, 0, 0)",-0.00360656,-0.00014254,0.00131989,0.0,2025-W50
adj_close.csv,ARIMA,VUG,0.005732,0.008881,0.005781,0.004301,0.006457,0.004317,"ARIMA(1, 0, 0)",0.00136776,0.00039118,-0.00360656,0.0,2025-W51
adj_close.csv,ARIMA,VUG,0.005732,0.008881,0.005781,0.004301,0.006457,0.004317,"ARIMA(1, 0, 0)",0.00354429,-0.00014884,0.00136776,0.0,2025-W52
adj_close.csv,ARIMA,VUG,0.005732,0.008881,0.005781,0.004301,0.006457,0.004317,"ARIMA(1, 0, 0)",-0.00451472,-0.00038387,0.00354429,0.0,2026-W01
adj_close.csv,ARIMA,VUG,0.005732,0.008881,0.005781,0.004301,0.006457,0.004317,"ARIMA(1, 0, 0)",0.00197703,0.00049571,-0.00451472,0.0,2026-W02
adj_close.csv,ARIMA,VUG,0.005732,0.008881,0.005781,0.004301,0.006457,0.004317,"ARIMA(1, 0, 0)",-0.00243416,-0.00021842,0.00197703,0.0,2026-W03
adj_close.csv,ARIMA,VUG,0.005732,0.008881,0.005781,0.004301,0.006457,0.004317,"ARIMA(1, 0, 0)",-0.00082078,0.00027,-0.00243416,0.0,2026-W04
adj_close.csv,ARIMA,VUG,0.005732,0.008881,0.005781,0.004301,0.006457,0.004317,"ARIMA(1, 0, 0)",-0.00080825,9.082e-05,-0.00082078,0.0,2026-W05
adj_close.csv,ARIMA,VUG,0.005732,0.008881,0.005781,0.004301,0.006457,0.004317,"ARIMA(1, 0, 0)",0.00263389,8.938e-05,-0.00080825,0.0,2026-W06
adj_close.csv,ARIMA,VWO,0.004505,0.006383,0.004443,0.003586,0.005126,0.003541,"ARIMA(3, 0, 0)",-0.00095837,-0.00031642,-0.00741818,0.0,2024-W30
adj_close.csv,ARIMA,VWO,0.004505,0.006383,0.004443,0.003586,0.005126,0.003541,"ARIMA(3, 0, 0)",-0.00290293,-0.00018943,-0.00095837,0.0,2024-W31
adj_close.csv,ARIMA,VWO,0.004505,0.006383,0.004443,0.003586,0.005126,0.003541,"ARIMA(3, 0, 0)",0.00212374,0.00140178,-0.00290293,0.0,2024-W32
adj_close.csv,ARIMA,VWO,0.004505,0.006383,0.004443,0.003586,0.005126,0.003541,"ARIMA(3, 0, 0)",0.00534693,9.206e-05,0.00212374,0.0,2024-W33
adj_close.csv,ARIMA,VWO,0.004505,0.006383,0.004443,0.003586,0.005126,0.003541,"ARIMA(3, 0, 0)",0.00151448,-8.08e-05,0.00534693,0.0,2024-W34
adj_close.csv,ARIMA,VWO,0.004505,0.006383,0.004443,0.003586,0.005126,0.003541,"ARIMA(3, 0, 0)",-0.00155919,-0.00068741,0.00151448,0.0,2024-W35
adj_close.csv,ARIMA,VWO,0.004505,0.006383,0.004443,0.003586,0.005126,0.003541,"ARIMA(3, 0, 0)",-0.00691496,-0.00077822,-0.00155919,0.0,2024-W36
adj_close.csv,ARIMA,VWO,0.004505,0.006383,0.004443,0.003586,0.005126,0.003541,"ARIMA(3, 0, 0)",0.00436576,0.00036024,-0.00691496,0.0,2024-W37
adj_close.csv,ARIMA,VWO,0.004505,0.006383,0.004443,0.003586,0.005126,0.003541,"ARIMA(3, 0, 0)",0.0042898,0.00023684,0.00436576,0.0,2024-W38
adj_close.csv,ARIMA,VWO,0.004505,0.006383,0.004443,0.003586,0.005126,0.003541,"ARIMA(3, 0, 0)",0.01266191,0.00054289,0.0042898,0.0,2024-W39
adj_close.csv,ARIMA,VWO,0.004505,0.006383,0.004443,0.003586,0.005126,0.003541,"ARIMA(3, 0, 0)",0.00332965,-0.0018404,0.01266191,0.0,2024-W40
adj_close.csv,ARIMA,VWO,0.004505,0.006383,0.004443,0.003586,0.005126,0.003541,"ARIMA(3, 0, 0)",-0.00374457,-0.00141712,0.00332965,0.0,2024-W41
adj_close.csv,ARIMA,VWO,0.004505,0.006383,0.004443,0.003586,0.005126,0.003541,"ARIMA(3, 0, 0)",-0.00133361,-0.00221484,-0.00374457,0.0,2024-W42
adj_close.csv,ARIMA,VWO,0.004505,0.006383,0.004443,0.003586,0.005126,0.003541,"ARIMA(3, 0, 0)",-0.00333096,-0.00034766,-0.00133361,0.0,2024-W43
adj_close.csv,ARIMA,VWO,0.004505,0.006383,0.004443,0.003586,0.005126,0.003541,"ARIMA(3, 0, 0)",-0.00196541,0.00090467,-0.00333096,0.0,2024-W44
adj_close.csv,ARIMA,VWO,0.004505,0.006383,0.004443,0.003586,0.005126,0.003541,"ARIMA(3, 0, 0)",0.00089965,0.00047338,-0.00196541,0.0,2024-W45
adj_close.csv,ARIMA,VWO,0.004505,0.006383,0.004443,0.003586,0.005126,0.003541,"ARIMA(3, 0, 0)",-0.00726879,0.00062196,0.00089965,0.0,2024-W46
adj_close.csv,ARIMA,VWO,0.004505,0.006383,0.004443,0.003586,0.005126,0.003541,"ARIMA(3, 0, 0)",0.00128134,0.00068804,-0.00726879,0.0,2024-W47
adj_close.csv,ARIMA,VWO,0.004505,0.006383,0.004443,0.003586,0.005126,0.003541,"ARIMA(3, 0, 0)",0.00087932,5.083e-05,0.00128134,0.0,2024-W48
adj_close.csv,ARIMA,VWO,0.004505,0.006383,0.004443,0.003586,0.005126,0.003541,"ARIMA(3, 0, 0)",0.00352375,0.00114256,0.00087932,0.0,2024-W49
adj_close.csv,ARIMA,VWO,0.004505,0.006383,0.004443,0.003586,0.005126,0.003541,"ARIMA(3, 0, 0)",0.00030164,-0.00044597,0.00352375,0.0,2024-W50
adj_close.csv,ARIMA,VWO,0.004505,0.006383,0.004443,0.003586,0.005126,0.003541,"ARIMA(3, 0, 0)",-0.00425622,-0.00030398,0.00030164,0.0,2024-W51
adj_close.csv,ARIMA,VWO,0.004505,0.006383,0.004443,0.003586,0.005126,0.003541,"ARIMA(3, 0, 0)",0.00056242,-0.0004017,-0.00425622,0.0,2024-W52
adj_close.csv,ARIMA,VWO,0.004505,0.006383,0.004443,0.003586,0.005126,0.003541,"ARIMA(3, 0, 0)",-0.0020307,9.294e-05,0.00056242,0.0,2025-W01
adj_close.csv,ARIMA,VWO,0.004505,0.006383,0.004443,0.003586,0.005126,0.003541,"ARIMA(3, 0, 0)",-0.00764865,0.0008303,-0.0020307,0.0,2025-W02
adj_close.csv,ARIMA,VWO,0.004505,0.006383,0.004443,0.003586,0.005126,0.003541,"ARIMA(3, 0, 0)",0.00457241,0.00037454,-0.00764865,0.0,2025-W03
adj_close.csv,ARIMA,VWO,0.004505,0.006383,0.004443,0.003586,0.005126,0.003541,"ARIMA(3, 0, 0)",0.00441289,0.00039552,0.00457241,0.0,2025-W04
adj_close.csv,ARIMA,VWO,0.004505,0.006383,0.004443,0.003586,0.005126,0.003541,"ARIMA(3, 0, 0)",-0.00080917,0.000826,0.00441289,0.0,2025-W05
adj_close.csv,ARIMA,VWO,0.004505,0.006383,0.004443,0.003586,0.005126,0.003541,"ARIMA(3, 0, 0)",0.00215055,-0.00093383,-0.00080917,0.0,2025-W06
adj_close.csv,ARIMA,VWO,0.004505,0.006383,0.004443,0.003586,0.005126,0.003541,"ARIMA(3, 0, 0)",0.00440741,-0.00079984,0.00215055,0.0,2025-W07
adj_close.csv,ARIMA,VWO,0.004505,0.006383,0.004443,0.003586,0.005126,0.003541,"ARIMA(3, 0, 0)",0.00281756,-0.0002105,0.00440741,0.0,2025-W08
adj_close.csv,ARIMA,VWO,0.004505,0.006383,0.004443,0.003586,0.005126,0.003541,"ARIMA(3, 0, 0)",-0.00733102,-0.00068586,0.00281756,0.0,2025-W09
adj_close.csv,ARIMA,VWO,0.004505,0.006383,0.004443,0.003586,0.005126,0.003541,"ARIMA(3, 0, 0)",0.0054254,-0.0004577,-0.00733102,0.0,2025-W10
adj_close.csv,ARIMA,VWO,0.004505,0.006383,0.004443,0.003586,0.005126,0.003541,"ARIMA(3, 0, 0)",0.00052153,-0.00042382,0.0054254,0.0,2025-W11
adj_close.csv,ARIMA,VWO,0.004505,0.006383,0.004443,0.003586,0.005126,0.003541,"ARIMA(3, 0, 0)",-0.00023113,0.00083358,0.00052153,0.0,2025-W12
adj_close.csv,ARIMA,VWO,0.004505,0.006383,0.004443,0.003586,0.005126,0.003541,"ARIMA(3, 0, 0)",-0.00293574,-0.00084899,-0.00023113,0.0,2025-W13
adj_close.csv,ARIMA,VWO,0.004505,0.006383,0.004443,0.003586,0.005126,0.003541,"ARIMA(3, 0, 0)",-0.01455355,0.00011481,-0.00293574,0.0,2025-W14
adj_close.csv,ARIMA,VWO,0.004505,0.006383,0.004443,0.003586,0.005126,0.003541,"ARIMA(3, 0, 0)",0.00455258,0.00096934,-0.01455355,0.0,2025-W15
adj_close.csv,ARIMA,VWO,0.004505,0.006383,0.004443,0.003586,0.005126,0.003541,"ARIMA(3, 0, 0)",0.00115743,0.00095494,0.00455258,0.0,2025-W16
adj_close.csv,ARIMA,VWO,0.004505,0.006383,0.004443,0.003586,0.005126,0.003541,"ARIMA(3, 0, 0)",0.00712335,0.00198482,0.00115743,0.0,2025-W17
adj_close.csv,ARIMA,VWO,0.004505,0.006383,0.004443,0.003586,0.005126,0.003541,"ARIMA(3, 0, 0)",0.00687836,-0.00129568,0.00712335,0.0,2025-W18
adj_close.csv,ARIMA,VWO,0.004505,0.006383,0.004443,0.003586,0.005126,0.003541,"ARIMA(3, 0, 0)",-0.00081993,-0.00088355,0.00687836,0.0,2025-W19
adj_close.csv,ARIMA,VWO,0.004505,0.006383,0.004443,0.003586,0.005126,0.003541,"ARIMA(3, 0, 0)",0.00629973,-0.00146089,-0.00081993,0.0,2025-W20
adj_close.csv,ARIMA,VWO,0.004505,0.006383,0.004443,0.003586,0.005126,0.003541,"ARIMA(3, 0, 0)",0.00029311,-0.00135622,0.00629973,0.0,2025-W21
adj_close.csv,ARIMA,VWO,0.004505,0.006383,0.004443,0.003586,0.005126,0.003541,"ARIMA(3, 0, 0)",-0.00421953,-0.00012092,0.00029311,0.0,2025-W22
adj_close.csv,ARIMA,VWO,0.004505,0.006383,0.004443,0.003586,0.005126,0.003541,"ARIMA(3, 0, 0)",0.0052082,-0.00075432,-0.00421953,0.0,2025-W23
adj_close.csv,ARIMA,VWO,0.004505,0.006383,0.004443,0.003586,0.005126,0.003541,"ARIMA(3, 0, 0)",0.0005796,-0.0001547,0.0052082,0.0,2025-W24
adj_close.csv,ARIMA,VWO,0.004505,0.006383,0.004443,0.003586,0.005126,0.003541,"ARIMA(3, 0, 0)",-0.00355088,0.00036029,0.0005796,0.0,2025-W25
adj_close.csv,ARIMA,VWO,0.004505,0.006383,0.004443,0.003586,0.005126,0.003541,"ARIMA(3, 0, 0)",0.00755118,-0.0005685,-0.00355088,0.0,2025-W26
adj_close.csv,ARIMA,VWO,0.004505,0.006383,0.004443,0.003586,0.005126,0.003541,"ARIMA(3, 0, 0)",0.00316874,-0.00037321,0.00755118,0.0,2025-W27
adj_close.csv,ARIMA,VWO,0.004505,0.006383,0.004443,0.003586,0.005126,0.003541,"ARIMA(3, 0, 0)",-0.00172672,-5.397e-05,0.00316874,0.0,2025-W28
adj_close.csv,ARIMA,VWO,0.004505,0.006383,0.004443,0.003586,0.005126,0.003541,"ARIMA(3, 0, 0)",0.00359722,-0.00105673,-0.00172672,0.0,2025-W29
adj_close.csv,ARIMA,VWO,0.004505,0.006383,0.004443,0.003586,0.005126,0.003541,"ARIMA(3, 0, 0)",0.00138163,-0.00052523,0.00359722,0.0,2025-W30
adj_close.csv,ARIMA,VWO,0.004505,0.006383,0.004443,0.003586,0.005126,0.003541,"ARIMA(3, 0, 0)",-0.00518061,-2.983e-05,0.00138163,0.0,2025-W31
adj_close.csv,ARIMA,VWO,0.004505,0.006383,0.004443,0.003586,0.005126,0.003541,"ARIMA(3, 0, 0)",0.00458964,-0.00021304,-0.00518061,0.0,2025-W32
adj_close.csv,ARIMA,VWO,0.004505,0.006383,0.004443,0.003586,0.005126,0.003541,"ARIMA(3, 0, 0)",0.00262621,-0.00019814,0.00458964,0.0,2025-W33
adj_close.csv,ARIMA,VWO,0.004505,0.006383,0.004443,0.003586,0.005126,0.003541,"ARIMA(3, 0, 0)",0.00312957,0.00022488,0.00262621,0.0,2025-W34
adj_close.csv,ARIMA,VWO,0.004505,0.006383,0.004443,0.003586,0.005126,0.003541,"ARIMA(3, 0, 0)",-0.00246868,-0.00087052,0.00312957,0.0,2025-W35
adj_close.csv,ARIMA,VWO,0.004505,0.006383,0.004443,0.003586,0.005126,0.003541,"ARIMA(3, 0, 0)",0.00212564,-0.00033314,-0.00246868,0.0,2025-W36
adj_close.csv,ARIMA,VWO,0.004505,0.006383,0.004443,0.003586,0.005126,0.003541,"ARIMA(3, 0, 0)",0.00572821,-0.00039082,0.00212564,0.0,2025-W37
adj_close.csv,ARIMA,VWO,0.004505,0.006383,0.004443,0.003586,0.005126,0.003541,"ARIMA(3, 0, 0)",0.00267329,-0.0001479,0.00572821,0.0,2025-W38
adj_close.csv,ARIMA,VWO,0.004505,0.006383,0.004443,0.003586,0.005126,0.003541,"ARIMA(3, 0, 0)",-0.00137713,-0.00068638,0.00267329,0.0,2025-W39
adj_close.csv,ARIMA,VWO,0.004505,0.006383,0.004443,0.003586,0.005126,0.003541,"ARIMA(3, 0, 0)",0.00457839,-0.00074632,-0.00137713,0.0,2025-W40
adj_close.csv,ARIMA,VWO,0.004505,0.006383,0.004443,0.003586,0.005126,0.003541,"ARIMA(3, 0, 0)",-0.00838659,-0.00049888,0.00457839,0.0,2025-W41
adj_close.csv,ARIMA,VWO,0.004505,0.006383,0.004443,0.003586,0.005126,0.003541,"ARIMA(3, 0, 0)",0.00688434,0.00048104,-0.00838659,0.0,2025-W42
adj_close.csv,ARIMA,VWO,0.004505,0.006383,0.004443,0.003586,0.005126,0.003541,"ARIMA(3, 0, 0)",0.00292083,-0.00070171,0.00688434,0.0,2025-W43
adj_close.csv,ARIMA,VWO,0.004505,0.006383,0.004443,0.003586,0.005126,0.003541,"ARIMA(3, 0, 0)",-0.0007626,0.0004627,0.00292083,0.0,2025-W44
adj_close.csv,ARIMA,VWO,0.004505,0.006383,0.004443,0.003586,0.005126,0.003541,"ARIMA(3, 0, 0)",-0.00157065,-0.0008819,-0.0007626,0.0,2025-W45
adj_close.csv,ARIMA,VWO,0.004505,0.006383,0.004443,0.003586,0.005126,0.003541,"ARIMA(3, 0, 0)",0.00113355,-0.00019432,-0.00157065,0.0,2025-W46
adj_close.csv,ARIMA,VWO,0.004505,0.006383,0.004443,0.003586,0.005126,0.003541,"ARIMA(3, 0, 0)",-0.00659806,8.562e-05,0.00113355,0.0,2025-W47
adj_close.csv,ARIMA,VWO,0.004505,0.006383,0.004443,0.003586,0.005126,0.003541,"ARIMA(3, 0, 0)",0.0057281,0.00059342,-0.00659806,0.0,2025-W48
adj_close.csv,ARIMA,VWO,0.004505,0.006383,0.004443,0.003586,0.005126,0.003541,"ARIMA(3, 0, 0)",0.000368,-0.00026695,0.0057281,0.0,2025-W49
adj_close.csv,ARIMA,VWO,0.004505,0.006383,0.004443,0.003586,0.005126,0.003541,"ARIMA(3, 0, 0)",-0.00169838,0.00046994,0.000368,0.0,2025-W50
adj_close.csv,ARIMA,VWO,0.004505,0.006383,0.004443,0.003586,0.005126,0.003541,"ARIMA(3, 0, 0)",0.00079216,-0.00053971,-0.00169838,0.0,2025-W51
adj_close.csv,ARIMA,VWO,0.004505,0.006383,0.004443,0.003586,0.005126,0.003541,"ARIMA(3, 0, 0)",0.00424728,-1.947e-05,0.00079216,0.0,2025-W52
adj_close.csv,ARIMA,VWO,0.004505,0.006383,0.004443,0.003586,0.005126,0.003541,"ARIMA(3, 0, 0)",0.00417632,-0.00017245,0.00424728,0.0,2026-W01
adj_close.csv,ARIMA,VWO,0.004505,0.006383,0.004443,0.003586,0.005126,0.003541,"ARIMA(3, 0, 0)",0.00181226,-0.00060282,0.00417632,0.0,2026-W02
adj_close.csv,ARIMA,VWO,0.004505,0.006383,0.004443,0.003586,0.005126,0.003541,"ARIMA(3, 0, 0)",0.00204614,-0.00080478,0.00181226,0.0,2026-W03
adj_close.csv,ARIMA,VWO,0.004505,0.006383,0.004443,0.003586,0.005126,0.003541,"ARIMA(3, 0, 0)",0.00341408,-0.00068598,0.00204614,0.0,2026-W04
adj_close.csv,ARIMA,VWO,0.004505,0.006383,0.004443,0.003586,0.005126,0.003541,"ARIMA(3, 0, 0)",-0.0010597,-0.00051619,0.00341408,0.0,2026-W05
adj_close.csv,ARIMA,VWO,0.004505,0.006383,0.004443,0.003586,0.005126,0.003541,"ARIMA(3, 0, 0)",0.00547458,-0.00029604,-0.0010597,0.0,2026-W06
adj_close.csv,ARIMA,XLB,0.005162,0.007793,0.005186,0.004036,0.006184,0.004045,"ARIMA(1, 0, 0)",0.00268964,3.047e-05,-0.00086372,0.0,2024-W30
adj_close.csv,ARIMA,XLB,0.005162,0.007793,0.005186,0.004036,0.006184,0.004045,"ARIMA(1, 0, 0)",-0.00284509,-9.594e-05,0.00268964,0.0,2024-W31
adj_close.csv,ARIMA,XLB,0.005162,0.007793,0.005186,0.004036,0.006184,0.004045,"ARIMA(1, 0, 0)",-0.00331474,0.00010508,-0.00284509,0.0,2024-W32
adj_close.csv,ARIMA,XLB,0.005162,0.007793,0.005186,0.004036,0.006184,0.004045,"ARIMA(1, 0, 0)",0.00448858,0.00011692,-0.00331474,0.0,2024-W33
adj_close.csv,ARIMA,XLB,0.005162,0.007793,0.005186,0.004036,0.006184,0.004045,"ARIMA(1, 0, 0)",0.0047138,-0.00016941,0.00448858,0.0,2024-W34
adj_close.csv,ARIMA,XLB,0.005162,0.007793,0.005186,0.004036,0.006184,0.004045,"ARIMA(1, 0, 0)",0.00331538,-0.00016036,0.0047138,0.0,2024-W35
adj_close.csv,ARIMA,XLB,0.005162,0.007793,0.005186,0.004036,0.006184,0.004045,"ARIMA(1, 0, 0)",-0.01192058,-0.00010359,0.00331538,0.0,2024-W36
adj_close.csv,ARIMA,XLB,0.005162,0.007793,0.005186,0.004036,0.006184,0.004045,"ARIMA(1, 0, 0)",0.00613476,0.00045137,-0.01192058,0.0,2024-W37
adj_close.csv,ARIMA,XLB,0.005162,0.007793,0.005186,0.004036,0.006184,0.004045,"ARIMA(1, 0, 0)",0.00295571,-0.00030087,0.00613476,0.0,2024-W38
adj_close.csv,ARIMA,XLB,0.005162,0.007793,0.005186,0.004036,0.006184,0.004045,"ARIMA(1, 0, 0)",0.00686007,-0.00013528,0.00295571,0.0,2024-W39
adj_close.csv,ARIMA,XLB,0.005162,0.007793,0.005186,0.004036,0.006184,0.004045,"ARIMA(1, 0, 0)",-0.00364424,-0.00029074,0.00686007,0.0,2024-W40
adj_close.csv,ARIMA,XLB,0.005162,0.007793,0.005186,0.004036,0.006184,0.004045,"ARIMA(1, 0, 0)",0.00150737,0.00016807,-0.00364424,0.0,2024-W41
adj_close.csv,ARIMA,XLB,0.005162,0.007793,0.005186,0.004036,0.006184,0.004045,"ARIMA(1, 0, 0)",0.00359663,-7.071e-05,0.00150737,0.0,2024-W42
adj_close.csv,ARIMA,XLB,0.005162,0.007793,0.005186,0.004036,0.006184,0.004045,"ARIMA(1, 0, 0)",-0.00766313,-0.0001655,0.00359663,0.0,2024-W43
adj_close.csv,ARIMA,XLB,0.005162,0.007793,0.005186,0.004036,0.006184,0.004045,"ARIMA(1, 0, 0)",-0.00177456,0.00038605,-0.00766313,0.0,2024-W44
adj_close.csv,ARIMA,XLB,0.005162,0.007793,0.005186,0.004036,0.006184,0.004045,"ARIMA(1, 0, 0)",0.0028572,8.469e-05,-0.00177456,0.0,2024-W45
adj_close.csv,ARIMA,XLB,0.005162,0.007793,0.005186,0.004036,0.006184,0.004045,"ARIMA(1, 0, 0)",-0.00687013,-0.00013861,0.0028572,0.0,2024-W46
adj_close.csv,ARIMA,XLB,0.005162,0.007793,0.005186,0.004036,0.006184,0.004045,"ARIMA(1, 0, 0)",0.00606401,0.00035442,-0.00687013,0.0,2024-W47
adj_close.csv,ARIMA,XLB,0.005162,0.007793,0.005186,0.004036,0.006184,0.004045,"ARIMA(1, 0, 0)",0.00182669,-0.00035059,0.00606401,0.0,2024-W48
adj_close.csv,ARIMA,XLB,0.005162,0.007793,0.005186,0.004036,0.006184,0.004045,"ARIMA(1, 0, 0)",-0.00614974,-0.0001018,0.00182669,0.0,2024-W49
adj_close.csv,ARIMA,XLB,0.005162,0.007793,0.005186,0.004036,0.006184,0.004045,"ARIMA(1, 0, 0)",-0.00591851,0.00035345,-0.00614974,0.0,2024-W50
adj_close.csv,ARIMA,XLB,0.005162,0.007793,0.005186,0.004036,0.006184,0.004045,"ARIMA(1, 0, 0)",-0.00835313,0.00030436,-0.00591851,0.0,2024-W51
adj_close.csv,ARIMA,XLB,0.005162,0.007793,0.005186,0.004036,0.006184,0.004045,"ARIMA(1, 0, 0)",-0.00057625,0.00036282,-0.00835313,0.0,2024-W52
adj_close.csv,ARIMA,XLB,0.005162,0.007793,0.005186,0.004036,0.006184,0.004045,"ARIMA(1, 0, 0)",-0.00520445,2.433e-05,-0.00057625,0.0,2025-W01
adj_close.csv,ARIMA,XLB,0.005162,0.007793,0.005186,0.004036,0.006184,0.004045,"ARIMA(1, 0, 0)",0.00033032,0.00021734,-0.00520445,0.0,2025-W02
adj_close.csv,ARIMA,XLB,0.005162,0.007793,0.005186,0.004036,0.006184,0.004045,"ARIMA(1, 0, 0)",0.01172628,-1.382e-05,0.00033032,0.0,2025-W03
adj_close.csv,ARIMA,XLB,0.005162,0.007793,0.005186,0.004036,0.006184,0.004045,"ARIMA(1, 0, 0)",0.00188911,-0.00048377,0.01172628,0.0,2025-W04
adj_close.csv,ARIMA,XLB,0.005162,0.007793,0.005186,0.004036,0.006184,0.004045,"ARIMA(1, 0, 0)",-0.00047246,-7.003e-05,0.00188911,0.0,2025-W05
adj_close.csv,ARIMA,XLB,0.005162,0.007793,0.005186,0.004036,0.006184,0.004045,"ARIMA(1, 0, 0)",-0.00112945,1.757e-05,-0.00047246,0.0,2025-W06
adj_close.csv,ARIMA,XLB,0.005162,0.007793,0.005186,0.004036,0.006184,0.004045,"ARIMA(1, 0, 0)",0.00350296,4.19e-05,-0.00112945,0.0,2025-W07
adj_close.csv,ARIMA,XLB,0.005162,0.007793,0.005186,0.004036,0.006184,0.004045,"ARIMA(1, 0, 0)",-0.00500243,-0.00013203,0.00350296,0.0,2025-W08
adj_close.csv,ARIMA,XLB,0.005162,0.007793,0.005186,0.004036,0.006184,0.004045,"ARIMA(1, 0, 0)",0.00156083,0.00020135,-0.00500243,0.0,2025-W09
adj_close.csv,ARIMA,XLB,0.005162,0.007793,0.005186,0.004036,0.006184,0.004045,"ARIMA(1, 0, 0)",-0.00212937,-6.441e-05,0.00156083,0.0,2025-W10
adj_close.csv,ARIMA,XLB,0.005162,0.007793,0.005186,0.004036,0.006184,0.004045,"ARIMA(1, 0, 0)",-0.00423491,8.89e-05,-0.00212937,0.0,2025-W11
adj_close.csv,ARIMA,XLB,0.005162,0.007793,0.005186,0.004036,0.006184,0.004045,"ARIMA(1, 0, 0)",-0.00044245,0.00017098,-0.00423491,0.0,2025-W12
adj_close.csv,ARIMA,XLB,0.005162,0.007793,0.005186,0.004036,0.006184,0.004045,"ARIMA(1, 0, 0)",-0.00078153,1.769e-05,-0.00044245,0.0,2025-W13
adj_close.csv,ARIMA,XLB,0.005162,0.007793,0.005186,0.004036,0.006184,0.004045,"ARIMA(1, 0, 0)",-0.01761405,3.121e-05,-0.00078153,0.0,2025-W14
adj_close.csv,ARIMA,XLB,0.005162,0.007793,0.005186,0.004036,0.006184,0.004045,"ARIMA(1, 0, 0)",0.00661762,0.00066722,-0.01761405,0.0,2025-W15
adj_close.csv,ARIMA,XLB,0.005162,0.007793,0.005186,0.004036,0.006184,0.004045,"ARIMA(1, 0, 0)",0.00077519,-0.0003494,0.00661762,0.0,2025-W16
adj_close.csv,ARIMA,XLB,0.005162,0.007793,0.005186,0.004036,0.006184,0.004045,"ARIMA(1, 0, 0)",0.00457876,-4.011e-05,0.00077519,0.0,2025-W17
adj_close.csv,ARIMA,XLB,0.005162,0.007793,0.005186,0.004036,0.006184,0.004045,"ARIMA(1, 0, 0)",0.00551512,-0.00023461,0.00457876,0.0,2025-W18
adj_close.csv,ARIMA,XLB,0.005162,0.007793,0.005186,0.004036,0.006184,0.004045,"ARIMA(1, 0, 0)",-0.0008732,-0.00026211,0.00551512,0.0,2025-W19
adj_close.csv,ARIMA,XLB,0.005162,0.007793,0.005186,0.004036,0.006184,0.004045,"ARIMA(1, 0, 0)",0.00580427,4.191e-05,-0.0008732,0.0,2025-W20
adj_close.csv,ARIMA,XLB,0.005162,0.007793,0.005186,0.004036,0.006184,0.004045,"ARIMA(1, 0, 0)",-0.00312597,-0.0002827,0.00580427,0.0,2025-W21
adj_close.csv,ARIMA,XLB,0.005162,0.007793,0.005186,0.004036,0.006184,0.004045,"ARIMA(1, 0, 0)",0.00186002,0.00015946,-0.00312597,0.0,2025-W22
adj_close.csv,ARIMA,XLB,0.005162,0.007793,0.005186,0.004036,0.006184,0.004045,"ARIMA(1, 0, 0)",0.00330815,-9.626e-05,0.00186002,0.0,2025-W23
adj_close.csv,ARIMA,XLB,0.005162,0.007793,0.005186,0.004036,0.006184,0.004045,"ARIMA(1, 0, 0)",-0.00091345,-0.00016829,0.00330815,0.0,2025-W24
adj_close.csv,ARIMA,XLB,0.005162,0.007793,0.005186,0.004036,0.006184,0.004045,"ARIMA(1, 0, 0)",-0.00276182,4.678e-05,-0.00091345,0.0,2025-W25
adj_close.csv,ARIMA,XLB,0.005162,0.007793,0.005186,0.004036,0.006184,0.004045,"ARIMA(1, 0, 0)",0.0043896,0.00014046,-0.00276182,0.0,2025-W26
adj_close.csv,ARIMA,XLB,0.005162,0.007793,0.005186,0.004036,0.006184,0.004045,"ARIMA(1, 0, 0)",0.00970782,-0.00023041,0.0043896,0.0,2025-W27
adj_close.csv,ARIMA,XLB,0.005162,0.007793,0.005186,0.004036,0.006184,0.004045,"ARIMA(1, 0, 0)",0.00032806,-0.0004508,0.00970782,0.0,2025-W28
adj_close.csv,ARIMA,XLB,0.005162,0.007793,0.005186,0.004036,0.006184,0.004045,"ARIMA(1, 0, 0)",-0.0028613,-1.489e-05,0.00032806,0.0,2025-W29
adj_close.csv,ARIMA,XLB,0.005162,0.007793,0.005186,0.004036,0.006184,0.004045,"ARIMA(1, 0, 0)",0.00471023,0.00013027,-0.0028613,0.0,2025-W30
adj_close.csv,ARIMA,XLB,0.005162,0.007793,0.005186,0.004036,0.006184,0.004045,"ARIMA(1, 0, 0)",-0.01262355,-0.0002229,0.00471023,0.0,2025-W31
adj_close.csv,ARIMA,XLB,0.005162,0.007793,0.005186,0.004036,0.006184,0.004045,"ARIMA(1, 0, 0)",0.00372433,0.00069793,-0.01262355,0.0,2025-W32
adj_close.csv,ARIMA,XLB,0.005162,0.007793,0.005186,0.004036,0.006184,0.004045,"ARIMA(1, 0, 0)",0.00376736,-0.0002249,0.00372433,0.0,2025-W33
adj_close.csv,ARIMA,XLB,0.005162,0.007793,0.005186,0.004036,0.006184,0.004045,"ARIMA(1, 0, 0)",0.00472004,-0.00022004,0.00376736,0.0,2025-W34
adj_close.csv,ARIMA,XLB,0.005162,0.007793,0.005186,0.004036,0.006184,0.004045,"ARIMA(1, 0, 0)",0.00021684,-0.000264,0.00472004,0.0,2025-W35
adj_close.csv,ARIMA,XLB,0.005162,0.007793,0.005186,0.004036,0.006184,0.004045,"ARIMA(1, 0, 0)",-0.00086842,-1.206e-05,0.00021684,0.0,2025-W36
adj_close.csv,ARIMA,XLB,0.005162,0.007793,0.005186,0.004036,0.006184,0.004045,"ARIMA(1, 0, 0)",-0.00060989,4.833e-05,-0.00086842,0.0,2025-W37
adj_close.csv,ARIMA,XLB,0.005162,0.007793,0.005186,0.004036,0.006184,0.004045,"ARIMA(1, 0, 0)",-0.00186292,3.39e-05,-0.00060989,0.0,2025-W38
adj_close.csv,ARIMA,XLB,0.005162,0.007793,0.005186,0.004036,0.006184,0.004045,"ARIMA(1, 0, 0)",-0.00348367,0.00010325,-0.00186292,0.0,2025-W39
adj_close.csv,ARIMA,XLB,0.005162,0.007793,0.005186,0.004036,0.006184,0.004045,"ARIMA(1, 0, 0)",0.00228318,0.00019,-0.00348367,0.0,2025-W40
adj_close.csv,ARIMA,XLB,0.005162,0.007793,0.005186,0.004036,0.006184,0.004045,"ARIMA(1, 0, 0)",-0.00681409,-0.00012673,0.00228318,0.0,2025-W41
adj_close.csv,ARIMA,XLB,0.005162,0.007793,0.005186,0.004036,0.006184,0.004045,"ARIMA(1, 0, 0)",0.00235795,0.00039197,-0.00681409,0.0,2025-W42
adj_close.csv,ARIMA,XLB,0.005162,0.007793,0.005186,0.004036,0.006184,0.004045,"ARIMA(1, 0, 0)",0.0025553,-0.00013979,0.00235795,0.0,2025-W43
adj_close.csv,ARIMA,XLB,0.005162,0.007793,0.005186,0.004036,0.006184,0.004045,"ARIMA(1, 0, 0)",-0.00764922,-0.00014936,0.0025553,0.0,2025-W44
adj_close.csv,ARIMA,XLB,0.005162,0.007793,0.005186,0.004036,0.006184,0.004045,"ARIMA(1, 0, 0)",0.00034988,0.00046632,-0.00764922,0.0,2025-W45
adj_close.csv,ARIMA,XLB,0.005162,0.007793,0.005186,0.004036,0.006184,0.004045,"ARIMA(1, 0, 0)",0.00220177,-2.129e-05,0.00034988,0.0,2025-W46
adj_close.csv,ARIMA,XLB,0.005162,0.007793,0.005186,0.004036,0.006184,0.004045,"ARIMA(1, 0, 0)",-0.00097042,-0.00013375,0.00220177,0.0,2025-W47
adj_close.csv,ARIMA,XLB,0.005162,0.007793,0.005186,0.004036,0.006184,0.004045,"ARIMA(1, 0, 0)",0.00867798,5.918e-05,-0.00097042,0.0,2025-W48
adj_close.csv,ARIMA,XLB,0.005162,0.007793,0.005186,0.004036,0.006184,0.004045,"ARIMA(1, 0, 0)",-0.00274811,-0.00053868,0.00867798,0.0,2025-W49
adj_close.csv,ARIMA,XLB,0.005162,0.007793,0.005186,0.004036,0.006184,0.004045,"ARIMA(1, 0, 0)",0.00475146,0.00017737,-0.00274811,0.0,2025-W50
adj_close.csv,ARIMA,XLB,0.005162,0.007793,0.005186,0.004036,0.006184,0.004045,"ARIMA(1, 0, 0)",0.00097215,-0.00031437,0.00475146,0.0,2025-W51
adj_close.csv,ARIMA,XLB,0.005162,0.007793,0.005186,0.004036,0.006184,0.004045,"ARIMA(1, 0, 0)",0.00533188,-6.356e-05,0.00097215,0.0,2025-W52
adj_close.csv,ARIMA,XLB,0.005162,0.007793,0.005186,0.004036,0.006184,0.004045,"ARIMA(1, 0, 0)",5.42e-05,-0.000345,0.00533188,0.0,2026-W01
adj_close.csv,ARIMA,XLB,0.005162,0.007793,0.005186,0.004036,0.006184,0.004045,"ARIMA(1, 0, 0)",0.00907127,-3.49e-06,5.42e-05,0.0,2026-W02
adj_close.csv,ARIMA,XLB,0.005162,0.007793,0.005186,0.004036,0.006184,0.004045,"ARIMA(1, 0, 0)",0.00173305,-0.00058391,0.00907127,0.0,2026-W03
adj_close.csv,ARIMA,XLB,0.005162,0.007793,0.005186,0.004036,0.006184,0.004045,"ARIMA(1, 0, 0)",0.00653864,-0.00010695,0.00173305,0.0,2026-W04
adj_close.csv,ARIMA,XLB,0.005162,0.007793,0.005186,0.004036,0.006184,0.004045,"ARIMA(1, 0, 0)",-0.00282149,-0.00039398,0.00653864,0.0,2026-W05
adj_close.csv,ARIMA,XLB,0.005162,0.007793,0.005186,0.004036,0.006184,0.004045,"ARIMA(1, 0, 0)",0.00768304,0.00017564,-0.00282149,0.0,2026-W06
adj_close.csv,ARIMA,XLE,0.007193,0.010114,0.007214,0.005343,0.007702,0.00537,"ARIMA(2, 0, 3)",-0.00039012,6.136e-05,0.0040463,0.0,2024-W30
adj_close.csv,ARIMA,XLE,0.007193,0.010114,0.007214,0.005343,0.007702,0.00537,"ARIMA(2, 0, 3)",-0.00839595,-0.00100576,-0.00039012,0.0,2024-W31
adj_close.csv,ARIMA,XLE,0.007193,0.010114,0.007214,0.005343,0.007702,0.00537,"ARIMA(2, 0, 3)",0.00227214,0.00054846,-0.00839595,0.0,2024-W32
adj_close.csv,ARIMA,XLE,0.007193,0.010114,0.007214,0.005343,0.007702,0.00537,"ARIMA(2, 0, 3)",0.00235715,0.00119147,0.00227214,0.0,2024-W33
adj_close.csv,ARIMA,XLE,0.007193,0.010114,0.007214,0.005343,0.007702,0.00537,"ARIMA(2, 0, 3)",-0.00017695,-0.00175205,0.00235715,0.0,2024-W34
adj_close.csv,ARIMA,XLE,0.007193,0.010114,0.007214,0.005343,0.007702,0.00537,"ARIMA(2, 0, 3)",0.00195962,-0.00069443,-0.00017695,0.0,2024-W35
adj_close.csv,ARIMA,XLE,0.007193,0.010114,0.007214,0.005343,0.007702,0.00537,"ARIMA(2, 0, 3)",-0.01486705,0.00070761,0.00195962,0.0,2024-W36
adj_close.csv,ARIMA,XLE,0.007193,0.010114,0.007214,0.005343,0.007702,0.00537,"ARIMA(2, 0, 3)",-0.00097902,0.00088091,-0.01486705,0.0,2024-W37
adj_close.csv,ARIMA,XLE,0.007193,0.010114,0.007214,0.005343,0.007702,0.00537,"ARIMA(2, 0, 3)",0.00727352,0.0016424,-0.00097902,0.0,2024-W38
adj_close.csv,ARIMA,XLE,0.007193,0.010114,0.007214,0.005343,0.007702,0.00537,"ARIMA(2, 0, 3)",-0.00192441,-0.00298674,0.00727352,0.0,2024-W39
adj_close.csv,ARIMA,XLE,0.007193,0.010114,0.007214,0.005343,0.007702,0.00537,"ARIMA(2, 0, 3)",0.01328868,-0.00212427,-0.00192441,0.0,2024-W40
adj_close.csv,ARIMA,XLE,0.007193,0.010114,0.007214,0.005343,0.007702,0.00537,"ARIMA(2, 0, 3)",-0.00079575,-0.00026252,0.01328868,0.0,2024-W41
adj_close.csv,ARIMA,XLE,0.007193,0.010114,0.007214,0.005343,0.007702,0.00537,"ARIMA(2, 0, 3)",-0.00539481,-0.00041782,-0.00079575,0.0,2024-W42
adj_close.csv,ARIMA,XLE,0.007193,0.010114,0.007214,0.005343,0.007702,0.00537,"ARIMA(2, 0, 3)",-0.0012659,0.00203456,-0.00539481,0.0,2024-W43
adj_close.csv,ARIMA,XLE,0.007193,0.010114,0.007214,0.005343,0.007702,0.00537,"ARIMA(2, 0, 3)",-0.00391463,-0.00079719,-0.0012659,0.0,2024-W44
adj_close.csv,ARIMA,XLE,0.007193,0.010114,0.007214,0.005343,0.007702,0.00537,"ARIMA(2, 0, 3)",0.0125908,-0.00121196,-0.00391463,0.0,2024-W45
adj_close.csv,ARIMA,XLE,0.007193,0.010114,0.007214,0.005343,0.007702,0.00537,"ARIMA(2, 0, 3)",0.00207982,0.00012224,0.0125908,0.0,2024-W46
adj_close.csv,ARIMA,XLE,0.007193,0.010114,0.007214,0.005343,0.007702,0.00537,"ARIMA(2, 0, 3)",0.00529196,-0.00178926,0.00207982,0.0,2024-W47
adj_close.csv,ARIMA,XLE,0.007193,0.010114,0.007214,0.005343,0.007702,0.00537,"ARIMA(2, 0, 3)",-0.00451254,0.00050509,0.00529196,0.0,2024-W48
adj_close.csv,ARIMA,XLE,0.007193,0.010114,0.007214,0.005343,0.007702,0.00537,"ARIMA(2, 0, 3)",-0.00967224,0.00019972,-0.00451254,0.0,2024-W49
adj_close.csv,ARIMA,XLE,0.007193,0.010114,0.007214,0.005343,0.007702,0.00537,"ARIMA(2, 0, 3)",-0.0039948,0.00111103,-0.00967224,0.0,2024-W50
adj_close.csv,ARIMA,XLE,0.007193,0.010114,0.007214,0.005343,0.007702,0.00537,"ARIMA(2, 0, 3)",-0.01172466,0.00092837,-0.0039948,0.0,2024-W51
adj_close.csv,ARIMA,XLE,0.007193,0.010114,0.007214,0.005343,0.007702,0.00537,"ARIMA(2, 0, 3)",0.00333344,-0.00030076,-0.01172466,0.0,2024-W52
adj_close.csv,ARIMA,XLE,0.007193,0.010114,0.007214,0.005343,0.007702,0.00537,"ARIMA(2, 0, 3)",0.00845863,0.00031711,0.00333344,0.0,2025-W01
adj_close.csv,ARIMA,XLE,0.007193,0.010114,0.007214,0.005343,0.007702,0.00537,"ARIMA(2, 0, 3)",0.00261573,-0.00147305,0.00845863,0.0,2025-W02
adj_close.csv,ARIMA,XLE,0.007193,0.010114,0.007214,0.005343,0.007702,0.00537,"ARIMA(2, 0, 3)",0.01222206,-0.00070031,0.00261573,0.0,2025-W03
adj_close.csv,ARIMA,XLE,0.007193,0.010114,0.007214,0.005343,0.007702,0.00537,"ARIMA(2, 0, 3)",-0.00715222,0.00036281,0.01222206,0.0,2025-W04
adj_close.csv,ARIMA,XLE,0.007193,0.010114,0.007214,0.005343,0.007702,0.00537,"ARIMA(2, 0, 3)",-0.00820454,-0.00090462,-0.00715222,0.0,2025-W05
adj_close.csv,ARIMA,XLE,0.007193,0.010114,0.007214,0.005343,0.007702,0.00537,"ARIMA(2, 0, 3)",0.00208854,0.0013659,-0.00820454,0.0,2025-W06
adj_close.csv,ARIMA,XLE,0.007193,0.010114,0.007214,0.005343,0.007702,0.00537,"ARIMA(2, 0, 3)",0.00338136,2.087e-05,0.00208854,0.0,2025-W07
adj_close.csv,ARIMA,XLE,0.007193,0.010114,0.007214,0.005343,0.007702,0.00537,"ARIMA(2, 0, 3)",0.00237572,-0.00042216,0.00338136,0.0,2025-W08
adj_close.csv,ARIMA,XLE,0.007193,0.010114,0.007214,0.005343,0.007702,0.00537,"ARIMA(2, 0, 3)",0.00015391,-0.00039571,0.00237572,0.0,2025-W09
adj_close.csv,ARIMA,XLE,0.007193,0.010114,0.007214,0.005343,0.007702,0.00537,"ARIMA(2, 0, 3)",-0.00800423,-0.00021641,0.00015391,0.0,2025-W10
adj_close.csv,ARIMA,XLE,0.007193,0.010114,0.007214,0.005343,0.007702,0.00537,"ARIMA(2, 0, 3)",0.00526022,0.00051292,-0.00800423,0.0,2025-W11
adj_close.csv,ARIMA,XLE,0.007193,0.010114,0.007214,0.005343,0.007702,0.00537,"ARIMA(2, 0, 3)",0.00605705,0.00083279,0.00526022,0.0,2025-W12
adj_close.csv,ARIMA,XLE,0.007193,0.010114,0.007214,0.005343,0.007702,0.00537,"ARIMA(2, 0, 3)",0.00135918,-0.0013434,0.00605705,0.0,2025-W13
adj_close.csv,ARIMA,XLE,0.007193,0.010114,0.007214,0.005343,0.007702,0.00537,"ARIMA(2, 0, 3)",-0.03200927,-0.00068317,0.00135918,0.0,2025-W14
adj_close.csv,ARIMA,XLE,0.007193,0.010114,0.007214,0.005343,0.007702,0.00537,"ARIMA(2, 0, 3)",0.00032982,0.00027757,-0.03200927,0.0,2025-W15
adj_close.csv,ARIMA,XLE,0.007193,0.010114,0.007214,0.005343,0.007702,0.00537,"ARIMA(2, 0, 3)",0.00813715,0.00395499,0.00032982,0.0,2025-W16
adj_close.csv,ARIMA,XLE,0.007193,0.010114,0.007214,0.005343,0.007702,0.00537,"ARIMA(2, 0, 3)",0.00217223,-0.00063072,0.00813715,0.0,2025-W17
adj_close.csv,ARIMA,XLE,0.007193,0.010114,0.007214,0.005343,0.007702,0.00537,"ARIMA(2, 0, 3)",-0.00099777,-0.0008472,0.00217223,0.0,2025-W18
adj_close.csv,ARIMA,XLE,0.007193,0.010114,0.007214,0.005343,0.007702,0.00537,"ARIMA(2, 0, 3)",0.00109483,-0.0002941,-0.00099777,0.0,2025-W19
adj_close.csv,ARIMA,XLE,0.007193,0.010114,0.007214,0.005343,0.007702,0.00537,"ARIMA(2, 0, 3)",0.00726661,4.165e-05,0.00109483,0.0,2025-W20
adj_close.csv,ARIMA,XLE,0.007193,0.010114,0.007214,0.005343,0.007702,0.00537,"ARIMA(2, 0, 3)",-0.00833705,-0.00027739,0.00726661,0.0,2025-W21
adj_close.csv,ARIMA,XLE,0.007193,0.010114,0.007214,0.005343,0.007702,0.00537,"ARIMA(2, 0, 3)",-0.00140658,-0.0005538,-0.00833705,0.0,2025-W22
adj_close.csv,ARIMA,XLE,0.007193,0.010114,0.007214,0.005343,0.007702,0.00537,"ARIMA(2, 0, 3)",0.00455944,0.00156759,-0.00140658,0.0,2025-W23
adj_close.csv,ARIMA,XLE,0.007193,0.010114,0.007214,0.005343,0.007702,0.00537,"ARIMA(2, 0, 3)",0.01094087,-0.00018303,0.00455944,0.0,2025-W24
adj_close.csv,ARIMA,XLE,0.007193,0.010114,0.007214,0.005343,0.007702,0.00537,"ARIMA(2, 0, 3)",0.00248478,-0.00136384,0.01094087,0.0,2025-W25
adj_close.csv,ARIMA,XLE,0.007193,0.010114,0.007214,0.005343,0.007702,0.00537,"ARIMA(2, 0, 3)",-0.00682705,-0.00140526,0.00248478,0.0,2025-W26
adj_close.csv,ARIMA,XLE,0.007193,0.010114,0.007214,0.005343,0.007702,0.00537,"ARIMA(2, 0, 3)",0.00501962,4.226e-05,-0.00682705,0.0,2025-W27
adj_close.csv,ARIMA,XLE,0.007193,0.010114,0.007214,0.005343,0.007702,0.00537,"ARIMA(2, 0, 3)",0.00476861,0.00102661,0.00501962,0.0,2025-W28
adj_close.csv,ARIMA,XLE,0.007193,0.010114,0.007214,0.005343,0.007702,0.00537,"ARIMA(2, 0, 3)",-0.00724279,-0.00076191,0.00476861,0.0,2025-W29
adj_close.csv,ARIMA,XLE,0.007193,0.010114,0.007214,0.005343,0.007702,0.00537,"ARIMA(2, 0, 3)",0.00263497,-0.00041606,-0.00724279,0.0,2025-W30
adj_close.csv,ARIMA,XLE,0.007193,0.010114,0.007214,0.005343,0.007702,0.00537,"ARIMA(2, 0, 3)",-0.00349768,0.00102627,0.00263497,0.0,2025-W31
adj_close.csv,ARIMA,XLE,0.007193,0.010114,0.007214,0.005343,0.007702,0.00537,"ARIMA(2, 0, 3)",-0.0015482,-0.00039961,-0.00349768,0.0,2025-W32
adj_close.csv,ARIMA,XLE,0.007193,0.010114,0.007214,0.005343,0.007702,0.00537,"ARIMA(2, 0, 3)",0.00147809,0.00054407,-0.0015482,0.0,2025-W33
adj_close.csv,ARIMA,XLE,0.007193,0.010114,0.007214,0.005343,0.007702,0.00537,"ARIMA(2, 0, 3)",0.00594171,3.522e-05,0.00147809,0.0,2025-W34
adj_close.csv,ARIMA,XLE,0.007193,0.010114,0.007214,0.005343,0.007702,0.00537,"ARIMA(2, 0, 3)",0.00504144,-0.00034205,0.00594171,0.0,2025-W35
adj_close.csv,ARIMA,XLE,0.007193,0.010114,0.007214,0.005343,0.007702,0.00537,"ARIMA(2, 0, 3)",-0.00852403,-0.00087206,0.00504144,0.0,2025-W36
adj_close.csv,ARIMA,XLE,0.007193,0.010114,0.007214,0.005343,0.007702,0.00537,"ARIMA(2, 0, 3)",0.00281885,-0.00036623,-0.00852403,0.0,2025-W37
adj_close.csv,ARIMA,XLE,0.007193,0.010114,0.007214,0.005343,0.007702,0.00537,"ARIMA(2, 0, 3)",-0.00018067,0.00128147,0.00281885,0.0,2025-W38
adj_close.csv,ARIMA,XLE,0.007193,0.010114,0.007214,0.005343,0.007702,0.00537,"ARIMA(2, 0, 3)",0.00938975,-0.00050717,-0.00018067,0.0,2025-W39
adj_close.csv,ARIMA,XLE,0.007193,0.010114,0.007214,0.005343,0.007702,0.00537,"ARIMA(2, 0, 3)",-0.00681104,-0.00012008,0.00938975,0.0,2025-W40
adj_close.csv,ARIMA,XLE,0.007193,0.010114,0.007214,0.005343,0.007702,0.00537,"ARIMA(2, 0, 3)",-0.0084777,-0.00110938,-0.00681104,0.0,2025-W41
adj_close.csv,ARIMA,XLE,0.007193,0.010114,0.007214,0.005343,0.007702,0.00537,"ARIMA(2, 0, 3)",0.00177572,0.00133659,-0.0084777,0.0,2025-W42
adj_close.csv,ARIMA,XLE,0.007193,0.010114,0.007214,0.005343,0.007702,0.00537,"ARIMA(2, 0, 3)",0.00480345,0.00102474,0.00177572,0.0,2025-W43
adj_close.csv,ARIMA,XLE,0.007193,0.010114,0.007214,0.005343,0.007702,0.00537,"ARIMA(2, 0, 3)",0.00013619,-0.00048307,0.00480345,0.0,2025-W44
adj_close.csv,ARIMA,XLE,0.007193,0.010114,0.007214,0.005343,0.007702,0.00537,"ARIMA(2, 0, 3)",0.0031745,-0.00074291,0.00013619,0.0,2025-W45
adj_close.csv,ARIMA,XLE,0.007193,0.010114,0.007214,0.005343,0.007702,0.00537,"ARIMA(2, 0, 3)",0.0054641,-8.385e-05,0.0031745,0.0,2025-W46
adj_close.csv,ARIMA,XLE,0.007193,0.010114,0.007214,0.005343,0.007702,0.00537,"ARIMA(2, 0, 3)",-0.00573232,-0.00050628,0.0054641,0.0,2025-W47
adj_close.csv,ARIMA,XLE,0.007193,0.010114,0.007214,0.005343,0.007702,0.00537,"ARIMA(2, 0, 3)",0.00286321,-0.0005124,-0.00573232,0.0,2025-W48
adj_close.csv,ARIMA,XLE,0.007193,0.010114,0.007214,0.005343,0.007702,0.00537,"ARIMA(2, 0, 3)",0.00305014,0.00084887,0.00286321,0.0,2025-W49
adj_close.csv,ARIMA,XLE,0.007193,0.010114,0.007214,0.005343,0.007702,0.00537,"ARIMA(2, 0, 3)",-0.00179372,-0.00068845,0.00305014,0.0,2025-W50
adj_close.csv,ARIMA,XLE,0.007193,0.010114,0.007214,0.005343,0.007702,0.00537,"ARIMA(2, 0, 3)",-0.00615845,-0.00028119,-0.00179372,0.0,2025-W51
adj_close.csv,ARIMA,XLE,0.007193,0.010114,0.007214,0.005343,0.007702,0.00537,"ARIMA(2, 0, 3)",0.0025183,0.00041873,-0.00615845,0.0,2025-W52
adj_close.csv,ARIMA,XLE,0.007193,0.010114,0.007214,0.005343,0.007702,0.00537,"ARIMA(2, 0, 3)",0.00806971,0.00078781,0.0025183,0.0,2026-W01
adj_close.csv,ARIMA,XLE,0.007193,0.010114,0.007214,0.005343,0.007702,0.00537,"ARIMA(2, 0, 3)",0.00441958,-0.00065017,0.00806971,0.0,2026-W02
adj_close.csv,ARIMA,XLE,0.007193,0.010114,0.007214,0.005343,0.007702,0.00537,"ARIMA(2, 0, 3)",0.00432404,-0.00163093,0.00441958,0.0,2026-W03
adj_close.csv,ARIMA,XLE,0.007193,0.010114,0.007214,0.005343,0.007702,0.00537,"ARIMA(2, 0, 3)",0.00774215,-0.00058989,0.00432404,0.0,2026-W04
adj_close.csv,ARIMA,XLE,0.007193,0.010114,0.007214,0.005343,0.007702,0.00537,"ARIMA(2, 0, 3)",0.00742304,-0.0003167,0.00774215,0.0,2026-W05
adj_close.csv,ARIMA,XLE,0.007193,0.010114,0.007214,0.005343,0.007702,0.00537,"ARIMA(2, 0, 3)",-0.01978304,-0.00080396,0.00742304,0.0,2026-W06
adj_close.csv,ARIMA,XLF,0.005358,0.008039,0.005341,0.004161,0.006167,0.004104,"ARIMA(2, 0, 0)",0.00259688,-0.00043821,0.00220584,0.0,2024-W30
adj_close.csv,ARIMA,XLF,0.005358,0.008039,0.005341,0.004161,0.006167,0.004104,"ARIMA(2, 0, 0)",-0.00631854,-0.00017673,0.00259688,0.0,2024-W31
adj_close.csv,ARIMA,XLF,0.005358,0.008039,0.005341,0.004161,0.006167,0.004104,"ARIMA(2, 0, 0)",0.00161024,-0.00059749,-0.00631854,0.0,2024-W32
adj_close.csv,ARIMA,XLF,0.005358,0.008039,0.005341,0.004161,0.006167,0.004104,"ARIMA(2, 0, 0)",0.00636003,0.00089178,0.00161024,0.0,2024-W33
adj_close.csv,ARIMA,XLF,0.005358,0.008039,0.005341,0.004161,0.006167,0.004104,"ARIMA(2, 0, 0)",0.00299325,2.93e-05,0.00636003,0.0,2024-W34
adj_close.csv,ARIMA,XLF,0.005358,0.008039,0.005341,0.004161,0.006167,0.004104,"ARIMA(2, 0, 0)",0.00581168,-0.00074135,0.00299325,0.0,2024-W35
adj_close.csv,ARIMA,XLF,0.005358,0.008039,0.005341,0.004161,0.006167,0.004104,"ARIMA(2, 0, 0)",-0.00805359,-0.00012397,0.00581168,0.0,2024-W36
adj_close.csv,ARIMA,XLF,0.005358,0.008039,0.005341,0.004161,0.006167,0.004104,"ARIMA(2, 0, 0)",0.00099098,-0.00108159,-0.00805359,0.0,2024-W37
adj_close.csv,ARIMA,XLF,0.005358,0.008039,0.005341,0.004161,0.006167,0.004104,"ARIMA(2, 0, 0)",0.00510177,0.00109332,0.00099098,0.0,2024-W38
adj_close.csv,ARIMA,XLF,0.005358,0.008039,0.005341,0.004161,0.006167,0.004104,"ARIMA(2, 0, 0)",-0.00152244,4.813e-05,0.00510177,0.0,2024-W39
adj_close.csv,ARIMA,XLF,0.005358,0.008039,0.005341,0.004161,0.006167,0.004104,"ARIMA(2, 0, 0)",0.00220267,-0.00075079,-0.00152244,0.0,2024-W40
adj_close.csv,ARIMA,XLF,0.005358,0.008039,0.005341,0.004161,0.006167,0.004104,"ARIMA(2, 0, 0)",0.00373273,0.00027914,0.00220267,0.0,2024-W41
adj_close.csv,ARIMA,XLF,0.005358,0.008039,0.005341,0.004161,0.006167,0.004104,"ARIMA(2, 0, 0)",0.0047171,-0.00016688,0.00373273,0.0,2024-W42
adj_close.csv,ARIMA,XLF,0.005358,0.008039,0.005341,0.004161,0.006167,0.004104,"ARIMA(2, 0, 0)",-0.00420173,-0.00031931,0.0047171,0.0,2024-W43
adj_close.csv,ARIMA,XLF,0.005358,0.008039,0.005341,0.004161,0.006167,0.004104,"ARIMA(2, 0, 0)",4.286e-05,-0.00078849,-0.00420173,0.0,2024-W44
adj_close.csv,ARIMA,XLF,0.005358,0.008039,0.005341,0.004161,0.006167,0.004104,"ARIMA(2, 0, 0)",0.01064639,0.00056963,4.286e-05,0.0,2024-W45
adj_close.csv,ARIMA,XLF,0.005358,0.008039,0.005341,0.004161,0.006167,0.004104,"ARIMA(2, 0, 0)",0.00274586,0.00036466,0.01064639,0.0,2024-W46
adj_close.csv,ARIMA,XLF,0.005358,0.008039,0.005341,0.004161,0.006167,0.004104,"ARIMA(2, 0, 0)",0.00341954,-0.00140501,0.00274586,0.0,2024-W47
adj_close.csv,ARIMA,XLF,0.005358,0.008039,0.005341,0.004161,0.006167,0.004104,"ARIMA(2, 0, 0)",0.0029882,-0.00022891,0.00341954,0.0,2024-W48
adj_close.csv,ARIMA,XLF,0.005358,0.008039,0.005341,0.004161,0.006167,0.004104,"ARIMA(2, 0, 0)",-0.00369579,-0.00032724,0.0029882,0.0,2024-W49
adj_close.csv,ARIMA,XLF,0.005358,0.008039,0.005341,0.004161,0.006167,0.004104,"ARIMA(2, 0, 0)",-0.00344215,-0.00055323,-0.00369579,0.0,2024-W50
adj_close.csv,ARIMA,XLF,0.005358,0.008039,0.005341,0.004161,0.006167,0.004104,"ARIMA(2, 0, 0)",-0.00420211,0.00035544,-0.00344215,0.0,2024-W51
adj_close.csv,ARIMA,XLF,0.005358,0.008039,0.005341,0.004161,0.006167,0.004104,"ARIMA(2, 0, 0)",0.0022977,0.00026981,-0.00420211,0.0,2024-W52
adj_close.csv,ARIMA,XLF,0.005358,0.008039,0.005341,0.004161,0.006167,0.004104,"ARIMA(2, 0, 0)",-0.00082186,0.00066549,0.0022977,0.0,2025-W01
adj_close.csv,ARIMA,XLF,0.005358,0.008039,0.005341,0.004161,0.006167,0.004104,"ARIMA(2, 0, 0)",-0.00662118,-0.00034214,-0.00082186,0.0,2025-W02
adj_close.csv,ARIMA,XLF,0.005358,0.008039,0.005341,0.004161,0.006167,0.004104,"ARIMA(2, 0, 0)",0.01193588,-0.00018041,-0.00662118,0.0,2025-W03
adj_close.csv,ARIMA,XLF,0.005358,0.008039,0.005341,0.004161,0.006167,0.004104,"ARIMA(2, 0, 0)",0.00306693,0.00128126,0.01193588,0.0,2025-W04
adj_close.csv,ARIMA,XLF,0.005358,0.008039,0.005341,0.004161,0.006167,0.004104,"ARIMA(2, 0, 0)",0.0024238,-0.00154788,0.00306693,0.0,2025-W05
adj_close.csv,ARIMA,XLF,0.005358,0.008039,0.005341,0.004161,0.006167,0.004104,"ARIMA(2, 0, 0)",0.0013554,-0.00031528,0.0024238,0.0,2025-W06
adj_close.csv,ARIMA,XLF,0.005358,0.008039,0.005341,0.004161,0.006167,0.004104,"ARIMA(2, 0, 0)",-7.718e-05,-0.00026699,0.0013554,0.0,2025-W07
adj_close.csv,ARIMA,XLF,0.005358,0.008039,0.005341,0.004161,0.006167,0.004104,"ARIMA(2, 0, 0)",-0.00511966,-0.00018018,-7.718e-05,0.0,2025-W08
adj_close.csv,ARIMA,XLF,0.005358,0.008039,0.005341,0.004161,0.006167,0.004104,"ARIMA(2, 0, 0)",0.00555753,-0.0001803,-0.00511966,0.0,2025-W09
adj_close.csv,ARIMA,XLF,0.005358,0.008039,0.005341,0.004161,0.006167,0.004104,"ARIMA(2, 0, 0)",-0.01208658,0.00085619,0.00555753,0.0,2025-W10
adj_close.csv,ARIMA,XLF,0.005358,0.008039,0.005341,0.004161,0.006167,0.004104,"ARIMA(2, 0, 0)",-0.00245805,-0.00093523,-0.01208658,0.0,2025-W11
adj_close.csv,ARIMA,XLF,0.005358,0.008039,0.005341,0.004161,0.006167,0.004104,"ARIMA(2, 0, 0)",0.00383761,0.00142621,-0.00245805,0.0,2025-W12
adj_close.csv,ARIMA,XLF,0.005358,0.008039,0.005341,0.004161,0.006167,0.004104,"ARIMA(2, 0, 0)",-0.00028834,0.00040234,0.00383761,0.0,2025-W13
adj_close.csv,ARIMA,XLF,0.005358,0.008039,0.005341,0.004161,0.006167,0.004104,"ARIMA(2, 0, 0)",-0.0214744,-0.00049346,-0.00028834,0.0,2025-W14
adj_close.csv,ARIMA,XLF,0.005358,0.008039,0.005341,0.004161,0.006167,0.004104,"ARIMA(2, 0, 0)",0.01087534,-0.00047908,-0.0214744,0.0,2025-W15
adj_close.csv,ARIMA,XLF,0.005358,0.008039,0.005341,0.004161,0.006167,0.004104,"ARIMA(2, 0, 0)",-0.00010712,0.00286174,0.01087534,0.0,2025-W16
adj_close.csv,ARIMA,XLF,0.005358,0.008039,0.005341,0.004161,0.006167,0.004104,"ARIMA(2, 0, 0)",0.00578893,-0.00140866,-0.00010712,0.0,2025-W17
adj_close.csv,ARIMA,XLF,0.005358,0.008039,0.005341,0.004161,0.006167,0.004104,"ARIMA(2, 0, 0)",0.00711874,-6.854e-05,0.00578893,0.0,2025-W18
adj_close.csv,ARIMA,XLF,0.005358,0.008039,0.005341,0.004161,0.006167,0.004104,"ARIMA(2, 0, 0)",0.00040153,-0.00075041,0.00711874,0.0,2025-W19
adj_close.csv,ARIMA,XLF,0.005358,0.008039,0.005341,0.004161,0.006167,0.004104,"ARIMA(2, 0, 0)",0.00682177,-0.00084603,0.00040153,0.0,2025-W20
adj_close.csv,ARIMA,XLF,0.005358,0.008039,0.005341,0.004161,0.006167,0.004104,"ARIMA(2, 0, 0)",-0.00606107,-9.11e-05,0.00682177,0.0,2025-W21
adj_close.csv,ARIMA,XLF,0.005358,0.008039,0.005341,0.004161,0.006167,0.004104,"ARIMA(2, 0, 0)",0.00450461,-0.00068701,-0.00606107,0.0,2025-W22
adj_close.csv,ARIMA,XLF,0.005358,0.008039,0.005341,0.004161,0.006167,0.004104,"ARIMA(2, 0, 0)",0.00125197,0.00057479,0.00450461,0.0,2025-W23
adj_close.csv,ARIMA,XLF,0.005358,0.008039,0.005341,0.004161,0.006167,0.004104,"ARIMA(2, 0, 0)",-0.00521565,-0.00050468,0.00125197,0.0,2025-W24
adj_close.csv,ARIMA,XLF,0.005358,0.008039,0.005341,0.004161,0.006167,0.004104,"ARIMA(2, 0, 0)",0.00199365,-5.017e-05,-0.00521565,0.0,2025-W25
adj_close.csv,ARIMA,XLF,0.005358,0.008039,0.005341,0.004161,0.006167,0.004104,"ARIMA(2, 0, 0)",0.00686265,0.0005374,0.00199365,0.0,2025-W26
adj_close.csv,ARIMA,XLF,0.005358,0.008039,0.005341,0.004161,0.006167,0.004104,"ARIMA(2, 0, 0)",0.00594529,-0.00034219,0.00686265,0.0,2025-W27
adj_close.csv,ARIMA,XLF,0.005358,0.008039,0.005341,0.004161,0.006167,0.004104,"ARIMA(2, 0, 0)",-0.0039109,-0.00083753,0.00594529,0.0,2025-W28
adj_close.csv,ARIMA,XLF,0.005358,0.008039,0.005341,0.004161,0.006167,0.004104,"ARIMA(2, 0, 0)",0.00145179,-0.00063304,-0.0039109,0.0,2025-W29
adj_close.csv,ARIMA,XLF,0.005358,0.008039,0.005341,0.004161,0.006167,0.004104,"ARIMA(2, 0, 0)",0.00339694,0.00042376,0.00145179,0.0,2025-W30
adj_close.csv,ARIMA,XLF,0.005358,0.008039,0.005341,0.004161,0.006167,0.004104,"ARIMA(2, 0, 0)",-0.00778426,-0.00021437,0.00339694,0.0,2025-W31
adj_close.csv,ARIMA,XLF,0.005358,0.008039,0.005341,0.004161,0.006167,0.004104,"ARIMA(2, 0, 0)",0.00174333,-0.00026176,-0.00778426,0.0,2025-W32
adj_close.csv,ARIMA,XLF,0.005358,0.008039,0.005341,0.004161,0.006167,0.004104,"ARIMA(2, 0, 0)",0.00233921,0.00086769,0.00174333,0.0,2025-W33
adj_close.csv,ARIMA,XLF,0.005358,0.008039,0.005341,0.004161,0.006167,0.004104,"ARIMA(2, 0, 0)",0.00418765,-0.00024873,0.00233921,0.0,2025-W34
adj_close.csv,ARIMA,XLF,0.005358,0.008039,0.005341,0.004161,0.006167,0.004104,"ARIMA(2, 0, 0)",0.00156194,-0.00034561,0.00418765,0.0,2025-W35
adj_close.csv,ARIMA,XLF,0.005358,0.008039,0.005341,0.004161,0.006167,0.004104,"ARIMA(2, 0, 0)",-0.00429678,-0.00051017,0.00156194,0.0,2025-W36
adj_close.csv,ARIMA,XLF,0.005358,0.008039,0.005341,0.004161,0.006167,0.004104,"ARIMA(2, 0, 0)",0.00273234,-0.00010918,-0.00429678,0.0,2025-W37
adj_close.csv,ARIMA,XLF,0.005358,0.008039,0.005341,0.004161,0.006167,0.004104,"ARIMA(2, 0, 0)",0.0016659,0.00045152,0.00273234,0.0,2025-W38
adj_close.csv,ARIMA,XLF,0.005358,0.008039,0.005341,0.004161,0.006167,0.004104,"ARIMA(2, 0, 0)",-0.00078567,-0.00035261,0.0016659,0.0,2025-W39
adj_close.csv,ARIMA,XLF,0.005358,0.008039,0.005341,0.004161,0.006167,0.004104,"ARIMA(2, 0, 0)",-0.00052054,-0.00018182,-0.00078567,0.0,2025-W40
adj_close.csv,ARIMA,XLF,0.005358,0.008039,0.005341,0.004161,0.006167,0.004104,"ARIMA(2, 0, 0)",-0.0058939,0.00010236,-0.00052054,0.0,2025-W41
adj_close.csv,ARIMA,XLF,0.005358,0.008039,0.005341,0.004161,0.006167,0.004104,"ARIMA(2, 0, 0)",7.668e-05,0.00016814,-0.0058939,0.0,2025-W42
adj_close.csv,ARIMA,XLF,0.005358,0.008039,0.005341,0.004161,0.006167,0.004104,"ARIMA(2, 0, 0)",0.00353319,0.00069045,7.668e-05,0.0,2025-W43
adj_close.csv,ARIMA,XLF,0.005358,0.008039,0.005341,0.004161,0.006167,0.004104,"ARIMA(2, 0, 0)",-0.00280628,-7.31e-05,0.00353319,0.0,2025-W44
adj_close.csv,ARIMA,XLF,0.005358,0.008039,0.005341,0.004161,0.006167,0.004104,"ARIMA(2, 0, 0)",0.00155969,-0.00036801,-0.00280628,0.0,2025-W45
adj_close.csv,ARIMA,XLF,0.005358,0.008039,0.005341,0.004161,0.006167,0.004104,"ARIMA(2, 0, 0)",-0.0012544,0.00030183,0.00155969,0.0,2025-W46
adj_close.csv,ARIMA,XLF,0.005358,0.008039,0.005341,0.004161,0.006167,0.004104,"ARIMA(2, 0, 0)",-0.00299661,-0.00015878,-0.0012544,0.0,2025-W47
adj_close.csv,ARIMA,XLF,0.005358,0.008039,0.005341,0.004161,0.006167,0.004104,"ARIMA(2, 0, 0)",0.00790545,0.00020841,-0.00299661,0.0,2025-W48
adj_close.csv,ARIMA,XLF,0.005358,0.008039,0.005341,0.004161,0.006167,0.004104,"ARIMA(2, 0, 0)",0.00130828,0.00017886,0.00790545,0.0,2025-W49
adj_close.csv,ARIMA,XLF,0.005358,0.008039,0.005341,0.004161,0.006167,0.004104,"ARIMA(2, 0, 0)",0.00467665,-0.00097967,0.00130828,0.0,2025-W50
adj_close.csv,ARIMA,XLF,0.005358,0.008039,0.005341,0.004161,0.006167,0.004104,"ARIMA(2, 0, 0)",-0.00040077,-0.00024686,0.00467665,0.0,2025-W51
adj_close.csv,ARIMA,XLF,0.005358,0.008039,0.005341,0.004161,0.006167,0.004104,"ARIMA(2, 0, 0)",0.00440299,-0.00052871,-0.00040077,0.0,2025-W52
adj_close.csv,ARIMA,XLF,0.005358,0.008039,0.005341,0.004161,0.006167,0.004104,"ARIMA(2, 0, 0)",-0.00312079,-4.739e-05,0.00440299,0.0,2026-W01
adj_close.csv,ARIMA,XLF,0.005358,0.008039,0.005341,0.004161,0.006167,0.004104,"ARIMA(2, 0, 0)",0.00289179,-0.0004219,-0.00312079,0.0,2026-W02
adj_close.csv,ARIMA,XLF,0.005358,0.008039,0.005341,0.004161,0.006167,0.004104,"ARIMA(2, 0, 0)",-0.00468389,0.00027448,0.00289179,0.0,2026-W03
adj_close.csv,ARIMA,XLF,0.005358,0.008039,0.005341,0.004161,0.006167,0.004104,"ARIMA(2, 0, 0)",-0.00637184,-0.00019275,-0.00468389,0.0,2026-W04
adj_close.csv,ARIMA,XLF,0.005358,0.008039,0.005341,0.004161,0.006167,0.004104,"ARIMA(2, 0, 0)",0.00138954,0.00065785,-0.00637184,0.0,2026-W05
adj_close.csv,ARIMA,XLF,0.005358,0.008039,0.005341,0.004161,0.006167,0.004104,"ARIMA(2, 0, 0)",0.01097992,0.00067445,0.00138954,0.0,2026-W06
adj_close.csv,ARIMA,XLI,0.005284,0.007687,0.005207,0.004058,0.005599,0.003984,"ARIMA(0, 0, 4)",0.00227738,-0.00021846,0.0011082,0.0,2024-W30
adj_close.csv,ARIMA,XLI,0.005284,0.007687,0.005207,0.004058,0.005599,0.003984,"ARIMA(0, 0, 4)",-0.00573464,0.00014534,0.00227738,0.0,2024-W31
adj_close.csv,ARIMA,XLI,0.005284,0.007687,0.005207,0.004058,0.005599,0.003984,"ARIMA(0, 0, 4)",0.00251007,0.00106888,-0.00573464,0.0,2024-W32
adj_close.csv,ARIMA,XLI,0.005284,0.007687,0.005207,0.004058,0.005599,0.003984,"ARIMA(0, 0, 4)",0.00428274,0.00031135,0.00251007,0.0,2024-W33
adj_close.csv,ARIMA,XLI,0.005284,0.007687,0.005207,0.004058,0.005599,0.003984,"ARIMA(0, 0, 4)",0.00360594,-0.0001936,0.00428274,0.0,2024-W34
adj_close.csv,ARIMA,XLI,0.005284,0.007687,0.005207,0.004058,0.005599,0.003984,"ARIMA(0, 0, 4)",0.00334441,-0.00114549,0.00360594,0.0,2024-W35
adj_close.csv,ARIMA,XLI,0.005284,0.007687,0.005207,0.004058,0.005599,0.003984,"ARIMA(0, 0, 4)",-0.01082353,0.00030606,0.00334441,0.0,2024-W36
adj_close.csv,ARIMA,XLI,0.005284,0.007687,0.005207,0.004058,0.005599,0.003984,"ARIMA(0, 0, 4)",0.00730022,0.00122692,-0.01082353,0.0,2024-W37
adj_close.csv,ARIMA,XLI,0.005284,0.007687,0.005207,0.004058,0.005599,0.003984,"ARIMA(0, 0, 4)",0.00395842,0.00078478,0.00730022,0.0,2024-W38
adj_close.csv,ARIMA,XLI,0.005284,0.007687,0.005207,0.004058,0.005599,0.003984,"ARIMA(0, 0, 4)",0.00311092,-0.00031089,0.00395842,0.0,2024-W39
adj_close.csv,ARIMA,XLI,0.005284,0.007687,0.005207,0.004058,0.005599,0.003984,"ARIMA(0, 0, 4)",0.00100614,-0.00179941,0.00311092,0.0,2024-W40
adj_close.csv,ARIMA,XLI,0.005284,0.007687,0.005207,0.004058,0.005599,0.003984,"ARIMA(0, 0, 4)",0.00424943,0.00096749,0.00100614,0.0,2024-W41
adj_close.csv,ARIMA,XLI,0.005284,0.007687,0.005207,0.004058,0.005599,0.003984,"ARIMA(0, 0, 4)",0.0012244,0.00054963,0.00424943,0.0,2024-W42
adj_close.csv,ARIMA,XLI,0.005284,0.007687,0.005207,0.004058,0.005599,0.003984,"ARIMA(0, 0, 4)",-0.00563628,0.00066384,0.0012244,0.0,2024-W43
adj_close.csv,ARIMA,XLI,0.005284,0.007687,0.005207,0.004058,0.005599,0.003984,"ARIMA(0, 0, 4)",-0.00206378,0.00090834,-0.00563628,0.0,2024-W44
adj_close.csv,ARIMA,XLI,0.005284,0.007687,0.005207,0.004058,0.005599,0.003984,"ARIMA(0, 0, 4)",0.01170926,0.00086043,-0.00206378,0.0,2024-W45
adj_close.csv,ARIMA,XLI,0.005284,0.007687,0.005207,0.004058,0.005599,0.003984,"ARIMA(0, 0, 4)",-0.00423913,-0.00063237,0.01170926,0.0,2024-W46
adj_close.csv,ARIMA,XLI,0.005284,0.007687,0.005207,0.004058,0.005599,0.003984,"ARIMA(0, 0, 4)",0.00502582,-0.00131329,-0.00423913,0.0,2024-W47
adj_close.csv,ARIMA,XLI,0.005284,0.007687,0.005207,0.004058,0.005599,0.003984,"ARIMA(0, 0, 4)",0.00233747,-0.00027788,0.00502582,0.0,2024-W48
adj_close.csv,ARIMA,XLI,0.005284,0.007687,0.005207,0.004058,0.005599,0.003984,"ARIMA(0, 0, 4)",-0.0048219,0.0012805,0.00233747,0.0,2024-W49
adj_close.csv,ARIMA,XLI,0.005284,0.007687,0.005207,0.004058,0.005599,0.003984,"ARIMA(0, 0, 4)",-0.00450395,0.00026889,-0.0048219,0.0,2024-W50
adj_close.csv,ARIMA,XLI,0.005284,0.007687,0.005207,0.004058,0.005599,0.003984,"ARIMA(0, 0, 4)",-0.00532383,0.00139371,-0.00450395,0.0,2024-W51
adj_close.csv,ARIMA,XLI,0.005284,0.007687,0.005207,0.004058,0.005599,0.003984,"ARIMA(0, 0, 4)",0.00020644,0.00044905,-0.00532383,0.0,2024-W52
adj_close.csv,ARIMA,XLI,0.005284,0.007687,0.005207,0.004058,0.005599,0.003984,"ARIMA(0, 0, 4)",-0.00101509,-0.00083573,0.00020644,0.0,2025-W01
adj_close.csv,ARIMA,XLI,0.005284,0.007687,0.005207,0.004058,0.005599,0.003984,"ARIMA(0, 0, 4)",-0.0026321,-0.00089643,-0.00101509,0.0,2025-W02
adj_close.csv,ARIMA,XLI,0.005284,0.007687,0.005207,0.004058,0.005599,0.003984,"ARIMA(0, 0, 4)",0.00954545,-0.00077593,-0.0026321,0.0,2025-W03
adj_close.csv,ARIMA,XLI,0.005284,0.007687,0.005207,0.004058,0.005599,0.003984,"ARIMA(0, 0, 4)",0.00595394,-0.00063334,0.00954545,0.0,2025-W04
adj_close.csv,ARIMA,XLI,0.005284,0.007687,0.005207,0.004058,0.005599,0.003984,"ARIMA(0, 0, 4)",-0.00389391,-0.00063523,0.00595394,0.0,2025-W05
adj_close.csv,ARIMA,XLI,0.005284,0.007687,0.005207,0.004058,0.005599,0.003984,"ARIMA(0, 0, 4)",-0.00147997,0.00029354,-0.00389391,0.0,2025-W06
adj_close.csv,ARIMA,XLI,0.005284,0.007687,0.005207,0.004058,0.005599,0.003984,"ARIMA(0, 0, 4)",0.00032013,0.00161251,-0.00147997,0.0,2025-W07
adj_close.csv,ARIMA,XLI,0.005284,0.007687,0.005207,0.004058,0.005599,0.003984,"ARIMA(0, 0, 4)",-0.00497465,0.0006875,0.00032013,0.0,2025-W08
adj_close.csv,ARIMA,XLI,0.005284,0.007687,0.005207,0.004058,0.005599,0.003984,"ARIMA(0, 0, 4)",0.00219791,-0.0001139,-0.00497465,0.0,2025-W09
adj_close.csv,ARIMA,XLI,0.005284,0.007687,0.005207,0.004058,0.005599,0.003984,"ARIMA(0, 0, 4)",-0.00307496,-0.00019826,0.00219791,0.0,2025-W10
adj_close.csv,ARIMA,XLI,0.005284,0.007687,0.005207,0.004058,0.005599,0.003984,"ARIMA(0, 0, 4)",-0.00470287,-0.00029949,-0.00307496,0.0,2025-W11
adj_close.csv,ARIMA,XLI,0.005284,0.007687,0.005207,0.004058,0.005599,0.003984,"ARIMA(0, 0, 4)",0.00170097,-0.00016188,-0.00470287,0.0,2025-W12
adj_close.csv,ARIMA,XLI,0.005284,0.007687,0.005207,0.004058,0.005599,0.003984,"ARIMA(0, 0, 4)",-0.00258791,0.00010299,0.00170097,0.0,2025-W13
adj_close.csv,ARIMA,XLI,0.005284,0.007687,0.005207,0.004058,0.005599,0.003984,"ARIMA(0, 0, 4)",-0.01970229,-0.00043816,-0.00258791,0.0,2025-W14
adj_close.csv,ARIMA,XLI,0.005284,0.007687,0.005207,0.004058,0.005599,0.003984,"ARIMA(0, 0, 4)",0.01269667,0.0004573,-0.01970229,0.0,2025-W15
adj_close.csv,ARIMA,XLI,0.005284,0.007687,0.005207,0.004058,0.005599,0.003984,"ARIMA(0, 0, 4)",-0.00073714,-0.00033803,0.01269667,0.0,2025-W16
adj_close.csv,ARIMA,XLI,0.005284,0.007687,0.005207,0.004058,0.005599,0.003984,"ARIMA(0, 0, 4)",0.0058358,-0.00213268,-0.00073714,0.0,2025-W17
adj_close.csv,ARIMA,XLI,0.005284,0.007687,0.005207,0.004058,0.005599,0.003984,"ARIMA(0, 0, 4)",0.00845379,-0.00194373,0.0058358,0.0,2025-W18
adj_close.csv,ARIMA,XLI,0.005284,0.007687,0.005207,0.004058,0.005599,0.003984,"ARIMA(0, 0, 4)",0.0022609,-0.00040189,0.00845379,0.0,2025-W19
adj_close.csv,ARIMA,XLI,0.005284,0.007687,0.005207,0.004058,0.005599,0.003984,"ARIMA(0, 0, 4)",0.01096421,9.879e-05,0.0022609,0.0,2025-W20
adj_close.csv,ARIMA,XLI,0.005284,0.007687,0.005207,0.004058,0.005599,0.003984,"ARIMA(0, 0, 4)",-0.00414617,0.0003556,0.01096421,0.0,2025-W21
adj_close.csv,ARIMA,XLI,0.005284,0.007687,0.005207,0.004058,0.005599,0.003984,"ARIMA(0, 0, 4)",0.0035079,0.00094582,-0.00414617,0.0,2025-W22
adj_close.csv,ARIMA,XLI,0.005284,0.007687,0.005207,0.004058,0.005599,0.003984,"ARIMA(0, 0, 4)",0.00293312,0.00072719,0.0035079,0.0,2025-W23
adj_close.csv,ARIMA,XLI,0.005284,0.007687,0.005207,0.004058,0.005599,0.003984,"ARIMA(0, 0, 4)",-0.00317133,2.06e-06,0.00293312,0.0,2025-W24
adj_close.csv,ARIMA,XLI,0.005284,0.007687,0.005207,0.004058,0.005599,0.003984,"ARIMA(0, 0, 4)",-0.00049122,0.00028772,-0.00317133,0.0,2025-W25
adj_close.csv,ARIMA,XLI,0.005284,0.007687,0.005207,0.004058,0.005599,0.003984,"ARIMA(0, 0, 4)",0.00672254,0.00036744,-0.00049122,0.0,2025-W26
adj_close.csv,ARIMA,XLI,0.005284,0.007687,0.005207,0.004058,0.005599,0.003984,"ARIMA(0, 0, 4)",0.00443952,-0.00072164,0.00672254,0.0,2025-W27
adj_close.csv,ARIMA,XLI,0.005284,0.007687,0.005207,0.004058,0.005599,0.003984,"ARIMA(0, 0, 4)",0.00104134,-0.00062402,0.00443952,0.0,2025-W28
adj_close.csv,ARIMA,XLI,0.005284,0.007687,0.005207,0.004058,0.005599,0.003984,"ARIMA(0, 0, 4)",0.00167077,0.00039365,0.00104134,0.0,2025-W29
adj_close.csv,ARIMA,XLI,0.005284,0.007687,0.005207,0.004058,0.005599,0.003984,"ARIMA(0, 0, 4)",0.00460779,0.00070705,0.00167077,0.0,2025-W30
adj_close.csv,ARIMA,XLI,0.005284,0.007687,0.005207,0.004058,0.005599,0.003984,"ARIMA(0, 0, 4)",-0.00689201,0.00017961,0.00460779,0.0,2025-W31
adj_close.csv,ARIMA,XLI,0.005284,0.007687,0.005207,0.004058,0.005599,0.003984,"ARIMA(0, 0, 4)",0.00145057,0.00077906,-0.00689201,0.0,2025-W32
adj_close.csv,ARIMA,XLI,0.005284,0.007687,0.005207,0.004058,0.005599,0.003984,"ARIMA(0, 0, 4)",-0.00051781,0.00031187,0.00145057,0.0,2025-W33
adj_close.csv,ARIMA,XLI,0.005284,0.007687,0.005207,0.004058,0.005599,0.003984,"ARIMA(0, 0, 4)",0.00355765,-0.00033078,-0.00051781,0.0,2025-W34
adj_close.csv,ARIMA,XLI,0.005284,0.007687,0.005207,0.004058,0.005599,0.003984,"ARIMA(0, 0, 4)",-0.00148126,-0.00064668,0.00355765,0.0,2025-W35
adj_close.csv,ARIMA,XLI,0.005284,0.007687,0.005207,0.004058,0.005599,0.003984,"ARIMA(0, 0, 4)",-0.00178254,6.914e-05,-0.00148126,0.0,2025-W36
adj_close.csv,ARIMA,XLI,0.005284,0.007687,0.005207,0.004058,0.005599,0.003984,"ARIMA(0, 0, 4)",0.00085949,0.00041112,-0.00178254,0.0,2025-W37
adj_close.csv,ARIMA,XLI,0.005284,0.007687,0.005207,0.004058,0.005599,0.003984,"ARIMA(0, 0, 4)",0.00202168,9.73e-05,0.00085949,0.0,2025-W38
adj_close.csv,ARIMA,XLI,0.005284,0.007687,0.005207,0.004058,0.005599,0.003984,"ARIMA(0, 0, 4)",0.00011802,-0.00034957,0.00202168,0.0,2025-W39
adj_close.csv,ARIMA,XLI,0.005284,0.007687,0.005207,0.004058,0.005599,0.003984,"ARIMA(0, 0, 4)",0.00238446,-9.614e-05,0.00011802,0.0,2025-W40
adj_close.csv,ARIMA,XLI,0.005284,0.007687,0.005207,0.004058,0.005599,0.003984,"ARIMA(0, 0, 4)",-0.00592861,-1.657e-05,0.00238446,0.0,2025-W41
adj_close.csv,ARIMA,XLI,0.005284,0.007687,0.005207,0.004058,0.005599,0.003984,"ARIMA(0, 0, 4)",0.00242685,0.00065709,-0.00592861,0.0,2025-W42
adj_close.csv,ARIMA,XLI,0.005284,0.007687,0.005207,0.004058,0.005599,0.003984,"ARIMA(0, 0, 4)",0.00414833,3.015e-05,0.00242685,0.0,2025-W43
adj_close.csv,ARIMA,XLI,0.005284,0.007687,0.005207,0.004058,0.005599,0.003984,"ARIMA(0, 0, 4)",0.00019357,-0.00067677,0.00414833,0.0,2025-W44
adj_close.csv,ARIMA,XLI,0.005284,0.007687,0.005207,0.004058,0.005599,0.003984,"ARIMA(0, 0, 4)",-0.00224393,-0.0002617,0.00019357,0.0,2025-W45
adj_close.csv,ARIMA,XLI,0.005284,0.007687,0.005207,0.004058,0.005599,0.003984,"ARIMA(0, 0, 4)",-0.00172925,0.00059827,-0.00224393,0.0,2025-W46
adj_close.csv,ARIMA,XLI,0.005284,0.007687,0.005207,0.004058,0.005599,0.003984,"ARIMA(0, 0, 4)",-0.00315614,0.00050201,-0.00172925,0.0,2025-W47
adj_close.csv,ARIMA,XLI,0.005284,0.007687,0.005207,0.004058,0.005599,0.003984,"ARIMA(0, 0, 4)",0.006693,0.00019217,-0.00315614,0.0,2025-W48
adj_close.csv,ARIMA,XLI,0.005284,0.007687,0.005207,0.004058,0.005599,0.003984,"ARIMA(0, 0, 4)",0.00115484,-0.000845,0.006693,0.0,2025-W49
adj_close.csv,ARIMA,XLI,0.005284,0.007687,0.005207,0.004058,0.005599,0.003984,"ARIMA(0, 0, 4)",0.00277533,-0.00059434,0.00115484,0.0,2025-W50
adj_close.csv,ARIMA,XLI,0.005284,0.007687,0.005207,0.004058,0.005599,0.003984,"ARIMA(0, 0, 4)",-0.00112605,-1.558e-05,0.00277533,0.0,2025-W51
adj_close.csv,ARIMA,XLI,0.005284,0.007687,0.005207,0.004058,0.005599,0.003984,"ARIMA(0, 0, 4)",0.00301088,0.00060857,-0.00112605,0.0,2025-W52
adj_close.csv,ARIMA,XLI,0.005284,0.007687,0.005207,0.004058,0.005599,0.003984,"ARIMA(0, 0, 4)",0.00122147,0.00015874,0.00301088,0.0,2026-W01
adj_close.csv,ARIMA,XLI,0.005284,0.007687,0.005207,0.004058,0.005599,0.003984,"ARIMA(0, 0, 4)",0.00493914,4.23e-05,0.00122147,0.0,2026-W02
adj_close.csv,ARIMA,XLI,0.005284,0.007687,0.005207,0.004058,0.005599,0.003984,"ARIMA(0, 0, 4)",0.00604614,-0.00029956,0.00493914,0.0,2026-W03
adj_close.csv,ARIMA,XLI,0.005284,0.007687,0.005207,0.004058,0.005599,0.003984,"ARIMA(0, 0, 4)",-0.00404695,-0.00022391,0.00604614,0.0,2026-W04
adj_close.csv,ARIMA,XLI,0.005284,0.007687,0.005207,0.004058,0.005599,0.003984,"ARIMA(0, 0, 4)",0.00148032,0.00073994,-0.00404695,0.0,2026-W05
adj_close.csv,ARIMA,XLI,0.005284,0.007687,0.005207,0.004058,0.005599,0.003984,"ARIMA(0, 0, 4)",0.01255383,0.00070989,0.00148032,0.0,2026-W06
adj_close.csv,ARIMA,XLK,0.007127,0.011034,0.007181,0.005303,0.00816,0.005304,"ARIMA(1, 0, 0)",-0.0042001,0.00084758,-0.01137833,0.0,2024-W30
adj_close.csv,ARIMA,XLK,0.007127,0.011034,0.007181,0.005303,0.00816,0.005304,"ARIMA(1, 0, 0)",-0.01098611,0.00028169,-0.0042001,0.0,2024-W31
adj_close.csv,ARIMA,XLK,0.007127,0.011034,0.007181,0.005303,0.00816,0.005304,"ARIMA(1, 0, 0)",0.00088704,0.00066977,-0.01098611,0.0,2024-W32
adj_close.csv,ARIMA,XLK,0.007127,0.011034,0.007181,0.005303,0.00816,0.005304,"ARIMA(1, 0, 0)",0.01477849,-5.435e-05,0.00088704,0.0,2024-W33
adj_close.csv,ARIMA,XLK,0.007127,0.011034,0.007181,0.005303,0.00816,0.005304,"ARIMA(1, 0, 0)",0.0022993,-0.00088077,0.01477849,0.0,2024-W34
adj_close.csv,ARIMA,XLK,0.007127,0.011034,0.007181,0.005303,0.00816,0.005304,"ARIMA(1, 0, 0)",-0.0032682,-0.00012369,0.0022993,0.0,2024-W35
adj_close.csv,ARIMA,XLK,0.007127,0.011034,0.007181,0.005303,0.00816,0.005304,"ARIMA(1, 0, 0)",-0.01934968,0.00017872,-0.0032682,0.0,2024-W36
adj_close.csv,ARIMA,XLK,0.007127,0.011034,0.007181,0.005303,0.00816,0.005304,"ARIMA(1, 0, 0)",0.01557957,0.00090588,-0.01934968,0.0,2024-W37
adj_close.csv,ARIMA,XLK,0.007127,0.011034,0.007181,0.005303,0.00816,0.005304,"ARIMA(1, 0, 0)",0.00188726,-0.00125069,0.01557957,0.0,2024-W38
adj_close.csv,ARIMA,XLK,0.007127,0.011034,0.007181,0.005303,0.00816,0.005304,"ARIMA(1, 0, 0)",0.00265551,-0.00014093,0.00188726,0.0,2024-W39
adj_close.csv,ARIMA,XLK,0.007127,0.011034,0.007181,0.005303,0.00816,0.005304,"ARIMA(1, 0, 0)",0.00016872,-0.0001967,0.00265551,0.0,2024-W40
adj_close.csv,ARIMA,XLK,0.007127,0.011034,0.007181,0.005303,0.00816,0.005304,"ARIMA(1, 0, 0)",0.00484129,-1.248e-05,0.00016872,0.0,2024-W41
adj_close.csv,ARIMA,XLK,0.007127,0.011034,0.007181,0.005303,0.00816,0.005304,"ARIMA(1, 0, 0)",8.663e-05,-0.00035761,0.00484129,0.0,2024-W42
adj_close.csv,ARIMA,XLK,0.007127,0.011034,0.007181,0.005303,0.00816,0.005304,"ARIMA(1, 0, 0)",-0.00053776,-6.38e-06,8.663e-05,0.0,2024-W43
adj_close.csv,ARIMA,XLK,0.007127,0.011034,0.007181,0.005303,0.00816,0.005304,"ARIMA(1, 0, 0)",-0.00561901,3.959e-05,-0.00053776,0.0,2024-W44
adj_close.csv,ARIMA,XLK,0.007127,0.011034,0.007181,0.005303,0.00816,0.005304,"ARIMA(1, 0, 0)",0.01149817,0.00041176,-0.00561901,0.0,2024-W45
adj_close.csv,ARIMA,XLK,0.007127,0.011034,0.007181,0.005303,0.00816,0.005304,"ARIMA(1, 0, 0)",-0.00725605,-0.00092403,0.01149817,0.0,2024-W46
adj_close.csv,ARIMA,XLK,0.007127,0.011034,0.007181,0.005303,0.00816,0.005304,"ARIMA(1, 0, 0)",0.00423108,0.00064231,-0.00725605,0.0,2024-W47
adj_close.csv,ARIMA,XLK,0.007127,0.011034,0.007181,0.005303,0.00816,0.005304,"ARIMA(1, 0, 0)",0.00013909,-0.00038681,0.00423108,0.0,2024-W48
adj_close.csv,ARIMA,XLK,0.007127,0.011034,0.007181,0.005303,0.00816,0.005304,"ARIMA(1, 0, 0)",0.00599325,-1.268e-05,0.00013909,0.0,2024-W49
adj_close.csv,ARIMA,XLK,0.007127,0.011034,0.007181,0.005303,0.00816,0.005304,"ARIMA(1, 0, 0)",-0.00149202,-0.00054587,0.00599325,0.0,2024-W50
adj_close.csv,ARIMA,XLK,0.007127,0.011034,0.007181,0.005303,0.00816,0.005304,"ARIMA(1, 0, 0)",-0.0026021,0.00013683,-0.00149202,0.0,2024-W51
adj_close.csv,ARIMA,XLK,0.007127,0.011034,0.007181,0.005303,0.00816,0.005304,"ARIMA(1, 0, 0)",0.00202511,0.00023746,-0.0026021,0.0,2024-W52
adj_close.csv,ARIMA,XLK,0.007127,0.011034,0.007181,0.005303,0.00816,0.005304,"ARIMA(1, 0, 0)",-0.0018384,-0.00018584,0.00202511,0.0,2025-W01
adj_close.csv,ARIMA,XLK,0.007127,0.011034,0.007181,0.005303,0.00816,0.005304,"ARIMA(1, 0, 0)",-0.00750277,0.00016939,-0.0018384,0.0,2025-W02
adj_close.csv,ARIMA,XLK,0.007127,0.011034,0.007181,0.005303,0.00816,0.005304,"ARIMA(1, 0, 0)",0.00460605,0.00067961,-0.00750277,0.0,2025-W03
adj_close.csv,ARIMA,XLK,0.007127,0.011034,0.007181,0.005303,0.00816,0.005304,"ARIMA(1, 0, 0)",0.00548174,-0.00043212,0.00460605,0.0,2025-W04
adj_close.csv,ARIMA,XLK,0.007127,0.011034,0.007181,0.005303,0.00816,0.005304,"ARIMA(1, 0, 0)",-0.00722465,-0.00049792,0.00548174,0.0,2025-W05
adj_close.csv,ARIMA,XLK,0.007127,0.011034,0.007181,0.005303,0.00816,0.005304,"ARIMA(1, 0, 0)",0.00173418,0.00068532,-0.00722465,0.0,2025-W06
adj_close.csv,ARIMA,XLK,0.007127,0.011034,0.007181,0.005303,0.00816,0.005304,"ARIMA(1, 0, 0)",0.00604965,-0.00016593,0.00173418,0.0,2025-W07
adj_close.csv,ARIMA,XLK,0.007127,0.011034,0.007181,0.005303,0.00816,0.005304,"ARIMA(1, 0, 0)",-0.00537046,-0.00057176,0.00604965,0.0,2025-W08
adj_close.csv,ARIMA,XLK,0.007127,0.011034,0.007181,0.005303,0.00816,0.005304,"ARIMA(1, 0, 0)",-0.00811579,0.00052443,-0.00537046,0.0,2025-W09
adj_close.csv,ARIMA,XLK,0.007127,0.011034,0.007181,0.005303,0.00816,0.005304,"ARIMA(1, 0, 0)",-0.00629683,0.00075192,-0.00811579,0.0,2025-W10
adj_close.csv,ARIMA,XLK,0.007127,0.011034,0.007181,0.005303,0.00816,0.005304,"ARIMA(1, 0, 0)",-0.00425467,0.00054484,-0.00629683,0.0,2025-W11
adj_close.csv,ARIMA,XLK,0.007127,0.011034,0.007181,0.005303,0.00816,0.005304,"ARIMA(1, 0, 0)",1.87e-05,0.00035444,-0.00425467,0.0,2025-W12
adj_close.csv,ARIMA,XLK,0.007127,0.011034,0.007181,0.005303,0.00816,0.005304,"ARIMA(1, 0, 0)",-0.00686314,-1.56e-06,1.87e-05,0.0,2025-W13
adj_close.csv,ARIMA,XLK,0.007127,0.011034,0.007181,0.005303,0.00816,0.005304,"ARIMA(1, 0, 0)",-0.02473633,0.00057079,-0.00686314,0.0,2025-W14
adj_close.csv,ARIMA,XLK,0.007127,0.011034,0.007181,0.005303,0.00816,0.005304,"ARIMA(1, 0, 0)",0.01679913,0.00160252,-0.02473633,0.0,2025-W15
adj_close.csv,ARIMA,XLK,0.007127,0.011034,0.007181,0.005303,0.00816,0.005304,"ARIMA(1, 0, 0)",-0.00701715,-0.00171604,0.01679913,0.0,2025-W16
adj_close.csv,ARIMA,XLK,0.007127,0.011034,0.007181,0.005303,0.00816,0.005304,"ARIMA(1, 0, 0)",0.01556613,0.00077723,-0.00701715,0.0,2025-W17
adj_close.csv,ARIMA,XLK,0.007127,0.011034,0.007181,0.005303,0.00816,0.005304,"ARIMA(1, 0, 0)",0.00766067,-0.00187958,0.01556613,0.0,2025-W18
adj_close.csv,ARIMA,XLK,0.007127,0.011034,0.007181,0.005303,0.00816,0.005304,"ARIMA(1, 0, 0)",0.000912,-0.00081803,0.00766067,0.0,2025-W19
adj_close.csv,ARIMA,XLK,0.007127,0.011034,0.007181,0.005303,0.00816,0.005304,"ARIMA(1, 0, 0)",0.01529175,-9.626e-05,0.000912,0.0,2025-W20
adj_close.csv,ARIMA,XLK,0.007127,0.011034,0.007181,0.005303,0.00816,0.005304,"ARIMA(1, 0, 0)",-0.00700092,-0.00159387,0.01529175,0.0,2025-W21
adj_close.csv,ARIMA,XLK,0.007127,0.011034,0.007181,0.005303,0.00816,0.005304,"ARIMA(1, 0, 0)",0.00447884,0.00078269,-0.00700092,0.0,2025-W22
adj_close.csv,ARIMA,XLK,0.007127,0.011034,0.007181,0.005303,0.00816,0.005304,"ARIMA(1, 0, 0)",0.00635082,-0.00051128,0.00447884,0.0,2025-W23
adj_close.csv,ARIMA,XLK,0.007127,0.011034,0.007181,0.005303,0.00816,0.005304,"ARIMA(1, 0, 0)",0.00067848,-0.00070723,0.00635082,0.0,2025-W24
adj_close.csv,ARIMA,XLK,0.007127,0.011034,0.007181,0.005303,0.00816,0.005304,"ARIMA(1, 0, 0)",0.00142796,-7.501e-05,0.00067848,0.0,2025-W25
adj_close.csv,ARIMA,XLK,0.007127,0.011034,0.007181,0.005303,0.00816,0.005304,"ARIMA(1, 0, 0)",0.00866117,-0.00015775,0.00142796,0.0,2025-W26
adj_close.csv,ARIMA,XLK,0.007127,0.011034,0.007181,0.005303,0.00816,0.005304,"ARIMA(1, 0, 0)",0.00609605,-0.00094692,0.00866117,0.0,2025-W27
adj_close.csv,ARIMA,XLK,0.007127,0.011034,0.007181,0.005303,0.00816,0.005304,"ARIMA(1, 0, 0)",-0.00086581,-0.00063302,0.00609605,0.0,2025-W28
adj_close.csv,ARIMA,XLK,0.007127,0.011034,0.007181,0.005303,0.00816,0.005304,"ARIMA(1, 0, 0)",0.00390152,9.002e-05,-0.00086581,0.0,2025-W29
adj_close.csv,ARIMA,XLK,0.007127,0.011034,0.007181,0.005303,0.00816,0.005304,"ARIMA(1, 0, 0)",0.00084147,-0.00040679,0.00390152,0.0,2025-W30
adj_close.csv,ARIMA,XLK,0.007127,0.011034,0.007181,0.005303,0.00816,0.005304,"ARIMA(1, 0, 0)",-0.00379159,-8.737e-05,0.00084147,0.0,2025-W31
adj_close.csv,ARIMA,XLK,0.007127,0.011034,0.007181,0.005303,0.00816,0.005304,"ARIMA(1, 0, 0)",0.00676944,0.00039473,-0.00379159,0.0,2025-W32
adj_close.csv,ARIMA,XLK,0.007127,0.011034,0.007181,0.005303,0.00816,0.005304,"ARIMA(1, 0, 0)",-0.00016554,-0.00071938,0.00676944,0.0,2025-W33
adj_close.csv,ARIMA,XLK,0.007127,0.011034,0.007181,0.005303,0.00816,0.005304,"ARIMA(1, 0, 0)",-0.0024843,1.754e-05,-0.00016554,0.0,2025-W34
adj_close.csv,ARIMA,XLK,0.007127,0.011034,0.007181,0.005303,0.00816,0.005304,"ARIMA(1, 0, 0)",2.283e-05,0.00026308,-0.0024843,0.0,2025-W35
adj_close.csv,ARIMA,XLK,0.007127,0.011034,0.007181,0.005303,0.00816,0.005304,"ARIMA(1, 0, 0)",0.00039024,-2.42e-06,2.283e-05,0.0,2025-W36
adj_close.csv,ARIMA,XLK,0.007127,0.011034,0.007181,0.005303,0.00816,0.005304,"ARIMA(1, 0, 0)",0.00601088,-4.13e-05,0.00039024,0.0,2025-W37
adj_close.csv,ARIMA,XLK,0.007127,0.011034,0.007181,0.005303,0.00816,0.005304,"ARIMA(1, 0, 0)",0.00584984,-0.00063495,0.00601088,0.0,2025-W38
adj_close.csv,ARIMA,XLK,0.007127,0.011034,0.007181,0.005303,0.00816,0.005304,"ARIMA(1, 0, 0)",0.00019948,-0.00059771,0.00584984,0.0,2025-W39
adj_close.csv,ARIMA,XLK,0.007127,0.011034,0.007181,0.005303,0.00816,0.005304,"ARIMA(1, 0, 0)",0.00417362,-2.03e-05,0.00019948,0.0,2025-W40
adj_close.csv,ARIMA,XLK,0.007127,0.011034,0.007181,0.005303,0.00816,0.005304,"ARIMA(1, 0, 0)",-0.00449664,-0.00042441,0.00417362,0.0,2025-W41
adj_close.csv,ARIMA,XLK,0.007127,0.011034,0.007181,0.005303,0.00816,0.005304,"ARIMA(1, 0, 0)",0.00470026,0.00046401,-0.00449664,0.0,2025-W42
adj_close.csv,ARIMA,XLK,0.007127,0.011034,0.007181,0.005303,0.00816,0.005304,"ARIMA(1, 0, 0)",0.00592517,-0.00049291,0.00470026,0.0,2025-W43
adj_close.csv,ARIMA,XLK,0.007127,0.011034,0.007181,0.005303,0.00816,0.005304,"ARIMA(1, 0, 0)",0.00477927,-0.00060564,0.00592517,0.0,2025-W44
adj_close.csv,ARIMA,XLK,0.007127,0.011034,0.007181,0.005303,0.00816,0.005304,"ARIMA(1, 0, 0)",-0.00850614,-0.00047513,0.00477927,0.0,2025-W45
adj_close.csv,ARIMA,XLK,0.007127,0.011034,0.007181,0.005303,0.00816,0.005304,"ARIMA(1, 0, 0)",-6.94e-06,0.00087423,-0.00850614,0.0,2025-W46
adj_close.csv,ARIMA,XLK,0.007127,0.011034,0.007181,0.005303,0.00816,0.005304,"ARIMA(1, 0, 0)",-0.0106554,7.1e-07,-6.94e-06,0.0,2025-W47
adj_close.csv,ARIMA,XLK,0.007127,0.011034,0.007181,0.005303,0.00816,0.005304,"ARIMA(1, 0, 0)",0.01163915,0.0010881,-0.0106554,0.0,2025-W48
adj_close.csv,ARIMA,XLK,0.007127,0.011034,0.007181,0.005303,0.00816,0.005304,"ARIMA(1, 0, 0)",0.00481884,-0.00130128,0.01163915,0.0,2025-W49
adj_close.csv,ARIMA,XLK,0.007127,0.011034,0.007181,0.005303,0.00816,0.005304,"ARIMA(1, 0, 0)",-0.00400992,-0.00050953,0.00481884,0.0,2025-W50
adj_close.csv,ARIMA,XLK,0.007127,0.011034,0.007181,0.005303,0.00816,0.005304,"ARIMA(1, 0, 0)",0.00126263,0.00042974,-0.00400992,0.0,2025-W51
adj_close.csv,ARIMA,XLK,0.007127,0.011034,0.007181,0.005303,0.00816,0.005304,"ARIMA(1, 0, 0)",0.00369361,-0.00013567,0.00126263,0.0,2025-W52
adj_close.csv,ARIMA,XLK,0.007127,0.011034,0.007181,0.005303,0.00816,0.005304,"ARIMA(1, 0, 0)",-0.00383392,-0.00039538,0.00369361,0.0,2026-W01
adj_close.csv,ARIMA,XLK,0.007127,0.011034,0.007181,0.005303,0.00816,0.005304,"ARIMA(1, 0, 0)",0.00254779,0.00041452,-0.00383392,0.0,2026-W02
adj_close.csv,ARIMA,XLK,0.007127,0.011034,0.007181,0.005303,0.00816,0.005304,"ARIMA(1, 0, 0)",-0.0007266,-0.00027723,0.00254779,0.0,2026-W03
adj_close.csv,ARIMA,XLK,0.007127,0.011034,0.007181,0.005303,0.00816,0.005304,"ARIMA(1, 0, 0)",-0.00091156,7.913e-05,-0.0007266,0.0,2026-W04
adj_close.csv,ARIMA,XLK,0.007127,0.011034,0.007181,0.005303,0.00816,0.005304,"ARIMA(1, 0, 0)",-0.00167491,9.922e-05,-0.00091156,0.0,2026-W05
adj_close.csv,ARIMA,XLK,0.007127,0.011034,0.007181,0.005303,0.00816,0.005304,"ARIMA(1, 0, 0)",0.00954555,0.00018208,-0.00167491,0.0,2026-W06
adj_close.csv,ARIMA,XLP,0.003348,0.004498,0.003333,0.002608,0.003639,0.002626,"ARIMA(1, 0, 0)",0.00102185,-0.00013696,0.0016459,0.0,2024-W30
adj_close.csv,ARIMA,XLP,0.003348,0.004498,0.003333,0.002608,0.003639,0.002626,"ARIMA(1, 0, 0)",0.00195248,-8.434e-05,0.00102185,0.0,2024-W31
adj_close.csv,ARIMA,XLP,0.003348,0.004498,0.003333,0.002608,0.003639,0.002626,"ARIMA(1, 0, 0)",-0.00027778,-0.00015969,0.00195248,0.0,2024-W32
adj_close.csv,ARIMA,XLP,0.003348,0.004498,0.003333,0.002608,0.003639,0.002626,"ARIMA(1, 0, 0)",0.00340732,2.274e-05,-0.00027778,0.0,2024-W33
adj_close.csv,ARIMA,XLP,0.003348,0.004498,0.003333,0.002608,0.003639,0.002626,"ARIMA(1, 0, 0)",0.00327693,-0.00028011,0.00340732,0.0,2024-W34
adj_close.csv,ARIMA,XLP,0.003348,0.004498,0.003333,0.002608,0.003639,0.002626,"ARIMA(1, 0, 0)",0.00163069,-0.0002553,0.00327693,0.0,2024-W35
adj_close.csv,ARIMA,XLP,0.003348,0.004498,0.003333,0.002608,0.003639,0.002626,"ARIMA(1, 0, 0)",0.00145015,-0.00012348,0.00163069,0.0,2024-W36
adj_close.csv,ARIMA,XLP,0.003348,0.004498,0.003333,0.002608,0.003639,0.002626,"ARIMA(1, 0, 0)",0.00225261,-0.0001085,0.00145015,0.0,2024-W37
adj_close.csv,ARIMA,XLP,0.003348,0.004498,0.003333,0.002608,0.003639,0.002626,"ARIMA(1, 0, 0)",-0.00210804,-0.00016581,0.00225261,0.0,2024-W38
adj_close.csv,ARIMA,XLP,0.003348,0.004498,0.003333,0.002608,0.003639,0.002626,"ARIMA(1, 0, 0)",0.00098772,0.00015842,-0.00210804,0.0,2024-W39
adj_close.csv,ARIMA,XLP,0.003348,0.004498,0.003333,0.002608,0.003639,0.002626,"ARIMA(1, 0, 0)",-0.00376935,-7.483e-05,0.00098772,0.0,2024-W40
adj_close.csv,ARIMA,XLP,0.003348,0.004498,0.003333,0.002608,0.003639,0.002626,"ARIMA(1, 0, 0)",0.00041689,0.00029042,-0.00376935,0.0,2024-W41
adj_close.csv,ARIMA,XLP,0.003348,0.004498,0.003333,0.002608,0.003639,0.002626,"ARIMA(1, 0, 0)",0.00146448,-3.219e-05,0.00041689,0.0,2024-W42
adj_close.csv,ARIMA,XLP,0.003348,0.004498,0.003333,0.002608,0.003639,0.002626,"ARIMA(1, 0, 0)",-0.00289042,-0.00011276,0.00146448,0.0,2024-W43
adj_close.csv,ARIMA,XLP,0.003348,0.004498,0.003333,0.002608,0.003639,0.002626,"ARIMA(1, 0, 0)",-0.00225791,0.00022666,-0.00289042,0.0,2024-W44
adj_close.csv,ARIMA,XLP,0.003348,0.004498,0.003333,0.002608,0.003639,0.002626,"ARIMA(1, 0, 0)",0.00166487,0.00017141,-0.00225791,0.0,2024-W45
adj_close.csv,ARIMA,XLP,0.003348,0.004498,0.003333,0.002608,0.003639,0.002626,"ARIMA(1, 0, 0)",-0.00213956,-0.00012834,0.00166487,0.0,2024-W46
adj_close.csv,ARIMA,XLP,0.003348,0.004498,0.003333,0.002608,0.003639,0.002626,"ARIMA(1, 0, 0)",0.0046479,0.00016742,-0.00213956,0.0,2024-W47
adj_close.csv,ARIMA,XLP,0.003348,0.004498,0.003333,0.002608,0.003639,0.002626,"ARIMA(1, 0, 0)",0.00418044,-0.00037917,0.0046479,0.0,2024-W48
adj_close.csv,ARIMA,XLP,0.003348,0.004498,0.003333,0.002608,0.003639,0.002626,"ARIMA(1, 0, 0)",-0.00202902,-0.00031052,0.00418044,0.0,2024-W49
adj_close.csv,ARIMA,XLP,0.003348,0.004498,0.003333,0.002608,0.003639,0.002626,"ARIMA(1, 0, 0)",-0.00082717,0.00015571,-0.00202902,0.0,2024-W50
adj_close.csv,ARIMA,XLP,0.003348,0.004498,0.003333,0.002608,0.003639,0.002626,"ARIMA(1, 0, 0)",-0.0051861,6.291e-05,-0.00082717,0.0,2024-W51
adj_close.csv,ARIMA,XLP,0.003348,0.004498,0.003333,0.002608,0.003639,0.002626,"ARIMA(1, 0, 0)",-0.00011974,0.00038675,-0.0051861,0.0,2024-W52
adj_close.csv,ARIMA,XLP,0.003348,0.004498,0.003333,0.002608,0.003639,0.002626,"ARIMA(1, 0, 0)",-0.00307688,8.82e-06,-0.00011974,0.0,2025-W01
adj_close.csv,ARIMA,XLP,0.003348,0.004498,0.003333,0.002608,0.003639,0.002626,"ARIMA(1, 0, 0)",-0.00643343,0.00022633,-0.00307688,0.0,2025-W02
adj_close.csv,ARIMA,XLP,0.003348,0.004498,0.003333,0.002608,0.003639,0.002626,"ARIMA(1, 0, 0)",0.00234408,0.00042874,-0.00643343,0.0,2025-W03
adj_close.csv,ARIMA,XLP,0.003348,0.004498,0.003333,0.002608,0.003639,0.002626,"ARIMA(1, 0, 0)",0.00212716,-0.00016583,0.00234408,0.0,2025-W04
adj_close.csv,ARIMA,XLP,0.003348,0.004498,0.003333,0.002608,0.003639,0.002626,"ARIMA(1, 0, 0)",0.00275374,-0.00014668,0.00212716,0.0,2025-W05
adj_close.csv,ARIMA,XLP,0.003348,0.004498,0.003333,0.002608,0.003639,0.002626,"ARIMA(1, 0, 0)",0.00093472,-0.00018425,0.00275374,0.0,2025-W06
adj_close.csv,ARIMA,XLP,0.003348,0.004498,0.003333,0.002608,0.003639,0.002626,"ARIMA(1, 0, 0)",0.00315088,-6.159e-05,0.00093472,0.0,2025-W07
adj_close.csv,ARIMA,XLP,0.003348,0.004498,0.003333,0.002608,0.003639,0.002626,"ARIMA(1, 0, 0)",0.00482233,-0.00020448,0.00315088,0.0,2025-W08
adj_close.csv,ARIMA,XLP,0.003348,0.004498,0.003333,0.002608,0.003639,0.002626,"ARIMA(1, 0, 0)",0.00217838,-0.00028777,0.00482233,0.0,2025-W09
adj_close.csv,ARIMA,XLP,0.003348,0.004498,0.003333,0.002608,0.003639,0.002626,"ARIMA(1, 0, 0)",-0.00053031,-0.00012151,0.00217838,0.0,2025-W10
adj_close.csv,ARIMA,XLP,0.003348,0.004498,0.003333,0.002608,0.003639,0.002626,"ARIMA(1, 0, 0)",-0.0082539,2.974e-05,-0.00053031,0.0,2025-W11
adj_close.csv,ARIMA,XLP,0.003348,0.004498,0.003333,0.002608,0.003639,0.002626,"ARIMA(1, 0, 0)",-0.00045331,0.00045097,-0.0082539,0.0,2025-W12
adj_close.csv,ARIMA,XLP,0.003348,0.004498,0.003333,0.002608,0.003639,0.002626,"ARIMA(1, 0, 0)",0.00376106,2.369e-05,-0.00045331,0.0,2025-W13
adj_close.csv,ARIMA,XLP,0.003348,0.004498,0.003333,0.002608,0.003639,0.002626,"ARIMA(1, 0, 0)",-0.00490993,-0.00019856,0.00376106,0.0,2025-W14
adj_close.csv,ARIMA,XLP,0.003348,0.004498,0.003333,0.002608,0.003639,0.002626,"ARIMA(1, 0, 0)",0.00476064,0.00028689,-0.00490993,0.0,2025-W15
adj_close.csv,ARIMA,XLP,0.003348,0.004498,0.003333,0.002608,0.003639,0.002626,"ARIMA(1, 0, 0)",0.00468515,-0.00031119,0.00476064,0.0,2025-W16
adj_close.csv,ARIMA,XLP,0.003348,0.004498,0.003333,0.002608,0.003639,0.002626,"ARIMA(1, 0, 0)",-0.00253217,-0.00027132,0.00468515,0.0,2025-W17
adj_close.csv,ARIMA,XLP,0.003348,0.004498,0.003333,0.002608,0.003639,0.002626,"ARIMA(1, 0, 0)",0.00177341,0.00015499,-0.00253217,0.0,2025-W18
adj_close.csv,ARIMA,XLP,0.003348,0.004498,0.003333,0.002608,0.003639,0.002626,"ARIMA(1, 0, 0)",-0.00160029,-0.0001108,0.00177341,0.0,2025-W19
adj_close.csv,ARIMA,XLP,0.003348,0.004498,0.003333,0.002608,0.003639,0.002626,"ARIMA(1, 0, 0)",0.00284703,0.0001013,-0.00160029,0.0,2025-W20
adj_close.csv,ARIMA,XLP,0.003348,0.004498,0.003333,0.002608,0.003639,0.002626,"ARIMA(1, 0, 0)",-0.00114867,-0.0001841,0.00284703,0.0,2025-W21
adj_close.csv,ARIMA,XLP,0.003348,0.004498,0.003333,0.002608,0.003639,0.002626,"ARIMA(1, 0, 0)",0.00374028,7.525e-05,-0.00114867,0.0,2025-W22
adj_close.csv,ARIMA,XLP,0.003348,0.004498,0.003333,0.002608,0.003639,0.002626,"ARIMA(1, 0, 0)",-0.00277173,-0.00024991,0.00374028,0.0,2025-W23
adj_close.csv,ARIMA,XLP,0.003348,0.004498,0.003333,0.002608,0.003639,0.002626,"ARIMA(1, 0, 0)",-0.0017953,0.00019325,-0.00277173,0.0,2025-W24
adj_close.csv,ARIMA,XLP,0.003348,0.004498,0.003333,0.002608,0.003639,0.002626,"ARIMA(1, 0, 0)",0.00018521,0.00012213,-0.0017953,0.0,2025-W25
adj_close.csv,ARIMA,XLP,0.003348,0.004498,0.003333,0.002608,0.003639,0.002626,"ARIMA(1, 0, 0)",0.00020371,-1.261e-05,0.00018521,0.0,2025-W26
adj_close.csv,ARIMA,XLP,0.003348,0.004498,0.003333,0.002608,0.003639,0.002626,"ARIMA(1, 0, 0)",0.00500845,-1.386e-05,0.00020371,0.0,2025-W27
adj_close.csv,ARIMA,XLP,0.003348,0.004498,0.003333,0.002608,0.003639,0.002626,"ARIMA(1, 0, 0)",-0.00336224,-0.00033925,0.00500845,0.0,2025-W28
adj_close.csv,ARIMA,XLP,0.003348,0.004498,0.003333,0.002608,0.003639,0.002626,"ARIMA(1, 0, 0)",0.00019789,0.00024325,-0.00336224,0.0,2025-W29
adj_close.csv,ARIMA,XLP,0.003348,0.004498,0.003333,0.002608,0.003639,0.002626,"ARIMA(1, 0, 0)",0.00150256,-1.431e-05,0.00019789,0.0,2025-W30
adj_close.csv,ARIMA,XLP,0.003348,0.004498,0.003333,0.002608,0.003639,0.002626,"ARIMA(1, 0, 0)",-0.00331567,-0.0001085,0.00150256,0.0,2025-W31
adj_close.csv,ARIMA,XLP,0.003348,0.004498,0.003333,0.002608,0.003639,0.002626,"ARIMA(1, 0, 0)",0.00570624,0.00024427,-0.00331567,0.0,2025-W32
adj_close.csv,ARIMA,XLP,0.003348,0.004498,0.003333,0.002608,0.003639,0.002626,"ARIMA(1, 0, 0)",-0.00111855,-0.00045163,0.00570624,0.0,2025-W33
adj_close.csv,ARIMA,XLP,0.003348,0.004498,0.003333,0.002608,0.003639,0.002626,"ARIMA(1, 0, 0)",0.00109431,8.98e-05,-0.00111855,0.0,2025-W34
adj_close.csv,ARIMA,XLP,0.003348,0.004498,0.003333,0.002608,0.003639,0.002626,"ARIMA(1, 0, 0)",-0.00414105,-8.823e-05,0.00109431,0.0,2025-W35
adj_close.csv,ARIMA,XLP,0.003348,0.004498,0.003333,0.002608,0.003639,0.002626,"ARIMA(1, 0, 0)",0.00027838,0.00033935,-0.00414105,0.0,2025-W36
adj_close.csv,ARIMA,XLP,0.003348,0.004498,0.003333,0.002608,0.003639,0.002626,"ARIMA(1, 0, 0)",-0.00136486,-2.279e-05,0.00027838,0.0,2025-W37
adj_close.csv,ARIMA,XLP,0.003348,0.004498,0.003333,0.002608,0.003639,0.002626,"ARIMA(1, 0, 0)",-0.00235444,0.0001119,-0.00136486,0.0,2025-W38
adj_close.csv,ARIMA,XLP,0.003348,0.004498,0.003333,0.002608,0.003639,0.002626,"ARIMA(1, 0, 0)",-0.00224238,0.00019067,-0.00235444,0.0,2025-W39
adj_close.csv,ARIMA,XLP,0.003348,0.004498,0.003333,0.002608,0.003639,0.002626,"ARIMA(1, 0, 0)",0.0001795,0.00017778,-0.00224238,0.0,2025-W40
adj_close.csv,ARIMA,XLP,0.003348,0.004498,0.003333,0.002608,0.003639,0.002626,"ARIMA(1, 0, 0)",0.00017934,-1.423e-05,0.0001795,0.0,2025-W41
adj_close.csv,ARIMA,XLP,0.003348,0.004498,0.003333,0.002608,0.003639,0.002626,"ARIMA(1, 0, 0)",0.00413119,-1.422e-05,0.00017934,0.0,2025-W42
adj_close.csv,ARIMA,XLP,0.003348,0.004498,0.003333,0.002608,0.003639,0.002626,"ARIMA(1, 0, 0)",-0.00161193,-0.00032658,0.00413119,0.0,2025-W43
adj_close.csv,ARIMA,XLP,0.003348,0.004498,0.003333,0.002608,0.003639,0.002626,"ARIMA(1, 0, 0)",-0.00723511,0.00012995,-0.00161193,0.0,2025-W44
adj_close.csv,ARIMA,XLP,0.003348,0.004498,0.003333,0.002608,0.003639,0.002626,"ARIMA(1, 0, 0)",0.00112425,0.00055797,-0.00723511,0.0,2025-W45
adj_close.csv,ARIMA,XLP,0.003348,0.004498,0.003333,0.002608,0.003639,0.002626,"ARIMA(1, 0, 0)",0.00142886,-8.804e-05,0.00112425,0.0,2025-W46
adj_close.csv,ARIMA,XLP,0.003348,0.004498,0.003333,0.002608,0.003639,0.002626,"ARIMA(1, 0, 0)",0.00164993,-0.00011118,0.00142886,0.0,2025-W47
adj_close.csv,ARIMA,XLP,0.003348,0.004498,0.003333,0.002608,0.003639,0.002626,"ARIMA(1, 0, 0)",0.00467362,-0.00012718,0.00164993,0.0,2025-W48
adj_close.csv,ARIMA,XLP,0.003348,0.004498,0.003333,0.002608,0.003639,0.002626,"ARIMA(1, 0, 0)",-0.0023063,-0.00034953,0.00467362,0.0,2025-W49
adj_close.csv,ARIMA,XLP,0.003348,0.004498,0.003333,0.002608,0.003639,0.002626,"ARIMA(1, 0, 0)",0.00243224,0.00017856,-0.0023063,0.0,2025-W50
adj_close.csv,ARIMA,XLP,0.003348,0.004498,0.003333,0.002608,0.003639,0.002626,"ARIMA(1, 0, 0)",-0.00161821,-0.00019194,0.00243224,0.0,2025-W51
adj_close.csv,ARIMA,XLP,0.003348,0.004498,0.003333,0.002608,0.003639,0.002626,"ARIMA(1, 0, 0)",0.0002462,0.00012931,-0.00161821,0.0,2025-W52
adj_close.csv,ARIMA,XLP,0.003348,0.004498,0.003333,0.002608,0.003639,0.002626,"ARIMA(1, 0, 0)",-0.00173167,-1.969e-05,0.0002462,0.0,2026-W01
adj_close.csv,ARIMA,XLP,0.003348,0.004498,0.003333,0.002608,0.003639,0.002626,"ARIMA(1, 0, 0)",0.00397617,0.00013868,-0.00173167,0.0,2026-W02
adj_close.csv,ARIMA,XLP,0.003348,0.004498,0.003333,0.002608,0.003639,0.002626,"ARIMA(1, 0, 0)",0.00709048,-0.00032601,0.00397617,0.0,2026-W03
adj_close.csv,ARIMA,XLP,0.003348,0.004498,0.003333,0.002608,0.003639,0.002626,"ARIMA(1, 0, 0)",0.00242398,-0.00052171,0.00709048,0.0,2026-W04
adj_close.csv,ARIMA,XLP,0.003348,0.004498,0.003333,0.002608,0.003639,0.002626,"ARIMA(1, 0, 0)",0.00144214,-0.00016411,0.00242398,0.0,2026-W05
adj_close.csv,ARIMA,XLP,0.003348,0.004498,0.003333,0.002608,0.003639,0.002626,"ARIMA(1, 0, 0)",0.01178512,-9.606e-05,0.00144214,0.0,2026-W06
adj_close.csv,ARIMA,XLRE,0.004723,0.007073,0.004607,0.003518,0.005694,0.003427,"ARIMA(2, 0, 2)",0.00108324,0.00057094,0.00258384,0.0,2024-W30
adj_close.csv,ARIMA,XLRE,0.004723,0.007073,0.004607,0.003518,0.005694,0.003427,"ARIMA(2, 0, 2)",0.00547316,-0.00124647,0.00108324,0.0,2024-W31
adj_close.csv,ARIMA,XLRE,0.004723,0.007073,0.004607,0.003518,0.005694,0.003427,"ARIMA(2, 0, 2)",-0.00023904,0.00076186,0.00547316,0.0,2024-W32
adj_close.csv,ARIMA,XLRE,0.004723,0.007073,0.004607,0.003518,0.005694,0.003427,"ARIMA(2, 0, 2)",0.00023904,-3.939e-05,-0.00023904,0.0,2024-W33
adj_close.csv,ARIMA,XLRE,0.004723,0.007073,0.004607,0.003518,0.005694,0.003427,"ARIMA(2, 0, 2)",0.00708744,-0.00084039,0.00023904,0.0,2024-W34
adj_close.csv,ARIMA,XLRE,0.004723,0.007073,0.004607,0.003518,0.005694,0.003427,"ARIMA(2, 0, 2)",0.00082838,0.00041474,0.00708744,0.0,2024-W35
adj_close.csv,ARIMA,XLRE,0.004723,0.007073,0.004607,0.003518,0.005694,0.003427,"ARIMA(2, 0, 2)",0.00045882,0.00070272,0.00082838,0.0,2024-W36
adj_close.csv,ARIMA,XLRE,0.004723,0.007073,0.004607,0.003518,0.005694,0.003427,"ARIMA(2, 0, 2)",0.00711463,-0.00087457,0.00045882,0.0,2024-W37
adj_close.csv,ARIMA,XLRE,0.004723,0.007073,0.004607,0.003518,0.005694,0.003427,"ARIMA(2, 0, 2)",-0.00235843,0.00022521,0.00711463,0.0,2024-W38
adj_close.csv,ARIMA,XLRE,0.004723,0.007073,0.004607,0.003518,0.005694,0.003427,"ARIMA(2, 0, 2)",-0.00035642,0.00072639,-0.00235843,0.0,2024-W39
adj_close.csv,ARIMA,XLRE,0.004723,0.007073,0.004607,0.003518,0.005694,0.003427,"ARIMA(2, 0, 2)",-0.00350769,-0.00094737,-0.00035642,0.0,2024-W40
adj_close.csv,ARIMA,XLRE,0.004723,0.007073,0.004607,0.003518,0.005694,0.003427,"ARIMA(2, 0, 2)",-0.00041402,0.00058323,-0.00350769,0.0,2024-W41
adj_close.csv,ARIMA,XLRE,0.004723,0.007073,0.004607,0.003518,0.005694,0.003427,"ARIMA(2, 0, 2)",0.00594352,-0.0003532,-0.00041402,0.0,2024-W42
adj_close.csv,ARIMA,XLRE,0.004723,0.007073,0.004607,0.003518,0.005694,0.003427,"ARIMA(2, 0, 2)",-0.00301776,-0.00012765,0.00594352,0.0,2024-W43
adj_close.csv,ARIMA,XLRE,0.004723,0.007073,0.004607,0.003518,0.005694,0.003427,"ARIMA(2, 0, 2)",-0.00612878,0.00083597,-0.00301776,0.0,2024-W44
adj_close.csv,ARIMA,XLRE,0.004723,0.007073,0.004607,0.003518,0.005694,0.003427,"ARIMA(2, 0, 2)",0.00540133,-0.00086884,-0.00612878,0.0,2024-W45
adj_close.csv,ARIMA,XLRE,0.004723,0.007073,0.004607,0.003518,0.005694,0.003427,"ARIMA(2, 0, 2)",-0.00428142,-0.00026949,0.00540133,0.0,2024-W46
adj_close.csv,ARIMA,XLRE,0.004723,0.007073,0.004607,0.003518,0.005694,0.003427,"ARIMA(2, 0, 2)",0.00509961,0.00105211,-0.00428142,0.0,2024-W47
adj_close.csv,ARIMA,XLRE,0.004723,0.007073,0.004607,0.003518,0.005694,0.003427,"ARIMA(2, 0, 2)",0.00510738,-0.00126228,0.00509961,0.0,2024-W48
adj_close.csv,ARIMA,XLRE,0.004723,0.007073,0.004607,0.003518,0.005694,0.003427,"ARIMA(2, 0, 2)",-0.00554277,0.00081291,0.00510738,0.0,2024-W49
adj_close.csv,ARIMA,XLRE,0.004723,0.007073,0.004607,0.003518,0.005694,0.003427,"ARIMA(2, 0, 2)",-0.00434197,0.00040485,-0.00554277,0.0,2024-W50
adj_close.csv,ARIMA,XLRE,0.004723,0.007073,0.004607,0.003518,0.005694,0.003427,"ARIMA(2, 0, 2)",-0.00976039,-0.00090929,-0.00434197,0.0,2024-W51
adj_close.csv,ARIMA,XLRE,0.004723,0.007073,0.004607,0.003518,0.005694,0.003427,"ARIMA(2, 0, 2)",0.00113727,0.00077806,-0.00976039,0.0,2024-W52
adj_close.csv,ARIMA,XLRE,0.004723,0.007073,0.004607,0.003518,0.005694,0.003427,"ARIMA(2, 0, 2)",0.00184321,-0.00087615,0.00113727,0.0,2025-W01
adj_close.csv,ARIMA,XLRE,0.004723,0.007073,0.004607,0.003518,0.005694,0.003427,"ARIMA(2, 0, 2)",-0.01037388,0.00038448,0.00184321,0.0,2025-W02
adj_close.csv,ARIMA,XLRE,0.004723,0.007073,0.004607,0.003518,0.005694,0.003427,"ARIMA(2, 0, 2)",0.009471,0.00035203,-0.01037388,0.0,2025-W03
adj_close.csv,ARIMA,XLRE,0.004723,0.007073,0.004607,0.003518,0.005694,0.003427,"ARIMA(2, 0, 2)",0.00284401,-0.00145512,0.009471,0.0,2025-W04
adj_close.csv,ARIMA,XLRE,0.004723,0.007073,0.004607,0.003518,0.005694,0.003427,"ARIMA(2, 0, 2)",-0.00062675,0.0013759,0.00284401,0.0,2025-W05
adj_close.csv,ARIMA,XLRE,0.004723,0.007073,0.004607,0.003518,0.005694,0.003427,"ARIMA(2, 0, 2)",0.00263828,-0.00016861,-0.00062675,0.0,2025-W06
adj_close.csv,ARIMA,XLRE,0.004723,0.007073,0.004607,0.003518,0.005694,0.003427,"ARIMA(2, 0, 2)",0.00042843,-0.0006254,0.00263828,0.0,2025-W07
adj_close.csv,ARIMA,XLRE,0.004723,0.007073,0.004607,0.003518,0.005694,0.003427,"ARIMA(2, 0, 2)",0.00100838,0.00067082,0.00042843,0.0,2025-W08
adj_close.csv,ARIMA,XLRE,0.004723,0.007073,0.004607,0.003518,0.005694,0.003427,"ARIMA(2, 0, 2)",0.00431032,-0.00021356,0.00100838,0.0,2025-W09
adj_close.csv,ARIMA,XLRE,0.004723,0.007073,0.004607,0.003518,0.005694,0.003427,"ARIMA(2, 0, 2)",-0.00317691,-0.00017928,0.00431032,0.0,2025-W10
adj_close.csv,ARIMA,XLRE,0.004723,0.007073,0.004607,0.003518,0.005694,0.003427,"ARIMA(2, 0, 2)",-0.00486201,0.00054903,-0.00317691,0.0,2025-W11
adj_close.csv,ARIMA,XLRE,0.004723,0.007073,0.004607,0.003518,0.005694,0.003427,"ARIMA(2, 0, 2)",0.0002893,-0.0003994,-0.00486201,0.0,2025-W12
adj_close.csv,ARIMA,XLRE,0.004723,0.007073,0.004607,0.003518,0.005694,0.003427,"ARIMA(2, 0, 2)",0.00079366,-0.00025194,0.0002893,0.0,2025-W13
adj_close.csv,ARIMA,XLRE,0.004723,0.007073,0.004607,0.003518,0.005694,0.003427,"ARIMA(2, 0, 2)",-0.01219738,0.00039418,0.00079366,0.0,2025-W14
adj_close.csv,ARIMA,XLRE,0.004723,0.007073,0.004607,0.003518,0.005694,0.003427,"ARIMA(2, 0, 2)",-0.00020545,0.00033829,-0.01219738,0.0,2025-W15
adj_close.csv,ARIMA,XLRE,0.004723,0.007073,0.004607,0.003518,0.005694,0.003427,"ARIMA(2, 0, 2)",0.00963961,-0.00098195,-0.00020545,0.0,2025-W16
adj_close.csv,ARIMA,XLRE,0.004723,0.007073,0.004607,0.003518,0.005694,0.003427,"ARIMA(2, 0, 2)",0.00039516,0.00050166,0.00963961,0.0,2025-W17
adj_close.csv,ARIMA,XLRE,0.004723,0.007073,0.004607,0.003518,0.005694,0.003427,"ARIMA(2, 0, 2)",0.00679184,-3.038e-05,0.00039516,0.0,2025-W18
adj_close.csv,ARIMA,XLRE,0.004723,0.007073,0.004607,0.003518,0.005694,0.003427,"ARIMA(2, 0, 2)",-0.00153222,-0.00088564,0.00679184,0.0,2025-W19
adj_close.csv,ARIMA,XLRE,0.004723,0.007073,0.004607,0.003518,0.005694,0.003427,"ARIMA(2, 0, 2)",0.00191342,0.00082557,-0.00153222,0.0,2025-W20
adj_close.csv,ARIMA,XLRE,0.004723,0.007073,0.004607,0.003518,0.005694,0.003427,"ARIMA(2, 0, 2)",-0.00663097,-0.00026894,0.00191342,0.0,2025-W21
adj_close.csv,ARIMA,XLRE,0.004723,0.007073,0.004607,0.003518,0.005694,0.003427,"ARIMA(2, 0, 2)",0.00661687,0.00033747,-0.00663097,0.0,2025-W22
adj_close.csv,ARIMA,XLRE,0.004723,0.007073,0.004607,0.003518,0.005694,0.003427,"ARIMA(2, 0, 2)",0.00071764,-0.00040004,0.00661687,0.0,2025-W23
adj_close.csv,ARIMA,XLRE,0.004723,0.007073,0.004607,0.003518,0.005694,0.003427,"ARIMA(2, 0, 2)",4.772e-05,0.00036572,0.00071764,0.0,2025-W24
adj_close.csv,ARIMA,XLRE,0.004723,0.007073,0.004607,0.003518,0.005694,0.003427,"ARIMA(2, 0, 2)",-0.00035831,-0.00013244,4.772e-05,0.0,2025-W25
adj_close.csv,ARIMA,XLRE,0.004723,0.007073,0.004607,0.003518,0.005694,0.003427,"ARIMA(2, 0, 2)",-0.00162278,-8.229e-05,-0.00035831,0.0,2025-W26
adj_close.csv,ARIMA,XLRE,0.004723,0.007073,0.004607,0.003518,0.005694,0.003427,"ARIMA(2, 0, 2)",0.0041004,0.00022917,-0.00162278,0.0,2025-W27
adj_close.csv,ARIMA,XLRE,0.004723,0.007073,0.004607,0.003518,0.005694,0.003427,"ARIMA(2, 0, 2)",-0.00110351,-0.00037362,0.0041004,0.0,2025-W28
adj_close.csv,ARIMA,XLRE,0.004723,0.007073,0.004607,0.003518,0.005694,0.003427,"ARIMA(2, 0, 2)",0.00129481,0.00052199,-0.00110351,0.0,2025-W29
adj_close.csv,ARIMA,XLRE,0.004723,0.007073,0.004607,0.003518,0.005694,0.003427,"ARIMA(2, 0, 2)",0.00449033,-0.00050342,0.00129481,0.0,2025-W30
adj_close.csv,ARIMA,XLRE,0.004723,0.007073,0.004607,0.003518,0.005694,0.003427,"ARIMA(2, 0, 2)",-0.0071368,-0.00014352,0.00449033,0.0,2025-W31
adj_close.csv,ARIMA,XLRE,0.004723,0.007073,0.004607,0.003518,0.005694,0.003427,"ARIMA(2, 0, 2)",-0.00019387,0.00036892,-0.0071368,0.0,2025-W32
adj_close.csv,ARIMA,XLRE,0.004723,0.007073,0.004607,0.003518,0.005694,0.003427,"ARIMA(2, 0, 2)",0.00038751,-0.00058835,-0.00019387,0.0,2025-W33
adj_close.csv,ARIMA,XLRE,0.004723,0.007073,0.004607,0.003518,0.005694,0.003427,"ARIMA(2, 0, 2)",0.00482872,0.00041372,0.00038751,0.0,2025-W34
adj_close.csv,ARIMA,XLRE,0.004723,0.007073,0.004607,0.003518,0.005694,0.003427,"ARIMA(2, 0, 2)",-0.00014175,1.891e-05,0.00482872,0.0,2025-W35
adj_close.csv,ARIMA,XLRE,0.004723,0.007073,0.004607,0.003518,0.005694,0.003427,"ARIMA(2, 0, 2)",-0.00076932,-0.00028584,-0.00014175,0.0,2025-W36
adj_close.csv,ARIMA,XLRE,0.004723,0.007073,0.004607,0.003518,0.005694,0.003427,"ARIMA(2, 0, 2)",0.00080445,0.00018618,-0.00076932,0.0,2025-W37
adj_close.csv,ARIMA,XLRE,0.004723,0.007073,0.004607,0.003518,0.005694,0.003427,"ARIMA(2, 0, 2)",-0.00237533,-0.00023075,0.00080445,0.0,2025-W38
adj_close.csv,ARIMA,XLRE,0.004723,0.007073,0.004607,0.003518,0.005694,0.003427,"ARIMA(2, 0, 2)",0.00166403,0.00010131,-0.00237533,0.0,2025-W39
adj_close.csv,ARIMA,XLRE,0.004723,0.007073,0.004607,0.003518,0.005694,0.003427,"ARIMA(2, 0, 2)",0.00095284,-6.19e-06,0.00166403,0.0,2025-W40
adj_close.csv,ARIMA,XLRE,0.004723,0.007073,0.004607,0.003518,0.005694,0.003427,"ARIMA(2, 0, 2)",-0.0067672,-9.006e-05,0.00095284,0.0,2025-W41
adj_close.csv,ARIMA,XLRE,0.004723,0.007073,0.004607,0.003518,0.005694,0.003427,"ARIMA(2, 0, 2)",0.00657698,0.00037666,-0.0067672,0.0,2025-W42
adj_close.csv,ARIMA,XLRE,0.004723,0.007073,0.004607,0.003518,0.005694,0.003427,"ARIMA(2, 0, 2)",0.00288116,-0.0008351,0.00657698,0.0,2025-W43
adj_close.csv,ARIMA,XLRE,0.004723,0.007073,0.004607,0.003518,0.005694,0.003427,"ARIMA(2, 0, 2)",-0.00837945,0.00049249,0.00288116,0.0,2025-W44
adj_close.csv,ARIMA,XLRE,0.004723,0.007073,0.004607,0.003518,0.005694,0.003427,"ARIMA(2, 0, 2)",0.00180114,0.00053945,-0.00837945,0.0,2025-W45
adj_close.csv,ARIMA,XLRE,0.004723,0.007073,0.004607,0.003518,0.005694,0.003427,"ARIMA(2, 0, 2)",-0.0015568,-0.00093489,0.00180114,0.0,2025-W46
adj_close.csv,ARIMA,XLRE,0.004723,0.007073,0.004607,0.003518,0.005694,0.003427,"ARIMA(2, 0, 2)",-0.00024434,0.00069055,-0.0015568,0.0,2025-W47
adj_close.csv,ARIMA,XLRE,0.004723,0.007073,0.004607,0.003518,0.005694,0.003427,"ARIMA(2, 0, 2)",0.00466283,-4.824e-05,-0.00024434,0.0,2025-W48
adj_close.csv,ARIMA,XLRE,0.004723,0.007073,0.004607,0.003518,0.005694,0.003427,"ARIMA(2, 0, 2)",-0.00329065,-0.00032186,0.00466283,0.0,2025-W49
adj_close.csv,ARIMA,XLRE,0.004723,0.007073,0.004607,0.003518,0.005694,0.003427,"ARIMA(2, 0, 2)",-0.00117447,0.00077687,-0.00329065,0.0,2025-W50
adj_close.csv,ARIMA,XLRE,0.004723,0.007073,0.004607,0.003518,0.005694,0.003427,"ARIMA(2, 0, 2)",-0.00207204,-0.00024055,-0.00117447,0.0,2025-W51
adj_close.csv,ARIMA,XLRE,0.004723,0.007073,0.004607,0.003518,0.005694,0.003427,"ARIMA(2, 0, 2)",0.00389243,9.95e-06,-0.00207204,0.0,2025-W52
adj_close.csv,ARIMA,XLRE,0.004723,0.007073,0.004607,0.003518,0.005694,0.003427,"ARIMA(2, 0, 2)",-0.00086526,0.00012745,0.00389243,0.0,2026-W01
adj_close.csv,ARIMA,XLRE,0.004723,0.007073,0.004607,0.003518,0.005694,0.003427,"ARIMA(2, 0, 2)",0.00059347,-0.00012303,-0.00086526,0.0,2026-W02
adj_close.csv,ARIMA,XLRE,0.004723,0.007073,0.004607,0.003518,0.005694,0.003427,"ARIMA(2, 0, 2)",0.00827103,3.053e-05,0.00059347,0.0,2026-W03
adj_close.csv,ARIMA,XLRE,0.004723,0.007073,0.004607,0.003518,0.005694,0.003427,"ARIMA(2, 0, 2)",-0.00575151,-0.00032679,0.00827103,0.0,2026-W04
adj_close.csv,ARIMA,XLRE,0.004723,0.007073,0.004607,0.003518,0.005694,0.003427,"ARIMA(2, 0, 2)",0.00087083,0.00044363,-0.00575151,0.0,2026-W05
adj_close.csv,ARIMA,XLRE,0.004723,0.007073,0.004607,0.003518,0.005694,0.003427,"ARIMA(2, 0, 2)",-0.01140931,-0.00062091,0.00087083,0.0,2026-W06
adj_close.csv,ARIMA,XLU,0.00427,0.006115,0.004231,0.00347,0.004756,0.003451,"ARIMA(0, 0, 1)",0.00294415,-0.00028759,-0.00319691,0.0,2024-W30
adj_close.csv,ARIMA,XLU,0.00427,0.006115,0.004231,0.00347,0.004756,0.003451,"ARIMA(0, 0, 1)",0.00839247,0.00023794,0.00294415,0.0,2024-W31
adj_close.csv,ARIMA,XLU,0.00427,0.006115,0.004231,0.00347,0.004756,0.003451,"ARIMA(0, 0, 1)",-0.00165056,0.00065338,0.00839247,0.0,2024-W32
adj_close.csv,ARIMA,XLU,0.00427,0.006115,0.004231,0.00347,0.004756,0.003451,"ARIMA(0, 0, 1)",0.00224252,-0.00017366,-0.00165056,0.0,2024-W33
adj_close.csv,ARIMA,XLU,0.00427,0.006115,0.004231,0.00347,0.004756,0.003451,"ARIMA(0, 0, 1)",0.00261578,0.00018234,0.00224252,0.0,2024-W34
adj_close.csv,ARIMA,XLU,0.00427,0.006115,0.004231,0.00347,0.004756,0.003451,"ARIMA(0, 0, 1)",0.00229388,0.00018723,0.00261578,0.0,2024-W35
adj_close.csv,ARIMA,XLU,0.00427,0.006115,0.004231,0.00347,0.004756,0.003451,"ARIMA(0, 0, 1)",-0.00124833,0.00016449,0.00229388,0.0,2024-W36
adj_close.csv,ARIMA,XLU,0.00427,0.006115,0.004231,0.00347,0.004756,0.003451,"ARIMA(0, 0, 1)",0.00681192,-0.00010933,-0.00124833,0.0,2024-W37
adj_close.csv,ARIMA,XLU,0.00427,0.006115,0.004231,0.00347,0.004756,0.003451,"ARIMA(0, 0, 1)",0.0038836,0.00052416,0.00681192,0.0,2024-W38
adj_close.csv,ARIMA,XLU,0.00427,0.006115,0.004231,0.00347,0.004756,0.003451,"ARIMA(0, 0, 1)",0.00219807,0.00026849,0.0038836,0.0,2024-W39
adj_close.csv,ARIMA,XLU,0.00427,0.006115,0.004231,0.00347,0.004756,0.003451,"ARIMA(0, 0, 1)",0.00220119,0.00015836,0.00219807,0.0,2024-W40
adj_close.csv,ARIMA,XLU,0.00427,0.006115,0.004231,0.00347,0.004756,0.003451,"ARIMA(0, 0, 1)",-0.00513228,0.00017005,0.00220119,0.0,2024-W41
adj_close.csv,ARIMA,XLU,0.00427,0.006115,0.004231,0.00347,0.004756,0.003451,"ARIMA(0, 0, 1)",0.00670035,-0.00042722,-0.00513228,0.0,2024-W42
adj_close.csv,ARIMA,XLU,0.00427,0.006115,0.004231,0.00347,0.004756,0.003451,"ARIMA(0, 0, 1)",-0.00386878,0.00051767,0.00670035,0.0,2024-W43
adj_close.csv,ARIMA,XLU,0.00427,0.006115,0.004231,0.00347,0.004756,0.003451,"ARIMA(0, 0, 1)",-0.00567826,-0.00028895,-0.00386878,0.0,2024-W44
adj_close.csv,ARIMA,XLU,0.00427,0.006115,0.004231,0.00347,0.004756,0.003451,"ARIMA(0, 0, 1)",0.00266992,-0.00038398,-0.00567826,0.0,2024-W45
adj_close.csv,ARIMA,XLU,0.00427,0.006115,0.004231,0.00347,0.004756,0.003451,"ARIMA(0, 0, 1)",0.00017676,0.000208,0.00266992,0.0,2024-W46
adj_close.csv,ARIMA,XLU,0.00427,0.006115,0.004231,0.00347,0.004756,0.003451,"ARIMA(0, 0, 1)",0.00547637,-2.14e-06,0.00017676,0.0,2024-W47
adj_close.csv,ARIMA,XLU,0.00427,0.006115,0.004231,0.00347,0.004756,0.003451,"ARIMA(0, 0, 1)",0.00450187,0.00037286,0.00547637,0.0,2024-W48
adj_close.csv,ARIMA,XLU,0.00427,0.006115,0.004231,0.00347,0.004756,0.003451,"ARIMA(0, 0, 1)",-0.00797053,0.00029879,0.00450187,0.0,2024-W49
adj_close.csv,ARIMA,XLU,0.00427,0.006115,0.004231,0.00347,0.004756,0.003451,"ARIMA(0, 0, 1)",-0.00521227,-0.00054071,-0.00797053,0.0,2024-W50
adj_close.csv,ARIMA,XLU,0.00427,0.006115,0.004231,0.00347,0.004756,0.003451,"ARIMA(0, 0, 1)",-0.0031415,-0.00033614,-0.00521227,0.0,2024-W51
adj_close.csv,ARIMA,XLU,0.00427,0.006115,0.004231,0.00347,0.004756,0.003451,"ARIMA(0, 0, 1)",0.00091518,-0.00021128,-0.0031415,0.0,2024-W52
adj_close.csv,ARIMA,XLU,0.00427,0.006115,0.004231,0.00347,0.004756,0.003451,"ARIMA(0, 0, 1)",0.00326461,8.41e-05,0.00091518,0.0,2025-W01
adj_close.csv,ARIMA,XLU,0.00427,0.006115,0.004231,0.00347,0.004756,0.003451,"ARIMA(0, 0, 1)",-0.00491304,0.00023915,0.00326461,0.0,2025-W02
adj_close.csv,ARIMA,XLU,0.00427,0.006115,0.004231,0.00347,0.004756,0.003451,"ARIMA(0, 0, 1)",0.00844575,-0.00037089,-0.00491304,0.0,2025-W03
adj_close.csv,ARIMA,XLU,0.00427,0.006115,0.004231,0.00347,0.004756,0.003451,"ARIMA(0, 0, 1)",0.00205267,0.00055565,0.00844575,0.0,2025-W04
adj_close.csv,ARIMA,XLU,0.00427,0.006115,0.004231,0.00347,0.004756,0.003451,"ARIMA(0, 0, 1)",-0.0040924,9.713e-05,0.00205267,0.0,2025-W05
adj_close.csv,ARIMA,XLU,0.00427,0.006115,0.004231,0.00347,0.004756,0.003451,"ARIMA(0, 0, 1)",0.00066658,-0.00027149,-0.0040924,0.0,2025-W06
adj_close.csv,ARIMA,XLU,0.00427,0.006115,0.004231,0.00347,0.004756,0.003451,"ARIMA(0, 0, 1)",0.00244218,6.004e-05,0.00066658,0.0,2025-W07
adj_close.csv,ARIMA,XLU,0.00427,0.006115,0.004231,0.00347,0.004756,0.003451,"ARIMA(0, 0, 1)",0.00367074,0.00015397,0.00244218,0.0,2025-W08
adj_close.csv,ARIMA,XLU,0.00427,0.006115,0.004231,0.00347,0.004756,0.003451,"ARIMA(0, 0, 1)",-0.0026334,0.00023228,0.00367074,0.0,2025-W09
adj_close.csv,ARIMA,XLU,0.00427,0.006115,0.004231,0.00347,0.004756,0.003451,"ARIMA(0, 0, 1)",-0.00493287,-0.00018316,-0.0026334,0.0,2025-W10
adj_close.csv,ARIMA,XLU,0.00427,0.006115,0.004231,0.00347,0.004756,0.003451,"ARIMA(0, 0, 1)",0.00404728,-0.0003152,-0.00493287,0.0,2025-W11
adj_close.csv,ARIMA,XLU,0.00427,0.006115,0.004231,0.00347,0.004756,0.003451,"ARIMA(0, 0, 1)",-0.00030451,0.00027202,0.00404728,0.0,2025-W12
adj_close.csv,ARIMA,XLU,0.00427,0.006115,0.004231,0.00347,0.004756,0.003451,"ARIMA(0, 0, 1)",-0.00055066,-3.57e-05,-0.00030451,0.0,2025-W13
adj_close.csv,ARIMA,XLU,0.00427,0.006115,0.004231,0.00347,0.004756,0.003451,"ARIMA(0, 0, 1)",-0.00905016,-3.204e-05,-0.00055066,0.0,2025-W14
adj_close.csv,ARIMA,XLU,0.00427,0.006115,0.004231,0.00347,0.004756,0.003451,"ARIMA(0, 0, 1)",0.00474668,-0.00056442,-0.00905016,0.0,2025-W15
adj_close.csv,ARIMA,XLU,0.00427,0.006115,0.004231,0.00347,0.004756,0.003451,"ARIMA(0, 0, 1)",0.00470516,0.0002785,0.00474668,0.0,2025-W16
adj_close.csv,ARIMA,XLU,0.00427,0.006115,0.004231,0.00347,0.004756,0.003451,"ARIMA(0, 0, 1)",0.00112835,0.00025293,0.00470516,0.0,2025-W17
adj_close.csv,ARIMA,XLU,0.00427,0.006115,0.004231,0.00347,0.004756,0.003451,"ARIMA(0, 0, 1)",0.00389986,5.075e-05,0.00112835,0.0,2025-W18
adj_close.csv,ARIMA,XLU,0.00427,0.006115,0.004231,0.00347,0.004756,0.003451,"ARIMA(0, 0, 1)",0.00122504,0.00022796,0.00389986,0.0,2025-W19
adj_close.csv,ARIMA,XLU,0.00427,0.006115,0.004231,0.00347,0.004756,0.003451,"ARIMA(0, 0, 1)",0.00477797,5.968e-05,0.00122504,0.0,2025-W20
adj_close.csv,ARIMA,XLU,0.00427,0.006115,0.004231,0.00347,0.004756,0.003451,"ARIMA(0, 0, 1)",-0.00274445,0.00028843,0.00477797,0.0,2025-W21
adj_close.csv,ARIMA,XLU,0.00427,0.006115,0.004231,0.00347,0.004756,0.003451,"ARIMA(0, 0, 1)",0.00263838,-0.00017573,-0.00274445,0.0,2025-W22
adj_close.csv,ARIMA,XLU,0.00427,0.006115,0.004231,0.00347,0.004756,0.003451,"ARIMA(0, 0, 1)",-0.00179018,0.00015935,0.00263838,0.0,2025-W23
adj_close.csv,ARIMA,XLU,0.00427,0.006115,0.004231,0.00347,0.004756,0.003451,"ARIMA(0, 0, 1)",0.00056574,-0.00010813,-0.00179018,0.0,2025-W24
adj_close.csv,ARIMA,XLU,0.00427,0.006115,0.004231,0.00347,0.004756,0.003451,"ARIMA(0, 0, 1)",-0.00197288,3.723e-05,0.00056574,0.0,2025-W25
adj_close.csv,ARIMA,XLU,0.00427,0.006115,0.004231,0.00347,0.004756,0.003451,"ARIMA(0, 0, 1)",0.00274094,-0.00011051,-0.00197288,0.0,2025-W26
adj_close.csv,ARIMA,XLU,0.00427,0.006115,0.004231,0.00347,0.004756,0.003451,"ARIMA(0, 0, 1)",0.00156274,0.00015339,0.00274094,0.0,2025-W27
adj_close.csv,ARIMA,XLU,0.00427,0.006115,0.004231,0.00347,0.004756,0.003451,"ARIMA(0, 0, 1)",0.00148521,7.68e-05,0.00156274,0.0,2025-W28
adj_close.csv,ARIMA,XLU,0.00427,0.006115,0.004231,0.00347,0.004756,0.003451,"ARIMA(0, 0, 1)",0.00312883,7.737e-05,0.00148521,0.0,2025-W29
adj_close.csv,ARIMA,XLU,0.00427,0.006115,0.004231,0.00347,0.004756,0.003451,"ARIMA(0, 0, 1)",0.00183038,0.00017053,0.00312883,0.0,2025-W30
adj_close.csv,ARIMA,XLU,0.00427,0.006115,0.004231,0.00347,0.004756,0.003451,"ARIMA(0, 0, 1)",0.00300618,9.429e-05,0.00183038,0.0,2025-W31
adj_close.csv,ARIMA,XLU,0.00427,0.006115,0.004231,0.00347,0.004756,0.003451,"ARIMA(0, 0, 1)",0.00088382,0.00019604,0.00300618,0.0,2025-W32
adj_close.csv,ARIMA,XLU,0.00427,0.006115,0.004231,0.00347,0.004756,0.003451,"ARIMA(0, 0, 1)",-0.00130384,4.678e-05,0.00088382,0.0,2025-W33
adj_close.csv,ARIMA,XLU,0.00427,0.006115,0.004231,0.00347,0.004756,0.003451,"ARIMA(0, 0, 1)",0.00097869,-9.193e-05,-0.00130384,0.0,2025-W34
adj_close.csv,ARIMA,XLU,0.00427,0.006115,0.004231,0.00347,0.004756,0.003451,"ARIMA(0, 0, 1)",-0.00403866,7.229e-05,0.00097869,0.0,2025-W35
adj_close.csv,ARIMA,XLU,0.00427,0.006115,0.004231,0.00347,0.004756,0.003451,"ARIMA(0, 0, 1)",-0.00253294,-0.000234,-0.00403866,0.0,2025-W36
adj_close.csv,ARIMA,XLU,0.00427,0.006115,0.004231,0.00347,0.004756,0.003451,"ARIMA(0, 0, 1)",0.0048058,-0.00013488,-0.00253294,0.0,2025-W37
adj_close.csv,ARIMA,XLU,0.00427,0.006115,0.004231,0.00347,0.004756,0.003451,"ARIMA(0, 0, 1)",-0.0012907,0.00027996,0.0048058,0.0,2025-W38
adj_close.csv,ARIMA,XLU,0.00427,0.006115,0.004231,0.00347,0.004756,0.003451,"ARIMA(0, 0, 1)",0.00567354,-8.663e-05,-0.0012907,0.0,2025-W39
adj_close.csv,ARIMA,XLU,0.00427,0.006115,0.004231,0.00347,0.004756,0.003451,"ARIMA(0, 0, 1)",0.00478059,0.0003091,0.00567354,0.0,2025-W40
adj_close.csv,ARIMA,XLU,0.00427,0.006115,0.004231,0.00347,0.004756,0.003451,"ARIMA(0, 0, 1)",0.00288093,0.00026048,0.00478059,0.0,2025-W41
adj_close.csv,ARIMA,XLU,0.00427,0.006115,0.004231,0.00347,0.004756,0.003451,"ARIMA(0, 0, 1)",0.00301487,0.00015888,0.00288093,0.0,2025-W42
adj_close.csv,ARIMA,XLU,0.00427,0.006115,0.004231,0.00347,0.004756,0.003451,"ARIMA(0, 0, 1)",-0.00039354,0.00017817,0.00301487,0.0,2025-W43
adj_close.csv,ARIMA,XLU,0.00427,0.006115,0.004231,0.00347,0.004756,0.003451,"ARIMA(0, 0, 1)",-0.00507535,-3.546e-05,-0.00039354,0.0,2025-W44
adj_close.csv,ARIMA,XLU,0.00427,0.006115,0.004231,0.00347,0.004756,0.003451,"ARIMA(0, 0, 1)",0.00132,-0.00031448,-0.00507535,0.0,2025-W45
adj_close.csv,ARIMA,XLU,0.00427,0.006115,0.004231,0.00347,0.004756,0.003451,"ARIMA(0, 0, 1)",-0.00208463,9.923e-05,0.00132,0.0,2025-W46
adj_close.csv,ARIMA,XLU,0.00427,0.006115,0.004231,0.00347,0.004756,0.003451,"ARIMA(0, 0, 1)",-0.00137925,-0.00013185,-0.00208463,0.0,2025-W47
adj_close.csv,ARIMA,XLU,0.00427,0.006115,0.004231,0.00347,0.004756,0.003451,"ARIMA(0, 0, 1)",0.00693634,-7.596e-05,-0.00137925,0.0,2025-W48
adj_close.csv,ARIMA,XLU,0.00427,0.006115,0.004231,0.00347,0.004756,0.003451,"ARIMA(0, 0, 1)",-0.00909709,0.00041654,0.00693634,0.0,2025-W49
adj_close.csv,ARIMA,XLU,0.00427,0.006115,0.004231,0.00347,0.004756,0.003451,"ARIMA(0, 0, 1)",-0.00218276,-0.0004504,-0.00909709,0.0,2025-W50
adj_close.csv,ARIMA,XLU,0.00427,0.006115,0.004231,0.00347,0.004756,0.003451,"ARIMA(0, 0, 1)",-0.00093611,-8.622e-05,-0.00218276,0.0,2025-W51
adj_close.csv,ARIMA,XLU,0.00427,0.006115,0.004231,0.00347,0.004756,0.003451,"ARIMA(0, 0, 1)",0.00274408,-4.319e-05,-0.00093611,0.0,2025-W52
adj_close.csv,ARIMA,XLU,0.00427,0.006115,0.004231,0.00347,0.004756,0.003451,"ARIMA(0, 0, 1)",0.00232669,0.00013958,0.00274408,0.0,2026-W01
adj_close.csv,ARIMA,XLU,0.00427,0.006115,0.004231,0.00347,0.004756,0.003451,"ARIMA(0, 0, 1)",-0.00312763,0.00011161,0.00232669,0.0,2026-W02
adj_close.csv,ARIMA,XLU,0.00427,0.006115,0.004231,0.00347,0.004756,0.003451,"ARIMA(0, 0, 1)",0.00409794,-0.00016135,-0.00312763,0.0,2026-W03
adj_close.csv,ARIMA,XLU,0.00427,0.006115,0.004231,0.00347,0.004756,0.003451,"ARIMA(0, 0, 1)",-0.00482853,0.00020243,0.00409794,0.0,2026-W04
adj_close.csv,ARIMA,XLU,0.00427,0.006115,0.004231,0.00347,0.004756,0.003451,"ARIMA(0, 0, 1)",0.00321647,-0.00021957,-0.00482853,0.0,2026-W05
adj_close.csv,ARIMA,XLU,0.00427,0.006115,0.004231,0.00347,0.004756,0.003451,"ARIMA(0, 0, 1)",-0.01467363,0.00013929,0.00321647,0.0,2026-W06
adj_close.csv,ARIMA,XLV,0.00437,0.006698,0.0044,0.003418,0.005274,0.003455,"ARIMA(0, 0, 1)",0.00280706,1.157e-05,-0.00054031,0.0,2024-W30
adj_close.csv,ARIMA,XLV,0.00437,0.006698,0.0044,0.003418,0.005274,0.003455,"ARIMA(0, 0, 1)",0.00119673,-8.538e-05,0.00280706,0.0,2024-W31
adj_close.csv,ARIMA,XLV,0.00437,0.006698,0.0044,0.003418,0.005274,0.003455,"ARIMA(0, 0, 1)",-0.00117009,-3.74e-05,0.00119673,0.0,2024-W32
adj_close.csv,ARIMA,XLV,0.00437,0.006698,0.0044,0.003418,0.005274,0.003455,"ARIMA(0, 0, 1)",0.00381717,3.366e-05,-0.00117009,0.0,2024-W33
adj_close.csv,ARIMA,XLV,0.00437,0.006698,0.0044,0.003418,0.005274,0.003455,"ARIMA(0, 0, 1)",0.0033473,-0.00011693,0.00381717,0.0,2024-W34
adj_close.csv,ARIMA,XLV,0.00437,0.006698,0.0044,0.003418,0.005274,0.003455,"ARIMA(0, 0, 1)",0.00223893,-9.175e-05,0.0033473,0.0,2024-W35
adj_close.csv,ARIMA,XLV,0.00437,0.006698,0.0044,0.003418,0.005274,0.003455,"ARIMA(0, 0, 1)",-0.00522276,-5.566e-05,0.00223893,0.0,2024-W36
adj_close.csv,ARIMA,XLV,0.00437,0.006698,0.0044,0.003418,0.005274,0.003455,"ARIMA(0, 0, 1)",0.00285065,0.00014608,-0.00522276,0.0,2024-W37
adj_close.csv,ARIMA,XLV,0.00437,0.006698,0.0044,0.003418,0.005274,0.003455,"ARIMA(0, 0, 1)",-0.00113024,-8.751e-05,0.00285065,0.0,2024-W38
adj_close.csv,ARIMA,XLV,0.00437,0.006698,0.0044,0.003418,0.005274,0.003455,"ARIMA(0, 0, 1)",-0.0021877,3.487e-05,-0.00113024,0.0,2024-W39
adj_close.csv,ARIMA,XLV,0.00437,0.006698,0.0044,0.003418,0.005274,0.003455,"ARIMA(0, 0, 1)",-0.00181187,7.246e-05,-0.0021877,0.0,2024-W40
adj_close.csv,ARIMA,XLV,0.00437,0.006698,0.0044,0.003418,0.005274,0.003455,"ARIMA(0, 0, 1)",0.00294577,5.899e-05,-0.00181187,0.0,2024-W41
adj_close.csv,ARIMA,XLV,0.00437,0.006698,0.0044,0.003418,0.005274,0.003455,"ARIMA(0, 0, 1)",-0.00099015,-9.568e-05,0.00294577,0.0,2024-W42
adj_close.csv,ARIMA,XLV,0.00437,0.006698,0.0044,0.003418,0.005274,0.003455,"ARIMA(0, 0, 1)",-0.00601931,3.031e-05,-0.00099015,0.0,2024-W43
adj_close.csv,ARIMA,XLV,0.00437,0.006698,0.0044,0.003418,0.005274,0.003455,"ARIMA(0, 0, 1)",-0.00114735,0.00019452,-0.00601931,0.0,2024-W44
adj_close.csv,ARIMA,XLV,0.00437,0.006698,0.0044,0.003418,0.005274,0.003455,"ARIMA(0, 0, 1)",0.00327611,3.935e-05,-0.00114735,0.0,2024-W45
adj_close.csv,ARIMA,XLV,0.00437,0.006698,0.0044,0.003418,0.005274,0.003455,"ARIMA(0, 0, 1)",-0.01142701,-0.00010088,0.00327611,0.0,2024-W46
adj_close.csv,ARIMA,XLV,0.00437,0.006698,0.0044,0.003418,0.005274,0.003455,"ARIMA(0, 0, 1)",0.00324485,0.00046773,-0.01142701,0.0,2024-W47
adj_close.csv,ARIMA,XLV,0.00437,0.006698,0.0044,0.003418,0.005274,0.003455,"ARIMA(0, 0, 1)",0.00557351,-0.00013617,0.00324485,0.0,2024-W48
adj_close.csv,ARIMA,XLV,0.00437,0.006698,0.0044,0.003418,0.005274,0.003455,"ARIMA(0, 0, 1)",-0.00429238,-0.00026211,0.00557351,0.0,2024-W49
adj_close.csv,ARIMA,XLV,0.00437,0.006698,0.0044,0.003418,0.005274,0.003455,"ARIMA(0, 0, 1)",-0.00461339,0.00020778,-0.00429238,0.0,2024-W50
adj_close.csv,ARIMA,XLV,0.00437,0.006698,0.0044,0.003418,0.005274,0.003455,"ARIMA(0, 0, 1)",-0.00428706,0.00022294,-0.00461339,0.0,2024-W51
adj_close.csv,ARIMA,XLV,0.00437,0.006698,0.0044,0.003418,0.005274,0.003455,"ARIMA(0, 0, 1)",0.00284445,0.00018131,-0.00428706,0.0,2024-W52
adj_close.csv,ARIMA,XLV,0.00437,0.006698,0.0044,0.003418,0.005274,0.003455,"ARIMA(0, 0, 1)",1.805e-05,-0.00011711,0.00284445,0.0,2025-W01
adj_close.csv,ARIMA,XLV,0.00437,0.006698,0.0044,0.003418,0.005274,0.003455,"ARIMA(0, 0, 1)",0.00122036,-5.97e-06,1.805e-05,0.0,2025-W02
adj_close.csv,ARIMA,XLV,0.00437,0.006698,0.0044,0.003418,0.005274,0.003455,"ARIMA(0, 0, 1)",0.00077195,-5.43e-05,0.00122036,0.0,2025-W03
adj_close.csv,ARIMA,XLV,0.00437,0.006698,0.0044,0.003418,0.005274,0.003455,"ARIMA(0, 0, 1)",0.00725908,-3.627e-05,0.00077195,0.0,2025-W04
adj_close.csv,ARIMA,XLV,0.00437,0.006698,0.0044,0.003418,0.005274,0.003455,"ARIMA(0, 0, 1)",0.00351681,-0.00030705,0.00725908,0.0,2025-W05
adj_close.csv,ARIMA,XLV,0.00437,0.006698,0.0044,0.003418,0.005274,0.003455,"ARIMA(0, 0, 1)",-0.00060006,-0.00012692,0.00351681,0.0,2025-W06
adj_close.csv,ARIMA,XLV,0.00437,0.006698,0.0044,0.003418,0.005274,0.003455,"ARIMA(0, 0, 1)",-0.00223878,1.612e-05,-0.00060006,0.0,2025-W07
adj_close.csv,ARIMA,XLV,0.00437,0.006698,0.0044,0.003418,0.005274,0.003455,"ARIMA(0, 0, 1)",0.00279847,7.725e-05,-0.00223878,0.0,2025-W08
adj_close.csv,ARIMA,XLV,0.00437,0.006698,0.0044,0.003418,0.005274,0.003455,"ARIMA(0, 0, 1)",0.00338578,-9.747e-05,0.00279847,0.0,2025-W09
adj_close.csv,ARIMA,XLV,0.00437,0.006698,0.0044,0.003418,0.005274,0.003455,"ARIMA(0, 0, 1)",0.00046947,-0.00011518,0.00338578,0.0,2025-W10
adj_close.csv,ARIMA,XLV,0.00437,0.006698,0.0044,0.003418,0.005274,0.003455,"ARIMA(0, 0, 1)",-0.00591455,-1.896e-05,0.00046947,0.0,2025-W11
adj_close.csv,ARIMA,XLV,0.00437,0.006698,0.0044,0.003418,0.005274,0.003455,"ARIMA(0, 0, 1)",0.0022914,0.00020019,-0.00591455,0.0,2025-W12
adj_close.csv,ARIMA,XLV,0.00437,0.006698,0.0044,0.003418,0.005274,0.003455,"ARIMA(0, 0, 1)",-0.0020857,-7.75e-05,0.0022914,0.0,2025-W13
adj_close.csv,ARIMA,XLV,0.00437,0.006698,0.0044,0.003418,0.005274,0.003455,"ARIMA(0, 0, 1)",-0.01321426,7.755e-05,-0.0020857,0.0,2025-W14
adj_close.csv,ARIMA,XLV,0.00437,0.006698,0.0044,0.003418,0.005274,0.003455,"ARIMA(0, 0, 1)",0.00233699,0.00038473,-0.01321426,0.0,2025-W15
adj_close.csv,ARIMA,XLV,0.00437,0.006698,0.0044,0.003418,0.005274,0.003455,"ARIMA(0, 0, 1)",-0.00253343,-6.699e-05,0.00233699,0.0,2025-W16
adj_close.csv,ARIMA,XLV,0.00437,0.006698,0.0044,0.003418,0.005274,0.003455,"ARIMA(0, 0, 1)",0.00374362,9.23e-05,-0.00253343,0.0,2025-W17
adj_close.csv,ARIMA,XLV,0.00437,0.006698,0.0044,0.003418,0.005274,0.003455,"ARIMA(0, 0, 1)",0.00069419,-0.00014895,0.00374362,0.0,2025-W18
adj_close.csv,ARIMA,XLV,0.00437,0.006698,0.0044,0.003418,0.005274,0.003455,"ARIMA(0, 0, 1)",-0.00862937,-3.361e-05,0.00069419,0.0,2025-W19
adj_close.csv,ARIMA,XLV,0.00437,0.006698,0.0044,0.003418,0.005274,0.003455,"ARIMA(0, 0, 1)",0.00061709,0.00035658,-0.00862937,0.0,2025-W20
adj_close.csv,ARIMA,XLV,0.00437,0.006698,0.0044,0.003418,0.005274,0.003455,"ARIMA(0, 0, 1)",-0.00417583,-1.075e-05,0.00061709,0.0,2025-W21
adj_close.csv,ARIMA,XLV,0.00437,0.006698,0.0044,0.003418,0.005274,0.003455,"ARIMA(0, 0, 1)",0.00437308,0.00017727,-0.00417583,0.0,2025-W22
adj_close.csv,ARIMA,XLV,0.00437,0.006698,0.0044,0.003418,0.005274,0.003455,"ARIMA(0, 0, 1)",0.0026066,-0.0001998,0.00437308,0.0,2025-W23
adj_close.csv,ARIMA,XLV,0.00437,0.006698,0.0044,0.003418,0.005274,0.003455,"ARIMA(0, 0, 1)",0.00258773,-0.00012499,0.0026066,0.0,2025-W24
adj_close.csv,ARIMA,XLV,0.00437,0.006698,0.0044,0.003418,0.005274,0.003455,"ARIMA(0, 0, 1)",-0.00656831,-0.00011621,0.00258773,0.0,2025-W25
adj_close.csv,ARIMA,XLV,0.00437,0.006698,0.0044,0.003418,0.005274,0.003455,"ARIMA(0, 0, 1)",0.00294854,0.00030956,-0.00656831,0.0,2025-W26
adj_close.csv,ARIMA,XLV,0.00437,0.006698,0.0044,0.003418,0.005274,0.003455,"ARIMA(0, 0, 1)",0.00291357,-0.00013698,0.00294854,0.0,2025-W27
adj_close.csv,ARIMA,XLV,0.00437,0.006698,0.0044,0.003418,0.005274,0.003455,"ARIMA(0, 0, 1)",-0.00045809,-0.00015301,0.00291357,0.0,2025-W28
adj_close.csv,ARIMA,XLV,0.00437,0.006698,0.0044,0.003418,0.005274,0.003455,"ARIMA(0, 0, 1)",-0.00501842,1.536e-05,-0.00045809,0.0,2025-W29
adj_close.csv,ARIMA,XLV,0.00437,0.006698,0.0044,0.003418,0.005274,0.003455,"ARIMA(0, 0, 1)",0.0069178,0.00025347,-0.00501842,0.0,2025-W30
adj_close.csv,ARIMA,XLV,0.00437,0.006698,0.0044,0.003418,0.005274,0.003455,"ARIMA(0, 0, 1)",-0.00799774,-0.00038922,0.0069178,0.0,2025-W31
adj_close.csv,ARIMA,XLV,0.00437,0.006698,0.0044,0.003418,0.005274,0.003455,"ARIMA(0, 0, 1)",-0.00148497,0.00053974,-0.00799774,0.0,2025-W32
adj_close.csv,ARIMA,XLV,0.00437,0.006698,0.0044,0.003418,0.005274,0.003455,"ARIMA(0, 0, 1)",0.00908667,0.00013509,-0.00148497,0.0,2025-W33
adj_close.csv,ARIMA,XLV,0.00437,0.006698,0.0044,0.003418,0.005274,0.003455,"ARIMA(0, 0, 1)",0.00285739,-0.00063421,0.00908667,0.0,2025-W34
adj_close.csv,ARIMA,XLV,0.00437,0.006698,0.0044,0.003418,0.005274,0.003455,"ARIMA(0, 0, 1)",-0.00107402,-0.00021838,0.00285739,0.0,2025-W35
adj_close.csv,ARIMA,XLV,0.00437,0.006698,0.0044,0.003418,0.005274,0.003455,"ARIMA(0, 0, 1)",0.0008535,5.49e-05,-0.00107402,0.0,2025-W36
adj_close.csv,ARIMA,XLV,0.00437,0.006698,0.0044,0.003418,0.005274,0.003455,"ARIMA(0, 0, 1)",0.00030436,-5.142e-05,0.0008535,0.0,2025-W37
adj_close.csv,ARIMA,XLV,0.00437,0.006698,0.0044,0.003418,0.005274,0.003455,"ARIMA(0, 0, 1)",-0.001191,-2.287e-05,0.00030436,0.0,2025-W38
adj_close.csv,ARIMA,XLV,0.00437,0.006698,0.0044,0.003418,0.005274,0.003455,"ARIMA(0, 0, 1)",-0.00171221,7.519e-05,-0.001191,0.0,2025-W39
adj_close.csv,ARIMA,XLV,0.00437,0.006698,0.0044,0.003418,0.005274,0.003455,"ARIMA(0, 0, 1)",0.013304,0.00011414,-0.00171221,0.0,2025-W40
adj_close.csv,ARIMA,XLV,0.00437,0.006698,0.0044,0.003418,0.005274,0.003455,"ARIMA(0, 0, 1)",-0.00377805,-0.00091873,0.013304,0.0,2025-W41
adj_close.csv,ARIMA,XLV,0.00437,0.006698,0.0044,0.003418,0.005274,0.003455,"ARIMA(0, 0, 1)",0.00162592,0.00021608,-0.00377805,0.0,2025-W42
adj_close.csv,ARIMA,XLV,0.00437,0.006698,0.0044,0.003418,0.005274,0.003455,"ARIMA(0, 0, 1)",0.00381622,-0.00011262,0.00162592,0.0,2025-W43
adj_close.csv,ARIMA,XLV,0.00437,0.006698,0.0044,0.003418,0.005274,0.003455,"ARIMA(0, 0, 1)",-0.00245283,-0.00030451,0.00381622,0.0,2025-W44
adj_close.csv,ARIMA,XLV,0.00437,0.006698,0.0044,0.003418,0.005274,0.003455,"ARIMA(0, 0, 1)",0.00260341,0.00017004,-0.00245283,0.0,2025-W45
adj_close.csv,ARIMA,XLV,0.00437,0.006698,0.0044,0.003418,0.005274,0.003455,"ARIMA(0, 0, 1)",0.00763929,-0.00019613,0.00260341,0.0,2025-W46
adj_close.csv,ARIMA,XLV,0.00437,0.006698,0.0044,0.003418,0.005274,0.003455,"ARIMA(0, 0, 1)",0.00362888,-0.00058992,0.00763929,0.0,2025-W47
adj_close.csv,ARIMA,XLV,0.00437,0.006698,0.0044,0.003418,0.005274,0.003455,"ARIMA(0, 0, 1)",0.00486788,-0.00028221,0.00362888,0.0,2025-W48
adj_close.csv,ARIMA,XLV,0.00437,0.006698,0.0044,0.003418,0.005274,0.003455,"ARIMA(0, 0, 1)",-0.00564831,-0.00032204,0.00486788,0.0,2025-W49
adj_close.csv,ARIMA,XLV,0.00437,0.006698,0.0044,0.003418,0.005274,0.003455,"ARIMA(0, 0, 1)",0.00104127,0.00036868,-0.00564831,0.0,2025-W50
adj_close.csv,ARIMA,XLV,0.00437,0.006698,0.0044,0.003418,0.005274,0.003455,"ARIMA(0, 0, 1)",0.00113916,-4.717e-05,0.00104127,0.0,2025-W51
adj_close.csv,ARIMA,XLV,0.00437,0.006698,0.0044,0.003418,0.005274,0.003455,"ARIMA(0, 0, 1)",0.00284697,-8.336e-05,0.00113916,0.0,2025-W52
adj_close.csv,ARIMA,XLV,0.00437,0.006698,0.0044,0.003418,0.005274,0.003455,"ARIMA(0, 0, 1)",-0.00086662,-0.00020443,0.00284697,0.0,2026-W01
adj_close.csv,ARIMA,XLV,0.00437,0.006698,0.0044,0.003418,0.005274,0.003455,"ARIMA(0, 0, 1)",0.00230167,4.641e-05,-0.00086662,0.0,2026-W02
adj_close.csv,ARIMA,XLV,0.00437,0.006698,0.0044,0.003418,0.005274,0.003455,"ARIMA(0, 0, 1)",-0.00200608,-0.00015912,0.00230167,0.0,2026-W03
adj_close.csv,ARIMA,XLV,0.00437,0.006698,0.0044,0.003418,0.005274,0.003455,"ARIMA(0, 0, 1)",0.00277761,0.0001321,-0.00200608,0.0,2026-W04
adj_close.csv,ARIMA,XLV,0.00437,0.006698,0.0044,0.003418,0.005274,0.003455,"ARIMA(0, 0, 1)",-0.00351042,-0.00019246,0.00277761,0.0,2026-W05
adj_close.csv,ARIMA,XLV,0.00437,0.006698,0.0044,0.003418,0.005274,0.003455,"ARIMA(0, 0, 1)",0.00612054,0.00024832,-0.00351042,0.0,2026-W06
adj_close.csv,ARIMA,XLY,0.005838,0.008602,0.005851,0.004619,0.00657,0.004605,"ARIMA(1, 0, 0)",-0.00561562,0.00039802,-0.00388095,0.0,2024-W30
adj_close.csv,ARIMA,XLY,0.005838,0.008602,0.005851,0.004619,0.00657,0.004605,"ARIMA(1, 0, 0)",-0.00719201,0.00056086,-0.00561562,0.0,2024-W31
adj_close.csv,ARIMA,XLY,0.005838,0.008602,0.005851,0.004619,0.00657,0.004605,"ARIMA(1, 0, 0)",-0.00207706,0.00068247,-0.00719201,0.0,2024-W32
adj_close.csv,ARIMA,XLY,0.005838,0.008602,0.005851,0.004619,0.00657,0.004605,"ARIMA(1, 0, 0)",0.00983777,0.00019241,-0.00207706,0.0,2024-W33
adj_close.csv,ARIMA,XLY,0.005838,0.008602,0.005851,0.004619,0.00657,0.004605,"ARIMA(1, 0, 0)",0.0051108,-0.00093374,0.00983777,0.0,2024-W34
adj_close.csv,ARIMA,XLY,0.005838,0.008602,0.005851,0.004619,0.00657,0.004605,"ARIMA(1, 0, 0)",-0.00080002,-0.0004509,0.0051108,0.0,2024-W35
adj_close.csv,ARIMA,XLY,0.005838,0.008602,0.005851,0.004619,0.00657,0.004605,"ARIMA(1, 0, 0)",-0.00638703,7.074e-05,-0.00080002,0.0,2024-W36
adj_close.csv,ARIMA,XLY,0.005838,0.008602,0.005851,0.004619,0.00657,0.004605,"ARIMA(1, 0, 0)",0.01075801,0.00056107,-0.00638703,0.0,2024-W37
adj_close.csv,ARIMA,XLY,0.005838,0.008602,0.005851,0.004619,0.00657,0.004605,"ARIMA(1, 0, 0)",0.00432737,-0.00102326,0.01075801,0.0,2024-W38
adj_close.csv,ARIMA,XLY,0.005838,0.008602,0.005851,0.004619,0.00657,0.004605,"ARIMA(1, 0, 0)",0.00458818,-0.00038415,0.00432737,0.0,2024-W39
adj_close.csv,ARIMA,XLY,0.005838,0.008602,0.005851,0.004619,0.00657,0.004605,"ARIMA(1, 0, 0)",-0.00267668,-0.00039645,0.00458818,0.0,2024-W40
adj_close.csv,ARIMA,XLY,0.005838,0.008602,0.005851,0.004619,0.00657,0.004605,"ARIMA(1, 0, 0)",-0.00161115,0.00023435,-0.00267668,0.0,2024-W41
adj_close.csv,ARIMA,XLY,0.005838,0.008602,0.005851,0.004619,0.00657,0.004605,"ARIMA(1, 0, 0)",0.00295897,0.00014019,-0.00161115,0.0,2024-W42
adj_close.csv,ARIMA,XLY,0.005838,0.008602,0.005851,0.004619,0.00657,0.004605,"ARIMA(1, 0, 0)",0.00129898,-0.00025894,0.00295897,0.0,2024-W43
adj_close.csv,ARIMA,XLY,0.005838,0.008602,0.005851,0.004619,0.00657,0.004605,"ARIMA(1, 0, 0)",-0.0007184,-0.00011302,0.00129898,0.0,2024-W44
adj_close.csv,ARIMA,XLY,0.005838,0.008602,0.005851,0.004619,0.00657,0.004605,"ARIMA(1, 0, 0)",0.01448577,6.257e-05,-0.0007184,0.0,2024-W45
adj_close.csv,ARIMA,XLY,0.005838,0.008602,0.005851,0.004619,0.00657,0.004605,"ARIMA(1, 0, 0)",-0.00156803,-0.00127802,0.01448577,0.0,2024-W46
adj_close.csv,ARIMA,XLY,0.005838,0.008602,0.005851,0.004619,0.00657,0.004605,"ARIMA(1, 0, 0)",0.00431956,0.00013905,-0.00156803,0.0,2024-W47
adj_close.csv,ARIMA,XLY,0.005838,0.008602,0.005851,0.004619,0.00657,0.004605,"ARIMA(1, 0, 0)",0.00476854,-0.00038607,0.00431956,0.0,2024-W48
adj_close.csv,ARIMA,XLY,0.005838,0.008602,0.005851,0.004619,0.00657,0.004605,"ARIMA(1, 0, 0)",0.00923038,-0.00041486,0.00476854,0.0,2024-W49
adj_close.csv,ARIMA,XLY,0.005838,0.008602,0.005851,0.004619,0.00657,0.004605,"ARIMA(1, 0, 0)",0.00229777,-0.00075781,0.00923038,0.0,2024-W50
adj_close.csv,ARIMA,XLY,0.005838,0.008602,0.005851,0.004619,0.00657,0.004605,"ARIMA(1, 0, 0)",-0.00566793,-0.00018181,0.00229777,0.0,2024-W51
adj_close.csv,ARIMA,XLY,0.005838,0.008602,0.005851,0.004619,0.00657,0.004605,"ARIMA(1, 0, 0)",0.00137817,0.000456,-0.00566793,0.0,2024-W52
adj_close.csv,ARIMA,XLY,0.005838,0.008602,0.005851,0.004619,0.00657,0.004605,"ARIMA(1, 0, 0)",-0.00423609,-0.00011164,0.00137817,0.0,2025-W01
adj_close.csv,ARIMA,XLY,0.005838,0.008602,0.005851,0.004619,0.00657,0.004605,"ARIMA(1, 0, 0)",-0.005664,0.00034566,-0.00423609,0.0,2025-W02
adj_close.csv,ARIMA,XLY,0.005838,0.008602,0.005851,0.004619,0.00657,0.004605,"ARIMA(1, 0, 0)",0.00746688,0.00044705,-0.005664,0.0,2025-W03
adj_close.csv,ARIMA,XLY,0.005838,0.008602,0.005851,0.004619,0.00657,0.004605,"ARIMA(1, 0, 0)",0.00086011,-0.0006204,0.00746688,0.0,2025-W04
adj_close.csv,ARIMA,XLY,0.005838,0.008602,0.005851,0.004619,0.00657,0.004605,"ARIMA(1, 0, 0)",0.00186942,-7.048e-05,0.00086011,0.0,2025-W05
adj_close.csv,ARIMA,XLY,0.005838,0.008602,0.005851,0.004619,0.00657,0.004605,"ARIMA(1, 0, 0)",-0.005759,-0.00015285,0.00186942,0.0,2025-W06
adj_close.csv,ARIMA,XLY,0.005838,0.008602,0.005851,0.004619,0.00657,0.004605,"ARIMA(1, 0, 0)",0.00125505,0.00047715,-0.005759,0.0,2025-W07
adj_close.csv,ARIMA,XLY,0.005838,0.008602,0.005851,0.004619,0.00657,0.004605,"ARIMA(1, 0, 0)",-0.00966691,-0.00010457,0.00125505,0.0,2025-W08
adj_close.csv,ARIMA,XLY,0.005838,0.008602,0.005851,0.004619,0.00657,0.004605,"ARIMA(1, 0, 0)",-0.00223786,0.00081743,-0.00966691,0.0,2025-W09
adj_close.csv,ARIMA,XLY,0.005838,0.008602,0.005851,0.004619,0.00657,0.004605,"ARIMA(1, 0, 0)",-0.00976404,0.00018245,-0.00223786,0.0,2025-W10
adj_close.csv,ARIMA,XLY,0.005838,0.008602,0.005851,0.004619,0.00657,0.004605,"ARIMA(1, 0, 0)",-0.00891865,0.00077379,-0.00976404,0.0,2025-W11
adj_close.csv,ARIMA,XLY,0.005838,0.008602,0.005851,0.004619,0.00657,0.004605,"ARIMA(1, 0, 0)",0.00076114,0.00062112,-0.00891865,0.0,2025-W12
adj_close.csv,ARIMA,XLY,0.005838,0.008602,0.005851,0.004619,0.00657,0.004605,"ARIMA(1, 0, 0)",0.00013401,-5.31e-05,0.00076114,0.0,2025-W13
adj_close.csv,ARIMA,XLY,0.005838,0.008602,0.005851,0.004619,0.00657,0.004605,"ARIMA(1, 0, 0)",-0.01501376,-9.35e-06,0.00013401,0.0,2025-W14
adj_close.csv,ARIMA,XLY,0.005838,0.008602,0.005851,0.004619,0.00657,0.004605,"ARIMA(1, 0, 0)",0.00744228,0.00105031,-0.01501376,0.0,2025-W15
adj_close.csv,ARIMA,XLY,0.005838,0.008602,0.005851,0.004619,0.00657,0.004605,"ARIMA(1, 0, 0)",-0.00575842,-0.00059095,0.00744228,0.0,2025-W16
adj_close.csv,ARIMA,XLY,0.005838,0.008602,0.005851,0.004619,0.00657,0.004605,"ARIMA(1, 0, 0)",0.01274583,0.00047893,-0.00575842,0.0,2025-W17
adj_close.csv,ARIMA,XLY,0.005838,0.008602,0.005851,0.004619,0.00657,0.004605,"ARIMA(1, 0, 0)",0.00383943,-0.00114796,0.01274583,0.0,2025-W18
adj_close.csv,ARIMA,XLY,0.005838,0.008602,0.005851,0.004619,0.00657,0.004605,"ARIMA(1, 0, 0)",0.00097069,-0.00032235,0.00383943,0.0,2025-W19
adj_close.csv,ARIMA,XLY,0.005838,0.008602,0.005851,0.004619,0.00657,0.004605,"ARIMA(1, 0, 0)",0.01453696,-8.103e-05,0.00097069,0.0,2025-W20
adj_close.csv,ARIMA,XLY,0.005838,0.008602,0.005851,0.004619,0.00657,0.004605,"ARIMA(1, 0, 0)",-0.00655645,-0.00119377,0.01453696,0.0,2025-W21
adj_close.csv,ARIMA,XLY,0.005838,0.008602,0.005851,0.004619,0.00657,0.004605,"ARIMA(1, 0, 0)",0.00371077,0.00058648,-0.00655645,0.0,2025-W22
adj_close.csv,ARIMA,XLY,0.005838,0.008602,0.005851,0.004619,0.00657,0.004605,"ARIMA(1, 0, 0)",-0.00153065,-0.00033905,0.00371077,0.0,2025-W23
adj_close.csv,ARIMA,XLY,0.005838,0.008602,0.005851,0.004619,0.00657,0.004605,"ARIMA(1, 0, 0)",-0.00040574,0.00014049,-0.00153065,0.0,2025-W24
adj_close.csv,ARIMA,XLY,0.005838,0.008602,0.005851,0.004619,0.00657,0.004605,"ARIMA(1, 0, 0)",-0.00125468,3.721e-05,-0.00040574,0.0,2025-W25
adj_close.csv,ARIMA,XLY,0.005838,0.008602,0.005851,0.004619,0.00657,0.004605,"ARIMA(1, 0, 0)",0.00779628,0.000115,-0.00125468,0.0,2025-W26
adj_close.csv,ARIMA,XLY,0.005838,0.008602,0.005851,0.004619,0.00657,0.004605,"ARIMA(1, 0, 0)",0.00297866,-0.00072159,0.00779628,0.0,2025-W27
adj_close.csv,ARIMA,XLY,0.005838,0.008602,0.005851,0.004619,0.00657,0.004605,"ARIMA(1, 0, 0)",0.00019881,-0.0002677,0.00297866,0.0,2025-W28
adj_close.csv,ARIMA,XLY,0.005838,0.008602,0.005851,0.004619,0.00657,0.004605,"ARIMA(1, 0, 0)",0.00066728,-1.784e-05,0.00019881,0.0,2025-W29
adj_close.csv,ARIMA,XLY,0.005838,0.008602,0.005851,0.004619,0.00657,0.004605,"ARIMA(1, 0, 0)",0.0024159,-5.988e-05,0.00066728,0.0,2025-W30
adj_close.csv,ARIMA,XLY,0.005838,0.008602,0.005851,0.004619,0.00657,0.004605,"ARIMA(1, 0, 0)",-0.0079655,-0.00021641,0.0024159,0.0,2025-W31
adj_close.csv,ARIMA,XLY,0.005838,0.008602,0.005851,0.004619,0.00657,0.004605,"ARIMA(1, 0, 0)",0.0069937,0.00072739,-0.0079655,0.0,2025-W32
adj_close.csv,ARIMA,XLY,0.005838,0.008602,0.005851,0.004619,0.00657,0.004605,"ARIMA(1, 0, 0)",0.00464665,-0.00067086,0.0069937,0.0,2025-W33
adj_close.csv,ARIMA,XLY,0.005838,0.008602,0.005851,0.004619,0.00657,0.004605,"ARIMA(1, 0, 0)",0.00351419,-0.00042985,0.00464665,0.0,2025-W34
adj_close.csv,ARIMA,XLY,0.005838,0.008602,0.005851,0.004619,0.00657,0.004605,"ARIMA(1, 0, 0)",-0.00117031,-0.00031918,0.00351419,0.0,2025-W35
adj_close.csv,ARIMA,XLY,0.005838,0.008602,0.005851,0.004619,0.00657,0.004605,"ARIMA(1, 0, 0)",0.00360935,0.00010662,-0.00117031,0.0,2025-W36
adj_close.csv,ARIMA,XLY,0.005838,0.008602,0.005851,0.004619,0.00657,0.004605,"ARIMA(1, 0, 0)",0.00297216,-0.00033017,0.00360935,0.0,2025-W37
adj_close.csv,ARIMA,XLY,0.005838,0.008602,0.005851,0.004619,0.00657,0.004605,"ARIMA(1, 0, 0)",0.00229993,-0.00026864,0.00297216,0.0,2025-W38
adj_close.csv,ARIMA,XLY,0.005838,0.008602,0.005851,0.004619,0.00657,0.004605,"ARIMA(1, 0, 0)",-0.00104435,-0.00020628,0.00229993,0.0,2025-W39
adj_close.csv,ARIMA,XLY,0.005838,0.008602,0.005851,0.004619,0.00657,0.004605,"ARIMA(1, 0, 0)",-0.00154953,9.385e-05,-0.00104435,0.0,2025-W40
adj_close.csv,ARIMA,XLY,0.005838,0.008602,0.005851,0.004619,0.00657,0.004605,"ARIMA(1, 0, 0)",-0.00781051,0.000139,-0.00154953,0.0,2025-W41
adj_close.csv,ARIMA,XLY,0.005838,0.008602,0.005851,0.004619,0.00657,0.004605,"ARIMA(1, 0, 0)",0.00489693,0.00069187,-0.00781051,0.0,2025-W42
adj_close.csv,ARIMA,XLY,0.005838,0.008602,0.005851,0.004619,0.00657,0.004605,"ARIMA(1, 0, 0)",0.00274534,-0.00044839,0.00489693,0.0,2025-W43
adj_close.csv,ARIMA,XLY,0.005838,0.008602,0.005851,0.004619,0.00657,0.004605,"ARIMA(1, 0, 0)",0.00190122,-0.00024749,0.00274534,0.0,2025-W44
adj_close.csv,ARIMA,XLY,0.005838,0.008602,0.005851,0.004619,0.00657,0.004605,"ARIMA(1, 0, 0)",-0.00342175,-0.00017037,0.00190122,0.0,2025-W45
adj_close.csv,ARIMA,XLY,0.005838,0.008602,0.005851,0.004619,0.00657,0.004605,"ARIMA(1, 0, 0)",-0.0042594,0.00030855,-0.00342175,0.0,2025-W46
adj_close.csv,ARIMA,XLY,0.005838,0.008602,0.005851,0.004619,0.00657,0.004605,"ARIMA(1, 0, 0)",-0.00472426,0.00037806,-0.0042594,0.0,2025-W47
adj_close.csv,ARIMA,XLY,0.005838,0.008602,0.005851,0.004619,0.00657,0.004605,"ARIMA(1, 0, 0)",0.01186474,0.00041005,-0.00472426,0.0,2025-W48
adj_close.csv,ARIMA,XLY,0.005838,0.008602,0.005851,0.004619,0.00657,0.004605,"ARIMA(1, 0, 0)",0.00252146,-0.00108768,0.01186474,0.0,2025-W49
adj_close.csv,ARIMA,XLY,0.005838,0.008602,0.005851,0.004619,0.00657,0.004605,"ARIMA(1, 0, 0)",0.00161377,-0.00022154,0.00252146,0.0,2025-W50
adj_close.csv,ARIMA,XLY,0.005838,0.008602,0.005851,0.004619,0.00657,0.004605,"ARIMA(1, 0, 0)",0.00189653,-0.00014113,0.00161377,0.0,2025-W51
adj_close.csv,ARIMA,XLY,0.005838,0.008602,0.005851,0.004619,0.00657,0.004605,"ARIMA(1, 0, 0)",0.00090497,-0.0001653,0.00189653,0.0,2025-W52
adj_close.csv,ARIMA,XLY,0.005838,0.008602,0.005851,0.004619,0.00657,0.004605,"ARIMA(1, 0, 0)",-0.00769612,-7.871e-05,0.00090497,0.0,2026-W01
adj_close.csv,ARIMA,XLY,0.005838,0.008602,0.005851,0.004619,0.00657,0.004605,"ARIMA(1, 0, 0)",0.00998725,0.00067412,-0.00769612,0.0,2026-W02
adj_close.csv,ARIMA,XLY,0.005838,0.008602,0.005851,0.004619,0.00657,0.004605,"ARIMA(1, 0, 0)",-0.0034211,-0.00093808,0.00998725,0.0,2026-W03
adj_close.csv,ARIMA,XLY,0.005838,0.008602,0.005851,0.004619,0.00657,0.004605,"ARIMA(1, 0, 0)",0.0016909,0.00032877,-0.0034211,0.0,2026-W04
adj_close.csv,ARIMA,XLY,0.005838,0.008602,0.005851,0.004619,0.00657,0.004605,"ARIMA(1, 0, 0)",-0.00320924,-0.00016319,0.0016909,0.0,2026-W05
adj_close.csv,ARIMA,XLY,0.005838,0.008602,0.005851,0.004619,0.00657,0.004605,"ARIMA(1, 0, 0)",0.00658062,0.00031117,-0.00320924,0.0,2026-W06
