Archivo,Metodo,Target,RMSE,RMSE_baseline,RMSE_zeros,MAE,MAE_baseline,MAE_zeros,Alpha,Valor_Real,Prediccion,Valor_Baseline,Valor_Zeros,Fecha_Semana
adj_close.csv,ARIMA,AGG,0.0002922,0.00124226,0.00054995,0.0002922,0.00124226,0.00054995,"ARIMA(2, 0, 0)",0.00054995,0.00025775,-0.00069231,0.0,2024-W30
adj_close.csv,ARIMA,AGG,0.00476783,0.00411194,0.0046619,0.00476783,0.00411194,0.0046619,"ARIMA(2, 0, 0)",0.0046619,-0.00010594,0.00054995,0.0,2024-W31
adj_close.csv,ARIMA,AGG,0.00171815,0.00622284,0.00156095,0.00171815,0.00622284,0.00156095,"ARIMA(2, 0, 0)",-0.00156095,0.0001572,0.0046619,0.0,2024-W32
adj_close.csv,ARIMA,AGG,0.00042716,0.00270282,0.00114188,0.00042716,0.00270282,0.00114188,"ARIMA(2, 0, 0)",0.00114188,0.00071472,-0.00156095,0.0,2024-W33
adj_close.csv,ARIMA,AGG,0.00153971,0.00015237,0.00129425,0.00153971,0.00015237,0.00129425,"ARIMA(2, 0, 0)",0.00129425,-0.00024547,0.00114188,0.0,2024-W34
adj_close.csv,ARIMA,AGG,0.00121338,0.00232896,0.00103471,0.00121338,0.00232896,0.00103471,"ARIMA(2, 0, 0)",-0.00103471,0.00017867,0.00129425,0.0,2024-W35
adj_close.csv,ARIMA,AGG,0.00291792,0.00414718,0.00311247,0.00291792,0.00414718,0.00311247,"ARIMA(2, 0, 0)",0.00311247,0.00019455,-0.00103471,0.0,2024-W36
adj_close.csv,ARIMA,AGG,0.00126237,0.00202835,0.00108412,0.00126237,0.00202835,0.00108412,"ARIMA(2, 0, 0)",0.00108412,-0.00017826,0.00311247,0.0,2024-W37
adj_close.csv,ARIMA,AGG,0.00099588,0.00159585,0.00051173,0.00099588,0.00159585,0.00051173,"ARIMA(2, 0, 0)",-0.00051173,0.00048415,0.00108412,0.0,2024-W38
adj_close.csv,ARIMA,AGG,0.00012287,0.0005511,3.936e-05,0.00012287,0.0005511,3.936e-05,"ARIMA(2, 0, 0)",3.936e-05,0.00016223,-0.00051173,0.0,2024-W39
adj_close.csv,ARIMA,AGG,0.00237404,0.00248983,0.00245047,0.00237404,0.00248983,0.00245047,"ARIMA(2, 0, 0)",-0.00245047,-7.644e-05,3.936e-05,0.0,2024-W40
adj_close.csv,ARIMA,AGG,0.00092884,0.00152794,0.00092253,0.00092884,0.00152794,0.00092253,"ARIMA(2, 0, 0)",-0.00092253,6.31e-06,-0.00245047,0.0,2024-W41
adj_close.csv,ARIMA,AGG,0.00041469,0.00096276,4.023e-05,0.00041469,0.00096276,4.023e-05,"ARIMA(2, 0, 0)",4.023e-05,-0.00037446,-0.00092253,0.0,2024-W42
adj_close.csv,ARIMA,AGG,0.00173983,0.00191801,0.00187778,0.00173983,0.00191801,0.00187778,"ARIMA(2, 0, 0)",-0.00187778,-0.00013795,4.023e-05,0.0,2024-W43
adj_close.csv,ARIMA,AGG,0.0011423,0.00073602,0.00114176,0.0011423,0.00073602,0.00114176,"ARIMA(2, 0, 0)",-0.00114176,5.4e-07,-0.00187778,0.0,2024-W44
adj_close.csv,ARIMA,AGG,0.00188363,0.00273182,0.00159006,0.00188363,0.00273182,0.00159006,"ARIMA(2, 0, 0)",0.00159006,-0.00029356,-0.00114176,0.0,2024-W45
adj_close.csv,ARIMA,AGG,0.00155057,0.00330296,0.0017129,0.00155057,0.00330296,0.0017129,"ARIMA(2, 0, 0)",-0.0017129,-0.00016233,0.00159006,0.0,2024-W46
adj_close.csv,ARIMA,AGG,6.749e-05,0.00201986,0.00030696,6.749e-05,0.00201986,0.00030696,"ARIMA(2, 0, 0)",0.00030696,0.00023947,-0.0017129,0.0,2024-W47
adj_close.csv,ARIMA,AGG,0.00378434,0.00322083,0.00352779,0.00378434,0.00322083,0.00352779,"ARIMA(2, 0, 0)",0.00352779,-0.00025655,0.00030696,0.0,2024-W48
adj_close.csv,ARIMA,AGG,0.00084734,0.00263585,0.00089194,0.00084734,0.00263585,0.00089194,"ARIMA(2, 0, 0)",0.00089194,4.46e-05,0.00352779,0.0,2024-W49
adj_close.csv,ARIMA,AGG,0.00335521,0.0037513,0.00285936,0.00335521,0.0037513,0.00285936,"ARIMA(2, 0, 0)",-0.00285936,0.00049585,0.00089194,0.0,2024-W50
adj_close.csv,ARIMA,AGG,0.00142964,0.00153475,0.00132461,0.00142964,0.00153475,0.00132461,"ARIMA(2, 0, 0)",-0.00132461,0.00010503,-0.00285936,0.0,2024-W51
adj_close.csv,ARIMA,AGG,0.00048001,0.00049819,0.00082642,0.00048001,0.00049819,0.00082642,"ARIMA(2, 0, 0)",-0.00082642,-0.00034641,-0.00132461,0.0,2024-W52
adj_close.csv,ARIMA,AGG,0.00060516,0.0012658,0.00043938,0.00060516,0.0012658,0.00043938,"ARIMA(2, 0, 0)",0.00043938,-0.00016578,-0.00082642,0.0,2025-W01
adj_close.csv,ARIMA,AGG,0.00216202,0.00269619,0.00225681,0.00216202,0.00269619,0.00225681,"ARIMA(2, 0, 0)",-0.00225681,-9.48e-05,0.00043938,0.0,2025-W02
adj_close.csv,ARIMA,AGG,0.00199258,0.0042894,0.00203258,0.00199258,0.0042894,0.00203258,"ARIMA(2, 0, 0)",0.00203258,4e-05,-0.00225681,0.0,2025-W03
adj_close.csv,ARIMA,AGG,0.00051221,0.00180057,0.00023201,0.00051221,0.00180057,0.00023201,"ARIMA(2, 0, 0)",0.00023201,-0.0002802,0.00203258,0.0,2025-W04
adj_close.csv,ARIMA,AGG,0.00055605,0.00057045,0.00080246,0.00055605,0.00057045,0.00080246,"ARIMA(2, 0, 0)",0.00080246,0.00024641,0.00023201,0.0,2025-W05
adj_close.csv,ARIMA,AGG,0.00075644,1.702e-05,0.00078545,0.00075644,1.702e-05,0.00078545,"ARIMA(2, 0, 0)",0.00078545,2.901e-05,0.00080246,0.0,2025-W06
adj_close.csv,ARIMA,AGG,0.0003918,0.00029352,0.00049193,0.0003918,0.00029352,0.00049193,"ARIMA(2, 0, 0)",0.00049193,0.00010013,0.00078545,0.0,2025-W07
adj_close.csv,ARIMA,AGG,0.00071925,0.00032553,0.00081745,0.00071925,0.00032553,0.00081745,"ARIMA(2, 0, 0)",0.00081745,9.82e-05,0.00049193,0.0,2025-W08
adj_close.csv,ARIMA,AGG,0.00243066,0.00167665,0.0024941,0.00243066,0.00167665,0.0024941,"ARIMA(2, 0, 0)",0.0024941,6.344e-05,0.00081745,0.0,2025-W09
adj_close.csv,ARIMA,AGG,0.00132613,0.00370246,0.00120836,0.00132613,0.00370246,0.00120836,"ARIMA(2, 0, 0)",-0.00120836,0.00011777,0.0024941,0.0,2025-W10
adj_close.csv,ARIMA,AGG,0.00045306,0.00106595,0.00014241,0.00045306,0.00106595,0.00014241,"ARIMA(2, 0, 0)",-0.00014241,0.00031065,-0.00120836,0.0,2025-W11
adj_close.csv,ARIMA,AGG,0.00108285,0.00107635,0.00093394,0.00108285,0.00107635,0.00093394,"ARIMA(2, 0, 0)",0.00093394,-0.00014892,-0.00014241,0.0,2025-W12
adj_close.csv,ARIMA,AGG,4.11e-06,0.00095417,2.023e-05,4.11e-06,0.00095417,2.023e-05,"ARIMA(2, 0, 0)",-2.023e-05,-1.613e-05,0.00093394,0.0,2025-W13
adj_close.csv,ARIMA,AGG,0.00201848,0.00215173,0.0021315,0.00201848,0.00215173,0.0021315,"ARIMA(2, 0, 0)",0.0021315,0.00011302,-2.023e-05,0.0,2025-W14
adj_close.csv,ARIMA,AGG,0.00492635,0.00705797,0.00492647,0.00492635,0.00705797,0.00492647,"ARIMA(2, 0, 0)",-0.00492647,-1.2e-07,0.0021315,0.0,2025-W15
adj_close.csv,ARIMA,AGG,0.0017899,0.00705573,0.00212925,0.0017899,0.00705573,0.00212925,"ARIMA(2, 0, 0)",0.00212925,0.00033935,-0.00492647,0.0,2025-W16
adj_close.csv,ARIMA,AGG,0.00218587,0.00064305,0.0014862,0.00218587,0.00064305,0.0014862,"ARIMA(2, 0, 0)",0.0014862,-0.00069966,0.00212925,0.0,2025-W17
adj_close.csv,ARIMA,AGG,0.00088365,0.00215963,0.00067342,0.00088365,0.00215963,0.00067342,"ARIMA(2, 0, 0)",-0.00067342,0.00021022,0.0014862,0.0,2025-W18
adj_close.csv,ARIMA,AGG,0.0005696,0.0002851,0.00038832,0.0005696,0.0002851,0.00038832,"ARIMA(2, 0, 0)",-0.00038832,0.00018128,-0.00067342,0.0,2025-W19
adj_close.csv,ARIMA,AGG,0.0001397,0.00018366,0.00020466,0.0001397,0.00018366,0.00020466,"ARIMA(2, 0, 0)",-0.00020466,-6.496e-05,-0.00038832,0.0,2025-W20
adj_close.csv,ARIMA,AGG,0.00082401,0.00065733,0.00086199,0.00082401,0.00065733,0.00086199,"ARIMA(2, 0, 0)",-0.00086199,-3.798e-05,-0.00020466,0.0,2025-W21
adj_close.csv,ARIMA,AGG,0.00220412,0.00306331,0.00220132,0.00220412,0.00306331,0.00220132,"ARIMA(2, 0, 0)",0.00220132,-2.8e-06,-0.00086199,0.0,2025-W22
adj_close.csv,ARIMA,AGG,0.00086774,0.00322056,0.00101924,0.00086774,0.00322056,0.00101924,"ARIMA(2, 0, 0)",-0.00101924,-0.0001515,0.00220132,0.0,2025-W23
adj_close.csv,ARIMA,AGG,0.00112008,0.00241241,0.00139318,0.00112008,0.00241241,0.00139318,"ARIMA(2, 0, 0)",0.00139318,0.0002731,-0.00101924,0.0,2025-W24
adj_close.csv,ARIMA,AGG,0.00082124,0.00073051,0.00066266,0.00082124,0.00073051,0.00066266,"ARIMA(2, 0, 0)",0.00066266,-0.00015858,0.00139318,0.0,2025-W25
adj_close.csv,ARIMA,AGG,0.00103873,0.00051488,0.00117754,0.00103873,0.00051488,0.00117754,"ARIMA(2, 0, 0)",0.00117754,0.00013881,0.00066266,0.0,2025-W26
adj_close.csv,ARIMA,AGG,7.531e-05,0.00120874,3.119e-05,7.531e-05,0.00120874,3.119e-05,"ARIMA(2, 0, 0)",-3.119e-05,4.411e-05,0.00117754,0.0,2025-W27
adj_close.csv,ARIMA,AGG,0.00099145,0.00082367,0.00085486,0.00099145,0.00082367,0.00085486,"ARIMA(2, 0, 0)",-0.00085486,0.00013659,-3.119e-05,0.0,2025-W28
adj_close.csv,ARIMA,AGG,0.00010231,0.00097721,0.00012235,0.00010231,0.00097721,0.00012235,"ARIMA(2, 0, 0)",0.00012235,2.004e-05,-0.00085486,0.0,2025-W29
adj_close.csv,ARIMA,AGG,0.00079236,0.00056953,0.00069188,0.00079236,0.00056953,0.00069188,"ARIMA(2, 0, 0)",0.00069188,-0.00010047,0.00012235,0.0,2025-W30
adj_close.csv,ARIMA,AGG,0.00207252,0.00137531,0.00206719,0.00207252,0.00137531,0.00206719,"ARIMA(2, 0, 0)",0.00206719,-5.32e-06,0.00069188,0.0,2025-W31
adj_close.csv,ARIMA,AGG,0.00042934,0.00247106,0.00040387,0.00042934,0.00247106,0.00040387,"ARIMA(2, 0, 0)",-0.00040387,2.547e-05,0.00206719,0.0,2025-W32
adj_close.csv,ARIMA,AGG,0.00024349,0.00040387,0.0,0.00024349,0.00040387,0.0,"ARIMA(2, 0, 0)",0.0,0.00024349,-0.00040387,0.0,2025-W33
adj_close.csv,ARIMA,AGG,0.00097285,0.00092769,0.00092769,0.00097285,0.00092769,0.00092769,"ARIMA(2, 0, 0)",0.00092769,-4.517e-05,0.0,0.0,2025-W34
adj_close.csv,ARIMA,AGG,0.00014548,0.00080698,0.00012071,0.00014548,0.00080698,0.00012071,"ARIMA(2, 0, 0)",0.00012071,-2.477e-05,0.00092769,0.0,2025-W35
adj_close.csv,ARIMA,AGG,0.0023268,0.00230612,0.00242683,0.0023268,0.00230612,0.00242683,"ARIMA(2, 0, 0)",0.00242683,0.00010003,0.00012071,0.0,2025-W36
adj_close.csv,ARIMA,AGG,0.00092646,0.00154967,0.00087716,0.00092646,0.00154967,0.00087716,"ARIMA(2, 0, 0)",0.00087716,-4.93e-05,0.00242683,0.0,2025-W37
adj_close.csv,ARIMA,AGG,0.00075616,0.00137507,0.00049791,0.00075616,0.00137507,0.00049791,"ARIMA(2, 0, 0)",-0.00049791,0.00025824,0.00087716,0.0,2025-W38
adj_close.csv,ARIMA,AGG,0.0005493,5.871e-05,0.00043921,0.0005493,5.871e-05,0.00043921,"ARIMA(2, 0, 0)",-0.00043921,0.0001101,-0.00049791,0.0,2025-W39
adj_close.csv,ARIMA,AGG,0.00091431,0.00130837,0.00086916,0.00091431,0.00130837,0.00086916,"ARIMA(2, 0, 0)",0.00086916,-4.515e-05,-0.00043921,0.0,2025-W40
adj_close.csv,ARIMA,AGG,0.00056797,0.00037067,0.00049849,0.00056797,0.00037067,0.00049849,"ARIMA(2, 0, 0)",0.00049849,-6.948e-05,0.00086916,0.0,2025-W41
adj_close.csv,ARIMA,AGG,0.00096839,0.00055417,0.00105266,0.00096839,0.00055417,0.00105266,"ARIMA(2, 0, 0)",0.00105266,8.427e-05,0.00049849,0.0,2025-W42
adj_close.csv,ARIMA,AGG,0.00032446,0.00069639,0.00035627,0.00032446,0.00069639,0.00035627,"ARIMA(2, 0, 0)",0.00035627,3.181e-05,0.00105266,0.0,2025-W43
adj_close.csv,ARIMA,AGG,0.00129981,0.00154628,0.00119001,0.00129981,0.00154628,0.00119001,"ARIMA(2, 0, 0)",-0.00119001,0.0001098,0.00035627,0.0,2025-W44
adj_close.csv,ARIMA,AGG,9.223e-05,0.00116406,2.595e-05,9.223e-05,0.00116406,2.595e-05,"ARIMA(2, 0, 0)",-2.595e-05,6.628e-05,-0.00119001,0.0,2025-W45
adj_close.csv,ARIMA,AGG,0.00026952,0.00037364,0.00039959,0.00026952,0.00037364,0.00039959,"ARIMA(2, 0, 0)",-0.00039959,-0.00013007,-2.595e-05,0.0,2025-W46
adj_close.csv,ARIMA,AGG,0.00087187,0.00127765,0.00087806,0.00087187,0.00127765,0.00087806,"ARIMA(2, 0, 0)",0.00087806,6.19e-06,-0.00039959,0.0,2025-W47
adj_close.csv,ARIMA,AGG,0.0010084,6.6e-05,0.00094405,0.0010084,6.6e-05,0.00094405,"ARIMA(2, 0, 0)",0.00094405,-6.435e-05,0.00087806,0.0,2025-W48
adj_close.csv,ARIMA,AGG,0.00100119,0.00186962,0.00092556,0.00100119,0.00186962,0.00092556,"ARIMA(2, 0, 0)",-0.00092556,7.562e-05,0.00094405,0.0,2025-W49
adj_close.csv,ARIMA,AGG,0.00056422,0.00048521,0.00044035,0.00056422,0.00048521,0.00044035,"ARIMA(2, 0, 0)",-0.00044035,0.00012386,-0.00092556,0.0,2025-W50
adj_close.csv,ARIMA,AGG,0.00081679,0.00116743,0.00072708,0.00081679,0.00116743,0.00072708,"ARIMA(2, 0, 0)",0.00072708,-8.972e-05,-0.00044035,0.0,2025-W51
adj_close.csv,ARIMA,AGG,0.00056403,0.00022676,0.00050031,0.00056403,0.00022676,0.00050031,"ARIMA(2, 0, 0)",0.00050031,-6.372e-05,0.00072708,0.0,2025-W52
adj_close.csv,ARIMA,AGG,0.00054125,0.00097558,0.00047527,0.00054125,0.00097558,0.00047527,"ARIMA(2, 0, 0)",-0.00047527,6.598e-05,0.00050031,0.0,2026-W01
adj_close.csv,ARIMA,AGG,0.00055622,0.00109525,0.00061998,0.00055622,0.00109525,0.00061998,"ARIMA(2, 0, 0)",0.00061998,6.376e-05,-0.00047527,0.0,2026-W02
adj_close.csv,ARIMA,AGG,0.00015493,0.00083975,0.00021977,0.00015493,0.00083975,0.00021977,"ARIMA(2, 0, 0)",-0.00021977,-6.484e-05,0.00061998,0.0,2026-W03
adj_close.csv,ARIMA,AGG,7.891e-05,0.00036964,0.00014987,7.891e-05,0.00036964,0.00014987,"ARIMA(2, 0, 0)",0.00014987,7.096e-05,-0.00021977,0.0,2026-W04
adj_close.csv,ARIMA,AGG,6.68e-05,0.00010993,3.995e-05,6.68e-05,0.00010993,3.995e-05,"ARIMA(2, 0, 0)",3.995e-05,-2.686e-05,0.00014987,0.0,2026-W05
adj_close.csv,ARIMA,AGG,0.0044189,0.00444386,0.00440392,0.0044189,0.00444386,0.00440392,"ARIMA(2, 0, 0)",-0.00440392,1.498e-05,3.995e-05,0.0,2026-W06
adj_close.csv,ARIMA,BND,0.00034787,0.00131796,0.00060416,0.00034787,0.00131796,0.00060416,"ARIMA(2, 0, 0)",0.00060416,0.00025629,-0.0007138,0.0,2024-W30
adj_close.csv,ARIMA,BND,0.00471465,0.00399674,0.0046009,0.00471465,0.00399674,0.0046009,"ARIMA(2, 0, 0)",0.0046009,-0.00011375,0.00060416,0.0,2024-W31
adj_close.csv,ARIMA,BND,0.00165991,0.00611176,0.00151086,0.00165991,0.00611176,0.00151086,"ARIMA(2, 0, 0)",-0.00151086,0.00014905,0.0046009,0.0,2024-W32
adj_close.csv,ARIMA,BND,0.00035638,0.00259121,0.00108034,0.00035638,0.00259121,0.00108034,"ARIMA(2, 0, 0)",0.00108034,0.00072396,-0.00151086,0.0,2024-W33
adj_close.csv,ARIMA,BND,0.00158673,0.00026195,0.00134229,0.00158673,0.00026195,0.00134229,"ARIMA(2, 0, 0)",0.00134229,-0.00024444,0.00108034,0.0,2024-W34
adj_close.csv,ARIMA,BND,0.00121396,0.0023885,0.00104621,0.00121396,0.0023885,0.00104621,"ARIMA(2, 0, 0)",-0.00104621,0.00016775,0.00134229,0.0,2024-W35
adj_close.csv,ARIMA,BND,0.00286165,0.00411632,0.00307011,0.00286165,0.00411632,0.00307011,"ARIMA(2, 0, 0)",0.00307011,0.00020846,-0.00104621,0.0,2024-W36
adj_close.csv,ARIMA,BND,0.00122912,0.00203349,0.00103663,0.00122912,0.00203349,0.00103663,"ARIMA(2, 0, 0)",0.00103663,-0.0001925,0.00307011,0.0,2024-W37
adj_close.csv,ARIMA,BND,0.00085352,0.00140814,0.00037151,0.00085352,0.00140814,0.00037151,"ARIMA(2, 0, 0)",-0.00037151,0.000482,0.00103663,0.0,2024-W38
adj_close.csv,ARIMA,BND,0.00021297,0.00031835,5.316e-05,0.00021297,0.00031835,5.316e-05,"ARIMA(2, 0, 0)",-5.316e-05,0.00015982,-0.00037151,0.0,2024-W39
adj_close.csv,ARIMA,BND,0.00237898,0.00238236,0.00243552,0.00237898,0.00238236,0.00243552,"ARIMA(2, 0, 0)",-0.00243552,-5.654e-05,-5.316e-05,0.0,2024-W40
adj_close.csv,ARIMA,BND,0.00089089,0.00154342,0.0008921,0.00089089,0.00154342,0.0008921,"ARIMA(2, 0, 0)",-0.0008921,-1.21e-06,-0.00243552,0.0,2024-W41
adj_close.csv,ARIMA,BND,0.00043066,0.00094628,5.418e-05,0.00043066,0.00094628,5.418e-05,"ARIMA(2, 0, 0)",5.418e-05,-0.00037648,-0.0008921,0.0,2024-W42
adj_close.csv,ARIMA,BND,0.00171436,0.00190454,0.00185036,0.00171436,0.00190454,0.00185036,"ARIMA(2, 0, 0)",-0.00185036,-0.000136,5.418e-05,0.0,2024-W43
adj_close.csv,ARIMA,BND,0.00108518,0.00077347,0.00107689,0.00108518,0.00077347,0.00107689,"ARIMA(2, 0, 0)",-0.00107689,8.29e-06,-0.00185036,0.0,2024-W44
adj_close.csv,ARIMA,BND,0.00180121,0.00258755,0.00151066,0.00180121,0.00258755,0.00151066,"ARIMA(2, 0, 0)",0.00151066,-0.00029054,-0.00107689,0.0,2024-W45
adj_close.csv,ARIMA,BND,0.0015157,0.00318686,0.00167619,0.0015157,0.00318686,0.00167619,"ARIMA(2, 0, 0)",-0.00167619,-0.0001605,0.00151066,0.0,2024-W46
adj_close.csv,ARIMA,BND,6.733e-05,0.0019795,0.0003033,6.733e-05,0.0019795,0.0003033,"ARIMA(2, 0, 0)",0.0003033,0.00023597,-0.00167619,0.0,2024-W47
adj_close.csv,ARIMA,BND,0.00371084,0.00315114,0.00345445,0.00371084,0.00315114,0.00345445,"ARIMA(2, 0, 0)",0.00345445,-0.0002564,0.0003033,0.0,2024-W48
adj_close.csv,ARIMA,BND,0.00086967,0.00254883,0.00090562,0.00086967,0.00254883,0.00090562,"ARIMA(2, 0, 0)",0.00090562,3.595e-05,0.00345445,0.0,2024-W49
adj_close.csv,ARIMA,BND,0.00333612,0.00374764,0.00284202,0.00333612,0.00374764,0.00284202,"ARIMA(2, 0, 0)",-0.00284202,0.0004941,0.00090562,0.0,2024-W50
adj_close.csv,ARIMA,BND,0.00138736,0.00157204,0.00126998,0.00138736,0.00157204,0.00126998,"ARIMA(2, 0, 0)",-0.00126998,0.00011738,-0.00284202,0.0,2024-W51
adj_close.csv,ARIMA,BND,0.00043704,0.00048288,0.0007871,0.00043704,0.00048288,0.0007871,"ARIMA(2, 0, 0)",-0.0007871,-0.00035006,-0.00126998,0.0,2024-W52
adj_close.csv,ARIMA,BND,0.00050881,0.00113524,0.00034814,0.00050881,0.00113524,0.00034814,"ARIMA(2, 0, 0)",0.00034814,-0.00016067,-0.0007871,0.0,2025-W01
adj_close.csv,ARIMA,BND,0.002037,0.00247966,0.00213152,0.002037,0.00247966,0.00213152,"ARIMA(2, 0, 0)",-0.00213152,-9.453e-05,0.00034814,0.0,2025-W02
adj_close.csv,ARIMA,BND,0.00194744,0.00411491,0.00198338,0.00194744,0.00411491,0.00198338,"ARIMA(2, 0, 0)",0.00198338,3.595e-05,-0.00213152,0.0,2025-W03
adj_close.csv,ARIMA,BND,0.00058725,0.00167087,0.00031252,0.00058725,0.00167087,0.00031252,"ARIMA(2, 0, 0)",0.00031252,-0.00027473,0.00198338,0.0,2025-W04
adj_close.csv,ARIMA,BND,0.00058588,0.00051865,0.00083117,0.00058588,0.00051865,0.00083117,"ARIMA(2, 0, 0)",0.00083117,0.00024529,0.00031252,0.0,2025-W05
adj_close.csv,ARIMA,BND,0.00061234,0.0001804,0.00065076,0.00061234,0.0001804,0.00065076,"ARIMA(2, 0, 0)",0.00065076,3.842e-05,0.00083117,0.0,2025-W06
adj_close.csv,ARIMA,BND,0.00042001,0.00012614,0.00052463,0.00042001,0.00012614,0.00052463,"ARIMA(2, 0, 0)",0.00052463,0.00010462,0.00065076,0.0,2025-W07
adj_close.csv,ARIMA,BND,0.00074333,0.00030121,0.00082583,0.00074333,0.00030121,0.00082583,"ARIMA(2, 0, 0)",0.00082583,8.25e-05,0.00052463,0.0,2025-W08
adj_close.csv,ARIMA,BND,0.00236376,0.00160545,0.00243128,0.00236376,0.00160545,0.00243128,"ARIMA(2, 0, 0)",0.00243128,6.752e-05,0.00082583,0.0,2025-W09
adj_close.csv,ARIMA,BND,0.00132109,0.00363589,0.00120461,0.00132109,0.00363589,0.00120461,"ARIMA(2, 0, 0)",-0.00120461,0.00011648,0.00243128,0.0,2025-W10
adj_close.csv,ARIMA,BND,0.00044871,0.00106759,0.00013702,0.00044871,0.00106759,0.00013702,"ARIMA(2, 0, 0)",-0.00013702,0.00031168,-0.00120461,0.0,2025-W11
adj_close.csv,ARIMA,BND,0.00116349,0.00114887,0.00101185,0.00116349,0.00114887,0.00101185,"ARIMA(2, 0, 0)",0.00101185,-0.00015164,-0.00013702,0.0,2025-W12
adj_close.csv,ARIMA,BND,1.749e-05,0.00101185,0.0,1.749e-05,0.00101185,0.0,"ARIMA(2, 0, 0)",0.0,-1.749e-05,0.00101185,0.0,2025-W13
adj_close.csv,ARIMA,BND,0.00188864,0.00201381,0.00201381,0.00188864,0.00201381,0.00201381,"ARIMA(2, 0, 0)",0.00201381,0.00012517,0.0,0.0,2025-W14
adj_close.csv,ARIMA,BND,0.00493617,0.00695099,0.00493718,0.00493617,0.00695099,0.00493718,"ARIMA(2, 0, 0)",-0.00493718,-1.01e-06,0.00201381,0.0,2025-W15
adj_close.csv,ARIMA,BND,0.00184251,0.00711457,0.00217739,0.00184251,0.00711457,0.00217739,"ARIMA(2, 0, 0)",0.00217739,0.00033488,-0.00493718,0.0,2025-W16
adj_close.csv,ARIMA,BND,0.00217172,0.00072362,0.00145377,0.00217172,0.00072362,0.00145377,"ARIMA(2, 0, 0)",0.00145377,-0.00071796,0.00217739,0.0,2025-W17
adj_close.csv,ARIMA,BND,0.00089246,0.00212672,0.00067296,0.00089246,0.00212672,0.00067296,"ARIMA(2, 0, 0)",-0.00067296,0.0002195,0.00145377,0.0,2025-W18
adj_close.csv,ARIMA,BND,0.00053981,0.00031498,0.00035797,0.00053981,0.00031498,0.00035797,"ARIMA(2, 0, 0)",-0.00035797,0.00018184,-0.00067296,0.0,2025-W19
adj_close.csv,ARIMA,BND,0.00018153,0.00010979,0.00024818,0.00018153,0.00010979,0.00024818,"ARIMA(2, 0, 0)",-0.00024818,-6.665e-05,-0.00035797,0.0,2025-W20
adj_close.csv,ARIMA,BND,0.00076768,0.00055362,0.0008018,0.00076768,0.00055362,0.0008018,"ARIMA(2, 0, 0)",-0.0008018,-3.412e-05,-0.00024818,0.0,2025-W21
adj_close.csv,ARIMA,BND,0.00200904,0.00280238,0.00200058,0.00200904,0.00280238,0.00200058,"ARIMA(2, 0, 0)",0.00200058,-8.46e-06,-0.0008018,0.0,2025-W22
adj_close.csv,ARIMA,BND,0.00074094,0.00288497,0.00088438,0.00074094,0.00288497,0.00088438,"ARIMA(2, 0, 0)",-0.00088438,-0.00014344,0.00200058,0.0,2025-W23
adj_close.csv,ARIMA,BND,0.00110123,0.00223698,0.00135259,0.00110123,0.00223698,0.00135259,"ARIMA(2, 0, 0)",0.00135259,0.00025136,-0.00088438,0.0,2025-W24
adj_close.csv,ARIMA,BND,0.00076187,0.00073437,0.00061822,0.00076187,0.00073437,0.00061822,"ARIMA(2, 0, 0)",0.00061822,-0.00014365,0.00135259,0.0,2025-W25
adj_close.csv,ARIMA,BND,0.0011205,0.00064013,0.00125835,0.0011205,0.00064013,0.00125835,"ARIMA(2, 0, 0)",0.00125835,0.00013786,0.00061822,0.0,2025-W26
adj_close.csv,ARIMA,BND,0.0001263,0.00134699,8.864e-05,0.0001263,0.00134699,8.864e-05,"ARIMA(2, 0, 0)",-8.864e-05,3.766e-05,0.00125835,0.0,2025-W27
adj_close.csv,ARIMA,BND,0.00091774,0.00067908,0.00076773,0.00091774,0.00067908,0.00076773,"ARIMA(2, 0, 0)",-0.00076773,0.00015001,-8.864e-05,0.0,2025-W28
adj_close.csv,ARIMA,BND,0.00012606,0.00090497,0.00013724,0.00012606,0.00090497,0.00013724,"ARIMA(2, 0, 0)",0.00013724,1.118e-05,-0.00076773,0.0,2025-W29
adj_close.csv,ARIMA,BND,0.00083246,0.00060267,0.00073992,0.00083246,0.00060267,0.00073992,"ARIMA(2, 0, 0)",0.00073992,-9.254e-05,0.00013724,0.0,2025-W30
adj_close.csv,ARIMA,BND,0.00194866,0.00120382,0.00194374,0.00194866,0.00120382,0.00194374,"ARIMA(2, 0, 0)",0.00194374,-4.92e-06,0.00073992,0.0,2025-W31
adj_close.csv,ARIMA,BND,0.0004976,0.00240629,0.00046255,0.0004976,0.00240629,0.00046255,"ARIMA(2, 0, 0)",-0.00046255,3.505e-05,0.00194374,0.0,2025-W32
adj_close.csv,ARIMA,BND,0.0001806,0.00051705,5.449e-05,0.0001806,0.00051705,5.449e-05,"ARIMA(2, 0, 0)",5.449e-05,0.00023509,-0.00046255,0.0,2025-W33
adj_close.csv,ARIMA,BND,0.0008695,0.00076082,0.00081531,0.0008695,0.00076082,0.00081531,"ARIMA(2, 0, 0)",0.00081531,-5.419e-05,5.449e-05,0.0,2025-W34
adj_close.csv,ARIMA,BND,0.00017856,0.00065263,0.00016269,0.00017856,0.00065263,0.00016269,"ARIMA(2, 0, 0)",0.00016269,-1.587e-05,0.00081531,0.0,2025-W35
adj_close.csv,ARIMA,BND,0.0023235,0.00224891,0.00241159,0.0023235,0.00224891,0.00241159,"ARIMA(2, 0, 0)",0.00241159,8.809e-05,0.00016269,0.0,2025-W36
adj_close.csv,ARIMA,BND,0.00085053,0.00160533,0.00080626,0.00085053,0.00160533,0.00080626,"ARIMA(2, 0, 0)",0.00080626,-4.426e-05,0.00241159,0.0,2025-W37
adj_close.csv,ARIMA,BND,0.00063804,0.00118212,0.00037586,0.00063804,0.00118212,0.00037586,"ARIMA(2, 0, 0)",-0.00037586,0.00026218,0.00080626,0.0,2025-W38
adj_close.csv,ARIMA,BND,0.00069317,0.00021619,0.00059205,0.00069317,0.00021619,0.00059205,"ARIMA(2, 0, 0)",-0.00059205,0.00010112,-0.00037586,0.0,2025-W39
adj_close.csv,ARIMA,BND,0.00093633,0.00149975,0.0009077,0.00093633,0.00149975,0.0009077,"ARIMA(2, 0, 0)",0.0009077,-2.863e-05,-0.00059205,0.0,2025-W40
adj_close.csv,ARIMA,BND,0.00065347,0.00034328,0.00056442,0.00065347,0.00034328,0.00056442,"ARIMA(2, 0, 0)",0.00056442,-8.906e-05,0.0009077,0.0,2025-W41
adj_close.csv,ARIMA,BND,0.00087521,0.00039946,0.00096387,0.00087521,0.00039946,0.00096387,"ARIMA(2, 0, 0)",0.00096387,8.866e-05,0.00056442,0.0,2025-W42
adj_close.csv,ARIMA,BND,0.00033154,0.00059031,0.00037356,0.00033154,0.00059031,0.00037356,"ARIMA(2, 0, 0)",0.00037356,4.203e-05,0.00096387,0.0,2025-W43
adj_close.csv,ARIMA,BND,0.00127779,0.00155002,0.00117646,0.00127779,0.00155002,0.00117646,"ARIMA(2, 0, 0)",-0.00117646,0.00010133,0.00037356,0.0,2025-W44
adj_close.csv,ARIMA,BND,8.524e-05,0.0011603,1.616e-05,8.524e-05,0.0011603,1.616e-05,"ARIMA(2, 0, 0)",-1.616e-05,6.908e-05,-0.00117646,0.0,2025-W45
adj_close.csv,ARIMA,BND,0.00032657,0.00044178,0.00045794,0.00032657,0.00044178,0.00045794,"ARIMA(2, 0, 0)",-0.00045794,-0.00013138,-1.616e-05,0.0,2025-W46
adj_close.csv,ARIMA,BND,0.00095983,0.00142647,0.00096853,0.00095983,0.00142647,0.00096853,"ARIMA(2, 0, 0)",0.00096853,8.71e-06,-0.00045794,0.0,2025-W47
adj_close.csv,ARIMA,BND,0.00094513,9.78e-05,0.00087074,0.00094513,9.78e-05,0.00087074,"ARIMA(2, 0, 0)",0.00087074,-7.439e-05,0.00096853,0.0,2025-W48
adj_close.csv,ARIMA,BND,0.00100602,0.00178779,0.00091706,0.00100602,0.00178779,0.00091706,"ARIMA(2, 0, 0)",-0.00091706,8.896e-05,0.00087074,0.0,2025-W49
adj_close.csv,ARIMA,BND,0.00057658,0.00045833,0.00045872,0.00057658,0.00045833,0.00045872,"ARIMA(2, 0, 0)",-0.00045872,0.00011786,-0.00091706,0.0,2025-W50
adj_close.csv,ARIMA,BND,0.00078373,0.00115226,0.00069353,0.00078373,0.00115226,0.00069353,"ARIMA(2, 0, 0)",0.00069353,-9.019e-05,-0.00045872,0.0,2025-W51
adj_close.csv,ARIMA,BND,0.0005721,0.00018756,0.00050598,0.0005721,0.00018756,0.00050598,"ARIMA(2, 0, 0)",0.00050598,-6.612e-05,0.00069353,0.0,2025-W52
adj_close.csv,ARIMA,BND,0.00056958,0.00101195,0.00050598,0.00056958,0.00101195,0.00050598,"ARIMA(2, 0, 0)",-0.00050598,6.361e-05,0.00050598,0.0,2026-W01
adj_close.csv,ARIMA,BND,0.00060784,0.00118015,0.00067417,0.00060784,0.00118015,0.00067417,"ARIMA(2, 0, 0)",0.00067417,6.633e-05,-0.00050598,0.0,2026-W02
adj_close.csv,ARIMA,BND,0.0001717,0.00091662,0.00024245,0.0001717,0.00091662,0.00024245,"ARIMA(2, 0, 0)",-0.00024245,-7.075e-05,0.00067417,0.0,2026-W03
adj_close.csv,ARIMA,BND,8.957e-05,0.00041087,0.00016842,8.957e-05,0.00041087,0.00016842,"ARIMA(2, 0, 0)",0.00016842,7.884e-05,-0.00024245,0.0,2026-W04
adj_close.csv,ARIMA,BND,2.355e-05,0.00022229,5.387e-05,2.355e-05,0.00022229,5.387e-05,"ARIMA(2, 0, 0)",-5.387e-05,-3.032e-05,0.00016842,0.0,2026-W05
adj_close.csv,ARIMA,BND,0.00433979,0.00426637,0.00432024,0.00433979,0.00426637,0.00432024,"ARIMA(2, 0, 0)",-0.00432024,1.955e-05,-5.387e-05,0.0,2026-W06
adj_close.csv,ARIMA,DBC,0.00344145,0.00315747,0.00303442,0.00344145,0.00315747,0.00303442,"ARIMA(0, 0, 1)",-0.00303442,0.00040702,-0.00619189,0.0,2024-W30
adj_close.csv,ARIMA,DBC,0.00328548,4.677e-05,0.00308119,0.00328548,4.677e-05,0.00308119,"ARIMA(0, 0, 1)",-0.00308119,0.00020429,-0.00303442,0.0,2024-W31
adj_close.csv,ARIMA,DBC,0.00262151,0.00589241,0.00281121,0.00262151,0.00589241,0.00281121,"ARIMA(0, 0, 1)",0.00281121,0.0001897,-0.00308119,0.0,2024-W32
adj_close.csv,ARIMA,DBC,0.00015574,0.00281121,0.0,0.00015574,0.00281121,0.0,"ARIMA(0, 0, 1)",0.0,-0.00015574,0.00281121,0.0,2024-W33
adj_close.csv,ARIMA,DBC,0.00045901,0.00044975,0.00044975,0.00045901,0.00044975,0.00044975,"ARIMA(0, 0, 1)",0.00044975,-9.26e-06,0.0,0.0,2024-W34
adj_close.csv,ARIMA,DBC,0.00132495,0.00180203,0.00135228,0.00132495,0.00180203,0.00135228,"ARIMA(0, 0, 1)",-0.00135228,-2.733e-05,0.00044975,0.0,2024-W35
adj_close.csv,ARIMA,DBC,0.00976217,0.00833079,0.00968307,0.00976217,0.00833079,0.00968307,"ARIMA(0, 0, 1)",-0.00968307,7.91e-05,-0.00135228,0.0,2024-W36
adj_close.csv,ARIMA,DBC,0.00307533,0.01331699,0.00363392,0.00307533,0.01331699,0.00363392,"ARIMA(0, 0, 1)",0.00363392,0.00055859,-0.00968307,0.0,2024-W37
adj_close.csv,ARIMA,DBC,0.00529429,0.00147119,0.00510511,0.00529429,0.00147119,0.00510511,"ARIMA(0, 0, 1)",0.00510511,-0.00018918,0.00363392,0.0,2024-W38
adj_close.csv,ARIMA,DBC,0.0012104,0.00420706,0.00089805,0.0012104,0.00420706,0.00089805,"ARIMA(0, 0, 1)",0.00089805,-0.00031235,0.00510511,0.0,2024-W39
adj_close.csv,ARIMA,DBC,0.00814858,0.00718033,0.00807838,0.00814858,0.00718033,0.00807838,"ARIMA(0, 0, 1)",0.00807838,-7.02e-05,0.00089805,0.0,2024-W40
adj_close.csv,ARIMA,DBC,0.00080588,0.00773443,0.00034395,0.00080588,0.00773443,0.00034395,"ARIMA(0, 0, 1)",0.00034395,-0.00046193,0.00807838,0.0,2024-W41
adj_close.csv,ARIMA,DBC,0.00828864,0.00867667,0.00833273,0.00828864,0.00867667,0.00833273,"ARIMA(0, 0, 1)",-0.00833273,-4.409e-05,0.00034395,0.0,2024-W42
adj_close.csv,ARIMA,DBC,0.00379178,0.0125863,0.00425357,0.00379178,0.0125863,0.00425357,"ARIMA(0, 0, 1)",0.00425357,0.00046179,-0.00833273,0.0,2024-W43
adj_close.csv,ARIMA,DBC,0.00384619,0.0083281,0.00407453,0.00384619,0.0083281,0.00407453,"ARIMA(0, 0, 1)",-0.00407453,-0.00022833,0.00425357,0.0,2024-W44
adj_close.csv,ARIMA,DBC,0.00109166,0.00541233,0.0013378,0.00109166,0.00541233,0.0013378,"ARIMA(0, 0, 1)",0.0013378,0.00024614,-0.00407453,0.0,2024-W45
adj_close.csv,ARIMA,DBC,0.0060668,0.00747548,0.00613768,0.0060668,0.00747548,0.00613768,"ARIMA(0, 0, 1)",-0.00613768,-7.088e-05,0.0013378,0.0,2024-W46
adj_close.csv,ARIMA,DBC,0.00626337,0.01280797,0.00667029,0.00626337,0.01280797,0.00667029,"ARIMA(0, 0, 1)",0.00667029,0.00040692,-0.00613768,0.0,2024-W47
adj_close.csv,ARIMA,DBC,0.00423673,0.01136843,0.00469814,0.00423673,0.01136843,0.00469814,"ARIMA(0, 0, 1)",-0.00469814,-0.0004614,0.00667029,0.0,2024-W48
adj_close.csv,ARIMA,DBC,0.00242197,0.00260959,0.00208855,0.00242197,0.00260959,0.00208855,"ARIMA(0, 0, 1)",-0.00208855,0.00033343,-0.00469814,0.0,2024-W49
adj_close.csv,ARIMA,DBC,0.0037905,0.00606518,0.00397664,0.0037905,0.00606518,0.00397664,"ARIMA(0, 0, 1)",0.00397664,0.00018614,-0.00208855,0.0,2024-W50
adj_close.csv,ARIMA,DBC,0.00267917,0.00695167,0.00297503,0.00267917,0.00695167,0.00297503,"ARIMA(0, 0, 1)",-0.00297503,-0.00029585,0.00397664,0.0,2024-W51
adj_close.csv,ARIMA,DBC,0.00188272,0.00507105,0.00209602,0.00188272,0.00507105,0.00209602,"ARIMA(0, 0, 1)",0.00209602,0.0002133,-0.00297503,0.0,2024-W52
adj_close.csv,ARIMA,DBC,0.0048514,0.00260337,0.00469939,0.0048514,0.00260337,0.00469939,"ARIMA(0, 0, 1)",0.00469939,-0.00015201,0.00209602,0.0,2025-W01
adj_close.csv,ARIMA,DBC,0.00817372,0.00309227,0.00779166,0.00817372,0.00309227,0.00779166,"ARIMA(0, 0, 1)",0.00779166,-0.00038207,0.00469939,0.0,2025-W02
adj_close.csv,ARIMA,DBC,0.00337011,0.00501322,0.00277844,0.00337011,0.00501322,0.00277844,"ARIMA(0, 0, 1)",0.00277844,-0.00059167,0.00779166,0.0,2025-W03
adj_close.csv,ARIMA,DBC,0.00200798,0.00501358,0.00223514,0.00200798,0.00501358,0.00223514,"ARIMA(0, 0, 1)",-0.00223514,-0.00022716,0.00277844,0.0,2025-W04
adj_close.csv,ARIMA,DBC,0.00285125,0.00047739,0.00271253,0.00285125,0.00047739,0.00271253,"ARIMA(0, 0, 1)",-0.00271253,0.00013871,-0.00223514,0.0,2025-W05
adj_close.csv,ARIMA,DBC,0.0008038,0.0037114,0.00099887,0.0008038,0.0037114,0.00099887,"ARIMA(0, 0, 1)",0.00099887,0.00019507,-0.00271253,0.0,2025-W06
adj_close.csv,ARIMA,DBC,0.00328981,0.00223572,0.00323459,0.00328981,0.00223572,0.00323459,"ARIMA(0, 0, 1)",0.00323459,-5.522e-05,0.00099887,0.0,2025-W07
adj_close.csv,ARIMA,DBC,0.00266376,0.00079556,0.00243903,0.00266376,0.00079556,0.00243903,"ARIMA(0, 0, 1)",0.00243903,-0.00022474,0.00323459,0.0,2025-W08
adj_close.csv,ARIMA,DBC,0.00573363,0.00835078,0.00591176,0.00573363,0.00835078,0.00591176,"ARIMA(0, 0, 1)",-0.00591176,-0.00017813,0.00243903,0.0,2025-W09
adj_close.csv,ARIMA,DBC,0.00085229,0.00545671,0.00045505,0.00085229,0.00545671,0.00045505,"ARIMA(0, 0, 1)",-0.00045505,0.00039724,-0.00591176,0.0,2025-W10
adj_close.csv,ARIMA,DBC,0.00012396,0.00063717,0.00018213,0.00012396,0.00063717,0.00018213,"ARIMA(0, 0, 1)",0.00018213,5.816e-05,-0.00045505,0.0,2025-W11
adj_close.csv,ARIMA,DBC,0.00136939,0.00117876,0.00136088,0.00136939,0.00117876,0.00136088,"ARIMA(0, 0, 1)",0.00136088,-8.5e-06,0.00018213,0.0,2025-W12
adj_close.csv,ARIMA,DBC,0.00072599,0.00072898,0.00063191,0.00072599,0.00072898,0.00063191,"ARIMA(0, 0, 1)",0.00063191,-9.408e-05,0.00136088,0.0,2025-W13
adj_close.csv,ARIMA,DBC,0.01145087,0.01213252,0.01150061,0.01145087,0.01213252,0.01150061,"ARIMA(0, 0, 1)",-0.01150061,-4.975e-05,0.00063191,0.0,2025-W14
adj_close.csv,ARIMA,DBC,0.00098972,0.01130958,0.00019103,0.00098972,0.01130958,0.00019103,"ARIMA(0, 0, 1)",-0.00019103,0.00079868,-0.01150061,0.0,2025-W15
adj_close.csv,ARIMA,DBC,0.00513536,0.00539218,0.00520114,0.00513536,0.00539218,0.00520114,"ARIMA(0, 0, 1)",0.00520114,6.579e-05,-0.00019103,0.0,2025-W16
adj_close.csv,ARIMA,DBC,0.00016226,0.00538842,0.00018728,0.00016226,0.00538842,0.00018728,"ARIMA(0, 0, 1)",-0.00018728,-0.00034954,0.00520114,0.0,2025-W17
adj_close.csv,ARIMA,DBC,0.00559372,0.00541746,0.00560473,0.00559372,0.00541746,0.00560473,"ARIMA(0, 0, 1)",-0.00560473,-1.101e-05,-0.00018728,0.0,2025-W18
adj_close.csv,ARIMA,DBC,0.00305925,0.00904321,0.00343848,0.00305925,0.00904321,0.00343848,"ARIMA(0, 0, 1)",0.00343848,0.00037923,-0.00560473,0.0,2025-W19
adj_close.csv,ARIMA,DBC,0.00087612,0.0027767,0.00066178,0.00087612,0.0027767,0.00066178,"ARIMA(0, 0, 1)",0.00066178,-0.00021434,0.00343848,0.0,2025-W20
adj_close.csv,ARIMA,DBC,0.00212696,0.00140397,0.00206575,0.00212696,0.00140397,0.00206575,"ARIMA(0, 0, 1)",0.00206575,-6.121e-05,0.00066178,0.0,2025-W21
adj_close.csv,ARIMA,DBC,0.00611785,0.00833236,0.00626661,0.00611785,0.00833236,0.00626661,"ARIMA(0, 0, 1)",-0.00626661,-0.00014876,0.00206575,0.0,2025-W22
adj_close.csv,ARIMA,DBC,0.00680058,0.01350936,0.00724275,0.00680058,0.01350936,0.00724275,"ARIMA(0, 0, 1)",0.00724275,0.00044217,-0.00626661,0.0,2025-W23
adj_close.csv,ARIMA,DBC,0.00956666,0.00178812,0.00903088,0.00956666,0.00178812,0.00903088,"ARIMA(0, 0, 1)",0.00903088,-0.00053578,0.00724275,0.0,2025-W24
adj_close.csv,ARIMA,DBC,0.00728671,0.00238704,0.00664384,0.00728671,0.00238704,0.00664384,"ARIMA(0, 0, 1)",0.00664384,-0.00064288,0.00903088,0.0,2025-W25
adj_close.csv,ARIMA,DBC,0.01254838,0.01960889,0.01296505,0.01254838,0.01960889,0.01296505,"ARIMA(0, 0, 1)",-0.01296505,-0.00041667,0.00664384,0.0,2025-W26
adj_close.csv,ARIMA,DBC,0.00454168,0.01840993,0.00544488,0.00454168,0.01840993,0.00544488,"ARIMA(0, 0, 1)",0.00544488,0.0009032,-0.01296505,0.0,2025-W27
adj_close.csv,ARIMA,DBC,0.00241561,0.00339083,0.00205405,0.00241561,0.00339083,0.00205405,"ARIMA(0, 0, 1)",0.00205405,-0.00036156,0.00544488,0.0,2025-W28
adj_close.csv,ARIMA,DBC,0.00036901,0.00187644,0.00017761,0.00036901,0.00187644,0.00017761,"ARIMA(0, 0, 1)",0.00017761,-0.0001914,0.00205405,0.0,2025-W29
adj_close.csv,ARIMA,DBC,0.00319223,0.00339916,0.00322154,0.00319223,0.00339916,0.00322154,"ARIMA(0, 0, 1)",-0.00322154,-2.932e-05,0.00017761,0.0,2025-W30
adj_close.csv,ARIMA,DBC,0.00097783,0.00249855,0.00072299,0.00097783,0.00249855,0.00072299,"ARIMA(0, 0, 1)",-0.00072299,0.00025484,-0.00322154,0.0,2025-W31
adj_close.csv,ARIMA,DBC,0.00235389,0.00155339,0.00227639,0.00235389,0.00155339,0.00227639,"ARIMA(0, 0, 1)",-0.00227639,7.751e-05,-0.00072299,0.0,2025-W32
adj_close.csv,ARIMA,DBC,0.00082824,0.00163433,0.00064205,0.00082824,0.00163433,0.00064205,"ARIMA(0, 0, 1)",-0.00064205,0.00018619,-0.00227639,0.0,2025-W33
adj_close.csv,ARIMA,DBC,0.0027627,0.00346992,0.00282786,0.0027627,0.00346992,0.00282786,"ARIMA(0, 0, 1)",0.00282786,6.516e-05,-0.00064205,0.0,2025-W34
adj_close.csv,ARIMA,DBC,0.00139254,0.00165378,0.00117408,0.00139254,0.00165378,0.00117408,"ARIMA(0, 0, 1)",0.00117408,-0.00021846,0.00282786,0.0,2025-W35
adj_close.csv,ARIMA,DBC,0.0019251,0.00320842,0.00203435,0.0019251,0.00320842,0.00203435,"ARIMA(0, 0, 1)",-0.00203435,-0.00010924,0.00117408,0.0,2025-W36
adj_close.csv,ARIMA,DBC,0.00273241,0.00491857,0.00288422,0.00273241,0.00491857,0.00288422,"ARIMA(0, 0, 1)",0.00288422,0.00015181,-0.00203435,0.0,2025-W37
adj_close.csv,ARIMA,DBC,0.00058951,0.00369121,0.00080699,0.00058951,0.00369121,0.00080699,"ARIMA(0, 0, 1)",-0.00080699,-0.00021747,0.00288422,0.0,2025-W38
adj_close.csv,ARIMA,DBC,0.00483448,0.00568852,0.00488153,0.00483448,0.00568852,0.00488153,"ARIMA(0, 0, 1)",0.00488153,4.705e-05,-0.00080699,0.0,2025-W39
adj_close.csv,ARIMA,DBC,0.00314847,0.00841988,0.00353835,0.00314847,0.00841988,0.00353835,"ARIMA(0, 0, 1)",-0.00353835,-0.00038988,0.00488153,0.0,2025-W40
adj_close.csv,ARIMA,DBC,0.00331843,0.00048074,0.00305762,0.00331843,0.00048074,0.00305762,"ARIMA(0, 0, 1)",-0.00305762,0.00026082,-0.00353835,0.0,2025-W41
adj_close.csv,ARIMA,DBC,0.00018292,0.00351023,0.00045261,0.00018292,0.00351023,0.00045261,"ARIMA(0, 0, 1)",0.00045261,0.00026969,-0.00305762,0.0,2025-W42
adj_close.csv,ARIMA,DBC,0.00650866,0.00604117,0.00649378,0.00650866,0.00604117,0.00649378,"ARIMA(0, 0, 1)",0.00649378,-1.488e-05,0.00045261,0.0,2025-W43
adj_close.csv,ARIMA,DBC,0.00079263,0.00623138,0.0002624,0.00079263,0.00623138,0.0002624,"ARIMA(0, 0, 1)",0.0002624,-0.00053023,0.00649378,0.0,2025-W44
adj_close.csv,ARIMA,DBC,0.00023834,8.766e-05,0.00017474,0.00023834,8.766e-05,0.00017474,"ARIMA(0, 0, 1)",0.00017474,-6.359e-05,0.0002624,0.0,2025-W45
adj_close.csv,ARIMA,DBC,0.00062966,0.00043567,0.00061042,0.00062966,0.00043567,0.00061042,"ARIMA(0, 0, 1)",0.00061042,-1.925e-05,0.00017474,0.0,2025-W46
adj_close.csv,ARIMA,DBC,0.00381746,0.00447866,0.00386824,0.00381746,0.00447866,0.00386824,"ARIMA(0, 0, 1)",-0.00386824,-5.078e-05,0.00061042,0.0,2025-W47
adj_close.csv,ARIMA,DBC,0.00550363,0.00968118,0.00581294,0.00550363,0.00968118,0.00581294,"ARIMA(0, 0, 1)",0.00581294,0.00030931,-0.00386824,0.0,2025-W48
adj_close.csv,ARIMA,DBC,0.00279097,0.00348482,0.00232812,0.00279097,0.00348482,0.00232812,"ARIMA(0, 0, 1)",0.00232812,-0.00046285,0.00581294,0.0,2025-W49
adj_close.csv,ARIMA,DBC,0.00331863,0.00587416,0.00354604,0.00331863,0.00587416,0.00354604,"ARIMA(0, 0, 1)",-0.00354604,-0.00022741,0.00232812,0.0,2025-W50
adj_close.csv,ARIMA,DBC,0.00088665,0.00293429,0.00061175,0.00088665,0.00293429,0.00061175,"ARIMA(0, 0, 1)",-0.00061175,0.00027489,-0.00354604,0.0,2025-W51
adj_close.csv,ARIMA,DBC,0.00655585,0.00724071,0.00662896,0.00655585,0.00724071,0.00662896,"ARIMA(0, 0, 1)",0.00662896,7.312e-05,-0.00061175,0.0,2025-W52
adj_close.csv,ARIMA,DBC,0.00289342,0.0100666,0.00343764,0.00289342,0.0100666,0.00343764,"ARIMA(0, 0, 1)",-0.00343764,-0.00054422,0.00662896,0.0,2026-W01
adj_close.csv,ARIMA,DBC,0.00425776,0.00794214,0.0045045,0.00425776,0.00794214,0.0045045,"ARIMA(0, 0, 1)",0.0045045,0.00024674,-0.00343764,0.0,2026-W02
adj_close.csv,ARIMA,DBC,0.00263242,0.00224655,0.00225795,0.00263242,0.00224655,0.00225795,"ARIMA(0, 0, 1)",0.00225795,-0.00037447,0.0045045,0.0,2026-W03
adj_close.csv,ARIMA,DBC,0.01100047,0.00851685,0.0107748,0.01100047,0.00851685,0.0107748,"ARIMA(0, 0, 1)",0.0107748,-0.00022567,0.00225795,0.0,2026-W04
adj_close.csv,ARIMA,DBC,0.00296579,0.00871759,0.00205721,0.00296579,0.00871759,0.00205721,"ARIMA(0, 0, 1)",0.00205721,-0.00090858,0.0107748,0.0,2026-W05
adj_close.csv,ARIMA,DBC,0.03688494,0.03916797,0.03711076,0.03688494,0.03916797,0.03711076,"ARIMA(0, 0, 1)",-0.03711076,-0.00022581,0.00205721,0.0,2026-W06
adj_close.csv,ARIMA,DIA,0.00154792,8.83e-05,0.00149335,0.00154792,8.83e-05,0.00149335,"ARIMA(0, 0, 1)",0.00149335,-5.457e-05,0.00140506,0.0,2024-W30
adj_close.csv,ARIMA,DIA,0.00434911,0.00589647,0.00440312,0.00434911,0.00589647,0.00440312,"ARIMA(0, 0, 1)",-0.00440312,-5.401e-05,0.00149335,0.0,2024-W31
adj_close.csv,ARIMA,DIA,0.00116159,0.00340347,0.00099965,0.00116159,0.00340347,0.00099965,"ARIMA(0, 0, 1)",-0.00099965,0.00016194,-0.00440312,0.0,2024-W32
adj_close.csv,ARIMA,DIA,0.00590175,0.0069426,0.00594295,0.00590175,0.0069426,0.00594295,"ARIMA(0, 0, 1)",0.00594295,4.12e-05,-0.00099965,0.0,2024-W33
adj_close.csv,ARIMA,DIA,0.00271152,0.00345566,0.00248729,0.00271152,0.00345566,0.00248729,"ARIMA(0, 0, 1)",0.00248729,-0.00022423,0.00594295,0.0,2024-W34
adj_close.csv,ARIMA,DIA,0.00220454,0.00037142,0.00211587,0.00220454,0.00037142,0.00211587,"ARIMA(0, 0, 1)",0.00211587,-8.866e-05,0.00248729,0.0,2024-W35
adj_close.csv,ARIMA,DIA,0.00708481,0.00926896,0.00715309,0.00708481,0.00926896,0.00715309,"ARIMA(0, 0, 1)",-0.00715309,-6.828e-05,0.00211587,0.0,2024-W36
adj_close.csv,ARIMA,DIA,0.00485189,0.01226434,0.00511125,0.00485189,0.01226434,0.00511125,"ARIMA(0, 0, 1)",0.00511125,0.00025936,-0.00715309,0.0,2024-W37
adj_close.csv,ARIMA,DIA,0.00351418,0.00182264,0.00328861,0.00351418,0.00182264,0.00328861,"ARIMA(0, 0, 1)",0.00328861,-0.00022556,0.00511125,0.0,2024-W38
adj_close.csv,ARIMA,DIA,0.00127563,0.00216001,0.00112861,0.00127563,0.00216001,0.00112861,"ARIMA(0, 0, 1)",0.00112861,-0.00014703,0.00328861,0.0,2024-W39
adj_close.csv,ARIMA,DIA,0.00026916,0.00091122,0.00021738,0.00026916,0.00091122,0.00021738,"ARIMA(0, 0, 1)",0.00021738,-5.178e-05,0.00112861,0.0,2024-W40
adj_close.csv,ARIMA,DIA,0.00250822,0.00227992,0.0024973,0.00250822,0.00227992,0.0024973,"ARIMA(0, 0, 1)",0.0024973,-1.092e-05,0.00021738,0.0,2024-W41
adj_close.csv,ARIMA,DIA,0.00198564,0.00061266,0.00188464,0.00198564,0.00061266,0.00188464,"ARIMA(0, 0, 1)",0.00188464,-0.000101,0.0024973,0.0,2024-W42
adj_close.csv,ARIMA,DIA,0.00531145,0.00727276,0.00538812,0.00531145,0.00727276,0.00538812,"ARIMA(0, 0, 1)",-0.00538812,-7.667e-05,0.00188464,0.0,2024-W43
adj_close.csv,ARIMA,DIA,0.00056562,0.0050459,0.00034222,0.00056562,0.0050459,0.00034222,"ARIMA(0, 0, 1)",-0.00034222,0.0002234,-0.00538812,0.0,2024-W44
adj_close.csv,ARIMA,DIA,0.00913094,0.00949629,0.00915407,0.00913094,0.00949629,0.00915407,"ARIMA(0, 0, 1)",0.00915407,2.313e-05,-0.00034222,0.0,2024-W45
adj_close.csv,ARIMA,DIA,0.0020467,0.0115936,0.00243953,0.0020467,0.0115936,0.00243953,"ARIMA(0, 0, 1)",-0.00243953,-0.00039283,0.00915407,0.0,2024-W46
adj_close.csv,ARIMA,DIA,0.00384537,0.00638191,0.00394237,0.00384537,0.00638191,0.00394237,"ARIMA(0, 0, 1)",0.00394237,9.701e-05,-0.00243953,0.0,2024-W47
adj_close.csv,ARIMA,DIA,0.00407378,6.324e-05,0.00387913,0.00407378,6.324e-05,0.00387913,"ARIMA(0, 0, 1)",0.00387913,-0.00019465,0.00394237,0.0,2024-W48
adj_close.csv,ARIMA,DIA,0.0011262,0.00518981,0.00131067,0.0011262,0.00518981,0.00131067,"ARIMA(0, 0, 1)",-0.00131067,-0.00018447,0.00387913,0.0,2024-W49
adj_close.csv,ARIMA,DIA,0.00356293,0.00219976,0.00351043,0.00356293,0.00219976,0.00351043,"ARIMA(0, 0, 1)",-0.00351043,5.249e-05,-0.00131067,0.0,2024-W50
adj_close.csv,ARIMA,DIA,0.00457807,0.00090411,0.00441455,0.00457807,0.00090411,0.00441455,"ARIMA(0, 0, 1)",-0.00441455,0.00016352,-0.00351043,0.0,2024-W51
adj_close.csv,ARIMA,DIA,0.00066217,0.0052648,0.00085025,0.00066217,0.0052648,0.00085025,"ARIMA(0, 0, 1)",0.00085025,0.00018808,-0.00441455,0.0,2024-W52
adj_close.csv,ARIMA,DIA,0.00162893,0.00250691,0.00165665,0.00162893,0.00250691,0.00165665,"ARIMA(0, 0, 1)",-0.00165665,-2.773e-05,0.00085025,0.0,2025-W01
adj_close.csv,ARIMA,DIA,0.00469408,0.00296847,0.00462513,0.00469408,0.00296847,0.00462513,"ARIMA(0, 0, 1)",-0.00462513,6.896e-05,-0.00165665,0.0,2025-W02
adj_close.csv,ARIMA,DIA,0.00709726,0.01190901,0.00728389,0.00709726,0.01190901,0.00728389,"ARIMA(0, 0, 1)",0.00728389,0.00018663,-0.00462513,0.0,2025-W03
adj_close.csv,ARIMA,DIA,0.00569806,0.00193572,0.00534817,0.00569806,0.00193572,0.00534817,"ARIMA(0, 0, 1)",0.00534817,-0.00034989,0.00728389,0.0,2025-W04
adj_close.csv,ARIMA,DIA,0.00078504,0.00477707,0.0005711,0.00078504,0.00477707,0.0005711,"ARIMA(0, 0, 1)",0.0005711,-0.00021394,0.00534817,0.0,2025-W05
adj_close.csv,ARIMA,DIA,0.00099335,0.00159304,0.00102194,0.00099335,0.00159304,0.00102194,"ARIMA(0, 0, 1)",-0.00102194,-2.859e-05,0.0005711,0.0,2025-W06
adj_close.csv,ARIMA,DIA,0.00116463,0.00222344,0.00120149,0.00116463,0.00222344,0.00120149,"ARIMA(0, 0, 1)",0.00120149,3.687e-05,-0.00102194,0.0,2025-W07
adj_close.csv,ARIMA,DIA,0.00619828,0.00744328,0.00624179,0.00619828,0.00744328,0.00624179,"ARIMA(0, 0, 1)",-0.00624179,-4.351e-05,0.00120149,0.0,2025-W08
adj_close.csv,ARIMA,DIA,0.00168992,0.0081764,0.00193461,0.00168992,0.0081764,0.00193461,"ARIMA(0, 0, 1)",0.00193461,0.0002447,-0.00624179,0.0,2025-W09
adj_close.csv,ARIMA,DIA,0.00459548,0.00660116,0.00466655,0.00459548,0.00660116,0.00466655,"ARIMA(0, 0, 1)",-0.00466655,-7.107e-05,0.00193461,0.0,2025-W10
adj_close.csv,ARIMA,DIA,0.00632198,0.00145043,0.00611698,0.00632198,0.00145043,0.00611698,"ARIMA(0, 0, 1)",-0.00611698,0.000205,-0.00466655,0.0,2025-W11
adj_close.csv,ARIMA,DIA,0.00219687,0.00853943,0.00242245,0.00219687,0.00853943,0.00242245,"ARIMA(0, 0, 1)",0.00242245,0.00022557,-0.00611698,0.0,2025-W12
adj_close.csv,ARIMA,DIA,0.00182927,0.00433805,0.0019156,0.00182927,0.00433805,0.0019156,"ARIMA(0, 0, 1)",-0.0019156,-8.633e-05,0.00242245,0.0,2025-W13
adj_close.csv,ARIMA,DIA,0.01630686,0.01431682,0.01623242,0.01630686,0.01431682,0.01623242,"ARIMA(0, 0, 1)",-0.01623242,7.444e-05,-0.0019156,0.0,2025-W14
adj_close.csv,ARIMA,DIA,0.00902221,0.02575622,0.0095238,0.00902221,0.02575622,0.0095238,"ARIMA(0, 0, 1)",0.0095238,0.00050159,-0.01623242,0.0,2025-W15
adj_close.csv,ARIMA,DIA,0.00594557,0.01604976,0.00652596,0.00594557,0.01604976,0.00652596,"ARIMA(0, 0, 1)",-0.00652596,-0.00058039,0.0095238,0.0,2025-W16
adj_close.csv,ARIMA,DIA,0.00439464,0.01140267,0.00487671,0.00439464,0.01140267,0.00487671,"ARIMA(0, 0, 1)",0.00487671,0.00048207,-0.00652596,0.0,2025-W17
adj_close.csv,ARIMA,DIA,0.00629582,0.0010299,0.0059066,0.00629582,0.0010299,0.0059066,"ARIMA(0, 0, 1)",0.0059066,-0.00038922,0.00487671,0.0,2025-W18
adj_close.csv,ARIMA,DIA,0.00021316,0.00620698,0.00030038,0.00021316,0.00620698,0.00030038,"ARIMA(0, 0, 1)",-0.00030038,-0.00051354,0.0059066,0.0,2025-W19
adj_close.csv,ARIMA,DIA,0.00690681,0.00718994,0.00688957,0.00690681,0.00718994,0.00688957,"ARIMA(0, 0, 1)",0.00688957,-1.725e-05,-0.00030038,0.0,2025-W20
adj_close.csv,ARIMA,DIA,0.00428873,0.01173983,0.00485027,0.00428873,0.01173983,0.00485027,"ARIMA(0, 0, 1)",-0.00485027,-0.00056154,0.00688957,0.0,2025-W21
adj_close.csv,ARIMA,DIA,0.00350948,0.00873505,0.00388478,0.00350948,0.00873505,0.00388478,"ARIMA(0, 0, 1)",0.00388478,0.0003753,-0.00485027,0.0,2025-W22
adj_close.csv,ARIMA,DIA,0.00292109,0.00128614,0.00259864,0.00292109,0.00128614,0.00259864,"ARIMA(0, 0, 1)",0.00259864,-0.00032245,0.00388478,0.0,2025-W23
adj_close.csv,ARIMA,DIA,0.00235643,0.00521618,0.00261754,0.00235643,0.00521618,0.00261754,"ARIMA(0, 0, 1)",-0.00261754,-0.0002611,0.00259864,0.0,2025-W24
adj_close.csv,ARIMA,DIA,0.00012612,0.00270581,8.827e-05,0.00012612,0.00270581,8.827e-05,"ARIMA(0, 0, 1)",8.827e-05,0.00021439,-0.00261754,0.0,2025-W25
adj_close.csv,ARIMA,DIA,0.00754502,0.00746822,0.00755649,0.00754502,0.00746822,0.00755649,"ARIMA(0, 0, 1)",0.00755649,1.148e-05,8.827e-05,0.0,2025-W26
adj_close.csv,ARIMA,DIA,0.00638115,0.00186271,0.00569379,0.00638115,0.00186271,0.00569379,"ARIMA(0, 0, 1)",0.00569379,-0.00068736,0.00755649,0.0,2025-W27
adj_close.csv,ARIMA,DIA,0.00152491,0.00772146,0.00202768,0.00152491,0.00772146,0.00202768,"ARIMA(0, 0, 1)",-0.00202768,-0.00050277,0.00569379,0.0,2025-W28
adj_close.csv,ARIMA,DIA,0.00018235,0.00196918,5.85e-05,0.00018235,0.00196918,5.85e-05,"ARIMA(0, 0, 1)",-5.85e-05,0.00012385,-0.00202768,0.0,2025-W29
adj_close.csv,ARIMA,DIA,0.00256723,0.00264067,0.00258217,0.00256723,0.00264067,0.00258217,"ARIMA(0, 0, 1)",0.00258217,1.494e-05,-5.85e-05,0.0,2025-W30
adj_close.csv,ARIMA,DIA,0.00580309,0.00859569,0.00601352,0.00580309,0.00859569,0.00601352,"ARIMA(0, 0, 1)",-0.00601352,-0.00021042,0.00258217,0.0,2025-W31
adj_close.csv,ARIMA,DIA,0.00233111,0.00883934,0.00282582,0.00233111,0.00883934,0.00282582,"ARIMA(0, 0, 1)",0.00282582,0.00049471,-0.00601352,0.0,2025-W32
adj_close.csv,ARIMA,DIA,0.00373808,0.00070739,0.00353321,0.00373808,0.00070739,0.00353321,"ARIMA(0, 0, 1)",0.00353321,-0.00020487,0.00282582,0.0,2025-W33
adj_close.csv,ARIMA,DIA,0.00346086,0.00039466,0.00313855,0.00346086,0.00039466,0.00313855,"ARIMA(0, 0, 1)",0.00313855,-0.00032231,0.00353321,0.0,2025-W34
adj_close.csv,ARIMA,DIA,4.72e-05,0.0033796,0.00024105,4.72e-05,0.0033796,0.00024105,"ARIMA(0, 0, 1)",-0.00024105,-0.00028825,0.00313855,0.0,2025-W35
adj_close.csv,ARIMA,DIA,0.00059974,0.00036262,0.00060366,0.00059974,0.00036262,0.00060366,"ARIMA(0, 0, 1)",-0.00060366,-3.93e-06,-0.00024105,0.0,2025-W36
adj_close.csv,ARIMA,DIA,0.00184426,0.00249801,0.00189434,0.00184426,0.00249801,0.00189434,"ARIMA(0, 0, 1)",0.00189434,5.009e-05,-0.00060366,0.0,2025-W37
adj_close.csv,ARIMA,DIA,0.00229507,0.00024632,0.00214066,0.00229507,0.00024632,0.00214066,"ARIMA(0, 0, 1)",0.00214066,-0.00015441,0.00189434,0.0,2025-W38
adj_close.csv,ARIMA,DIA,9.556e-05,0.00242599,0.00028533,9.556e-05,0.00242599,0.00028533,"ARIMA(0, 0, 1)",-0.00028533,-0.00018977,0.00214066,0.0,2025-W39
adj_close.csv,ARIMA,DIA,0.00224208,0.00253531,0.00224998,0.00224208,0.00253531,0.00224998,"ARIMA(0, 0, 1)",0.00224998,7.9e-06,-0.00028533,0.0,2025-W40
adj_close.csv,ARIMA,DIA,0.00529606,0.00773181,0.00548182,0.00529606,0.00773181,0.00548182,"ARIMA(0, 0, 1)",-0.00548182,-0.00018577,0.00224998,0.0,2025-W41
adj_close.csv,ARIMA,DIA,0.00262971,0.00856468,0.00308286,0.00262971,0.00856468,0.00308286,"ARIMA(0, 0, 1)",0.00308286,0.00045315,-0.00548182,0.0,2025-W42
adj_close.csv,ARIMA,DIA,0.00469933,0.00138417,0.00446704,0.00469933,0.00138417,0.00446704,"ARIMA(0, 0, 1)",0.00446704,-0.00023229,0.00308286,0.0,2025-W43
adj_close.csv,ARIMA,DIA,0.00186292,0.00300691,0.00146012,0.00186292,0.00300691,0.00146012,"ARIMA(0, 0, 1)",0.00146012,-0.0004028,0.00446704,0.0,2025-W44
adj_close.csv,ARIMA,DIA,0.00230227,0.00391805,0.00245793,0.00230227,0.00391805,0.00245793,"ARIMA(0, 0, 1)",-0.00245793,-0.00015566,0.00146012,0.0,2025-W45
adj_close.csv,ARIMA,DIA,0.00062874,0.003282,0.00082408,0.00062874,0.003282,0.00082408,"ARIMA(0, 0, 1)",0.00082408,0.00019534,-0.00245793,0.0,2025-W46
adj_close.csv,ARIMA,DIA,0.00364627,0.00452389,0.00369981,0.00364627,0.00452389,0.00369981,"ARIMA(0, 0, 1)",-0.00369981,-5.354e-05,0.00082408,0.0,2025-W47
adj_close.csv,ARIMA,DIA,0.00746092,0.01147378,0.00777396,0.00746092,0.01147378,0.00777396,"ARIMA(0, 0, 1)",0.00777396,0.00031305,-0.00369981,0.0,2025-W48
adj_close.csv,ARIMA,DIA,0.00187656,0.00658299,0.00119098,0.00187656,0.00658299,0.00119098,"ARIMA(0, 0, 1)",0.00119098,-0.00068558,0.00777396,0.0,2025-W49
adj_close.csv,ARIMA,DIA,0.00238995,0.00103396,0.00222493,0.00238995,0.00103396,0.00222493,"ARIMA(0, 0, 1)",0.00222493,-0.00016501,0.00119098,0.0,2025-W50
adj_close.csv,ARIMA,DIA,0.0011133,0.00354877,0.00132383,0.0011133,0.00354877,0.00132383,"ARIMA(0, 0, 1)",-0.00132383,-0.00021053,0.00222493,0.0,2025-W51
adj_close.csv,ARIMA,DIA,0.00293795,0.00436049,0.00303666,0.00293795,0.00436049,0.00303666,"ARIMA(0, 0, 1)",0.00303666,9.871e-05,-0.00132383,0.0,2025-W52
adj_close.csv,ARIMA,DIA,0.00148839,0.00478804,0.00175138,0.00148839,0.00478804,0.00175138,"ARIMA(0, 0, 1)",-0.00175138,-0.00026299,0.00303666,0.0,2026-W01
adj_close.csv,ARIMA,DIA,0.0045211,0.00640696,0.00465559,0.0045211,0.00640696,0.00465559,"ARIMA(0, 0, 1)",0.00465559,0.00013448,-0.00175138,0.0,2026-W02
adj_close.csv,ARIMA,DIA,0.00015886,0.00523065,0.00057506,0.00015886,0.00523065,0.00057506,"ARIMA(0, 0, 1)",-0.00057506,-0.0004162,0.00465559,0.0,2026-W03
adj_close.csv,ARIMA,DIA,0.0012794,0.00068975,0.00126481,0.0012794,0.00068975,0.00126481,"ARIMA(0, 0, 1)",-0.00126481,1.459e-05,-0.00057506,0.0,2026-W04
adj_close.csv,ARIMA,DIA,0.00089347,0.00048927,0.00077554,0.00089347,0.00048927,0.00077554,"ARIMA(0, 0, 1)",-0.00077554,0.00011793,-0.00126481,0.0,2026-W05
adj_close.csv,ARIMA,DIA,0.01009028,0.01094795,0.01017241,0.01009028,0.01094795,0.01017241,"ARIMA(0, 0, 1)",0.01017241,8.213e-05,-0.00077554,0.0,2026-W06
adj_close.csv,ARIMA,DVY,0.00420735,0.00137153,0.00418277,0.00420735,0.00137153,0.00418277,"ARIMA(1, 0, 0)",0.00418277,-2.458e-05,0.00281124,0.0,2024-W30
adj_close.csv,ARIMA,DVY,0.00286926,0.00707643,0.00289366,0.00286926,0.00707643,0.00289366,"ARIMA(1, 0, 0)",-0.00289366,-2.44e-05,0.00418277,0.0,2024-W31
adj_close.csv,ARIMA,DVY,0.00207297,0.00084609,0.00204758,0.00207297,0.00084609,0.00204758,"ARIMA(1, 0, 0)",-0.00204758,2.539e-05,-0.00289366,0.0,2024-W32
adj_close.csv,ARIMA,DVY,0.00504979,0.00711233,0.00506475,0.00504979,0.00711233,0.00506475,"ARIMA(1, 0, 0)",0.00506475,1.496e-05,-0.00204758,0.0,2024-W33
adj_close.csv,ARIMA,DVY,0.00415946,0.00095509,0.00410966,0.00415946,0.00095509,0.00410966,"ARIMA(1, 0, 0)",0.00410966,-4.98e-05,0.00506475,0.0,2024-W34
adj_close.csv,ARIMA,DVY,0.00273787,0.00139118,0.00271848,0.00273787,0.00139118,0.00271848,"ARIMA(1, 0, 0)",0.00271848,-1.94e-05,0.00410966,0.0,2024-W35
adj_close.csv,ARIMA,DVY,0.00538525,0.00810916,0.00539068,0.00538525,0.00810916,0.00539068,"ARIMA(1, 0, 0)",-0.00539068,-5.44e-06,0.00271848,0.0,2024-W36
adj_close.csv,ARIMA,DVY,0.00364022,0.00906072,0.00367004,0.00364022,0.00906072,0.00367004,"ARIMA(1, 0, 0)",0.00367004,2.982e-05,-0.00539068,0.0,2024-W37
adj_close.csv,ARIMA,DVY,0.00244744,0.00126016,0.00240988,0.00244744,0.00126016,0.00240988,"ARIMA(1, 0, 0)",0.00240988,-3.756e-05,0.00367004,0.0,2024-W38
adj_close.csv,ARIMA,DVY,0.00154858,0.0008808,0.00152908,0.00154858,0.0008808,0.00152908,"ARIMA(1, 0, 0)",0.00152908,-1.949e-05,0.00240988,0.0,2024-W39
adj_close.csv,ARIMA,DVY,0.00077721,0.0023173,0.00078822,0.00077721,0.0023173,0.00078822,"ARIMA(1, 0, 0)",-0.00078822,-1.101e-05,0.00152908,0.0,2024-W40
adj_close.csv,ARIMA,DVY,9.835e-05,0.00089247,0.00010425,9.835e-05,0.00089247,0.00010425,"ARIMA(1, 0, 0)",0.00010425,5.9e-06,-0.00078822,0.0,2024-W41
adj_close.csv,ARIMA,DVY,0.00383628,0.00373124,0.00383549,0.00383628,0.00373124,0.00383549,"ARIMA(1, 0, 0)",0.00383549,-7.8e-07,0.00010425,0.0,2024-W42
adj_close.csv,ARIMA,DVY,0.00474764,0.00861153,0.00477604,0.00474764,0.00861153,0.00477604,"ARIMA(1, 0, 0)",-0.00477604,-2.84e-05,0.00383549,0.0,2024-W43
adj_close.csv,ARIMA,DVY,0.00025066,0.0045814,0.00019464,0.00025066,0.0045814,0.00019464,"ARIMA(1, 0, 0)",-0.00019464,5.602e-05,-0.00477604,0.0,2024-W44
adj_close.csv,ARIMA,DVY,0.00683004,0.00702691,0.00683227,0.00683004,0.00702691,0.00683227,"ARIMA(1, 0, 0)",0.00683227,2.23e-06,-0.00019464,0.0,2024-W45
adj_close.csv,ARIMA,DVY,0.00032626,0.00658637,0.0002459,0.00032626,0.00658637,0.0002459,"ARIMA(1, 0, 0)",0.0002459,-8.036e-05,0.00683227,0.0,2024-W46
adj_close.csv,ARIMA,DVY,0.0053524,0.00510374,0.00534964,0.0053524,0.00510374,0.00534964,"ARIMA(1, 0, 0)",0.00534964,-2.76e-06,0.0002459,0.0,2024-W47
adj_close.csv,ARIMA,DVY,0.00238784,0.00302028,0.00232936,0.00238784,0.00302028,0.00232936,"ARIMA(1, 0, 0)",0.00232936,-5.849e-05,0.00534964,0.0,2024-W48
adj_close.csv,ARIMA,DVY,0.00509472,0.00744263,0.00511328,0.00509472,0.00744263,0.00511328,"ARIMA(1, 0, 0)",-0.00511328,-1.856e-05,0.00232936,0.0,2024-W49
adj_close.csv,ARIMA,DVY,0.00414527,0.00102282,0.00409046,0.00414527,0.00102282,0.00409046,"ARIMA(1, 0, 0)",-0.00409046,5.481e-05,-0.00511328,0.0,2024-W50
adj_close.csv,ARIMA,DVY,0.00643194,0.00231761,0.00640807,0.00643194,0.00231761,0.00640807,"ARIMA(1, 0, 0)",-0.00640807,2.387e-05,-0.00409046,0.0,2024-W51
adj_close.csv,ARIMA,DVY,0.00112166,0.00752842,0.00112035,0.00112166,0.00752842,0.00112035,"ARIMA(1, 0, 0)",0.00112035,-1.3e-06,-0.00640807,0.0,2024-W52
adj_close.csv,ARIMA,DVY,0.00013105,0.00125301,0.00013266,0.00013105,0.00125301,0.00013266,"ARIMA(1, 0, 0)",-0.00013266,-1.6e-06,0.00112035,0.0,2025-W01
adj_close.csv,ARIMA,DVY,0.00633546,0.00620261,0.00633527,0.00633546,0.00620261,0.00633527,"ARIMA(1, 0, 0)",-0.00633527,1.9e-07,-0.00013266,0.0,2025-W02
adj_close.csv,ARIMA,DVY,0.00944013,0.01578346,0.00944819,0.00944013,0.01578346,0.00944819,"ARIMA(1, 0, 0)",0.00944819,8.07e-06,-0.00633527,0.0,2025-W03
adj_close.csv,ARIMA,DVY,0.00069507,0.00889244,0.00055575,0.00069507,0.00889244,0.00055575,"ARIMA(1, 0, 0)",0.00055575,-0.00013932,0.00944819,0.0,2025-W04
adj_close.csv,ARIMA,DVY,0.00051147,0.0010746,0.00051885,0.00051147,0.0010746,0.00051885,"ARIMA(1, 0, 0)",-0.00051885,-7.39e-06,0.00055575,0.0,2025-W05
adj_close.csv,ARIMA,DVY,0.00097396,0.00044817,0.00096703,0.00097396,0.00044817,0.00096703,"ARIMA(1, 0, 0)",-0.00096703,6.93e-06,-0.00051885,0.0,2025-W06
adj_close.csv,ARIMA,DVY,0.00237407,0.00335391,0.00238688,0.00237407,0.00335391,0.00238688,"ARIMA(1, 0, 0)",0.00238688,1.281e-05,-0.00096703,0.0,2025-W07
adj_close.csv,ARIMA,DVY,0.00183164,0.00058807,0.00179881,0.00183164,0.00058807,0.00179881,"ARIMA(1, 0, 0)",0.00179881,-3.283e-05,0.00238688,0.0,2025-W08
adj_close.csv,ARIMA,DVY,0.0020755,0.00025368,0.00205249,0.0020755,0.00025368,0.00205249,"ARIMA(1, 0, 0)",0.00205249,-2.301e-05,0.00179881,0.0,2025-W09
adj_close.csv,ARIMA,DVY,0.0055558,0.00763285,0.00558036,0.0055558,0.00763285,0.00558036,"ARIMA(1, 0, 0)",-0.00558036,-2.456e-05,0.00205249,0.0,2025-W10
adj_close.csv,ARIMA,DVY,0.00177072,0.00389043,0.00168993,0.00177072,0.00389043,0.00168993,"ARIMA(1, 0, 0)",-0.00168993,8.079e-05,-0.00558036,0.0,2025-W11
adj_close.csv,ARIMA,DVY,0.00094339,0.00265413,0.0009642,0.00094339,0.00265413,0.0009642,"ARIMA(1, 0, 0)",0.0009642,2.081e-05,-0.00168993,0.0,2025-W12
adj_close.csv,ARIMA,DVY,3.296e-05,0.00100938,4.518e-05,3.296e-05,0.00100938,4.518e-05,"ARIMA(1, 0, 0)",-4.518e-05,-1.221e-05,0.0009642,0.0,2025-W13
adj_close.csv,ARIMA,DVY,0.01676012,0.01671437,0.01675954,0.01676012,0.01671437,0.01675954,"ARIMA(1, 0, 0)",-0.01675954,5.7e-07,-4.518e-05,0.0,2025-W14
adj_close.csv,ARIMA,DVY,0.00299228,0.01996142,0.00320188,0.00299228,0.01996142,0.00320188,"ARIMA(1, 0, 0)",0.00320188,0.0002096,-0.01675954,0.0,2025-W15
adj_close.csv,ARIMA,DVY,0.00371462,0.00043965,0.00364153,0.00371462,0.00043965,0.00364153,"ARIMA(1, 0, 0)",0.00364153,-7.309e-05,0.00320188,0.0,2025-W16
adj_close.csv,ARIMA,DVY,0.0029143,0.00080146,0.00284007,0.0029143,0.00080146,0.00284007,"ARIMA(1, 0, 0)",0.00284007,-7.423e-05,0.00364153,0.0,2025-W17
adj_close.csv,ARIMA,DVY,0.00334576,0.00045397,0.00329403,0.00334576,0.00045397,0.00329403,"ARIMA(1, 0, 0)",0.00329403,-5.172e-05,0.00284007,0.0,2025-W18
adj_close.csv,ARIMA,DVY,0.0001777,0.00352533,0.00023129,0.0001777,0.00352533,0.00023129,"ARIMA(1, 0, 0)",-0.00023129,-5.359e-05,0.00329403,0.0,2025-W19
adj_close.csv,ARIMA,DVY,0.00629868,0.00653377,0.00630247,0.00629868,0.00653377,0.00630247,"ARIMA(1, 0, 0)",0.00630247,3.79e-06,-0.00023129,0.0,2025-W20
adj_close.csv,ARIMA,DVY,0.00513557,0.0115432,0.00524073,0.00513557,0.0115432,0.00524073,"ARIMA(1, 0, 0)",-0.00524073,-0.00010516,0.00630247,0.0,2025-W21
adj_close.csv,ARIMA,DVY,0.00150351,0.00686601,0.00162528,0.00150351,0.00686601,0.00162528,"ARIMA(1, 0, 0)",0.00162528,0.00012177,-0.00524073,0.0,2025-W22
adj_close.csv,ARIMA,DVY,0.0007709,0.00089472,0.00073056,0.0007709,0.00089472,0.00073056,"ARIMA(1, 0, 0)",0.00073056,-4.034e-05,0.00162528,0.0,2025-W23
adj_close.csv,ARIMA,DVY,0.00068209,0.0014306,0.00070004,0.00068209,0.0014306,0.00070004,"ARIMA(1, 0, 0)",-0.00070004,-1.795e-05,0.00073056,0.0,2025-W24
adj_close.csv,ARIMA,DVY,0.00071843,0.00143574,0.0007357,0.00071843,0.00143574,0.0007357,"ARIMA(1, 0, 0)",0.0007357,1.727e-05,-0.00070004,0.0,2025-W25
adj_close.csv,ARIMA,DVY,0.00276131,0.00200739,0.00274309,0.00276131,0.00200739,0.00274309,"ARIMA(1, 0, 0)",0.00274309,-1.822e-05,0.0007357,0.0,2025-W26
adj_close.csv,ARIMA,DVY,0.00845707,0.00564715,0.00839024,0.00845707,0.00564715,0.00839024,"ARIMA(1, 0, 0)",0.00839024,-6.683e-05,0.00274309,0.0,2025-W27
adj_close.csv,ARIMA,DVY,0.00050904,0.0090646,0.00067436,0.00050904,0.0090646,0.00067436,"ARIMA(1, 0, 0)",-0.00067436,-0.00016532,0.00839024,0.0,2025-W28
adj_close.csv,ARIMA,DVY,0.00085271,0.00016449,0.00083885,0.00085271,0.00016449,0.00083885,"ARIMA(1, 0, 0)",-0.00083885,1.386e-05,-0.00067436,0.0,2025-W29
adj_close.csv,ARIMA,DVY,0.00357813,0.00443413,0.00359528,0.00357813,0.00443413,0.00359528,"ARIMA(1, 0, 0)",0.00359528,1.714e-05,-0.00083885,0.0,2025-W30
adj_close.csv,ARIMA,DVY,0.00602759,0.00969847,0.0061032,0.00602759,0.00969847,0.0061032,"ARIMA(1, 0, 0)",-0.0061032,-7.561e-05,0.00359528,0.0,2025-W31
adj_close.csv,ARIMA,DVY,0.00306009,0.00931775,0.00321455,0.00306009,0.00931775,0.00321455,"ARIMA(1, 0, 0)",0.00321455,0.00015446,-0.0061032,0.0,2025-W32
adj_close.csv,ARIMA,DVY,0.00314104,0.00016663,0.00304792,0.00314104,0.00016663,0.00304792,"ARIMA(1, 0, 0)",0.00304792,-9.312e-05,0.00321455,0.0,2025-W33
adj_close.csv,ARIMA,DVY,0.00577512,0.00264493,0.00569285,0.00577512,0.00264493,0.00569285,"ARIMA(1, 0, 0)",0.00569285,-8.228e-05,0.00304792,0.0,2025-W34
adj_close.csv,ARIMA,DVY,0.00031651,0.00614347,0.00045062,0.00031651,0.00614347,0.00045062,"ARIMA(1, 0, 0)",-0.00045062,-0.00013411,0.00569285,0.0,2025-W35
adj_close.csv,ARIMA,DVY,0.00022235,0.00023905,0.00021157,0.00022235,0.00023905,0.00021157,"ARIMA(1, 0, 0)",-0.00021157,1.077e-05,-0.00045062,0.0,2025-W36
adj_close.csv,ARIMA,DVY,0.00026284,0.00047947,0.0002679,0.00026284,0.00047947,0.0002679,"ARIMA(1, 0, 0)",0.0002679,5.05e-06,-0.00021157,0.0,2025-W37
adj_close.csv,ARIMA,DVY,0.00056072,0.00083502,0.00056713,0.00056072,0.00083502,0.00056713,"ARIMA(1, 0, 0)",-0.00056713,-6.4e-06,0.0002679,0.0,2025-W38
adj_close.csv,ARIMA,DVY,0.00152031,0.00210101,0.00153388,0.00152031,0.00210101,0.00153388,"ARIMA(1, 0, 0)",0.00153388,1.357e-05,-0.00056713,0.0,2025-W39
adj_close.csv,ARIMA,DVY,0.00249771,0.00092687,0.00246075,0.00249771,0.00092687,0.00246075,"ARIMA(1, 0, 0)",0.00246075,-3.696e-05,0.00153388,0.0,2025-W40
adj_close.csv,ARIMA,DVY,0.00698277,0.00950099,0.00704024,0.00698277,0.00950099,0.00704024,"ARIMA(1, 0, 0)",-0.00704024,-5.746e-05,0.00246075,0.0,2025-W41
adj_close.csv,ARIMA,DVY,0.00272942,0.00995749,0.00291725,0.00272942,0.00995749,0.00291725,"ARIMA(1, 0, 0)",0.00291725,0.00018783,-0.00704024,0.0,2025-W42
adj_close.csv,ARIMA,DVY,0.00345549,0.00044965,0.0033669,0.00345549,0.00044965,0.0033669,"ARIMA(1, 0, 0)",0.0033669,-8.859e-05,0.00291725,0.0,2025-W43
adj_close.csv,ARIMA,DVY,0.00473166,0.0081943,0.0048274,0.00473166,0.0081943,0.0048274,"ARIMA(1, 0, 0)",-0.0048274,-9.574e-05,0.0033669,0.0,2025-W44
adj_close.csv,ARIMA,DVY,0.00133706,0.00631642,0.00148902,0.00133706,0.00631642,0.00148902,"ARIMA(1, 0, 0)",0.00148902,0.00015197,-0.0048274,0.0,2025-W45
adj_close.csv,ARIMA,DVY,0.00066113,0.0008766,0.00061242,0.00066113,0.0008766,0.00061242,"ARIMA(1, 0, 0)",0.00061242,-4.87e-05,0.00148902,0.0,2025-W46
adj_close.csv,ARIMA,DVY,0.00096373,0.00159607,0.00098365,0.00096373,0.00159607,0.00098365,"ARIMA(1, 0, 0)",-0.00098365,-1.992e-05,0.00061242,0.0,2025-W47
adj_close.csv,ARIMA,DVY,0.00633487,0.00735061,0.00636697,0.00633487,0.00735061,0.00636697,"ARIMA(1, 0, 0)",0.00636697,3.21e-05,-0.00098365,0.0,2025-W48
adj_close.csv,ARIMA,DVY,0.00218125,0.00876353,0.00239657,0.00218125,0.00876353,0.00239657,"ARIMA(1, 0, 0)",-0.00239657,-0.00021532,0.00636697,0.0,2025-W49
adj_close.csv,ARIMA,DVY,0.0031295,0.00561339,0.00321682,0.0031295,0.00561339,0.00321682,"ARIMA(1, 0, 0)",0.00321682,8.733e-05,-0.00239657,0.0,2025-W50
adj_close.csv,ARIMA,DVY,0.0008024,0.00414099,0.00092417,0.0008024,0.00414099,0.00092417,"ARIMA(1, 0, 0)",-0.00092417,-0.00012176,0.00321682,0.0,2025-W51
adj_close.csv,ARIMA,DVY,0.00126508,0.00222468,0.00130051,0.00126508,0.00222468,0.00130051,"ARIMA(1, 0, 0)",0.00130051,3.543e-05,-0.00092417,0.0,2025-W52
adj_close.csv,ARIMA,DVY,6.769e-05,0.00128297,1.755e-05,6.769e-05,0.00128297,1.755e-05,"ARIMA(1, 0, 0)",1.755e-05,-5.014e-05,0.00130051,0.0,2026-W01
adj_close.csv,ARIMA,DVY,0.00416373,0.00414551,0.00416306,0.00416373,0.00414551,0.00416306,"ARIMA(1, 0, 0)",0.00416306,-6.8e-07,1.755e-05,0.0,2026-W02
adj_close.csv,ARIMA,DVY,0.00273931,0.00158414,0.00257892,0.00273931,0.00158414,0.00257892,"ARIMA(1, 0, 0)",0.00257892,-0.00016039,0.00416306,0.0,2026-W03
adj_close.csv,ARIMA,DVY,0.00072009,0.00195268,0.00062624,0.00072009,0.00195268,0.00062624,"ARIMA(1, 0, 0)",0.00062624,-9.385e-05,0.00257892,0.0,2026-W04
adj_close.csv,ARIMA,DVY,0.00346828,0.00281947,0.00344571,0.00346828,0.00281947,0.00344571,"ARIMA(1, 0, 0)",0.00344571,-2.257e-05,0.00062624,0.0,2026-W05
adj_close.csv,ARIMA,DVY,0.0048305,0.00126199,0.00470771,0.0048305,0.00126199,0.00470771,"ARIMA(1, 0, 0)",0.00470771,-0.00012279,0.00344571,0.0,2026-W06
adj_close.csv,ARIMA,EEM,0.0023082,0.00632957,0.00178614,0.0023082,0.00632957,0.00178614,"ARIMA(0, 0, 1)",-0.00178614,0.00052206,-0.00811571,0.0,2024-W30
adj_close.csv,ARIMA,EEM,0.00376466,0.00183474,0.00362088,0.00376466,0.00183474,0.00362088,"ARIMA(0, 0, 1)",-0.00362088,0.00014377,-0.00178614,0.0,2024-W31
adj_close.csv,ARIMA,EEM,0.00197279,0.00582029,0.00219941,0.00197279,0.00582029,0.00219941,"ARIMA(0, 0, 1)",0.00219941,0.00022662,-0.00362088,0.0,2024-W32
adj_close.csv,ARIMA,EEM,0.00644051,0.00411912,0.00631853,0.00644051,0.00411912,0.00631853,"ARIMA(0, 0, 1)",0.00631853,-0.00012198,0.00219941,0.0,2024-W33
adj_close.csv,ARIMA,EEM,0.00235734,0.00434717,0.00197136,0.00235734,0.00434717,0.00197136,"ARIMA(0, 0, 1)",0.00197136,-0.00038598,0.00631853,0.0,2024-W34
adj_close.csv,ARIMA,EEM,0.00202374,0.00412712,0.00215576,0.00202374,0.00412712,0.00215576,"ARIMA(0, 0, 1)",-0.00215576,-0.00013202,0.00197136,0.0,2024-W35
adj_close.csv,ARIMA,EEM,0.00945456,0.00718177,0.00933753,0.00945456,0.00718177,0.00933753,"ARIMA(0, 0, 1)",-0.00933753,0.00011703,-0.00215576,0.0,2024-W36
adj_close.csv,ARIMA,EEM,0.00444934,0.01430174,0.00496421,0.00444934,0.01430174,0.00496421,"ARIMA(0, 0, 1)",0.00496421,0.00051487,-0.00933753,0.0,2024-W37
adj_close.csv,ARIMA,EEM,0.00425409,0.00098812,0.00397609,0.00425409,0.00098812,0.00397609,"ARIMA(0, 0, 1)",0.00397609,-0.000278,0.00496421,0.0,2024-W38
adj_close.csv,ARIMA,EEM,0.01319782,0.00896309,0.01293918,0.01319782,0.00896309,0.01293918,"ARIMA(0, 0, 1)",0.01293918,-0.00025864,0.00397609,0.0,2024-W39
adj_close.csv,ARIMA,EEM,0.00216141,0.0114004,0.00153878,0.00216141,0.0114004,0.00153878,"ARIMA(0, 0, 1)",0.00153878,-0.00062262,0.01293918,0.0,2024-W40
adj_close.csv,ARIMA,EEM,0.00252852,0.0041532,0.00261442,0.00252852,0.0041532,0.00261442,"ARIMA(0, 0, 1)",-0.00261442,-8.59e-05,0.00153878,0.0,2024-W41
adj_close.csv,ARIMA,EEM,0.00201675,0.00070717,0.00190725,0.00201675,0.00070717,0.00190725,"ARIMA(0, 0, 1)",-0.00190725,0.0001095,-0.00261442,0.0,2024-W42
adj_close.csv,ARIMA,EEM,0.00360075,0.00160778,0.00351503,0.00360075,0.00160778,0.00351503,"ARIMA(0, 0, 1)",-0.00351503,8.572e-05,-0.00190725,0.0,2024-W43
adj_close.csv,ARIMA,EEM,0.00295884,0.00070282,0.00281221,0.00295884,0.00070282,0.00281221,"ARIMA(0, 0, 1)",-0.00281221,0.00014663,-0.00351503,0.0,2024-W44
adj_close.csv,ARIMA,EEM,0.00060469,0.00353017,0.00071796,0.00060469,0.00353017,0.00071796,"ARIMA(0, 0, 1)",0.00071796,0.00011327,-0.00281221,0.0,2024-W45
adj_close.csv,ARIMA,EEM,0.00774011,0.0084815,0.00776354,0.00774011,0.0084815,0.00776354,"ARIMA(0, 0, 1)",-0.00776354,-2.342e-05,0.00071796,0.0,2024-W46
adj_close.csv,ARIMA,EEM,0.001229,0.00929433,0.00153079,0.001229,0.00929433,0.00153079,"ARIMA(0, 0, 1)",0.00153079,0.00030179,-0.00776354,0.0,2024-W47
adj_close.csv,ARIMA,EEM,6.594e-05,0.00164636,0.00011557,6.594e-05,0.00164636,0.00011557,"ARIMA(0, 0, 1)",-0.00011557,-4.963e-05,0.00153079,0.0,2024-W48
adj_close.csv,ARIMA,EEM,0.00270657,0.00282484,0.00270927,0.00270657,0.00282484,0.00270927,"ARIMA(0, 0, 1)",0.00270927,2.69e-06,-0.00011557,0.0,2024-W49
adj_close.csv,ARIMA,EEM,0.0009297,0.00188995,0.00081932,0.0009297,0.00188995,0.00081932,"ARIMA(0, 0, 1)",0.00081932,-0.00011038,0.00270927,0.0,2024-W50
adj_close.csv,ARIMA,EEM,0.00477306,0.00562978,0.00481046,0.00477306,0.00562978,0.00481046,"ARIMA(0, 0, 1)",-0.00481046,-3.74e-05,0.00081932,0.0,2024-W51
adj_close.csv,ARIMA,EEM,2.104e-05,0.00498783,0.00017737,2.104e-05,0.00498783,0.00017737,"ARIMA(0, 0, 1)",0.00017737,0.00019841,-0.00481046,0.0,2024-W52
adj_close.csv,ARIMA,EEM,0.00088897,0.00106547,0.0008881,0.00088897,0.00106547,0.0008881,"ARIMA(0, 0, 1)",-0.0008881,8.7e-07,0.00017737,0.0,2025-W01
adj_close.csv,ARIMA,EEM,0.0064043,0.00547938,0.00636748,0.0064043,0.00547938,0.00636748,"ARIMA(0, 0, 1)",-0.00636748,3.682e-05,-0.0008881,0.0,2025-W02
adj_close.csv,ARIMA,EEM,0.00455126,0.01117656,0.00480908,0.00455126,0.01117656,0.00480908,"ARIMA(0, 0, 1)",0.00480908,0.00025782,-0.00636748,0.0,2025-W03
adj_close.csv,ARIMA,EEM,0.00526478,0.00024754,0.00505663,0.00526478,0.00024754,0.00505663,"ARIMA(0, 0, 1)",0.00505663,-0.00020815,0.00480908,0.0,2025-W04
adj_close.csv,ARIMA,EEM,0.00085111,0.00613051,0.00107389,0.00085111,0.00613051,0.00107389,"ARIMA(0, 0, 1)",-0.00107389,-0.00022278,0.00505663,0.0,2025-W05
adj_close.csv,ARIMA,EEM,0.00219793,0.00330854,0.00223465,0.00219793,0.00330854,0.00223465,"ARIMA(0, 0, 1)",0.00223465,3.672e-05,-0.00107389,0.0,2025-W06
adj_close.csv,ARIMA,EEM,0.00562025,0.00329019,0.00552484,0.00562025,0.00329019,0.00552484,"ARIMA(0, 0, 1)",0.00552484,-9.54e-05,0.00223465,0.0,2025-W07
adj_close.csv,ARIMA,EEM,0.00297391,0.00278157,0.00274328,0.00297391,0.00278157,0.00274328,"ARIMA(0, 0, 1)",0.00274328,-0.00023064,0.00552484,0.0,2025-W08
adj_close.csv,ARIMA,EEM,0.00756195,0.01041646,0.00767318,0.00756195,0.01041646,0.00767318,"ARIMA(0, 0, 1)",-0.00767318,-0.00011123,0.00274328,0.0,2025-W09
adj_close.csv,ARIMA,EEM,0.00519741,0.01319676,0.00552358,0.00519741,0.01319676,0.00552358,"ARIMA(0, 0, 1)",0.00552358,0.00032617,-0.00767318,0.0,2025-W10
adj_close.csv,ARIMA,EEM,0.00097792,0.00480447,0.00071911,0.00097792,0.00480447,0.00071911,"ARIMA(0, 0, 1)",0.00071911,-0.00025881,0.00552358,0.0,2025-W11
adj_close.csv,ARIMA,EEM,4.821e-05,0.00071911,0.0,4.821e-05,0.00071911,0.0,"ARIMA(0, 0, 1)",0.0,-4.821e-05,0.00071911,0.0,2025-W12
adj_close.csv,ARIMA,EEM,0.00366495,0.00366733,0.00366733,0.00366495,0.00366733,0.00366733,"ARIMA(0, 0, 1)",-0.00366733,-2.38e-06,0.0,0.0,2025-W13
adj_close.csv,ARIMA,EEM,0.01531659,0.01146733,0.01513466,0.01531659,0.01146733,0.01513466,"ARIMA(0, 0, 1)",-0.01513466,0.00018193,-0.00366733,0.0,2025-W14
adj_close.csv,ARIMA,EEM,0.00509042,0.02081949,0.00568482,0.00509042,0.02081949,0.00568482,"ARIMA(0, 0, 1)",0.00568482,0.0005944,-0.01513466,0.0,2025-W15
adj_close.csv,ARIMA,EEM,0.00127691,0.00466893,0.00101589,0.00127691,0.00466893,0.00101589,"ARIMA(0, 0, 1)",0.00101589,-0.00026102,0.00568482,0.0,2025-W16
adj_close.csv,ARIMA,EEM,0.00723695,0.00615366,0.00716955,0.00723695,0.00615366,0.00716955,"ARIMA(0, 0, 1)",0.00716955,-6.74e-05,0.00101589,0.0,2025-W17
adj_close.csv,ARIMA,EEM,0.00737606,0.0001592,0.00701035,0.00737606,0.0001592,0.00701035,"ARIMA(0, 0, 1)",0.00701035,-0.00036571,0.00716955,0.0,2025-W18
adj_close.csv,ARIMA,EEM,0.00010421,0.00741076,0.00040042,0.00010421,0.00741076,0.00040042,"ARIMA(0, 0, 1)",-0.00040042,-0.00029621,0.00701035,0.0,2025-W19
adj_close.csv,ARIMA,EEM,0.00591924,0.00632386,0.00592344,0.00591924,0.00632386,0.00592344,"ARIMA(0, 0, 1)",0.00592344,4.2e-06,-0.00040042,0.0,2025-W20
adj_close.csv,ARIMA,EEM,0.00010468,0.00605318,0.00012974,0.00010468,0.00605318,0.00012974,"ARIMA(0, 0, 1)",-0.00012974,-0.00023443,0.00592344,0.0,2025-W21
adj_close.csv,ARIMA,EEM,0.00386516,0.00373953,0.00386927,0.00386516,0.00373953,0.00386927,"ARIMA(0, 0, 1)",-0.00386927,-4.11e-06,-0.00012974,0.0,2025-W22
adj_close.csv,ARIMA,EEM,0.0059034,0.00992772,0.00605844,0.0059034,0.00992772,0.00605844,"ARIMA(0, 0, 1)",0.00605844,0.00015505,-0.00386927,0.0,2025-W23
adj_close.csv,ARIMA,EEM,0.00106779,0.00525018,0.00080826,0.00106779,0.00525018,0.00080826,"ARIMA(0, 0, 1)",0.00080826,-0.00025953,0.00605844,0.0,2025-W24
adj_close.csv,ARIMA,EEM,0.00171794,0.00257194,0.00176367,0.00171794,0.00257194,0.00176367,"ARIMA(0, 0, 1)",-0.00176367,-4.573e-05,0.00080826,0.0,2025-W25
adj_close.csv,ARIMA,EEM,0.00738203,0.00922057,0.00745689,0.00738203,0.00922057,0.00745689,"ARIMA(0, 0, 1)",0.00745689,7.486e-05,-0.00176367,0.0,2025-W26
adj_close.csv,ARIMA,EEM,0.00379518,0.00399789,0.003459,0.00379518,0.00399789,0.003459,"ARIMA(0, 0, 1)",0.003459,-0.00033618,0.00745689,0.0,2025-W27
adj_close.csv,ARIMA,EEM,0.00190796,0.00552044,0.00206144,0.00190796,0.00552044,0.00206144,"ARIMA(0, 0, 1)",-0.00206144,-0.00015348,0.003459,0.0,2025-W28
adj_close.csv,ARIMA,EEM,0.00328922,0.00543116,0.00336972,0.00328922,0.00543116,0.00336972,"ARIMA(0, 0, 1)",0.00336972,8.05e-05,-0.00206144,0.0,2025-W29
adj_close.csv,ARIMA,EEM,0.0018863,0.00162514,0.00174459,0.0018863,0.00162514,0.00174459,"ARIMA(0, 0, 1)",0.00174459,-0.00014172,0.00336972,0.0,2025-W30
adj_close.csv,ARIMA,EEM,0.00528386,0.00710769,0.0053631,0.00528386,0.00710769,0.0053631,"ARIMA(0, 0, 1)",-0.0053631,-7.925e-05,0.00174459,0.0,2025-W31
adj_close.csv,ARIMA,EEM,0.00484715,0.01044324,0.00508014,0.00484715,0.01044324,0.00508014,"ARIMA(0, 0, 1)",0.00508014,0.00023298,-0.0053631,0.0,2025-W32
adj_close.csv,ARIMA,EEM,0.00224572,0.00306764,0.0020125,0.00224572,0.00306764,0.0020125,"ARIMA(0, 0, 1)",0.0020125,-0.00023323,0.00508014,0.0,2025-W33
adj_close.csv,ARIMA,EEM,0.00284886,0.00073191,0.00274441,0.00284886,0.00073191,0.00274441,"ARIMA(0, 0, 1)",0.00274441,-0.00010445,0.0020125,0.0,2025-W34
adj_close.csv,ARIMA,EEM,0.00293603,0.00580945,0.00306504,0.00293603,0.00580945,0.00306504,"ARIMA(0, 0, 1)",-0.00306504,-0.00012902,0.00274441,0.0,2025-W35
adj_close.csv,ARIMA,EEM,0.00280334,0.00600596,0.00294092,0.00280334,0.00600596,0.00294092,"ARIMA(0, 0, 1)",0.00294092,0.00013758,-0.00306504,0.0,2025-W36
adj_close.csv,ARIMA,EEM,0.00718458,0.00410878,0.0070497,0.00718458,0.00410878,0.0070497,"ARIMA(0, 0, 1)",0.0070497,-0.00013488,0.00294092,0.0,2025-W37
adj_close.csv,ARIMA,EEM,0.00317328,0.00419984,0.00284986,0.00317328,0.00419984,0.00284986,"ARIMA(0, 0, 1)",0.00284986,-0.00032342,0.0070497,0.0,2025-W38
adj_close.csv,ARIMA,EEM,0.00100601,0.00398494,0.00113508,0.00100601,0.00398494,0.00113508,"ARIMA(0, 0, 1)",-0.00113508,-0.00012907,0.00284986,0.0,2025-W39
adj_close.csv,ARIMA,EEM,0.00564395,0.00682089,0.00568581,0.00564395,0.00682089,0.00568581,"ARIMA(0, 0, 1)",0.00568581,4.187e-05,-0.00113508,0.0,2025-W40
adj_close.csv,ARIMA,EEM,0.00839062,0.01431482,0.00862901,0.00839062,0.01431482,0.00862901,"ARIMA(0, 0, 1)",-0.00862901,-0.00023838,0.00568581,0.0,2025-W41
adj_close.csv,ARIMA,EEM,0.00802634,0.01707354,0.00844453,0.00802634,0.01707354,0.00844453,"ARIMA(0, 0, 1)",0.00844453,0.00041819,-0.00862901,0.0,2025-W42
adj_close.csv,ARIMA,EEM,0.00384699,0.00507695,0.00336758,0.00384699,0.00507695,0.00336758,"ARIMA(0, 0, 1)",0.00336758,-0.00047941,0.00844453,0.0,2025-W43
adj_close.csv,ARIMA,EEM,0.00093762,0.00264294,0.00072464,0.00093762,0.00264294,0.00072464,"ARIMA(0, 0, 1)",0.00072464,-0.00021298,0.00336758,0.0,2025-W44
adj_close.csv,ARIMA,EEM,0.00267951,0.00345567,0.00273104,0.00267951,0.00345567,0.00273104,"ARIMA(0, 0, 1)",-0.00273104,-5.152e-05,0.00072464,0.0,2025-W45
adj_close.csv,ARIMA,EEM,0.00134825,0.00422863,0.00149759,0.00134825,0.00422863,0.00149759,"ARIMA(0, 0, 1)",0.00149759,0.00014934,-0.00273104,0.0,2025-W46
adj_close.csv,ARIMA,EEM,0.00680991,0.00838334,0.00688575,0.00680991,0.00838334,0.00688575,"ARIMA(0, 0, 1)",-0.00688575,-7.584e-05,0.00149759,0.0,2025-W47
adj_close.csv,ARIMA,EEM,0.00528749,0.01256465,0.0056789,0.00528749,0.01256465,0.0056789,"ARIMA(0, 0, 1)",0.0056789,0.00039141,-0.00688575,0.0,2025-W48
adj_close.csv,ARIMA,EEM,0.00187216,0.00413846,0.00154044,0.00187216,0.00413846,0.00154044,"ARIMA(0, 0, 1)",0.00154044,-0.00033171,0.0056789,0.0,2025-W49
adj_close.csv,ARIMA,EEM,0.00171987,0.00337564,0.0018352,0.00171987,0.00337564,0.0018352,"ARIMA(0, 0, 1)",-0.0018352,-0.00011533,0.00154044,0.0,2025-W50
adj_close.csv,ARIMA,EEM,0.0008078,0.00275038,0.00091518,0.0008078,0.00275038,0.00091518,"ARIMA(0, 0, 1)",0.00091518,0.00010737,-0.0018352,0.0,2025-W51
adj_close.csv,ARIMA,EEM,0.00502681,0.00406102,0.0049762,0.00502681,0.00406102,0.0049762,"ARIMA(0, 0, 1)",0.0049762,-5.061e-05,0.00091518,0.0,2025-W52
adj_close.csv,ARIMA,EEM,0.00679698,0.00150833,0.00648452,0.00679698,0.00150833,0.00648452,"ARIMA(0, 0, 1)",0.00648452,-0.00031245,0.0049762,0.0,2026-W01
adj_close.csv,ARIMA,EEM,0.00355823,0.0033093,0.00317522,0.00355823,0.0033093,0.00317522,"ARIMA(0, 0, 1)",0.00317522,-0.00038301,0.00648452,0.0,2026-W02
adj_close.csv,ARIMA,EEM,0.00272398,0.00063628,0.00253894,0.00272398,0.00063628,0.00253894,"ARIMA(0, 0, 1)",0.00253894,-0.00018504,0.00317522,0.0,2026-W03
adj_close.csv,ARIMA,EEM,0.00526844,0.00259208,0.00513102,0.00526844,0.00259208,0.00513102,"ARIMA(0, 0, 1)",0.00513102,-0.00013742,0.00253894,0.0,2026-W04
adj_close.csv,ARIMA,EEM,0.0003541,0.00502948,0.00010154,0.0003541,0.00502948,0.00010154,"ARIMA(0, 0, 1)",0.00010154,-0.00025256,0.00513102,0.0,2026-W05
adj_close.csv,ARIMA,EEM,0.00305787,0.00293952,0.00304106,0.00305787,0.00293952,0.00304106,"ARIMA(0, 0, 1)",0.00304106,-1.681e-05,0.00010154,0.0,2026-W06
adj_close.csv,ARIMA,EFA,0.00030549,0.00478801,0.00030199,0.00030549,0.00478801,0.00030199,"ARIMA(1, 0, 0)",-0.00030199,3.5e-06,-0.00509,0.0,2024-W30
adj_close.csv,ARIMA,EFA,0.00616387,0.00586179,0.00616378,0.00616387,0.00586179,0.00616378,"ARIMA(1, 0, 0)",-0.00616378,9e-08,-0.00030199,0.0,2024-W31
adj_close.csv,ARIMA,EFA,0.00098562,0.00714837,0.00098459,0.00098562,0.00714837,0.00098459,"ARIMA(1, 0, 0)",0.00098459,-1.02e-06,-0.00616378,0.0,2024-W32
adj_close.csv,ARIMA,EFA,0.00748428,0.00649837,0.00748296,0.00748428,0.00649837,0.00748296,"ARIMA(1, 0, 0)",0.00748296,-1.32e-06,0.00098459,0.0,2024-W33
adj_close.csv,ARIMA,EFA,0.00610165,0.00137767,0.00610529,0.00610165,0.00137767,0.00610529,"ARIMA(1, 0, 0)",0.00610529,3.64e-06,0.00748296,0.0,2024-W34
adj_close.csv,ARIMA,EFA,0.00031494,0.00571929,0.000386,0.00031494,0.00571929,0.000386,"ARIMA(1, 0, 0)",0.000386,7.105e-05,0.00610529,0.0,2024-W35
adj_close.csv,ARIMA,EFA,0.00977366,0.01015498,0.00976898,0.00977366,0.01015498,0.00976898,"ARIMA(1, 0, 0)",-0.00976898,4.67e-06,0.000386,0.0,2024-W36
adj_close.csv,ARIMA,EFA,0.0043988,0.01405847,0.00428948,0.0043988,0.01405847,0.00428948,"ARIMA(1, 0, 0)",0.00428948,-0.00010932,-0.00976898,0.0,2024-W37
adj_close.csv,ARIMA,EFA,0.00177839,0.0025067,0.00178278,0.00177839,0.0025067,0.00178278,"ARIMA(1, 0, 0)",0.00178278,4.4e-06,0.00428948,0.0,2024-W38
adj_close.csv,ARIMA,EFA,0.00399075,0.00221299,0.00399578,0.00399075,0.00221299,0.00399578,"ARIMA(1, 0, 0)",0.00399578,5.03e-06,0.00178278,0.0,2024-W39
adj_close.csv,ARIMA,EFA,0.00330989,0.00728771,0.00329193,0.00330989,0.00728771,0.00329193,"ARIMA(1, 0, 0)",-0.00329193,1.797e-05,0.00399578,0.0,2024-W40
adj_close.csv,ARIMA,EFA,0.00060201,0.00268533,0.0006066,0.00060201,0.00268533,0.0006066,"ARIMA(1, 0, 0)",-0.0006066,-4.59e-06,-0.00329193,0.0,2024-W41
adj_close.csv,ARIMA,EFA,0.00087565,0.00027017,0.00087677,0.00087565,0.00027017,0.00087677,"ARIMA(1, 0, 0)",-0.00087677,-1.13e-06,-0.0006066,0.0,2024-W42
adj_close.csv,ARIMA,EFA,0.00509064,0.00421561,0.00509238,0.00509064,0.00421561,0.00509238,"ARIMA(1, 0, 0)",-0.00509238,-1.74e-06,-0.00087677,0.0,2024-W43
adj_close.csv,ARIMA,EFA,0.00124042,0.00383655,0.00125583,0.00124042,0.00383655,0.00125583,"ARIMA(1, 0, 0)",-0.00125583,-1.541e-05,-0.00509238,0.0,2024-W44
adj_close.csv,ARIMA,EFA,0.00054938,0.00070081,0.00055502,0.00054938,0.00070081,0.00055502,"ARIMA(1, 0, 0)",-0.00055502,-5.64e-06,-0.00125583,0.0,2024-W45
adj_close.csv,ARIMA,EFA,0.00519321,0.00464078,0.0051958,0.00519321,0.00464078,0.0051958,"ARIMA(1, 0, 0)",-0.0051958,-2.58e-06,-0.00055502,0.0,2024-W46
adj_close.csv,ARIMA,EFA,0.00113959,0.00630772,0.00111193,0.00113959,0.00630772,0.00111193,"ARIMA(1, 0, 0)",0.00111193,-2.766e-05,-0.0051958,0.0,2024-W47
adj_close.csv,ARIMA,EFA,0.00449966,0.00339214,0.00450406,0.00449966,0.00339214,0.00450406,"ARIMA(1, 0, 0)",0.00450406,4.4e-06,0.00111193,0.0,2024-W48
adj_close.csv,ARIMA,EFA,0.00276858,0.00171245,0.00279161,0.00276858,0.00171245,0.00279161,"ARIMA(1, 0, 0)",0.00279161,2.302e-05,0.00450406,0.0,2024-W49
adj_close.csv,ARIMA,EFA,0.00301661,0.00578595,0.00299435,0.00301661,0.00578595,0.00299435,"ARIMA(1, 0, 0)",-0.00299435,2.227e-05,0.00279161,0.0,2024-W50
adj_close.csv,ARIMA,EFA,0.0071219,0.00414566,0.00714,0.0071219,0.00414566,0.00714,"ARIMA(1, 0, 0)",-0.00714,-1.81e-05,-0.00299435,0.0,2024-W51
adj_close.csv,ARIMA,EFA,0.00341781,0.0104798,0.0033398,0.00341781,0.0104798,0.0033398,"ARIMA(1, 0, 0)",0.0033398,-7.801e-05,-0.00714,0.0,2024-W52
adj_close.csv,ARIMA,EFA,0.0014345,0.00475625,0.00141645,0.0014345,0.00475625,0.00141645,"ARIMA(1, 0, 0)",-0.00141645,1.805e-05,0.0033398,0.0,2025-W01
adj_close.csv,ARIMA,EFA,0.00205042,0.0006401,0.00205655,0.00205042,0.0006401,0.00205655,"ARIMA(1, 0, 0)",-0.00205655,-6.13e-06,-0.00141645,0.0,2025-W02
adj_close.csv,ARIMA,EFA,0.00454152,0.00658783,0.00453128,0.00454152,0.00658783,0.00453128,"ARIMA(1, 0, 0)",0.00453128,-1.024e-05,-0.00205655,0.0,2025-W03
adj_close.csv,ARIMA,EFA,0.00783969,0.00332143,0.00785272,0.00783969,0.00332143,0.00785272,"ARIMA(1, 0, 0)",0.00785272,1.303e-05,0.00453128,0.0,2025-W04
adj_close.csv,ARIMA,EFA,5.991e-05,0.00782748,2.523e-05,5.991e-05,0.00782748,2.523e-05,"ARIMA(1, 0, 0)",2.523e-05,8.514e-05,0.00785272,0.0,2025-W05
adj_close.csv,ARIMA,EFA,0.00093143,0.00090647,0.00093171,0.00093143,0.00090647,0.00093171,"ARIMA(1, 0, 0)",0.00093171,2.7e-07,2.523e-05,0.0,2025-W06
adj_close.csv,ARIMA,EFA,0.00573508,0.00481339,0.00574509,0.00573508,0.00481339,0.00574509,"ARIMA(1, 0, 0)",0.00574509,1.001e-05,0.00093171,0.0,2025-W07
adj_close.csv,ARIMA,EFA,0.00126141,0.00693799,0.00119289,0.00126141,0.00693799,0.00119289,"ARIMA(1, 0, 0)",-0.00119289,6.851e-05,0.00574509,0.0,2025-W08
adj_close.csv,ARIMA,EFA,0.00011044,0.001291,9.811e-05,0.00011044,0.001291,9.811e-05,"ARIMA(1, 0, 0)",9.811e-05,-1.233e-05,-0.00119289,0.0,2025-W09
adj_close.csv,ARIMA,EFA,0.00686673,0.00676963,0.00686774,0.00686673,0.00676963,0.00686774,"ARIMA(1, 0, 0)",0.00686774,1.01e-06,9.811e-05,0.0,2025-W10
adj_close.csv,ARIMA,EFA,0.00178469,0.00858064,0.0017129,0.00178469,0.00858064,0.0017129,"ARIMA(1, 0, 0)",-0.0017129,7.179e-05,0.00686774,0.0,2025-W11
adj_close.csv,ARIMA,EFA,0.00010613,0.00159343,0.00011947,0.00010613,0.00159343,0.00011947,"ARIMA(1, 0, 0)",-0.00011947,-1.334e-05,-0.0017129,0.0,2025-W12
adj_close.csv,ARIMA,EFA,0.00288861,0.00277007,0.00288954,0.00288861,0.00277007,0.00288954,"ARIMA(1, 0, 0)",-0.00288954,-9.4e-07,-0.00011947,0.0,2025-W13
adj_close.csv,ARIMA,EFA,0.01888889,0.01602219,0.01891173,0.01888889,0.01602219,0.01891173,"ARIMA(1, 0, 0)",-0.01891173,-2.284e-05,-0.00288954,0.0,2025-W14
adj_close.csv,ARIMA,EFA,0.0106359,0.02917443,0.0102627,0.0106359,0.02917443,0.0102627,"ARIMA(1, 0, 0)",0.0102627,-0.00037321,-0.01891173,0.0,2025-W15
adj_close.csv,ARIMA,EFA,0.00686641,0.00360898,0.00665372,0.00686641,0.00360898,0.00665372,"ARIMA(1, 0, 0)",0.00665372,-0.00021268,0.0102627,0.0,2025-W16
adj_close.csv,ARIMA,EFA,0.00735782,0.00065856,0.00731228,0.00735782,0.00065856,0.00731228,"ARIMA(1, 0, 0)",0.00731228,-4.554e-05,0.00665372,0.0,2025-W17
adj_close.csv,ARIMA,EFA,0.00463315,0.00265927,0.00465301,0.00463315,0.00265927,0.00465301,"ARIMA(1, 0, 0)",0.00465301,1.986e-05,0.00731228,0.0,2025-W18
adj_close.csv,ARIMA,EFA,0.00034532,0.00495522,0.00030222,0.00034532,0.00495522,0.00030222,"ARIMA(1, 0, 0)",-0.00030222,4.31e-05,0.00465301,0.0,2025-W19
adj_close.csv,ARIMA,EFA,0.00293561,0.00323512,0.0029329,0.00293561,0.00323512,0.0029329,"ARIMA(1, 0, 0)",0.0029329,-2.71e-06,-0.00030222,0.0,2025-W20
adj_close.csv,ARIMA,EFA,0.00179992,0.00110722,0.00182568,0.00179992,0.00110722,0.00182568,"ARIMA(1, 0, 0)",0.00182568,2.576e-05,0.0029329,0.0,2025-W21
adj_close.csv,ARIMA,EFA,0.0021591,0.00035131,0.00217699,0.0021591,0.00035131,0.00217699,"ARIMA(1, 0, 0)",0.00217699,1.789e-05,0.00182568,0.0,2025-W22
adj_close.csv,ARIMA,EFA,0.00206049,9.352e-05,0.00208346,0.00206049,9.352e-05,0.00208346,"ARIMA(1, 0, 0)",0.00208346,2.298e-05,0.00217699,0.0,2025-W23
adj_close.csv,ARIMA,EFA,0.00116362,0.0032233,0.00113984,0.00116362,0.0032233,0.00113984,"ARIMA(1, 0, 0)",-0.00113984,2.378e-05,0.00208346,0.0,2025-W24
adj_close.csv,ARIMA,EFA,0.00395506,0.00282771,0.00396754,0.00395506,0.00282771,0.00396754,"ARIMA(1, 0, 0)",-0.00396754,-1.248e-05,-0.00113984,0.0,2025-W25
adj_close.csv,ARIMA,EFA,0.0069013,0.01082197,0.00685443,0.0069013,0.01082197,0.00685443,"ARIMA(1, 0, 0)",0.00685443,-4.687e-05,-0.00396754,0.0,2025-W26
adj_close.csv,ARIMA,EFA,0.00045807,0.00635125,0.00050319,0.00045807,0.00635125,0.00050319,"ARIMA(1, 0, 0)",0.00050319,4.512e-05,0.00685443,0.0,2025-W27
adj_close.csv,ARIMA,EFA,0.00128115,0.00178073,0.00127754,0.00128115,0.00178073,0.00127754,"ARIMA(1, 0, 0)",-0.00127754,3.61e-06,0.00050319,0.0,2025-W28
adj_close.csv,ARIMA,EFA,0.00132197,5.345e-05,0.00133099,0.00132197,5.345e-05,0.00133099,"ARIMA(1, 0, 0)",-0.00133099,-9.01e-06,-0.00127754,0.0,2025-W29
adj_close.csv,ARIMA,EFA,0.00534762,0.00666879,0.00533781,0.00534762,0.00666879,0.00533781,"ARIMA(1, 0, 0)",0.00533781,-9.82e-06,-0.00133099,0.0,2025-W30
adj_close.csv,ARIMA,EFA,0.00780668,0.01311231,0.0077745,0.00780668,0.01311231,0.0077745,"ARIMA(1, 0, 0)",-0.0077745,3.217e-05,0.00533781,0.0,2025-W31
adj_close.csv,ARIMA,EFA,0.00692119,0.0147098,0.00693529,0.00692119,0.0147098,0.00693529,"ARIMA(1, 0, 0)",0.00693529,1.411e-05,-0.0077745,0.0,2025-W32
adj_close.csv,ARIMA,EFA,0.00406988,0.00294744,0.00398786,0.00406988,0.00294744,0.00398786,"ARIMA(1, 0, 0)",0.00398786,-8.202e-05,0.00693529,0.0,2025-W33
adj_close.csv,ARIMA,EFA,0.00226999,0.00174427,0.00224358,0.00226999,0.00174427,0.00224358,"ARIMA(1, 0, 0)",0.00224358,-2.641e-05,0.00398786,0.0,2025-W34
adj_close.csv,ARIMA,EFA,0.00377872,0.00603343,0.00378984,0.00377872,0.00603343,0.00378984,"ARIMA(1, 0, 0)",-0.00378984,-1.112e-05,0.00224358,0.0,2025-W35
adj_close.csv,ARIMA,EFA,0.00082106,0.00463559,0.00084574,0.00082106,0.00463559,0.00084574,"ARIMA(1, 0, 0)",0.00084574,2.469e-05,-0.00378984,0.0,2025-W36
adj_close.csv,ARIMA,EFA,0.00260371,0.00175198,0.00259772,0.00260371,0.00175198,0.00259772,"ARIMA(1, 0, 0)",0.00259772,-5.99e-06,0.00084574,0.0,2025-W37
adj_close.csv,ARIMA,EFA,3.886e-05,0.00257622,2.15e-05,3.886e-05,0.00257622,2.15e-05,"ARIMA(1, 0, 0)",2.15e-05,-1.736e-05,0.00259772,0.0,2025-W38
adj_close.csv,ARIMA,EFA,0.00079713,0.00081878,0.00079728,0.00079713,0.00081878,0.00079728,"ARIMA(1, 0, 0)",-0.00079728,-1.4e-07,2.15e-05,0.0,2025-W39
adj_close.csv,ARIMA,EFA,0.0052158,0.00601839,0.00522112,0.0052158,0.00601839,0.00522112,"ARIMA(1, 0, 0)",0.00522112,5.31e-06,-0.00079728,0.0,2025-W40
adj_close.csv,ARIMA,EFA,0.00602619,0.01128608,0.00606497,0.00602619,0.01128608,0.00606497,"ARIMA(1, 0, 0)",-0.00606497,-3.878e-05,0.00522112,0.0,2025-W41
adj_close.csv,ARIMA,EFA,0.00478259,0.01092734,0.00486237,0.00478259,0.01092734,0.00486237,"ARIMA(1, 0, 0)",0.00486237,7.978e-05,-0.00606497,0.0,2025-W42
adj_close.csv,ARIMA,EFA,0.0012079,0.00374394,0.00111843,0.0012079,0.00374394,0.00111843,"ARIMA(1, 0, 0)",0.00111843,-8.947e-05,0.00486237,0.0,2025-W43
adj_close.csv,ARIMA,EFA,0.00114136,0.00227919,0.00116076,0.00114136,0.00227919,0.00116076,"ARIMA(1, 0, 0)",-0.00116076,-1.94e-05,0.00111843,0.0,2025-W44
adj_close.csv,ARIMA,EFA,0.00042295,0.0007582,0.00040256,0.00042295,0.0007582,0.00040256,"ARIMA(1, 0, 0)",-0.00040256,2.04e-05,-0.00116076,0.0,2025-W45
adj_close.csv,ARIMA,EFA,0.00201871,0.00242831,0.00202575,0.00201871,0.00242831,0.00202575,"ARIMA(1, 0, 0)",0.00202575,7.04e-06,-0.00040256,0.0,2025-W46
adj_close.csv,ARIMA,EFA,0.00552049,0.00758195,0.0055562,0.00552049,0.00758195,0.0055562,"ARIMA(1, 0, 0)",-0.0055562,-3.571e-05,0.00202575,0.0,2025-W47
adj_close.csv,ARIMA,EFA,0.00665236,0.0123177,0.00676149,0.00665236,0.0123177,0.00676149,"ARIMA(1, 0, 0)",0.00676149,0.00010913,-0.0055562,0.0,2025-W48
adj_close.csv,ARIMA,EFA,0.00147592,0.00546308,0.00129841,0.00147592,0.00546308,0.00129841,"ARIMA(1, 0, 0)",0.00129841,-0.00017751,0.00676149,0.0,2025-W49
adj_close.csv,ARIMA,EFA,0.00146699,0.00013679,0.0014352,0.00146699,0.00013679,0.0014352,"ARIMA(1, 0, 0)",0.0014352,-3.179e-05,0.00129841,0.0,2025-W50
adj_close.csv,ARIMA,EFA,0.00145915,1.071e-05,0.0014245,0.00145915,1.071e-05,0.0014245,"ARIMA(1, 0, 0)",0.0014245,-3.465e-05,0.0014352,0.0,2025-W51
adj_close.csv,ARIMA,EFA,0.00292407,0.00146571,0.00289021,0.00292407,0.00146571,0.00289021,"ARIMA(1, 0, 0)",0.00289021,-3.386e-05,0.0014245,0.0,2025-W52
adj_close.csv,ARIMA,EFA,0.00128036,0.00167642,0.00121379,0.00128036,0.00167642,0.00121379,"ARIMA(1, 0, 0)",0.00121379,-6.658e-05,0.00289021,0.0,2026-W01
adj_close.csv,ARIMA,EFA,0.00364227,0.00240132,0.0036151,0.00364227,0.00240132,0.0036151,"ARIMA(1, 0, 0)",0.0036151,-2.716e-05,0.00121379,0.0,2026-W02
adj_close.csv,ARIMA,EFA,0.00153014,0.00216304,0.00145206,0.00153014,0.00216304,0.00145206,"ARIMA(1, 0, 0)",0.00145206,-7.808e-05,0.0036151,0.0,2026-W03
adj_close.csv,ARIMA,EFA,0.00113271,0.0003493,0.00110276,0.00113271,0.0003493,0.00110276,"ARIMA(1, 0, 0)",0.00110276,-2.994e-05,0.00145206,0.0,2026-W04
adj_close.csv,ARIMA,EFA,0.00155697,0.00043179,0.00153455,0.00155697,0.00043179,0.00153455,"ARIMA(1, 0, 0)",0.00153455,-2.242e-05,0.00110276,0.0,2026-W05
adj_close.csv,ARIMA,EFA,0.00656092,0.00499563,0.00653019,0.00656092,0.00499563,0.00653019,"ARIMA(1, 0, 0)",0.00653019,-3.073e-05,0.00153455,0.0,2026-W06
adj_close.csv,ARIMA,EWG,0.00326833,0.0095201,0.00283052,0.00326833,0.0095201,0.00283052,"ARIMA(1, 0, 0)",0.00283052,-0.00043781,-0.00668958,0.0,2024-W30
adj_close.csv,ARIMA,EWG,0.00779276,0.01044739,0.00761687,0.00779276,0.01044739,0.00761687,"ARIMA(1, 0, 0)",-0.00761687,0.00017589,0.00283052,0.0,2024-W31
adj_close.csv,ARIMA,EWG,0.00058064,0.00774955,0.00013268,0.00058064,0.00774955,0.00013268,"ARIMA(1, 0, 0)",0.00013268,-0.00044796,-0.00761687,0.0,2024-W32
adj_close.csv,ARIMA,EWG,0.00805056,0.00792559,0.00805827,0.00805056,0.00792559,0.00805827,"ARIMA(1, 0, 0)",0.00805827,7.72e-06,0.00013268,0.0,2024-W33
adj_close.csv,ARIMA,EWG,0.00592364,0.00166476,0.00639351,0.00592364,0.00166476,0.00639351,"ARIMA(1, 0, 0)",0.00639351,0.00046987,0.00805827,0.0,2024-W34
adj_close.csv,ARIMA,EWG,0.0008733,0.00510217,0.00129134,0.0008733,0.00510217,0.00129134,"ARIMA(1, 0, 0)",0.00129134,0.00041804,0.00639351,0.0,2024-W35
adj_close.csv,ARIMA,EWG,0.00747214,0.00867798,0.00738665,0.00747214,0.00867798,0.00738665,"ARIMA(1, 0, 0)",-0.00738665,8.55e-05,0.00129134,0.0,2024-W36
adj_close.csv,ARIMA,EWG,0.00497314,0.01188123,0.00449459,0.00497314,0.01188123,0.00449459,"ARIMA(1, 0, 0)",0.00449459,-0.00047855,-0.00738665,0.0,2024-W37
adj_close.csv,ARIMA,EWG,0.00151508,0.00271245,0.00178214,0.00151508,0.00271245,0.00178214,"ARIMA(1, 0, 0)",0.00178214,0.00026706,0.00449459,0.0,2024-W38
adj_close.csv,ARIMA,EWG,0.00733842,0.00566394,0.00744608,0.00733842,0.00566394,0.00744608,"ARIMA(1, 0, 0)",0.00744608,0.00010766,0.00178214,0.0,2024-W39
adj_close.csv,ARIMA,EWG,0.00553815,0.01252024,0.00507415,0.00553815,0.01252024,0.00507415,"ARIMA(1, 0, 0)",-0.00507415,0.000464,0.00744608,0.0,2024-W40
adj_close.csv,ARIMA,EWG,0.00094992,0.0057381,0.00066395,0.00094992,0.0057381,0.00066395,"ARIMA(1, 0, 0)",0.00066395,-0.00028597,-0.00507415,0.0,2024-W41
adj_close.csv,ARIMA,EWG,0.00098484,0.00035785,0.0010218,0.00098484,0.00035785,0.0010218,"ARIMA(1, 0, 0)",0.0010218,3.696e-05,0.00066395,0.0,2024-W42
adj_close.csv,ARIMA,EWG,0.00393119,0.00489602,0.00387422,0.00393119,0.00489602,0.00387422,"ARIMA(1, 0, 0)",-0.00387422,5.697e-05,0.0010218,0.0,2024-W43
adj_close.csv,ARIMA,EWG,0.00150508,0.00215535,0.00171886,0.00150508,0.00215535,0.00171886,"ARIMA(1, 0, 0)",-0.00171886,-0.00021378,-0.00387422,0.0,2024-W44
adj_close.csv,ARIMA,EWG,0.00201096,0.00038839,0.00210725,0.00201096,0.00038839,0.00210725,"ARIMA(1, 0, 0)",-0.00210725,-9.629e-05,-0.00171886,0.0,2024-W45
adj_close.csv,ARIMA,EWG,0.0031473,0.00115914,0.00326639,0.0031473,0.00115914,0.00326639,"ARIMA(1, 0, 0)",-0.00326639,-0.00011909,-0.00210725,0.0,2024-W46
adj_close.csv,ARIMA,EWG,0.00089184,0.00218685,0.00107954,0.00089184,0.00218685,0.00107954,"ARIMA(1, 0, 0)",-0.00107954,-0.0001877,-0.00326639,0.0,2024-W47
adj_close.csv,ARIMA,EWG,0.0068154,0.00783246,0.00675292,0.0068154,0.00783246,0.00675292,"ARIMA(1, 0, 0)",0.00675292,-6.249e-05,-0.00107954,0.0,2024-W48
adj_close.csv,ARIMA,EWG,0.00643992,7.077e-05,0.00682368,0.00643992,7.077e-05,0.00682368,"ARIMA(1, 0, 0)",0.00682368,0.00038376,0.00675292,0.0,2024-W49
adj_close.csv,ARIMA,EWG,0.00205382,0.00844751,0.00162382,0.00205382,0.00844751,0.00162382,"ARIMA(1, 0, 0)",-0.00162382,0.00042999,0.00682368,0.0,2024-W50
adj_close.csv,ARIMA,EWG,0.00678117,0.00525646,0.00688028,0.00678117,0.00525646,0.00688028,"ARIMA(1, 0, 0)",-0.00688028,-9.911e-05,-0.00162382,0.0,2024-W51
adj_close.csv,ARIMA,EWG,0.00152199,0.00797163,0.00109135,0.00152199,0.00797163,0.00109135,"ARIMA(1, 0, 0)",0.00109135,-0.00043064,-0.00688028,0.0,2024-W52
adj_close.csv,ARIMA,EWG,0.00374957,0.00477422,0.00368287,0.00374957,0.00477422,0.00368287,"ARIMA(1, 0, 0)",-0.00368287,6.67e-05,0.00109135,0.0,2025-W01
adj_close.csv,ARIMA,EWG,0.00304876,0.00650864,0.00282577,0.00304876,0.00650864,0.00282577,"ARIMA(1, 0, 0)",0.00282577,-0.00022298,-0.00368287,0.0,2025-W02
adj_close.csv,ARIMA,EWG,0.00670731,0.00404819,0.00687396,0.00670731,0.00404819,0.00687396,"ARIMA(1, 0, 0)",0.00687396,0.00016665,0.00282577,0.0,2025-W03
adj_close.csv,ARIMA,EWG,0.00998995,0.0035396,0.01041356,0.00998995,0.0035396,0.01041356,"ARIMA(1, 0, 0)",0.01041356,0.00042361,0.00687396,0.0,2025-W04
adj_close.csv,ARIMA,EWG,0.00033642,0.01000887,0.00040468,0.00033642,0.01000887,0.00040468,"ARIMA(1, 0, 0)",0.00040468,0.00074111,0.01041356,0.0,2025-W05
adj_close.csv,ARIMA,EWG,2.913e-05,0.00034695,5.773e-05,2.913e-05,0.00034695,5.773e-05,"ARIMA(1, 0, 0)",5.773e-05,2.861e-05,0.00040468,0.0,2025-W06
adj_close.csv,ARIMA,EWG,0.0100177,0.00996405,0.01002178,0.0100177,0.00996405,0.01002178,"ARIMA(1, 0, 0)",0.01002178,4.08e-06,5.773e-05,0.0,2025-W07
adj_close.csv,ARIMA,EWG,0.00423478,0.01354734,0.00352555,0.00423478,0.01354734,0.00352555,"ARIMA(1, 0, 0)",-0.00352555,0.00070923,0.01002178,0.0,2025-W08
adj_close.csv,ARIMA,EWG,0.00111843,0.00441469,0.00088914,0.00111843,0.00441469,0.00088914,"ARIMA(1, 0, 0)",0.00088914,-0.00022929,-0.00352555,0.0,2025-W09
adj_close.csv,ARIMA,EWG,0.01458595,0.01375416,0.0146433,0.01458595,0.01375416,0.0146433,"ARIMA(1, 0, 0)",0.0146433,5.736e-05,0.00088914,0.0,2025-W10
adj_close.csv,ARIMA,EWG,0.00195173,0.01562484,0.00098154,0.00195173,0.01562484,0.00098154,"ARIMA(1, 0, 0)",-0.00098154,0.00097018,0.0146433,0.0,2025-W11
adj_close.csv,ARIMA,EWG,0.00270235,0.00178217,0.00276371,0.00270235,0.00178217,0.00276371,"ARIMA(1, 0, 0)",-0.00276371,-6.136e-05,-0.00098154,0.0,2025-W12
adj_close.csv,ARIMA,EWG,0.00353597,0.00094599,0.00370969,0.00353597,0.00094599,0.00370969,"ARIMA(1, 0, 0)",-0.00370969,-0.00017372,-0.00276371,0.0,2025-W13
adj_close.csv,ARIMA,EWG,0.01689708,0.01342531,0.01713501,0.01689708,0.01342531,0.01713501,"ARIMA(1, 0, 0)",-0.01713501,-0.00023793,-0.00370969,0.0,2025-W14
adj_close.csv,ARIMA,EWG,0.01284248,0.02873821,0.0116032,0.01284248,0.02873821,0.0116032,"ARIMA(1, 0, 0)",0.0116032,-0.00123928,-0.01713501,0.0,2025-W15
adj_close.csv,ARIMA,EWG,0.00646364,0.00462158,0.00698162,0.00646364,0.00462158,0.00698162,"ARIMA(1, 0, 0)",0.00698162,0.00051798,0.0116032,0.0,2025-W16
adj_close.csv,ARIMA,EWG,0.00983944,0.00323426,0.01021588,0.00983944,0.00323426,0.01021588,"ARIMA(1, 0, 0)",0.01021588,0.00037644,0.00698162,0.0,2025-W17
adj_close.csv,ARIMA,EWG,0.00428155,0.0052972,0.00491868,0.00428155,0.0052972,0.00491868,"ARIMA(1, 0, 0)",0.00491868,0.00063713,0.01021588,0.0,2025-W18
adj_close.csv,ARIMA,EWG,0.00178774,0.00279806,0.00212061,0.00178774,0.00279806,0.00212061,"ARIMA(1, 0, 0)",0.00212061,0.00033288,0.00491868,0.0,2025-W19
adj_close.csv,ARIMA,EWG,0.00024628,0.00172856,0.00039205,0.00024628,0.00172856,0.00039205,"ARIMA(1, 0, 0)",0.00039205,0.00014577,0.00212061,0.0,2025-W20
adj_close.csv,ARIMA,EWG,0.00197034,0.00160527,0.00199732,0.00197034,0.00160527,0.00199732,"ARIMA(1, 0, 0)",0.00199732,2.697e-05,0.00039205,0.0,2025-W21
adj_close.csv,ARIMA,EWG,0.00412781,0.0022681,0.00426542,0.00412781,0.0022681,0.00426542,"ARIMA(1, 0, 0)",0.00426542,0.00013761,0.00199732,0.0,2025-W22
adj_close.csv,ARIMA,EWG,0.00230577,0.00166152,0.0026039,0.00230577,0.00166152,0.0026039,"ARIMA(1, 0, 0)",0.0026039,0.00029813,0.00426542,0.0,2025-W23
adj_close.csv,ARIMA,EWG,0.00499315,0.00741196,0.00480807,0.00499315,0.00741196,0.00480807,"ARIMA(1, 0, 0)",-0.00480807,0.00018509,0.0026039,0.0,2025-W24
adj_close.csv,ARIMA,EWG,0.00269027,0.00178357,0.0030245,0.00269027,0.00178357,0.0030245,"ARIMA(1, 0, 0)",-0.0030245,-0.00033423,-0.00480807,0.0,2025-W25
adj_close.csv,ARIMA,EWG,0.00970365,0.01251321,0.00948871,0.00970365,0.01251321,0.00948871,"ARIMA(1, 0, 0)",0.00948871,-0.00021495,-0.0030245,0.0,2025-W26
adj_close.csv,ARIMA,EWG,0.00117339,0.01002119,0.00053248,0.00117339,0.01002119,0.00053248,"ARIMA(1, 0, 0)",-0.00053248,0.00064091,0.00948871,0.0,2025-W27
adj_close.csv,ARIMA,EWG,0.00116922,0.00166644,0.00113396,0.00116922,0.00166644,0.00113396,"ARIMA(1, 0, 0)",0.00113396,-3.526e-05,-0.00053248,0.0,2025-W28
adj_close.csv,ARIMA,EWG,0.00158837,0.00264732,0.00151337,0.00158837,0.00264732,0.00151337,"ARIMA(1, 0, 0)",-0.00151337,7.501e-05,0.00113396,0.0,2025-W29
adj_close.csv,ARIMA,EWG,0.00330211,0.0047157,0.00320233,0.00330211,0.0047157,0.00320233,"ARIMA(1, 0, 0)",0.00320233,-9.978e-05,-0.00151337,0.0,2025-W30
adj_close.csv,ARIMA,EWG,0.01007242,0.01306551,0.00986318,0.01007242,0.01306551,0.00986318,"ARIMA(1, 0, 0)",-0.00986318,0.00020924,0.00320233,0.0,2025-W31
adj_close.csv,ARIMA,EWG,0.00826201,0.01751847,0.00765529,0.00826201,0.01751847,0.00765529,"ARIMA(1, 0, 0)",0.00765529,-0.00060673,-0.00986318,0.0,2025-W32
adj_close.csv,ARIMA,EWG,0.00073272,0.0065248,0.00113049,0.00073272,0.0065248,0.00113049,"ARIMA(1, 0, 0)",0.00113049,0.00039776,0.00765529,0.0,2025-W33
adj_close.csv,ARIMA,EWG,0.00031592,0.00075509,0.0003754,0.00031592,0.00075509,0.0003754,"ARIMA(1, 0, 0)",0.0003754,5.948e-05,0.00113049,0.0,2025-W34
adj_close.csv,ARIMA,EWG,0.00371043,0.00406606,0.00369066,0.00371043,0.00406606,0.00369066,"ARIMA(1, 0, 0)",-0.00369066,1.977e-05,0.0003754,0.0,2025-W35
adj_close.csv,ARIMA,EWG,0.00305073,0.0004462,0.00324446,0.00305073,0.0004462,0.00324446,"ARIMA(1, 0, 0)",-0.00324446,-0.00019373,-0.00369066,0.0,2025-W36
adj_close.csv,ARIMA,EWG,2.937e-05,0.00309928,0.00014518,2.937e-05,0.00309928,0.00014518,"ARIMA(1, 0, 0)",-0.00014518,-0.00017455,-0.00324446,0.0,2025-W37
adj_close.csv,ARIMA,EWG,0.0004284,0.00029102,0.00043621,0.0004284,0.00029102,0.00043621,"ARIMA(1, 0, 0)",-0.00043621,-7.81e-06,-0.00014518,0.0,2025-W38
adj_close.csv,ARIMA,EWG,7.36e-05,0.00033914,9.707e-05,7.36e-05,0.00033914,9.707e-05,"ARIMA(1, 0, 0)",-9.707e-05,-2.347e-05,-0.00043621,0.0,2025-W39
adj_close.csv,ARIMA,EWG,0.0058887,0.00598054,0.00588348,0.0058887,0.00598054,0.00588348,"ARIMA(1, 0, 0)",0.00588348,-5.22e-06,-9.707e-05,0.0,2025-W40
adj_close.csv,ARIMA,EWG,0.00465223,0.01021956,0.00433608,0.00465223,0.01021956,0.00433608,"ARIMA(1, 0, 0)",-0.00433608,0.00031614,0.00588348,0.0,2025-W41
adj_close.csv,ARIMA,EWG,0.00045624,0.00366057,0.00067551,0.00045624,0.00366057,0.00067551,"ARIMA(1, 0, 0)",-0.00067551,-0.00021927,-0.00433608,0.0,2025-W42
adj_close.csv,ARIMA,EWG,0.00104673,0.00168792,0.00101241,0.00104673,0.00168792,0.00101241,"ARIMA(1, 0, 0)",0.00101241,-3.431e-05,-0.00067551,0.0,2025-W43
adj_close.csv,ARIMA,EWG,0.00423031,0.00519138,0.00417897,0.00423031,0.00519138,0.00417897,"ARIMA(1, 0, 0)",-0.00417897,5.135e-05,0.00101241,0.0,2025-W44
adj_close.csv,ARIMA,EWG,0.00102151,0.00294759,0.00123138,0.00102151,0.00294759,0.00123138,"ARIMA(1, 0, 0)",-0.00123138,-0.00020987,-0.00417897,0.0,2025-W45
adj_close.csv,ARIMA,EWG,0.00193117,0.0031001,0.00186872,0.00193117,0.0031001,0.00186872,"ARIMA(1, 0, 0)",0.00186872,-6.245e-05,-0.00123138,0.0,2025-W46
adj_close.csv,ARIMA,EWG,0.00737141,0.00914587,0.00727715,0.00737141,0.00914587,0.00727715,"ARIMA(1, 0, 0)",-0.00727715,9.426e-05,0.00186872,0.0,2025-W47
adj_close.csv,ARIMA,EWG,0.00981878,0.01674041,0.00946326,0.00981878,0.01674041,0.00946326,"ARIMA(1, 0, 0)",0.00946326,-0.00035552,-0.00727715,0.0,2025-W48
adj_close.csv,ARIMA,EWG,0.00199572,0.00708256,0.0023807,0.00199572,0.00708256,0.0023807,"ARIMA(1, 0, 0)",0.0023807,0.00038498,0.00946326,0.0,2025-W49
adj_close.csv,ARIMA,EWG,0.00358282,0.00130406,0.00368476,0.00358282,0.00130406,0.00368476,"ARIMA(1, 0, 0)",0.00368476,0.00010194,0.0023807,0.0,2025-W50
adj_close.csv,ARIMA,EWG,0.00054103,0.00406445,0.0003797,0.00054103,0.00406445,0.0003797,"ARIMA(1, 0, 0)",-0.0003797,0.00016134,0.00368476,0.0,2025-W51
adj_close.csv,ARIMA,EWG,0.00326144,0.0036246,0.0032449,0.00326144,0.0036246,0.0032449,"ARIMA(1, 0, 0)",0.0032449,-1.654e-05,-0.0003797,0.0,2025-W52
adj_close.csv,ARIMA,EWG,0.000669,0.00377301,0.00052811,0.000669,0.00377301,0.00052811,"ARIMA(1, 0, 0)",-0.00052811,0.00014089,0.0032449,0.0,2026-W01
adj_close.csv,ARIMA,EWG,0.00397779,0.0044831,0.00395499,0.00397779,0.0044831,0.00395499,"ARIMA(1, 0, 0)",0.00395499,-2.28e-05,-0.00052811,0.0,2026-W02
adj_close.csv,ARIMA,EWG,0.00049258,0.00427775,0.00032277,0.00049258,0.00427775,0.00032277,"ARIMA(1, 0, 0)",-0.00032277,0.00016982,0.00395499,0.0,2026-W03
adj_close.csv,ARIMA,EWG,0.00082005,0.00112903,0.00080626,0.00082005,0.00112903,0.00080626,"ARIMA(1, 0, 0)",0.00080626,-1.379e-05,-0.00032277,0.0,2026-W04
adj_close.csv,ARIMA,EWG,0.00174363,0.00251547,0.00170921,0.00174363,0.00251547,0.00170921,"ARIMA(1, 0, 0)",-0.00170921,3.442e-05,0.00080626,0.0,2026-W05
adj_close.csv,ARIMA,EWG,0.00861874,0.01025526,0.00854605,0.00861874,0.01025526,0.00854605,"ARIMA(1, 0, 0)",0.00854605,-7.269e-05,-0.00170921,0.0,2026-W06
adj_close.csv,ARIMA,EWJ,0.00386211,0.0004109,0.00366398,0.00386211,0.0004109,0.00366398,"ARIMA(0, 0, 1)",-0.00366398,0.00019813,-0.00407488,0.0,2024-W30
adj_close.csv,ARIMA,EWJ,0.01230823,0.00845915,0.01212313,0.01230823,0.00845915,0.01212313,"ARIMA(0, 0, 1)",-0.01212313,0.0001851,-0.00366398,0.0,2024-W31
adj_close.csv,ARIMA,EWJ,0.00178537,0.0143382,0.00221507,0.00178537,0.0143382,0.00221507,"ARIMA(0, 0, 1)",0.00221507,0.0004297,-0.01212313,0.0,2024-W32
adj_close.csv,ARIMA,EWJ,0.01194782,0.00966314,0.01187821,0.01194782,0.00966314,0.01187821,"ARIMA(0, 0, 1)",0.01187821,-6.961e-05,0.00221507,0.0,2024-W33
adj_close.csv,ARIMA,EWJ,0.00771474,0.00463044,0.00724778,0.00771474,0.00463044,0.00724778,"ARIMA(0, 0, 1)",0.00724778,-0.00046697,0.01187821,0.0,2024-W34
adj_close.csv,ARIMA,EWJ,0.00023861,0.00713659,0.00011119,0.00023861,0.00713659,0.00011119,"ARIMA(0, 0, 1)",0.00011119,-0.00012742,0.00724778,0.0,2024-W35
adj_close.csv,ARIMA,EWJ,0.01385089,0.01396592,0.01385473,0.01385089,0.01396592,0.01385473,"ARIMA(0, 0, 1)",-0.01385473,-3.84e-06,0.00011119,0.0,2024-W36
adj_close.csv,ARIMA,EWJ,0.00485778,0.01901595,0.00516121,0.00485778,0.01901595,0.00516121,"ARIMA(0, 0, 1)",0.00516121,0.00030344,-0.01385473,0.0,2024-W37
adj_close.csv,ARIMA,EWJ,0.0041406,0.00119343,0.00396779,0.0041406,0.00119343,0.00396779,"ARIMA(0, 0, 1)",0.00396779,-0.00017281,0.00516121,0.0,2024-W38
adj_close.csv,ARIMA,EWJ,0.00039315,0.00450167,0.00053388,0.00039315,0.00450167,0.00053388,"ARIMA(0, 0, 1)",-0.00053388,-0.00014074,0.00396779,0.0,2024-W39
adj_close.csv,ARIMA,EWJ,0.00222493,0.0027723,0.00223841,0.00222493,0.0027723,0.00223841,"ARIMA(0, 0, 1)",0.00223841,1.348e-05,-0.00053388,0.0,2024-W40
adj_close.csv,ARIMA,EWJ,0.00224675,0.00456123,0.00232282,0.00224675,0.00456123,0.00232282,"ARIMA(0, 0, 1)",-0.00232282,-7.607e-05,0.00223841,0.0,2024-W41
adj_close.csv,ARIMA,EWJ,0.00268619,0.00028386,0.00260668,0.00268619,0.00028386,0.00260668,"ARIMA(0, 0, 1)",-0.00260668,7.951e-05,-0.00232282,0.0,2024-W42
adj_close.csv,ARIMA,EWJ,0.00850816,0.00580978,0.00841645,0.00850816,0.00580978,0.00841645,"ARIMA(0, 0, 1)",-0.00841645,9.17e-05,-0.00260668,0.0,2024-W43
adj_close.csv,ARIMA,EWJ,0.00194675,0.01060552,0.00218906,0.00194675,0.01060552,0.00218906,"ARIMA(0, 0, 1)",0.00218906,0.00024232,-0.00841645,0.0,2024-W44
adj_close.csv,ARIMA,EWJ,0.00428323,0.00203202,0.00422109,0.00428323,0.00203202,0.00422109,"ARIMA(0, 0, 1)",0.00422109,-6.214e-05,0.00218906,0.0,2024-W45
adj_close.csv,ARIMA,EWJ,0.00553226,0.009889,0.00566791,0.00553226,0.009889,0.00566791,"ARIMA(0, 0, 1)",-0.00566791,-0.00013565,0.00422109,0.0,2024-W46
adj_close.csv,ARIMA,EWJ,0.00115574,0.00702644,0.00135852,0.00115574,0.00702644,0.00135852,"ARIMA(0, 0, 1)",0.00135852,0.00020279,-0.00566791,0.0,2024-W47
adj_close.csv,ARIMA,EWJ,0.00636495,0.00496267,0.00632119,0.00636495,0.00496267,0.00632119,"ARIMA(0, 0, 1)",0.00632119,-4.375e-05,0.00135852,0.0,2024-W48
adj_close.csv,ARIMA,EWJ,0.00418455,0.00237137,0.00394982,0.00418455,0.00237137,0.00394982,"ARIMA(0, 0, 1)",0.00394982,-0.00023472,0.00632119,0.0,2024-W49
adj_close.csv,ARIMA,EWJ,0.00425194,0.00833058,0.00438076,0.00425194,0.00833058,0.00438076,"ARIMA(0, 0, 1)",-0.00438076,-0.00012881,0.00394982,0.0,2024-W50
adj_close.csv,ARIMA,EWJ,0.00686546,0.00233346,0.00671421,0.00686546,0.00233346,0.00671421,"ARIMA(0, 0, 1)",-0.00671421,0.00015125,-0.00438076,0.0,2024-W51
adj_close.csv,ARIMA,EWJ,0.00546538,0.01238864,0.00567443,0.00546538,0.01238864,0.00567443,"ARIMA(0, 0, 1)",0.00567443,0.00020905,-0.00671421,0.0,2024-W52
adj_close.csv,ARIMA,EWJ,0.00145464,0.007341,0.00166656,0.00145464,0.007341,0.00166656,"ARIMA(0, 0, 1)",-0.00166656,-0.00021192,0.00567443,0.0,2025-W01
adj_close.csv,ARIMA,EWJ,0.00775632,0.006031,0.00769756,0.00775632,0.006031,0.00769756,"ARIMA(0, 0, 1)",-0.00769756,5.875e-05,-0.00166656,0.0,2025-W02
adj_close.csv,ARIMA,EWJ,0.00256588,0.01055868,0.00286112,0.00256588,0.01055868,0.00286112,"ARIMA(0, 0, 1)",0.00286112,0.00029524,-0.00769756,0.0,2025-W03
adj_close.csv,ARIMA,EWJ,0.00864817,0.00567974,0.00854086,0.00864817,0.00567974,0.00854086,"ARIMA(0, 0, 1)",0.00854086,-0.00010731,0.00286112,0.0,2025-W04
adj_close.csv,ARIMA,EWJ,0.00015984,0.009038,0.00049713,0.00015984,0.009038,0.00049713,"ARIMA(0, 0, 1)",-0.00049713,-0.00033729,0.00854086,0.0,2025-W05
adj_close.csv,ARIMA,EWJ,0.00049095,0.00099427,0.00049713,0.00049095,0.00099427,0.00049713,"ARIMA(0, 0, 1)",0.00049713,6.19e-06,-0.00049713,0.0,2025-W06
adj_close.csv,ARIMA,EWJ,0.00260173,0.00208542,0.00258256,0.00260173,0.00208542,0.00258256,"ARIMA(0, 0, 1)",0.00258256,-1.917e-05,0.00049713,0.0,2025-W07
adj_close.csv,ARIMA,EWJ,0.00091145,0.00359373,0.00101117,0.00091145,0.00359373,0.00101117,"ARIMA(0, 0, 1)",-0.00101117,-9.972e-05,0.00258256,0.0,2025-W08
adj_close.csv,ARIMA,EWJ,0.00183821,0.00079168,0.00180285,0.00183821,0.00079168,0.00180285,"ARIMA(0, 0, 1)",-0.00180285,3.537e-05,-0.00101117,0.0,2025-W09
adj_close.csv,ARIMA,EWJ,0.0048341,0.00670788,0.00490503,0.0048341,0.00670788,0.00490503,"ARIMA(0, 0, 1)",0.00490503,7.093e-05,-0.00180285,0.0,2025-W10
adj_close.csv,ARIMA,EWJ,0.0007076,0.00439264,0.0005124,0.0007076,0.00439264,0.0005124,"ARIMA(0, 0, 1)",0.0005124,-0.0001952,0.00490503,0.0,2025-W11
adj_close.csv,ARIMA,EWJ,0.0027948,0.00225444,0.00276683,0.0027948,0.00225444,0.00276683,"ARIMA(0, 0, 1)",0.00276683,-2.797e-05,0.0005124,0.0,2025-W12
adj_close.csv,ARIMA,EWJ,0.00589631,0.00877225,0.00600542,0.00589631,0.00877225,0.00600542,"ARIMA(0, 0, 1)",-0.00600542,-0.00010911,0.00276683,0.0,2025-W13
adj_close.csv,ARIMA,EWJ,0.02387294,0.01761262,0.02361804,0.02387294,0.01761262,0.02361804,"ARIMA(0, 0, 1)",-0.02361804,0.0002549,-0.00600542,0.0,2025-W14
adj_close.csv,ARIMA,EWJ,0.01321891,0.03716284,0.0135448,0.01321891,0.03716284,0.0135448,"ARIMA(0, 0, 1)",0.0135448,0.0003259,-0.02361804,0.0,2025-W15
adj_close.csv,ARIMA,EWJ,0.00929997,0.00514158,0.00840322,0.00929997,0.00514158,0.00840322,"ARIMA(0, 0, 1)",0.00840322,-0.00089676,0.0135448,0.0,2025-W16
adj_close.csv,ARIMA,EWJ,0.00831617,0.00062351,0.00777971,0.00831617,0.00062351,0.00777971,"ARIMA(0, 0, 1)",0.00777971,-0.00053646,0.00840322,0.0,2025-W17
adj_close.csv,ARIMA,EWJ,0.00351615,0.00463931,0.0031404,0.00351615,0.00463931,0.0031404,"ARIMA(0, 0, 1)",0.0031404,-0.00037575,0.00777971,0.0,2025-W18
adj_close.csv,ARIMA,EWJ,0.00046578,0.00280683,0.00033357,0.00046578,0.00280683,0.00033357,"ARIMA(0, 0, 1)",0.00033357,-0.00013221,0.0031404,0.0,2025-W19
adj_close.csv,ARIMA,EWJ,0.00134613,0.00099514,0.00132871,0.00134613,0.00099514,0.00132871,"ARIMA(0, 0, 1)",0.00132871,-1.742e-05,0.00033357,0.0,2025-W20
adj_close.csv,ARIMA,EWJ,0.00153435,0.00015562,0.00148433,0.00153435,0.00015562,0.00148433,"ARIMA(0, 0, 1)",0.00148433,-5.002e-05,0.00132871,0.0,2025-W21
adj_close.csv,ARIMA,EWJ,0.00376003,0.00221947,0.0037038,0.00376003,0.00221947,0.0037038,"ARIMA(0, 0, 1)",0.0037038,-5.623e-05,0.00148433,0.0,2025-W22
adj_close.csv,ARIMA,EWJ,0.00067798,0.00451497,0.00081116,0.00067798,0.00451497,0.00081116,"ARIMA(0, 0, 1)",-0.00081116,-0.00013318,0.0037038,0.0,2025-W23
adj_close.csv,ARIMA,EWJ,0.00062124,0.00021422,0.00059694,0.00062124,0.00021422,0.00059694,"ARIMA(0, 0, 1)",-0.00059694,2.43e-05,-0.00081116,0.0,2025-W24
adj_close.csv,ARIMA,EWJ,0.00433616,0.00371692,0.00431386,0.00433616,0.00371692,0.00431386,"ARIMA(0, 0, 1)",-0.00431386,2.23e-05,-0.00059694,0.0,2025-W25
adj_close.csv,ARIMA,EWJ,0.00942292,0.01389132,0.00957745,0.00942292,0.01389132,0.00957745,"ARIMA(0, 0, 1)",0.00957745,0.00015453,-0.00431386,0.0,2025-W26
adj_close.csv,ARIMA,EWJ,0.00185888,0.01184597,0.00226851,0.00185888,0.01184597,0.00226851,"ARIMA(0, 0, 1)",-0.00226851,-0.00040964,0.00957745,0.0,2025-W27
adj_close.csv,ARIMA,EWJ,0.00618297,0.00382883,0.00609735,0.00618297,0.00382883,0.00609735,"ARIMA(0, 0, 1)",-0.00609735,8.562e-05,-0.00226851,0.0,2025-W28
adj_close.csv,ARIMA,EWJ,0.0018039,0.00457135,0.00152599,0.0018039,0.00457135,0.00152599,"ARIMA(0, 0, 1)",-0.00152599,0.00027791,-0.00609735,0.0,2025-W29
adj_close.csv,ARIMA,EWJ,0.01042063,0.01202404,0.01049804,0.01042063,0.01202404,0.01049804,"ARIMA(0, 0, 1)",0.01049804,7.741e-05,-0.00152599,0.0,2025-W30
adj_close.csv,ARIMA,EWJ,0.00379919,0.01479871,0.00430067,0.00379919,0.01479871,0.00430067,"ARIMA(0, 0, 1)",-0.00430067,-0.00050148,0.01049804,0.0,2025-W31
adj_close.csv,ARIMA,EWJ,0.00995489,0.01446074,0.01016007,0.00995489,0.01446074,0.01016007,"ARIMA(0, 0, 1)",0.01016007,0.00020518,-0.00430067,0.0,2025-W32
adj_close.csv,ARIMA,EWJ,0.00621575,0.00454228,0.0056178,0.00621575,0.00454228,0.0056178,"ARIMA(0, 0, 1)",0.0056178,-0.00059795,0.01016007,0.0,2025-W33
adj_close.csv,ARIMA,EWJ,2.994e-05,0.00594248,0.00032468,2.994e-05,0.00594248,0.00032468,"ARIMA(0, 0, 1)",-0.00032468,-0.00029474,0.0056178,0.0,2025-W34
adj_close.csv,ARIMA,EWJ,0.0043984,0.0040722,0.00439688,0.0043984,0.0040722,0.00439688,"ARIMA(0, 0, 1)",-0.00439688,1.52e-06,-0.00032468,0.0,2025-W35
adj_close.csv,ARIMA,EWJ,0.0026417,0.00725477,0.0028579,0.0026417,0.00725477,0.0028579,"ARIMA(0, 0, 1)",0.0028579,0.0002162,-0.00439688,0.0,2025-W36
adj_close.csv,ARIMA,EWJ,0.00408588,0.00109372,0.00395162,0.00408588,0.00109372,0.00395162,"ARIMA(0, 0, 1)",0.00395162,-0.00013426,0.0028579,0.0,2025-W37
adj_close.csv,ARIMA,EWJ,0.00027572,0.00387735,7.427e-05,0.00027572,0.00387735,7.427e-05,"ARIMA(0, 0, 1)",7.427e-05,-0.00020144,0.00395162,0.0,2025-W38
adj_close.csv,ARIMA,EWJ,0.00085481,0.00094259,0.00086831,0.00085481,0.00094259,0.00086831,"ARIMA(0, 0, 1)",-0.00086831,-1.35e-05,7.427e-05,0.0,2025-W39
adj_close.csv,ARIMA,EWJ,0.00326212,0.00417253,0.00330421,0.00326212,0.00417253,0.00330421,"ARIMA(0, 0, 1)",0.00330421,4.209e-05,-0.00086831,0.0,2025-W40
adj_close.csv,ARIMA,EWJ,0.00838238,0.01184803,0.00854381,0.00838238,0.01184803,0.00854381,"ARIMA(0, 0, 1)",-0.00854381,-0.00016143,0.00330421,0.0,2025-W41
adj_close.csv,ARIMA,EWJ,0.00862734,0.01762493,0.00908112,0.00862734,0.01762493,0.00908112,"ARIMA(0, 0, 1)",0.00908112,0.00045379,-0.00854381,0.0,2025-W42
adj_close.csv,ARIMA,EWJ,0.00178324,0.00786532,0.0012158,0.00178324,0.00786532,0.0012158,"ARIMA(0, 0, 1)",0.0012158,-0.00056744,0.00908112,0.0,2025-W43
adj_close.csv,ARIMA,EWJ,0.00240273,0.00107406,0.00228986,0.00240273,0.00107406,0.00228986,"ARIMA(0, 0, 1)",0.00228986,-0.00011287,0.0012158,0.0,2025-W44
adj_close.csv,ARIMA,EWJ,0.00023221,0.00267367,0.00038381,0.00023221,0.00267367,0.00038381,"ARIMA(0, 0, 1)",-0.00038381,-0.0001516,0.00228986,0.0,2025-W45
adj_close.csv,ARIMA,EWJ,0.00163537,0.00203385,0.00165004,0.00163537,0.00203385,0.00165004,"ARIMA(0, 0, 1)",0.00165004,1.467e-05,-0.00038381,0.0,2025-W46
adj_close.csv,ARIMA,EWJ,0.00665395,0.00840737,0.00675733,0.00665395,0.00840737,0.00675733,"ARIMA(0, 0, 1)",-0.00675733,-0.00010338,0.00165004,0.0,2025-W47
adj_close.csv,ARIMA,EWJ,0.00510806,0.01229957,0.00554224,0.00510806,0.01229957,0.00554224,"ARIMA(0, 0, 1)",0.00554224,0.00043418,-0.00675733,0.0,2025-W48
adj_close.csv,ARIMA,EWJ,0.00201544,0.00388668,0.00165556,0.00201544,0.00388668,0.00165556,"ARIMA(0, 0, 1)",0.00165556,-0.00035988,0.00554224,0.0,2025-W49
adj_close.csv,ARIMA,EWJ,0.00085484,0.00093999,0.00071558,0.00085484,0.00093999,0.00071558,"ARIMA(0, 0, 1)",0.00071558,-0.00013926,0.00165556,0.0,2025-W50
adj_close.csv,ARIMA,EWJ,0.00090762,0.00168214,0.00096657,0.00090762,0.00168214,0.00096657,"ARIMA(0, 0, 1)",-0.00096657,-5.895e-05,0.00071558,0.0,2025-W51
adj_close.csv,ARIMA,EWJ,0.00114423,0.00217363,0.00120706,0.00114423,0.00217363,0.00120706,"ARIMA(0, 0, 1)",0.00120706,6.283e-05,-0.00096657,0.0,2025-W52
adj_close.csv,ARIMA,EWJ,0.00118844,9.8e-05,0.00110906,0.00118844,9.8e-05,0.00110906,"ARIMA(0, 0, 1)",0.00110906,-7.937e-05,0.00120706,0.0,2026-W01
adj_close.csv,ARIMA,EWJ,0.00798966,0.00679844,0.0079075,0.00798966,0.00679844,0.0079075,"ARIMA(0, 0, 1)",0.0079075,-8.216e-05,0.00110906,0.0,2026-W02
adj_close.csv,ARIMA,EWJ,0.00258537,0.0058615,0.002046,0.00258537,0.0058615,0.002046,"ARIMA(0, 0, 1)",0.002046,-0.00053937,0.0079075,0.0,2026-W03
adj_close.csv,ARIMA,EWJ,0.0025417,0.00475129,0.00270529,0.0025417,0.00475129,0.00270529,"ARIMA(0, 0, 1)",-0.00270529,-0.00016359,0.002046,0.0,2026-W04
adj_close.csv,ARIMA,EWJ,0.00255936,0.00543026,0.00272497,0.00255936,0.00543026,0.00272497,"ARIMA(0, 0, 1)",0.00272497,0.00016562,-0.00270529,0.0,2026-W05
adj_close.csv,ARIMA,EWJ,0.00214993,0.00074376,0.00198122,0.00214993,0.00074376,0.00198122,"ARIMA(0, 0, 1)",0.00198122,-0.00016871,0.00272497,0.0,2026-W06
adj_close.csv,ARIMA,EWQ,0.00029825,0.00507196,0.00036227,0.00029825,0.00507196,0.00036227,"ARIMA(1, 0, 0)",0.00036227,6.402e-05,-0.00470969,0.0,2024-W30
adj_close.csv,ARIMA,EWQ,0.00587159,0.00623887,0.0058766,0.00587159,0.00623887,0.0058766,"ARIMA(1, 0, 0)",-0.0058766,-5e-06,0.00036227,0.0,2024-W31
adj_close.csv,ARIMA,EWQ,0.00018294,0.00614266,0.00026607,0.00018294,0.00614266,0.00026607,"ARIMA(1, 0, 0)",0.00026607,8.313e-05,-0.0058766,0.0,2024-W32
adj_close.csv,ARIMA,EWQ,0.00623387,0.005964,0.00623007,0.00623387,0.005964,0.00623007,"ARIMA(1, 0, 0)",0.00623007,-3.81e-06,0.00026607,0.0,2024-W33
adj_close.csv,ARIMA,EWQ,0.00652908,0.00021145,0.00644152,0.00652908,0.00021145,0.00644152,"ARIMA(1, 0, 0)",0.00644152,-8.756e-05,0.00623007,0.0,2024-W34
adj_close.csv,ARIMA,EWQ,0.00090063,0.00739211,0.00095059,0.00090063,0.00739211,0.00095059,"ARIMA(1, 0, 0)",-0.00095059,-4.997e-05,0.00644152,0.0,2024-W35
adj_close.csv,ARIMA,EWQ,0.00894233,0.00798351,0.00893411,0.00894233,0.00798351,0.00893411,"ARIMA(1, 0, 0)",-0.00893411,8.22e-06,-0.00095059,0.0,2024-W36
adj_close.csv,ARIMA,EWQ,0.00313119,0.01213089,0.00319679,0.00313119,0.01213089,0.00319679,"ARIMA(1, 0, 0)",0.00319679,6.559e-05,-0.00893411,0.0,2024-W37
adj_close.csv,ARIMA,EWQ,0.00308279,0.00015106,0.00304573,0.00308279,0.00015106,0.00304573,"ARIMA(1, 0, 0)",0.00304573,-3.706e-05,0.00319679,0.0,2024-W38
adj_close.csv,ARIMA,EWQ,0.00705946,0.00398297,0.0070287,0.00705946,0.00398297,0.0070287,"ARIMA(1, 0, 0)",0.0070287,-3.075e-05,0.00304573,0.0,2024-W39
adj_close.csv,ARIMA,EWQ,0.00809201,0.01516879,0.00814008,0.00809201,0.01516879,0.00814008,"ARIMA(1, 0, 0)",-0.00814008,-4.808e-05,0.0070287,0.0,2024-W40
adj_close.csv,ARIMA,EWQ,0.00083578,0.00742961,0.00071047,0.00083578,0.00742961,0.00071047,"ARIMA(1, 0, 0)",-0.00071047,0.0001253,-0.00814008,0.0,2024-W41
adj_close.csv,ARIMA,EWQ,0.0004683,0.00025239,0.00045808,0.0004683,0.00025239,0.00045808,"ARIMA(1, 0, 0)",-0.00045808,1.022e-05,-0.00071047,0.0,2024-W42
adj_close.csv,ARIMA,EWQ,0.00516813,0.00470349,0.00516157,0.00516813,0.00470349,0.00516157,"ARIMA(1, 0, 0)",-0.00516157,6.56e-06,-0.00045808,0.0,2024-W43
adj_close.csv,ARIMA,EWQ,0.00159427,0.00363945,0.00152212,0.00159427,0.00363945,0.00152212,"ARIMA(1, 0, 0)",-0.00152212,7.215e-05,-0.00516157,0.0,2024-W44
adj_close.csv,ARIMA,EWQ,0.00320587,0.00166433,0.00318645,0.00320587,0.00166433,0.00318645,"ARIMA(1, 0, 0)",-0.00318645,1.942e-05,-0.00152212,0.0,2024-W45
adj_close.csv,ARIMA,EWQ,0.00590517,0.00268037,0.00586683,0.00590517,0.00268037,0.00586683,"ARIMA(1, 0, 0)",-0.00586683,3.835e-05,-0.00318645,0.0,2024-W46
adj_close.csv,ARIMA,EWQ,0.00255047,0.00337062,0.00249621,0.00255047,0.00337062,0.00249621,"ARIMA(1, 0, 0)",-0.00249621,5.426e-05,-0.00586683,0.0,2024-W47
adj_close.csv,ARIMA,EWQ,0.00289588,0.00540968,0.00291347,0.00289588,0.00540968,0.00291347,"ARIMA(1, 0, 0)",0.00291347,1.759e-05,-0.00249621,0.0,2024-W48
adj_close.csv,ARIMA,EWQ,0.005305,0.00236791,0.00528138,0.005305,0.00236791,0.00528138,"ARIMA(1, 0, 0)",0.00528138,-2.363e-05,0.00291347,0.0,2024-W49
adj_close.csv,ARIMA,EWQ,0.00196729,0.0072795,0.00199813,0.00196729,0.0072795,0.00199813,"ARIMA(1, 0, 0)",-0.00199813,-3.083e-05,0.00528138,0.0,2024-W50
adj_close.csv,ARIMA,EWQ,0.00520022,0.00318739,0.00518551,0.00520022,0.00318739,0.00518551,"ARIMA(1, 0, 0)",-0.00518551,1.47e-05,-0.00199813,0.0,2024-W51
adj_close.csv,ARIMA,EWQ,0.00289866,0.00811445,0.00292894,0.00289866,0.00811445,0.00292894,"ARIMA(1, 0, 0)",0.00292894,3.028e-05,-0.00518551,0.0,2024-W52
adj_close.csv,ARIMA,EWQ,0.00494799,0.00790044,0.00497151,0.00494799,0.00790044,0.00497151,"ARIMA(1, 0, 0)",-0.00497151,-2.352e-05,0.00292894,0.0,2025-W01
adj_close.csv,ARIMA,EWQ,0.00380937,0.00883128,0.00385977,0.00380937,0.00883128,0.00385977,"ARIMA(1, 0, 0)",0.00385977,5.04e-05,-0.00497151,0.0,2025-W02
adj_close.csv,ARIMA,EWQ,0.00764731,0.00373781,0.00759758,0.00764731,0.00373781,0.00759758,"ARIMA(1, 0, 0)",0.00759758,-4.973e-05,0.00385977,0.0,2025-W03
adj_close.csv,ARIMA,EWQ,0.01204257,0.00437956,0.01197713,0.01204257,0.00437956,0.01197713,"ARIMA(1, 0, 0)",0.01197713,-6.544e-05,0.00759758,0.0,2025-W04
adj_close.csv,ARIMA,EWQ,0.00257502,0.01449807,0.00252094,0.00257502,0.01449807,0.00252094,"ARIMA(1, 0, 0)",-0.00252094,5.408e-05,0.01197713,0.0,2025-W05
adj_close.csv,ARIMA,EWQ,4.5e-07,0.00252094,0.0,4.5e-07,0.00252094,0.0,"ARIMA(1, 0, 0)",0.0,-4.5e-07,-0.00252094,0.0,2025-W06
adj_close.csv,ARIMA,EWQ,0.00841482,0.00841482,0.00841482,0.00841482,0.00841482,0.00841482,"ARIMA(1, 0, 0)",0.00841482,0.0,0.0,0.0,2025-W07
adj_close.csv,ARIMA,EWQ,0.00318627,0.01159958,0.00318476,0.00318627,0.01159958,0.00318476,"ARIMA(1, 0, 0)",-0.00318476,1.51e-06,0.00841482,0.0,2025-W08
adj_close.csv,ARIMA,EWQ,0.00122158,0.00197448,0.00121028,0.00122158,0.00197448,0.00121028,"ARIMA(1, 0, 0)",-0.00121028,1.131e-05,-0.00318476,0.0,2025-W09
adj_close.csv,ARIMA,EWQ,0.01144771,0.01266163,0.01145135,0.01144771,0.01266163,0.01145135,"ARIMA(1, 0, 0)",0.01145135,3.64e-06,-0.00121028,0.0,2025-W10
adj_close.csv,ARIMA,EWQ,0.00273336,0.01424121,0.00278985,0.00273336,0.01424121,0.00278985,"ARIMA(1, 0, 0)",-0.00278985,-5.65e-05,0.01145135,0.0,2025-W11
adj_close.csv,ARIMA,EWQ,0.00187485,0.00094068,0.00184917,0.00187485,0.00094068,0.00184917,"ARIMA(1, 0, 0)",-0.00184917,2.567e-05,-0.00278985,0.0,2025-W12
adj_close.csv,ARIMA,EWQ,0.00277232,0.00090745,0.00275662,0.00277232,0.00090745,0.00275662,"ARIMA(1, 0, 0)",-0.00275662,1.57e-05,-0.00184917,0.0,2025-W13
adj_close.csv,ARIMA,EWQ,0.01622424,0.01344615,0.01620277,0.01622424,0.01344615,0.01620277,"ARIMA(1, 0, 0)",-0.01620277,2.148e-05,-0.00275662,0.0,2025-W14
adj_close.csv,ARIMA,EWQ,0.00921526,0.0254457,0.00924293,0.00921526,0.0254457,0.00924293,"ARIMA(1, 0, 0)",0.00924293,2.767e-05,-0.01620277,0.0,2025-W15
adj_close.csv,ARIMA,EWQ,0.00179569,0.00764428,0.00159865,0.00179569,0.00764428,0.00159865,"ARIMA(1, 0, 0)",0.00159865,-0.00019704,0.00924293,0.0,2025-W16
adj_close.csv,ARIMA,EWQ,0.00866365,0.00703437,0.00863302,0.00866365,0.00703437,0.00863302,"ARIMA(1, 0, 0)",0.00863302,-3.063e-05,0.00159865,0.0,2025-W17
adj_close.csv,ARIMA,EWQ,0.00454568,0.00423725,0.00439577,0.00454568,0.00423725,0.00439577,"ARIMA(1, 0, 0)",0.00439577,-0.00014991,0.00863302,0.0,2025-W18
adj_close.csv,ARIMA,EWQ,0.00080773,0.00525765,0.00086188,0.00080773,0.00525765,0.00086188,"ARIMA(1, 0, 0)",-0.00086188,-5.415e-05,0.00439577,0.0,2025-W19
adj_close.csv,ARIMA,EWQ,0.00270559,0.00357848,0.0027166,0.00270559,0.00357848,0.0027166,"ARIMA(1, 0, 0)",0.0027166,1.101e-05,-0.00086188,0.0,2025-W20
adj_close.csv,ARIMA,EWQ,0.00074432,0.00200779,0.00070881,0.00074432,0.00200779,0.00070881,"ARIMA(1, 0, 0)",0.00070881,-3.551e-05,0.0027166,0.0,2025-W21
adj_close.csv,ARIMA,EWQ,0.0005392,0.00017869,0.00053012,0.0005392,0.00017869,0.00053012,"ARIMA(1, 0, 0)",0.00053012,-9.08e-06,0.00070881,0.0,2025-W22
adj_close.csv,ARIMA,EWQ,0.00257897,0.00204209,0.00257221,0.00257897,0.00204209,0.00257221,"ARIMA(1, 0, 0)",0.00257221,-6.77e-06,0.00053012,0.0,2025-W23
adj_close.csv,ARIMA,EWQ,0.00094584,0.00355042,0.00097822,0.00094584,0.00355042,0.00097822,"ARIMA(1, 0, 0)",-0.00097822,-3.238e-05,0.00257221,0.0,2025-W24
adj_close.csv,ARIMA,EWQ,0.00353575,0.00254491,0.00352313,0.00353575,0.00254491,0.00352313,"ARIMA(1, 0, 0)",-0.00352313,1.262e-05,-0.00097822,0.0,2025-W25
adj_close.csv,ARIMA,EWQ,0.00624984,0.00981686,0.00629373,0.00624984,0.00981686,0.00629373,"ARIMA(1, 0, 0)",0.00629373,4.389e-05,-0.00352313,0.0,2025-W26
adj_close.csv,ARIMA,EWQ,0.00283859,0.00355126,0.00274247,0.00283859,0.00355126,0.00274247,"ARIMA(1, 0, 0)",0.00274247,-9.612e-05,0.00629373,0.0,2025-W27
adj_close.csv,ARIMA,EWQ,0.00096201,0.00181612,0.00092635,0.00096201,0.00181612,0.00092635,"ARIMA(1, 0, 0)",0.00092635,-3.565e-05,0.00274247,0.0,2025-W28
adj_close.csv,ARIMA,EWQ,0.00165882,0.0025969,0.00167055,0.00165882,0.0025969,0.00167055,"ARIMA(1, 0, 0)",-0.00167055,-1.173e-05,0.00092635,0.0,2025-W29
adj_close.csv,ARIMA,EWQ,0.00367209,0.00536412,0.00369357,0.00367209,0.00536412,0.00369357,"ARIMA(1, 0, 0)",0.00369357,2.148e-05,-0.00167055,0.0,2025-W30
adj_close.csv,ARIMA,EWQ,0.01070972,0.01445366,0.01076009,0.01070972,0.01445366,0.01076009,"ARIMA(1, 0, 0)",-0.01076009,-5.038e-05,0.00369357,0.0,2025-W31
adj_close.csv,ARIMA,EWQ,0.00574432,0.01670512,0.00594503,0.00574432,0.01670512,0.00594503,"ARIMA(1, 0, 0)",0.00594503,0.00020071,-0.01076009,0.0,2025-W32
adj_close.csv,ARIMA,EWQ,0.00574802,0.0003538,0.00559122,0.00574802,0.0003538,0.00559122,"ARIMA(1, 0, 0)",0.00559122,-0.0001568,0.00594503,0.0,2025-W33
adj_close.csv,ARIMA,EWQ,0.00144084,0.00427409,0.00131714,0.00144084,0.00427409,0.00131714,"ARIMA(1, 0, 0)",0.00131714,-0.0001237,0.00559122,0.0,2025-W34
adj_close.csv,ARIMA,EWQ,0.00730272,0.00864769,0.00733055,0.00730272,0.00864769,0.00733055,"ARIMA(1, 0, 0)",-0.00733055,-2.783e-05,0.00131714,0.0,2025-W35
adj_close.csv,ARIMA,EWQ,0.00033975,0.00715441,0.00017615,0.00033975,0.00715441,0.00017615,"ARIMA(1, 0, 0)",-0.00017615,0.0001636,-0.00733055,0.0,2025-W36
adj_close.csv,ARIMA,EWQ,0.00431937,0.00449939,0.00432324,0.00431937,0.00449939,0.00432324,"ARIMA(1, 0, 0)",0.00432324,3.88e-06,-0.00017615,0.0,2025-W37
adj_close.csv,ARIMA,EWQ,0.00096741,0.0034514,0.00087184,0.00096741,0.0034514,0.00087184,"ARIMA(1, 0, 0)",0.00087184,-9.557e-05,0.00432324,0.0,2025-W38
adj_close.csv,ARIMA,EWQ,0.00039367,0.00128434,0.0004125,0.00039367,0.00128434,0.0004125,"ARIMA(1, 0, 0)",-0.0004125,-1.882e-05,0.00087184,0.0,2025-W39
adj_close.csv,ARIMA,EWQ,0.00595761,0.00637903,0.00596653,0.00595761,0.00637903,0.00596653,"ARIMA(1, 0, 0)",0.00596653,8.92e-06,-0.0004125,0.0,2025-W40
adj_close.csv,ARIMA,EWQ,0.00721688,0.01331429,0.00734776,0.00721688,0.01331429,0.00734776,"ARIMA(1, 0, 0)",-0.00734776,-0.00013088,0.00596653,0.0,2025-W41
adj_close.csv,ARIMA,EWQ,0.00856794,0.01611555,0.00876779,0.00856794,0.01611555,0.00876779,"ARIMA(1, 0, 0)",0.00876779,0.00019984,-0.00734776,0.0,2025-W42
adj_close.csv,ARIMA,EWQ,0.00022583,0.0092991,0.00053132,0.00022583,0.0092991,0.00053132,"ARIMA(1, 0, 0)",-0.00053132,-0.00030548,0.00876779,0.0,2025-W43
adj_close.csv,ARIMA,EWQ,0.00373282,0.00318286,0.00371418,0.00373282,0.00318286,0.00371418,"ARIMA(1, 0, 0)",-0.00371418,1.864e-05,-0.00053132,0.0,2025-W44
adj_close.csv,ARIMA,EWQ,0.00240062,0.00144297,0.00227121,0.00240062,0.00144297,0.00227121,"ARIMA(1, 0, 0)",-0.00227121,0.00012941,-0.00371418,0.0,2025-W45
adj_close.csv,ARIMA,EWQ,0.00470801,0.00705592,0.00478471,0.00470801,0.00705592,0.00478471,"ARIMA(1, 0, 0)",0.00478471,7.67e-05,-0.00227121,0.0,2025-W46
adj_close.csv,ARIMA,EWQ,0.00502856,0.009981,0.00519628,0.00502856,0.009981,0.00519628,"ARIMA(1, 0, 0)",-0.00519628,-0.00016772,0.00478471,0.0,2025-W47
adj_close.csv,ARIMA,EWQ,0.00478833,0.01018173,0.00498545,0.00478833,0.01018173,0.00498545,"ARIMA(1, 0, 0)",0.00498545,0.00019711,-0.00519628,0.0,2025-W48
adj_close.csv,ARIMA,EWQ,0.00042815,0.00476121,0.00022424,0.00042815,0.00476121,0.00022424,"ARIMA(1, 0, 0)",0.00022424,-0.00020391,0.00498545,0.0,2025-W49
adj_close.csv,ARIMA,EWQ,0.00117114,0.00093778,0.00116202,0.00117114,0.00093778,0.00116202,"ARIMA(1, 0, 0)",0.00116202,-9.11e-06,0.00022424,0.0,2025-W50
adj_close.csv,ARIMA,EWQ,0.00119269,1.653e-05,0.00114549,0.00119269,1.653e-05,0.00114549,"ARIMA(1, 0, 0)",0.00114549,-4.72e-05,0.00116202,0.0,2025-W51
adj_close.csv,ARIMA,EWQ,0.00154485,0.00035302,0.00149851,0.00154485,0.00035302,0.00149851,"ARIMA(1, 0, 0)",0.00149851,-4.634e-05,0.00114549,0.0,2025-W52
adj_close.csv,ARIMA,EWQ,0.00077862,0.00078019,0.00071832,0.00077862,0.00078019,0.00071832,"ARIMA(1, 0, 0)",0.00071832,-6.03e-05,0.00149851,0.0,2026-W01
adj_close.csv,ARIMA,EWQ,0.00252911,0.00178199,0.00250031,0.00252911,0.00178199,0.00250031,"ARIMA(1, 0, 0)",0.00250031,-2.881e-05,0.00071832,0.0,2026-W02
adj_close.csv,ARIMA,EWQ,0.00248888,0.00508891,0.00258861,0.00248888,0.00508891,0.00258861,"ARIMA(1, 0, 0)",-0.00258861,-9.973e-05,0.00250031,0.0,2026-W03
adj_close.csv,ARIMA,EWQ,0.00110628,0.00380005,0.00121144,0.00110628,0.00380005,0.00121144,"ARIMA(1, 0, 0)",0.00121144,0.00010516,-0.00258861,0.0,2026-W04
adj_close.csv,ARIMA,EWQ,0.00065475,0.00191582,0.00070438,0.00065475,0.00191582,0.00070438,"ARIMA(1, 0, 0)",-0.00070438,-4.963e-05,0.00121144,0.0,2026-W05
adj_close.csv,ARIMA,EWQ,0.00722151,0.00795481,0.00725043,0.00722151,0.00795481,0.00725043,"ARIMA(1, 0, 0)",0.00725043,2.892e-05,-0.00070438,0.0,2026-W06
adj_close.csv,ARIMA,EWT,0.00323503,0.00955698,0.00379951,0.00323503,0.00955698,0.00379951,"ARIMA(1, 0, 0)",-0.00379951,-0.00056447,-0.01335649,0.0,2024-W30
adj_close.csv,ARIMA,EWT,0.00703638,0.00342573,0.00722524,0.00703638,0.00342573,0.00722524,"ARIMA(1, 0, 0)",-0.00722524,-0.00018885,-0.00379951,0.0,2024-W31
adj_close.csv,ARIMA,EWT,0.00506974,0.01190266,0.00467742,0.00506974,0.01190266,0.00467742,"ARIMA(1, 0, 0)",0.00467742,-0.00039232,-0.00722524,0.0,2024-W32
adj_close.csv,ARIMA,EWT,0.00855405,0.00410143,0.00877885,0.00855405,0.00410143,0.00877885,"ARIMA(1, 0, 0)",0.00877885,0.0002248,0.00467742,0.0,2024-W33
adj_close.csv,ARIMA,EWT,0.00177382,0.00652352,0.00225533,0.00177382,0.00652352,0.00225533,"ARIMA(1, 0, 0)",0.00225533,0.00048151,0.00877885,0.0,2024-W34
adj_close.csv,ARIMA,EWT,0.00234775,0.0044735,0.00221817,0.00234775,0.0044735,0.00221817,"ARIMA(1, 0, 0)",-0.00221817,0.00012958,0.00225533,0.0,2024-W35
adj_close.csv,ARIMA,EWT,0.01778744,0.01569475,0.01791292,0.01778744,0.01569475,0.01791292,"ARIMA(1, 0, 0)",-0.01791292,-0.00012548,-0.00221817,0.0,2024-W36
adj_close.csv,ARIMA,EWT,0.0107602,0.02754159,0.00962867,0.0107602,0.02754159,0.00962867,"ARIMA(1, 0, 0)",0.00962867,-0.00113152,-0.01791292,0.0,2024-W37
adj_close.csv,ARIMA,EWT,0.00199452,0.00732043,0.00230824,0.00199452,0.00732043,0.00230824,"ARIMA(1, 0, 0)",0.00230824,0.00031372,0.00962867,0.0,2024-W38
adj_close.csv,ARIMA,EWT,0.00853322,0.00630712,0.00861536,0.00853322,0.00630712,0.00861536,"ARIMA(1, 0, 0)",0.00861536,8.214e-05,0.00230824,0.0,2024-W39
adj_close.csv,ARIMA,EWT,0.00662937,0.01491164,0.00629628,0.00662937,0.01491164,0.00629628,"ARIMA(1, 0, 0)",-0.00629628,0.0003331,0.00861536,0.0,2024-W40
adj_close.csv,ARIMA,EWT,0.0050012,0.01110959,0.00481331,0.0050012,0.01110959,0.00481331,"ARIMA(1, 0, 0)",0.00481331,-0.00018789,-0.00629628,0.0,2024-W41
adj_close.csv,ARIMA,EWT,0.00549969,0.00080674,0.00562005,0.00549969,0.00080674,0.00562005,"ARIMA(1, 0, 0)",0.00562005,0.00012036,0.00481331,0.0,2024-W42
adj_close.csv,ARIMA,EWT,0.0014381,0.00689486,0.0012748,0.0014381,0.00689486,0.0012748,"ARIMA(1, 0, 0)",-0.0012748,0.0001633,0.00562005,0.0,2024-W43
adj_close.csv,ARIMA,EWT,0.00536539,0.00412606,0.00540086,0.00536539,0.00412606,0.00540086,"ARIMA(1, 0, 0)",-0.00540086,-3.547e-05,-0.0012748,0.0,2024-W44
adj_close.csv,ARIMA,EWT,0.0044525,0.00969745,0.00429659,0.0044525,0.00969745,0.00429659,"ARIMA(1, 0, 0)",0.00429659,-0.00015591,-0.00540086,0.0,2024-W45
adj_close.csv,ARIMA,EWT,0.0098807,0.01406892,0.00977233,0.0098807,0.01406892,0.00977233,"ARIMA(1, 0, 0)",-0.00977233,0.00010837,0.00429659,0.0,2024-W46
adj_close.csv,ARIMA,EWT,0.00360524,0.01319377,0.00342144,0.00360524,0.01319377,0.00342144,"ARIMA(1, 0, 0)",0.00342144,-0.0001838,-0.00977233,0.0,2024-W47
adj_close.csv,ARIMA,EWT,0.00512153,0.00849657,0.00507513,0.00512153,0.00849657,0.00507513,"ARIMA(1, 0, 0)",-0.00507513,4.639e-05,0.00342144,0.0,2024-W48
adj_close.csv,ARIMA,EWT,0.00635239,0.01137193,0.0062968,0.00635239,0.01137193,0.0062968,"ARIMA(1, 0, 0)",0.0062968,-5.559e-05,-0.00507513,0.0,2024-W49
adj_close.csv,ARIMA,EWT,0.00076949,0.00702738,0.00073059,0.00076949,0.00702738,0.00073059,"ARIMA(1, 0, 0)",-0.00073059,3.89e-05,0.0062968,0.0,2024-W50
adj_close.csv,ARIMA,EWT,0.00268186,0.00195527,0.00268585,0.00268186,0.00195527,0.00268585,"ARIMA(1, 0, 0)",-0.00268585,-3.99e-06,-0.00073059,0.0,2024-W51
adj_close.csv,ARIMA,EWT,0.00159034,0.00426074,0.00157489,0.00159034,0.00426074,0.00157489,"ARIMA(1, 0, 0)",0.00157489,-1.545e-05,-0.00268585,0.0,2024-W52
adj_close.csv,ARIMA,EWT,0.0015351,0.00310191,0.00152702,0.0015351,0.00310191,0.00152702,"ARIMA(1, 0, 0)",-0.00152702,8.07e-06,0.00157489,0.0,2025-W01
adj_close.csv,ARIMA,EWT,0.00526523,0.00374549,0.00527252,0.00526523,0.00374549,0.00527252,"ARIMA(1, 0, 0)",-0.00527252,-7.28e-06,-0.00152702,0.0,2025-W02
adj_close.csv,ARIMA,EWT,0.00348208,0.00872321,0.0034507,0.00348208,0.00872321,0.0034507,"ARIMA(1, 0, 0)",0.0034507,-3.138e-05,-0.00527252,0.0,2025-W03
adj_close.csv,ARIMA,EWT,0.00662673,0.00318729,0.00663799,0.00662673,0.00318729,0.00663799,"ARIMA(1, 0, 0)",0.00663799,1.126e-05,0.0034507,0.0,2025-W04
adj_close.csv,ARIMA,EWT,0.00759623,0.01419037,0.00755238,0.00759623,0.01419037,0.00755238,"ARIMA(1, 0, 0)",-0.00755238,4.385e-05,0.00663799,0.0,2025-W05
adj_close.csv,ARIMA,EWT,0.00215967,0.00971747,0.00216509,0.00215967,0.00971747,0.00216509,"ARIMA(1, 0, 0)",0.00216509,5.41e-06,-0.00755238,0.0,2025-W06
adj_close.csv,ARIMA,EWT,0.00283221,0.00066049,0.00282557,0.00283221,0.00066049,0.00282557,"ARIMA(1, 0, 0)",0.00282557,-6.64e-06,0.00216509,0.0,2025-W07
adj_close.csv,ARIMA,EWT,0.00095225,0.00187949,0.00094608,0.00095225,0.00187949,0.00094608,"ARIMA(1, 0, 0)",0.00094608,-6.17e-06,0.00282557,0.0,2025-W08
adj_close.csv,ARIMA,EWT,0.00824928,0.00919705,0.00825098,0.00824928,0.00919705,0.00825098,"ARIMA(1, 0, 0)",-0.00825098,-1.7e-06,0.00094608,0.0,2025-W09
adj_close.csv,ARIMA,EWT,0.00162234,0.00989739,0.00164642,0.00162234,0.00989739,0.00164642,"ARIMA(1, 0, 0)",0.00164642,2.408e-05,-0.00825098,0.0,2025-W10
adj_close.csv,ARIMA,EWT,0.00377542,0.00542978,0.00378336,0.00377542,0.00542978,0.00378336,"ARIMA(1, 0, 0)",-0.00378336,-7.94e-06,0.00164642,0.0,2025-W11
adj_close.csv,ARIMA,EWT,0.00022063,0.00358433,0.00019903,0.00022063,0.00358433,0.00019903,"ARIMA(1, 0, 0)",-0.00019903,2.159e-05,-0.00378336,0.0,2025-W12
adj_close.csv,ARIMA,EWT,0.009795,0.00959485,0.00979388,0.009795,0.00959485,0.00979388,"ARIMA(1, 0, 0)",-0.00979388,1.11e-06,-0.00019903,0.0,2025-W13
adj_close.csv,ARIMA,EWT,0.01752274,0.00767683,0.01747071,0.01752274,0.00767683,0.01747071,"ARIMA(1, 0, 0)",-0.01747071,5.203e-05,-0.00979388,0.0,2025-W14
adj_close.csv,ARIMA,EWT,0.00837837,0.02552187,0.00805116,0.00837837,0.02552187,0.00805116,"ARIMA(1, 0, 0)",0.00805116,-0.00032721,-0.01747071,0.0,2025-W15
adj_close.csv,ARIMA,EWT,0.00408094,0.01213963,0.00408847,0.00408094,0.01213963,0.00408847,"ARIMA(1, 0, 0)",-0.00408847,-7.53e-06,0.00805116,0.0,2025-W16
adj_close.csv,ARIMA,EWT,0.00638093,0.01049112,0.00640265,0.00638093,0.01049112,0.00640265,"ARIMA(1, 0, 0)",0.00640265,2.172e-05,-0.00408847,0.0,2025-W17
adj_close.csv,ARIMA,EWT,0.01902406,0.0125652,0.01896785,0.01902406,0.0125652,0.01896785,"ARIMA(1, 0, 0)",0.01896785,-5.621e-05,0.00640265,0.0,2025-W18
adj_close.csv,ARIMA,EWT,0.00297708,0.01585193,0.00311593,0.00297708,0.01585193,0.00311593,"ARIMA(1, 0, 0)",0.00311593,0.00013885,0.01896785,0.0,2025-W19
adj_close.csv,ARIMA,EWT,0.00850394,0.00543302,0.00854895,0.00850394,0.00543302,0.00854895,"ARIMA(1, 0, 0)",0.00854895,4.501e-05,0.00311593,0.0,2025-W20
adj_close.csv,ARIMA,EWT,0.00197479,0.0103717,0.00182275,0.00197479,0.0103717,0.00182275,"ARIMA(1, 0, 0)",-0.00182275,0.00015203,0.00854895,0.0,2025-W21
adj_close.csv,ARIMA,EWT,0.00535406,0.00355988,0.00538263,0.00535406,0.00355988,0.00538263,"ARIMA(1, 0, 0)",-0.00538263,-2.857e-05,-0.00182275,0.0,2025-W22
adj_close.csv,ARIMA,EWT,0.00658977,0.01188147,0.00649884,0.00658977,0.01188147,0.00649884,"ARIMA(1, 0, 0)",0.00649884,-9.093e-05,-0.00538263,0.0,2025-W23
adj_close.csv,ARIMA,EWT,0.00624898,0.00016874,0.0063301,0.00624898,0.00016874,0.0063301,"ARIMA(1, 0, 0)",0.0063301,8.112e-05,0.00649884,0.0,2025-W24
adj_close.csv,ARIMA,EWT,0.00467324,0.01089252,0.00456242,0.00467324,0.01089252,0.00456242,"ARIMA(1, 0, 0)",-0.00456242,0.00011082,0.0063301,0.0,2025-W25
adj_close.csv,ARIMA,EWT,0.01074997,0.01524913,0.01068671,0.01074997,0.01524913,0.01068671,"ARIMA(1, 0, 0)",0.01068671,-6.326e-05,-0.00456242,0.0,2025-W26
adj_close.csv,ARIMA,EWT,0.00669468,0.00390822,0.00677849,0.00669468,0.00390822,0.00677849,"ARIMA(1, 0, 0)",0.00677849,8.381e-05,0.01068671,0.0,2025-W27
adj_close.csv,ARIMA,EWT,0.00398494,0.01065154,0.00387305,0.00398494,0.01065154,0.00387305,"ARIMA(1, 0, 0)",-0.00387305,0.00011189,0.00677849,0.0,2025-W28
adj_close.csv,ARIMA,EWT,0.00325031,0.00707204,0.00319898,0.00325031,0.00707204,0.00319898,"ARIMA(1, 0, 0)",0.00319898,-5.133e-05,-0.00387305,0.0,2025-W29
adj_close.csv,ARIMA,EWT,0.00060287,0.00255856,0.00064042,0.00060287,0.00255856,0.00064042,"ARIMA(1, 0, 0)",0.00064042,3.756e-05,0.00319898,0.0,2025-W30
adj_close.csv,ARIMA,EWT,0.00353856,0.00417132,0.00353089,0.00353856,0.00417132,0.00353089,"ARIMA(1, 0, 0)",-0.00353089,7.67e-06,0.00064042,0.0,2025-W31
adj_close.csv,ARIMA,EWT,0.00644563,0.00993522,0.00640432,0.00644563,0.00993522,0.00640432,"ARIMA(1, 0, 0)",0.00640432,-4.131e-05,-0.00353089,0.0,2025-W32
adj_close.csv,ARIMA,EWT,0.00037332,0.00597355,0.00043077,0.00037332,0.00597355,0.00043077,"ARIMA(1, 0, 0)",0.00043077,5.746e-05,0.00640432,0.0,2025-W33
adj_close.csv,ARIMA,EWT,0.00253566,0.00296245,0.00253167,0.00253566,0.00296245,0.00253167,"ARIMA(1, 0, 0)",-0.00253167,3.99e-06,0.00043077,0.0,2025-W34
adj_close.csv,ARIMA,EWT,0.00281287,0.0003043,0.00283597,0.00281287,0.0003043,0.00283597,"ARIMA(1, 0, 0)",-0.00283597,-2.311e-05,-0.00253167,0.0,2025-W35
adj_close.csv,ARIMA,EWT,0.00586742,0.0086751,0.00583913,0.00586742,0.0086751,0.00583913,"ARIMA(1, 0, 0)",0.00583913,-2.829e-05,-0.00283597,0.0,2025-W36
adj_close.csv,ARIMA,EWT,0.00847218,0.00267972,0.00851885,0.00847218,0.00267972,0.00851885,"ARIMA(1, 0, 0)",0.00851885,4.668e-05,0.00583913,0.0,2025-W37
adj_close.csv,ARIMA,EWT,0.00162506,0.00677572,0.00174314,0.00162506,0.00677572,0.00174314,"ARIMA(1, 0, 0)",0.00174314,0.00011808,0.00851885,0.0,2025-W38
adj_close.csv,ARIMA,EWT,0.00205683,0.00377297,0.00202983,0.00205683,0.00377297,0.00202983,"ARIMA(1, 0, 0)",-0.00202983,2.7e-05,0.00174314,0.0,2025-W39
adj_close.csv,ARIMA,EWT,0.00599743,0.00799667,0.00596684,0.00599743,0.00799667,0.00596684,"ARIMA(1, 0, 0)",0.00596684,-3.058e-05,-0.00202983,0.0,2025-W40
adj_close.csv,ARIMA,EWT,0.00965075,0.01553623,0.00956938,0.00965075,0.01553623,0.00956938,"ARIMA(1, 0, 0)",-0.00956938,8.137e-05,0.00596684,0.0,2025-W41
adj_close.csv,ARIMA,EWT,0.0110229,0.02052626,0.01095687,0.0110229,0.02052626,0.01095687,"ARIMA(1, 0, 0)",0.01095687,-6.603e-05,-0.00956938,0.0,2025-W42
adj_close.csv,ARIMA,EWT,0.00428425,0.0067308,0.00422607,0.00428425,0.0067308,0.00422607,"ARIMA(1, 0, 0)",0.00422607,-5.818e-05,0.01095687,0.0,2025-W43
adj_close.csv,ARIMA,EWT,0.00051056,0.0037153,0.00051077,0.00051056,0.0037153,0.00051077,"ARIMA(1, 0, 0)",0.00051077,2.1e-07,0.00422607,0.0,2025-W44
adj_close.csv,ARIMA,EWT,0.00621732,0.00672794,0.00621717,0.00621732,0.00672794,0.00621717,"ARIMA(1, 0, 0)",-0.00621717,1.5e-07,0.00051077,0.0,2025-W45
adj_close.csv,ARIMA,EWT,0.00172559,0.00794317,0.001726,0.00172559,0.00794317,0.001726,"ARIMA(1, 0, 0)",0.001726,4.2e-07,-0.00621717,0.0,2025-W46
adj_close.csv,ARIMA,EWT,0.01061696,0.01234517,0.01061917,0.01061696,0.01234517,0.01061917,"ARIMA(1, 0, 0)",-0.01061917,-2.22e-06,0.001726,0.0,2025-W47
adj_close.csv,ARIMA,EWT,0.01069354,0.02134841,0.01072924,0.01069354,0.02134841,0.01072924,"ARIMA(1, 0, 0)",0.01072924,3.57e-05,-0.01061917,0.0,2025-W48
adj_close.csv,ARIMA,EWT,0.0027599,0.00814182,0.00258742,0.0027599,0.00814182,0.00258742,"ARIMA(1, 0, 0)",0.00258742,-0.00017248,0.01072924,0.0,2025-W49
adj_close.csv,ARIMA,EWT,0.00382948,0.00645002,0.00386261,0.00382948,0.00645002,0.00386261,"ARIMA(1, 0, 0)",-0.00386261,-3.313e-05,0.00258742,0.0,2025-W50
adj_close.csv,ARIMA,EWT,0.00110333,0.00501961,0.00115701,0.00110333,0.00501961,0.00115701,"ARIMA(1, 0, 0)",0.00115701,5.368e-05,-0.00386261,0.0,2025-W51
adj_close.csv,ARIMA,EWT,0.00555191,0.00437828,0.00553529,0.00555191,0.00437828,0.00553529,"ARIMA(1, 0, 0)",0.00553529,-1.662e-05,0.00115701,0.0,2025-W52
adj_close.csv,ARIMA,EWT,0.00692319,0.0013123,0.00684758,0.00692319,0.0013123,0.00684758,"ARIMA(1, 0, 0)",0.00684758,-7.561e-05,0.00553529,0.0,2026-W01
adj_close.csv,ARIMA,EWT,0.00358457,0.00332771,0.00351988,0.00358457,0.00332771,0.00351988,"ARIMA(1, 0, 0)",0.00351988,-6.469e-05,0.00684758,0.0,2026-W02
adj_close.csv,ARIMA,EWT,0.00428631,0.00074263,0.0042625,0.00428631,0.00074263,0.0042625,"ARIMA(1, 0, 0)",0.0042625,-2.381e-05,0.00351988,0.0,2026-W03
adj_close.csv,ARIMA,EWT,0.00866916,0.00438485,0.00864735,0.00866916,0.00438485,0.00864735,"ARIMA(1, 0, 0)",0.00864735,-2.181e-05,0.0042625,0.0,2026-W04
adj_close.csv,ARIMA,EWT,0.00478139,0.01343818,0.00479083,0.00478139,0.01343818,0.00479083,"ARIMA(1, 0, 0)",-0.00479083,-9.43e-06,0.00864735,0.0,2026-W05
adj_close.csv,ARIMA,EWT,0.01282033,0.01763779,0.01284696,0.01282033,0.01763779,0.01284696,"ARIMA(1, 0, 0)",0.01284696,2.663e-05,-0.00479083,0.0,2026-W06
adj_close.csv,ARIMA,EWU,0.00297404,0.00575951,0.002852,0.00297404,0.00575951,0.002852,"ARIMA(0, 0, 1)",0.002852,-0.00012203,-0.00290751,0.0,2024-W30
adj_close.csv,ARIMA,EWU,0.00319081,0.00592942,0.00307742,0.00319081,0.00592942,0.00307742,"ARIMA(0, 0, 1)",-0.00307742,0.00011339,0.002852,0.0,2024-W31
adj_close.csv,ARIMA,EWU,0.00028175,0.00268234,0.00039507,0.00028175,0.00268234,0.00039507,"ARIMA(0, 0, 1)",-0.00039507,-0.00011332,-0.00307742,0.0,2024-W32
adj_close.csv,ARIMA,EWU,0.00607535,0.00646035,0.00606528,0.00607535,0.00646035,0.00606528,"ARIMA(0, 0, 1)",0.00606528,-1.007e-05,-0.00039507,0.0,2024-W33
adj_close.csv,ARIMA,EWU,0.00471183,0.00113878,0.00492649,0.00471183,0.00113878,0.00492649,"ARIMA(0, 0, 1)",0.00492649,0.00021466,0.00606528,0.0,2024-W34
adj_close.csv,ARIMA,EWU,0.00049384,0.00423253,0.00069396,0.00049384,0.00423253,0.00069396,"ARIMA(0, 0, 1)",0.00069396,0.00020013,0.00492649,0.0,2024-W35
adj_close.csv,ARIMA,EWU,0.00704698,0.00771954,0.00702557,0.00704698,0.00771954,0.00702557,"ARIMA(0, 0, 1)",-0.00702557,2.141e-05,0.00069396,0.0,2024-W36
adj_close.csv,ARIMA,EWU,0.00252584,0.00926024,0.00223467,0.00252584,0.00926024,0.00223467,"ARIMA(0, 0, 1)",0.00223467,-0.00029117,-0.00702557,0.0,2024-W37
adj_close.csv,ARIMA,EWU,0.00066562,0.00147731,0.00075736,0.00066562,0.00147731,0.00075736,"ARIMA(0, 0, 1)",0.00075736,9.175e-05,0.00223467,0.0,2024-W38
adj_close.csv,ARIMA,EWU,0.0033484,0.00261576,0.00337312,0.0033484,0.00261576,0.00337312,"ARIMA(0, 0, 1)",0.00337312,2.472e-05,0.00075736,0.0,2024-W39
adj_close.csv,ARIMA,EWU,0.00387712,0.00712455,0.00375143,0.00387712,0.00712455,0.00375143,"ARIMA(0, 0, 1)",-0.00375143,0.00012568,0.00337312,0.0,2024-W40
adj_close.csv,ARIMA,EWU,0.00215439,0.00146629,0.00228514,0.00215439,0.00146629,0.00228514,"ARIMA(0, 0, 1)",-0.00228514,-0.00013075,-0.00375143,0.0,2024-W41
adj_close.csv,ARIMA,EWU,0.00257841,0.00478653,0.00250139,0.00257841,0.00478653,0.00250139,"ARIMA(0, 0, 1)",0.00250139,-7.703e-05,-0.00228514,0.0,2024-W42
adj_close.csv,ARIMA,EWU,0.00490152,0.0073143,0.00481291,0.00490152,0.0073143,0.00481291,"ARIMA(0, 0, 1)",-0.00481291,8.86e-05,0.00250139,0.0,2024-W43
adj_close.csv,ARIMA,EWU,0.00196009,0.00269826,0.00211466,0.00196009,0.00269826,0.00211466,"ARIMA(0, 0, 1)",-0.00211466,-0.00015456,-0.00481291,0.0,2024-W44
adj_close.csv,ARIMA,EWU,0.00229713,0.0002489,0.00236356,0.00229713,0.0002489,0.00236356,"ARIMA(0, 0, 1)",-0.00236356,-6.643e-05,-0.00211466,0.0,2024-W45
adj_close.csv,ARIMA,EWU,0.00473126,0.00244904,0.0048126,0.00473126,0.00244904,0.0048126,"ARIMA(0, 0, 1)",-0.0048126,-8.134e-05,-0.00236356,0.0,2024-W46
adj_close.csv,ARIMA,EWU,0.00408849,0.00871741,0.00390481,0.00408849,0.00871741,0.00390481,"ARIMA(0, 0, 1)",0.00390481,-0.00018368,-0.0048126,0.0,2024-W47
adj_close.csv,ARIMA,EWU,0.00430245,0.00053377,0.00443858,0.00430245,0.00053377,0.00443858,"ARIMA(0, 0, 1)",0.00443858,0.00013613,0.00390481,0.0,2024-W48
adj_close.csv,ARIMA,EWU,0.00039695,0.00388066,0.00055792,0.00039695,0.00388066,0.00055792,"ARIMA(0, 0, 1)",0.00055792,0.00016097,0.00443858,0.0,2024-W49
adj_close.csv,ARIMA,EWU,0.00219965,0.00274254,0.00218462,0.00219965,0.00274254,0.00218462,"ARIMA(0, 0, 1)",-0.00218462,1.503e-05,0.00055792,0.0,2024-W50
adj_close.csv,ARIMA,EWU,0.00629933,0.00419724,0.00638186,0.00629933,0.00419724,0.00638186,"ARIMA(0, 0, 1)",-0.00638186,-8.253e-05,-0.00218462,0.0,2024-W51
adj_close.csv,ARIMA,EWU,0.00225094,0.00837745,0.00199559,0.00225094,0.00837745,0.00199559,"ARIMA(0, 0, 1)",0.00199559,-0.00025535,-0.00638186,0.0,2024-W52
adj_close.csv,ARIMA,EWU,8.46e-06,0.00192196,7.363e-05,8.46e-06,0.00192196,7.363e-05,"ARIMA(0, 0, 1)",7.363e-05,8.209e-05,0.00199559,0.0,2025-W01
adj_close.csv,ARIMA,EWU,0.00355741,0.00363135,0.00355772,0.00355741,0.00363135,0.00355772,"ARIMA(0, 0, 1)",-0.00355772,-3.2e-07,7.363e-05,0.0,2025-W02
adj_close.csv,ARIMA,EWU,0.00537792,0.00880333,0.0052456,0.00537792,0.00880333,0.0052456,"ARIMA(0, 0, 1)",0.0052456,-0.00013231,-0.00355772,0.0,2025-W03
adj_close.csv,ARIMA,EWU,0.00550569,0.000434,0.00567961,0.00550569,0.000434,0.00567961,"ARIMA(0, 0, 1)",0.00567961,0.00017392,0.0052456,0.0,2025-W04
adj_close.csv,ARIMA,EWU,0.00226947,0.003193,0.0024866,0.00226947,0.003193,0.0024866,"ARIMA(0, 0, 1)",0.0024866,0.00021714,0.00567961,0.0,2025-W05
adj_close.csv,ARIMA,EWU,0.00146948,0.00092015,0.00156645,0.00146948,0.00092015,0.00156645,"ARIMA(0, 0, 1)",0.00156645,9.697e-05,0.0024866,0.0,2025-W06
adj_close.csv,ARIMA,EWU,0.00357959,0.00207805,0.0036445,0.00357959,0.00207805,0.0036445,"ARIMA(0, 0, 1)",0.0036445,6.491e-05,0.00156645,0.0,2025-W07
adj_close.csv,ARIMA,EWU,0.00146784,0.00494747,0.00130297,0.00146784,0.00494747,0.00130297,"ARIMA(0, 0, 1)",-0.00130297,0.00016487,0.0036445,0.0,2025-W08
adj_close.csv,ARIMA,EWU,0.00377115,0.0050088,0.00370582,0.00377115,0.0050088,0.00370582,"ARIMA(0, 0, 1)",0.00370582,-6.533e-05,-0.00130297,0.0,2025-W09
adj_close.csv,ARIMA,EWU,0.00405648,0.000515,0.00422082,0.00405648,0.000515,0.00422082,"ARIMA(0, 0, 1)",0.00422082,0.00016435,0.00370582,0.0,2025-W10
adj_close.csv,ARIMA,EWU,0.00082782,0.00485627,0.00063545,0.00082782,0.00485627,0.00063545,"ARIMA(0, 0, 1)",-0.00063545,0.00019237,0.00422082,0.0,2025-W11
adj_close.csv,ARIMA,EWU,0.00091837,0.00032149,0.00095694,0.00091837,0.00032149,0.00095694,"ARIMA(0, 0, 1)",-0.00095694,-3.857e-05,-0.00063545,0.0,2025-W12
adj_close.csv,ARIMA,EWU,0.00036252,0.00127643,0.00031949,0.00036252,0.00127643,0.00031949,"ARIMA(0, 0, 1)",0.00031949,-4.304e-05,-0.00095694,0.0,2025-W13
adj_close.csv,ARIMA,EWU,0.01647826,0.01678078,0.01646129,0.01647826,0.01678078,0.01646129,"ARIMA(0, 0, 1)",-0.01646129,1.697e-05,0.00031949,0.0,2025-W14
adj_close.csv,ARIMA,EWU,0.00616755,0.0218755,0.00541421,0.00616755,0.0218755,0.00541421,"ARIMA(0, 0, 1)",0.00541421,-0.00075334,-0.01646129,0.0,2025-W15
adj_close.csv,ARIMA,EWU,0.00952524,0.00423685,0.00965106,0.00952524,0.00423685,0.00965106,"ARIMA(0, 0, 1)",0.00965106,0.00012582,0.00541421,0.0,2025-W16
adj_close.csv,ARIMA,EWU,0.00486639,0.00447125,0.00517981,0.00486639,0.00447125,0.00517981,"ARIMA(0, 0, 1)",0.00517981,0.00031342,0.00965106,0.0,2025-W17
adj_close.csv,ARIMA,EWU,0.00324421,0.00173055,0.00344926,0.00324421,0.00173055,0.00344926,"ARIMA(0, 0, 1)",0.00344926,0.00020505,0.00517981,0.0,2025-W18
adj_close.csv,ARIMA,EWU,0.00176589,0.00506196,0.0016127,0.00176589,0.00506196,0.0016127,"ARIMA(0, 0, 1)",-0.0016127,0.00015319,0.00344926,0.0,2025-W19
adj_close.csv,ARIMA,EWU,0.00324171,0.00477381,0.00316111,0.00324171,0.00477381,0.00316111,"ARIMA(0, 0, 1)",0.00316111,-8.06e-05,-0.0016127,0.0,2025-W20
adj_close.csv,ARIMA,EWU,0.00483052,0.00181502,0.00497613,0.00483052,0.00181502,0.00497613,"ARIMA(0, 0, 1)",0.00497613,0.00014561,0.00316111,0.0,2025-W21
adj_close.csv,ARIMA,EWU,1.588e-05,0.00472555,0.00025059,1.588e-05,0.00472555,0.00025059,"ARIMA(0, 0, 1)",0.00025059,0.00023471,0.00497613,0.0,2025-W22
adj_close.csv,ARIMA,EWU,0.00214204,0.00189222,0.00214281,0.00214204,0.00189222,0.00214281,"ARIMA(0, 0, 1)",0.00214281,7.6e-07,0.00025059,0.0,2025-W23
adj_close.csv,ARIMA,EWU,0.00024154,0.00179615,0.00034666,0.00024154,0.00179615,0.00034666,"ARIMA(0, 0, 1)",0.00034666,0.00010512,0.00214281,0.0,2025-W24
adj_close.csv,ARIMA,EWU,0.00452737,0.00486216,0.0045155,0.00452737,0.00486216,0.0045155,"ARIMA(0, 0, 1)",-0.0045155,1.187e-05,0.00034666,0.0,2025-W25
adj_close.csv,ARIMA,EWU,0.00439309,0.00868761,0.00417212,0.00439309,0.00868761,0.00417212,"ARIMA(0, 0, 1)",0.00417212,-0.00022097,-0.0045155,0.0,2025-W26
adj_close.csv,ARIMA,EWU,0.00043413,0.00354352,0.0006286,0.00043413,0.00354352,0.0006286,"ARIMA(0, 0, 1)",0.0006286,0.00019447,0.00417212,0.0,2025-W27
adj_close.csv,ARIMA,EWU,0.00048222,0.00012698,0.00050162,0.00048222,0.00012698,0.00050162,"ARIMA(0, 0, 1)",0.00050162,1.94e-05,0.0006286,0.0,2025-W28
adj_close.csv,ARIMA,EWU,0.00062377,0.00110372,0.0006021,0.00062377,0.00110372,0.0006021,"ARIMA(0, 0, 1)",-0.0006021,2.166e-05,0.00050162,0.0,2025-W29
adj_close.csv,ARIMA,EWU,0.00420513,0.00477929,0.00417719,0.00420513,0.00477929,0.00417719,"ARIMA(0, 0, 1)",0.00417719,-2.794e-05,-0.0006021,0.0,2025-W30
adj_close.csv,ARIMA,EWU,0.0036611,0.00765209,0.0034749,0.0036611,0.00765209,0.0034749,"ARIMA(0, 0, 1)",-0.0034749,0.0001862,0.00417719,0.0,2025-W31
adj_close.csv,ARIMA,EWU,0.00308159,0.00640772,0.00293282,0.00308159,0.00640772,0.00293282,"ARIMA(0, 0, 1)",0.00293282,-0.00014877,-0.0034749,0.0,2025-W32
adj_close.csv,ARIMA,EWU,0.00350069,0.00068589,0.0036187,0.00350069,0.00068589,0.0036187,"ARIMA(0, 0, 1)",0.0036187,0.00011801,0.00293282,0.0,2025-W33
adj_close.csv,ARIMA,EWU,0.00374449,0.00026864,0.00388734,0.00374449,0.00026864,0.00388734,"ARIMA(0, 0, 1)",0.00388734,0.00014285,0.0036187,0.0,2025-W34
adj_close.csv,ARIMA,EWU,0.0031322,0.00685604,0.0029687,0.0031322,0.00685604,0.0029687,"ARIMA(0, 0, 1)",-0.0029687,0.0001635,0.00388734,0.0,2025-W35
adj_close.csv,ARIMA,EWU,0.00066976,0.00351081,0.00054211,0.00066976,0.00351081,0.00054211,"ARIMA(0, 0, 1)",0.00054211,-0.00012766,-0.0029687,0.0,2025-W36
adj_close.csv,ARIMA,EWU,0.00184142,0.0013264,0.0018685,0.00184142,0.0013264,0.0018685,"ARIMA(0, 0, 1)",0.0018685,2.708e-05,0.00054211,0.0,2025-W37
adj_close.csv,ARIMA,EWU,0.00286033,0.00465365,0.00278515,0.00286033,0.00465365,0.00278515,"ARIMA(0, 0, 1)",-0.00278515,7.518e-05,0.0018685,0.0,2025-W38
adj_close.csv,ARIMA,EWU,0.00117474,0.00384616,0.00106101,0.00117474,0.00384616,0.00106101,"ARIMA(0, 0, 1)",0.00106101,-0.00011373,-0.00278515,0.0,2025-W39
adj_close.csv,ARIMA,EWU,0.00498885,0.00397366,0.00503467,0.00498885,0.00397366,0.00503467,"ARIMA(0, 0, 1)",0.00503467,4.582e-05,0.00106101,0.0,2025-W40
adj_close.csv,ARIMA,EWU,0.00451581,0.00934916,0.00431448,0.00451581,0.00934916,0.00431448,"ARIMA(0, 0, 1)",-0.00431448,0.00020133,0.00503467,0.0,2025-W41
adj_close.csv,ARIMA,EWU,0.00178259,0.0059374,0.00162292,0.00178259,0.0059374,0.00162292,"ARIMA(0, 0, 1)",0.00162292,-0.00015968,-0.00431448,0.0,2025-W42
adj_close.csv,ARIMA,EWU,0.00328697,0.00172423,0.00334715,0.00328697,0.00172423,0.00334715,"ARIMA(0, 0, 1)",0.00334715,6.018e-05,0.00162292,0.0,2025-W43
adj_close.csv,ARIMA,EWU,0.00063094,0.00386208,0.00051493,0.00063094,0.00386208,0.00051493,"ARIMA(0, 0, 1)",-0.00051493,0.00011601,0.00334715,0.0,2025-W44
adj_close.csv,ARIMA,EWU,0.00095724,0.00145018,0.00093525,0.00095724,0.00145018,0.00093525,"ARIMA(0, 0, 1)",0.00093525,-2.199e-05,-0.00051493,0.0,2025-W45
adj_close.csv,ARIMA,EWU,0.00050042,0.00140231,0.00046706,0.00050042,0.00140231,0.00046706,"ARIMA(0, 0, 1)",-0.00046706,3.336e-05,0.00093525,0.0,2025-W46
adj_close.csv,ARIMA,EWU,0.00333059,0.0028809,0.00334796,0.00333059,0.0028809,0.00334796,"ARIMA(0, 0, 1)",-0.00334796,-1.737e-05,-0.00046706,0.0,2025-W47
adj_close.csv,ARIMA,EWU,0.00651317,0.00974428,0.00639632,0.00651317,0.00974428,0.00639632,"ARIMA(0, 0, 1)",0.00639632,-0.00011685,-0.00334796,0.0,2025-W48
adj_close.csv,ARIMA,EWU,0.00012675,0.00607214,0.00032418,0.00012675,0.00607214,0.00032418,"ARIMA(0, 0, 1)",0.00032418,0.00019743,0.00639632,0.0,2025-W49
adj_close.csv,ARIMA,EWU,0.00027361,4.673e-05,0.00027745,0.00027361,4.673e-05,0.00027745,"ARIMA(0, 0, 1)",0.00027745,3.84e-06,0.00032418,0.0,2025-W50
adj_close.csv,ARIMA,EWU,0.00501561,0.00474653,0.00502398,0.00501561,0.00474653,0.00502398,"ARIMA(0, 0, 1)",0.00502398,8.37e-06,0.00027745,0.0,2025-W51
adj_close.csv,ARIMA,EWU,0.00382965,0.00103665,0.00398733,0.00382965,0.00103665,0.00398733,"ARIMA(0, 0, 1)",0.00398733,0.00015768,0.00502398,0.0,2025-W52
adj_close.csv,ARIMA,EWU,0.0011044,0.00274721,0.00124012,0.0011044,0.00274721,0.00124012,"ARIMA(0, 0, 1)",0.00124012,0.00013572,0.00398733,0.0,2026-W01
adj_close.csv,ARIMA,EWU,0.00143867,0.00023888,0.00147901,0.00143867,0.00023888,0.00147901,"ARIMA(0, 0, 1)",0.00147901,4.033e-05,0.00124012,0.0,2026-W02
adj_close.csv,ARIMA,EWU,0.00168047,0.00025491,0.00173392,0.00168047,0.00025491,0.00173392,"ARIMA(0, 0, 1)",0.00173392,5.345e-05,0.00147901,0.0,2026-W03
adj_close.csv,ARIMA,EWU,0.00208527,0.00041485,0.00214877,0.00208527,0.00041485,0.00214877,"ARIMA(0, 0, 1)",0.00214877,6.35e-05,0.00173392,0.0,2026-W04
adj_close.csv,ARIMA,EWU,0.0024923,0.00042403,0.0025728,0.0024923,0.00042403,0.0025728,"ARIMA(0, 0, 1)",0.0025728,8.051e-05,0.00214877,0.0,2026-W05
adj_close.csv,ARIMA,EWU,0.00809935,0.00562575,0.00819856,0.00809935,0.00562575,0.00819856,"ARIMA(0, 0, 1)",0.00819856,9.921e-05,0.0025728,0.0,2026-W06
adj_close.csv,ARIMA,EWZ,0.00249798,0.00618428,0.00186581,0.00249798,0.00618428,0.00186581,"ARIMA(1, 0, 1)",-0.00186581,0.00063218,-0.00805009,0.0,2024-W30
adj_close.csv,ARIMA,EWZ,0.00380597,0.00221299,0.0040788,0.00380597,0.00221299,0.0040788,"ARIMA(1, 0, 1)",-0.0040788,-0.00027283,-0.00186581,0.0,2024-W31
adj_close.csv,ARIMA,EWZ,0.01388996,0.01827923,0.01420043,0.01388996,0.01827923,0.01420043,"ARIMA(1, 0, 1)",0.01420043,0.00031047,-0.0040788,0.0,2024-W32
adj_close.csv,ARIMA,EWZ,0.00915669,0.00706406,0.00713638,0.00915669,0.00706406,0.00713638,"ARIMA(1, 0, 1)",0.00713638,-0.00202032,0.01420043,0.0,2024-W33
adj_close.csv,ARIMA,EWZ,0.00060997,0.00581798,0.0013184,0.00060997,0.00581798,0.0013184,"ARIMA(1, 0, 1)",0.0013184,0.00070843,0.00713638,0.0,2024-W34
adj_close.csv,ARIMA,EWZ,0.00311311,0.00509895,0.00378056,0.00311311,0.00509895,0.00378056,"ARIMA(1, 0, 1)",-0.00378056,-0.00066745,0.0013184,0.0,2024-W35
adj_close.csv,ARIMA,EWZ,0.00456603,0.00052482,0.00430538,0.00456603,0.00052482,0.00430538,"ARIMA(1, 0, 1)",-0.00430538,0.00026065,-0.00378056,0.0,2024-W36
adj_close.csv,ARIMA,EWZ,0.00166135,0.00627116,0.00196578,0.00166135,0.00627116,0.00196578,"ARIMA(1, 0, 1)",0.00196578,0.00030443,-0.00430538,0.0,2024-W37
adj_close.csv,ARIMA,EWZ,0.00300168,0.00509296,0.00312718,0.00300168,0.00509296,0.00312718,"ARIMA(1, 0, 1)",-0.00312718,-0.0001255,0.00196578,0.0,2024-W38
adj_close.csv,ARIMA,EWZ,0.00345278,0.00679327,0.00366609,0.00345278,0.00679327,0.00366609,"ARIMA(1, 0, 1)",0.00366609,0.0002133,-0.00312718,0.0,2024-W39
adj_close.csv,ARIMA,EWZ,0.00191375,0.00583045,0.00216437,0.00191375,0.00583045,0.00216437,"ARIMA(1, 0, 1)",-0.00216437,-0.00025061,0.00366609,0.0,2024-W40
adj_close.csv,ARIMA,EWZ,0.00826015,0.00538893,0.00755329,0.00826015,0.00538893,0.00755329,"ARIMA(1, 0, 1)",-0.00755329,0.00070686,-0.00216437,0.0,2024-W41
adj_close.csv,ARIMA,EWZ,0.00138177,0.00670402,0.00084927,0.00138177,0.00670402,0.00084927,"ARIMA(1, 0, 1)",-0.00084927,0.0005325,-0.00755329,0.0,2024-W42
adj_close.csv,ARIMA,EWZ,0.00057383,0.00035218,0.00049709,0.00057383,0.00035218,0.00049709,"ARIMA(1, 0, 1)",-0.00049709,7.674e-05,-0.00084927,0.0,2024-W43
adj_close.csv,ARIMA,EWZ,0.00816277,0.00762877,0.00812586,0.00816277,0.00762877,0.00812586,"ARIMA(1, 0, 1)",-0.00812586,3.691e-05,-0.00049709,0.0,2024-W44
adj_close.csv,ARIMA,EWZ,0.00438772,0.01324307,0.00511721,0.00438772,0.01324307,0.00511721,"ARIMA(1, 0, 1)",0.00511721,0.00072949,-0.00812586,0.0,2024-W45
adj_close.csv,ARIMA,EWZ,0.00263772,0.00809854,0.00298133,0.00263772,0.00809854,0.00298133,"ARIMA(1, 0, 1)",-0.00298133,-0.00034361,0.00511721,0.0,2024-W46
adj_close.csv,ARIMA,EWZ,0.00041788,0.00451392,0.0015326,0.00041788,0.00451392,0.0015326,"ARIMA(1, 0, 1)",0.0015326,0.00111471,-0.00298133,0.0,2024-W47
adj_close.csv,ARIMA,EWZ,0.01778036,0.02030438,0.01877178,0.01778036,0.02030438,0.01877178,"ARIMA(1, 0, 1)",-0.01877178,-0.00099142,0.0015326,0.0,2024-W48
adj_close.csv,ARIMA,EWZ,0.00474521,0.01680286,0.00196892,0.00474521,0.01680286,0.00196892,"ARIMA(1, 0, 1)",-0.00196892,0.00277629,-0.01877178,0.0,2024-W49
adj_close.csv,ARIMA,EWZ,0.0003414,0.00181057,0.00015836,0.0003414,0.00181057,0.00015836,"ARIMA(1, 0, 1)",-0.00015836,0.00018304,-0.00196892,0.0,2024-W50
adj_close.csv,ARIMA,EWZ,0.00885917,0.00868339,0.00884175,0.00885917,0.00868339,0.00884175,"ARIMA(1, 0, 1)",-0.00884175,1.742e-05,-0.00015836,0.0,2024-W51
adj_close.csv,ARIMA,EWZ,0.00642036,0.00303641,0.00580534,0.00642036,0.00303641,0.00580534,"ARIMA(1, 0, 1)",-0.00580534,0.00061502,-0.00884175,0.0,2024-W52
adj_close.csv,ARIMA,EWZ,0.00162086,0.00458342,0.00122192,0.00162086,0.00458342,0.00122192,"ARIMA(1, 0, 1)",-0.00122192,0.00039895,-0.00580534,0.0,2025-W01
adj_close.csv,ARIMA,EWZ,0.00256656,0.00388033,0.00265841,0.00256656,0.00388033,0.00265841,"ARIMA(1, 0, 1)",0.00265841,9.185e-05,-0.00122192,0.0,2025-W02
adj_close.csv,ARIMA,EWZ,0.00761015,0.00478188,0.00744029,0.00761015,0.00478188,0.00744029,"ARIMA(1, 0, 1)",0.00744029,-0.00016986,0.00265841,0.0,2025-W03
adj_close.csv,ARIMA,EWZ,0.00900457,0.00080853,0.00824882,0.00900457,0.00080853,0.00824882,"ARIMA(1, 0, 1)",0.00824882,-0.00075576,0.00744029,0.0,2025-W04
adj_close.csv,ARIMA,EWZ,0.00847402,0.00027514,0.00797368,0.00847402,0.00027514,0.00797368,"ARIMA(1, 0, 1)",0.00797368,-0.00050034,0.00824882,0.0,2025-W05
adj_close.csv,ARIMA,EWZ,0.00042804,0.00884412,0.00087043,0.00042804,0.00884412,0.00087043,"ARIMA(1, 0, 1)",-0.00087043,-0.0004424,0.00797368,0.0,2025-W06
adj_close.csv,ARIMA,EWZ,0.00888282,0.00978839,0.00891796,0.00888282,0.00978839,0.00891796,"ARIMA(1, 0, 1)",0.00891796,3.513e-05,-0.00087043,0.0,2025-W07
adj_close.csv,ARIMA,EWZ,0.00819737,0.01759941,0.00868146,0.00819737,0.01759941,0.00868146,"ARIMA(1, 0, 1)",-0.00868146,-0.00048408,0.00891796,0.0,2025-W08
adj_close.csv,ARIMA,EWZ,0.01281938,0.00229345,0.0109749,0.01281938,0.00229345,0.0109749,"ARIMA(1, 0, 1)",-0.0109749,0.00184447,-0.00868146,0.0,2025-W09
adj_close.csv,ARIMA,EWZ,0.00521205,0.01677951,0.00580461,0.00521205,0.01677951,0.00580461,"ARIMA(1, 0, 1)",0.00580461,0.00059256,-0.0109749,0.0,2025-W10
adj_close.csv,ARIMA,EWZ,0.00836783,0.00225016,0.00805477,0.00836783,0.00225016,0.00805477,"ARIMA(1, 0, 1)",0.00805477,-0.00031306,0.00580461,0.0,2025-W11
adj_close.csv,ARIMA,EWZ,0.00601577,0.00248294,0.00557183,0.00601577,0.00248294,0.00557183,"ARIMA(1, 0, 1)",0.00557183,-0.00044394,0.00805477,0.0,2025-W12
adj_close.csv,ARIMA,EWZ,0.00435244,0.01021701,0.00464518,0.00435244,0.01021701,0.00464518,"ARIMA(1, 0, 1)",-0.00464518,-0.00029273,0.00557183,0.0,2025-W13
adj_close.csv,ARIMA,EWZ,0.0118124,0.00693158,0.01157676,0.0118124,0.00693158,0.01157676,"ARIMA(1, 0, 1)",-0.01157676,0.00023564,-0.00464518,0.0,2025-W14
adj_close.csv,ARIMA,EWZ,0.00097341,0.0131218,0.00154504,0.00097341,0.0131218,0.00154504,"ARIMA(1, 0, 1)",0.00154504,0.00057162,-0.01157676,0.0,2025-W15
adj_close.csv,ARIMA,EWZ,0.00537211,0.00376472,0.00530975,0.00537211,0.00376472,0.00530975,"ARIMA(1, 0, 1)",0.00530975,-6.235e-05,0.00154504,0.0,2025-W16
adj_close.csv,ARIMA,EWZ,0.01345852,0.00788522,0.01319498,0.01345852,0.00788522,0.01319498,"ARIMA(1, 0, 1)",0.01319498,-0.00026355,0.00530975,0.0,2025-W17
adj_close.csv,ARIMA,EWZ,0.0019236,0.01186311,0.00133187,0.0019236,0.01186311,0.00133187,"ARIMA(1, 0, 1)",0.00133187,-0.00059174,0.01319498,0.0,2025-W18
adj_close.csv,ARIMA,EWZ,0.00328783,0.00188691,0.00321878,0.00328783,0.00188691,0.00321878,"ARIMA(1, 0, 1)",0.00321878,-6.905e-05,0.00133187,0.0,2025-W19
adj_close.csv,ARIMA,EWZ,0.00405239,5.095e-05,0.00316783,0.00405239,5.095e-05,0.00316783,"ARIMA(1, 0, 1)",0.00316783,-0.00088456,0.00321878,0.0,2025-W20
adj_close.csv,ARIMA,EWZ,0.00251556,0.00568358,0.00251576,0.00251556,0.00568358,0.00251576,"ARIMA(1, 0, 1)",-0.00251576,-1.9e-07,0.00316783,0.0,2025-W21
adj_close.csv,ARIMA,EWZ,0.00411337,0.00149455,0.00401031,0.00411337,0.00149455,0.00401031,"ARIMA(1, 0, 1)",-0.00401031,0.00010306,-0.00251576,0.0,2025-W22
adj_close.csv,ARIMA,EWZ,0.00354561,0.00772424,0.00371393,0.00354561,0.00772424,0.00371393,"ARIMA(1, 0, 1)",0.00371393,0.00016832,-0.00401031,0.0,2025-W23
adj_close.csv,ARIMA,EWZ,0.00316149,0.00070635,0.00300758,0.00316149,0.00070635,0.00300758,"ARIMA(1, 0, 1)",0.00300758,-0.00015391,0.00371393,0.0,2025-W24
adj_close.csv,ARIMA,EWZ,0.00053539,0.00260068,0.0004069,0.00053539,0.00260068,0.0004069,"ARIMA(1, 0, 1)",0.0004069,-0.00012848,0.00300758,0.0,2025-W25
adj_close.csv,ARIMA,EWZ,0.00358488,0.00296176,0.00336866,0.00358488,0.00296176,0.00336866,"ARIMA(1, 0, 1)",0.00336866,-0.00021622,0.0004069,0.0,2025-W26
adj_close.csv,ARIMA,EWZ,0.01030723,0.00681549,0.01018415,0.01030723,0.00681549,0.01018415,"ARIMA(1, 0, 1)",0.01018415,-0.00012308,0.00336866,0.0,2025-W27
adj_close.csv,ARIMA,EWZ,0.01253039,0.02271462,0.01253046,0.01253039,0.02271462,0.01253046,"ARIMA(1, 0, 1)",-0.01253046,-7e-08,0.01018415,0.0,2025-W28
adj_close.csv,ARIMA,EWZ,0.00558437,0.00752835,0.00500211,0.00558437,0.00752835,0.00500211,"ARIMA(1, 0, 1)",-0.00500211,0.00058226,-0.01253046,0.0,2025-W29
adj_close.csv,ARIMA,EWZ,0.00066923,0.00567137,0.00066926,0.00066923,0.00567137,0.00066926,"ARIMA(1, 0, 1)",0.00066926,3e-08,-0.00500211,0.0,2025-W30
adj_close.csv,ARIMA,EWZ,0.00216461,0.00283388,0.00216462,0.00216461,0.00283388,0.00216462,"ARIMA(1, 0, 1)",-0.00216462,-0.0,0.00066926,0.0,2025-W31
adj_close.csv,ARIMA,EWZ,0.00852129,0.01068592,0.00852131,0.00852129,0.01068592,0.00852131,"ARIMA(1, 0, 1)",0.00852131,1e-08,-0.00216462,0.0,2025-W32
adj_close.csv,ARIMA,EWZ,0.00278534,0.00573602,0.00278529,0.00278534,0.00573602,0.00278529,"ARIMA(1, 0, 1)",0.00278529,-5e-08,0.00852131,0.0,2025-W33
adj_close.csv,ARIMA,EWZ,0.00288687,0.00010156,0.00288685,0.00288687,0.00010156,0.00288685,"ARIMA(1, 0, 1)",0.00288685,-2e-08,0.00278529,0.0,2025-W34
adj_close.csv,ARIMA,EWZ,0.00612681,0.00323995,0.0061268,0.00612681,0.00323995,0.0061268,"ARIMA(1, 0, 1)",0.0061268,-2e-08,0.00288685,0.0,2025-W35
adj_close.csv,ARIMA,EWZ,0.00109929,0.00502754,0.00109926,0.00109929,0.00502754,0.00109926,"ARIMA(1, 0, 1)",0.00109926,-3e-08,0.0061268,0.0,2025-W36
adj_close.csv,ARIMA,EWZ,0.00268192,0.00158265,0.00268191,0.00268192,0.00158265,0.00268191,"ARIMA(1, 0, 1)",0.00268191,-1e-08,0.00109926,0.0,2025-W37
adj_close.csv,ARIMA,EWZ,0.00590596,0.00322403,0.00590594,0.00590596,0.00322403,0.00590594,"ARIMA(1, 0, 1)",0.00590594,-1e-08,0.00268191,0.0,2025-W38
adj_close.csv,ARIMA,EWZ,0.00129742,0.00720339,0.00129745,0.00129742,0.00720339,0.00129745,"ARIMA(1, 0, 1)",-0.00129745,-3e-08,0.00590594,0.0,2025-W39
adj_close.csv,ARIMA,EWZ,0.00262041,0.00132296,0.0026204,0.00262041,0.00132296,0.0026204,"ARIMA(1, 0, 1)",-0.0026204,1e-08,-0.00129745,0.0,2025-W40
adj_close.csv,ARIMA,EWZ,0.01042186,0.00780144,0.01042185,0.01042186,0.00780144,0.01042185,"ARIMA(1, 0, 1)",-0.01042185,1e-08,-0.0026204,0.0,2025-W41
adj_close.csv,ARIMA,EWZ,0.00629106,0.01671296,0.00629111,0.00629106,0.01671296,0.00629111,"ARIMA(1, 0, 1)",0.00629111,5e-08,-0.01042185,0.0,2025-W42
adj_close.csv,ARIMA,EWZ,0.00511744,0.0011737,0.00511741,0.00511744,0.0011737,0.00511741,"ARIMA(1, 0, 1)",0.00511741,-3e-08,0.00629111,0.0,2025-W43
adj_close.csv,ARIMA,EWZ,0.0044771,0.00064033,0.00447708,0.0044771,0.00064033,0.00447708,"ARIMA(1, 0, 1)",0.00447708,-3e-08,0.00511741,0.0,2025-W44
adj_close.csv,ARIMA,EWZ,0.00712225,0.00264515,0.00712223,0.00712225,0.00264515,0.00712223,"ARIMA(1, 0, 1)",0.00712223,-2e-08,0.00447708,0.0,2025-W45
adj_close.csv,ARIMA,EWZ,0.00537604,0.00174622,0.00537601,0.00537604,0.00174622,0.00537601,"ARIMA(1, 0, 1)",0.00537601,-3e-08,0.00712223,0.0,2025-W46
adj_close.csv,ARIMA,EWZ,0.00705485,0.01243088,0.00705487,0.00705485,0.01243088,0.00705487,"ARIMA(1, 0, 1)",-0.00705487,-2e-08,0.00537601,0.0,2025-W47
adj_close.csv,ARIMA,EWZ,0.01203765,0.01909255,0.01203768,0.01203765,0.01909255,0.01203768,"ARIMA(1, 0, 1)",0.01203768,3e-08,-0.00705487,0.0,2025-W48
adj_close.csv,ARIMA,EWZ,0.00653213,0.01856988,0.00653219,0.00653213,0.01856988,0.00653219,"ARIMA(1, 0, 1)",-0.00653219,-6e-08,0.01203768,0.0,2025-W49
adj_close.csv,ARIMA,EWZ,0.004799,0.01133123,0.00479903,0.004799,0.01133123,0.00479903,"ARIMA(1, 0, 1)",0.00479903,4e-08,-0.00653219,0.0,2025-W50
adj_close.csv,ARIMA,EWZ,0.0071281,0.01192716,0.00712813,0.0071281,0.01192716,0.00712813,"ARIMA(1, 0, 1)",-0.00712813,-3e-08,0.00479903,0.0,2025-W51
adj_close.csv,ARIMA,EWZ,0.00411105,0.01157976,0.00445163,0.00411105,0.01157976,0.00445163,"ARIMA(1, 0, 1)",0.00445163,0.00034058,-0.00712813,0.0,2025-W52
adj_close.csv,ARIMA,EWZ,0.00473583,6.917e-05,0.0045208,0.00473583,6.917e-05,0.0045208,"ARIMA(1, 0, 1)",0.0045208,-0.00021503,0.00445163,0.0,2026-W01
adj_close.csv,ARIMA,EWZ,0.00549864,0.00075074,0.00527153,0.00549864,0.00075074,0.00527153,"ARIMA(1, 0, 1)",0.00527153,-0.00022711,0.0045208,0.0,2026-W02
adj_close.csv,ARIMA,EWZ,0.00092,0.0046072,0.00066433,0.00092,0.0046072,0.00066433,"ARIMA(1, 0, 1)",0.00066433,-0.00025566,0.00527153,0.0,2026-W03
adj_close.csv,ARIMA,EWZ,0.02456954,0.02386796,0.0245323,0.02456954,0.02386796,0.0245323,"ARIMA(1, 0, 1)",0.0245323,-3.725e-05,0.00066433,0.0,2026-W04
adj_close.csv,ARIMA,EWZ,0.00244483,0.02208761,0.00244469,0.00244483,0.02208761,0.00244469,"ARIMA(1, 0, 1)",0.00244469,-1.4e-07,0.0245323,0.0,2026-W05
adj_close.csv,ARIMA,EWZ,0.01100831,0.00856361,0.0110083,0.01100831,0.00856361,0.0110083,"ARIMA(1, 0, 1)",0.0110083,-1e-08,0.00244469,0.0,2026-W06
adj_close.csv,ARIMA,FXI,0.00367233,0.00822313,0.00233738,0.00367233,0.00822313,0.00233738,"ARIMA(1, 0, 1)",-0.00233738,0.00133495,-0.01056051,0.0,2024-W30
adj_close.csv,ARIMA,FXI,0.0020287,0.00018631,0.00252369,0.0020287,0.00018631,0.00252369,"ARIMA(1, 0, 1)",-0.00252369,-0.00049499,-0.00233738,0.0,2024-W31
adj_close.csv,ARIMA,FXI,0.0013875,0.00449802,0.00197433,0.0013875,0.00449802,0.00197433,"ARIMA(1, 0, 1)",0.00197433,0.00058683,-0.00252369,0.0,2024-W32
adj_close.csv,ARIMA,FXI,0.00760099,0.00505208,0.00702641,0.00760099,0.00505208,0.00702641,"ARIMA(1, 0, 1)",0.00702641,-0.00057458,0.00197433,0.0,2024-W33
adj_close.csv,ARIMA,FXI,0.00134528,0.00611803,0.00090839,0.00134528,0.00611803,0.00090839,"ARIMA(1, 0, 1)",0.00090839,-0.00043689,0.00702641,0.0,2024-W34
adj_close.csv,ARIMA,FXI,0.00030902,0.0010595,0.00015111,0.00030902,0.0010595,0.00015111,"ARIMA(1, 0, 1)",-0.00015111,0.0001579,0.00090839,0.0,2024-W35
adj_close.csv,ARIMA,FXI,0.00915914,0.00908782,0.00923893,0.00915914,0.00908782,0.00923893,"ARIMA(1, 0, 1)",-0.00923893,-7.979e-05,-0.00015111,0.0,2024-W36
adj_close.csv,ARIMA,FXI,0.00173818,0.01204273,0.0028038,0.00173818,0.01204273,0.0028038,"ARIMA(1, 0, 1)",0.0028038,0.00106562,-0.00923893,0.0,2024-W37
adj_close.csv,ARIMA,FXI,0.01070826,0.00693213,0.00973592,0.01070826,0.00693213,0.00973592,"ARIMA(1, 0, 1)",0.00973592,-0.00097234,0.0028038,0.0,2024-W38
adj_close.csv,ARIMA,FXI,0.03448375,0.02419553,0.03393145,0.03448375,0.02419553,0.03393145,"ARIMA(1, 0, 1)",0.03393145,-0.0005523,0.00973592,0.0,2024-W39
adj_close.csv,ARIMA,FXI,0.02305137,0.01305216,0.02087929,0.02305137,0.01305216,0.02087929,"ARIMA(1, 0, 1)",0.02087929,-0.00217208,0.03393145,0.0,2024-W40
adj_close.csv,ARIMA,FXI,0.01280591,0.03443399,0.0135547,0.01280591,0.03443399,0.0135547,"ARIMA(1, 0, 1)",-0.0135547,-0.00074879,0.02087929,0.0,2024-W41
adj_close.csv,ARIMA,FXI,0.00800865,0.00623011,0.00732459,0.00800865,0.00623011,0.00732459,"ARIMA(1, 0, 1)",-0.00732459,0.00068406,-0.0135547,0.0,2024-W42
adj_close.csv,ARIMA,FXI,0.00281742,0.00450721,0.00281739,0.00281742,0.00450721,0.00281739,"ARIMA(1, 0, 1)",-0.00281739,3e-08,-0.00732459,0.0,2024-W43
adj_close.csv,ARIMA,FXI,0.00025237,0.00256503,0.00025235,0.00025237,0.00256503,0.00025235,"ARIMA(1, 0, 1)",-0.00025235,1e-08,-0.00281739,0.0,2024-W44
adj_close.csv,ARIMA,FXI,0.00133018,0.00107783,0.00133018,0.00133018,0.00107783,0.00133018,"ARIMA(1, 0, 1)",-0.00133018,0.0,-0.00025235,0.0,2024-W45
adj_close.csv,ARIMA,FXI,0.00856996,0.00723978,0.00856996,0.00856996,0.00723978,0.00856996,"ARIMA(1, 0, 1)",-0.00856996,1e-08,-0.00133018,0.0,2024-W46
adj_close.csv,ARIMA,FXI,0.00307496,0.00549504,0.00307492,0.00307496,0.00549504,0.00307492,"ARIMA(1, 0, 1)",-0.00307492,4e-08,-0.00856996,0.0,2024-W47
adj_close.csv,ARIMA,FXI,0.00516685,0.00824178,0.00516686,0.00516685,0.00824178,0.00516686,"ARIMA(1, 0, 1)",0.00516686,1e-08,-0.00307492,0.0,2024-W48
adj_close.csv,ARIMA,FXI,0.00301253,0.00215435,0.00301251,0.00301253,0.00215435,0.00301251,"ARIMA(1, 0, 1)",0.00301251,-2e-08,0.00516686,0.0,2024-W49
adj_close.csv,ARIMA,FXI,0.00213352,0.000879,0.00213351,0.00213352,0.000879,0.00213351,"ARIMA(1, 0, 1)",0.00213351,-1e-08,0.00301251,0.0,2024-W50
adj_close.csv,ARIMA,FXI,0.00145086,0.00358438,0.00145087,0.00145086,0.00358438,0.00145087,"ARIMA(1, 0, 1)",-0.00145087,-1e-08,0.00213351,0.0,2024-W51
adj_close.csv,ARIMA,FXI,0.0035091,0.00495998,0.00350911,0.0035091,0.00495998,0.00350911,"ARIMA(1, 0, 1)",0.00350911,1e-08,-0.00145087,0.0,2024-W52
adj_close.csv,ARIMA,FXI,0.00375577,0.00726489,0.00375579,0.00375577,0.00726489,0.00375579,"ARIMA(1, 0, 1)",-0.00375579,-1e-08,0.00350911,0.0,2025-W01
adj_close.csv,ARIMA,FXI,0.01474005,0.01098425,0.01474003,0.01474005,0.01098425,0.01474003,"ARIMA(1, 0, 1)",-0.01474003,2e-08,-0.00375579,0.0,2025-W02
adj_close.csv,ARIMA,FXI,0.01192357,0.02666365,0.01192362,0.01192357,0.02666365,0.01192362,"ARIMA(1, 0, 1)",0.01192362,5e-08,-0.01474003,0.0,2025-W03
adj_close.csv,ARIMA,FXI,0.00737138,0.0045523,0.00737132,0.00737138,0.0045523,0.00737132,"ARIMA(1, 0, 1)",0.00737132,-6e-08,0.01192362,0.0,2025-W04
adj_close.csv,ARIMA,FXI,0.00360716,0.00376419,0.00360713,0.00360716,0.00376419,0.00360713,"ARIMA(1, 0, 1)",0.00360713,-3e-08,0.00737132,0.0,2025-W05
adj_close.csv,ARIMA,FXI,0.00519993,0.00159279,0.00519992,0.00519993,0.00159279,0.00519992,"ARIMA(1, 0, 1)",0.00519992,-1e-08,0.00360713,0.0,2025-W06
adj_close.csv,ARIMA,FXI,0.01363967,0.00843973,0.01363965,0.01363967,0.00843973,0.01363965,"ARIMA(1, 0, 1)",0.01363965,-2e-08,0.00519992,0.0,2025-W07
adj_close.csv,ARIMA,FXI,0.00841835,0.00522134,0.00841831,0.00841835,0.00522134,0.00841831,"ARIMA(1, 0, 1)",0.00841831,-4e-08,0.01363965,0.0,2025-W08
adj_close.csv,ARIMA,FXI,0.00565308,0.01407142,0.0056531,0.00565308,0.01407142,0.0056531,"ARIMA(1, 0, 1)",-0.0056531,-2e-08,0.00841831,0.0,2025-W09
adj_close.csv,ARIMA,FXI,0.00958762,0.01524074,0.00958764,0.00958762,0.01524074,0.00958764,"ARIMA(1, 0, 1)",0.00958764,1e-08,-0.0056531,0.0,2025-W10
adj_close.csv,ARIMA,FXI,0.00375247,0.00583519,0.00375245,0.00375247,0.00583519,0.00375245,"ARIMA(1, 0, 1)",0.00375245,-3e-08,0.00958764,0.0,2025-W11
adj_close.csv,ARIMA,FXI,0.00592871,0.00968117,0.00592872,0.00592871,0.00968117,0.00592872,"ARIMA(1, 0, 1)",-0.00592872,-1e-08,0.00375245,0.0,2025-W12
adj_close.csv,ARIMA,FXI,0.00397805,0.00195069,0.00397804,0.00397805,0.00195069,0.00397804,"ARIMA(1, 0, 1)",-0.00397804,2e-08,-0.00592872,0.0,2025-W13
adj_close.csv,ARIMA,FXI,0.01809342,0.01411537,0.01809341,0.01809342,0.01411537,0.01809341,"ARIMA(1, 0, 1)",-0.01809341,1e-08,-0.00397804,0.0,2025-W14
adj_close.csv,ARIMA,FXI,0.00121796,0.01931141,0.001218,0.00121796,0.01931141,0.001218,"ARIMA(1, 0, 1)",0.001218,4e-08,-0.01809341,0.0,2025-W15
adj_close.csv,ARIMA,FXI,0.00413229,0.0053503,0.00413229,0.00413229,0.0053503,0.00413229,"ARIMA(1, 0, 1)",-0.00413229,-0.0,0.001218,0.0,2025-W16
adj_close.csv,ARIMA,FXI,0.00952272,0.01365502,0.00952273,0.00952272,0.01365502,0.00952273,"ARIMA(1, 0, 1)",0.00952273,1e-08,-0.00413229,0.0,2025-W17
adj_close.csv,ARIMA,FXI,0.00540026,0.00412249,0.00540024,0.00540026,0.00412249,0.00540024,"ARIMA(1, 0, 1)",0.00540024,-2e-08,0.00952273,0.0,2025-W18
adj_close.csv,ARIMA,FXI,0.00045882,0.00585907,0.00045883,0.00045882,0.00585907,0.00045883,"ARIMA(1, 0, 1)",-0.00045883,-1e-08,0.00540024,0.0,2025-W19
adj_close.csv,ARIMA,FXI,0.00459791,0.00505674,0.00459791,0.00459791,0.00505674,0.00459791,"ARIMA(1, 0, 1)",0.00459791,0.0,-0.00045883,0.0,2025-W20
adj_close.csv,ARIMA,FXI,0.00184335,0.00275458,0.00184334,0.00184335,0.00275458,0.00184334,"ARIMA(1, 0, 1)",0.00184334,-1e-08,0.00459791,0.0,2025-W21
adj_close.csv,ARIMA,FXI,0.00683432,0.00867766,0.00683433,0.00683432,0.00867766,0.00683433,"ARIMA(1, 0, 1)",-0.00683433,-0.0,0.00184334,0.0,2025-W22
adj_close.csv,ARIMA,FXI,0.00888535,0.0157197,0.00888537,0.00888535,0.0157197,0.00888537,"ARIMA(1, 0, 1)",0.00888537,2e-08,-0.00683433,0.0,2025-W23
adj_close.csv,ARIMA,FXI,5.462e-05,0.00894001,5.464e-05,5.462e-05,0.00894001,5.464e-05,"ARIMA(1, 0, 1)",-5.464e-05,-2e-08,0.00888537,0.0,2025-W24
adj_close.csv,ARIMA,FXI,0.00384834,0.0037937,0.00384834,0.00384834,0.0037937,0.00384834,"ARIMA(1, 0, 1)",-0.00384834,0.0,-5.464e-05,0.0,2025-W25
adj_close.csv,ARIMA,FXI,0.00713473,0.01098308,0.00713474,0.00713473,0.01098308,0.00713474,"ARIMA(1, 0, 1)",0.00713474,1e-08,-0.00384834,0.0,2025-W26
adj_close.csv,ARIMA,FXI,0.00369464,0.01082939,0.00369466,0.00369464,0.01082939,0.00369466,"ARIMA(1, 0, 1)",-0.00369466,-2e-08,0.00713474,0.0,2025-W27
adj_close.csv,ARIMA,FXI,0.00115463,0.0048493,0.00115464,0.00115463,0.0048493,0.00115464,"ARIMA(1, 0, 1)",0.00115464,1e-08,-0.00369466,0.0,2025-W28
adj_close.csv,ARIMA,FXI,0.00847995,0.0073253,0.00847994,0.00847995,0.0073253,0.00847994,"ARIMA(1, 0, 1)",0.00847994,-0.0,0.00115464,0.0,2025-W29
adj_close.csv,ARIMA,FXI,0.0030766,0.00540336,0.00307658,0.0030766,0.00540336,0.00307658,"ARIMA(1, 0, 1)",0.00307658,-2e-08,0.00847994,0.0,2025-W30
adj_close.csv,ARIMA,FXI,0.00964678,0.01272337,0.00964679,0.00964678,0.01272337,0.00964679,"ARIMA(1, 0, 1)",-0.00964679,-1e-08,0.00307658,0.0,2025-W31
adj_close.csv,ARIMA,FXI,0.0045102,0.01415702,0.00451023,0.0045102,0.01415702,0.00451023,"ARIMA(1, 0, 1)",0.00451023,3e-08,-0.00964679,0.0,2025-W32
adj_close.csv,ARIMA,FXI,0.00352597,0.00098428,0.00352595,0.00352597,0.00098428,0.00352595,"ARIMA(1, 0, 1)",0.00352595,-1e-08,0.00451023,0.0,2025-W33
adj_close.csv,ARIMA,FXI,0.00464061,0.00111464,0.0046406,0.00464061,0.00111464,0.0046406,"ARIMA(1, 0, 1)",0.0046406,-1e-08,0.00352595,0.0,2025-W34
adj_close.csv,ARIMA,FXI,0.00168907,0.00632967,0.00168908,0.00168907,0.00632967,0.00168908,"ARIMA(1, 0, 1)",-0.00168908,-1e-08,0.0046406,0.0,2025-W35
adj_close.csv,ARIMA,FXI,6.426e-05,0.00162483,6.425e-05,6.426e-05,0.00162483,6.425e-05,"ARIMA(1, 0, 1)",-6.425e-05,0.0,-0.00168908,0.0,2025-W36
adj_close.csv,ARIMA,FXI,0.00801215,0.0080764,0.00801215,0.00801215,0.0080764,0.00801215,"ARIMA(1, 0, 1)",0.00801215,0.0,-6.425e-05,0.0,2025-W37
adj_close.csv,ARIMA,FXI,0.00216166,0.00585051,0.00216164,0.00216166,0.00585051,0.00216164,"ARIMA(1, 0, 1)",0.00216164,-2e-08,0.00801215,0.0,2025-W38
adj_close.csv,ARIMA,FXI,0.00295352,0.00511517,0.00295353,0.00295352,0.00511517,0.00295353,"ARIMA(1, 0, 1)",-0.00295353,-1e-08,0.00216164,0.0,2025-W39
adj_close.csv,ARIMA,FXI,0.00533363,0.00828717,0.00533364,0.00533363,0.00828717,0.00533364,"ARIMA(1, 0, 1)",0.00533364,1e-08,-0.00295353,0.0,2025-W40
adj_close.csv,ARIMA,FXI,0.01550617,0.02083982,0.01550618,0.01550617,0.02083982,0.01550618,"ARIMA(1, 0, 1)",-0.01550618,-1e-08,0.00533364,0.0,2025-W41
adj_close.csv,ARIMA,FXI,0.00852926,0.02403549,0.00852931,0.00852926,0.02403549,0.00852931,"ARIMA(1, 0, 1)",0.00852931,5e-08,-0.01550618,0.0,2025-W42
adj_close.csv,ARIMA,FXI,0.0027313,0.00579804,0.00273127,0.0027313,0.00579804,0.00273127,"ARIMA(1, 0, 1)",0.00273127,-3e-08,0.00852931,0.0,2025-W43
adj_close.csv,ARIMA,FXI,0.00418653,0.00691781,0.00418654,0.00418653,0.00691781,0.00418654,"ARIMA(1, 0, 1)",-0.00418654,-1e-08,0.00273127,0.0,2025-W44
adj_close.csv,ARIMA,FXI,0.00115503,0.00534158,0.00115504,0.00115503,0.00534158,0.00115504,"ARIMA(1, 0, 1)",0.00115504,1e-08,-0.00418654,0.0,2025-W45
adj_close.csv,ARIMA,FXI,0.00089933,0.00025572,0.00089932,0.00089933,0.00025572,0.00089932,"ARIMA(1, 0, 1)",0.00089932,-0.0,0.00115504,0.0,2025-W46
adj_close.csv,ARIMA,FXI,0.00710372,0.00800305,0.00710373,0.00710372,0.00800305,0.00710373,"ARIMA(1, 0, 1)",-0.00710373,-0.0,0.00089932,0.0,2025-W47
adj_close.csv,ARIMA,FXI,0.00517587,0.01227962,0.00517589,0.00517587,0.01227962,0.00517589,"ARIMA(1, 0, 1)",0.00517589,3e-08,-0.00710373,0.0,2025-W48
adj_close.csv,ARIMA,FXI,0.00220481,0.00336272,0.00181317,0.00220481,0.00336272,0.00181317,"ARIMA(1, 0, 1)",0.00181317,-0.00039164,0.00517589,0.0,2025-W49
adj_close.csv,ARIMA,FXI,0.00463374,0.00591613,0.00410296,0.00463374,0.00591613,0.00410296,"ARIMA(1, 0, 1)",-0.00410296,0.00053078,0.00181317,0.0,2025-W50
adj_close.csv,ARIMA,FXI,0.00036978,0.0037905,0.00031246,0.00036978,0.0037905,0.00031246,"ARIMA(1, 0, 1)",-0.00031246,-0.00068224,-0.00410296,0.0,2025-W51
adj_close.csv,ARIMA,FXI,0.0014768,0.0024407,0.00212823,0.0014768,0.0024407,0.00212823,"ARIMA(1, 0, 1)",0.00212823,0.00065143,-0.00031246,0.0,2025-W52
adj_close.csv,ARIMA,FXI,0.00623622,0.0035228,0.00565103,0.00623622,0.0035228,0.00565103,"ARIMA(1, 0, 1)",0.00565103,-0.00058519,0.00212823,0.0,2026-W01
adj_close.csv,ARIMA,FXI,0.00277422,0.0080257,0.00237467,0.00277422,0.0080257,0.00237467,"ARIMA(1, 0, 1)",-0.00237467,0.00039955,0.00565103,0.0,2026-W02
adj_close.csv,ARIMA,FXI,0.00015763,0.00212038,0.00025429,0.00015763,0.00212038,0.00025429,"ARIMA(1, 0, 1)",-0.00025429,-9.665e-05,-0.00237467,0.0,2026-W03
adj_close.csv,ARIMA,FXI,0.00080465,0.00114329,0.000889,0.00080465,0.00114329,0.000889,"ARIMA(1, 0, 1)",0.000889,8.435e-05,-0.00025429,0.0,2026-W04
adj_close.csv,ARIMA,FXI,0.00095071,2.877e-05,0.00086023,0.00095071,2.877e-05,0.00086023,"ARIMA(1, 0, 1)",0.00086023,-9.048e-05,0.000889,0.0,2026-W05
adj_close.csv,ARIMA,FXI,0.01121366,0.01203075,0.01117053,0.01121366,0.01203075,0.01117053,"ARIMA(1, 0, 1)",-0.01117053,4.313e-05,0.00086023,0.0,2026-W06
adj_close.csv,ARIMA,HYG,0.00080775,0.00079345,0.00079345,0.00080775,0.00079345,0.00079345,"ARIMA(0, 0, 1)",0.00079345,-1.43e-05,0.0,0.0,2024-W30
adj_close.csv,ARIMA,HYG,0.00039304,0.00126212,0.00046867,0.00039304,0.00126212,0.00046867,"ARIMA(0, 0, 1)",-0.00046867,-7.563e-05,0.00079345,0.0,2024-W31
adj_close.csv,ARIMA,HYG,0.00065689,0.00116247,0.0006938,0.00065689,0.00116247,0.0006938,"ARIMA(0, 0, 1)",0.0006938,3.691e-05,-0.00046867,0.0,2024-W32
adj_close.csv,ARIMA,HYG,0.00228107,0.00152538,0.00221919,0.00228107,0.00152538,0.00221919,"ARIMA(0, 0, 1)",0.00221919,-6.188e-05,0.0006938,0.0,2024-W33
adj_close.csv,ARIMA,HYG,0.00162692,0.00080358,0.0014156,0.00162692,0.00080358,0.0014156,"ARIMA(0, 0, 1)",0.0014156,-0.00021131,0.00221919,0.0,2024-W34
adj_close.csv,ARIMA,HYG,7.72e-06,0.00156674,0.00015113,7.72e-06,0.00156674,0.00015113,"ARIMA(0, 0, 1)",-0.00015113,-0.00014341,0.0014156,0.0,2024-W35
adj_close.csv,ARIMA,HYG,0.00056856,0.00072037,0.00056924,0.00056856,0.00072037,0.00056924,"ARIMA(0, 0, 1)",0.00056924,6.8e-07,-0.00015113,0.0,2024-W36
adj_close.csv,ARIMA,HYG,0.00128486,0.00066525,0.00123449,0.00128486,0.00066525,0.00123449,"ARIMA(0, 0, 1)",0.00123449,-5.037e-05,0.00056924,0.0,2024-W37
adj_close.csv,ARIMA,HYG,0.00168887,0.00034158,0.00157607,0.00168887,0.00034158,0.00157607,"ARIMA(0, 0, 1)",0.00157607,-0.0001128,0.00123449,0.0,2024-W38
adj_close.csv,ARIMA,HYG,0.00039314,0.00132702,0.00024905,0.00039314,0.00132702,0.00024905,"ARIMA(0, 0, 1)",0.00024905,-0.00014409,0.00157607,0.0,2024-W39
adj_close.csv,ARIMA,HYG,0.00089357,0.00117582,0.00092677,0.00089357,0.00117582,0.00092677,"ARIMA(0, 0, 1)",-0.00092677,-3.32e-05,0.00024905,0.0,2024-W40
adj_close.csv,ARIMA,HYG,0.00015148,0.00085143,7.535e-05,0.00015148,0.00085143,7.535e-05,"ARIMA(0, 0, 1)",-7.535e-05,7.613e-05,-0.00092677,0.0,2024-W41
adj_close.csv,ARIMA,HYG,0.00056437,0.0006526,0.00057725,0.00056437,0.0006526,0.00057725,"ARIMA(0, 0, 1)",0.00057725,1.288e-05,-7.535e-05,0.0,2024-W42
adj_close.csv,ARIMA,HYG,0.00125945,0.00188479,0.00130754,0.00125945,0.00188479,0.00130754,"ARIMA(0, 0, 1)",-0.00130754,-4.809e-05,0.00057725,0.0,2024-W43
adj_close.csv,ARIMA,HYG,0.00044897,0.00096677,0.00034077,0.00044897,0.00096677,0.00034077,"ARIMA(0, 0, 1)",-0.00034077,0.0001082,-0.00130754,0.0,2024-W44
adj_close.csv,ARIMA,HYG,0.00261075,0.00298978,0.00264902,0.00261075,0.00298978,0.00264902,"ARIMA(0, 0, 1)",0.00264902,3.827e-05,-0.00034077,0.0,2024-W45
adj_close.csv,ARIMA,HYG,0.00120711,0.0040827,0.00143368,0.00120711,0.0040827,0.00143368,"ARIMA(0, 0, 1)",-0.00143368,-0.00022657,0.00264902,0.0,2024-W46
adj_close.csv,ARIMA,HYG,0.00054726,0.0020889,0.00065522,0.00054726,0.0020889,0.00065522,"ARIMA(0, 0, 1)",0.00065522,0.00010795,-0.00143368,0.0,2024-W47
adj_close.csv,ARIMA,HYG,0.00177343,0.00106866,0.00172387,0.00177343,0.00106866,0.00172387,"ARIMA(0, 0, 1)",0.00172387,-4.955e-05,0.00065522,0.0,2024-W48
adj_close.csv,ARIMA,HYG,0.00071299,0.00116995,0.00055393,0.00071299,0.00116995,0.00055393,"ARIMA(0, 0, 1)",0.00055393,-0.00015906,0.00172387,0.0,2024-W49
adj_close.csv,ARIMA,HYG,0.00116746,0.00178419,0.00123027,0.00116746,0.00178419,0.00123027,"ARIMA(0, 0, 1)",-0.00123027,-6.281e-05,0.00055393,0.0,2024-W50
adj_close.csv,ARIMA,HYG,0.00117273,0.00016182,0.00106845,0.00117273,0.00016182,0.00106845,"ARIMA(0, 0, 1)",-0.00106845,0.00010428,-0.00123027,0.0,2024-W51
adj_close.csv,ARIMA,HYG,0.00019856,0.00097301,9.543e-05,0.00019856,0.00097301,9.543e-05,"ARIMA(0, 0, 1)",-9.543e-05,0.00010313,-0.00106845,0.0,2024-W52
adj_close.csv,ARIMA,HYG,0.00128412,0.00139696,0.00130153,0.00128412,0.00139696,0.00130153,"ARIMA(0, 0, 1)",0.00130153,1.74e-05,-9.543e-05,0.0,2025-W01
adj_close.csv,ARIMA,HYG,0.00125196,0.00266669,0.00136517,0.00125196,0.00266669,0.00136517,"ARIMA(0, 0, 1)",-0.00136517,-0.00011321,0.00130153,0.0,2025-W02
adj_close.csv,ARIMA,HYG,0.00224233,0.00371975,0.00235459,0.00224233,0.00371975,0.00235459,"ARIMA(0, 0, 1)",0.00235459,0.00011225,-0.00136517,0.0,2025-W03
adj_close.csv,ARIMA,HYG,0.00111794,0.00144383,0.00091076,0.00111794,0.00144383,0.00091076,"ARIMA(0, 0, 1)",0.00091076,-0.00020718,0.00235459,0.0,2025-W04
adj_close.csv,ARIMA,HYG,2.483e-05,0.00098607,7.531e-05,2.483e-05,0.00098607,7.531e-05,"ARIMA(0, 0, 1)",-7.531e-05,-0.00010014,0.00091076,0.0,2025-W05
adj_close.csv,ARIMA,HYG,2.293e-05,5.014e-05,2.516e-05,2.293e-05,5.014e-05,2.516e-05,"ARIMA(0, 0, 1)",-2.516e-05,-2.23e-06,-7.531e-05,0.0,2025-W06
adj_close.csv,ARIMA,HYG,0.00102868,0.00105591,0.00103075,0.00102868,0.00105591,0.00103075,"ARIMA(0, 0, 1)",0.00103075,2.06e-06,-2.516e-05,0.0,2025-W07
adj_close.csv,ARIMA,HYG,0.00025242,0.00137574,0.00034499,0.00025242,0.00137574,0.00034499,"ARIMA(0, 0, 1)",-0.00034499,-9.257e-05,0.00103075,0.0,2025-W08
adj_close.csv,ARIMA,HYG,0.00117889,0.00154664,0.00120165,0.00117889,0.00154664,0.00120165,"ARIMA(0, 0, 1)",0.00120165,2.276e-05,-0.00034499,0.0,2025-W09
adj_close.csv,ARIMA,HYG,0.00066216,0.00197047,0.00076883,0.00066216,0.00197047,0.00076883,"ARIMA(0, 0, 1)",-0.00076883,-0.00010667,0.00120165,0.0,2025-W10
adj_close.csv,ARIMA,HYG,0.00150044,0.00067125,0.00144008,0.00150044,0.00067125,0.00144008,"ARIMA(0, 0, 1)",-0.00144008,6.036e-05,-0.00076883,0.0,2025-W11
adj_close.csv,ARIMA,HYG,0.00072473,0.00230035,0.00086027,0.00072473,0.00230035,0.00086027,"ARIMA(0, 0, 1)",0.00086027,0.00013553,-0.00144008,0.0,2025-W12
adj_close.csv,ARIMA,HYG,0.00099703,0.00192344,0.00106317,0.00099703,0.00192344,0.00106317,"ARIMA(0, 0, 1)",-0.00106317,-6.615e-05,0.00086027,0.0,2025-W13
adj_close.csv,ARIMA,HYG,0.00436691,0.00321191,0.00427508,0.00436691,0.00321191,0.00427508,"ARIMA(0, 0, 1)",-0.00427508,9.183e-05,-0.00106317,0.0,2025-W14
adj_close.csv,ARIMA,HYG,0.00043509,0.00422294,5.214e-05,0.00043509,0.00422294,5.214e-05,"ARIMA(0, 0, 1)",-5.214e-05,0.00038294,-0.00427508,0.0,2025-W15
adj_close.csv,ARIMA,HYG,0.00329656,0.00338533,0.00333318,0.00329656,0.00338533,0.00333318,"ARIMA(0, 0, 1)",0.00333318,3.662e-05,-5.214e-05,0.0,2025-W16
adj_close.csv,ARIMA,HYG,0.00284552,0.00077788,0.0025553,0.00284552,0.00077788,0.0025553,"ARIMA(0, 0, 1)",0.0025553,-0.00029022,0.00333318,0.0,2025-W17
adj_close.csv,ARIMA,HYG,0.00066079,0.00211718,0.00043812,0.00066079,0.00211718,0.00043812,"ARIMA(0, 0, 1)",0.00043812,-0.00022267,0.0025553,0.0,2025-W18
adj_close.csv,ARIMA,HYG,7.59e-05,0.00041265,2.548e-05,7.59e-05,0.00041265,2.548e-05,"ARIMA(0, 0, 1)",2.548e-05,-5.043e-05,0.00043812,0.0,2025-W19
adj_close.csv,ARIMA,HYG,0.0022088,0.00217749,0.00220296,0.0022088,0.00217749,0.00220296,"ARIMA(0, 0, 1)",0.00220296,-5.83e-06,2.548e-05,0.0,2025-W20
adj_close.csv,ARIMA,HYG,0.00101798,0.00339005,0.00118709,0.00101798,0.00339005,0.00118709,"ARIMA(0, 0, 1)",-0.00118709,-0.0001691,0.00220296,0.0,2025-W21
adj_close.csv,ARIMA,HYG,0.0018758,0.00314272,0.00195563,0.0018758,0.00314272,0.00195563,"ARIMA(0, 0, 1)",0.00195563,7.983e-05,-0.00118709,0.0,2025-W22
adj_close.csv,ARIMA,HYG,0.00041829,0.00168811,0.00026752,0.00041829,0.00168811,0.00026752,"ARIMA(0, 0, 1)",0.00026752,-0.00015076,0.00195563,0.0,2025-W23
adj_close.csv,ARIMA,HYG,0.00018443,0.0001163,0.00015123,0.00018443,0.0001163,0.00015123,"ARIMA(0, 0, 1)",0.00015123,-3.321e-05,0.00026752,0.0,2025-W24
adj_close.csv,ARIMA,HYG,0.00139696,0.00123106,0.00138229,0.00139696,0.00123106,0.00138229,"ARIMA(0, 0, 1)",0.00138229,-1.467e-05,0.00015123,0.0,2025-W25
adj_close.csv,ARIMA,HYG,0.00145946,3.349e-05,0.0013488,0.00145946,3.349e-05,0.0013488,"ARIMA(0, 0, 1)",0.0013488,-0.00011066,0.00138229,0.0,2025-W26
adj_close.csv,ARIMA,HYG,0.00138343,7.783e-05,0.00127097,0.00138343,7.783e-05,0.00127097,"ARIMA(0, 0, 1)",0.00127097,-0.00011246,0.0013488,0.0,2025-W27
adj_close.csv,ARIMA,HYG,0.00074419,0.00211885,0.00084788,0.00074419,0.00211885,0.00084788,"ARIMA(0, 0, 1)",-0.00084788,-0.00010369,0.00127097,0.0,2025-W28
adj_close.csv,ARIMA,HYG,0.00049243,0.0013969,0.00054902,0.00049243,0.0013969,0.00054902,"ARIMA(0, 0, 1)",0.00054902,5.658e-05,-0.00084788,0.0,2025-W29
adj_close.csv,ARIMA,HYG,0.00063492,4.824e-05,0.00059726,0.00063492,4.824e-05,0.00059726,"ARIMA(0, 0, 1)",0.00059726,-3.766e-05,0.00054902,0.0,2025-W30
adj_close.csv,ARIMA,HYG,0.00021514,0.00086078,0.00026352,0.00021514,0.00086078,0.00026352,"ARIMA(0, 0, 1)",-0.00026352,-4.838e-05,0.00059726,0.0,2025-W31
adj_close.csv,ARIMA,HYG,0.00058285,0.00086278,0.00059927,0.00058285,0.00086278,0.00059927,"ARIMA(0, 0, 1)",0.00059927,1.642e-05,-0.00026352,0.0,2025-W32
adj_close.csv,ARIMA,HYG,0.00064197,1.85e-06,0.00059742,0.00064197,1.85e-06,0.00059742,"ARIMA(0, 0, 1)",0.00059742,-4.455e-05,0.00059927,0.0,2025-W33
adj_close.csv,ARIMA,HYG,0.00101592,0.00036967,0.00096709,0.00101592,0.00036967,0.00096709,"ARIMA(0, 0, 1)",0.00096709,-4.882e-05,0.00059742,0.0,2025-W34
adj_close.csv,ARIMA,HYG,0.00010133,0.00094235,2.474e-05,0.00010133,0.00094235,2.474e-05,"ARIMA(0, 0, 1)",2.474e-05,-7.658e-05,0.00096709,0.0,2025-W35
adj_close.csv,ARIMA,HYG,0.00122553,0.00119316,0.0012179,0.00122553,0.00119316,0.0012179,"ARIMA(0, 0, 1)",0.0012179,-7.62e-06,2.474e-05,0.0,2025-W36
adj_close.csv,ARIMA,HYG,0.00031448,0.00099548,0.00022242,0.00031448,0.00099548,0.00022242,"ARIMA(0, 0, 1)",0.00022242,-9.205e-05,0.0012179,0.0,2025-W37
adj_close.csv,ARIMA,HYG,0.00076321,0.00051732,0.00073975,0.00076321,0.00051732,0.00073975,"ARIMA(0, 0, 1)",0.00073975,-2.347e-05,0.00022242,0.0,2025-W38
adj_close.csv,ARIMA,HYG,0.0003867,0.00118326,0.00044351,0.0003867,0.00118326,0.00044351,"ARIMA(0, 0, 1)",-0.00044351,-5.681e-05,0.00073975,0.0,2025-W39
adj_close.csv,ARIMA,HYG,0.00031893,0.00079133,0.00034782,0.00031893,0.00079133,0.00034782,"ARIMA(0, 0, 1)",0.00034782,2.889e-05,-0.00044351,0.0,2025-W40
adj_close.csv,ARIMA,HYG,0.00219018,0.00256187,0.00221405,0.00219018,0.00256187,0.00221405,"ARIMA(0, 0, 1)",-0.00221405,-2.387e-05,0.00034782,0.0,2025-W41
adj_close.csv,ARIMA,HYG,0.00175162,0.00413104,0.00191699,0.00175162,0.00413104,0.00191699,"ARIMA(0, 0, 1)",0.00191699,0.00016537,-0.00221405,0.0,2025-W42
adj_close.csv,ARIMA,HYG,0.00102805,0.00102699,0.00088999,0.00102805,0.00102699,0.00088999,"ARIMA(0, 0, 1)",0.00088999,-0.00013806,0.00191699,0.0,2025-W43
adj_close.csv,ARIMA,HYG,0.00061234,0.00158188,0.00069188,0.00061234,0.00158188,0.00069188,"ARIMA(0, 0, 1)",-0.00069188,-7.954e-05,0.00088999,0.0,2025-W44
adj_close.csv,ARIMA,HYG,0.00019715,0.00054255,0.00014933,0.00019715,0.00054255,0.00014933,"ARIMA(0, 0, 1)",-0.00014933,4.783e-05,-0.00069188,0.0,2025-W45
adj_close.csv,ARIMA,HYG,0.00028944,0.00012472,0.00027405,0.00028944,0.00012472,0.00027405,"ARIMA(0, 0, 1)",-0.00027405,1.539e-05,-0.00014933,0.0,2025-W46
adj_close.csv,ARIMA,HYG,0.00035103,0.00064766,0.00037361,0.00035103,0.00064766,0.00037361,"ARIMA(0, 0, 1)",0.00037361,2.259e-05,-0.00027405,0.0,2025-W47
adj_close.csv,ARIMA,HYG,0.00194861,0.00154757,0.00192118,0.00194861,0.00154757,0.00192118,"ARIMA(0, 0, 1)",0.00192118,-2.743e-05,0.00037361,0.0,2025-W48
adj_close.csv,ARIMA,HYG,0.00048568,0.00158654,0.00033464,0.00048568,0.00158654,0.00033464,"ARIMA(0, 0, 1)",0.00033464,-0.00015104,0.00192118,0.0,2025-W49
adj_close.csv,ARIMA,HYG,0.00040925,0.00078096,0.00044632,0.00040925,0.00078096,0.00044632,"ARIMA(0, 0, 1)",-0.00044632,-3.707e-05,0.00033464,0.0,2025-W50
adj_close.csv,ARIMA,HYG,0.00039214,0.0008699,0.00042358,0.00039214,0.0008699,0.00042358,"ARIMA(0, 0, 1)",0.00042358,3.143e-05,-0.00044632,0.0,2025-W51
adj_close.csv,ARIMA,HYG,0.0007757,0.00032194,0.00074552,0.0007757,0.00032194,0.00074552,"ARIMA(0, 0, 1)",0.00074552,-3.018e-05,0.00042358,0.0,2025-W52
adj_close.csv,ARIMA,HYG,0.00027651,0.00052849,0.00021703,0.00027651,0.00052849,0.00021703,"ARIMA(0, 0, 1)",0.00021703,-5.948e-05,0.00074552,0.0,2026-W01
adj_close.csv,ARIMA,HYG,0.00083762,0.00059946,0.00081648,0.00083762,0.00059946,0.00081648,"ARIMA(0, 0, 1)",0.00081648,-2.113e-05,0.00021703,0.0,2026-W02
adj_close.csv,ARIMA,HYG,0.00028593,0.00059439,0.00022209,0.00028593,0.00059439,0.00022209,"ARIMA(0, 0, 1)",0.00022209,-6.384e-05,0.00081648,0.0,2026-W03
adj_close.csv,ARIMA,HYG,0.00017582,6.798e-05,0.00015411,0.00017582,6.798e-05,0.00015411,"ARIMA(0, 0, 1)",0.00015411,-2.171e-05,0.00022209,0.0,2026-W04
adj_close.csv,ARIMA,HYG,3.595e-05,0.00020341,4.93e-05,3.595e-05,0.00020341,4.93e-05,"ARIMA(0, 0, 1)",-4.93e-05,-1.335e-05,0.00015411,0.0,2026-W05
adj_close.csv,ARIMA,HYG,0.00432674,0.00427471,0.00432401,0.00432674,0.00427471,0.00432401,"ARIMA(0, 0, 1)",-0.00432401,2.73e-06,-4.93e-05,0.0,2026-W06
adj_close.csv,ARIMA,IEF,0.00088936,0.00168815,0.00090726,0.00088936,0.00168815,0.00090726,"ARIMA(1, 0, 0)",0.00090726,1.789e-05,-0.0007809,0.0,2024-W30
adj_close.csv,ARIMA,IEF,0.00616697,0.00523822,0.00614547,0.00616697,0.00523822,0.00614547,"ARIMA(1, 0, 0)",0.00614547,-2.15e-05,0.00090726,0.0,2024-W31
adj_close.csv,ARIMA,IEF,0.00199249,0.00824489,0.00209941,0.00199249,0.00824489,0.00209941,"ARIMA(1, 0, 0)",-0.00209941,-0.00010692,0.00614547,0.0,2024-W32
adj_close.csv,ARIMA,IEF,0.00078223,0.00294593,0.00084652,0.00078223,0.00294593,0.00084652,"ARIMA(1, 0, 0)",0.00084652,6.429e-05,-0.00209941,0.0,2024-W33
adj_close.csv,ARIMA,IEF,0.00150537,0.00063144,0.00147796,0.00150537,0.00063144,0.00147796,"ARIMA(1, 0, 0)",0.00147796,-2.742e-05,0.00084652,0.0,2024-W34
adj_close.csv,ARIMA,IEF,0.00143211,0.00295591,0.00147796,0.00143211,0.00295591,0.00147796,"ARIMA(1, 0, 0)",-0.00147796,-4.584e-05,0.00147796,0.0,2024-W35
adj_close.csv,ARIMA,IEF,0.00399409,0.00552124,0.00404329,0.00399409,0.00552124,0.00404329,"ARIMA(1, 0, 0)",0.00404329,4.919e-05,-0.00147796,0.0,2024-W36
adj_close.csv,ARIMA,IEF,0.00121462,0.00298876,0.00105453,0.00121462,0.00298876,0.00105453,"ARIMA(1, 0, 0)",0.00105453,-0.0001601,0.00404329,0.0,2024-W37
adj_close.csv,ARIMA,IEF,0.00089624,0.00198709,0.00093256,0.00089624,0.00198709,0.00093256,"ARIMA(1, 0, 0)",-0.00093256,-3.631e-05,0.00105453,0.0,2024-W38
adj_close.csv,ARIMA,IEF,9.399e-05,0.00087161,6.095e-05,9.399e-05,0.00087161,6.095e-05,"ARIMA(1, 0, 0)",-6.095e-05,3.304e-05,-0.00093256,0.0,2024-W39
adj_close.csv,ARIMA,IEF,0.00335982,0.00329671,0.00335766,0.00335982,0.00329671,0.00335766,"ARIMA(1, 0, 0)",-0.00335766,2.15e-06,-6.095e-05,0.0,2024-W40
adj_close.csv,ARIMA,IEF,0.0013866,0.00208899,0.00126868,0.0013866,0.00208899,0.00126868,"ARIMA(1, 0, 0)",-0.00126868,0.00011793,-0.00335766,0.0,2024-W41
adj_close.csv,ARIMA,IEF,0.00012846,0.00143557,0.0001669,0.00012846,0.00143557,0.0001669,"ARIMA(1, 0, 0)",0.0001669,3.844e-05,-0.00126868,0.0,2024-W42
adj_close.csv,ARIMA,IEF,0.00219588,0.00236786,0.00220096,0.00219588,0.00236786,0.00220096,"ARIMA(1, 0, 0)",-0.00220096,-5.08e-06,0.0001669,0.0,2024-W43
adj_close.csv,ARIMA,IEF,0.00203715,0.0002317,0.00196927,0.00203715,0.0002317,0.00196927,"ARIMA(1, 0, 0)",-0.00196927,6.789e-05,-0.00220096,0.0,2024-W44
adj_close.csv,ARIMA,IEF,0.00107683,0.00309775,0.00112849,0.00107683,0.00309775,0.00112849,"ARIMA(1, 0, 0)",0.00112849,5.165e-05,-0.00196927,0.0,2024-W45
adj_close.csv,ARIMA,IEF,0.00184509,0.00300563,0.00187715,0.00184509,0.00300563,0.00187715,"ARIMA(1, 0, 0)",-0.00187715,-3.205e-05,0.00112849,0.0,2024-W46
adj_close.csv,ARIMA,IEF,0.00054184,0.00247631,0.00059916,0.00054184,0.00247631,0.00059916,"ARIMA(1, 0, 0)",0.00059916,5.732e-05,-0.00187715,0.0,2024-W47
adj_close.csv,ARIMA,IEF,0.0042301,0.00361202,0.00421118,0.0042301,0.00361202,0.00421118,"ARIMA(1, 0, 0)",0.00421118,-1.892e-05,0.00059916,0.0,2024-W48
adj_close.csv,ARIMA,IEF,0.0009045,0.00342876,0.00078242,0.0009045,0.00342876,0.00078242,"ARIMA(1, 0, 0)",0.00078242,-0.00012208,0.00421118,0.0,2024-W49
adj_close.csv,ARIMA,IEF,0.00332498,0.0041271,0.00334468,0.00332498,0.0041271,0.00334468,"ARIMA(1, 0, 0)",-0.00334468,-1.97e-05,0.00078242,0.0,2024-W50
adj_close.csv,ARIMA,IEF,0.00175339,0.0016842,0.00166048,0.00175339,0.0016842,0.00166048,"ARIMA(1, 0, 0)",-0.00166048,9.291e-05,-0.00334468,0.0,2024-W51
adj_close.csv,ARIMA,IEF,0.00147135,0.00022561,0.00143487,0.00147135,0.00022561,0.00143487,"ARIMA(1, 0, 0)",-0.00143487,3.649e-05,-0.00166048,0.0,2024-W52
adj_close.csv,ARIMA,IEF,0.0007039,0.00216683,0.00073197,0.0007039,0.00216683,0.00073197,"ARIMA(1, 0, 0)",0.00073197,2.807e-05,-0.00143487,0.0,2025-W01
adj_close.csv,ARIMA,IEF,0.00276155,0.00350857,0.0027766,0.00276155,0.00350857,0.0027766,"ARIMA(1, 0, 0)",-0.0027766,-1.505e-05,0.00073197,0.0,2025-W02
adj_close.csv,ARIMA,IEF,0.0023751,0.0052143,0.0024377,0.0023751,0.0052143,0.0024377,"ARIMA(1, 0, 0)",0.0024377,6.26e-05,-0.0027766,0.0,2025-W03
adj_close.csv,ARIMA,IEF,0.00012479,0.00238358,5.412e-05,0.00012479,0.00238358,5.412e-05,"ARIMA(1, 0, 0)",5.412e-05,-7.067e-05,0.0024377,0.0,2025-W04
adj_close.csv,ARIMA,IEF,0.00118756,0.00113188,0.001186,0.00118756,0.00113188,0.001186,"ARIMA(1, 0, 0)",0.001186,-1.55e-06,5.412e-05,0.0,2025-W05
adj_close.csv,ARIMA,IEF,0.00092927,0.00029069,0.00089531,0.00092927,0.00029069,0.00089531,"ARIMA(1, 0, 0)",0.00089531,-3.396e-05,0.001186,0.0,2025-W06
adj_close.csv,ARIMA,IEF,0.00041086,0.00050913,0.00038618,0.00041086,0.00050913,0.00038618,"ARIMA(1, 0, 0)",0.00038618,-2.468e-05,0.00089531,0.0,2025-W07
adj_close.csv,ARIMA,IEF,0.00105309,0.0006564,0.00104258,0.00105309,0.0006564,0.00104258,"ARIMA(1, 0, 0)",0.00104258,-1.051e-05,0.00038618,0.0,2025-W08
adj_close.csv,ARIMA,IEF,0.0034349,0.00236437,0.00340695,0.0034349,0.00236437,0.00340695,"ARIMA(1, 0, 0)",0.00340695,-2.795e-05,0.00104258,0.0,2025-W09
adj_close.csv,ARIMA,IEF,0.00130355,0.00479003,0.00138308,0.00130355,0.00479003,0.00138308,"ARIMA(1, 0, 0)",-0.00138308,-7.953e-05,0.00340695,0.0,2025-W10
adj_close.csv,ARIMA,IEF,0.00015247,0.00157372,0.00019064,0.00015247,0.00157372,0.00019064,"ARIMA(1, 0, 0)",0.00019064,3.817e-05,-0.00138308,0.0,2025-W11
adj_close.csv,ARIMA,IEF,0.00114513,0.00094918,0.00113983,0.00114513,0.00094918,0.00113983,"ARIMA(1, 0, 0)",0.00113983,-5.3e-06,0.00019064,0.0,2025-W12
adj_close.csv,ARIMA,IEF,0.00017874,0.00099254,0.00014729,0.00017874,0.00099254,0.00014729,"ARIMA(1, 0, 0)",0.00014729,-3.145e-05,0.00113983,0.0,2025-W13
adj_close.csv,ARIMA,IEF,0.0037107,0.00355937,0.00370666,0.0037107,0.00355937,0.00370666,"ARIMA(1, 0, 0)",0.00370666,-4.04e-06,0.00014729,0.0,2025-W14
adj_close.csv,ARIMA,IEF,0.00631961,0.01012589,0.00641923,0.00631961,0.01012589,0.00641923,"ARIMA(1, 0, 0)",-0.00641923,-9.961e-05,0.00370666,0.0,2025-W15
adj_close.csv,ARIMA,IEF,0.0027944,0.00952783,0.0031086,0.0027944,0.00952783,0.0031086,"ARIMA(1, 0, 0)",0.0031086,0.0003142,-0.00641923,0.0,2025-W16
adj_close.csv,ARIMA,IEF,0.0013192,0.00199214,0.00111646,0.0013192,0.00199214,0.00111646,"ARIMA(1, 0, 0)",0.00111646,-0.00020273,0.0031086,0.0,2025-W17
adj_close.csv,ARIMA,IEF,0.00035284,0.001538,0.00042154,0.00035284,0.001538,0.00042154,"ARIMA(1, 0, 0)",-0.00042154,-6.87e-05,0.00111646,0.0,2025-W18
adj_close.csv,ARIMA,IEF,0.00076664,0.00031902,0.00074055,0.00076664,0.00031902,0.00074055,"ARIMA(1, 0, 0)",-0.00074055,2.609e-05,-0.00042154,0.0,2025-W19
adj_close.csv,ARIMA,IEF,0.00085275,6.658e-05,0.00080713,0.00085275,6.658e-05,0.00080713,"ARIMA(1, 0, 0)",-0.00080713,4.561e-05,-0.00074055,0.0,2025-W20
adj_close.csv,ARIMA,IEF,0.00047534,0.00038105,0.00042608,0.00047534,0.00038105,0.00042608,"ARIMA(1, 0, 0)",-0.00042608,4.926e-05,-0.00080713,0.0,2025-W21
adj_close.csv,ARIMA,IEF,0.00209789,0.00254983,0.00212375,0.00209789,0.00254983,0.00212375,"ARIMA(1, 0, 0)",0.00212375,2.586e-05,-0.00042608,0.0,2025-W22
adj_close.csv,ARIMA,IEF,0.0014671,0.00372143,0.00159768,0.0014671,0.00372143,0.00159768,"ARIMA(1, 0, 0)",-0.00159768,-0.00013058,0.00212375,0.0,2025-W23
adj_close.csv,ARIMA,IEF,0.00155867,0.00325903,0.00166135,0.00155867,0.00325903,0.00166135,"ARIMA(1, 0, 0)",0.00166135,0.00010268,-0.00159768,0.0,2025-W24
adj_close.csv,ARIMA,IEF,0.00093106,0.00084075,0.0008206,0.00093106,0.00084075,0.0008206,"ARIMA(1, 0, 0)",0.0008206,-0.00011046,0.00166135,0.0,2025-W25
adj_close.csv,ARIMA,IEF,0.00171667,0.00084264,0.00166324,0.00171667,0.00084264,0.00166324,"ARIMA(1, 0, 0)",0.00166324,-5.343e-05,0.0008206,0.0,2025-W26
adj_close.csv,ARIMA,IEF,0.00075816,0.00252761,0.00086437,0.00075816,0.00252761,0.00086437,"ARIMA(1, 0, 0)",-0.00086437,-0.00010621,0.00166324,0.0,2025-W27
adj_close.csv,ARIMA,IEF,0.00098697,6.643e-05,0.0009308,0.00098697,6.643e-05,0.0009308,"ARIMA(1, 0, 0)",-0.0009308,5.616e-05,-0.00086437,0.0,2025-W28
adj_close.csv,ARIMA,IEF,0.00010977,0.00110035,0.00016954,0.00010977,0.00110035,0.00016954,"ARIMA(1, 0, 0)",0.00016954,5.978e-05,-0.0009308,0.0,2025-W29
adj_close.csv,ARIMA,IEF,0.00072995,0.0005495,0.00071905,0.00072995,0.0005495,0.00071905,"ARIMA(1, 0, 0)",0.00071905,-1.09e-05,0.00016954,0.0,2025-W30
adj_close.csv,ARIMA,IEF,0.00267304,0.00190783,0.00262687,0.00267304,0.00190783,0.00262687,"ARIMA(1, 0, 0)",0.00262687,-4.616e-05,0.00071905,0.0,2025-W31
adj_close.csv,ARIMA,IEF,0.00046391,0.00325497,0.0006281,0.00046391,0.00325497,0.0006281,"ARIMA(1, 0, 0)",-0.0006281,-0.00016419,0.00262687,0.0,2025-W32
adj_close.csv,ARIMA,IEF,0.00035467,0.00031336,0.00031474,0.00035467,0.00031336,0.00031474,"ARIMA(1, 0, 0)",-0.00031474,3.993e-05,-0.0006281,0.0,2025-W33
adj_close.csv,ARIMA,IEF,0.00111093,0.00144562,0.00113088,0.00111093,0.00144562,0.00113088,"ARIMA(1, 0, 0)",0.00113088,1.995e-05,-0.00031474,0.0,2025-W34
adj_close.csv,ARIMA,IEF,0.00086402,0.00033889,0.00079199,0.00086402,0.00033889,0.00079199,"ARIMA(1, 0, 0)",0.00079199,-7.202e-05,0.00113088,0.0,2025-W35
adj_close.csv,ARIMA,IEF,0.00250023,0.00165848,0.00245047,0.00250023,0.00165848,0.00245047,"ARIMA(1, 0, 0)",0.00245047,-4.976e-05,0.00079199,0.0,2025-W36
adj_close.csv,ARIMA,IEF,0.00056261,0.00203757,0.00041291,0.00056261,0.00203757,0.00041291,"ARIMA(1, 0, 0)",0.00041291,-0.0001497,0.00245047,0.0,2025-W37
adj_close.csv,ARIMA,IEF,0.00069839,0.00113602,0.00072312,0.00069839,0.00113602,0.00072312,"ARIMA(1, 0, 0)",-0.00072312,-2.473e-05,0.00041291,0.0,2025-W38
adj_close.csv,ARIMA,IEF,0.00089387,0.00012726,0.00085038,0.00089387,0.00012726,0.00085038,"ARIMA(1, 0, 0)",-0.00085038,4.349e-05,-0.00072312,0.0,2025-W39
adj_close.csv,ARIMA,IEF,0.00093362,0.00183466,0.00098428,0.00093362,0.00183466,0.00098428,"ARIMA(1, 0, 0)",0.00098428,5.066e-05,-0.00085038,0.0,2025-W40
adj_close.csv,ARIMA,IEF,0.00111464,7.104e-05,0.00105532,0.00111464,7.104e-05,0.00105532,"ARIMA(1, 0, 0)",0.00105532,-5.932e-05,0.00098428,0.0,2025-W41
adj_close.csv,ARIMA,IEF,0.00105075,6.716e-05,0.00098816,0.00105075,6.716e-05,0.00098816,"ARIMA(1, 0, 0)",0.00098816,-6.259e-05,0.00105532,0.0,2025-W42
adj_close.csv,ARIMA,IEF,0.0002629,0.00078291,0.00020525,0.0002629,0.00078291,0.00020525,"ARIMA(1, 0, 0)",0.00020525,-5.766e-05,0.00098816,0.0,2025-W43
adj_close.csv,ARIMA,IEF,0.00130535,0.00152253,0.00131728,0.00130535,0.00152253,0.00131728,"ARIMA(1, 0, 0)",-0.00131728,-1.193e-05,0.00020525,0.0,2025-W44
adj_close.csv,ARIMA,IEF,0.00022123,0.00161538,0.0002981,0.00022123,0.00161538,0.0002981,"ARIMA(1, 0, 0)",0.0002981,7.687e-05,-0.00131728,0.0,2025-W45
adj_close.csv,ARIMA,IEF,0.00050032,0.00081589,0.00051779,0.00050032,0.00081589,0.00051779,"ARIMA(1, 0, 0)",-0.00051779,-1.747e-05,0.0002981,0.0,2025-W46
adj_close.csv,ARIMA,IEF,0.00151895,0.00206715,0.00154936,0.00151895,0.00206715,0.00154936,"ARIMA(1, 0, 0)",0.00154936,3.041e-05,-0.00051779,0.0,2025-W47
adj_close.csv,ARIMA,IEF,0.00088819,0.00075323,0.00079613,0.00088819,0.00075323,0.00079613,"ARIMA(1, 0, 0)",0.00079613,-9.206e-05,0.00154936,0.0,2025-W48
adj_close.csv,ARIMA,IEF,0.00148606,0.00232855,0.00153242,0.00148606,0.00232855,0.00153242,"ARIMA(1, 0, 0)",-0.00153242,-4.636e-05,0.00079613,0.0,2025-W49
adj_close.csv,ARIMA,IEF,0.00067213,0.00095109,0.00058133,0.00067213,0.00095109,0.00058133,"ARIMA(1, 0, 0)",-0.00058133,9.08e-05,-0.00153242,0.0,2025-W50
adj_close.csv,ARIMA,IEF,0.00071793,0.00133319,0.00075186,0.00071793,0.00133319,0.00075186,"ARIMA(1, 0, 0)",0.00075186,3.393e-05,-0.00058133,0.0,2025-W51
adj_close.csv,ARIMA,IEF,0.00056316,0.00023285,0.00051901,0.00056316,0.00023285,0.00051901,"ARIMA(1, 0, 0)",0.00051901,-4.415e-05,0.00075186,0.0,2025-W52
adj_close.csv,ARIMA,IEF,0.00090468,0.00145398,0.00093497,0.00090468,0.00145398,0.00093497,"ARIMA(1, 0, 0)",-0.00093497,-3.029e-05,0.00051901,0.0,2026-W01
adj_close.csv,ARIMA,IEF,0.00040249,0.0013924,0.00045743,0.00040249,0.0013924,0.00045743,"ARIMA(1, 0, 0)",0.00045743,5.494e-05,-0.00093497,0.0,2026-W02
adj_close.csv,ARIMA,IEF,0.00074289,0.00122735,0.00076992,0.00074289,0.00122735,0.00076992,"ARIMA(1, 0, 0)",-0.00076992,-2.703e-05,0.00045743,0.0,2026-W03
adj_close.csv,ARIMA,IEF,6.39e-06,0.00082202,5.211e-05,6.39e-06,0.00082202,5.211e-05,"ARIMA(1, 0, 0)",5.211e-05,4.572e-05,-0.00076992,0.0,2026-W04
adj_close.csv,ARIMA,IEF,1.774e-05,7.294e-05,2.083e-05,1.774e-05,7.294e-05,2.083e-05,"ARIMA(1, 0, 0)",-2.083e-05,-3.09e-06,5.211e-05,0.0,2026-W05
adj_close.csv,ARIMA,IEF,0.00522646,0.00520438,0.00522522,0.00522646,0.00520438,0.00522522,"ARIMA(1, 0, 0)",-0.00522522,1.24e-06,-2.083e-05,0.0,2026-W06
adj_close.csv,ARIMA,IEFA,0.0002782,0.00437896,0.00027055,0.0002782,0.00437896,0.00027055,"ARIMA(1, 0, 0)",-0.00027055,7.66e-06,-0.00464951,0.0,2024-W30
adj_close.csv,ARIMA,IEFA,0.00610222,0.00583131,0.00610186,0.00610222,0.00583131,0.00610186,"ARIMA(1, 0, 0)",-0.00610186,3.6e-07,-0.00027055,0.0,2024-W31
adj_close.csv,ARIMA,IEFA,0.00094105,0.00704852,0.00094666,0.00094105,0.00704852,0.00094666,"ARIMA(1, 0, 0)",0.00094666,5.61e-06,-0.00610186,0.0,2024-W32
adj_close.csv,ARIMA,IEFA,0.00741855,0.00646969,0.00741635,0.00741855,0.00646969,0.00741635,"ARIMA(1, 0, 0)",0.00741635,-2.2e-06,0.00094666,0.0,2024-W33
adj_close.csv,ARIMA,IEFA,0.00617182,0.00124904,0.00616731,0.00617182,0.00124904,0.00616731,"ARIMA(1, 0, 0)",0.00616731,-4.5e-06,0.00741635,0.0,2024-W34
adj_close.csv,ARIMA,IEFA,0.00027276,0.0058302,0.00033711,0.00027276,0.0058302,0.00033711,"ARIMA(1, 0, 0)",0.00033711,6.435e-05,0.00616731,0.0,2024-W35
adj_close.csv,ARIMA,IEFA,0.00961071,0.00994417,0.00960705,0.00961071,0.00994417,0.00960705,"ARIMA(1, 0, 0)",-0.00960705,3.65e-06,0.00033711,0.0,2024-W36
adj_close.csv,ARIMA,IEFA,0.00470132,0.01421171,0.00460465,0.00470132,0.01421171,0.00460465,"ARIMA(1, 0, 0)",0.00460465,-9.667e-05,-0.00960705,0.0,2024-W37
adj_close.csv,ARIMA,IEFA,0.00180966,0.0027973,0.00180735,0.00180966,0.0027973,0.00180735,"ARIMA(1, 0, 0)",0.00180735,-2.31e-06,0.00460465,0.0,2024-W38
adj_close.csv,ARIMA,IEFA,0.00399879,0.00219404,0.00400139,0.00399879,0.00219404,0.00400139,"ARIMA(1, 0, 0)",0.00400139,2.6e-06,0.00180735,0.0,2024-W39
adj_close.csv,ARIMA,IEFA,0.00312926,0.00711817,0.00311678,0.00312926,0.00711817,0.00311678,"ARIMA(1, 0, 0)",-0.00311678,1.248e-05,0.00400139,0.0,2024-W40
adj_close.csv,ARIMA,IEFA,0.00080573,0.00231037,0.00080641,0.00080573,0.00231037,0.00080641,"ARIMA(1, 0, 0)",-0.00080641,-6.8e-07,-0.00311678,0.0,2024-W41
adj_close.csv,ARIMA,IEFA,0.00093992,0.00013415,0.00094056,0.00093992,0.00013415,0.00094056,"ARIMA(1, 0, 0)",-0.00094056,-6.4e-07,-0.00080641,0.0,2024-W42
adj_close.csv,ARIMA,IEFA,0.00522589,0.00428624,0.0052268,0.00522589,0.00428624,0.0052268,"ARIMA(1, 0, 0)",-0.0052268,-9.2e-07,-0.00094056,0.0,2024-W43
adj_close.csv,ARIMA,IEFA,0.00117528,0.00404049,0.00118631,0.00117528,0.00404049,0.00118631,"ARIMA(1, 0, 0)",-0.00118631,-1.103e-05,-0.0052268,0.0,2024-W44
adj_close.csv,ARIMA,IEFA,0.00040187,0.00078026,0.00040605,0.00040187,0.00078026,0.00040605,"ARIMA(1, 0, 0)",-0.00040605,-4.18e-06,-0.00118631,0.0,2024-W45
adj_close.csv,ARIMA,IEFA,0.00532559,0.00492102,0.00532706,0.00532559,0.00492102,0.00532706,"ARIMA(1, 0, 0)",-0.00532706,-1.47e-06,-0.00040605,0.0,2024-W46
adj_close.csv,ARIMA,IEFA,0.00118739,0.00649247,0.00116541,0.00118739,0.00649247,0.00116541,"ARIMA(1, 0, 0)",0.00116541,-2.198e-05,-0.00532706,0.0,2024-W47
adj_close.csv,ARIMA,IEFA,0.00465645,0.00349417,0.00465958,0.00465645,0.00349417,0.00465958,"ARIMA(1, 0, 0)",0.00465958,3.13e-06,0.00116541,0.0,2024-W48
adj_close.csv,ARIMA,IEFA,0.00257179,0.00206952,0.00259005,0.00257179,0.00206952,0.00259005,"ARIMA(1, 0, 0)",0.00259005,1.827e-05,0.00465958,0.0,2024-W49
adj_close.csv,ARIMA,IEFA,0.00312391,0.00569677,0.00310671,0.00312391,0.00569677,0.00310671,"ARIMA(1, 0, 0)",-0.00310671,1.72e-05,0.00259005,0.0,2024-W50
adj_close.csv,ARIMA,IEFA,0.00689444,0.00380266,0.00690937,0.00689444,0.00380266,0.00690937,"ARIMA(1, 0, 0)",-0.00690937,-1.493e-05,-0.00310671,0.0,2024-W51
adj_close.csv,ARIMA,IEFA,0.00333696,0.01017968,0.0032703,0.00333696,0.01017968,0.0032703,"ARIMA(1, 0, 0)",0.0032703,-6.666e-05,-0.00690937,0.0,2024-W52
adj_close.csv,ARIMA,IEFA,0.00111188,0.00436749,0.00109719,0.00111188,0.00436749,0.00109719,"ARIMA(1, 0, 0)",-0.00109719,1.469e-05,0.0032703,0.0,2025-W01
adj_close.csv,ARIMA,IEFA,0.00259883,0.00150569,0.00260287,0.00259883,0.00150569,0.00260287,"ARIMA(1, 0, 0)",-0.00260287,-4.04e-06,-0.00109719,0.0,2025-W02
adj_close.csv,ARIMA,IEFA,0.00457524,0.00716688,0.00456401,0.00457524,0.00716688,0.00456401,"ARIMA(1, 0, 0)",0.00456401,-1.124e-05,-0.00260287,0.0,2025-W03
adj_close.csv,ARIMA,IEFA,0.00751541,0.002959,0.00752301,0.00751541,0.002959,0.00752301,"ARIMA(1, 0, 0)",0.00752301,7.6e-06,0.00456401,0.0,2025-W04
adj_close.csv,ARIMA,IEFA,3.901e-05,0.00741427,0.00010874,3.901e-05,0.00741427,0.00010874,"ARIMA(1, 0, 0)",0.00010874,6.972e-05,0.00752301,0.0,2025-W05
adj_close.csv,ARIMA,IEFA,0.00108331,0.00097559,0.00108433,0.00108331,0.00097559,0.00108433,"ARIMA(1, 0, 0)",0.00108433,1.01e-06,0.00010874,0.0,2025-W06
adj_close.csv,ARIMA,IEFA,0.00537755,0.00430337,0.0053877,0.00537755,0.00430337,0.0053877,"ARIMA(1, 0, 0)",0.0053877,1.015e-05,0.00108433,0.0,2025-W07
adj_close.csv,ARIMA,IEFA,0.00131041,0.00664082,0.00125312,0.00131041,0.00664082,0.00125312,"ARIMA(1, 0, 0)",-0.00125312,5.729e-05,0.0053877,0.0,2025-W08
adj_close.csv,ARIMA,IEFA,0.00062441,0.00061731,0.00063581,0.00062441,0.00061731,0.00063581,"ARIMA(1, 0, 0)",-0.00063581,-1.14e-05,-0.00125312,0.0,2025-W09
adj_close.csv,ARIMA,IEFA,0.00724913,0.00787904,0.00724323,0.00724913,0.00787904,0.00724323,"ARIMA(1, 0, 0)",0.00724323,-5.89e-06,-0.00063581,0.0,2025-W10
adj_close.csv,ARIMA,IEFA,0.00147222,0.00865558,0.00141234,0.00147222,0.00865558,0.00141234,"ARIMA(1, 0, 0)",-0.00141234,5.988e-05,0.00724323,0.0,2025-W11
adj_close.csv,ARIMA,IEFA,0.00012047,0.00128343,0.00012891,0.00012047,0.00128343,0.00012891,"ARIMA(1, 0, 0)",-0.00012891,-8.44e-06,-0.00141234,0.0,2025-W12
adj_close.csv,ARIMA,IEFA,0.00301305,0.00288491,0.00301382,0.00301305,0.00288491,0.00301382,"ARIMA(1, 0, 0)",-0.00301382,-7.7e-07,-0.00012891,0.0,2025-W13
adj_close.csv,ARIMA,IEFA,0.01874021,0.01574476,0.01875858,0.01874021,0.01574476,0.01875858,"ARIMA(1, 0, 0)",-0.01875858,-1.837e-05,-0.00301382,0.0,2025-W14
adj_close.csv,ARIMA,IEFA,0.01100659,0.02942366,0.01066508,0.01100659,0.02942366,0.01066508,"ARIMA(1, 0, 0)",0.01066508,-0.0003415,-0.01875858,0.0,2025-W15
adj_close.csv,ARIMA,IEFA,0.00693524,0.0039747,0.00669038,0.00693524,0.0039747,0.00669038,"ARIMA(1, 0, 0)",0.00669038,-0.00024486,0.01066508,0.0,2025-W16
adj_close.csv,ARIMA,IEFA,0.00714861,0.00040109,0.00709147,0.00714861,0.00040109,0.00709147,"ARIMA(1, 0, 0)",0.00709147,-5.713e-05,0.00669038,0.0,2025-W17
adj_close.csv,ARIMA,IEFA,0.00457833,0.00250815,0.00458332,0.00457833,0.00250815,0.00458332,"ARIMA(1, 0, 0)",0.00458332,4.99e-06,0.00709147,0.0,2025-W18
adj_close.csv,ARIMA,IEFA,6.66e-06,0.00455828,2.505e-05,6.66e-06,0.00455828,2.505e-05,"ARIMA(1, 0, 0)",2.505e-05,3.171e-05,0.00458332,0.0,2025-W19
adj_close.csv,ARIMA,IEFA,0.00293191,0.00290703,0.00293208,0.00293191,0.00290703,0.00293208,"ARIMA(1, 0, 0)",0.00293208,1.7e-07,2.505e-05,0.0,2025-W20
adj_close.csv,ARIMA,IEFA,0.00194338,0.00096839,0.00196369,0.00194338,0.00096839,0.00196369,"ARIMA(1, 0, 0)",0.00196369,2.031e-05,0.00293208,0.0,2025-W21
adj_close.csv,ARIMA,IEFA,0.00205191,0.00010396,0.00206764,0.00205191,0.00010396,0.00206764,"ARIMA(1, 0, 0)",0.00206764,1.573e-05,0.00196369,0.0,2025-W22
adj_close.csv,ARIMA,IEFA,0.0020544,4.91e-06,0.00207255,0.0020544,4.91e-06,0.00207255,"ARIMA(1, 0, 0)",0.00207255,1.815e-05,0.00206764,0.0,2025-W23
adj_close.csv,ARIMA,IEFA,0.00095709,0.00300978,0.00093722,0.00095709,0.00300978,0.00093722,"ARIMA(1, 0, 0)",-0.00093722,1.986e-05,0.00207255,0.0,2025-W24
adj_close.csv,ARIMA,IEFA,0.00364397,0.00271538,0.0036526,0.00364397,0.00271538,0.0036526,"ARIMA(1, 0, 0)",-0.0036526,-8.63e-06,-0.00093722,0.0,2025-W25
adj_close.csv,ARIMA,IEFA,0.00719665,0.01081325,0.00716065,0.00719665,0.01081325,0.00716065,"ARIMA(1, 0, 0)",0.00716065,-3.6e-05,-0.0036526,0.0,2025-W26
adj_close.csv,ARIMA,IEFA,0.00074407,0.00638164,0.00077901,0.00074407,0.00638164,0.00077901,"ARIMA(1, 0, 0)",0.00077901,3.493e-05,0.00716065,0.0,2025-W27
adj_close.csv,ARIMA,IEFA,0.00120477,0.0019792,0.0012002,0.00120477,0.0019792,0.0012002,"ARIMA(1, 0, 0)",-0.0012002,4.58e-06,0.00077901,0.0,2025-W28
adj_close.csv,ARIMA,IEFA,0.00122482,3.147e-05,0.00123167,0.00122482,3.147e-05,0.00123167,"ARIMA(1, 0, 0)",-0.00123167,-6.84e-06,-0.0012002,0.0,2025-W29
adj_close.csv,ARIMA,IEFA,0.00526706,0.00649136,0.0052597,0.00526706,0.00649136,0.0052597,"ARIMA(1, 0, 0)",0.0052597,-7.36e-06,-0.00123167,0.0,2025-W30
adj_close.csv,ARIMA,IEFA,0.007379,0.01261365,0.00735395,0.007379,0.01261365,0.00735395,"ARIMA(1, 0, 0)",-0.00735395,2.504e-05,0.0052597,0.0,2025-W31
adj_close.csv,ARIMA,IEFA,0.00688692,0.01425907,0.00690512,0.00688692,0.01425907,0.00690512,"ARIMA(1, 0, 0)",0.00690512,1.82e-05,-0.00735395,0.0,2025-W32
adj_close.csv,ARIMA,IEFA,0.00373729,0.00324947,0.00365565,0.00373729,0.00324947,0.00365565,"ARIMA(1, 0, 0)",0.00365565,-8.165e-05,0.00690512,0.0,2025-W33
adj_close.csv,ARIMA,IEFA,0.00228874,0.00139287,0.00226278,0.00228874,0.00139287,0.00226278,"ARIMA(1, 0, 0)",0.00226278,-2.596e-05,0.00365565,0.0,2025-W34
adj_close.csv,ARIMA,IEFA,0.00369505,0.00597045,0.00370767,0.00369505,0.00597045,0.00370767,"ARIMA(1, 0, 0)",-0.00370767,-1.261e-05,0.00226278,0.0,2025-W35
adj_close.csv,ARIMA,IEFA,0.00096574,0.00469973,0.00099206,0.00096574,0.00469973,0.00099206,"ARIMA(1, 0, 0)",0.00099206,2.632e-05,-0.00370767,0.0,2025-W36
adj_close.csv,ARIMA,IEFA,0.00257702,0.00157727,0.00256933,0.00257702,0.00157727,0.00256933,"ARIMA(1, 0, 0)",0.00256933,-7.69e-06,0.00099206,0.0,2025-W37
adj_close.csv,ARIMA,IEFA,0.00018837,0.00277642,0.00020709,0.00018837,0.00277642,0.00020709,"ARIMA(1, 0, 0)",-0.00020709,-1.872e-05,0.00256933,0.0,2025-W38
adj_close.csv,ARIMA,IEFA,0.00078584,0.00057722,0.00078431,0.00078584,0.00057722,0.00078431,"ARIMA(1, 0, 0)",-0.00078431,1.53e-06,-0.00020709,0.0,2025-W39
adj_close.csv,ARIMA,IEFA,0.00526339,0.00605346,0.00526915,0.00526339,0.00605346,0.00526915,"ARIMA(1, 0, 0)",0.00526915,5.76e-06,-0.00078431,0.0,2025-W40
adj_close.csv,ARIMA,IEFA,0.0062461,0.0115579,0.00628875,0.0062461,0.0115579,0.00628875,"ARIMA(1, 0, 0)",-0.00628875,-4.265e-05,0.00526915,0.0,2025-W41
adj_close.csv,ARIMA,IEFA,0.00455025,0.0109273,0.00463856,0.00455025,0.0109273,0.00463856,"ARIMA(1, 0, 0)",0.00463856,8.831e-05,-0.00628875,0.0,2025-W42
adj_close.csv,ARIMA,IEFA,0.00142372,0.00330379,0.00133477,0.00142372,0.00330379,0.00133477,"ARIMA(1, 0, 0)",0.00133477,-8.895e-05,0.00463856,0.0,2025-W43
adj_close.csv,ARIMA,IEFA,0.00135615,0.00271494,0.00138017,0.00135615,0.00271494,0.00138017,"ARIMA(1, 0, 0)",-0.00138017,-2.402e-05,0.00133477,0.0,2025-W44
adj_close.csv,ARIMA,IEFA,0.00063924,0.00076622,0.00061395,0.00063924,0.00076622,0.00061395,"ARIMA(1, 0, 0)",-0.00061395,2.528e-05,-0.00138017,0.0,2025-W45
adj_close.csv,ARIMA,IEFA,0.00209569,0.00272079,0.00210684,0.00209569,0.00272079,0.00210684,"ARIMA(1, 0, 0)",0.00210684,1.115e-05,-0.00061395,0.0,2025-W46
adj_close.csv,ARIMA,IEFA,0.00542102,0.00756661,0.00545977,0.00542102,0.00756661,0.00545977,"ARIMA(1, 0, 0)",-0.00545977,-3.875e-05,0.00210684,0.0,2025-W47
adj_close.csv,ARIMA,IEFA,0.00696655,0.01253786,0.00707809,0.00696655,0.01253786,0.00707809,"ARIMA(1, 0, 0)",0.00707809,0.00011154,-0.00545977,0.0,2025-W48
adj_close.csv,ARIMA,IEFA,0.00127009,0.00600041,0.00107768,0.00127009,0.00600041,0.00107768,"ARIMA(1, 0, 0)",0.00107768,-0.0001924,0.00707809,0.0,2025-W49
adj_close.csv,ARIMA,IEFA,0.0013221,0.00021683,0.00129451,0.0013221,0.00021683,0.00129451,"ARIMA(1, 0, 0)",0.00129451,-2.759e-05,0.00107768,0.0,2025-W50
adj_close.csv,ARIMA,IEFA,0.00150354,0.00017621,0.00147072,0.00150354,0.00017621,0.00147072,"ARIMA(1, 0, 0)",0.00147072,-3.282e-05,0.00129451,0.0,2025-W51
adj_close.csv,ARIMA,IEFA,0.0030851,0.0015776,0.00304832,0.0030851,0.0015776,0.00304832,"ARIMA(1, 0, 0)",0.00304832,-3.678e-05,0.00147072,0.0,2025-W52
adj_close.csv,ARIMA,IEFA,0.00121085,0.00191127,0.00113705,0.00121085,0.00191127,0.00113705,"ARIMA(1, 0, 0)",0.00113705,-7.38e-05,0.00304832,0.0,2026-W01
adj_close.csv,ARIMA,IEFA,0.00395042,0.00278658,0.00392363,0.00395042,0.00278658,0.00392363,"ARIMA(1, 0, 0)",0.00392363,-2.679e-05,0.00113705,0.0,2026-W02
adj_close.csv,ARIMA,IEFA,0.00140907,0.00260392,0.00131971,0.00140907,0.00260392,0.00131971,"ARIMA(1, 0, 0)",0.00131971,-8.936e-05,0.00392363,0.0,2026-W03
adj_close.csv,ARIMA,IEFA,0.00158726,0.00023877,0.00155848,0.00158726,0.00023877,0.00155848,"ARIMA(1, 0, 0)",0.00155848,-2.878e-05,0.00131971,0.0,2026-W04
adj_close.csv,ARIMA,IEFA,0.00157041,2.149e-05,0.00153699,0.00157041,2.149e-05,0.00153699,"ARIMA(1, 0, 0)",0.00153699,-3.341e-05,0.00155848,0.0,2026-W05
adj_close.csv,ARIMA,IEFA,0.00522874,0.00365945,0.00519645,0.00522874,0.00365945,0.00519645,"ARIMA(1, 0, 0)",0.00519645,-3.23e-05,0.00153699,0.0,2026-W06
adj_close.csv,ARIMA,IEMG,0.0020531,0.00625072,0.00157189,0.0020531,0.00625072,0.00157189,"ARIMA(0, 0, 1)",-0.00157189,0.00048121,-0.00782261,0.0,2024-W30
adj_close.csv,ARIMA,IEMG,0.00360882,0.00191501,0.00348691,0.00360882,0.00191501,0.00348691,"ARIMA(0, 0, 1)",-0.00348691,0.00012192,-0.00157189,0.0,2024-W31
adj_close.csv,ARIMA,IEMG,0.00146784,0.00516215,0.00167524,0.00146784,0.00516215,0.00167524,"ARIMA(0, 0, 1)",0.00167524,0.0002074,-0.00348691,0.0,2024-W32
adj_close.csv,ARIMA,IEMG,0.00620947,0.00444807,0.00612331,0.00620947,0.00444807,0.00612331,"ARIMA(0, 0, 1)",0.00612331,-8.617e-05,0.00167524,0.0,2024-W33
adj_close.csv,ARIMA,IEMG,0.00269608,0.00378368,0.00233962,0.00269608,0.00378368,0.00233962,"ARIMA(0, 0, 1)",0.00233962,-0.00035645,0.00612331,0.0,2024-W34
adj_close.csv,ARIMA,IEMG,0.00193982,0.00442202,0.00208239,0.00193982,0.00442202,0.00208239,"ARIMA(0, 0, 1)",-0.00208239,-0.00014257,0.00233962,0.0,2024-W35
adj_close.csv,ARIMA,IEMG,0.00912684,0.00693811,0.0090205,0.00912684,0.00693811,0.0090205,"ARIMA(0, 0, 1)",-0.0090205,0.00010634,-0.00208239,0.0,2024-W36
adj_close.csv,ARIMA,IEMG,0.00452948,0.01402122,0.00500073,0.00452948,0.01402122,0.00500073,"ARIMA(0, 0, 1)",0.00500073,0.00047124,-0.0090205,0.0,2024-W37
adj_close.csv,ARIMA,IEMG,0.00409801,0.00117568,0.00382504,0.00409801,0.00117568,0.00382504,"ARIMA(0, 0, 1)",0.00382504,-0.00027296,0.00500073,0.0,2024-W38
adj_close.csv,ARIMA,IEMG,0.01198176,0.00791808,0.01174312,0.01198176,0.00791808,0.01174312,"ARIMA(0, 0, 1)",0.01174312,-0.00023864,0.00382504,0.0,2024-W39
adj_close.csv,ARIMA,IEMG,0.00160684,0.01068103,0.00106209,0.00160684,0.01068103,0.00106209,"ARIMA(0, 0, 1)",0.00106209,-0.00054475,0.01174312,0.0,2024-W40
adj_close.csv,ARIMA,IEMG,0.00237702,0.00350302,0.00244093,0.00237702,0.00350302,0.00244093,"ARIMA(0, 0, 1)",-0.00244093,-6.392e-05,0.00106209,0.0,2024-W41
adj_close.csv,ARIMA,IEMG,0.00183886,0.0007039,0.00173703,0.00183886,0.0007039,0.00173703,"ARIMA(0, 0, 1)",-0.00173703,0.00010182,-0.00244093,0.0,2024-W42
adj_close.csv,ARIMA,IEMG,0.00356179,0.00174743,0.00348446,0.00356179,0.00174743,0.00348446,"ARIMA(0, 0, 1)",-0.00348446,7.733e-05,-0.00173703,0.0,2024-W43
adj_close.csv,ARIMA,IEMG,0.0021777,0.00145034,0.00203412,0.0021777,0.00145034,0.00203412,"ARIMA(0, 0, 1)",-0.00203412,0.00014359,-0.00348446,0.0,2024-W44
adj_close.csv,ARIMA,IEMG,0.00016739,0.00228505,0.00025093,0.00016739,0.00228505,0.00025093,"ARIMA(0, 0, 1)",0.00025093,8.355e-05,-0.00203412,0.0,2024-W45
adj_close.csv,ARIMA,IEMG,0.0076243,0.00788168,0.00763075,0.0076243,0.00788168,0.00763075,"ARIMA(0, 0, 1)",-0.00763075,-6.45e-06,0.00025093,0.0,2024-W46
adj_close.csv,ARIMA,IEMG,0.00145002,0.00937231,0.00174156,0.00145002,0.00937231,0.00174156,"ARIMA(0, 0, 1)",0.00174156,0.00029154,-0.00763075,0.0,2024-W47
adj_close.csv,ARIMA,IEMG,0.00051893,0.00128081,0.00046075,0.00051893,0.00128081,0.00046075,"ARIMA(0, 0, 1)",0.00046075,-5.818e-05,0.00174156,0.0,2024-W48
adj_close.csv,ARIMA,IEMG,0.0023277,0.0018459,0.00230664,0.0023277,0.0018459,0.00230664,"ARIMA(0, 0, 1)",0.00230664,-2.105e-05,0.00046075,0.0,2024-W49
adj_close.csv,ARIMA,IEMG,0.00067524,0.00172504,0.0005816,0.00067524,0.00172504,0.0005816,"ARIMA(0, 0, 1)",0.0005816,-9.364e-05,0.00230664,0.0,2024-W50
adj_close.csv,ARIMA,IEMG,0.00467118,0.00527968,0.00469807,0.00467118,0.00527968,0.00469807,"ARIMA(0, 0, 1)",-0.00469807,-2.689e-05,0.0005816,0.0,2024-W51
adj_close.csv,ARIMA,IEMG,9.344e-05,0.00498265,0.00028457,9.344e-05,0.00498265,0.00028457,"ARIMA(0, 0, 1)",0.00028457,0.00019113,-0.00469807,0.0,2024-W52
adj_close.csv,ARIMA,IEMG,0.00066071,0.0009491,0.00066453,0.00066071,0.0009491,0.00066453,"ARIMA(0, 0, 1)",-0.00066453,-3.81e-06,0.00028457,0.0,2025-W01
adj_close.csv,ARIMA,IEMG,0.00682001,0.00612845,0.00679297,0.00682001,0.00612845,0.00679297,"ARIMA(0, 0, 1)",-0.00679297,2.703e-05,-0.00066453,0.0,2025-W02
adj_close.csv,ARIMA,IEMG,0.00432404,0.0113891,0.00459613,0.00432404,0.0113891,0.00459613,"ARIMA(0, 0, 1)",0.00459613,0.00027209,-0.00679297,0.0,2025-W03
adj_close.csv,ARIMA,IEMG,0.00478542,8.87e-06,0.00458726,0.00478542,8.87e-06,0.00458726,"ARIMA(0, 0, 1)",0.00458726,-0.00019816,0.00459613,0.0,2025-W04
adj_close.csv,ARIMA,IEMG,0.00114944,0.0059414,0.00135414,0.00114944,0.0059414,0.00135414,"ARIMA(0, 0, 1)",-0.00135414,-0.0002047,0.00458726,0.0,2025-W05
adj_close.csv,ARIMA,IEMG,0.00238786,0.0037925,0.00243836,0.00238786,0.0037925,0.00243836,"ARIMA(0, 0, 1)",0.00243836,5.05e-05,-0.00135414,0.0,2025-W06
adj_close.csv,ARIMA,IEMG,0.00489526,0.00235095,0.00478932,0.00489526,0.00235095,0.00478932,"ARIMA(0, 0, 1)",0.00478932,-0.00010595,0.00243836,0.0,2025-W07
adj_close.csv,ARIMA,IEMG,0.00283063,0.0021639,0.00262542,0.00283063,0.0021639,0.00262542,"ARIMA(0, 0, 1)",0.00262542,-0.00020522,0.00478932,0.0,2025-W08
adj_close.csv,ARIMA,IEMG,0.00752737,0.01026216,0.00763675,0.00752737,0.01026216,0.00763675,"ARIMA(0, 0, 1)",-0.00763675,-0.00010937,0.00262542,0.0,2025-W09
adj_close.csv,ARIMA,IEMG,0.00502023,0.01299107,0.00535432,0.00502023,0.01299107,0.00535432,"ARIMA(0, 0, 1)",0.00535432,0.00033409,-0.00763675,0.0,2025-W10
adj_close.csv,ARIMA,IEMG,0.00076721,0.00484487,0.00050946,0.00076721,0.00484487,0.00050946,"ARIMA(0, 0, 1)",0.00050946,-0.00025775,0.00535432,0.0,2025-W11
adj_close.csv,ARIMA,IEMG,0.00022078,0.00032781,0.00018164,0.00022078,0.00032781,0.00018164,"ARIMA(0, 0, 1)",0.00018164,-3.913e-05,0.00050946,0.0,2025-W12
adj_close.csv,ARIMA,IEMG,0.00361618,0.00380911,0.00362747,0.00361618,0.00380911,0.00362747,"ARIMA(0, 0, 1)",-0.00362747,-1.129e-05,0.00018164,0.0,2025-W13
adj_close.csv,ARIMA,IEMG,0.01487403,0.01106049,0.01468796,0.01487403,0.01106049,0.01468796,"ARIMA(0, 0, 1)",-0.01468796,0.00018607,-0.00362747,0.0,2025-W14
adj_close.csv,ARIMA,IEMG,0.00489652,0.0201828,0.00549484,0.00489652,0.0201828,0.00549484,"ARIMA(0, 0, 1)",0.00549484,0.00059832,-0.01468796,0.0,2025-W15
adj_close.csv,ARIMA,IEMG,0.00175414,0.00399912,0.00149572,0.00175414,0.00399912,0.00149572,"ARIMA(0, 0, 1)",0.00149572,-0.00025842,0.00549484,0.0,2025-W16
adj_close.csv,ARIMA,IEMG,0.00686749,0.00527688,0.00677261,0.00686749,0.00527688,0.00677261,"ARIMA(0, 0, 1)",0.00677261,-9.488e-05,0.00149572,0.0,2025-W17
adj_close.csv,ARIMA,IEMG,0.00747828,0.00035339,0.007126,0.00747828,0.00035339,0.007126,"ARIMA(0, 0, 1)",0.007126,-0.00035229,0.00677261,0.0,2025-W18
adj_close.csv,ARIMA,IEMG,0.00034572,0.00777324,0.00064724,0.00034572,0.00777324,0.00064724,"ARIMA(0, 0, 1)",-0.00064724,-0.00030152,0.007126,0.0,2025-W19
adj_close.csv,ARIMA,IEMG,0.00629625,0.00695759,0.00631034,0.00629625,0.00695759,0.00631034,"ARIMA(0, 0, 1)",0.00631034,1.409e-05,-0.00064724,0.0,2025-W20
adj_close.csv,ARIMA,IEMG,0.00074165,0.00582237,0.00048797,0.00074165,0.00582237,0.00048797,"ARIMA(0, 0, 1)",0.00048797,-0.00025368,0.00631034,0.0,2025-W21
adj_close.csv,ARIMA,IEMG,0.00330032,0.00381728,0.00332931,0.00330032,0.00381728,0.00332931,"ARIMA(0, 0, 1)",-0.00332931,-2.899e-05,0.00048797,0.0,2025-W22
adj_close.csv,ARIMA,IEMG,0.00611847,0.00958092,0.00625161,0.00611847,0.00958092,0.00625161,"ARIMA(0, 0, 1)",0.00625161,0.00013314,-0.00332931,0.0,2025-W23
adj_close.csv,ARIMA,IEMG,0.00101958,0.00550075,0.00075086,0.00101958,0.00550075,0.00075086,"ARIMA(0, 0, 1)",0.00075086,-0.00026872,0.00625161,0.0,2025-W24
adj_close.csv,ARIMA,IEMG,0.00181691,0.00261122,0.00186036,0.00181691,0.00261122,0.00186036,"ARIMA(0, 0, 1)",-0.00186036,-4.345e-05,0.00075086,0.0,2025-W25
adj_close.csv,ARIMA,IEMG,0.00735457,0.00929388,0.00743352,0.00735457,0.00929388,0.00743352,"ARIMA(0, 0, 1)",0.00743352,7.894e-05,-0.00186036,0.0,2025-W26
adj_close.csv,ARIMA,IEMG,0.00394989,0.0038196,0.00361392,0.00394989,0.0038196,0.00361392,"ARIMA(0, 0, 1)",0.00361392,-0.00033596,0.00743352,0.0,2025-W27
adj_close.csv,ARIMA,IEMG,0.00169825,0.00547008,0.00185615,0.00169825,0.00547008,0.00185615,"ARIMA(0, 0, 1)",-0.00185615,-0.0001579,0.00361392,0.0,2025-W28
adj_close.csv,ARIMA,IEMG,0.00319902,0.00512598,0.00326983,0.00319902,0.00512598,0.00326983,"ARIMA(0, 0, 1)",0.00326983,7.081e-05,-0.00185615,0.0,2025-W29
adj_close.csv,ARIMA,IEMG,0.00160479,0.00180103,0.0014688,0.00160479,0.00180103,0.0014688,"ARIMA(0, 0, 1)",0.0014688,-0.00013599,0.00326983,0.0,2025-W30
adj_close.csv,ARIMA,IEMG,0.0052055,0.00674093,0.00527213,0.0052055,0.00674093,0.00527213,"ARIMA(0, 0, 1)",-0.00527213,-6.663e-05,0.0014688,0.0,2025-W31
adj_close.csv,ARIMA,IEMG,0.00475321,0.01025137,0.00497924,0.00475321,0.01025137,0.00497924,"ARIMA(0, 0, 1)",0.00497924,0.00022603,-0.00527213,0.0,2025-W32
adj_close.csv,ARIMA,IEMG,0.00252551,0.00268019,0.00229905,0.00252551,0.00268019,0.00229905,"ARIMA(0, 0, 1)",0.00229905,-0.00022646,0.00497924,0.0,2025-W33
adj_close.csv,ARIMA,IEMG,0.00267462,0.00026016,0.00255922,0.00267462,0.00026016,0.00255922,"ARIMA(0, 0, 1)",0.00255922,-0.00011541,0.00229905,0.0,2025-W34
adj_close.csv,ARIMA,IEMG,0.0025372,0.00521503,0.00265581,0.0025372,0.00521503,0.00265581,"ARIMA(0, 0, 1)",-0.00265581,-0.00011861,0.00255922,0.0,2025-W35
adj_close.csv,ARIMA,IEMG,0.00264679,0.00541871,0.00276289,0.00264679,0.00541871,0.00276289,"ARIMA(0, 0, 1)",0.00276289,0.00011611,-0.00265581,0.0,2025-W36
adj_close.csv,ARIMA,IEMG,0.00642702,0.00354006,0.00630295,0.00642702,0.00354006,0.00630295,"ARIMA(0, 0, 1)",0.00630295,-0.00012407,0.00276289,0.0,2025-W37
adj_close.csv,ARIMA,IEMG,0.00301113,0.00357432,0.00272864,0.00301113,0.00357432,0.00272864,"ARIMA(0, 0, 1)",0.00272864,-0.0002825,0.00630295,0.0,2025-W38
adj_close.csv,ARIMA,IEMG,0.00137721,0.00422632,0.00149768,0.00137721,0.00422632,0.00149768,"ARIMA(0, 0, 1)",-0.00149768,-0.00012047,0.00272864,0.0,2025-W39
adj_close.csv,ARIMA,IEMG,0.00521157,0.00676592,0.00526825,0.00521157,0.00676592,0.00526825,"ARIMA(0, 0, 1)",0.00526825,5.667e-05,-0.00149768,0.0,2025-W40
adj_close.csv,ARIMA,IEMG,0.00804691,0.01353477,0.00826653,0.00804691,0.01353477,0.00826653,"ARIMA(0, 0, 1)",-0.00826653,-0.00021961,0.00526825,0.0,2025-W41
adj_close.csv,ARIMA,IEMG,0.00783895,0.01650315,0.00823663,0.00783895,0.01650315,0.00823663,"ARIMA(0, 0, 1)",0.00823663,0.00039768,-0.00826653,0.0,2025-W42
adj_close.csv,ARIMA,IEMG,0.00378638,0.00491704,0.00331959,0.00378638,0.00491704,0.00331959,"ARIMA(0, 0, 1)",0.00331959,-0.00046679,0.00823663,0.0,2025-W43
adj_close.csv,ARIMA,IEMG,0.00088282,0.00264465,0.00067493,0.00088282,0.00264465,0.00067493,"ARIMA(0, 0, 1)",0.00067493,-0.00020788,0.00331959,0.0,2025-W44
adj_close.csv,ARIMA,IEMG,0.00284363,0.0035667,0.00289176,0.00284363,0.0035667,0.00289176,"ARIMA(0, 0, 1)",-0.00289176,-4.813e-05,0.00067493,0.0,2025-W45
adj_close.csv,ARIMA,IEMG,0.00155907,0.00460828,0.00171652,0.00155907,0.00460828,0.00171652,"ARIMA(0, 0, 1)",0.00171652,0.00015745,-0.00289176,0.0,2025-W46
adj_close.csv,ARIMA,IEMG,0.00677727,0.00858119,0.00686467,0.00677727,0.00858119,0.00686467,"ARIMA(0, 0, 1)",-0.00686467,-8.74e-05,0.00171652,0.0,2025-W47
adj_close.csv,ARIMA,IEMG,0.00533763,0.01259298,0.00572831,0.00533763,0.01259298,0.00572831,"ARIMA(0, 0, 1)",0.00572831,0.00039068,-0.00686467,0.0,2025-W48
adj_close.csv,ARIMA,IEMG,0.00131942,0.00474712,0.00098119,0.00131942,0.00474712,0.00098119,"ARIMA(0, 0, 1)",0.00098119,-0.00033823,0.00572831,0.0,2025-W49
adj_close.csv,ARIMA,IEMG,0.0015256,0.00258931,0.00160812,0.0015256,0.00258931,0.00160812,"ARIMA(0, 0, 1)",-0.00160812,-8.251e-05,0.00098119,0.0,2025-W50
adj_close.csv,ARIMA,IEMG,0.00094089,0.00264546,0.00103735,0.00094089,0.00264546,0.00103735,"ARIMA(0, 0, 1)",0.00103735,9.645e-05,-0.00160812,0.0,2025-W51
adj_close.csv,ARIMA,IEMG,0.00492951,0.00383246,0.00486981,0.00492951,0.00383246,0.00486981,"ARIMA(0, 0, 1)",0.00486981,-5.97e-05,0.00103735,0.0,2025-W52
adj_close.csv,ARIMA,IEMG,0.00621194,0.00103266,0.00590247,0.00621194,0.00103266,0.00590247,"ARIMA(0, 0, 1)",0.00590247,-0.00030947,0.00486981,0.0,2026-W01
adj_close.csv,ARIMA,IEMG,0.00334693,0.00291047,0.002992,0.00334693,0.00291047,0.002992,"ARIMA(0, 0, 1)",0.002992,-0.00035492,0.00590247,0.0,2026-W02
adj_close.csv,ARIMA,IEMG,0.00267499,0.00049482,0.00249719,0.00267499,0.00049482,0.00249719,"ARIMA(0, 0, 1)",0.00249719,-0.0001778,0.002992,0.0,2026-W03
adj_close.csv,ARIMA,IEMG,0.0053014,0.00266628,0.00516347,0.0053014,0.00266628,0.00516347,"ARIMA(0, 0, 1)",0.00516347,-0.00013794,0.00249719,0.0,2026-W04
adj_close.csv,ARIMA,IEMG,0.00070068,0.00472198,0.00044149,0.00070068,0.00472198,0.00044149,"ARIMA(0, 0, 1)",0.00044149,-0.00025919,0.00516347,0.0,2026-W05
adj_close.csv,ARIMA,IEMG,0.00374788,0.00327272,0.00371421,0.00374788,0.00327272,0.00371421,"ARIMA(0, 0, 1)",0.00371421,-3.367e-05,0.00044149,0.0,2026-W06
adj_close.csv,ARIMA,IJR,0.00727702,0.00266311,0.0069655,0.00727702,0.00266311,0.0069655,"ARIMA(1, 0, 0)",0.0069655,-0.00031152,0.00430239,0.0,2024-W30
adj_close.csv,ARIMA,IJR,0.01113811,0.01857512,0.01160962,0.01113811,0.01857512,0.01160962,"ARIMA(1, 0, 0)",-0.01160962,-0.00047151,0.0069655,0.0,2024-W31
adj_close.csv,ARIMA,IJR,0.00276519,0.00976497,0.00184465,0.00276519,0.00976497,0.00184465,"ARIMA(1, 0, 0)",-0.00184465,0.00092054,-0.01160962,0.0,2024-W32
adj_close.csv,ARIMA,IJR,0.0050808,0.00706303,0.00521838,0.0050808,0.00706303,0.00521838,"ARIMA(1, 0, 0)",0.00521838,0.00013759,-0.00184465,0.0,2024-W33
adj_close.csv,ARIMA,IJR,0.00642891,0.00081414,0.00603252,0.00642891,0.00081414,0.00603252,"ARIMA(1, 0, 0)",0.00603252,-0.00039638,0.00521838,0.0,2024-W34
adj_close.csv,ARIMA,IJR,0.00051456,0.00594666,8.586e-05,0.00051456,0.00594666,8.586e-05,"ARIMA(1, 0, 0)",8.586e-05,-0.0004287,0.00603252,0.0,2024-W35
adj_close.csv,ARIMA,IJR,0.01325812,0.01335004,0.01326418,0.01325812,0.01335004,0.01326418,"ARIMA(1, 0, 0)",-0.01326418,-6.06e-06,8.586e-05,0.0,2024-W36
adj_close.csv,ARIMA,IJR,0.00594706,0.02015007,0.00688589,0.00594706,0.02015007,0.00688589,"ARIMA(1, 0, 0)",0.00688589,0.00093883,-0.01326418,0.0,2024-W37
adj_close.csv,ARIMA,IJR,0.00506072,0.00238942,0.00449648,0.00506072,0.00238942,0.00449648,"ARIMA(1, 0, 0)",0.00449648,-0.00056424,0.00688589,0.0,2024-W38
adj_close.csv,ARIMA,IJR,0.00056088,0.00428202,0.00021445,0.00056088,0.00428202,0.00021445,"ARIMA(1, 0, 0)",0.00021445,-0.00034643,0.00449648,0.0,2024-W39
adj_close.csv,ARIMA,IJR,0.00132641,0.00155732,0.00134286,0.00132641,0.00155732,0.00134286,"ARIMA(1, 0, 0)",-0.00134286,-1.645e-05,0.00021445,0.0,2024-W40
adj_close.csv,ARIMA,IJR,0.00062117,0.00206707,0.00072421,0.00062117,0.00206707,0.00072421,"ARIMA(1, 0, 0)",0.00072421,0.00010304,-0.00134286,0.0,2024-W41
adj_close.csv,ARIMA,IJR,0.0033841,0.00260423,0.00332844,0.0033841,0.00260423,0.00332844,"ARIMA(1, 0, 0)",0.00332844,-5.565e-05,0.00072421,0.0,2024-W42
adj_close.csv,ARIMA,IJR,0.00607381,0.0096569,0.00632845,0.00607381,0.0096569,0.00632845,"ARIMA(1, 0, 0)",-0.00632845,-0.00025464,0.00332844,0.0,2024-W43
adj_close.csv,ARIMA,IJR,0.00081677,0.00601373,0.00031473,0.00081677,0.00601373,0.00031473,"ARIMA(1, 0, 0)",-0.00031473,0.00050205,-0.00632845,0.0,2024-W44
adj_close.csv,ARIMA,IJR,0.01668655,0.01702602,0.01671129,0.01668655,0.01702602,0.01671129,"ARIMA(1, 0, 0)",0.01671129,2.474e-05,-0.00031473,0.0,2024-W45
adj_close.csv,ARIMA,IJR,0.00475346,0.02279068,0.00607939,0.00475346,0.02279068,0.00607939,"ARIMA(1, 0, 0)",-0.00607939,-0.00132593,0.01671129,0.0,2024-W46
adj_close.csv,ARIMA,IJR,0.00681597,0.01344239,0.007363,0.00681597,0.01344239,0.007363,"ARIMA(1, 0, 0)",0.007363,0.00054703,-0.00607939,0.0,2024-W47
adj_close.csv,ARIMA,IJR,0.00364463,0.00442156,0.00294144,0.00364463,0.00442156,0.00294144,"ARIMA(1, 0, 0)",0.00294144,-0.00070319,0.007363,0.0,2024-W48
adj_close.csv,ARIMA,IJR,0.00293216,0.00614407,0.00320263,0.00293216,0.00614407,0.00320263,"ARIMA(1, 0, 0)",-0.00320263,-0.00027047,0.00294144,0.0,2024-W49
adj_close.csv,ARIMA,IJR,0.00303114,0.00046963,0.002733,0.00303114,0.00046963,0.002733,"ARIMA(1, 0, 0)",-0.002733,0.00029814,-0.00320263,0.0,2024-W50
adj_close.csv,ARIMA,IJR,0.01013153,0.00714761,0.00988061,0.01013153,0.00714761,0.00988061,"ARIMA(1, 0, 0)",-0.00988061,0.00025092,-0.002733,0.0,2024-W51
adj_close.csv,ARIMA,IJR,0.00093584,0.00981586,6.475e-05,0.00093584,0.00981586,6.475e-05,"ARIMA(1, 0, 0)",-6.475e-05,0.00087108,-0.00988061,0.0,2024-W52
adj_close.csv,ARIMA,IJR,0.00092098,0.00099136,0.00092661,0.00092098,0.00099136,0.00092661,"ARIMA(1, 0, 0)",0.00092661,5.63e-06,-6.475e-05,0.0,2025-W01
adj_close.csv,ARIMA,IJR,0.00678828,0.00779547,0.00686886,0.00678828,0.00779547,0.00686886,"ARIMA(1, 0, 0)",-0.00686886,-8.058e-05,0.00092661,0.0,2025-W02
adj_close.csv,ARIMA,IJR,0.00789789,0.01536973,0.00850086,0.00789789,0.01536973,0.00850086,"ARIMA(1, 0, 0)",0.00850086,0.00060297,-0.00686886,0.0,2025-W03
adj_close.csv,ARIMA,IJR,0.00308382,0.00622293,0.00227793,0.00308382,0.00622293,0.00227793,"ARIMA(1, 0, 0)",0.00227793,-0.00080589,0.00850086,0.0,2025-W04
adj_close.csv,ARIMA,IJR,0.00085271,0.00333893,0.001061,0.00085271,0.00333893,0.001061,"ARIMA(1, 0, 0)",-0.001061,-0.0002083,0.00227793,0.0,2025-W05
adj_close.csv,ARIMA,IJR,0.00228756,0.00112927,0.00219027,0.00228756,0.00112927,0.00219027,"ARIMA(1, 0, 0)",-0.00219027,9.728e-05,-0.001061,0.0,2025-W06
adj_close.csv,ARIMA,IJR,0.00030262,0.0020878,0.00010248,0.00030262,0.0020878,0.00010248,"ARIMA(1, 0, 0)",-0.00010248,0.00020015,-0.00219027,0.0,2025-W07
adj_close.csv,ARIMA,IJR,0.00898662,0.00887479,0.00897726,0.00898662,0.00887479,0.00897726,"ARIMA(1, 0, 0)",-0.00897726,9.36e-06,-0.00010248,0.0,2025-W08
adj_close.csv,ARIMA,IJR,0.00290083,0.00689495,0.00208231,0.00290083,0.00689495,0.00208231,"ARIMA(1, 0, 0)",-0.00208231,0.00081852,-0.00897726,0.0,2025-W09
adj_close.csv,ARIMA,IJR,0.00743334,0.00516803,0.00725035,0.00743334,0.00516803,0.00725035,"ARIMA(1, 0, 0)",-0.00725035,0.00018299,-0.00208231,0.0,2025-W10
adj_close.csv,ARIMA,IJR,0.00590494,0.00196835,0.005282,0.00590494,0.00196835,0.005282,"ARIMA(1, 0, 0)",-0.005282,0.00062294,-0.00725035,0.0,2025-W11
adj_close.csv,ARIMA,IJR,0.00088781,0.00659519,0.00131319,0.00088781,0.00659519,0.00131319,"ARIMA(1, 0, 0)",0.00131319,0.00042538,-0.005282,0.0,2025-W12
adj_close.csv,ARIMA,IJR,0.00249167,0.00391139,0.0025982,0.00249167,0.00391139,0.0025982,"ARIMA(1, 0, 0)",-0.0025982,-0.00010653,0.00131319,0.0,2025-W13
adj_close.csv,ARIMA,IJR,0.01911434,0.01630431,0.01890251,0.01911434,0.01630431,0.01890251,"ARIMA(1, 0, 0)",-0.01890251,0.00021184,-0.0025982,0.0,2025-W14
adj_close.csv,ARIMA,IJR,0.00021816,0.0205443,0.0016418,0.00021816,0.0205443,0.0016418,"ARIMA(1, 0, 0)",0.0016418,0.00142363,-0.01890251,0.0,2025-W15
adj_close.csv,ARIMA,IJR,0.00244568,0.00067942,0.00232122,0.00244568,0.00067942,0.00232122,"ARIMA(1, 0, 0)",0.00232122,-0.00012446,0.0016418,0.0,2025-W16
adj_close.csv,ARIMA,IJR,0.00739494,0.00489887,0.00722009,0.00739494,0.00489887,0.00722009,"ARIMA(1, 0, 0)",0.00722009,-0.00017485,0.00232122,0.0,2025-W17
adj_close.csv,ARIMA,IJR,0.0068193,0.00092982,0.00629027,0.0068193,0.00092982,0.00629027,"ARIMA(1, 0, 0)",0.00629027,-0.00052904,0.00722009,0.0,2025-W18
adj_close.csv,ARIMA,IJR,0.00156612,0.0051482,0.00114206,0.00156612,0.0051482,0.00114206,"ARIMA(1, 0, 0)",0.00114206,-0.00042406,0.00629027,0.0,2025-W19
adj_close.csv,ARIMA,IJR,0.00926116,0.00804344,0.0091855,0.00926116,0.00804344,0.0091855,"ARIMA(1, 0, 0)",0.0091855,-7.566e-05,0.00114206,0.0,2025-W20
adj_close.csv,ARIMA,IJR,0.00787562,0.01765814,0.00847264,0.00787562,0.01765814,0.00847264,"ARIMA(1, 0, 0)",-0.00847264,-0.00059702,0.0091855,0.0,2025-W21
adj_close.csv,ARIMA,IJR,0.00267328,0.01176846,0.00329582,0.00267328,0.01176846,0.00329582,"ARIMA(1, 0, 0)",0.00329582,0.00062254,-0.00847264,0.0,2025-W22
adj_close.csv,ARIMA,IJR,0.00456942,0.00102276,0.00431858,0.00456942,0.00102276,0.00431858,"ARIMA(1, 0, 0)",0.00431858,-0.00025084,0.00329582,0.0,2025-W23
adj_close.csv,ARIMA,IJR,0.00223999,0.0068797,0.00256113,0.00223999,0.0068797,0.00256113,"ARIMA(1, 0, 0)",-0.00256113,-0.00032113,0.00431858,0.0,2025-W24
adj_close.csv,ARIMA,IJR,0.00034429,0.00309873,0.00053761,0.00034429,0.00309873,0.00053761,"ARIMA(1, 0, 0)",0.00053761,0.00019332,-0.00256113,0.0,2025-W25
adj_close.csv,ARIMA,IJR,0.00625548,0.00567723,0.00621484,0.00625548,0.00567723,0.00621484,"ARIMA(1, 0, 0)",0.00621484,-4.063e-05,0.00053761,0.0,2025-W26
adj_close.csv,ARIMA,IJR,0.00853292,0.00185075,0.00806559,0.00853292,0.00185075,0.00806559,"ARIMA(1, 0, 0)",0.00806559,-0.00046732,0.00621484,0.0,2025-W27
adj_close.csv,ARIMA,IJR,9.682e-05,0.00852597,0.00046038,9.682e-05,0.00852597,0.00046038,"ARIMA(1, 0, 0)",-0.00046038,-0.0005572,0.00806559,0.0,2025-W28
adj_close.csv,ARIMA,IJR,0.00172298,0.00123084,0.00169122,0.00172298,0.00123084,0.00169122,"ARIMA(1, 0, 0)",-0.00169122,3.176e-05,-0.00046038,0.0,2025-W29
adj_close.csv,ARIMA,IJR,0.00173417,0.00354192,0.0018507,0.00173417,0.00354192,0.0018507,"ARIMA(1, 0, 0)",0.0018507,0.00011653,-0.00169122,0.0,2025-W30
adj_close.csv,ARIMA,IJR,0.0079138,0.00989264,0.00804194,0.0079138,0.00989264,0.00804194,"ARIMA(1, 0, 0)",-0.00804194,-0.00012814,0.0018507,0.0,2025-W31
adj_close.csv,ARIMA,IJR,0.00386119,0.0124734,0.00443147,0.00386119,0.0124734,0.00443147,"ARIMA(1, 0, 0)",0.00443147,0.00057027,-0.00804194,0.0,2025-W32
adj_close.csv,ARIMA,IJR,0.00663225,0.00187092,0.00630239,0.00663225,0.00187092,0.00630239,"ARIMA(1, 0, 0)",0.00630239,-0.00032986,0.00443147,0.0,2025-W33
adj_close.csv,ARIMA,IJR,0.00742062,0.00067008,0.00697246,0.00742062,0.00067008,0.00697246,"ARIMA(1, 0, 0)",0.00697246,-0.00044815,0.00630239,0.0,2025-W34
adj_close.csv,ARIMA,IJR,0.00031884,0.00775035,0.00077789,0.00031884,0.00775035,0.00077789,"ARIMA(1, 0, 0)",-0.00077789,-0.00045905,0.00697246,0.0,2025-W35
adj_close.csv,ARIMA,IJR,0.00224653,0.00307583,0.00229794,0.00224653,0.00307583,0.00229794,"ARIMA(1, 0, 0)",0.00229794,5.141e-05,-0.00077789,0.0,2025-W36
adj_close.csv,ARIMA,IJR,0.00097568,0.00342594,0.001128,0.00097568,0.00342594,0.001128,"ARIMA(1, 0, 0)",-0.001128,-0.00015231,0.00229794,0.0,2025-W37
adj_close.csv,ARIMA,IJR,0.00202141,0.00322446,0.00209646,0.00202141,0.00322446,0.00209646,"ARIMA(1, 0, 0)",0.00209646,7.505e-05,-0.001128,0.0,2025-W38
adj_close.csv,ARIMA,IJR,0.00118922,0.0034257,0.00132924,0.00118922,0.0034257,0.00132924,"ARIMA(1, 0, 0)",-0.00132924,-0.00014002,0.00209646,0.0,2025-W39
adj_close.csv,ARIMA,IJR,0.00261053,0.00402892,0.00269968,0.00261053,0.00402892,0.00269968,"ARIMA(1, 0, 0)",0.00269968,8.915e-05,-0.00132924,0.0,2025-W40
adj_close.csv,ARIMA,IJR,0.00973672,0.01261851,0.00991883,0.00973672,0.01261851,0.00991883,"ARIMA(1, 0, 0)",-0.00991883,-0.00018211,0.00269968,0.0,2025-W41
adj_close.csv,ARIMA,IJR,0.00502974,0.01564681,0.00572798,0.00502974,0.01564681,0.00572798,"ARIMA(1, 0, 0)",0.00572798,0.00069825,-0.00991883,0.0,2025-W42
adj_close.csv,ARIMA,IJR,0.00638343,0.00022061,0.00594859,0.00638343,0.00022061,0.00594859,"ARIMA(1, 0, 0)",0.00594859,-0.00043484,0.00572798,0.0,2025-W43
adj_close.csv,ARIMA,IJR,0.00516411,0.01154031,0.00559172,0.00516411,0.01154031,0.00559172,"ARIMA(1, 0, 0)",-0.00559172,-0.00042761,0.00594859,0.0,2025-W44
adj_close.csv,ARIMA,IJR,0.00016632,0.00584622,0.0002545,0.00016632,0.00584622,0.0002545,"ARIMA(1, 0, 0)",0.0002545,0.00042082,-0.00559172,0.0,2025-W45
adj_close.csv,ARIMA,IJR,0.00185481,0.00212844,0.00187394,0.00185481,0.00212844,0.00187394,"ARIMA(1, 0, 0)",-0.00187394,-1.913e-05,0.0002545,0.0,2025-W46
adj_close.csv,ARIMA,IJR,0.00232656,0.00031169,0.00218563,0.00232656,0.00031169,0.00218563,"ARIMA(1, 0, 0)",-0.00218563,0.00014093,-0.00187394,0.0,2025-W47
adj_close.csv,ARIMA,IJR,0.01102485,0.01337381,0.01118818,0.01102485,0.01337381,0.01118818,"ARIMA(1, 0, 0)",0.01118818,0.00016333,-0.00218563,0.0,2025-W48
adj_close.csv,ARIMA,IJR,0.00211916,0.00993458,0.0012536,0.00211916,0.00993458,0.0012536,"ARIMA(1, 0, 0)",0.0012536,-0.00086556,0.01118818,0.0,2025-W49
adj_close.csv,ARIMA,IJR,0.00414682,0.00279945,0.00405305,0.00414682,0.00279945,0.00405305,"ARIMA(1, 0, 0)",0.00405305,-9.378e-05,0.0012536,0.0,2025-W50
adj_close.csv,ARIMA,IJR,0.00159584,0.00594981,0.00189677,0.00159584,0.00594981,0.00189677,"ARIMA(1, 0, 0)",-0.00189677,-0.00030093,0.00405305,0.0,2025-W51
adj_close.csv,ARIMA,IJR,0.00138529,0.0034242,0.00152744,0.00138529,0.0034242,0.00152744,"ARIMA(1, 0, 0)",0.00152744,0.00014215,-0.00189677,0.0,2025-W52
adj_close.csv,ARIMA,IJR,0.00348433,0.00512667,0.00359923,0.00348433,0.00512667,0.00359923,"ARIMA(1, 0, 0)",-0.00359923,-0.0001149,0.00152744,0.0,2026-W01
adj_close.csv,ARIMA,IJR,0.00788037,0.01175242,0.00815319,0.00788037,0.01175242,0.00815319,"ARIMA(1, 0, 0)",0.00815319,0.00027282,-0.00359923,0.0,2026-W02
adj_close.csv,ARIMA,IJR,0.00409335,0.00470267,0.00345052,0.00409335,0.00470267,0.00345052,"ARIMA(1, 0, 0)",0.00345052,-0.00064283,0.00815319,0.0,2026-W03
adj_close.csv,ARIMA,IJR,0.00077252,0.00448281,0.00103229,0.00077252,0.00448281,0.00103229,"ARIMA(1, 0, 0)",-0.00103229,-0.00025977,0.00345052,0.0,2026-W04
adj_close.csv,ARIMA,IJR,0.00173998,0.00062968,0.00166197,0.00173998,0.00062968,0.00166197,"ARIMA(1, 0, 0)",-0.00166197,7.801e-05,-0.00103229,0.0,2026-W05
adj_close.csv,ARIMA,IJR,0.01021241,0.01199965,0.01033769,0.01021241,0.01199965,0.01033769,"ARIMA(1, 0, 0)",0.01033769,0.00012528,-0.00166197,0.0,2026-W06
adj_close.csv,ARIMA,INDA,0.00248236,0.00540907,0.00226551,0.00248236,0.00540907,0.00226551,"ARIMA(2, 0, 0)",0.00226551,-0.00021685,-0.00314356,0.0,2024-W30
adj_close.csv,ARIMA,INDA,0.00244529,0.00424642,0.00198091,0.00244529,0.00424642,0.00198091,"ARIMA(2, 0, 0)",-0.00198091,0.00046438,0.00226551,0.0,2024-W31
adj_close.csv,ARIMA,INDA,0.00135162,0.00030309,0.00167782,0.00135162,0.00030309,0.00167782,"ARIMA(2, 0, 0)",-0.00167782,-0.0003262,-0.00198091,0.0,2024-W32
adj_close.csv,ARIMA,INDA,0.00177057,0.00374631,0.00206849,0.00177057,0.00374631,0.00206849,"ARIMA(2, 0, 0)",0.00206849,0.00029792,-0.00167782,0.0,2024-W33
adj_close.csv,ARIMA,INDA,0.00226113,0.00043486,0.00250335,0.00226113,0.00043486,0.00250335,"ARIMA(2, 0, 0)",0.00250335,0.00024222,0.00206849,0.0,2024-W34
adj_close.csv,ARIMA,INDA,0.0025462,0.00027336,0.00222999,0.0025462,0.00027336,0.00222999,"ARIMA(2, 0, 0)",0.00222999,-0.00031621,0.00250335,0.0,2024-W35
adj_close.csv,ARIMA,INDA,0.00492337,0.00752653,0.00529655,0.00492337,0.00752653,0.00529655,"ARIMA(2, 0, 0)",-0.00529655,-0.00037317,0.00222999,0.0,2024-W36
adj_close.csv,ARIMA,INDA,0.00500626,0.00998372,0.00468717,0.00500626,0.00998372,0.00468717,"ARIMA(2, 0, 0)",0.00468717,-0.00031909,-0.00529655,0.0,2024-W37
adj_close.csv,ARIMA,INDA,0.00231603,0.00163367,0.0030535,0.00231603,0.00163367,0.0030535,"ARIMA(2, 0, 0)",0.0030535,0.00073747,0.00468717,0.0,2024-W38
adj_close.csv,ARIMA,INDA,0.00206127,0.00173,0.0013235,0.00206127,0.00173,0.0013235,"ARIMA(2, 0, 0)",0.0013235,-0.00073777,0.0030535,0.0,2024-W39
adj_close.csv,ARIMA,INDA,0.00652186,0.00831037,0.00698687,0.00652186,0.00831037,0.00698687,"ARIMA(2, 0, 0)",-0.00698687,-0.00046501,0.0013235,0.0,2024-W40
adj_close.csv,ARIMA,INDA,0.00045924,0.00730187,0.000315,0.00045924,0.00730187,0.000315,"ARIMA(2, 0, 0)",0.000315,-0.00014424,-0.00698687,0.0,2024-W41
adj_close.csv,ARIMA,INDA,0.00329364,0.0025304,0.0022154,0.00329364,0.0025304,0.0022154,"ARIMA(2, 0, 0)",-0.0022154,0.00107824,0.000315,0.0,2024-W42
adj_close.csv,ARIMA,INDA,0.00662587,0.00443572,0.00665112,0.00662587,0.00443572,0.00665112,"ARIMA(2, 0, 0)",-0.00665112,-2.525e-05,-0.0022154,0.0,2024-W43
adj_close.csv,ARIMA,INDA,0.00017838,0.00719872,0.00054761,0.00017838,0.00719872,0.00054761,"ARIMA(2, 0, 0)",0.00054761,0.00036923,-0.00665112,0.0,2024-W44
adj_close.csv,ARIMA,INDA,0.00282081,0.00237879,0.00183119,0.00282081,0.00237879,0.00183119,"ARIMA(2, 0, 0)",-0.00183119,0.00098963,0.00054761,0.0,2024-W45
adj_close.csv,ARIMA,INDA,0.00492467,0.00316069,0.00499188,0.00492467,0.00316069,0.00499188,"ARIMA(2, 0, 0)",-0.00499188,-6.721e-05,-0.00183119,0.0,2024-W46
adj_close.csv,ARIMA,INDA,0.0042268,0.00950489,0.00451301,0.0042268,0.00950489,0.00451301,"ARIMA(2, 0, 0)",0.00451301,0.00028621,-0.00499188,0.0,2024-W47
adj_close.csv,ARIMA,INDA,0.00183177,0.0019903,0.00252272,0.00183177,0.0019903,0.00252272,"ARIMA(2, 0, 0)",0.00252272,0.00069094,0.00451301,0.0,2024-W48
adj_close.csv,ARIMA,INDA,0.00391693,0.00070054,0.00322326,0.00391693,0.00070054,0.00322326,"ARIMA(2, 0, 0)",0.00322326,-0.00069368,0.00252272,0.0,2024-W49
adj_close.csv,ARIMA,INDA,1.415e-05,0.00361882,0.00039557,1.415e-05,0.00361882,0.00039557,"ARIMA(2, 0, 0)",-0.00039557,-0.00038142,0.00322326,0.0,2024-W50
adj_close.csv,ARIMA,INDA,0.00594877,0.00601838,0.00641395,0.00594877,0.00601838,0.00641395,"ARIMA(2, 0, 0)",-0.00641395,-0.00046518,-0.00039557,0.0,2024-W51
adj_close.csv,ARIMA,INDA,0.00158933,0.00491188,0.00150207,0.00158933,0.00491188,0.00150207,"ARIMA(2, 0, 0)",-0.00150207,8.727e-05,-0.00641395,0.0,2024-W52
adj_close.csv,ARIMA,INDA,0.00030561,0.00277004,0.00126797,0.00030561,0.00277004,0.00126797,"ARIMA(2, 0, 0)",0.00126797,0.00096236,-0.00150207,0.0,2025-W01
adj_close.csv,ARIMA,INDA,0.01055164,0.01159646,0.01032849,0.01055164,0.01159646,0.01032849,"ARIMA(2, 0, 0)",-0.01032849,0.00022315,0.00126797,0.0,2025-W02
adj_close.csv,ARIMA,INDA,1.368e-05,0.0102113,0.00011719,1.368e-05,0.0102113,0.00011719,"ARIMA(2, 0, 0)",-0.00011719,-0.00013088,-0.01032849,0.0,2025-W03
adj_close.csv,ARIMA,INDA,0.00396447,0.00233717,0.00245437,0.00396447,0.00233717,0.00245437,"ARIMA(2, 0, 0)",-0.00245437,0.0015101,-0.00011719,0.0,2025-W04
adj_close.csv,ARIMA,INDA,0.00119122,0.00367401,0.00121964,0.00119122,0.00367401,0.00121964,"ARIMA(2, 0, 0)",0.00121964,2.842e-05,-0.00245437,0.0,2025-W05
adj_close.csv,ARIMA,INDA,0.00225823,0.00315089,0.00193125,0.00225823,0.00315089,0.00193125,"ARIMA(2, 0, 0)",-0.00193125,0.00032698,0.00121964,0.0,2025-W06
adj_close.csv,ARIMA,INDA,0.003485,0.00170558,0.00363683,0.003485,0.00170558,0.00363683,"ARIMA(2, 0, 0)",-0.00363683,-0.00015183,-0.00193125,0.0,2025-W07
adj_close.csv,ARIMA,INDA,0.00174604,0.00217054,0.00146628,0.00174604,0.00217054,0.00146628,"ARIMA(2, 0, 0)",-0.00146628,0.00027975,-0.00363683,0.0,2025-W08
adj_close.csv,ARIMA,INDA,0.00542387,0.0034621,0.00492838,0.00542387,0.0034621,0.00492838,"ARIMA(2, 0, 0)",-0.00492838,0.00049549,-0.00146628,0.0,2025-W09
adj_close.csv,ARIMA,INDA,0.00383718,0.00896229,0.0040339,0.00383718,0.00896229,0.0040339,"ARIMA(2, 0, 0)",0.0040339,0.00019672,-0.00492838,0.0,2025-W10
adj_close.csv,ARIMA,INDA,0.00131829,0.00472786,0.00069396,0.00131829,0.00472786,0.00069396,"ARIMA(2, 0, 0)",-0.00069396,0.00062434,0.0040339,0.0,2025-W11
adj_close.csv,ARIMA,INDA,0.01072264,0.01089741,0.01020345,0.01072264,0.01089741,0.01020345,"ARIMA(2, 0, 0)",0.01020345,-0.00051919,-0.00069396,0.0,2025-W12
adj_close.csv,ARIMA,INDA,0.00073193,0.01094312,0.00073967,0.00073193,0.01094312,0.00073967,"ARIMA(2, 0, 0)",-0.00073967,-7.74e-06,0.01020345,0.0,2025-W13
adj_close.csv,ARIMA,INDA,0.00711173,0.00758242,0.00832209,0.00711173,0.00758242,0.00832209,"ARIMA(2, 0, 0)",-0.00832209,-0.00121036,-0.00073967,0.0,2025-W14
adj_close.csv,ARIMA,INDA,0.0061021,0.01460575,0.00628366,0.0061021,0.01460575,0.00628366,"ARIMA(2, 0, 0)",0.00628366,0.00018156,-0.00832209,0.0,2025-W15
adj_close.csv,ARIMA,INDA,0.00627062,0.000997,0.00728065,0.00627062,0.000997,0.00728065,"ARIMA(2, 0, 0)",0.00728065,0.00101004,0.00628366,0.0,2025-W16
adj_close.csv,ARIMA,INDA,0.00327859,0.00503536,0.00224529,0.00327859,0.00503536,0.00224529,"ARIMA(2, 0, 0)",0.00224529,-0.0010333,0.00728065,0.0,2025-W17
adj_close.csv,ARIMA,INDA,0.0050421,0.00172637,0.00397166,0.0050421,0.00172637,0.00397166,"ARIMA(2, 0, 0)",0.00397166,-0.00107043,0.00224529,0.0,2025-W18
adj_close.csv,ARIMA,INDA,0.00539591,0.00969171,0.00572005,0.00539591,0.00969171,0.00572005,"ARIMA(2, 0, 0)",-0.00572005,-0.00032415,0.00397166,0.0,2025-W19
adj_close.csv,ARIMA,INDA,0.00898225,0.01420334,0.00848329,0.00898225,0.01420334,0.00848329,"ARIMA(2, 0, 0)",0.00848329,-0.00049896,-0.00572005,0.0,2025-W20
adj_close.csv,ARIMA,INDA,0.00086551,0.00877622,0.00029293,0.00086551,0.00877622,0.00029293,"ARIMA(2, 0, 0)",-0.00029293,0.00057259,0.00848329,0.0,2025-W21
adj_close.csv,ARIMA,INDA,0.00014148,0.00094686,0.00123979,0.00014148,0.00094686,0.00123979,"ARIMA(2, 0, 0)",-0.00123979,-0.0010983,-0.00029293,0.0,2025-W22
adj_close.csv,ARIMA,INDA,0.00213108,0.0034372,0.00219742,0.00213108,0.0034372,0.00219742,"ARIMA(2, 0, 0)",0.00219742,6.634e-05,-0.00123979,0.0,2025-W23
adj_close.csv,ARIMA,INDA,0.00330507,0.00539161,0.00319419,0.00330507,0.00539161,0.00319419,"ARIMA(2, 0, 0)",-0.00319419,0.00011088,0.00219742,0.0,2025-W24
adj_close.csv,ARIMA,INDA,0.00044272,0.00254568,0.00064851,0.00044272,0.00254568,0.00064851,"ARIMA(2, 0, 0)",-0.00064851,-0.00020579,-0.00319419,0.0,2025-W25
adj_close.csv,ARIMA,INDA,0.00671241,0.00779212,0.00714361,0.00671241,0.00779212,0.00714361,"ARIMA(2, 0, 0)",0.00714361,0.0004312,-0.00064851,0.0,2025-W26
adj_close.csv,ARIMA,INDA,0.00021754,0.00745709,0.00031348,0.00021754,0.00745709,0.00031348,"ARIMA(2, 0, 0)",-0.00031348,-9.594e-05,0.00714361,0.0,2025-W27
adj_close.csv,ARIMA,INDA,0.00233476,0.00297565,0.00328913,0.00233476,0.00297565,0.00328913,"ARIMA(2, 0, 0)",-0.00328913,-0.00095438,-0.00031348,0.0,2025-W28
adj_close.csv,ARIMA,INDA,0.00151838,0.00189947,0.00138966,0.00151838,0.00189947,0.00138966,"ARIMA(2, 0, 0)",-0.00138966,0.00012872,-0.00328913,0.0,2025-W29
adj_close.csv,ARIMA,INDA,0.00307465,0.00119579,0.00258545,0.00307465,0.00119579,0.00258545,"ARIMA(2, 0, 0)",-0.00258545,0.0004892,-0.00138966,0.0,2025-W30
adj_close.csv,ARIMA,INDA,0.00430636,0.00147026,0.00405571,0.00430636,0.00147026,0.00405571,"ARIMA(2, 0, 0)",-0.00405571,0.00025065,-0.00258545,0.0,2025-W31
adj_close.csv,ARIMA,INDA,0.00272396,0.00176647,0.00228924,0.00272396,0.00176647,0.00228924,"ARIMA(2, 0, 0)",-0.00228924,0.00043473,-0.00405571,0.0,2025-W32
adj_close.csv,ARIMA,INDA,0.00166838,0.00454052,0.00225129,0.00166838,0.00454052,0.00225129,"ARIMA(2, 0, 0)",0.00225129,0.00058291,-0.00228924,0.0,2025-W33
adj_close.csv,ARIMA,INDA,0.00301063,0.00102286,0.00327414,0.00301063,0.00102286,0.00327414,"ARIMA(2, 0, 0)",0.00327414,0.00026351,0.00225129,0.0,2025-W34
adj_close.csv,ARIMA,INDA,0.00569725,0.00933752,0.00606338,0.00569725,0.00933752,0.00606338,"ARIMA(2, 0, 0)",-0.00606338,-0.00036612,0.00327414,0.0,2025-W35
adj_close.csv,ARIMA,INDA,0.00271181,0.00845665,0.00239328,0.00271181,0.00845665,0.00239328,"ARIMA(2, 0, 0)",0.00239328,-0.00031853,-0.00606338,0.0,2025-W36
adj_close.csv,ARIMA,INDA,0.00176847,0.00014392,0.0025372,0.00176847,0.00014392,0.0025372,"ARIMA(2, 0, 0)",0.0025372,0.00076873,0.00239328,0.0,2025-W37
adj_close.csv,ARIMA,INDA,0.00334791,0.00041363,0.00295083,0.00334791,0.00041363,0.00295083,"ARIMA(2, 0, 0)",0.00295083,-0.00039707,0.0025372,0.0,2025-W38
adj_close.csv,ARIMA,INDA,0.00594899,0.00931731,0.00636648,0.00594899,0.00931731,0.00636648,"ARIMA(2, 0, 0)",-0.00636648,-0.00041749,0.00295083,0.0,2025-W39
adj_close.csv,ARIMA,INDA,0.0010072,0.00713057,0.00076409,0.0010072,0.00713057,0.00076409,"ARIMA(2, 0, 0)",0.00076409,-0.00024311,-0.00636648,0.0,2025-W40
adj_close.csv,ARIMA,INDA,0.00034532,0.00045241,0.0012165,0.00034532,0.00045241,0.0012165,"ARIMA(2, 0, 0)",0.0012165,0.00087118,0.00076409,0.0,2025-W41
adj_close.csv,ARIMA,INDA,0.00641008,0.0050515,0.006268,0.00641008,0.0050515,0.006268,"ARIMA(2, 0, 0)",0.006268,-0.00014208,0.0012165,0.0,2025-W42
adj_close.csv,ARIMA,INDA,0.00055752,0.00604775,0.00022026,0.00055752,0.00604775,0.00022026,"ARIMA(2, 0, 0)",0.00022026,-0.00033727,0.006268,0.0,2025-W43
adj_close.csv,ARIMA,INDA,0.00111125,0.00221141,0.00199116,0.00111125,0.00221141,0.00199116,"ARIMA(2, 0, 0)",-0.00199116,-0.00087991,0.00022026,0.0,2025-W44
adj_close.csv,ARIMA,INDA,0.00083778,0.00117422,0.00081694,0.00083778,0.00117422,0.00081694,"ARIMA(2, 0, 0)",-0.00081694,2.084e-05,-0.00199116,0.0,2025-W45
adj_close.csv,ARIMA,INDA,0.00290962,0.00402822,0.00321129,0.00290962,0.00402822,0.00321129,"ARIMA(2, 0, 0)",0.00321129,0.00030166,-0.00081694,0.0,2025-W46
adj_close.csv,ARIMA,INDA,0.00153883,0.00471823,0.00150694,0.00153883,0.00471823,0.00150694,"ARIMA(2, 0, 0)",-0.00150694,3.189e-05,0.00321129,0.0,2025-W47
adj_close.csv,ARIMA,INDA,0.00271,0.00380222,0.00229528,0.00271,0.00380222,0.00229528,"ARIMA(2, 0, 0)",0.00229528,-0.00041472,-0.00150694,0.0,2025-W48
adj_close.csv,ARIMA,INDA,0.00287037,0.00501891,0.00272363,0.00287037,0.00501891,0.00272363,"ARIMA(2, 0, 0)",-0.00272363,0.00014674,0.00229528,0.0,2025-W49
adj_close.csv,ARIMA,INDA,0.00286018,0.00037606,0.00309969,0.00286018,0.00037606,0.00309969,"ARIMA(2, 0, 0)",-0.00309969,-0.00023951,-0.00272363,0.0,2025-W50
adj_close.csv,ARIMA,INDA,0.00329631,0.0068653,0.00376561,0.00329631,0.0068653,0.00376561,"ARIMA(2, 0, 0)",0.00376561,0.00046931,-0.00309969,0.0,2025-W51
adj_close.csv,ARIMA,INDA,0.00176398,0.00520094,0.00143533,0.00176398,0.00520094,0.00143533,"ARIMA(2, 0, 0)",-0.00143533,0.00032865,0.00376561,0.0,2025-W52
adj_close.csv,ARIMA,INDA,0.00380864,0.00475642,0.00332109,0.00380864,0.00475642,0.00332109,"ARIMA(2, 0, 0)",0.00332109,-0.00048755,-0.00143533,0.0,2026-W01
adj_close.csv,ARIMA,INDA,0.00521474,0.00844482,0.00512373,0.00521474,0.00844482,0.00512373,"ARIMA(2, 0, 0)",-0.00512373,9.102e-05,0.00332109,0.0,2026-W02
adj_close.csv,ARIMA,INDA,0.00097426,0.00387879,0.00124494,0.00097426,0.00387879,0.00124494,"ARIMA(2, 0, 0)",-0.00124494,-0.00027069,-0.00512373,0.0,2026-W03
adj_close.csv,ARIMA,INDA,0.00848355,0.00648935,0.00773429,0.00848355,0.00648935,0.00773429,"ARIMA(2, 0, 0)",-0.00773429,0.00074926,-0.00124494,0.0,2026-W04
adj_close.csv,ARIMA,INDA,0.00153049,0.00967643,0.00194214,0.00153049,0.00967643,0.00194214,"ARIMA(2, 0, 0)",0.00194214,0.00041165,-0.00773429,0.0,2026-W05
adj_close.csv,ARIMA,INDA,0.02839837,0.02738765,0.02932979,0.02839837,0.02738765,0.02932979,"ARIMA(2, 0, 0)",0.02932979,0.00093142,0.00194214,0.0,2026-W06
adj_close.csv,ARIMA,ITOT,0.00126915,0.00229636,0.00099943,0.00126915,0.00229636,0.00099943,"ARIMA(1, 0, 0)",-0.00099943,0.00026973,-0.00329579,0.0,2024-W30
adj_close.csv,ARIMA,ITOT,0.00517137,0.00409111,0.00509054,0.00517137,0.00409111,0.00509054,"ARIMA(1, 0, 0)",-0.00509054,8.083e-05,-0.00099943,0.0,2024-W31
adj_close.csv,ARIMA,ITOT,0.00047416,0.00502201,6.853e-05,0.00047416,0.00502201,6.853e-05,"ARIMA(1, 0, 0)",-6.853e-05,0.00040563,-0.00509054,0.0,2024-W32
adj_close.csv,ARIMA,ITOT,0.0076429,0.00771685,0.00764832,0.0076429,0.00771685,0.00764832,"ARIMA(1, 0, 0)",0.00764832,5.42e-06,-6.853e-05,0.0,2024-W33
adj_close.csv,ARIMA,ITOT,0.00381273,0.00444171,0.00320661,0.00381273,0.00444171,0.00320661,"ARIMA(1, 0, 0)",0.00320661,-0.00060612,0.00764832,0.0,2024-W34
adj_close.csv,ARIMA,ITOT,0.0008002,0.00263938,0.00056723,0.0008002,0.00263938,0.00056723,"ARIMA(1, 0, 0)",0.00056723,-0.00023297,0.00320661,0.0,2024-W35
adj_close.csv,ARIMA,ITOT,0.01095989,0.011568,0.01100077,0.01095989,0.011568,0.01100077,"ARIMA(1, 0, 0)",-0.01100077,-4.088e-05,0.00056723,0.0,2024-W36
adj_close.csv,ARIMA,ITOT,0.00706772,0.01887678,0.00787602,0.00706772,0.01887678,0.00787602,"ARIMA(1, 0, 0)",0.00787602,0.0008083,-0.01100077,0.0,2024-W37
adj_close.csv,ARIMA,ITOT,0.00382682,0.00476242,0.00311359,0.00382682,0.00476242,0.00311359,"ARIMA(1, 0, 0)",0.00311359,-0.00071323,0.00787602,0.0,2024-W38
adj_close.csv,ARIMA,ITOT,0.00135714,0.00201807,0.00109552,0.00135714,0.00201807,0.00109552,"ARIMA(1, 0, 0)",0.00109552,-0.00026162,0.00311359,0.0,2024-W39
adj_close.csv,ARIMA,ITOT,0.00056986,0.00061671,0.00047881,0.00056986,0.00061671,0.00047881,"ARIMA(1, 0, 0)",0.00047881,-9.105e-05,0.00109552,0.0,2024-W40
adj_close.csv,ARIMA,ITOT,0.00236948,0.00185094,0.00232975,0.00236948,0.00185094,0.00232975,"ARIMA(1, 0, 0)",0.00232975,-3.973e-05,0.00047881,0.0,2024-W41
adj_close.csv,ARIMA,ITOT,0.0021215,0.00040099,0.00192875,0.0021215,0.00040099,0.00192875,"ARIMA(1, 0, 0)",0.00192875,-0.00019274,0.00232975,0.0,2024-W42
adj_close.csv,ARIMA,ITOT,0.00208662,0.00417288,0.00224413,0.00208662,0.00417288,0.00224413,"ARIMA(1, 0, 0)",-0.00224413,-0.00015751,0.00192875,0.0,2024-W43
adj_close.csv,ARIMA,ITOT,0.00253463,0.00010529,0.00234942,0.00253463,0.00010529,0.00234942,"ARIMA(1, 0, 0)",-0.00234942,0.00018521,-0.00224413,0.0,2024-W44
adj_close.csv,ARIMA,ITOT,0.00986715,0.01240759,0.01005817,0.00986715,0.01240759,0.01005817,"ARIMA(1, 0, 0)",0.01005817,0.00019102,-0.00234942,0.0,2024-W45
adj_close.csv,ARIMA,ITOT,0.00352273,0.01444888,0.00439071,0.00352273,0.01444888,0.00439071,"ARIMA(1, 0, 0)",-0.00439071,-0.00086798,0.01005817,0.0,2024-W46
adj_close.csv,ARIMA,ITOT,0.00388789,0.00869029,0.00429958,0.00388789,0.00869029,0.00429958,"ARIMA(1, 0, 0)",0.00429958,0.00041168,-0.00439071,0.0,2024-W47
adj_close.csv,ARIMA,ITOT,0.00315701,0.00156111,0.00273847,0.00315701,0.00156111,0.00273847,"ARIMA(1, 0, 0)",0.00273847,-0.00041854,0.00429958,0.0,2024-W48
adj_close.csv,ARIMA,ITOT,0.00202409,0.00097319,0.00176528,0.00202409,0.00097319,0.00176528,"ARIMA(1, 0, 0)",0.00176528,-0.0002588,0.00273847,0.0,2024-W49
adj_close.csv,ARIMA,ITOT,0.00161554,0.00354561,0.00178033,0.00161554,0.00354561,0.00178033,"ARIMA(1, 0, 0)",-0.00178033,-0.00016479,0.00176528,0.0,2024-W50
adj_close.csv,ARIMA,ITOT,0.00448748,0.0025399,0.00432022,0.00448748,0.0025399,0.00432022,"ARIMA(1, 0, 0)",-0.00432022,0.00016725,-0.00178033,0.0,2024-W51
adj_close.csv,ARIMA,ITOT,0.00096522,0.00568411,0.00136389,0.00096522,0.00568411,0.00136389,"ARIMA(1, 0, 0)",0.00136389,0.00039867,-0.00432022,0.0,2024-W52
adj_close.csv,ARIMA,ITOT,0.00073651,0.00222744,0.00086355,0.00073651,0.00222744,0.00086355,"ARIMA(1, 0, 0)",-0.00086355,-0.00012704,0.00136389,0.0,2025-W01
adj_close.csv,ARIMA,ITOT,0.00507048,0.00412632,0.00498986,0.00507048,0.00412632,0.00498986,"ARIMA(1, 0, 0)",-0.00498986,8.062e-05,-0.00086355,0.0,2025-W02
adj_close.csv,ARIMA,ITOT,0.00570255,0.0111537,0.00616384,0.00570255,0.0111537,0.00616384,"ARIMA(1, 0, 0)",0.00616384,0.00046129,-0.00498986,0.0,2025-W03
adj_close.csv,ARIMA,ITOT,0.00496052,0.00180934,0.0043545,0.00496052,0.00180934,0.0043545,"ARIMA(1, 0, 0)",0.0043545,-0.00060603,0.00616384,0.0,2025-W04
adj_close.csv,ARIMA,ITOT,0.00153705,0.0062924,0.0019379,0.00153705,0.0062924,0.0019379,"ARIMA(1, 0, 0)",-0.0019379,-0.00040086,0.0043545,0.0,2025-W05
adj_close.csv,ARIMA,ITOT,0.00054366,0.00157528,0.00036262,0.00054366,0.00157528,0.00036262,"ARIMA(1, 0, 0)",-0.00036262,0.00018104,-0.0019379,0.0,2025-W06
adj_close.csv,ARIMA,ITOT,0.00259533,0.00299175,0.00262913,0.00259533,0.00299175,0.00262913,"ARIMA(1, 0, 0)",0.00262913,3.38e-05,-0.00036262,0.0,2025-W07
adj_close.csv,ARIMA,ITOT,0.00472899,0.00760368,0.00497455,0.00472899,0.00760368,0.00497455,"ARIMA(1, 0, 0)",-0.00497455,-0.00024556,0.00262913,0.0,2025-W08
adj_close.csv,ARIMA,ITOT,0.00246633,0.00298543,0.00198912,0.00246633,0.00298543,0.00198912,"ARIMA(1, 0, 0)",-0.00198912,0.00047721,-0.00497455,0.0,2025-W09
adj_close.csv,ARIMA,ITOT,0.00692589,0.00475089,0.00674002,0.00692589,0.00475089,0.00674002,"ARIMA(1, 0, 0)",-0.00674002,0.00018587,-0.00198912,0.0,2025-W10
adj_close.csv,ARIMA,ITOT,0.005196,0.00215505,0.00458497,0.005196,0.00215505,0.00458497,"ARIMA(1, 0, 0)",-0.00458497,0.00061103,-0.00674002,0.0,2025-W11
adj_close.csv,ARIMA,ITOT,0.00094216,0.00591058,0.00132561,0.00094216,0.00591058,0.00132561,"ARIMA(1, 0, 0)",0.00132561,0.00038345,-0.00458497,0.0,2025-W12
adj_close.csv,ARIMA,ITOT,0.00310766,0.00454528,0.00321967,0.00310766,0.00454528,0.00321967,"ARIMA(1, 0, 0)",-0.00321967,-0.00011201,0.00132561,0.0,2025-W13
adj_close.csv,ARIMA,ITOT,0.01956257,0.01606821,0.01928788,0.01956257,0.01606821,0.01928788,"ARIMA(1, 0, 0)",-0.01928788,0.00027469,-0.00321967,0.0,2025-W14
adj_close.csv,ARIMA,ITOT,0.00878344,0.02947486,0.01018698,0.00878344,0.02947486,0.01018698,"ARIMA(1, 0, 0)",0.01018698,0.00140353,-0.01928788,0.0,2025-W15
adj_close.csv,ARIMA,ITOT,0.00149494,0.01274334,0.00255636,0.00149494,0.01274334,0.00255636,"ARIMA(1, 0, 0)",-0.00255636,-0.00106142,0.01018698,0.0,2025-W16
adj_close.csv,ARIMA,ITOT,0.00878573,0.01161554,0.00905917,0.00878573,0.01161554,0.00905917,"ARIMA(1, 0, 0)",0.00905917,0.00027344,-0.00255636,0.0,2025-W17
adj_close.csv,ARIMA,ITOT,0.00684681,0.00321837,0.0058408,0.00684681,0.00321837,0.0058408,"ARIMA(1, 0, 0)",0.0058408,-0.001006,0.00905917,0.0,2025-W18
adj_close.csv,ARIMA,ITOT,1.699e-05,0.00640753,0.00056673,1.699e-05,0.00640753,0.00056673,"ARIMA(1, 0, 0)",-0.00056673,-0.00058372,0.0058408,0.0,2025-W19
adj_close.csv,ARIMA,ITOT,0.01039978,0.01102314,0.01045641,0.01039978,0.01102314,0.01045641,"ARIMA(1, 0, 0)",0.01045641,5.663e-05,-0.00056673,0.0,2025-W20
adj_close.csv,ARIMA,ITOT,0.00430949,0.01582168,0.00536527,0.00430949,0.01582168,0.00536527,"ARIMA(1, 0, 0)",-0.00536527,-0.00105579,0.01045641,0.0,2025-W21
adj_close.csv,ARIMA,ITOT,0.00368698,0.0096362,0.00427092,0.00368698,0.0096362,0.00427092,"ARIMA(1, 0, 0)",0.00427092,0.00058395,-0.00536527,0.0,2025-W22
adj_close.csv,ARIMA,ITOT,0.00411374,0.0006367,0.00363422,0.00411374,0.0006367,0.00363422,"ARIMA(1, 0, 0)",0.00363422,-0.00047952,0.00427092,0.0,2025-W23
adj_close.csv,ARIMA,ITOT,0.00073546,0.00476666,0.00113244,0.00073546,0.00476666,0.00113244,"ARIMA(1, 0, 0)",-0.00113244,-0.00039697,0.00363422,0.0,2025-W24
adj_close.csv,ARIMA,ITOT,0.0003244,0.00093225,0.00020018,0.0003244,0.00093225,0.00020018,"ARIMA(1, 0, 0)",-0.00020018,0.00012422,-0.00113244,0.0,2025-W25
adj_close.csv,ARIMA,ITOT,0.00680764,0.00702977,0.00682958,0.00680764,0.00702977,0.00682958,"ARIMA(1, 0, 0)",0.00682958,2.195e-05,-0.00020018,0.0,2025-W26
adj_close.csv,ARIMA,ITOT,0.00532343,0.0022565,0.00457309,0.00532343,0.0022565,0.00457309,"ARIMA(1, 0, 0)",0.00457309,-0.00075034,0.00682958,0.0,2025-W27
adj_close.csv,ARIMA,ITOT,0.00015564,0.00520266,0.00062958,0.00015564,0.00520266,0.00062958,"ARIMA(1, 0, 0)",-0.00062958,-0.00047393,0.00457309,0.0,2025-W28
adj_close.csv,ARIMA,ITOT,0.00138117,0.00207607,0.00144649,0.00138117,0.00207607,0.00144649,"ARIMA(1, 0, 0)",0.00144649,6.532e-05,-0.00062958,0.0,2025-W29
adj_close.csv,ARIMA,ITOT,0.00295485,0.00135806,0.00280455,0.00295485,0.00135806,0.00280455,"ARIMA(1, 0, 0)",0.00280455,-0.0001503,0.00144649,0.0,2025-W30
adj_close.csv,ARIMA,ITOT,0.00482869,0.00792261,0.00511806,0.00482869,0.00792261,0.00511806,"ARIMA(1, 0, 0)",-0.00511806,-0.00028936,0.00280455,0.0,2025-W31
adj_close.csv,ARIMA,ITOT,0.00414704,0.00980497,0.00468692,0.00414704,0.00980497,0.00468692,"ARIMA(1, 0, 0)",0.00468692,0.00053988,-0.00511806,0.0,2025-W32
adj_close.csv,ARIMA,ITOT,0.00272882,0.00246937,0.00221754,0.00272882,0.00246937,0.00221754,"ARIMA(1, 0, 0)",0.00221754,-0.00051128,0.00468692,0.0,2025-W33
adj_close.csv,ARIMA,ITOT,0.00124473,0.00120993,0.00100762,0.00124473,0.00120993,0.00100762,"ARIMA(1, 0, 0)",0.00100762,-0.00023711,0.00221754,0.0,2025-W34
adj_close.csv,ARIMA,ITOT,0.00014975,0.00096513,4.249e-05,0.00014975,0.00096513,4.249e-05,"ARIMA(1, 0, 0)",4.249e-05,-0.00010727,0.00100762,0.0,2025-W35
adj_close.csv,ARIMA,ITOT,0.00104612,0.00099911,0.00104159,0.00104612,0.00099911,0.00104159,"ARIMA(1, 0, 0)",0.00104159,-4.52e-06,4.249e-05,0.0,2025-W36
adj_close.csv,ARIMA,ITOT,0.00300736,0.00185491,0.00289651,0.00300736,0.00185491,0.00289651,"ARIMA(1, 0, 0)",0.00289651,-0.00011085,0.00104159,0.0,2025-W37
adj_close.csv,ARIMA,ITOT,0.00285655,0.00034668,0.00254982,0.00285655,0.00034668,0.00254982,"ARIMA(1, 0, 0)",0.00254982,-0.00030673,0.00289651,0.0,2025-W38
adj_close.csv,ARIMA,ITOT,0.00050532,0.0033216,0.00077178,0.00050532,0.0033216,0.00077178,"ARIMA(1, 0, 0)",-0.00077178,-0.00026646,0.00254982,0.0,2025-W39
adj_close.csv,ARIMA,ITOT,0.00218469,0.00303729,0.00226551,0.00218469,0.00303729,0.00226551,"ARIMA(1, 0, 0)",0.00226551,8.082e-05,-0.00077178,0.0,2025-W40
adj_close.csv,ARIMA,ITOT,0.00487856,0.00738195,0.00511644,0.00487856,0.00738195,0.00511644,"ARIMA(1, 0, 0)",-0.00511644,-0.00023788,0.00226551,0.0,2025-W41
adj_close.csv,ARIMA,ITOT,0.00295212,0.00861532,0.00349887,0.00295212,0.00861532,0.00349887,"ARIMA(1, 0, 0)",0.00349887,0.00054675,-0.00511644,0.0,2025-W42
adj_close.csv,ARIMA,ITOT,0.00424043,0.00035881,0.00385768,0.00424043,0.00035881,0.00385768,"ARIMA(1, 0, 0)",0.00385768,-0.00038275,0.00349887,0.0,2025-W43
adj_close.csv,ARIMA,ITOT,0.00151645,0.00275367,0.00110402,0.00151645,0.00275367,0.00110402,"ARIMA(1, 0, 0)",0.00110402,-0.00041243,0.00385768,0.0,2025-W44
adj_close.csv,ARIMA,ITOT,0.00319988,0.00442085,0.00331684,0.00319988,0.00442085,0.00331684,"ARIMA(1, 0, 0)",-0.00331684,-0.00011695,0.00110402,0.0,2025-W45
adj_close.csv,ARIMA,ITOT,0.00057185,0.00309831,0.00021853,0.00057185,0.00309831,0.00021853,"ARIMA(1, 0, 0)",-0.00021853,0.00035333,-0.00331684,0.0,2025-W46
adj_close.csv,ARIMA,ITOT,0.00388673,0.003645,0.00386352,0.00388673,0.003645,0.00386352,"ARIMA(1, 0, 0)",-0.00386352,2.321e-05,-0.00021853,0.0,2025-W47
adj_close.csv,ARIMA,ITOT,0.0091407,0.01341402,0.00955049,0.0091407,0.01341402,0.00955049,"ARIMA(1, 0, 0)",0.00955049,0.0004098,-0.00386352,0.0,2025-W48
adj_close.csv,ARIMA,ITOT,0.00193877,0.00868072,0.00086977,0.00193877,0.00868072,0.00086977,"ARIMA(1, 0, 0)",0.00086977,-0.001069,0.00955049,0.0,2025-W49
adj_close.csv,ARIMA,ITOT,0.00086893,0.00183343,0.00096366,0.00086893,0.00183343,0.00096366,"ARIMA(1, 0, 0)",-0.00096366,-9.472e-05,0.00086977,0.0,2025-W50
adj_close.csv,ARIMA,ITOT,2.69e-05,0.00109562,0.00013196,2.69e-05,0.00109562,0.00013196,"ARIMA(1, 0, 0)",0.00013196,0.00010506,-0.00096366,0.0,2025-W51
adj_close.csv,ARIMA,ITOT,0.00327195,0.0031256,0.00325756,0.00327195,0.0031256,0.00325756,"ARIMA(1, 0, 0)",0.00325756,-1.439e-05,0.00013196,0.0,2025-W52
adj_close.csv,ARIMA,ITOT,0.00209679,0.0057093,0.00245174,0.00209679,0.0057093,0.00245174,"ARIMA(1, 0, 0)",-0.00245174,-0.00035494,0.00325756,0.0,2026-W01
adj_close.csv,ARIMA,ITOT,0.00327851,0.00600012,0.00354838,0.00327851,0.00600012,0.00354838,"ARIMA(1, 0, 0)",0.00354838,0.00026988,-0.00245174,0.0,2026-W02
adj_close.csv,ARIMA,ITOT,3.926e-05,0.00390436,0.00035598,3.926e-05,0.00390436,0.00035598,"ARIMA(1, 0, 0)",-0.00035598,-0.00039524,0.00354838,0.0,2026-W03
adj_close.csv,ARIMA,ITOT,0.0010313,0.00063567,0.00099166,0.0010313,0.00063567,0.00099166,"ARIMA(1, 0, 0)",-0.00099166,3.964e-05,-0.00035598,0.0,2026-W04
adj_close.csv,ARIMA,ITOT,8.389e-05,0.00101814,2.648e-05,8.389e-05,0.00101814,2.648e-05,"ARIMA(1, 0, 0)",2.648e-05,0.00011037,-0.00099166,0.0,2026-W05
adj_close.csv,ARIMA,ITOT,0.00541948,0.00539005,0.00541654,0.00541948,0.00539005,0.00541654,"ARIMA(1, 0, 0)",0.00541654,-2.95e-06,2.648e-05,0.0,2026-W06
adj_close.csv,ARIMA,IVV,0.00198778,0.00229769,0.00167008,0.00198778,0.00229769,0.00167008,"ARIMA(1, 0, 0)",-0.00167008,0.0003177,-0.00396777,0.0,2024-W30
adj_close.csv,ARIMA,IVV,0.00442182,0.00262123,0.00429131,0.00442182,0.00262123,0.00429131,"ARIMA(1, 0, 0)",-0.00429131,0.00013052,-0.00167008,0.0,2024-W31
adj_close.csv,ARIMA,IVV,0.00029783,0.00432113,2.982e-05,0.00029783,0.00432113,2.982e-05,"ARIMA(1, 0, 0)",2.982e-05,0.00032766,-0.00429131,0.0,2024-W32
adj_close.csv,ARIMA,IVV,0.00789885,0.00786676,0.00789659,0.00789885,0.00786676,0.00789659,"ARIMA(1, 0, 0)",0.00789659,-2.27e-06,2.982e-05,0.0,2024-W33
adj_close.csv,ARIMA,IVV,0.00337919,0.00511743,0.00277915,0.00337919,0.00511743,0.00277915,"ARIMA(1, 0, 0)",0.00277915,-0.00060003,0.00789659,0.0,2024-W34
adj_close.csv,ARIMA,IVV,0.00073058,0.00224206,0.0005371,0.00073058,0.00224206,0.0005371,"ARIMA(1, 0, 0)",0.0005371,-0.00019348,0.00277915,0.0,2024-W35
adj_close.csv,ARIMA,IVV,0.01049483,0.01106906,0.01053197,0.01049483,0.01106906,0.01053197,"ARIMA(1, 0, 0)",-0.01053197,-3.713e-05,0.0005371,0.0,2024-W36
adj_close.csv,ARIMA,IVV,0.00708249,0.01835673,0.00782476,0.00708249,0.01835673,0.00782476,"ARIMA(1, 0, 0)",0.00782476,0.00074227,-0.01053197,0.0,2024-W37
adj_close.csv,ARIMA,IVV,0.00347772,0.00503396,0.0027908,0.00347772,0.00503396,0.0027908,"ARIMA(1, 0, 0)",0.0027908,-0.00068691,0.00782476,0.0,2024-W38
adj_close.csv,ARIMA,IVV,0.00138148,0.00163695,0.00115386,0.00138148,0.00163695,0.00115386,"ARIMA(1, 0, 0)",0.00115386,-0.00022762,0.0027908,0.0,2024-W39
adj_close.csv,ARIMA,IVV,0.00065667,0.00059028,0.00056358,0.00065667,0.00059028,0.00056358,"ARIMA(1, 0, 0)",0.00056358,-9.309e-05,0.00115386,0.0,2024-W40
adj_close.csv,ARIMA,IVV,0.00234583,0.00173687,0.00230045,0.00234583,0.00173687,0.00230045,"ARIMA(1, 0, 0)",0.00230045,-4.537e-05,0.00056358,0.0,2024-W41
adj_close.csv,ARIMA,IVV,0.00193183,0.00055313,0.00174732,0.00193183,0.00055313,0.00174732,"ARIMA(1, 0, 0)",0.00174732,-0.00018451,0.00230045,0.0,2024-W42
adj_close.csv,ARIMA,IVV,0.00176354,0.00364923,0.00190191,0.00176354,0.00364923,0.00190191,"ARIMA(1, 0, 0)",-0.00190191,-0.00013837,0.00174732,0.0,2024-W43
adj_close.csv,ARIMA,IVV,0.00298339,0.00092953,0.00283144,0.00298339,0.00092953,0.00283144,"ARIMA(1, 0, 0)",-0.00283144,0.00015195,-0.00190191,0.0,2024-W44
adj_close.csv,ARIMA,IVV,0.00911141,0.01216541,0.00933397,0.00911141,0.01216541,0.00933397,"ARIMA(1, 0, 0)",0.00933397,0.00022256,-0.00283144,0.0,2024-W45
adj_close.csv,ARIMA,IVV,0.0034041,0.01352647,0.0041925,0.0034041,0.01352647,0.0041925,"ARIMA(1, 0, 0)",-0.0041925,-0.0007884,0.00933397,0.0,2024-W46
adj_close.csv,ARIMA,IVV,0.00291504,0.00749135,0.00329885,0.00291504,0.00749135,0.00329885,"ARIMA(1, 0, 0)",0.00329885,0.00038381,-0.0041925,0.0,2024-W47
adj_close.csv,ARIMA,IVV,0.00306122,0.00054857,0.00275027,0.00306122,0.00054857,0.00275027,"ARIMA(1, 0, 0)",0.00275027,-0.00031095,0.00329885,0.0,2024-W48
adj_close.csv,ARIMA,IVV,0.00214802,0.00085535,0.00189493,0.00214802,0.00085535,0.00189493,"ARIMA(1, 0, 0)",0.00189493,-0.00025309,0.00275027,0.0,2024-W49
adj_close.csv,ARIMA,IVV,0.00100703,0.00307386,0.00117893,0.00100703,0.00307386,0.00117893,"ARIMA(1, 0, 0)",-0.00117893,-0.0001719,0.00189493,0.0,2024-W50
adj_close.csv,ARIMA,IVV,0.00404101,0.00275464,0.00393357,0.00404101,0.00275464,0.00393357,"ARIMA(1, 0, 0)",-0.00393357,0.00010745,-0.00117893,0.0,2024-W51
adj_close.csv,ARIMA,IVV,0.00140908,0.005697,0.00176344,0.00140908,0.005697,0.00176344,"ARIMA(1, 0, 0)",0.00176344,0.00035436,-0.00393357,0.0,2024-W52
adj_close.csv,ARIMA,IVV,0.00106369,0.00298814,0.0012247,0.00106369,0.00298814,0.0012247,"ARIMA(1, 0, 0)",-0.0012247,-0.00016101,0.00176344,0.0,2025-W01
adj_close.csv,ARIMA,IVV,0.00490045,0.00356342,0.00478812,0.00490045,0.00356342,0.00478812,"ARIMA(1, 0, 0)",-0.00478812,0.00011233,-0.0012247,0.0,2025-W02
adj_close.csv,ARIMA,IVV,0.0052891,0.01051007,0.00572194,0.0052891,0.01051007,0.00572194,"ARIMA(1, 0, 0)",0.00572194,0.00043284,-0.00478812,0.0,2025-W03
adj_close.csv,ARIMA,IVV,0.00493749,0.00133341,0.00438853,0.00493749,0.00133341,0.00438853,"ARIMA(1, 0, 0)",0.00438853,-0.00054896,0.00572194,0.0,2025-W04
adj_close.csv,ARIMA,IVV,0.00165604,0.00643867,0.00205014,0.00165604,0.00643867,0.00205014,"ARIMA(1, 0, 0)",-0.00205014,-0.0003941,0.00438853,0.0,2025-W05
adj_close.csv,ARIMA,IVV,0.00047198,0.0017655,0.00028465,0.00047198,0.0017655,0.00028465,"ARIMA(1, 0, 0)",-0.00028465,0.00018733,-0.00205014,0.0,2025-W06
adj_close.csv,ARIMA,IVV,0.00289399,0.00320459,0.00291994,0.00289399,0.00320459,0.00291994,"ARIMA(1, 0, 0)",0.00291994,2.595e-05,-0.00028465,0.0,2025-W07
adj_close.csv,ARIMA,IVV,0.00376857,0.00695522,0.00403528,0.00376857,0.00695522,0.00403528,"ARIMA(1, 0, 0)",-0.00403528,-0.00026672,0.00291994,0.0,2025-W08
adj_close.csv,ARIMA,IVV,0.00232167,0.0020918,0.00194349,0.00232167,0.0020918,0.00194349,"ARIMA(1, 0, 0)",-0.00194349,0.00037818,-0.00403528,0.0,2025-W09
adj_close.csv,ARIMA,IVV,0.00648388,0.00436217,0.00630565,0.00648388,0.00436217,0.00630565,"ARIMA(1, 0, 0)",-0.00630565,0.00017823,-0.00194349,0.0,2025-W10
adj_close.csv,ARIMA,IVV,0.00508908,0.00177776,0.00452789,0.00508908,0.00177776,0.00452789,"ARIMA(1, 0, 0)",-0.00452789,0.00056119,-0.00630565,0.0,2025-W11
adj_close.csv,ARIMA,IVV,0.00060903,0.00550895,0.00098106,0.00060903,0.00550895,0.00098106,"ARIMA(1, 0, 0)",0.00098106,0.00037203,-0.00452789,0.0,2025-W12
adj_close.csv,ARIMA,IVV,0.00292768,0.00398992,0.00300886,0.00292768,0.00398992,0.00300886,"ARIMA(1, 0, 0)",-0.00300886,-8.118e-05,0.00098106,0.0,2025-W13
adj_close.csv,ARIMA,IVV,0.01922294,0.01596327,0.01897213,0.01922294,0.01596327,0.01897213,"ARIMA(1, 0, 0)",-0.01897213,0.00025081,-0.00300886,0.0,2025-W14
adj_close.csv,ARIMA,IVV,0.00990019,0.03022161,0.01124948,0.00990019,0.03022161,0.01124948,"ARIMA(1, 0, 0)",0.01124948,0.00134929,-0.01897213,0.0,2025-W15
adj_close.csv,ARIMA,IVV,0.00268363,0.01514858,0.00389911,0.00268363,0.01514858,0.00389911,"ARIMA(1, 0, 0)",-0.00389911,-0.00121548,0.01124948,0.0,2025-W16
adj_close.csv,ARIMA,IVV,0.00862356,0.01296654,0.00906744,0.00862356,0.01296654,0.00906744,"ARIMA(1, 0, 0)",0.00906744,0.00044387,-0.00389911,0.0,2025-W17
adj_close.csv,ARIMA,IVV,0.00684581,0.00331217,0.00575526,0.00684581,0.00331217,0.00575526,"ARIMA(1, 0, 0)",0.00575526,-0.00109055,0.00906744,0.0,2025-W18
adj_close.csv,ARIMA,IVV,0.00023759,0.00661777,0.00086251,0.00023759,0.00661777,0.00086251,"ARIMA(1, 0, 0)",-0.00086251,-0.00062491,0.00575526,0.0,2025-W19
adj_close.csv,ARIMA,IVV,0.01026988,0.01122626,0.01036376,0.01026988,0.01122626,0.01036376,"ARIMA(1, 0, 0)",0.01036376,9.387e-05,-0.00086251,0.0,2025-W20
adj_close.csv,ARIMA,IVV,0.00395761,0.0154665,0.00510275,0.00395761,0.0154665,0.00510275,"ARIMA(1, 0, 0)",-0.00510275,-0.00114514,0.01036376,0.0,2025-W21
adj_close.csv,ARIMA,IVV,0.00372017,0.00942514,0.00432239,0.00372017,0.00942514,0.00432239,"ARIMA(1, 0, 0)",0.00432239,0.00060222,-0.00510275,0.0,2025-W22
adj_close.csv,ARIMA,IVV,0.00382462,0.00102287,0.00329952,0.00382462,0.00102287,0.00329952,"ARIMA(1, 0, 0)",0.00329952,-0.0005251,0.00432239,0.0,2025-W23
adj_close.csv,ARIMA,IVV,0.00034467,0.0040351,0.00073558,0.00034467,0.0040351,0.00073558,"ARIMA(1, 0, 0)",-0.00073558,-0.00039091,0.00329952,0.0,2025-W24
adj_close.csv,ARIMA,IVV,0.00061594,0.00020694,0.00052864,0.00061594,0.00020694,0.00052864,"ARIMA(1, 0, 0)",-0.00052864,8.73e-05,-0.00073558,0.0,2025-W25
adj_close.csv,ARIMA,IVV,0.00679068,0.00738201,0.00685338,0.00679068,0.00738201,0.00685338,"ARIMA(1, 0, 0)",0.00685338,6.27e-05,-0.00052864,0.0,2025-W26
adj_close.csv,ARIMA,IVV,0.00511638,0.00255427,0.0042991,0.00511638,0.00255427,0.0042991,"ARIMA(1, 0, 0)",0.0042991,-0.00081728,0.00685338,0.0,2025-W27
adj_close.csv,ARIMA,IVV,6.602e-05,0.00485066,0.00055156,6.602e-05,0.00485066,0.00055156,"ARIMA(1, 0, 0)",-0.00055156,-0.00048554,0.0042991,0.0,2025-W28
adj_close.csv,ARIMA,IVV,0.00128364,0.00189752,0.00134596,0.00128364,0.00189752,0.00134596,"ARIMA(1, 0, 0)",0.00134596,6.232e-05,-0.00055156,0.0,2025-W29
adj_close.csv,ARIMA,IVV,0.00310808,0.00160986,0.00295583,0.00310808,0.00160986,0.00295583,"ARIMA(1, 0, 0)",0.00295583,-0.00015225,0.00134596,0.0,2025-W30
adj_close.csv,ARIMA,IVV,0.00454193,0.0078299,0.00487407,0.00454193,0.0078299,0.00487407,"ARIMA(1, 0, 0)",-0.00487407,-0.00033214,0.00295583,0.0,2025-W31
adj_close.csv,ARIMA,IVV,0.00437403,0.0098075,0.00493344,0.00437403,0.0098075,0.00493344,"ARIMA(1, 0, 0)",0.00493344,0.0005594,-0.00487407,0.0,2025-W32
adj_close.csv,ARIMA,IVV,0.00258045,0.00293796,0.00199547,0.00258045,0.00293796,0.00199547,"ARIMA(1, 0, 0)",0.00199547,-0.00058497,0.00493344,0.0,2025-W33
adj_close.csv,ARIMA,IVV,0.00079727,0.0014303,0.00056517,0.00079727,0.0014303,0.00056517,"ARIMA(1, 0, 0)",0.00056517,-0.0002321,0.00199547,0.0,2025-W34
adj_close.csv,ARIMA,IVV,1.005e-05,0.0006207,5.552e-05,1.005e-05,0.0006207,5.552e-05,"ARIMA(1, 0, 0)",-5.552e-05,-6.558e-05,0.00056517,0.0,2025-W35
adj_close.csv,ARIMA,IVV,0.00082126,0.00088322,0.0008277,0.00082126,0.00088322,0.0008277,"ARIMA(1, 0, 0)",0.0008277,6.44e-06,-5.552e-05,0.0,2025-W36
adj_close.csv,ARIMA,IVV,0.00322302,0.00229928,0.00312698,0.00322302,0.00229928,0.00312698,"ARIMA(1, 0, 0)",0.00312698,-9.604e-05,0.0008277,0.0,2025-W37
adj_close.csv,ARIMA,IVV,0.00281604,0.00067231,0.00245467,0.00281604,0.00067231,0.00245467,"ARIMA(1, 0, 0)",0.00245467,-0.00036137,0.00312698,0.0,2025-W38
adj_close.csv,ARIMA,IVV,0.00031486,0.00304938,0.0005947,0.00031486,0.00304938,0.0005947,"ARIMA(1, 0, 0)",-0.0005947,-0.00027985,0.00245467,0.0,2025-W39
adj_close.csv,ARIMA,IVV,0.00218442,0.00284701,0.0022523,0.00218442,0.00284701,0.0022523,"ARIMA(1, 0, 0)",0.0022523,6.788e-05,-0.0005947,0.0,2025-W40
adj_close.csv,ARIMA,IVV,0.00462589,0.00713579,0.00488349,0.00462589,0.00713579,0.00488349,"ARIMA(1, 0, 0)",-0.00488349,-0.0002576,0.0022523,0.0,2025-W41
adj_close.csv,ARIMA,IVV,0.00290413,0.00835515,0.00347166,0.00290413,0.00835515,0.00347166,"ARIMA(1, 0, 0)",0.00347166,0.00056752,-0.00488349,0.0,2025-W42
adj_close.csv,ARIMA,IVV,0.00421878,0.000335,0.00380666,0.00421878,0.000335,0.00380666,"ARIMA(1, 0, 0)",0.00380666,-0.00041212,0.00347166,0.0,2025-W43
adj_close.csv,ARIMA,IVV,0.00182154,0.00242722,0.00137944,0.00182154,0.00242722,0.00137944,"ARIMA(1, 0, 0)",0.00137944,-0.00044209,0.00380666,0.0,2025-W44
adj_close.csv,ARIMA,IVV,0.00304547,0.00458344,0.003204,0.00304547,0.00458344,0.003204,"ARIMA(1, 0, 0)",-0.003204,-0.00015853,0.00137944,0.0,2025-W45
adj_close.csv,ARIMA,IVV,8.309e-05,0.00349148,0.00028747,8.309e-05,0.00349148,0.00028747,"ARIMA(1, 0, 0)",0.00028747,0.00037057,-0.003204,0.0,2025-W46
adj_close.csv,ARIMA,IVV,0.00386344,0.00418415,0.00389668,0.00386344,0.00418415,0.00389668,"ARIMA(1, 0, 0)",-0.00389668,-3.324e-05,0.00028747,0.0,2025-W47
adj_close.csv,ARIMA,IVV,0.00866653,0.01301447,0.00911779,0.00866653,0.01301447,0.00911779,"ARIMA(1, 0, 0)",0.00911779,0.00045126,-0.00389668,0.0,2025-W48
adj_close.csv,ARIMA,IVV,0.00175782,0.00846953,0.00064825,0.00175782,0.00846953,0.00064825,"ARIMA(1, 0, 0)",0.00064825,-0.00110957,0.00911779,0.0,2025-W49
adj_close.csv,ARIMA,IVV,0.00106968,0.00179504,0.00114678,0.00106968,0.00179504,0.00114678,"ARIMA(1, 0, 0)",-0.00114678,-7.71e-05,0.00064825,0.0,2025-W50
adj_close.csv,ARIMA,IVV,7.942e-05,0.00136274,0.00021595,7.942e-05,0.00136274,0.00021595,"ARIMA(1, 0, 0)",0.00021595,0.00013653,-0.00114678,0.0,2025-W51
adj_close.csv,ARIMA,IVV,0.0035776,0.00333593,0.00355189,0.0035776,0.00333593,0.00355189,"ARIMA(1, 0, 0)",0.00355189,-2.571e-05,0.00021595,0.0,2025-W52
adj_close.csv,ARIMA,IVV,0.00214379,0.00611814,0.00256625,0.00214379,0.00611814,0.00256625,"ARIMA(1, 0, 0)",-0.00256625,-0.00042246,0.00355189,0.0,2026-W01
adj_close.csv,ARIMA,IVV,0.00284055,0.00571538,0.00314913,0.00284055,0.00571538,0.00314913,"ARIMA(1, 0, 0)",0.00314913,0.00030858,-0.00256625,0.0,2026-W02
adj_close.csv,ARIMA,IVV,0.00031295,0.00384467,0.00069555,0.00031295,0.00384467,0.00069555,"ARIMA(1, 0, 0)",-0.00069555,-0.0003826,0.00314913,0.0,2026-W03
adj_close.csv,ARIMA,IVV,0.00095707,0.0001769,0.00087244,0.00095707,0.0001769,0.00087244,"ARIMA(1, 0, 0)",-0.00087244,8.462e-05,-0.00069555,0.0,2026-W04
adj_close.csv,ARIMA,IVV,0.00069843,0.00167691,0.00080447,0.00069843,0.00167691,0.00080447,"ARIMA(1, 0, 0)",0.00080447,0.00010604,-0.00087244,0.0,2026-W05
adj_close.csv,ARIMA,IVV,0.00513522,0.00423289,0.00503736,0.00513522,0.00423289,0.00503736,"ARIMA(1, 0, 0)",0.00503736,-9.787e-05,0.00080447,0.0,2026-W06
adj_close.csv,ARIMA,IWD,0.00250466,0.00110441,0.00240981,0.00250466,0.00110441,0.00240981,"ARIMA(0, 0, 1)",0.00240981,-9.485e-05,0.00130539,0.0,2024-W30
adj_close.csv,ARIMA,IWD,0.00391988,0.00647234,0.00406253,0.00391988,0.00647234,0.00406253,"ARIMA(0, 0, 1)",-0.00406253,-0.00014265,0.00240981,0.0,2024-W31
adj_close.csv,ARIMA,IWD,0.00069596,0.00360226,0.00046027,0.00069596,0.00360226,0.00046027,"ARIMA(0, 0, 1)",-0.00046027,0.00023569,-0.00406253,0.0,2024-W32
adj_close.csv,ARIMA,IWD,0.00483287,0.00533436,0.00487409,0.00483287,0.00533436,0.00487409,"ARIMA(0, 0, 1)",0.00487409,4.122e-05,-0.00046027,0.0,2024-W33
adj_close.csv,ARIMA,IWD,0.00411666,0.00104997,0.00382412,0.00411666,0.00104997,0.00382412,"ARIMA(0, 0, 1)",0.00382412,-0.00029254,0.00487409,0.0,2024-W34
adj_close.csv,ARIMA,IWD,0.00285408,0.00119433,0.00262979,0.00285408,0.00119433,0.00262979,"ARIMA(0, 0, 1)",0.00262979,-0.00022429,0.00382412,0.0,2024-W35
adj_close.csv,ARIMA,IWD,0.00756581,0.01034097,0.00771117,0.00756581,0.01034097,0.00771117,"ARIMA(0, 0, 1)",-0.00771117,-0.00014536,0.00262979,0.0,2024-W36
adj_close.csv,ARIMA,IWD,0.00344219,0.01159437,0.0038832,0.00344219,0.01159437,0.0038832,"ARIMA(0, 0, 1)",0.0038832,0.00044101,-0.00771117,0.0,2024-W37
adj_close.csv,ARIMA,IWD,0.00284826,0.0012579,0.0026253,0.00284826,0.0012579,0.0026253,"ARIMA(0, 0, 1)",0.0026253,-0.00022296,0.0038832,0.0,2024-W38
adj_close.csv,ARIMA,IWD,0.00194927,0.00085526,0.00177004,0.00194927,0.00085526,0.00177004,"ARIMA(0, 0, 1)",0.00177004,-0.00017923,0.0026253,0.0,2024-W39
adj_close.csv,ARIMA,IWD,0.00046817,0.00142167,0.00034837,0.00046817,0.00142167,0.00034837,"ARIMA(0, 0, 1)",0.00034837,-0.0001198,0.00177004,0.0,2024-W40
adj_close.csv,ARIMA,IWD,0.00189733,0.00152031,0.00186868,0.00189733,0.00152031,0.00186868,"ARIMA(0, 0, 1)",0.00186868,-2.865e-05,0.00034837,0.0,2024-W41
adj_close.csv,ARIMA,IWD,0.00245294,0.00046871,0.00233739,0.00245294,0.00046871,0.00233739,"ARIMA(0, 0, 1)",0.00233739,-0.00011555,0.00186868,0.0,2024-W42
adj_close.csv,ARIMA,IWD,0.00442982,0.00691295,0.00457556,0.00442982,0.00691295,0.00457556,"ARIMA(0, 0, 1)",-0.00457556,-0.00014574,0.00233739,0.0,2024-W43
adj_close.csv,ARIMA,IWD,0.00189015,0.00296289,0.00161267,0.00189015,0.00296289,0.00161267,"ARIMA(0, 0, 1)",-0.00161267,0.00027748,-0.00457556,0.0,2024-W44
adj_close.csv,ARIMA,IWD,0.00782266,0.00954899,0.00793632,0.00782266,0.00954899,0.00793632,"ARIMA(0, 0, 1)",0.00793632,0.00011366,-0.00161267,0.0,2024-W45
adj_close.csv,ARIMA,IWD,0.00186202,0.01030504,0.00236873,0.00186202,0.01030504,0.00236873,"ARIMA(0, 0, 1)",-0.00236873,-0.00050671,0.00793632,0.0,2024-W46
adj_close.csv,ARIMA,IWD,0.00464425,0.00713915,0.00477043,0.00464425,0.00713915,0.00477043,"ARIMA(0, 0, 1)",0.00477043,0.00012618,-0.00236873,0.0,2024-W47
adj_close.csv,ARIMA,IWD,0.0029461,0.00215405,0.00261638,0.0029461,0.00215405,0.00261638,"ARIMA(0, 0, 1)",0.00261638,-0.00032972,0.00477043,0.0,2024-W48
adj_close.csv,ARIMA,IWD,0.0037163,0.00652847,0.00391209,0.0037163,0.00652847,0.00391209,"ARIMA(0, 0, 1)",-0.00391209,-0.00019579,0.00261638,0.0,2024-W49
adj_close.csv,ARIMA,IWD,0.00427031,9.887e-05,0.00401096,0.00427031,9.887e-05,0.00401096,"ARIMA(0, 0, 1)",-0.00401096,0.00025935,-0.00391209,0.0,2024-W50
adj_close.csv,ARIMA,IWD,0.00612839,0.00183687,0.00584783,0.00612839,0.00183687,0.00584783,"ARIMA(0, 0, 1)",-0.00584783,0.00028056,-0.00401096,0.0,2024-W51
adj_close.csv,ARIMA,IWD,0.00094645,0.00715141,0.00130358,0.00094645,0.00715141,0.00130358,"ARIMA(0, 0, 1)",0.00130358,0.00035713,-0.00584783,0.0,2024-W52
adj_close.csv,ARIMA,IWD,5.638e-05,0.00130358,0.0,5.638e-05,0.00130358,0.0,"ARIMA(0, 0, 1)",0.0,-5.638e-05,0.00130358,0.0,2025-W01
adj_close.csv,ARIMA,IWD,0.00396877,0.00397217,0.00397217,0.00396877,0.00397217,0.00397217,"ARIMA(0, 0, 1)",-0.00397217,-3.39e-06,0.0,0.0,2025-W02
adj_close.csv,ARIMA,IWD,0.00819933,0.01240961,0.00843744,0.00819933,0.01240961,0.00843744,"ARIMA(0, 0, 1)",0.00843744,0.00023811,-0.00397217,0.0,2025-W03
adj_close.csv,ARIMA,IWD,0.00355999,0.00543952,0.00299792,0.00355999,0.00543952,0.00299792,"ARIMA(0, 0, 1)",0.00299792,-0.00056206,0.00843744,0.0,2025-W04
adj_close.csv,ARIMA,IWD,4.46e-05,0.00325609,0.00025817,4.46e-05,0.00325609,0.00025817,"ARIMA(0, 0, 1)",-0.00025817,-0.00021358,0.00299792,0.0,2025-W05
adj_close.csv,ARIMA,IWD,0.00030263,4.173e-05,0.0002999,0.00030263,4.173e-05,0.0002999,"ARIMA(0, 0, 1)",-0.0002999,2.72e-06,-0.00025817,0.0,2025-W06
adj_close.csv,ARIMA,IWD,0.00125044,0.00156882,0.00126892,0.00125044,0.00156882,0.00126892,"ARIMA(0, 0, 1)",0.00126892,1.848e-05,-0.0002999,0.0,2025-W07
adj_close.csv,ARIMA,IWD,0.00230012,0.00364548,0.00237656,0.00230012,0.00364548,0.00237656,"ARIMA(0, 0, 1)",-0.00237656,-7.644e-05,0.00126892,0.0,2025-W08
adj_close.csv,ARIMA,IWD,0.00164579,0.00416467,0.00178811,0.00164579,0.00416467,0.00178811,"ARIMA(0, 0, 1)",0.00178811,0.00014232,-0.00237656,0.0,2025-W09
adj_close.csv,ARIMA,IWD,0.00479216,0.00668368,0.00489557,0.00479216,0.00668368,0.00489557,"ARIMA(0, 0, 1)",-0.00489557,-0.00010341,0.00178811,0.0,2025-W10
adj_close.csv,ARIMA,IWD,0.00407955,0.0011275,0.00376807,0.00407955,0.0011275,0.00376807,"ARIMA(0, 0, 1)",-0.00376807,0.00031148,-0.00489557,0.0,2025-W11
adj_close.csv,ARIMA,IWD,0.00170323,0.00571338,0.0019453,0.00170323,0.00571338,0.0019453,"ARIMA(0, 0, 1)",0.0019453,0.00024207,-0.00376807,0.0,2025-W12
adj_close.csv,ARIMA,IWD,0.00083831,0.00288796,0.00094266,0.00083831,0.00288796,0.00094266,"ARIMA(0, 0, 1)",-0.00094266,-0.00010435,0.0019453,0.0,2025-W13
adj_close.csv,ARIMA,IWD,0.01787329,0.0168788,0.01782146,0.01787329,0.0168788,0.01782146,"ARIMA(0, 0, 1)",-0.01782146,5.183e-05,-0.00094266,0.0,2025-W14
adj_close.csv,ARIMA,IWD,0.00559722,0.02443658,0.00661512,0.00559722,0.02443658,0.00661512,"ARIMA(0, 0, 1)",0.00661512,0.00101791,-0.01782146,0.0,2025-W15
adj_close.csv,ARIMA,IWD,0.00070478,0.00633136,0.00028376,0.00070478,0.00633136,0.00028376,"ARIMA(0, 0, 1)",0.00028376,-0.00042102,0.00661512,0.0,2025-W16
adj_close.csv,ARIMA,IWD,0.00466521,0.0043247,0.00460846,0.00466521,0.0043247,0.00460846,"ARIMA(0, 0, 1)",0.00460846,-5.675e-05,0.00028376,0.0,2025-W17
adj_close.csv,ARIMA,IWD,0.00527248,0.00028598,0.00489444,0.00527248,0.00028598,0.00489444,"ARIMA(0, 0, 1)",0.00489444,-0.00037804,0.00460846,0.0,2025-W18
adj_close.csv,ARIMA,IWD,0.00055284,0.00473223,0.00016221,0.00055284,0.00473223,0.00016221,"ARIMA(0, 0, 1)",0.00016221,-0.00039064,0.00489444,0.0,2025-W19
adj_close.csv,ARIMA,IWD,0.00646416,0.00626147,0.00642367,0.00646416,0.00626147,0.00642367,"ARIMA(0, 0, 1)",0.00642367,-4.049e-05,0.00016221,0.0,2025-W20
adj_close.csv,ARIMA,IWD,0.0046411,0.01153313,0.00510946,0.0046411,0.01153313,0.00510946,"ARIMA(0, 0, 1)",-0.00510946,-0.00046836,0.00642367,0.0,2025-W21
adj_close.csv,ARIMA,IWD,0.0027676,0.00824374,0.00313429,0.0027676,0.00824374,0.00313429,"ARIMA(0, 0, 1)",0.00313429,0.00036668,-0.00510946,0.0,2025-W22
adj_close.csv,ARIMA,IWD,0.00248445,0.00087793,0.00225635,0.00248445,0.00087793,0.00225635,"ARIMA(0, 0, 1)",0.00225635,-0.0002281,0.00313429,0.0,2025-W23
adj_close.csv,ARIMA,IWD,0.00077643,0.00323376,0.00097741,0.00077643,0.00323376,0.00097741,"ARIMA(0, 0, 1)",-0.00097741,-0.00020098,0.00225635,0.0,2025-W24
adj_close.csv,ARIMA,IWD,0.00050102,0.00154158,0.00056417,0.00050102,0.00154158,0.00056417,"ARIMA(0, 0, 1)",0.00056417,6.315e-05,-0.00097741,0.0,2025-W25
adj_close.csv,ARIMA,IWD,0.00416858,0.00356356,0.00412773,0.00416858,0.00356356,0.00412773,"ARIMA(0, 0, 1)",0.00412773,-4.085e-05,0.00056417,0.0,2025-W26
adj_close.csv,ARIMA,IWD,0.00550678,0.0010416,0.00516933,0.00550678,0.0010416,0.00516933,"ARIMA(0, 0, 1)",0.00516933,-0.00033745,0.00412773,0.0,2025-W27
adj_close.csv,ARIMA,IWD,0.00071309,0.00629707,0.00112774,0.00071309,0.00629707,0.00112774,"ARIMA(0, 0, 1)",-0.00112774,-0.00041464,0.00516933,0.0,2025-W28
adj_close.csv,ARIMA,IWD,0.00048252,0.00069937,0.00042836,0.00048252,0.00069937,0.00042836,"ARIMA(0, 0, 1)",-0.00042836,5.416e-05,-0.00112774,0.0,2025-W29
adj_close.csv,ARIMA,IWD,0.00320401,0.00366926,0.0032409,0.00320401,0.00366926,0.0032409,"ARIMA(0, 0, 1)",0.0032409,3.689e-05,-0.00042836,0.0,2025-W30
adj_close.csv,ARIMA,IWD,0.00620656,0.00969309,0.00645219,0.00620656,0.00969309,0.00645219,"ARIMA(0, 0, 1)",-0.00645219,-0.00024563,0.0032409,0.0,2025-W31
adj_close.csv,ARIMA,IWD,0.00248356,0.00943872,0.00298653,0.00248356,0.00943872,0.00298653,"ARIMA(0, 0, 1)",0.00298653,0.00050296,-0.00645219,0.0,2025-W32
adj_close.csv,ARIMA,IWD,0.00287918,0.00031611,0.00267042,0.00287918,0.00031611,0.00267042,"ARIMA(0, 0, 1)",0.00267042,-0.00020877,0.00298653,0.0,2025-W33
adj_close.csv,ARIMA,IWD,0.00371847,0.00080917,0.00347958,0.00371847,0.00080917,0.00347958,"ARIMA(0, 0, 1)",0.00347958,-0.00023889,0.00267042,0.0,2025-W34
adj_close.csv,ARIMA,IWD,0.0001612,0.00361841,0.00013883,0.0001612,0.00361841,0.00013883,"ARIMA(0, 0, 1)",-0.00013883,-0.00030004,0.00347958,0.0,2025-W35
adj_close.csv,ARIMA,IWD,3.666e-05,8.922e-05,4.962e-05,3.666e-05,8.922e-05,4.962e-05,"ARIMA(0, 0, 1)",-4.962e-05,-1.296e-05,-0.00013883,0.0,2025-W36
adj_close.csv,ARIMA,IWD,0.0010262,0.00107878,0.00102916,0.0010262,0.00107878,0.00102916,"ARIMA(0, 0, 1)",0.00102916,2.96e-06,-4.962e-05,0.0,2025-W37
adj_close.csv,ARIMA,IWD,0.00111354,1.61e-06,0.00103077,0.00111354,1.61e-06,0.00103077,"ARIMA(0, 0, 1)",0.00103077,-8.277e-05,0.00102916,0.0,2025-W38
adj_close.csv,ARIMA,IWD,0.00029652,0.00082376,0.00020702,0.00029652,0.00082376,0.00020702,"ARIMA(0, 0, 1)",0.00020702,-8.95e-05,0.00103077,0.0,2025-W39
adj_close.csv,ARIMA,IWD,0.00196529,0.00173446,0.00194148,0.00196529,0.00173446,0.00194148,"ARIMA(0, 0, 1)",0.00194148,-2.381e-05,0.00020702,0.0,2025-W40
adj_close.csv,ARIMA,IWD,0.00530276,0.00740176,0.00546028,0.00530276,0.00740176,0.00546028,"ARIMA(0, 0, 1)",-0.00546028,-0.00015753,0.00194148,0.0,2025-W41
adj_close.csv,ARIMA,IWD,0.00294321,0.0088411,0.00338081,0.00294321,0.0088411,0.00338081,"ARIMA(0, 0, 1)",0.00338081,0.0004376,-0.00546028,0.0,2025-W42
adj_close.csv,ARIMA,IWD,0.00363473,1.97e-06,0.00338278,0.00363473,1.97e-06,0.00338278,"ARIMA(0, 0, 1)",0.00338278,-0.00025195,0.00338081,0.0,2025-W43
adj_close.csv,ARIMA,IWD,0.00138059,0.00506702,0.00168423,0.00138059,0.00506702,0.00168423,"ARIMA(0, 0, 1)",-0.00168423,-0.00030364,0.00338278,0.0,2025-W44
adj_close.csv,ARIMA,IWD,0.00026338,0.00153752,0.00014672,0.00026338,0.00153752,0.00014672,"ARIMA(0, 0, 1)",-0.00014672,0.00011667,-0.00168423,0.0,2025-W45
adj_close.csv,ARIMA,IWD,0.00033938,0.00050839,0.00036168,0.00033938,0.00050839,0.00036168,"ARIMA(0, 0, 1)",0.00036168,2.23e-05,-0.00014672,0.0,2025-W46
adj_close.csv,ARIMA,IWD,0.00168767,0.00207809,0.00171641,0.00168767,0.00207809,0.00171641,"ARIMA(0, 0, 1)",-0.00171641,-2.874e-05,0.00036168,0.0,2025-W47
adj_close.csv,ARIMA,IWD,0.00825921,0.01011874,0.00840233,0.00825921,0.01011874,0.00840233,"ARIMA(0, 0, 1)",0.00840233,0.00014311,-0.00171641,0.0,2025-W48
adj_close.csv,ARIMA,IWD,0.00119229,0.00793616,0.00046616,0.00119229,0.00793616,0.00046616,"ARIMA(0, 0, 1)",0.00046616,-0.00072613,0.00840233,0.0,2025-W49
adj_close.csv,ARIMA,IWD,0.00135116,0.00078426,0.00125042,0.00135116,0.00078426,0.00125042,"ARIMA(0, 0, 1)",0.00125042,-0.00010074,0.00046616,0.0,2025-W50
adj_close.csv,ARIMA,IWD,0.00073331,0.00209909,0.00084867,0.00073331,0.00209909,0.00084867,"ARIMA(0, 0, 1)",-0.00084867,-0.00011536,0.00125042,0.0,2025-W51
adj_close.csv,ARIMA,IWD,0.00297987,0.00389134,0.00304267,0.00297987,0.00389134,0.00304267,"ARIMA(0, 0, 1)",0.00304267,6.28e-05,-0.00084867,0.0,2025-W52
adj_close.csv,ARIMA,IWD,3.765e-05,0.00333703,0.00029436,3.765e-05,0.00333703,0.00029436,"ARIMA(0, 0, 1)",-0.00029436,-0.00025671,0.00304267,0.0,2026-W01
adj_close.csv,ARIMA,IWD,0.00501343,0.00531103,0.00501667,0.00501343,0.00531103,0.00501667,"ARIMA(0, 0, 1)",0.00501667,3.24e-06,-0.00029436,0.0,2026-W02
adj_close.csv,ARIMA,IWD,0.00171503,0.00373396,0.00128271,0.00171503,0.00373396,0.00128271,"ARIMA(0, 0, 1)",0.00128271,-0.00043232,0.00501667,0.0,2026-W03
adj_close.csv,ARIMA,IWD,0.00043919,0.00186562,0.00058291,0.00043919,0.00186562,0.00058291,"ARIMA(0, 0, 1)",-0.00058291,-0.00014372,0.00128271,0.0,2026-W04
adj_close.csv,ARIMA,IWD,0.00122225,0.00184221,0.00125931,0.00122225,0.00184221,0.00125931,"ARIMA(0, 0, 1)",0.00125931,3.706e-05,-0.00058291,0.0,2026-W05
adj_close.csv,ARIMA,IWD,0.00830209,0.00693949,0.0081988,0.00830209,0.00693949,0.0081988,"ARIMA(0, 0, 1)",0.0081988,-0.00010329,0.00125931,0.0,2026-W06
adj_close.csv,ARIMA,IWF,0.0053946,0.00345638,0.00474495,0.0053946,0.00345638,0.00474495,"ARIMA(1, 0, 0)",-0.00474495,0.00064966,-0.00820133,0.0,2024-W30
adj_close.csv,ARIMA,IWF,0.00555757,0.00046952,0.00521447,0.00555757,0.00046952,0.00521447,"ARIMA(1, 0, 0)",-0.00521447,0.0003431,-0.00474495,0.0,2024-W31
adj_close.csv,ARIMA,IWF,0.00052579,0.00609593,0.00088146,0.00052579,0.00609593,0.00088146,"ARIMA(1, 0, 0)",0.00088146,0.00035567,-0.00521447,0.0,2024-W32
adj_close.csv,ARIMA,IWF,0.01024132,0.00929936,0.01018082,0.01024132,0.00929936,0.01018082,"ARIMA(1, 0, 0)",0.01018082,-6.05e-05,0.00088146,0.0,2024-W33
adj_close.csv,ARIMA,IWF,0.0031005,0.00776483,0.00241599,0.0031005,0.00776483,0.00241599,"ARIMA(1, 0, 0)",0.00241599,-0.00068451,0.01018082,0.0,2024-W34
adj_close.csv,ARIMA,IWF,0.00129418,0.00386099,0.001445,0.00129418,0.00386099,0.001445,"ARIMA(1, 0, 0)",-0.001445,-0.00015082,0.00241599,0.0,2024-W35
adj_close.csv,ARIMA,IWF,0.01368374,0.01214784,0.01359284,0.01368374,0.01214784,0.01359284,"ARIMA(1, 0, 0)",-0.01359284,9.089e-05,-0.001445,0.0,2024-W36
adj_close.csv,ARIMA,IWF,0.01083577,0.02524272,0.01164988,0.01083577,0.02524272,0.01164988,"ARIMA(1, 0, 0)",0.01164988,0.0008141,-0.01359284,0.0,2024-W37
adj_close.csv,ARIMA,IWF,0.00427656,0.00832507,0.0033248,0.00427656,0.00832507,0.0033248,"ARIMA(1, 0, 0)",0.0033248,-0.00095175,0.01164988,0.0,2024-W38
adj_close.csv,ARIMA,IWF,0.0008669,0.00270549,0.00061931,0.0008669,0.00270549,0.00061931,"ARIMA(1, 0, 0)",0.00061931,-0.00024759,0.0033248,0.0,2024-W39
adj_close.csv,ARIMA,IWF,0.00064447,2.07e-05,0.00059861,0.00064447,2.07e-05,0.00059861,"ARIMA(1, 0, 0)",0.00059861,-4.586e-05,0.00061931,0.0,2024-W40
adj_close.csv,ARIMA,IWF,0.00283202,0.00218912,0.00278773,0.00283202,0.00218912,0.00278773,"ARIMA(1, 0, 0)",0.00278773,-4.429e-05,0.00059861,0.0,2024-W41
adj_close.csv,ARIMA,IWF,0.00167903,0.00131428,0.00147345,0.00167903,0.00131428,0.00147345,"ARIMA(1, 0, 0)",0.00147345,-0.00020558,0.00278773,0.0,2024-W42
adj_close.csv,ARIMA,IWF,8.153e-05,0.00149959,2.614e-05,8.153e-05,0.00149959,2.614e-05,"ARIMA(1, 0, 0)",-2.614e-05,-0.00010766,0.00147345,0.0,2024-W43
adj_close.csv,ARIMA,IWF,0.00314054,0.0031125,0.00313863,0.00314054,0.0031125,0.00313863,"ARIMA(1, 0, 0)",-0.00313863,1.91e-06,-2.614e-05,0.0,2024-W44
adj_close.csv,ARIMA,IWF,0.01102929,0.01439716,0.01125853,0.01102929,0.01439716,0.01125853,"ARIMA(1, 0, 0)",0.01125853,0.00022924,-0.00313863,0.0,2024-W45
adj_close.csv,ARIMA,IWF,0.00475916,0.0168963,0.00563777,0.00475916,0.0168963,0.00563777,"ARIMA(1, 0, 0)",-0.00563777,-0.00087861,0.01125853,0.0,2024-W46
adj_close.csv,ARIMA,IWF,0.00287927,0.00899986,0.00336209,0.00287927,0.00899986,0.00336209,"ARIMA(1, 0, 0)",0.00336209,0.00048282,-0.00563777,0.0,2024-W47
adj_close.csv,ARIMA,IWF,0.00298339,0.00067434,0.00268775,0.00298339,0.00067434,0.00268775,"ARIMA(1, 0, 0)",0.00268775,-0.00029564,0.00336209,0.0,2024-W48
adj_close.csv,ARIMA,IWF,0.00733422,0.00441393,0.00710168,0.00733422,0.00441393,0.00710168,"ARIMA(1, 0, 0)",0.00710168,-0.00023254,0.00268775,0.0,2024-W49
adj_close.csv,ARIMA,IWF,0.00120429,0.0064921,0.00060958,0.00120429,0.0064921,0.00060958,"ARIMA(1, 0, 0)",0.00060958,-0.00059471,0.00710168,0.0,2024-W50
adj_close.csv,ARIMA,IWF,0.00301401,0.00367391,0.00306433,0.00301401,0.00367391,0.00306433,"ARIMA(1, 0, 0)",-0.00306433,-5.032e-05,0.00060958,0.0,2024-W51
adj_close.csv,ARIMA,IWF,0.0014345,0.00475257,0.00168824,0.0014345,0.00475257,0.00168824,"ARIMA(1, 0, 0)",0.00168824,0.00025374,-0.00306433,0.0,2024-W52
adj_close.csv,ARIMA,IWF,0.00162106,0.00345013,0.00176189,0.00162106,0.00345013,0.00176189,"ARIMA(1, 0, 0)",-0.00176189,-0.00014083,0.00168824,0.0,2025-W01
adj_close.csv,ARIMA,IWF,0.00577268,0.00386315,0.00562504,0.00577268,0.00386315,0.00562504,"ARIMA(1, 0, 0)",-0.00562504,0.00014764,-0.00176189,0.0,2025-W02
adj_close.csv,ARIMA,IWF,0.00392366,0.01001208,0.00438705,0.00392366,0.01001208,0.00438705,"ARIMA(1, 0, 0)",0.00438705,0.00046339,-0.00562504,0.0,2025-W03
adj_close.csv,ARIMA,IWF,0.00554847,0.00078656,0.00517361,0.00554847,0.00078656,0.00517361,"ARIMA(1, 0, 0)",0.00517361,-0.00037486,0.00438705,0.0,2025-W04
adj_close.csv,ARIMA,IWF,0.00257252,0.00817074,0.00299714,0.00257252,0.00817074,0.00299714,"ARIMA(1, 0, 0)",-0.00299714,-0.00042461,0.00517361,0.0,2025-W05
adj_close.csv,ARIMA,IWF,0.00083871,0.00240991,0.00058722,0.00083871,0.00240991,0.00058722,"ARIMA(1, 0, 0)",-0.00058722,0.00025149,-0.00299714,0.0,2025-W06
adj_close.csv,ARIMA,IWF,0.00395843,0.00459473,0.0040075,0.00395843,0.00459473,0.0040075,"ARIMA(1, 0, 0)",0.0040075,4.907e-05,-0.00058722,0.0,2025-W07
adj_close.csv,ARIMA,IWF,0.00665973,0.0110034,0.0069959,0.00665973,0.0110034,0.0069959,"ARIMA(1, 0, 0)",-0.0069959,-0.00033617,0.0040075,0.0,2025-W08
adj_close.csv,ARIMA,IWF,0.00575613,0.0018523,0.0051436,0.00575613,0.0018523,0.0051436,"ARIMA(1, 0, 0)",-0.0051436,0.00061253,-0.0069959,0.0,2025-W09
adj_close.csv,ARIMA,IWF,0.0085685,0.00300285,0.00814645,0.0085685,0.00300285,0.00814645,"ARIMA(1, 0, 0)",-0.00814645,0.00042205,-0.0051436,0.0,2025-W10
adj_close.csv,ARIMA,IWF,0.00577992,0.00298608,0.00516037,0.00577992,0.00298608,0.00516037,"ARIMA(1, 0, 0)",-0.00516037,0.00061955,-0.00814645,0.0,2025-W11
adj_close.csv,ARIMA,IWF,0.00023314,0.00575317,0.0005928,0.00023314,0.00575317,0.0005928,"ARIMA(1, 0, 0)",0.0005928,0.00035967,-0.00516037,0.0,2025-W12
adj_close.csv,ARIMA,IWF,0.00508455,0.00571876,0.00512596,0.00508455,0.00571876,0.00512596,"ARIMA(1, 0, 0)",-0.00512596,-4.141e-05,0.0005928,0.0,2025-W13
adj_close.csv,ARIMA,IWF,0.02070384,0.0152177,0.02034366,0.02070384,0.0152177,0.02034366,"ARIMA(1, 0, 0)",-0.02034366,0.00036017,-0.00512596,0.0,2025-W14
adj_close.csv,ARIMA,IWF,0.01328096,0.03476479,0.01442113,0.01328096,0.03476479,0.01442113,"ARIMA(1, 0, 0)",0.01442113,0.00114017,-0.02034366,0.0,2025-W15
adj_close.csv,ARIMA,IWF,0.00476996,0.02049395,0.00607282,0.00476996,0.02049395,0.00607282,"ARIMA(1, 0, 0)",-0.00607282,-0.00130286,0.01442113,0.0,2025-W16
adj_close.csv,ARIMA,IWF,0.01251878,0.0191919,0.01311908,0.01251878,0.0191919,0.01311908,"ARIMA(1, 0, 0)",0.01311908,0.00060031,-0.00607282,0.0,2025-W17
adj_close.csv,ARIMA,IWF,0.00797265,0.00656607,0.00655301,0.00797265,0.00656607,0.00655301,"ARIMA(1, 0, 0)",0.00655301,-0.00141963,0.01311908,0.0,2025-W18
adj_close.csv,ARIMA,IWF,0.00053359,0.00771307,0.00116006,0.00053359,0.00771307,0.00116006,"ARIMA(1, 0, 0)",-0.00116006,-0.00062648,0.00655301,0.0,2025-W19
adj_close.csv,ARIMA,IWF,0.01360355,0.014875,0.01371494,0.01360355,0.014875,0.01371494,"ARIMA(1, 0, 0)",0.01371494,0.00011139,-0.00116006,0.0,2025-W20
adj_close.csv,ARIMA,IWF,0.00408709,0.01914491,0.00542997,0.00408709,0.01914491,0.00542997,"ARIMA(1, 0, 0)",-0.00542997,-0.00134287,0.01371494,0.0,2025-W21
adj_close.csv,ARIMA,IWF,0.00502126,0.01101859,0.00558862,0.00502126,0.01101859,0.00558862,"ARIMA(1, 0, 0)",0.00558862,0.00056736,-0.00542997,0.0,2025-W22
adj_close.csv,ARIMA,IWF,0.00463658,0.00155379,0.00403483,0.00463658,0.00155379,0.00403483,"ARIMA(1, 0, 0)",0.00403483,-0.00060175,0.00558862,0.0,2025-W23
adj_close.csv,ARIMA,IWF,0.00056158,0.00501868,0.00098385,0.00056158,0.00501868,0.00098385,"ARIMA(1, 0, 0)",-0.00098385,-0.00042227,0.00403483,0.0,2025-W24
adj_close.csv,ARIMA,IWF,0.00134401,0.00025693,0.00124078,0.00134401,0.00025693,0.00124078,"ARIMA(1, 0, 0)",-0.00124078,0.00010323,-0.00098385,0.0,2025-W25
adj_close.csv,ARIMA,IWF,0.00885718,0.01022795,0.00898717,0.00885718,0.01022795,0.00898717,"ARIMA(1, 0, 0)",0.00898717,0.00012999,-0.00124078,0.0,2025-W26
adj_close.csv,ARIMA,IWF,0.00481793,0.00512227,0.00386491,0.00481793,0.00512227,0.00386491,"ARIMA(1, 0, 0)",0.00386491,-0.00095303,0.00898717,0.0,2025-W27
adj_close.csv,ARIMA,IWF,6.343e-05,0.00419205,0.00032715,6.343e-05,0.00419205,0.00032715,"ARIMA(1, 0, 0)",-0.00032715,-0.00039058,0.00386491,0.0,2025-W28
adj_close.csv,ARIMA,IWF,0.00307203,0.00343223,0.00310508,0.00307203,0.00343223,0.00310508,"ARIMA(1, 0, 0)",0.00310508,3.305e-05,-0.00032715,0.0,2025-W29
adj_close.csv,ARIMA,IWF,0.00288577,0.00053338,0.0025717,0.00288577,0.00053338,0.0025717,"ARIMA(1, 0, 0)",0.0025717,-0.00031407,0.00310508,0.0,2025-W30
adj_close.csv,ARIMA,IWF,0.00339947,0.00622864,0.00365694,0.00339947,0.00622864,0.00365694,"ARIMA(1, 0, 0)",-0.00365694,-0.00025747,0.0025717,0.0,2025-W31
adj_close.csv,ARIMA,IWF,0.00601917,0.0100459,0.00638896,0.00601917,0.0100459,0.00638896,"ARIMA(1, 0, 0)",0.00638896,0.00036979,-0.00365694,0.0,2025-W32
adj_close.csv,ARIMA,IWF,0.00203879,0.00501232,0.00137663,0.00203879,0.00501232,0.00137663,"ARIMA(1, 0, 0)",0.00137663,-0.00066216,0.00638896,0.0,2025-W33
adj_close.csv,ARIMA,IWF,0.00153672,0.00305399,0.00167736,0.00153672,0.00305399,0.00167736,"ARIMA(1, 0, 0)",-0.00167736,-0.00014063,0.00137663,0.0,2025-W34
adj_close.csv,ARIMA,IWF,2.359e-05,0.00182552,0.00014817,2.359e-05,0.00182552,0.00014817,"ARIMA(1, 0, 0)",0.00014817,0.00017176,-0.00167736,0.0,2025-W35
adj_close.csv,ARIMA,IWF,0.0020825,0.00191917,0.00206733,0.0020825,0.00191917,0.00206733,"ARIMA(1, 0, 0)",0.00206733,-1.517e-05,0.00014817,0.0,2025-W36
adj_close.csv,ARIMA,IWF,0.00498406,0.00270513,0.00477246,0.00498406,0.00270513,0.00477246,"ARIMA(1, 0, 0)",0.00477246,-0.00021161,0.00206733,0.0,2025-W37
adj_close.csv,ARIMA,IWF,0.0043336,0.00092175,0.0038507,0.0043336,0.00092175,0.0038507,"ARIMA(1, 0, 0)",0.0038507,-0.0004829,0.00477246,0.0,2025-W38
adj_close.csv,ARIMA,IWF,0.00125201,0.0054833,0.00163259,0.00125201,0.0054833,0.00163259,"ARIMA(1, 0, 0)",-0.00163259,-0.00038058,0.0038507,0.0,2025-W39
adj_close.csv,ARIMA,IWF,0.0020201,0.00381495,0.00218235,0.0020201,0.00381495,0.00218235,"ARIMA(1, 0, 0)",0.00218235,0.00016225,-0.00163259,0.0,2025-W40
adj_close.csv,ARIMA,IWF,0.00428857,0.00668862,0.00450627,0.00428857,0.00668862,0.00450627,"ARIMA(1, 0, 0)",-0.00450627,-0.0002177,0.00218235,0.0,2025-W41
adj_close.csv,ARIMA,IWF,0.0028482,0.00780878,0.00330251,0.0028482,0.00780878,0.00330251,"ARIMA(1, 0, 0)",0.00330251,0.0004543,-0.00450627,0.0,2025-W42
adj_close.csv,ARIMA,IWF,0.00460344,0.0009632,0.0042657,0.00460344,0.0009632,0.0042657,"ARIMA(1, 0, 0)",0.0042657,-0.00033774,0.00330251,0.0,2025-W43
adj_close.csv,ARIMA,IWF,0.00391478,0.00077984,0.00348587,0.00391478,0.00077984,0.00348587,"ARIMA(1, 0, 0)",0.00348587,-0.00042892,0.0042657,0.0,2025-W44
adj_close.csv,ARIMA,IWF,0.00557074,0.00940055,0.00591469,0.00557074,0.00940055,0.00591469,"ARIMA(1, 0, 0)",-0.00591469,-0.00034395,0.00348587,0.0,2025-W45
adj_close.csv,ARIMA,IWF,0.00080876,0.00570245,0.00021224,0.00080876,0.00570245,0.00021224,"ARIMA(1, 0, 0)",-0.00021224,0.00059652,-0.00591469,0.0,2025-W46
adj_close.csv,ARIMA,IWF,0.00576408,0.00553055,0.00574279,0.00576408,0.00553055,0.00574279,"ARIMA(1, 0, 0)",-0.00574279,2.129e-05,-0.00021224,0.0,2025-W47
adj_close.csv,ARIMA,IWF,0.00951652,0.01583463,0.01009184,0.00951652,0.01583463,0.01009184,"ARIMA(1, 0, 0)",0.01009184,0.00057532,-0.00574279,0.0,2025-W48
adj_close.csv,ARIMA,IWF,0.00205661,0.00910781,0.00098402,0.00205661,0.00910781,0.00098402,"ARIMA(1, 0, 0)",0.00098402,-0.00107259,0.01009184,0.0,2025-W49
adj_close.csv,ARIMA,IWF,0.00302984,0.0041162,0.00313217,0.00302984,0.0041162,0.00313217,"ARIMA(1, 0, 0)",-0.00313217,-0.00010233,0.00098402,0.0,2025-W50
adj_close.csv,ARIMA,IWF,0.00078135,0.00424028,0.0011081,0.00078135,0.00424028,0.0011081,"ARIMA(1, 0, 0)",0.0011081,0.00032675,-0.00313217,0.0,2025-W51
adj_close.csv,ARIMA,IWF,0.00369625,0.00247225,0.00358036,0.00369625,0.00247225,0.00358036,"ARIMA(1, 0, 0)",0.00358036,-0.0001159,0.0011081,0.0,2025-W52
adj_close.csv,ARIMA,IWF,0.00412788,0.00808109,0.00450073,0.00412788,0.00808109,0.00450073,"ARIMA(1, 0, 0)",-0.00450073,-0.00037285,0.00358036,0.0,2026-W01
adj_close.csv,ARIMA,IWF,0.00138908,0.00636584,0.0018651,0.00138908,0.00636584,0.0018651,"ARIMA(1, 0, 0)",0.0018651,0.00047602,-0.00450073,0.0,2026-W02
adj_close.csv,ARIMA,IWF,0.00216745,0.0042311,0.00236599,0.00216745,0.0042311,0.00236599,"ARIMA(1, 0, 0)",-0.00236599,-0.00019855,0.0018651,0.0,2026-W03
adj_close.csv,ARIMA,IWF,0.00148847,0.00113044,0.00123556,0.00148847,0.00113044,0.00123556,"ARIMA(1, 0, 0)",-0.00123556,0.00025292,-0.00236599,0.0,2026-W04
adj_close.csv,ARIMA,IWF,0.00112067,0.00024649,0.00098907,0.00112067,0.00024649,0.00098907,"ARIMA(1, 0, 0)",-0.00098907,0.0001316,-0.00123556,0.0,2026-W05
adj_close.csv,ARIMA,IWF,0.00317304,0.0042673,0.00327823,0.00317304,0.0042673,0.00327823,"ARIMA(1, 0, 0)",0.00327823,0.0001052,-0.00098907,0.0,2026-W06
adj_close.csv,ARIMA,IWM,0.00695968,0.0032515,0.0066936,0.00695968,0.0032515,0.0066936,"ARIMA(1, 0, 0)",0.0066936,-0.00026609,0.0034421,0.0,2024-W30
adj_close.csv,ARIMA,IWM,0.01363939,0.02082885,0.01413525,0.01363939,0.02082885,0.01413525,"ARIMA(1, 0, 0)",-0.01413525,-0.00049586,0.0066936,0.0,2024-W31
adj_close.csv,ARIMA,IWM,0.00358871,0.01176631,0.00236894,0.00358871,0.01176631,0.00236894,"ARIMA(1, 0, 0)",-0.00236894,0.00121977,-0.01413525,0.0,2024-W32
adj_close.csv,ARIMA,IWM,0.0056724,0.00823011,0.00586117,0.0056724,0.00823011,0.00586117,"ARIMA(1, 0, 0)",0.00586117,0.00018876,-0.00236894,0.0,2024-W33
adj_close.csv,ARIMA,IWM,0.00766547,0.00132701,0.00718817,0.00766547,0.00132701,0.00718817,"ARIMA(1, 0, 0)",0.00718817,-0.00047729,0.00586117,0.0,2024-W34
adj_close.csv,ARIMA,IWM,0.00027103,0.00746064,0.00027246,0.00027103,0.00746064,0.00027246,"ARIMA(1, 0, 0)",-0.00027246,-0.00054349,0.00718817,0.0,2024-W35
adj_close.csv,ARIMA,IWM,0.01425404,0.01396105,0.01423351,0.01425404,0.01396105,0.01423351,"ARIMA(1, 0, 0)",-0.01423351,2.053e-05,-0.00027246,0.0,2024-W36
adj_close.csv,ARIMA,IWM,0.00734581,0.02264482,0.00841131,0.00734581,0.02264482,0.00841131,"ARIMA(1, 0, 0)",0.00841131,0.0010655,-0.01423351,0.0,2024-W37
adj_close.csv,ARIMA,IWM,0.005065,0.00408632,0.00432498,0.005065,0.00408632,0.00432498,"ARIMA(1, 0, 0)",0.00432498,-0.00074001,0.00841131,0.0,2024-W38
adj_close.csv,ARIMA,IWM,8.353e-05,0.0047661,0.00044112,8.353e-05,0.0047661,0.00044112,"ARIMA(1, 0, 0)",-0.00044112,-0.00035759,0.00432498,0.0,2024-W39
adj_close.csv,ARIMA,IWM,0.0011105,0.00063289,0.00107401,0.0011105,0.00063289,0.00107401,"ARIMA(1, 0, 0)",-0.00107401,3.649e-05,-0.00044112,0.0,2024-W40
adj_close.csv,ARIMA,IWM,0.00182764,0.00299043,0.00191642,0.00182764,0.00299043,0.00191642,"ARIMA(1, 0, 0)",0.00191642,8.878e-05,-0.00107401,0.0,2024-W41
adj_close.csv,ARIMA,IWM,0.00408822,0.00201292,0.00392934,0.00408822,0.00201292,0.00392934,"ARIMA(1, 0, 0)",0.00392934,-0.00015888,0.00191642,0.0,2024-W42
adj_close.csv,ARIMA,IWM,0.00576121,0.0100125,0.00608316,0.00576121,0.0100125,0.00608316,"ARIMA(1, 0, 0)",-0.00608316,-0.00032195,0.00392934,0.0,2024-W43
adj_close.csv,ARIMA,IWM,0.00043326,0.00616538,8.221e-05,0.00043326,0.00616538,8.221e-05,"ARIMA(1, 0, 0)",8.221e-05,0.00051547,-0.00608316,0.0,2024-W44
adj_close.csv,ARIMA,IWM,0.01676581,0.01667666,0.01675887,0.01676581,0.01667666,0.01675887,"ARIMA(1, 0, 0)",0.01675887,-6.94e-06,8.221e-05,0.0,2024-W45
adj_close.csv,ARIMA,IWM,0.0068534,0.02502409,0.00826521,0.0068534,0.02502409,0.00826521,"ARIMA(1, 0, 0)",-0.00826521,-0.00141182,0.01675887,0.0,2024-W46
adj_close.csv,ARIMA,IWM,0.00800108,0.01707563,0.00881041,0.00800108,0.01707563,0.00881041,"ARIMA(1, 0, 0)",0.00881041,0.00080934,-0.00826521,0.0,2024-W47
adj_close.csv,ARIMA,IWM,0.00415644,0.00558553,0.00322489,0.00415644,0.00558553,0.00322489,"ARIMA(1, 0, 0)",0.00322489,-0.00093155,0.00881041,0.0,2024-W48
adj_close.csv,ARIMA,IWM,0.00211879,0.00567083,0.00244594,0.00211879,0.00567083,0.00244594,"ARIMA(1, 0, 0)",-0.00244594,-0.00032715,0.00322489,0.0,2024-W49
adj_close.csv,ARIMA,IWM,0.00521643,0.00252041,0.00496634,0.00521643,0.00252041,0.00496634,"ARIMA(1, 0, 0)",-0.00496634,0.00025009,-0.00244594,0.0,2024-W50
adj_close.csv,ARIMA,IWM,0.00971182,0.00424509,0.00921144,0.00971182,0.00424509,0.00921144,"ARIMA(1, 0, 0)",-0.00921144,0.00050038,-0.00496634,0.0,2024-W51
adj_close.csv,ARIMA,IWM,0.00034745,0.00974032,0.00052889,0.00034745,0.00974032,0.00052889,"ARIMA(1, 0, 0)",0.00052889,0.00087634,-0.00921144,0.0,2024-W52
adj_close.csv,ARIMA,IWM,0.00233292,0.00175392,0.0022828,0.00233292,0.00175392,0.0022828,"ARIMA(1, 0, 0)",0.0022828,-5.012e-05,0.00052889,0.0,2025-W01
adj_close.csv,ARIMA,IWM,0.00839652,0.01089533,0.00861253,0.00839652,0.01089533,0.00861253,"ARIMA(1, 0, 0)",-0.00861253,-0.00021601,0.0022828,0.0,2025-W02
adj_close.csv,ARIMA,IWM,0.00697185,0.01641836,0.00780584,0.00697185,0.01641836,0.00780584,"ARIMA(1, 0, 0)",0.00780584,0.00083398,-0.00861253,0.0,2025-W03
adj_close.csv,ARIMA,IWM,0.00436558,0.0042497,0.00355613,0.00436558,0.0042497,0.00355613,"ARIMA(1, 0, 0)",0.00355613,-0.00080944,0.00780584,0.0,2025-W04
adj_close.csv,ARIMA,IWM,0.00158714,0.00549828,0.00194215,0.00158714,0.00549828,0.00194215,"ARIMA(1, 0, 0)",-0.00194215,-0.00035501,0.00355613,0.0,2025-W05
adj_close.csv,ARIMA,IWM,0.00061946,0.00151781,0.00042434,0.00061946,0.00151781,0.00042434,"ARIMA(1, 0, 0)",-0.00042434,0.00019513,-0.00194215,0.0,2025-W06
adj_close.csv,ARIMA,IWM,6.911e-05,0.0003978,2.653e-05,6.911e-05,0.0003978,2.653e-05,"ARIMA(1, 0, 0)",-2.653e-05,4.257e-05,-0.00042434,0.0,2025-W07
adj_close.csv,ARIMA,IWM,0.00920893,0.00917973,0.00920626,0.00920893,0.00917973,0.00920626,"ARIMA(1, 0, 0)",-0.00920626,2.66e-06,-2.653e-05,0.0,2025-W08
adj_close.csv,ARIMA,IWM,0.0038371,0.00629256,0.0029137,0.0038371,0.00629256,0.0029137,"ARIMA(1, 0, 0)",-0.0029137,0.0009234,-0.00920626,0.0,2025-W09
adj_close.csv,ARIMA,IWM,0.00855576,0.00536136,0.00827507,0.00855576,0.00536136,0.00827507,"ARIMA(1, 0, 0)",-0.00827507,0.0002807,-0.0029137,0.0,2025-W10
adj_close.csv,ARIMA,IWM,0.00376796,0.00528117,0.00299389,0.00376796,0.00528117,0.00299389,"ARIMA(1, 0, 0)",-0.00299389,0.00077407,-0.00827507,0.0,2025-W11
adj_close.csv,ARIMA,IWM,0.00106384,0.00432741,0.00133351,0.00106384,0.00432741,0.00133351,"ARIMA(1, 0, 0)",0.00133351,0.00026967,-0.00299389,0.0,2025-W12
adj_close.csv,ARIMA,IWM,0.00318448,0.00463858,0.00330506,0.00318448,0.00463858,0.00330506,"ARIMA(1, 0, 0)",-0.00330506,-0.00012059,0.00133351,0.0,2025-W13
adj_close.csv,ARIMA,IWM,0.02050413,0.01689864,0.0202037,0.02050413,0.01689864,0.0202037,"ARIMA(1, 0, 0)",-0.0202037,0.00030043,-0.00330506,0.0,2025-W14
adj_close.csv,ARIMA,IWM,0.00178431,0.02367254,0.00346884,0.00178431,0.02367254,0.00346884,"ARIMA(1, 0, 0)",0.00346884,0.00168453,-0.0202037,0.0,2025-W15
adj_close.csv,ARIMA,IWM,0.0031609,0.00061044,0.0028584,0.0031609,0.00061044,0.0028584,"ARIMA(1, 0, 0)",0.0028584,-0.0003025,0.00346884,0.0,2025-W16
adj_close.csv,ARIMA,IWM,0.00827645,0.00517211,0.00803051,0.00827645,0.00517211,0.00803051,"ARIMA(1, 0, 0)",0.00803051,-0.00024594,0.0028584,0.0,2025-W17
adj_close.csv,ARIMA,IWM,0.00711843,0.00158291,0.0064476,0.00711843,0.00158291,0.0064476,"ARIMA(1, 0, 0)",0.0064476,-0.00067083,0.00803051,0.0,2025-W18
adj_close.csv,ARIMA,IWM,0.00082875,0.00611867,0.00032893,0.00082875,0.00611867,0.00032893,"ARIMA(1, 0, 0)",0.00032893,-0.00049982,0.0064476,0.0,2025-W19
adj_close.csv,ARIMA,IWM,0.00883209,0.00847785,0.00880678,0.00883209,0.00847785,0.00880678,"ARIMA(1, 0, 0)",0.00880678,-2.531e-05,0.00032893,0.0,2025-W20
adj_close.csv,ARIMA,IWM,0.00639629,0.01587816,0.00707138,0.00639629,0.01587816,0.00707138,"ARIMA(1, 0, 0)",-0.00707138,-0.00067509,0.00880678,0.0,2025-W21
adj_close.csv,ARIMA,IWM,0.00249535,0.01015019,0.00307881,0.00249535,0.01015019,0.00307881,"ARIMA(1, 0, 0)",0.00307881,0.00058346,-0.00707138,0.0,2025-W22
adj_close.csv,ARIMA,IWM,0.00681225,0.00347379,0.0065526,0.00681225,0.00347379,0.0065526,"ARIMA(1, 0, 0)",0.0065526,-0.00025965,0.00307881,0.0,2025-W23
adj_close.csv,ARIMA,IWM,0.00232291,0.00941392,0.00286133,0.00232291,0.00941392,0.00286133,"ARIMA(1, 0, 0)",-0.00286133,-0.00053841,0.0065526,0.0,2025-W24
adj_close.csv,ARIMA,IWM,0.00083343,0.00393435,0.00107302,0.00083343,0.00393435,0.00107302,"ARIMA(1, 0, 0)",0.00107302,0.00023959,-0.00286133,0.0,2025-W25
adj_close.csv,ARIMA,IWM,0.00599601,0.00483288,0.0059059,0.00599601,0.00483288,0.0059059,"ARIMA(1, 0, 0)",0.0059059,-9.011e-05,0.00107302,0.0,2025-W26
adj_close.csv,ARIMA,IWM,0.00915766,0.00275969,0.00866559,0.00915766,0.00275969,0.00866559,"ARIMA(1, 0, 0)",0.00866559,-0.00049206,0.0059059,0.0,2025-W27
adj_close.csv,ARIMA,IWM,0.00056706,0.00990667,0.00124107,0.00056706,0.00990667,0.00124107,"ARIMA(1, 0, 0)",-0.00124107,-0.00067402,0.00866559,0.0,2025-W28
adj_close.csv,ARIMA,IWM,0.00047039,0.00180861,0.00056754,0.00047039,0.00180861,0.00056754,"ARIMA(1, 0, 0)",0.00056754,9.715e-05,-0.00124107,0.0,2025-W29
adj_close.csv,ARIMA,IWM,0.00188012,0.00126812,0.00183566,0.00188012,0.00126812,0.00183566,"ARIMA(1, 0, 0)",0.00183566,-4.446e-05,0.00056754,0.0,2025-W30
adj_close.csv,ARIMA,IWM,0.00847143,0.01045069,0.00861504,0.00847143,0.01045069,0.00861504,"ARIMA(1, 0, 0)",-0.00861504,-0.0001436,0.00183566,0.0,2025-W31
adj_close.csv,ARIMA,IWM,0.00427547,0.01357807,0.00496303,0.00427547,0.01357807,0.00496303,"ARIMA(1, 0, 0)",0.00496303,0.00068756,-0.00861504,0.0,2025-W32
adj_close.csv,ARIMA,IWM,0.00650283,0.00112528,0.00608831,0.00650283,0.00112528,0.00608831,"ARIMA(1, 0, 0)",0.00608831,-0.00041452,0.00496303,0.0,2025-W33
adj_close.csv,ARIMA,IWM,0.00715661,0.00057955,0.00666786,0.00715661,0.00057955,0.00666786,"ARIMA(1, 0, 0)",0.00666786,-0.00048875,0.00608831,0.0,2025-W34
adj_close.csv,ARIMA,IWM,0.00079554,0.0063785,0.00028936,0.00079554,0.0063785,0.00028936,"ARIMA(1, 0, 0)",0.00028936,-0.00050618,0.00666786,0.0,2025-W35
adj_close.csv,ARIMA,IWM,0.00277061,0.00245943,0.00274879,0.00277061,0.00245943,0.00274879,"ARIMA(1, 0, 0)",0.00274879,-2.181e-05,0.00028936,0.0,2025-W36
adj_close.csv,ARIMA,IWM,0.00068586,0.00226993,0.00047886,0.00068586,0.00226993,0.00047886,"ARIMA(1, 0, 0)",0.00047886,-0.000207,0.00274879,0.0,2025-W37
adj_close.csv,ARIMA,IWM,0.00445866,0.00394382,0.00442269,0.00445866,0.00394382,0.00442269,"ARIMA(1, 0, 0)",0.00442269,-3.597e-05,0.00047886,0.0,2025-W38
adj_close.csv,ARIMA,IWM,0.00102321,0.00577717,0.00135448,0.00102321,0.00577717,0.00135448,"ARIMA(1, 0, 0)",-0.00135448,-0.00033128,0.00442269,0.0,2025-W39
adj_close.csv,ARIMA,IWM,0.00358465,0.0050412,0.00368671,0.00358465,0.0050412,0.00368671,"ARIMA(1, 0, 0)",0.00368671,0.00010207,-0.00135448,0.0,2025-W40
adj_close.csv,ARIMA,IWM,0.00637088,0.01033718,0.00665047,0.00637088,0.01033718,0.00665047,"ARIMA(1, 0, 0)",-0.00665047,-0.00027959,0.00368671,0.0,2025-W41
adj_close.csv,ARIMA,IWM,0.00415202,0.01132234,0.00467187,0.00415202,0.01132234,0.00467187,"ARIMA(1, 0, 0)",0.00467187,0.00051986,-0.00665047,0.0,2025-W42
adj_close.csv,ARIMA,IWM,0.00526414,0.00021432,0.0048862,0.00526414,0.00021432,0.0048862,"ARIMA(1, 0, 0)",0.0048862,-0.00037795,0.00467187,0.0,2025-W43
adj_close.csv,ARIMA,IWM,0.00219902,0.00746864,0.00258245,0.00219902,0.00746864,0.00258245,"ARIMA(1, 0, 0)",-0.00258245,-0.00038343,0.0048862,0.0,2025-W44
adj_close.csv,ARIMA,IWM,0.00399362,0.00120579,0.00378824,0.00399362,0.00120579,0.00378824,"ARIMA(1, 0, 0)",-0.00378824,0.00020538,-0.00258245,0.0,2025-W45
adj_close.csv,ARIMA,IWM,0.00374572,0.00033995,0.00344829,0.00374572,0.00033995,0.00344829,"ARIMA(1, 0, 0)",-0.00344829,0.00029744,-0.00378824,0.0,2025-W46
adj_close.csv,ARIMA,IWM,0.00185553,0.0018587,0.00158959,0.00185553,0.0018587,0.00158959,"ARIMA(1, 0, 0)",-0.00158959,0.00026594,-0.00344829,0.0,2025-W47
adj_close.csv,ARIMA,IWM,0.01345663,0.01516782,0.01357823,0.01345663,0.01516782,0.01357823,"ARIMA(1, 0, 0)",0.01357823,0.0001216,-0.00158959,0.0,2025-W48
adj_close.csv,ARIMA,IWM,0.00268471,0.01196066,0.00161757,0.00268471,0.01196066,0.00161757,"ARIMA(1, 0, 0)",0.00161757,-0.00106714,0.01357823,0.0,2025-W49
adj_close.csv,ARIMA,IWM,0.00256292,0.0008239,0.00244147,0.00256292,0.0008239,0.00244147,"ARIMA(1, 0, 0)",0.00244147,-0.00012145,0.00161757,0.0,2025-W50
adj_close.csv,ARIMA,IWM,0.00157364,0.00419744,0.00175597,0.00157364,0.00419744,0.00175597,"ARIMA(1, 0, 0)",-0.00175597,-0.00018233,0.00244147,0.0,2025-W51
adj_close.csv,ARIMA,IWM,0.00049544,0.0023832,0.00062723,0.00049544,0.0023832,0.00062723,"ARIMA(1, 0, 0)",0.00062723,0.00013179,-0.00175597,0.0,2025-W52
adj_close.csv,ARIMA,IWM,0.00259184,0.0032662,0.00263897,0.00259184,0.0032662,0.00263897,"ARIMA(1, 0, 0)",-0.00263897,-4.713e-05,0.00062723,0.0,2026-W01
adj_close.csv,ARIMA,IWM,0.00880069,0.01163835,0.00899939,0.00880069,0.01163835,0.00899939,"ARIMA(1, 0, 0)",0.00899939,0.00019869,-0.00263897,0.0,2026-W02
adj_close.csv,ARIMA,IWM,0.00490323,0.00479383,0.00420556,0.00490323,0.00479383,0.00420556,"ARIMA(1, 0, 0)",0.00420556,-0.00069767,0.00899939,0.0,2026-W03
adj_close.csv,ARIMA,IWM,0.00058695,0.00510083,0.00089528,0.00058695,0.00510083,0.00089528,"ARIMA(1, 0, 0)",-0.00089528,-0.00030833,0.00420556,0.0,2026-W04
adj_close.csv,ARIMA,IWM,0.00400145,0.00304033,0.00393561,0.00400145,0.00304033,0.00393561,"ARIMA(1, 0, 0)",-0.00393561,6.585e-05,-0.00089528,0.0,2026-W05
adj_close.csv,ARIMA,IWM,0.0094086,0.01363232,0.00969672,0.0094086,0.01363232,0.00969672,"ARIMA(1, 0, 0)",0.00969672,0.00028812,-0.00393561,0.0,2026-W06
adj_close.csv,ARIMA,JNK,0.00069586,0.00075496,0.00069199,0.00069586,0.00075496,0.00069199,"ARIMA(0, 0, 1)",0.00069199,-3.87e-06,-6.298e-05,0.0,2024-W30
adj_close.csv,ARIMA,JNK,0.0004257,0.00116961,0.00047762,0.0004257,0.00116961,0.00047762,"ARIMA(0, 0, 1)",-0.00047762,-5.192e-05,0.00069199,0.0,2024-W31
adj_close.csv,ARIMA,JNK,0.00051597,0.00102547,0.00054785,0.00051597,0.00102547,0.00054785,"ARIMA(0, 0, 1)",0.00054785,3.188e-05,-0.00047762,0.0,2024-W32
adj_close.csv,ARIMA,JNK,0.00240239,0.00181578,0.00236363,0.00240239,0.00181578,0.00236363,"ARIMA(0, 0, 1)",0.00236363,-3.876e-05,0.00054785,0.0,2024-W33
adj_close.csv,ARIMA,JNK,0.00158656,0.00095455,0.00140907,0.00158656,0.00095455,0.00140907,"ARIMA(0, 0, 1)",0.00140907,-0.00017749,0.00236363,0.0,2024-W34
adj_close.csv,ARIMA,JNK,2.768e-05,0.00149171,8.263e-05,2.768e-05,0.00149171,8.263e-05,"ARIMA(0, 0, 1)",-8.263e-05,-0.00011031,0.00140907,0.0,2024-W35
adj_close.csv,ARIMA,JNK,0.00051283,0.00059354,0.00051091,0.00051283,0.00059354,0.00051091,"ARIMA(0, 0, 1)",0.00051091,-1.93e-06,-8.263e-05,0.0,2024-W36
adj_close.csv,ARIMA,JNK,0.00119326,0.00064655,0.00115745,0.00119326,0.00064655,0.00115745,"ARIMA(0, 0, 1)",0.00115745,-3.581e-05,0.00051091,0.0,2024-W37
adj_close.csv,ARIMA,JNK,0.00149939,0.00025939,0.00141685,0.00149939,0.00025939,0.00141685,"ARIMA(0, 0, 1)",0.00141685,-8.254e-05,0.00115745,0.0,2024-W38
adj_close.csv,ARIMA,JNK,0.00020308,0.00131457,0.00010228,0.00020308,0.00131457,0.00010228,"ARIMA(0, 0, 1)",0.00010228,-0.0001008,0.00141685,0.0,2024-W39
adj_close.csv,ARIMA,JNK,0.00062901,0.00074486,0.00064259,0.00062901,0.00074486,0.00064259,"ARIMA(0, 0, 1)",-0.00064259,-1.357e-05,0.00010228,0.0,2024-W40
adj_close.csv,ARIMA,JNK,0.00037255,0.0003123,0.00033028,0.00037255,0.0003123,0.00033028,"ARIMA(0, 0, 1)",-0.00033028,4.226e-05,-0.00064259,0.0,2024-W41
adj_close.csv,ARIMA,JNK,0.00059399,0.00094921,0.00061892,0.00059399,0.00094921,0.00061892,"ARIMA(0, 0, 1)",0.00061892,2.494e-05,-0.00033028,0.0,2024-W42
adj_close.csv,ARIMA,JNK,0.0014695,0.00212833,0.00150941,0.0014695,0.00212833,0.00150941,"ARIMA(0, 0, 1)",-0.00150941,-3.991e-05,0.00061892,0.0,2024-W43
adj_close.csv,ARIMA,JNK,0.00028513,0.00132426,0.00018515,0.00028513,0.00132426,0.00018515,"ARIMA(0, 0, 1)",-0.00018515,9.998e-05,-0.00150941,0.0,2024-W44
adj_close.csv,ARIMA,JNK,0.00273994,0.00294434,0.00275919,0.00273994,0.00294434,0.00275919,"ARIMA(0, 0, 1)",0.00275919,1.925e-05,-0.00018515,0.0,2024-W45
adj_close.csv,ARIMA,JNK,0.00128022,0.0042274,0.00146821,0.00128022,0.0042274,0.00146821,"ARIMA(0, 0, 1)",-0.00146821,-0.000188,0.00275919,0.0,2024-W46
adj_close.csv,ARIMA,JNK,0.00050933,0.0020692,0.00060099,0.00050933,0.0020692,0.00060099,"ARIMA(0, 0, 1)",0.00060099,9.166e-05,-0.00146821,0.0,2024-W47
adj_close.csv,ARIMA,JNK,0.00186679,0.00122881,0.0018298,0.00186679,0.00122881,0.0018298,"ARIMA(0, 0, 1)",0.0018298,-3.699e-05,0.00060099,0.0,2024-W48
adj_close.csv,ARIMA,JNK,0.00069913,0.00126469,0.00056511,0.00069913,0.00126469,0.00056511,"ARIMA(0, 0, 1)",0.00056511,-0.00013402,0.0018298,0.0,2024-W49
adj_close.csv,ARIMA,JNK,0.00135628,0.0019705,0.00140539,0.00135628,0.0019705,0.00140539,"ARIMA(0, 0, 1)",-0.00140539,-4.911e-05,0.00056511,0.0,2024-W50
adj_close.csv,ARIMA,JNK,0.00119381,0.00030858,0.00109681,0.00119381,0.00030858,0.00109681,"ARIMA(0, 0, 1)",-0.00109681,9.699e-05,-0.00140539,0.0,2024-W51
adj_close.csv,ARIMA,JNK,2.14e-05,0.00120164,0.00010483,2.14e-05,0.00120164,0.00010483,"ARIMA(0, 0, 1)",0.00010483,8.343e-05,-0.00109681,0.0,2024-W52
adj_close.csv,ARIMA,JNK,0.00138629,0.00127997,0.0013848,0.00138629,0.00127997,0.0013848,"ARIMA(0, 0, 1)",0.0013848,-1.5e-06,0.00010483,0.0,2025-W01
adj_close.csv,ARIMA,JNK,0.00149721,0.00297919,0.0015944,0.00149721,0.00297919,0.0015944,"ARIMA(0, 0, 1)",-0.0015944,-9.718e-05,0.0013848,0.0,2025-W02
adj_close.csv,ARIMA,JNK,0.00220717,0.00390941,0.00231501,0.00220717,0.00390941,0.00231501,"ARIMA(0, 0, 1)",0.00231501,0.00010784,-0.0015944,0.0,2025-W03
adj_close.csv,ARIMA,JNK,0.00109729,0.00138363,0.00093138,0.00109729,0.00138363,0.00093138,"ARIMA(0, 0, 1)",0.00093138,-0.00016591,0.00231501,0.0,2025-W04
adj_close.csv,ARIMA,JNK,2.358e-05,0.00103466,0.00010328,2.358e-05,0.00103466,0.00010328,"ARIMA(0, 0, 1)",-0.00010328,-7.97e-05,0.00093138,0.0,2025-W05
adj_close.csv,ARIMA,JNK,3.149e-05,0.00013649,3.321e-05,3.149e-05,0.00013649,3.321e-05,"ARIMA(0, 0, 1)",3.321e-05,1.72e-06,-0.00010328,0.0,2025-W06
adj_close.csv,ARIMA,JNK,0.00091462,0.00087911,0.00091232,0.00091462,0.00087911,0.00091232,"ARIMA(0, 0, 1)",0.00091232,-2.3e-06,3.321e-05,0.0,2025-W07
adj_close.csv,ARIMA,JNK,6.265e-05,0.00104169,0.00012937,6.265e-05,0.00104169,0.00012937,"ARIMA(0, 0, 1)",-0.00012937,-6.671e-05,0.00091232,0.0,2025-W08
adj_close.csv,ARIMA,JNK,0.00100707,0.00114101,0.00101164,0.00100707,0.00114101,0.00101164,"ARIMA(0, 0, 1)",0.00101164,4.57e-06,-0.00012937,0.0,2025-W09
adj_close.csv,ARIMA,JNK,0.00092695,0.00201213,0.00100049,0.00092695,0.00201213,0.00100049,"ARIMA(0, 0, 1)",-0.00100049,-7.354e-05,0.00101164,0.0,2025-W10
adj_close.csv,ARIMA,JNK,0.00169826,0.00062929,0.00162978,0.00169826,0.00062929,0.00162978,"ARIMA(0, 0, 1)",-0.00162978,6.848e-05,-0.00100049,0.0,2025-W11
adj_close.csv,ARIMA,JNK,0.00077709,0.00252984,0.00090006,0.00077709,0.00252984,0.00090006,"ARIMA(0, 0, 1)",0.00090006,0.00012297,-0.00162978,0.0,2025-W12
adj_close.csv,ARIMA,JNK,0.00109481,0.00205204,0.00115198,0.00109481,0.00205204,0.00115198,"ARIMA(0, 0, 1)",-0.00115198,-5.717e-05,0.00090006,0.0,2025-W13
adj_close.csv,ARIMA,JNK,0.00484537,0.00361183,0.00476381,0.00484537,0.00361183,0.00476381,"ARIMA(0, 0, 1)",-0.00476381,8.156e-05,-0.00115198,0.0,2025-W14
adj_close.csv,ARIMA,JNK,0.00046518,0.00463397,0.00012984,0.00046518,0.00463397,0.00012984,"ARIMA(0, 0, 1)",-0.00012984,0.00033534,-0.00476381,0.0,2025-W15
adj_close.csv,ARIMA,JNK,0.00354271,0.00370304,0.0035732,0.00354271,0.00370304,0.0035732,"ARIMA(0, 0, 1)",0.0035732,3.049e-05,-0.00012984,0.0,2025-W16
adj_close.csv,ARIMA,JNK,0.00300061,0.00081806,0.00275515,0.00300061,0.00081806,0.00275515,"ARIMA(0, 0, 1)",0.00275515,-0.00024547,0.0035732,0.0,2025-W17
adj_close.csv,ARIMA,JNK,0.00034738,0.00258431,0.00017083,0.00034738,0.00258431,0.00017083,"ARIMA(0, 0, 1)",0.00017083,-0.00017654,0.00275515,0.0,2025-W18
adj_close.csv,ARIMA,JNK,2.221e-05,0.00021314,4.231e-05,2.221e-05,0.00021314,4.231e-05,"ARIMA(0, 0, 1)",-4.231e-05,-2.01e-05,0.00017083,0.0,2025-W19
adj_close.csv,ARIMA,JNK,0.00250016,0.00254377,0.00250146,0.00250016,0.00254377,0.00250146,"ARIMA(0, 0, 1)",0.00250146,1.3e-06,-4.231e-05,0.0,2025-W20
adj_close.csv,ARIMA,JNK,0.00115375,0.00380082,0.00129936,0.00115375,0.00380082,0.00129936,"ARIMA(0, 0, 1)",-0.00129936,-0.00014561,0.00250146,0.0,2025-W21
adj_close.csv,ARIMA,JNK,0.00199779,0.00336711,0.00206776,0.00199779,0.00336711,0.00206776,"ARIMA(0, 0, 1)",0.00206776,6.996e-05,-0.00129936,0.0,2025-W22
adj_close.csv,ARIMA,JNK,0.00064094,0.00155254,0.00051521,0.00064094,0.00155254,0.00051521,"ARIMA(0, 0, 1)",0.00051521,-0.00012572,0.00206776,0.0,2025-W23
adj_close.csv,ARIMA,JNK,0.00020666,0.00034799,0.00016723,0.00020666,0.00034799,0.00016723,"ARIMA(0, 0, 1)",0.00016723,-3.943e-05,0.00051521,0.0,2025-W24
adj_close.csv,ARIMA,JNK,0.00139348,0.00121353,0.00138075,0.00139348,0.00121353,0.00138075,"ARIMA(0, 0, 1)",0.00138075,-1.273e-05,0.00016723,0.0,2025-W25
adj_close.csv,ARIMA,JNK,0.00155551,8.943e-05,0.00147019,0.00155551,8.943e-05,0.00147019,"ARIMA(0, 0, 1)",0.00147019,-8.533e-05,0.00138075,0.0,2025-W26
adj_close.csv,ARIMA,JNK,0.00140622,0.00015582,0.00131437,0.00140622,0.00015582,0.00131437,"ARIMA(0, 0, 1)",0.00131437,-9.185e-05,0.00147019,0.0,2025-W27
adj_close.csv,ARIMA,JNK,0.00089231,0.00228667,0.00097231,0.00089231,0.00228667,0.00097231,"ARIMA(0, 0, 1)",-0.00097231,-7.999e-05,0.00131437,0.0,2025-W28
adj_close.csv,ARIMA,JNK,0.00048657,0.00151076,0.00053846,0.00048657,0.00151076,0.00053846,"ARIMA(0, 0, 1)",0.00053846,5.189e-05,-0.00097231,0.0,2025-W29
adj_close.csv,ARIMA,JNK,0.0007305,0.00016353,0.00070199,0.0007305,0.00016353,0.00070199,"ARIMA(0, 0, 1)",0.00070199,-2.852e-05,0.00053846,0.0,2025-W30
adj_close.csv,ARIMA,JNK,0.00026889,0.00101346,0.00031147,0.00026889,0.00101346,0.00031147,"ARIMA(0, 0, 1)",-0.00031147,-4.258e-05,0.00070199,0.0,2025-W31
adj_close.csv,ARIMA,JNK,0.00075082,0.00107801,0.00076654,0.00075082,0.00107801,0.00076654,"ARIMA(0, 0, 1)",0.00076654,1.572e-05,-0.00031147,0.0,2025-W32
adj_close.csv,ARIMA,JNK,0.00045717,0.0003534,0.00041314,0.00045717,0.0003534,0.00041314,"ARIMA(0, 0, 1)",0.00041314,-4.403e-05,0.00076654,0.0,2025-W33
adj_close.csv,ARIMA,JNK,0.00107632,0.00063654,0.00104967,0.00107632,0.00063654,0.00104967,"ARIMA(0, 0, 1)",0.00104967,-2.665e-05,0.00041314,0.0,2025-W34
adj_close.csv,ARIMA,JNK,0.00022641,0.00088551,0.00016417,0.00022641,0.00088551,0.00016417,"ARIMA(0, 0, 1)",0.00016417,-6.224e-05,0.00104967,0.0,2025-W35
adj_close.csv,ARIMA,JNK,0.00137299,0.00119579,0.00135996,0.00137299,0.00119579,0.00135996,"ARIMA(0, 0, 1)",0.00135996,-1.303e-05,0.00016417,0.0,2025-W36
adj_close.csv,ARIMA,JNK,0.00044745,0.00099111,0.00036885,0.00044745,0.00099111,0.00036885,"ARIMA(0, 0, 1)",0.00036885,-7.86e-05,0.00135996,0.0,2025-W37
adj_close.csv,ARIMA,JNK,0.00084253,0.00044838,0.00081722,0.00084253,0.00044838,0.00081722,"ARIMA(0, 0, 1)",0.00081722,-2.531e-05,0.00036885,0.0,2025-W38
adj_close.csv,ARIMA,JNK,0.00044252,0.00130714,0.00048992,0.00044252,0.00130714,0.00048992,"ARIMA(0, 0, 1)",-0.00048992,-4.74e-05,0.00081722,0.0,2025-W39
adj_close.csv,ARIMA,JNK,0.00029783,0.00081279,0.00032287,0.00029783,0.00081279,0.00032287,"ARIMA(0, 0, 1)",0.00032287,2.504e-05,-0.00048992,0.0,2025-W40
adj_close.csv,ARIMA,JNK,0.00231531,0.00265507,0.0023322,0.00231531,0.00265507,0.0023322,"ARIMA(0, 0, 1)",-0.0023322,-1.69e-05,0.00032287,0.0,2025-W41
adj_close.csv,ARIMA,JNK,0.00172683,0.0041919,0.0018597,0.00172683,0.0041919,0.0018597,"ARIMA(0, 0, 1)",0.0018597,0.00013287,-0.0023322,0.0,2025-W42
adj_close.csv,ARIMA,JNK,0.00113074,0.00083394,0.00102576,0.00113074,0.00083394,0.00102576,"ARIMA(0, 0, 1)",0.00102576,-0.00010498,0.0018597,0.0,2025-W43
adj_close.csv,ARIMA,JNK,0.0006505,0.00174324,0.00071747,0.0006505,0.00174324,0.00071747,"ARIMA(0, 0, 1)",-0.00071747,-6.697e-05,0.00102576,0.0,2025-W44
adj_close.csv,ARIMA,JNK,0.00023941,0.00051708,0.00020039,0.00023941,0.00051708,0.00020039,"ARIMA(0, 0, 1)",-0.00020039,3.901e-05,-0.00071747,0.0,2025-W45
adj_close.csv,ARIMA,JNK,0.00028324,6.85e-05,0.00026889,0.00028324,6.85e-05,0.00026889,"ARIMA(0, 0, 1)",-0.00026889,1.434e-05,-0.00020039,0.0,2025-W46
adj_close.csv,ARIMA,JNK,0.00025194,0.00053779,0.00026889,0.00025194,0.00053779,0.00026889,"ARIMA(0, 0, 1)",0.00026889,1.696e-05,-0.00026889,0.0,2025-W47
adj_close.csv,ARIMA,JNK,0.0023041,0.00202011,0.002289,0.0023041,0.00202011,0.002289,"ARIMA(0, 0, 1)",0.002289,-1.51e-05,0.00026889,0.0,2025-W48
adj_close.csv,ARIMA,JNK,0.00048258,0.00194336,0.00034565,0.00048258,0.00194336,0.00034565,"ARIMA(0, 0, 1)",0.00034565,-0.00013693,0.002289,0.0,2025-W49
adj_close.csv,ARIMA,JNK,0.00042472,0.00079842,0.00045277,0.00042472,0.00079842,0.00045277,"ARIMA(0, 0, 1)",-0.00045277,-2.805e-05,0.00034565,0.0,2025-W50
adj_close.csv,ARIMA,JNK,0.00047357,0.00095123,0.00049846,0.00047357,0.00095123,0.00049846,"ARIMA(0, 0, 1)",0.00049846,2.489e-05,-0.00045277,0.0,2025-W51
adj_close.csv,ARIMA,JNK,0.00090422,0.00037793,0.00087639,0.00090422,0.00037793,0.00087639,"ARIMA(0, 0, 1)",0.00087639,-2.783e-05,0.00049846,0.0,2025-W52
adj_close.csv,ARIMA,JNK,0.00025853,0.00067064,0.00020575,0.00025853,0.00067064,0.00020575,"ARIMA(0, 0, 1)",0.00020575,-5.279e-05,0.00087639,0.0,2026-W01
adj_close.csv,ARIMA,JNK,0.00093845,0.00071767,0.00092342,0.00093845,0.00071767,0.00092342,"ARIMA(0, 0, 1)",0.00092342,-1.503e-05,0.00020575,0.0,2026-W02
adj_close.csv,ARIMA,JNK,0.00032031,0.00065745,0.00026597,0.00032031,0.00065745,0.00026597,"ARIMA(0, 0, 1)",0.00026597,-5.434e-05,0.00092342,0.0,2026-W03
adj_close.csv,ARIMA,JNK,0.0001462,0.0001382,0.00012776,0.0001462,0.0001382,0.00012776,"ARIMA(0, 0, 1)",0.00012776,-1.844e-05,0.00026597,0.0,2026-W04
adj_close.csv,ARIMA,JNK,9.379e-05,0.00022997,0.00010221,9.379e-05,0.00022997,0.00010221,"ARIMA(0, 0, 1)",-0.00010221,-8.42e-06,0.00012776,0.0,2026-W05
adj_close.csv,ARIMA,JNK,0.00451363,0.00440602,0.00450823,0.00451363,0.00440602,0.00450823,"ARIMA(0, 0, 1)",-0.00450823,5.4e-06,-0.00010221,0.0,2026-W06
adj_close.csv,ARIMA,LQD,3.332e-05,0.00187647,0.00042393,3.332e-05,0.00187647,0.00042393,"ARIMA(2, 0, 0)",0.00042393,0.0003906,-0.00145254,0.0,2024-W30
adj_close.csv,ARIMA,LQD,0.00465964,0.00392429,0.00434822,0.00465964,0.00392429,0.00434822,"ARIMA(2, 0, 0)",0.00434822,-0.00031142,0.00042393,0.0,2024-W31
adj_close.csv,ARIMA,LQD,0.00179028,0.00596408,0.00161586,0.00179028,0.00596408,0.00161586,"ARIMA(2, 0, 0)",-0.00161586,0.00017442,0.00434822,0.0,2024-W32
adj_close.csv,ARIMA,LQD,0.00177335,0.0042958,0.00267994,0.00177335,0.0042958,0.00267994,"ARIMA(2, 0, 0)",0.00267994,0.00090659,-0.00161586,0.0,2024-W33
adj_close.csv,ARIMA,LQD,0.00208256,0.0009249,0.00175504,0.00208256,0.0009249,0.00175504,"ARIMA(2, 0, 0)",0.00175504,-0.00032752,0.00267994,0.0,2024-W34
adj_close.csv,ARIMA,LQD,0.00232641,0.00347411,0.00171907,0.00232641,0.00347411,0.00171907,"ARIMA(2, 0, 0)",-0.00171907,0.00060733,0.00175504,0.0,2024-W35
adj_close.csv,ARIMA,LQD,0.00306565,0.00513637,0.0034173,0.00306565,0.00513637,0.0034173,"ARIMA(2, 0, 0)",0.0034173,0.00035164,-0.00171907,0.0,2024-W36
adj_close.csv,ARIMA,LQD,0.00190782,0.0018566,0.0015607,0.00190782,0.0018566,0.0015607,"ARIMA(2, 0, 0)",0.0015607,-0.00034712,0.0034173,0.0,2024-W37
adj_close.csv,ARIMA,LQD,0.00032569,0.00113718,0.00042352,0.00032569,0.00113718,0.00042352,"ARIMA(2, 0, 0)",0.00042352,0.00074921,0.0015607,0.0,2024-W38
adj_close.csv,ARIMA,LQD,0.00067215,0.00075871,0.00033519,0.00067215,0.00075871,0.00033519,"ARIMA(2, 0, 0)",-0.00033519,0.00033695,0.00042352,0.0,2024-W39
adj_close.csv,ARIMA,LQD,0.00245321,0.00203234,0.00236753,0.00245321,0.00203234,0.00236753,"ARIMA(2, 0, 0)",-0.00236753,8.568e-05,-0.00033519,0.0,2024-W40
adj_close.csv,ARIMA,LQD,0.00117681,0.00109013,0.0012774,0.00117681,0.00109013,0.0012774,"ARIMA(2, 0, 0)",-0.0012774,-0.00010059,-0.00236753,0.0,2024-W41
adj_close.csv,ARIMA,LQD,0.00041068,0.00116907,0.00010833,0.00041068,0.00116907,0.00010833,"ARIMA(2, 0, 0)",-0.00010833,-0.00051901,-0.0012774,0.0,2024-W42
adj_close.csv,ARIMA,LQD,0.00234717,0.00250918,0.00261751,0.00234717,0.00250918,0.00261751,"ARIMA(2, 0, 0)",-0.00261751,-0.00027034,-0.00010833,0.0,2024-W43
adj_close.csv,ARIMA,LQD,0.00162365,0.00093247,0.00168504,0.00162365,0.00093247,0.00168504,"ARIMA(2, 0, 0)",-0.00168504,-6.139e-05,-0.00261751,0.0,2024-W44
adj_close.csv,ARIMA,LQD,0.00396615,0.00506343,0.00337838,0.00396615,0.00506343,0.00337838,"ARIMA(2, 0, 0)",0.00337838,-0.00058776,-0.00168504,0.0,2024-W45
adj_close.csv,ARIMA,LQD,0.00261453,0.00629438,0.00291599,0.00261453,0.00629438,0.00291599,"ARIMA(2, 0, 0)",-0.00291599,-0.00030146,0.00337838,0.0,2024-W46
adj_close.csv,ARIMA,LQD,0.00042861,0.00317443,0.00025844,0.00042861,0.00317443,0.00025844,"ARIMA(2, 0, 0)",0.00025844,0.00068705,-0.00291599,0.0,2024-W47
adj_close.csv,ARIMA,LQD,0.00551233,0.00465155,0.00490999,0.00551233,0.00465155,0.00490999,"ARIMA(2, 0, 0)",0.00490999,-0.00060234,0.00025844,0.0,2024-W48
adj_close.csv,ARIMA,LQD,0.00087594,0.00394472,0.00096527,0.00087594,0.00394472,0.00096527,"ARIMA(2, 0, 0)",0.00096527,8.934e-05,0.00490999,0.0,2024-W49
adj_close.csv,ARIMA,LQD,0.00457614,0.00457485,0.00360958,0.00457614,0.00457485,0.00360958,"ARIMA(2, 0, 0)",-0.00360958,0.00096656,0.00096527,0.0,2024-W50
adj_close.csv,ARIMA,LQD,0.00266025,0.00109134,0.00251824,0.00266025,0.00109134,0.00251824,"ARIMA(2, 0, 0)",-0.00251824,0.00014201,-0.00360958,0.0,2024-W51
adj_close.csv,ARIMA,LQD,0.00010089,0.00174581,0.00077243,0.00010089,0.00174581,0.00077243,"ARIMA(2, 0, 0)",-0.00077243,-0.00067153,-0.00251824,0.0,2024-W52
adj_close.csv,ARIMA,LQD,0.00033687,0.0006552,0.00011722,0.00033687,0.0006552,0.00011722,"ARIMA(2, 0, 0)",-0.00011722,-0.00045409,-0.00077243,0.0,2025-W01
adj_close.csv,ARIMA,LQD,0.00269332,0.00271298,0.00283021,0.00269332,0.00271298,0.00283021,"ARIMA(2, 0, 0)",-0.00283021,-0.00013689,-0.00011722,0.0,2025-W02
adj_close.csv,ARIMA,LQD,0.00266669,0.00543177,0.00260156,0.00266669,0.00543177,0.00260156,"ARIMA(2, 0, 0)",0.00260156,-6.513e-05,-0.00283021,0.0,2025-W03
adj_close.csv,ARIMA,LQD,0.00126791,0.00180675,0.00079481,0.00126791,0.00180675,0.00079481,"ARIMA(2, 0, 0)",0.00079481,-0.0004731,0.00260156,0.0,2025-W04
adj_close.csv,ARIMA,LQD,0.00017232,0.00016102,0.00063379,0.00017232,0.00016102,0.00063379,"ARIMA(2, 0, 0)",0.00063379,0.00046147,0.00079481,0.0,2025-W05
adj_close.csv,ARIMA,LQD,0.00070933,0.00022174,0.00085553,0.00070933,0.00022174,0.00085553,"ARIMA(2, 0, 0)",0.00085553,0.0001462,0.00063379,0.0,2025-W06
adj_close.csv,ARIMA,LQD,0.00073222,1.77e-06,0.00085376,0.00073222,1.77e-06,0.00085376,"ARIMA(2, 0, 0)",0.00085376,0.00012154,0.00085553,0.0,2025-W07
adj_close.csv,ARIMA,LQD,0.00044033,0.00025257,0.00060119,0.00044033,0.00025257,0.00060119,"ARIMA(2, 0, 0)",0.00060119,0.00016087,0.00085376,0.0,2025-W08
adj_close.csv,ARIMA,LQD,0.0023395,0.00189589,0.00249708,0.0023395,0.00189589,0.00249708,"ARIMA(2, 0, 0)",0.00249708,0.00015758,0.00060119,0.0,2025-W09
adj_close.csv,ARIMA,LQD,0.00175194,0.0041062,0.00160912,0.00175194,0.0041062,0.00160912,"ARIMA(2, 0, 0)",-0.00160912,0.00014281,0.00249708,0.0,2025-W10
adj_close.csv,ARIMA,LQD,0.00110464,0.0009248,0.00068432,0.00110464,0.0009248,0.00068432,"ARIMA(2, 0, 0)",-0.00068432,0.00042032,-0.00160912,0.0,2025-W11
adj_close.csv,ARIMA,LQD,0.00178322,0.00217943,0.0014951,0.00178322,0.00217943,0.0014951,"ARIMA(2, 0, 0)",0.0014951,-0.00028812,-0.00068432,0.0,2025-W12
adj_close.csv,ARIMA,LQD,0.00041602,0.00201067,0.00051557,0.00041602,0.00201067,0.00051557,"ARIMA(2, 0, 0)",-0.00051557,-9.955e-05,0.0014951,0.0,2025-W13
adj_close.csv,ARIMA,LQD,0.00107032,0.0018367,0.00132113,0.00107032,0.0018367,0.00132113,"ARIMA(2, 0, 0)",0.00132113,0.00025081,-0.00051557,0.0,2025-W14
adj_close.csv,ARIMA,LQD,0.00656123,0.00795695,0.00663582,0.00656123,0.00795695,0.00663582,"ARIMA(2, 0, 0)",-0.00663582,-7.46e-05,0.00132113,0.0,2025-W15
adj_close.csv,ARIMA,LQD,0.00338324,0.01022114,0.00358532,0.00338324,0.01022114,0.00358532,"ARIMA(2, 0, 0)",0.00358532,0.00020207,-0.00663582,0.0,2025-W16
adj_close.csv,ARIMA,LQD,0.00353929,0.00127552,0.0023098,0.00353929,0.00127552,0.0023098,"ARIMA(2, 0, 0)",0.0023098,-0.00122949,0.00358532,0.0,2025-W17
adj_close.csv,ARIMA,LQD,0.00178299,0.0035183,0.0012085,0.00178299,0.0035183,0.0012085,"ARIMA(2, 0, 0)",-0.0012085,0.00057449,0.0023098,0.0,2025-W18
adj_close.csv,ARIMA,LQD,0.00093293,0.0006465,0.000562,0.00093293,0.0006465,0.000562,"ARIMA(2, 0, 0)",-0.000562,0.00037093,-0.0012085,0.0,2025-W19
adj_close.csv,ARIMA,LQD,0.0011028,0.00147914,0.00091714,0.0011028,0.00147914,0.00091714,"ARIMA(2, 0, 0)",0.00091714,-0.00018567,-0.000562,0.0,2025-W20
adj_close.csv,ARIMA,LQD,0.00144498,0.00245431,0.00153718,0.00144498,0.00245431,0.00153718,"ARIMA(2, 0, 0)",-0.00153718,-9.22e-05,0.00091714,0.0,2025-W21
adj_close.csv,ARIMA,LQD,0.00332788,0.00501772,0.00348054,0.00332788,0.00501772,0.00348054,"ARIMA(2, 0, 0)",0.00348054,0.00015266,-0.00153718,0.0,2025-W22
adj_close.csv,ARIMA,LQD,0.00056979,0.00432795,0.00084741,0.00056979,0.00432795,0.00084741,"ARIMA(2, 0, 0)",-0.00084741,-0.00027762,0.00348054,0.0,2025-W23
adj_close.csv,ARIMA,LQD,0.0010599,0.00246818,0.00162077,0.0010599,0.00246818,0.00162077,"ARIMA(2, 0, 0)",0.00162077,0.00056088,-0.00084741,0.0,2025-W24
adj_close.csv,ARIMA,LQD,0.0009664,0.00081033,0.00081044,0.0009664,0.00081033,0.00081044,"ARIMA(2, 0, 0)",0.00081044,-0.00015596,0.00162077,0.0,2025-W25
adj_close.csv,ARIMA,LQD,0.0013516,0.00079218,0.00160262,0.0013516,0.00079218,0.00160262,"ARIMA(2, 0, 0)",0.00160262,0.00025102,0.00081044,0.0,2025-W26
adj_close.csv,ARIMA,LQD,0.00091827,0.00056946,0.00103316,0.00091827,0.00056946,0.00103316,"ARIMA(2, 0, 0)",0.00103316,0.00011489,0.00160262,0.0,2025-W27
adj_close.csv,ARIMA,LQD,0.00205618,0.00283845,0.00180529,0.00205618,0.00283845,0.00180529,"ARIMA(2, 0, 0)",-0.00180529,0.0002509,0.00103316,0.0,2025-W28
adj_close.csv,ARIMA,LQD,0.0002035,0.0021935,0.00038821,0.0002035,0.0021935,0.00038821,"ARIMA(2, 0, 0)",0.00038821,0.00018471,-0.00180529,0.0,2025-W29
adj_close.csv,ARIMA,LQD,0.00158227,0.00090047,0.00128868,0.00158227,0.00090047,0.00128868,"ARIMA(2, 0, 0)",0.00128868,-0.00029359,0.00038821,0.0,2025-W30
adj_close.csv,ARIMA,LQD,0.00193861,0.00069781,0.00198649,0.00193861,0.00069781,0.00198649,"ARIMA(2, 0, 0)",0.00198649,4.788e-05,0.00128868,0.0,2025-W31
adj_close.csv,ARIMA,LQD,0.000589,0.00238822,0.00040173,0.000589,0.00238822,0.00040173,"ARIMA(2, 0, 0)",-0.00040173,0.00018727,0.00198649,0.0,2025-W32
adj_close.csv,ARIMA,LQD,0.000284,0.00100405,0.00060232,0.000284,0.00100405,0.00060232,"ARIMA(2, 0, 0)",0.00060232,0.00031832,-0.00040173,0.0,2025-W33
adj_close.csv,ARIMA,LQD,0.00090615,0.00023426,0.00083658,0.00090615,0.00023426,0.00083658,"ARIMA(2, 0, 0)",0.00083658,-6.957e-05,0.00060232,0.0,2025-W34
adj_close.csv,ARIMA,LQD,0.00081492,0.00156383,0.00072726,0.00081492,0.00156383,0.00072726,"ARIMA(2, 0, 0)",-0.00072726,8.766e-05,0.00083658,0.0,2025-W35
adj_close.csv,ARIMA,LQD,0.00383647,0.0047031,0.00397584,0.00383647,0.0047031,0.00397584,"ARIMA(2, 0, 0)",0.00397584,0.00013937,-0.00072726,0.0,2025-W36
adj_close.csv,ARIMA,LQD,0.00166857,0.00247032,0.00150552,0.00166857,0.00247032,0.00150552,"ARIMA(2, 0, 0)",0.00150552,-0.00016305,0.00397584,0.0,2025-W37
adj_close.csv,ARIMA,LQD,0.00110621,0.0019882,0.00048269,0.00110621,0.0019882,0.00048269,"ARIMA(2, 0, 0)",-0.00048269,0.00062352,0.00150552,0.0,2025-W38
adj_close.csv,ARIMA,LQD,0.0011905,0.0004682,0.00095089,0.0011905,0.0004682,0.00095089,"ARIMA(2, 0, 0)",-0.00095089,0.00023962,-0.00048269,0.0,2025-W39
adj_close.csv,ARIMA,LQD,0.00140774,0.00229121,0.00134033,0.00140774,0.00229121,0.00134033,"ARIMA(2, 0, 0)",0.00134033,-6.742e-05,-0.00095089,0.0,2025-W40
adj_close.csv,ARIMA,LQD,0.00019988,0.00169926,0.00035893,0.00019988,0.00169926,0.00035893,"ARIMA(2, 0, 0)",-0.00035893,-0.00015905,0.00134033,0.0,2025-W41
adj_close.csv,ARIMA,LQD,0.00131003,0.00187986,0.00152092,0.00131003,0.00187986,0.00152092,"ARIMA(2, 0, 0)",0.00152092,0.00021089,-0.00035893,0.0,2025-W42
adj_close.csv,ARIMA,LQD,0.00099501,0.00059615,0.00092477,0.00099501,0.00059615,0.00092477,"ARIMA(2, 0, 0)",0.00092477,-7.024e-05,0.00152092,0.0,2025-W43
adj_close.csv,ARIMA,LQD,0.00289075,0.0035861,0.00266133,0.00289075,0.0035861,0.00266133,"ARIMA(2, 0, 0)",-0.00266133,0.00022942,0.00092477,0.0,2025-W44
adj_close.csv,ARIMA,LQD,0.00038151,0.00244825,0.00021307,0.00038151,0.00244825,0.00021307,"ARIMA(2, 0, 0)",-0.00021307,0.00016844,-0.00266133,0.0,2025-W45
adj_close.csv,ARIMA,LQD,0.00042851,0.00061964,0.00083271,0.00042851,0.00061964,0.00083271,"ARIMA(2, 0, 0)",-0.00083271,-0.0004042,-0.00021307,0.0,2025-W46
adj_close.csv,ARIMA,LQD,0.0012366,0.00204446,0.00121174,0.0012366,0.00204446,0.00121174,"ARIMA(2, 0, 0)",0.00121174,-2.485e-05,-0.00083271,0.0,2025-W47
adj_close.csv,ARIMA,LQD,0.00224957,0.00089797,0.00210972,0.00224957,0.00089797,0.00210972,"ARIMA(2, 0, 0)",0.00210972,-0.00013985,0.00121174,0.0,2025-W48
adj_close.csv,ARIMA,LQD,0.00122293,0.00316594,0.00105622,0.00122293,0.00316594,0.00105622,"ARIMA(2, 0, 0)",-0.00105622,0.00016671,0.00210972,0.0,2025-W49
adj_close.csv,ARIMA,LQD,0.00157778,0.00019249,0.0012487,0.00157778,0.00019249,0.0012487,"ARIMA(2, 0, 0)",-0.0012487,0.00032908,-0.00105622,0.0,2025-W50
adj_close.csv,ARIMA,LQD,0.0008615,0.00196428,0.00071557,0.0008615,0.00196428,0.00071557,"ARIMA(2, 0, 0)",0.00071557,-0.00014593,-0.0012487,0.0,2025-W51
adj_close.csv,ARIMA,LQD,0.00134691,0.00043948,0.00115506,0.00134691,0.00043948,0.00115506,"ARIMA(2, 0, 0)",0.00115506,-0.00019185,0.00071557,0.0,2025-W52
adj_close.csv,ARIMA,LQD,0.00118169,0.002242,0.00108695,0.00118169,0.002242,0.00108695,"ARIMA(2, 0, 0)",-0.00108695,9.474e-05,0.00115506,0.0,2026-W01
adj_close.csv,ARIMA,LQD,0.00068964,0.00195651,0.00086956,0.00068964,0.00195651,0.00086956,"ARIMA(2, 0, 0)",0.00086956,0.00017992,-0.00108695,0.0,2026-W02
adj_close.csv,ARIMA,LQD,4.222e-05,0.00099613,0.00012658,4.222e-05,0.00099613,0.00012658,"ARIMA(2, 0, 0)",-0.00012658,-0.0001688,0.00086956,0.0,2026-W03
adj_close.csv,ARIMA,LQD,0.00048067,0.0007363,0.00060972,0.00048067,0.0007363,0.00060972,"ARIMA(2, 0, 0)",0.00060972,0.00012905,-0.00012658,0.0,2026-W04
adj_close.csv,ARIMA,LQD,0.00046276,0.0010975,0.00048778,0.00046276,0.0010975,0.00048778,"ARIMA(2, 0, 0)",-0.00048778,-2.502e-05,0.00060972,0.0,2026-W05
adj_close.csv,ARIMA,LQD,0.00471811,0.00413538,0.00462315,0.00471811,0.00413538,0.00462315,"ARIMA(2, 0, 0)",-0.00462315,9.496e-05,-0.00048778,0.0,2026-W06
adj_close.csv,ARIMA,MCHI,0.00481766,0.0055553,0.00369891,0.00481766,0.0055553,0.00369891,"ARIMA(1, 0, 1)",-0.00369891,0.00111875,-0.00925421,0.0,2024-W30
adj_close.csv,ARIMA,MCHI,0.00167084,0.0016031,0.00209581,0.00167084,0.0016031,0.00209581,"ARIMA(1, 0, 1)",-0.00209581,-0.00042497,-0.00369891,0.0,2024-W31
adj_close.csv,ARIMA,MCHI,0.00281987,0.00544826,0.00335245,0.00281987,0.00544826,0.00335245,"ARIMA(1, 0, 1)",0.00335245,0.00053258,-0.00209581,0.0,2024-W32
adj_close.csv,ARIMA,MCHI,0.00592005,0.00183153,0.00518398,0.00592005,0.00183153,0.00518398,"ARIMA(1, 0, 1)",0.00518398,-0.00073607,0.00335245,0.0,2024-W33
adj_close.csv,ARIMA,MCHI,0.00043183,0.00555993,0.00037595,0.00043183,0.00555993,0.00037595,"ARIMA(1, 0, 1)",-0.00037595,5.588e-05,0.00518398,0.0,2024-W34
adj_close.csv,ARIMA,MCHI,0.00326815,0.00289619,0.00327214,0.00326815,0.00289619,0.00327214,"ARIMA(1, 0, 1)",-0.00327214,-3.99e-06,-0.00037595,0.0,2024-W35
adj_close.csv,ARIMA,MCHI,0.0071083,0.00351289,0.00678504,0.0071083,0.00351289,0.00678504,"ARIMA(1, 0, 1)",-0.00678504,0.00032326,-0.00327214,0.0,2024-W36
adj_close.csv,ARIMA,MCHI,0.00055139,0.00771633,0.00093129,0.00055139,0.00771633,0.00093129,"ARIMA(1, 0, 1)",0.00093129,0.0003799,-0.00678504,0.0,2024-W37
adj_close.csv,ARIMA,MCHI,0.00881628,0.00749502,0.00842632,0.00881628,0.00749502,0.00842632,"ARIMA(1, 0, 1)",0.00842632,-0.00038996,0.00093129,0.0,2024-W38
adj_close.csv,ARIMA,MCHI,0.03618279,0.02724724,0.03567356,0.03618279,0.02724724,0.03567356,"ARIMA(1, 0, 1)",0.03567356,-0.00050923,0.00842632,0.0,2024-W39
adj_close.csv,ARIMA,MCHI,0.02512536,0.0133892,0.02228436,0.02512536,0.0133892,0.02228436,"ARIMA(1, 0, 1)",0.02228436,-0.002841,0.03567356,0.0,2024-W40
adj_close.csv,ARIMA,MCHI,0.01591496,0.03819938,0.01591502,0.01591496,0.03819938,0.01591502,"ARIMA(1, 0, 1)",-0.01591502,-6e-08,0.02228436,0.0,2024-W41
adj_close.csv,ARIMA,MCHI,0.00898664,0.00757485,0.00834017,0.00898664,0.00757485,0.00834017,"ARIMA(1, 0, 1)",-0.00834017,0.00064647,-0.01591502,0.0,2024-W42
adj_close.csv,ARIMA,MCHI,0.00255142,0.0057888,0.00255138,0.00255142,0.0057888,0.00255138,"ARIMA(1, 0, 1)",-0.00255138,5e-08,-0.00834017,0.0,2024-W43
adj_close.csv,ARIMA,MCHI,0.00149001,0.00106139,0.00148999,0.00149001,0.00106139,0.00148999,"ARIMA(1, 0, 1)",-0.00148999,2e-08,-0.00255138,0.0,2024-W44
adj_close.csv,ARIMA,MCHI,8.087e-05,0.00140912,8.086e-05,8.087e-05,0.00140912,8.086e-05,"ARIMA(1, 0, 1)",-8.086e-05,1e-08,-0.00148999,0.0,2024-W45
adj_close.csv,ARIMA,MCHI,0.00859281,0.00851195,0.00859281,0.00859281,0.00851195,0.00859281,"ARIMA(1, 0, 1)",-0.00859281,0.0,-8.086e-05,0.0,2024-W46
adj_close.csv,ARIMA,MCHI,0.00383569,0.00475718,0.00383563,0.00383569,0.00475718,0.00383563,"ARIMA(1, 0, 1)",-0.00383563,6e-08,-0.00859281,0.0,2024-W47
adj_close.csv,ARIMA,MCHI,0.00447772,0.00831337,0.00447774,0.00447772,0.00831337,0.00447774,"ARIMA(1, 0, 1)",0.00447774,2e-08,-0.00383563,0.0,2024-W48
adj_close.csv,ARIMA,MCHI,0.00206038,0.00241739,0.00206036,0.00206038,0.00241739,0.00206036,"ARIMA(1, 0, 1)",0.00206036,-2e-08,0.00447774,0.0,2024-W49
adj_close.csv,ARIMA,MCHI,0.00170783,0.00035254,0.00170782,0.00170783,0.00035254,0.00170782,"ARIMA(1, 0, 1)",0.00170782,-1e-08,0.00206036,0.0,2024-W50
adj_close.csv,ARIMA,MCHI,0.00091214,0.00261997,0.00091215,0.00091214,0.00261997,0.00091215,"ARIMA(1, 0, 1)",-0.00091215,-1e-08,0.00170782,0.0,2024-W51
adj_close.csv,ARIMA,MCHI,0.00195622,0.00286838,0.00195623,0.00195622,0.00286838,0.00195623,"ARIMA(1, 0, 1)",0.00195623,1e-08,-0.00091215,0.0,2024-W52
adj_close.csv,ARIMA,MCHI,0.0057535,0.00770974,0.00575351,0.0057535,0.00770974,0.00575351,"ARIMA(1, 0, 1)",-0.00575351,-1e-08,0.00195623,0.0,2025-W01
adj_close.csv,ARIMA,MCHI,0.01487678,0.00912323,0.01487674,0.01487678,0.00912323,0.01487674,"ARIMA(1, 0, 1)",-0.01487674,3e-08,-0.00575351,0.0,2025-W02
adj_close.csv,ARIMA,MCHI,0.01112381,0.02600062,0.01112387,0.01112381,0.02600062,0.01112387,"ARIMA(1, 0, 1)",0.01112387,6e-08,-0.01487674,0.0,2025-W03
adj_close.csv,ARIMA,MCHI,0.00630378,0.00482012,0.00630375,0.00630378,0.00482012,0.00630375,"ARIMA(1, 0, 1)",0.00630375,-3e-08,0.01112387,0.0,2025-W04
adj_close.csv,ARIMA,MCHI,0.00425905,0.00204472,0.00425903,0.00425905,0.00204472,0.00425903,"ARIMA(1, 0, 1)",0.00425903,-1e-08,0.00630375,0.0,2025-W05
adj_close.csv,ARIMA,MCHI,0.0053804,0.00112136,0.00538039,0.0053804,0.00112136,0.00538039,"ARIMA(1, 0, 1)",0.00538039,-1e-08,0.00425903,0.0,2025-W06
adj_close.csv,ARIMA,MCHI,0.01446508,0.00908468,0.01446507,0.01446508,0.00908468,0.01446507,"ARIMA(1, 0, 1)",0.01446507,-1e-08,0.00538039,0.0,2025-W07
adj_close.csv,ARIMA,MCHI,0.01057563,0.00388948,0.01057559,0.01057563,0.00388948,0.01057559,"ARIMA(1, 0, 1)",0.01057559,-4e-08,0.01446507,0.0,2025-W08
adj_close.csv,ARIMA,MCHI,0.00801202,0.01858763,0.00801203,0.00801202,0.01858763,0.00801203,"ARIMA(1, 0, 1)",-0.00801203,-2e-08,0.01057559,0.0,2025-W09
adj_close.csv,ARIMA,MCHI,0.01061293,0.01862497,0.01061294,0.01061293,0.01862497,0.01061294,"ARIMA(1, 0, 1)",0.01061294,1e-08,-0.00801203,0.0,2025-W10
adj_close.csv,ARIMA,MCHI,0.00305619,0.00755677,0.00305617,0.00305619,0.00755677,0.00305617,"ARIMA(1, 0, 1)",0.00305617,-2e-08,0.01061294,0.0,2025-W11
adj_close.csv,ARIMA,MCHI,0.00608787,0.00914404,0.00608787,0.00608787,0.00914404,0.00608787,"ARIMA(1, 0, 1)",-0.00608787,-0.0,0.00305617,0.0,2025-W12
adj_close.csv,ARIMA,MCHI,0.00391957,0.00216831,0.00391956,0.00391957,0.00216831,0.00391956,"ARIMA(1, 0, 1)",-0.00391956,1e-08,-0.00608787,0.0,2025-W13
adj_close.csv,ARIMA,MCHI,0.01749226,0.01357269,0.01749226,0.01749226,0.01357269,0.01749226,"ARIMA(1, 0, 1)",-0.01749226,1e-08,-0.00391956,0.0,2025-W14
adj_close.csv,ARIMA,MCHI,0.00128414,0.01620815,0.00128411,0.00128414,0.01620815,0.00128411,"ARIMA(1, 0, 1)",-0.00128411,2e-08,-0.01749226,0.0,2025-W15
adj_close.csv,ARIMA,MCHI,0.00197032,0.00068621,0.00197032,0.00197032,0.00068621,0.00197032,"ARIMA(1, 0, 1)",-0.00197032,0.0,-0.00128411,0.0,2025-W16
adj_close.csv,ARIMA,MCHI,0.01035805,0.01232837,0.01035805,0.01035805,0.01232837,0.01035805,"ARIMA(1, 0, 1)",0.01035805,0.0,-0.00197032,0.0,2025-W17
adj_close.csv,ARIMA,MCHI,0.00573478,0.00462329,0.00573476,0.00573478,0.00462329,0.00573476,"ARIMA(1, 0, 1)",0.00573476,-2e-08,0.01035805,0.0,2025-W18
adj_close.csv,ARIMA,MCHI,0.00063746,0.00637223,0.00063747,0.00063746,0.00637223,0.00063747,"ARIMA(1, 0, 1)",-0.00063747,-1e-08,0.00573476,0.0,2025-W19
adj_close.csv,ARIMA,MCHI,0.00434677,0.00498425,0.00434678,0.00434677,0.00498425,0.00434678,"ARIMA(1, 0, 1)",0.00434678,0.0,-0.00063747,0.0,2025-W20
adj_close.csv,ARIMA,MCHI,0.00131869,0.00302809,0.00131869,0.00131869,0.00302809,0.00131869,"ARIMA(1, 0, 1)",0.00131869,-1e-08,0.00434678,0.0,2025-W21
adj_close.csv,ARIMA,MCHI,0.0091088,0.01042749,0.0091088,0.0091088,0.01042749,0.0091088,"ARIMA(1, 0, 1)",-0.0091088,-0.0,0.00131869,0.0,2025-W22
adj_close.csv,ARIMA,MCHI,0.0077975,0.01690631,0.00779751,0.0077975,0.01690631,0.00779751,"ARIMA(1, 0, 1)",0.00779751,1e-08,-0.0091088,0.0,2025-W23
adj_close.csv,ARIMA,MCHI,0.00054696,0.00834448,0.00054697,0.00054696,0.00834448,0.00054697,"ARIMA(1, 0, 1)",-0.00054697,-1e-08,0.00779751,0.0,2025-W24
adj_close.csv,ARIMA,MCHI,0.0034066,0.00285963,0.0034066,0.0034066,0.00285963,0.0034066,"ARIMA(1, 0, 1)",-0.0034066,0.0,-0.00054697,0.0,2025-W25
adj_close.csv,ARIMA,MCHI,0.00618378,0.00959038,0.00618378,0.00618378,0.00959038,0.00618378,"ARIMA(1, 0, 1)",0.00618378,1e-08,-0.0034066,0.0,2025-W26
adj_close.csv,ARIMA,MCHI,0.00209279,0.00827658,0.0020928,0.00209279,0.00827658,0.0020928,"ARIMA(1, 0, 1)",-0.0020928,-1e-08,0.00618378,0.0,2025-W27
adj_close.csv,ARIMA,MCHI,0.00083886,0.00293167,0.00083887,0.00083886,0.00293167,0.00083887,"ARIMA(1, 0, 1)",0.00083887,0.0,-0.0020928,0.0,2025-W28
adj_close.csv,ARIMA,MCHI,0.00889827,0.0080594,0.00889827,0.00889827,0.0080594,0.00889827,"ARIMA(1, 0, 1)",0.00889827,-0.0,0.00083887,0.0,2025-W29
adj_close.csv,ARIMA,MCHI,0.00508707,0.00381122,0.00508705,0.00508707,0.00381122,0.00508705,"ARIMA(1, 0, 1)",0.00508705,-1e-08,0.00889827,0.0,2025-W30
adj_close.csv,ARIMA,MCHI,0.00835114,0.0134382,0.00835114,0.00835114,0.0134382,0.00835114,"ARIMA(1, 0, 1)",-0.00835114,-1e-08,0.00508705,0.0,2025-W31
adj_close.csv,ARIMA,MCHI,0.00582378,0.01417493,0.00582379,0.00582378,0.01417493,0.00582379,"ARIMA(1, 0, 1)",0.00582379,1e-08,-0.00835114,0.0,2025-W32
adj_close.csv,ARIMA,MCHI,0.00505669,0.0007671,0.00505669,0.00505669,0.0007671,0.00505669,"ARIMA(1, 0, 1)",0.00505669,-1e-08,0.00582379,0.0,2025-W33
adj_close.csv,ARIMA,MCHI,0.00623557,0.00117888,0.00623556,0.00623557,0.00117888,0.00623556,"ARIMA(1, 0, 1)",0.00623556,-1e-08,0.00505669,0.0,2025-W34
adj_close.csv,ARIMA,MCHI,0.00084634,0.00708191,0.00084635,0.00084634,0.00708191,0.00084635,"ARIMA(1, 0, 1)",-0.00084635,-1e-08,0.00623556,0.0,2025-W35
adj_close.csv,ARIMA,MCHI,0.00016303,0.00100938,0.00016303,0.00016303,0.00100938,0.00016303,"ARIMA(1, 0, 1)",0.00016303,0.0,-0.00084635,0.0,2025-W36
adj_close.csv,ARIMA,MCHI,0.00830128,0.00813824,0.00830128,0.00830128,0.00813824,0.00830128,"ARIMA(1, 0, 1)",0.00830128,-0.0,0.00016303,0.0,2025-W37
adj_close.csv,ARIMA,MCHI,0.00152662,0.00677467,0.00152661,0.00152662,0.00677467,0.00152661,"ARIMA(1, 0, 1)",0.00152661,-1e-08,0.00830128,0.0,2025-W38
adj_close.csv,ARIMA,MCHI,0.00037279,0.00189941,0.00037279,0.00037279,0.00189941,0.00037279,"ARIMA(1, 0, 1)",-0.00037279,-0.0,0.00152661,0.0,2025-W39
adj_close.csv,ARIMA,MCHI,0.0068166,0.0071894,0.0068166,0.0068166,0.0071894,0.0068166,"ARIMA(1, 0, 1)",0.0068166,0.0,-0.00037279,0.0,2025-W40
adj_close.csv,ARIMA,MCHI,0.01614132,0.02295793,0.01614133,0.01614132,0.02295793,0.01614133,"ARIMA(1, 0, 1)",-0.01614133,-1e-08,0.0068166,0.0,2025-W41
adj_close.csv,ARIMA,MCHI,0.00615924,0.0223006,0.00615927,0.00615924,0.0223006,0.00615927,"ARIMA(1, 0, 1)",0.00615927,3e-08,-0.01614133,0.0,2025-W42
adj_close.csv,ARIMA,MCHI,0.00375541,0.00240387,0.0037554,0.00375541,0.00240387,0.0037554,"ARIMA(1, 0, 1)",0.0037554,-1e-08,0.00615927,0.0,2025-W43
adj_close.csv,ARIMA,MCHI,0.00293572,0.00669113,0.00293573,0.00293572,0.00669113,0.00293573,"ARIMA(1, 0, 1)",-0.00293573,-1e-08,0.0037554,0.0,2025-W44
adj_close.csv,ARIMA,MCHI,0.0001258,0.00306154,0.0001258,0.0001258,0.00306154,0.0001258,"ARIMA(1, 0, 1)",0.0001258,1e-08,-0.00293573,0.0,2025-W45
adj_close.csv,ARIMA,MCHI,0.00034615,0.00047195,0.00034615,0.00034615,0.00047195,0.00034615,"ARIMA(1, 0, 1)",-0.00034615,-0.0,0.0001258,0.0,2025-W46
adj_close.csv,ARIMA,MCHI,0.00829569,0.00794954,0.00829569,0.00829569,0.00794954,0.00829569,"ARIMA(1, 0, 1)",-0.00829569,0.0,-0.00034615,0.0,2025-W47
adj_close.csv,ARIMA,MCHI,0.00519837,0.01349408,0.00519839,0.00519837,0.01349408,0.00519839,"ARIMA(1, 0, 1)",0.00519839,2e-08,-0.00829569,0.0,2025-W48
adj_close.csv,ARIMA,MCHI,0.00147367,0.00372473,0.00147365,0.00147367,0.00372473,0.00147365,"ARIMA(1, 0, 1)",0.00147365,-1e-08,0.00519839,0.0,2025-W49
adj_close.csv,ARIMA,MCHI,0.00367219,0.00514585,0.0036722,0.00367219,0.00514585,0.0036722,"ARIMA(1, 0, 1)",-0.0036722,-0.0,0.00147365,0.0,2025-W50
adj_close.csv,ARIMA,MCHI,0.00048483,0.00318737,0.00048482,0.00048483,0.00318737,0.00048482,"ARIMA(1, 0, 1)",-0.00048482,1e-08,-0.0036722,0.0,2025-W51
adj_close.csv,ARIMA,MCHI,0.00262512,0.00310995,0.00262512,0.00262512,0.00310995,0.00262512,"ARIMA(1, 0, 1)",0.00262512,0.0,-0.00048482,0.0,2025-W52
adj_close.csv,ARIMA,MCHI,0.0039269,0.00130177,0.00392689,0.0039269,0.00130177,0.00392689,"ARIMA(1, 0, 1)",0.00392689,-1e-08,0.00262512,0.0,2026-W01
adj_close.csv,ARIMA,MCHI,6.427e-05,0.00399117,6.428e-05,6.427e-05,0.00399117,6.428e-05,"ARIMA(1, 0, 1)",-6.428e-05,-1e-08,0.00392689,0.0,2026-W02
adj_close.csv,ARIMA,MCHI,0.000962,0.00102628,0.000962,0.000962,0.00102628,0.000962,"ARIMA(1, 0, 1)",0.000962,0.0,-6.428e-05,0.0,2026-W03
adj_close.csv,ARIMA,MCHI,0.00087818,8.382e-05,0.00087818,0.00087818,8.382e-05,0.00087818,"ARIMA(1, 0, 1)",0.00087818,-0.0,0.000962,0.0,2026-W04
adj_close.csv,ARIMA,MCHI,0.00108678,0.00196497,0.00108679,0.00108678,0.00196497,0.00108679,"ARIMA(1, 0, 1)",-0.00108679,-0.0,0.00087818,0.0,2026-W05
adj_close.csv,ARIMA,MCHI,0.0127411,0.01165431,0.01274109,0.0127411,0.01165431,0.01274109,"ARIMA(1, 0, 1)",-0.01274109,0.0,-0.00108679,0.0,2026-W06
adj_close.csv,ARIMA,MDY,0.00398385,0.00452158,0.0039558,0.00398385,0.00452158,0.0039558,"ARIMA(0, 0, 1)",0.0039558,-2.805e-05,-0.00056578,0.0,2024-W30
adj_close.csv,ARIMA,MDY,0.00827953,0.01263402,0.00867822,0.00827953,0.01263402,0.00867822,"ARIMA(0, 0, 1)",-0.00867822,-0.0003987,0.0039558,0.0,2024-W31
adj_close.csv,ARIMA,MDY,0.00150765,0.00804503,0.00063319,0.00150765,0.00804503,0.00063319,"ARIMA(0, 0, 1)",-0.00063319,0.00087445,-0.00867822,0.0,2024-W32
adj_close.csv,ARIMA,MDY,0.00513556,0.0059234,0.00529021,0.00513556,0.0059234,0.00529021,"ARIMA(0, 0, 1)",0.00529021,0.00015465,-0.00063319,0.0,2024-W33
adj_close.csv,ARIMA,MDY,0.0061647,0.00033058,0.00562079,0.0061647,0.00033058,0.00562079,"ARIMA(0, 0, 1)",0.00562079,-0.0005439,0.00529021,0.0,2024-W34
adj_close.csv,ARIMA,MDY,0.00030699,0.00592836,0.00030757,0.00030699,0.00592836,0.00030757,"ARIMA(0, 0, 1)",-0.00030757,-0.00061456,0.00562079,0.0,2024-W35
adj_close.csv,ARIMA,MDY,0.01236736,0.01209018,0.01239775,0.01236736,0.01209018,0.01239775,"ARIMA(0, 0, 1)",-0.01239775,-3.039e-05,-0.00030757,0.0,2024-W36
adj_close.csv,ARIMA,MDY,0.0051367,0.01879313,0.00639538,0.0051367,0.01879313,0.00639538,"ARIMA(0, 0, 1)",0.00639538,0.00125868,-0.01239775,0.0,2024-W37
adj_close.csv,ARIMA,MDY,0.00509754,0.00186369,0.00453169,0.00509754,0.00186369,0.00453169,"ARIMA(0, 0, 1)",0.00453169,-0.00056585,0.00639538,0.0,2024-W38
adj_close.csv,ARIMA,MDY,0.00149486,0.00359484,0.00093685,0.00149486,0.00359484,0.00093685,"ARIMA(0, 0, 1)",0.00093685,-0.00055802,0.00453169,0.0,2024-W39
adj_close.csv,ARIMA,MDY,0.0001926,0.00090517,3.167e-05,0.0001926,0.00090517,3.167e-05,"ARIMA(0, 0, 1)",3.167e-05,-0.00016093,0.00093685,0.0,2024-W40
adj_close.csv,ARIMA,MDY,0.00237479,0.0023223,0.00235398,0.00237479,0.0023223,0.00235398,"ARIMA(0, 0, 1)",0.00235398,-2.082e-05,3.167e-05,0.0,2024-W41
adj_close.csv,ARIMA,MDY,0.0030015,0.00039097,0.00274495,0.0030015,0.00039097,0.00274495,"ARIMA(0, 0, 1)",0.00274495,-0.00025655,0.00235398,0.0,2024-W42
adj_close.csv,ARIMA,MDY,0.00534181,0.00840683,0.00566188,0.00534181,0.00840683,0.00566188,"ARIMA(0, 0, 1)",-0.00566188,-0.00032007,0.00274495,0.0,2024-W43
adj_close.csv,ARIMA,MDY,0.00089594,0.00535161,0.00031027,0.00089594,0.00535161,0.00031027,"ARIMA(0, 0, 1)",-0.00031027,0.00058567,-0.00566188,0.0,2024-W44
adj_close.csv,ARIMA,MDY,0.01206273,0.01247025,0.01215998,0.01206273,0.01247025,0.01215998,"ARIMA(0, 0, 1)",0.01215998,9.725e-05,-0.00031027,0.0,2024-W45
adj_close.csv,ARIMA,MDY,0.00409889,0.01760943,0.00544945,0.00409889,0.01760943,0.00544945,"ARIMA(0, 0, 1)",-0.00544945,-0.00135056,0.01215998,0.0,2024-W46
adj_close.csv,ARIMA,MDY,0.00773403,0.01366558,0.00821613,0.00773403,0.01366558,0.00821613,"ARIMA(0, 0, 1)",0.00821613,0.0004821,-0.00544945,0.0,2024-W47
adj_close.csv,ARIMA,MDY,0.00306141,0.00611674,0.00209939,0.00306141,0.00611674,0.00209939,"ARIMA(0, 0, 1)",0.00209939,-0.00096202,0.00821613,0.0,2024-W48
adj_close.csv,ARIMA,MDY,0.0019401,0.00440539,0.002306,0.0019401,0.00440539,0.002306,"ARIMA(0, 0, 1)",-0.002306,-0.00036591,0.00209939,0.0,2024-W49
adj_close.csv,ARIMA,MDY,0.00326456,0.00072272,0.00302872,0.00326456,0.00072272,0.00302872,"ARIMA(0, 0, 1)",-0.00302872,0.00023584,-0.002306,0.0,2024-W50
adj_close.csv,ARIMA,MDY,0.00972204,0.00629874,0.00932747,0.00972204,0.00629874,0.00932747,"ARIMA(0, 0, 1)",-0.00932747,0.00039458,-0.00302872,0.0,2024-W51
adj_close.csv,ARIMA,MDY,0.00024225,0.01020275,0.00087528,0.00024225,0.01020275,0.00087528,"ARIMA(0, 0, 1)",0.00087528,0.00111753,-0.00932747,0.0,2024-W52
adj_close.csv,ARIMA,MDY,0.00122777,0.00037981,0.0012551,0.00122777,0.00037981,0.0012551,"ARIMA(0, 0, 1)",0.0012551,2.733e-05,0.00087528,0.0,2025-W01
adj_close.csv,ARIMA,MDY,0.004023,0.00541923,0.00416413,0.004023,0.00541923,0.00416413,"ARIMA(0, 0, 1)",-0.00416413,-0.00014113,0.0012551,0.0,2025-W02
adj_close.csv,ARIMA,MDY,0.00835373,0.01298359,0.00881946,0.00835373,0.01298359,0.00881946,"ARIMA(0, 0, 1)",0.00881946,0.00046573,-0.00416413,0.0,2025-W03
adj_close.csv,ARIMA,MDY,0.00369427,0.00613561,0.00268385,0.00369427,0.00613561,0.00268385,"ARIMA(0, 0, 1)",0.00268385,-0.00101042,0.00881946,0.0,2025-W04
adj_close.csv,ARIMA,MDY,0.00186745,0.00497648,0.00229263,0.00186745,0.00497648,0.00229263,"ARIMA(0, 0, 1)",-0.00229263,-0.00042519,0.00268385,0.0,2025-W05
adj_close.csv,ARIMA,MDY,0.00202503,0.00048657,0.00180607,0.00202503,0.00048657,0.00180607,"ARIMA(0, 0, 1)",-0.00180607,0.00021896,-0.00229263,0.0,2025-W06
adj_close.csv,ARIMA,MDY,0.00070911,0.00133404,0.00047202,0.00070911,0.00133404,0.00047202,"ARIMA(0, 0, 1)",-0.00047202,0.00023709,-0.00180607,0.0,2025-W07
adj_close.csv,ARIMA,MDY,0.00768449,0.00712966,0.00760169,0.00768449,0.00712966,0.00760169,"ARIMA(0, 0, 1)",-0.00760169,8.28e-05,-0.00047202,0.0,2025-W08
adj_close.csv,ARIMA,MDY,0.00113659,0.00735437,0.00024732,0.00113659,0.00735437,0.00024732,"ARIMA(0, 0, 1)",-0.00024732,0.00088928,-0.00760169,0.0,2025-W09
adj_close.csv,ARIMA,MDY,0.00717967,0.00680373,0.00705105,0.00717967,0.00680373,0.00705105,"ARIMA(0, 0, 1)",-0.00705105,0.00012862,-0.00024732,0.0,2025-W10
adj_close.csv,ARIMA,MDY,0.00467319,0.00318378,0.00386727,0.00467319,0.00318378,0.00386727,"ARIMA(0, 0, 1)",-0.00386727,0.00080591,-0.00705105,0.0,2025-W11
adj_close.csv,ARIMA,MDY,0.00078912,0.00515142,0.00128414,0.00078912,0.00515142,0.00128414,"ARIMA(0, 0, 1)",0.00128414,0.00049502,-0.00386727,0.0,2025-W12
adj_close.csv,ARIMA,MDY,0.00203123,0.00339983,0.00211568,0.00203123,0.00339983,0.00211568,"ARIMA(0, 0, 1)",-0.00211568,-8.445e-05,0.00128414,0.0,2025-W13
adj_close.csv,ARIMA,MDY,0.01932428,0.01698992,0.0191056,0.01932428,0.01698992,0.0191056,"ARIMA(0, 0, 1)",-0.0191056,0.00021867,-0.00211568,0.0,2025-W14
adj_close.csv,ARIMA,MDY,0.00363705,0.02470315,0.00559754,0.00363705,0.02470315,0.00559754,"ARIMA(0, 0, 1)",0.00559754,0.00196049,-0.0191056,0.0,2025-W15
adj_close.csv,ARIMA,MDY,0.00254135,0.00344093,0.00215662,0.00254135,0.00344093,0.00215662,"ARIMA(0, 0, 1)",0.00215662,-0.00038473,0.00559754,0.0,2025-W16
adj_close.csv,ARIMA,MDY,0.00645609,0.0040168,0.00617342,0.00645609,0.0040168,0.00617342,"ARIMA(0, 0, 1)",0.00617342,-0.00028268,0.00215662,0.0,2025-W17
adj_close.csv,ARIMA,MDY,0.00771462,0.00084018,0.0070136,0.00771462,0.00084018,0.0070136,"ARIMA(0, 0, 1)",0.0070136,-0.00070103,0.00617342,0.0,2025-W18
adj_close.csv,ARIMA,MDY,0.00174488,0.00604206,0.00097154,0.00174488,0.00604206,0.00097154,"ARIMA(0, 0, 1)",0.00097154,-0.00077334,0.0070136,0.0,2025-W19
adj_close.csv,ARIMA,MDY,0.00972015,0.00857791,0.00954945,0.00972015,0.00857791,0.00954945,"ARIMA(0, 0, 1)",0.00954945,-0.0001707,0.00097154,0.0,2025-W20
adj_close.csv,ARIMA,MDY,0.00637848,0.01685748,0.00730803,0.00637848,0.01685748,0.00730803,"ARIMA(0, 0, 1)",-0.00730803,-0.00092955,0.00954945,0.0,2025-W21
adj_close.csv,ARIMA,MDY,0.00119778,0.0091647,0.00185667,0.00119778,0.0091647,0.00185667,"ARIMA(0, 0, 1)",0.00185667,0.00065889,-0.00730803,0.0,2025-W22
adj_close.csv,ARIMA,MDY,0.00360925,0.00162643,0.0034831,0.00360925,0.00162643,0.0034831,"ARIMA(0, 0, 1)",0.0034831,-0.00012615,0.00185667,0.0,2025-W23
adj_close.csv,ARIMA,MDY,0.00242963,0.00629303,0.00280993,0.00242963,0.00629303,0.00280993,"ARIMA(0, 0, 1)",-0.00280993,-0.00038031,0.0034831,0.0,2025-W24
adj_close.csv,ARIMA,MDY,0.00125437,0.00432298,0.00151305,0.00125437,0.00432298,0.00151305,"ARIMA(0, 0, 1)",0.00151305,0.00025868,-0.00280993,0.0,2025-W25
adj_close.csv,ARIMA,MDY,0.00528375,0.00363646,0.00514951,0.00528375,0.00363646,0.00514951,"ARIMA(0, 0, 1)",0.00514951,-0.00013423,0.00151305,0.0,2025-W26
adj_close.csv,ARIMA,MDY,0.00748974,0.00177904,0.00692855,0.00748974,0.00177904,0.00692855,"ARIMA(0, 0, 1)",0.00692855,-0.00056119,0.00514951,0.0,2025-W27
adj_close.csv,ARIMA,MDY,0.0003527,0.00803045,0.0011019,0.0003527,0.00803045,0.0011019,"ARIMA(0, 0, 1)",-0.0011019,-0.0007492,0.00692855,0.0,2025-W28
adj_close.csv,ARIMA,MDY,3.035e-05,0.0011675,6.56e-05,3.035e-05,0.0011675,6.56e-05,"ARIMA(0, 0, 1)",6.56e-05,3.525e-05,-0.0011019,0.0,2025-W29
adj_close.csv,ARIMA,MDY,0.00286469,0.00279603,0.00286163,0.00286469,0.00279603,0.00286163,"ARIMA(0, 0, 1)",0.00286163,-3.06e-06,6.56e-05,0.0,2025-W30
adj_close.csv,ARIMA,MDY,0.00687464,0.01002515,0.00716352,0.00687464,0.01002515,0.00716352,"ARIMA(0, 0, 1)",-0.00716352,-0.00028889,0.00286163,0.0,2025-W31
adj_close.csv,ARIMA,MDY,0.00070451,0.00857978,0.00141625,0.00070451,0.00857978,0.00141625,"ARIMA(0, 0, 1)",0.00141625,0.00071174,-0.00716352,0.0,2025-W32
adj_close.csv,ARIMA,MDY,0.00317601,0.00168672,0.00310297,0.00317601,0.00168672,0.00310297,"ARIMA(0, 0, 1)",0.00310297,-7.304e-05,0.00141625,0.0,2025-W33
adj_close.csv,ARIMA,MDY,0.00560839,0.00217461,0.00527758,0.00560839,0.00217461,0.00527758,"ARIMA(0, 0, 1)",0.00527758,-0.0003308,0.00310297,0.0,2025-W34
adj_close.csv,ARIMA,MDY,0.0004346,0.00541196,0.00013438,0.0004346,0.00541196,0.00013438,"ARIMA(0, 0, 1)",-0.00013438,-0.00056898,0.00527758,0.0,2025-W35
adj_close.csv,ARIMA,MDY,0.00326993,0.00336052,0.00322614,0.00326993,0.00336052,0.00322614,"ARIMA(0, 0, 1)",0.00322614,-4.379e-05,-0.00013438,0.0,2025-W36
adj_close.csv,ARIMA,MDY,0.00042451,0.0039806,0.00075446,0.00042451,0.0039806,0.00075446,"ARIMA(0, 0, 1)",-0.00075446,-0.00032995,0.00322614,0.0,2025-W37
adj_close.csv,ARIMA,MDY,9.251e-05,0.00088983,0.00013537,9.251e-05,0.00088983,0.00013537,"ARIMA(0, 0, 1)",0.00013537,4.286e-05,-0.00075446,0.0,2025-W38
adj_close.csv,ARIMA,MDY,0.00090696,0.00105168,0.00091631,0.00090696,0.00105168,0.00091631,"ARIMA(0, 0, 1)",-0.00091631,-9.35e-06,0.00013537,0.0,2025-W39
adj_close.csv,ARIMA,MDY,0.00124457,0.0022526,0.00133629,0.00124457,0.0022526,0.00133629,"ARIMA(0, 0, 1)",0.00133629,9.171e-05,-0.00091631,0.0,2025-W40
adj_close.csv,ARIMA,MDY,0.00765126,0.00911358,0.00777729,0.00765126,0.00911358,0.00777729,"ARIMA(0, 0, 1)",-0.00777729,-0.00012603,0.00133629,0.0,2025-W41
adj_close.csv,ARIMA,MDY,0.00301791,0.01157981,0.00380252,0.00301791,0.01157981,0.00380252,"ARIMA(0, 0, 1)",0.00380252,0.00078461,-0.00777729,0.0,2025-W42
adj_close.csv,ARIMA,MDY,0.0048865,0.00076735,0.00456987,0.0048865,0.00076735,0.00456987,"ARIMA(0, 0, 1)",0.00456987,-0.00031662,0.00380252,0.0,2025-W43
adj_close.csv,ARIMA,MDY,0.00266779,0.00774532,0.00317545,0.00266779,0.00774532,0.00317545,"ARIMA(0, 0, 1)",-0.00317545,-0.00050766,0.00456987,0.0,2025-W44
adj_close.csv,ARIMA,MDY,0.00034881,0.003108,6.745e-05,0.00034881,0.003108,6.745e-05,"ARIMA(0, 0, 1)",-6.745e-05,0.00028137,-0.00317545,0.0,2025-W45
adj_close.csv,ARIMA,MDY,0.00228299,0.00217869,0.00224614,0.00228299,0.00217869,0.00224614,"ARIMA(0, 0, 1)",-0.00224614,3.685e-05,-6.745e-05,0.0,2025-W46
adj_close.csv,ARIMA,MDY,0.00155555,0.00093162,0.00131452,0.00155555,0.00093162,0.00131452,"ARIMA(0, 0, 1)",-0.00131452,0.00024103,-0.00224614,0.0,2025-W47
adj_close.csv,ARIMA,MDY,0.00958703,0.01106488,0.00975036,0.00958703,0.01106488,0.00975036,"ARIMA(0, 0, 1)",0.00975036,0.00016333,-0.00131452,0.0,2025-W48
adj_close.csv,ARIMA,MDY,0.00165486,0.00912374,0.00062662,0.00165486,0.00912374,0.00062662,"ARIMA(0, 0, 1)",0.00062662,-0.00102824,0.00975036,0.0,2025-W49
adj_close.csv,ARIMA,MDY,0.00204978,0.00125132,0.00187795,0.00204978,0.00125132,0.00187795,"ARIMA(0, 0, 1)",0.00187795,-0.00017184,0.00062662,0.0,2025-W50
adj_close.csv,ARIMA,MDY,0.00043076,0.0016613,0.00021665,0.00043076,0.0016613,0.00021665,"ARIMA(0, 0, 1)",0.00021665,-0.00021411,0.00187795,0.0,2025-W51
adj_close.csv,ARIMA,MDY,0.00157727,0.00131568,0.00153233,0.00157727,0.00131568,0.00153233,"ARIMA(0, 0, 1)",0.00153233,-4.494e-05,0.00021665,0.0,2025-W52
adj_close.csv,ARIMA,MDY,0.00147414,0.00317096,0.00163864,0.00147414,0.00317096,0.00163864,"ARIMA(0, 0, 1)",-0.00163864,-0.00016449,0.00153233,0.0,2026-W01
adj_close.csv,ARIMA,MDY,0.00630658,0.00809938,0.00646074,0.00630658,0.00809938,0.00646074,"ARIMA(0, 0, 1)",0.00646074,0.00015417,-0.00163864,0.0,2026-W02
adj_close.csv,ARIMA,MDY,0.00333243,0.00379558,0.00266517,0.00333243,0.00379558,0.00266517,"ARIMA(0, 0, 1)",0.00266517,-0.00066726,0.00646074,0.0,2026-W03
adj_close.csv,ARIMA,MDY,0.00110841,0.00411499,0.00144983,0.00110841,0.00411499,0.00144983,"ARIMA(0, 0, 1)",-0.00144983,-0.00034142,0.00266517,0.0,2026-W04
adj_close.csv,ARIMA,MDY,0.00283038,0.00126601,0.00271584,0.00283038,0.00126601,0.00271584,"ARIMA(0, 0, 1)",-0.00271584,0.00011454,-0.00144983,0.0,2026-W05
adj_close.csv,ARIMA,MDY,0.00783334,0.01084118,0.00812534,0.00783334,0.01084118,0.00812534,"ARIMA(0, 0, 1)",0.00812534,0.000292,-0.00271584,0.0,2026-W06
adj_close.csv,ARIMA,MTUM,0.00345006,0.00504846,0.00327989,0.00345006,0.00504846,0.00327989,"ARIMA(1, 0, 0)",-0.00327989,0.00017017,-0.00832836,0.0,2024-W30
adj_close.csv,ARIMA,MTUM,0.00951157,0.00618064,0.00946053,0.00951157,0.00618064,0.00946053,"ARIMA(1, 0, 0)",-0.00946053,5.104e-05,-0.00327989,0.0,2024-W31
adj_close.csv,ARIMA,MTUM,0.00567159,0.01522938,0.00576885,0.00567159,0.01522938,0.00576885,"ARIMA(1, 0, 0)",0.00576885,9.725e-05,-0.00946053,0.0,2024-W32
adj_close.csv,ARIMA,MTUM,0.01088504,0.00500528,0.01077413,0.01088504,0.00500528,0.01077413,"ARIMA(1, 0, 0)",0.01077413,-0.00011091,0.00576885,0.0,2024-W33
adj_close.csv,ARIMA,MTUM,0.00315046,0.00771864,0.00305549,0.00315046,0.00771864,0.00305549,"ARIMA(1, 0, 0)",0.00305549,-9.497e-05,0.01077413,0.0,2024-W34
adj_close.csv,ARIMA,MTUM,0.00049596,0.00356152,0.00050602,0.00049596,0.00356152,0.00050602,"ARIMA(1, 0, 0)",-0.00050602,-1.006e-05,0.00305549,0.0,2024-W35
adj_close.csv,ARIMA,MTUM,0.01479484,0.01428703,0.01479305,0.01479484,0.01428703,0.01479305,"ARIMA(1, 0, 0)",-0.01479305,1.79e-06,-0.00050602,0.0,2024-W36
adj_close.csv,ARIMA,MTUM,0.01118102,0.02600842,0.01121537,0.01118102,0.02600842,0.01121537,"ARIMA(1, 0, 0)",0.01121537,3.436e-05,-0.01479305,0.0,2024-W37
adj_close.csv,ARIMA,MTUM,0.00514744,0.00638494,0.00483043,0.00514744,0.00638494,0.00483043,"ARIMA(1, 0, 0)",0.00483043,-0.00031701,0.01121537,0.0,2024-W38
adj_close.csv,ARIMA,MTUM,0.00089435,0.00402973,0.00080071,0.00089435,0.00402973,0.00080071,"ARIMA(1, 0, 0)",0.00080071,-9.364e-05,0.00483043,0.0,2024-W39
adj_close.csv,ARIMA,MTUM,0.00180943,0.00099373,0.00179444,0.00180943,0.00099373,0.00179444,"ARIMA(1, 0, 0)",0.00179444,-1.499e-05,0.00080071,0.0,2024-W40
adj_close.csv,ARIMA,MTUM,0.0035359,0.00170826,0.0035027,0.0035359,0.00170826,0.0035027,"ARIMA(1, 0, 0)",0.0035027,-3.32e-05,0.00179444,0.0,2024-W41
adj_close.csv,ARIMA,MTUM,0.00195253,0.00161158,0.00189113,0.00195253,0.00161158,0.00189113,"ARIMA(1, 0, 0)",0.00189113,-6.14e-05,0.0035027,0.0,2024-W42
adj_close.csv,ARIMA,MTUM,0.00342857,0.00535087,0.00345974,0.00342857,0.00535087,0.00345974,"ARIMA(1, 0, 0)",-0.00345974,-3.117e-05,0.00189113,0.0,2024-W43
adj_close.csv,ARIMA,MTUM,0.00402685,0.00050664,0.00396639,0.00402685,0.00050664,0.00396639,"ARIMA(1, 0, 0)",-0.00396639,6.046e-05,-0.00345974,0.0,2024-W44
adj_close.csv,ARIMA,MTUM,0.01162846,0.01565573,0.01168934,0.01162846,0.01565573,0.01168934,"ARIMA(1, 0, 0)",0.01168934,6.088e-05,-0.00396639,0.0,2024-W45
adj_close.csv,ARIMA,MTUM,0.00488267,0.01683347,0.00514413,0.00488267,0.01683347,0.00514413,"ARIMA(1, 0, 0)",-0.00514413,-0.00026147,0.01168934,0.0,2024-W46
adj_close.csv,ARIMA,MTUM,0.00598356,0.01128653,0.00614239,0.00598356,0.01128653,0.00614239,"ARIMA(1, 0, 0)",0.00614239,0.00015883,-0.00514413,0.0,2024-W47
adj_close.csv,ARIMA,MTUM,0.00208361,0.00427651,0.00186589,0.00208361,0.00427651,0.00186589,"ARIMA(1, 0, 0)",0.00186589,-0.00021772,0.00614239,0.0,2024-W48
adj_close.csv,ARIMA,MTUM,0.00101176,0.00091673,0.00094915,0.00101176,0.00091673,0.00094915,"ARIMA(1, 0, 0)",0.00094915,-6.261e-05,0.00186589,0.0,2024-W49
adj_close.csv,ARIMA,MTUM,0.0029881,0.00396884,0.00301969,0.0029881,0.00396884,0.00301969,"ARIMA(1, 0, 0)",-0.00301969,-3.159e-05,0.00094915,0.0,2024-W50
adj_close.csv,ARIMA,MTUM,0.00430208,0.00118063,0.00420032,0.00430208,0.00118063,0.00420032,"ARIMA(1, 0, 0)",-0.00420032,0.00010175,-0.00301969,0.0,2024-W51
adj_close.csv,ARIMA,MTUM,0.0013446,0.00567841,0.00147809,0.0013446,0.00567841,0.00147809,"ARIMA(1, 0, 0)",0.00147809,0.00013349,-0.00420032,0.0,2024-W52
adj_close.csv,ARIMA,MTUM,0.00112739,0.0003989,0.00107919,0.00112739,0.0003989,0.00107919,"ARIMA(1, 0, 0)",0.00107919,-4.82e-05,0.00147809,0.0,2025-W01
adj_close.csv,ARIMA,MTUM,0.00517856,0.00629268,0.00521349,0.00517856,0.00629268,0.00521349,"ARIMA(1, 0, 0)",-0.00521349,-3.493e-05,0.00107919,0.0,2025-W02
adj_close.csv,ARIMA,MTUM,0.00968166,0.01506817,0.00985468,0.00968166,0.01506817,0.00985468,"ARIMA(1, 0, 0)",0.00985468,0.00017302,-0.00521349,0.0,2025-W03
adj_close.csv,ARIMA,MTUM,0.00682673,0.00342779,0.00642689,0.00682673,0.00342779,0.00642689,"ARIMA(1, 0, 0)",0.00642689,-0.00039984,0.00985468,0.0,2025-W04
adj_close.csv,ARIMA,MTUM,0.0033119,0.00993717,0.00351028,0.0033119,0.00993717,0.00351028,"ARIMA(1, 0, 0)",-0.00351028,-0.00019838,0.00642689,0.0,2025-W05
adj_close.csv,ARIMA,MTUM,0.00505238,0.00868174,0.00517145,0.00505238,0.00868174,0.00517145,"ARIMA(1, 0, 0)",0.00517145,0.00011907,-0.00351028,0.0,2025-W06
adj_close.csv,ARIMA,MTUM,0.00321618,0.00214382,0.00302763,0.00321618,0.00214382,0.00302763,"ARIMA(1, 0, 0)",0.00302763,-0.00018855,0.00517145,0.0,2025-W07
adj_close.csv,ARIMA,MTUM,0.00924596,0.01237679,0.00934917,0.00924596,0.01237679,0.00934917,"ARIMA(1, 0, 0)",-0.00934917,-0.0001032,0.00302763,0.0,2025-W08
adj_close.csv,ARIMA,MTUM,0.00171564,0.00798949,0.00135968,0.00171564,0.00798949,0.00135968,"ARIMA(1, 0, 0)",-0.00135968,0.00035596,-0.00934917,0.0,2025-W09
adj_close.csv,ARIMA,MTUM,0.01337495,0.01196657,0.01332625,0.01337495,0.01196657,0.01332625,"ARIMA(1, 0, 0)",-0.01332625,4.87e-05,-0.00135968,0.0,2025-W10
adj_close.csv,ARIMA,MTUM,0.00276645,0.01100303,0.00232321,0.00276645,0.01100303,0.00232321,"ARIMA(1, 0, 0)",-0.00232321,0.00044323,-0.01332625,0.0,2025-W11
adj_close.csv,ARIMA,MTUM,0.00314566,0.00553439,0.00321118,0.00314566,0.00553439,0.00321118,"ARIMA(1, 0, 0)",0.00321118,6.552e-05,-0.00232321,0.0,2025-W12
adj_close.csv,ARIMA,MTUM,0.00372299,0.00702795,0.00381676,0.00372299,0.00702795,0.00381676,"ARIMA(1, 0, 0)",-0.00381676,-9.378e-05,0.00321118,0.0,2025-W13
adj_close.csv,ARIMA,MTUM,0.02076322,0.01682874,0.0206455,0.02076322,0.01682874,0.0206455,"ARIMA(1, 0, 0)",-0.0206455,0.00011771,-0.00381676,0.0,2025-W14
adj_close.csv,ARIMA,MTUM,0.01539486,0.03645352,0.01580801,0.01539486,0.03645352,0.01580801,"ARIMA(1, 0, 0)",0.01580801,0.00041316,-0.0206455,0.0,2025-W15
adj_close.csv,ARIMA,MTUM,5.813e-05,0.01671499,0.00090698,5.813e-05,0.01671499,0.00090698,"ARIMA(1, 0, 0)",-0.00090698,-0.0009651,0.01580801,0.0,2025-W16
adj_close.csv,ARIMA,MTUM,0.01132693,0.01228918,0.0113822,0.01132693,0.01228918,0.0113822,"ARIMA(1, 0, 0)",0.0113822,5.527e-05,-0.00090698,0.0,2025-W17
adj_close.csv,ARIMA,MTUM,0.00977468,0.00231573,0.00906646,0.00977468,0.00231573,0.00906646,"ARIMA(1, 0, 0)",0.00906646,-0.00070822,0.0113822,0.0,2025-W18
adj_close.csv,ARIMA,MTUM,0.00120567,0.00830077,0.00076569,0.00120567,0.00830077,0.00076569,"ARIMA(1, 0, 0)",0.00076569,-0.00043998,0.00906646,0.0,2025-W19
adj_close.csv,ARIMA,MTUM,0.01206085,0.01125902,0.01202471,0.01206085,0.01125902,0.01202471,"ARIMA(1, 0, 0)",0.01202471,-3.614e-05,0.00076569,0.0,2025-W20
adj_close.csv,ARIMA,MTUM,0.00377572,0.01635442,0.00432971,0.00377572,0.01635442,0.00432971,"ARIMA(1, 0, 0)",-0.00432971,-0.00055399,0.01202471,0.0,2025-W21
adj_close.csv,ARIMA,MTUM,0.00613024,0.01068297,0.00635325,0.00613024,0.01068297,0.00635325,"ARIMA(1, 0, 0)",0.00635325,0.00022301,-0.00432971,0.0,2025-W22
adj_close.csv,ARIMA,MTUM,0.00138126,0.00531937,0.00103388,0.00138126,0.00531937,0.00103388,"ARIMA(1, 0, 0)",0.00103388,-0.00034738,0.00635325,0.0,2025-W23
adj_close.csv,ARIMA,MTUM,0.00208713,0.00317646,0.00214258,0.00208713,0.00317646,0.00214258,"ARIMA(1, 0, 0)",-0.00214258,-5.545e-05,0.00103388,0.0,2025-W24
adj_close.csv,ARIMA,MTUM,0.00043988,0.00269793,0.00055534,0.00043988,0.00269793,0.00055534,"ARIMA(1, 0, 0)",0.00055534,0.00011547,-0.00214258,0.0,2025-W25
adj_close.csv,ARIMA,MTUM,0.00636372,0.00577839,0.00633373,0.00636372,0.00577839,0.00633373,"ARIMA(1, 0, 0)",0.00633373,-2.999e-05,0.00055534,0.0,2025-W26
adj_close.csv,ARIMA,MTUM,0.00207913,0.00459398,0.00173975,0.00207913,0.00459398,0.00173975,"ARIMA(1, 0, 0)",0.00173975,-0.00033938,0.00633373,0.0,2025-W27
adj_close.csv,ARIMA,MTUM,0.00253347,0.00436373,0.00262398,0.00253347,0.00436373,0.00262398,"ARIMA(1, 0, 0)",-0.00262398,-9.051e-05,0.00173975,0.0,2025-W28
adj_close.csv,ARIMA,MTUM,0.00223528,0.00499715,0.00237317,0.00223528,0.00499715,0.00237317,"ARIMA(1, 0, 0)",0.00237317,0.00013788,-0.00262398,0.0,2025-W29
adj_close.csv,ARIMA,MTUM,0.00197497,0.00052455,0.00184862,0.00197497,0.00052455,0.00184862,"ARIMA(1, 0, 0)",0.00184862,-0.00012635,0.00237317,0.0,2025-W30
adj_close.csv,ARIMA,MTUM,0.00199399,0.00394,0.00209138,0.00199399,0.00394,0.00209138,"ARIMA(1, 0, 0)",-0.00209138,-9.74e-05,0.00184862,0.0,2025-W31
adj_close.csv,ARIMA,MTUM,0.00557009,0.00777257,0.00568118,0.00557009,0.00777257,0.00568118,"ARIMA(1, 0, 0)",0.00568118,0.0001111,-0.00209138,0.0,2025-W32
adj_close.csv,ARIMA,MTUM,0.00034277,0.00633355,0.00065237,0.00034277,0.00633355,0.00065237,"ARIMA(1, 0, 0)",-0.00065237,-0.0003096,0.00568118,0.0,2025-W33
adj_close.csv,ARIMA,MTUM,0.00101827,0.0003302,0.00098257,0.00101827,0.0003302,0.00098257,"ARIMA(1, 0, 0)",-0.00098257,3.57e-05,-0.00065237,0.0,2025-W34
adj_close.csv,ARIMA,MTUM,3.75e-06,0.00104001,5.745e-05,3.75e-06,0.00104001,5.745e-05,"ARIMA(1, 0, 0)",5.745e-05,5.369e-05,-0.00098257,0.0,2025-W35
adj_close.csv,ARIMA,MTUM,0.00058713,0.00052655,0.00058399,0.00058713,0.00052655,0.00058399,"ARIMA(1, 0, 0)",0.00058399,-3.14e-06,5.745e-05,0.0,2025-W36
adj_close.csv,ARIMA,MTUM,0.00744105,0.00682514,0.00740914,0.00744105,0.00682514,0.00740914,"ARIMA(1, 0, 0)",0.00740914,-3.191e-05,0.00058399,0.0,2025-W37
adj_close.csv,ARIMA,MTUM,0.00345482,0.00435538,0.00305375,0.00345482,0.00435538,0.00305375,"ARIMA(1, 0, 0)",0.00305375,-0.00040107,0.00740914,0.0,2025-W38
adj_close.csv,ARIMA,MTUM,0.00152526,0.0047352,0.00168144,0.00152526,0.0047352,0.00168144,"ARIMA(1, 0, 0)",-0.00168144,-0.00015618,0.00305375,0.0,2025-W39
adj_close.csv,ARIMA,MTUM,0.00039344,0.00137492,0.00030653,0.00039344,0.00137492,0.00030653,"ARIMA(1, 0, 0)",-0.00030653,8.691e-05,-0.00168144,0.0,2025-W40
adj_close.csv,ARIMA,MTUM,0.00342697,0.00310463,0.00341115,0.00342697,0.00310463,0.00341115,"ARIMA(1, 0, 0)",-0.00341115,1.582e-05,-0.00030653,0.0,2025-W41
adj_close.csv,ARIMA,MTUM,0.00207592,0.00566271,0.00225155,0.00207592,0.00566271,0.00225155,"ARIMA(1, 0, 0)",0.00225155,0.00017563,-0.00341115,0.0,2025-W42
adj_close.csv,ARIMA,MTUM,0.00224253,0.0001268,0.00212475,0.00224253,0.0001268,0.00212475,"ARIMA(1, 0, 0)",0.00212475,-0.00011778,0.00225155,0.0,2025-W43
adj_close.csv,ARIMA,MTUM,0.00089458,0.00312923,0.00100448,0.00089458,0.00312923,0.00100448,"ARIMA(1, 0, 0)",-0.00100448,-0.0001099,0.00212475,0.0,2025-W44
adj_close.csv,ARIMA,MTUM,0.00486133,0.00380467,0.00480915,0.00486133,0.00380467,0.00480915,"ARIMA(1, 0, 0)",-0.00480915,5.218e-05,-0.00100448,0.0,2025-W45
adj_close.csv,ARIMA,MTUM,0.00195473,0.00310151,0.00170764,0.00195473,0.00310151,0.00170764,"ARIMA(1, 0, 0)",-0.00170764,0.00024709,-0.00480915,0.0,2025-W46
adj_close.csv,ARIMA,MTUM,0.00689786,0.00510434,0.00681199,0.00689786,0.00510434,0.00681199,"ARIMA(1, 0, 0)",-0.00681199,8.588e-05,-0.00170764,0.0,2025-W47
adj_close.csv,ARIMA,MTUM,0.0123928,0.01953806,0.01272607,0.0123928,0.01953806,0.01272607,"ARIMA(1, 0, 0)",0.01272607,0.00033327,-0.00681199,0.0,2025-W48
adj_close.csv,ARIMA,MTUM,0.00276616,0.01070634,0.00201973,0.00276616,0.01070634,0.00201973,"ARIMA(1, 0, 0)",0.00201973,-0.00074643,0.01272607,0.0,2025-W49
adj_close.csv,ARIMA,MTUM,0.00254167,0.00467182,0.00265209,0.00254167,0.00467182,0.00265209,"ARIMA(1, 0, 0)",-0.00265209,-0.00011042,0.00201973,0.0,2025-W50
adj_close.csv,ARIMA,MTUM,0.00182456,0.00462318,0.00197109,0.00182456,0.00462318,0.00197109,"ARIMA(1, 0, 0)",0.00197109,0.00014653,-0.00265209,0.0,2025-W51
adj_close.csv,ARIMA,MTUM,0.00384316,0.00176209,0.00373318,0.00384316,0.00176209,0.00373318,"ARIMA(1, 0, 0)",0.00373318,-0.00010998,0.00197109,0.0,2025-W52
adj_close.csv,ARIMA,MTUM,0.00205976,0.00599805,0.00226487,0.00205976,0.00599805,0.00226487,"ARIMA(1, 0, 0)",-0.00226487,-0.00020511,0.00373318,0.0,2026-W01
adj_close.csv,ARIMA,MTUM,0.00321668,0.00560795,0.00334309,0.00321668,0.00560795,0.00334309,"ARIMA(1, 0, 0)",0.00334309,0.0001264,-0.00226487,0.0,2026-W02
adj_close.csv,ARIMA,MTUM,0.00126817,0.00226423,0.00107885,0.00126817,0.00226423,0.00107885,"ARIMA(1, 0, 0)",0.00107885,-0.00018932,0.00334309,0.0,2026-W03
adj_close.csv,ARIMA,MTUM,0.00275144,0.00389087,0.00281202,0.00275144,0.00389087,0.00281202,"ARIMA(1, 0, 0)",-0.00281202,-6.058e-05,0.00107885,0.0,2026-W04
adj_close.csv,ARIMA,MTUM,0.00015403,0.0031249,0.00031287,0.00015403,0.0031249,0.00031287,"ARIMA(1, 0, 0)",0.00031287,0.00015884,-0.00281202,0.0,2026-W05
adj_close.csv,ARIMA,MTUM,0.00962393,0.00929337,0.00960624,0.00962393,0.00929337,0.00960624,"ARIMA(1, 0, 0)",0.00960624,-1.769e-05,0.00031287,0.0,2026-W06
adj_close.csv,ARIMA,QQQ,0.00581673,0.00284326,0.00523155,0.00581673,0.00284326,0.00523155,"ARIMA(1, 0, 0)",-0.00523155,0.00058518,-0.00807481,0.0,2024-W30
adj_close.csv,ARIMA,QQQ,0.00658344,0.00100772,0.00623927,0.00658344,0.00100772,0.00623927,"ARIMA(1, 0, 0)",-0.00623927,0.00034417,-0.00523155,0.0,2024-W31
adj_close.csv,ARIMA,QQQ,0.00035848,0.00697776,0.00073849,0.00035848,0.00697776,0.00073849,"ARIMA(1, 0, 0)",0.00073849,0.00038001,-0.00623927,0.0,2024-W32
adj_close.csv,ARIMA,QQQ,0.01068915,0.00990545,0.01064394,0.01068915,0.00990545,0.01064394,"ARIMA(1, 0, 0)",0.01064394,-4.521e-05,0.00073849,0.0,2024-W33
adj_close.csv,ARIMA,QQQ,0.00272141,0.00856233,0.00208161,0.00272141,0.00856233,0.00208161,"ARIMA(1, 0, 0)",0.00208161,-0.0006398,0.01064394,0.0,2024-W34
adj_close.csv,ARIMA,QQQ,0.00144348,0.00364185,0.00156024,0.00144348,0.00364185,0.00156024,"ARIMA(1, 0, 0)",-0.00156024,-0.00011676,0.00208161,0.0,2024-W35
adj_close.csv,ARIMA,QQQ,0.01500131,0.0133529,0.01491314,0.01500131,0.0133529,0.01491314,"ARIMA(1, 0, 0)",-0.01491314,8.817e-05,-0.00156024,0.0,2024-W36
adj_close.csv,ARIMA,QQQ,0.01074528,0.02645276,0.01153961,0.01074528,0.02645276,0.01153961,"ARIMA(1, 0, 0)",0.01153961,0.00079433,-0.01491314,0.0,2024-W37
adj_close.csv,ARIMA,QQQ,0.00382848,0.00857438,0.00296523,0.00382848,0.00857438,0.00296523,"ARIMA(1, 0, 0)",0.00296523,-0.00086325,0.01153961,0.0,2024-W38
adj_close.csv,ARIMA,QQQ,0.00226418,0.00090557,0.00205966,0.00226418,0.00090557,0.00205966,"ARIMA(1, 0, 0)",0.00205966,-0.00020452,0.00296523,0.0,2024-W39
adj_close.csv,ARIMA,QQQ,0.0003743,0.0018256,0.00023406,0.0003743,0.0018256,0.00023406,"ARIMA(1, 0, 0)",0.00023406,-0.00014024,0.00205966,0.0,2024-W40
adj_close.csv,ARIMA,QQQ,0.00247957,0.00222959,0.00246365,0.00247957,0.00222959,0.00246365,"ARIMA(1, 0, 0)",0.00246365,-1.591e-05,0.00023406,0.0,2024-W41
adj_close.csv,ARIMA,QQQ,0.00061675,0.0020142,0.00044945,0.00061675,0.0020142,0.00044945,"ARIMA(1, 0, 0)",0.00044945,-0.0001673,0.00246365,0.0,2024-W42
adj_close.csv,ARIMA,QQQ,0.00037394,0.00010594,0.00034351,0.00037394,0.00010594,0.00034351,"ARIMA(1, 0, 0)",0.00034351,-3.043e-05,0.00044945,0.0,2024-W43
adj_close.csv,ARIMA,QQQ,0.00318822,0.00355498,0.00321147,0.00318822,0.00355498,0.00321147,"ARIMA(1, 0, 0)",-0.00321147,-2.325e-05,0.00034351,0.0,2024-W44
adj_close.csv,ARIMA,QQQ,0.01045196,0.01388126,0.0106698,0.01045196,0.01388126,0.0106698,"ARIMA(1, 0, 0)",0.0106698,0.00021784,-0.00321147,0.0,2024-W45
adj_close.csv,ARIMA,QQQ,0.00618337,0.01762402,0.00695422,0.00618337,0.01762402,0.00695422,"ARIMA(1, 0, 0)",-0.00695422,-0.00077085,0.0106698,0.0,2024-W46
adj_close.csv,ARIMA,QQQ,0.00311754,0.01063365,0.00367943,0.00311754,0.01063365,0.00367943,"ARIMA(1, 0, 0)",0.00367943,0.00056189,-0.00695422,0.0,2024-W47
adj_close.csv,ARIMA,QQQ,0.00225234,0.00173465,0.00194477,0.00225234,0.00173465,0.00194477,"ARIMA(1, 0, 0)",0.00194477,-0.00030757,0.00367943,0.0,2024-W48
adj_close.csv,ARIMA,QQQ,0.00662303,0.00451776,0.00646254,0.00662303,0.00451776,0.00646254,"ARIMA(1, 0, 0)",0.00646254,-0.00016049,0.00194477,0.0,2024-W49
adj_close.csv,ARIMA,QQQ,0.00205525,0.00492991,0.00153263,0.00205525,0.00492991,0.00153263,"ARIMA(1, 0, 0)",0.00153263,-0.00052262,0.00646254,0.0,2024-W50
adj_close.csv,ARIMA,QQQ,0.00440427,0.00605824,0.00452561,0.00440427,0.00605824,0.00452561,"ARIMA(1, 0, 0)",-0.00452561,-0.00012134,0.00153263,0.0,2024-W51
adj_close.csv,ARIMA,QQQ,0.00191342,0.00680123,0.00227562,0.00191342,0.00680123,0.00227562,"ARIMA(1, 0, 0)",0.00227562,0.0003622,-0.00452561,0.0,2024-W52
adj_close.csv,ARIMA,QQQ,0.00172673,0.00418699,0.00191137,0.00172673,0.00418699,0.00191137,"ARIMA(1, 0, 0)",-0.00191137,-0.00018464,0.00227562,0.0,2025-W01
adj_close.csv,ARIMA,QQQ,0.00570819,0.00364078,0.00555215,0.00570819,0.00364078,0.00555215,"ARIMA(1, 0, 0)",-0.00555215,0.00015604,-0.00191137,0.0,2025-W02
adj_close.csv,ARIMA,QQQ,0.00521115,0.01120886,0.00565671,0.00521115,0.01120886,0.00565671,"ARIMA(1, 0, 0)",0.00565671,0.00044556,-0.00555215,0.0,2025-W03
adj_close.csv,ARIMA,QQQ,0.00422707,0.00190435,0.00375236,0.00422707,0.00190435,0.00375236,"ARIMA(1, 0, 0)",0.00375236,-0.0004747,0.00565671,0.0,2025-W04
adj_close.csv,ARIMA,QQQ,0.0024876,0.00654352,0.00279116,0.0024876,0.00654352,0.00279116,"ARIMA(1, 0, 0)",-0.00279116,-0.00030356,0.00375236,0.0,2025-W05
adj_close.csv,ARIMA,QQQ,1.204e-05,0.00303229,0.00024113,1.204e-05,0.00303229,0.00024113,"ARIMA(1, 0, 0)",0.00024113,0.00022909,-0.00279116,0.0,2025-W06
adj_close.csv,ARIMA,QQQ,0.00576158,0.00550066,0.00574179,0.00576158,0.00550066,0.00574179,"ARIMA(1, 0, 0)",0.00574179,-1.979e-05,0.00024113,0.0,2025-W07
adj_close.csv,ARIMA,QQQ,0.00520076,0.01141282,0.00567104,0.00520076,0.01141282,0.00567104,"ARIMA(1, 0, 0)",-0.00567104,-0.00047028,0.00574179,0.0,2025-W08
adj_close.csv,ARIMA,QQQ,0.00741318,0.00125642,0.00692746,0.00741318,0.00125642,0.00692746,"ARIMA(1, 0, 0)",-0.00692746,0.00048573,-0.00567104,0.0,2025-W09
adj_close.csv,ARIMA,QQQ,0.0071098,0.00037461,0.00655284,0.0071098,0.00037461,0.00655284,"ARIMA(1, 0, 0)",-0.00655284,0.00055695,-0.00692746,0.0,2025-W10
adj_close.csv,ARIMA,QQQ,0.00548161,0.00155799,0.00499485,0.00548161,0.00155799,0.00499485,"ARIMA(1, 0, 0)",-0.00499485,0.00048675,-0.00655284,0.0,2025-W11
adj_close.csv,ARIMA,QQQ,0.00014254,0.00548625,0.0004914,0.00014254,0.00548625,0.0004914,"ARIMA(1, 0, 0)",0.0004914,0.00034886,-0.00499485,0.0,2025-W12
adj_close.csv,ARIMA,QQQ,0.00467954,0.0052053,0.0047139,0.00467954,0.0052053,0.0047139,"ARIMA(1, 0, 0)",-0.0047139,-3.436e-05,0.0004914,0.0,2025-W13
adj_close.csv,ARIMA,QQQ,0.0211076,0.01606271,0.02077661,0.0211076,0.01606271,0.02077661,"ARIMA(1, 0, 0)",-0.02077661,0.00033099,-0.0047139,0.0,2025-W14
adj_close.csv,ARIMA,QQQ,0.01327228,0.03525383,0.01447721,0.01327228,0.03525383,0.01447721,"ARIMA(1, 0, 0)",0.01447721,0.00120494,-0.02077661,0.0,2025-W15
adj_close.csv,ARIMA,QQQ,0.00442681,0.02020924,0.00573202,0.00442681,0.02020924,0.00573202,"ARIMA(1, 0, 0)",-0.00573202,-0.00130521,0.01447721,0.0,2025-W16
adj_close.csv,ARIMA,QQQ,0.01186439,0.01815501,0.01242299,0.01186439,0.01815501,0.01242299,"ARIMA(1, 0, 0)",0.01242299,0.0005586,-0.00573202,0.0,2025-W17
adj_close.csv,ARIMA,QQQ,0.00807649,0.00565298,0.00677001,0.00807649,0.00565298,0.00677001,"ARIMA(1, 0, 0)",0.00677001,-0.00130648,0.01242299,0.0,2025-W18
adj_close.csv,ARIMA,QQQ,0.00028409,0.00712218,0.00035217,0.00028409,0.00712218,0.00035217,"ARIMA(1, 0, 0)",-0.00035217,-0.00063626,0.00677001,0.0,2025-W19
adj_close.csv,ARIMA,QQQ,0.0132619,0.01364709,0.01329492,0.0132619,0.01364709,0.01329492,"ARIMA(1, 0, 0)",0.01329492,3.302e-05,-0.00035217,0.0,2025-W20
adj_close.csv,ARIMA,QQQ,0.0035083,0.01805675,0.00476183,0.0035083,0.01805675,0.00476183,"ARIMA(1, 0, 0)",-0.00476183,-0.00125353,0.01329492,0.0,2025-W21
adj_close.csv,ARIMA,QQQ,0.00432595,0.00956091,0.00479908,0.00432595,0.00956091,0.00479908,"ARIMA(1, 0, 0)",0.00479908,0.00047313,-0.00476183,0.0,2025-W22
adj_close.csv,ARIMA,QQQ,0.00460961,0.00067704,0.00412205,0.00460961,0.00067704,0.00412205,"ARIMA(1, 0, 0)",0.00412205,-0.00048756,0.00479908,0.0,2025-W23
adj_close.csv,ARIMA,QQQ,0.00071133,0.00524228,0.00112024,0.00071133,0.00524228,0.00112024,"ARIMA(1, 0, 0)",-0.00112024,-0.00040891,0.00412205,0.0,2025-W24
adj_close.csv,ARIMA,QQQ,0.00017318,0.00105854,6.17e-05,0.00017318,0.00105854,6.17e-05,"ARIMA(1, 0, 0)",-6.17e-05,0.00011148,-0.00112024,0.0,2025-W25
adj_close.csv,ARIMA,QQQ,0.00813066,0.0081985,0.0081368,0.00813066,0.0081985,0.0081368,"ARIMA(1, 0, 0)",0.0081368,6.14e-06,-6.17e-05,0.0,2025-W26
adj_close.csv,ARIMA,QQQ,0.00449111,0.00445572,0.00368108,0.00449111,0.00445572,0.00368108,"ARIMA(1, 0, 0)",0.00368108,-0.00081002,0.0081368,0.0,2025-W27
adj_close.csv,ARIMA,QQQ,0.00037563,0.00440874,0.00072766,0.00037563,0.00440874,0.00072766,"ARIMA(1, 0, 0)",-0.00072766,-0.00035203,0.00368108,0.0,2025-W28
adj_close.csv,ARIMA,QQQ,0.00246204,0.00325939,0.00253174,0.00246204,0.00325939,0.00253174,"ARIMA(1, 0, 0)",0.00253174,6.969e-05,-0.00072766,0.0,2025-W29
adj_close.csv,ARIMA,QQQ,0.00205564,0.00071907,0.00181267,0.00205564,0.00071907,0.00181267,"ARIMA(1, 0, 0)",0.00181267,-0.00024297,0.00253174,0.0,2025-W30
adj_close.csv,ARIMA,QQQ,0.00428697,0.00627259,0.00445992,0.00428697,0.00627259,0.00445992,"ARIMA(1, 0, 0)",-0.00445992,-0.00017295,0.00181267,0.0,2025-W31
adj_close.csv,ARIMA,QQQ,0.00689857,0.01178774,0.00732782,0.00689857,0.01178774,0.00732782,"ARIMA(1, 0, 0)",0.00732782,0.00042925,-0.00445992,0.0,2025-W32
adj_close.csv,ARIMA,QQQ,0.00169819,0.00635897,0.00096885,0.00169819,0.00635897,0.00096885,"ARIMA(1, 0, 0)",0.00096885,-0.00072934,0.00732782,0.0,2025-W33
adj_close.csv,ARIMA,QQQ,0.00177381,0.00283781,0.00186896,0.00177381,0.00283781,0.00186896,"ARIMA(1, 0, 0)",-0.00186896,-9.515e-05,0.00096885,0.0,2025-W34
adj_close.csv,ARIMA,QQQ,0.00073362,0.00131922,0.00054973,0.00073362,0.00131922,0.00054973,"ARIMA(1, 0, 0)",-0.00054973,0.00018389,-0.00186896,0.0,2025-W35
adj_close.csv,ARIMA,QQQ,0.00241446,0.0030182,0.00246846,0.00241446,0.0030182,0.00246846,"ARIMA(1, 0, 0)",0.00246846,5.401e-05,-0.00054973,0.0,2025-W36
adj_close.csv,ARIMA,QQQ,0.00388959,0.00117826,0.00364672,0.00388959,0.00117826,0.00364672,"ARIMA(1, 0, 0)",0.00364672,-0.00024286,0.00246846,0.0,2025-W37
adj_close.csv,ARIMA,QQQ,0.00463514,0.00063334,0.00428006,0.00463514,0.00063334,0.00428006,"ARIMA(1, 0, 0)",0.00428006,-0.00035508,0.00364672,0.0,2025-W38
adj_close.csv,ARIMA,QQQ,0.00049026,0.00517941,0.00089935,0.00049026,0.00517941,0.00089935,"ARIMA(1, 0, 0)",-0.00089935,-0.00040909,0.00428006,0.0,2025-W39
adj_close.csv,ARIMA,QQQ,0.00231891,0.00330442,0.00240507,0.00231891,0.00330442,0.00240507,"ARIMA(1, 0, 0)",0.00240507,8.616e-05,-0.00089935,0.0,2025-W40
adj_close.csv,ARIMA,QQQ,0.00435726,0.00699327,0.00458819,0.00435726,0.00699327,0.00458819,"ARIMA(1, 0, 0)",-0.00458819,-0.00023094,0.00240507,0.0,2025-W41
adj_close.csv,ARIMA,QQQ,0.00439108,0.00942491,0.00483672,0.00439108,0.00942491,0.00483672,"ARIMA(1, 0, 0)",0.00483672,0.00044564,-0.00458819,0.0,2025-W42
adj_close.csv,ARIMA,QQQ,0.00479459,0.00052217,0.00431455,0.00479459,0.00052217,0.00431455,"ARIMA(1, 0, 0)",0.00431455,-0.00048005,0.00483672,0.0,2025-W43
adj_close.csv,ARIMA,QQQ,0.00426001,0.00047224,0.00384231,0.00426001,0.00047224,0.00384231,"ARIMA(1, 0, 0)",0.00384231,-0.00041771,0.00431455,0.0,2025-W44
adj_close.csv,ARIMA,QQQ,0.00587742,0.0100843,0.006242,0.00587742,0.0100843,0.006242,"ARIMA(1, 0, 0)",-0.006242,-0.00036458,0.00384231,0.0,2025-W45
adj_close.csv,ARIMA,QQQ,0.00089589,0.00595315,0.00028885,0.00089589,0.00595315,0.00028885,"ARIMA(1, 0, 0)",-0.00028885,0.00060704,-0.006242,0.0,2025-W46
adj_close.csv,ARIMA,QQQ,0.00629735,0.00598058,0.00626943,0.00629735,0.00598058,0.00626943,"ARIMA(1, 0, 0)",-0.00626943,2.792e-05,-0.00028885,0.0,2025-W47
adj_close.csv,ARIMA,QQQ,0.01146212,0.01833641,0.01206697,0.01146212,0.01833641,0.01206697,"ARIMA(1, 0, 0)",0.01206697,0.00060486,-0.00626943,0.0,2025-W48
adj_close.csv,ARIMA,QQQ,0.00325633,0.01006492,0.00200206,0.00325633,0.01006492,0.00200206,"ARIMA(1, 0, 0)",0.00200206,-0.00125427,0.01206697,0.0,2025-W49
adj_close.csv,ARIMA,QQQ,0.00362865,0.00583076,0.0038287,0.00362865,0.00583076,0.0038287,"ARIMA(1, 0, 0)",-0.0038287,-0.00020005,0.00200206,0.0,2025-W50
adj_close.csv,ARIMA,QQQ,0.00072941,0.00494352,0.00111483,0.00072941,0.00494352,0.00111483,"ARIMA(1, 0, 0)",0.00111483,0.00038541,-0.0038287,0.0,2025-W51
adj_close.csv,ARIMA,QQQ,0.00319046,0.00196309,0.00307792,0.00319046,0.00196309,0.00307792,"ARIMA(1, 0, 0)",0.00307792,-0.00011254,0.00111483,0.0,2025-W52
adj_close.csv,ARIMA,QQQ,0.00404376,0.00743127,0.00435336,0.00404376,0.00743127,0.00435336,"ARIMA(1, 0, 0)",-0.00435336,-0.0003096,0.00307792,0.0,2026-W01
adj_close.csv,ARIMA,QQQ,0.00392209,0.00871887,0.00436551,0.00392209,0.00871887,0.00436551,"ARIMA(1, 0, 0)",0.00436551,0.00044342,-0.00435336,0.0,2026-W02
adj_close.csv,ARIMA,QQQ,0.00127546,0.00609321,0.0017277,0.00127546,0.00609321,0.0017277,"ARIMA(1, 0, 0)",-0.0017277,-0.00045225,0.00436551,0.0,2026-W03
adj_close.csv,ARIMA,QQQ,0.00040685,0.00231451,0.00058681,0.00040685,0.00231451,0.00058681,"ARIMA(1, 0, 0)",0.00058681,0.00017996,-0.0017277,0.0,2026-W04
adj_close.csv,ARIMA,QQQ,0.00021201,0.00085999,0.00027317,0.00021201,0.00085999,0.00027317,"ARIMA(1, 0, 0)",-0.00027317,-6.116e-05,0.00058681,0.0,2026-W05
adj_close.csv,ARIMA,QQQ,0.00681447,0.00711613,0.00684295,0.00681447,0.00711613,0.00684295,"ARIMA(1, 0, 0)",0.00684295,2.848e-05,-0.00027317,0.0,2026-W06
adj_close.csv,ARIMA,QUAL,0.00210567,0.00243337,0.00166993,0.00210567,0.00243337,0.00166993,"ARIMA(1, 0, 0)",-0.00166993,0.00043574,-0.0041033,0.0,2024-W30
adj_close.csv,ARIMA,QUAL,0.00235895,0.00051483,0.00218476,0.00235895,0.00051483,0.00218476,"ARIMA(1, 0, 0)",-0.00218476,0.00017419,-0.00166993,0.0,2024-W31
adj_close.csv,ARIMA,QUAL,0.0006555,0.00306628,0.00088151,0.0006555,0.00306628,0.00088151,"ARIMA(1, 0, 0)",0.00088151,0.00022601,-0.00218476,0.0,2024-W32
adj_close.csv,ARIMA,QUAL,0.00752329,0.00655031,0.00743183,0.00752329,0.00655031,0.00743183,"ARIMA(1, 0, 0)",0.00743183,-9.147e-05,0.00088151,0.0,2024-W33
adj_close.csv,ARIMA,QUAL,0.00388537,0.00430686,0.00312497,0.00388537,0.00430686,0.00312497,"ARIMA(1, 0, 0)",0.00312497,-0.0007604,0.00743183,0.0,2024-W34
adj_close.csv,ARIMA,QUAL,0.00075082,0.00267447,0.0004505,0.00075082,0.00267447,0.0004505,"ARIMA(1, 0, 0)",0.0004505,-0.00030032,0.00312497,0.0,2024-W35
adj_close.csv,ARIMA,QUAL,0.01017532,0.01066889,0.01021839,0.01017532,0.01066889,0.01021839,"ARIMA(1, 0, 0)",-0.01021839,-4.307e-05,0.0004505,0.0,2024-W36
adj_close.csv,ARIMA,QUAL,0.00610485,0.01731016,0.00709177,0.00610485,0.01731016,0.00709177,"ARIMA(1, 0, 0)",0.00709177,0.00098692,-0.01021839,0.0,2024-W37
adj_close.csv,ARIMA,QUAL,0.00255708,0.00531255,0.00177922,0.00255708,0.00531255,0.00177922,"ARIMA(1, 0, 0)",0.00177922,-0.00077787,0.00709177,0.0,2024-W38
adj_close.csv,ARIMA,QUAL,0.0011206,0.00084707,0.00093215,0.0011206,0.00084707,0.00093215,"ARIMA(1, 0, 0)",0.00093215,-0.00018845,0.00177922,0.0,2024-W39
adj_close.csv,ARIMA,QUAL,0.00067954,0.00035095,0.00058119,0.00067954,0.00035095,0.00058119,"ARIMA(1, 0, 0)",0.00058119,-9.834e-05,0.00093215,0.0,2024-W40
adj_close.csv,ARIMA,QUAL,0.00252354,0.00188111,0.0024623,0.00252354,0.00188111,0.0024623,"ARIMA(1, 0, 0)",0.0024623,-6.124e-05,0.00058119,0.0,2024-W41
adj_close.csv,ARIMA,QUAL,0.00134708,0.00137393,0.00108837,0.00134708,0.00137393,0.00108837,"ARIMA(1, 0, 0)",0.00108837,-0.0002587,0.0024623,0.0,2024-W42
adj_close.csv,ARIMA,QUAL,0.00282425,0.00402622,0.00293785,0.00282425,0.00402622,0.00293785,"ARIMA(1, 0, 0)",-0.00293785,-0.0001136,0.00108837,0.0,2024-W43
adj_close.csv,ARIMA,QUAL,0.00330141,5.504e-05,0.00299289,0.00330141,5.504e-05,0.00299289,"ARIMA(1, 0, 0)",-0.00299289,0.00030852,-0.00293785,0.0,2024-W44
adj_close.csv,ARIMA,QUAL,0.00780324,0.01110443,0.00811154,0.00780324,0.01110443,0.00811154,"ARIMA(1, 0, 0)",0.00811154,0.00030829,-0.00299289,0.0,2024-W45
adj_close.csv,ARIMA,QUAL,0.00446657,0.0134528,0.00534126,0.00446657,0.0134528,0.00534126,"ARIMA(1, 0, 0)",-0.00534126,-0.00087469,0.00811154,0.0,2024-W46
adj_close.csv,ARIMA,QUAL,0.00290651,0.00886319,0.00352192,0.00290651,0.00886319,0.00352192,"ARIMA(1, 0, 0)",0.00352192,0.00061541,-0.00534126,0.0,2024-W47
adj_close.csv,ARIMA,QUAL,0.00386761,7.118e-05,0.00345074,0.00386761,7.118e-05,0.00345074,"ARIMA(1, 0, 0)",0.00345074,-0.00041687,0.00352192,0.0,2024-W48
adj_close.csv,ARIMA,QUAL,0.0016579,0.00219178,0.00125896,0.0016579,0.00219178,0.00125896,"ARIMA(1, 0, 0)",0.00125896,-0.00039894,0.00345074,0.0,2024-W49
adj_close.csv,ARIMA,QUAL,0.00255558,0.00395864,0.00269967,0.00255558,0.00395864,0.00269967,"ARIMA(1, 0, 0)",-0.00269967,-0.0001441,0.00125896,0.0,2024-W50
adj_close.csv,ARIMA,QUAL,0.0047006,0.00169018,0.00438985,0.0047006,0.00169018,0.00438985,"ARIMA(1, 0, 0)",-0.00438985,0.00031075,-0.00269967,0.0,2024-W51
adj_close.csv,ARIMA,QUAL,0.00102005,0.00590399,0.00151414,0.00102005,0.00590399,0.00151414,"ARIMA(1, 0, 0)",0.00151414,0.00049408,-0.00438985,0.0,2024-W52
adj_close.csv,ARIMA,QUAL,0.00152353,0.00320944,0.0016953,0.00152353,0.00320944,0.0016953,"ARIMA(1, 0, 0)",-0.0016953,-0.00017178,0.00151414,0.0,2025-W01
adj_close.csv,ARIMA,QUAL,0.00434055,0.00245213,0.00414744,0.00434055,0.00245213,0.00414744,"ARIMA(1, 0, 0)",-0.00414744,0.00019311,-0.0016953,0.0,2025-W02
adj_close.csv,ARIMA,QUAL,0.00439613,0.00900989,0.00486245,0.00439613,0.00900989,0.00486245,"ARIMA(1, 0, 0)",0.00486245,0.00046633,-0.00414744,0.0,2025-W03
adj_close.csv,ARIMA,QUAL,0.00523847,0.00018841,0.00467405,0.00523847,0.00018841,0.00467405,"ARIMA(1, 0, 0)",0.00467405,-0.00056442,0.00486245,0.0,2025-W04
adj_close.csv,ARIMA,QUAL,0.00028665,0.00547959,0.00080555,0.00028665,0.00547959,0.00080555,"ARIMA(1, 0, 0)",-0.00080555,-0.00051889,0.00467405,0.0,2025-W05
adj_close.csv,ARIMA,QUAL,0.00058107,0.00031412,0.00049142,0.00058107,0.00031412,0.00049142,"ARIMA(1, 0, 0)",-0.00049142,8.964e-05,-0.00080555,0.0,2025-W06
adj_close.csv,ARIMA,QUAL,0.00233657,0.00288263,0.00239121,0.00233657,0.00288263,0.00239121,"ARIMA(1, 0, 0)",0.00239121,5.464e-05,-0.00049142,0.0,2025-W07
adj_close.csv,ARIMA,QUAL,0.00314664,0.00580427,0.00341306,0.00314664,0.00580427,0.00341306,"ARIMA(1, 0, 0)",-0.00341306,-0.00026642,0.00239121,0.0,2025-W08
adj_close.csv,ARIMA,QUAL,0.0015167,0.0022817,0.00113136,0.0015167,0.0022817,0.00113136,"ARIMA(1, 0, 0)",-0.00113136,0.00038534,-0.00341306,0.0,2025-W09
adj_close.csv,ARIMA,QUAL,0.00541709,0.00415915,0.00529051,0.00541709,0.00415915,0.00529051,"ARIMA(1, 0, 0)",-0.00529051,0.00012658,-0.00113136,0.0,2025-W10
adj_close.csv,ARIMA,QUAL,0.0068466,0.00097057,0.00626108,0.0068466,0.00097057,0.00626108,"ARIMA(1, 0, 0)",-0.00626108,0.00058552,-0.00529051,0.0,2025-W11
adj_close.csv,ARIMA,QUAL,6.036e-05,0.00696993,0.00070885,6.036e-05,0.00696993,0.00070885,"ARIMA(1, 0, 0)",0.00070885,0.00064849,-0.00626108,0.0,2025-W12
adj_close.csv,ARIMA,QUAL,0.00225943,0.00304175,0.0023329,0.00225943,0.00304175,0.0023329,"ARIMA(1, 0, 0)",-0.0023329,-7.347e-05,0.00070885,0.0,2025-W13
adj_close.csv,ARIMA,QUAL,0.01762658,0.01505115,0.01738405,0.01762658,0.01505115,0.01738405,"ARIMA(1, 0, 0)",-0.01738405,0.00024253,-0.0023329,0.0,2025-W14
adj_close.csv,ARIMA,QUAL,0.00831676,0.02736919,0.00998514,0.00831676,0.02736919,0.00998514,"ARIMA(1, 0, 0)",0.00998514,0.00166838,-0.01738405,0.0,2025-W15
adj_close.csv,ARIMA,QUAL,0.0018857,0.01309402,0.00310888,0.0018857,0.01309402,0.00310888,"ARIMA(1, 0, 0)",-0.00310888,-0.00122319,0.00998514,0.0,2025-W16
adj_close.csv,ARIMA,QUAL,0.00726539,0.01076566,0.00765678,0.00726539,0.01076566,0.00765678,"ARIMA(1, 0, 0)",0.00765678,0.00039139,-0.00310888,0.0,2025-W17
adj_close.csv,ARIMA,QUAL,0.00634816,0.00230367,0.00535311,0.00634816,0.00230367,0.00535311,"ARIMA(1, 0, 0)",0.00535311,-0.00099505,0.00765678,0.0,2025-W18
adj_close.csv,ARIMA,QUAL,0.00093574,0.0069382,0.0015851,0.00093574,0.0069382,0.0015851,"ARIMA(1, 0, 0)",-0.0015851,-0.00064936,0.00535311,0.0,2025-W19
adj_close.csv,ARIMA,QUAL,0.00920072,0.0109795,0.0093944,0.00920072,0.0109795,0.0093944,"ARIMA(1, 0, 0)",0.0093944,0.00019369,-0.0015851,0.0,2025-W20
adj_close.csv,ARIMA,QUAL,0.00463879,0.01520537,0.00581097,0.00463879,0.01520537,0.00581097,"ARIMA(1, 0, 0)",-0.00581097,-0.00117217,0.0093944,0.0,2025-W21
adj_close.csv,ARIMA,QUAL,0.00357477,0.01015493,0.00434396,0.00357477,0.01015493,0.00434396,"ARIMA(1, 0, 0)",0.00434396,0.00076919,-0.00581097,0.0,2025-W22
adj_close.csv,ARIMA,QUAL,0.00432823,0.00060638,0.00373759,0.00432823,0.00060638,0.00373759,"ARIMA(1, 0, 0)",0.00373759,-0.00059064,0.00434396,0.0,2025-W23
adj_close.csv,ARIMA,QUAL,0.00186819,0.00610184,0.00236425,0.00186819,0.00610184,0.00236425,"ARIMA(1, 0, 0)",-0.00236425,-0.00049606,0.00373759,0.0,2025-W24
adj_close.csv,ARIMA,QUAL,0.00350168,0.0008208,0.00318504,0.00350168,0.0008208,0.00318504,"ARIMA(1, 0, 0)",-0.00318504,0.00031663,-0.00236425,0.0,2025-W25
adj_close.csv,ARIMA,QUAL,0.00624098,0.00984804,0.006663,0.00624098,0.00984804,0.006663,"ARIMA(1, 0, 0)",0.006663,0.00042202,-0.00318504,0.0,2025-W26
adj_close.csv,ARIMA,QUAL,0.00551617,0.00205243,0.00461057,0.00551617,0.00205243,0.00461057,"ARIMA(1, 0, 0)",0.00461057,-0.0009056,0.006663,0.0,2025-W27
adj_close.csv,ARIMA,QUAL,0.00060607,0.00581438,0.00120382,0.00060607,0.00581438,0.00120382,"ARIMA(1, 0, 0)",-0.00120382,-0.00059775,0.00461057,0.0,2025-W28
adj_close.csv,ARIMA,QUAL,2.82e-05,0.00138866,0.00018484,2.82e-05,0.00138866,0.00018484,"ARIMA(1, 0, 0)",0.00018484,0.00015664,-0.00120382,0.0,2025-W29
adj_close.csv,ARIMA,QUAL,0.00310834,0.00289945,0.00308429,0.00310834,0.00289945,0.00308429,"ARIMA(1, 0, 0)",0.00308429,-2.405e-05,0.00018484,0.0,2025-W30
adj_close.csv,ARIMA,QUAL,0.00453935,0.00802469,0.0049404,0.00453935,0.00802469,0.0049404,"ARIMA(1, 0, 0)",-0.0049404,-0.00040105,0.00308429,0.0,2025-W31
adj_close.csv,ARIMA,QUAL,0.00295485,0.00854938,0.00360898,0.00295485,0.00854938,0.00360898,"ARIMA(1, 0, 0)",0.00360898,0.00065413,-0.0049404,0.0,2025-W32
adj_close.csv,ARIMA,QUAL,0.0031195,0.00097623,0.00263275,0.0031195,0.00097623,0.00263275,"ARIMA(1, 0, 0)",0.00263275,-0.00048675,0.00360898,0.0,2025-W33
adj_close.csv,ARIMA,QUAL,0.00168526,0.00129758,0.00133517,0.00168526,0.00129758,0.00133517,"ARIMA(1, 0, 0)",0.00133517,-0.00035009,0.00263275,0.0,2025-W34
adj_close.csv,ARIMA,QUAL,0.00026753,0.00177925,0.00044407,0.00026753,0.00177925,0.00044407,"ARIMA(1, 0, 0)",-0.00044407,-0.00017655,0.00133517,0.0,2025-W35
adj_close.csv,ARIMA,QUAL,0.00029825,0.00080107,0.000357,0.00029825,0.00080107,0.000357,"ARIMA(1, 0, 0)",0.000357,5.874e-05,-0.00044407,0.0,2025-W36
adj_close.csv,ARIMA,QUAL,0.0017208,0.00131657,0.00167356,0.0017208,0.00131657,0.00167356,"ARIMA(1, 0, 0)",0.00167356,-4.723e-05,0.000357,0.0,2025-W37
adj_close.csv,ARIMA,QUAL,0.00269349,0.00079867,0.00247223,0.00269349,0.00079867,0.00247223,"ARIMA(1, 0, 0)",0.00247223,-0.00022125,0.00167356,0.0,2025-W38
adj_close.csv,ARIMA,QUAL,0.00021077,0.00258643,0.0001142,0.00021077,0.00258643,0.0001142,"ARIMA(1, 0, 0)",-0.0001142,-0.00032497,0.00247223,0.0,2025-W39
adj_close.csv,ARIMA,QUAL,0.00396384,0.00409304,0.00397885,0.00396384,0.00409304,0.00397885,"ARIMA(1, 0, 0)",0.00397885,1.5e-05,-0.0001142,0.0,2025-W40
adj_close.csv,ARIMA,QUAL,0.00511384,0.00961564,0.0056368,0.00511384,0.00961564,0.0056368,"ARIMA(1, 0, 0)",-0.0056368,-0.00052296,0.00397885,0.0,2025-W41
adj_close.csv,ARIMA,QUAL,0.00178892,0.00818581,0.00254902,0.00178892,0.00818581,0.00254902,"ARIMA(1, 0, 0)",0.00254902,0.0007601,-0.0056368,0.0,2025-W42
adj_close.csv,ARIMA,QUAL,0.00383241,0.00093538,0.0034844,0.00383241,0.00093538,0.0034844,"ARIMA(1, 0, 0)",0.0034844,-0.00034801,0.00254902,0.0,2025-W43
adj_close.csv,ARIMA,QUAL,9.97e-05,0.00405414,0.00056975,9.97e-05,0.00405414,0.00056975,"ARIMA(1, 0, 0)",-0.00056975,-0.00047004,0.0034844,0.0,2025-W44
adj_close.csv,ARIMA,QUAL,0.00325017,0.00260353,0.00317327,0.00325017,0.00260353,0.00317327,"ARIMA(1, 0, 0)",-0.00317327,7.689e-05,-0.00056975,0.0,2025-W45
adj_close.csv,ARIMA,QUAL,0.00078018,0.00438073,0.00120746,0.00078018,0.00438073,0.00120746,"ARIMA(1, 0, 0)",0.00120746,0.00042728,-0.00317327,0.0,2025-W46
adj_close.csv,ARIMA,QUAL,0.00232168,0.00369222,0.00248476,0.00232168,0.00369222,0.00248476,"ARIMA(1, 0, 0)",-0.00248476,-0.00016308,0.00120746,0.0,2025-W47
adj_close.csv,ARIMA,QUAL,0.00748319,0.0103047,0.00781994,0.00748319,0.0103047,0.00781994,"ARIMA(1, 0, 0)",0.00781994,0.00033675,-0.00248476,0.0,2025-W48
adj_close.csv,ARIMA,QUAL,0.00277301,0.00613082,0.00168912,0.00277301,0.00613082,0.00168912,"ARIMA(1, 0, 0)",0.00168912,-0.00108389,0.00781994,0.0,2025-W49
adj_close.csv,ARIMA,QUAL,2.233e-05,0.00193957,0.00025044,2.233e-05,0.00193957,0.00025044,"ARIMA(1, 0, 0)",-0.00025044,-0.00022811,0.00168912,0.0,2025-W50
adj_close.csv,ARIMA,QUAL,9.372e-05,0.00019055,5.989e-05,9.372e-05,0.00019055,5.989e-05,"ARIMA(1, 0, 0)",-5.989e-05,3.382e-05,-0.00025044,0.0,2025-W51
adj_close.csv,ARIMA,QUAL,0.00273033,0.00279831,0.00273842,0.00273033,0.00279831,0.00273842,"ARIMA(1, 0, 0)",0.00273842,8.09e-06,-5.989e-05,0.0,2025-W52
adj_close.csv,ARIMA,QUAL,0.00192885,0.00503717,0.00229875,0.00192885,0.00503717,0.00229875,"ARIMA(1, 0, 0)",-0.00229875,-0.0003699,0.00273842,0.0,2026-W01
adj_close.csv,ARIMA,QUAL,0.00452829,0.00713954,0.00484079,0.00452829,0.00713954,0.00484079,"ARIMA(1, 0, 0)",0.00484079,0.0003125,-0.00229875,0.0,2026-W02
adj_close.csv,ARIMA,QUAL,7.993e-05,0.00558703,0.00074624,7.993e-05,0.00558703,0.00074624,"ARIMA(1, 0, 0)",-0.00074624,-0.00066632,0.00484079,0.0,2026-W03
adj_close.csv,ARIMA,QUAL,0.00087865,2.965e-05,0.00077589,0.00087865,2.965e-05,0.00077589,"ARIMA(1, 0, 0)",-0.00077589,0.00010276,-0.00074624,0.0,2026-W04
adj_close.csv,ARIMA,QUAL,0.00036349,0.00051917,0.00025672,0.00036349,0.00051917,0.00025672,"ARIMA(1, 0, 0)",-0.00025672,0.00010676,-0.00077589,0.0,2026-W05
adj_close.csv,ARIMA,QUAL,0.00641552,0.00670755,0.00645083,0.00641552,0.00670755,0.00645083,"ARIMA(1, 0, 0)",0.00645083,3.531e-05,-0.00025672,0.0,2026-W06
adj_close.csv,ARIMA,SCHD,0.00358048,0.00033234,0.00332565,0.00358048,0.00033234,0.00332565,"ARIMA(0, 0, 1)",0.00332565,-0.00025483,0.00365799,0.0,2024-W30
adj_close.csv,ARIMA,SCHD,0.00388459,0.00741717,0.00409152,0.00388459,0.00741717,0.00409152,"ARIMA(0, 0, 1)",-0.00409152,-0.00020694,0.00332565,0.0,2024-W31
adj_close.csv,ARIMA,SCHD,0.0018075,0.00252601,0.00156551,0.0018075,0.00252601,0.00156551,"ARIMA(0, 0, 1)",-0.00156551,0.00024199,-0.00409152,0.0,2024-W32
adj_close.csv,ARIMA,SCHD,0.00430748,0.0059819,0.00441638,0.00430748,0.0059819,0.00441638,"ARIMA(0, 0, 1)",0.00441638,0.0001089,-0.00156551,0.0,2024-W33
adj_close.csv,ARIMA,SCHD,0.00404156,0.00064543,0.00377096,0.00404156,0.00064543,0.00377096,"ARIMA(0, 0, 1)",0.00377096,-0.0002706,0.00441638,0.0,2024-W34
adj_close.csv,ARIMA,SCHD,0.00263609,0.00136689,0.00240407,0.00263609,0.00136689,0.00240407,"ARIMA(0, 0, 1)",0.00240407,-0.00023202,0.00377096,0.0,2024-W35
adj_close.csv,ARIMA,SCHD,0.00745406,0.01000087,0.00759681,0.00745406,0.01000087,0.00759681,"ARIMA(0, 0, 1)",-0.00759681,-0.00014275,0.00240407,0.0,2024-W36
adj_close.csv,ARIMA,SCHD,0.00283692,0.01088667,0.00328986,0.00283692,0.01088667,0.00328986,"ARIMA(0, 0, 1)",0.00328986,0.00045294,-0.00759681,0.0,2024-W37
adj_close.csv,ARIMA,SCHD,0.00285671,0.0006206,0.00266927,0.00285671,0.0006206,0.00266927,"ARIMA(0, 0, 1)",0.00266927,-0.00018744,0.00328986,0.0,2024-W38
adj_close.csv,ARIMA,SCHD,0.00144641,0.00140766,0.0012616,0.00144641,0.00140766,0.0012616,"ARIMA(0, 0, 1)",0.0012616,-0.0001848,0.00266927,0.0,2024-W39
adj_close.csv,ARIMA,SCHD,0.00101543,0.00033801,0.00092359,0.00101543,0.00033801,0.00092359,"ARIMA(0, 0, 1)",0.00092359,-9.184e-05,0.0012616,0.0,2024-W40
adj_close.csv,ARIMA,SCHD,0.00234283,0.00135517,0.00227876,0.00234283,0.00135517,0.00227876,"ARIMA(0, 0, 1)",0.00227876,-6.407e-05,0.00092359,0.0,2024-W41
adj_close.csv,ARIMA,SCHD,0.00202921,0.00039558,0.00188318,0.00202921,0.00039558,0.00188318,"ARIMA(0, 0, 1)",0.00188318,-0.00014603,0.00227876,0.0,2024-W42
adj_close.csv,ARIMA,SCHD,0.00451171,0.00651823,0.00463505,0.00451171,0.00651823,0.00463505,"ARIMA(0, 0, 1)",-0.00463505,-0.00012334,0.00188318,0.0,2024-W43
adj_close.csv,ARIMA,SCHD,0.00064273,0.00427951,0.00035554,0.00064273,0.00427951,0.00035554,"ARIMA(0, 0, 1)",-0.00035554,0.00028719,-0.00463505,0.0,2024-W44
adj_close.csv,ARIMA,SCHD,0.00681601,0.00721176,0.00685622,0.00681601,0.00721176,0.00685622,"ARIMA(0, 0, 1)",0.00685622,4.02e-05,-0.00035554,0.0,2024-W45
adj_close.csv,ARIMA,SCHD,0.00268105,0.00997533,0.00311912,0.00268105,0.00997533,0.00311912,"ARIMA(0, 0, 1)",-0.00311912,-0.00043807,0.00685622,0.0,2024-W46
adj_close.csv,ARIMA,SCHD,0.00478342,0.00808659,0.00496748,0.00478342,0.00808659,0.00496748,"ARIMA(0, 0, 1)",0.00496748,0.00018405,-0.00311912,0.0,2024-W47
adj_close.csv,ARIMA,SCHD,0.00187781,0.00343893,0.00152854,0.00187781,0.00343893,0.00152854,"ARIMA(0, 0, 1)",0.00152854,-0.00034927,0.00496748,0.0,2024-W48
adj_close.csv,ARIMA,SCHD,0.0047361,0.00639596,0.00486742,0.0047361,0.00639596,0.00486742,"ARIMA(0, 0, 1)",-0.00486742,-0.00013132,0.00152854,0.0,2024-W49
adj_close.csv,ARIMA,SCHD,0.00333497,0.0018774,0.00299002,0.00333497,0.0018774,0.00299002,"ARIMA(0, 0, 1)",-0.00299002,0.00034495,-0.00486742,0.0,2024-W50
adj_close.csv,ARIMA,SCHD,0.00629045,0.00307323,0.00606325,0.00629045,0.00307323,0.00606325,"ARIMA(0, 0, 1)",-0.00606325,0.0002272,-0.00299002,0.0,2024-W51
adj_close.csv,ARIMA,SCHD,0.00125198,0.00770676,0.00164351,0.00125198,0.00770676,0.00164351,"ARIMA(0, 0, 1)",0.00164351,0.00039153,-0.00606325,0.0,2024-W52
adj_close.csv,ARIMA,SCHD,0.00019305,0.00191666,0.00027315,0.00019305,0.00191666,0.00027315,"ARIMA(0, 0, 1)",-0.00027315,-8.01e-05,0.00164351,0.0,2025-W01
adj_close.csv,ARIMA,SCHD,0.00396117,0.00367551,0.00394866,0.00396117,0.00367551,0.00394866,"ARIMA(0, 0, 1)",-0.00394866,1.251e-05,-0.00027315,0.0,2025-W02
adj_close.csv,ARIMA,SCHD,0.00687299,0.0110767,0.00712804,0.00687299,0.0110767,0.00712804,"ARIMA(0, 0, 1)",0.00712804,0.00025505,-0.00394866,0.0,2025-W03
adj_close.csv,ARIMA,SCHD,0.00120643,0.00641452,0.00071352,0.00120643,0.00641452,0.00071352,"ARIMA(0, 0, 1)",0.00071352,-0.00049292,0.00712804,0.0,2025-W04
adj_close.csv,ARIMA,SCHD,0.00163428,0.00243088,0.00171736,0.00163428,0.00243088,0.00171736,"ARIMA(0, 0, 1)",-0.00171736,-8.308e-05,0.00071352,0.0,2025-W05
adj_close.csv,ARIMA,SCHD,0.00206458,0.00023248,0.00194984,0.00206458,0.00023248,0.00194984,"ARIMA(0, 0, 1)",-0.00194984,0.00011474,-0.00171736,0.0,2025-W06
adj_close.csv,ARIMA,SCHD,0.00151885,0.00361201,0.00166217,0.00151885,0.00361201,0.00166217,"ARIMA(0, 0, 1)",0.00166217,0.00014333,-0.00194984,0.0,2025-W07
adj_close.csv,ARIMA,SCHD,0.00385676,0.00208788,0.00375006,0.00385676,0.00208788,0.00375006,"ARIMA(0, 0, 1)",0.00375006,-0.0001067,0.00166217,0.0,2025-W08
adj_close.csv,ARIMA,SCHD,0.00259119,0.00142403,0.00232603,0.00259119,0.00142403,0.00232603,"ARIMA(0, 0, 1)",0.00232603,-0.00026516,0.00375006,0.0,2025-W09
adj_close.csv,ARIMA,SCHD,0.00039105,0.00288744,0.00056141,0.00039105,0.00288744,0.00056141,"ARIMA(0, 0, 1)",-0.00056141,-0.00017037,0.00232603,0.0,2025-W10
adj_close.csv,ARIMA,SCHD,0.005873,0.00528571,0.00584713,0.005873,0.00528571,0.00584713,"ARIMA(0, 0, 1)",-0.00584713,2.588e-05,-0.00056141,0.0,2025-W11
adj_close.csv,ARIMA,SCHD,0.00047892,0.00671356,0.00086643,0.00047892,0.00671356,0.00086643,"ARIMA(0, 0, 1)",0.00086643,0.00038751,-0.00584713,0.0,2025-W12
adj_close.csv,ARIMA,SCHD,0.00052746,0.00037064,0.00049579,0.00052746,0.00037064,0.00049579,"ARIMA(0, 0, 1)",0.00049579,-3.167e-05,0.00086643,0.0,2025-W13
adj_close.csv,ARIMA,SCHD,0.01738026,0.01791124,0.01741545,0.01738026,0.01791124,0.01741545,"ARIMA(0, 0, 1)",-0.01741545,-3.519e-05,0.00049579,0.0,2025-W14
adj_close.csv,ARIMA,SCHD,0.00102392,0.0175736,0.00015815,0.00102392,0.0175736,0.00015815,"ARIMA(0, 0, 1)",0.00015815,0.00118207,-0.01741545,0.0,2025-W15
adj_close.csv,ARIMA,SCHD,0.00112303,0.00102482,0.00118297,0.00112303,0.00102482,0.00118297,"ARIMA(0, 0, 1)",0.00118297,5.994e-05,0.00015815,0.0,2025-W16
adj_close.csv,ARIMA,SCHD,0.00202886,0.00077439,0.00195736,0.00202886,0.00077439,0.00195736,"ARIMA(0, 0, 1)",0.00195736,-7.15e-05,0.00118297,0.0,2025-W17
adj_close.csv,ARIMA,SCHD,0.00314464,0.00105835,0.00301571,0.00314464,0.00105835,0.00301571,"ARIMA(0, 0, 1)",0.00301571,-0.00012893,0.00195736,0.0,2025-W18
adj_close.csv,ARIMA,SCHD,0.00235439,0.0055645,0.00254879,0.00235439,0.0055645,0.00254879,"ARIMA(0, 0, 1)",-0.00254879,-0.0001944,0.00301571,0.0,2025-W19
adj_close.csv,ARIMA,SCHD,0.00650085,0.00919951,0.00665072,0.00650085,0.00919951,0.00665072,"ARIMA(0, 0, 1)",0.00665072,0.00014987,-0.00254879,0.0,2025-W20
adj_close.csv,ARIMA,SCHD,0.00497192,0.01206159,0.00541087,0.00497192,0.01206159,0.00541087,"ARIMA(0, 0, 1)",-0.00541087,-0.00043895,0.00665072,0.0,2025-W21
adj_close.csv,ARIMA,SCHD,0.0023157,0.00810009,0.00268921,0.0023157,0.00810009,0.00268921,"ARIMA(0, 0, 1)",0.00268921,0.00037351,-0.00541087,0.0,2025-W22
adj_close.csv,ARIMA,SCHD,0.00298941,0.00011866,0.00280787,0.00298941,0.00011866,0.00280787,"ARIMA(0, 0, 1)",0.00280787,-0.00018153,0.00268921,0.0,2025-W23
adj_close.csv,ARIMA,SCHD,0.00292427,0.00011323,0.00269464,0.00292427,0.00011323,0.00269464,"ARIMA(0, 0, 1)",0.00269464,-0.00022963,0.00280787,0.0,2025-W24
adj_close.csv,ARIMA,SCHD,0.00164717,0.00456031,0.00186567,0.00164717,0.00456031,0.00186567,"ARIMA(0, 0, 1)",-0.00186567,-0.00021851,0.00269464,0.0,2025-W25
adj_close.csv,ARIMA,SCHD,0.00050661,0.00148415,0.00038152,0.00050661,0.00148415,0.00038152,"ARIMA(0, 0, 1)",-0.00038152,0.00012509,-0.00186567,0.0,2025-W26
adj_close.csv,ARIMA,SCHD,0.00889439,0.00931436,0.00893284,0.00889439,0.00931436,0.00893284,"ARIMA(0, 0, 1)",0.00893284,3.845e-05,-0.00038152,0.0,2025-W27
adj_close.csv,ARIMA,SCHD,0.00053703,0.00907914,0.0001463,0.00053703,0.00907914,0.0001463,"ARIMA(0, 0, 1)",-0.0001463,-0.00068333,0.00893284,0.0,2025-W28
adj_close.csv,ARIMA,SCHD,0.00224166,0.00213523,0.00228153,0.00224166,0.00213523,0.00228153,"ARIMA(0, 0, 1)",-0.00228153,-3.987e-05,-0.0001463,0.0,2025-W29
adj_close.csv,ARIMA,SCHD,0.00203808,0.00448986,0.00220833,0.00203808,0.00448986,0.00220833,"ARIMA(0, 0, 1)",0.00220833,0.00017025,-0.00228153,0.0,2025-W30
adj_close.csv,ARIMA,SCHD,0.00684601,0.0092109,0.00700257,0.00684601,0.0092109,0.00700257,"ARIMA(0, 0, 1)",-0.00700257,-0.00015656,0.00220833,0.0,2025-W31
adj_close.csv,ARIMA,SCHD,0.00320591,0.01075785,0.00375528,0.00320591,0.01075785,0.00375528,"ARIMA(0, 0, 1)",0.00375528,0.00054937,-0.00700257,0.0,2025-W32
adj_close.csv,ARIMA,SCHD,0.00359219,0.00043478,0.0033205,0.00359219,0.00043478,0.0033205,"ARIMA(0, 0, 1)",0.0033205,-0.00027169,0.00375528,0.0,2025-W33
adj_close.csv,ARIMA,SCHD,0.00478339,0.00116595,0.00448645,0.00478339,0.00116595,0.00448645,"ARIMA(0, 0, 1)",0.00448645,-0.00029695,0.0033205,0.0,2025-W34
adj_close.csv,ARIMA,SCHD,0.00016228,0.00470124,0.00021479,0.00016228,0.00470124,0.00021479,"ARIMA(0, 0, 1)",-0.00021479,-0.00037707,0.00448645,0.0,2025-W35
adj_close.csv,ARIMA,SCHD,0.00250712,0.00230504,0.00251983,0.00250712,0.00230504,0.00251983,"ARIMA(0, 0, 1)",-0.00251983,-1.271e-05,-0.00021479,0.0,2025-W36
adj_close.csv,ARIMA,SCHD,0.00135926,0.00135872,0.00116111,0.00135926,0.00135872,0.00116111,"ARIMA(0, 0, 1)",-0.00116111,0.00019815,-0.00251983,0.0,2025-W37
adj_close.csv,ARIMA,SCHD,0.00120096,6.642e-05,0.00109469,0.00120096,6.642e-05,0.00109469,"ARIMA(0, 0, 1)",-0.00109469,0.00010627,-0.00116111,0.0,2025-W38
adj_close.csv,ARIMA,SCHD,0.00093328,0.00212146,0.00102678,0.00093328,0.00212146,0.00102678,"ARIMA(0, 0, 1)",0.00102678,9.349e-05,-0.00109469,0.0,2025-W39
adj_close.csv,ARIMA,SCHD,0.00153762,0.00043791,0.00146469,0.00153762,0.00043791,0.00146469,"ARIMA(0, 0, 1)",0.00146469,-7.293e-05,0.00102678,0.0,2025-W40
adj_close.csv,ARIMA,SCHD,0.00633128,0.00791566,0.00645098,0.00633128,0.00791566,0.00645098,"ARIMA(0, 0, 1)",-0.00645098,-0.00011969,0.00146469,0.0,2025-W41
adj_close.csv,ARIMA,SCHD,0.00136809,0.00832612,0.00187514,0.00136809,0.00832612,0.00187514,"ARIMA(0, 0, 1)",0.00187514,0.00050705,-0.00645098,0.0,2025-W42
adj_close.csv,ARIMA,SCHD,0.00189513,9.141e-05,0.00178373,0.00189513,9.141e-05,0.00178373,"ARIMA(0, 0, 1)",0.00178373,-0.00011139,0.00187514,0.0,2025-W43
adj_close.csv,ARIMA,SCHD,0.00192807,0.00386632,0.00208259,0.00192807,0.00386632,0.00208259,"ARIMA(0, 0, 1)",-0.00208259,-0.00015451,0.00178373,0.0,2025-W44
adj_close.csv,ARIMA,SCHD,0.00038299,0.00185815,0.00022443,0.00038299,0.00185815,0.00022443,"ARIMA(0, 0, 1)",-0.00022443,0.00015855,-0.00208259,0.0,2025-W45
adj_close.csv,ARIMA,SCHD,0.0038234,0.00407926,0.00385483,0.0038234,0.00407926,0.00385483,"ARIMA(0, 0, 1)",0.00385483,3.143e-05,-0.00022443,0.0,2025-W46
adj_close.csv,ARIMA,SCHD,0.00071549,0.00488538,0.00103055,0.00071549,0.00488538,0.00103055,"ARIMA(0, 0, 1)",-0.00103055,-0.00031505,0.00385483,0.0,2025-W47
adj_close.csv,ARIMA,SCHD,0.00442069,0.00551046,0.00447991,0.00442069,0.00551046,0.00447991,"ARIMA(0, 0, 1)",0.00447991,5.922e-05,-0.00103055,0.0,2025-W48
adj_close.csv,ARIMA,SCHD,0.00123846,0.00361192,0.00086799,0.00123846,0.00361192,0.00086799,"ARIMA(0, 0, 1)",0.00086799,-0.00037047,0.00447991,0.0,2025-W49
adj_close.csv,ARIMA,SCHD,0.00192007,0.00095046,0.00181845,0.00192007,0.00095046,0.00181845,"ARIMA(0, 0, 1)",0.00181845,-0.00010162,0.00086799,0.0,2025-W50
adj_close.csv,ARIMA,SCHD,0.00143873,0.0034144,0.00159595,0.00143873,0.0034144,0.00159595,"ARIMA(0, 0, 1)",-0.00159595,-0.00015722,0.00181845,0.0,2025-W51
adj_close.csv,ARIMA,SCHD,0.00151464,0.00322936,0.0016334,0.00151464,0.00322936,0.0016334,"ARIMA(0, 0, 1)",0.0016334,0.00011876,-0.00159595,0.0,2025-W52
adj_close.csv,ARIMA,SCHD,0.00093857,0.00082069,0.00081272,0.00093857,0.00082069,0.00081272,"ARIMA(0, 0, 1)",0.00081272,-0.00012586,0.0016334,0.0,2026-W01
adj_close.csv,ARIMA,SCHD,0.00590606,0.0050157,0.00582841,0.00590606,0.0050157,0.00582841,"ARIMA(0, 0, 1)",0.00582841,-7.765e-05,0.00081272,0.0,2026-W02
adj_close.csv,ARIMA,SCHD,0.00291859,0.00339148,0.00243693,0.00291859,0.00339148,0.00243693,"ARIMA(0, 0, 1)",0.00243693,-0.00048166,0.00582841,0.0,2026-W03
adj_close.csv,ARIMA,SCHD,0.00229188,0.00036939,0.00206755,0.00229188,0.00036939,0.00206755,"ARIMA(0, 0, 1)",0.00206755,-0.00022433,0.00243693,0.0,2026-W04
adj_close.csv,ARIMA,SCHD,0.00478716,0.00254595,0.0046135,0.00478716,0.00254595,0.0046135,"ARIMA(0, 0, 1)",0.0046135,-0.00017366,0.00206755,0.0,2026-W05
adj_close.csv,ARIMA,SCHD,0.00636789,0.00140458,0.00601808,0.00636789,0.00140458,0.00601808,"ARIMA(0, 0, 1)",0.00601808,-0.0003498,0.0046135,0.0,2026-W06
adj_close.csv,ARIMA,SLV,0.00982509,0.00115939,0.00927903,0.00982509,0.00115939,0.00927903,"ARIMA(2, 0, 0)",-0.00927903,0.00054606,-0.01043842,0.0,2024-W30
adj_close.csv,ARIMA,SLV,0.00288971,0.01362704,0.00434801,0.00288971,0.01362704,0.00434801,"ARIMA(2, 0, 0)",0.00434801,0.00145829,-0.00927903,0.0,2024-W31
adj_close.csv,ARIMA,SLV,0.00931911,0.01249961,0.00815161,0.00931911,0.01249961,0.00815161,"ARIMA(2, 0, 0)",-0.00815161,0.00116751,0.00434801,0.0,2024-W32
adj_close.csv,ARIMA,SLV,0.0115296,0.01927639,0.01112478,0.0115296,0.01927639,0.01112478,"ARIMA(2, 0, 0)",0.01112478,-0.00040481,-0.00815161,0.0,2024-W33
adj_close.csv,ARIMA,SLV,0.00503566,0.00538133,0.00574345,0.00503566,0.00538133,0.00574345,"ARIMA(2, 0, 0)",0.00574345,0.00070779,0.01112478,0.0,2024-W34
adj_close.csv,ARIMA,SLV,0.00485086,0.01209319,0.00634974,0.00485086,0.01209319,0.00634974,"ARIMA(2, 0, 0)",-0.00634974,-0.00149889,0.00574345,0.0,2024-W35
adj_close.csv,ARIMA,SLV,0.00779876,0.00204388,0.00839362,0.00779876,0.00204388,0.00839362,"ARIMA(2, 0, 0)",-0.00839362,-0.00059486,-0.00634974,0.0,2024-W36
adj_close.csv,ARIMA,SLV,0.0180088,0.02739857,0.01900495,0.0180088,0.02739857,0.01900495,"ARIMA(2, 0, 0)",0.01900495,0.00099615,-0.00839362,0.0,2024-W37
adj_close.csv,ARIMA,SLV,0.00216967,0.01624042,0.00276453,0.00216967,0.01624042,0.00276453,"ARIMA(2, 0, 0)",0.00276453,0.00059486,0.01900495,0.0,2024-W38
adj_close.csv,ARIMA,SLV,0.00593958,0.00037855,0.00314308,0.00593958,0.00037855,0.00314308,"ARIMA(2, 0, 0)",0.00314308,-0.00279651,0.00276453,0.0,2024-W39
adj_close.csv,ARIMA,SLV,0.00388958,0.00029225,0.00343533,0.00388958,0.00029225,0.00343533,"ARIMA(2, 0, 0)",0.00343533,-0.00045425,0.00314308,0.0,2024-W40
adj_close.csv,ARIMA,SLV,0.00334493,0.0072869,0.00385157,0.00334493,0.0072869,0.00385157,"ARIMA(2, 0, 0)",-0.00385157,-0.00050665,0.00343533,0.0,2024-W41
adj_close.csv,ARIMA,SLV,0.01274531,0.01623777,0.01238619,0.01274531,0.01623777,0.01238619,"ARIMA(2, 0, 0)",0.01238619,-0.00035912,-0.00385157,0.0,2024-W42
adj_close.csv,ARIMA,SLV,0.00019349,0.01245148,6.529e-05,0.00019349,0.01245148,6.529e-05,"ARIMA(2, 0, 0)",-6.529e-05,0.00012821,0.01238619,0.0,2024-W43
adj_close.csv,ARIMA,SLV,0.0056294,0.00718163,0.00724692,0.0056294,0.00718163,0.00724692,"ARIMA(2, 0, 0)",-0.00724692,-0.00161752,-6.529e-05,0.0,2024-W44
adj_close.csv,ARIMA,SLV,0.00753926,6.173e-05,0.00730865,0.00753926,6.173e-05,0.00730865,"ARIMA(2, 0, 0)",-0.00730865,0.00023061,-0.00724692,0.0,2024-W45
adj_close.csv,ARIMA,SLV,0.00767247,0.00081388,0.00649477,0.00767247,0.00081388,0.00649477,"ARIMA(2, 0, 0)",-0.00649477,0.0011777,-0.00730865,0.0,2024-W46
adj_close.csv,ARIMA,SLV,0.00532078,0.0129193,0.00642453,0.00532078,0.0129193,0.00642453,"ARIMA(2, 0, 0)",0.00642453,0.00110375,-0.00649477,0.0,2024-W47
adj_close.csv,ARIMA,SLV,0.00559402,0.01130143,0.0048769,0.00559402,0.01130143,0.0048769,"ARIMA(2, 0, 0)",-0.0048769,0.00071712,0.00642453,0.0,2024-W48
adj_close.csv,ARIMA,SLV,0.00306458,0.00722693,0.00235004,0.00306458,0.00722693,0.00235004,"ARIMA(2, 0, 0)",0.00235004,-0.00071455,-0.0048769,0.0,2024-W49
adj_close.csv,ARIMA,SLV,0.00414096,0.00592156,0.00357152,0.00414096,0.00592156,0.00357152,"ARIMA(2, 0, 0)",-0.00357152,0.00056943,0.00235004,0.0,2024-W50
adj_close.csv,ARIMA,SLV,0.00587444,0.00250174,0.00607327,0.00587444,0.00250174,0.00607327,"ARIMA(2, 0, 0)",-0.00607327,-0.00019883,-0.00357152,0.0,2024-W51
adj_close.csv,ARIMA,SLV,0.00212184,0.00458295,0.00149032,0.00212184,0.00458295,0.00149032,"ARIMA(2, 0, 0)",-0.00149032,0.00063153,-0.00607327,0.0,2024-W52
adj_close.csv,ARIMA,SLV,0.00122164,0.00353721,0.0020469,0.00122164,0.00353721,0.0020469,"ARIMA(2, 0, 0)",0.0020469,0.00082526,-0.00149032,0.0,2025-W01
adj_close.csv,ARIMA,SLV,0.00563155,0.00372366,0.00577055,0.00563155,0.00372366,0.00577055,"ARIMA(2, 0, 0)",0.00577055,0.000139,0.0020469,0.0,2025-W02
adj_close.csv,ARIMA,SLV,0.00041617,0.00577055,0.0,0.00041617,0.00577055,0.0,"ARIMA(2, 0, 0)",0.0,-0.00041617,0.00577055,0.0,2025-W03
adj_close.csv,ARIMA,SLV,0.00345473,0.00270175,0.00270175,0.00345473,0.00270175,0.00270175,"ARIMA(2, 0, 0)",0.00270175,-0.00075299,0.0,0.0,2025-W04
adj_close.csv,ARIMA,SLV,0.00432313,0.00155223,0.00425397,0.00432313,0.00155223,0.00425397,"ARIMA(2, 0, 0)",0.00425397,-6.916e-05,0.00270175,0.0,2025-W05
adj_close.csv,ARIMA,SLV,0.00406845,0.000639,0.00361498,0.00406845,0.000639,0.00361498,"ARIMA(2, 0, 0)",0.00361498,-0.00045347,0.00425397,0.0,2025-W06
adj_close.csv,ARIMA,SLV,0.00254916,0.00169519,0.00191979,0.00254916,0.00169519,0.00191979,"ARIMA(2, 0, 0)",0.00191979,-0.00062938,0.00361498,0.0,2025-W07
adj_close.csv,ARIMA,SLV,0.0028805,0.00045715,0.00237693,0.0028805,0.00045715,0.00237693,"ARIMA(2, 0, 0)",0.00237693,-0.00050357,0.00191979,0.0,2025-W08
adj_close.csv,ARIMA,SLV,0.00854871,0.01122121,0.00884428,0.00854871,0.01122121,0.00884428,"ARIMA(2, 0, 0)",-0.00884428,-0.00029556,0.00237693,0.0,2025-W09
adj_close.csv,ARIMA,SLV,0.00893779,0.01768856,0.00884428,0.00893779,0.01768856,0.00884428,"ARIMA(2, 0, 0)",0.00884428,-9.351e-05,-0.00884428,0.0,2025-W10
adj_close.csv,ARIMA,SLV,0.00657747,0.00141391,0.00743037,0.00657747,0.00141391,0.00743037,"ARIMA(2, 0, 0)",0.00743037,0.00085289,0.00884428,0.0,2025-W11
adj_close.csv,ARIMA,SLV,0.00320147,0.01197526,0.00454489,0.00320147,0.01197526,0.00454489,"ARIMA(2, 0, 0)",-0.00454489,-0.00134343,0.00743037,0.0,2025-W12
adj_close.csv,ARIMA,SLV,0.00728617,0.01096957,0.00642467,0.00728617,0.01096957,0.00642467,"ARIMA(2, 0, 0)",0.00642467,-0.0008615,-0.00454489,0.0,2025-W13
adj_close.csv,ARIMA,SLV,0.02743208,0.03346302,0.02703835,0.02743208,0.03346302,0.02703835,"ARIMA(2, 0, 0)",-0.02703835,0.00039373,0.00642467,0.0,2025-W14
adj_close.csv,ARIMA,SLV,0.01461539,0.0420445,0.01500615,0.01461539,0.0420445,0.01500615,"ARIMA(2, 0, 0)",0.01500615,0.00039077,-0.02703835,0.0,2025-W15
adj_close.csv,ARIMA,SLV,0.00105574,0.01194177,0.00306438,0.00105574,0.01194177,0.00306438,"ARIMA(2, 0, 0)",0.00306438,0.00200864,0.01500615,0.0,2025-W16
adj_close.csv,ARIMA,SLV,0.00530602,0.0002914,0.00335578,0.00530602,0.0002914,0.00335578,"ARIMA(2, 0, 0)",0.00335578,-0.00195024,0.00306438,0.0,2025-W17
adj_close.csv,ARIMA,SLV,0.00571994,0.00964326,0.00628748,0.00571994,0.00964326,0.00628748,"ARIMA(2, 0, 0)",-0.00628748,-0.00056753,0.00335578,0.0,2025-W18
adj_close.csv,ARIMA,SLV,0.00455019,0.0109041,0.00461662,0.00455019,0.0109041,0.00461662,"ARIMA(2, 0, 0)",0.00461662,6.643e-05,-0.00628748,0.0,2025-W19
adj_close.csv,ARIMA,SLV,0.00374631,0.0080008,0.00338418,0.00374631,0.0080008,0.00338418,"ARIMA(2, 0, 0)",-0.00338418,0.00036213,0.00461662,0.0,2025-W20
adj_close.csv,ARIMA,SLV,0.00795505,0.01108388,0.00769971,0.00795505,0.01108388,0.00769971,"ARIMA(2, 0, 0)",0.00769971,-0.00025535,-0.00338418,0.0,2025-W21
adj_close.csv,ARIMA,SLV,0.00350631,0.01142187,0.00372216,0.00350631,0.01142187,0.00372216,"ARIMA(2, 0, 0)",-0.00372216,-0.00021585,0.00769971,0.0,2025-W22
adj_close.csv,ARIMA,SLV,0.01770341,0.02089652,0.01717436,0.01770341,0.02089652,0.01717436,"ARIMA(2, 0, 0)",0.01717436,-0.00052905,-0.00372216,0.0,2025-W23
adj_close.csv,ARIMA,SLV,0.0027316,0.01546858,0.00170578,0.0027316,0.01546858,0.00170578,"ARIMA(2, 0, 0)",0.00170578,-0.00102581,0.01717436,0.0,2025-W24
adj_close.csv,ARIMA,SLV,0.00010099,0.00360867,0.00190289,0.00010099,0.00360867,0.00190289,"ARIMA(2, 0, 0)",-0.00190289,-0.0018019,0.00170578,0.0,2025-W25
adj_close.csv,ARIMA,SLV,0.00059371,0.00129069,0.0006122,0.00059371,0.00129069,0.0006122,"ARIMA(2, 0, 0)",-0.0006122,-1.848e-05,-0.00190289,0.0,2025-W26
adj_close.csv,ARIMA,SLV,0.00649681,0.00734177,0.00672957,0.00649681,0.00734177,0.00672957,"ARIMA(2, 0, 0)",0.00672957,0.00023276,-0.0006122,0.0,2025-W27
adj_close.csv,ARIMA,SLV,0.00933556,0.00214262,0.00887219,0.00933556,0.00214262,0.00887219,"ARIMA(2, 0, 0)",0.00887219,-0.00046337,0.00672957,0.0,2025-W28
adj_close.csv,ARIMA,SLV,0.00109825,0.01128462,0.00241243,0.00109825,0.01128462,0.00241243,"ARIMA(2, 0, 0)",-0.00241243,-0.00131417,0.00887219,0.0,2025-W29
adj_close.csv,ARIMA,SLV,0.00098702,0.00270115,0.00028872,0.00098702,0.00270115,0.00028872,"ARIMA(2, 0, 0)",0.00028872,-0.0006983,-0.00241243,0.0,2025-W30
adj_close.csv,ARIMA,SLV,0.00648729,0.0065603,0.00627157,0.00648729,0.0065603,0.00627157,"ARIMA(2, 0, 0)",-0.00627157,0.00021571,0.00028872,0.0,2025-W31
adj_close.csv,ARIMA,SLV,0.00709851,0.01380862,0.00753704,0.00709851,0.01380862,0.00753704,"ARIMA(2, 0, 0)",0.00753704,0.00043853,-0.00627157,0.0,2025-W32
adj_close.csv,ARIMA,SLV,0.00221782,0.00972791,0.00219086,0.00221782,0.00972791,0.00219086,"ARIMA(2, 0, 0)",-0.00219086,2.695e-05,0.00753704,0.0,2025-W33
adj_close.csv,ARIMA,SLV,0.00536647,0.00700209,0.00481123,0.00536647,0.00700209,0.00481123,"ARIMA(2, 0, 0)",0.00481123,-0.00055524,-0.00219086,0.0,2025-W34
adj_close.csv,ARIMA,SLV,0.00492839,5.776e-05,0.00475347,0.00492839,5.776e-05,0.00475347,"ARIMA(2, 0, 0)",0.00475347,-0.00017493,0.00481123,0.0,2025-W35
adj_close.csv,ARIMA,SLV,0.00777182,0.00219521,0.00694868,0.00777182,0.00219521,0.00694868,"ARIMA(2, 0, 0)",0.00694868,-0.00082314,0.00475347,0.0,2025-W36
adj_close.csv,ARIMA,SLV,0.00694031,0.00096543,0.00598324,0.00694031,0.00096543,0.00598324,"ARIMA(2, 0, 0)",0.00598324,-0.00095706,0.00694868,0.0,2025-W37
adj_close.csv,ARIMA,SLV,0.00466836,0.00236464,0.00361861,0.00466836,0.00236464,0.00361861,"ARIMA(2, 0, 0)",0.00361861,-0.00104975,0.00598324,0.0,2025-W38
adj_close.csv,ARIMA,SLV,0.01472242,0.01033018,0.01394879,0.01472242,0.01033018,0.01394879,"ARIMA(2, 0, 0)",0.01394879,-0.00077363,0.00361861,0.0,2025-W39
adj_close.csv,ARIMA,SLV,0.00898767,0.00617081,0.00777798,0.00898767,0.00617081,0.00777798,"ARIMA(2, 0, 0)",0.00777798,-0.00120969,0.01394879,0.0,2025-W40
adj_close.csv,ARIMA,SLV,0.01013379,0.00081244,0.00859041,0.01013379,0.00081244,0.00859041,"ARIMA(2, 0, 0)",0.00859041,-0.00154338,0.00777798,0.0,2025-W41
adj_close.csv,ARIMA,SLV,0.00773577,0.00183798,0.00675243,0.00773577,0.00183798,0.00675243,"ARIMA(2, 0, 0)",0.00675243,-0.00098334,0.00859041,0.0,2025-W42
adj_close.csv,ARIMA,SLV,0.01231482,0.01994693,0.0131945,0.01231482,0.01994693,0.0131945,"ARIMA(2, 0, 0)",-0.0131945,-0.00087967,0.00675243,0.0,2025-W43
adj_close.csv,ARIMA,SLV,0.00011787,0.01328539,9.089e-05,0.00011787,0.01328539,9.089e-05,"ARIMA(2, 0, 0)",9.089e-05,0.00020876,-0.0131945,0.0,2025-W44
adj_close.csv,ARIMA,SLV,0.00135913,0.00050031,0.00040942,0.00135913,0.00050031,0.00040942,"ARIMA(2, 0, 0)",-0.00040942,0.00094972,9.089e-05,0.0,2025-W45
adj_close.csv,ARIMA,SLV,0.00906524,0.00948975,0.00908034,0.00906524,0.00948975,0.00908034,"ARIMA(2, 0, 0)",0.00908034,1.51e-05,-0.00040942,0.0,2025-W46
adj_close.csv,ARIMA,SLV,0.00244152,0.01197322,0.00289288,0.00244152,0.01197322,0.00289288,"ARIMA(2, 0, 0)",-0.00289288,-0.00045137,0.00908034,0.0,2025-W47
adj_close.csv,ARIMA,SLV,0.031146,0.03354983,0.03065695,0.031146,0.03354983,0.03065695,"ARIMA(2, 0, 0)",0.03065695,-0.00048906,-0.00289288,0.0,2025-W48
adj_close.csv,ARIMA,SLV,0.00834522,0.02397429,0.00668266,0.00834522,0.02397429,0.00668266,"ARIMA(2, 0, 0)",0.00668266,-0.00166257,0.03065695,0.0,2025-W49
adj_close.csv,ARIMA,SLV,0.01352026,0.00487488,0.01155754,0.01352026,0.00487488,0.01155754,"ARIMA(2, 0, 0)",0.01155754,-0.00196272,0.00668266,0.0,2025-W50
adj_close.csv,ARIMA,SLV,0.01715146,0.00496044,0.01651798,0.01715146,0.00496044,0.01651798,"ARIMA(2, 0, 0)",0.01651798,-0.00063348,0.01155754,0.0,2025-W51
adj_close.csv,ARIMA,SLV,0.03934474,0.02214276,0.03866074,0.03934474,0.02214276,0.03866074,"ARIMA(2, 0, 0)",0.03866074,-0.000684,0.01651798,0.0,2025-W52
adj_close.csv,ARIMA,SLV,0.02021039,0.05828798,0.01962724,0.02021039,0.05828798,0.01962724,"ARIMA(2, 0, 0)",-0.01962724,0.00058315,0.03866074,0.0,2026-W01
adj_close.csv,ARIMA,SLV,0.01918342,0.0388413,0.01921406,0.01918342,0.0388413,0.01921406,"ARIMA(2, 0, 0)",0.01921406,3.064e-05,-0.01962724,0.0,2026-W02
adj_close.csv,ARIMA,SLV,0.02396117,0.00333914,0.0225532,0.02396117,0.00333914,0.0225532,"ARIMA(2, 0, 0)",0.0225532,-0.00140797,0.01921406,0.0,2026-W03
adj_close.csv,ARIMA,SLV,0.03476391,0.01168063,0.03423383,0.03476391,0.01168063,0.03423383,"ARIMA(2, 0, 0)",0.03423383,-0.00053008,0.0225532,0.0,2026-W04
adj_close.csv,ARIMA,SLV,0.04300765,0.07589256,0.04165873,0.04300765,0.07589256,0.04165873,"ARIMA(2, 0, 0)",-0.04165873,0.00134892,0.03423383,0.0,2026-W05
adj_close.csv,ARIMA,SLV,0.04246888,0.00107973,0.040579,0.04246888,0.00107973,0.040579,"ARIMA(2, 0, 0)",-0.040579,0.00188987,-0.04165873,0.0,2026-W06
adj_close.csv,ARIMA,SPY,0.00198875,0.00230319,0.00166451,0.00198875,0.00230319,0.00166451,"ARIMA(1, 0, 0)",-0.00166451,0.00032424,-0.0039677,0.0,2024-W30
adj_close.csv,ARIMA,SPY,0.0044176,0.00262027,0.00428478,0.0044176,0.00262027,0.00428478,"ARIMA(1, 0, 0)",-0.00428478,0.00013282,-0.00166451,0.0,2024-W31
adj_close.csv,ARIMA,SPY,0.00030045,0.00431855,3.377e-05,0.00030045,0.00431855,3.377e-05,"ARIMA(1, 0, 0)",3.377e-05,0.00033422,-0.00428478,0.0,2024-W32
adj_close.csv,ARIMA,SPY,0.00784693,0.00781053,0.0078443,0.00784693,0.00781053,0.0078443,"ARIMA(1, 0, 0)",0.0078443,-2.62e-06,3.377e-05,0.0,2024-W33
adj_close.csv,ARIMA,SPY,0.00341072,0.0050425,0.00280181,0.00341072,0.0050425,0.00280181,"ARIMA(1, 0, 0)",0.00280181,-0.00060891,0.0078443,0.0,2024-W34
adj_close.csv,ARIMA,SPY,0.00075024,0.00225113,0.00055068,0.00075024,0.00225113,0.00055068,"ARIMA(1, 0, 0)",0.00055068,-0.00019956,0.00280181,0.0,2024-W35
adj_close.csv,ARIMA,SPY,0.01052379,0.01111342,0.01056274,0.01052379,0.01111342,0.01056274,"ARIMA(1, 0, 0)",-0.01056274,-3.895e-05,0.00055068,0.0,2024-W36
adj_close.csv,ARIMA,SPY,0.00709516,0.01841955,0.00785681,0.00709516,0.01841955,0.00785681,"ARIMA(1, 0, 0)",0.00785681,0.00076165,-0.01056274,0.0,2024-W37
adj_close.csv,ARIMA,SPY,0.00352433,0.00503592,0.00282089,0.00352433,0.00503592,0.00282089,"ARIMA(1, 0, 0)",0.00282089,-0.00070343,0.00785681,0.0,2024-W38
adj_close.csv,ARIMA,SPY,0.00136476,0.00169079,0.0011301,0.00136476,0.00169079,0.0011301,"ARIMA(1, 0, 0)",0.0011301,-0.00023466,0.00282089,0.0,2024-W39
adj_close.csv,ARIMA,SPY,0.00062076,0.00060235,0.00052775,0.00062076,0.00060235,0.00052775,"ARIMA(1, 0, 0)",0.00052775,-9.301e-05,0.0011301,0.0,2024-W40
adj_close.csv,ARIMA,SPY,0.00233393,0.00176283,0.00229058,0.00233393,0.00176283,0.00229058,"ARIMA(1, 0, 0)",0.00229058,-4.335e-05,0.00052775,0.0,2024-W41
adj_close.csv,ARIMA,SPY,0.00190892,0.00056917,0.00172141,0.00190892,0.00056917,0.00172141,"ARIMA(1, 0, 0)",0.00172141,-0.00018751,0.00229058,0.0,2024-W42
adj_close.csv,ARIMA,SPY,0.00176868,0.00362928,0.00190787,0.00176868,0.00362928,0.00190787,"ARIMA(1, 0, 0)",-0.00190787,-0.0001392,0.00172141,0.0,2024-W43
adj_close.csv,ARIMA,SPY,0.00293806,0.00087458,0.00278246,0.00293806,0.00087458,0.00278246,"ARIMA(1, 0, 0)",-0.00278246,0.0001556,-0.00190787,0.0,2024-W44
adj_close.csv,ARIMA,SPY,0.00906651,0.01207234,0.00928988,0.00906651,0.01207234,0.00928988,"ARIMA(1, 0, 0)",0.00928988,0.00022337,-0.00278246,0.0,2024-W45
adj_close.csv,ARIMA,SPY,0.00340395,0.01349298,0.0042031,0.00340395,0.01349298,0.0042031,"ARIMA(1, 0, 0)",-0.0042031,-0.00079915,0.00928988,0.0,2024-W46
adj_close.csv,ARIMA,SPY,0.0029138,0.00750815,0.00330505,0.0029138,0.00750815,0.00330505,"ARIMA(1, 0, 0)",0.00330505,0.00039124,-0.0042031,0.0,2024-W47
adj_close.csv,ARIMA,SPY,0.00325474,0.00036696,0.00293809,0.00325474,0.00036696,0.00293809,"ARIMA(1, 0, 0)",0.00293809,-0.00031665,0.00330505,0.0,2024-W48
adj_close.csv,ARIMA,SPY,0.00201284,0.00119973,0.00173836,0.00201284,0.00119973,0.00173836,"ARIMA(1, 0, 0)",0.00173836,-0.00027448,0.00293809,0.0,2024-W49
adj_close.csv,ARIMA,SPY,0.00102799,0.00292648,0.00118812,0.00102799,0.00292648,0.00118812,"ARIMA(1, 0, 0)",-0.00118812,-0.00016012,0.00173836,0.0,2024-W50
adj_close.csv,ARIMA,SPY,0.0038083,0.00251027,0.00369839,0.0038083,0.00251027,0.00369839,"ARIMA(1, 0, 0)",-0.00369839,0.00010991,-0.00118812,0.0,2024-W51
adj_close.csv,ARIMA,SPY,0.00128867,0.00532549,0.0016271,0.00128867,0.00532549,0.0016271,"ARIMA(1, 0, 0)",0.0016271,0.00033843,-0.00369839,0.0,2024-W52
adj_close.csv,ARIMA,SPY,0.00113841,0.00291611,0.00128901,0.00113841,0.00291611,0.00128901,"ARIMA(1, 0, 0)",-0.00128901,-0.0001506,0.0016271,0.0,2025-W01
adj_close.csv,ARIMA,SPY,0.00500728,0.00359844,0.00488744,0.00500728,0.00359844,0.00488744,"ARIMA(1, 0, 0)",-0.00488744,0.00011983,-0.00128901,0.0,2025-W02
adj_close.csv,ARIMA,SPY,0.00535573,0.01069059,0.00580315,0.00535573,0.01069059,0.00580315,"ARIMA(1, 0, 0)",0.00580315,0.00044742,-0.00488744,0.0,2025-W03
adj_close.csv,ARIMA,SPY,0.00487386,0.00149383,0.00430932,0.00487386,0.00149383,0.00430932,"ARIMA(1, 0, 0)",0.00430932,-0.00056454,0.00580315,0.0,2025-W04
adj_close.csv,ARIMA,SPY,0.00164071,0.00634273,0.00203341,0.00164071,0.00634273,0.00203341,"ARIMA(1, 0, 0)",-0.00203341,-0.0003927,0.00430932,0.0,2025-W05
adj_close.csv,ARIMA,SPY,0.00053765,0.00168417,0.00034924,0.00053765,0.00168417,0.00034924,"ARIMA(1, 0, 0)",-0.00034924,0.00018841,-0.00203341,0.0,2025-W06
adj_close.csv,ARIMA,SPY,0.0029187,0.00330021,0.00295097,0.0029187,0.00330021,0.00295097,"ARIMA(1, 0, 0)",0.00295097,3.228e-05,-0.00034924,0.0,2025-W07
adj_close.csv,ARIMA,SPY,0.00376099,0.00698535,0.00403438,0.00376099,0.00698535,0.00403438,"ARIMA(1, 0, 0)",-0.00403438,-0.00027339,0.00295097,0.0,2025-W08
adj_close.csv,ARIMA,SPY,0.00231287,0.00210494,0.00192944,0.00231287,0.00210494,0.00192944,"ARIMA(1, 0, 0)",-0.00192944,0.00038344,-0.00403438,0.0,2025-W09
adj_close.csv,ARIMA,SPY,0.00642226,0.00431332,0.00624276,0.00642226,0.00431332,0.00624276,"ARIMA(1, 0, 0)",-0.00624276,0.0001795,-0.00192944,0.0,2025-W10
adj_close.csv,ARIMA,SPY,0.00516944,0.00163745,0.00460531,0.00516944,0.00163745,0.00460531,"ARIMA(1, 0, 0)",-0.00460531,0.00056413,-0.00624276,0.0,2025-W11
adj_close.csv,ARIMA,SPY,0.00063161,0.00562137,0.00101606,0.00063161,0.00562137,0.00101606,"ARIMA(1, 0, 0)",0.00101606,0.00038445,-0.00460531,0.0,2025-W12
adj_close.csv,ARIMA,SPY,0.00288697,0.00398848,0.00297242,0.00288697,0.00398848,0.00297242,"ARIMA(1, 0, 0)",-0.00297242,-8.545e-05,0.00101606,0.0,2025-W13
adj_close.csv,ARIMA,SPY,0.0192606,0.01603635,0.01900877,0.0192606,0.01603635,0.01900877,"ARIMA(1, 0, 0)",-0.01900877,0.00025182,-0.00297242,0.0,2025-W14
adj_close.csv,ARIMA,SPY,0.0096544,0.0300429,0.01103413,0.0096544,0.0300429,0.01103413,"ARIMA(1, 0, 0)",0.01103413,0.00137972,-0.01900877,0.0,2025-W15
adj_close.csv,ARIMA,SPY,0.00235113,0.01458489,0.00355076,0.00235113,0.01458489,0.00355076,"ARIMA(1, 0, 0)",-0.00355076,-0.00119963,0.01103413,0.0,2025-W16
adj_close.csv,ARIMA,SPY,0.00859642,0.01255094,0.00900017,0.00859642,0.01255094,0.00900017,"ARIMA(1, 0, 0)",0.00900017,0.00040375,-0.00355076,0.0,2025-W17
adj_close.csv,ARIMA,SPY,0.00684705,0.00322923,0.00577094,0.00684705,0.00322923,0.00577094,"ARIMA(1, 0, 0)",0.00577094,-0.0010761,0.00900017,0.0,2025-W18
adj_close.csv,ARIMA,SPY,0.00023296,0.00662673,0.00085578,0.00023296,0.00662673,0.00085578,"ARIMA(1, 0, 0)",-0.00085578,-0.00062282,0.00577094,0.0,2025-W19
adj_close.csv,ARIMA,SPY,0.01021923,0.01116759,0.0103118,0.01021923,0.01116759,0.0103118,"ARIMA(1, 0, 0)",0.0103118,9.258e-05,-0.00085578,0.0,2025-W20
adj_close.csv,ARIMA,SPY,0.00401231,0.01545653,0.00514472,0.00401231,0.01545653,0.00514472,"ARIMA(1, 0, 0)",-0.00514472,-0.00113242,0.0103118,0.0,2025-W21
adj_close.csv,ARIMA,SPY,0.00379478,0.00954366,0.00439893,0.00379478,0.00954366,0.00439893,"ARIMA(1, 0, 0)",0.00439893,0.00060415,-0.00514472,0.0,2025-W22
adj_close.csv,ARIMA,SPY,0.00381374,0.00111749,0.00328144,0.00381374,0.00111749,0.00328144,"ARIMA(1, 0, 0)",0.00328144,-0.0005323,0.00439893,0.0,2025-W23
adj_close.csv,ARIMA,SPY,0.0003286,0.00399708,0.00071563,0.0003286,0.00399708,0.00071563,"ARIMA(1, 0, 0)",-0.00071563,-0.00038703,0.00328144,0.0,2025-W24
adj_close.csv,ARIMA,SPY,0.00048817,0.00031201,0.00040363,0.00048817,0.00031201,0.00040363,"ARIMA(1, 0, 0)",-0.00040363,8.455e-05,-0.00071563,0.0,2025-W25
adj_close.csv,ARIMA,SPY,0.00677738,0.00722867,0.00682504,0.00677738,0.00722867,0.00682504,"ARIMA(1, 0, 0)",0.00682504,4.766e-05,-0.00040363,0.0,2025-W26
adj_close.csv,ARIMA,SPY,0.00501422,0.00262011,0.00420493,0.00501422,0.00262011,0.00420493,"ARIMA(1, 0, 0)",0.00420493,-0.00080929,0.00682504,0.0,2025-W27
adj_close.csv,ARIMA,SPY,7.824e-05,0.00475579,0.00055086,7.824e-05,0.00475579,0.00055086,"ARIMA(1, 0, 0)",-0.00055086,-0.00047262,0.00420493,0.0,2025-W28
adj_close.csv,ARIMA,SPY,0.00120403,0.00181684,0.00126598,0.00120403,0.00181684,0.00126598,"ARIMA(1, 0, 0)",0.00126598,6.195e-05,-0.00055086,0.0,2025-W29
adj_close.csv,ARIMA,SPY,0.00315361,0.00174512,0.00301109,0.00315361,0.00174512,0.00301109,"ARIMA(1, 0, 0)",0.00301109,-0.00014252,0.00126598,0.0,2025-W30
adj_close.csv,ARIMA,SPY,0.00455057,0.00789847,0.00488738,0.00455057,0.00789847,0.00488738,"ARIMA(1, 0, 0)",-0.00488738,-0.00033681,0.00301109,0.0,2025-W31
adj_close.csv,ARIMA,SPY,0.00435377,0.00979987,0.00491249,0.00435377,0.00979987,0.00491249,"ARIMA(1, 0, 0)",0.00491249,0.00055872,-0.00488738,0.0,2025-W32
adj_close.csv,ARIMA,SPY,0.0025356,0.00295717,0.00195532,0.0025356,0.00295717,0.00195532,"ARIMA(1, 0, 0)",0.00195532,-0.00058028,0.00491249,0.0,2025-W33
adj_close.csv,ARIMA,SPY,0.00080705,0.0013749,0.00058042,0.00080705,0.0013749,0.00058042,"ARIMA(1, 0, 0)",0.00058042,-0.00022663,0.00195532,0.0,2025-W34
adj_close.csv,ARIMA,SPY,1.35e-05,0.00066103,8.061e-05,1.35e-05,0.00066103,8.061e-05,"ARIMA(1, 0, 0)",-8.061e-05,-6.711e-05,0.00058042,0.0,2025-W35
adj_close.csv,ARIMA,SPY,0.00083801,0.00092793,0.00084733,0.00083801,0.00092793,0.00084733,"ARIMA(1, 0, 0)",0.00084733,9.32e-06,-8.061e-05,0.0,2025-W36
adj_close.csv,ARIMA,SPY,0.0032161,0.0022708,0.00311812,0.0032161,0.0022708,0.00311812,"ARIMA(1, 0, 0)",0.00311812,-9.798e-05,0.00084733,0.0,2025-W37
adj_close.csv,ARIMA,SPY,0.00281729,0.0006599,0.00245822,0.00281729,0.0006599,0.00245822,"ARIMA(1, 0, 0)",0.00245822,-0.00035906,0.00311812,0.0,2025-W38
adj_close.csv,ARIMA,SPY,0.00028808,0.00302555,0.00056732,0.00028808,0.00302555,0.00056732,"ARIMA(1, 0, 0)",-0.00056732,-0.00027924,0.00245822,0.0,2025-W39
adj_close.csv,ARIMA,SPY,0.00215634,0.00278818,0.00222086,0.00215634,0.00278818,0.00222086,"ARIMA(1, 0, 0)",0.00222086,6.452e-05,-0.00056732,0.0,2025-W40
adj_close.csv,ARIMA,SPY,0.00464501,0.0071189,0.00489804,0.00464501,0.0071189,0.00489804,"ARIMA(1, 0, 0)",-0.00489804,-0.00025304,0.00222086,0.0,2025-W41
adj_close.csv,ARIMA,SPY,0.00288531,0.00835037,0.00345233,0.00288531,0.00835037,0.00345233,"ARIMA(1, 0, 0)",0.00345233,0.00056702,-0.00489804,0.0,2025-W42
adj_close.csv,ARIMA,SPY,0.00424249,0.00038189,0.00383422,0.00424249,0.00038189,0.00383422,"ARIMA(1, 0, 0)",0.00383422,-0.00040827,0.00345233,0.0,2025-W43
adj_close.csv,ARIMA,SPY,0.00185897,0.00241879,0.00141543,0.00185897,0.00241879,0.00141543,"ARIMA(1, 0, 0)",0.00141543,-0.00044354,0.00383422,0.0,2025-W44
adj_close.csv,ARIMA,SPY,0.00311669,0.00469409,0.00327865,0.00311669,0.00469409,0.00327865,"ARIMA(1, 0, 0)",-0.00327865,-0.00016196,0.00141543,0.0,2025-W45
adj_close.csv,ARIMA,SPY,9.175e-05,0.00356462,0.00028596,9.175e-05,0.00356462,0.00028596,"ARIMA(1, 0, 0)",0.00028596,0.00037771,-0.00327865,0.0,2025-W46
adj_close.csv,ARIMA,SPY,0.0038441,0.00416298,0.00387702,0.0038441,0.00416298,0.00387702,"ARIMA(1, 0, 0)",-0.00387702,-3.293e-05,0.00028596,0.0,2025-W47
adj_close.csv,ARIMA,SPY,0.00862697,0.01295118,0.00907415,0.00862697,0.01295118,0.00907415,"ARIMA(1, 0, 0)",0.00907415,0.00044718,-0.00387702,0.0,2025-W48
adj_close.csv,ARIMA,SPY,0.00177168,0.00840217,0.00067198,0.00177168,0.00840217,0.00067198,"ARIMA(1, 0, 0)",0.00067198,-0.0010997,0.00907415,0.0,2025-W49
adj_close.csv,ARIMA,SPY,0.00107001,0.00182156,0.00114958,0.00107001,0.00182156,0.00114958,"ARIMA(1, 0, 0)",-0.00114958,-7.958e-05,0.00067198,0.0,2025-W50
adj_close.csv,ARIMA,SPY,0.00011032,0.00139617,0.00024659,0.00011032,0.00139617,0.00024659,"ARIMA(1, 0, 0)",0.00024659,0.00013627,-0.00114958,0.0,2025-W51
adj_close.csv,ARIMA,SPY,0.0035744,0.00329857,0.00354517,0.0035744,0.00329857,0.00354517,"ARIMA(1, 0, 0)",0.00354517,-2.924e-05,0.00024659,0.0,2025-W52
adj_close.csv,ARIMA,SPY,0.00217947,0.00614443,0.00259927,0.00217947,0.00614443,0.00259927,"ARIMA(1, 0, 0)",-0.00259927,-0.00041979,0.00354517,0.0,2026-W01
adj_close.csv,ARIMA,SPY,0.00285459,0.00576509,0.00316583,0.00285459,0.00576509,0.00316583,"ARIMA(1, 0, 0)",0.00316583,0.00031124,-0.00259927,0.0,2026-W02
adj_close.csv,ARIMA,SPY,0.00031256,0.0038615,0.00069567,0.00031256,0.0038615,0.00069567,"ARIMA(1, 0, 0)",-0.00069567,-0.00038311,0.00316583,0.0,2026-W03
adj_close.csv,ARIMA,SPY,0.00096417,0.00018419,0.00087987,0.00096417,0.00018419,0.00087987,"ARIMA(1, 0, 0)",-0.00087987,8.431e-05,-0.00069567,0.0,2026-W04
adj_close.csv,ARIMA,SPY,0.00068699,0.00167338,0.00079351,0.00068699,0.00167338,0.00079351,"ARIMA(1, 0, 0)",0.00079351,0.00010653,-0.00087987,0.0,2026-W05
adj_close.csv,ARIMA,SPY,0.00505515,0.00416549,0.004959,0.00505515,0.00416549,0.004959,"ARIMA(1, 0, 0)",0.004959,-9.615e-05,0.00079351,0.0,2026-W06
adj_close.csv,ARIMA,TIP,0.0001726,0.00054009,0.00016769,0.0001726,0.00054009,0.00016769,"ARIMA(1, 0, 0)",0.00016769,-4.91e-06,-0.0003724,0.0,2024-W30
adj_close.csv,ARIMA,TIP,0.002669,0.00250351,0.0026712,0.002669,0.00250351,0.0026712,"ARIMA(1, 0, 0)",0.0026712,2.19e-06,0.00016769,0.0,2024-W31
adj_close.csv,ARIMA,TIP,0.00090393,0.00353807,0.00086688,0.00090393,0.00353807,0.00086688,"ARIMA(1, 0, 0)",-0.00086688,3.705e-05,0.0026712,0.0,2024-W32
adj_close.csv,ARIMA,TIP,0.00035919,0.00121776,0.00035088,0.00035919,0.00121776,0.00035088,"ARIMA(1, 0, 0)",0.00035088,-8.31e-06,-0.00086688,0.0,2024-W33
adj_close.csv,ARIMA,TIP,0.00179701,0.0014493,0.00180018,0.00179701,0.0014493,0.00180018,"ARIMA(1, 0, 0)",0.00180018,3.17e-06,0.00035088,0.0,2024-W34
adj_close.csv,ARIMA,TIP,0.00093469,0.00271659,0.00091641,0.00093469,0.00271659,0.00091641,"ARIMA(1, 0, 0)",-0.00091641,1.828e-05,0.00180018,0.0,2024-W35
adj_close.csv,ARIMA,TIP,0.00149511,0.00240493,0.00148852,0.00149511,0.00240493,0.00148852,"ARIMA(1, 0, 0)",0.00148852,-6.59e-06,-0.00091641,0.0,2024-W36
adj_close.csv,ARIMA,TIP,0.00172072,0.00023931,0.00172783,0.00172072,0.00023931,0.00172783,"ARIMA(1, 0, 0)",0.00172783,7.11e-06,0.00148852,0.0,2024-W37
adj_close.csv,ARIMA,TIP,0.00018309,0.00152874,0.0001991,0.00018309,0.00152874,0.0001991,"ARIMA(1, 0, 0)",0.0001991,1.601e-05,0.00172783,0.0,2024-W38
adj_close.csv,ARIMA,TIP,2.003e-05,0.00021718,1.808e-05,2.003e-05,0.00021718,1.808e-05,"ARIMA(1, 0, 0)",-1.808e-05,1.95e-06,0.0001991,0.0,2024-W39
adj_close.csv,ARIMA,TIP,0.00187037,0.00185247,0.00187055,0.00187037,0.00185247,0.00187055,"ARIMA(1, 0, 0)",-0.00187055,-1.8e-07,-1.808e-05,0.0,2024-W40
adj_close.csv,ARIMA,TIP,0.00018292,0.00203501,0.00016446,0.00018292,0.00203501,0.00016446,"ARIMA(1, 0, 0)",0.00016446,-1.846e-05,-0.00187055,0.0,2024-W41
adj_close.csv,ARIMA,TIP,0.00022089,0.00038383,0.00021937,0.00022089,0.00038383,0.00021937,"ARIMA(1, 0, 0)",-0.00021937,1.53e-06,0.00016446,0.0,2024-W42
adj_close.csv,ARIMA,TIP,0.0020014,0.00178405,0.00200342,0.0020014,0.00178405,0.00200342,"ARIMA(1, 0, 0)",-0.00200342,-2.02e-06,-0.00021937,0.0,2024-W43
adj_close.csv,ARIMA,TIP,0.00075993,0.00122351,0.00077991,0.00075993,0.00122351,0.00077991,"ARIMA(1, 0, 0)",-0.00077991,-1.998e-05,-0.00200342,0.0,2024-W44
adj_close.csv,ARIMA,TIP,0.00150756,0.00227765,0.00149774,0.00150756,0.00227765,0.00149774,"ARIMA(1, 0, 0)",0.00149774,-9.82e-06,-0.00077991,0.0,2024-W45
adj_close.csv,ARIMA,TIP,0.00208974,0.00357164,0.0020739,0.00208974,0.00357164,0.0020739,"ARIMA(1, 0, 0)",-0.0020739,1.583e-05,0.00149774,0.0,2024-W46
adj_close.csv,ARIMA,TIP,0.00060556,0.00266865,0.00059475,0.00060556,0.00266865,0.00059475,"ARIMA(1, 0, 0)",0.00059475,-1.081e-05,-0.0020739,0.0,2024-W47
adj_close.csv,ARIMA,TIP,0.00228426,0.00169134,0.00228609,0.00228426,0.00169134,0.00228609,"ARIMA(1, 0, 0)",0.00228609,1.83e-06,0.00059475,0.0,2024-W48
adj_close.csv,ARIMA,TIP,0.00046603,0.00180774,0.00047835,0.00046603,0.00180774,0.00047835,"ARIMA(1, 0, 0)",0.00047835,1.232e-05,0.00228609,0.0,2024-W49
adj_close.csv,ARIMA,TIP,0.00194241,0.00241732,0.00193897,0.00194241,0.00241732,0.00193897,"ARIMA(1, 0, 0)",-0.00193897,3.44e-06,0.00047835,0.0,2024-W50
adj_close.csv,ARIMA,TIP,0.0020058,7.772e-05,0.00201669,0.0020058,7.772e-05,0.00201669,"ARIMA(1, 0, 0)",-0.00201669,-1.089e-05,-0.00193897,0.0,2024-W51
adj_close.csv,ARIMA,TIP,0.00037476,0.00161749,0.0003992,0.00037476,0.00161749,0.0003992,"ARIMA(1, 0, 0)",-0.0003992,-2.444e-05,-0.00201669,0.0,2024-W52
adj_close.csv,ARIMA,TIP,0.00028719,0.00068105,0.00028185,0.00028719,0.00068105,0.00028185,"ARIMA(1, 0, 0)",0.00028185,-5.34e-06,-0.0003992,0.0,2025-W01
adj_close.csv,ARIMA,TIP,0.00063839,0.00091652,0.00063468,0.00063839,0.00091652,0.00063468,"ARIMA(1, 0, 0)",-0.00063468,3.72e-06,0.00028185,0.0,2025-W02
adj_close.csv,ARIMA,TIP,0.00180763,0.00243413,0.00179945,0.00180763,0.00243413,0.00179945,"ARIMA(1, 0, 0)",0.00179945,-8.18e-06,-0.00063468,0.0,2025-W03
adj_close.csv,ARIMA,TIP,0.00056269,0.00121699,0.00058246,0.00056269,0.00121699,0.00058246,"ARIMA(1, 0, 0)",0.00058246,1.976e-05,0.00179945,0.0,2025-W04
adj_close.csv,ARIMA,TIP,0.00106949,0.0004944,0.00107686,0.00106949,0.0004944,0.00107686,"ARIMA(1, 0, 0)",0.00107686,7.37e-06,0.00058246,0.0,2025-W05
adj_close.csv,ARIMA,TIP,0.00077993,0.0002822,0.00079466,0.00077993,0.0002822,0.00079466,"ARIMA(1, 0, 0)",0.00079466,1.473e-05,0.00107686,0.0,2025-W06
adj_close.csv,ARIMA,TIP,0.00030128,0.00048141,0.00031325,0.00030128,0.00048141,0.00031325,"ARIMA(1, 0, 0)",0.00031325,1.197e-05,0.00079466,0.0,2025-W07
adj_close.csv,ARIMA,TIP,0.00070772,0.00039931,0.00071257,0.00070772,0.00039931,0.00071257,"ARIMA(1, 0, 0)",0.00071257,4.84e-06,0.00031325,0.0,2025-W08
adj_close.csv,ARIMA,TIP,0.00257927,0.00187798,0.00259054,0.00257927,0.00187798,0.00259054,"ARIMA(1, 0, 0)",0.00259054,1.127e-05,0.00071257,0.0,2025-W09
adj_close.csv,ARIMA,TIP,0.00165026,0.004192,0.00160145,0.00165026,0.004192,0.00160145,"ARIMA(1, 0, 0)",-0.00160145,4.881e-05,0.00259054,0.0,2025-W10
adj_close.csv,ARIMA,TIP,5.403e-05,0.00152837,7.308e-05,5.403e-05,0.00152837,7.308e-05,"ARIMA(1, 0, 0)",-7.308e-05,-1.905e-05,-0.00160145,0.0,2025-W11
adj_close.csv,ARIMA,TIP,0.00123993,0.00131213,0.00123905,0.00123993,0.00131213,0.00123905,"ARIMA(1, 0, 0)",0.00123905,-8.8e-07,-7.308e-05,0.0,2025-W12
adj_close.csv,ARIMA,TIP,0.00098187,0.00024245,0.0009966,0.00098187,0.00024245,0.0009966,"ARIMA(1, 0, 0)",0.0009966,1.473e-05,0.00123905,0.0,2025-W13
adj_close.csv,ARIMA,TIP,0.00117633,0.00019354,0.00119014,0.00117633,0.00019354,0.00119014,"ARIMA(1, 0, 0)",0.00119014,1.381e-05,0.0009966,0.0,2025-W14
adj_close.csv,ARIMA,TIP,0.00483205,0.00600345,0.00481331,0.00483205,0.00600345,0.00481331,"ARIMA(1, 0, 0)",-0.00481331,1.874e-05,0.00119014,0.0,2025-W15
adj_close.csv,ARIMA,TIP,0.00247368,0.00725573,0.00244241,0.00247368,0.00725573,0.00244241,"ARIMA(1, 0, 0)",0.00244241,-3.126e-05,-0.00481331,0.0,2025-W16
adj_close.csv,ARIMA,TIP,0.00147313,0.0009985,0.00144392,0.00147313,0.0009985,0.00144392,"ARIMA(1, 0, 0)",0.00144392,-2.921e-05,0.00244241,0.0,2025-W17
adj_close.csv,ARIMA,TIP,0.00044577,0.00189898,0.00045506,0.00044577,0.00189898,0.00045506,"ARIMA(1, 0, 0)",-0.00045506,-9.29e-06,0.00144392,0.0,2025-W18
adj_close.csv,ARIMA,TIP,6.994e-05,0.00052838,7.331e-05,6.994e-05,0.00052838,7.331e-05,"ARIMA(1, 0, 0)",7.331e-05,3.38e-06,-0.00045506,0.0,2025-W19
adj_close.csv,ARIMA,TIP,0.00036647,0.00044033,0.00036702,0.00036647,0.00044033,0.00036702,"ARIMA(1, 0, 0)",-0.00036702,-5.5e-07,7.331e-05,0.0,2025-W20
adj_close.csv,ARIMA,TIP,0.00059144,0.00022166,0.00058868,0.00059144,0.00022166,0.00058868,"ARIMA(1, 0, 0)",-0.00058868,2.76e-06,-0.00036702,0.0,2025-W21
adj_close.csv,ARIMA,TIP,0.00167127,0.00226418,0.0016755,0.00167127,0.00226418,0.0016755,"ARIMA(1, 0, 0)",0.0016755,4.23e-06,-0.00058868,0.0,2025-W22
adj_close.csv,ARIMA,TIP,0.00173042,0.00342046,0.00174497,0.00173042,0.00342046,0.00174497,"ARIMA(1, 0, 0)",-0.00174497,-1.455e-05,0.0016755,0.0,2025-W23
adj_close.csv,ARIMA,TIP,0.00095561,0.00272343,0.00097846,0.00095561,0.00272343,0.00097846,"ARIMA(1, 0, 0)",0.00097846,2.286e-05,-0.00174497,0.0,2025-W24
adj_close.csv,ARIMA,TIP,0.00159868,0.00060493,0.00158339,0.00159868,0.00060493,0.00158339,"ARIMA(1, 0, 0)",0.00158339,-1.529e-05,0.00097846,0.0,2025-W25
adj_close.csv,ARIMA,TIP,0.00087922,0.00072516,0.00085823,0.00087922,0.00072516,0.00085823,"ARIMA(1, 0, 0)",0.00085823,-2.099e-05,0.00158339,0.0,2025-W26
adj_close.csv,ARIMA,TIP,3.833e-05,0.00090613,4.79e-05,3.833e-05,0.00090613,4.79e-05,"ARIMA(1, 0, 0)",-4.79e-05,-9.58e-06,0.00085823,0.0,2025-W27
adj_close.csv,ARIMA,TIP,5.541e-05,6.97e-06,5.487e-05,5.541e-05,6.97e-06,5.487e-05,"ARIMA(1, 0, 0)",-5.487e-05,5.4e-07,-4.79e-05,0.0,2025-W28
adj_close.csv,ARIMA,TIP,0.00067508,0.00073056,0.00067569,0.00067508,0.00073056,0.00067569,"ARIMA(1, 0, 0)",0.00067569,6.1e-07,-5.487e-05,0.0,2025-W29
adj_close.csv,ARIMA,TIP,0.00024447,0.00043884,0.00023686,0.00024447,0.00043884,0.00023686,"ARIMA(1, 0, 0)",0.00023686,-7.61e-06,0.00067569,0.0,2025-W30
adj_close.csv,ARIMA,TIP,0.00110281,0.00086334,0.0011002,0.00110281,0.00086334,0.0011002,"ARIMA(1, 0, 0)",0.0011002,-2.61e-06,0.00023686,0.0,2025-W31
adj_close.csv,ARIMA,TIP,0.00033822,0.00077367,0.00032653,0.00033822,0.00077367,0.00032653,"ARIMA(1, 0, 0)",0.00032653,-1.168e-05,0.0011002,0.0,2025-W32
adj_close.csv,ARIMA,TIP,0.00055938,0.0008892,0.00056267,0.00055938,0.0008892,0.00056267,"ARIMA(1, 0, 0)",-0.00056267,-3.28e-06,0.00032653,0.0,2025-W33
adj_close.csv,ARIMA,TIP,0.00158725,0.00215573,0.00159306,0.00158725,0.00215573,0.00159306,"ARIMA(1, 0, 0)",0.00159306,5.81e-06,-0.00056267,0.0,2025-W34
adj_close.csv,ARIMA,TIP,0.00046887,0.0011428,0.00045027,0.00046887,0.0011428,0.00045027,"ARIMA(1, 0, 0)",0.00045027,-1.86e-05,0.00159306,0.0,2025-W35
adj_close.csv,ARIMA,TIP,0.0015956,0.00114058,0.00159084,0.0015956,0.00114058,0.00159084,"ARIMA(1, 0, 0)",0.00159084,-4.75e-06,0.00045027,0.0,2025-W36
adj_close.csv,ARIMA,TIP,0.00039154,0.00121439,0.00037646,0.00039154,0.00121439,0.00037646,"ARIMA(1, 0, 0)",0.00037646,-1.509e-05,0.00159084,0.0,2025-W37
adj_close.csv,ARIMA,TIP,0.00040912,0.0007888,0.00041234,0.00040912,0.0007888,0.00041234,"ARIMA(1, 0, 0)",-0.00041234,-3.22e-06,0.00037646,0.0,2025-W38
adj_close.csv,ARIMA,TIP,0.00059677,0.00018081,0.00059315,0.00059677,0.00018081,0.00059315,"ARIMA(1, 0, 0)",-0.00059315,3.62e-06,-0.00041234,0.0,2025-W39
adj_close.csv,ARIMA,TIP,0.00024336,0.0008415,0.00024835,0.00024336,0.0008415,0.00024835,"ARIMA(1, 0, 0)",0.00024835,4.99e-06,-0.00059315,0.0,2025-W40
adj_close.csv,ARIMA,TIP,0.0008289,0.0005784,0.00082675,0.0008289,0.0005784,0.00082675,"ARIMA(1, 0, 0)",0.00082675,-2.14e-06,0.00024835,0.0,2025-W41
adj_close.csv,ARIMA,TIP,0.00031155,0.00052208,0.00030467,0.00031155,0.00052208,0.00030467,"ARIMA(1, 0, 0)",0.00030467,-6.88e-06,0.00082675,0.0,2025-W42
adj_close.csv,ARIMA,TIP,0.00052107,0.00021398,0.00051865,0.00052107,0.00021398,0.00051865,"ARIMA(1, 0, 0)",0.00051865,-2.42e-06,0.00030467,0.0,2025-W43
adj_close.csv,ARIMA,TIP,0.00105264,0.00157529,0.00105664,0.00105264,0.00157529,0.00105664,"ARIMA(1, 0, 0)",-0.00105664,-4e-06,0.00051865,0.0,2025-W44
adj_close.csv,ARIMA,TIP,0.00022348,0.00084217,0.00021447,0.00022348,0.00084217,0.00021447,"ARIMA(1, 0, 0)",-0.00021447,9e-06,-0.00105664,0.0,2025-W45
adj_close.csv,ARIMA,TIP,0.00027245,5.622e-05,0.00027069,0.00027245,5.622e-05,0.00027069,"ARIMA(1, 0, 0)",-0.00027069,1.75e-06,-0.00021447,0.0,2025-W46
adj_close.csv,ARIMA,TIP,0.00048478,0.00075766,0.00048697,0.00048478,0.00075766,0.00048697,"ARIMA(1, 0, 0)",0.00048697,2.19e-06,-0.00027069,0.0,2025-W47
adj_close.csv,ARIMA,TIP,0.00054392,5.293e-05,0.00053989,0.00054392,5.293e-05,0.00053989,"ARIMA(1, 0, 0)",0.00053989,-4.03e-06,0.00048697,0.0,2025-W48
adj_close.csv,ARIMA,TIP,0.00087747,0.00142161,0.00088172,0.00087747,0.00142161,0.00088172,"ARIMA(1, 0, 0)",-0.00088172,-4.26e-06,0.00053989,0.0,2025-W49
adj_close.csv,ARIMA,TIP,0.00040633,0.00048296,0.00039876,0.00040633,0.00048296,0.00039876,"ARIMA(1, 0, 0)",-0.00039876,7.57e-06,-0.00088172,0.0,2025-W50
adj_close.csv,ARIMA,TIP,8.988e-05,0.00049185,9.31e-05,8.988e-05,0.00049185,9.31e-05,"ARIMA(1, 0, 0)",9.31e-05,3.21e-06,-0.00039876,0.0,2025-W51
adj_close.csv,ARIMA,TIP,0.00025077,0.00015692,0.00025001,0.00025077,0.00015692,0.00025001,"ARIMA(1, 0, 0)",0.00025001,-7.5e-07,9.31e-05,0.0,2025-W52
adj_close.csv,ARIMA,TIP,0.00042998,0.00068201,0.000432,0.00042998,0.00068201,0.000432,"ARIMA(1, 0, 0)",-0.000432,-2.02e-06,0.00025001,0.0,2026-W01
adj_close.csv,ARIMA,TIP,0.00057816,0.00101371,0.00058171,0.00057816,0.00101371,0.00058171,"ARIMA(1, 0, 0)",0.00058171,3.56e-06,-0.000432,0.0,2026-W02
adj_close.csv,ARIMA,TIP,0.00028565,0.00087236,0.00029065,0.00028565,0.00087236,0.00029065,"ARIMA(1, 0, 0)",-0.00029065,-5e-06,0.00058171,0.0,2026-W03
adj_close.csv,ARIMA,TIP,0.00047417,0.0007674,0.00047675,0.00047417,0.0007674,0.00047675,"ARIMA(1, 0, 0)",0.00047675,2.57e-06,-0.00029065,0.0,2026-W04
adj_close.csv,ARIMA,TIP,0.0004574,2.366e-05,0.00045308,0.0004574,2.366e-05,0.00045308,"ARIMA(1, 0, 0)",0.00045308,-4.32e-06,0.00047675,0.0,2026-W05
adj_close.csv,ARIMA,TIP,0.00262441,0.00308145,0.00262837,0.00262441,0.00308145,0.00262837,"ARIMA(1, 0, 0)",-0.00262837,-3.96e-06,0.00045308,0.0,2026-W06
adj_close.csv,ARIMA,TLT,0.00012952,0.00233403,0.00015058,0.00012952,0.00233403,0.00015058,"ARIMA(1, 0, 0)",0.00015058,2.106e-05,-0.00218345,0.0,2024-W30
adj_close.csv,ARIMA,TLT,0.01173277,0.01158072,0.0117313,0.01173277,0.01158072,0.0117313,"ARIMA(1, 0, 0)",0.0117313,-1.46e-06,0.00015058,0.0,2024-W31
adj_close.csv,ARIMA,TLT,0.00404503,0.01588484,0.00415354,0.00404503,0.01588484,0.00415354,"ARIMA(1, 0, 0)",-0.00415354,-0.00010851,0.0117313,0.0,2024-W32
adj_close.csv,ARIMA,TLT,0.00234757,0.00659034,0.0024368,0.00234757,0.00659034,0.0024368,"ARIMA(1, 0, 0)",0.0024368,8.923e-05,-0.00415354,0.0,2024-W33
adj_close.csv,ARIMA,TLT,0.00199893,0.00049631,0.00194049,0.00199893,0.00049631,0.00194049,"ARIMA(1, 0, 0)",0.00194049,-5.845e-05,0.0024368,0.0,2024-W34
adj_close.csv,ARIMA,TLT,0.00385584,0.00584045,0.00389996,0.00385584,0.00584045,0.00389996,"ARIMA(1, 0, 0)",-0.00389996,-4.412e-05,0.00194049,0.0,2024-W35
adj_close.csv,ARIMA,TLT,0.00854634,0.01254243,0.00864248,0.00854634,0.01254243,0.00864248,"ARIMA(1, 0, 0)",0.00864248,9.614e-05,-0.00389996,0.0,2024-W36
adj_close.csv,ARIMA,TLT,0.0019868,0.00694219,0.00170029,0.0019868,0.00694219,0.00170029,"ARIMA(1, 0, 0)",0.00170029,-0.00028651,0.00864248,0.0,2024-W37
adj_close.csv,ARIMA,TLT,0.00302191,0.00477126,0.00307097,0.00302191,0.00477126,0.00307097,"ARIMA(1, 0, 0)",-0.00307097,-4.906e-05,0.00170029,0.0,2024-W38
adj_close.csv,ARIMA,TLT,0.00072052,0.00244301,0.00062797,0.00072052,0.00244301,0.00062797,"ARIMA(1, 0, 0)",-0.00062797,9.256e-05,-0.00307097,0.0,2024-W39
adj_close.csv,ARIMA,TLT,0.00559674,0.00495019,0.00557816,0.00559674,0.00495019,0.00557816,"ARIMA(1, 0, 0)",-0.00557816,1.858e-05,-0.00062797,0.0,2024-W40
adj_close.csv,ARIMA,TLT,0.0040705,0.00166781,0.00391034,0.0040705,0.00166781,0.00391034,"ARIMA(1, 0, 0)",-0.00391034,0.00016015,-0.00557816,0.0,2024-W41
adj_close.csv,ARIMA,TLT,0.00027228,0.00427292,0.00036257,0.00027228,0.00427292,0.00036257,"ARIMA(1, 0, 0)",0.00036257,9.029e-05,-0.00391034,0.0,2024-W42
adj_close.csv,ARIMA,TLT,0.0037119,0.00408294,0.00372037,0.0037119,0.00408294,0.00372037,"ARIMA(1, 0, 0)",-0.00372037,-8.47e-06,0.00036257,0.0,2024-W43
adj_close.csv,ARIMA,TLT,0.00225606,0.00155242,0.00216795,0.00225606,0.00155242,0.00216795,"ARIMA(1, 0, 0)",-0.00216795,8.812e-05,-0.00372037,0.0,2024-W44
adj_close.csv,ARIMA,TLT,0.00355331,0.00576814,0.00360019,0.00355331,0.00576814,0.00360019,"ARIMA(1, 0, 0)",0.00360019,4.688e-05,-0.00216795,0.0,2024-W45
adj_close.csv,ARIMA,TLT,0.0051958,0.00888064,0.00528046,0.0051958,0.00888064,0.00528046,"ARIMA(1, 0, 0)",-0.00528046,-8.465e-05,0.00360019,0.0,2024-W46
adj_close.csv,ARIMA,TLT,0.00053873,0.00596751,0.00068705,0.00053873,0.00596751,0.00068705,"ARIMA(1, 0, 0)",0.00068705,0.00014833,-0.00528046,0.0,2024-W47
adj_close.csv,ARIMA,TLT,0.00973023,0.0090234,0.00971045,0.00973023,0.0090234,0.00971045,"ARIMA(1, 0, 0)",0.00971045,-1.977e-05,0.00068705,0.0,2024-W48
adj_close.csv,ARIMA,TLT,0.00184858,0.00812558,0.00158487,0.00184858,0.00812558,0.00158487,"ARIMA(1, 0, 0)",0.00158487,-0.0002637,0.00971045,0.0,2024-W49
adj_close.csv,ARIMA,TLT,0.00915577,0.01077693,0.00919205,0.00915577,0.01077693,0.00919205,"ARIMA(1, 0, 0)",-0.00919205,-3.628e-05,0.00158487,0.0,2024-W50
adj_close.csv,ARIMA,TLT,0.00359041,0.00584374,0.00334832,0.00359041,0.00584374,0.00334832,"ARIMA(1, 0, 0)",-0.00334832,0.0002421,-0.00919205,0.0,2024-W51
adj_close.csv,ARIMA,TLT,0.0035116,0.00010081,0.00344913,0.0035116,0.00010081,0.00344913,"ARIMA(1, 0, 0)",-0.00344913,6.247e-05,-0.00334832,0.0,2024-W52
adj_close.csv,ARIMA,TLT,0.00048981,0.00399387,0.00054474,0.00048981,0.00399387,0.00054474,"ARIMA(1, 0, 0)",0.00054474,5.493e-05,-0.00344913,0.0,2025-W01
adj_close.csv,ARIMA,TLT,0.00528797,0.0058416,0.00529686,0.00528797,0.0058416,0.00529686,"ARIMA(1, 0, 0)",-0.00529686,-8.89e-06,0.00054474,0.0,2025-W02
adj_close.csv,ARIMA,TLT,0.0039183,0.00930512,0.00400827,0.0039183,0.00930512,0.00400827,"ARIMA(1, 0, 0)",0.00400827,8.997e-05,-0.00529686,0.0,2025-W03
adj_close.csv,ARIMA,TLT,0.00017318,0.0039223,8.597e-05,0.00017318,0.0039223,8.597e-05,"ARIMA(1, 0, 0)",8.597e-05,-8.721e-05,0.00400827,0.0,2025-W04
adj_close.csv,ARIMA,TLT,0.00123629,0.00114846,0.00123443,0.00123629,0.00114846,0.00123443,"ARIMA(1, 0, 0)",0.00123443,-1.86e-06,8.597e-05,0.0,2025-W05
adj_close.csv,ARIMA,TLT,0.00415088,0.00288981,0.00412424,0.00415088,0.00288981,0.00412424,"ARIMA(1, 0, 0)",0.00412424,-2.663e-05,0.00123443,0.0,2025-W06
adj_close.csv,ARIMA,TLT,0.00018489,0.00439327,0.00026902,0.00018489,0.00439327,0.00026902,"ARIMA(1, 0, 0)",-0.00026902,-8.414e-05,0.00412424,0.0,2025-W07
adj_close.csv,ARIMA,TLT,0.00128113,0.00155569,0.00128667,0.00128113,0.00155569,0.00128667,"ARIMA(1, 0, 0)",0.00128667,5.54e-06,-0.00026902,0.0,2025-W08
adj_close.csv,ARIMA,TLT,0.00622349,0.00491025,0.00619691,0.00622349,0.00491025,0.00619691,"ARIMA(1, 0, 0)",0.00619691,-2.657e-05,0.00128667,0.0,2025-W09
adj_close.csv,ARIMA,TLT,0.00433894,0.01065253,0.00445561,0.00433894,0.01065253,0.00445561,"ARIMA(1, 0, 0)",-0.00445561,-0.00011667,0.00619691,0.0,2025-W10
adj_close.csv,ARIMA,TLT,2.215e-05,0.00458874,0.00013313,2.215e-05,0.00458874,0.00013313,"ARIMA(1, 0, 0)",0.00013313,0.00011097,-0.00445561,0.0,2025-W11
adj_close.csv,ARIMA,TLT,0.00117546,0.00103901,0.00117214,0.00117546,0.00103901,0.00117214,"ARIMA(1, 0, 0)",0.00117214,-3.32e-06,0.00013313,0.0,2025-W12
adj_close.csv,ARIMA,TLT,0.00120952,0.00241084,0.00123869,0.00120952,0.00241084,0.00123869,"ARIMA(1, 0, 0)",-0.00123869,-2.918e-05,0.00117214,0.0,2025-W13
adj_close.csv,ARIMA,TLT,0.00661057,0.0078805,0.0066418,0.00661057,0.0078805,0.0066418,"ARIMA(1, 0, 0)",0.0066418,3.123e-05,-0.00123869,0.0,2025-W14
adj_close.csv,ARIMA,TLT,0.01308877,0.01991027,0.01326846,0.01308877,0.01991027,0.01326846,"ARIMA(1, 0, 0)",-0.01326846,-0.00017969,0.0066418,0.0,2025-W15
adj_close.csv,ARIMA,TLT,0.00121876,0.01510311,0.00183465,0.00121876,0.01510311,0.00183465,"ARIMA(1, 0, 0)",0.00183465,0.00061589,-0.01326846,0.0,2025-W16
adj_close.csv,ARIMA,TLT,0.00317511,0.00124895,0.00308359,0.00317511,0.00124895,0.00308359,"ARIMA(1, 0, 0)",0.00308359,-9.152e-05,0.00183465,0.0,2025-W17
adj_close.csv,ARIMA,TLT,0.00174258,0.00497615,0.00189256,0.00174258,0.00497615,0.00189256,"ARIMA(1, 0, 0)",-0.00189256,-0.00014997,0.00308359,0.0,2025-W18
adj_close.csv,ARIMA,TLT,0.00165048,0.00033629,0.00155626,0.00165048,0.00033629,0.00155626,"ARIMA(1, 0, 0)",-0.00155626,9.422e-05,-0.00189256,0.0,2025-W19
adj_close.csv,ARIMA,TLT,0.00180706,0.00017435,0.00173062,0.00180706,0.00017435,0.00173062,"ARIMA(1, 0, 0)",-0.00173062,7.644e-05,-0.00155626,0.0,2025-W20
adj_close.csv,ARIMA,TLT,0.00418126,0.00236668,0.00409729,0.00418126,0.00236668,0.00409729,"ARIMA(1, 0, 0)",-0.00409729,8.396e-05,-0.00173062,0.0,2025-W21
adj_close.csv,ARIMA,TLT,0.00487119,0.00916094,0.00506365,0.00487119,0.00916094,0.00506365,"ARIMA(1, 0, 0)",0.00506365,0.00019246,-0.00409729,0.0,2025-W22
adj_close.csv,ARIMA,TLT,0.00116498,0.00648796,0.00142431,0.00116498,0.00648796,0.00142431,"ARIMA(1, 0, 0)",-0.00142431,-0.00025934,0.00506365,0.0,2025-W23
adj_close.csv,ARIMA,TLT,0.00220866,0.00370769,0.00228338,0.00220866,0.00370769,0.00228338,"ARIMA(1, 0, 0)",0.00228338,7.472e-05,-0.00142431,0.0,2025-W24
adj_close.csv,ARIMA,TLT,0.00058413,0.00182056,0.00046282,0.00058413,0.00182056,0.00046282,"ARIMA(1, 0, 0)",0.00046282,-0.00012131,0.00228338,0.0,2025-W25
adj_close.csv,ARIMA,TLT,0.00209491,0.00160763,0.00207045,0.00209491,0.00160763,0.00207045,"ARIMA(1, 0, 0)",0.00207045,-2.446e-05,0.00046282,0.0,2025-W26
adj_close.csv,ARIMA,TLT,0.0001645,0.00234394,0.00027349,0.0001645,0.00234394,0.00027349,"ARIMA(1, 0, 0)",-0.00027349,-0.00010899,0.00207045,0.0,2025-W27
adj_close.csv,ARIMA,TLT,0.00274657,0.00245866,0.00273215,0.00274657,0.00245866,0.00273215,"ARIMA(1, 0, 0)",-0.00273215,1.442e-05,-0.00027349,0.0,2025-W28
adj_close.csv,ARIMA,TLT,0.00142993,0.00144581,0.00128635,0.00142993,0.00144581,0.00128635,"ARIMA(1, 0, 0)",-0.00128635,0.00014359,-0.00273215,0.0,2025-W29
adj_close.csv,ARIMA,TLT,0.00270629,0.00405918,0.00277284,0.00270629,0.00405918,0.00277284,"ARIMA(1, 0, 0)",0.00277284,6.655e-05,-0.00128635,0.0,2025-W30
adj_close.csv,ARIMA,TLT,0.00409942,0.00118111,0.00395394,0.00409942,0.00118111,0.00395394,"ARIMA(1, 0, 0)",0.00395394,-0.00014548,0.00277284,0.0,2025-W31
adj_close.csv,ARIMA,TLT,0.00101268,0.00516462,0.00121067,0.00101268,0.00516462,0.00121067,"ARIMA(1, 0, 0)",-0.00121067,-0.000198,0.00395394,0.0,2025-W32
adj_close.csv,ARIMA,TLT,0.00211129,0.00083897,0.00204965,0.00211129,0.00083897,0.00204965,"ARIMA(1, 0, 0)",-0.00204965,6.164e-05,-0.00121067,0.0,2025-W33
adj_close.csv,ARIMA,TLT,0.00139574,0.00354865,0.001499,0.00139574,0.00354865,0.001499,"ARIMA(1, 0, 0)",0.001499,0.00010326,-0.00204965,0.0,2025-W34
adj_close.csv,ARIMA,TLT,0.00096016,0.00253558,0.00103658,0.00096016,0.00253558,0.00103658,"ARIMA(1, 0, 0)",-0.00103658,-7.642e-05,0.001499,0.0,2025-W35
adj_close.csv,ARIMA,TLT,0.00649062,0.00758036,0.00654378,0.00649062,0.00758036,0.00654378,"ARIMA(1, 0, 0)",0.00654378,5.315e-05,-0.00103658,0.0,2025-W36
adj_close.csv,ARIMA,TLT,0.0034595,0.00342904,0.00311473,0.0034595,0.00342904,0.00311473,"ARIMA(1, 0, 0)",0.00311473,-0.00034476,0.00654378,0.0,2025-W37
adj_close.csv,ARIMA,TLT,0.00192909,0.00519332,0.00207859,0.00192909,0.00519332,0.00207859,"ARIMA(1, 0, 0)",-0.00207859,-0.00014949,0.00311473,0.0,2025-W38
adj_close.csv,ARIMA,TLT,0.0003721,0.00180883,0.00026975,0.0003721,0.00180883,0.00026975,"ARIMA(1, 0, 0)",-0.00026975,0.00010234,-0.00207859,0.0,2025-W39
adj_close.csv,ARIMA,TLT,0.00175865,0.00204165,0.00177189,0.00175865,0.00204165,0.00177189,"ARIMA(1, 0, 0)",0.00177189,1.324e-05,-0.00026975,0.0,2025-W40
adj_close.csv,ARIMA,TLT,0.00284276,0.00098373,0.00275563,0.00284276,0.00098373,0.00275563,"ARIMA(1, 0, 0)",0.00275563,-8.713e-05,0.00177189,0.0,2025-W41
adj_close.csv,ARIMA,TLT,0.00140862,0.00147965,0.00127598,0.00140862,0.00147965,0.00127598,"ARIMA(1, 0, 0)",0.00127598,-0.00013264,0.00275563,0.0,2025-W42
adj_close.csv,ARIMA,TLT,0.00065164,0.00068473,0.00059124,0.00065164,0.00068473,0.00059124,"ARIMA(1, 0, 0)",0.00059124,-6.04e-05,0.00127598,0.0,2025-W43
adj_close.csv,ARIMA,TLT,0.00256899,0.00318812,0.00259687,0.00256899,0.00318812,0.00259687,"ARIMA(1, 0, 0)",-0.00259687,-2.789e-05,0.00059124,0.0,2025-W44
adj_close.csv,ARIMA,TLT,0.00100334,0.00171683,0.00088005,0.00100334,0.00171683,0.00088005,"ARIMA(1, 0, 0)",-0.00088005,0.00012329,-0.00259687,0.0,2025-W45
adj_close.csv,ARIMA,TLT,0.00161046,0.00068911,0.00156915,0.00161046,0.00068911,0.00156915,"ARIMA(1, 0, 0)",-0.00156915,4.131e-05,-0.00088005,0.0,2025-W46
adj_close.csv,ARIMA,TLT,0.00133959,0.00298194,0.00141279,0.00133959,0.00298194,0.00141279,"ARIMA(1, 0, 0)",0.00141279,7.32e-05,-0.00156915,0.0,2025-W47
adj_close.csv,ARIMA,TLT,0.00204192,0.00056261,0.0019754,0.00204192,0.00056261,0.0019754,"ARIMA(1, 0, 0)",0.0019754,-6.652e-05,0.00141279,0.0,2025-W48
adj_close.csv,ARIMA,TLT,0.00376992,0.00583716,0.00386176,0.00376992,0.00583716,0.00386176,"ARIMA(1, 0, 0)",-0.00386176,-9.183e-05,0.0019754,0.0,2025-W49
adj_close.csv,ARIMA,TLT,0.0020771,0.00197009,0.00189166,0.0020771,0.00197009,0.00189166,"ARIMA(1, 0, 0)",-0.00189166,0.00018543,-0.00386176,0.0,2025-W50
adj_close.csv,ARIMA,TLT,0.00116944,0.00314883,0.00125717,0.00116944,0.00314883,0.00125717,"ARIMA(1, 0, 0)",0.00125717,8.773e-05,-0.00189166,0.0,2025-W51
adj_close.csv,ARIMA,TLT,0.00060082,0.00071522,0.00054194,0.00060082,0.00071522,0.00054194,"ARIMA(1, 0, 0)",0.00054194,-5.887e-05,0.00125717,0.0,2025-W52
adj_close.csv,ARIMA,TLT,0.00200596,0.00257319,0.00203125,0.00200596,0.00257319,0.00203125,"ARIMA(1, 0, 0)",-0.00203125,-2.529e-05,0.00054194,0.0,2026-W01
adj_close.csv,ARIMA,TLT,0.00196238,0.00408888,0.00205763,0.00196238,0.00408888,0.00205763,"ARIMA(1, 0, 0)",0.00205763,9.526e-05,-0.00203125,0.0,2026-W02
adj_close.csv,ARIMA,TLT,0.00019773,0.00235354,0.0002959,0.00019773,0.00235354,0.0002959,"ARIMA(1, 0, 0)",-0.0002959,-9.817e-05,0.00205763,0.0,2026-W03
adj_close.csv,ARIMA,TLT,0.00035574,0.00066578,0.00036988,0.00035574,0.00066578,0.00036988,"ARIMA(1, 0, 0)",0.00036988,1.414e-05,-0.0002959,0.0,2026-W04
adj_close.csv,ARIMA,TLT,0.00181028,0.00219784,0.00182796,0.00181028,0.00219784,0.00182796,"ARIMA(1, 0, 0)",-0.00182796,-1.769e-05,0.00036988,0.0,2026-W05
adj_close.csv,ARIMA,TLT,0.00676656,0.00485094,0.00667891,0.00676656,0.00485094,0.00667891,"ARIMA(1, 0, 0)",-0.00667891,8.765e-05,-0.00182796,0.0,2026-W06
adj_close.csv,ARIMA,USMV,0.00170136,0.00172073,0.00169737,0.00170136,0.00172073,0.00169737,"ARIMA(0, 0, 1)",0.00169737,-3.98e-06,-2.336e-05,0.0,2024-W30
adj_close.csv,ARIMA,USMV,0.00123916,0.00051998,0.00117739,0.00123916,0.00051998,0.00117739,"ARIMA(0, 0, 1)",0.00117739,-6.177e-05,0.00169737,0.0,2024-W31
adj_close.csv,ARIMA,USMV,0.00011735,0.0013386,0.00016121,0.00011735,0.0013386,0.00016121,"ARIMA(0, 0, 1)",-0.00016121,-4.386e-05,0.00117739,0.0,2024-W32
adj_close.csv,ARIMA,USMV,0.00470836,0.00487372,0.00471252,0.00470836,0.00487372,0.00471252,"ARIMA(0, 0, 1)",0.00471252,4.16e-06,-0.00016121,0.0,2024-W33
adj_close.csv,ARIMA,USMV,0.00320457,0.00167573,0.00303679,0.00320457,0.00167573,0.00303679,"ARIMA(0, 0, 1)",0.00303679,-0.00016777,0.00471252,0.0,2024-W34
adj_close.csv,ARIMA,USMV,0.0024516,0.00067953,0.00235726,0.0024516,0.00067953,0.00235726,"ARIMA(0, 0, 1)",0.00235726,-9.434e-05,0.00303679,0.0,2024-W35
adj_close.csv,ARIMA,USMV,0.00547106,0.00789337,0.00553611,0.00547106,0.00789337,0.00553611,"ARIMA(0, 0, 1)",-0.00553611,-6.505e-05,0.00235726,0.0,2024-W36
adj_close.csv,ARIMA,USMV,0.00429755,0.01000877,0.00447266,0.00429755,0.01000877,0.00447266,"ARIMA(0, 0, 1)",0.00447266,0.00017511,-0.00553611,0.0,2024-W37
adj_close.csv,ARIMA,USMV,6.456e-05,0.00458218,0.00010951,6.456e-05,0.00458218,0.00010951,"ARIMA(0, 0, 1)",-0.00010951,-0.00017407,0.00447266,0.0,2024-W38
adj_close.csv,ARIMA,USMV,0.00041416,0.00052105,0.00041154,0.00041416,0.00052105,0.00041154,"ARIMA(0, 0, 1)",0.00041154,-2.62e-06,-0.00010951,0.0,2024-W39
adj_close.csv,ARIMA,USMV,8.279e-05,0.00034566,6.587e-05,8.279e-05,0.00034566,6.587e-05,"ARIMA(0, 0, 1)",6.587e-05,-1.692e-05,0.00041154,0.0,2024-W40
adj_close.csv,ARIMA,USMV,0.00199126,0.001922,0.00198788,0.00199126,0.001922,0.00198788,"ARIMA(0, 0, 1)",0.00198788,-3.38e-06,6.587e-05,0.0,2024-W41
adj_close.csv,ARIMA,USMV,0.00194187,0.00012719,0.00186069,0.00194187,0.00012719,0.00186069,"ARIMA(0, 0, 1)",0.00186069,-8.118e-05,0.00198788,0.0,2024-W42
adj_close.csv,ARIMA,USMV,0.00399205,0.00592892,0.00406823,0.00399205,0.00592892,0.00406823,"ARIMA(0, 0, 1)",-0.00406823,-7.618e-05,0.00186069,0.0,2024-W43
adj_close.csv,ARIMA,USMV,0.00244513,0.00179159,0.00227664,0.00244513,0.00179159,0.00227664,"ARIMA(0, 0, 1)",-0.00227664,0.0001685,-0.00406823,0.0,2024-W44
adj_close.csv,ARIMA,USMV,0.00753892,0.00990947,0.00763283,0.00753892,0.00990947,0.00763283,"ARIMA(0, 0, 1)",0.00763283,9.391e-05,-0.00227664,0.0,2024-W45
adj_close.csv,ARIMA,USMV,0.00468371,0.01265962,0.00502679,0.00468371,0.01265962,0.00502679,"ARIMA(0, 0, 1)",-0.00502679,-0.00034308,0.00763283,0.0,2024-W46
adj_close.csv,ARIMA,USMV,0.00473671,0.01003219,0.0050054,0.00473671,0.01003219,0.0050054,"ARIMA(0, 0, 1)",0.0050054,0.00026869,-0.00502679,0.0,2024-W47
adj_close.csv,ARIMA,USMV,0.00321176,0.00210657,0.00289883,0.00321176,0.00210657,0.00289883,"ARIMA(0, 0, 1)",0.00289883,-0.00031293,0.0050054,0.0,2024-W48
adj_close.csv,ARIMA,USMV,0.00197528,0.00506815,0.00216932,0.00197528,0.00506815,0.00216932,"ARIMA(0, 0, 1)",-0.00216932,-0.00019405,0.00289883,0.0,2024-W49
adj_close.csv,ARIMA,USMV,0.00416336,0.00186989,0.00403921,0.00416336,0.00186989,0.00403921,"ARIMA(0, 0, 1)",-0.00403921,0.00012415,-0.00216932,0.0,2024-W50
adj_close.csv,ARIMA,USMV,0.00423639,5.344e-05,0.00398577,0.00423639,5.344e-05,0.00398577,"ARIMA(0, 0, 1)",-0.00398577,0.00025062,-0.00403921,0.0,2024-W51
adj_close.csv,ARIMA,USMV,0.00041477,0.00462783,0.00064206,0.00041477,0.00462783,0.00064206,"ARIMA(0, 0, 1)",0.00064206,0.00022729,-0.00398577,0.0,2024-W52
adj_close.csv,ARIMA,USMV,0.00157172,0.00223629,0.00159422,0.00157172,0.00223629,0.00159422,"ARIMA(0, 0, 1)",-0.00159422,-2.25e-05,0.00064206,0.0,2025-W01
adj_close.csv,ARIMA,USMV,0.00410251,0.00242216,0.00401638,0.00410251,0.00242216,0.00401638,"ARIMA(0, 0, 1)",-0.00401638,8.613e-05,-0.00159422,0.0,2025-W02
adj_close.csv,ARIMA,USMV,0.00467492,0.00890593,0.00488955,0.00467492,0.00890593,0.00488955,"ARIMA(0, 0, 1)",0.00488955,0.00021463,-0.00401638,0.0,2025-W03
adj_close.csv,ARIMA,USMV,0.00328954,0.00187496,0.00301459,0.00328954,0.00187496,0.00301459,"ARIMA(0, 0, 1)",0.00301459,-0.00027495,0.00488955,0.0,2025-W04
adj_close.csv,ARIMA,USMV,0.00241681,0.00080559,0.002209,0.00241681,0.00080559,0.002209,"ARIMA(0, 0, 1)",0.002209,-0.00020781,0.00301459,0.0,2025-W05
adj_close.csv,ARIMA,USMV,0.00176766,0.00056273,0.00164627,0.00176766,0.00056273,0.00164627,"ARIMA(0, 0, 1)",0.00164627,-0.00012139,0.002209,0.0,2025-W06
adj_close.csv,ARIMA,USMV,0.00060448,0.00112918,0.00051709,0.00060448,0.00112918,0.00051709,"ARIMA(0, 0, 1)",0.00051709,-8.74e-05,0.00164627,0.0,2025-W07
adj_close.csv,ARIMA,USMV,0.00032534,0.00022143,0.00029565,0.00032534,0.00022143,0.00029565,"ARIMA(0, 0, 1)",0.00029565,-2.968e-05,0.00051709,0.0,2025-W08
adj_close.csv,ARIMA,USMV,0.00323516,0.00292354,0.00321919,0.00323516,0.00292354,0.00321919,"ARIMA(0, 0, 1)",0.00321919,-1.597e-05,0.00029565,0.0,2025-W09
adj_close.csv,ARIMA,USMV,0.00143496,0.00481163,0.00159244,0.00143496,0.00481163,0.00159244,"ARIMA(0, 0, 1)",-0.00159244,-0.00015749,0.00321919,0.0,2025-W10
adj_close.csv,ARIMA,USMV,0.00401158,0.00234721,0.00393965,0.00401158,0.00234721,0.00393965,"ARIMA(0, 0, 1)",-0.00393965,7.193e-05,-0.00159244,0.0,2025-W11
adj_close.csv,ARIMA,USMV,0.00143741,0.00557065,0.00163099,0.00143741,0.00557065,0.00163099,"ARIMA(0, 0, 1)",0.00163099,0.00019358,-0.00393965,0.0,2025-W12
adj_close.csv,ARIMA,USMV,0.00076313,0.00093971,0.00069129,0.00076313,0.00093971,0.00069129,"ARIMA(0, 0, 1)",0.00069129,-7.184e-05,0.00163099,0.0,2025-W13
adj_close.csv,ARIMA,USMV,0.01228105,0.01301039,0.0123191,0.01228105,0.01301039,0.0123191,"ARIMA(0, 0, 1)",-0.0123191,-3.805e-05,0.00069129,0.0,2025-W14
adj_close.csv,ARIMA,USMV,0.00563091,0.01859572,0.00627662,0.00563091,0.01859572,0.00627662,"ARIMA(0, 0, 1)",0.00627662,0.00064571,-0.0123191,0.0,2025-W15
adj_close.csv,ARIMA,USMV,0.00057093,0.00610996,0.00016666,0.00057093,0.00610996,0.00016666,"ARIMA(0, 0, 1)",0.00016666,-0.00040427,0.00627662,0.0,2025-W16
adj_close.csv,ARIMA,USMV,0.00174528,0.00153639,0.00170305,0.00174528,0.00153639,0.00170305,"ARIMA(0, 0, 1)",0.00170305,-4.223e-05,0.00016666,0.0,2025-W17
adj_close.csv,ARIMA,USMV,0.00453014,0.00269705,0.0044001,0.00453014,0.00269705,0.0044001,"ARIMA(0, 0, 1)",0.0044001,-0.00013003,0.00170305,0.0,2025-W18
adj_close.csv,ARIMA,USMV,0.00118964,0.00591394,0.00151384,0.00118964,0.00591394,0.00151384,"ARIMA(0, 0, 1)",-0.00151384,-0.0003242,0.0044001,0.0,2025-W19
adj_close.csv,ARIMA,USMV,0.00386828,0.00546883,0.00395499,0.00386828,0.00546883,0.00395499,"ARIMA(0, 0, 1)",0.00395499,8.671e-05,-0.00151384,0.0,2025-W20
adj_close.csv,ARIMA,USMV,0.00303655,0.00728143,0.00332644,0.00303655,0.00728143,0.00332644,"ARIMA(0, 0, 1)",-0.00332644,-0.00028989,0.00395499,0.0,2025-W21
adj_close.csv,ARIMA,USMV,0.00269291,0.00625768,0.00293124,0.00269291,0.00625768,0.00293124,"ARIMA(0, 0, 1)",0.00293124,0.00023834,-0.00332644,0.0,2025-W22
adj_close.csv,ARIMA,USMV,0.00073175,0.0024186,0.00051265,0.00073175,0.0024186,0.00051265,"ARIMA(0, 0, 1)",0.00051265,-0.0002191,0.00293124,0.0,2025-W23
adj_close.csv,ARIMA,USMV,0.00152583,0.00209755,0.00158491,0.00152583,0.00209755,0.00158491,"ARIMA(0, 0, 1)",-0.00158491,-5.908e-05,0.00051265,0.0,2025-W24
adj_close.csv,ARIMA,USMV,0.0025225,0.00081369,0.0023986,0.0025225,0.00081369,0.0023986,"ARIMA(0, 0, 1)",-0.0023986,0.0001239,-0.00158491,0.0,2025-W25
adj_close.csv,ARIMA,USMV,0.00241723,0.00501755,0.00261895,0.00241723,0.00501755,0.00261895,"ARIMA(0, 0, 1)",0.00261895,0.00020172,-0.0023986,0.0,2025-W26
adj_close.csv,ARIMA,USMV,0.00326977,0.00045316,0.00307211,0.00326977,0.00045316,0.00307211,"ARIMA(0, 0, 1)",0.00307211,-0.00019766,0.00261895,0.0,2025-W27
adj_close.csv,ARIMA,USMV,0.00277994,0.00611124,0.00303913,0.00277994,0.00611124,0.00303913,"ARIMA(0, 0, 1)",-0.00303913,-0.00025918,0.00307211,0.0,2025-W28
adj_close.csv,ARIMA,USMV,0.00022461,0.00349148,0.00045235,0.00022461,0.00349148,0.00045235,"ARIMA(0, 0, 1)",0.00045235,0.00022774,-0.00303913,0.0,2025-W29
adj_close.csv,ARIMA,USMV,0.00279631,0.00232548,0.00277784,0.00279631,0.00232548,0.00277784,"ARIMA(0, 0, 1)",0.00277784,-1.847e-05,0.00045235,0.0,2025-W30
adj_close.csv,ARIMA,USMV,0.00386516,0.00687254,0.0040947,0.00386516,0.00687254,0.0040947,"ARIMA(0, 0, 1)",-0.0040947,-0.00022954,0.00277784,0.0,2025-W31
adj_close.csv,ARIMA,USMV,0.00075068,0.00517475,0.00108005,0.00075068,0.00517475,0.00108005,"ARIMA(0, 0, 1)",0.00108005,0.00032937,-0.0040947,0.0,2025-W32
adj_close.csv,ARIMA,USMV,0.00152407,0.00037948,0.00145953,0.00152407,0.00037948,0.00145953,"ARIMA(0, 0, 1)",0.00145953,-6.454e-05,0.00108005,0.0,2025-W33
adj_close.csv,ARIMA,USMV,0.00230047,0.00071002,0.00216955,0.00230047,0.00071002,0.00216955,"ARIMA(0, 0, 1)",0.00216955,-0.00013092,0.00145953,0.0,2025-W34
adj_close.csv,ARIMA,USMV,0.00039802,0.00276276,0.00059321,0.00039802,0.00276276,0.00059321,"ARIMA(0, 0, 1)",-0.00059321,-0.00019519,0.00216955,0.0,2025-W35
adj_close.csv,ARIMA,USMV,0.00075101,0.00012395,0.00071716,0.00075101,0.00012395,0.00071716,"ARIMA(0, 0, 1)",-0.00071716,3.385e-05,-0.00059321,0.0,2025-W36
adj_close.csv,ARIMA,USMV,0.00025504,0.0010361,0.00031894,0.00025504,0.0010361,0.00031894,"ARIMA(0, 0, 1)",0.00031894,6.391e-05,-0.00071716,0.0,2025-W37
adj_close.csv,ARIMA,USMV,0.00015627,0.00018439,0.00013455,0.00015627,0.00018439,0.00013455,"ARIMA(0, 0, 1)",0.00013455,-2.171e-05,0.00031894,0.0,2025-W38
adj_close.csv,ARIMA,USMV,0.00149967,0.00135181,0.00148637,0.00149967,0.00135181,0.00148637,"ARIMA(0, 0, 1)",0.00148637,-1.33e-05,0.00013455,0.0,2025-W39
adj_close.csv,ARIMA,USMV,0.0014139,0.00020005,0.00128631,0.0014139,0.00020005,0.00128631,"ARIMA(0, 0, 1)",0.00128631,-0.00012759,0.00148637,0.0,2025-W40
adj_close.csv,ARIMA,USMV,0.00233398,0.00373955,0.00245324,0.00233398,0.00373955,0.00245324,"ARIMA(0, 0, 1)",-0.00245324,-0.00011925,0.00128631,0.0,2025-W41
adj_close.csv,ARIMA,USMV,5.035e-05,0.00260213,0.00014889,5.035e-05,0.00260213,0.00014889,"ARIMA(0, 0, 1)",0.00014889,0.00019924,-0.00245324,0.0,2025-W42
adj_close.csv,ARIMA,USMV,0.0009291,0.0007845,0.0009334,0.0009291,0.0007845,0.0009334,"ARIMA(0, 0, 1)",0.0009334,4.29e-06,0.00014889,0.0,2025-W43
adj_close.csv,ARIMA,USMV,0.00273402,0.00374674,0.00281334,0.00273402,0.00374674,0.00281334,"ARIMA(0, 0, 1)",-0.00281334,-7.932e-05,0.0009334,0.0,2025-W44
adj_close.csv,ARIMA,USMV,0.00064363,0.0024051,0.00040825,0.00064363,0.0024051,0.00040825,"ARIMA(0, 0, 1)",-0.00040825,0.00023539,-0.00281334,0.0,2025-W45
adj_close.csv,ARIMA,USMV,0.00253071,0.00299389,0.00258565,0.00253071,0.00299389,0.00258565,"ARIMA(0, 0, 1)",0.00258565,5.494e-05,-0.00040825,0.0,2025-W46
adj_close.csv,ARIMA,USMV,0.00084681,0.00365004,0.00106439,0.00084681,0.00365004,0.00106439,"ARIMA(0, 0, 1)",-0.00106439,-0.00021758,0.00258565,0.0,2025-W47
adj_close.csv,ARIMA,USMV,0.00423836,0.00537598,0.00431159,0.00423836,0.00537598,0.00431159,"ARIMA(0, 0, 1)",0.00431159,7.324e-05,-0.00106439,0.0,2025-W48
adj_close.csv,ARIMA,USMV,0.00120725,0.00589129,0.0015797,0.00120725,0.00589129,0.0015797,"ARIMA(0, 0, 1)",-0.0015797,-0.00037245,0.00431159,0.0,2025-W49
adj_close.csv,ARIMA,USMV,1.77e-06,0.00168539,0.00010569,1.77e-06,0.00168539,0.00010569,"ARIMA(0, 0, 1)",0.00010569,0.00010747,-0.0015797,0.0,2025-W50
adj_close.csv,ARIMA,USMV,0.00025481,0.00035962,0.00025393,0.00025481,0.00035962,0.00025393,"ARIMA(0, 0, 1)",-0.00025393,8.8e-07,0.00010569,0.0,2025-W51
adj_close.csv,ARIMA,USMV,0.00259313,0.00286981,0.00261588,0.00259313,0.00286981,0.00261588,"ARIMA(0, 0, 1)",0.00261588,2.275e-05,-0.00025393,0.0,2025-W52
adj_close.csv,ARIMA,USMV,0.0036346,0.0064833,0.00386742,0.0036346,0.0064833,0.00386742,"ARIMA(0, 0, 1)",-0.00386742,-0.00023282,0.00261588,0.0,2026-W01
adj_close.csv,ARIMA,USMV,0.00176675,0.00597057,0.00210315,0.00176675,0.00597057,0.00210315,"ARIMA(0, 0, 1)",0.00210315,0.0003364,-0.00386742,0.0,2026-W02
adj_close.csv,ARIMA,USMV,0.00029869,0.00256862,0.00046546,0.00029869,0.00256862,0.00046546,"ARIMA(0, 0, 1)",-0.00046546,-0.00016678,0.00210315,0.0,2026-W03
adj_close.csv,ARIMA,USMV,0.00118667,0.00168047,0.001215,0.00118667,0.00168047,0.001215,"ARIMA(0, 0, 1)",0.001215,2.833e-05,-0.00046546,0.0,2026-W04
adj_close.csv,ARIMA,USMV,0.0003446,0.00098326,0.00023174,0.0003446,0.00098326,0.00023174,"ARIMA(0, 0, 1)",0.00023174,-0.00011286,0.001215,0.0,2026-W05
adj_close.csv,ARIMA,USMV,0.00413,0.00386554,0.00409728,0.00413,0.00386554,0.00409728,"ARIMA(0, 0, 1)",0.00409728,-3.271e-05,0.00023174,0.0,2026-W06
adj_close.csv,ARIMA,USO,0.0055345,0.00078176,0.00490583,0.0055345,0.00078176,0.00490583,"ARIMA(2, 0, 2)",-0.00490583,0.00062867,-0.00568759,0.0,2024-W30
adj_close.csv,ARIMA,USO,0.00960584,0.00237257,0.0072784,0.00960584,0.00237257,0.0072784,"ARIMA(2, 0, 2)",-0.0072784,0.00232744,-0.00490583,0.0,2024-W31
adj_close.csv,ARIMA,USO,0.00690477,0.01484565,0.00756725,0.00690477,0.01484565,0.00756725,"ARIMA(2, 0, 2)",0.00756725,0.00066248,-0.0072784,0.0,2024-W32
adj_close.csv,ARIMA,USO,0.00123922,0.00730502,0.00026222,0.00123922,0.00730502,0.00026222,"ARIMA(2, 0, 2)",0.00026222,-0.00097699,0.00756725,0.0,2024-W33
adj_close.csv,ARIMA,USO,0.00267178,0.00229028,0.00202806,0.00267178,0.00229028,0.00202806,"ARIMA(2, 0, 2)",-0.00202806,0.00064372,0.00026222,0.0,2024-W34
adj_close.csv,ARIMA,USO,0.00440898,0.00120106,0.00322912,0.00440898,0.00120106,0.00322912,"ARIMA(2, 0, 2)",-0.00322912,0.00117986,-0.00202806,0.0,2024-W35
adj_close.csv,ARIMA,USO,0.02017489,0.01566028,0.0188894,0.02017489,0.01566028,0.0188894,"ARIMA(2, 0, 2)",-0.0188894,0.00128549,-0.00322912,0.0,2024-W36
adj_close.csv,ARIMA,USO,0.00266301,0.02151248,0.00262307,0.00266301,0.02151248,0.00262307,"ARIMA(2, 0, 2)",0.00262307,-3.993e-05,-0.0188894,0.0,2024-W37
adj_close.csv,ARIMA,USO,0.00705002,0.00600814,0.00863121,0.00705002,0.00600814,0.00863121,"ARIMA(2, 0, 2)",0.00863121,0.00158119,0.00262307,0.0,2024-W38
adj_close.csv,ARIMA,USO,0.00487695,0.01603481,0.0074036,0.00487695,0.01603481,0.0074036,"ARIMA(2, 0, 2)",-0.0074036,-0.00252665,0.00863121,0.0,2024-W39
adj_close.csv,ARIMA,USO,0.01755827,0.02400022,0.01659662,0.01755827,0.02400022,0.01659662,"ARIMA(2, 0, 2)",0.01659662,-0.00096165,-0.0074036,0.0,2024-W40
adj_close.csv,ARIMA,USO,0.00271904,0.01363245,0.00296417,0.00271904,0.01363245,0.00296417,"ARIMA(2, 0, 2)",0.00296417,0.00024513,0.01659662,0.0,2024-W41
adj_close.csv,ARIMA,USO,0.01619607,0.01939041,0.01642624,0.01619607,0.01939041,0.01642624,"ARIMA(2, 0, 2)",-0.01642624,-0.00023016,0.00296417,0.0,2024-W42
adj_close.csv,ARIMA,USO,0.00684752,0.02425639,0.00783015,0.00684752,0.02425639,0.00783015,"ARIMA(2, 0, 2)",0.00783015,0.00098263,-0.01642624,0.0,2024-W43
adj_close.csv,ARIMA,USO,0.00881905,0.01387507,0.00604492,0.00881905,0.01387507,0.00604492,"ARIMA(2, 0, 2)",-0.00604492,0.00277413,0.00783015,0.0,2024-W44
adj_close.csv,ARIMA,USO,0.00455574,0.00910389,0.00305897,0.00455574,0.00910389,0.00305897,"ARIMA(2, 0, 2)",0.00305897,-0.00149678,-0.00604492,0.0,2024-W45
adj_close.csv,ARIMA,USO,0.00892852,0.01252321,0.00946424,0.00892852,0.01252321,0.00946424,"ARIMA(2, 0, 2)",-0.00946424,-0.00053572,0.00305897,0.0,2024-W46
adj_close.csv,ARIMA,USO,0.01119772,0.02196832,0.01250407,0.01119772,0.02196832,0.01250407,"ARIMA(2, 0, 2)",0.01250407,0.00130635,-0.00946424,0.0,2024-W47
adj_close.csv,ARIMA,USO,0.00870104,0.02155483,0.00905076,0.00870104,0.02155483,0.00905076,"ARIMA(2, 0, 2)",-0.00905076,-0.00034972,0.01250407,0.0,2024-W48
adj_close.csv,ARIMA,USO,0.00175938,0.0051874,0.00386336,0.00175938,0.0051874,0.00386336,"ARIMA(2, 0, 2)",-0.00386336,-0.00210399,-0.00905076,0.0,2024-W49
adj_close.csv,ARIMA,USO,0.00888818,0.01485956,0.0109962,0.00888818,0.01485956,0.0109962,"ARIMA(2, 0, 2)",0.0109962,0.00210802,-0.00386336,0.0,2024-W50
adj_close.csv,ARIMA,USO,0.00256994,0.01401031,0.00301411,0.00256994,0.01401031,0.00301411,"ARIMA(2, 0, 2)",-0.00301411,-0.00044417,0.0109962,0.0,2024-W51
adj_close.csv,ARIMA,USO,0.00482501,0.00556602,0.00255191,0.00482501,0.00556602,0.00255191,"ARIMA(2, 0, 2)",0.00255191,-0.0022731,-0.00301411,0.0,2024-W52
adj_close.csv,ARIMA,USO,0.0127744,0.01085975,0.01341166,0.0127744,0.01085975,0.01341166,"ARIMA(2, 0, 2)",0.01341166,0.00063726,0.00255191,0.0,2025-W01
adj_close.csv,ARIMA,USO,0.00876542,0.00483362,0.00857804,0.00876542,0.00483362,0.00857804,"ARIMA(2, 0, 2)",0.00857804,-0.00018738,0.01341166,0.0,2025-W02
adj_close.csv,ARIMA,USO,0.00758008,0.00396887,0.00460917,0.00758008,0.00396887,0.00460917,"ARIMA(2, 0, 2)",0.00460917,-0.00297091,0.00857804,0.0,2025-W03
adj_close.csv,ARIMA,USO,0.00845298,0.01361581,0.00900664,0.00845298,0.01361581,0.00900664,"ARIMA(2, 0, 2)",-0.00900664,-0.00055366,0.00460917,0.0,2025-W04
adj_close.csv,ARIMA,USO,0.0066744,0.00499686,0.00400978,0.0066744,0.00499686,0.00400978,"ARIMA(2, 0, 2)",-0.00400978,0.00266462,-0.00900664,0.0,2025-W05
adj_close.csv,ARIMA,USO,0.0069698,0.00160534,0.00561512,0.0069698,0.00160534,0.00561512,"ARIMA(2, 0, 2)",-0.00561512,0.00135468,-0.00400978,0.0,2025-W06
adj_close.csv,ARIMA,USO,0.00086262,0.00550964,0.00010549,0.00086262,0.00550964,0.00010549,"ARIMA(2, 0, 2)",-0.00010549,-0.00096811,-0.00561512,0.0,2025-W07
adj_close.csv,ARIMA,USO,0.00145838,0.00144906,0.00155455,0.00145838,0.00144906,0.00155455,"ARIMA(2, 0, 2)",-0.00155455,-9.617e-05,-0.00010549,0.0,2025-W08
adj_close.csv,ARIMA,USO,0.00119979,0.0012092,0.00034535,0.00119979,0.0012092,0.00034535,"ARIMA(2, 0, 2)",-0.00034535,0.00085445,-0.00155455,0.0,2025-W09
adj_close.csv,ARIMA,USO,0.00800327,0.00815503,0.00850038,0.00800327,0.00815503,0.00850038,"ARIMA(2, 0, 2)",-0.00850038,-0.0004971,-0.00034535,0.0,2025-W10
adj_close.csv,ARIMA,USO,0.00139642,0.00902681,0.00052643,0.00139642,0.00902681,0.00052643,"ARIMA(2, 0, 2)",0.00052643,-0.00086999,-0.00850038,0.0,2025-W11
adj_close.csv,ARIMA,USO,0.00321392,0.00360872,0.00413516,0.00321392,0.00360872,0.00413516,"ARIMA(2, 0, 2)",0.00413516,0.00092124,0.00052643,0.0,2025-W12
adj_close.csv,ARIMA,USO,0.0030077,0.00149647,0.00263869,0.0030077,0.00149647,0.00263869,"ARIMA(2, 0, 2)",0.00263869,-0.00036901,0.00413516,0.0,2025-W13
adj_close.csv,ARIMA,USO,0.01816423,0.02185593,0.01921724,0.01816423,0.02185593,0.01921724,"ARIMA(2, 0, 2)",-0.01921724,-0.00105301,0.00263869,0.0,2025-W14
adj_close.csv,ARIMA,USO,0.00587902,0.01487118,0.00434605,0.00587902,0.01487118,0.00434605,"ARIMA(2, 0, 2)",-0.00434605,0.00153297,-0.01921724,0.0,2025-W15
adj_close.csv,ARIMA,USO,0.00826584,0.01545574,0.01110969,0.00826584,0.01545574,0.01110969,"ARIMA(2, 0, 2)",0.01110969,0.00284384,-0.00434605,0.0,2025-W16
adj_close.csv,ARIMA,USO,0.00178205,0.01240925,0.00129956,0.00178205,0.01240925,0.00129956,"ARIMA(2, 0, 2)",-0.00129956,-0.00308161,0.01110969,0.0,2025-W17
adj_close.csv,ARIMA,USO,0.01276409,0.0138008,0.01510036,0.01276409,0.0138008,0.01510036,"ARIMA(2, 0, 2)",-0.01510036,-0.00233628,-0.00129956,0.0,2025-W18
adj_close.csv,ARIMA,USO,0.0035151,0.02306344,0.00796307,0.0035151,0.02306344,0.00796307,"ARIMA(2, 0, 2)",0.00796307,0.00444797,-0.01510036,0.0,2025-W19
adj_close.csv,ARIMA,USO,0.00333222,0.00353858,0.00442449,0.00333222,0.00353858,0.00442449,"ARIMA(2, 0, 2)",0.00442449,0.00109227,0.00796307,0.0,2025-W20
adj_close.csv,ARIMA,USO,0.00519782,0.00474781,0.00032332,0.00519782,0.00474781,0.00032332,"ARIMA(2, 0, 2)",-0.00032332,-0.00552114,0.00442449,0.0,2025-W21
adj_close.csv,ARIMA,USO,0.00246711,0.0027846,0.00310791,0.00246711,0.0027846,0.00310791,"ARIMA(2, 0, 2)",-0.00310791,-0.0006408,-0.00032332,0.0,2025-W22
adj_close.csv,ARIMA,USO,0.00788901,0.01532566,0.01221775,0.00788901,0.01532566,0.01221775,"ARIMA(2, 0, 2)",0.01221775,0.00432874,-0.00310791,0.0,2025-W23
adj_close.csv,ARIMA,USO,0.02582649,0.01113329,0.02335104,0.02582649,0.01113329,0.02335104,"ARIMA(2, 0, 2)",0.02335104,-0.00247545,0.01221775,0.0,2025-W24
adj_close.csv,ARIMA,USO,0.01507113,0.01447291,0.00887813,0.01507113,0.01447291,0.00887813,"ARIMA(2, 0, 2)",0.00887813,-0.006193,0.02335104,0.0,2025-W25
adj_close.csv,ARIMA,USO,0.02283712,0.03407766,0.02519954,0.02283712,0.03407766,0.02519954,"ARIMA(2, 0, 2)",-0.02519954,-0.00236241,0.00887813,0.0,2025-W26
adj_close.csv,ARIMA,USO,0.00121483,0.03163218,0.00643264,0.00121483,0.03163218,0.00643264,"ARIMA(2, 0, 2)",0.00643264,0.00521781,-0.02519954,0.0,2025-W27
adj_close.csv,ARIMA,USO,0.00166468,0.00092338,0.00550926,0.00166468,0.00092338,0.00550926,"ARIMA(2, 0, 2)",0.00550926,0.00384458,0.00643264,0.0,2025-W28
adj_close.csv,ARIMA,USO,0.00214553,0.00905981,0.00355055,0.00214553,0.00905981,0.00355055,"ARIMA(2, 0, 2)",-0.00355055,-0.00569608,0.00550926,0.0,2025-W29
adj_close.csv,ARIMA,USO,0.00400742,0.00068539,0.00286516,0.00400742,0.00068539,0.00286516,"ARIMA(2, 0, 2)",-0.00286516,0.00114227,-0.00355055,0.0,2025-W30
adj_close.csv,ARIMA,USO,0.00194269,0.00972027,0.00685511,0.00194269,0.00972027,0.00685511,"ARIMA(2, 0, 2)",0.00685511,0.00491242,-0.00286516,0.0,2025-W31
adj_close.csv,ARIMA,USO,0.00859951,0.01789532,0.0110402,0.00859951,0.01789532,0.0110402,"ARIMA(2, 0, 2)",-0.0110402,-0.00244069,0.00685511,0.0,2025-W32
adj_close.csv,ARIMA,USO,0.00235011,0.00967127,0.00136893,0.00235011,0.00967127,0.00136893,"ARIMA(2, 0, 2)",-0.00136893,-0.00371904,-0.0110402,0.0,2025-W33
adj_close.csv,ARIMA,USO,0.00060184,0.00636104,0.00499211,0.00060184,0.00636104,0.00499211,"ARIMA(2, 0, 2)",0.00499211,0.00439027,-0.00136893,0.0,2025-W34
adj_close.csv,ARIMA,USO,0.0010866,0.00445693,0.00053518,0.0010866,0.00445693,0.00053518,"ARIMA(2, 0, 2)",0.00053518,0.00162178,0.00499211,0.0,2025-W35
adj_close.csv,ARIMA,USO,0.00261407,0.00802879,0.00749361,0.00261407,0.00802879,0.00749361,"ARIMA(2, 0, 2)",-0.00749361,-0.00487954,0.00053518,0.0,2025-W36
adj_close.csv,ARIMA,USO,0.00156576,0.0093574,0.00186379,0.00156576,0.0093574,0.00186379,"ARIMA(2, 0, 2)",0.00186379,0.00029804,-0.00749361,0.0,2025-W37
adj_close.csv,ARIMA,USO,0.00416978,0.00129171,0.00057209,0.00416978,0.00129171,0.00057209,"ARIMA(2, 0, 2)",0.00057209,0.00474187,0.00186379,0.0,2025-W38
adj_close.csv,ARIMA,USO,0.01114349,0.00872944,0.00930153,0.01114349,0.00872944,0.00930153,"ARIMA(2, 0, 2)",0.00930153,-0.00184196,0.00057209,0.0,2025-W39
adj_close.csv,ARIMA,USO,0.01017775,0.02358851,0.01428698,0.01017775,0.02358851,0.01428698,"ARIMA(2, 0, 2)",-0.01428698,-0.00410923,0.00930153,0.0,2025-W40
adj_close.csv,ARIMA,USO,0.00824583,0.00770949,0.00657749,0.00824583,0.00770949,0.00657749,"ARIMA(2, 0, 2)",-0.00657749,0.00166834,-0.01428698,0.0,2025-W41
adj_close.csv,ARIMA,USO,0.00867994,0.00247166,0.00410583,0.00867994,0.00247166,0.00410583,"ARIMA(2, 0, 2)",-0.00410583,0.00457411,-0.00657749,0.0,2025-W42
adj_close.csv,ARIMA,USO,0.01440865,0.01884755,0.01474171,0.01440865,0.01884755,0.01474171,"ARIMA(2, 0, 2)",0.01474171,0.00033307,-0.00410583,0.0,2025-W43
adj_close.csv,ARIMA,USO,0.001812,0.01644339,0.00170168,0.001812,0.01644339,0.00170168,"ARIMA(2, 0, 2)",-0.00170168,-0.00351368,0.01474171,0.0,2025-W44
adj_close.csv,ARIMA,USO,0.00161763,0.00191404,0.00361572,0.00161763,0.00191404,0.00361572,"ARIMA(2, 0, 2)",-0.00361572,-0.00199809,-0.00170168,0.0,2025-W45
adj_close.csv,ARIMA,USO,0.00238243,0.00395221,0.0003365,0.00238243,0.00395221,0.0003365,"ARIMA(2, 0, 2)",0.0003365,0.00271893,-0.00361572,0.0,2025-W46
adj_close.csv,ARIMA,USO,0.00669229,0.00625104,0.00591455,0.00669229,0.00625104,0.00591455,"ARIMA(2, 0, 2)",-0.00591455,0.00077774,0.0003365,0.0,2025-W47
adj_close.csv,ARIMA,USO,0.00715231,0.01221963,0.00630509,0.00715231,0.01221963,0.00630509,"ARIMA(2, 0, 2)",0.00630509,-0.00084722,-0.00591455,0.0,2025-W48
adj_close.csv,ARIMA,USO,0.00200401,0.00392728,0.00237781,0.00200401,0.00392728,0.00237781,"ARIMA(2, 0, 2)",0.00237781,0.0003738,0.00630509,0.0,2025-W49
adj_close.csv,ARIMA,USO,0.00767551,0.01121888,0.00884106,0.00767551,0.01121888,0.00884106,"ARIMA(2, 0, 2)",-0.00884106,-0.00116556,0.00237781,0.0,2025-W50
adj_close.csv,ARIMA,USO,0.00288465,0.00656101,0.00228006,0.00288465,0.00656101,0.00228006,"ARIMA(2, 0, 2)",-0.00228006,0.0006046,-0.00884106,0.0,2025-W51
adj_close.csv,ARIMA,USO,0.00058956,0.00392831,0.00164825,0.00058956,0.00392831,0.00164825,"ARIMA(2, 0, 2)",0.00164825,0.00223781,-0.00228006,0.0,2025-W52
adj_close.csv,ARIMA,USO,0.00243532,9.795e-05,0.00174621,0.00243532,9.795e-05,0.00174621,"ARIMA(2, 0, 2)",0.00174621,-0.00068911,0.00164825,0.0,2026-W01
adj_close.csv,ARIMA,USO,0.00647463,0.00346376,0.00520997,0.00647463,0.00346376,0.00520997,"ARIMA(2, 0, 2)",0.00520997,-0.00126466,0.00174621,0.0,2026-W02
adj_close.csv,ARIMA,USO,0.0025808,0.00276663,0.00244334,0.0025808,0.00276663,0.00244334,"ARIMA(2, 0, 2)",0.00244334,-0.00013746,0.00520997,0.0,2026-W03
adj_close.csv,ARIMA,USO,0.00852837,0.00545565,0.00789899,0.00852837,0.00545565,0.00789899,"ARIMA(2, 0, 2)",0.00789899,-0.00062937,0.00244334,0.0,2026-W04
adj_close.csv,ARIMA,USO,0.01548086,0.00662488,0.01452387,0.01548086,0.00662488,0.01452387,"ARIMA(2, 0, 2)",0.01452387,-0.00095699,0.00789899,0.0,2026-W05
adj_close.csv,ARIMA,USO,0.05200763,0.06865391,0.05413003,0.05200763,0.06865391,0.05413003,"ARIMA(2, 0, 2)",-0.05413003,-0.0021224,0.01452387,0.0,2026-W06
adj_close.csv,ARIMA,VEA,0.00027975,0.00439717,0.00023865,0.00027975,0.00439717,0.00023865,"ARIMA(1, 0, 0)",-0.00023865,4.11e-05,-0.00463582,0.0,2024-W30
adj_close.csv,ARIMA,VEA,0.00614392,0.00590323,0.00614188,0.00614392,0.00590323,0.00614188,"ARIMA(1, 0, 0)",-0.00614188,2.04e-06,-0.00023865,0.0,2024-W31
adj_close.csv,ARIMA,VEA,0.00060529,0.00679736,0.00065548,0.00060529,0.00679736,0.00065548,"ARIMA(1, 0, 0)",0.00065548,5.019e-05,-0.00614188,0.0,2024-W32
adj_close.csv,ARIMA,VEA,0.00770847,0.00704703,0.0077025,0.00770847,0.00704703,0.0077025,"ARIMA(1, 0, 0)",0.0077025,-5.96e-06,0.00065548,0.0,2024-W33
adj_close.csv,ARIMA,VEA,0.00599278,0.00177012,0.00593239,0.00599278,0.00177012,0.00593239,"ARIMA(1, 0, 0)",0.00593239,-6.039e-05,0.0077025,0.0,2024-W34
adj_close.csv,ARIMA,VEA,0.00013217,0.00577962,0.00015277,0.00013217,0.00577962,0.00015277,"ARIMA(1, 0, 0)",0.00015277,2.059e-05,0.00593239,0.0,2024-W35
adj_close.csv,ARIMA,VEA,0.00983055,0.00998276,0.00982999,0.00983055,0.00998276,0.00982999,"ARIMA(1, 0, 0)",-0.00982999,5.6e-07,0.00015277,0.0,2024-W36
adj_close.csv,ARIMA,VEA,0.00485759,0.01465517,0.00482518,0.00485759,0.01465517,0.00482518,"ARIMA(1, 0, 0)",0.00482518,-3.241e-05,-0.00982999,0.0,2024-W37
adj_close.csv,ARIMA,VEA,0.00193939,0.00292458,0.0019006,0.00193939,0.00292458,0.0019006,"ARIMA(1, 0, 0)",0.0019006,-3.879e-05,0.00482518,0.0,2024-W38
adj_close.csv,ARIMA,VEA,0.00393764,0.00202596,0.00392656,0.00393764,0.00202596,0.00392656,"ARIMA(1, 0, 0)",0.00392656,-1.108e-05,0.0019006,0.0,2024-W39
adj_close.csv,ARIMA,VEA,0.00306544,0.00700796,0.0030814,0.00306544,0.00700796,0.0030814,"ARIMA(1, 0, 0)",-0.0030814,-1.596e-05,0.00392656,0.0,2024-W40
adj_close.csv,ARIMA,VEA,0.00071246,0.00239017,0.00069123,0.00071246,0.00239017,0.00069123,"ARIMA(1, 0, 0)",-0.00069123,2.124e-05,-0.0030814,0.0,2024-W41
adj_close.csv,ARIMA,VEA,0.00062086,7.477e-05,0.00061645,0.00062086,7.477e-05,0.00061645,"ARIMA(1, 0, 0)",-0.00061645,4.41e-06,-0.00069123,0.0,2024-W42
adj_close.csv,ARIMA,VEA,0.00516345,0.00454312,0.00515958,0.00516345,0.00454312,0.00515958,"ARIMA(1, 0, 0)",-0.00515958,3.87e-06,-0.00061645,0.0,2024-W43
adj_close.csv,ARIMA,VEA,0.00121994,0.00396818,0.0011914,0.00121994,0.00396818,0.0011914,"ARIMA(1, 0, 0)",-0.0011914,2.854e-05,-0.00515958,0.0,2024-W44
adj_close.csv,ARIMA,VEA,0.00015443,0.00135067,0.00015927,0.00015443,0.00135067,0.00015927,"ARIMA(1, 0, 0)",0.00015927,4.84e-06,-0.0011914,0.0,2024-W45
adj_close.csv,ARIMA,VEA,0.00491497,0.00507489,0.00491562,0.00491497,0.00507489,0.00491562,"ARIMA(1, 0, 0)",-0.00491562,-6.5e-07,0.00015927,0.0,2024-W46
adj_close.csv,ARIMA,VEA,0.00188695,0.00682366,0.00190804,0.00188695,0.00682366,0.00190804,"ARIMA(1, 0, 0)",0.00190804,2.109e-05,-0.00491562,0.0,2024-W47
adj_close.csv,ARIMA,VEA,0.0040204,0.00210007,0.00400811,0.0040204,0.00210007,0.00400811,"ARIMA(1, 0, 0)",0.00400811,-1.228e-05,0.00190804,0.0,2024-W48
adj_close.csv,ARIMA,VEA,0.00172114,0.00230567,0.00170245,0.00172114,0.00230567,0.00170245,"ARIMA(1, 0, 0)",0.00170245,-1.869e-05,0.00400811,0.0,2024-W49
adj_close.csv,ARIMA,VEA,0.00297365,0.00468133,0.00297888,0.00297365,0.00468133,0.00297888,"ARIMA(1, 0, 0)",-0.00297888,-5.23e-06,0.00170245,0.0,2024-W50
adj_close.csv,ARIMA,VEA,0.00692237,0.00393086,0.00690974,0.00692237,0.00393086,0.00690974,"ARIMA(1, 0, 0)",-0.00690974,1.263e-05,-0.00297888,0.0,2024-W51
adj_close.csv,ARIMA,VEA,0.00282543,0.00973169,0.00282195,0.00282543,0.00973169,0.00282195,"ARIMA(1, 0, 0)",0.00282195,-3.48e-06,-0.00690974,0.0,2024-W52
adj_close.csv,ARIMA,VEA,0.00056116,0.00339422,0.00057227,0.00056116,0.00339422,0.00057227,"ARIMA(1, 0, 0)",-0.00057227,-1.111e-05,0.00282195,0.0,2025-W01
adj_close.csv,ARIMA,VEA,0.00246243,0.0018877,0.00245997,0.00246243,0.0018877,0.00245997,"ARIMA(1, 0, 0)",-0.00245997,2.46e-06,-0.00057227,0.0,2025-W02
adj_close.csv,ARIMA,VEA,0.00431922,0.00678898,0.004329,0.00431922,0.00678898,0.004329,"ARIMA(1, 0, 0)",0.004329,9.78e-06,-0.00245997,0.0,2025-W03
adj_close.csv,ARIMA,VEA,0.00738186,0.00302521,0.00735421,0.00738186,0.00302521,0.00735421,"ARIMA(1, 0, 0)",0.00735421,-2.764e-05,0.004329,0.0,2025-W04
adj_close.csv,ARIMA,VEA,0.00032623,0.00767435,0.00032013,0.00032623,0.00767435,0.00032013,"ARIMA(1, 0, 0)",-0.00032013,6.09e-06,0.00735421,0.0,2025-W05
adj_close.csv,ARIMA,VEA,0.00107848,0.00139852,0.00107839,0.00107848,0.00139852,0.00107839,"ARIMA(1, 0, 0)",0.00107839,-9e-08,-0.00032013,0.0,2025-W06
adj_close.csv,ARIMA,VEA,0.00511213,0.00403397,0.00511236,0.00511213,0.00403397,0.00511236,"ARIMA(1, 0, 0)",0.00511236,2.3e-07,0.00107839,0.0,2025-W07
adj_close.csv,ARIMA,VEA,0.00132127,0.00642624,0.00131388,0.00132127,0.00642624,0.00131388,"ARIMA(1, 0, 0)",-0.00131388,7.39e-06,0.00511236,0.0,2025-W08
adj_close.csv,ARIMA,VEA,0.00066472,0.00064923,0.00066465,0.00066472,0.00064923,0.00066465,"ARIMA(1, 0, 0)",-0.00066465,7e-08,-0.00131388,0.0,2025-W09
adj_close.csv,ARIMA,VEA,0.00582781,0.00649237,0.00582772,0.00582781,0.00649237,0.00582772,"ARIMA(1, 0, 0)",0.00582772,-9e-08,-0.00066465,0.0,2025-W10
adj_close.csv,ARIMA,VEA,0.00144649,0.00727838,0.00145066,0.00144649,0.00727838,0.00145066,"ARIMA(1, 0, 0)",-0.00145066,-4.18e-06,0.00582772,0.0,2025-W11
adj_close.csv,ARIMA,VEA,0.00034333,0.00179773,0.00034706,0.00034333,0.00179773,0.00034706,"ARIMA(1, 0, 0)",0.00034706,3.73e-06,-0.00145066,0.0,2025-W12
adj_close.csv,ARIMA,VEA,0.00313592,0.00348391,0.00313685,0.00313592,0.00348391,0.00313685,"ARIMA(1, 0, 0)",-0.00313685,-9.3e-07,0.00034706,0.0,2025-W13
adj_close.csv,ARIMA,VEA,0.01766708,0.01452107,0.01765792,0.01766708,0.01452107,0.01765792,"ARIMA(1, 0, 0)",-0.01765792,9.16e-06,-0.00313685,0.0,2025-W14
adj_close.csv,ARIMA,VEA,0.01054748,0.02804232,0.0103844,0.01054748,0.02804232,0.0103844,"ARIMA(1, 0, 0)",0.0103844,-0.00016309,-0.01765792,0.0,2025-W15
adj_close.csv,ARIMA,VEA,0.0069908,0.00369473,0.00668967,0.0069908,0.00369473,0.00668967,"ARIMA(1, 0, 0)",0.00668967,-0.00030113,0.0103844,0.0,2025-W16
adj_close.csv,ARIMA,VEA,0.00660994,0.00017618,0.00651349,0.00660994,0.00017618,0.00651349,"ARIMA(1, 0, 0)",0.00651349,-9.645e-05,0.00668967,0.0,2025-W17
adj_close.csv,ARIMA,VEA,0.00448792,0.00206215,0.00445134,0.00448792,0.00206215,0.00445134,"ARIMA(1, 0, 0)",0.00445134,-3.658e-05,0.00651349,0.0,2025-W18
adj_close.csv,ARIMA,VEA,0.00026029,0.00419036,0.00026097,0.00026029,0.00419036,0.00026097,"ARIMA(1, 0, 0)",0.00026097,6.8e-07,0.00445134,0.0,2025-W19
adj_close.csv,ARIMA,VEA,0.00303195,0.00277108,0.00303205,0.00303195,0.00277108,0.00303205,"ARIMA(1, 0, 0)",0.00303205,1e-07,0.00026097,0.0,2025-W20
adj_close.csv,ARIMA,VEA,0.00193391,0.00109652,0.00193553,0.00193391,0.00109652,0.00193553,"ARIMA(1, 0, 0)",0.00193553,1.63e-06,0.00303205,0.0,2025-W21
adj_close.csv,ARIMA,VEA,0.00248298,0.00055071,0.00248625,0.00248298,0.00055071,0.00248625,"ARIMA(1, 0, 0)",0.00248625,3.27e-06,0.00193553,0.0,2025-W22
adj_close.csv,ARIMA,VEA,0.00249661,1.691e-05,0.00250315,0.00249661,1.691e-05,0.00250315,"ARIMA(1, 0, 0)",0.00250315,6.54e-06,0.00248625,0.0,2025-W23
adj_close.csv,ARIMA,VEA,0.00040091,0.00289443,0.00039128,0.00040091,0.00289443,0.00039128,"ARIMA(1, 0, 0)",-0.00039128,9.63e-06,0.00250315,0.0,2025-W24
adj_close.csv,ARIMA,VEA,0.00328051,0.00289066,0.00328194,0.00328051,0.00289066,0.00328194,"ARIMA(1, 0, 0)",-0.00328194,-1.43e-06,-0.00039128,0.0,2025-W25
adj_close.csv,ARIMA,VEA,0.00655904,0.00982818,0.00654624,0.00655904,0.00982818,0.00654624,"ARIMA(1, 0, 0)",0.00654624,-1.28e-05,-0.00328194,0.0,2025-W26
adj_close.csv,ARIMA,VEA,0.00171176,0.00483646,0.00170978,0.00171176,0.00483646,0.00170978,"ARIMA(1, 0, 0)",0.00170978,-1.97e-06,0.00654624,0.0,2025-W27
adj_close.csv,ARIMA,VEA,0.00123031,0.0029369,0.00122712,0.00123031,0.0029369,0.00122712,"ARIMA(1, 0, 0)",-0.00122712,3.19e-06,0.00170978,0.0,2025-W28
adj_close.csv,ARIMA,VEA,0.0008087,0.00041662,0.0008105,0.0008087,0.00041662,0.0008105,"ARIMA(1, 0, 0)",-0.0008105,-1.79e-06,-0.00122712,0.0,2025-W29
adj_close.csv,ARIMA,VEA,0.0048158,0.00562496,0.00481446,0.0048158,0.00562496,0.00481446,"ARIMA(1, 0, 0)",0.00481446,-1.34e-06,-0.0008105,0.0,2025-W30
adj_close.csv,ARIMA,VEA,0.00702013,0.01183027,0.00701581,0.00702013,0.01183027,0.00701581,"ARIMA(1, 0, 0)",-0.00701581,4.32e-06,0.00481446,0.0,2025-W31
adj_close.csv,ARIMA,VEA,0.00697645,0.01403161,0.00701581,0.00697645,0.01403161,0.00701581,"ARIMA(1, 0, 0)",0.00701581,3.936e-05,-0.00701581,0.0,2025-W32
adj_close.csv,ARIMA,VEA,0.00301363,0.00410703,0.00290877,0.00301363,0.00410703,0.00290877,"ARIMA(1, 0, 0)",0.00290877,-0.00010486,0.00701581,0.0,2025-W33
adj_close.csv,ARIMA,VEA,0.00236238,0.00057824,0.00233053,0.00236238,0.00057824,0.00233053,"ARIMA(1, 0, 0)",0.00233053,-3.185e-05,0.00290877,0.0,2025-W34
adj_close.csv,ARIMA,VEA,0.00285234,0.00520537,0.00287484,0.00285234,0.00520537,0.00287484,"ARIMA(1, 0, 0)",-0.00287484,-2.25e-05,0.00233053,0.0,2025-W35
adj_close.csv,ARIMA,VEA,0.00103095,0.00393715,0.0010623,0.00103095,0.00393715,0.0010623,"ARIMA(1, 0, 0)",0.0010623,3.136e-05,-0.00287484,0.0,2025-W36
adj_close.csv,ARIMA,VEA,0.00290834,0.00183385,0.00289616,0.00290834,0.00183385,0.00289616,"ARIMA(1, 0, 0)",0.00289616,-1.218e-05,0.0010623,0.0,2025-W37
adj_close.csv,ARIMA,VEA,0.00041796,0.00250972,0.00038644,0.00041796,0.00250972,0.00038644,"ARIMA(1, 0, 0)",0.00038644,-3.152e-05,0.00289616,0.0,2025-W38
adj_close.csv,ARIMA,VEA,0.0008022,0.00119276,0.00080632,0.0008022,0.00119276,0.00080632,"ARIMA(1, 0, 0)",-0.00080632,-4.12e-06,0.00038644,0.0,2025-W39
adj_close.csv,ARIMA,VEA,0.00547024,0.0062852,0.00547888,0.00547024,0.0062852,0.00547888,"ARIMA(1, 0, 0)",0.00547888,8.64e-06,-0.00080632,0.0,2025-W40
adj_close.csv,ARIMA,VEA,0.00619142,0.01173354,0.00625466,0.00619142,0.01173354,0.00625466,"ARIMA(1, 0, 0)",-0.00625466,-6.324e-05,0.00547888,0.0,2025-W41
adj_close.csv,ARIMA,VEA,0.00499313,0.01135961,0.00510495,0.00499313,0.01135961,0.00510495,"ARIMA(1, 0, 0)",0.00510495,0.00011182,-0.00625466,0.0,2025-W42
adj_close.csv,ARIMA,VEA,0.00179394,0.00343184,0.00167311,0.00179394,0.00343184,0.00167311,"ARIMA(1, 0, 0)",0.00167311,-0.00012083,0.00510495,0.0,2025-W43
adj_close.csv,ARIMA,VEA,0.00074884,0.00245873,0.00078561,0.00074884,0.00245873,0.00078561,"ARIMA(1, 0, 0)",-0.00078561,-3.677e-05,0.00167311,0.0,2025-W44
adj_close.csv,ARIMA,VEA,0.00123465,0.00043159,0.0012172,0.00123465,0.00043159,0.0012172,"ARIMA(1, 0, 0)",-0.0012172,1.745e-05,-0.00078561,0.0,2025-W45
adj_close.csv,ARIMA,VEA,0.00230241,0.00354643,0.00232922,0.00230241,0.00354643,0.00232922,"ARIMA(1, 0, 0)",0.00232922,2.682e-05,-0.0012172,0.0,2025-W46
adj_close.csv,ARIMA,VEA,0.00506791,0.00744965,0.00512042,0.00506791,0.00744965,0.00512042,"ARIMA(1, 0, 0)",-0.00512042,-5.252e-05,0.00232922,0.0,2025-W47
adj_close.csv,ARIMA,VEA,0.00729112,0.01253813,0.00741771,0.00729112,0.01253813,0.00741771,"ARIMA(1, 0, 0)",0.00741771,0.00012658,-0.00512042,0.0,2025-W48
adj_close.csv,ARIMA,VEA,0.00175505,0.00589679,0.00152092,0.00175505,0.00589679,0.00152092,"ARIMA(1, 0, 0)",0.00152092,-0.00023413,0.00741771,0.0,2025-W49
adj_close.csv,ARIMA,VEA,0.00145784,0.00010749,0.00141343,0.00145784,0.00010749,0.00141343,"ARIMA(1, 0, 0)",0.00141343,-4.441e-05,0.00152092,0.0,2025-W50
adj_close.csv,ARIMA,VEA,0.00133695,0.00011719,0.00129624,0.00133695,0.00011719,0.00129624,"ARIMA(1, 0, 0)",0.00129624,-4.071e-05,0.00141343,0.0,2025-W51
adj_close.csv,ARIMA,VEA,0.00392786,0.00259474,0.00389098,0.00392786,0.00259474,0.00389098,"ARIMA(1, 0, 0)",0.00389098,-3.689e-05,0.00129624,0.0,2025-W52
adj_close.csv,ARIMA,VEA,0.00165463,0.00234348,0.0015475,0.00165463,0.00234348,0.0015475,"ARIMA(1, 0, 0)",0.0015475,-0.00010713,0.00389098,0.0,2026-W01
adj_close.csv,ARIMA,VEA,0.00420599,0.00261768,0.00416518,0.00420599,0.00261768,0.00416518,"ARIMA(1, 0, 0)",0.00416518,-4.081e-05,0.0015475,0.0,2026-W02
adj_close.csv,ARIMA,VEA,0.00198665,0.00228346,0.00188172,0.00198665,0.00228346,0.00188172,"ARIMA(1, 0, 0)",0.00188172,-0.00010494,0.00416518,0.0,2026-W03
adj_close.csv,ARIMA,VEA,0.00248886,0.00056254,0.00244426,0.00248886,0.00056254,0.00244426,"ARIMA(1, 0, 0)",0.00244426,-4.46e-05,0.00188172,0.0,2026-W04
adj_close.csv,ARIMA,VEA,0.0013288,0.00117134,0.00127292,0.0013288,0.00117134,0.00127292,"ARIMA(1, 0, 0)",0.00127292,-5.588e-05,0.00244426,0.0,2026-W05
adj_close.csv,ARIMA,VEA,0.00394819,0.00264691,0.00391983,0.00394819,0.00264691,0.00391983,"ARIMA(1, 0, 0)",0.00391983,-2.836e-05,0.00127292,0.0,2026-W06
adj_close.csv,ARIMA,VIG,0.00111325,0.00085082,0.00108576,0.00111325,0.00085082,0.00108576,"ARIMA(0, 0, 1)",0.00108576,-2.75e-05,0.00023494,0.0,2024-W30
adj_close.csv,ARIMA,VIG,0.00202385,0.00317732,0.00209156,0.00202385,0.00317732,0.00209156,"ARIMA(0, 0, 1)",-0.00209156,-6.771e-05,0.00108576,0.0,2024-W31
adj_close.csv,ARIMA,VIG,0.00092002,0.00129615,0.00079541,0.00092002,0.00129615,0.00079541,"ARIMA(0, 0, 1)",-0.00079541,0.00012461,-0.00209156,0.0,2024-W32
adj_close.csv,ARIMA,VIG,0.00554074,0.0063922,0.00559679,0.00554074,0.0063922,0.00559679,"ARIMA(0, 0, 1)",0.00559679,5.605e-05,-0.00079541,0.0,2024-W33
adj_close.csv,ARIMA,VIG,0.00305206,0.00289223,0.00270456,0.00305206,0.00289223,0.00270456,"ARIMA(0, 0, 1)",0.00270456,-0.0003475,0.00559679,0.0,2024-W34
adj_close.csv,ARIMA,VIG,0.00276011,0.00011763,0.00258693,0.00276011,0.00011763,0.00258693,"ARIMA(0, 0, 1)",0.00258693,-0.00017318,0.00270456,0.0,2024-W35
adj_close.csv,ARIMA,VIG,0.00718557,0.00992235,0.00733542,0.00718557,0.00992235,0.00733542,"ARIMA(0, 0, 1)",-0.00733542,-0.00014985,0.00258693,0.0,2024-W36
adj_close.csv,ARIMA,VIG,0.00514326,0.01291794,0.00558253,0.00514326,0.01291794,0.00558253,"ARIMA(0, 0, 1)",0.00558253,0.00043926,-0.00733542,0.0,2024-W37
adj_close.csv,ARIMA,VIG,0.0021581,0.0037929,0.00178962,0.0021581,0.0037929,0.00178962,"ARIMA(0, 0, 1)",0.00178962,-0.00036848,0.00558253,0.0,2024-W38
adj_close.csv,ARIMA,VIG,0.00069974,0.00123868,0.00055094,0.00069974,0.00123868,0.00055094,"ARIMA(0, 0, 1)",0.00055094,-0.00014881,0.00178962,0.0,2024-W39
adj_close.csv,ARIMA,VIG,1.268e-05,0.00061179,6.085e-05,1.268e-05,0.00061179,6.085e-05,"ARIMA(0, 0, 1)",-6.085e-05,-4.817e-05,0.00055094,0.0,2024-W40
adj_close.csv,ARIMA,VIG,0.00254847,0.00261019,0.00254935,0.00254847,0.00261019,0.00254935,"ARIMA(0, 0, 1)",0.00254935,8.7e-07,-6.085e-05,0.0,2024-W41
adj_close.csv,ARIMA,VIG,0.00194008,0.00078493,0.00176441,0.00194008,0.00078493,0.00176441,"ARIMA(0, 0, 1)",0.00176441,-0.00017567,0.00254935,0.0,2024-W42
adj_close.csv,ARIMA,VIG,0.00451825,0.0064131,0.00464869,0.00451825,0.0064131,0.00464869,"ARIMA(0, 0, 1)",-0.00464869,-0.00013043,0.00176441,0.0,2024-W43
adj_close.csv,ARIMA,VIG,0.00222556,0.00274006,0.00190862,0.00222556,0.00274006,0.00190862,"ARIMA(0, 0, 1)",-0.00190862,0.00031694,-0.00464869,0.0,2024-W44
adj_close.csv,ARIMA,VIG,0.00794116,0.00999838,0.00808976,0.00794116,0.00999838,0.00808976,"ARIMA(0, 0, 1)",0.00808976,0.00014859,-0.00190862,0.0,2024-W45
adj_close.csv,ARIMA,VIG,0.00378267,0.01245073,0.00436097,0.00378267,0.01245073,0.00436097,"ARIMA(0, 0, 1)",-0.00436097,-0.00057831,0.00808976,0.0,2024-W46
adj_close.csv,ARIMA,VIG,0.00345467,0.00812025,0.00375927,0.00345467,0.00812025,0.00375927,"ARIMA(0, 0, 1)",0.00375927,0.0003046,-0.00436097,0.0,2024-W47
adj_close.csv,ARIMA,VIG,0.00302177,0.00103292,0.00272635,0.00302177,0.00103292,0.00272635,"ARIMA(0, 0, 1)",0.00272635,-0.00029542,0.00375927,0.0,2024-W48
adj_close.csv,ARIMA,VIG,0.00149843,0.00447327,0.00174692,0.00149843,0.00447327,0.00174692,"ARIMA(0, 0, 1)",-0.00174692,-0.00024849,0.00272635,0.0,2024-W49
adj_close.csv,ARIMA,VIG,0.0009649,0.00090733,0.00083959,0.0009649,0.00090733,0.00083959,"ARIMA(0, 0, 1)",-0.00083959,0.00012531,-0.00174692,0.0,2024-W50
adj_close.csv,ARIMA,VIG,0.00482833,0.00390823,0.00474782,0.00482833,0.00390823,0.00474782,"ARIMA(0, 0, 1)",-0.00474782,8.051e-05,-0.00083959,0.0,2024-W51
adj_close.csv,ARIMA,VIG,0.00192945,0.00707363,0.00232581,0.00192945,0.00707363,0.00232581,"ARIMA(0, 0, 1)",0.00232581,0.00039636,-0.00474782,0.0,2024-W52
adj_close.csv,ARIMA,VIG,0.00249931,0.00498787,0.00266205,0.00249931,0.00498787,0.00266205,"ARIMA(0, 0, 1)",-0.00266205,-0.00016274,0.00232581,0.0,2025-W01
adj_close.csv,ARIMA,VIG,0.00449571,0.0016181,0.00428016,0.00449571,0.0016181,0.00428016,"ARIMA(0, 0, 1)",-0.00428016,0.00021555,-0.00266205,0.0,2025-W02
adj_close.csv,ARIMA,VIG,0.00606774,0.01071964,0.00643948,0.00606774,0.01071964,0.00643948,"ARIMA(0, 0, 1)",0.00643948,0.00037174,-0.00428016,0.0,2025-W03
adj_close.csv,ARIMA,VIG,0.00443482,0.00255318,0.0038863,0.00443482,0.00255318,0.0038863,"ARIMA(0, 0, 1)",0.0038863,-0.00054852,0.00643948,0.0,2025-W04
adj_close.csv,ARIMA,VIG,0.0003157,0.00393574,4.944e-05,0.0003157,0.00393574,4.944e-05,"ARIMA(0, 0, 1)",-4.944e-05,-0.00036514,0.0038863,0.0,2025-W05
adj_close.csv,ARIMA,VIG,0.00036013,0.00033665,0.00038609,0.00036013,0.00033665,0.00038609,"ARIMA(0, 0, 1)",-0.00038609,-2.596e-05,-4.944e-05,0.0,2025-W06
adj_close.csv,ARIMA,VIG,0.00197173,0.00238764,0.00200154,0.00197173,0.00238764,0.00200154,"ARIMA(0, 0, 1)",0.00200154,2.982e-05,-0.00038609,0.0,2025-W07
adj_close.csv,ARIMA,VIG,0.00215266,0.00431775,0.00231621,0.00215266,0.00431775,0.00231621,"ARIMA(0, 0, 1)",-0.00231621,-0.00016355,0.00200154,0.0,2025-W08
adj_close.csv,ARIMA,VIG,0.00095443,0.0034517,0.00113549,0.00095443,0.0034517,0.00113549,"ARIMA(0, 0, 1)",0.00113549,0.00018106,-0.00231621,0.0,2025-W09
adj_close.csv,ARIMA,VIG,0.00343534,0.00465167,0.00351618,0.00343534,0.00465167,0.00351618,"ARIMA(0, 0, 1)",-0.00351618,-8.084e-05,0.00113549,0.0,2025-W10
adj_close.csv,ARIMA,VIG,0.00692683,0.00311594,0.00663212,0.00692683,0.00311594,0.00663212,"ARIMA(0, 0, 1)",-0.00663212,0.00029471,-0.00351618,0.0,2025-W11
adj_close.csv,ARIMA,VIG,0.00058292,0.00775799,0.00112587,0.00058292,0.00775799,0.00112587,"ARIMA(0, 0, 1)",0.00112587,0.00054295,-0.00663212,0.0,2025-W12
adj_close.csv,ARIMA,VIG,0.00130285,0.00247459,0.00134872,0.00130285,0.00247459,0.00134872,"ARIMA(0, 0, 1)",-0.00134872,-4.586e-05,0.00112587,0.0,2025-W13
adj_close.csv,ARIMA,VIG,0.01623176,0.01477884,0.01612756,0.01623176,0.01477884,0.01612756,"ARIMA(0, 0, 1)",-0.01612756,0.0001042,-0.00134872,0.0,2025-W14
adj_close.csv,ARIMA,VIG,0.00731093,0.02461924,0.00849168,0.00731093,0.02461924,0.00849168,"ARIMA(0, 0, 1)",0.00849168,0.00118075,-0.01612756,0.0,2025-W15
adj_close.csv,ARIMA,VIG,0.00049622,0.0096989,0.00120722,0.00049622,0.0096989,0.00120722,"ARIMA(0, 0, 1)",-0.00120722,-0.000711,0.00849168,0.0,2025-W16
adj_close.csv,ARIMA,VIG,0.00510243,0.00636159,0.00515436,0.00510243,0.00636159,0.00515436,"ARIMA(0, 0, 1)",0.00515436,5.194e-05,-0.00120722,0.0,2025-W17
adj_close.csv,ARIMA,VIG,0.00511577,0.00058489,0.00456948,0.00511577,0.00058489,0.00456948,"ARIMA(0, 0, 1)",0.00456948,-0.00054629,0.00515436,0.0,2025-W18
adj_close.csv,ARIMA,VIG,0.00031267,0.00538975,0.00082027,0.00031267,0.00538975,0.00082027,"ARIMA(0, 0, 1)",-0.00082027,-0.0005076,0.00456948,0.0,2025-W19
adj_close.csv,ARIMA,VIG,0.00698174,0.00783316,0.00701289,0.00698174,0.00783316,0.00701289,"ARIMA(0, 0, 1)",0.00701289,3.114e-05,-0.00082027,0.0,2025-W20
adj_close.csv,ARIMA,VIG,0.00413569,0.01185274,0.00483985,0.00413569,0.01185274,0.00483985,"ARIMA(0, 0, 1)",-0.00483985,-0.00070416,0.00701289,0.0,2025-W21
adj_close.csv,ARIMA,VIG,0.00414678,0.00942877,0.00458892,0.00414678,0.00942877,0.00458892,"ARIMA(0, 0, 1)",0.00458892,0.00044215,-0.00483985,0.0,2025-W22
adj_close.csv,ARIMA,VIG,0.00299574,0.00205865,0.00253027,0.00299574,0.00205865,0.00253027,"ARIMA(0, 0, 1)",0.00253027,-0.00046547,0.00458892,0.0,2025-W23
adj_close.csv,ARIMA,VIG,0.00033653,0.00252027,1e-05,0.00033653,0.00252027,1e-05,"ARIMA(0, 0, 1)",1e-05,-0.00032653,0.00253027,0.0,2025-W24
adj_close.csv,ARIMA,VIG,0.00187878,0.00192544,0.00191544,0.00187878,0.00192544,0.00191544,"ARIMA(0, 0, 1)",-0.00191544,-3.666e-05,1e-05,0.0,2025-W25
adj_close.csv,ARIMA,VIG,0.00472987,0.00685076,0.00493532,0.00472987,0.00685076,0.00493532,"ARIMA(0, 0, 1)",0.00493532,0.00020545,-0.00191544,0.0,2025-W26
adj_close.csv,ARIMA,VIG,0.00634613,0.00088354,0.00581886,0.00634613,0.00088354,0.00581886,"ARIMA(0, 0, 1)",0.00581886,-0.00052727,0.00493532,0.0,2025-W27
adj_close.csv,ARIMA,VIG,0.00116104,0.00763643,0.00181757,0.00116104,0.00763643,0.00181757,"ARIMA(0, 0, 1)",-0.00181757,-0.00065654,0.00581886,0.0,2025-W28
adj_close.csv,ARIMA,VIG,4.348e-05,0.00198261,0.00016504,4.348e-05,0.00198261,0.00016504,"ARIMA(0, 0, 1)",0.00016504,0.00012156,-0.00181757,0.0,2025-W29
adj_close.csv,ARIMA,VIG,0.00293307,0.00276344,0.00292847,0.00293307,0.00276344,0.00292847,"ARIMA(0, 0, 1)",0.00292847,-4.6e-06,0.00016504,0.0,2025-W30
adj_close.csv,ARIMA,VIG,0.0045785,0.00781703,0.00488856,0.0045785,0.00781703,0.00488856,"ARIMA(0, 0, 1)",-0.00488856,-0.00031006,0.00292847,0.0,2025-W31
adj_close.csv,ARIMA,VIG,0.00249773,0.00788427,0.00299571,0.00249773,0.00788427,0.00299571,"ARIMA(0, 0, 1)",0.00299571,0.00049798,-0.00488856,0.0,2025-W32
adj_close.csv,ARIMA,VIG,0.00250527,0.00076845,0.00222727,0.00250527,0.00076845,0.00222727,"ARIMA(0, 0, 1)",0.00222727,-0.000278,0.00299571,0.0,2025-W33
adj_close.csv,ARIMA,VIG,0.00208149,0.00042152,0.00180575,0.00208149,0.00042152,0.00180575,"ARIMA(0, 0, 1)",0.00180575,-0.00027574,0.00222727,0.0,2025-W34
adj_close.csv,ARIMA,VIG,0.0002186,0.0022509,0.00044515,0.0002186,0.0022509,0.00044515,"ARIMA(0, 0, 1)",-0.00044515,-0.00022655,0.00180575,0.0,2025-W35
adj_close.csv,ARIMA,VIG,0.00121762,0.0016866,0.00124144,0.00121762,0.0016866,0.00124144,"ARIMA(0, 0, 1)",0.00124144,2.383e-05,-0.00044515,0.0,2025-W36
adj_close.csv,ARIMA,VIG,0.00354753,0.00217313,0.00341458,0.00354753,0.00217313,0.00341458,"ARIMA(0, 0, 1)",0.00341458,-0.00013295,0.00124144,0.0,2025-W37
adj_close.csv,ARIMA,VIG,0.00081882,0.00297912,0.00043546,0.00081882,0.00297912,0.00043546,"ARIMA(0, 0, 1)",0.00043546,-0.00038336,0.00341458,0.0,2025-W38
adj_close.csv,ARIMA,VIG,0.00055198,0.00107511,0.00063965,0.00055198,0.00107511,0.00063965,"ARIMA(0, 0, 1)",-0.00063965,-8.767e-05,0.00043546,0.0,2025-W39
adj_close.csv,ARIMA,VIG,0.00295237,0.00365134,0.00301169,0.00295237,0.00365134,0.00301169,"ARIMA(0, 0, 1)",0.00301169,5.933e-05,-0.00063965,0.0,2025-W40
adj_close.csv,ARIMA,VIG,0.00451469,0.00784487,0.00483317,0.00451469,0.00784487,0.00483317,"ARIMA(0, 0, 1)",-0.00483317,-0.00031848,0.00301169,0.0,2025-W41
adj_close.csv,ARIMA,VIG,0.00244099,0.00777489,0.00294172,0.00244099,0.00777489,0.00294172,"ARIMA(0, 0, 1)",0.00294172,0.00050073,-0.00483317,0.0,2025-W42
adj_close.csv,ARIMA,VIG,0.00282818,0.00039017,0.00255155,0.00282818,0.00039017,0.00255155,"ARIMA(0, 0, 1)",0.00255155,-0.00027663,0.00294172,0.0,2025-W43
adj_close.csv,ARIMA,VIG,0.00101501,0.00388314,0.00133159,0.00101501,0.00388314,0.00133159,"ARIMA(0, 0, 1)",-0.00133159,-0.00031658,0.00255155,0.0,2025-W44
adj_close.csv,ARIMA,VIG,0.0014269,1.888e-05,0.0013127,0.0014269,1.888e-05,0.0013127,"ARIMA(0, 0, 1)",-0.0013127,0.0001142,-0.00133159,0.0,2025-W45
adj_close.csv,ARIMA,VIG,0.00112472,0.00259775,0.00128505,0.00112472,0.00259775,0.00128505,"ARIMA(0, 0, 1)",0.00128505,0.00016033,-0.0013127,0.0,2025-W46
adj_close.csv,ARIMA,VIG,0.00151105,0.00292285,0.0016378,0.00151105,0.00292285,0.0016378,"ARIMA(0, 0, 1)",-0.0016378,-0.00012675,0.00128505,0.0,2025-W47
adj_close.csv,ARIMA,VIG,0.00829012,0.01009887,0.00846108,0.00829012,0.01009887,0.00846108,"ARIMA(0, 0, 1)",0.00846108,0.00017095,-0.0016378,0.0,2025-W48
adj_close.csv,ARIMA,VIG,8.87e-06,0.00943349,0.00097241,8.87e-06,0.00943349,0.00097241,"ARIMA(0, 0, 1)",-0.00097241,-0.00096354,0.00846108,0.0,2025-W49
adj_close.csv,ARIMA,VIG,0.00044077,0.0014142,0.00044178,0.00044077,0.0014142,0.00044178,"ARIMA(0, 0, 1)",0.00044178,1.02e-06,-0.00097241,0.0,2025-W50
adj_close.csv,ARIMA,VIG,0.00123165,0.00172472,0.00128293,0.00123165,0.00172472,0.00128293,"ARIMA(0, 0, 1)",-0.00128293,-5.128e-05,0.00044178,0.0,2025-W51
adj_close.csv,ARIMA,VIG,0.00293609,0.0043625,0.00307956,0.00293609,0.0043625,0.00307956,"ARIMA(0, 0, 1)",0.00307956,0.00014348,-0.00128293,0.0,2025-W52
adj_close.csv,ARIMA,VIG,0.00179948,0.00522355,0.00214399,0.00179948,0.00522355,0.00214399,"ARIMA(0, 0, 1)",-0.00214399,-0.00034451,0.00307956,0.0,2026-W01
adj_close.csv,ARIMA,VIG,0.00352333,0.00588039,0.0037364,0.00352333,0.00588039,0.0037364,"ARIMA(0, 0, 1)",0.0037364,0.00021307,-0.00214399,0.0,2026-W02
adj_close.csv,ARIMA,VIG,0.00120474,0.00295487,0.00078153,0.00120474,0.00295487,0.00078153,"ARIMA(0, 0, 1)",0.00078153,-0.00042321,0.0037364,0.0,2026-W03
adj_close.csv,ARIMA,VIG,0.00264219,0.00356689,0.00278536,0.00264219,0.00356689,0.00278536,"ARIMA(0, 0, 1)",-0.00278536,-0.00014317,0.00078153,0.0,2026-W04
adj_close.csv,ARIMA,VIG,0.00047065,0.00357255,0.0007872,0.00047065,0.00357255,0.0007872,"ARIMA(0, 0, 1)",0.0007872,0.00031654,-0.00278536,0.0,2026-W05
adj_close.csv,ARIMA,VIG,0.00987327,0.00902961,0.00981681,0.00987327,0.00902961,0.00981681,"ARIMA(0, 0, 1)",0.00981681,-5.646e-05,0.0007872,0.0,2026-W06
adj_close.csv,ARIMA,VLUE,0.00011781,0.00059834,9.331e-05,0.00011781,0.00059834,9.331e-05,"ARIMA(1, 0, 0)",9.331e-05,-2.45e-05,0.00069165,0.0,2024-W30
adj_close.csv,ARIMA,VLUE,0.00993949,0.01003611,0.00994279,0.00993949,0.01003611,0.00994279,"ARIMA(1, 0, 0)",-0.00994279,-3.3e-06,9.331e-05,0.0,2024-W31
adj_close.csv,ARIMA,VLUE,0.00165205,0.00864473,0.00129807,0.00165205,0.00864473,0.00129807,"ARIMA(1, 0, 0)",-0.00129807,0.00035399,-0.00994279,0.0,2024-W32
adj_close.csv,ARIMA,VLUE,0.00581111,0.00715083,0.00585276,0.00581111,0.00715083,0.00585276,"ARIMA(1, 0, 0)",0.00585276,4.165e-05,-0.00129807,0.0,2024-W33
adj_close.csv,ARIMA,VLUE,0.00493141,0.0011186,0.00473416,0.00493141,0.0011186,0.00473416,"ARIMA(1, 0, 0)",0.00473416,-0.00019725,0.00585276,0.0,2024-W34
adj_close.csv,ARIMA,VLUE,0.00228971,0.002575,0.00215917,0.00228971,0.002575,0.00215917,"ARIMA(1, 0, 0)",0.00215917,-0.00013054,0.00473416,0.0,2024-W35
adj_close.csv,ARIMA,VLUE,0.01026855,0.01248231,0.01032315,0.01026855,0.01248231,0.01032315,"ARIMA(1, 0, 0)",-0.01032315,-5.459e-05,0.00215917,0.0,2024-W36
adj_close.csv,ARIMA,VLUE,0.00472048,0.01535296,0.00502981,0.00472048,0.01535296,0.00502981,"ARIMA(1, 0, 0)",0.00502981,0.00030933,-0.01032315,0.0,2024-W37
adj_close.csv,ARIMA,VLUE,0.0040585,0.00117262,0.00385719,0.0040585,0.00117262,0.00385719,"ARIMA(1, 0, 0)",0.00385719,-0.00020131,0.00502981,0.0,2024-W38
adj_close.csv,ARIMA,VLUE,0.00300699,0.0009884,0.00286878,0.00300699,0.0009884,0.00286878,"ARIMA(1, 0, 0)",0.00286878,-0.00013821,0.00385719,0.0,2024-W39
adj_close.csv,ARIMA,VLUE,0.00041805,0.00338281,0.00051403,0.00041805,0.00338281,0.00051403,"ARIMA(1, 0, 0)",-0.00051403,-9.598e-05,0.00286878,0.0,2024-W40
adj_close.csv,ARIMA,VLUE,0.00246717,0.00299853,0.0024845,0.00246717,0.00299853,0.0024845,"ARIMA(1, 0, 0)",0.0024845,1.732e-05,-0.00051403,0.0,2024-W41
adj_close.csv,ARIMA,VLUE,0.00131513,0.00125374,0.00123076,0.00131513,0.00125374,0.00123076,"ARIMA(1, 0, 0)",0.00123076,-8.438e-05,0.0024845,0.0,2024-W42
adj_close.csv,ARIMA,VLUE,0.00428182,0.00555355,0.0043228,0.00428182,0.00555355,0.0043228,"ARIMA(1, 0, 0)",-0.0043228,-4.098e-05,0.00123076,0.0,2024-W43
adj_close.csv,ARIMA,VLUE,0.00122088,0.00325049,0.0010723,0.00122088,0.00325049,0.0010723,"ARIMA(1, 0, 0)",-0.0010723,0.00014857,-0.0043228,0.0,2024-W44
adj_close.csv,ARIMA,VLUE,0.0086345,0.0097425,0.0086702,0.0086345,0.0097425,0.0086702,"ARIMA(1, 0, 0)",0.0086702,3.57e-05,-0.0010723,0.0,2024-W45
adj_close.csv,ARIMA,VLUE,0.00273565,0.01171085,0.00304065,0.00273565,0.01171085,0.00304065,"ARIMA(1, 0, 0)",-0.00304065,-0.000305,0.0086702,0.0,2024-W46
adj_close.csv,ARIMA,VLUE,0.00549425,0.0086563,0.00561565,0.00549425,0.0086563,0.00561565,"ARIMA(1, 0, 0)",0.00561565,0.0001214,-0.00304065,0.0,2024-W47
adj_close.csv,ARIMA,VLUE,0.00120492,0.00465368,0.00096197,0.00120492,0.00465368,0.00096197,"ARIMA(1, 0, 0)",0.00096197,-0.00024295,0.00561565,0.0,2024-W48
adj_close.csv,ARIMA,VLUE,0.00385528,0.00485758,0.00389561,0.00385528,0.00485758,0.00389561,"ARIMA(1, 0, 0)",-0.00389561,-4.033e-05,0.00096197,0.0,2024-W49
adj_close.csv,ARIMA,VLUE,0.00479387,0.00073209,0.0046277,0.00479387,0.00073209,0.0046277,"ARIMA(1, 0, 0)",-0.0046277,0.00016617,-0.00389561,0.0,2024-W50
adj_close.csv,ARIMA,VLUE,0.00658634,0.00177834,0.00640604,0.00658634,0.00177834,0.00640604,"ARIMA(1, 0, 0)",-0.00640604,0.0001803,-0.0046277,0.0,2024-W51
adj_close.csv,ARIMA,VLUE,0.00195749,0.00857464,0.0021686,0.00195749,0.00857464,0.0021686,"ARIMA(1, 0, 0)",0.0021686,0.0002111,-0.00640604,0.0,2024-W52
adj_close.csv,ARIMA,VLUE,2.986e-05,0.00221552,4.692e-05,2.986e-05,0.00221552,4.692e-05,"ARIMA(1, 0, 0)",-4.692e-05,-7.678e-05,0.0021686,0.0,2025-W01
adj_close.csv,ARIMA,VLUE,0.00350023,0.00345165,0.00349857,0.00350023,0.00345165,0.00349857,"ARIMA(1, 0, 0)",-0.00349857,1.66e-06,-4.692e-05,0.0,2025-W02
adj_close.csv,ARIMA,VLUE,0.00859602,0.0122183,0.00871973,0.00859602,0.0122183,0.00871973,"ARIMA(1, 0, 0)",0.00871973,0.00012371,-0.00349857,0.0,2025-W03
adj_close.csv,ARIMA,VLUE,0.00339471,0.00568445,0.00303528,0.00339471,0.00568445,0.00303528,"ARIMA(1, 0, 0)",0.00303528,-0.00035943,0.00871973,0.0,2025-W04
adj_close.csv,ARIMA,VLUE,0.00177416,0.0049173,0.00188202,0.00177416,0.0049173,0.00188202,"ARIMA(1, 0, 0)",-0.00188202,-0.00010786,0.00303528,0.0,2025-W05
adj_close.csv,ARIMA,VLUE,0.00112616,0.00082468,0.00105734,0.00112616,0.00082468,0.00105734,"ARIMA(1, 0, 0)",-0.00105734,6.882e-05,-0.00188202,0.0,2025-W06
adj_close.csv,ARIMA,VLUE,0.00464067,0.00573624,0.0046789,0.00464067,0.00573624,0.0046789,"ARIMA(1, 0, 0)",0.0046789,3.824e-05,-0.00105734,0.0,2025-W07
adj_close.csv,ARIMA,VLUE,0.00065361,0.00550611,0.00082721,0.00065361,0.00550611,0.00082721,"ARIMA(1, 0, 0)",-0.00082721,-0.0001736,0.0046789,0.0,2025-W08
adj_close.csv,ARIMA,VLUE,0.00089293,3.454e-05,0.00086175,0.00089293,3.454e-05,0.00086175,"ARIMA(1, 0, 0)",-0.00086175,3.117e-05,-0.00082721,0.0,2025-W09
adj_close.csv,ARIMA,VLUE,0.00439773,0.00350362,0.00436538,0.00439773,0.00350362,0.00436538,"ARIMA(1, 0, 0)",-0.00436538,3.235e-05,-0.00086175,0.0,2025-W10
adj_close.csv,ARIMA,VLUE,0.00389156,0.00063456,0.00373081,0.00389156,0.00063456,0.00373081,"ARIMA(1, 0, 0)",-0.00373081,0.00016074,-0.00436538,0.0,2025-W11
adj_close.csv,ARIMA,VLUE,0.0015249,0.00538105,0.00165024,0.0015249,0.00538105,0.00165024,"ARIMA(1, 0, 0)",0.00165024,0.00012534,-0.00373081,0.0,2025-W12
adj_close.csv,ARIMA,VLUE,0.00206697,0.00377443,0.00212419,0.00206697,0.00377443,0.00212419,"ARIMA(1, 0, 0)",-0.00212419,-5.722e-05,0.00165024,0.0,2025-W13
adj_close.csv,ARIMA,VLUE,0.01988494,0.01768572,0.01980991,0.01988494,0.01768572,0.01980991,"ARIMA(1, 0, 0)",-0.01980991,7.502e-05,-0.00212419,0.0,2025-W14
adj_close.csv,ARIMA,VLUE,0.00475055,0.02510183,0.00529191,0.00475055,0.02510183,0.00529191,"ARIMA(1, 0, 0)",0.00529191,0.00054136,-0.01980991,0.0,2025-W15
adj_close.csv,ARIMA,VLUE,0.00081588,0.00470836,0.00058355,0.00081588,0.00470836,0.00058355,"ARIMA(1, 0, 0)",0.00058355,-0.00023232,0.00529191,0.0,2025-W16
adj_close.csv,ARIMA,VLUE,0.00576068,0.00515195,0.0057355,0.00576068,0.00515195,0.0057355,"ARIMA(1, 0, 0)",0.0057355,-2.518e-05,0.00058355,0.0,2025-W17
adj_close.csv,ARIMA,VLUE,0.00593463,4.495e-05,0.00569055,0.00593463,4.495e-05,0.00569055,"ARIMA(1, 0, 0)",0.00569055,-0.00024408,0.0057355,0.0,2025-W18
adj_close.csv,ARIMA,VLUE,0.00139206,0.00450691,0.00118364,0.00139206,0.00450691,0.00118364,"ARIMA(1, 0, 0)",0.00118364,-0.00020842,0.00569055,0.0,2025-W19
adj_close.csv,ARIMA,VLUE,0.00839261,0.00716724,0.00835088,0.00839261,0.00716724,0.00835088,"ARIMA(1, 0, 0)",0.00835088,-4.173e-05,0.00118364,0.0,2025-W20
adj_close.csv,ARIMA,VLUE,0.00630839,0.01493929,0.00658841,0.00630839,0.01493929,0.00658841,"ARIMA(1, 0, 0)",-0.00658841,-0.00028002,0.00835088,0.0,2025-W21
adj_close.csv,ARIMA,VLUE,0.00204374,0.00891247,0.00232407,0.00204374,0.00891247,0.00232407,"ARIMA(1, 0, 0)",0.00232407,0.00028033,-0.00658841,0.0,2025-W22
adj_close.csv,ARIMA,VLUE,0.00433981,0.00191155,0.00423561,0.00433981,0.00191155,0.00423561,"ARIMA(1, 0, 0)",0.00423561,-0.0001042,0.00232407,0.0,2025-W23
adj_close.csv,ARIMA,VLUE,0.00054835,0.00386992,0.00036569,0.00054835,0.00386992,0.00036569,"ARIMA(1, 0, 0)",0.00036569,-0.00018266,0.00423561,0.0,2025-W24
adj_close.csv,ARIMA,VLUE,0.00213547,0.00175415,0.00211984,0.00213547,0.00175415,0.00211984,"ARIMA(1, 0, 0)",0.00211984,-1.563e-05,0.00036569,0.0,2025-W25
adj_close.csv,ARIMA,VLUE,0.00536347,0.00315333,0.00527317,0.00536347,0.00315333,0.00527317,"ARIMA(1, 0, 0)",0.00527317,-9.03e-05,0.00211984,0.0,2025-W26
adj_close.csv,ARIMA,VLUE,0.00722022,0.00173256,0.00700573,0.00722022,0.00173256,0.00700573,"ARIMA(1, 0, 0)",0.00700573,-0.00021449,0.00527317,0.0,2025-W27
adj_close.csv,ARIMA,VLUE,0.00100733,0.00825313,0.00124741,0.00100733,0.00825313,0.00124741,"ARIMA(1, 0, 0)",-0.00124741,-0.00024008,0.00700573,0.0,2025-W28
adj_close.csv,ARIMA,VLUE,0.00198268,0.00069106,0.00193847,0.00198268,0.00069106,0.00193847,"ARIMA(1, 0, 0)",-0.00193847,4.422e-05,-0.00124741,0.0,2025-W29
adj_close.csv,ARIMA,VLUE,0.00278952,0.0047959,0.00285743,0.00278952,0.0047959,0.00285743,"ARIMA(1, 0, 0)",0.00285743,6.791e-05,-0.00193847,0.0,2025-W30
adj_close.csv,ARIMA,VLUE,0.00704721,0.01000732,0.00714989,0.00704721,0.01000732,0.00714989,"ARIMA(1, 0, 0)",-0.00714989,-0.00010268,0.00285743,0.0,2025-W31
adj_close.csv,ARIMA,VLUE,0.00483464,0.01226544,0.00511555,0.00483464,0.01226544,0.00511555,"ARIMA(1, 0, 0)",0.00511555,0.00028092,-0.00714989,0.0,2025-W32
adj_close.csv,ARIMA,VLUE,0.00456934,0.00077639,0.00433916,0.00456934,0.00077639,0.00433916,"ARIMA(1, 0, 0)",0.00433916,-0.00023019,0.00511555,0.0,2025-W33
adj_close.csv,ARIMA,VLUE,0.00437536,0.00014237,0.00419679,0.00437536,0.00014237,0.00419679,"ARIMA(1, 0, 0)",0.00419679,-0.00017857,0.00433916,0.0,2025-W34
adj_close.csv,ARIMA,VLUE,0.00057787,0.00377857,0.00041822,0.00057787,0.00377857,0.00041822,"ARIMA(1, 0, 0)",0.00041822,-0.00015966,0.00419679,0.0,2025-W35
adj_close.csv,ARIMA,VLUE,0.00155676,0.0011228,0.00154102,0.00155676,0.0011228,0.00154102,"ARIMA(1, 0, 0)",0.00154102,-1.574e-05,0.00041822,0.0,2025-W36
adj_close.csv,ARIMA,VLUE,0.00209034,0.00049147,0.00203249,0.00209034,0.00049147,0.00203249,"ARIMA(1, 0, 0)",0.00203249,-5.785e-05,0.00154102,0.0,2025-W37
adj_close.csv,ARIMA,VLUE,0.00351618,0.00140846,0.00344095,0.00351618,0.00140846,0.00344095,"ARIMA(1, 0, 0)",0.00344095,-7.523e-05,0.00203249,0.0,2025-W38
adj_close.csv,ARIMA,VLUE,0.00261006,0.00095424,0.00248671,0.00261006,0.00095424,0.00248671,"ARIMA(1, 0, 0)",0.00248671,-0.00012335,0.00344095,0.0,2025-W39
adj_close.csv,ARIMA,VLUE,0.00449769,0.00192547,0.00441219,0.00449769,0.00192547,0.00441219,"ARIMA(1, 0, 0)",0.00441219,-8.55e-05,0.00248671,0.0,2025-W40
adj_close.csv,ARIMA,VLUE,0.00805933,0.01261519,0.008203,0.00805933,0.01261519,0.008203,"ARIMA(1, 0, 0)",-0.008203,-0.00014367,0.00441219,0.0,2025-W41
adj_close.csv,ARIMA,VLUE,0.00547231,0.01398975,0.00578675,0.00547231,0.01398975,0.00578675,"ARIMA(1, 0, 0)",0.00578675,0.00031444,-0.008203,0.0,2025-W42
adj_close.csv,ARIMA,VLUE,0.0064429,0.00039263,0.00617939,0.0064429,0.00039263,0.00617939,"ARIMA(1, 0, 0)",0.00617939,-0.00026352,0.00578675,0.0,2025-W43
adj_close.csv,ARIMA,VLUE,0.00113609,0.00528791,0.00089148,0.00113609,0.00528791,0.00089148,"ARIMA(1, 0, 0)",0.00089148,-0.00024461,0.00617939,0.0,2025-W44
adj_close.csv,ARIMA,VLUE,0.00016517,0.00109095,0.00019947,0.00016517,0.00109095,0.00019947,"ARIMA(1, 0, 0)",-0.00019947,-3.43e-05,0.00089148,0.0,2025-W45
adj_close.csv,ARIMA,VLUE,0.00057483,0.00078198,0.00058251,0.00057483,0.00078198,0.00058251,"ARIMA(1, 0, 0)",0.00058251,7.68e-06,-0.00019947,0.0,2025-W46
adj_close.csv,ARIMA,VLUE,0.00504663,0.00565158,0.00506906,0.00504663,0.00565158,0.00506906,"ARIMA(1, 0, 0)",-0.00506906,-2.243e-05,0.00058251,0.0,2025-W47
adj_close.csv,ARIMA,VLUE,0.01183261,0.01709927,0.0120302,0.01183261,0.01709927,0.0120302,"ARIMA(1, 0, 0)",0.0120302,0.00019759,-0.00506906,0.0,2025-W48
adj_close.csv,ARIMA,VLUE,0.00302182,0.00959133,0.00243887,0.00302182,0.00959133,0.00243887,"ARIMA(1, 0, 0)",0.00243887,-0.00058295,0.0120302,0.0,2025-W49
adj_close.csv,ARIMA,VLUE,0.00226555,0.0002778,0.00216107,0.00226555,0.0002778,0.00216107,"ARIMA(1, 0, 0)",0.00216107,-0.00010448,0.00243887,0.0,2025-W50
adj_close.csv,ARIMA,VLUE,0.00100339,0.00124842,0.00091265,0.00100339,0.00124842,0.00091265,"ARIMA(1, 0, 0)",0.00091265,-9.074e-05,0.00216107,0.0,2025-W51
adj_close.csv,ARIMA,VLUE,0.00307607,0.00212541,0.00303805,0.00307607,0.00212541,0.00303805,"ARIMA(1, 0, 0)",0.00303805,-3.802e-05,0.00091265,0.0,2025-W52
adj_close.csv,ARIMA,VLUE,0.00208845,0.00107484,0.00196322,0.00208845,0.00107484,0.00196322,"ARIMA(1, 0, 0)",0.00196322,-0.00012523,0.00303805,0.0,2026-W01
adj_close.csv,ARIMA,VLUE,0.00697697,0.00493475,0.00689796,0.00697697,0.00493475,0.00689796,"ARIMA(1, 0, 0)",0.00689796,-7.901e-05,0.00196322,0.0,2026-W02
adj_close.csv,ARIMA,VLUE,0.00060941,0.00655162,0.00034634,0.00060941,0.00655162,0.00034634,"ARIMA(1, 0, 0)",0.00034634,-0.00026306,0.00689796,0.0,2026-W03
adj_close.csv,ARIMA,VLUE,0.00098003,0.0006207,0.00096705,0.00098003,0.0006207,0.00096705,"ARIMA(1, 0, 0)",0.00096705,-1.299e-05,0.00034634,0.0,2026-W04
adj_close.csv,ARIMA,VLUE,0.00295176,0.0019485,0.00291555,0.00295176,0.0019485,0.00291555,"ARIMA(1, 0, 0)",0.00291555,-3.621e-05,0.00096705,0.0,2026-W05
adj_close.csv,ARIMA,VLUE,0.01661723,0.01359379,0.01650934,0.01661723,0.01359379,0.01650934,"ARIMA(1, 0, 0)",0.01650934,-0.00010789,0.00291555,0.0,2026-W06
adj_close.csv,ARIMA,VNQ,0.00084435,0.00126919,0.00174931,0.00084435,0.00126919,0.00174931,"ARIMA(2, 0, 2)",0.00174931,0.00090496,0.0030185,0.0,2024-W30
adj_close.csv,ARIMA,VNQ,0.005084,0.00201101,0.00376032,0.005084,0.00201101,0.00376032,"ARIMA(2, 0, 2)",0.00376032,-0.00132368,0.00174931,0.0,2024-W31
adj_close.csv,ARIMA,VNQ,0.00097207,0.00415515,0.00039483,0.00097207,0.00415515,0.00039483,"ARIMA(2, 0, 2)",-0.00039483,0.00057724,0.00376032,0.0,2024-W32
adj_close.csv,ARIMA,VNQ,0.00028206,0.0009211,0.00052627,0.00028206,0.0009211,0.00052627,"ARIMA(2, 0, 2)",0.00052627,0.00024421,-0.00039483,0.0,2024-W33
adj_close.csv,ARIMA,VNQ,0.00822245,0.00688955,0.00741582,0.00822245,0.00688955,0.00741582,"ARIMA(2, 0, 2)",0.00741582,-0.00080663,0.00052627,0.0,2024-W34
adj_close.csv,ARIMA,VNQ,0.00035557,0.00667864,0.00073718,0.00035557,0.00667864,0.00073718,"ARIMA(2, 0, 2)",0.00073718,0.00038161,0.00741582,0.0,2024-W35
adj_close.csv,ARIMA,VNQ,0.00104038,0.00121067,0.00047349,0.00104038,0.00121067,0.00047349,"ARIMA(2, 0, 2)",-0.00047349,0.00056689,0.00073718,0.0,2024-W36
adj_close.csv,ARIMA,VNQ,0.00836495,0.00809881,0.00762532,0.00836495,0.00809881,0.00762532,"ARIMA(2, 0, 2)",0.00762532,-0.00073964,-0.00047349,0.0,2024-W37
adj_close.csv,ARIMA,VNQ,0.00183581,0.00935625,0.00173093,0.00183581,0.00935625,0.00173093,"ARIMA(2, 0, 2)",-0.00173093,0.00010488,0.00762532,0.0,2024-W38
adj_close.csv,ARIMA,VNQ,0.00146629,0.0010837,0.00064724,0.00146629,0.0010837,0.00064724,"ARIMA(2, 0, 2)",-0.00064724,0.00081905,-0.00173093,0.0,2024-W39
adj_close.csv,ARIMA,VNQ,0.00229904,0.00258589,0.00323313,0.00229904,0.00258589,0.00323313,"ARIMA(2, 0, 2)",-0.00323313,-0.00093409,-0.00064724,0.0,2024-W40
adj_close.csv,ARIMA,VNQ,0.0013099,0.002538,0.00069513,0.0013099,0.002538,0.00069513,"ARIMA(2, 0, 2)",-0.00069513,0.00061477,-0.00323313,0.0,2024-W41
adj_close.csv,ARIMA,VNQ,0.0060867,0.00637442,0.00567929,0.0060867,0.00637442,0.00567929,"ARIMA(2, 0, 2)",0.00567929,-0.00040741,-0.00069513,0.0,2024-W42
adj_close.csv,ARIMA,VNQ,0.00354098,0.00934304,0.00366375,0.00354098,0.00934304,0.00366375,"ARIMA(2, 0, 2)",-0.00366375,-0.00012276,0.00567929,0.0,2024-W43
adj_close.csv,ARIMA,VNQ,0.00645236,0.00190717,0.00557091,0.00645236,0.00190717,0.00557091,"ARIMA(2, 0, 2)",-0.00557091,0.00088145,-0.00366375,0.0,2024-W44
adj_close.csv,ARIMA,VNQ,0.00680757,0.01143408,0.00586317,0.00680757,0.01143408,0.00586317,"ARIMA(2, 0, 2)",0.00586317,-0.00094441,-0.00557091,0.0,2024-W45
adj_close.csv,ARIMA,VNQ,0.00425498,0.01024969,0.00438653,0.00425498,0.01024969,0.00438653,"ARIMA(2, 0, 2)",-0.00438653,-0.00013155,0.00586317,0.0,2024-W46
adj_close.csv,ARIMA,VNQ,0.00407504,0.00952257,0.00513604,0.00407504,0.00952257,0.00513604,"ARIMA(2, 0, 2)",0.00513604,0.00106101,-0.00438653,0.0,2024-W47
adj_close.csv,ARIMA,VNQ,0.00636394,0.00019761,0.00493844,0.00636394,0.00019761,0.00493844,"ARIMA(2, 0, 2)",0.00493844,-0.00142551,0.00513604,0.0,2024-W48
adj_close.csv,ARIMA,VNQ,0.00620563,0.01020271,0.00526427,0.00620563,0.01020271,0.00526427,"ARIMA(2, 0, 2)",-0.00526427,0.00094135,0.00493844,0.0,2024-W49
adj_close.csv,ARIMA,VNQ,0.00399412,0.00154833,0.00371594,0.00399412,0.00154833,0.00371594,"ARIMA(2, 0, 2)",-0.00371594,0.00027817,-0.00526427,0.0,2024-W50
adj_close.csv,ARIMA,VNQ,0.00914744,0.00615613,0.00987208,0.00914744,0.00615613,0.00987208,"ARIMA(2, 0, 2)",-0.00987208,-0.00072464,-0.00371594,0.0,2024-W51
adj_close.csv,ARIMA,VNQ,0.00015122,0.01065076,0.00077869,0.00015122,0.01065076,0.00077869,"ARIMA(2, 0, 2)",0.00077869,0.0009299,-0.00987208,0.0,2024-W52
adj_close.csv,ARIMA,VNQ,0.00311551,0.0011854,0.00196408,0.00311551,0.0011854,0.00196408,"ARIMA(2, 0, 2)",0.00196408,-0.00115143,0.00077869,0.0,2025-W01
adj_close.csv,ARIMA,VNQ,0.01192547,0.01310877,0.01114469,0.01192547,0.01310877,0.01114469,"ARIMA(2, 0, 2)",-0.01114469,0.00078078,0.00196408,0.0,2025-W02
adj_close.csv,ARIMA,VNQ,0.00882883,0.02050716,0.00936246,0.00882883,0.02050716,0.00936246,"ARIMA(2, 0, 2)",0.00936246,0.00053363,-0.01114469,0.0,2025-W03
adj_close.csv,ARIMA,VNQ,0.00470731,0.00642387,0.00293859,0.00470731,0.00642387,0.00293859,"ARIMA(2, 0, 2)",0.00293859,-0.00176872,0.00936246,0.0,2025-W04
adj_close.csv,ARIMA,VNQ,0.00195753,0.00329168,0.00035309,0.00195753,0.00329168,0.00035309,"ARIMA(2, 0, 2)",-0.00035309,0.00160444,0.00293859,0.0,2025-W05
adj_close.csv,ARIMA,VNQ,0.00269313,0.00272438,0.0023713,0.00269313,0.00272438,0.0023713,"ARIMA(2, 0, 2)",0.0023713,-0.00032183,-0.00035309,0.0,2025-W06
adj_close.csv,ARIMA,VNQ,0.00053568,0.0023713,0.0,0.00053568,0.0023713,0.0,"ARIMA(2, 0, 2)",0.0,-0.00053568,0.0023713,0.0,2025-W07
adj_close.csv,ARIMA,VNQ,0.00061985,2.728e-05,2.728e-05,0.00061985,2.728e-05,2.728e-05,"ARIMA(2, 0, 2)",2.728e-05,0.00064713,0.0,0.0,2025-W08
adj_close.csv,ARIMA,VNQ,0.00517483,0.00484525,0.00487253,0.00517483,0.00484525,0.00487253,"ARIMA(2, 0, 2)",0.00487253,-0.0003023,2.728e-05,0.0,2025-W09
adj_close.csv,ARIMA,VNQ,0.00294187,0.00804992,0.00317739,0.00294187,0.00804992,0.00317739,"ARIMA(2, 0, 2)",-0.00317739,-0.00023553,0.00487253,0.0,2025-W10
adj_close.csv,ARIMA,VNQ,0.00558321,0.00175194,0.00492933,0.00558321,0.00175194,0.00492933,"ARIMA(2, 0, 2)",-0.00492933,0.00065388,-0.00317739,0.0,2025-W11
adj_close.csv,ARIMA,VNQ,0.00060029,0.00515099,0.00022166,0.00060029,0.00515099,0.00022166,"ARIMA(2, 0, 2)",0.00022166,-0.00037863,-0.00492933,0.0,2025-W12
adj_close.csv,ARIMA,VNQ,0.00101168,0.00057777,0.00079943,0.00101168,0.00057777,0.00079943,"ARIMA(2, 0, 2)",0.00079943,-0.00021225,0.00022166,0.0,2025-W13
adj_close.csv,ARIMA,VNQ,0.01298896,0.01347688,0.01267744,0.01298896,0.01347688,0.01267744,"ARIMA(2, 0, 2)",-0.01267744,0.00031152,0.00079943,0.0,2025-W14
adj_close.csv,ARIMA,VNQ,0.00189435,0.0113189,0.00135855,0.00189435,0.0113189,0.00135855,"ARIMA(2, 0, 2)",-0.00135855,0.0005358,-0.01267744,0.0,2025-W15
adj_close.csv,ARIMA,VNQ,0.01041065,0.0107748,0.00941625,0.01041065,0.0107748,0.00941625,"ARIMA(2, 0, 2)",0.00941625,-0.0009944,-0.00135855,0.0,2025-W16
adj_close.csv,ARIMA,VNQ,0.00028765,0.00902509,0.00039116,0.00028765,0.00902509,0.00039116,"ARIMA(2, 0, 2)",0.00039116,0.00010351,0.00941625,0.0,2025-W17
adj_close.csv,ARIMA,VNQ,0.00573255,0.00572068,0.00611183,0.00573255,0.00572068,0.00611183,"ARIMA(2, 0, 2)",0.00611183,0.00037929,0.00039116,0.0,2025-W18
adj_close.csv,ARIMA,VNQ,0.00040127,0.00734176,0.00122992,0.00040127,0.00734176,0.00122992,"ARIMA(2, 0, 2)",-0.00122992,-0.00082865,0.00611183,0.0,2025-W19
adj_close.csv,ARIMA,VNQ,0.00195142,0.00377091,0.00254099,0.00195142,0.00377091,0.00254099,"ARIMA(2, 0, 2)",0.00254099,0.00058956,-0.00122992,0.0,2025-W20
adj_close.csv,ARIMA,VNQ,0.00687932,0.00978009,0.00723911,0.00687932,0.00978009,0.00723911,"ARIMA(2, 0, 2)",-0.00723911,-0.00035979,0.00254099,0.0,2025-W21
adj_close.csv,ARIMA,VNQ,0.00589187,0.01355996,0.00632086,0.00589187,0.01355996,0.00632086,"ARIMA(2, 0, 2)",0.00632086,0.00042899,-0.00723911,0.0,2025-W22
adj_close.csv,ARIMA,VNQ,0.00193101,0.00509312,0.00122774,0.00193101,0.00509312,0.00122774,"ARIMA(2, 0, 2)",0.00122774,-0.00070327,0.00632086,0.0,2025-W23
adj_close.csv,ARIMA,VNQ,0.00051125,0.00131677,8.903e-05,0.00051125,0.00131677,8.903e-05,"ARIMA(2, 0, 2)",-8.903e-05,0.00042222,0.00122774,0.0,2025-W24
adj_close.csv,ARIMA,VNQ,0.00018982,8.903e-05,0.0,0.00018982,8.903e-05,0.0,"ARIMA(2, 0, 2)",0.0,-0.00018982,-8.903e-05,0.0,2025-W25
adj_close.csv,ARIMA,VNQ,0.00086785,0.00105061,0.00105061,0.00086785,0.00105061,0.00105061,"ARIMA(2, 0, 2)",-0.00105061,-0.00018276,0.0,0.0,2025-W26
adj_close.csv,ARIMA,VNQ,0.00417366,0.00533617,0.00428556,0.00417366,0.00533617,0.00428556,"ARIMA(2, 0, 2)",0.00428556,0.0001119,-0.00105061,0.0,2025-W27
adj_close.csv,ARIMA,VNQ,9.939e-05,0.00486401,0.00057845,9.939e-05,0.00486401,0.00057845,"ARIMA(2, 0, 2)",-0.00057845,-0.00047906,0.00428556,0.0,2025-W28
adj_close.csv,ARIMA,VNQ,1.84e-05,0.00097911,0.00040066,1.84e-05,0.00097911,0.00040066,"ARIMA(2, 0, 2)",0.00040066,0.00041906,-0.00057845,0.0,2025-W29
adj_close.csv,ARIMA,VNQ,0.00414587,0.00354068,0.00394134,0.00414587,0.00354068,0.00394134,"ARIMA(2, 0, 2)",0.00394134,-0.00020453,0.00040066,0.0,2025-W30
adj_close.csv,ARIMA,VNQ,0.00629117,0.01016383,0.00622249,0.00629117,0.01016383,0.00622249,"ARIMA(2, 0, 2)",-0.00622249,6.867e-05,0.00394134,0.0,2025-W31
adj_close.csv,ARIMA,VNQ,0.00016933,0.00653713,0.00031464,0.00016933,0.00653713,0.00031464,"ARIMA(2, 0, 2)",0.00031464,0.00048397,-0.00622249,0.0,2025-W32
adj_close.csv,ARIMA,VNQ,0.0021072,0.00105055,0.00136519,0.0021072,0.00105055,0.00136519,"ARIMA(2, 0, 2)",0.00136519,-0.00074201,0.00031464,0.0,2025-W33
adj_close.csv,ARIMA,VNQ,0.00520435,0.00415622,0.00552141,0.00520435,0.00415622,0.00552141,"ARIMA(2, 0, 2)",0.00552141,0.00031705,0.00136519,0.0,2025-W34
adj_close.csv,ARIMA,VNQ,0.00037787,0.00539128,0.00013013,0.00037787,0.00539128,0.00013013,"ARIMA(2, 0, 2)",0.00013013,-0.00024774,0.00552141,0.0,2025-W35
adj_close.csv,ARIMA,VNQ,0.00065195,0.00049248,0.00062261,0.00065195,0.00049248,0.00062261,"ARIMA(2, 0, 2)",0.00062261,-2.934e-05,0.00013013,0.0,2025-W36
adj_close.csv,ARIMA,VNQ,0.00055363,0.0001114,0.00073401,0.00055363,0.0001114,0.00073401,"ARIMA(2, 0, 2)",0.00073401,0.00018038,0.00062261,0.0,2025-W37
adj_close.csv,ARIMA,VNQ,0.00228655,0.00324949,0.00251548,0.00228655,0.00324949,0.00251548,"ARIMA(2, 0, 2)",-0.00251548,-0.00022893,0.00073401,0.0,2025-W38
adj_close.csv,ARIMA,VNQ,0.00017109,0.00303709,0.00052161,0.00017109,0.00303709,0.00052161,"ARIMA(2, 0, 2)",0.00052161,0.00035052,-0.00251548,0.0,2025-W39
adj_close.csv,ARIMA,VNQ,0.00114603,0.0003554,0.00087701,0.00114603,0.0003554,0.00087701,"ARIMA(2, 0, 2)",0.00087701,-0.00026902,0.00052161,0.0,2025-W40
adj_close.csv,ARIMA,VNQ,0.00738494,0.00820726,0.00733026,0.00738494,0.00820726,0.00733026,"ARIMA(2, 0, 2)",-0.00733026,5.469e-05,0.00087701,0.0,2025-W41
adj_close.csv,ARIMA,VNQ,0.00629134,0.01411285,0.00678259,0.00629134,0.01411285,0.00678259,"ARIMA(2, 0, 2)",0.00678259,0.00049125,-0.00733026,0.0,2025-W42
adj_close.csv,ARIMA,VNQ,0.00381769,0.00403746,0.00274513,0.00381769,0.00403746,0.00274513,"ARIMA(2, 0, 2)",0.00274513,-0.00107255,0.00678259,0.0,2025-W43
adj_close.csv,ARIMA,VNQ,0.00794412,0.00990409,0.00715895,0.00794412,0.00990409,0.00715895,"ARIMA(2, 0, 2)",-0.00715895,0.00078517,0.00274513,0.0,2025-W44
adj_close.csv,ARIMA,VNQ,0.00193635,0.0095,0.00234105,0.00193635,0.0095,0.00234105,"ARIMA(2, 0, 2)",0.00234105,0.0004047,-0.00715895,0.0,2025-W45
adj_close.csv,ARIMA,VNQ,0.00055573,0.00376472,0.00142368,0.00055573,0.00376472,0.00142368,"ARIMA(2, 0, 2)",-0.00142368,-0.00086795,0.00234105,0.0,2025-W46
adj_close.csv,ARIMA,VNQ,0.00081592,0.00137904,4.464e-05,0.00081592,0.00137904,4.464e-05,"ARIMA(2, 0, 2)",-4.464e-05,0.00077128,-0.00142368,0.0,2025-W47
adj_close.csv,ARIMA,VNQ,0.00520324,0.00493671,0.00489207,0.00520324,0.00493671,0.00489207,"ARIMA(2, 0, 2)",0.00489207,-0.00031116,-4.464e-05,0.0,2025-W48
adj_close.csv,ARIMA,VNQ,0.00279874,0.00811475,0.00322267,0.00279874,0.00811475,0.00322267,"ARIMA(2, 0, 2)",-0.00322267,-0.00042393,0.00489207,0.0,2025-W49
adj_close.csv,ARIMA,VNQ,0.00172686,0.00226355,0.00095912,0.00172686,0.00226355,0.00095912,"ARIMA(2, 0, 2)",-0.00095912,0.00076773,-0.00322267,0.0,2025-W50
adj_close.csv,ARIMA,VNQ,0.00148779,0.00097305,0.00193217,0.00148779,0.00097305,0.00193217,"ARIMA(2, 0, 2)",-0.00193217,-0.00044438,-0.00095912,0.0,2025-W51
adj_close.csv,ARIMA,VNQ,0.00280222,0.00496366,0.00303149,0.00280222,0.00496366,0.00303149,"ARIMA(2, 0, 2)",0.00303149,0.00022927,-0.00193217,0.0,2025-W52
adj_close.csv,ARIMA,VNQ,0.00078055,0.0039899,0.00095841,0.00078055,0.0039899,0.00095841,"ARIMA(2, 0, 2)",-0.00095841,-0.00017786,0.00303149,0.0,2026-W01
adj_close.csv,ARIMA,VNQ,0.00210268,0.00309339,0.00213498,0.00210268,0.00309339,0.00213498,"ARIMA(2, 0, 2)",0.00213498,3.23e-05,-0.00095841,0.0,2026-W02
adj_close.csv,ARIMA,VNQ,0.00698193,0.00478537,0.00692035,0.00698193,0.00478537,0.00692035,"ARIMA(2, 0, 2)",0.00692035,-6.158e-05,0.00213498,0.0,2026-W03
adj_close.csv,ARIMA,VNQ,0.00528061,0.01259869,0.00567834,0.00528061,0.01259869,0.00567834,"ARIMA(2, 0, 2)",-0.00567834,-0.00039773,0.00692035,0.0,2026-W04
adj_close.csv,ARIMA,VNQ,0.00023392,0.00625186,0.00057351,0.00023392,0.00625186,0.00057351,"ARIMA(2, 0, 2)",0.00057351,0.00080744,-0.00567834,0.0,2026-W05
adj_close.csv,ARIMA,VNQ,0.00986846,0.01097992,0.01040641,0.00986846,0.01097992,0.01040641,"ARIMA(2, 0, 2)",-0.01040641,-0.00053795,0.00057351,0.0,2026-W06
adj_close.csv,ARIMA,VOO,0.00199132,0.00224535,0.00167981,0.00199132,0.00224535,0.00167981,"ARIMA(1, 0, 0)",-0.00167981,0.00031151,-0.00392517,0.0,2024-W30
adj_close.csv,ARIMA,VOO,0.00433934,0.00252942,0.00420923,0.00433934,0.00252942,0.00420923,"ARIMA(1, 0, 0)",-0.00420923,0.00013011,-0.00167981,0.0,2024-W31
adj_close.csv,ARIMA,VOO,0.00035527,0.00417249,3.675e-05,0.00035527,0.00417249,3.675e-05,"ARIMA(1, 0, 0)",-3.675e-05,0.00031852,-0.00420923,0.0,2024-W32
adj_close.csv,ARIMA,VOO,0.00785599,0.0078955,0.00785876,0.00785599,0.0078955,0.00785876,"ARIMA(1, 0, 0)",0.00785876,2.77e-06,-3.675e-05,0.0,2024-W33
adj_close.csv,ARIMA,VOO,0.00340301,0.00504814,0.00281062,0.00340301,0.00504814,0.00281062,"ARIMA(1, 0, 0)",0.00281062,-0.00059239,0.00785876,0.0,2024-W34
adj_close.csv,ARIMA,VOO,0.00072738,0.0022771,0.00053352,0.00072738,0.0022771,0.00053352,"ARIMA(1, 0, 0)",0.00053352,-0.00019387,0.00281062,0.0,2024-W35
adj_close.csv,ARIMA,VOO,0.01051023,0.01108028,0.01054677,0.01051023,0.01108028,0.01054677,"ARIMA(1, 0, 0)",-0.01054677,-3.654e-05,0.00053352,0.0,2024-W36
adj_close.csv,ARIMA,VOO,0.00713262,0.01841584,0.00786908,0.00713262,0.01841584,0.00786908,"ARIMA(1, 0, 0)",0.00786908,0.00073645,-0.01054677,0.0,2024-W37
adj_close.csv,ARIMA,VOO,0.00349765,0.00505871,0.00281037,0.00349765,0.00505871,0.00281037,"ARIMA(1, 0, 0)",0.00281037,-0.00068728,0.00786908,0.0,2024-W38
adj_close.csv,ARIMA,VOO,0.00142171,0.00161636,0.00119401,0.00142171,0.00161636,0.00119401,"ARIMA(1, 0, 0)",0.00119401,-0.0002277,0.00281037,0.0,2024-W39
adj_close.csv,ARIMA,VOO,0.00057852,0.00071114,0.00048287,0.00057852,0.00071114,0.00048287,"ARIMA(1, 0, 0)",0.00048287,-9.565e-05,0.00119401,0.0,2024-W40
adj_close.csv,ARIMA,VOO,0.00232677,0.00180529,0.00228816,0.00232677,0.00180529,0.00228816,"ARIMA(1, 0, 0)",0.00228816,-3.861e-05,0.00048287,0.0,2024-W41
adj_close.csv,ARIMA,VOO,0.00192057,0.00054994,0.00173822,0.00192057,0.00054994,0.00173822,"ARIMA(1, 0, 0)",0.00173822,-0.00018235,0.00228816,0.0,2024-W42
adj_close.csv,ARIMA,VOO,0.00177042,0.00364541,0.00190719,0.00177042,0.00364541,0.00190719,"ARIMA(1, 0, 0)",-0.00190719,-0.00013678,0.00173822,0.0,2024-W43
adj_close.csv,ARIMA,VOO,0.00292107,0.00086246,0.00276966,0.00292107,0.00086246,0.00276966,"ARIMA(1, 0, 0)",-0.00276966,0.00015141,-0.00190719,0.0,2024-W44
adj_close.csv,ARIMA,VOO,0.00909233,0.01207835,0.0093087,0.00909233,0.01207835,0.0093087,"ARIMA(1, 0, 0)",0.0093087,0.00021636,-0.00276966,0.0,2024-W45
adj_close.csv,ARIMA,VOO,0.00342738,0.01351669,0.004208,0.00342738,0.01351669,0.004208,"ARIMA(1, 0, 0)",-0.004208,-0.00078062,0.0093087,0.0,2024-W46
adj_close.csv,ARIMA,VOO,0.00292116,0.00751204,0.00330405,0.00292116,0.00751204,0.00330405,"ARIMA(1, 0, 0)",0.00330405,0.00038289,-0.004208,0.0,2024-W47
adj_close.csv,ARIMA,VOO,0.00302562,0.00058811,0.00271594,0.00302562,0.00058811,0.00271594,"ARIMA(1, 0, 0)",0.00271594,-0.00030968,0.00330405,0.0,2024-W48
adj_close.csv,ARIMA,VOO,0.00217971,0.00078475,0.00193119,0.00217971,0.00078475,0.00193119,"ARIMA(1, 0, 0)",0.00193119,-0.00024853,0.00271594,0.0,2024-W49
adj_close.csv,ARIMA,VOO,0.00097796,0.00308333,0.00115214,0.00097796,0.00308333,0.00115214,"ARIMA(1, 0, 0)",-0.00115214,-0.00017418,0.00193119,0.0,2024-W50
adj_close.csv,ARIMA,VOO,0.00394589,0.00268935,0.00384149,0.00394589,0.00268935,0.00384149,"ARIMA(1, 0, 0)",-0.00384149,0.0001044,-0.00115214,0.0,2024-W51
adj_close.csv,ARIMA,VOO,0.0013887,0.00557441,0.00173292,0.0013887,0.00557441,0.00173292,"ARIMA(1, 0, 0)",0.00173292,0.00034422,-0.00384149,0.0,2024-W52
adj_close.csv,ARIMA,VOO,0.00107041,0.00296065,0.00122773,0.00107041,0.00296065,0.00122773,"ARIMA(1, 0, 0)",-0.00122773,-0.00015732,0.00173292,0.0,2025-W01
adj_close.csv,ARIMA,VOO,0.00498556,0.00364586,0.0048736,0.00498556,0.00364586,0.0048736,"ARIMA(1, 0, 0)",-0.0048736,0.00011196,-0.00122773,0.0,2025-W02
adj_close.csv,ARIMA,VOO,0.00531137,0.01062282,0.00574923,0.00531137,0.01062282,0.00574923,"ARIMA(1, 0, 0)",0.00574923,0.00043786,-0.0048736,0.0,2025-W03
adj_close.csv,ARIMA,VOO,0.00485706,0.00144135,0.00430787,0.00485706,0.00144135,0.00430787,"ARIMA(1, 0, 0)",0.00430787,-0.00054918,0.00574923,0.0,2025-W04
adj_close.csv,ARIMA,VOO,0.00165728,0.00635045,0.00204257,0.00165728,0.00635045,0.00204257,"ARIMA(1, 0, 0)",-0.00204257,-0.0003853,0.00430787,0.0,2025-W05
adj_close.csv,ARIMA,VOO,0.00059471,0.00163372,0.00040885,0.00059471,0.00163372,0.00040885,"ARIMA(1, 0, 0)",-0.00040885,0.00018585,-0.00204257,0.0,2025-W06
adj_close.csv,ARIMA,VOO,0.00301446,0.00346041,0.00305155,0.00301446,0.00346041,0.00305155,"ARIMA(1, 0, 0)",0.00305155,3.709e-05,-0.00040885,0.0,2025-W07
adj_close.csv,ARIMA,VOO,0.00374058,0.0070698,0.00401825,0.00374058,0.0070698,0.00401825,"ARIMA(1, 0, 0)",-0.00401825,-0.00027767,0.00305155,0.0,2025-W08
adj_close.csv,ARIMA,VOO,0.00234994,0.00204386,0.00197439,0.00234994,0.00204386,0.00197439,"ARIMA(1, 0, 0)",-0.00197439,0.00037555,-0.00401825,0.0,2025-W09
adj_close.csv,ARIMA,VOO,0.00643473,0.00427983,0.00625422,0.00643473,0.00427983,0.00625422,"ARIMA(1, 0, 0)",-0.00625422,0.00018051,-0.00197439,0.0,2025-W10
adj_close.csv,ARIMA,VOO,0.00515865,0.00165026,0.00460396,0.00515865,0.00165026,0.00460396,"ARIMA(1, 0, 0)",-0.00460396,0.00055469,-0.00625422,0.0,2025-W11
adj_close.csv,ARIMA,VOO,0.0007027,0.00568326,0.0010793,0.0007027,0.00568326,0.0010793,"ARIMA(1, 0, 0)",0.0010793,0.0003766,-0.00460396,0.0,2025-W12
adj_close.csv,ARIMA,VOO,0.0028889,0.00405723,0.00297793,0.0028889,0.00405723,0.00297793,"ARIMA(1, 0, 0)",-0.00297793,-8.903e-05,0.0010793,0.0,2025-W13
adj_close.csv,ARIMA,VOO,0.01881223,0.01558669,0.01856462,0.01881223,0.01558669,0.01856462,"ARIMA(1, 0, 0)",-0.01856462,0.00024761,-0.00297793,0.0,2025-W14
adj_close.csv,ARIMA,VOO,0.00915144,0.02903903,0.01047442,0.00915144,0.02903903,0.01047442,"ARIMA(1, 0, 0)",0.01047442,0.00132298,-0.01856462,0.0,2025-W15
adj_close.csv,ARIMA,VOO,0.00231394,0.01388664,0.00341222,0.00231394,0.01388664,0.00341222,"ARIMA(1, 0, 0)",-0.00341222,-0.00109828,0.01047442,0.0,2025-W16
adj_close.csv,ARIMA,VOO,0.00860137,0.01238738,0.00897516,0.00860137,0.01238738,0.00897516,"ARIMA(1, 0, 0)",0.00897516,0.00037379,-0.00341222,0.0,2025-W17
adj_close.csv,ARIMA,VOO,0.0067219,0.00328729,0.00568787,0.0067219,0.00328729,0.00568787,"ARIMA(1, 0, 0)",0.00568787,-0.00103403,0.00897516,0.0,2025-W18
adj_close.csv,ARIMA,VOO,0.00020275,0.00648068,0.00079281,0.00020275,0.00648068,0.00079281,"ARIMA(1, 0, 0)",-0.00079281,-0.00059006,0.00568787,0.0,2025-W19
adj_close.csv,ARIMA,VOO,0.01029072,0.01116594,0.01037313,0.01029072,0.01116594,0.01037313,"ARIMA(1, 0, 0)",0.01037313,8.242e-05,-0.00079281,0.0,2025-W20
adj_close.csv,ARIMA,VOO,0.00404559,0.01551309,0.00513995,0.00404559,0.01551309,0.00513995,"ARIMA(1, 0, 0)",-0.00513995,-0.00109437,0.01037313,0.0,2025-W21
adj_close.csv,ARIMA,VOO,0.00377477,0.00949693,0.00435697,0.00377477,0.00949693,0.00435697,"ARIMA(1, 0, 0)",0.00435697,0.00058221,-0.00513995,0.0,2025-W22
adj_close.csv,ARIMA,VOO,0.00376798,0.00109808,0.00325889,0.00376798,0.00109808,0.00325889,"ARIMA(1, 0, 0)",0.00325889,-0.0005091,0.00435697,0.0,2025-W23
adj_close.csv,ARIMA,VOO,0.00031665,0.00394651,0.00068762,0.00031665,0.00394651,0.00068762,"ARIMA(1, 0, 0)",-0.00068762,-0.00037096,0.00325889,0.0,2025-W24
adj_close.csv,ARIMA,VOO,0.00055726,0.00020876,0.00047885,0.00055726,0.00020876,0.00047885,"ARIMA(1, 0, 0)",-0.00047885,7.84e-05,-0.00068762,0.0,2025-W25
adj_close.csv,ARIMA,VOO,0.00684688,0.0073803,0.00690145,0.00684688,0.0073803,0.00690145,"ARIMA(1, 0, 0)",0.00690145,5.457e-05,-0.00047885,0.0,2025-W26
adj_close.csv,ARIMA,VOO,0.00518153,0.00251048,0.00439096,0.00518153,0.00251048,0.00439096,"ARIMA(1, 0, 0)",0.00439096,-0.00079057,0.00690145,0.0,2025-W27
adj_close.csv,ARIMA,VOO,0.00022213,0.00508755,0.00069659,0.00022213,0.00508755,0.00069659,"ARIMA(1, 0, 0)",-0.00069659,-0.00047447,0.00439096,0.0,2025-W28
adj_close.csv,ARIMA,VOO,0.0012114,0.00198339,0.0012868,0.0012114,0.00198339,0.0012868,"ARIMA(1, 0, 0)",0.0012868,7.539e-05,-0.00069659,0.0,2025-W29
adj_close.csv,ARIMA,VOO,0.00311932,0.00169305,0.00297985,0.00311932,0.00169305,0.00297985,"ARIMA(1, 0, 0)",0.00297985,-0.00013947,0.0012868,0.0,2025-W30
adj_close.csv,ARIMA,VOO,0.00456435,0.00786501,0.00488516,0.00456435,0.00786501,0.00488516,"ARIMA(1, 0, 0)",-0.00488516,-0.0003208,0.00297985,0.0,2025-W31
adj_close.csv,ARIMA,VOO,0.00440188,0.00982496,0.00493981,0.00440188,0.00982496,0.00493981,"ARIMA(1, 0, 0)",0.00493981,0.00053793,-0.00488516,0.0,2025-W32
adj_close.csv,ARIMA,VOO,0.00254385,0.00295901,0.00198079,0.00254385,0.00295901,0.00198079,"ARIMA(1, 0, 0)",0.00198079,-0.00056306,0.00493981,0.0,2025-W33
adj_close.csv,ARIMA,VOO,0.00077502,0.00142709,0.0005537,0.00077502,0.00142709,0.0005537,"ARIMA(1, 0, 0)",0.0005537,-0.00022132,0.00198079,0.0,2025-W34
adj_close.csv,ARIMA,VOO,1.788e-05,0.00059754,4.384e-05,1.788e-05,0.00059754,4.384e-05,"ARIMA(1, 0, 0)",-4.384e-05,-6.171e-05,0.0005537,0.0,2025-W35
adj_close.csv,ARIMA,VOO,0.00078635,0.00083507,0.00079124,0.00078635,0.00083507,0.00079124,"ARIMA(1, 0, 0)",0.00079124,4.89e-06,-4.384e-05,0.0,2025-W36
adj_close.csv,ARIMA,VOO,0.00324983,0.0023704,0.00316164,0.00324983,0.0023704,0.00316164,"ARIMA(1, 0, 0)",0.00316164,-8.819e-05,0.00079124,0.0,2025-W37
adj_close.csv,ARIMA,VOO,0.00276501,0.00074758,0.00241406,0.00276501,0.00074758,0.00241406,"ARIMA(1, 0, 0)",0.00241406,-0.00035095,0.00316164,0.0,2025-W38
adj_close.csv,ARIMA,VOO,0.00026611,0.00294437,0.00053031,0.00026611,0.00294437,0.00053031,"ARIMA(1, 0, 0)",-0.00053031,-0.0002642,0.00241406,0.0,2025-W39
adj_close.csv,ARIMA,VOO,0.00219081,0.00277922,0.00224891,0.00219081,0.00277922,0.00224891,"ARIMA(1, 0, 0)",0.00224891,5.81e-05,-0.00053031,0.0,2025-W40
adj_close.csv,ARIMA,VOO,0.00461928,0.00711503,0.00486612,0.00461928,0.00711503,0.00486612,"ARIMA(1, 0, 0)",-0.00486612,-0.00024685,0.00224891,0.0,2025-W41
adj_close.csv,ARIMA,VOO,0.00284183,0.00825108,0.00338496,0.00284183,0.00825108,0.00338496,"ARIMA(1, 0, 0)",0.00338496,0.00054313,-0.00486612,0.0,2025-W42
adj_close.csv,ARIMA,VOO,0.00421009,0.00043901,0.00382397,0.00421009,0.00043901,0.00382397,"ARIMA(1, 0, 0)",0.00382397,-0.00038612,0.00338496,0.0,2025-W43
adj_close.csv,ARIMA,VOO,0.00186381,0.0023867,0.00143727,0.00186381,0.0023867,0.00143727,"ARIMA(1, 0, 0)",0.00143727,-0.00042654,0.00382397,0.0,2025-W44
adj_close.csv,ARIMA,VOO,0.00310541,0.00470118,0.00326392,0.00310541,0.00470118,0.00326392,"ARIMA(1, 0, 0)",-0.00326392,-0.00015851,0.00143727,0.0,2025-W45
adj_close.csv,ARIMA,VOO,5.8e-05,0.00356845,0.00030453,5.8e-05,0.00356845,0.00030453,"ARIMA(1, 0, 0)",0.00030453,0.00036254,-0.00326392,0.0,2025-W46
adj_close.csv,ARIMA,VOO,0.00385597,0.00419432,0.00388979,0.00385597,0.00419432,0.00388979,"ARIMA(1, 0, 0)",-0.00388979,-3.382e-05,0.00030453,0.0,2025-W47
adj_close.csv,ARIMA,VOO,0.00867436,0.01299688,0.00910709,0.00867436,0.01299688,0.00910709,"ARIMA(1, 0, 0)",0.00910709,0.00043273,-0.00388979,0.0,2025-W48
adj_close.csv,ARIMA,VOO,0.00172489,0.00844937,0.00065772,0.00172489,0.00844937,0.00065772,"ARIMA(1, 0, 0)",0.00065772,-0.00106717,0.00910709,0.0,2025-W49
adj_close.csv,ARIMA,VOO,0.00107316,0.00180616,0.00114844,0.00107316,0.00180616,0.00114844,"ARIMA(1, 0, 0)",-0.00114844,-7.528e-05,0.00065772,0.0,2025-W50
adj_close.csv,ARIMA,VOO,8.843e-05,0.00136846,0.00022002,8.843e-05,0.00136846,0.00022002,"ARIMA(1, 0, 0)",0.00022002,0.00013159,-0.00114844,0.0,2025-W51
adj_close.csv,ARIMA,VOO,0.00361516,0.00336993,0.00358995,0.00361516,0.00336993,0.00358995,"ARIMA(1, 0, 0)",0.00358995,-2.521e-05,0.00022002,0.0,2025-W52
adj_close.csv,ARIMA,VOO,0.00217792,0.00617877,0.00258883,0.00217792,0.00617877,0.00258883,"ARIMA(1, 0, 0)",-0.00258883,-0.00041091,0.00358995,0.0,2026-W01
adj_close.csv,ARIMA,VOO,0.00286145,0.00575009,0.00316126,0.00286145,0.00575009,0.00316126,"ARIMA(1, 0, 0)",0.00316126,0.00029982,-0.00258883,0.0,2026-W02
adj_close.csv,ARIMA,VOO,0.00032663,0.00385805,0.00069679,0.00032663,0.00385805,0.00069679,"ARIMA(1, 0, 0)",-0.00069679,-0.00037016,0.00316126,0.0,2026-W03
adj_close.csv,ARIMA,VOO,0.00097154,0.00019303,0.00088982,0.00097154,0.00019303,0.00088982,"ARIMA(1, 0, 0)",-0.00088982,8.171e-05,-0.00069679,0.0,2026-W04
adj_close.csv,ARIMA,VOO,0.00064847,0.00164254,0.00075271,0.00064847,0.00164254,0.00075271,"ARIMA(1, 0, 0)",0.00075271,0.00010424,-0.00088982,0.0,2026-W05
adj_close.csv,ARIMA,VOO,0.00551193,0.00467096,0.00542367,0.00551193,0.00467096,0.00542367,"ARIMA(1, 0, 0)",0.00542367,-8.826e-05,0.00075271,0.0,2026-W06
adj_close.csv,ARIMA,VTI,0.00129293,0.00233767,0.00101342,0.00129293,0.00233767,0.00101342,"ARIMA(1, 0, 0)",-0.00101342,0.00027951,-0.00335109,0.0,2024-W30
adj_close.csv,ARIMA,VTI,0.00518337,0.00408643,0.00509985,0.00518337,0.00408643,0.00509985,"ARIMA(1, 0, 0)",-0.00509985,8.352e-05,-0.00101342,0.0,2024-W31
adj_close.csv,ARIMA,VTI,0.00039889,0.00511508,1.523e-05,0.00039889,0.00511508,1.523e-05,"ARIMA(1, 0, 0)",1.523e-05,0.00041412,-0.00509985,0.0,2024-W32
adj_close.csv,ARIMA,VTI,0.00765009,0.00763363,0.00764886,0.00765009,0.00763363,0.00764886,"ARIMA(1, 0, 0)",0.00764886,-1.23e-06,1.523e-05,0.0,2024-W33
adj_close.csv,ARIMA,VTI,0.00382754,0.00443867,0.0032102,0.00382754,0.00443867,0.0032102,"ARIMA(1, 0, 0)",0.0032102,-0.00061735,0.00764886,0.0,2024-W34
adj_close.csv,ARIMA,VTI,0.00080624,0.00264184,0.00056835,0.00080624,0.00264184,0.00056835,"ARIMA(1, 0, 0)",0.00056835,-0.00023789,0.0032102,0.0,2024-W35
adj_close.csv,ARIMA,VTI,0.01091767,0.01152781,0.01095946,0.01091767,0.01152781,0.01095946,"ARIMA(1, 0, 0)",-0.01095946,-4.179e-05,0.00056835,0.0,2024-W36
adj_close.csv,ARIMA,VTI,0.00711136,0.01889189,0.00793243,0.00711136,0.01889189,0.00793243,"ARIMA(1, 0, 0)",0.00793243,0.00082107,-0.01095946,0.0,2024-W37
adj_close.csv,ARIMA,VTI,0.00376561,0.00489661,0.00303582,0.00376561,0.00489661,0.00303582,"ARIMA(1, 0, 0)",0.00303582,-0.0007298,0.00793243,0.0,2024-W38
adj_close.csv,ARIMA,VTI,0.00129453,0.00200098,0.00103484,0.00129453,0.00200098,0.00103484,"ARIMA(1, 0, 0)",0.00103484,-0.00025969,0.00303582,0.0,2024-W39
adj_close.csv,ARIMA,VTI,0.00058341,0.00053907,0.00049577,0.00058341,0.00053907,0.00049577,"ARIMA(1, 0, 0)",0.00049577,-8.765e-05,0.00103484,0.0,2024-W40
adj_close.csv,ARIMA,VTI,0.00240453,0.00186684,0.00236261,0.00240453,0.00186684,0.00236261,"ARIMA(1, 0, 0)",0.00236261,-4.192e-05,0.00049577,0.0,2024-W41
adj_close.csv,ARIMA,VTI,0.00213319,0.00042861,0.001934,0.00213319,0.00042861,0.001934,"ARIMA(1, 0, 0)",0.001934,-0.00019919,0.00236261,0.0,2024-W42
adj_close.csv,ARIMA,VTI,0.00217186,0.00426681,0.00233282,0.00217186,0.00426681,0.00233282,"ARIMA(1, 0, 0)",-0.00233282,-0.00016095,0.001934,0.0,2024-W43
adj_close.csv,ARIMA,VTI,0.0025282,8.7e-07,0.00233195,0.0025282,8.7e-07,0.00233195,"ARIMA(1, 0, 0)",-0.00233195,0.00019625,-0.00233282,0.0,2024-W44
adj_close.csv,ARIMA,VTI,0.00981334,0.01233851,0.01000656,0.00981334,0.01233851,0.01000656,"ARIMA(1, 0, 0)",0.01000656,0.00019322,-0.00233195,0.0,2024-W45
adj_close.csv,ARIMA,VTI,0.00348284,0.01436772,0.00436115,0.00348284,0.01436772,0.00436115,"ARIMA(1, 0, 0)",-0.00436115,-0.00087831,0.01000656,0.0,2024-W46
adj_close.csv,ARIMA,VTI,0.00381158,0.00858749,0.00422633,0.00381158,0.00858749,0.00422633,"ARIMA(1, 0, 0)",0.00422633,0.00041475,-0.00436115,0.0,2024-W47
adj_close.csv,ARIMA,VTI,0.0032253,0.00141767,0.00280866,0.0032253,0.00141767,0.00280866,"ARIMA(1, 0, 0)",0.00280866,-0.00041664,0.00422633,0.0,2024-W48
adj_close.csv,ARIMA,VTI,0.00198898,0.00108858,0.00172008,0.00198898,0.00108858,0.00172008,"ARIMA(1, 0, 0)",0.00172008,-0.0002689,0.00280866,0.0,2024-W49
adj_close.csv,ARIMA,VTI,0.00151072,0.00339348,0.0016734,0.00151072,0.00339348,0.0016734,"ARIMA(1, 0, 0)",-0.0016734,-0.00016268,0.00172008,0.0,2024-W50
adj_close.csv,ARIMA,VTI,0.00464344,0.00281088,0.00448427,0.00464344,0.00281088,0.00448427,"ARIMA(1, 0, 0)",-0.00448427,0.00015917,-0.0016734,0.0,2024-W51
adj_close.csv,ARIMA,VTI,0.00105665,0.0059602,0.00147593,0.00105665,0.0059602,0.00147593,"ARIMA(1, 0, 0)",0.00147593,0.00041928,-0.00448427,0.0,2024-W52
adj_close.csv,ARIMA,VTI,0.00072068,0.00233605,0.00086013,0.00072068,0.00233605,0.00086013,"ARIMA(1, 0, 0)",-0.00086013,-0.00013945,0.00147593,0.0,2025-W01
adj_close.csv,ARIMA,VTI,0.00504407,0.00410248,0.00496261,0.00504407,0.00410248,0.00496261,"ARIMA(1, 0, 0)",-0.00496261,8.146e-05,-0.00086013,0.0,2025-W02
adj_close.csv,ARIMA,VTI,0.00563612,0.01106424,0.00610162,0.00563612,0.01106424,0.00610162,"ARIMA(1, 0, 0)",0.00610162,0.00046551,-0.00496261,0.0,2025-W03
adj_close.csv,ARIMA,VTI,0.00487538,0.00183375,0.00426787,0.00487538,0.00183375,0.00426787,"ARIMA(1, 0, 0)",0.00426787,-0.00060751,0.00610162,0.0,2025-W04
adj_close.csv,ARIMA,VTI,0.00140134,0.00606819,0.00180032,0.00140134,0.00606819,0.00180032,"ARIMA(1, 0, 0)",-0.00180032,-0.00039897,0.00426787,0.0,2025-W05
adj_close.csv,ARIMA,VTI,0.00057276,0.00139805,0.00040227,0.00057276,0.00139805,0.00040227,"ARIMA(1, 0, 0)",-0.00040227,0.00017049,-0.00180032,0.0,2025-W06
adj_close.csv,ARIMA,VTI,0.00252269,0.00296297,0.0025607,0.00252269,0.00296297,0.0025607,"ARIMA(1, 0, 0)",0.0025607,3.801e-05,-0.00040227,0.0,2025-W07
adj_close.csv,ARIMA,VTI,0.00470948,0.00751268,0.00495198,0.00470948,0.00751268,0.00495198,"ARIMA(1, 0, 0)",-0.00495198,-0.00024249,0.0025607,0.0,2025-W08
adj_close.csv,ARIMA,VTI,0.0024917,0.00294135,0.00201062,0.0024917,0.00294135,0.00201062,"ARIMA(1, 0, 0)",-0.00201062,0.00048108,-0.00495198,0.0,2025-W09
adj_close.csv,ARIMA,VTI,0.00686802,0.00466708,0.0066777,0.00686802,0.00466708,0.0066777,"ARIMA(1, 0, 0)",-0.0066777,0.00019031,-0.00201062,0.0,2025-W10
adj_close.csv,ARIMA,VTI,0.00514666,0.00214448,0.00453323,0.00514666,0.00214448,0.00453323,"ARIMA(1, 0, 0)",-0.00453323,0.00061343,-0.0066777,0.0,2025-W11
adj_close.csv,ARIMA,VTI,0.0009533,0.00587176,0.00133853,0.0009533,0.00587176,0.00133853,"ARIMA(1, 0, 0)",0.00133853,0.00038523,-0.00453323,0.0,2025-W12
adj_close.csv,ARIMA,VTI,0.00310889,0.00456232,0.00322379,0.00310889,0.00456232,0.00322379,"ARIMA(1, 0, 0)",-0.00322379,-0.0001149,0.00133853,0.0,2025-W13
adj_close.csv,ARIMA,VTI,0.01942411,0.01592091,0.0191447,0.01942411,0.01592091,0.0191447,"ARIMA(1, 0, 0)",-0.0191447,0.00027941,-0.00322379,0.0,2025-W14
adj_close.csv,ARIMA,VTI,0.00898516,0.0295506,0.0104059,0.00898516,0.0295506,0.0104059,"ARIMA(1, 0, 0)",0.0104059,0.00142074,-0.0191447,0.0,2025-W15
adj_close.csv,ARIMA,VTI,0.00176809,0.01327819,0.00287229,0.00176809,0.01327819,0.00287229,"ARIMA(1, 0, 0)",-0.00287229,-0.00110421,0.0104059,0.0,2025-W16
adj_close.csv,ARIMA,VTI,0.00867105,0.01185774,0.00898545,0.00867105,0.01185774,0.00898545,"ARIMA(1, 0, 0)",0.00898545,0.0003144,-0.00287229,0.0,2025-W17
adj_close.csv,ARIMA,VTI,0.00696512,0.00304449,0.00594096,0.00696512,0.00304449,0.00594096,"ARIMA(1, 0, 0)",0.00594096,-0.00102416,0.00898545,0.0,2025-W18
adj_close.csv,ARIMA,VTI,1.437e-05,0.00653722,0.00059625,1.437e-05,0.00653722,0.00059625,"ARIMA(1, 0, 0)",-0.00059625,-0.00061063,0.00594096,0.0,2025-W19
adj_close.csv,ARIMA,VTI,0.01018371,0.01084124,0.01024499,0.01018371,0.01084124,0.01024499,"ARIMA(1, 0, 0)",0.01024499,6.128e-05,-0.00059625,0.0,2025-W20
adj_close.csv,ARIMA,VTI,0.00415781,0.0154667,0.00522171,0.00415781,0.0154667,0.00522171,"ARIMA(1, 0, 0)",-0.00522171,-0.00106391,0.01024499,0.0,2025-W21
adj_close.csv,ARIMA,VTI,0.00362829,0.00943108,0.00420937,0.00362829,0.00943108,0.00420937,"ARIMA(1, 0, 0)",0.00420937,0.00058108,-0.00522171,0.0,2025-W22
adj_close.csv,ARIMA,VTI,0.00406528,0.00062637,0.003583,0.00406528,0.00062637,0.003583,"ARIMA(1, 0, 0)",0.003583,-0.00048228,0.00420937,0.0,2025-W23
adj_close.csv,ARIMA,VTI,0.00065329,0.00463618,0.00105318,0.00065329,0.00463618,0.00105318,"ARIMA(1, 0, 0)",-0.00105318,-0.00039989,0.003583,0.0,2025-W24
adj_close.csv,ARIMA,VTI,0.00023727,0.00093388,0.0001193,0.00023727,0.00093388,0.0001193,"ARIMA(1, 0, 0)",-0.0001193,0.00011797,-0.00105318,0.0,2025-W25
adj_close.csv,ARIMA,VTI,0.00660992,0.00674257,0.00662327,0.00660992,0.00674257,0.00662327,"ARIMA(1, 0, 0)",0.00662327,1.336e-05,-0.0001193,0.0,2025-W26
adj_close.csv,ARIMA,VTI,0.00535663,0.00200915,0.00461412,0.00535663,0.00200915,0.00461412,"ARIMA(1, 0, 0)",0.00461412,-0.00074251,0.00662327,0.0,2025-W27
adj_close.csv,ARIMA,VTI,0.00016766,0.00527099,0.00065687,0.00016766,0.00527099,0.00065687,"ARIMA(1, 0, 0)",-0.00065687,-0.0004892,0.00461412,0.0,2025-W28
adj_close.csv,ARIMA,VTI,0.0012742,0.0020008,0.00134393,0.0012742,0.0020008,0.00134393,"ARIMA(1, 0, 0)",0.00134393,6.973e-05,-0.00065687,0.0,2025-W29
adj_close.csv,ARIMA,VTI,0.00309741,0.00161062,0.00295455,0.00309741,0.00161062,0.00295455,"ARIMA(1, 0, 0)",0.00295455,-0.00014286,0.00134393,0.0,2025-W30
adj_close.csv,ARIMA,VTI,0.0048221,0.00808861,0.00513406,0.0048221,0.00808861,0.00513406,"ARIMA(1, 0, 0)",-0.00513406,-0.00031196,0.00295455,0.0,2025-W31
adj_close.csv,ARIMA,VTI,0.00415825,0.00984688,0.00471282,0.00415825,0.00984688,0.00471282,"ARIMA(1, 0, 0)",0.00471282,0.00055457,-0.00513406,0.0,2025-W32
adj_close.csv,ARIMA,VTI,0.00271204,0.00252693,0.00218589,0.00271204,0.00252693,0.00218589,"ARIMA(1, 0, 0)",0.00218589,-0.00052614,0.00471282,0.0,2025-W33
adj_close.csv,ARIMA,VTI,0.00131705,0.00110815,0.00107774,0.00131705,0.00110815,0.00107774,"ARIMA(1, 0, 0)",0.00107774,-0.00023931,0.00218589,0.0,2025-W34
adj_close.csv,ARIMA,VTI,0.00013004,0.00106517,1.258e-05,0.00013004,0.00106517,1.258e-05,"ARIMA(1, 0, 0)",1.258e-05,-0.00011747,0.00107774,0.0,2025-W35
adj_close.csv,ARIMA,VTI,0.00105977,0.00104582,0.0010584,0.00105977,0.00104582,0.0010584,"ARIMA(1, 0, 0)",0.0010584,-1.37e-06,1.258e-05,0.0,2025-W36
adj_close.csv,ARIMA,VTI,0.00307254,0.00189881,0.00295721,0.00307254,0.00189881,0.00295721,"ARIMA(1, 0, 0)",0.00295721,-0.00011533,0.0010584,0.0,2025-W37
adj_close.csv,ARIMA,VTI,0.00285148,0.00042635,0.00253087,0.00285148,0.00042635,0.00253087,"ARIMA(1, 0, 0)",0.00253087,-0.00032061,0.00295721,0.0,2025-W38
adj_close.csv,ARIMA,VTI,0.00049793,0.00329959,0.00076872,0.00049793,0.00329959,0.00076872,"ARIMA(1, 0, 0)",-0.00076872,-0.00027079,0.00253087,0.0,2025-W39
adj_close.csv,ARIMA,VTI,0.00217103,0.00302217,0.00225345,0.00217103,0.00302217,0.00225345,"ARIMA(1, 0, 0)",0.00225345,8.241e-05,-0.00076872,0.0,2025-W40
adj_close.csv,ARIMA,VTI,0.00477209,0.00726776,0.00501431,0.00477209,0.00726776,0.00501431,"ARIMA(1, 0, 0)",-0.00501431,-0.00024222,0.00225345,0.0,2025-W41
adj_close.csv,ARIMA,VTI,0.00284134,0.00840372,0.0033894,0.00284134,0.00840372,0.0033894,"ARIMA(1, 0, 0)",0.0033894,0.00054806,-0.00501431,0.0,2025-W42
adj_close.csv,ARIMA,VTI,0.00425759,0.00048963,0.00387904,0.00425759,0.00048963,0.00387904,"ARIMA(1, 0, 0)",0.00387904,-0.00037855,0.0033894,0.0,2025-W43
adj_close.csv,ARIMA,VTI,0.0014461,0.00285681,0.00102223,0.0014461,0.00285681,0.00102223,"ARIMA(1, 0, 0)",0.00102223,-0.00042387,0.00387904,0.0,2025-W44
adj_close.csv,ARIMA,VTI,0.00309289,0.00422587,0.00320364,0.00309289,0.00422587,0.00320364,"ARIMA(1, 0, 0)",-0.00320364,-0.00011075,0.00102223,0.0,2025-W45
adj_close.csv,ARIMA,VTI,0.00048818,0.00306422,0.00013942,0.00048818,0.00306422,0.00013942,"ARIMA(1, 0, 0)",-0.00013942,0.00034876,-0.00320364,0.0,2025-W46
adj_close.csv,ARIMA,VTI,0.00372359,0.00356903,0.00370845,0.00372359,0.00356903,0.00370845,"ARIMA(1, 0, 0)",-0.00370845,1.514e-05,-0.00013942,0.0,2025-W47
adj_close.csv,ARIMA,VTI,0.00907442,0.0131853,0.00947685,0.00907442,0.0131853,0.00947685,"ARIMA(1, 0, 0)",0.00947685,0.00040243,-0.00370845,0.0,2025-W48
adj_close.csv,ARIMA,VTI,0.00182338,0.00873487,0.00074198,0.00182338,0.00873487,0.00074198,"ARIMA(1, 0, 0)",0.00074198,-0.00108139,0.00947685,0.0,2025-W49
adj_close.csv,ARIMA,VTI,0.00084982,0.00167437,0.00093239,0.00084982,0.00167437,0.00093239,"ARIMA(1, 0, 0)",-0.00093239,-8.257e-05,0.00074198,0.0,2025-W50
adj_close.csv,ARIMA,VTI,3.302e-05,0.00106926,0.00013687,3.302e-05,0.00106926,0.00013687,"ARIMA(1, 0, 0)",0.00013687,0.00010385,-0.00093239,0.0,2025-W51
adj_close.csv,ARIMA,VTI,0.00327559,0.00312347,0.00326034,0.00327559,0.00312347,0.00326034,"ARIMA(1, 0, 0)",0.00326034,-1.525e-05,0.00013687,0.0,2025-W52
adj_close.csv,ARIMA,VTI,0.00212239,0.00574565,0.00248531,0.00212239,0.00574565,0.00248531,"ARIMA(1, 0, 0)",-0.00248531,-0.00036292,0.00326034,0.0,2026-W01
adj_close.csv,ARIMA,VTI,0.00330979,0.00607457,0.00358926,0.00330979,0.00607457,0.00358926,"ARIMA(1, 0, 0)",0.00358926,0.00027946,-0.00248531,0.0,2026-W02
adj_close.csv,ARIMA,VTI,8.69e-05,0.00391077,0.00032151,8.69e-05,0.00391077,0.00032151,"ARIMA(1, 0, 0)",-0.00032151,-0.00040842,0.00358926,0.0,2026-W03
adj_close.csv,ARIMA,VTI,0.00098176,0.00062367,0.00094519,0.00098176,0.00062367,0.00094519,"ARIMA(1, 0, 0)",-0.00094519,3.657e-05,-0.00032151,0.0,2026-W04
adj_close.csv,ARIMA,VTI,0.00010158,0.00095107,5.88e-06,0.00010158,0.00095107,5.88e-06,"ARIMA(1, 0, 0)",5.88e-06,0.00010745,-0.00094519,0.0,2026-W05
adj_close.csv,ARIMA,VTI,0.00559326,0.00558671,0.00559259,0.00559326,0.00558671,0.00559259,"ARIMA(1, 0, 0)",0.00559259,-6.7e-07,5.88e-06,0.0,2026-W06
adj_close.csv,ARIMA,VTV,0.00225191,0.00128191,0.00221702,0.00225191,0.00128191,0.00221702,"ARIMA(0, 0, 1)",0.00221702,-3.489e-05,0.00093511,0.0,2024-W30
adj_close.csv,ARIMA,VTV,0.00385064,0.00613755,0.00392053,0.00385064,0.00613755,0.00392053,"ARIMA(0, 0, 1)",-0.00392053,-6.988e-05,0.00221702,0.0,2024-W31
adj_close.csv,ARIMA,VTV,0.00049957,0.00355358,0.00036694,0.00049957,0.00355358,0.00036694,"ARIMA(0, 0, 1)",-0.00036694,0.00013263,-0.00392053,0.0,2024-W32
adj_close.csv,ARIMA,VTV,0.00520309,0.00558687,0.00521993,0.00520309,0.00558687,0.00521993,"ARIMA(0, 0, 1)",0.00521993,1.684e-05,-0.00036694,0.0,2024-W33
adj_close.csv,ARIMA,VTV,0.00350371,0.0018963,0.00332363,0.00350371,0.0018963,0.00332363,"ARIMA(0, 0, 1)",0.00332363,-0.00018008,0.00521993,0.0,2024-W34
adj_close.csv,ARIMA,VTV,0.00283727,0.00058585,0.00273778,0.00283727,0.00058585,0.00273778,"ARIMA(0, 0, 1)",0.00273778,-9.949e-05,0.00332363,0.0,2024-W35
adj_close.csv,ARIMA,VTV,0.00790865,0.01071744,0.00797966,0.00790865,0.01071744,0.00797966,"ARIMA(0, 0, 1)",-0.00797966,-7.101e-05,0.00273778,0.0,2024-W36
adj_close.csv,ARIMA,VTV,0.00446544,0.01271353,0.00473387,0.00446544,0.01271353,0.00473387,"ARIMA(0, 0, 1)",0.00473387,0.00026843,-0.00797966,0.0,2024-W37
adj_close.csv,ARIMA,VTV,0.0028187,0.00211444,0.00261943,0.0028187,0.00211444,0.00261943,"ARIMA(0, 0, 1)",0.00261943,-0.00019928,0.00473387,0.0,2024-W38
adj_close.csv,ARIMA,VTV,0.00147242,0.00126289,0.00135654,0.00147242,0.00126289,0.00135654,"ARIMA(0, 0, 1)",0.00135654,-0.00011588,0.00261943,0.0,2024-W39
adj_close.csv,ARIMA,VTV,0.00082788,0.00058769,0.00076885,0.00082788,0.00058769,0.00076885,"ARIMA(0, 0, 1)",0.00076885,-5.903e-05,0.00135654,0.0,2024-W40
adj_close.csv,ARIMA,VTV,0.00195911,0.00115747,0.00192632,0.00195911,0.00115747,0.00192632,"ARIMA(0, 0, 1)",0.00192632,-3.279e-05,0.00076885,0.0,2024-W41
adj_close.csv,ARIMA,VTV,0.00178189,0.00022071,0.00170561,0.00178189,0.00022071,0.00170561,"ARIMA(0, 0, 1)",0.00170561,-7.629e-05,0.00192632,0.0,2024-W42
adj_close.csv,ARIMA,VTV,0.00470195,0.00647466,0.00476905,0.00470195,0.00647466,0.00476905,"ARIMA(0, 0, 1)",-0.00476905,-6.71e-05,0.00170561,0.0,2024-W43
adj_close.csv,ARIMA,VTV,0.00184496,0.00311505,0.001654,0.00184496,0.00311505,0.001654,"ARIMA(0, 0, 1)",-0.001654,0.00019096,-0.00476905,0.0,2024-W44
adj_close.csv,ARIMA,VTV,0.0073745,0.00909795,0.00744395,0.0073745,0.00909795,0.00744395,"ARIMA(0, 0, 1)",0.00744395,6.945e-05,-0.001654,0.0,2024-W45
adj_close.csv,ARIMA,VTV,0.00260756,0.01036338,0.00291944,0.00260756,0.01036338,0.00291944,"ARIMA(0, 0, 1)",-0.00291944,-0.00031188,0.00744395,0.0,2024-W46
adj_close.csv,ARIMA,VTV,0.00430036,0.00734387,0.00442443,0.00430036,0.00734387,0.00442443,"ARIMA(0, 0, 1)",0.00442443,0.00012407,-0.00291944,0.0,2024-W47
adj_close.csv,ARIMA,VTV,0.0026959,0.00195172,0.00247271,0.0026959,0.00195172,0.00247271,"ARIMA(0, 0, 1)",0.00247271,-0.00022319,0.00442443,0.0,2024-W48
adj_close.csv,ARIMA,VTV,0.00383691,0.0064376,0.00396489,0.00383691,0.0064376,0.00396489,"ARIMA(0, 0, 1)",-0.00396489,-0.00012798,0.00247271,0.0,2024-W49
adj_close.csv,ARIMA,VTV,0.00386265,0.0002971,0.00366779,0.00386265,0.0002971,0.00366779,"ARIMA(0, 0, 1)",-0.00366779,0.00019485,-0.00396489,0.0,2024-W50
adj_close.csv,ARIMA,VTV,0.00570441,0.00185736,0.00552516,0.00570441,0.00185736,0.00552516,"ARIMA(0, 0, 1)",-0.00552516,0.00017926,-0.00366779,0.0,2024-W51
adj_close.csv,ARIMA,VTV,0.00177458,0.00752529,0.00200013,0.00177458,0.00752529,0.00200013,"ARIMA(0, 0, 1)",0.00200013,0.00022555,-0.00552516,0.0,2024-W52
adj_close.csv,ARIMA,VTV,0.00037889,0.00245463,0.0004545,0.00037889,0.00245463,0.0004545,"ARIMA(0, 0, 1)",-0.0004545,-7.561e-05,0.00200013,0.0,2025-W01
adj_close.csv,ARIMA,VTV,0.00390597,0.00343509,0.00388959,0.00390597,0.00343509,0.00388959,"ARIMA(0, 0, 1)",-0.00388959,1.638e-05,-0.0004545,0.0,2025-W02
adj_close.csv,ARIMA,VTV,0.00795478,0.01200962,0.00812003,0.00795478,0.01200962,0.00812003,"ARIMA(0, 0, 1)",0.00812003,0.00016525,-0.00388959,0.0,2025-W03
adj_close.csv,ARIMA,VTV,0.0040616,0.00446867,0.00365136,0.0040616,0.00446867,0.00365136,"ARIMA(0, 0, 1)",0.00365136,-0.00041024,0.00812003,0.0,2025-W04
adj_close.csv,ARIMA,VTV,0.00045458,0.00427292,0.00062156,0.00045458,0.00427292,0.00062156,"ARIMA(0, 0, 1)",-0.00062156,-0.00016698,0.00365136,0.0,2025-W05
adj_close.csv,ARIMA,VTV,0.00058591,5.482e-05,0.00056674,0.00058591,5.482e-05,0.00056674,"ARIMA(0, 0, 1)",-0.00056674,1.917e-05,-0.00062156,0.0,2025-W06
adj_close.csv,ARIMA,VTV,0.00129881,0.00189039,0.00132366,0.00129881,0.00189039,0.00132366,"ARIMA(0, 0, 1)",0.00132366,2.484e-05,-0.00056674,0.0,2025-W07
adj_close.csv,ARIMA,VTV,0.0014008,0.00277968,0.00145603,0.0014008,0.00277968,0.00145603,"ARIMA(0, 0, 1)",-0.00145603,-5.523e-05,0.00132366,0.0,2025-W08
adj_close.csv,ARIMA,VTV,0.00195967,0.003476,0.00201997,0.00195967,0.003476,0.00201997,"ARIMA(0, 0, 1)",0.00201997,6.03e-05,-0.00145603,0.0,2025-W09
adj_close.csv,ARIMA,VTV,0.00408902,0.00619506,0.00417509,0.00408902,0.00619506,0.00417509,"ARIMA(0, 0, 1)",-0.00417509,-8.607e-05,0.00201997,0.0,2025-W10
adj_close.csv,ARIMA,VTV,0.00383447,0.00053074,0.00364435,0.00383447,0.00053074,0.00364435,"ARIMA(0, 0, 1)",-0.00364435,0.00019012,-0.00417509,0.0,2025-W11
adj_close.csv,ARIMA,VTV,0.00122588,0.00502892,0.00138457,0.00122588,0.00502892,0.00138457,"ARIMA(0, 0, 1)",0.00138457,0.00015869,-0.00364435,0.0,2025-W12
adj_close.csv,ARIMA,VTV,0.00071547,0.00215247,0.00076791,0.00071547,0.00215247,0.00076791,"ARIMA(0, 0, 1)",-0.00076791,-5.244e-05,0.00138457,0.0,2025-W13
adj_close.csv,ARIMA,VTV,0.01699195,0.01619317,0.01696108,0.01699195,0.01619317,0.01696108,"ARIMA(0, 0, 1)",-0.01696108,3.088e-05,-0.00076791,0.0,2025-W14
adj_close.csv,ARIMA,VTV,0.00549378,0.02309767,0.00613659,0.00549378,0.02309767,0.00613659,"ARIMA(0, 0, 1)",0.00613659,0.00064281,-0.01696108,0.0,2025-W15
adj_close.csv,ARIMA,VTV,0.0002158,0.00624477,0.00010818,0.0002158,0.00624477,0.00010818,"ARIMA(0, 0, 1)",-0.00010818,-0.00032399,0.00613659,0.0,2025-W16
adj_close.csv,ARIMA,VTV,0.00367693,0.00377129,0.0036631,0.00367693,0.00377129,0.0036631,"ARIMA(0, 0, 1)",0.0036631,-1.382e-05,-0.00010818,0.0,2025-W17
adj_close.csv,ARIMA,VTV,0.00480054,0.00089753,0.00456064,0.00480054,0.00089753,0.00456064,"ARIMA(0, 0, 1)",0.00456064,-0.0002399,0.0036631,0.0,2025-W18
adj_close.csv,ARIMA,VTV,0.00033288,0.00517861,0.00061797,0.00033288,0.00517861,0.00061797,"ARIMA(0, 0, 1)",-0.00061797,-0.00028509,0.00456064,0.0,2025-W19
adj_close.csv,ARIMA,VTV,0.00592551,0.00656334,0.00594537,0.00592551,0.00656334,0.00594537,"ARIMA(0, 0, 1)",0.00594537,1.987e-05,-0.00061797,0.0,2025-W20
adj_close.csv,ARIMA,VTV,0.0043901,0.0106922,0.00474682,0.0043901,0.0106922,0.00474682,"ARIMA(0, 0, 1)",-0.00474682,-0.00035672,0.00594537,0.0,2025-W21
adj_close.csv,ARIMA,VTV,0.00315755,0.0081984,0.00345158,0.00315755,0.0081984,0.00345158,"ARIMA(0, 0, 1)",0.00345158,0.00029403,-0.00474682,0.0,2025-W22
adj_close.csv,ARIMA,VTV,0.00211759,0.00155849,0.00189309,0.00211759,0.00155849,0.00189309,"ARIMA(0, 0, 1)",0.00189309,-0.00022451,0.00345158,0.0,2025-W23
adj_close.csv,ARIMA,VTV,0.0005623,0.00147737,0.00041572,0.0005623,0.00147737,0.00041572,"ARIMA(0, 0, 1)",0.00041572,-0.00014658,0.00189309,0.0,2025-W24
adj_close.csv,ARIMA,VTV,1.886e-05,0.00047341,5.769e-05,1.886e-05,0.00047341,5.769e-05,"ARIMA(0, 0, 1)",-5.769e-05,-3.883e-05,0.00041572,0.0,2025-W25
adj_close.csv,ARIMA,VTV,0.00380442,0.00386341,0.00380572,0.00380442,0.00386341,0.00380572,"ARIMA(0, 0, 1)",0.00380572,1.3e-06,-5.769e-05,0.0,2025-W26
adj_close.csv,ARIMA,VTV,0.00578444,0.00171607,0.00552179,0.00578444,0.00171607,0.00552179,"ARIMA(0, 0, 1)",0.00552179,-0.00026265,0.00380572,0.0,2025-W27
adj_close.csv,ARIMA,VTV,0.0011678,0.00705302,0.00153124,0.0011678,0.00705302,0.00153124,"ARIMA(0, 0, 1)",-0.00153124,-0.00036344,0.00552179,0.0,2025-W28
adj_close.csv,ARIMA,VTV,0.00074933,0.00085695,0.00067429,0.00074933,0.00085695,0.00067429,"ARIMA(0, 0, 1)",-0.00067429,7.504e-05,-0.00153124,0.0,2025-W29
adj_close.csv,ARIMA,VTV,0.00330061,0.00402335,0.00334906,0.00330061,0.00402335,0.00334906,"ARIMA(0, 0, 1)",0.00334906,4.845e-05,-0.00067429,0.0,2025-W30
adj_close.csv,ARIMA,VTV,0.00556962,0.00913324,0.00578418,0.00556962,0.00913324,0.00578418,"ARIMA(0, 0, 1)",-0.00578418,-0.00021456,0.00334906,0.0,2025-W31
adj_close.csv,ARIMA,VTV,0.00241875,0.00859046,0.00280628,0.00241875,0.00859046,0.00280628,"ARIMA(0, 0, 1)",0.00280628,0.00038753,-0.00578418,0.0,2025-W32
adj_close.csv,ARIMA,VTV,0.00269955,0.0002828,0.00252348,0.00269955,0.0002828,0.00252348,"ARIMA(0, 0, 1)",0.00252348,-0.00017607,0.00280628,0.0,2025-W33
adj_close.csv,ARIMA,VTV,0.00376668,0.0010505,0.00357397,0.00376668,0.0010505,0.00357397,"ARIMA(0, 0, 1)",0.00357397,-0.0001927,0.00252348,0.0,2025-W34
adj_close.csv,ARIMA,VTV,4.516e-05,0.00387938,0.00030541,4.516e-05,0.00387938,0.00030541,"ARIMA(0, 0, 1)",-0.00030541,-0.00026025,0.00357397,0.0,2025-W35
adj_close.csv,ARIMA,VTV,0.000919,0.00061047,0.00091588,0.000919,0.00061047,0.00091588,"ARIMA(0, 0, 1)",-0.00091588,3.12e-06,-0.00030541,0.0,2025-W36
adj_close.csv,ARIMA,VTV,0.00252698,0.00350651,0.00259063,0.00252698,0.00350651,0.00259063,"ARIMA(0, 0, 1)",0.00259063,6.365e-05,-0.00091588,0.0,2025-W37
adj_close.csv,ARIMA,VTV,0.00098564,0.00178114,0.00080949,0.00098564,0.00178114,0.00080949,"ARIMA(0, 0, 1)",0.00080949,-0.00017615,0.00259063,0.0,2025-W38
adj_close.csv,ARIMA,VTV,0.00102434,0.00014688,0.00095636,0.00102434,0.00014688,0.00095636,"ARIMA(0, 0, 1)",0.00095636,-6.797e-05,0.00080949,0.0,2025-W39
adj_close.csv,ARIMA,VTV,0.00211039,0.00108354,0.00203991,0.00211039,0.00108354,0.00203991,"ARIMA(0, 0, 1)",0.00203991,-7.049e-05,0.00095636,0.0,2025-W40
adj_close.csv,ARIMA,VTV,0.00488884,0.00707257,0.00503267,0.00488884,0.00707257,0.00503267,"ARIMA(0, 0, 1)",-0.00503267,-0.00014383,0.00203991,0.0,2025-W41
adj_close.csv,ARIMA,VTV,0.00266048,0.00803944,0.00300678,0.00266048,0.00803944,0.00300678,"ARIMA(0, 0, 1)",0.00300678,0.00034629,-0.00503267,0.0,2025-W42
adj_close.csv,ARIMA,VTV,0.0028612,0.000342,0.00266477,0.0028612,0.000342,0.00266477,"ARIMA(0, 0, 1)",0.00266477,-0.00019643,0.00300678,0.0,2025-W43
adj_close.csv,ARIMA,VTV,0.00232933,0.00520031,0.00253554,0.00232933,0.00520031,0.00253554,"ARIMA(0, 0, 1)",-0.00253554,-0.00020622,0.00266477,0.0,2025-W44
adj_close.csv,ARIMA,VTV,0.00025885,0.00296575,0.00043021,0.00025885,0.00296575,0.00043021,"ARIMA(0, 0, 1)",0.00043021,0.00017136,-0.00253554,0.0,2025-W45
adj_close.csv,ARIMA,VTV,0.00107988,0.00063057,0.00106078,0.00107988,0.00063057,0.00106078,"ARIMA(0, 0, 1)",0.00106078,-1.91e-05,0.00043021,0.0,2025-W46
adj_close.csv,ARIMA,VTV,0.00178854,0.00292895,0.00186817,0.00178854,0.00292895,0.00186817,"ARIMA(0, 0, 1)",-0.00186817,-7.963e-05,0.00106078,0.0,2025-W47
adj_close.csv,ARIMA,VTV,0.00661179,0.00861258,0.0067444,0.00661179,0.00861258,0.0067444,"ARIMA(0, 0, 1)",0.0067444,0.00013261,-0.00186817,0.0,2025-W48
adj_close.csv,ARIMA,VTV,0.000384,0.00687044,0.00012604,0.000384,0.00687044,0.00012604,"ARIMA(0, 0, 1)",-0.00012604,-0.00051004,0.0067444,0.0,2025-W49
adj_close.csv,ARIMA,VTV,0.0022649,0.00236187,0.00223582,0.0022649,0.00236187,0.00223582,"ARIMA(0, 0, 1)",0.00223582,-2.907e-05,-0.00012604,0.0,2025-W50
adj_close.csv,ARIMA,VTV,0.00107748,0.00348647,0.00125064,0.00107748,0.00348647,0.00125064,"ARIMA(0, 0, 1)",-0.00125064,-0.00017316,0.00223582,0.0,2025-W51
adj_close.csv,ARIMA,VTV,0.00313554,0.0044692,0.00321856,0.00313554,0.0044692,0.00321856,"ARIMA(0, 0, 1)",0.00321856,8.302e-05,-0.00125064,0.0,2025-W52
adj_close.csv,ARIMA,VTV,0.00028359,0.00317966,3.89e-05,0.00028359,0.00317966,3.89e-05,"ARIMA(0, 0, 1)",3.89e-05,-0.00024469,0.00321856,0.0,2026-W01
adj_close.csv,ARIMA,VTV,0.00413889,0.00407798,0.00411688,0.00413889,0.00407798,0.00411688,"ARIMA(0, 0, 1)",0.00411688,-2.201e-05,3.89e-05,0.0,2026-W02
adj_close.csv,ARIMA,VTV,0.00189018,0.00254802,0.00156886,0.00189018,0.00254802,0.00156886,"ARIMA(0, 0, 1)",0.00156886,-0.00032132,0.00411688,0.0,2026-W03
adj_close.csv,ARIMA,VTV,0.00084277,0.00255381,0.00098495,0.00084277,0.00255381,0.00098495,"ARIMA(0, 0, 1)",-0.00098495,-0.00014218,0.00156886,0.0,2026-W04
adj_close.csv,ARIMA,VTV,0.00211054,0.00315943,0.00217449,0.00211054,0.00315943,0.00217449,"ARIMA(0, 0, 1)",0.00217449,6.395e-05,-0.00098495,0.0,2026-W05
adj_close.csv,ARIMA,VTV,0.00863561,0.00630013,0.00847461,0.00863561,0.00630013,0.00847461,"ARIMA(0, 0, 1)",0.00847461,-0.00016099,0.00217449,0.0,2026-W06
adj_close.csv,ARIMA,VUG,0.00584504,0.00275124,0.00514179,0.00584504,0.00275124,0.00514179,"ARIMA(1, 0, 0)",-0.00514179,0.00070325,-0.00789303,0.0,2024-W30
adj_close.csv,ARIMA,VUG,0.00495446,0.00061228,0.00452951,0.00495446,0.00061228,0.00452951,"ARIMA(1, 0, 0)",-0.00452951,0.00042495,-0.00514179,0.0,2024-W31
adj_close.csv,ARIMA,VUG,0.00038691,0.00527469,0.00074518,0.00038691,0.00527469,0.00074518,"ARIMA(1, 0, 0)",0.00074518,0.00035827,-0.00452951,0.0,2024-W32
adj_close.csv,ARIMA,VUG,0.01006546,0.00926115,0.01000633,0.01006546,0.00926115,0.01000633,"ARIMA(1, 0, 0)",0.01000633,-5.912e-05,0.00074518,0.0,2024-W33
adj_close.csv,ARIMA,VUG,0.0032551,0.00753472,0.00247162,0.0032551,0.00753472,0.00247162,"ARIMA(1, 0, 0)",0.00247162,-0.00078349,0.01000633,0.0,2024-W34
adj_close.csv,ARIMA,VUG,0.0010069,0.00366101,0.0011894,0.0010069,0.00366101,0.0011894,"ARIMA(1, 0, 0)",-0.0011894,-0.0001825,0.00247162,0.0,2024-W35
adj_close.csv,ARIMA,VUG,0.01329192,0.01201429,0.01320369,0.01329192,0.01201429,0.01320369,"ARIMA(1, 0, 0)",-0.01320369,8.823e-05,-0.0011894,0.0,2024-W36
adj_close.csv,ARIMA,VUG,0.00966534,0.02381988,0.01061619,0.00966534,0.02381988,0.01061619,"ARIMA(1, 0, 0)",0.01061619,0.00095085,-0.01320369,0.0,2024-W37
adj_close.csv,ARIMA,VUG,0.00371619,0.00784561,0.00277058,0.00371619,0.00784561,0.00277058,"ARIMA(1, 0, 0)",0.00277058,-0.00094561,0.01061619,0.0,2024-W38
adj_close.csv,ARIMA,VUG,0.00121883,0.00178413,0.00098645,0.00121883,0.00178413,0.00098645,"ARIMA(1, 0, 0)",0.00098645,-0.00023239,0.00277058,0.0,2024-W39
adj_close.csv,ARIMA,VUG,0.00063082,0.00043793,0.00054852,0.00063082,0.00043793,0.00054852,"ARIMA(1, 0, 0)",0.00054852,-8.23e-05,0.00098645,0.0,2024-W40
adj_close.csv,ARIMA,VUG,0.0028535,0.00225926,0.00280778,0.0028535,0.00225926,0.00280778,"ARIMA(1, 0, 0)",0.00280778,-4.572e-05,0.00054852,0.0,2024-W41
adj_close.csv,ARIMA,VUG,0.00196975,0.00107148,0.0017363,0.00196975,0.00107148,0.0017363,"ARIMA(1, 0, 0)",0.0017363,-0.00023345,0.00280778,0.0,2024-W42
adj_close.csv,ARIMA,VUG,0.00029093,0.00158847,0.00014783,0.00029093,0.00158847,0.00014783,"ARIMA(1, 0, 0)",0.00014783,-0.0001431,0.0017363,0.0,2024-W43
adj_close.csv,ARIMA,VUG,0.00331756,0.00347756,0.00332973,0.00331756,0.00347756,0.00332973,"ARIMA(1, 0, 0)",-0.00332973,-1.217e-05,0.00014783,0.0,2024-W44
adj_close.csv,ARIMA,VUG,0.01085594,0.0144601,0.01113037,0.01085594,0.0144601,0.01113037,"ARIMA(1, 0, 0)",0.01113037,0.00027443,-0.00332973,0.0,2024-W45
adj_close.csv,ARIMA,VUG,0.0041176,0.01621807,0.0050877,0.0041176,0.01621807,0.0050877,"ARIMA(1, 0, 0)",-0.0050877,-0.0009701,0.01113037,0.0,2024-W46
adj_close.csv,ARIMA,VUG,0.00261936,0.00818058,0.00309288,0.00261936,0.00818058,0.00309288,"ARIMA(1, 0, 0)",0.00309288,0.00047352,-0.0050877,0.0,2024-W47
adj_close.csv,ARIMA,VUG,0.00342912,4.308e-05,0.00313596,0.00342912,4.308e-05,0.00313596,"ARIMA(1, 0, 0)",0.00313596,-0.00029316,0.00309288,0.0,2024-W48
adj_close.csv,ARIMA,VUG,0.00708373,0.0036548,0.00679076,0.00708373,0.0036548,0.00679076,"ARIMA(1, 0, 0)",0.00679076,-0.00029297,0.00313596,0.0,2024-W49
adj_close.csv,ARIMA,VUG,0.00083227,0.00657356,0.0002172,0.00083227,0.00657356,0.0002172,"ARIMA(1, 0, 0)",0.0002172,-0.00061507,0.00679076,0.0,2024-W50
adj_close.csv,ARIMA,VUG,0.00280406,0.00304078,0.00282358,0.00280406,0.00304078,0.00282358,"ARIMA(1, 0, 0)",-0.00282358,-1.952e-05,0.0002172,0.0,2024-W51
adj_close.csv,ARIMA,VUG,0.00106914,0.00414664,0.00132306,0.00106914,0.00414664,0.00132306,"ARIMA(1, 0, 0)",0.00132306,0.00025393,-0.00282358,0.0,2024-W52
adj_close.csv,ARIMA,VUG,0.00165093,0.00309349,0.00177042,0.00165093,0.00309349,0.00177042,"ARIMA(1, 0, 0)",-0.00177042,-0.00011949,0.00132306,0.0,2025-W01
adj_close.csv,ARIMA,VUG,0.00572613,0.00379531,0.00556574,0.00572613,0.00379531,0.00556574,"ARIMA(1, 0, 0)",-0.00556574,0.00016039,-0.00177042,0.0,2025-W02
adj_close.csv,ARIMA,VUG,0.00367203,0.0097348,0.00416907,0.00367203,0.0097348,0.00416907,"ARIMA(1, 0, 0)",0.00416907,0.00049703,-0.00556574,0.0,2025-W03
adj_close.csv,ARIMA,VUG,0.00521102,0.00065884,0.00482791,0.00521102,0.00065884,0.00482791,"ARIMA(1, 0, 0)",0.00482791,-0.00038312,0.00416907,0.0,2025-W04
adj_close.csv,ARIMA,VUG,0.00226202,0.00752032,0.00269241,0.00226202,0.00752032,0.00269241,"ARIMA(1, 0, 0)",-0.00269241,-0.00043039,0.00482791,0.0,2025-W05
adj_close.csv,ARIMA,VUG,1.916e-05,0.00291697,0.00022457,1.916e-05,0.00291697,0.00022457,"ARIMA(1, 0, 0)",0.00022457,0.00024373,-0.00269241,0.0,2025-W06
adj_close.csv,ARIMA,VUG,0.00413228,0.00388739,0.00411195,0.00413228,0.00388739,0.00411195,"ARIMA(1, 0, 0)",0.00411195,-2.033e-05,0.00022457,0.0,2025-W07
adj_close.csv,ARIMA,VUG,0.00644522,0.01092889,0.00681694,0.00644522,0.01092889,0.00681694,"ARIMA(1, 0, 0)",-0.00681694,-0.00037172,0.00411195,0.0,2025-W08
adj_close.csv,ARIMA,VUG,0.00564804,0.00180787,0.00500906,0.00564804,0.00180787,0.00500906,"ARIMA(1, 0, 0)",-0.00500906,0.00063898,-0.00681694,0.0,2025-W09
adj_close.csv,ARIMA,VUG,0.00901629,0.00356183,0.00857089,0.00901629,0.00356183,0.00857089,"ARIMA(1, 0, 0)",-0.00857089,0.0004454,-0.00500906,0.0,2025-W10
adj_close.csv,ARIMA,VUG,0.00612719,0.00315755,0.00541334,0.00612719,0.00315755,0.00541334,"ARIMA(1, 0, 0)",-0.00541334,0.00071385,-0.00857089,0.0,2025-W11
adj_close.csv,ARIMA,VUG,0.00065454,0.00648362,0.00107028,0.00065454,0.00648362,0.00107028,"ARIMA(1, 0, 0)",0.00107028,0.00041574,-0.00541334,0.0,2025-W12
adj_close.csv,ARIMA,VUG,0.00494683,0.00609977,0.00502949,0.00494683,0.00609977,0.00502949,"ARIMA(1, 0, 0)",-0.00502949,-8.266e-05,0.00107028,0.0,2025-W13
adj_close.csv,ARIMA,VUG,0.02108447,0.01566325,0.02069274,0.02108447,0.01566325,0.02069274,"ARIMA(1, 0, 0)",-0.02069274,0.00039173,-0.00502949,0.0,2025-W14
adj_close.csv,ARIMA,VUG,0.01374931,0.03578448,0.01509174,0.01374931,0.03578448,0.01509174,"ARIMA(1, 0, 0)",0.01509174,0.00134243,-0.02069274,0.0,2025-W15
adj_close.csv,ARIMA,VUG,0.004178,0.02074939,0.00565765,0.004178,0.02074939,0.00565765,"ARIMA(1, 0, 0)",-0.00565765,-0.00147964,0.01509174,0.0,2025-W16
adj_close.csv,ARIMA,VUG,0.012772,0.01902486,0.01336721,0.012772,0.01902486,0.01336721,"ARIMA(1, 0, 0)",0.01336721,0.00059521,-0.00565765,0.0,2025-W17
adj_close.csv,ARIMA,VUG,0.00821262,0.00667018,0.00669703,0.00821262,0.00667018,0.00669703,"ARIMA(1, 0, 0)",0.00669703,-0.00151558,0.01336721,0.0,2025-W18
adj_close.csv,ARIMA,VUG,0.00012527,0.00750007,0.00080304,0.00012527,0.00750007,0.00080304,"ARIMA(1, 0, 0)",-0.00080304,-0.00067777,0.00669703,0.0,2025-W19
adj_close.csv,ARIMA,VUG,0.01367115,0.01455554,0.0137525,0.01367115,0.01455554,0.0137525,"ARIMA(1, 0, 0)",0.0137525,8.135e-05,-0.00080304,0.0,2025-W20
adj_close.csv,ARIMA,VUG,0.00393379,0.01909604,0.00534354,0.00393379,0.01909604,0.00534354,"ARIMA(1, 0, 0)",-0.00534354,-0.00140975,0.0137525,0.0,2025-W21
adj_close.csv,ARIMA,VUG,0.00477268,0.01069523,0.00535169,0.00477268,0.01069523,0.00535169,"ARIMA(1, 0, 0)",0.00535169,0.00057901,-0.00534354,0.0,2025-W22
adj_close.csv,ARIMA,VUG,0.00483362,0.00111267,0.00423902,0.00483362,0.00111267,0.00423902,"ARIMA(1, 0, 0)",0.00423902,-0.0005946,0.00535169,0.0,2025-W23
adj_close.csv,ARIMA,VUG,0.00128301,0.00598123,0.00174221,0.00128301,0.00598123,0.00174221,"ARIMA(1, 0, 0)",-0.00174221,-0.0004592,0.00423902,0.0,2025-W24
adj_close.csv,ARIMA,VUG,0.00071619,0.00121576,0.00052645,0.00071619,0.00121576,0.00052645,"ARIMA(1, 0, 0)",-0.00052645,0.00018974,-0.00174221,0.0,2025-W25
adj_close.csv,ARIMA,VUG,0.00882162,0.00940533,0.00887889,0.00882162,0.00940533,0.00887889,"ARIMA(1, 0, 0)",0.00887889,5.726e-05,-0.00052645,0.0,2025-W26
adj_close.csv,ARIMA,VUG,0.00443546,0.00541365,0.00346524,0.00443546,0.00541365,0.00346524,"ARIMA(1, 0, 0)",0.00346524,-0.00097023,0.00887889,0.0,2025-W27
adj_close.csv,ARIMA,VUG,0.00020572,0.00362367,0.00015843,0.00020572,0.00362367,0.00015843,"ARIMA(1, 0, 0)",-0.00015843,-0.00036415,0.00346524,0.0,2025-W28
adj_close.csv,ARIMA,VUG,0.00302156,0.00319662,0.00303819,0.00302156,0.00319662,0.00303819,"ARIMA(1, 0, 0)",0.00303819,1.664e-05,-0.00015843,0.0,2025-W29
adj_close.csv,ARIMA,VUG,0.00290725,0.00045014,0.00258805,0.00290725,0.00045014,0.00258805,"ARIMA(1, 0, 0)",0.00258805,-0.0003192,0.00303819,0.0,2025-W30
adj_close.csv,ARIMA,VUG,0.00381842,0.00667595,0.0040879,0.00381842,0.00667595,0.0040879,"ARIMA(1, 0, 0)",-0.0040879,-0.00026948,0.00258805,0.0,2025-W31
adj_close.csv,ARIMA,VUG,0.00580827,0.0103261,0.00623821,0.00580827,0.0103261,0.00623821,"ARIMA(1, 0, 0)",0.00623821,0.00042994,-0.0040879,0.0,2025-W32
adj_close.csv,ARIMA,VUG,0.00193533,0.00497463,0.00126357,0.00193533,0.00497463,0.00126357,"ARIMA(1, 0, 0)",0.00126357,-0.00067176,0.00623821,0.0,2025-W33
adj_close.csv,ARIMA,VUG,0.00144299,0.00284102,0.00157745,0.00144299,0.00284102,0.00157745,"ARIMA(1, 0, 0)",-0.00157745,-0.00013446,0.00126357,0.0,2025-W34
adj_close.csv,ARIMA,VUG,8.094e-05,0.00166468,8.722e-05,8.094e-05,0.00166468,8.722e-05,"ARIMA(1, 0, 0)",8.722e-05,0.00016816,-0.00157745,0.0,2025-W35
adj_close.csv,ARIMA,VUG,0.00216949,0.00207297,0.0021602,0.00216949,0.00207297,0.0021602,"ARIMA(1, 0, 0)",0.0021602,-9.3e-06,8.722e-05,0.0,2025-W36
adj_close.csv,ARIMA,VUG,0.00404574,0.00165533,0.00381552,0.00404574,0.00165533,0.00381552,"ARIMA(1, 0, 0)",0.00381552,-0.00023022,0.0021602,0.0,2025-W37
adj_close.csv,ARIMA,VUG,0.00414719,7.144e-05,0.00374408,0.00414719,7.144e-05,0.00374408,"ARIMA(1, 0, 0)",0.00374408,-0.00040312,0.00381552,0.0,2025-W38
adj_close.csv,ARIMA,VUG,0.00127866,0.00541208,0.001668,0.00127866,0.00541208,0.001668,"ARIMA(1, 0, 0)",-0.001668,-0.00038934,0.00374408,0.0,2025-W39
adj_close.csv,ARIMA,VUG,0.00213084,0.00397313,0.00230513,0.00213084,0.00397313,0.00230513,"ARIMA(1, 0, 0)",0.00230513,0.00017429,-0.001668,0.0,2025-W40
adj_close.csv,ARIMA,VUG,0.00438091,0.00692777,0.00462264,0.00438091,0.00692777,0.00462264,"ARIMA(1, 0, 0)",-0.00462264,-0.00024172,0.00230513,0.0,2025-W41
adj_close.csv,ARIMA,VUG,0.00279921,0.00791149,0.00328885,0.00279921,0.00791149,0.00328885,"ARIMA(1, 0, 0)",0.00328885,0.00048964,-0.00462264,0.0,2025-W42
adj_close.csv,ARIMA,VUG,0.00505619,0.00141453,0.00470338,0.00505619,0.00141453,0.00470338,"ARIMA(1, 0, 0)",0.00470338,-0.00035282,0.00328885,0.0,2025-W43
adj_close.csv,ARIMA,VUG,0.00423157,0.0009682,0.00373518,0.00423157,0.0009682,0.00373518,"ARIMA(1, 0, 0)",0.00373518,-0.00049639,0.00470338,0.0,2025-W44
adj_close.csv,ARIMA,VUG,0.0054594,0.00958103,0.00584586,0.0054594,0.00958103,0.00584586,"ARIMA(1, 0, 0)",-0.00584586,-0.00038646,0.00373518,0.0,2025-W45
adj_close.csv,ARIMA,VUG,0.00101395,0.00544915,0.00039671,0.00101395,0.00544915,0.00039671,"ARIMA(1, 0, 0)",-0.00039671,0.00061724,-0.00584586,0.0,2025-W46
adj_close.csv,ARIMA,VUG,0.00574768,0.00530933,0.00570603,0.00574768,0.00530933,0.00570603,"ARIMA(1, 0, 0)",-0.00570603,4.164e-05,-0.00039671,0.0,2025-W47
adj_close.csv,ARIMA,VUG,0.01029131,0.01659496,0.01088893,0.01029131,0.01659496,0.01088893,"ARIMA(1, 0, 0)",0.01088893,0.00059762,-0.00570603,0.0,2025-W48
adj_close.csv,ARIMA,VUG,0.00252646,0.00956904,0.00131989,0.00252646,0.00956904,0.00131989,"ARIMA(1, 0, 0)",0.00131989,-0.00120656,0.01088893,0.0,2025-W49
adj_close.csv,ARIMA,VUG,0.00346402,0.00492645,0.00360656,0.00346402,0.00492645,0.00360656,"ARIMA(1, 0, 0)",-0.00360656,-0.00014254,0.00131989,0.0,2025-W50
adj_close.csv,ARIMA,VUG,0.00097658,0.00497432,0.00136776,0.00097658,0.00497432,0.00136776,"ARIMA(1, 0, 0)",0.00136776,0.00039118,-0.00360656,0.0,2025-W51
adj_close.csv,ARIMA,VUG,0.00369313,0.00217653,0.00354429,0.00369313,0.00217653,0.00354429,"ARIMA(1, 0, 0)",0.00354429,-0.00014884,0.00136776,0.0,2025-W52
adj_close.csv,ARIMA,VUG,0.00413084,0.00805901,0.00451472,0.00413084,0.00805901,0.00451472,"ARIMA(1, 0, 0)",-0.00451472,-0.00038387,0.00354429,0.0,2026-W01
adj_close.csv,ARIMA,VUG,0.00148132,0.00649175,0.00197703,0.00148132,0.00649175,0.00197703,"ARIMA(1, 0, 0)",0.00197703,0.00049571,-0.00451472,0.0,2026-W02
adj_close.csv,ARIMA,VUG,0.00221574,0.00441119,0.00243416,0.00221574,0.00441119,0.00243416,"ARIMA(1, 0, 0)",-0.00243416,-0.00021842,0.00197703,0.0,2026-W03
adj_close.csv,ARIMA,VUG,0.00109078,0.00161338,0.00082078,0.00109078,0.00161338,0.00082078,"ARIMA(1, 0, 0)",-0.00082078,0.00027,-0.00243416,0.0,2026-W04
adj_close.csv,ARIMA,VUG,0.00089908,1.253e-05,0.00080825,0.00089908,1.253e-05,0.00080825,"ARIMA(1, 0, 0)",-0.00080825,9.082e-05,-0.00082078,0.0,2026-W05
adj_close.csv,ARIMA,VUG,0.00254451,0.00344214,0.00263389,0.00254451,0.00344214,0.00263389,"ARIMA(1, 0, 0)",0.00263389,8.938e-05,-0.00080825,0.0,2026-W06
adj_close.csv,ARIMA,VWO,0.00064194,0.00645981,0.00095837,0.00064194,0.00645981,0.00095837,"ARIMA(3, 0, 0)",-0.00095837,-0.00031642,-0.00741818,0.0,2024-W30
adj_close.csv,ARIMA,VWO,0.00271349,0.00194456,0.00290293,0.00271349,0.00194456,0.00290293,"ARIMA(3, 0, 0)",-0.00290293,-0.00018943,-0.00095837,0.0,2024-W31
adj_close.csv,ARIMA,VWO,0.00072196,0.00502667,0.00212374,0.00072196,0.00502667,0.00212374,"ARIMA(3, 0, 0)",0.00212374,0.00140178,-0.00290293,0.0,2024-W32
adj_close.csv,ARIMA,VWO,0.00525487,0.00322319,0.00534693,0.00525487,0.00322319,0.00534693,"ARIMA(3, 0, 0)",0.00534693,9.206e-05,0.00212374,0.0,2024-W33
adj_close.csv,ARIMA,VWO,0.00159528,0.00383245,0.00151448,0.00159528,0.00383245,0.00151448,"ARIMA(3, 0, 0)",0.00151448,-8.08e-05,0.00534693,0.0,2024-W34
adj_close.csv,ARIMA,VWO,0.00087178,0.00307368,0.00155919,0.00087178,0.00307368,0.00155919,"ARIMA(3, 0, 0)",-0.00155919,-0.00068741,0.00151448,0.0,2024-W35
adj_close.csv,ARIMA,VWO,0.00613674,0.00535576,0.00691496,0.00613674,0.00535576,0.00691496,"ARIMA(3, 0, 0)",-0.00691496,-0.00077822,-0.00155919,0.0,2024-W36
adj_close.csv,ARIMA,VWO,0.00400552,0.01128072,0.00436576,0.00400552,0.01128072,0.00436576,"ARIMA(3, 0, 0)",0.00436576,0.00036024,-0.00691496,0.0,2024-W37
adj_close.csv,ARIMA,VWO,0.00405297,7.596e-05,0.0042898,0.00405297,7.596e-05,0.0042898,"ARIMA(3, 0, 0)",0.0042898,0.00023684,0.00436576,0.0,2024-W38
adj_close.csv,ARIMA,VWO,0.01211902,0.00837211,0.01266191,0.01211902,0.00837211,0.01266191,"ARIMA(3, 0, 0)",0.01266191,0.00054289,0.0042898,0.0,2024-W39
adj_close.csv,ARIMA,VWO,0.00517004,0.00933226,0.00332965,0.00517004,0.00933226,0.00332965,"ARIMA(3, 0, 0)",0.00332965,-0.0018404,0.01266191,0.0,2024-W40
adj_close.csv,ARIMA,VWO,0.00232744,0.00707421,0.00374457,0.00232744,0.00707421,0.00374457,"ARIMA(3, 0, 0)",-0.00374457,-0.00141712,0.00332965,0.0,2024-W41
adj_close.csv,ARIMA,VWO,0.00088123,0.00241096,0.00133361,0.00088123,0.00241096,0.00133361,"ARIMA(3, 0, 0)",-0.00133361,-0.00221484,-0.00374457,0.0,2024-W42
adj_close.csv,ARIMA,VWO,0.0029833,0.00199735,0.00333096,0.0029833,0.00199735,0.00333096,"ARIMA(3, 0, 0)",-0.00333096,-0.00034766,-0.00133361,0.0,2024-W43
adj_close.csv,ARIMA,VWO,0.00287008,0.00136554,0.00196541,0.00287008,0.00136554,0.00196541,"ARIMA(3, 0, 0)",-0.00196541,0.00090467,-0.00333096,0.0,2024-W44
adj_close.csv,ARIMA,VWO,0.00042627,0.00286507,0.00089965,0.00042627,0.00286507,0.00089965,"ARIMA(3, 0, 0)",0.00089965,0.00047338,-0.00196541,0.0,2024-W45
adj_close.csv,ARIMA,VWO,0.00789075,0.00816844,0.00726879,0.00789075,0.00816844,0.00726879,"ARIMA(3, 0, 0)",-0.00726879,0.00062196,0.00089965,0.0,2024-W46
adj_close.csv,ARIMA,VWO,0.0005933,0.00855013,0.00128134,0.0005933,0.00855013,0.00128134,"ARIMA(3, 0, 0)",0.00128134,0.00068804,-0.00726879,0.0,2024-W47
adj_close.csv,ARIMA,VWO,0.0008285,0.00040202,0.00087932,0.0008285,0.00040202,0.00087932,"ARIMA(3, 0, 0)",0.00087932,5.083e-05,0.00128134,0.0,2024-W48
adj_close.csv,ARIMA,VWO,0.00238119,0.00264443,0.00352375,0.00238119,0.00264443,0.00352375,"ARIMA(3, 0, 0)",0.00352375,0.00114256,0.00087932,0.0,2024-W49
adj_close.csv,ARIMA,VWO,0.00074761,0.00322211,0.00030164,0.00074761,0.00322211,0.00030164,"ARIMA(3, 0, 0)",0.00030164,-0.00044597,0.00352375,0.0,2024-W50
adj_close.csv,ARIMA,VWO,0.00395224,0.00455786,0.00425622,0.00395224,0.00455786,0.00425622,"ARIMA(3, 0, 0)",-0.00425622,-0.00030398,0.00030164,0.0,2024-W51
adj_close.csv,ARIMA,VWO,0.00096411,0.00481863,0.00056242,0.00096411,0.00481863,0.00056242,"ARIMA(3, 0, 0)",0.00056242,-0.0004017,-0.00425622,0.0,2024-W52
adj_close.csv,ARIMA,VWO,0.00212364,0.00259312,0.0020307,0.00212364,0.00259312,0.0020307,"ARIMA(3, 0, 0)",-0.0020307,9.294e-05,0.00056242,0.0,2025-W01
adj_close.csv,ARIMA,VWO,0.00847896,0.00561795,0.00764865,0.00847896,0.00561795,0.00764865,"ARIMA(3, 0, 0)",-0.00764865,0.0008303,-0.0020307,0.0,2025-W02
adj_close.csv,ARIMA,VWO,0.00419788,0.01222107,0.00457241,0.00419788,0.01222107,0.00457241,"ARIMA(3, 0, 0)",0.00457241,0.00037454,-0.00764865,0.0,2025-W03
adj_close.csv,ARIMA,VWO,0.00401737,0.00015952,0.00441289,0.00401737,0.00015952,0.00441289,"ARIMA(3, 0, 0)",0.00441289,0.00039552,0.00457241,0.0,2025-W04
adj_close.csv,ARIMA,VWO,0.00163518,0.00522206,0.00080917,0.00163518,0.00522206,0.00080917,"ARIMA(3, 0, 0)",-0.00080917,0.000826,0.00441289,0.0,2025-W05
adj_close.csv,ARIMA,VWO,0.00308438,0.00295972,0.00215055,0.00308438,0.00295972,0.00215055,"ARIMA(3, 0, 0)",0.00215055,-0.00093383,-0.00080917,0.0,2025-W06
adj_close.csv,ARIMA,VWO,0.00520724,0.00225686,0.00440741,0.00520724,0.00225686,0.00440741,"ARIMA(3, 0, 0)",0.00440741,-0.00079984,0.00215055,0.0,2025-W07
adj_close.csv,ARIMA,VWO,0.00302806,0.00158985,0.00281756,0.00302806,0.00158985,0.00281756,"ARIMA(3, 0, 0)",0.00281756,-0.0002105,0.00440741,0.0,2025-W08
adj_close.csv,ARIMA,VWO,0.00664516,0.01014858,0.00733102,0.00664516,0.01014858,0.00733102,"ARIMA(3, 0, 0)",-0.00733102,-0.00068586,0.00281756,0.0,2025-W09
adj_close.csv,ARIMA,VWO,0.0058831,0.01275643,0.0054254,0.0058831,0.01275643,0.0054254,"ARIMA(3, 0, 0)",0.0054254,-0.0004577,-0.00733102,0.0,2025-W10
adj_close.csv,ARIMA,VWO,0.00094535,0.00490387,0.00052153,0.00094535,0.00490387,0.00052153,"ARIMA(3, 0, 0)",0.00052153,-0.00042382,0.0054254,0.0,2025-W11
adj_close.csv,ARIMA,VWO,0.00106471,0.00075266,0.00023113,0.00106471,0.00075266,0.00023113,"ARIMA(3, 0, 0)",-0.00023113,0.00083358,0.00052153,0.0,2025-W12
adj_close.csv,ARIMA,VWO,0.00208675,0.00270461,0.00293574,0.00208675,0.00270461,0.00293574,"ARIMA(3, 0, 0)",-0.00293574,-0.00084899,-0.00023113,0.0,2025-W13
adj_close.csv,ARIMA,VWO,0.01466837,0.01161782,0.01455355,0.01466837,0.01161782,0.01455355,"ARIMA(3, 0, 0)",-0.01455355,0.00011481,-0.00293574,0.0,2025-W14
adj_close.csv,ARIMA,VWO,0.00358324,0.01910613,0.00455258,0.00358324,0.01910613,0.00455258,"ARIMA(3, 0, 0)",0.00455258,0.00096934,-0.01455355,0.0,2025-W15
adj_close.csv,ARIMA,VWO,0.0002025,0.00339515,0.00115743,0.0002025,0.00339515,0.00115743,"ARIMA(3, 0, 0)",0.00115743,0.00095494,0.00455258,0.0,2025-W16
adj_close.csv,ARIMA,VWO,0.00513853,0.00596592,0.00712335,0.00513853,0.00596592,0.00712335,"ARIMA(3, 0, 0)",0.00712335,0.00198482,0.00115743,0.0,2025-W17
adj_close.csv,ARIMA,VWO,0.00817404,0.00024499,0.00687836,0.00817404,0.00024499,0.00687836,"ARIMA(3, 0, 0)",0.00687836,-0.00129568,0.00712335,0.0,2025-W18
adj_close.csv,ARIMA,VWO,6.362e-05,0.00769828,0.00081993,6.362e-05,0.00769828,0.00081993,"ARIMA(3, 0, 0)",-0.00081993,-0.00088355,0.00687836,0.0,2025-W19
adj_close.csv,ARIMA,VWO,0.00776062,0.00711965,0.00629973,0.00776062,0.00711965,0.00629973,"ARIMA(3, 0, 0)",0.00629973,-0.00146089,-0.00081993,0.0,2025-W20
adj_close.csv,ARIMA,VWO,0.00164933,0.00600662,0.00029311,0.00164933,0.00600662,0.00029311,"ARIMA(3, 0, 0)",0.00029311,-0.00135622,0.00629973,0.0,2025-W21
adj_close.csv,ARIMA,VWO,0.0040986,0.00451263,0.00421953,0.0040986,0.00451263,0.00421953,"ARIMA(3, 0, 0)",-0.00421953,-0.00012092,0.00029311,0.0,2025-W22
adj_close.csv,ARIMA,VWO,0.00596253,0.00942773,0.0052082,0.00596253,0.00942773,0.0052082,"ARIMA(3, 0, 0)",0.0052082,-0.00075432,-0.00421953,0.0,2025-W23
adj_close.csv,ARIMA,VWO,0.0007343,0.0046286,0.0005796,0.0007343,0.0046286,0.0005796,"ARIMA(3, 0, 0)",0.0005796,-0.0001547,0.0052082,0.0,2025-W24
adj_close.csv,ARIMA,VWO,0.00391117,0.00413048,0.00355088,0.00391117,0.00413048,0.00355088,"ARIMA(3, 0, 0)",-0.00355088,0.00036029,0.0005796,0.0,2025-W25
adj_close.csv,ARIMA,VWO,0.00811968,0.01110205,0.00755118,0.00811968,0.01110205,0.00755118,"ARIMA(3, 0, 0)",0.00755118,-0.0005685,-0.00355088,0.0,2025-W26
adj_close.csv,ARIMA,VWO,0.00354195,0.00438244,0.00316874,0.00354195,0.00438244,0.00316874,"ARIMA(3, 0, 0)",0.00316874,-0.00037321,0.00755118,0.0,2025-W27
adj_close.csv,ARIMA,VWO,0.00167275,0.00489546,0.00172672,0.00167275,0.00489546,0.00172672,"ARIMA(3, 0, 0)",-0.00172672,-5.397e-05,0.00316874,0.0,2025-W28
adj_close.csv,ARIMA,VWO,0.00465395,0.00532394,0.00359722,0.00465395,0.00532394,0.00359722,"ARIMA(3, 0, 0)",0.00359722,-0.00105673,-0.00172672,0.0,2025-W29
adj_close.csv,ARIMA,VWO,0.00190686,0.00221559,0.00138163,0.00190686,0.00221559,0.00138163,"ARIMA(3, 0, 0)",0.00138163,-0.00052523,0.00359722,0.0,2025-W30
adj_close.csv,ARIMA,VWO,0.00515078,0.00656224,0.00518061,0.00515078,0.00656224,0.00518061,"ARIMA(3, 0, 0)",-0.00518061,-2.983e-05,0.00138163,0.0,2025-W31
adj_close.csv,ARIMA,VWO,0.00480268,0.00977025,0.00458964,0.00480268,0.00977025,0.00458964,"ARIMA(3, 0, 0)",0.00458964,-0.00021304,-0.00518061,0.0,2025-W32
adj_close.csv,ARIMA,VWO,0.00282435,0.00196344,0.00262621,0.00282435,0.00196344,0.00262621,"ARIMA(3, 0, 0)",0.00262621,-0.00019814,0.00458964,0.0,2025-W33
adj_close.csv,ARIMA,VWO,0.00290469,0.00050336,0.00312957,0.00290469,0.00050336,0.00312957,"ARIMA(3, 0, 0)",0.00312957,0.00022488,0.00262621,0.0,2025-W34
adj_close.csv,ARIMA,VWO,0.00159816,0.00559825,0.00246868,0.00159816,0.00559825,0.00246868,"ARIMA(3, 0, 0)",-0.00246868,-0.00087052,0.00312957,0.0,2025-W35
adj_close.csv,ARIMA,VWO,0.00245877,0.00459432,0.00212564,0.00245877,0.00459432,0.00212564,"ARIMA(3, 0, 0)",0.00212564,-0.00033314,-0.00246868,0.0,2025-W36
adj_close.csv,ARIMA,VWO,0.00611903,0.00360257,0.00572821,0.00611903,0.00360257,0.00572821,"ARIMA(3, 0, 0)",0.00572821,-0.00039082,0.00212564,0.0,2025-W37
adj_close.csv,ARIMA,VWO,0.0028212,0.00305492,0.00267329,0.0028212,0.00305492,0.00267329,"ARIMA(3, 0, 0)",0.00267329,-0.0001479,0.00572821,0.0,2025-W38
adj_close.csv,ARIMA,VWO,0.00069075,0.00405042,0.00137713,0.00069075,0.00405042,0.00137713,"ARIMA(3, 0, 0)",-0.00137713,-0.00068638,0.00267329,0.0,2025-W39
adj_close.csv,ARIMA,VWO,0.00532471,0.00595552,0.00457839,0.00532471,0.00595552,0.00457839,"ARIMA(3, 0, 0)",0.00457839,-0.00074632,-0.00137713,0.0,2025-W40
adj_close.csv,ARIMA,VWO,0.00788771,0.01296498,0.00838659,0.00788771,0.01296498,0.00838659,"ARIMA(3, 0, 0)",-0.00838659,-0.00049888,0.00457839,0.0,2025-W41
adj_close.csv,ARIMA,VWO,0.00640329,0.01527093,0.00688434,0.00640329,0.01527093,0.00688434,"ARIMA(3, 0, 0)",0.00688434,0.00048104,-0.00838659,0.0,2025-W42
adj_close.csv,ARIMA,VWO,0.00362254,0.00396351,0.00292083,0.00362254,0.00396351,0.00292083,"ARIMA(3, 0, 0)",0.00292083,-0.00070171,0.00688434,0.0,2025-W43
adj_close.csv,ARIMA,VWO,0.0012253,0.00368343,0.0007626,0.0012253,0.00368343,0.0007626,"ARIMA(3, 0, 0)",-0.0007626,0.0004627,0.00292083,0.0,2025-W44
adj_close.csv,ARIMA,VWO,0.00068874,0.00080805,0.00157065,0.00068874,0.00080805,0.00157065,"ARIMA(3, 0, 0)",-0.00157065,-0.0008819,-0.0007626,0.0,2025-W45
adj_close.csv,ARIMA,VWO,0.00132787,0.00270419,0.00113355,0.00132787,0.00270419,0.00113355,"ARIMA(3, 0, 0)",0.00113355,-0.00019432,-0.00157065,0.0,2025-W46
adj_close.csv,ARIMA,VWO,0.00668368,0.00773161,0.00659806,0.00668368,0.00773161,0.00659806,"ARIMA(3, 0, 0)",-0.00659806,8.562e-05,0.00113355,0.0,2025-W47
adj_close.csv,ARIMA,VWO,0.00513467,0.01232616,0.0057281,0.00513467,0.01232616,0.0057281,"ARIMA(3, 0, 0)",0.0057281,0.00059342,-0.00659806,0.0,2025-W48
adj_close.csv,ARIMA,VWO,0.00063495,0.0053601,0.000368,0.00063495,0.0053601,0.000368,"ARIMA(3, 0, 0)",0.000368,-0.00026695,0.0057281,0.0,2025-W49
adj_close.csv,ARIMA,VWO,0.00216832,0.00206638,0.00169838,0.00216832,0.00206638,0.00169838,"ARIMA(3, 0, 0)",-0.00169838,0.00046994,0.000368,0.0,2025-W50
adj_close.csv,ARIMA,VWO,0.00133187,0.00249054,0.00079216,0.00133187,0.00249054,0.00079216,"ARIMA(3, 0, 0)",0.00079216,-0.00053971,-0.00169838,0.0,2025-W51
adj_close.csv,ARIMA,VWO,0.00426675,0.00345512,0.00424728,0.00426675,0.00345512,0.00424728,"ARIMA(3, 0, 0)",0.00424728,-1.947e-05,0.00079216,0.0,2025-W52
adj_close.csv,ARIMA,VWO,0.00434878,7.095e-05,0.00417632,0.00434878,7.095e-05,0.00417632,"ARIMA(3, 0, 0)",0.00417632,-0.00017245,0.00424728,0.0,2026-W01
adj_close.csv,ARIMA,VWO,0.00241508,0.00236406,0.00181226,0.00241508,0.00236406,0.00181226,"ARIMA(3, 0, 0)",0.00181226,-0.00060282,0.00417632,0.0,2026-W02
adj_close.csv,ARIMA,VWO,0.00285093,0.00023388,0.00204614,0.00285093,0.00023388,0.00204614,"ARIMA(3, 0, 0)",0.00204614,-0.00080478,0.00181226,0.0,2026-W03
adj_close.csv,ARIMA,VWO,0.00410006,0.00136794,0.00341408,0.00410006,0.00136794,0.00341408,"ARIMA(3, 0, 0)",0.00341408,-0.00068598,0.00204614,0.0,2026-W04
adj_close.csv,ARIMA,VWO,0.00054351,0.00447378,0.0010597,0.00054351,0.00447378,0.0010597,"ARIMA(3, 0, 0)",-0.0010597,-0.00051619,0.00341408,0.0,2026-W05
adj_close.csv,ARIMA,VWO,0.00577062,0.00653428,0.00547458,0.00577062,0.00653428,0.00547458,"ARIMA(3, 0, 0)",0.00547458,-0.00029604,-0.0010597,0.0,2026-W06
adj_close.csv,ARIMA,XLB,0.00265917,0.00355335,0.00268964,0.00265917,0.00355335,0.00268964,"ARIMA(1, 0, 0)",0.00268964,3.047e-05,-0.00086372,0.0,2024-W30
adj_close.csv,ARIMA,XLB,0.00274915,0.00553473,0.00284509,0.00274915,0.00553473,0.00284509,"ARIMA(1, 0, 0)",-0.00284509,-9.594e-05,0.00268964,0.0,2024-W31
adj_close.csv,ARIMA,XLB,0.00341982,0.00046965,0.00331474,0.00341982,0.00046965,0.00331474,"ARIMA(1, 0, 0)",-0.00331474,0.00010508,-0.00284509,0.0,2024-W32
adj_close.csv,ARIMA,XLB,0.00437166,0.00780332,0.00448858,0.00437166,0.00780332,0.00448858,"ARIMA(1, 0, 0)",0.00448858,0.00011692,-0.00331474,0.0,2024-W33
adj_close.csv,ARIMA,XLB,0.00488321,0.00022522,0.0047138,0.00488321,0.00022522,0.0047138,"ARIMA(1, 0, 0)",0.0047138,-0.00016941,0.00448858,0.0,2024-W34
adj_close.csv,ARIMA,XLB,0.00347574,0.00139842,0.00331538,0.00347574,0.00139842,0.00331538,"ARIMA(1, 0, 0)",0.00331538,-0.00016036,0.0047138,0.0,2024-W35
adj_close.csv,ARIMA,XLB,0.01181699,0.01523596,0.01192058,0.01181699,0.01523596,0.01192058,"ARIMA(1, 0, 0)",-0.01192058,-0.00010359,0.00331538,0.0,2024-W36
adj_close.csv,ARIMA,XLB,0.0056834,0.01805535,0.00613476,0.0056834,0.01805535,0.00613476,"ARIMA(1, 0, 0)",0.00613476,0.00045137,-0.01192058,0.0,2024-W37
adj_close.csv,ARIMA,XLB,0.00325658,0.00317905,0.00295571,0.00325658,0.00317905,0.00295571,"ARIMA(1, 0, 0)",0.00295571,-0.00030087,0.00613476,0.0,2024-W38
adj_close.csv,ARIMA,XLB,0.00699534,0.00390435,0.00686007,0.00699534,0.00390435,0.00686007,"ARIMA(1, 0, 0)",0.00686007,-0.00013528,0.00295571,0.0,2024-W39
adj_close.csv,ARIMA,XLB,0.0033535,0.0105043,0.00364424,0.0033535,0.0105043,0.00364424,"ARIMA(1, 0, 0)",-0.00364424,-0.00029074,0.00686007,0.0,2024-W40
adj_close.csv,ARIMA,XLB,0.0013393,0.00515161,0.00150737,0.0013393,0.00515161,0.00150737,"ARIMA(1, 0, 0)",0.00150737,0.00016807,-0.00364424,0.0,2024-W41
adj_close.csv,ARIMA,XLB,0.00366734,0.00208926,0.00359663,0.00366734,0.00208926,0.00359663,"ARIMA(1, 0, 0)",0.00359663,-7.071e-05,0.00150737,0.0,2024-W42
adj_close.csv,ARIMA,XLB,0.00749763,0.01125975,0.00766313,0.00749763,0.01125975,0.00766313,"ARIMA(1, 0, 0)",-0.00766313,-0.0001655,0.00359663,0.0,2024-W43
adj_close.csv,ARIMA,XLB,0.0021606,0.00588857,0.00177456,0.0021606,0.00588857,0.00177456,"ARIMA(1, 0, 0)",-0.00177456,0.00038605,-0.00766313,0.0,2024-W44
adj_close.csv,ARIMA,XLB,0.00277251,0.00463176,0.0028572,0.00277251,0.00463176,0.0028572,"ARIMA(1, 0, 0)",0.0028572,8.469e-05,-0.00177456,0.0,2024-W45
adj_close.csv,ARIMA,XLB,0.00673153,0.00972733,0.00687013,0.00673153,0.00972733,0.00687013,"ARIMA(1, 0, 0)",-0.00687013,-0.00013861,0.0028572,0.0,2024-W46
adj_close.csv,ARIMA,XLB,0.0057096,0.01293415,0.00606401,0.0057096,0.01293415,0.00606401,"ARIMA(1, 0, 0)",0.00606401,0.00035442,-0.00687013,0.0,2024-W47
adj_close.csv,ARIMA,XLB,0.00217728,0.00423733,0.00182669,0.00217728,0.00423733,0.00182669,"ARIMA(1, 0, 0)",0.00182669,-0.00035059,0.00606401,0.0,2024-W48
adj_close.csv,ARIMA,XLB,0.00604793,0.00797643,0.00614974,0.00604793,0.00797643,0.00614974,"ARIMA(1, 0, 0)",-0.00614974,-0.0001018,0.00182669,0.0,2024-W49
adj_close.csv,ARIMA,XLB,0.00627196,0.00023123,0.00591851,0.00627196,0.00023123,0.00591851,"ARIMA(1, 0, 0)",-0.00591851,0.00035345,-0.00614974,0.0,2024-W50
adj_close.csv,ARIMA,XLB,0.0086575,0.00243462,0.00835313,0.0086575,0.00243462,0.00835313,"ARIMA(1, 0, 0)",-0.00835313,0.00030436,-0.00591851,0.0,2024-W51
adj_close.csv,ARIMA,XLB,0.00093907,0.00777688,0.00057625,0.00093907,0.00777688,0.00057625,"ARIMA(1, 0, 0)",-0.00057625,0.00036282,-0.00835313,0.0,2024-W52
adj_close.csv,ARIMA,XLB,0.00522878,0.0046282,0.00520445,0.00522878,0.0046282,0.00520445,"ARIMA(1, 0, 0)",-0.00520445,2.433e-05,-0.00057625,0.0,2025-W01
adj_close.csv,ARIMA,XLB,0.00011298,0.00553476,0.00033032,0.00011298,0.00553476,0.00033032,"ARIMA(1, 0, 0)",0.00033032,0.00021734,-0.00520445,0.0,2025-W02
adj_close.csv,ARIMA,XLB,0.0117401,0.01139596,0.01172628,0.0117401,0.01139596,0.01172628,"ARIMA(1, 0, 0)",0.01172628,-1.382e-05,0.00033032,0.0,2025-W03
adj_close.csv,ARIMA,XLB,0.00237288,0.00983717,0.00188911,0.00237288,0.00983717,0.00188911,"ARIMA(1, 0, 0)",0.00188911,-0.00048377,0.01172628,0.0,2025-W04
adj_close.csv,ARIMA,XLB,0.00040243,0.00236157,0.00047246,0.00040243,0.00236157,0.00047246,"ARIMA(1, 0, 0)",-0.00047246,-7.003e-05,0.00188911,0.0,2025-W05
adj_close.csv,ARIMA,XLB,0.00114702,0.00065699,0.00112945,0.00114702,0.00065699,0.00112945,"ARIMA(1, 0, 0)",-0.00112945,1.757e-05,-0.00047246,0.0,2025-W06
adj_close.csv,ARIMA,XLB,0.00346105,0.00463241,0.00350296,0.00346105,0.00463241,0.00350296,"ARIMA(1, 0, 0)",0.00350296,4.19e-05,-0.00112945,0.0,2025-W07
adj_close.csv,ARIMA,XLB,0.0048704,0.00850538,0.00500243,0.0048704,0.00850538,0.00500243,"ARIMA(1, 0, 0)",-0.00500243,-0.00013203,0.00350296,0.0,2025-W08
adj_close.csv,ARIMA,XLB,0.00135949,0.00656326,0.00156083,0.00135949,0.00656326,0.00156083,"ARIMA(1, 0, 0)",0.00156083,0.00020135,-0.00500243,0.0,2025-W09
adj_close.csv,ARIMA,XLB,0.00206496,0.0036902,0.00212937,0.00206496,0.0036902,0.00212937,"ARIMA(1, 0, 0)",-0.00212937,-6.441e-05,0.00156083,0.0,2025-W10
adj_close.csv,ARIMA,XLB,0.0043238,0.00210554,0.00423491,0.0043238,0.00210554,0.00423491,"ARIMA(1, 0, 0)",-0.00423491,8.89e-05,-0.00212937,0.0,2025-W11
adj_close.csv,ARIMA,XLB,0.00061342,0.00379246,0.00044245,0.00061342,0.00379246,0.00044245,"ARIMA(1, 0, 0)",-0.00044245,0.00017098,-0.00423491,0.0,2025-W12
adj_close.csv,ARIMA,XLB,0.00079922,0.00033908,0.00078153,0.00079922,0.00033908,0.00078153,"ARIMA(1, 0, 0)",-0.00078153,1.769e-05,-0.00044245,0.0,2025-W13
adj_close.csv,ARIMA,XLB,0.01764526,0.01683252,0.01761405,0.01764526,0.01683252,0.01761405,"ARIMA(1, 0, 0)",-0.01761405,3.121e-05,-0.00078153,0.0,2025-W14
adj_close.csv,ARIMA,XLB,0.0059504,0.02423167,0.00661762,0.0059504,0.02423167,0.00661762,"ARIMA(1, 0, 0)",0.00661762,0.00066722,-0.01761405,0.0,2025-W15
adj_close.csv,ARIMA,XLB,0.00112459,0.00584243,0.00077519,0.00112459,0.00584243,0.00077519,"ARIMA(1, 0, 0)",0.00077519,-0.0003494,0.00661762,0.0,2025-W16
adj_close.csv,ARIMA,XLB,0.00461887,0.00380357,0.00457876,0.00461887,0.00380357,0.00457876,"ARIMA(1, 0, 0)",0.00457876,-4.011e-05,0.00077519,0.0,2025-W17
adj_close.csv,ARIMA,XLB,0.00574973,0.00093636,0.00551512,0.00574973,0.00093636,0.00551512,"ARIMA(1, 0, 0)",0.00551512,-0.00023461,0.00457876,0.0,2025-W18
adj_close.csv,ARIMA,XLB,0.00061109,0.00638832,0.0008732,0.00061109,0.00638832,0.0008732,"ARIMA(1, 0, 0)",-0.0008732,-0.00026211,0.00551512,0.0,2025-W19
adj_close.csv,ARIMA,XLB,0.00576236,0.00667747,0.00580427,0.00576236,0.00667747,0.00580427,"ARIMA(1, 0, 0)",0.00580427,4.191e-05,-0.0008732,0.0,2025-W20
adj_close.csv,ARIMA,XLB,0.00284326,0.00893024,0.00312597,0.00284326,0.00893024,0.00312597,"ARIMA(1, 0, 0)",-0.00312597,-0.0002827,0.00580427,0.0,2025-W21
adj_close.csv,ARIMA,XLB,0.00170055,0.00498598,0.00186002,0.00170055,0.00498598,0.00186002,"ARIMA(1, 0, 0)",0.00186002,0.00015946,-0.00312597,0.0,2025-W22
adj_close.csv,ARIMA,XLB,0.00340441,0.00144814,0.00330815,0.00340441,0.00144814,0.00330815,"ARIMA(1, 0, 0)",0.00330815,-9.626e-05,0.00186002,0.0,2025-W23
adj_close.csv,ARIMA,XLB,0.00074516,0.0042216,0.00091345,0.00074516,0.0042216,0.00091345,"ARIMA(1, 0, 0)",-0.00091345,-0.00016829,0.00330815,0.0,2025-W24
adj_close.csv,ARIMA,XLB,0.0028086,0.00184837,0.00276182,0.0028086,0.00184837,0.00276182,"ARIMA(1, 0, 0)",-0.00276182,4.678e-05,-0.00091345,0.0,2025-W25
adj_close.csv,ARIMA,XLB,0.00424914,0.00715141,0.0043896,0.00424914,0.00715141,0.0043896,"ARIMA(1, 0, 0)",0.0043896,0.00014046,-0.00276182,0.0,2025-W26
adj_close.csv,ARIMA,XLB,0.00993822,0.00531822,0.00970782,0.00993822,0.00531822,0.00970782,"ARIMA(1, 0, 0)",0.00970782,-0.00023041,0.0043896,0.0,2025-W27
adj_close.csv,ARIMA,XLB,0.00077886,0.00937976,0.00032806,0.00077886,0.00937976,0.00032806,"ARIMA(1, 0, 0)",0.00032806,-0.0004508,0.00970782,0.0,2025-W28
adj_close.csv,ARIMA,XLB,0.0028464,0.00318936,0.0028613,0.0028464,0.00318936,0.0028613,"ARIMA(1, 0, 0)",-0.0028613,-1.489e-05,0.00032806,0.0,2025-W29
adj_close.csv,ARIMA,XLB,0.00457996,0.00757153,0.00471023,0.00457996,0.00757153,0.00471023,"ARIMA(1, 0, 0)",0.00471023,0.00013027,-0.0028613,0.0,2025-W30
adj_close.csv,ARIMA,XLB,0.01240065,0.01733378,0.01262355,0.01240065,0.01733378,0.01262355,"ARIMA(1, 0, 0)",-0.01262355,-0.0002229,0.00471023,0.0,2025-W31
adj_close.csv,ARIMA,XLB,0.0030264,0.01634787,0.00372433,0.0030264,0.01634787,0.00372433,"ARIMA(1, 0, 0)",0.00372433,0.00069793,-0.01262355,0.0,2025-W32
adj_close.csv,ARIMA,XLB,0.00399226,4.303e-05,0.00376736,0.00399226,4.303e-05,0.00376736,"ARIMA(1, 0, 0)",0.00376736,-0.0002249,0.00372433,0.0,2025-W33
adj_close.csv,ARIMA,XLB,0.00494008,0.00095268,0.00472004,0.00494008,0.00095268,0.00472004,"ARIMA(1, 0, 0)",0.00472004,-0.00022004,0.00376736,0.0,2025-W34
adj_close.csv,ARIMA,XLB,0.00048084,0.0045032,0.00021684,0.00048084,0.0045032,0.00021684,"ARIMA(1, 0, 0)",0.00021684,-0.000264,0.00472004,0.0,2025-W35
adj_close.csv,ARIMA,XLB,0.00085636,0.00108527,0.00086842,0.00085636,0.00108527,0.00086842,"ARIMA(1, 0, 0)",-0.00086842,-1.206e-05,0.00021684,0.0,2025-W36
adj_close.csv,ARIMA,XLB,0.00065822,0.00025854,0.00060989,0.00065822,0.00025854,0.00060989,"ARIMA(1, 0, 0)",-0.00060989,4.833e-05,-0.00086842,0.0,2025-W37
adj_close.csv,ARIMA,XLB,0.00189681,0.00125303,0.00186292,0.00189681,0.00125303,0.00186292,"ARIMA(1, 0, 0)",-0.00186292,3.39e-05,-0.00060989,0.0,2025-W38
adj_close.csv,ARIMA,XLB,0.00358693,0.00162076,0.00348367,0.00358693,0.00162076,0.00348367,"ARIMA(1, 0, 0)",-0.00348367,0.00010325,-0.00186292,0.0,2025-W39
adj_close.csv,ARIMA,XLB,0.00209318,0.00576686,0.00228318,0.00209318,0.00576686,0.00228318,"ARIMA(1, 0, 0)",0.00228318,0.00019,-0.00348367,0.0,2025-W40
adj_close.csv,ARIMA,XLB,0.00668736,0.00909727,0.00681409,0.00668736,0.00909727,0.00681409,"ARIMA(1, 0, 0)",-0.00681409,-0.00012673,0.00228318,0.0,2025-W41
adj_close.csv,ARIMA,XLB,0.00196598,0.00917204,0.00235795,0.00196598,0.00917204,0.00235795,"ARIMA(1, 0, 0)",0.00235795,0.00039197,-0.00681409,0.0,2025-W42
adj_close.csv,ARIMA,XLB,0.00269509,0.00019735,0.0025553,0.00269509,0.00019735,0.0025553,"ARIMA(1, 0, 0)",0.0025553,-0.00013979,0.00235795,0.0,2025-W43
adj_close.csv,ARIMA,XLB,0.00749986,0.01020452,0.00764922,0.00749986,0.01020452,0.00764922,"ARIMA(1, 0, 0)",-0.00764922,-0.00014936,0.0025553,0.0,2025-W44
adj_close.csv,ARIMA,XLB,0.00011645,0.00799909,0.00034988,0.00011645,0.00799909,0.00034988,"ARIMA(1, 0, 0)",0.00034988,0.00046632,-0.00764922,0.0,2025-W45
adj_close.csv,ARIMA,XLB,0.00222306,0.0018519,0.00220177,0.00222306,0.0018519,0.00220177,"ARIMA(1, 0, 0)",0.00220177,-2.129e-05,0.00034988,0.0,2025-W46
adj_close.csv,ARIMA,XLB,0.00083667,0.00317219,0.00097042,0.00083667,0.00317219,0.00097042,"ARIMA(1, 0, 0)",-0.00097042,-0.00013375,0.00220177,0.0,2025-W47
adj_close.csv,ARIMA,XLB,0.0086188,0.0096484,0.00867798,0.0086188,0.0096484,0.00867798,"ARIMA(1, 0, 0)",0.00867798,5.918e-05,-0.00097042,0.0,2025-W48
adj_close.csv,ARIMA,XLB,0.00220943,0.01142609,0.00274811,0.00220943,0.01142609,0.00274811,"ARIMA(1, 0, 0)",-0.00274811,-0.00053868,0.00867798,0.0,2025-W49
adj_close.csv,ARIMA,XLB,0.00457409,0.00749957,0.00475146,0.00457409,0.00749957,0.00475146,"ARIMA(1, 0, 0)",0.00475146,0.00017737,-0.00274811,0.0,2025-W50
adj_close.csv,ARIMA,XLB,0.00128652,0.00377931,0.00097215,0.00128652,0.00377931,0.00097215,"ARIMA(1, 0, 0)",0.00097215,-0.00031437,0.00475146,0.0,2025-W51
adj_close.csv,ARIMA,XLB,0.00539544,0.00435973,0.00533188,0.00539544,0.00435973,0.00533188,"ARIMA(1, 0, 0)",0.00533188,-6.356e-05,0.00097215,0.0,2025-W52
adj_close.csv,ARIMA,XLB,0.0003992,0.00527768,5.42e-05,0.0003992,0.00527768,5.42e-05,"ARIMA(1, 0, 0)",5.42e-05,-0.000345,0.00533188,0.0,2026-W01
adj_close.csv,ARIMA,XLB,0.00907476,0.00901707,0.00907127,0.00907476,0.00901707,0.00907127,"ARIMA(1, 0, 0)",0.00907127,-3.49e-06,5.42e-05,0.0,2026-W02
adj_close.csv,ARIMA,XLB,0.00231696,0.00733822,0.00173305,0.00231696,0.00733822,0.00173305,"ARIMA(1, 0, 0)",0.00173305,-0.00058391,0.00907127,0.0,2026-W03
adj_close.csv,ARIMA,XLB,0.00664559,0.00480559,0.00653864,0.00664559,0.00480559,0.00653864,"ARIMA(1, 0, 0)",0.00653864,-0.00010695,0.00173305,0.0,2026-W04
adj_close.csv,ARIMA,XLB,0.00242751,0.00936014,0.00282149,0.00242751,0.00936014,0.00282149,"ARIMA(1, 0, 0)",-0.00282149,-0.00039398,0.00653864,0.0,2026-W05
adj_close.csv,ARIMA,XLB,0.0075074,0.01050453,0.00768304,0.0075074,0.01050453,0.00768304,"ARIMA(1, 0, 0)",0.00768304,0.00017564,-0.00282149,0.0,2026-W06
adj_close.csv,ARIMA,XLE,0.00045148,0.00443641,0.00039012,0.00045148,0.00443641,0.00039012,"ARIMA(2, 0, 3)",-0.00039012,6.136e-05,0.0040463,0.0,2024-W30
adj_close.csv,ARIMA,XLE,0.00739019,0.00800583,0.00839595,0.00739019,0.00800583,0.00839595,"ARIMA(2, 0, 3)",-0.00839595,-0.00100576,-0.00039012,0.0,2024-W31
adj_close.csv,ARIMA,XLE,0.00172368,0.01066809,0.00227214,0.00172368,0.01066809,0.00227214,"ARIMA(2, 0, 3)",0.00227214,0.00054846,-0.00839595,0.0,2024-W32
adj_close.csv,ARIMA,XLE,0.00116568,8.501e-05,0.00235715,0.00116568,8.501e-05,0.00235715,"ARIMA(2, 0, 3)",0.00235715,0.00119147,0.00227214,0.0,2024-W33
adj_close.csv,ARIMA,XLE,0.0015751,0.0025341,0.00017695,0.0015751,0.0025341,0.00017695,"ARIMA(2, 0, 3)",-0.00017695,-0.00175205,0.00235715,0.0,2024-W34
adj_close.csv,ARIMA,XLE,0.00265405,0.00213657,0.00195962,0.00265405,0.00213657,0.00195962,"ARIMA(2, 0, 3)",0.00195962,-0.00069443,-0.00017695,0.0,2024-W35
adj_close.csv,ARIMA,XLE,0.01557465,0.01682667,0.01486705,0.01557465,0.01682667,0.01486705,"ARIMA(2, 0, 3)",-0.01486705,0.00070761,0.00195962,0.0,2024-W36
adj_close.csv,ARIMA,XLE,0.00185993,0.01388802,0.00097902,0.00185993,0.01388802,0.00097902,"ARIMA(2, 0, 3)",-0.00097902,0.00088091,-0.01486705,0.0,2024-W37
adj_close.csv,ARIMA,XLE,0.00563112,0.00825254,0.00727352,0.00563112,0.00825254,0.00727352,"ARIMA(2, 0, 3)",0.00727352,0.0016424,-0.00097902,0.0,2024-W38
adj_close.csv,ARIMA,XLE,0.00106233,0.00919793,0.00192441,0.00106233,0.00919793,0.00192441,"ARIMA(2, 0, 3)",-0.00192441,-0.00298674,0.00727352,0.0,2024-W39
adj_close.csv,ARIMA,XLE,0.01541296,0.01521309,0.01328868,0.01541296,0.01521309,0.01328868,"ARIMA(2, 0, 3)",0.01328868,-0.00212427,-0.00192441,0.0,2024-W40
adj_close.csv,ARIMA,XLE,0.00053323,0.01408443,0.00079575,0.00053323,0.01408443,0.00079575,"ARIMA(2, 0, 3)",-0.00079575,-0.00026252,0.01328868,0.0,2024-W41
adj_close.csv,ARIMA,XLE,0.00497699,0.00459906,0.00539481,0.00497699,0.00459906,0.00539481,"ARIMA(2, 0, 3)",-0.00539481,-0.00041782,-0.00079575,0.0,2024-W42
adj_close.csv,ARIMA,XLE,0.00330046,0.00412891,0.0012659,0.00330046,0.00412891,0.0012659,"ARIMA(2, 0, 3)",-0.0012659,0.00203456,-0.00539481,0.0,2024-W43
adj_close.csv,ARIMA,XLE,0.00311744,0.00264872,0.00391463,0.00311744,0.00264872,0.00391463,"ARIMA(2, 0, 3)",-0.00391463,-0.00079719,-0.0012659,0.0,2024-W44
adj_close.csv,ARIMA,XLE,0.01380276,0.01650543,0.0125908,0.01380276,0.01650543,0.0125908,"ARIMA(2, 0, 3)",0.0125908,-0.00121196,-0.00391463,0.0,2024-W45
adj_close.csv,ARIMA,XLE,0.00195758,0.01051098,0.00207982,0.00195758,0.01051098,0.00207982,"ARIMA(2, 0, 3)",0.00207982,0.00012224,0.0125908,0.0,2024-W46
adj_close.csv,ARIMA,XLE,0.00708123,0.00321214,0.00529196,0.00708123,0.00321214,0.00529196,"ARIMA(2, 0, 3)",0.00529196,-0.00178926,0.00207982,0.0,2024-W47
adj_close.csv,ARIMA,XLE,0.00501763,0.0098045,0.00451254,0.00501763,0.0098045,0.00451254,"ARIMA(2, 0, 3)",-0.00451254,0.00050509,0.00529196,0.0,2024-W48
adj_close.csv,ARIMA,XLE,0.00987195,0.0051597,0.00967224,0.00987195,0.0051597,0.00967224,"ARIMA(2, 0, 3)",-0.00967224,0.00019972,-0.00451254,0.0,2024-W49
adj_close.csv,ARIMA,XLE,0.00510583,0.00567744,0.0039948,0.00510583,0.00567744,0.0039948,"ARIMA(2, 0, 3)",-0.0039948,0.00111103,-0.00967224,0.0,2024-W50
adj_close.csv,ARIMA,XLE,0.01265303,0.00772986,0.01172466,0.01265303,0.00772986,0.01172466,"ARIMA(2, 0, 3)",-0.01172466,0.00092837,-0.0039948,0.0,2024-W51
adj_close.csv,ARIMA,XLE,0.00363419,0.0150581,0.00333344,0.00363419,0.0150581,0.00333344,"ARIMA(2, 0, 3)",0.00333344,-0.00030076,-0.01172466,0.0,2024-W52
adj_close.csv,ARIMA,XLE,0.00814152,0.00512519,0.00845863,0.00814152,0.00512519,0.00845863,"ARIMA(2, 0, 3)",0.00845863,0.00031711,0.00333344,0.0,2025-W01
adj_close.csv,ARIMA,XLE,0.00408878,0.0058429,0.00261573,0.00408878,0.0058429,0.00261573,"ARIMA(2, 0, 3)",0.00261573,-0.00147305,0.00845863,0.0,2025-W02
adj_close.csv,ARIMA,XLE,0.01292237,0.00960633,0.01222206,0.01292237,0.00960633,0.01222206,"ARIMA(2, 0, 3)",0.01222206,-0.00070031,0.00261573,0.0,2025-W03
adj_close.csv,ARIMA,XLE,0.00751503,0.01937428,0.00715222,0.00751503,0.01937428,0.00715222,"ARIMA(2, 0, 3)",-0.00715222,0.00036281,0.01222206,0.0,2025-W04
adj_close.csv,ARIMA,XLE,0.00729992,0.00105233,0.00820454,0.00729992,0.00105233,0.00820454,"ARIMA(2, 0, 3)",-0.00820454,-0.00090462,-0.00715222,0.0,2025-W05
adj_close.csv,ARIMA,XLE,0.00072264,0.01029309,0.00208854,0.00072264,0.01029309,0.00208854,"ARIMA(2, 0, 3)",0.00208854,0.0013659,-0.00820454,0.0,2025-W06
adj_close.csv,ARIMA,XLE,0.0033605,0.00129282,0.00338136,0.0033605,0.00129282,0.00338136,"ARIMA(2, 0, 3)",0.00338136,2.087e-05,0.00208854,0.0,2025-W07
adj_close.csv,ARIMA,XLE,0.00279788,0.00100564,0.00237572,0.00279788,0.00100564,0.00237572,"ARIMA(2, 0, 3)",0.00237572,-0.00042216,0.00338136,0.0,2025-W08
adj_close.csv,ARIMA,XLE,0.00054962,0.00222181,0.00015391,0.00054962,0.00222181,0.00015391,"ARIMA(2, 0, 3)",0.00015391,-0.00039571,0.00237572,0.0,2025-W09
adj_close.csv,ARIMA,XLE,0.00778783,0.00815815,0.00800423,0.00778783,0.00815815,0.00800423,"ARIMA(2, 0, 3)",-0.00800423,-0.00021641,0.00015391,0.0,2025-W10
adj_close.csv,ARIMA,XLE,0.0047473,0.01326446,0.00526022,0.0047473,0.01326446,0.00526022,"ARIMA(2, 0, 3)",0.00526022,0.00051292,-0.00800423,0.0,2025-W11
adj_close.csv,ARIMA,XLE,0.00522426,0.00079683,0.00605705,0.00522426,0.00079683,0.00605705,"ARIMA(2, 0, 3)",0.00605705,0.00083279,0.00526022,0.0,2025-W12
adj_close.csv,ARIMA,XLE,0.00270258,0.00469787,0.00135918,0.00270258,0.00469787,0.00135918,"ARIMA(2, 0, 3)",0.00135918,-0.0013434,0.00605705,0.0,2025-W13
adj_close.csv,ARIMA,XLE,0.0313261,0.03336845,0.03200927,0.0313261,0.03336845,0.03200927,"ARIMA(2, 0, 3)",-0.03200927,-0.00068317,0.00135918,0.0,2025-W14
adj_close.csv,ARIMA,XLE,5.225e-05,0.0323391,0.00032982,5.225e-05,0.0323391,0.00032982,"ARIMA(2, 0, 3)",0.00032982,0.00027757,-0.03200927,0.0,2025-W15
adj_close.csv,ARIMA,XLE,0.00418217,0.00780733,0.00813715,0.00418217,0.00780733,0.00813715,"ARIMA(2, 0, 3)",0.00813715,0.00395499,0.00032982,0.0,2025-W16
adj_close.csv,ARIMA,XLE,0.00280295,0.00596492,0.00217223,0.00280295,0.00596492,0.00217223,"ARIMA(2, 0, 3)",0.00217223,-0.00063072,0.00813715,0.0,2025-W17
adj_close.csv,ARIMA,XLE,0.00015057,0.00317,0.00099777,0.00015057,0.00317,0.00099777,"ARIMA(2, 0, 3)",-0.00099777,-0.0008472,0.00217223,0.0,2025-W18
adj_close.csv,ARIMA,XLE,0.00138892,0.00209259,0.00109483,0.00138892,0.00209259,0.00109483,"ARIMA(2, 0, 3)",0.00109483,-0.0002941,-0.00099777,0.0,2025-W19
adj_close.csv,ARIMA,XLE,0.00722496,0.00617179,0.00726661,0.00722496,0.00617179,0.00726661,"ARIMA(2, 0, 3)",0.00726661,4.165e-05,0.00109483,0.0,2025-W20
adj_close.csv,ARIMA,XLE,0.00805966,0.01560366,0.00833705,0.00805966,0.01560366,0.00833705,"ARIMA(2, 0, 3)",-0.00833705,-0.00027739,0.00726661,0.0,2025-W21
adj_close.csv,ARIMA,XLE,0.00085278,0.00693047,0.00140658,0.00085278,0.00693047,0.00140658,"ARIMA(2, 0, 3)",-0.00140658,-0.0005538,-0.00833705,0.0,2025-W22
adj_close.csv,ARIMA,XLE,0.00299185,0.00596602,0.00455944,0.00299185,0.00596602,0.00455944,"ARIMA(2, 0, 3)",0.00455944,0.00156759,-0.00140658,0.0,2025-W23
adj_close.csv,ARIMA,XLE,0.0111239,0.00638143,0.01094087,0.0111239,0.00638143,0.01094087,"ARIMA(2, 0, 3)",0.01094087,-0.00018303,0.00455944,0.0,2025-W24
adj_close.csv,ARIMA,XLE,0.00384862,0.00845609,0.00248478,0.00384862,0.00845609,0.00248478,"ARIMA(2, 0, 3)",0.00248478,-0.00136384,0.01094087,0.0,2025-W25
adj_close.csv,ARIMA,XLE,0.00542179,0.00931183,0.00682705,0.00542179,0.00931183,0.00682705,"ARIMA(2, 0, 3)",-0.00682705,-0.00140526,0.00248478,0.0,2025-W26
adj_close.csv,ARIMA,XLE,0.00497736,0.01184667,0.00501962,0.00497736,0.01184667,0.00501962,"ARIMA(2, 0, 3)",0.00501962,4.226e-05,-0.00682705,0.0,2025-W27
adj_close.csv,ARIMA,XLE,0.003742,0.00025101,0.00476861,0.003742,0.00025101,0.00476861,"ARIMA(2, 0, 3)",0.00476861,0.00102661,0.00501962,0.0,2025-W28
adj_close.csv,ARIMA,XLE,0.00648088,0.0120114,0.00724279,0.00648088,0.0120114,0.00724279,"ARIMA(2, 0, 3)",-0.00724279,-0.00076191,0.00476861,0.0,2025-W29
adj_close.csv,ARIMA,XLE,0.00305104,0.00987776,0.00263497,0.00305104,0.00987776,0.00263497,"ARIMA(2, 0, 3)",0.00263497,-0.00041606,-0.00724279,0.0,2025-W30
adj_close.csv,ARIMA,XLE,0.00452395,0.00613265,0.00349768,0.00452395,0.00613265,0.00349768,"ARIMA(2, 0, 3)",-0.00349768,0.00102627,0.00263497,0.0,2025-W31
adj_close.csv,ARIMA,XLE,0.00114859,0.00194948,0.0015482,0.00114859,0.00194948,0.0015482,"ARIMA(2, 0, 3)",-0.0015482,-0.00039961,-0.00349768,0.0,2025-W32
adj_close.csv,ARIMA,XLE,0.00093401,0.00302629,0.00147809,0.00093401,0.00302629,0.00147809,"ARIMA(2, 0, 3)",0.00147809,0.00054407,-0.0015482,0.0,2025-W33
adj_close.csv,ARIMA,XLE,0.00590649,0.00446362,0.00594171,0.00590649,0.00446362,0.00594171,"ARIMA(2, 0, 3)",0.00594171,3.522e-05,0.00147809,0.0,2025-W34
adj_close.csv,ARIMA,XLE,0.00538348,0.00090027,0.00504144,0.00538348,0.00090027,0.00504144,"ARIMA(2, 0, 3)",0.00504144,-0.00034205,0.00594171,0.0,2025-W35
adj_close.csv,ARIMA,XLE,0.00765197,0.01356546,0.00852403,0.00765197,0.01356546,0.00852403,"ARIMA(2, 0, 3)",-0.00852403,-0.00087206,0.00504144,0.0,2025-W36
adj_close.csv,ARIMA,XLE,0.00318508,0.01134288,0.00281885,0.00318508,0.01134288,0.00281885,"ARIMA(2, 0, 3)",0.00281885,-0.00036623,-0.00852403,0.0,2025-W37
adj_close.csv,ARIMA,XLE,0.00146213,0.00299952,0.00018067,0.00146213,0.00299952,0.00018067,"ARIMA(2, 0, 3)",-0.00018067,0.00128147,0.00281885,0.0,2025-W38
adj_close.csv,ARIMA,XLE,0.00989692,0.00957042,0.00938975,0.00989692,0.00957042,0.00938975,"ARIMA(2, 0, 3)",0.00938975,-0.00050717,-0.00018067,0.0,2025-W39
adj_close.csv,ARIMA,XLE,0.00669096,0.01620079,0.00681104,0.00669096,0.01620079,0.00681104,"ARIMA(2, 0, 3)",-0.00681104,-0.00012008,0.00938975,0.0,2025-W40
adj_close.csv,ARIMA,XLE,0.00736832,0.00166666,0.0084777,0.00736832,0.00166666,0.0084777,"ARIMA(2, 0, 3)",-0.0084777,-0.00110938,-0.00681104,0.0,2025-W41
adj_close.csv,ARIMA,XLE,0.00043913,0.01025342,0.00177572,0.00043913,0.01025342,0.00177572,"ARIMA(2, 0, 3)",0.00177572,0.00133659,-0.0084777,0.0,2025-W42
adj_close.csv,ARIMA,XLE,0.0037787,0.00302773,0.00480345,0.0037787,0.00302773,0.00480345,"ARIMA(2, 0, 3)",0.00480345,0.00102474,0.00177572,0.0,2025-W43
adj_close.csv,ARIMA,XLE,0.00061926,0.00466725,0.00013619,0.00061926,0.00466725,0.00013619,"ARIMA(2, 0, 3)",0.00013619,-0.00048307,0.00480345,0.0,2025-W44
adj_close.csv,ARIMA,XLE,0.00391741,0.00303831,0.0031745,0.00391741,0.00303831,0.0031745,"ARIMA(2, 0, 3)",0.0031745,-0.00074291,0.00013619,0.0,2025-W45
adj_close.csv,ARIMA,XLE,0.00554795,0.0022896,0.0054641,0.00554795,0.0022896,0.0054641,"ARIMA(2, 0, 3)",0.0054641,-8.385e-05,0.0031745,0.0,2025-W46
adj_close.csv,ARIMA,XLE,0.00522604,0.01119642,0.00573232,0.00522604,0.01119642,0.00573232,"ARIMA(2, 0, 3)",-0.00573232,-0.00050628,0.0054641,0.0,2025-W47
adj_close.csv,ARIMA,XLE,0.00337561,0.00859553,0.00286321,0.00337561,0.00859553,0.00286321,"ARIMA(2, 0, 3)",0.00286321,-0.0005124,-0.00573232,0.0,2025-W48
adj_close.csv,ARIMA,XLE,0.00220127,0.00018693,0.00305014,0.00220127,0.00018693,0.00305014,"ARIMA(2, 0, 3)",0.00305014,0.00084887,0.00286321,0.0,2025-W49
adj_close.csv,ARIMA,XLE,0.00110527,0.00484387,0.00179372,0.00110527,0.00484387,0.00179372,"ARIMA(2, 0, 3)",-0.00179372,-0.00068845,0.00305014,0.0,2025-W50
adj_close.csv,ARIMA,XLE,0.00587726,0.00436473,0.00615845,0.00587726,0.00436473,0.00615845,"ARIMA(2, 0, 3)",-0.00615845,-0.00028119,-0.00179372,0.0,2025-W51
adj_close.csv,ARIMA,XLE,0.00209957,0.00867675,0.0025183,0.00209957,0.00867675,0.0025183,"ARIMA(2, 0, 3)",0.0025183,0.00041873,-0.00615845,0.0,2025-W52
adj_close.csv,ARIMA,XLE,0.0072819,0.00555141,0.00806971,0.0072819,0.00555141,0.00806971,"ARIMA(2, 0, 3)",0.00806971,0.00078781,0.0025183,0.0,2026-W01
adj_close.csv,ARIMA,XLE,0.00506974,0.00365013,0.00441958,0.00506974,0.00365013,0.00441958,"ARIMA(2, 0, 3)",0.00441958,-0.00065017,0.00806971,0.0,2026-W02
adj_close.csv,ARIMA,XLE,0.00595496,9.554e-05,0.00432404,0.00595496,9.554e-05,0.00432404,"ARIMA(2, 0, 3)",0.00432404,-0.00163093,0.00441958,0.0,2026-W03
adj_close.csv,ARIMA,XLE,0.00833204,0.00341812,0.00774215,0.00833204,0.00341812,0.00774215,"ARIMA(2, 0, 3)",0.00774215,-0.00058989,0.00432404,0.0,2026-W04
adj_close.csv,ARIMA,XLE,0.00773974,0.00031911,0.00742304,0.00773974,0.00031911,0.00742304,"ARIMA(2, 0, 3)",0.00742304,-0.0003167,0.00774215,0.0,2026-W05
adj_close.csv,ARIMA,XLE,0.01897907,0.02720608,0.01978304,0.01897907,0.02720608,0.01978304,"ARIMA(2, 0, 3)",-0.01978304,-0.00080396,0.00742304,0.0,2026-W06
adj_close.csv,ARIMA,XLF,0.00303509,0.00039104,0.00259688,0.00303509,0.00039104,0.00259688,"ARIMA(2, 0, 0)",0.00259688,-0.00043821,0.00220584,0.0,2024-W30
adj_close.csv,ARIMA,XLF,0.00614182,0.00891542,0.00631854,0.00614182,0.00891542,0.00631854,"ARIMA(2, 0, 0)",-0.00631854,-0.00017673,0.00259688,0.0,2024-W31
adj_close.csv,ARIMA,XLF,0.00220773,0.00792879,0.00161024,0.00220773,0.00792879,0.00161024,"ARIMA(2, 0, 0)",0.00161024,-0.00059749,-0.00631854,0.0,2024-W32
adj_close.csv,ARIMA,XLF,0.00546825,0.00474979,0.00636003,0.00546825,0.00474979,0.00636003,"ARIMA(2, 0, 0)",0.00636003,0.00089178,0.00161024,0.0,2024-W33
adj_close.csv,ARIMA,XLF,0.00296395,0.00336678,0.00299325,0.00296395,0.00336678,0.00299325,"ARIMA(2, 0, 0)",0.00299325,2.93e-05,0.00636003,0.0,2024-W34
adj_close.csv,ARIMA,XLF,0.00655303,0.00281843,0.00581168,0.00655303,0.00281843,0.00581168,"ARIMA(2, 0, 0)",0.00581168,-0.00074135,0.00299325,0.0,2024-W35
adj_close.csv,ARIMA,XLF,0.00792962,0.01386527,0.00805359,0.00792962,0.01386527,0.00805359,"ARIMA(2, 0, 0)",-0.00805359,-0.00012397,0.00581168,0.0,2024-W36
adj_close.csv,ARIMA,XLF,0.00207257,0.00904457,0.00099098,0.00207257,0.00904457,0.00099098,"ARIMA(2, 0, 0)",0.00099098,-0.00108159,-0.00805359,0.0,2024-W37
adj_close.csv,ARIMA,XLF,0.00400846,0.00411079,0.00510177,0.00400846,0.00411079,0.00510177,"ARIMA(2, 0, 0)",0.00510177,0.00109332,0.00099098,0.0,2024-W38
adj_close.csv,ARIMA,XLF,0.00157057,0.00662421,0.00152244,0.00157057,0.00662421,0.00152244,"ARIMA(2, 0, 0)",-0.00152244,4.813e-05,0.00510177,0.0,2024-W39
adj_close.csv,ARIMA,XLF,0.00295346,0.00372511,0.00220267,0.00295346,0.00372511,0.00220267,"ARIMA(2, 0, 0)",0.00220267,-0.00075079,-0.00152244,0.0,2024-W40
adj_close.csv,ARIMA,XLF,0.00345359,0.00153006,0.00373273,0.00345359,0.00153006,0.00373273,"ARIMA(2, 0, 0)",0.00373273,0.00027914,0.00220267,0.0,2024-W41
adj_close.csv,ARIMA,XLF,0.00488398,0.00098437,0.0047171,0.00488398,0.00098437,0.0047171,"ARIMA(2, 0, 0)",0.0047171,-0.00016688,0.00373273,0.0,2024-W42
adj_close.csv,ARIMA,XLF,0.00388242,0.00891883,0.00420173,0.00388242,0.00891883,0.00420173,"ARIMA(2, 0, 0)",-0.00420173,-0.00031931,0.0047171,0.0,2024-W43
adj_close.csv,ARIMA,XLF,0.00083135,0.00424459,4.286e-05,0.00083135,0.00424459,4.286e-05,"ARIMA(2, 0, 0)",4.286e-05,-0.00078849,-0.00420173,0.0,2024-W44
adj_close.csv,ARIMA,XLF,0.01007676,0.01060353,0.01064639,0.01007676,0.01060353,0.01064639,"ARIMA(2, 0, 0)",0.01064639,0.00056963,4.286e-05,0.0,2024-W45
adj_close.csv,ARIMA,XLF,0.0023812,0.00790053,0.00274586,0.0023812,0.00790053,0.00274586,"ARIMA(2, 0, 0)",0.00274586,0.00036466,0.01064639,0.0,2024-W46
adj_close.csv,ARIMA,XLF,0.00482455,0.00067367,0.00341954,0.00482455,0.00067367,0.00341954,"ARIMA(2, 0, 0)",0.00341954,-0.00140501,0.00274586,0.0,2024-W47
adj_close.csv,ARIMA,XLF,0.00321711,0.00043134,0.0029882,0.00321711,0.00043134,0.0029882,"ARIMA(2, 0, 0)",0.0029882,-0.00022891,0.00341954,0.0,2024-W48
adj_close.csv,ARIMA,XLF,0.00336855,0.00668399,0.00369579,0.00336855,0.00668399,0.00369579,"ARIMA(2, 0, 0)",-0.00369579,-0.00032724,0.0029882,0.0,2024-W49
adj_close.csv,ARIMA,XLF,0.00288892,0.00025364,0.00344215,0.00288892,0.00025364,0.00344215,"ARIMA(2, 0, 0)",-0.00344215,-0.00055323,-0.00369579,0.0,2024-W50
adj_close.csv,ARIMA,XLF,0.00455755,0.00075996,0.00420211,0.00455755,0.00075996,0.00420211,"ARIMA(2, 0, 0)",-0.00420211,0.00035544,-0.00344215,0.0,2024-W51
adj_close.csv,ARIMA,XLF,0.00202789,0.00649981,0.0022977,0.00202789,0.00649981,0.0022977,"ARIMA(2, 0, 0)",0.0022977,0.00026981,-0.00420211,0.0,2024-W52
adj_close.csv,ARIMA,XLF,0.00148734,0.00311956,0.00082186,0.00148734,0.00311956,0.00082186,"ARIMA(2, 0, 0)",-0.00082186,0.00066549,0.0022977,0.0,2025-W01
adj_close.csv,ARIMA,XLF,0.00627904,0.00579933,0.00662118,0.00627904,0.00579933,0.00662118,"ARIMA(2, 0, 0)",-0.00662118,-0.00034214,-0.00082186,0.0,2025-W02
adj_close.csv,ARIMA,XLF,0.01211629,0.01855706,0.01193588,0.01211629,0.01855706,0.01193588,"ARIMA(2, 0, 0)",0.01193588,-0.00018041,-0.00662118,0.0,2025-W03
adj_close.csv,ARIMA,XLF,0.00178567,0.00886895,0.00306693,0.00178567,0.00886895,0.00306693,"ARIMA(2, 0, 0)",0.00306693,0.00128126,0.01193588,0.0,2025-W04
adj_close.csv,ARIMA,XLF,0.00397167,0.00064314,0.0024238,0.00397167,0.00064314,0.0024238,"ARIMA(2, 0, 0)",0.0024238,-0.00154788,0.00306693,0.0,2025-W05
adj_close.csv,ARIMA,XLF,0.00167068,0.0010684,0.0013554,0.00167068,0.0010684,0.0013554,"ARIMA(2, 0, 0)",0.0013554,-0.00031528,0.0024238,0.0,2025-W06
adj_close.csv,ARIMA,XLF,0.00018981,0.00143258,7.718e-05,0.00018981,0.00143258,7.718e-05,"ARIMA(2, 0, 0)",-7.718e-05,-0.00026699,0.0013554,0.0,2025-W07
adj_close.csv,ARIMA,XLF,0.00493948,0.00504248,0.00511966,0.00493948,0.00504248,0.00511966,"ARIMA(2, 0, 0)",-0.00511966,-0.00018018,-7.718e-05,0.0,2025-W08
adj_close.csv,ARIMA,XLF,0.00573783,0.01067719,0.00555753,0.00573783,0.01067719,0.00555753,"ARIMA(2, 0, 0)",0.00555753,-0.0001803,-0.00511966,0.0,2025-W09
adj_close.csv,ARIMA,XLF,0.01294277,0.01764411,0.01208658,0.01294277,0.01764411,0.01208658,"ARIMA(2, 0, 0)",-0.01208658,0.00085619,0.00555753,0.0,2025-W10
adj_close.csv,ARIMA,XLF,0.00152282,0.00962853,0.00245805,0.00152282,0.00962853,0.00245805,"ARIMA(2, 0, 0)",-0.00245805,-0.00093523,-0.01208658,0.0,2025-W11
adj_close.csv,ARIMA,XLF,0.00241139,0.00629566,0.00383761,0.00241139,0.00629566,0.00383761,"ARIMA(2, 0, 0)",0.00383761,0.00142621,-0.00245805,0.0,2025-W12
adj_close.csv,ARIMA,XLF,0.00069069,0.00412595,0.00028834,0.00069069,0.00412595,0.00028834,"ARIMA(2, 0, 0)",-0.00028834,0.00040234,0.00383761,0.0,2025-W13
adj_close.csv,ARIMA,XLF,0.02098095,0.02118606,0.0214744,0.02098095,0.02118606,0.0214744,"ARIMA(2, 0, 0)",-0.0214744,-0.00049346,-0.00028834,0.0,2025-W14
adj_close.csv,ARIMA,XLF,0.01135441,0.03234974,0.01087534,0.01135441,0.03234974,0.01087534,"ARIMA(2, 0, 0)",0.01087534,-0.00047908,-0.0214744,0.0,2025-W15
adj_close.csv,ARIMA,XLF,0.00296886,0.01098246,0.00010712,0.00296886,0.01098246,0.00010712,"ARIMA(2, 0, 0)",-0.00010712,0.00286174,0.01087534,0.0,2025-W16
adj_close.csv,ARIMA,XLF,0.00719759,0.00589606,0.00578893,0.00719759,0.00589606,0.00578893,"ARIMA(2, 0, 0)",0.00578893,-0.00140866,-0.00010712,0.0,2025-W17
adj_close.csv,ARIMA,XLF,0.00718728,0.0013298,0.00711874,0.00718728,0.0013298,0.00711874,"ARIMA(2, 0, 0)",0.00711874,-6.854e-05,0.00578893,0.0,2025-W18
adj_close.csv,ARIMA,XLF,0.00115194,0.0067172,0.00040153,0.00115194,0.0067172,0.00040153,"ARIMA(2, 0, 0)",0.00040153,-0.00075041,0.00711874,0.0,2025-W19
adj_close.csv,ARIMA,XLF,0.00766779,0.00642023,0.00682177,0.00766779,0.00642023,0.00682177,"ARIMA(2, 0, 0)",0.00682177,-0.00084603,0.00040153,0.0,2025-W20
adj_close.csv,ARIMA,XLF,0.00596997,0.01288283,0.00606107,0.00596997,0.01288283,0.00606107,"ARIMA(2, 0, 0)",-0.00606107,-9.11e-05,0.00682177,0.0,2025-W21
adj_close.csv,ARIMA,XLF,0.00519162,0.01056567,0.00450461,0.00519162,0.01056567,0.00450461,"ARIMA(2, 0, 0)",0.00450461,-0.00068701,-0.00606107,0.0,2025-W22
adj_close.csv,ARIMA,XLF,0.00067719,0.00325263,0.00125197,0.00067719,0.00325263,0.00125197,"ARIMA(2, 0, 0)",0.00125197,0.00057479,0.00450461,0.0,2025-W23
adj_close.csv,ARIMA,XLF,0.00471097,0.00646762,0.00521565,0.00471097,0.00646762,0.00521565,"ARIMA(2, 0, 0)",-0.00521565,-0.00050468,0.00125197,0.0,2025-W24
adj_close.csv,ARIMA,XLF,0.00204382,0.0072093,0.00199365,0.00204382,0.0072093,0.00199365,"ARIMA(2, 0, 0)",0.00199365,-5.017e-05,-0.00521565,0.0,2025-W25
adj_close.csv,ARIMA,XLF,0.00632525,0.004869,0.00686265,0.00632525,0.004869,0.00686265,"ARIMA(2, 0, 0)",0.00686265,0.0005374,0.00199365,0.0,2025-W26
adj_close.csv,ARIMA,XLF,0.00628749,0.00091736,0.00594529,0.00628749,0.00091736,0.00594529,"ARIMA(2, 0, 0)",0.00594529,-0.00034219,0.00686265,0.0,2025-W27
adj_close.csv,ARIMA,XLF,0.00307336,0.00985619,0.0039109,0.00307336,0.00985619,0.0039109,"ARIMA(2, 0, 0)",-0.0039109,-0.00083753,0.00594529,0.0,2025-W28
adj_close.csv,ARIMA,XLF,0.00208482,0.00536268,0.00145179,0.00208482,0.00536268,0.00145179,"ARIMA(2, 0, 0)",0.00145179,-0.00063304,-0.0039109,0.0,2025-W29
adj_close.csv,ARIMA,XLF,0.00297318,0.00194516,0.00339694,0.00297318,0.00194516,0.00339694,"ARIMA(2, 0, 0)",0.00339694,0.00042376,0.00145179,0.0,2025-W30
adj_close.csv,ARIMA,XLF,0.00756989,0.0111812,0.00778426,0.00756989,0.0111812,0.00778426,"ARIMA(2, 0, 0)",-0.00778426,-0.00021437,0.00339694,0.0,2025-W31
adj_close.csv,ARIMA,XLF,0.00200509,0.0095276,0.00174333,0.00200509,0.0095276,0.00174333,"ARIMA(2, 0, 0)",0.00174333,-0.00026176,-0.00778426,0.0,2025-W32
adj_close.csv,ARIMA,XLF,0.00147152,0.00059587,0.00233921,0.00147152,0.00059587,0.00233921,"ARIMA(2, 0, 0)",0.00233921,0.00086769,0.00174333,0.0,2025-W33
adj_close.csv,ARIMA,XLF,0.00443638,0.00184844,0.00418765,0.00443638,0.00184844,0.00418765,"ARIMA(2, 0, 0)",0.00418765,-0.00024873,0.00233921,0.0,2025-W34
adj_close.csv,ARIMA,XLF,0.00190755,0.00262571,0.00156194,0.00190755,0.00262571,0.00156194,"ARIMA(2, 0, 0)",0.00156194,-0.00034561,0.00418765,0.0,2025-W35
adj_close.csv,ARIMA,XLF,0.00378661,0.00585872,0.00429678,0.00378661,0.00585872,0.00429678,"ARIMA(2, 0, 0)",-0.00429678,-0.00051017,0.00156194,0.0,2025-W36
adj_close.csv,ARIMA,XLF,0.00284152,0.00702912,0.00273234,0.00284152,0.00702912,0.00273234,"ARIMA(2, 0, 0)",0.00273234,-0.00010918,-0.00429678,0.0,2025-W37
adj_close.csv,ARIMA,XLF,0.00121438,0.00106643,0.0016659,0.00121438,0.00106643,0.0016659,"ARIMA(2, 0, 0)",0.0016659,0.00045152,0.00273234,0.0,2025-W38
adj_close.csv,ARIMA,XLF,0.00043306,0.00245157,0.00078567,0.00043306,0.00245157,0.00078567,"ARIMA(2, 0, 0)",-0.00078567,-0.00035261,0.0016659,0.0,2025-W39
adj_close.csv,ARIMA,XLF,0.00033872,0.00026513,0.00052054,0.00033872,0.00026513,0.00052054,"ARIMA(2, 0, 0)",-0.00052054,-0.00018182,-0.00078567,0.0,2025-W40
adj_close.csv,ARIMA,XLF,0.00599626,0.00537336,0.0058939,0.00599626,0.00537336,0.0058939,"ARIMA(2, 0, 0)",-0.0058939,0.00010236,-0.00052054,0.0,2025-W41
adj_close.csv,ARIMA,XLF,9.146e-05,0.00597058,7.668e-05,9.146e-05,0.00597058,7.668e-05,"ARIMA(2, 0, 0)",7.668e-05,0.00016814,-0.0058939,0.0,2025-W42
adj_close.csv,ARIMA,XLF,0.00284275,0.00345652,0.00353319,0.00284275,0.00345652,0.00353319,"ARIMA(2, 0, 0)",0.00353319,0.00069045,7.668e-05,0.0,2025-W43
adj_close.csv,ARIMA,XLF,0.00273319,0.00633947,0.00280628,0.00273319,0.00633947,0.00280628,"ARIMA(2, 0, 0)",-0.00280628,-7.31e-05,0.00353319,0.0,2025-W44
adj_close.csv,ARIMA,XLF,0.0019277,0.00436597,0.00155969,0.0019277,0.00436597,0.00155969,"ARIMA(2, 0, 0)",0.00155969,-0.00036801,-0.00280628,0.0,2025-W45
adj_close.csv,ARIMA,XLF,0.00155623,0.00281408,0.0012544,0.00155623,0.00281408,0.0012544,"ARIMA(2, 0, 0)",-0.0012544,0.00030183,0.00155969,0.0,2025-W46
adj_close.csv,ARIMA,XLF,0.00283783,0.00174221,0.00299661,0.00283783,0.00174221,0.00299661,"ARIMA(2, 0, 0)",-0.00299661,-0.00015878,-0.0012544,0.0,2025-W47
adj_close.csv,ARIMA,XLF,0.00769704,0.01090206,0.00790545,0.00769704,0.01090206,0.00790545,"ARIMA(2, 0, 0)",0.00790545,0.00020841,-0.00299661,0.0,2025-W48
adj_close.csv,ARIMA,XLF,0.00112942,0.00659717,0.00130828,0.00112942,0.00659717,0.00130828,"ARIMA(2, 0, 0)",0.00130828,0.00017886,0.00790545,0.0,2025-W49
adj_close.csv,ARIMA,XLF,0.00565631,0.00336837,0.00467665,0.00565631,0.00336837,0.00467665,"ARIMA(2, 0, 0)",0.00467665,-0.00097967,0.00130828,0.0,2025-W50
adj_close.csv,ARIMA,XLF,0.00015391,0.00507742,0.00040077,0.00015391,0.00507742,0.00040077,"ARIMA(2, 0, 0)",-0.00040077,-0.00024686,0.00467665,0.0,2025-W51
adj_close.csv,ARIMA,XLF,0.0049317,0.00480376,0.00440299,0.0049317,0.00480376,0.00440299,"ARIMA(2, 0, 0)",0.00440299,-0.00052871,-0.00040077,0.0,2025-W52
adj_close.csv,ARIMA,XLF,0.0030734,0.00752378,0.00312079,0.0030734,0.00752378,0.00312079,"ARIMA(2, 0, 0)",-0.00312079,-4.739e-05,0.00440299,0.0,2026-W01
adj_close.csv,ARIMA,XLF,0.00331369,0.00601258,0.00289179,0.00331369,0.00601258,0.00289179,"ARIMA(2, 0, 0)",0.00289179,-0.0004219,-0.00312079,0.0,2026-W02
adj_close.csv,ARIMA,XLF,0.00495836,0.00757568,0.00468389,0.00495836,0.00757568,0.00468389,"ARIMA(2, 0, 0)",-0.00468389,0.00027448,0.00289179,0.0,2026-W03
adj_close.csv,ARIMA,XLF,0.00617909,0.00168795,0.00637184,0.00617909,0.00168795,0.00637184,"ARIMA(2, 0, 0)",-0.00637184,-0.00019275,-0.00468389,0.0,2026-W04
adj_close.csv,ARIMA,XLF,0.00073169,0.00776138,0.00138954,0.00073169,0.00776138,0.00138954,"ARIMA(2, 0, 0)",0.00138954,0.00065785,-0.00637184,0.0,2026-W05
adj_close.csv,ARIMA,XLF,0.01030547,0.00959038,0.01097992,0.01030547,0.00959038,0.01097992,"ARIMA(2, 0, 0)",0.01097992,0.00067445,0.00138954,0.0,2026-W06
adj_close.csv,ARIMA,XLI,0.00249583,0.00116917,0.00227738,0.00249583,0.00116917,0.00227738,"ARIMA(0, 0, 4)",0.00227738,-0.00021846,0.0011082,0.0,2024-W30
adj_close.csv,ARIMA,XLI,0.00587998,0.00801202,0.00573464,0.00587998,0.00801202,0.00573464,"ARIMA(0, 0, 4)",-0.00573464,0.00014534,0.00227738,0.0,2024-W31
adj_close.csv,ARIMA,XLI,0.00144118,0.00824471,0.00251007,0.00144118,0.00824471,0.00251007,"ARIMA(0, 0, 4)",0.00251007,0.00106888,-0.00573464,0.0,2024-W32
adj_close.csv,ARIMA,XLI,0.00397139,0.00177267,0.00428274,0.00397139,0.00177267,0.00428274,"ARIMA(0, 0, 4)",0.00428274,0.00031135,0.00251007,0.0,2024-W33
adj_close.csv,ARIMA,XLI,0.00379954,0.0006768,0.00360594,0.00379954,0.0006768,0.00360594,"ARIMA(0, 0, 4)",0.00360594,-0.0001936,0.00428274,0.0,2024-W34
adj_close.csv,ARIMA,XLI,0.00448989,0.00026153,0.00334441,0.00448989,0.00026153,0.00334441,"ARIMA(0, 0, 4)",0.00334441,-0.00114549,0.00360594,0.0,2024-W35
adj_close.csv,ARIMA,XLI,0.01112959,0.01416794,0.01082353,0.01112959,0.01416794,0.01082353,"ARIMA(0, 0, 4)",-0.01082353,0.00030606,0.00334441,0.0,2024-W36
adj_close.csv,ARIMA,XLI,0.0060733,0.01812375,0.00730022,0.0060733,0.01812375,0.00730022,"ARIMA(0, 0, 4)",0.00730022,0.00122692,-0.01082353,0.0,2024-W37
adj_close.csv,ARIMA,XLI,0.00317364,0.0033418,0.00395842,0.00317364,0.0033418,0.00395842,"ARIMA(0, 0, 4)",0.00395842,0.00078478,0.00730022,0.0,2024-W38
adj_close.csv,ARIMA,XLI,0.00342181,0.0008475,0.00311092,0.00342181,0.0008475,0.00311092,"ARIMA(0, 0, 4)",0.00311092,-0.00031089,0.00395842,0.0,2024-W39
adj_close.csv,ARIMA,XLI,0.00280555,0.00210478,0.00100614,0.00280555,0.00210478,0.00100614,"ARIMA(0, 0, 4)",0.00100614,-0.00179941,0.00311092,0.0,2024-W40
adj_close.csv,ARIMA,XLI,0.00328194,0.00324329,0.00424943,0.00328194,0.00324329,0.00424943,"ARIMA(0, 0, 4)",0.00424943,0.00096749,0.00100614,0.0,2024-W41
adj_close.csv,ARIMA,XLI,0.00067477,0.00302502,0.0012244,0.00067477,0.00302502,0.0012244,"ARIMA(0, 0, 4)",0.0012244,0.00054963,0.00424943,0.0,2024-W42
adj_close.csv,ARIMA,XLI,0.00630012,0.00686068,0.00563628,0.00630012,0.00686068,0.00563628,"ARIMA(0, 0, 4)",-0.00563628,0.00066384,0.0012244,0.0,2024-W43
adj_close.csv,ARIMA,XLI,0.00297212,0.0035725,0.00206378,0.00297212,0.0035725,0.00206378,"ARIMA(0, 0, 4)",-0.00206378,0.00090834,-0.00563628,0.0,2024-W44
adj_close.csv,ARIMA,XLI,0.01084883,0.01377304,0.01170926,0.01084883,0.01377304,0.01170926,"ARIMA(0, 0, 4)",0.01170926,0.00086043,-0.00206378,0.0,2024-W45
adj_close.csv,ARIMA,XLI,0.00360675,0.01594838,0.00423913,0.00360675,0.01594838,0.00423913,"ARIMA(0, 0, 4)",-0.00423913,-0.00063237,0.01170926,0.0,2024-W46
adj_close.csv,ARIMA,XLI,0.00633912,0.00926495,0.00502582,0.00633912,0.00926495,0.00502582,"ARIMA(0, 0, 4)",0.00502582,-0.00131329,-0.00423913,0.0,2024-W47
adj_close.csv,ARIMA,XLI,0.00261535,0.00268835,0.00233747,0.00261535,0.00268835,0.00233747,"ARIMA(0, 0, 4)",0.00233747,-0.00027788,0.00502582,0.0,2024-W48
adj_close.csv,ARIMA,XLI,0.0061024,0.00715937,0.0048219,0.0061024,0.00715937,0.0048219,"ARIMA(0, 0, 4)",-0.0048219,0.0012805,0.00233747,0.0,2024-W49
adj_close.csv,ARIMA,XLI,0.00477284,0.00031795,0.00450395,0.00477284,0.00031795,0.00450395,"ARIMA(0, 0, 4)",-0.00450395,0.00026889,-0.0048219,0.0,2024-W50
adj_close.csv,ARIMA,XLI,0.00671754,0.00081988,0.00532383,0.00671754,0.00081988,0.00532383,"ARIMA(0, 0, 4)",-0.00532383,0.00139371,-0.00450395,0.0,2024-W51
adj_close.csv,ARIMA,XLI,0.00024261,0.00553027,0.00020644,0.00024261,0.00553027,0.00020644,"ARIMA(0, 0, 4)",0.00020644,0.00044905,-0.00532383,0.0,2024-W52
adj_close.csv,ARIMA,XLI,0.00017937,0.00122154,0.00101509,0.00017937,0.00122154,0.00101509,"ARIMA(0, 0, 4)",-0.00101509,-0.00083573,0.00020644,0.0,2025-W01
adj_close.csv,ARIMA,XLI,0.00173566,0.001617,0.0026321,0.00173566,0.001617,0.0026321,"ARIMA(0, 0, 4)",-0.0026321,-0.00089643,-0.00101509,0.0,2025-W02
adj_close.csv,ARIMA,XLI,0.01032138,0.01217754,0.00954545,0.01032138,0.01217754,0.00954545,"ARIMA(0, 0, 4)",0.00954545,-0.00077593,-0.0026321,0.0,2025-W03
adj_close.csv,ARIMA,XLI,0.00658728,0.00359151,0.00595394,0.00658728,0.00359151,0.00595394,"ARIMA(0, 0, 4)",0.00595394,-0.00063334,0.00954545,0.0,2025-W04
adj_close.csv,ARIMA,XLI,0.00325869,0.00984785,0.00389391,0.00325869,0.00984785,0.00389391,"ARIMA(0, 0, 4)",-0.00389391,-0.00063523,0.00595394,0.0,2025-W05
adj_close.csv,ARIMA,XLI,0.00177351,0.00241394,0.00147997,0.00177351,0.00241394,0.00147997,"ARIMA(0, 0, 4)",-0.00147997,0.00029354,-0.00389391,0.0,2025-W06
adj_close.csv,ARIMA,XLI,0.00129239,0.0018001,0.00032013,0.00129239,0.0018001,0.00032013,"ARIMA(0, 0, 4)",0.00032013,0.00161251,-0.00147997,0.0,2025-W07
adj_close.csv,ARIMA,XLI,0.00566215,0.00529478,0.00497465,0.00566215,0.00529478,0.00497465,"ARIMA(0, 0, 4)",-0.00497465,0.0006875,0.00032013,0.0,2025-W08
adj_close.csv,ARIMA,XLI,0.00231181,0.00717255,0.00219791,0.00231181,0.00717255,0.00219791,"ARIMA(0, 0, 4)",0.00219791,-0.0001139,-0.00497465,0.0,2025-W09
adj_close.csv,ARIMA,XLI,0.0028767,0.00527286,0.00307496,0.0028767,0.00527286,0.00307496,"ARIMA(0, 0, 4)",-0.00307496,-0.00019826,0.00219791,0.0,2025-W10
adj_close.csv,ARIMA,XLI,0.00440338,0.00162791,0.00470287,0.00440338,0.00162791,0.00470287,"ARIMA(0, 0, 4)",-0.00470287,-0.00029949,-0.00307496,0.0,2025-W11
adj_close.csv,ARIMA,XLI,0.00186285,0.00640384,0.00170097,0.00186285,0.00640384,0.00170097,"ARIMA(0, 0, 4)",0.00170097,-0.00016188,-0.00470287,0.0,2025-W12
adj_close.csv,ARIMA,XLI,0.0026909,0.00428888,0.00258791,0.0026909,0.00428888,0.00258791,"ARIMA(0, 0, 4)",-0.00258791,0.00010299,0.00170097,0.0,2025-W13
adj_close.csv,ARIMA,XLI,0.01926413,0.01711438,0.01970229,0.01926413,0.01711438,0.01970229,"ARIMA(0, 0, 4)",-0.01970229,-0.00043816,-0.00258791,0.0,2025-W14
adj_close.csv,ARIMA,XLI,0.01223937,0.03239896,0.01269667,0.01223937,0.03239896,0.01269667,"ARIMA(0, 0, 4)",0.01269667,0.0004573,-0.01970229,0.0,2025-W15
adj_close.csv,ARIMA,XLI,0.00039911,0.01343381,0.00073714,0.00039911,0.01343381,0.00073714,"ARIMA(0, 0, 4)",-0.00073714,-0.00033803,0.01269667,0.0,2025-W16
adj_close.csv,ARIMA,XLI,0.00796848,0.00657294,0.0058358,0.00796848,0.00657294,0.0058358,"ARIMA(0, 0, 4)",0.0058358,-0.00213268,-0.00073714,0.0,2025-W17
adj_close.csv,ARIMA,XLI,0.01039752,0.00261799,0.00845379,0.01039752,0.00261799,0.00845379,"ARIMA(0, 0, 4)",0.00845379,-0.00194373,0.0058358,0.0,2025-W18
adj_close.csv,ARIMA,XLI,0.00266279,0.0061929,0.0022609,0.00266279,0.0061929,0.0022609,"ARIMA(0, 0, 4)",0.0022609,-0.00040189,0.00845379,0.0,2025-W19
adj_close.csv,ARIMA,XLI,0.01086542,0.00870331,0.01096421,0.01086542,0.00870331,0.01096421,"ARIMA(0, 0, 4)",0.01096421,9.879e-05,0.0022609,0.0,2025-W20
adj_close.csv,ARIMA,XLI,0.00450176,0.01511037,0.00414617,0.00450176,0.01511037,0.00414617,"ARIMA(0, 0, 4)",-0.00414617,0.0003556,0.01096421,0.0,2025-W21
adj_close.csv,ARIMA,XLI,0.00256208,0.00765407,0.0035079,0.00256208,0.00765407,0.0035079,"ARIMA(0, 0, 4)",0.0035079,0.00094582,-0.00414617,0.0,2025-W22
adj_close.csv,ARIMA,XLI,0.00220593,0.00057478,0.00293312,0.00220593,0.00057478,0.00293312,"ARIMA(0, 0, 4)",0.00293312,0.00072719,0.0035079,0.0,2025-W23
adj_close.csv,ARIMA,XLI,0.00317339,0.00610445,0.00317133,0.00317339,0.00610445,0.00317133,"ARIMA(0, 0, 4)",-0.00317133,2.06e-06,0.00293312,0.0,2025-W24
adj_close.csv,ARIMA,XLI,0.00077895,0.00268011,0.00049122,0.00077895,0.00268011,0.00049122,"ARIMA(0, 0, 4)",-0.00049122,0.00028772,-0.00317133,0.0,2025-W25
adj_close.csv,ARIMA,XLI,0.00635511,0.00721376,0.00672254,0.00635511,0.00721376,0.00672254,"ARIMA(0, 0, 4)",0.00672254,0.00036744,-0.00049122,0.0,2025-W26
adj_close.csv,ARIMA,XLI,0.00516116,0.00228302,0.00443952,0.00516116,0.00228302,0.00443952,"ARIMA(0, 0, 4)",0.00443952,-0.00072164,0.00672254,0.0,2025-W27
adj_close.csv,ARIMA,XLI,0.00166536,0.00339818,0.00104134,0.00166536,0.00339818,0.00104134,"ARIMA(0, 0, 4)",0.00104134,-0.00062402,0.00443952,0.0,2025-W28
adj_close.csv,ARIMA,XLI,0.00127711,0.00062942,0.00167077,0.00127711,0.00062942,0.00167077,"ARIMA(0, 0, 4)",0.00167077,0.00039365,0.00104134,0.0,2025-W29
adj_close.csv,ARIMA,XLI,0.00390074,0.00293702,0.00460779,0.00390074,0.00293702,0.00460779,"ARIMA(0, 0, 4)",0.00460779,0.00070705,0.00167077,0.0,2025-W30
adj_close.csv,ARIMA,XLI,0.00707162,0.0114998,0.00689201,0.00707162,0.0114998,0.00689201,"ARIMA(0, 0, 4)",-0.00689201,0.00017961,0.00460779,0.0,2025-W31
adj_close.csv,ARIMA,XLI,0.00067151,0.00834259,0.00145057,0.00067151,0.00834259,0.00145057,"ARIMA(0, 0, 4)",0.00145057,0.00077906,-0.00689201,0.0,2025-W32
adj_close.csv,ARIMA,XLI,0.00082968,0.00196838,0.00051781,0.00082968,0.00196838,0.00051781,"ARIMA(0, 0, 4)",-0.00051781,0.00031187,0.00145057,0.0,2025-W33
adj_close.csv,ARIMA,XLI,0.00388842,0.00407546,0.00355765,0.00388842,0.00407546,0.00355765,"ARIMA(0, 0, 4)",0.00355765,-0.00033078,-0.00051781,0.0,2025-W34
adj_close.csv,ARIMA,XLI,0.00083458,0.00503891,0.00148126,0.00083458,0.00503891,0.00148126,"ARIMA(0, 0, 4)",-0.00148126,-0.00064668,0.00355765,0.0,2025-W35
adj_close.csv,ARIMA,XLI,0.00185168,0.00030128,0.00178254,0.00185168,0.00030128,0.00178254,"ARIMA(0, 0, 4)",-0.00178254,6.914e-05,-0.00148126,0.0,2025-W36
adj_close.csv,ARIMA,XLI,0.00044837,0.00264203,0.00085949,0.00044837,0.00264203,0.00085949,"ARIMA(0, 0, 4)",0.00085949,0.00041112,-0.00178254,0.0,2025-W37
adj_close.csv,ARIMA,XLI,0.00192437,0.00116218,0.00202168,0.00192437,0.00116218,0.00202168,"ARIMA(0, 0, 4)",0.00202168,9.73e-05,0.00085949,0.0,2025-W38
adj_close.csv,ARIMA,XLI,0.00046759,0.00190365,0.00011802,0.00046759,0.00190365,0.00011802,"ARIMA(0, 0, 4)",0.00011802,-0.00034957,0.00202168,0.0,2025-W39
adj_close.csv,ARIMA,XLI,0.0024806,0.00226644,0.00238446,0.0024806,0.00226644,0.00238446,"ARIMA(0, 0, 4)",0.00238446,-9.614e-05,0.00011802,0.0,2025-W40
adj_close.csv,ARIMA,XLI,0.00591204,0.00831307,0.00592861,0.00591204,0.00831307,0.00592861,"ARIMA(0, 0, 4)",-0.00592861,-1.657e-05,0.00238446,0.0,2025-W41
adj_close.csv,ARIMA,XLI,0.00176977,0.00835546,0.00242685,0.00176977,0.00835546,0.00242685,"ARIMA(0, 0, 4)",0.00242685,0.00065709,-0.00592861,0.0,2025-W42
adj_close.csv,ARIMA,XLI,0.00411818,0.00172148,0.00414833,0.00411818,0.00172148,0.00414833,"ARIMA(0, 0, 4)",0.00414833,3.015e-05,0.00242685,0.0,2025-W43
adj_close.csv,ARIMA,XLI,0.00087034,0.00395476,0.00019357,0.00087034,0.00395476,0.00019357,"ARIMA(0, 0, 4)",0.00019357,-0.00067677,0.00414833,0.0,2025-W44
adj_close.csv,ARIMA,XLI,0.00198223,0.0024375,0.00224393,0.00198223,0.0024375,0.00224393,"ARIMA(0, 0, 4)",-0.00224393,-0.0002617,0.00019357,0.0,2025-W45
adj_close.csv,ARIMA,XLI,0.00232752,0.00051468,0.00172925,0.00232752,0.00051468,0.00172925,"ARIMA(0, 0, 4)",-0.00172925,0.00059827,-0.00224393,0.0,2025-W46
adj_close.csv,ARIMA,XLI,0.00365815,0.00142689,0.00315614,0.00365815,0.00142689,0.00315614,"ARIMA(0, 0, 4)",-0.00315614,0.00050201,-0.00172925,0.0,2025-W47
adj_close.csv,ARIMA,XLI,0.00650083,0.00984914,0.006693,0.00650083,0.00984914,0.006693,"ARIMA(0, 0, 4)",0.006693,0.00019217,-0.00315614,0.0,2025-W48
adj_close.csv,ARIMA,XLI,0.00199984,0.00553817,0.00115484,0.00199984,0.00553817,0.00115484,"ARIMA(0, 0, 4)",0.00115484,-0.000845,0.006693,0.0,2025-W49
adj_close.csv,ARIMA,XLI,0.00336968,0.0016205,0.00277533,0.00336968,0.0016205,0.00277533,"ARIMA(0, 0, 4)",0.00277533,-0.00059434,0.00115484,0.0,2025-W50
adj_close.csv,ARIMA,XLI,0.00111046,0.00390138,0.00112605,0.00111046,0.00390138,0.00112605,"ARIMA(0, 0, 4)",-0.00112605,-1.558e-05,0.00277533,0.0,2025-W51
adj_close.csv,ARIMA,XLI,0.0024023,0.00413692,0.00301088,0.0024023,0.00413692,0.00301088,"ARIMA(0, 0, 4)",0.00301088,0.00060857,-0.00112605,0.0,2025-W52
adj_close.csv,ARIMA,XLI,0.00106273,0.00178941,0.00122147,0.00106273,0.00178941,0.00122147,"ARIMA(0, 0, 4)",0.00122147,0.00015874,0.00301088,0.0,2026-W01
adj_close.csv,ARIMA,XLI,0.00489683,0.00371767,0.00493914,0.00489683,0.00371767,0.00493914,"ARIMA(0, 0, 4)",0.00493914,4.23e-05,0.00122147,0.0,2026-W02
adj_close.csv,ARIMA,XLI,0.0063457,0.001107,0.00604614,0.0063457,0.001107,0.00604614,"ARIMA(0, 0, 4)",0.00604614,-0.00029956,0.00493914,0.0,2026-W03
adj_close.csv,ARIMA,XLI,0.00382304,0.01009309,0.00404695,0.00382304,0.01009309,0.00404695,"ARIMA(0, 0, 4)",-0.00404695,-0.00022391,0.00604614,0.0,2026-W04
adj_close.csv,ARIMA,XLI,0.00074038,0.00552727,0.00148032,0.00074038,0.00552727,0.00148032,"ARIMA(0, 0, 4)",0.00148032,0.00073994,-0.00404695,0.0,2026-W05
adj_close.csv,ARIMA,XLI,0.01184394,0.01107351,0.01255383,0.01184394,0.01107351,0.01255383,"ARIMA(0, 0, 4)",0.01255383,0.00070989,0.00148032,0.0,2026-W06
adj_close.csv,ARIMA,XLK,0.00504769,0.00717823,0.0042001,0.00504769,0.00717823,0.0042001,"ARIMA(1, 0, 0)",-0.0042001,0.00084758,-0.01137833,0.0,2024-W30
adj_close.csv,ARIMA,XLK,0.01126781,0.00678601,0.01098611,0.01126781,0.00678601,0.01098611,"ARIMA(1, 0, 0)",-0.01098611,0.00028169,-0.0042001,0.0,2024-W31
adj_close.csv,ARIMA,XLK,0.00021727,0.01187315,0.00088704,0.00021727,0.01187315,0.00088704,"ARIMA(1, 0, 0)",0.00088704,0.00066977,-0.01098611,0.0,2024-W32
adj_close.csv,ARIMA,XLK,0.01483284,0.01389145,0.01477849,0.01483284,0.01389145,0.01477849,"ARIMA(1, 0, 0)",0.01477849,-5.435e-05,0.00088704,0.0,2024-W33
adj_close.csv,ARIMA,XLK,0.00318007,0.0124792,0.0022993,0.00318007,0.0124792,0.0022993,"ARIMA(1, 0, 0)",0.0022993,-0.00088077,0.01477849,0.0,2024-W34
adj_close.csv,ARIMA,XLK,0.00314451,0.00556749,0.0032682,0.00314451,0.00556749,0.0032682,"ARIMA(1, 0, 0)",-0.0032682,-0.00012369,0.0022993,0.0,2024-W35
adj_close.csv,ARIMA,XLK,0.0195284,0.01608149,0.01934968,0.0195284,0.01608149,0.01934968,"ARIMA(1, 0, 0)",-0.01934968,0.00017872,-0.0032682,0.0,2024-W36
adj_close.csv,ARIMA,XLK,0.01467369,0.03492926,0.01557957,0.01467369,0.03492926,0.01557957,"ARIMA(1, 0, 0)",0.01557957,0.00090588,-0.01934968,0.0,2024-W37
adj_close.csv,ARIMA,XLK,0.00313796,0.01369231,0.00188726,0.00313796,0.01369231,0.00188726,"ARIMA(1, 0, 0)",0.00188726,-0.00125069,0.01557957,0.0,2024-W38
adj_close.csv,ARIMA,XLK,0.00279645,0.00076825,0.00265551,0.00279645,0.00076825,0.00265551,"ARIMA(1, 0, 0)",0.00265551,-0.00014093,0.00188726,0.0,2024-W39
adj_close.csv,ARIMA,XLK,0.00036542,0.00248679,0.00016872,0.00036542,0.00248679,0.00016872,"ARIMA(1, 0, 0)",0.00016872,-0.0001967,0.00265551,0.0,2024-W40
adj_close.csv,ARIMA,XLK,0.00485377,0.00467257,0.00484129,0.00485377,0.00467257,0.00484129,"ARIMA(1, 0, 0)",0.00484129,-1.248e-05,0.00016872,0.0,2024-W41
adj_close.csv,ARIMA,XLK,0.00044424,0.00475467,8.663e-05,0.00044424,0.00475467,8.663e-05,"ARIMA(1, 0, 0)",8.663e-05,-0.00035761,0.00484129,0.0,2024-W42
adj_close.csv,ARIMA,XLK,0.00053138,0.00062439,0.00053776,0.00053138,0.00062439,0.00053776,"ARIMA(1, 0, 0)",-0.00053776,-6.38e-06,8.663e-05,0.0,2024-W43
adj_close.csv,ARIMA,XLK,0.0056586,0.00508125,0.00561901,0.0056586,0.00508125,0.00561901,"ARIMA(1, 0, 0)",-0.00561901,3.959e-05,-0.00053776,0.0,2024-W44
adj_close.csv,ARIMA,XLK,0.01108641,0.01711718,0.01149817,0.01108641,0.01711718,0.01149817,"ARIMA(1, 0, 0)",0.01149817,0.00041176,-0.00561901,0.0,2024-W45
adj_close.csv,ARIMA,XLK,0.00633201,0.01875422,0.00725605,0.00633201,0.01875422,0.00725605,"ARIMA(1, 0, 0)",-0.00725605,-0.00092403,0.01149817,0.0,2024-W46
adj_close.csv,ARIMA,XLK,0.00358878,0.01148713,0.00423108,0.00358878,0.01148713,0.00423108,"ARIMA(1, 0, 0)",0.00423108,0.00064231,-0.00725605,0.0,2024-W47
adj_close.csv,ARIMA,XLK,0.00052589,0.004092,0.00013909,0.00052589,0.004092,0.00013909,"ARIMA(1, 0, 0)",0.00013909,-0.00038681,0.00423108,0.0,2024-W48
adj_close.csv,ARIMA,XLK,0.00600593,0.00585416,0.00599325,0.00600593,0.00585416,0.00599325,"ARIMA(1, 0, 0)",0.00599325,-1.268e-05,0.00013909,0.0,2024-W49
adj_close.csv,ARIMA,XLK,0.00094616,0.00748527,0.00149202,0.00094616,0.00748527,0.00149202,"ARIMA(1, 0, 0)",-0.00149202,-0.00054587,0.00599325,0.0,2024-W50
adj_close.csv,ARIMA,XLK,0.00273893,0.00111007,0.0026021,0.00273893,0.00111007,0.0026021,"ARIMA(1, 0, 0)",-0.0026021,0.00013683,-0.00149202,0.0,2024-W51
adj_close.csv,ARIMA,XLK,0.00178766,0.00462721,0.00202511,0.00178766,0.00462721,0.00202511,"ARIMA(1, 0, 0)",0.00202511,0.00023746,-0.0026021,0.0,2024-W52
adj_close.csv,ARIMA,XLK,0.00165256,0.00386352,0.0018384,0.00165256,0.00386352,0.0018384,"ARIMA(1, 0, 0)",-0.0018384,-0.00018584,0.00202511,0.0,2025-W01
adj_close.csv,ARIMA,XLK,0.00767216,0.00566437,0.00750277,0.00767216,0.00566437,0.00750277,"ARIMA(1, 0, 0)",-0.00750277,0.00016939,-0.0018384,0.0,2025-W02
adj_close.csv,ARIMA,XLK,0.00392643,0.01210882,0.00460605,0.00392643,0.01210882,0.00460605,"ARIMA(1, 0, 0)",0.00460605,0.00067961,-0.00750277,0.0,2025-W03
adj_close.csv,ARIMA,XLK,0.00591386,0.0008757,0.00548174,0.00591386,0.0008757,0.00548174,"ARIMA(1, 0, 0)",0.00548174,-0.00043212,0.00460605,0.0,2025-W04
adj_close.csv,ARIMA,XLK,0.00672674,0.01270639,0.00722465,0.00672674,0.01270639,0.00722465,"ARIMA(1, 0, 0)",-0.00722465,-0.00049792,0.00548174,0.0,2025-W05
adj_close.csv,ARIMA,XLK,0.00104886,0.00895883,0.00173418,0.00104886,0.00895883,0.00173418,"ARIMA(1, 0, 0)",0.00173418,0.00068532,-0.00722465,0.0,2025-W06
adj_close.csv,ARIMA,XLK,0.00621558,0.00431547,0.00604965,0.00621558,0.00431547,0.00604965,"ARIMA(1, 0, 0)",0.00604965,-0.00016593,0.00173418,0.0,2025-W07
adj_close.csv,ARIMA,XLK,0.0047987,0.01142012,0.00537046,0.0047987,0.01142012,0.00537046,"ARIMA(1, 0, 0)",-0.00537046,-0.00057176,0.00604965,0.0,2025-W08
adj_close.csv,ARIMA,XLK,0.00864022,0.00274532,0.00811579,0.00864022,0.00274532,0.00811579,"ARIMA(1, 0, 0)",-0.00811579,0.00052443,-0.00537046,0.0,2025-W09
adj_close.csv,ARIMA,XLK,0.00704875,0.00181896,0.00629683,0.00704875,0.00181896,0.00629683,"ARIMA(1, 0, 0)",-0.00629683,0.00075192,-0.00811579,0.0,2025-W10
adj_close.csv,ARIMA,XLK,0.00479952,0.00204216,0.00425467,0.00479952,0.00204216,0.00425467,"ARIMA(1, 0, 0)",-0.00425467,0.00054484,-0.00629683,0.0,2025-W11
adj_close.csv,ARIMA,XLK,0.00033574,0.00427338,1.87e-05,0.00033574,0.00427338,1.87e-05,"ARIMA(1, 0, 0)",1.87e-05,0.00035444,-0.00425467,0.0,2025-W12
adj_close.csv,ARIMA,XLK,0.00686159,0.00688184,0.00686314,0.00686159,0.00688184,0.00686314,"ARIMA(1, 0, 0)",-0.00686314,-1.56e-06,1.87e-05,0.0,2025-W13
adj_close.csv,ARIMA,XLK,0.02530712,0.01787319,0.02473633,0.02530712,0.01787319,0.02473633,"ARIMA(1, 0, 0)",-0.02473633,0.00057079,-0.00686314,0.0,2025-W14
adj_close.csv,ARIMA,XLK,0.01519661,0.04153546,0.01679913,0.01519661,0.04153546,0.01679913,"ARIMA(1, 0, 0)",0.01679913,0.00160252,-0.02473633,0.0,2025-W15
adj_close.csv,ARIMA,XLK,0.00530111,0.02381628,0.00701715,0.00530111,0.02381628,0.00701715,"ARIMA(1, 0, 0)",-0.00701715,-0.00171604,0.01679913,0.0,2025-W16
adj_close.csv,ARIMA,XLK,0.0147889,0.02258328,0.01556613,0.0147889,0.02258328,0.01556613,"ARIMA(1, 0, 0)",0.01556613,0.00077723,-0.00701715,0.0,2025-W17
adj_close.csv,ARIMA,XLK,0.00954025,0.00790546,0.00766067,0.00954025,0.00790546,0.00766067,"ARIMA(1, 0, 0)",0.00766067,-0.00187958,0.01556613,0.0,2025-W18
adj_close.csv,ARIMA,XLK,0.00173003,0.00674867,0.000912,0.00173003,0.00674867,0.000912,"ARIMA(1, 0, 0)",0.000912,-0.00081803,0.00766067,0.0,2025-W19
adj_close.csv,ARIMA,XLK,0.01538801,0.01437975,0.01529175,0.01538801,0.01437975,0.01529175,"ARIMA(1, 0, 0)",0.01529175,-9.626e-05,0.000912,0.0,2025-W20
adj_close.csv,ARIMA,XLK,0.00540705,0.02229268,0.00700092,0.00540705,0.02229268,0.00700092,"ARIMA(1, 0, 0)",-0.00700092,-0.00159387,0.01529175,0.0,2025-W21
adj_close.csv,ARIMA,XLK,0.00369616,0.01147977,0.00447884,0.00369616,0.01147977,0.00447884,"ARIMA(1, 0, 0)",0.00447884,0.00078269,-0.00700092,0.0,2025-W22
adj_close.csv,ARIMA,XLK,0.0068621,0.00187198,0.00635082,0.0068621,0.00187198,0.00635082,"ARIMA(1, 0, 0)",0.00635082,-0.00051128,0.00447884,0.0,2025-W23
adj_close.csv,ARIMA,XLK,0.0013857,0.00567234,0.00067848,0.0013857,0.00567234,0.00067848,"ARIMA(1, 0, 0)",0.00067848,-0.00070723,0.00635082,0.0,2025-W24
adj_close.csv,ARIMA,XLK,0.00150298,0.00074949,0.00142796,0.00150298,0.00074949,0.00142796,"ARIMA(1, 0, 0)",0.00142796,-7.501e-05,0.00067848,0.0,2025-W25
adj_close.csv,ARIMA,XLK,0.00881891,0.0072332,0.00866117,0.00881891,0.0072332,0.00866117,"ARIMA(1, 0, 0)",0.00866117,-0.00015775,0.00142796,0.0,2025-W26
adj_close.csv,ARIMA,XLK,0.00704297,0.00256511,0.00609605,0.00704297,0.00256511,0.00609605,"ARIMA(1, 0, 0)",0.00609605,-0.00094692,0.00866117,0.0,2025-W27
adj_close.csv,ARIMA,XLK,0.00023279,0.00696187,0.00086581,0.00023279,0.00696187,0.00086581,"ARIMA(1, 0, 0)",-0.00086581,-0.00063302,0.00609605,0.0,2025-W28
adj_close.csv,ARIMA,XLK,0.0038115,0.00476733,0.00390152,0.0038115,0.00476733,0.00390152,"ARIMA(1, 0, 0)",0.00390152,9.002e-05,-0.00086581,0.0,2025-W29
adj_close.csv,ARIMA,XLK,0.00124826,0.00306005,0.00084147,0.00124826,0.00306005,0.00084147,"ARIMA(1, 0, 0)",0.00084147,-0.00040679,0.00390152,0.0,2025-W30
adj_close.csv,ARIMA,XLK,0.00370422,0.00463306,0.00379159,0.00370422,0.00463306,0.00379159,"ARIMA(1, 0, 0)",-0.00379159,-8.737e-05,0.00084147,0.0,2025-W31
adj_close.csv,ARIMA,XLK,0.00637471,0.01056103,0.00676944,0.00637471,0.01056103,0.00676944,"ARIMA(1, 0, 0)",0.00676944,0.00039473,-0.00379159,0.0,2025-W32
adj_close.csv,ARIMA,XLK,0.00055384,0.00693498,0.00016554,0.00055384,0.00693498,0.00016554,"ARIMA(1, 0, 0)",-0.00016554,-0.00071938,0.00676944,0.0,2025-W33
adj_close.csv,ARIMA,XLK,0.00250184,0.00231877,0.0024843,0.00250184,0.00231877,0.0024843,"ARIMA(1, 0, 0)",-0.0024843,1.754e-05,-0.00016554,0.0,2025-W34
adj_close.csv,ARIMA,XLK,0.00024025,0.00250714,2.283e-05,0.00024025,0.00250714,2.283e-05,"ARIMA(1, 0, 0)",2.283e-05,0.00026308,-0.0024843,0.0,2025-W35
adj_close.csv,ARIMA,XLK,0.00039265,0.0003674,0.00039024,0.00039265,0.0003674,0.00039024,"ARIMA(1, 0, 0)",0.00039024,-2.42e-06,2.283e-05,0.0,2025-W36
adj_close.csv,ARIMA,XLK,0.00605218,0.00562064,0.00601088,0.00605218,0.00562064,0.00601088,"ARIMA(1, 0, 0)",0.00601088,-4.13e-05,0.00039024,0.0,2025-W37
adj_close.csv,ARIMA,XLK,0.00648479,0.00016104,0.00584984,0.00648479,0.00016104,0.00584984,"ARIMA(1, 0, 0)",0.00584984,-0.00063495,0.00601088,0.0,2025-W38
adj_close.csv,ARIMA,XLK,0.00079719,0.00565036,0.00019948,0.00079719,0.00565036,0.00019948,"ARIMA(1, 0, 0)",0.00019948,-0.00059771,0.00584984,0.0,2025-W39
adj_close.csv,ARIMA,XLK,0.00419392,0.00397414,0.00417362,0.00419392,0.00397414,0.00417362,"ARIMA(1, 0, 0)",0.00417362,-2.03e-05,0.00019948,0.0,2025-W40
adj_close.csv,ARIMA,XLK,0.00407223,0.00867026,0.00449664,0.00407223,0.00867026,0.00449664,"ARIMA(1, 0, 0)",-0.00449664,-0.00042441,0.00417362,0.0,2025-W41
adj_close.csv,ARIMA,XLK,0.00423625,0.0091969,0.00470026,0.00423625,0.0091969,0.00470026,"ARIMA(1, 0, 0)",0.00470026,0.00046401,-0.00449664,0.0,2025-W42
adj_close.csv,ARIMA,XLK,0.00641808,0.00122491,0.00592517,0.00641808,0.00122491,0.00592517,"ARIMA(1, 0, 0)",0.00592517,-0.00049291,0.00470026,0.0,2025-W43
adj_close.csv,ARIMA,XLK,0.00538491,0.0011459,0.00477927,0.00538491,0.0011459,0.00477927,"ARIMA(1, 0, 0)",0.00477927,-0.00060564,0.00592517,0.0,2025-W44
adj_close.csv,ARIMA,XLK,0.008031,0.01328541,0.00850614,0.008031,0.01328541,0.00850614,"ARIMA(1, 0, 0)",-0.00850614,-0.00047513,0.00477927,0.0,2025-W45
adj_close.csv,ARIMA,XLK,0.00088116,0.0084992,6.94e-06,0.00088116,0.0084992,6.94e-06,"ARIMA(1, 0, 0)",-6.94e-06,0.00087423,-0.00850614,0.0,2025-W46
adj_close.csv,ARIMA,XLK,0.0106561,0.01064846,0.0106554,0.0106561,0.01064846,0.0106554,"ARIMA(1, 0, 0)",-0.0106554,7.1e-07,-6.94e-06,0.0,2025-W47
adj_close.csv,ARIMA,XLK,0.01055105,0.02229454,0.01163915,0.01055105,0.02229454,0.01163915,"ARIMA(1, 0, 0)",0.01163915,0.0010881,-0.0106554,0.0,2025-W48
adj_close.csv,ARIMA,XLK,0.00612012,0.00682031,0.00481884,0.00612012,0.00682031,0.00481884,"ARIMA(1, 0, 0)",0.00481884,-0.00130128,0.01163915,0.0,2025-W49
adj_close.csv,ARIMA,XLK,0.00350039,0.00882876,0.00400992,0.00350039,0.00882876,0.00400992,"ARIMA(1, 0, 0)",-0.00400992,-0.00050953,0.00481884,0.0,2025-W50
adj_close.csv,ARIMA,XLK,0.00083289,0.00527255,0.00126263,0.00083289,0.00527255,0.00126263,"ARIMA(1, 0, 0)",0.00126263,0.00042974,-0.00400992,0.0,2025-W51
adj_close.csv,ARIMA,XLK,0.00382929,0.00243098,0.00369361,0.00382929,0.00243098,0.00369361,"ARIMA(1, 0, 0)",0.00369361,-0.00013567,0.00126263,0.0,2025-W52
adj_close.csv,ARIMA,XLK,0.00343855,0.00752754,0.00383392,0.00343855,0.00752754,0.00383392,"ARIMA(1, 0, 0)",-0.00383392,-0.00039538,0.00369361,0.0,2026-W01
adj_close.csv,ARIMA,XLK,0.00213327,0.00638172,0.00254779,0.00213327,0.00638172,0.00254779,"ARIMA(1, 0, 0)",0.00254779,0.00041452,-0.00383392,0.0,2026-W02
adj_close.csv,ARIMA,XLK,0.00044937,0.00327439,0.0007266,0.00044937,0.00327439,0.0007266,"ARIMA(1, 0, 0)",-0.0007266,-0.00027723,0.00254779,0.0,2026-W03
adj_close.csv,ARIMA,XLK,0.00099069,0.00018496,0.00091156,0.00099069,0.00018496,0.00091156,"ARIMA(1, 0, 0)",-0.00091156,7.913e-05,-0.0007266,0.0,2026-W04
adj_close.csv,ARIMA,XLK,0.00177413,0.00076335,0.00167491,0.00177413,0.00076335,0.00167491,"ARIMA(1, 0, 0)",-0.00167491,9.922e-05,-0.00091156,0.0,2026-W05
adj_close.csv,ARIMA,XLK,0.00936347,0.01122046,0.00954555,0.00936347,0.01122046,0.00954555,"ARIMA(1, 0, 0)",0.00954555,0.00018208,-0.00167491,0.0,2026-W06
adj_close.csv,ARIMA,XLP,0.00115881,0.00062405,0.00102185,0.00115881,0.00062405,0.00102185,"ARIMA(1, 0, 0)",0.00102185,-0.00013696,0.0016459,0.0,2024-W30
adj_close.csv,ARIMA,XLP,0.00203681,0.00093063,0.00195248,0.00203681,0.00093063,0.00195248,"ARIMA(1, 0, 0)",0.00195248,-8.434e-05,0.00102185,0.0,2024-W31
adj_close.csv,ARIMA,XLP,0.00011808,0.00223025,0.00027778,0.00011808,0.00223025,0.00027778,"ARIMA(1, 0, 0)",-0.00027778,-0.00015969,0.00195248,0.0,2024-W32
adj_close.csv,ARIMA,XLP,0.00338458,0.00368509,0.00340732,0.00338458,0.00368509,0.00340732,"ARIMA(1, 0, 0)",0.00340732,2.274e-05,-0.00027778,0.0,2024-W33
adj_close.csv,ARIMA,XLP,0.00355704,0.00013038,0.00327693,0.00355704,0.00013038,0.00327693,"ARIMA(1, 0, 0)",0.00327693,-0.00028011,0.00340732,0.0,2024-W34
adj_close.csv,ARIMA,XLP,0.00188599,0.00164624,0.00163069,0.00188599,0.00164624,0.00163069,"ARIMA(1, 0, 0)",0.00163069,-0.0002553,0.00327693,0.0,2024-W35
adj_close.csv,ARIMA,XLP,0.00157363,0.00018054,0.00145015,0.00157363,0.00018054,0.00145015,"ARIMA(1, 0, 0)",0.00145015,-0.00012348,0.00163069,0.0,2024-W36
adj_close.csv,ARIMA,XLP,0.00236111,0.00080246,0.00225261,0.00236111,0.00080246,0.00225261,"ARIMA(1, 0, 0)",0.00225261,-0.0001085,0.00145015,0.0,2024-W37
adj_close.csv,ARIMA,XLP,0.00194222,0.00436065,0.00210804,0.00194222,0.00436065,0.00210804,"ARIMA(1, 0, 0)",-0.00210804,-0.00016581,0.00225261,0.0,2024-W38
adj_close.csv,ARIMA,XLP,0.0008293,0.00309576,0.00098772,0.0008293,0.00309576,0.00098772,"ARIMA(1, 0, 0)",0.00098772,0.00015842,-0.00210804,0.0,2024-W39
adj_close.csv,ARIMA,XLP,0.00369451,0.00475707,0.00376935,0.00369451,0.00475707,0.00376935,"ARIMA(1, 0, 0)",-0.00376935,-7.483e-05,0.00098772,0.0,2024-W40
adj_close.csv,ARIMA,XLP,0.00012647,0.00418624,0.00041689,0.00012647,0.00418624,0.00041689,"ARIMA(1, 0, 0)",0.00041689,0.00029042,-0.00376935,0.0,2024-W41
adj_close.csv,ARIMA,XLP,0.00149667,0.00104759,0.00146448,0.00149667,0.00104759,0.00146448,"ARIMA(1, 0, 0)",0.00146448,-3.219e-05,0.00041689,0.0,2024-W42
adj_close.csv,ARIMA,XLP,0.00277766,0.0043549,0.00289042,0.00277766,0.0043549,0.00289042,"ARIMA(1, 0, 0)",-0.00289042,-0.00011276,0.00146448,0.0,2024-W43
adj_close.csv,ARIMA,XLP,0.00248457,0.00063251,0.00225791,0.00248457,0.00063251,0.00225791,"ARIMA(1, 0, 0)",-0.00225791,0.00022666,-0.00289042,0.0,2024-W44
adj_close.csv,ARIMA,XLP,0.00149346,0.00392278,0.00166487,0.00149346,0.00392278,0.00166487,"ARIMA(1, 0, 0)",0.00166487,0.00017141,-0.00225791,0.0,2024-W45
adj_close.csv,ARIMA,XLP,0.00201122,0.00380443,0.00213956,0.00201122,0.00380443,0.00213956,"ARIMA(1, 0, 0)",-0.00213956,-0.00012834,0.00166487,0.0,2024-W46
adj_close.csv,ARIMA,XLP,0.00448048,0.00678746,0.0046479,0.00448048,0.00678746,0.0046479,"ARIMA(1, 0, 0)",0.0046479,0.00016742,-0.00213956,0.0,2024-W47
adj_close.csv,ARIMA,XLP,0.00455961,0.00046746,0.00418044,0.00455961,0.00046746,0.00418044,"ARIMA(1, 0, 0)",0.00418044,-0.00037917,0.0046479,0.0,2024-W48
adj_close.csv,ARIMA,XLP,0.0017185,0.00620947,0.00202902,0.0017185,0.00620947,0.00202902,"ARIMA(1, 0, 0)",-0.00202902,-0.00031052,0.00418044,0.0,2024-W49
adj_close.csv,ARIMA,XLP,0.00098288,0.00120185,0.00082717,0.00098288,0.00120185,0.00082717,"ARIMA(1, 0, 0)",-0.00082717,0.00015571,-0.00202902,0.0,2024-W50
adj_close.csv,ARIMA,XLP,0.00524901,0.00435893,0.0051861,0.00524901,0.00435893,0.0051861,"ARIMA(1, 0, 0)",-0.0051861,6.291e-05,-0.00082717,0.0,2024-W51
adj_close.csv,ARIMA,XLP,0.00050648,0.00506636,0.00011974,0.00050648,0.00506636,0.00011974,"ARIMA(1, 0, 0)",-0.00011974,0.00038675,-0.0051861,0.0,2024-W52
adj_close.csv,ARIMA,XLP,0.0030857,0.00295714,0.00307688,0.0030857,0.00295714,0.00307688,"ARIMA(1, 0, 0)",-0.00307688,8.82e-06,-0.00011974,0.0,2025-W01
adj_close.csv,ARIMA,XLP,0.00665976,0.00335655,0.00643343,0.00665976,0.00335655,0.00643343,"ARIMA(1, 0, 0)",-0.00643343,0.00022633,-0.00307688,0.0,2025-W02
adj_close.csv,ARIMA,XLP,0.00191534,0.00877751,0.00234408,0.00191534,0.00877751,0.00234408,"ARIMA(1, 0, 0)",0.00234408,0.00042874,-0.00643343,0.0,2025-W03
adj_close.csv,ARIMA,XLP,0.00229299,0.00021691,0.00212716,0.00229299,0.00021691,0.00212716,"ARIMA(1, 0, 0)",0.00212716,-0.00016583,0.00234408,0.0,2025-W04
adj_close.csv,ARIMA,XLP,0.00290043,0.00062658,0.00275374,0.00290043,0.00062658,0.00275374,"ARIMA(1, 0, 0)",0.00275374,-0.00014668,0.00212716,0.0,2025-W05
adj_close.csv,ARIMA,XLP,0.00111897,0.00181903,0.00093472,0.00111897,0.00181903,0.00093472,"ARIMA(1, 0, 0)",0.00093472,-0.00018425,0.00275374,0.0,2025-W06
adj_close.csv,ARIMA,XLP,0.00321247,0.00221617,0.00315088,0.00321247,0.00221617,0.00315088,"ARIMA(1, 0, 0)",0.00315088,-6.159e-05,0.00093472,0.0,2025-W07
adj_close.csv,ARIMA,XLP,0.00502681,0.00167144,0.00482233,0.00502681,0.00167144,0.00482233,"ARIMA(1, 0, 0)",0.00482233,-0.00020448,0.00315088,0.0,2025-W08
adj_close.csv,ARIMA,XLP,0.00246615,0.00264394,0.00217838,0.00246615,0.00264394,0.00217838,"ARIMA(1, 0, 0)",0.00217838,-0.00028777,0.00482233,0.0,2025-W09
adj_close.csv,ARIMA,XLP,0.0004088,0.00270869,0.00053031,0.0004088,0.00270869,0.00053031,"ARIMA(1, 0, 0)",-0.00053031,-0.00012151,0.00217838,0.0,2025-W10
adj_close.csv,ARIMA,XLP,0.00828364,0.00772359,0.0082539,0.00828364,0.00772359,0.0082539,"ARIMA(1, 0, 0)",-0.0082539,2.974e-05,-0.00053031,0.0,2025-W11
adj_close.csv,ARIMA,XLP,0.00090428,0.00780059,0.00045331,0.00090428,0.00780059,0.00045331,"ARIMA(1, 0, 0)",-0.00045331,0.00045097,-0.0082539,0.0,2025-W12
adj_close.csv,ARIMA,XLP,0.00373737,0.00421437,0.00376106,0.00373737,0.00421437,0.00376106,"ARIMA(1, 0, 0)",0.00376106,2.369e-05,-0.00045331,0.0,2025-W13
adj_close.csv,ARIMA,XLP,0.00471138,0.00867099,0.00490993,0.00471138,0.00867099,0.00490993,"ARIMA(1, 0, 0)",-0.00490993,-0.00019856,0.00376106,0.0,2025-W14
adj_close.csv,ARIMA,XLP,0.00447375,0.00967057,0.00476064,0.00447375,0.00967057,0.00476064,"ARIMA(1, 0, 0)",0.00476064,0.00028689,-0.00490993,0.0,2025-W15
adj_close.csv,ARIMA,XLP,0.00499633,7.549e-05,0.00468515,0.00499633,7.549e-05,0.00468515,"ARIMA(1, 0, 0)",0.00468515,-0.00031119,0.00476064,0.0,2025-W16
adj_close.csv,ARIMA,XLP,0.00226086,0.00721732,0.00253217,0.00226086,0.00721732,0.00253217,"ARIMA(1, 0, 0)",-0.00253217,-0.00027132,0.00468515,0.0,2025-W17
adj_close.csv,ARIMA,XLP,0.00161842,0.00430558,0.00177341,0.00161842,0.00430558,0.00177341,"ARIMA(1, 0, 0)",0.00177341,0.00015499,-0.00253217,0.0,2025-W18
adj_close.csv,ARIMA,XLP,0.00148948,0.0033737,0.00160029,0.00148948,0.0033737,0.00160029,"ARIMA(1, 0, 0)",-0.00160029,-0.0001108,0.00177341,0.0,2025-W19
adj_close.csv,ARIMA,XLP,0.00274573,0.00444732,0.00284703,0.00274573,0.00444732,0.00284703,"ARIMA(1, 0, 0)",0.00284703,0.0001013,-0.00160029,0.0,2025-W20
adj_close.csv,ARIMA,XLP,0.00096456,0.00399569,0.00114867,0.00096456,0.00399569,0.00114867,"ARIMA(1, 0, 0)",-0.00114867,-0.0001841,0.00284703,0.0,2025-W21
adj_close.csv,ARIMA,XLP,0.00366503,0.00488895,0.00374028,0.00366503,0.00488895,0.00374028,"ARIMA(1, 0, 0)",0.00374028,7.525e-05,-0.00114867,0.0,2025-W22
adj_close.csv,ARIMA,XLP,0.00252182,0.00651202,0.00277173,0.00252182,0.00651202,0.00277173,"ARIMA(1, 0, 0)",-0.00277173,-0.00024991,0.00374028,0.0,2025-W23
adj_close.csv,ARIMA,XLP,0.00198855,0.00097643,0.0017953,0.00198855,0.00097643,0.0017953,"ARIMA(1, 0, 0)",-0.0017953,0.00019325,-0.00277173,0.0,2025-W24
adj_close.csv,ARIMA,XLP,6.308e-05,0.00198051,0.00018521,6.308e-05,0.00198051,0.00018521,"ARIMA(1, 0, 0)",0.00018521,0.00012213,-0.0017953,0.0,2025-W25
adj_close.csv,ARIMA,XLP,0.00021632,1.85e-05,0.00020371,0.00021632,1.85e-05,0.00020371,"ARIMA(1, 0, 0)",0.00020371,-1.261e-05,0.00018521,0.0,2025-W26
adj_close.csv,ARIMA,XLP,0.00502231,0.00480474,0.00500845,0.00502231,0.00480474,0.00500845,"ARIMA(1, 0, 0)",0.00500845,-1.386e-05,0.00020371,0.0,2025-W27
adj_close.csv,ARIMA,XLP,0.00302299,0.00837069,0.00336224,0.00302299,0.00837069,0.00336224,"ARIMA(1, 0, 0)",-0.00336224,-0.00033925,0.00500845,0.0,2025-W28
adj_close.csv,ARIMA,XLP,4.536e-05,0.00356013,0.00019789,4.536e-05,0.00356013,0.00019789,"ARIMA(1, 0, 0)",0.00019789,0.00024325,-0.00336224,0.0,2025-W29
adj_close.csv,ARIMA,XLP,0.00151687,0.00130467,0.00150256,0.00151687,0.00130467,0.00150256,"ARIMA(1, 0, 0)",0.00150256,-1.431e-05,0.00019789,0.0,2025-W30
adj_close.csv,ARIMA,XLP,0.00320717,0.00481824,0.00331567,0.00320717,0.00481824,0.00331567,"ARIMA(1, 0, 0)",-0.00331567,-0.0001085,0.00150256,0.0,2025-W31
adj_close.csv,ARIMA,XLP,0.00546197,0.00902192,0.00570624,0.00546197,0.00902192,0.00570624,"ARIMA(1, 0, 0)",0.00570624,0.00024427,-0.00331567,0.0,2025-W32
adj_close.csv,ARIMA,XLP,0.00066692,0.00682479,0.00111855,0.00066692,0.00682479,0.00111855,"ARIMA(1, 0, 0)",-0.00111855,-0.00045163,0.00570624,0.0,2025-W33
adj_close.csv,ARIMA,XLP,0.00100451,0.00221286,0.00109431,0.00100451,0.00221286,0.00109431,"ARIMA(1, 0, 0)",0.00109431,8.98e-05,-0.00111855,0.0,2025-W34
adj_close.csv,ARIMA,XLP,0.00405283,0.00523536,0.00414105,0.00405283,0.00523536,0.00414105,"ARIMA(1, 0, 0)",-0.00414105,-8.823e-05,0.00109431,0.0,2025-W35
adj_close.csv,ARIMA,XLP,6.097e-05,0.00441944,0.00027838,6.097e-05,0.00441944,0.00027838,"ARIMA(1, 0, 0)",0.00027838,0.00033935,-0.00414105,0.0,2025-W36
adj_close.csv,ARIMA,XLP,0.00134207,0.00164325,0.00136486,0.00134207,0.00164325,0.00136486,"ARIMA(1, 0, 0)",-0.00136486,-2.279e-05,0.00027838,0.0,2025-W37
adj_close.csv,ARIMA,XLP,0.00246634,0.00098958,0.00235444,0.00246634,0.00098958,0.00235444,"ARIMA(1, 0, 0)",-0.00235444,0.0001119,-0.00136486,0.0,2025-W38
adj_close.csv,ARIMA,XLP,0.00243305,0.00011206,0.00224238,0.00243305,0.00011206,0.00224238,"ARIMA(1, 0, 0)",-0.00224238,0.00019067,-0.00235444,0.0,2025-W39
adj_close.csv,ARIMA,XLP,1.72e-06,0.00242188,0.0001795,1.72e-06,0.00242188,0.0001795,"ARIMA(1, 0, 0)",0.0001795,0.00017778,-0.00224238,0.0,2025-W40
adj_close.csv,ARIMA,XLP,0.00019357,1.6e-07,0.00017934,0.00019357,1.6e-07,0.00017934,"ARIMA(1, 0, 0)",0.00017934,-1.423e-05,0.0001795,0.0,2025-W41
adj_close.csv,ARIMA,XLP,0.00414541,0.00395186,0.00413119,0.00414541,0.00395186,0.00413119,"ARIMA(1, 0, 0)",0.00413119,-1.422e-05,0.00017934,0.0,2025-W42
adj_close.csv,ARIMA,XLP,0.00128535,0.00574312,0.00161193,0.00128535,0.00574312,0.00161193,"ARIMA(1, 0, 0)",-0.00161193,-0.00032658,0.00413119,0.0,2025-W43
adj_close.csv,ARIMA,XLP,0.00736507,0.00562319,0.00723511,0.00736507,0.00562319,0.00723511,"ARIMA(1, 0, 0)",-0.00723511,0.00012995,-0.00161193,0.0,2025-W44
adj_close.csv,ARIMA,XLP,0.00056628,0.00835937,0.00112425,0.00056628,0.00835937,0.00112425,"ARIMA(1, 0, 0)",0.00112425,0.00055797,-0.00723511,0.0,2025-W45
adj_close.csv,ARIMA,XLP,0.0015169,0.00030461,0.00142886,0.0015169,0.00030461,0.00142886,"ARIMA(1, 0, 0)",0.00142886,-8.804e-05,0.00112425,0.0,2025-W46
adj_close.csv,ARIMA,XLP,0.00176112,0.00022107,0.00164993,0.00176112,0.00022107,0.00164993,"ARIMA(1, 0, 0)",0.00164993,-0.00011118,0.00142886,0.0,2025-W47
adj_close.csv,ARIMA,XLP,0.0048008,0.00302369,0.00467362,0.0048008,0.00302369,0.00467362,"ARIMA(1, 0, 0)",0.00467362,-0.00012718,0.00164993,0.0,2025-W48
adj_close.csv,ARIMA,XLP,0.00195677,0.00697992,0.0023063,0.00195677,0.00697992,0.0023063,"ARIMA(1, 0, 0)",-0.0023063,-0.00034953,0.00467362,0.0,2025-W49
adj_close.csv,ARIMA,XLP,0.00225369,0.00473854,0.00243224,0.00225369,0.00473854,0.00243224,"ARIMA(1, 0, 0)",0.00243224,0.00017856,-0.0023063,0.0,2025-W50
adj_close.csv,ARIMA,XLP,0.00142626,0.00405045,0.00161821,0.00142626,0.00405045,0.00161821,"ARIMA(1, 0, 0)",-0.00161821,-0.00019194,0.00243224,0.0,2025-W51
adj_close.csv,ARIMA,XLP,0.00011689,0.00186441,0.0002462,0.00011689,0.00186441,0.0002462,"ARIMA(1, 0, 0)",0.0002462,0.00012931,-0.00161821,0.0,2025-W52
adj_close.csv,ARIMA,XLP,0.00171198,0.00197787,0.00173167,0.00171198,0.00197787,0.00173167,"ARIMA(1, 0, 0)",-0.00173167,-1.969e-05,0.0002462,0.0,2026-W01
adj_close.csv,ARIMA,XLP,0.00383748,0.00570783,0.00397617,0.00383748,0.00570783,0.00397617,"ARIMA(1, 0, 0)",0.00397617,0.00013868,-0.00173167,0.0,2026-W02
adj_close.csv,ARIMA,XLP,0.00741649,0.00311431,0.00709048,0.00741649,0.00311431,0.00709048,"ARIMA(1, 0, 0)",0.00709048,-0.00032601,0.00397617,0.0,2026-W03
adj_close.csv,ARIMA,XLP,0.00294569,0.0046665,0.00242398,0.00294569,0.0046665,0.00242398,"ARIMA(1, 0, 0)",0.00242398,-0.00052171,0.00709048,0.0,2026-W04
adj_close.csv,ARIMA,XLP,0.00160625,0.00098184,0.00144214,0.00160625,0.00098184,0.00144214,"ARIMA(1, 0, 0)",0.00144214,-0.00016411,0.00242398,0.0,2026-W05
adj_close.csv,ARIMA,XLP,0.01188119,0.01034299,0.01178512,0.01188119,0.01034299,0.01178512,"ARIMA(1, 0, 0)",0.01178512,-9.606e-05,0.00144214,0.0,2026-W06
adj_close.csv,ARIMA,XLRE,0.0005123,0.0015006,0.00108324,0.0005123,0.0015006,0.00108324,"ARIMA(2, 0, 2)",0.00108324,0.00057094,0.00258384,0.0,2024-W30
adj_close.csv,ARIMA,XLRE,0.00671963,0.00438992,0.00547316,0.00671963,0.00438992,0.00547316,"ARIMA(2, 0, 2)",0.00547316,-0.00124647,0.00108324,0.0,2024-W31
adj_close.csv,ARIMA,XLRE,0.0010009,0.0057122,0.00023904,0.0010009,0.0057122,0.00023904,"ARIMA(2, 0, 2)",-0.00023904,0.00076186,0.00547316,0.0,2024-W32
adj_close.csv,ARIMA,XLRE,0.00027843,0.00047808,0.00023904,0.00027843,0.00047808,0.00023904,"ARIMA(2, 0, 2)",0.00023904,-3.939e-05,-0.00023904,0.0,2024-W33
adj_close.csv,ARIMA,XLRE,0.00792783,0.0068484,0.00708744,0.00792783,0.0068484,0.00708744,"ARIMA(2, 0, 2)",0.00708744,-0.00084039,0.00023904,0.0,2024-W34
adj_close.csv,ARIMA,XLRE,0.00041364,0.00625906,0.00082838,0.00041364,0.00625906,0.00082838,"ARIMA(2, 0, 2)",0.00082838,0.00041474,0.00708744,0.0,2024-W35
adj_close.csv,ARIMA,XLRE,0.0002439,0.00036956,0.00045882,0.0002439,0.00036956,0.00045882,"ARIMA(2, 0, 2)",0.00045882,0.00070272,0.00082838,0.0,2024-W36
adj_close.csv,ARIMA,XLRE,0.0079892,0.00665581,0.00711463,0.0079892,0.00665581,0.00711463,"ARIMA(2, 0, 2)",0.00711463,-0.00087457,0.00045882,0.0,2024-W37
adj_close.csv,ARIMA,XLRE,0.00258364,0.00947306,0.00235843,0.00258364,0.00947306,0.00235843,"ARIMA(2, 0, 2)",-0.00235843,0.00022521,0.00711463,0.0,2024-W38
adj_close.csv,ARIMA,XLRE,0.00108281,0.00200201,0.00035642,0.00108281,0.00200201,0.00035642,"ARIMA(2, 0, 2)",-0.00035642,0.00072639,-0.00235843,0.0,2024-W39
adj_close.csv,ARIMA,XLRE,0.00256032,0.00315126,0.00350769,0.00256032,0.00315126,0.00350769,"ARIMA(2, 0, 2)",-0.00350769,-0.00094737,-0.00035642,0.0,2024-W40
adj_close.csv,ARIMA,XLRE,0.00099725,0.00309367,0.00041402,0.00099725,0.00309367,0.00041402,"ARIMA(2, 0, 2)",-0.00041402,0.00058323,-0.00350769,0.0,2024-W41
adj_close.csv,ARIMA,XLRE,0.00629672,0.00635754,0.00594352,0.00629672,0.00635754,0.00594352,"ARIMA(2, 0, 2)",0.00594352,-0.0003532,-0.00041402,0.0,2024-W42
adj_close.csv,ARIMA,XLRE,0.00289011,0.00896128,0.00301776,0.00289011,0.00896128,0.00301776,"ARIMA(2, 0, 2)",-0.00301776,-0.00012765,0.00594352,0.0,2024-W43
adj_close.csv,ARIMA,XLRE,0.00696475,0.00311103,0.00612878,0.00696475,0.00311103,0.00612878,"ARIMA(2, 0, 2)",-0.00612878,0.00083597,-0.00301776,0.0,2024-W44
adj_close.csv,ARIMA,XLRE,0.00627017,0.01153012,0.00540133,0.00627017,0.01153012,0.00540133,"ARIMA(2, 0, 2)",0.00540133,-0.00086884,-0.00612878,0.0,2024-W45
adj_close.csv,ARIMA,XLRE,0.00401193,0.00968275,0.00428142,0.00401193,0.00968275,0.00428142,"ARIMA(2, 0, 2)",-0.00428142,-0.00026949,0.00540133,0.0,2024-W46
adj_close.csv,ARIMA,XLRE,0.0040475,0.00938103,0.00509961,0.0040475,0.00938103,0.00509961,"ARIMA(2, 0, 2)",0.00509961,0.00105211,-0.00428142,0.0,2024-W47
adj_close.csv,ARIMA,XLRE,0.00636967,7.77e-06,0.00510738,0.00636967,7.77e-06,0.00510738,"ARIMA(2, 0, 2)",0.00510738,-0.00126228,0.00509961,0.0,2024-W48
adj_close.csv,ARIMA,XLRE,0.00635568,0.01065015,0.00554277,0.00635568,0.01065015,0.00554277,"ARIMA(2, 0, 2)",-0.00554277,0.00081291,0.00510738,0.0,2024-W49
adj_close.csv,ARIMA,XLRE,0.00474682,0.0012008,0.00434197,0.00474682,0.0012008,0.00434197,"ARIMA(2, 0, 2)",-0.00434197,0.00040485,-0.00554277,0.0,2024-W50
adj_close.csv,ARIMA,XLRE,0.00885111,0.00541843,0.00976039,0.00885111,0.00541843,0.00976039,"ARIMA(2, 0, 2)",-0.00976039,-0.00090929,-0.00434197,0.0,2024-W51
adj_close.csv,ARIMA,XLRE,0.00035922,0.01089767,0.00113727,0.00035922,0.01089767,0.00113727,"ARIMA(2, 0, 2)",0.00113727,0.00077806,-0.00976039,0.0,2024-W52
adj_close.csv,ARIMA,XLRE,0.00271936,0.00070594,0.00184321,0.00271936,0.00070594,0.00184321,"ARIMA(2, 0, 2)",0.00184321,-0.00087615,0.00113727,0.0,2025-W01
adj_close.csv,ARIMA,XLRE,0.01075836,0.01221709,0.01037388,0.01075836,0.01221709,0.01037388,"ARIMA(2, 0, 2)",-0.01037388,0.00038448,0.00184321,0.0,2025-W02
adj_close.csv,ARIMA,XLRE,0.00911897,0.01984487,0.009471,0.00911897,0.01984487,0.009471,"ARIMA(2, 0, 2)",0.009471,0.00035203,-0.01037388,0.0,2025-W03
adj_close.csv,ARIMA,XLRE,0.00429913,0.00662698,0.00284401,0.00429913,0.00662698,0.00284401,"ARIMA(2, 0, 2)",0.00284401,-0.00145512,0.009471,0.0,2025-W04
adj_close.csv,ARIMA,XLRE,0.00200265,0.00347076,0.00062675,0.00200265,0.00347076,0.00062675,"ARIMA(2, 0, 2)",-0.00062675,0.0013759,0.00284401,0.0,2025-W05
adj_close.csv,ARIMA,XLRE,0.00280689,0.00326503,0.00263828,0.00280689,0.00326503,0.00263828,"ARIMA(2, 0, 2)",0.00263828,-0.00016861,-0.00062675,0.0,2025-W06
adj_close.csv,ARIMA,XLRE,0.00105383,0.00220985,0.00042843,0.00105383,0.00220985,0.00042843,"ARIMA(2, 0, 2)",0.00042843,-0.0006254,0.00263828,0.0,2025-W07
adj_close.csv,ARIMA,XLRE,0.00033756,0.00057995,0.00100838,0.00033756,0.00057995,0.00100838,"ARIMA(2, 0, 2)",0.00100838,0.00067082,0.00042843,0.0,2025-W08
adj_close.csv,ARIMA,XLRE,0.00452388,0.00330194,0.00431032,0.00452388,0.00330194,0.00431032,"ARIMA(2, 0, 2)",0.00431032,-0.00021356,0.00100838,0.0,2025-W09
adj_close.csv,ARIMA,XLRE,0.00299763,0.00748723,0.00317691,0.00299763,0.00748723,0.00317691,"ARIMA(2, 0, 2)",-0.00317691,-0.00017928,0.00431032,0.0,2025-W10
adj_close.csv,ARIMA,XLRE,0.00541104,0.00168511,0.00486201,0.00541104,0.00168511,0.00486201,"ARIMA(2, 0, 2)",-0.00486201,0.00054903,-0.00317691,0.0,2025-W11
adj_close.csv,ARIMA,XLRE,0.0006887,0.00515131,0.0002893,0.0006887,0.00515131,0.0002893,"ARIMA(2, 0, 2)",0.0002893,-0.0003994,-0.00486201,0.0,2025-W12
adj_close.csv,ARIMA,XLRE,0.0010456,0.00050437,0.00079366,0.0010456,0.00050437,0.00079366,"ARIMA(2, 0, 2)",0.00079366,-0.00025194,0.0002893,0.0,2025-W13
adj_close.csv,ARIMA,XLRE,0.01259157,0.01299105,0.01219738,0.01259157,0.01299105,0.01219738,"ARIMA(2, 0, 2)",-0.01219738,0.00039418,0.00079366,0.0,2025-W14
adj_close.csv,ARIMA,XLRE,0.00054375,0.01199193,0.00020545,0.00054375,0.01199193,0.00020545,"ARIMA(2, 0, 2)",-0.00020545,0.00033829,-0.01219738,0.0,2025-W15
adj_close.csv,ARIMA,XLRE,0.01062156,0.00984507,0.00963961,0.01062156,0.00984507,0.00963961,"ARIMA(2, 0, 2)",0.00963961,-0.00098195,-0.00020545,0.0,2025-W16
adj_close.csv,ARIMA,XLRE,0.00010651,0.00924446,0.00039516,0.00010651,0.00924446,0.00039516,"ARIMA(2, 0, 2)",0.00039516,0.00050166,0.00963961,0.0,2025-W17
adj_close.csv,ARIMA,XLRE,0.00682222,0.00639668,0.00679184,0.00682222,0.00639668,0.00679184,"ARIMA(2, 0, 2)",0.00679184,-3.038e-05,0.00039516,0.0,2025-W18
adj_close.csv,ARIMA,XLRE,0.00064658,0.00832406,0.00153222,0.00064658,0.00832406,0.00153222,"ARIMA(2, 0, 2)",-0.00153222,-0.00088564,0.00679184,0.0,2025-W19
adj_close.csv,ARIMA,XLRE,0.00108785,0.00344564,0.00191342,0.00108785,0.00344564,0.00191342,"ARIMA(2, 0, 2)",0.00191342,0.00082557,-0.00153222,0.0,2025-W20
adj_close.csv,ARIMA,XLRE,0.00636204,0.0085444,0.00663097,0.00636204,0.0085444,0.00663097,"ARIMA(2, 0, 2)",-0.00663097,-0.00026894,0.00191342,0.0,2025-W21
adj_close.csv,ARIMA,XLRE,0.0062794,0.01324784,0.00661687,0.0062794,0.01324784,0.00661687,"ARIMA(2, 0, 2)",0.00661687,0.00033747,-0.00663097,0.0,2025-W22
adj_close.csv,ARIMA,XLRE,0.00111769,0.00589923,0.00071764,0.00111769,0.00589923,0.00071764,"ARIMA(2, 0, 2)",0.00071764,-0.00040004,0.00661687,0.0,2025-W23
adj_close.csv,ARIMA,XLRE,0.000318,0.00066992,4.772e-05,0.000318,0.00066992,4.772e-05,"ARIMA(2, 0, 2)",4.772e-05,0.00036572,0.00071764,0.0,2025-W24
adj_close.csv,ARIMA,XLRE,0.00022587,0.00040603,0.00035831,0.00022587,0.00040603,0.00035831,"ARIMA(2, 0, 2)",-0.00035831,-0.00013244,4.772e-05,0.0,2025-W25
adj_close.csv,ARIMA,XLRE,0.00154048,0.00126447,0.00162278,0.00154048,0.00126447,0.00162278,"ARIMA(2, 0, 2)",-0.00162278,-8.229e-05,-0.00035831,0.0,2025-W26
adj_close.csv,ARIMA,XLRE,0.00387124,0.00572318,0.0041004,0.00387124,0.00572318,0.0041004,"ARIMA(2, 0, 2)",0.0041004,0.00022917,-0.00162278,0.0,2025-W27
adj_close.csv,ARIMA,XLRE,0.00072989,0.00520391,0.00110351,0.00072989,0.00520391,0.00110351,"ARIMA(2, 0, 2)",-0.00110351,-0.00037362,0.0041004,0.0,2025-W28
adj_close.csv,ARIMA,XLRE,0.00077281,0.00239831,0.00129481,0.00077281,0.00239831,0.00129481,"ARIMA(2, 0, 2)",0.00129481,0.00052199,-0.00110351,0.0,2025-W29
adj_close.csv,ARIMA,XLRE,0.00499375,0.00319552,0.00449033,0.00499375,0.00319552,0.00449033,"ARIMA(2, 0, 2)",0.00449033,-0.00050342,0.00129481,0.0,2025-W30
adj_close.csv,ARIMA,XLRE,0.00699328,0.01162713,0.0071368,0.00699328,0.01162713,0.0071368,"ARIMA(2, 0, 2)",-0.0071368,-0.00014352,0.00449033,0.0,2025-W31
adj_close.csv,ARIMA,XLRE,0.00056279,0.00694294,0.00019387,0.00056279,0.00694294,0.00019387,"ARIMA(2, 0, 2)",-0.00019387,0.00036892,-0.0071368,0.0,2025-W32
adj_close.csv,ARIMA,XLRE,0.00097586,0.00058138,0.00038751,0.00097586,0.00058138,0.00038751,"ARIMA(2, 0, 2)",0.00038751,-0.00058835,-0.00019387,0.0,2025-W33
adj_close.csv,ARIMA,XLRE,0.00441501,0.00444121,0.00482872,0.00441501,0.00444121,0.00482872,"ARIMA(2, 0, 2)",0.00482872,0.00041372,0.00038751,0.0,2025-W34
adj_close.csv,ARIMA,XLRE,0.00016066,0.00497048,0.00014175,0.00016066,0.00497048,0.00014175,"ARIMA(2, 0, 2)",-0.00014175,1.891e-05,0.00482872,0.0,2025-W35
adj_close.csv,ARIMA,XLRE,0.00048349,0.00062757,0.00076932,0.00048349,0.00062757,0.00076932,"ARIMA(2, 0, 2)",-0.00076932,-0.00028584,-0.00014175,0.0,2025-W36
adj_close.csv,ARIMA,XLRE,0.00061827,0.00157378,0.00080445,0.00061827,0.00157378,0.00080445,"ARIMA(2, 0, 2)",0.00080445,0.00018618,-0.00076932,0.0,2025-W37
adj_close.csv,ARIMA,XLRE,0.00214457,0.00317978,0.00237533,0.00214457,0.00317978,0.00237533,"ARIMA(2, 0, 2)",-0.00237533,-0.00023075,0.00080445,0.0,2025-W38
adj_close.csv,ARIMA,XLRE,0.00156271,0.00403935,0.00166403,0.00156271,0.00403935,0.00166403,"ARIMA(2, 0, 2)",0.00166403,0.00010131,-0.00237533,0.0,2025-W39
adj_close.csv,ARIMA,XLRE,0.00095903,0.00071119,0.00095284,0.00095903,0.00071119,0.00095284,"ARIMA(2, 0, 2)",0.00095284,-6.19e-06,0.00166403,0.0,2025-W40
adj_close.csv,ARIMA,XLRE,0.00667714,0.00772004,0.0067672,0.00667714,0.00772004,0.0067672,"ARIMA(2, 0, 2)",-0.0067672,-9.006e-05,0.00095284,0.0,2025-W41
adj_close.csv,ARIMA,XLRE,0.00620032,0.01334418,0.00657698,0.00620032,0.01334418,0.00657698,"ARIMA(2, 0, 2)",0.00657698,0.00037666,-0.0067672,0.0,2025-W42
adj_close.csv,ARIMA,XLRE,0.00371626,0.00369582,0.00288116,0.00371626,0.00369582,0.00288116,"ARIMA(2, 0, 2)",0.00288116,-0.0008351,0.00657698,0.0,2025-W43
adj_close.csv,ARIMA,XLRE,0.00887195,0.01126061,0.00837945,0.00887195,0.01126061,0.00837945,"ARIMA(2, 0, 2)",-0.00837945,0.00049249,0.00288116,0.0,2025-W44
adj_close.csv,ARIMA,XLRE,0.00126169,0.01018059,0.00180114,0.00126169,0.01018059,0.00180114,"ARIMA(2, 0, 2)",0.00180114,0.00053945,-0.00837945,0.0,2025-W45
adj_close.csv,ARIMA,XLRE,0.00062191,0.00335795,0.0015568,0.00062191,0.00335795,0.0015568,"ARIMA(2, 0, 2)",-0.0015568,-0.00093489,0.00180114,0.0,2025-W46
adj_close.csv,ARIMA,XLRE,0.00093489,0.00131246,0.00024434,0.00093489,0.00131246,0.00024434,"ARIMA(2, 0, 2)",-0.00024434,0.00069055,-0.0015568,0.0,2025-W47
adj_close.csv,ARIMA,XLRE,0.00471107,0.00490717,0.00466283,0.00471107,0.00490717,0.00466283,"ARIMA(2, 0, 2)",0.00466283,-4.824e-05,-0.00024434,0.0,2025-W48
adj_close.csv,ARIMA,XLRE,0.00296879,0.00795348,0.00329065,0.00296879,0.00795348,0.00329065,"ARIMA(2, 0, 2)",-0.00329065,-0.00032186,0.00466283,0.0,2025-W49
adj_close.csv,ARIMA,XLRE,0.00195134,0.00211618,0.00117447,0.00195134,0.00211618,0.00117447,"ARIMA(2, 0, 2)",-0.00117447,0.00077687,-0.00329065,0.0,2025-W50
adj_close.csv,ARIMA,XLRE,0.00183149,0.00089757,0.00207204,0.00183149,0.00089757,0.00207204,"ARIMA(2, 0, 2)",-0.00207204,-0.00024055,-0.00117447,0.0,2025-W51
adj_close.csv,ARIMA,XLRE,0.00388248,0.00596447,0.00389243,0.00388248,0.00596447,0.00389243,"ARIMA(2, 0, 2)",0.00389243,9.95e-06,-0.00207204,0.0,2025-W52
adj_close.csv,ARIMA,XLRE,0.00099271,0.0047577,0.00086526,0.00099271,0.0047577,0.00086526,"ARIMA(2, 0, 2)",-0.00086526,0.00012745,0.00389243,0.0,2026-W01
adj_close.csv,ARIMA,XLRE,0.0007165,0.00145873,0.00059347,0.0007165,0.00145873,0.00059347,"ARIMA(2, 0, 2)",0.00059347,-0.00012303,-0.00086526,0.0,2026-W02
adj_close.csv,ARIMA,XLRE,0.0082405,0.00767757,0.00827103,0.0082405,0.00767757,0.00827103,"ARIMA(2, 0, 2)",0.00827103,3.053e-05,0.00059347,0.0,2026-W03
adj_close.csv,ARIMA,XLRE,0.00542472,0.01402254,0.00575151,0.00542472,0.01402254,0.00575151,"ARIMA(2, 0, 2)",-0.00575151,-0.00032679,0.00827103,0.0,2026-W04
adj_close.csv,ARIMA,XLRE,0.0004272,0.00662234,0.00087083,0.0004272,0.00662234,0.00087083,"ARIMA(2, 0, 2)",0.00087083,0.00044363,-0.00575151,0.0,2026-W05
adj_close.csv,ARIMA,XLRE,0.01078839,0.01228014,0.01140931,0.01078839,0.01228014,0.01140931,"ARIMA(2, 0, 2)",-0.01140931,-0.00062091,0.00087083,0.0,2026-W06
adj_close.csv,ARIMA,XLU,0.00323174,0.00614106,0.00294415,0.00323174,0.00614106,0.00294415,"ARIMA(0, 0, 1)",0.00294415,-0.00028759,-0.00319691,0.0,2024-W30
adj_close.csv,ARIMA,XLU,0.00815453,0.00544832,0.00839247,0.00815453,0.00544832,0.00839247,"ARIMA(0, 0, 1)",0.00839247,0.00023794,0.00294415,0.0,2024-W31
adj_close.csv,ARIMA,XLU,0.00230394,0.01004303,0.00165056,0.00230394,0.01004303,0.00165056,"ARIMA(0, 0, 1)",-0.00165056,0.00065338,0.00839247,0.0,2024-W32
adj_close.csv,ARIMA,XLU,0.00241618,0.00389308,0.00224252,0.00241618,0.00389308,0.00224252,"ARIMA(0, 0, 1)",0.00224252,-0.00017366,-0.00165056,0.0,2024-W33
adj_close.csv,ARIMA,XLU,0.00243344,0.00037326,0.00261578,0.00243344,0.00037326,0.00261578,"ARIMA(0, 0, 1)",0.00261578,0.00018234,0.00224252,0.0,2024-W34
adj_close.csv,ARIMA,XLU,0.00210665,0.0003219,0.00229388,0.00210665,0.0003219,0.00229388,"ARIMA(0, 0, 1)",0.00229388,0.00018723,0.00261578,0.0,2024-W35
adj_close.csv,ARIMA,XLU,0.00141283,0.00354221,0.00124833,0.00141283,0.00354221,0.00124833,"ARIMA(0, 0, 1)",-0.00124833,0.00016449,0.00229388,0.0,2024-W36
adj_close.csv,ARIMA,XLU,0.00692125,0.00806026,0.00681192,0.00692125,0.00806026,0.00681192,"ARIMA(0, 0, 1)",0.00681192,-0.00010933,-0.00124833,0.0,2024-W37
adj_close.csv,ARIMA,XLU,0.00335945,0.00292832,0.0038836,0.00335945,0.00292832,0.0038836,"ARIMA(0, 0, 1)",0.0038836,0.00052416,0.00681192,0.0,2024-W38
adj_close.csv,ARIMA,XLU,0.00192958,0.00168553,0.00219807,0.00192958,0.00168553,0.00219807,"ARIMA(0, 0, 1)",0.00219807,0.00026849,0.0038836,0.0,2024-W39
adj_close.csv,ARIMA,XLU,0.00204283,3.12e-06,0.00220119,0.00204283,3.12e-06,0.00220119,"ARIMA(0, 0, 1)",0.00220119,0.00015836,0.00219807,0.0,2024-W40
adj_close.csv,ARIMA,XLU,0.00530234,0.00733347,0.00513228,0.00530234,0.00733347,0.00513228,"ARIMA(0, 0, 1)",-0.00513228,0.00017005,0.00220119,0.0,2024-W41
adj_close.csv,ARIMA,XLU,0.00712757,0.01183264,0.00670035,0.00712757,0.01183264,0.00670035,"ARIMA(0, 0, 1)",0.00670035,-0.00042722,-0.00513228,0.0,2024-W42
adj_close.csv,ARIMA,XLU,0.00438645,0.01056913,0.00386878,0.00438645,0.01056913,0.00386878,"ARIMA(0, 0, 1)",-0.00386878,0.00051767,0.00670035,0.0,2024-W43
adj_close.csv,ARIMA,XLU,0.00538931,0.00180948,0.00567826,0.00538931,0.00180948,0.00567826,"ARIMA(0, 0, 1)",-0.00567826,-0.00028895,-0.00386878,0.0,2024-W44
adj_close.csv,ARIMA,XLU,0.0030539,0.00834818,0.00266992,0.0030539,0.00834818,0.00266992,"ARIMA(0, 0, 1)",0.00266992,-0.00038398,-0.00567826,0.0,2024-W45
adj_close.csv,ARIMA,XLU,3.124e-05,0.00249317,0.00017676,3.124e-05,0.00249317,0.00017676,"ARIMA(0, 0, 1)",0.00017676,0.000208,0.00266992,0.0,2024-W46
adj_close.csv,ARIMA,XLU,0.00547851,0.00529961,0.00547637,0.00547851,0.00529961,0.00547637,"ARIMA(0, 0, 1)",0.00547637,-2.14e-06,0.00017676,0.0,2024-W47
adj_close.csv,ARIMA,XLU,0.00412901,0.0009745,0.00450187,0.00412901,0.0009745,0.00450187,"ARIMA(0, 0, 1)",0.00450187,0.00037286,0.00547637,0.0,2024-W48
adj_close.csv,ARIMA,XLU,0.00826933,0.0124724,0.00797053,0.00826933,0.0124724,0.00797053,"ARIMA(0, 0, 1)",-0.00797053,0.00029879,0.00450187,0.0,2024-W49
adj_close.csv,ARIMA,XLU,0.00467156,0.00275826,0.00521227,0.00467156,0.00275826,0.00521227,"ARIMA(0, 0, 1)",-0.00521227,-0.00054071,-0.00797053,0.0,2024-W50
adj_close.csv,ARIMA,XLU,0.00280536,0.00207077,0.0031415,0.00280536,0.00207077,0.0031415,"ARIMA(0, 0, 1)",-0.0031415,-0.00033614,-0.00521227,0.0,2024-W51
adj_close.csv,ARIMA,XLU,0.00112647,0.00405668,0.00091518,0.00112647,0.00405668,0.00091518,"ARIMA(0, 0, 1)",0.00091518,-0.00021128,-0.0031415,0.0,2024-W52
adj_close.csv,ARIMA,XLU,0.0031805,0.00234942,0.00326461,0.0031805,0.00234942,0.00326461,"ARIMA(0, 0, 1)",0.00326461,8.41e-05,0.00091518,0.0,2025-W01
adj_close.csv,ARIMA,XLU,0.00515219,0.00817765,0.00491304,0.00515219,0.00817765,0.00491304,"ARIMA(0, 0, 1)",-0.00491304,0.00023915,0.00326461,0.0,2025-W02
adj_close.csv,ARIMA,XLU,0.00881665,0.01335879,0.00844575,0.00881665,0.01335879,0.00844575,"ARIMA(0, 0, 1)",0.00844575,-0.00037089,-0.00491304,0.0,2025-W03
adj_close.csv,ARIMA,XLU,0.00149702,0.00639309,0.00205267,0.00149702,0.00639309,0.00205267,"ARIMA(0, 0, 1)",0.00205267,0.00055565,0.00844575,0.0,2025-W04
adj_close.csv,ARIMA,XLU,0.00418953,0.00614507,0.0040924,0.00418953,0.00614507,0.0040924,"ARIMA(0, 0, 1)",-0.0040924,9.713e-05,0.00205267,0.0,2025-W05
adj_close.csv,ARIMA,XLU,0.00093807,0.00475898,0.00066658,0.00093807,0.00475898,0.00066658,"ARIMA(0, 0, 1)",0.00066658,-0.00027149,-0.0040924,0.0,2025-W06
adj_close.csv,ARIMA,XLU,0.00238214,0.00177561,0.00244218,0.00238214,0.00177561,0.00244218,"ARIMA(0, 0, 1)",0.00244218,6.004e-05,0.00066658,0.0,2025-W07
adj_close.csv,ARIMA,XLU,0.00351676,0.00122855,0.00367074,0.00351676,0.00122855,0.00367074,"ARIMA(0, 0, 1)",0.00367074,0.00015397,0.00244218,0.0,2025-W08
adj_close.csv,ARIMA,XLU,0.00286568,0.00630414,0.0026334,0.00286568,0.00630414,0.0026334,"ARIMA(0, 0, 1)",-0.0026334,0.00023228,0.00367074,0.0,2025-W09
adj_close.csv,ARIMA,XLU,0.00474971,0.00229947,0.00493287,0.00474971,0.00229947,0.00493287,"ARIMA(0, 0, 1)",-0.00493287,-0.00018316,-0.0026334,0.0,2025-W10
adj_close.csv,ARIMA,XLU,0.00436248,0.00898015,0.00404728,0.00436248,0.00898015,0.00404728,"ARIMA(0, 0, 1)",0.00404728,-0.0003152,-0.00493287,0.0,2025-W11
adj_close.csv,ARIMA,XLU,0.00057653,0.00435179,0.00030451,0.00057653,0.00435179,0.00030451,"ARIMA(0, 0, 1)",-0.00030451,0.00027202,0.00404728,0.0,2025-W12
adj_close.csv,ARIMA,XLU,0.00051496,0.00024614,0.00055066,0.00051496,0.00024614,0.00055066,"ARIMA(0, 0, 1)",-0.00055066,-3.57e-05,-0.00030451,0.0,2025-W13
adj_close.csv,ARIMA,XLU,0.00901811,0.0084995,0.00905016,0.00901811,0.0084995,0.00905016,"ARIMA(0, 0, 1)",-0.00905016,-3.204e-05,-0.00055066,0.0,2025-W14
adj_close.csv,ARIMA,XLU,0.00531109,0.01379683,0.00474668,0.00531109,0.01379683,0.00474668,"ARIMA(0, 0, 1)",0.00474668,-0.00056442,-0.00905016,0.0,2025-W15
adj_close.csv,ARIMA,XLU,0.00442666,4.152e-05,0.00470516,0.00442666,4.152e-05,0.00470516,"ARIMA(0, 0, 1)",0.00470516,0.0002785,0.00474668,0.0,2025-W16
adj_close.csv,ARIMA,XLU,0.00087543,0.00357681,0.00112835,0.00087543,0.00357681,0.00112835,"ARIMA(0, 0, 1)",0.00112835,0.00025293,0.00470516,0.0,2025-W17
adj_close.csv,ARIMA,XLU,0.00384911,0.00277151,0.00389986,0.00384911,0.00277151,0.00389986,"ARIMA(0, 0, 1)",0.00389986,5.075e-05,0.00112835,0.0,2025-W18
adj_close.csv,ARIMA,XLU,0.00099708,0.00267482,0.00122504,0.00099708,0.00267482,0.00122504,"ARIMA(0, 0, 1)",0.00122504,0.00022796,0.00389986,0.0,2025-W19
adj_close.csv,ARIMA,XLU,0.00471829,0.00355293,0.00477797,0.00471829,0.00355293,0.00477797,"ARIMA(0, 0, 1)",0.00477797,5.968e-05,0.00122504,0.0,2025-W20
adj_close.csv,ARIMA,XLU,0.00303288,0.00752242,0.00274445,0.00303288,0.00752242,0.00274445,"ARIMA(0, 0, 1)",-0.00274445,0.00028843,0.00477797,0.0,2025-W21
adj_close.csv,ARIMA,XLU,0.00281411,0.00538283,0.00263838,0.00281411,0.00538283,0.00263838,"ARIMA(0, 0, 1)",0.00263838,-0.00017573,-0.00274445,0.0,2025-W22
adj_close.csv,ARIMA,XLU,0.00194953,0.00442856,0.00179018,0.00194953,0.00442856,0.00179018,"ARIMA(0, 0, 1)",-0.00179018,0.00015935,0.00263838,0.0,2025-W23
adj_close.csv,ARIMA,XLU,0.00067388,0.00235593,0.00056574,0.00067388,0.00235593,0.00056574,"ARIMA(0, 0, 1)",0.00056574,-0.00010813,-0.00179018,0.0,2025-W24
adj_close.csv,ARIMA,XLU,0.00201011,0.00253862,0.00197288,0.00201011,0.00253862,0.00197288,"ARIMA(0, 0, 1)",-0.00197288,3.723e-05,0.00056574,0.0,2025-W25
adj_close.csv,ARIMA,XLU,0.00285145,0.00471382,0.00274094,0.00285145,0.00471382,0.00274094,"ARIMA(0, 0, 1)",0.00274094,-0.00011051,-0.00197288,0.0,2025-W26
adj_close.csv,ARIMA,XLU,0.00140936,0.0011782,0.00156274,0.00140936,0.0011782,0.00156274,"ARIMA(0, 0, 1)",0.00156274,0.00015339,0.00274094,0.0,2025-W27
adj_close.csv,ARIMA,XLU,0.0014084,7.754e-05,0.00148521,0.0014084,7.754e-05,0.00148521,"ARIMA(0, 0, 1)",0.00148521,7.68e-05,0.00156274,0.0,2025-W28
adj_close.csv,ARIMA,XLU,0.00305146,0.00164362,0.00312883,0.00305146,0.00164362,0.00312883,"ARIMA(0, 0, 1)",0.00312883,7.737e-05,0.00148521,0.0,2025-W29
adj_close.csv,ARIMA,XLU,0.00165986,0.00129845,0.00183038,0.00165986,0.00129845,0.00183038,"ARIMA(0, 0, 1)",0.00183038,0.00017053,0.00312883,0.0,2025-W30
adj_close.csv,ARIMA,XLU,0.00291189,0.00117579,0.00300618,0.00291189,0.00117579,0.00300618,"ARIMA(0, 0, 1)",0.00300618,9.429e-05,0.00183038,0.0,2025-W31
adj_close.csv,ARIMA,XLU,0.00068778,0.00212236,0.00088382,0.00068778,0.00212236,0.00088382,"ARIMA(0, 0, 1)",0.00088382,0.00019604,0.00300618,0.0,2025-W32
adj_close.csv,ARIMA,XLU,0.00135062,0.00218766,0.00130384,0.00135062,0.00218766,0.00130384,"ARIMA(0, 0, 1)",-0.00130384,4.678e-05,0.00088382,0.0,2025-W33
adj_close.csv,ARIMA,XLU,0.00107062,0.00228253,0.00097869,0.00107062,0.00228253,0.00097869,"ARIMA(0, 0, 1)",0.00097869,-9.193e-05,-0.00130384,0.0,2025-W34
adj_close.csv,ARIMA,XLU,0.00411094,0.00501735,0.00403866,0.00411094,0.00501735,0.00403866,"ARIMA(0, 0, 1)",-0.00403866,7.229e-05,0.00097869,0.0,2025-W35
adj_close.csv,ARIMA,XLU,0.00229894,0.00150572,0.00253294,0.00229894,0.00150572,0.00253294,"ARIMA(0, 0, 1)",-0.00253294,-0.000234,-0.00403866,0.0,2025-W36
adj_close.csv,ARIMA,XLU,0.00494069,0.00733875,0.0048058,0.00494069,0.00733875,0.0048058,"ARIMA(0, 0, 1)",0.0048058,-0.00013488,-0.00253294,0.0,2025-W37
adj_close.csv,ARIMA,XLU,0.00157067,0.00609651,0.0012907,0.00157067,0.00609651,0.0012907,"ARIMA(0, 0, 1)",-0.0012907,0.00027996,0.0048058,0.0,2025-W38
adj_close.csv,ARIMA,XLU,0.00576017,0.00696424,0.00567354,0.00576017,0.00696424,0.00567354,"ARIMA(0, 0, 1)",0.00567354,-8.663e-05,-0.0012907,0.0,2025-W39
adj_close.csv,ARIMA,XLU,0.00447149,0.00089295,0.00478059,0.00447149,0.00089295,0.00478059,"ARIMA(0, 0, 1)",0.00478059,0.0003091,0.00567354,0.0,2025-W40
adj_close.csv,ARIMA,XLU,0.00262045,0.00189965,0.00288093,0.00262045,0.00189965,0.00288093,"ARIMA(0, 0, 1)",0.00288093,0.00026048,0.00478059,0.0,2025-W41
adj_close.csv,ARIMA,XLU,0.00285599,0.00013393,0.00301487,0.00285599,0.00013393,0.00301487,"ARIMA(0, 0, 1)",0.00301487,0.00015888,0.00288093,0.0,2025-W42
adj_close.csv,ARIMA,XLU,0.00057171,0.0034084,0.00039354,0.00057171,0.0034084,0.00039354,"ARIMA(0, 0, 1)",-0.00039354,0.00017817,0.00301487,0.0,2025-W43
adj_close.csv,ARIMA,XLU,0.00503988,0.00468181,0.00507535,0.00503988,0.00468181,0.00507535,"ARIMA(0, 0, 1)",-0.00507535,-3.546e-05,-0.00039354,0.0,2025-W44
adj_close.csv,ARIMA,XLU,0.00163448,0.00639535,0.00132,0.00163448,0.00639535,0.00132,"ARIMA(0, 0, 1)",0.00132,-0.00031448,-0.00507535,0.0,2025-W45
adj_close.csv,ARIMA,XLU,0.00218386,0.00340463,0.00208463,0.00218386,0.00340463,0.00208463,"ARIMA(0, 0, 1)",-0.00208463,9.923e-05,0.00132,0.0,2025-W46
adj_close.csv,ARIMA,XLU,0.0012474,0.00070538,0.00137925,0.0012474,0.00070538,0.00137925,"ARIMA(0, 0, 1)",-0.00137925,-0.00013185,-0.00208463,0.0,2025-W47
adj_close.csv,ARIMA,XLU,0.00701229,0.00831558,0.00693634,0.00701229,0.00831558,0.00693634,"ARIMA(0, 0, 1)",0.00693634,-7.596e-05,-0.00137925,0.0,2025-W48
adj_close.csv,ARIMA,XLU,0.00951363,0.01603343,0.00909709,0.00951363,0.01603343,0.00909709,"ARIMA(0, 0, 1)",-0.00909709,0.00041654,0.00693634,0.0,2025-W49
adj_close.csv,ARIMA,XLU,0.00173236,0.00691433,0.00218276,0.00173236,0.00691433,0.00218276,"ARIMA(0, 0, 1)",-0.00218276,-0.0004504,-0.00909709,0.0,2025-W50
adj_close.csv,ARIMA,XLU,0.00084989,0.00124665,0.00093611,0.00084989,0.00124665,0.00093611,"ARIMA(0, 0, 1)",-0.00093611,-8.622e-05,-0.00218276,0.0,2025-W51
adj_close.csv,ARIMA,XLU,0.00278727,0.00368019,0.00274408,0.00278727,0.00368019,0.00274408,"ARIMA(0, 0, 1)",0.00274408,-4.319e-05,-0.00093611,0.0,2025-W52
adj_close.csv,ARIMA,XLU,0.00218711,0.00041739,0.00232669,0.00218711,0.00041739,0.00232669,"ARIMA(0, 0, 1)",0.00232669,0.00013958,0.00274408,0.0,2026-W01
adj_close.csv,ARIMA,XLU,0.00323924,0.00545432,0.00312763,0.00323924,0.00545432,0.00312763,"ARIMA(0, 0, 1)",-0.00312763,0.00011161,0.00232669,0.0,2026-W02
adj_close.csv,ARIMA,XLU,0.00425929,0.00722556,0.00409794,0.00425929,0.00722556,0.00409794,"ARIMA(0, 0, 1)",0.00409794,-0.00016135,-0.00312763,0.0,2026-W03
adj_close.csv,ARIMA,XLU,0.00503096,0.00892646,0.00482853,0.00503096,0.00892646,0.00482853,"ARIMA(0, 0, 1)",-0.00482853,0.00020243,0.00409794,0.0,2026-W04
adj_close.csv,ARIMA,XLU,0.00343605,0.008045,0.00321647,0.00343605,0.008045,0.00321647,"ARIMA(0, 0, 1)",0.00321647,-0.00021957,-0.00482853,0.0,2026-W05
adj_close.csv,ARIMA,XLU,0.01481292,0.0178901,0.01467363,0.01481292,0.0178901,0.01467363,"ARIMA(0, 0, 1)",-0.01467363,0.00013929,0.00321647,0.0,2026-W06
adj_close.csv,ARIMA,XLV,0.00279548,0.00334737,0.00280706,0.00279548,0.00334737,0.00280706,"ARIMA(0, 0, 1)",0.00280706,1.157e-05,-0.00054031,0.0,2024-W30
adj_close.csv,ARIMA,XLV,0.00128211,0.00161033,0.00119673,0.00128211,0.00161033,0.00119673,"ARIMA(0, 0, 1)",0.00119673,-8.538e-05,0.00280706,0.0,2024-W31
adj_close.csv,ARIMA,XLV,0.00113269,0.00236681,0.00117009,0.00113269,0.00236681,0.00117009,"ARIMA(0, 0, 1)",-0.00117009,-3.74e-05,0.00119673,0.0,2024-W32
adj_close.csv,ARIMA,XLV,0.00378351,0.00498726,0.00381717,0.00378351,0.00498726,0.00381717,"ARIMA(0, 0, 1)",0.00381717,3.366e-05,-0.00117009,0.0,2024-W33
adj_close.csv,ARIMA,XLV,0.00346422,0.00046987,0.0033473,0.00346422,0.00046987,0.0033473,"ARIMA(0, 0, 1)",0.0033473,-0.00011693,0.00381717,0.0,2024-W34
adj_close.csv,ARIMA,XLV,0.00233069,0.00110836,0.00223893,0.00233069,0.00110836,0.00223893,"ARIMA(0, 0, 1)",0.00223893,-9.175e-05,0.0033473,0.0,2024-W35
adj_close.csv,ARIMA,XLV,0.00516709,0.00746169,0.00522276,0.00516709,0.00746169,0.00522276,"ARIMA(0, 0, 1)",-0.00522276,-5.566e-05,0.00223893,0.0,2024-W36
adj_close.csv,ARIMA,XLV,0.00270457,0.00807341,0.00285065,0.00270457,0.00807341,0.00285065,"ARIMA(0, 0, 1)",0.00285065,0.00014608,-0.00522276,0.0,2024-W37
adj_close.csv,ARIMA,XLV,0.00104273,0.00398089,0.00113024,0.00104273,0.00398089,0.00113024,"ARIMA(0, 0, 1)",-0.00113024,-8.751e-05,0.00285065,0.0,2024-W38
adj_close.csv,ARIMA,XLV,0.00222257,0.00105746,0.0021877,0.00222257,0.00105746,0.0021877,"ARIMA(0, 0, 1)",-0.0021877,3.487e-05,-0.00113024,0.0,2024-W39
adj_close.csv,ARIMA,XLV,0.00188433,0.00037583,0.00181187,0.00188433,0.00037583,0.00181187,"ARIMA(0, 0, 1)",-0.00181187,7.246e-05,-0.0021877,0.0,2024-W40
adj_close.csv,ARIMA,XLV,0.00288678,0.00475764,0.00294577,0.00288678,0.00475764,0.00294577,"ARIMA(0, 0, 1)",0.00294577,5.899e-05,-0.00181187,0.0,2024-W41
adj_close.csv,ARIMA,XLV,0.00089447,0.00393592,0.00099015,0.00089447,0.00393592,0.00099015,"ARIMA(0, 0, 1)",-0.00099015,-9.568e-05,0.00294577,0.0,2024-W42
adj_close.csv,ARIMA,XLV,0.00604962,0.00502916,0.00601931,0.00604962,0.00502916,0.00601931,"ARIMA(0, 0, 1)",-0.00601931,3.031e-05,-0.00099015,0.0,2024-W43
adj_close.csv,ARIMA,XLV,0.00134187,0.00487195,0.00114735,0.00134187,0.00487195,0.00114735,"ARIMA(0, 0, 1)",-0.00114735,0.00019452,-0.00601931,0.0,2024-W44
adj_close.csv,ARIMA,XLV,0.00323676,0.00442346,0.00327611,0.00323676,0.00442346,0.00327611,"ARIMA(0, 0, 1)",0.00327611,3.935e-05,-0.00114735,0.0,2024-W45
adj_close.csv,ARIMA,XLV,0.01132613,0.01470312,0.01142701,0.01132613,0.01470312,0.01142701,"ARIMA(0, 0, 1)",-0.01142701,-0.00010088,0.00327611,0.0,2024-W46
adj_close.csv,ARIMA,XLV,0.00277712,0.01467186,0.00324485,0.00277712,0.01467186,0.00324485,"ARIMA(0, 0, 1)",0.00324485,0.00046773,-0.01142701,0.0,2024-W47
adj_close.csv,ARIMA,XLV,0.00570967,0.00232866,0.00557351,0.00570967,0.00232866,0.00557351,"ARIMA(0, 0, 1)",0.00557351,-0.00013617,0.00324485,0.0,2024-W48
adj_close.csv,ARIMA,XLV,0.00403028,0.00986589,0.00429238,0.00403028,0.00986589,0.00429238,"ARIMA(0, 0, 1)",-0.00429238,-0.00026211,0.00557351,0.0,2024-W49
adj_close.csv,ARIMA,XLV,0.00482116,0.00032101,0.00461339,0.00482116,0.00032101,0.00461339,"ARIMA(0, 0, 1)",-0.00461339,0.00020778,-0.00429238,0.0,2024-W50
adj_close.csv,ARIMA,XLV,0.00451001,0.00032632,0.00428706,0.00451001,0.00032632,0.00428706,"ARIMA(0, 0, 1)",-0.00428706,0.00022294,-0.00461339,0.0,2024-W51
adj_close.csv,ARIMA,XLV,0.00266314,0.00713152,0.00284445,0.00266314,0.00713152,0.00284445,"ARIMA(0, 0, 1)",0.00284445,0.00018131,-0.00428706,0.0,2024-W52
adj_close.csv,ARIMA,XLV,0.00013516,0.00282641,1.805e-05,0.00013516,0.00282641,1.805e-05,"ARIMA(0, 0, 1)",1.805e-05,-0.00011711,0.00284445,0.0,2025-W01
adj_close.csv,ARIMA,XLV,0.00122633,0.00120231,0.00122036,0.00122633,0.00120231,0.00122036,"ARIMA(0, 0, 1)",0.00122036,-5.97e-06,1.805e-05,0.0,2025-W02
adj_close.csv,ARIMA,XLV,0.00082625,0.0004484,0.00077195,0.00082625,0.0004484,0.00077195,"ARIMA(0, 0, 1)",0.00077195,-5.43e-05,0.00122036,0.0,2025-W03
adj_close.csv,ARIMA,XLV,0.00729534,0.00648712,0.00725908,0.00729534,0.00648712,0.00725908,"ARIMA(0, 0, 1)",0.00725908,-3.627e-05,0.00077195,0.0,2025-W04
adj_close.csv,ARIMA,XLV,0.00382386,0.00374227,0.00351681,0.00382386,0.00374227,0.00351681,"ARIMA(0, 0, 1)",0.00351681,-0.00030705,0.00725908,0.0,2025-W05
adj_close.csv,ARIMA,XLV,0.00047314,0.00411687,0.00060006,0.00047314,0.00411687,0.00060006,"ARIMA(0, 0, 1)",-0.00060006,-0.00012692,0.00351681,0.0,2025-W06
adj_close.csv,ARIMA,XLV,0.0022549,0.00163872,0.00223878,0.0022549,0.00163872,0.00223878,"ARIMA(0, 0, 1)",-0.00223878,1.612e-05,-0.00060006,0.0,2025-W07
adj_close.csv,ARIMA,XLV,0.00272122,0.00503725,0.00279847,0.00272122,0.00503725,0.00279847,"ARIMA(0, 0, 1)",0.00279847,7.725e-05,-0.00223878,0.0,2025-W08
adj_close.csv,ARIMA,XLV,0.00348324,0.00058731,0.00338578,0.00348324,0.00058731,0.00338578,"ARIMA(0, 0, 1)",0.00338578,-9.747e-05,0.00279847,0.0,2025-W09
adj_close.csv,ARIMA,XLV,0.00058465,0.00291631,0.00046947,0.00058465,0.00291631,0.00046947,"ARIMA(0, 0, 1)",0.00046947,-0.00011518,0.00338578,0.0,2025-W10
adj_close.csv,ARIMA,XLV,0.00589559,0.00638402,0.00591455,0.00589559,0.00638402,0.00591455,"ARIMA(0, 0, 1)",-0.00591455,-1.896e-05,0.00046947,0.0,2025-W11
adj_close.csv,ARIMA,XLV,0.00209121,0.00820595,0.0022914,0.00209121,0.00820595,0.0022914,"ARIMA(0, 0, 1)",0.0022914,0.00020019,-0.00591455,0.0,2025-W12
adj_close.csv,ARIMA,XLV,0.0020082,0.00437709,0.0020857,0.0020082,0.00437709,0.0020857,"ARIMA(0, 0, 1)",-0.0020857,-7.75e-05,0.0022914,0.0,2025-W13
adj_close.csv,ARIMA,XLV,0.01329181,0.01112857,0.01321426,0.01329181,0.01112857,0.01321426,"ARIMA(0, 0, 1)",-0.01321426,7.755e-05,-0.0020857,0.0,2025-W14
adj_close.csv,ARIMA,XLV,0.00195226,0.01555125,0.00233699,0.00195226,0.01555125,0.00233699,"ARIMA(0, 0, 1)",0.00233699,0.00038473,-0.01321426,0.0,2025-W15
adj_close.csv,ARIMA,XLV,0.00246644,0.00487041,0.00253343,0.00246644,0.00487041,0.00253343,"ARIMA(0, 0, 1)",-0.00253343,-6.699e-05,0.00233699,0.0,2025-W16
adj_close.csv,ARIMA,XLV,0.00365132,0.00627704,0.00374362,0.00365132,0.00627704,0.00374362,"ARIMA(0, 0, 1)",0.00374362,9.23e-05,-0.00253343,0.0,2025-W17
adj_close.csv,ARIMA,XLV,0.00084314,0.00304943,0.00069419,0.00084314,0.00304943,0.00069419,"ARIMA(0, 0, 1)",0.00069419,-0.00014895,0.00374362,0.0,2025-W18
adj_close.csv,ARIMA,XLV,0.00859576,0.00932357,0.00862937,0.00859576,0.00932357,0.00862937,"ARIMA(0, 0, 1)",-0.00862937,-3.361e-05,0.00069419,0.0,2025-W19
adj_close.csv,ARIMA,XLV,0.00026051,0.00924646,0.00061709,0.00026051,0.00924646,0.00061709,"ARIMA(0, 0, 1)",0.00061709,0.00035658,-0.00862937,0.0,2025-W20
adj_close.csv,ARIMA,XLV,0.00416509,0.00479292,0.00417583,0.00416509,0.00479292,0.00417583,"ARIMA(0, 0, 1)",-0.00417583,-1.075e-05,0.00061709,0.0,2025-W21
adj_close.csv,ARIMA,XLV,0.00419581,0.00854892,0.00437308,0.00419581,0.00854892,0.00437308,"ARIMA(0, 0, 1)",0.00437308,0.00017727,-0.00417583,0.0,2025-W22
adj_close.csv,ARIMA,XLV,0.00280641,0.00176648,0.0026066,0.00280641,0.00176648,0.0026066,"ARIMA(0, 0, 1)",0.0026066,-0.0001998,0.00437308,0.0,2025-W23
adj_close.csv,ARIMA,XLV,0.00271271,1.888e-05,0.00258773,0.00271271,1.888e-05,0.00258773,"ARIMA(0, 0, 1)",0.00258773,-0.00012499,0.0026066,0.0,2025-W24
adj_close.csv,ARIMA,XLV,0.0064521,0.00915604,0.00656831,0.0064521,0.00915604,0.00656831,"ARIMA(0, 0, 1)",-0.00656831,-0.00011621,0.00258773,0.0,2025-W25
adj_close.csv,ARIMA,XLV,0.00263898,0.00951685,0.00294854,0.00263898,0.00951685,0.00294854,"ARIMA(0, 0, 1)",0.00294854,0.00030956,-0.00656831,0.0,2025-W26
adj_close.csv,ARIMA,XLV,0.00305055,3.497e-05,0.00291357,0.00305055,3.497e-05,0.00291357,"ARIMA(0, 0, 1)",0.00291357,-0.00013698,0.00294854,0.0,2025-W27
adj_close.csv,ARIMA,XLV,0.00030508,0.00337166,0.00045809,0.00030508,0.00337166,0.00045809,"ARIMA(0, 0, 1)",-0.00045809,-0.00015301,0.00291357,0.0,2025-W28
adj_close.csv,ARIMA,XLV,0.00503377,0.00456033,0.00501842,0.00503377,0.00456033,0.00501842,"ARIMA(0, 0, 1)",-0.00501842,1.536e-05,-0.00045809,0.0,2025-W29
adj_close.csv,ARIMA,XLV,0.00666433,0.01193622,0.0069178,0.00666433,0.01193622,0.0069178,"ARIMA(0, 0, 1)",0.0069178,0.00025347,-0.00501842,0.0,2025-W30
adj_close.csv,ARIMA,XLV,0.00760853,0.01491554,0.00799774,0.00760853,0.01491554,0.00799774,"ARIMA(0, 0, 1)",-0.00799774,-0.00038922,0.0069178,0.0,2025-W31
adj_close.csv,ARIMA,XLV,0.00202471,0.00651278,0.00148497,0.00202471,0.00651278,0.00148497,"ARIMA(0, 0, 1)",-0.00148497,0.00053974,-0.00799774,0.0,2025-W32
adj_close.csv,ARIMA,XLV,0.00895157,0.01057163,0.00908667,0.00895157,0.01057163,0.00908667,"ARIMA(0, 0, 1)",0.00908667,0.00013509,-0.00148497,0.0,2025-W33
adj_close.csv,ARIMA,XLV,0.0034916,0.00622928,0.00285739,0.0034916,0.00622928,0.00285739,"ARIMA(0, 0, 1)",0.00285739,-0.00063421,0.00908667,0.0,2025-W34
adj_close.csv,ARIMA,XLV,0.00085564,0.00393141,0.00107402,0.00085564,0.00393141,0.00107402,"ARIMA(0, 0, 1)",-0.00107402,-0.00021838,0.00285739,0.0,2025-W35
adj_close.csv,ARIMA,XLV,0.0007986,0.00192752,0.0008535,0.0007986,0.00192752,0.0008535,"ARIMA(0, 0, 1)",0.0008535,5.49e-05,-0.00107402,0.0,2025-W36
adj_close.csv,ARIMA,XLV,0.00035579,0.00054914,0.00030436,0.00035579,0.00054914,0.00030436,"ARIMA(0, 0, 1)",0.00030436,-5.142e-05,0.0008535,0.0,2025-W37
adj_close.csv,ARIMA,XLV,0.00116813,0.00149536,0.001191,0.00116813,0.00149536,0.001191,"ARIMA(0, 0, 1)",-0.001191,-2.287e-05,0.00030436,0.0,2025-W38
adj_close.csv,ARIMA,XLV,0.00178741,0.00052122,0.00171221,0.00178741,0.00052122,0.00171221,"ARIMA(0, 0, 1)",-0.00171221,7.519e-05,-0.001191,0.0,2025-W39
adj_close.csv,ARIMA,XLV,0.01318986,0.01501621,0.013304,0.01318986,0.01501621,0.013304,"ARIMA(0, 0, 1)",0.013304,0.00011414,-0.00171221,0.0,2025-W40
adj_close.csv,ARIMA,XLV,0.00285932,0.01708205,0.00377805,0.00285932,0.01708205,0.00377805,"ARIMA(0, 0, 1)",-0.00377805,-0.00091873,0.013304,0.0,2025-W41
adj_close.csv,ARIMA,XLV,0.00140984,0.00540397,0.00162592,0.00140984,0.00540397,0.00162592,"ARIMA(0, 0, 1)",0.00162592,0.00021608,-0.00377805,0.0,2025-W42
adj_close.csv,ARIMA,XLV,0.00392884,0.00219029,0.00381622,0.00392884,0.00219029,0.00381622,"ARIMA(0, 0, 1)",0.00381622,-0.00011262,0.00162592,0.0,2025-W43
adj_close.csv,ARIMA,XLV,0.00214831,0.00626904,0.00245283,0.00214831,0.00626904,0.00245283,"ARIMA(0, 0, 1)",-0.00245283,-0.00030451,0.00381622,0.0,2025-W44
adj_close.csv,ARIMA,XLV,0.00243337,0.00505624,0.00260341,0.00243337,0.00505624,0.00260341,"ARIMA(0, 0, 1)",0.00260341,0.00017004,-0.00245283,0.0,2025-W45
adj_close.csv,ARIMA,XLV,0.00783542,0.00503587,0.00763929,0.00783542,0.00503587,0.00763929,"ARIMA(0, 0, 1)",0.00763929,-0.00019613,0.00260341,0.0,2025-W46
adj_close.csv,ARIMA,XLV,0.0042188,0.00401041,0.00362888,0.0042188,0.00401041,0.00362888,"ARIMA(0, 0, 1)",0.00362888,-0.00058992,0.00763929,0.0,2025-W47
adj_close.csv,ARIMA,XLV,0.00515008,0.001239,0.00486788,0.00515008,0.001239,0.00486788,"ARIMA(0, 0, 1)",0.00486788,-0.00028221,0.00362888,0.0,2025-W48
adj_close.csv,ARIMA,XLV,0.00532627,0.01051619,0.00564831,0.00532627,0.01051619,0.00564831,"ARIMA(0, 0, 1)",-0.00564831,-0.00032204,0.00486788,0.0,2025-W49
adj_close.csv,ARIMA,XLV,0.00067259,0.00668958,0.00104127,0.00067259,0.00668958,0.00104127,"ARIMA(0, 0, 1)",0.00104127,0.00036868,-0.00564831,0.0,2025-W50
adj_close.csv,ARIMA,XLV,0.00118633,9.789e-05,0.00113916,0.00118633,9.789e-05,0.00113916,"ARIMA(0, 0, 1)",0.00113916,-4.717e-05,0.00104127,0.0,2025-W51
adj_close.csv,ARIMA,XLV,0.00293033,0.00170781,0.00284697,0.00293033,0.00170781,0.00284697,"ARIMA(0, 0, 1)",0.00284697,-8.336e-05,0.00113916,0.0,2025-W52
adj_close.csv,ARIMA,XLV,0.00066219,0.00371359,0.00086662,0.00066219,0.00371359,0.00086662,"ARIMA(0, 0, 1)",-0.00086662,-0.00020443,0.00284697,0.0,2026-W01
adj_close.csv,ARIMA,XLV,0.00225526,0.00316829,0.00230167,0.00225526,0.00316829,0.00230167,"ARIMA(0, 0, 1)",0.00230167,4.641e-05,-0.00086662,0.0,2026-W02
adj_close.csv,ARIMA,XLV,0.00184695,0.00430775,0.00200608,0.00184695,0.00430775,0.00200608,"ARIMA(0, 0, 1)",-0.00200608,-0.00015912,0.00230167,0.0,2026-W03
adj_close.csv,ARIMA,XLV,0.00264552,0.00478369,0.00277761,0.00264552,0.00478369,0.00277761,"ARIMA(0, 0, 1)",0.00277761,0.0001321,-0.00200608,0.0,2026-W04
adj_close.csv,ARIMA,XLV,0.00331797,0.00628804,0.00351042,0.00331797,0.00628804,0.00351042,"ARIMA(0, 0, 1)",-0.00351042,-0.00019246,0.00277761,0.0,2026-W05
adj_close.csv,ARIMA,XLV,0.00587222,0.00963096,0.00612054,0.00587222,0.00963096,0.00612054,"ARIMA(0, 0, 1)",0.00612054,0.00024832,-0.00351042,0.0,2026-W06
adj_close.csv,ARIMA,XLY,0.00601364,0.00173467,0.00561562,0.00601364,0.00173467,0.00561562,"ARIMA(1, 0, 0)",-0.00561562,0.00039802,-0.00388095,0.0,2024-W30
adj_close.csv,ARIMA,XLY,0.00775287,0.00157638,0.00719201,0.00775287,0.00157638,0.00719201,"ARIMA(1, 0, 0)",-0.00719201,0.00056086,-0.00561562,0.0,2024-W31
adj_close.csv,ARIMA,XLY,0.00275953,0.00511495,0.00207706,0.00275953,0.00511495,0.00207706,"ARIMA(1, 0, 0)",-0.00207706,0.00068247,-0.00719201,0.0,2024-W32
adj_close.csv,ARIMA,XLY,0.00964536,0.01191483,0.00983777,0.00964536,0.01191483,0.00983777,"ARIMA(1, 0, 0)",0.00983777,0.00019241,-0.00207706,0.0,2024-W33
adj_close.csv,ARIMA,XLY,0.00604453,0.00472697,0.0051108,0.00604453,0.00472697,0.0051108,"ARIMA(1, 0, 0)",0.0051108,-0.00093374,0.00983777,0.0,2024-W34
adj_close.csv,ARIMA,XLY,0.00034912,0.00591082,0.00080002,0.00034912,0.00591082,0.00080002,"ARIMA(1, 0, 0)",-0.00080002,-0.0004509,0.0051108,0.0,2024-W35
adj_close.csv,ARIMA,XLY,0.00645777,0.00558701,0.00638703,0.00645777,0.00558701,0.00638703,"ARIMA(1, 0, 0)",-0.00638703,7.074e-05,-0.00080002,0.0,2024-W36
adj_close.csv,ARIMA,XLY,0.01019694,0.01714504,0.01075801,0.01019694,0.01714504,0.01075801,"ARIMA(1, 0, 0)",0.01075801,0.00056107,-0.00638703,0.0,2024-W37
adj_close.csv,ARIMA,XLY,0.00535063,0.00643064,0.00432737,0.00535063,0.00643064,0.00432737,"ARIMA(1, 0, 0)",0.00432737,-0.00102326,0.01075801,0.0,2024-W38
adj_close.csv,ARIMA,XLY,0.00497233,0.00026081,0.00458818,0.00497233,0.00026081,0.00458818,"ARIMA(1, 0, 0)",0.00458818,-0.00038415,0.00432737,0.0,2024-W39
adj_close.csv,ARIMA,XLY,0.00228023,0.00726486,0.00267668,0.00228023,0.00726486,0.00267668,"ARIMA(1, 0, 0)",-0.00267668,-0.00039645,0.00458818,0.0,2024-W40
adj_close.csv,ARIMA,XLY,0.00184551,0.00106552,0.00161115,0.00184551,0.00106552,0.00161115,"ARIMA(1, 0, 0)",-0.00161115,0.00023435,-0.00267668,0.0,2024-W41
adj_close.csv,ARIMA,XLY,0.00281878,0.00457013,0.00295897,0.00281878,0.00457013,0.00295897,"ARIMA(1, 0, 0)",0.00295897,0.00014019,-0.00161115,0.0,2024-W42
adj_close.csv,ARIMA,XLY,0.00155792,0.00166,0.00129898,0.00155792,0.00166,0.00129898,"ARIMA(1, 0, 0)",0.00129898,-0.00025894,0.00295897,0.0,2024-W43
adj_close.csv,ARIMA,XLY,0.00060539,0.00201738,0.0007184,0.00060539,0.00201738,0.0007184,"ARIMA(1, 0, 0)",-0.0007184,-0.00011302,0.00129898,0.0,2024-W44
adj_close.csv,ARIMA,XLY,0.0144232,0.01520417,0.01448577,0.0144232,0.01520417,0.01448577,"ARIMA(1, 0, 0)",0.01448577,6.257e-05,-0.0007184,0.0,2024-W45
adj_close.csv,ARIMA,XLY,0.00029001,0.0160538,0.00156803,0.00029001,0.0160538,0.00156803,"ARIMA(1, 0, 0)",-0.00156803,-0.00127802,0.01448577,0.0,2024-W46
adj_close.csv,ARIMA,XLY,0.00418052,0.00588759,0.00431956,0.00418052,0.00588759,0.00431956,"ARIMA(1, 0, 0)",0.00431956,0.00013905,-0.00156803,0.0,2024-W47
adj_close.csv,ARIMA,XLY,0.0051546,0.00044898,0.00476854,0.0051546,0.00044898,0.00476854,"ARIMA(1, 0, 0)",0.00476854,-0.00038607,0.00431956,0.0,2024-W48
adj_close.csv,ARIMA,XLY,0.00964524,0.00446184,0.00923038,0.00964524,0.00446184,0.00923038,"ARIMA(1, 0, 0)",0.00923038,-0.00041486,0.00476854,0.0,2024-W49
adj_close.csv,ARIMA,XLY,0.00305559,0.00693261,0.00229777,0.00305559,0.00693261,0.00229777,"ARIMA(1, 0, 0)",0.00229777,-0.00075781,0.00923038,0.0,2024-W50
adj_close.csv,ARIMA,XLY,0.00548612,0.0079657,0.00566793,0.00548612,0.0079657,0.00566793,"ARIMA(1, 0, 0)",-0.00566793,-0.00018181,0.00229777,0.0,2024-W51
adj_close.csv,ARIMA,XLY,0.00092217,0.0070461,0.00137817,0.00092217,0.0070461,0.00137817,"ARIMA(1, 0, 0)",0.00137817,0.000456,-0.00566793,0.0,2024-W52
adj_close.csv,ARIMA,XLY,0.00412445,0.00561426,0.00423609,0.00412445,0.00561426,0.00423609,"ARIMA(1, 0, 0)",-0.00423609,-0.00011164,0.00137817,0.0,2025-W01
adj_close.csv,ARIMA,XLY,0.00600967,0.00142792,0.005664,0.00600967,0.00142792,0.005664,"ARIMA(1, 0, 0)",-0.005664,0.00034566,-0.00423609,0.0,2025-W02
adj_close.csv,ARIMA,XLY,0.00701983,0.01313088,0.00746688,0.00701983,0.01313088,0.00746688,"ARIMA(1, 0, 0)",0.00746688,0.00044705,-0.005664,0.0,2025-W03
adj_close.csv,ARIMA,XLY,0.00148051,0.00660677,0.00086011,0.00148051,0.00660677,0.00086011,"ARIMA(1, 0, 0)",0.00086011,-0.0006204,0.00746688,0.0,2025-W04
adj_close.csv,ARIMA,XLY,0.0019399,0.00100931,0.00186942,0.0019399,0.00100931,0.00186942,"ARIMA(1, 0, 0)",0.00186942,-7.048e-05,0.00086011,0.0,2025-W05
adj_close.csv,ARIMA,XLY,0.00560615,0.00762843,0.005759,0.00560615,0.00762843,0.005759,"ARIMA(1, 0, 0)",-0.005759,-0.00015285,0.00186942,0.0,2025-W06
adj_close.csv,ARIMA,XLY,0.0007779,0.00701405,0.00125505,0.0007779,0.00701405,0.00125505,"ARIMA(1, 0, 0)",0.00125505,0.00047715,-0.005759,0.0,2025-W07
adj_close.csv,ARIMA,XLY,0.00956234,0.01092196,0.00966691,0.00956234,0.01092196,0.00966691,"ARIMA(1, 0, 0)",-0.00966691,-0.00010457,0.00125505,0.0,2025-W08
adj_close.csv,ARIMA,XLY,0.00305529,0.00742905,0.00223786,0.00305529,0.00742905,0.00223786,"ARIMA(1, 0, 0)",-0.00223786,0.00081743,-0.00966691,0.0,2025-W09
adj_close.csv,ARIMA,XLY,0.00994649,0.00752618,0.00976404,0.00994649,0.00752618,0.00976404,"ARIMA(1, 0, 0)",-0.00976404,0.00018245,-0.00223786,0.0,2025-W10
adj_close.csv,ARIMA,XLY,0.00969244,0.00084539,0.00891865,0.00969244,0.00084539,0.00891865,"ARIMA(1, 0, 0)",-0.00891865,0.00077379,-0.00976404,0.0,2025-W11
adj_close.csv,ARIMA,XLY,0.00014003,0.00967979,0.00076114,0.00014003,0.00967979,0.00076114,"ARIMA(1, 0, 0)",0.00076114,0.00062112,-0.00891865,0.0,2025-W12
adj_close.csv,ARIMA,XLY,0.00018711,0.00062713,0.00013401,0.00018711,0.00062713,0.00013401,"ARIMA(1, 0, 0)",0.00013401,-5.31e-05,0.00076114,0.0,2025-W13
adj_close.csv,ARIMA,XLY,0.01500442,0.01514777,0.01501376,0.01500442,0.01514777,0.01501376,"ARIMA(1, 0, 0)",-0.01501376,-9.35e-06,0.00013401,0.0,2025-W14
adj_close.csv,ARIMA,XLY,0.00639198,0.02245605,0.00744228,0.00639198,0.02245605,0.00744228,"ARIMA(1, 0, 0)",0.00744228,0.00105031,-0.01501376,0.0,2025-W15
adj_close.csv,ARIMA,XLY,0.00516747,0.0132007,0.00575842,0.00516747,0.0132007,0.00575842,"ARIMA(1, 0, 0)",-0.00575842,-0.00059095,0.00744228,0.0,2025-W16
adj_close.csv,ARIMA,XLY,0.0122669,0.01850425,0.01274583,0.0122669,0.01850425,0.01274583,"ARIMA(1, 0, 0)",0.01274583,0.00047893,-0.00575842,0.0,2025-W17
adj_close.csv,ARIMA,XLY,0.00498739,0.0089064,0.00383943,0.00498739,0.0089064,0.00383943,"ARIMA(1, 0, 0)",0.00383943,-0.00114796,0.01274583,0.0,2025-W18
adj_close.csv,ARIMA,XLY,0.00129304,0.00286874,0.00097069,0.00129304,0.00286874,0.00097069,"ARIMA(1, 0, 0)",0.00097069,-0.00032235,0.00383943,0.0,2025-W19
adj_close.csv,ARIMA,XLY,0.01461799,0.01356627,0.01453696,0.01461799,0.01356627,0.01453696,"ARIMA(1, 0, 0)",0.01453696,-8.103e-05,0.00097069,0.0,2025-W20
adj_close.csv,ARIMA,XLY,0.00536268,0.02109341,0.00655645,0.00536268,0.02109341,0.00655645,"ARIMA(1, 0, 0)",-0.00655645,-0.00119377,0.01453696,0.0,2025-W21
adj_close.csv,ARIMA,XLY,0.00312429,0.01026722,0.00371077,0.00312429,0.01026722,0.00371077,"ARIMA(1, 0, 0)",0.00371077,0.00058648,-0.00655645,0.0,2025-W22
adj_close.csv,ARIMA,XLY,0.0011916,0.00524142,0.00153065,0.0011916,0.00524142,0.00153065,"ARIMA(1, 0, 0)",-0.00153065,-0.00033905,0.00371077,0.0,2025-W23
adj_close.csv,ARIMA,XLY,0.00054622,0.00112491,0.00040574,0.00054622,0.00112491,0.00040574,"ARIMA(1, 0, 0)",-0.00040574,0.00014049,-0.00153065,0.0,2025-W24
adj_close.csv,ARIMA,XLY,0.00129189,0.00084894,0.00125468,0.00129189,0.00084894,0.00125468,"ARIMA(1, 0, 0)",-0.00125468,3.721e-05,-0.00040574,0.0,2025-W25
adj_close.csv,ARIMA,XLY,0.00768128,0.00905096,0.00779628,0.00768128,0.00905096,0.00779628,"ARIMA(1, 0, 0)",0.00779628,0.000115,-0.00125468,0.0,2025-W26
adj_close.csv,ARIMA,XLY,0.00370026,0.00481762,0.00297866,0.00370026,0.00481762,0.00297866,"ARIMA(1, 0, 0)",0.00297866,-0.00072159,0.00779628,0.0,2025-W27
adj_close.csv,ARIMA,XLY,0.00046651,0.00277986,0.00019881,0.00046651,0.00277986,0.00019881,"ARIMA(1, 0, 0)",0.00019881,-0.0002677,0.00297866,0.0,2025-W28
adj_close.csv,ARIMA,XLY,0.00068512,0.00046847,0.00066728,0.00068512,0.00046847,0.00066728,"ARIMA(1, 0, 0)",0.00066728,-1.784e-05,0.00019881,0.0,2025-W29
adj_close.csv,ARIMA,XLY,0.00247578,0.00174863,0.0024159,0.00247578,0.00174863,0.0024159,"ARIMA(1, 0, 0)",0.0024159,-5.988e-05,0.00066728,0.0,2025-W30
adj_close.csv,ARIMA,XLY,0.00774908,0.0103814,0.0079655,0.00774908,0.0103814,0.0079655,"ARIMA(1, 0, 0)",-0.0079655,-0.00021641,0.0024159,0.0,2025-W31
adj_close.csv,ARIMA,XLY,0.00626631,0.01495919,0.0069937,0.00626631,0.01495919,0.0069937,"ARIMA(1, 0, 0)",0.0069937,0.00072739,-0.0079655,0.0,2025-W32
adj_close.csv,ARIMA,XLY,0.00531751,0.00234705,0.00464665,0.00531751,0.00234705,0.00464665,"ARIMA(1, 0, 0)",0.00464665,-0.00067086,0.0069937,0.0,2025-W33
adj_close.csv,ARIMA,XLY,0.00394403,0.00113246,0.00351419,0.00394403,0.00113246,0.00351419,"ARIMA(1, 0, 0)",0.00351419,-0.00042985,0.00464665,0.0,2025-W34
adj_close.csv,ARIMA,XLY,0.00085113,0.0046845,0.00117031,0.00085113,0.0046845,0.00117031,"ARIMA(1, 0, 0)",-0.00117031,-0.00031918,0.00351419,0.0,2025-W35
adj_close.csv,ARIMA,XLY,0.00350274,0.00477966,0.00360935,0.00350274,0.00477966,0.00360935,"ARIMA(1, 0, 0)",0.00360935,0.00010662,-0.00117031,0.0,2025-W36
adj_close.csv,ARIMA,XLY,0.00330233,0.00063719,0.00297216,0.00330233,0.00063719,0.00297216,"ARIMA(1, 0, 0)",0.00297216,-0.00033017,0.00360935,0.0,2025-W37
adj_close.csv,ARIMA,XLY,0.00256857,0.00067223,0.00229993,0.00256857,0.00067223,0.00229993,"ARIMA(1, 0, 0)",0.00229993,-0.00026864,0.00297216,0.0,2025-W38
adj_close.csv,ARIMA,XLY,0.00083808,0.00334429,0.00104435,0.00083808,0.00334429,0.00104435,"ARIMA(1, 0, 0)",-0.00104435,-0.00020628,0.00229993,0.0,2025-W39
adj_close.csv,ARIMA,XLY,0.00164338,0.00050518,0.00154953,0.00164338,0.00050518,0.00154953,"ARIMA(1, 0, 0)",-0.00154953,9.385e-05,-0.00104435,0.0,2025-W40
adj_close.csv,ARIMA,XLY,0.00794952,0.00626098,0.00781051,0.00794952,0.00626098,0.00781051,"ARIMA(1, 0, 0)",-0.00781051,0.000139,-0.00154953,0.0,2025-W41
adj_close.csv,ARIMA,XLY,0.00420506,0.01270744,0.00489693,0.00420506,0.01270744,0.00489693,"ARIMA(1, 0, 0)",0.00489693,0.00069187,-0.00781051,0.0,2025-W42
adj_close.csv,ARIMA,XLY,0.00319373,0.00215159,0.00274534,0.00319373,0.00215159,0.00274534,"ARIMA(1, 0, 0)",0.00274534,-0.00044839,0.00489693,0.0,2025-W43
adj_close.csv,ARIMA,XLY,0.00214871,0.00084412,0.00190122,0.00214871,0.00084412,0.00190122,"ARIMA(1, 0, 0)",0.00190122,-0.00024749,0.00274534,0.0,2025-W44
adj_close.csv,ARIMA,XLY,0.00325137,0.00532297,0.00342175,0.00325137,0.00532297,0.00342175,"ARIMA(1, 0, 0)",-0.00342175,-0.00017037,0.00190122,0.0,2025-W45
adj_close.csv,ARIMA,XLY,0.00456795,0.00083766,0.0042594,0.00456795,0.00083766,0.0042594,"ARIMA(1, 0, 0)",-0.0042594,0.00030855,-0.00342175,0.0,2025-W46
adj_close.csv,ARIMA,XLY,0.00510232,0.00046485,0.00472426,0.00510232,0.00046485,0.00472426,"ARIMA(1, 0, 0)",-0.00472426,0.00037806,-0.0042594,0.0,2025-W47
adj_close.csv,ARIMA,XLY,0.01145469,0.016589,0.01186474,0.01145469,0.016589,0.01186474,"ARIMA(1, 0, 0)",0.01186474,0.00041005,-0.00472426,0.0,2025-W48
adj_close.csv,ARIMA,XLY,0.00360914,0.00934328,0.00252146,0.00360914,0.00934328,0.00252146,"ARIMA(1, 0, 0)",0.00252146,-0.00108768,0.01186474,0.0,2025-W49
adj_close.csv,ARIMA,XLY,0.00183531,0.0009077,0.00161377,0.00183531,0.0009077,0.00161377,"ARIMA(1, 0, 0)",0.00161377,-0.00022154,0.00252146,0.0,2025-W50
adj_close.csv,ARIMA,XLY,0.00203766,0.00028277,0.00189653,0.00203766,0.00028277,0.00189653,"ARIMA(1, 0, 0)",0.00189653,-0.00014113,0.00161377,0.0,2025-W51
adj_close.csv,ARIMA,XLY,0.00107027,0.00099156,0.00090497,0.00107027,0.00099156,0.00090497,"ARIMA(1, 0, 0)",0.00090497,-0.0001653,0.00189653,0.0,2025-W52
adj_close.csv,ARIMA,XLY,0.00761741,0.0086011,0.00769612,0.00761741,0.0086011,0.00769612,"ARIMA(1, 0, 0)",-0.00769612,-7.871e-05,0.00090497,0.0,2026-W01
adj_close.csv,ARIMA,XLY,0.00931314,0.01768338,0.00998725,0.00931314,0.01768338,0.00998725,"ARIMA(1, 0, 0)",0.00998725,0.00067412,-0.00769612,0.0,2026-W02
adj_close.csv,ARIMA,XLY,0.00248302,0.01340836,0.0034211,0.00248302,0.01340836,0.0034211,"ARIMA(1, 0, 0)",-0.0034211,-0.00093808,0.00998725,0.0,2026-W03
adj_close.csv,ARIMA,XLY,0.00136213,0.00511201,0.0016909,0.00136213,0.00511201,0.0016909,"ARIMA(1, 0, 0)",0.0016909,0.00032877,-0.0034211,0.0,2026-W04
adj_close.csv,ARIMA,XLY,0.00304605,0.00490014,0.00320924,0.00304605,0.00490014,0.00320924,"ARIMA(1, 0, 0)",-0.00320924,-0.00016319,0.0016909,0.0,2026-W05
adj_close.csv,ARIMA,XLY,0.00626945,0.00978986,0.00658062,0.00626945,0.00978986,0.00658062,"ARIMA(1, 0, 0)",0.00658062,0.00031117,-0.00320924,0.0,2026-W06
