Archivo,Metodo,Target,RMSE,RMSE_baseline,RMSE_zeros,MAE,MAE_baseline,MAE_zeros,Alpha,Valor_Real,Prediccion,Valor_Baseline,Valor_Zeros,Fecha_Semana
adj_close.csv,ARIMA,DBC,0.00344145,0.00315747,0.00303442,0.00344145,0.00315747,0.00303442,"ARIMA(0, 0, 1)",-0.00303442,0.00040702,-0.00619189,0.0,2024-W30
adj_close.csv,ARIMA,DBC,0.00328548,4.677e-05,0.00308119,0.00328548,4.677e-05,0.00308119,"ARIMA(0, 0, 1)",-0.00308119,0.00020429,-0.00303442,0.0,2024-W31
adj_close.csv,ARIMA,DBC,0.00262151,0.00589241,0.00281121,0.00262151,0.00589241,0.00281121,"ARIMA(0, 0, 1)",0.00281121,0.0001897,-0.00308119,0.0,2024-W32
adj_close.csv,ARIMA,DBC,0.00015574,0.00281121,0.0,0.00015574,0.00281121,0.0,"ARIMA(0, 0, 1)",0.0,-0.00015574,0.00281121,0.0,2024-W33
adj_close.csv,ARIMA,DBC,0.00045901,0.00044975,0.00044975,0.00045901,0.00044975,0.00044975,"ARIMA(0, 0, 1)",0.00044975,-9.26e-06,0.0,0.0,2024-W34
adj_close.csv,ARIMA,DBC,0.00132495,0.00180203,0.00135228,0.00132495,0.00180203,0.00135228,"ARIMA(0, 0, 1)",-0.00135228,-2.733e-05,0.00044975,0.0,2024-W35
adj_close.csv,ARIMA,DBC,0.00976217,0.00833079,0.00968307,0.00976217,0.00833079,0.00968307,"ARIMA(0, 0, 1)",-0.00968307,7.91e-05,-0.00135228,0.0,2024-W36
adj_close.csv,ARIMA,DBC,0.00307533,0.01331699,0.00363392,0.00307533,0.01331699,0.00363392,"ARIMA(0, 0, 1)",0.00363392,0.00055859,-0.00968307,0.0,2024-W37
adj_close.csv,ARIMA,DBC,0.00529429,0.00147119,0.00510511,0.00529429,0.00147119,0.00510511,"ARIMA(0, 0, 1)",0.00510511,-0.00018918,0.00363392,0.0,2024-W38
adj_close.csv,ARIMA,DBC,0.0012104,0.00420706,0.00089805,0.0012104,0.00420706,0.00089805,"ARIMA(0, 0, 1)",0.00089805,-0.00031235,0.00510511,0.0,2024-W39
adj_close.csv,ARIMA,DBC,0.00814858,0.00718033,0.00807838,0.00814858,0.00718033,0.00807838,"ARIMA(0, 0, 1)",0.00807838,-7.02e-05,0.00089805,0.0,2024-W40
adj_close.csv,ARIMA,DBC,0.00080588,0.00773443,0.00034395,0.00080588,0.00773443,0.00034395,"ARIMA(0, 0, 1)",0.00034395,-0.00046193,0.00807838,0.0,2024-W41
adj_close.csv,ARIMA,DBC,0.00828864,0.00867667,0.00833273,0.00828864,0.00867667,0.00833273,"ARIMA(0, 0, 1)",-0.00833273,-4.409e-05,0.00034395,0.0,2024-W42
adj_close.csv,ARIMA,DBC,0.00379178,0.0125863,0.00425357,0.00379178,0.0125863,0.00425357,"ARIMA(0, 0, 1)",0.00425357,0.00046179,-0.00833273,0.0,2024-W43
adj_close.csv,ARIMA,DBC,0.00384619,0.0083281,0.00407453,0.00384619,0.0083281,0.00407453,"ARIMA(0, 0, 1)",-0.00407453,-0.00022833,0.00425357,0.0,2024-W44
adj_close.csv,ARIMA,DBC,0.00109166,0.00541233,0.0013378,0.00109166,0.00541233,0.0013378,"ARIMA(0, 0, 1)",0.0013378,0.00024614,-0.00407453,0.0,2024-W45
adj_close.csv,ARIMA,DBC,0.0060668,0.00747548,0.00613768,0.0060668,0.00747548,0.00613768,"ARIMA(0, 0, 1)",-0.00613768,-7.088e-05,0.0013378,0.0,2024-W46
adj_close.csv,ARIMA,DBC,0.00626337,0.01280797,0.00667029,0.00626337,0.01280797,0.00667029,"ARIMA(0, 0, 1)",0.00667029,0.00040692,-0.00613768,0.0,2024-W47
adj_close.csv,ARIMA,DBC,0.00423673,0.01136843,0.00469814,0.00423673,0.01136843,0.00469814,"ARIMA(0, 0, 1)",-0.00469814,-0.0004614,0.00667029,0.0,2024-W48
adj_close.csv,ARIMA,DBC,0.00242197,0.00260959,0.00208855,0.00242197,0.00260959,0.00208855,"ARIMA(0, 0, 1)",-0.00208855,0.00033343,-0.00469814,0.0,2024-W49
adj_close.csv,ARIMA,DBC,0.0037905,0.00606518,0.00397664,0.0037905,0.00606518,0.00397664,"ARIMA(0, 0, 1)",0.00397664,0.00018614,-0.00208855,0.0,2024-W50
adj_close.csv,ARIMA,DBC,0.00267917,0.00695167,0.00297503,0.00267917,0.00695167,0.00297503,"ARIMA(0, 0, 1)",-0.00297503,-0.00029585,0.00397664,0.0,2024-W51
adj_close.csv,ARIMA,DBC,0.00188272,0.00507105,0.00209602,0.00188272,0.00507105,0.00209602,"ARIMA(0, 0, 1)",0.00209602,0.0002133,-0.00297503,0.0,2024-W52
adj_close.csv,ARIMA,DBC,0.0048514,0.00260337,0.00469939,0.0048514,0.00260337,0.00469939,"ARIMA(0, 0, 1)",0.00469939,-0.00015201,0.00209602,0.0,2025-W01
adj_close.csv,ARIMA,DBC,0.00817372,0.00309227,0.00779166,0.00817372,0.00309227,0.00779166,"ARIMA(0, 0, 1)",0.00779166,-0.00038207,0.00469939,0.0,2025-W02
adj_close.csv,ARIMA,DBC,0.00337011,0.00501322,0.00277844,0.00337011,0.00501322,0.00277844,"ARIMA(0, 0, 1)",0.00277844,-0.00059167,0.00779166,0.0,2025-W03
adj_close.csv,ARIMA,DBC,0.00200798,0.00501358,0.00223514,0.00200798,0.00501358,0.00223514,"ARIMA(0, 0, 1)",-0.00223514,-0.00022716,0.00277844,0.0,2025-W04
adj_close.csv,ARIMA,DBC,0.00285125,0.00047739,0.00271253,0.00285125,0.00047739,0.00271253,"ARIMA(0, 0, 1)",-0.00271253,0.00013871,-0.00223514,0.0,2025-W05
adj_close.csv,ARIMA,DBC,0.0008038,0.0037114,0.00099887,0.0008038,0.0037114,0.00099887,"ARIMA(0, 0, 1)",0.00099887,0.00019507,-0.00271253,0.0,2025-W06
adj_close.csv,ARIMA,DBC,0.00328981,0.00223572,0.00323459,0.00328981,0.00223572,0.00323459,"ARIMA(0, 0, 1)",0.00323459,-5.522e-05,0.00099887,0.0,2025-W07
adj_close.csv,ARIMA,DBC,0.00266376,0.00079556,0.00243903,0.00266376,0.00079556,0.00243903,"ARIMA(0, 0, 1)",0.00243903,-0.00022474,0.00323459,0.0,2025-W08
adj_close.csv,ARIMA,DBC,0.00573363,0.00835078,0.00591176,0.00573363,0.00835078,0.00591176,"ARIMA(0, 0, 1)",-0.00591176,-0.00017813,0.00243903,0.0,2025-W09
adj_close.csv,ARIMA,DBC,0.00085229,0.00545671,0.00045505,0.00085229,0.00545671,0.00045505,"ARIMA(0, 0, 1)",-0.00045505,0.00039724,-0.00591176,0.0,2025-W10
adj_close.csv,ARIMA,DBC,0.00012396,0.00063717,0.00018213,0.00012396,0.00063717,0.00018213,"ARIMA(0, 0, 1)",0.00018213,5.816e-05,-0.00045505,0.0,2025-W11
adj_close.csv,ARIMA,DBC,0.00136939,0.00117876,0.00136088,0.00136939,0.00117876,0.00136088,"ARIMA(0, 0, 1)",0.00136088,-8.5e-06,0.00018213,0.0,2025-W12
adj_close.csv,ARIMA,DBC,0.00072599,0.00072898,0.00063191,0.00072599,0.00072898,0.00063191,"ARIMA(0, 0, 1)",0.00063191,-9.408e-05,0.00136088,0.0,2025-W13
adj_close.csv,ARIMA,DBC,0.01145087,0.01213252,0.01150061,0.01145087,0.01213252,0.01150061,"ARIMA(0, 0, 1)",-0.01150061,-4.975e-05,0.00063191,0.0,2025-W14
adj_close.csv,ARIMA,DBC,0.00098972,0.01130958,0.00019103,0.00098972,0.01130958,0.00019103,"ARIMA(0, 0, 1)",-0.00019103,0.00079868,-0.01150061,0.0,2025-W15
adj_close.csv,ARIMA,DBC,0.00513536,0.00539218,0.00520114,0.00513536,0.00539218,0.00520114,"ARIMA(0, 0, 1)",0.00520114,6.579e-05,-0.00019103,0.0,2025-W16
adj_close.csv,ARIMA,DBC,0.00016226,0.00538842,0.00018728,0.00016226,0.00538842,0.00018728,"ARIMA(0, 0, 1)",-0.00018728,-0.00034954,0.00520114,0.0,2025-W17
adj_close.csv,ARIMA,DBC,0.00559372,0.00541746,0.00560473,0.00559372,0.00541746,0.00560473,"ARIMA(0, 0, 1)",-0.00560473,-1.101e-05,-0.00018728,0.0,2025-W18
adj_close.csv,ARIMA,DBC,0.00305925,0.00904321,0.00343848,0.00305925,0.00904321,0.00343848,"ARIMA(0, 0, 1)",0.00343848,0.00037923,-0.00560473,0.0,2025-W19
adj_close.csv,ARIMA,DBC,0.00087612,0.0027767,0.00066178,0.00087612,0.0027767,0.00066178,"ARIMA(0, 0, 1)",0.00066178,-0.00021434,0.00343848,0.0,2025-W20
adj_close.csv,ARIMA,DBC,0.00212696,0.00140397,0.00206575,0.00212696,0.00140397,0.00206575,"ARIMA(0, 0, 1)",0.00206575,-6.121e-05,0.00066178,0.0,2025-W21
adj_close.csv,ARIMA,DBC,0.00611785,0.00833236,0.00626661,0.00611785,0.00833236,0.00626661,"ARIMA(0, 0, 1)",-0.00626661,-0.00014876,0.00206575,0.0,2025-W22
adj_close.csv,ARIMA,DBC,0.00680058,0.01350936,0.00724275,0.00680058,0.01350936,0.00724275,"ARIMA(0, 0, 1)",0.00724275,0.00044217,-0.00626661,0.0,2025-W23
adj_close.csv,ARIMA,DBC,0.00956666,0.00178812,0.00903088,0.00956666,0.00178812,0.00903088,"ARIMA(0, 0, 1)",0.00903088,-0.00053578,0.00724275,0.0,2025-W24
adj_close.csv,ARIMA,DBC,0.00728671,0.00238704,0.00664384,0.00728671,0.00238704,0.00664384,"ARIMA(0, 0, 1)",0.00664384,-0.00064288,0.00903088,0.0,2025-W25
adj_close.csv,ARIMA,DBC,0.01254838,0.01960889,0.01296505,0.01254838,0.01960889,0.01296505,"ARIMA(0, 0, 1)",-0.01296505,-0.00041667,0.00664384,0.0,2025-W26
adj_close.csv,ARIMA,DBC,0.00454168,0.01840993,0.00544488,0.00454168,0.01840993,0.00544488,"ARIMA(0, 0, 1)",0.00544488,0.0009032,-0.01296505,0.0,2025-W27
adj_close.csv,ARIMA,DBC,0.00241561,0.00339083,0.00205405,0.00241561,0.00339083,0.00205405,"ARIMA(0, 0, 1)",0.00205405,-0.00036156,0.00544488,0.0,2025-W28
adj_close.csv,ARIMA,DBC,0.00036901,0.00187644,0.00017761,0.00036901,0.00187644,0.00017761,"ARIMA(0, 0, 1)",0.00017761,-0.0001914,0.00205405,0.0,2025-W29
adj_close.csv,ARIMA,DBC,0.00319223,0.00339916,0.00322154,0.00319223,0.00339916,0.00322154,"ARIMA(0, 0, 1)",-0.00322154,-2.932e-05,0.00017761,0.0,2025-W30
adj_close.csv,ARIMA,DBC,0.00097783,0.00249855,0.00072299,0.00097783,0.00249855,0.00072299,"ARIMA(0, 0, 1)",-0.00072299,0.00025484,-0.00322154,0.0,2025-W31
adj_close.csv,ARIMA,DBC,0.00235389,0.00155339,0.00227639,0.00235389,0.00155339,0.00227639,"ARIMA(0, 0, 1)",-0.00227639,7.751e-05,-0.00072299,0.0,2025-W32
adj_close.csv,ARIMA,DBC,0.00082824,0.00163433,0.00064205,0.00082824,0.00163433,0.00064205,"ARIMA(0, 0, 1)",-0.00064205,0.00018619,-0.00227639,0.0,2025-W33
adj_close.csv,ARIMA,DBC,0.0027627,0.00346992,0.00282786,0.0027627,0.00346992,0.00282786,"ARIMA(0, 0, 1)",0.00282786,6.516e-05,-0.00064205,0.0,2025-W34
adj_close.csv,ARIMA,DBC,0.00139254,0.00165378,0.00117408,0.00139254,0.00165378,0.00117408,"ARIMA(0, 0, 1)",0.00117408,-0.00021846,0.00282786,0.0,2025-W35
adj_close.csv,ARIMA,DBC,0.0019251,0.00320842,0.00203435,0.0019251,0.00320842,0.00203435,"ARIMA(0, 0, 1)",-0.00203435,-0.00010924,0.00117408,0.0,2025-W36
adj_close.csv,ARIMA,DBC,0.00273241,0.00491857,0.00288422,0.00273241,0.00491857,0.00288422,"ARIMA(0, 0, 1)",0.00288422,0.00015181,-0.00203435,0.0,2025-W37
adj_close.csv,ARIMA,DBC,0.00058951,0.00369121,0.00080699,0.00058951,0.00369121,0.00080699,"ARIMA(0, 0, 1)",-0.00080699,-0.00021747,0.00288422,0.0,2025-W38
adj_close.csv,ARIMA,DBC,0.00483448,0.00568852,0.00488153,0.00483448,0.00568852,0.00488153,"ARIMA(0, 0, 1)",0.00488153,4.705e-05,-0.00080699,0.0,2025-W39
adj_close.csv,ARIMA,DBC,0.00314847,0.00841988,0.00353835,0.00314847,0.00841988,0.00353835,"ARIMA(0, 0, 1)",-0.00353835,-0.00038988,0.00488153,0.0,2025-W40
adj_close.csv,ARIMA,DBC,0.00331843,0.00048074,0.00305762,0.00331843,0.00048074,0.00305762,"ARIMA(0, 0, 1)",-0.00305762,0.00026082,-0.00353835,0.0,2025-W41
adj_close.csv,ARIMA,DBC,0.00018292,0.00351023,0.00045261,0.00018292,0.00351023,0.00045261,"ARIMA(0, 0, 1)",0.00045261,0.00026969,-0.00305762,0.0,2025-W42
adj_close.csv,ARIMA,DBC,0.00650866,0.00604117,0.00649378,0.00650866,0.00604117,0.00649378,"ARIMA(0, 0, 1)",0.00649378,-1.488e-05,0.00045261,0.0,2025-W43
adj_close.csv,ARIMA,DBC,0.00079263,0.00623138,0.0002624,0.00079263,0.00623138,0.0002624,"ARIMA(0, 0, 1)",0.0002624,-0.00053023,0.00649378,0.0,2025-W44
adj_close.csv,ARIMA,DBC,0.00023834,8.766e-05,0.00017474,0.00023834,8.766e-05,0.00017474,"ARIMA(0, 0, 1)",0.00017474,-6.359e-05,0.0002624,0.0,2025-W45
adj_close.csv,ARIMA,DBC,0.00062966,0.00043567,0.00061042,0.00062966,0.00043567,0.00061042,"ARIMA(0, 0, 1)",0.00061042,-1.925e-05,0.00017474,0.0,2025-W46
adj_close.csv,ARIMA,DBC,0.00381746,0.00447866,0.00386824,0.00381746,0.00447866,0.00386824,"ARIMA(0, 0, 1)",-0.00386824,-5.078e-05,0.00061042,0.0,2025-W47
adj_close.csv,ARIMA,DBC,0.00550363,0.00968118,0.00581294,0.00550363,0.00968118,0.00581294,"ARIMA(0, 0, 1)",0.00581294,0.00030931,-0.00386824,0.0,2025-W48
adj_close.csv,ARIMA,DBC,0.00279097,0.00348482,0.00232812,0.00279097,0.00348482,0.00232812,"ARIMA(0, 0, 1)",0.00232812,-0.00046285,0.00581294,0.0,2025-W49
adj_close.csv,ARIMA,DBC,0.00331863,0.00587416,0.00354604,0.00331863,0.00587416,0.00354604,"ARIMA(0, 0, 1)",-0.00354604,-0.00022741,0.00232812,0.0,2025-W50
adj_close.csv,ARIMA,DBC,0.00088665,0.00293429,0.00061175,0.00088665,0.00293429,0.00061175,"ARIMA(0, 0, 1)",-0.00061175,0.00027489,-0.00354604,0.0,2025-W51
adj_close.csv,ARIMA,DBC,0.00655585,0.00724071,0.00662896,0.00655585,0.00724071,0.00662896,"ARIMA(0, 0, 1)",0.00662896,7.312e-05,-0.00061175,0.0,2025-W52
adj_close.csv,ARIMA,DBC,0.00289342,0.0100666,0.00343764,0.00289342,0.0100666,0.00343764,"ARIMA(0, 0, 1)",-0.00343764,-0.00054422,0.00662896,0.0,2026-W01
adj_close.csv,ARIMA,DBC,0.00425776,0.00794214,0.0045045,0.00425776,0.00794214,0.0045045,"ARIMA(0, 0, 1)",0.0045045,0.00024674,-0.00343764,0.0,2026-W02
adj_close.csv,ARIMA,DBC,0.00263242,0.00224655,0.00225795,0.00263242,0.00224655,0.00225795,"ARIMA(0, 0, 1)",0.00225795,-0.00037447,0.0045045,0.0,2026-W03
adj_close.csv,ARIMA,DBC,0.01100047,0.00851685,0.0107748,0.01100047,0.00851685,0.0107748,"ARIMA(0, 0, 1)",0.0107748,-0.00022567,0.00225795,0.0,2026-W04
adj_close.csv,ARIMA,DBC,0.00296579,0.00871759,0.00205721,0.00296579,0.00871759,0.00205721,"ARIMA(0, 0, 1)",0.00205721,-0.00090858,0.0107748,0.0,2026-W05
adj_close.csv,ARIMA,DBC,0.03688494,0.03916797,0.03711076,0.03688494,0.03916797,0.03711076,"ARIMA(0, 0, 1)",-0.03711076,-0.00022581,0.00205721,0.0,2026-W06
adj_close.csv,ARIMA,DIA,0.00154792,8.83e-05,0.00149335,0.00154792,8.83e-05,0.00149335,"ARIMA(0, 0, 1)",0.00149335,-5.457e-05,0.00140506,0.0,2024-W30
adj_close.csv,ARIMA,DIA,0.00434911,0.00589647,0.00440312,0.00434911,0.00589647,0.00440312,"ARIMA(0, 0, 1)",-0.00440312,-5.401e-05,0.00149335,0.0,2024-W31
adj_close.csv,ARIMA,DIA,0.00116159,0.00340347,0.00099965,0.00116159,0.00340347,0.00099965,"ARIMA(0, 0, 1)",-0.00099965,0.00016194,-0.00440312,0.0,2024-W32
adj_close.csv,ARIMA,DIA,0.00590175,0.0069426,0.00594295,0.00590175,0.0069426,0.00594295,"ARIMA(0, 0, 1)",0.00594295,4.12e-05,-0.00099965,0.0,2024-W33
adj_close.csv,ARIMA,DIA,0.00271152,0.00345566,0.00248729,0.00271152,0.00345566,0.00248729,"ARIMA(0, 0, 1)",0.00248729,-0.00022423,0.00594295,0.0,2024-W34
adj_close.csv,ARIMA,DIA,0.00220454,0.00037142,0.00211587,0.00220454,0.00037142,0.00211587,"ARIMA(0, 0, 1)",0.00211587,-8.866e-05,0.00248729,0.0,2024-W35
adj_close.csv,ARIMA,DIA,0.00708481,0.00926896,0.00715309,0.00708481,0.00926896,0.00715309,"ARIMA(0, 0, 1)",-0.00715309,-6.828e-05,0.00211587,0.0,2024-W36
adj_close.csv,ARIMA,DIA,0.00485189,0.01226434,0.00511125,0.00485189,0.01226434,0.00511125,"ARIMA(0, 0, 1)",0.00511125,0.00025936,-0.00715309,0.0,2024-W37
adj_close.csv,ARIMA,DIA,0.00351418,0.00182264,0.00328861,0.00351418,0.00182264,0.00328861,"ARIMA(0, 0, 1)",0.00328861,-0.00022556,0.00511125,0.0,2024-W38
adj_close.csv,ARIMA,DIA,0.00127563,0.00216001,0.00112861,0.00127563,0.00216001,0.00112861,"ARIMA(0, 0, 1)",0.00112861,-0.00014703,0.00328861,0.0,2024-W39
adj_close.csv,ARIMA,DIA,0.00026916,0.00091122,0.00021738,0.00026916,0.00091122,0.00021738,"ARIMA(0, 0, 1)",0.00021738,-5.178e-05,0.00112861,0.0,2024-W40
adj_close.csv,ARIMA,DIA,0.00250822,0.00227992,0.0024973,0.00250822,0.00227992,0.0024973,"ARIMA(0, 0, 1)",0.0024973,-1.092e-05,0.00021738,0.0,2024-W41
adj_close.csv,ARIMA,DIA,0.00198564,0.00061266,0.00188464,0.00198564,0.00061266,0.00188464,"ARIMA(0, 0, 1)",0.00188464,-0.000101,0.0024973,0.0,2024-W42
adj_close.csv,ARIMA,DIA,0.00531145,0.00727276,0.00538812,0.00531145,0.00727276,0.00538812,"ARIMA(0, 0, 1)",-0.00538812,-7.667e-05,0.00188464,0.0,2024-W43
adj_close.csv,ARIMA,DIA,0.00056562,0.0050459,0.00034222,0.00056562,0.0050459,0.00034222,"ARIMA(0, 0, 1)",-0.00034222,0.0002234,-0.00538812,0.0,2024-W44
adj_close.csv,ARIMA,DIA,0.00913094,0.00949629,0.00915407,0.00913094,0.00949629,0.00915407,"ARIMA(0, 0, 1)",0.00915407,2.313e-05,-0.00034222,0.0,2024-W45
adj_close.csv,ARIMA,DIA,0.0020467,0.0115936,0.00243953,0.0020467,0.0115936,0.00243953,"ARIMA(0, 0, 1)",-0.00243953,-0.00039283,0.00915407,0.0,2024-W46
adj_close.csv,ARIMA,DIA,0.00384537,0.00638191,0.00394237,0.00384537,0.00638191,0.00394237,"ARIMA(0, 0, 1)",0.00394237,9.701e-05,-0.00243953,0.0,2024-W47
adj_close.csv,ARIMA,DIA,0.00407378,6.324e-05,0.00387913,0.00407378,6.324e-05,0.00387913,"ARIMA(0, 0, 1)",0.00387913,-0.00019465,0.00394237,0.0,2024-W48
adj_close.csv,ARIMA,DIA,0.0011262,0.00518981,0.00131067,0.0011262,0.00518981,0.00131067,"ARIMA(0, 0, 1)",-0.00131067,-0.00018447,0.00387913,0.0,2024-W49
adj_close.csv,ARIMA,DIA,0.00356293,0.00219976,0.00351043,0.00356293,0.00219976,0.00351043,"ARIMA(0, 0, 1)",-0.00351043,5.249e-05,-0.00131067,0.0,2024-W50
adj_close.csv,ARIMA,DIA,0.00457807,0.00090411,0.00441455,0.00457807,0.00090411,0.00441455,"ARIMA(0, 0, 1)",-0.00441455,0.00016352,-0.00351043,0.0,2024-W51
adj_close.csv,ARIMA,DIA,0.00066217,0.0052648,0.00085025,0.00066217,0.0052648,0.00085025,"ARIMA(0, 0, 1)",0.00085025,0.00018808,-0.00441455,0.0,2024-W52
adj_close.csv,ARIMA,DIA,0.00162893,0.00250691,0.00165665,0.00162893,0.00250691,0.00165665,"ARIMA(0, 0, 1)",-0.00165665,-2.773e-05,0.00085025,0.0,2025-W01
adj_close.csv,ARIMA,DIA,0.00469408,0.00296847,0.00462513,0.00469408,0.00296847,0.00462513,"ARIMA(0, 0, 1)",-0.00462513,6.896e-05,-0.00165665,0.0,2025-W02
adj_close.csv,ARIMA,DIA,0.00709726,0.01190901,0.00728389,0.00709726,0.01190901,0.00728389,"ARIMA(0, 0, 1)",0.00728389,0.00018663,-0.00462513,0.0,2025-W03
adj_close.csv,ARIMA,DIA,0.00569806,0.00193572,0.00534817,0.00569806,0.00193572,0.00534817,"ARIMA(0, 0, 1)",0.00534817,-0.00034989,0.00728389,0.0,2025-W04
adj_close.csv,ARIMA,DIA,0.00078504,0.00477707,0.0005711,0.00078504,0.00477707,0.0005711,"ARIMA(0, 0, 1)",0.0005711,-0.00021394,0.00534817,0.0,2025-W05
adj_close.csv,ARIMA,DIA,0.00099335,0.00159304,0.00102194,0.00099335,0.00159304,0.00102194,"ARIMA(0, 0, 1)",-0.00102194,-2.859e-05,0.0005711,0.0,2025-W06
adj_close.csv,ARIMA,DIA,0.00116463,0.00222344,0.00120149,0.00116463,0.00222344,0.00120149,"ARIMA(0, 0, 1)",0.00120149,3.687e-05,-0.00102194,0.0,2025-W07
adj_close.csv,ARIMA,DIA,0.00619828,0.00744328,0.00624179,0.00619828,0.00744328,0.00624179,"ARIMA(0, 0, 1)",-0.00624179,-4.351e-05,0.00120149,0.0,2025-W08
adj_close.csv,ARIMA,DIA,0.00168992,0.0081764,0.00193461,0.00168992,0.0081764,0.00193461,"ARIMA(0, 0, 1)",0.00193461,0.0002447,-0.00624179,0.0,2025-W09
adj_close.csv,ARIMA,DIA,0.00459548,0.00660116,0.00466655,0.00459548,0.00660116,0.00466655,"ARIMA(0, 0, 1)",-0.00466655,-7.107e-05,0.00193461,0.0,2025-W10
adj_close.csv,ARIMA,DIA,0.00632198,0.00145043,0.00611698,0.00632198,0.00145043,0.00611698,"ARIMA(0, 0, 1)",-0.00611698,0.000205,-0.00466655,0.0,2025-W11
adj_close.csv,ARIMA,DIA,0.00219687,0.00853943,0.00242245,0.00219687,0.00853943,0.00242245,"ARIMA(0, 0, 1)",0.00242245,0.00022557,-0.00611698,0.0,2025-W12
adj_close.csv,ARIMA,DIA,0.00182927,0.00433805,0.0019156,0.00182927,0.00433805,0.0019156,"ARIMA(0, 0, 1)",-0.0019156,-8.633e-05,0.00242245,0.0,2025-W13
adj_close.csv,ARIMA,DIA,0.01630686,0.01431682,0.01623242,0.01630686,0.01431682,0.01623242,"ARIMA(0, 0, 1)",-0.01623242,7.444e-05,-0.0019156,0.0,2025-W14
adj_close.csv,ARIMA,DIA,0.00902221,0.02575622,0.0095238,0.00902221,0.02575622,0.0095238,"ARIMA(0, 0, 1)",0.0095238,0.00050159,-0.01623242,0.0,2025-W15
adj_close.csv,ARIMA,DIA,0.00594557,0.01604976,0.00652596,0.00594557,0.01604976,0.00652596,"ARIMA(0, 0, 1)",-0.00652596,-0.00058039,0.0095238,0.0,2025-W16
adj_close.csv,ARIMA,DIA,0.00439464,0.01140267,0.00487671,0.00439464,0.01140267,0.00487671,"ARIMA(0, 0, 1)",0.00487671,0.00048207,-0.00652596,0.0,2025-W17
adj_close.csv,ARIMA,DIA,0.00629582,0.0010299,0.0059066,0.00629582,0.0010299,0.0059066,"ARIMA(0, 0, 1)",0.0059066,-0.00038922,0.00487671,0.0,2025-W18
adj_close.csv,ARIMA,DIA,0.00021316,0.00620698,0.00030038,0.00021316,0.00620698,0.00030038,"ARIMA(0, 0, 1)",-0.00030038,-0.00051354,0.0059066,0.0,2025-W19
adj_close.csv,ARIMA,DIA,0.00690681,0.00718994,0.00688957,0.00690681,0.00718994,0.00688957,"ARIMA(0, 0, 1)",0.00688957,-1.725e-05,-0.00030038,0.0,2025-W20
adj_close.csv,ARIMA,DIA,0.00428873,0.01173983,0.00485027,0.00428873,0.01173983,0.00485027,"ARIMA(0, 0, 1)",-0.00485027,-0.00056154,0.00688957,0.0,2025-W21
adj_close.csv,ARIMA,DIA,0.00350948,0.00873505,0.00388478,0.00350948,0.00873505,0.00388478,"ARIMA(0, 0, 1)",0.00388478,0.0003753,-0.00485027,0.0,2025-W22
adj_close.csv,ARIMA,DIA,0.00292109,0.00128614,0.00259864,0.00292109,0.00128614,0.00259864,"ARIMA(0, 0, 1)",0.00259864,-0.00032245,0.00388478,0.0,2025-W23
adj_close.csv,ARIMA,DIA,0.00235643,0.00521618,0.00261754,0.00235643,0.00521618,0.00261754,"ARIMA(0, 0, 1)",-0.00261754,-0.0002611,0.00259864,0.0,2025-W24
adj_close.csv,ARIMA,DIA,0.00012612,0.00270581,8.827e-05,0.00012612,0.00270581,8.827e-05,"ARIMA(0, 0, 1)",8.827e-05,0.00021439,-0.00261754,0.0,2025-W25
adj_close.csv,ARIMA,DIA,0.00754502,0.00746822,0.00755649,0.00754502,0.00746822,0.00755649,"ARIMA(0, 0, 1)",0.00755649,1.148e-05,8.827e-05,0.0,2025-W26
adj_close.csv,ARIMA,DIA,0.00638115,0.00186271,0.00569379,0.00638115,0.00186271,0.00569379,"ARIMA(0, 0, 1)",0.00569379,-0.00068736,0.00755649,0.0,2025-W27
adj_close.csv,ARIMA,DIA,0.00152491,0.00772146,0.00202768,0.00152491,0.00772146,0.00202768,"ARIMA(0, 0, 1)",-0.00202768,-0.00050277,0.00569379,0.0,2025-W28
adj_close.csv,ARIMA,DIA,0.00018235,0.00196918,5.85e-05,0.00018235,0.00196918,5.85e-05,"ARIMA(0, 0, 1)",-5.85e-05,0.00012385,-0.00202768,0.0,2025-W29
adj_close.csv,ARIMA,DIA,0.00256723,0.00264067,0.00258217,0.00256723,0.00264067,0.00258217,"ARIMA(0, 0, 1)",0.00258217,1.494e-05,-5.85e-05,0.0,2025-W30
adj_close.csv,ARIMA,DIA,0.00580309,0.00859569,0.00601352,0.00580309,0.00859569,0.00601352,"ARIMA(0, 0, 1)",-0.00601352,-0.00021042,0.00258217,0.0,2025-W31
adj_close.csv,ARIMA,DIA,0.00233111,0.00883934,0.00282582,0.00233111,0.00883934,0.00282582,"ARIMA(0, 0, 1)",0.00282582,0.00049471,-0.00601352,0.0,2025-W32
adj_close.csv,ARIMA,DIA,0.00373808,0.00070739,0.00353321,0.00373808,0.00070739,0.00353321,"ARIMA(0, 0, 1)",0.00353321,-0.00020487,0.00282582,0.0,2025-W33
adj_close.csv,ARIMA,DIA,0.00346086,0.00039466,0.00313855,0.00346086,0.00039466,0.00313855,"ARIMA(0, 0, 1)",0.00313855,-0.00032231,0.00353321,0.0,2025-W34
adj_close.csv,ARIMA,DIA,4.72e-05,0.0033796,0.00024105,4.72e-05,0.0033796,0.00024105,"ARIMA(0, 0, 1)",-0.00024105,-0.00028825,0.00313855,0.0,2025-W35
adj_close.csv,ARIMA,DIA,0.00059974,0.00036262,0.00060366,0.00059974,0.00036262,0.00060366,"ARIMA(0, 0, 1)",-0.00060366,-3.93e-06,-0.00024105,0.0,2025-W36
adj_close.csv,ARIMA,DIA,0.00184426,0.00249801,0.00189434,0.00184426,0.00249801,0.00189434,"ARIMA(0, 0, 1)",0.00189434,5.009e-05,-0.00060366,0.0,2025-W37
adj_close.csv,ARIMA,DIA,0.00229507,0.00024632,0.00214066,0.00229507,0.00024632,0.00214066,"ARIMA(0, 0, 1)",0.00214066,-0.00015441,0.00189434,0.0,2025-W38
adj_close.csv,ARIMA,DIA,9.556e-05,0.00242599,0.00028533,9.556e-05,0.00242599,0.00028533,"ARIMA(0, 0, 1)",-0.00028533,-0.00018977,0.00214066,0.0,2025-W39
adj_close.csv,ARIMA,DIA,0.00224208,0.00253531,0.00224998,0.00224208,0.00253531,0.00224998,"ARIMA(0, 0, 1)",0.00224998,7.9e-06,-0.00028533,0.0,2025-W40
adj_close.csv,ARIMA,DIA,0.00529606,0.00773181,0.00548182,0.00529606,0.00773181,0.00548182,"ARIMA(0, 0, 1)",-0.00548182,-0.00018577,0.00224998,0.0,2025-W41
adj_close.csv,ARIMA,DIA,0.00262971,0.00856468,0.00308286,0.00262971,0.00856468,0.00308286,"ARIMA(0, 0, 1)",0.00308286,0.00045315,-0.00548182,0.0,2025-W42
adj_close.csv,ARIMA,DIA,0.00469933,0.00138417,0.00446704,0.00469933,0.00138417,0.00446704,"ARIMA(0, 0, 1)",0.00446704,-0.00023229,0.00308286,0.0,2025-W43
adj_close.csv,ARIMA,DIA,0.00186292,0.00300691,0.00146012,0.00186292,0.00300691,0.00146012,"ARIMA(0, 0, 1)",0.00146012,-0.0004028,0.00446704,0.0,2025-W44
adj_close.csv,ARIMA,DIA,0.00230227,0.00391805,0.00245793,0.00230227,0.00391805,0.00245793,"ARIMA(0, 0, 1)",-0.00245793,-0.00015566,0.00146012,0.0,2025-W45
adj_close.csv,ARIMA,DIA,0.00062874,0.003282,0.00082408,0.00062874,0.003282,0.00082408,"ARIMA(0, 0, 1)",0.00082408,0.00019534,-0.00245793,0.0,2025-W46
adj_close.csv,ARIMA,DIA,0.00364627,0.00452389,0.00369981,0.00364627,0.00452389,0.00369981,"ARIMA(0, 0, 1)",-0.00369981,-5.354e-05,0.00082408,0.0,2025-W47
adj_close.csv,ARIMA,DIA,0.00746092,0.01147378,0.00777396,0.00746092,0.01147378,0.00777396,"ARIMA(0, 0, 1)",0.00777396,0.00031305,-0.00369981,0.0,2025-W48
adj_close.csv,ARIMA,DIA,0.00187656,0.00658299,0.00119098,0.00187656,0.00658299,0.00119098,"ARIMA(0, 0, 1)",0.00119098,-0.00068558,0.00777396,0.0,2025-W49
adj_close.csv,ARIMA,DIA,0.00238995,0.00103396,0.00222493,0.00238995,0.00103396,0.00222493,"ARIMA(0, 0, 1)",0.00222493,-0.00016501,0.00119098,0.0,2025-W50
adj_close.csv,ARIMA,DIA,0.0011133,0.00354877,0.00132383,0.0011133,0.00354877,0.00132383,"ARIMA(0, 0, 1)",-0.00132383,-0.00021053,0.00222493,0.0,2025-W51
adj_close.csv,ARIMA,DIA,0.00293795,0.00436049,0.00303666,0.00293795,0.00436049,0.00303666,"ARIMA(0, 0, 1)",0.00303666,9.871e-05,-0.00132383,0.0,2025-W52
adj_close.csv,ARIMA,DIA,0.00148839,0.00478804,0.00175138,0.00148839,0.00478804,0.00175138,"ARIMA(0, 0, 1)",-0.00175138,-0.00026299,0.00303666,0.0,2026-W01
adj_close.csv,ARIMA,DIA,0.0045211,0.00640696,0.00465559,0.0045211,0.00640696,0.00465559,"ARIMA(0, 0, 1)",0.00465559,0.00013448,-0.00175138,0.0,2026-W02
adj_close.csv,ARIMA,DIA,0.00015886,0.00523065,0.00057506,0.00015886,0.00523065,0.00057506,"ARIMA(0, 0, 1)",-0.00057506,-0.0004162,0.00465559,0.0,2026-W03
adj_close.csv,ARIMA,DIA,0.0012794,0.00068975,0.00126481,0.0012794,0.00068975,0.00126481,"ARIMA(0, 0, 1)",-0.00126481,1.459e-05,-0.00057506,0.0,2026-W04
adj_close.csv,ARIMA,DIA,0.00089347,0.00048927,0.00077554,0.00089347,0.00048927,0.00077554,"ARIMA(0, 0, 1)",-0.00077554,0.00011793,-0.00126481,0.0,2026-W05
adj_close.csv,ARIMA,DIA,0.01009028,0.01094795,0.01017241,0.01009028,0.01094795,0.01017241,"ARIMA(0, 0, 1)",0.01017241,8.213e-05,-0.00077554,0.0,2026-W06
adj_close.csv,ARIMA,DVY,0.00420735,0.00137153,0.00418277,0.00420735,0.00137153,0.00418277,"ARIMA(1, 0, 0)",0.00418277,-2.458e-05,0.00281124,0.0,2024-W30
adj_close.csv,ARIMA,DVY,0.00286926,0.00707643,0.00289366,0.00286926,0.00707643,0.00289366,"ARIMA(1, 0, 0)",-0.00289366,-2.44e-05,0.00418277,0.0,2024-W31
adj_close.csv,ARIMA,DVY,0.00207297,0.00084609,0.00204758,0.00207297,0.00084609,0.00204758,"ARIMA(1, 0, 0)",-0.00204758,2.539e-05,-0.00289366,0.0,2024-W32
adj_close.csv,ARIMA,DVY,0.00504979,0.00711233,0.00506475,0.00504979,0.00711233,0.00506475,"ARIMA(1, 0, 0)",0.00506475,1.496e-05,-0.00204758,0.0,2024-W33
adj_close.csv,ARIMA,DVY,0.00415946,0.00095509,0.00410966,0.00415946,0.00095509,0.00410966,"ARIMA(1, 0, 0)",0.00410966,-4.98e-05,0.00506475,0.0,2024-W34
adj_close.csv,ARIMA,DVY,0.00273787,0.00139118,0.00271848,0.00273787,0.00139118,0.00271848,"ARIMA(1, 0, 0)",0.00271848,-1.94e-05,0.00410966,0.0,2024-W35
adj_close.csv,ARIMA,DVY,0.00538525,0.00810916,0.00539068,0.00538525,0.00810916,0.00539068,"ARIMA(1, 0, 0)",-0.00539068,-5.44e-06,0.00271848,0.0,2024-W36
adj_close.csv,ARIMA,DVY,0.00364022,0.00906072,0.00367004,0.00364022,0.00906072,0.00367004,"ARIMA(1, 0, 0)",0.00367004,2.982e-05,-0.00539068,0.0,2024-W37
adj_close.csv,ARIMA,DVY,0.00244744,0.00126016,0.00240988,0.00244744,0.00126016,0.00240988,"ARIMA(1, 0, 0)",0.00240988,-3.756e-05,0.00367004,0.0,2024-W38
adj_close.csv,ARIMA,DVY,0.00154858,0.0008808,0.00152908,0.00154858,0.0008808,0.00152908,"ARIMA(1, 0, 0)",0.00152908,-1.949e-05,0.00240988,0.0,2024-W39
adj_close.csv,ARIMA,DVY,0.00077721,0.0023173,0.00078822,0.00077721,0.0023173,0.00078822,"ARIMA(1, 0, 0)",-0.00078822,-1.101e-05,0.00152908,0.0,2024-W40
adj_close.csv,ARIMA,DVY,9.835e-05,0.00089247,0.00010425,9.835e-05,0.00089247,0.00010425,"ARIMA(1, 0, 0)",0.00010425,5.9e-06,-0.00078822,0.0,2024-W41
adj_close.csv,ARIMA,DVY,0.00383628,0.00373124,0.00383549,0.00383628,0.00373124,0.00383549,"ARIMA(1, 0, 0)",0.00383549,-7.8e-07,0.00010425,0.0,2024-W42
adj_close.csv,ARIMA,DVY,0.00474764,0.00861153,0.00477604,0.00474764,0.00861153,0.00477604,"ARIMA(1, 0, 0)",-0.00477604,-2.84e-05,0.00383549,0.0,2024-W43
adj_close.csv,ARIMA,DVY,0.00025066,0.0045814,0.00019464,0.00025066,0.0045814,0.00019464,"ARIMA(1, 0, 0)",-0.00019464,5.602e-05,-0.00477604,0.0,2024-W44
adj_close.csv,ARIMA,DVY,0.00683004,0.00702691,0.00683227,0.00683004,0.00702691,0.00683227,"ARIMA(1, 0, 0)",0.00683227,2.23e-06,-0.00019464,0.0,2024-W45
adj_close.csv,ARIMA,DVY,0.00032626,0.00658637,0.0002459,0.00032626,0.00658637,0.0002459,"ARIMA(1, 0, 0)",0.0002459,-8.036e-05,0.00683227,0.0,2024-W46
adj_close.csv,ARIMA,DVY,0.0053524,0.00510374,0.00534964,0.0053524,0.00510374,0.00534964,"ARIMA(1, 0, 0)",0.00534964,-2.76e-06,0.0002459,0.0,2024-W47
adj_close.csv,ARIMA,DVY,0.00238784,0.00302028,0.00232936,0.00238784,0.00302028,0.00232936,"ARIMA(1, 0, 0)",0.00232936,-5.849e-05,0.00534964,0.0,2024-W48
adj_close.csv,ARIMA,DVY,0.00509472,0.00744263,0.00511328,0.00509472,0.00744263,0.00511328,"ARIMA(1, 0, 0)",-0.00511328,-1.856e-05,0.00232936,0.0,2024-W49
adj_close.csv,ARIMA,DVY,0.00414527,0.00102282,0.00409046,0.00414527,0.00102282,0.00409046,"ARIMA(1, 0, 0)",-0.00409046,5.481e-05,-0.00511328,0.0,2024-W50
adj_close.csv,ARIMA,DVY,0.00643194,0.00231761,0.00640807,0.00643194,0.00231761,0.00640807,"ARIMA(1, 0, 0)",-0.00640807,2.387e-05,-0.00409046,0.0,2024-W51
adj_close.csv,ARIMA,DVY,0.00112166,0.00752842,0.00112035,0.00112166,0.00752842,0.00112035,"ARIMA(1, 0, 0)",0.00112035,-1.3e-06,-0.00640807,0.0,2024-W52
adj_close.csv,ARIMA,DVY,0.00013105,0.00125301,0.00013266,0.00013105,0.00125301,0.00013266,"ARIMA(1, 0, 0)",-0.00013266,-1.6e-06,0.00112035,0.0,2025-W01
adj_close.csv,ARIMA,DVY,0.00633546,0.00620261,0.00633527,0.00633546,0.00620261,0.00633527,"ARIMA(1, 0, 0)",-0.00633527,1.9e-07,-0.00013266,0.0,2025-W02
adj_close.csv,ARIMA,DVY,0.00944013,0.01578346,0.00944819,0.00944013,0.01578346,0.00944819,"ARIMA(1, 0, 0)",0.00944819,8.07e-06,-0.00633527,0.0,2025-W03
adj_close.csv,ARIMA,DVY,0.00069507,0.00889244,0.00055575,0.00069507,0.00889244,0.00055575,"ARIMA(1, 0, 0)",0.00055575,-0.00013932,0.00944819,0.0,2025-W04
adj_close.csv,ARIMA,DVY,0.00051147,0.0010746,0.00051885,0.00051147,0.0010746,0.00051885,"ARIMA(1, 0, 0)",-0.00051885,-7.39e-06,0.00055575,0.0,2025-W05
adj_close.csv,ARIMA,DVY,0.00097396,0.00044817,0.00096703,0.00097396,0.00044817,0.00096703,"ARIMA(1, 0, 0)",-0.00096703,6.93e-06,-0.00051885,0.0,2025-W06
adj_close.csv,ARIMA,DVY,0.00237407,0.00335391,0.00238688,0.00237407,0.00335391,0.00238688,"ARIMA(1, 0, 0)",0.00238688,1.281e-05,-0.00096703,0.0,2025-W07
adj_close.csv,ARIMA,DVY,0.00183164,0.00058807,0.00179881,0.00183164,0.00058807,0.00179881,"ARIMA(1, 0, 0)",0.00179881,-3.283e-05,0.00238688,0.0,2025-W08
adj_close.csv,ARIMA,DVY,0.0020755,0.00025368,0.00205249,0.0020755,0.00025368,0.00205249,"ARIMA(1, 0, 0)",0.00205249,-2.301e-05,0.00179881,0.0,2025-W09
adj_close.csv,ARIMA,DVY,0.0055558,0.00763285,0.00558036,0.0055558,0.00763285,0.00558036,"ARIMA(1, 0, 0)",-0.00558036,-2.456e-05,0.00205249,0.0,2025-W10
adj_close.csv,ARIMA,DVY,0.00177072,0.00389043,0.00168993,0.00177072,0.00389043,0.00168993,"ARIMA(1, 0, 0)",-0.00168993,8.079e-05,-0.00558036,0.0,2025-W11
adj_close.csv,ARIMA,DVY,0.00094339,0.00265413,0.0009642,0.00094339,0.00265413,0.0009642,"ARIMA(1, 0, 0)",0.0009642,2.081e-05,-0.00168993,0.0,2025-W12
adj_close.csv,ARIMA,DVY,3.296e-05,0.00100938,4.518e-05,3.296e-05,0.00100938,4.518e-05,"ARIMA(1, 0, 0)",-4.518e-05,-1.221e-05,0.0009642,0.0,2025-W13
adj_close.csv,ARIMA,DVY,0.01676012,0.01671437,0.01675954,0.01676012,0.01671437,0.01675954,"ARIMA(1, 0, 0)",-0.01675954,5.7e-07,-4.518e-05,0.0,2025-W14
adj_close.csv,ARIMA,DVY,0.00299228,0.01996142,0.00320188,0.00299228,0.01996142,0.00320188,"ARIMA(1, 0, 0)",0.00320188,0.0002096,-0.01675954,0.0,2025-W15
adj_close.csv,ARIMA,DVY,0.00371462,0.00043965,0.00364153,0.00371462,0.00043965,0.00364153,"ARIMA(1, 0, 0)",0.00364153,-7.309e-05,0.00320188,0.0,2025-W16
adj_close.csv,ARIMA,DVY,0.0029143,0.00080146,0.00284007,0.0029143,0.00080146,0.00284007,"ARIMA(1, 0, 0)",0.00284007,-7.423e-05,0.00364153,0.0,2025-W17
adj_close.csv,ARIMA,DVY,0.00334576,0.00045397,0.00329403,0.00334576,0.00045397,0.00329403,"ARIMA(1, 0, 0)",0.00329403,-5.172e-05,0.00284007,0.0,2025-W18
adj_close.csv,ARIMA,DVY,0.0001777,0.00352533,0.00023129,0.0001777,0.00352533,0.00023129,"ARIMA(1, 0, 0)",-0.00023129,-5.359e-05,0.00329403,0.0,2025-W19
adj_close.csv,ARIMA,DVY,0.00629868,0.00653377,0.00630247,0.00629868,0.00653377,0.00630247,"ARIMA(1, 0, 0)",0.00630247,3.79e-06,-0.00023129,0.0,2025-W20
adj_close.csv,ARIMA,DVY,0.00513557,0.0115432,0.00524073,0.00513557,0.0115432,0.00524073,"ARIMA(1, 0, 0)",-0.00524073,-0.00010516,0.00630247,0.0,2025-W21
adj_close.csv,ARIMA,DVY,0.00150351,0.00686601,0.00162528,0.00150351,0.00686601,0.00162528,"ARIMA(1, 0, 0)",0.00162528,0.00012177,-0.00524073,0.0,2025-W22
adj_close.csv,ARIMA,DVY,0.0007709,0.00089472,0.00073056,0.0007709,0.00089472,0.00073056,"ARIMA(1, 0, 0)",0.00073056,-4.034e-05,0.00162528,0.0,2025-W23
adj_close.csv,ARIMA,DVY,0.00068209,0.0014306,0.00070004,0.00068209,0.0014306,0.00070004,"ARIMA(1, 0, 0)",-0.00070004,-1.795e-05,0.00073056,0.0,2025-W24
adj_close.csv,ARIMA,DVY,0.00071843,0.00143574,0.0007357,0.00071843,0.00143574,0.0007357,"ARIMA(1, 0, 0)",0.0007357,1.727e-05,-0.00070004,0.0,2025-W25
adj_close.csv,ARIMA,DVY,0.00276131,0.00200739,0.00274309,0.00276131,0.00200739,0.00274309,"ARIMA(1, 0, 0)",0.00274309,-1.822e-05,0.0007357,0.0,2025-W26
adj_close.csv,ARIMA,DVY,0.00845707,0.00564715,0.00839024,0.00845707,0.00564715,0.00839024,"ARIMA(1, 0, 0)",0.00839024,-6.683e-05,0.00274309,0.0,2025-W27
adj_close.csv,ARIMA,DVY,0.00050904,0.0090646,0.00067436,0.00050904,0.0090646,0.00067436,"ARIMA(1, 0, 0)",-0.00067436,-0.00016532,0.00839024,0.0,2025-W28
adj_close.csv,ARIMA,DVY,0.00085271,0.00016449,0.00083885,0.00085271,0.00016449,0.00083885,"ARIMA(1, 0, 0)",-0.00083885,1.386e-05,-0.00067436,0.0,2025-W29
adj_close.csv,ARIMA,DVY,0.00357813,0.00443413,0.00359528,0.00357813,0.00443413,0.00359528,"ARIMA(1, 0, 0)",0.00359528,1.714e-05,-0.00083885,0.0,2025-W30
adj_close.csv,ARIMA,DVY,0.00602759,0.00969847,0.0061032,0.00602759,0.00969847,0.0061032,"ARIMA(1, 0, 0)",-0.0061032,-7.561e-05,0.00359528,0.0,2025-W31
adj_close.csv,ARIMA,DVY,0.00306009,0.00931775,0.00321455,0.00306009,0.00931775,0.00321455,"ARIMA(1, 0, 0)",0.00321455,0.00015446,-0.0061032,0.0,2025-W32
adj_close.csv,ARIMA,DVY,0.00314104,0.00016663,0.00304792,0.00314104,0.00016663,0.00304792,"ARIMA(1, 0, 0)",0.00304792,-9.312e-05,0.00321455,0.0,2025-W33
adj_close.csv,ARIMA,DVY,0.00577512,0.00264493,0.00569285,0.00577512,0.00264493,0.00569285,"ARIMA(1, 0, 0)",0.00569285,-8.228e-05,0.00304792,0.0,2025-W34
adj_close.csv,ARIMA,DVY,0.00031651,0.00614347,0.00045062,0.00031651,0.00614347,0.00045062,"ARIMA(1, 0, 0)",-0.00045062,-0.00013411,0.00569285,0.0,2025-W35
adj_close.csv,ARIMA,DVY,0.00022235,0.00023905,0.00021157,0.00022235,0.00023905,0.00021157,"ARIMA(1, 0, 0)",-0.00021157,1.077e-05,-0.00045062,0.0,2025-W36
adj_close.csv,ARIMA,DVY,0.00026284,0.00047947,0.0002679,0.00026284,0.00047947,0.0002679,"ARIMA(1, 0, 0)",0.0002679,5.05e-06,-0.00021157,0.0,2025-W37
adj_close.csv,ARIMA,DVY,0.00056072,0.00083502,0.00056713,0.00056072,0.00083502,0.00056713,"ARIMA(1, 0, 0)",-0.00056713,-6.4e-06,0.0002679,0.0,2025-W38
adj_close.csv,ARIMA,DVY,0.00152031,0.00210101,0.00153388,0.00152031,0.00210101,0.00153388,"ARIMA(1, 0, 0)",0.00153388,1.357e-05,-0.00056713,0.0,2025-W39
adj_close.csv,ARIMA,DVY,0.00249771,0.00092687,0.00246075,0.00249771,0.00092687,0.00246075,"ARIMA(1, 0, 0)",0.00246075,-3.696e-05,0.00153388,0.0,2025-W40
adj_close.csv,ARIMA,DVY,0.00698277,0.00950099,0.00704024,0.00698277,0.00950099,0.00704024,"ARIMA(1, 0, 0)",-0.00704024,-5.746e-05,0.00246075,0.0,2025-W41
adj_close.csv,ARIMA,DVY,0.00272942,0.00995749,0.00291725,0.00272942,0.00995749,0.00291725,"ARIMA(1, 0, 0)",0.00291725,0.00018783,-0.00704024,0.0,2025-W42
adj_close.csv,ARIMA,DVY,0.00345549,0.00044965,0.0033669,0.00345549,0.00044965,0.0033669,"ARIMA(1, 0, 0)",0.0033669,-8.859e-05,0.00291725,0.0,2025-W43
adj_close.csv,ARIMA,DVY,0.00473166,0.0081943,0.0048274,0.00473166,0.0081943,0.0048274,"ARIMA(1, 0, 0)",-0.0048274,-9.574e-05,0.0033669,0.0,2025-W44
adj_close.csv,ARIMA,DVY,0.00133706,0.00631642,0.00148902,0.00133706,0.00631642,0.00148902,"ARIMA(1, 0, 0)",0.00148902,0.00015197,-0.0048274,0.0,2025-W45
adj_close.csv,ARIMA,DVY,0.00066113,0.0008766,0.00061242,0.00066113,0.0008766,0.00061242,"ARIMA(1, 0, 0)",0.00061242,-4.87e-05,0.00148902,0.0,2025-W46
adj_close.csv,ARIMA,DVY,0.00096373,0.00159607,0.00098365,0.00096373,0.00159607,0.00098365,"ARIMA(1, 0, 0)",-0.00098365,-1.992e-05,0.00061242,0.0,2025-W47
adj_close.csv,ARIMA,DVY,0.00633487,0.00735061,0.00636697,0.00633487,0.00735061,0.00636697,"ARIMA(1, 0, 0)",0.00636697,3.21e-05,-0.00098365,0.0,2025-W48
adj_close.csv,ARIMA,DVY,0.00218125,0.00876353,0.00239657,0.00218125,0.00876353,0.00239657,"ARIMA(1, 0, 0)",-0.00239657,-0.00021532,0.00636697,0.0,2025-W49
adj_close.csv,ARIMA,DVY,0.0031295,0.00561339,0.00321682,0.0031295,0.00561339,0.00321682,"ARIMA(1, 0, 0)",0.00321682,8.733e-05,-0.00239657,0.0,2025-W50
adj_close.csv,ARIMA,DVY,0.0008024,0.00414099,0.00092417,0.0008024,0.00414099,0.00092417,"ARIMA(1, 0, 0)",-0.00092417,-0.00012176,0.00321682,0.0,2025-W51
adj_close.csv,ARIMA,DVY,0.00126508,0.00222468,0.00130051,0.00126508,0.00222468,0.00130051,"ARIMA(1, 0, 0)",0.00130051,3.543e-05,-0.00092417,0.0,2025-W52
adj_close.csv,ARIMA,DVY,6.769e-05,0.00128297,1.755e-05,6.769e-05,0.00128297,1.755e-05,"ARIMA(1, 0, 0)",1.755e-05,-5.014e-05,0.00130051,0.0,2026-W01
adj_close.csv,ARIMA,DVY,0.00416373,0.00414551,0.00416306,0.00416373,0.00414551,0.00416306,"ARIMA(1, 0, 0)",0.00416306,-6.8e-07,1.755e-05,0.0,2026-W02
adj_close.csv,ARIMA,DVY,0.00273931,0.00158414,0.00257892,0.00273931,0.00158414,0.00257892,"ARIMA(1, 0, 0)",0.00257892,-0.00016039,0.00416306,0.0,2026-W03
adj_close.csv,ARIMA,DVY,0.00072009,0.00195268,0.00062624,0.00072009,0.00195268,0.00062624,"ARIMA(1, 0, 0)",0.00062624,-9.385e-05,0.00257892,0.0,2026-W04
adj_close.csv,ARIMA,DVY,0.00346828,0.00281947,0.00344571,0.00346828,0.00281947,0.00344571,"ARIMA(1, 0, 0)",0.00344571,-2.257e-05,0.00062624,0.0,2026-W05
adj_close.csv,ARIMA,DVY,0.0048305,0.00126199,0.00470771,0.0048305,0.00126199,0.00470771,"ARIMA(1, 0, 0)",0.00470771,-0.00012279,0.00344571,0.0,2026-W06
adj_close.csv,ARIMA,EWQ,0.00029825,0.00507196,0.00036227,0.00029825,0.00507196,0.00036227,"ARIMA(1, 0, 0)",0.00036227,6.402e-05,-0.00470969,0.0,2024-W30
adj_close.csv,ARIMA,EWQ,0.00587159,0.00623887,0.0058766,0.00587159,0.00623887,0.0058766,"ARIMA(1, 0, 0)",-0.0058766,-5e-06,0.00036227,0.0,2024-W31
adj_close.csv,ARIMA,EWQ,0.00018294,0.00614266,0.00026607,0.00018294,0.00614266,0.00026607,"ARIMA(1, 0, 0)",0.00026607,8.313e-05,-0.0058766,0.0,2024-W32
adj_close.csv,ARIMA,EWQ,0.00623387,0.005964,0.00623007,0.00623387,0.005964,0.00623007,"ARIMA(1, 0, 0)",0.00623007,-3.81e-06,0.00026607,0.0,2024-W33
adj_close.csv,ARIMA,EWQ,0.00652908,0.00021145,0.00644152,0.00652908,0.00021145,0.00644152,"ARIMA(1, 0, 0)",0.00644152,-8.756e-05,0.00623007,0.0,2024-W34
adj_close.csv,ARIMA,EWQ,0.00090063,0.00739211,0.00095059,0.00090063,0.00739211,0.00095059,"ARIMA(1, 0, 0)",-0.00095059,-4.997e-05,0.00644152,0.0,2024-W35
adj_close.csv,ARIMA,EWQ,0.00894233,0.00798351,0.00893411,0.00894233,0.00798351,0.00893411,"ARIMA(1, 0, 0)",-0.00893411,8.22e-06,-0.00095059,0.0,2024-W36
adj_close.csv,ARIMA,EWQ,0.00313119,0.01213089,0.00319679,0.00313119,0.01213089,0.00319679,"ARIMA(1, 0, 0)",0.00319679,6.559e-05,-0.00893411,0.0,2024-W37
adj_close.csv,ARIMA,EWQ,0.00308279,0.00015106,0.00304573,0.00308279,0.00015106,0.00304573,"ARIMA(1, 0, 0)",0.00304573,-3.706e-05,0.00319679,0.0,2024-W38
adj_close.csv,ARIMA,EWQ,0.00705946,0.00398297,0.0070287,0.00705946,0.00398297,0.0070287,"ARIMA(1, 0, 0)",0.0070287,-3.075e-05,0.00304573,0.0,2024-W39
adj_close.csv,ARIMA,EWQ,0.00809201,0.01516879,0.00814008,0.00809201,0.01516879,0.00814008,"ARIMA(1, 0, 0)",-0.00814008,-4.808e-05,0.0070287,0.0,2024-W40
adj_close.csv,ARIMA,EWQ,0.00083578,0.00742961,0.00071047,0.00083578,0.00742961,0.00071047,"ARIMA(1, 0, 0)",-0.00071047,0.0001253,-0.00814008,0.0,2024-W41
adj_close.csv,ARIMA,EWQ,0.0004683,0.00025239,0.00045808,0.0004683,0.00025239,0.00045808,"ARIMA(1, 0, 0)",-0.00045808,1.022e-05,-0.00071047,0.0,2024-W42
adj_close.csv,ARIMA,EWQ,0.00516813,0.00470349,0.00516157,0.00516813,0.00470349,0.00516157,"ARIMA(1, 0, 0)",-0.00516157,6.56e-06,-0.00045808,0.0,2024-W43
adj_close.csv,ARIMA,EWQ,0.00159427,0.00363945,0.00152212,0.00159427,0.00363945,0.00152212,"ARIMA(1, 0, 0)",-0.00152212,7.215e-05,-0.00516157,0.0,2024-W44
adj_close.csv,ARIMA,EWQ,0.00320587,0.00166433,0.00318645,0.00320587,0.00166433,0.00318645,"ARIMA(1, 0, 0)",-0.00318645,1.942e-05,-0.00152212,0.0,2024-W45
adj_close.csv,ARIMA,EWQ,0.00590517,0.00268037,0.00586683,0.00590517,0.00268037,0.00586683,"ARIMA(1, 0, 0)",-0.00586683,3.835e-05,-0.00318645,0.0,2024-W46
adj_close.csv,ARIMA,EWQ,0.00255047,0.00337062,0.00249621,0.00255047,0.00337062,0.00249621,"ARIMA(1, 0, 0)",-0.00249621,5.426e-05,-0.00586683,0.0,2024-W47
adj_close.csv,ARIMA,EWQ,0.00289588,0.00540968,0.00291347,0.00289588,0.00540968,0.00291347,"ARIMA(1, 0, 0)",0.00291347,1.759e-05,-0.00249621,0.0,2024-W48
adj_close.csv,ARIMA,EWQ,0.005305,0.00236791,0.00528138,0.005305,0.00236791,0.00528138,"ARIMA(1, 0, 0)",0.00528138,-2.363e-05,0.00291347,0.0,2024-W49
adj_close.csv,ARIMA,EWQ,0.00196729,0.0072795,0.00199813,0.00196729,0.0072795,0.00199813,"ARIMA(1, 0, 0)",-0.00199813,-3.083e-05,0.00528138,0.0,2024-W50
adj_close.csv,ARIMA,EWQ,0.00520022,0.00318739,0.00518551,0.00520022,0.00318739,0.00518551,"ARIMA(1, 0, 0)",-0.00518551,1.47e-05,-0.00199813,0.0,2024-W51
adj_close.csv,ARIMA,EWQ,0.00289866,0.00811445,0.00292894,0.00289866,0.00811445,0.00292894,"ARIMA(1, 0, 0)",0.00292894,3.028e-05,-0.00518551,0.0,2024-W52
adj_close.csv,ARIMA,EWQ,0.00494799,0.00790044,0.00497151,0.00494799,0.00790044,0.00497151,"ARIMA(1, 0, 0)",-0.00497151,-2.352e-05,0.00292894,0.0,2025-W01
adj_close.csv,ARIMA,EWQ,0.00380937,0.00883128,0.00385977,0.00380937,0.00883128,0.00385977,"ARIMA(1, 0, 0)",0.00385977,5.04e-05,-0.00497151,0.0,2025-W02
adj_close.csv,ARIMA,EWQ,0.00764731,0.00373781,0.00759758,0.00764731,0.00373781,0.00759758,"ARIMA(1, 0, 0)",0.00759758,-4.973e-05,0.00385977,0.0,2025-W03
adj_close.csv,ARIMA,EWQ,0.01204257,0.00437956,0.01197713,0.01204257,0.00437956,0.01197713,"ARIMA(1, 0, 0)",0.01197713,-6.544e-05,0.00759758,0.0,2025-W04
adj_close.csv,ARIMA,EWQ,0.00257502,0.01449807,0.00252094,0.00257502,0.01449807,0.00252094,"ARIMA(1, 0, 0)",-0.00252094,5.408e-05,0.01197713,0.0,2025-W05
adj_close.csv,ARIMA,EWQ,4.5e-07,0.00252094,0.0,4.5e-07,0.00252094,0.0,"ARIMA(1, 0, 0)",0.0,-4.5e-07,-0.00252094,0.0,2025-W06
adj_close.csv,ARIMA,EWQ,0.00841482,0.00841482,0.00841482,0.00841482,0.00841482,0.00841482,"ARIMA(1, 0, 0)",0.00841482,0.0,0.0,0.0,2025-W07
adj_close.csv,ARIMA,EWQ,0.00318627,0.01159958,0.00318476,0.00318627,0.01159958,0.00318476,"ARIMA(1, 0, 0)",-0.00318476,1.51e-06,0.00841482,0.0,2025-W08
adj_close.csv,ARIMA,EWQ,0.00122158,0.00197448,0.00121028,0.00122158,0.00197448,0.00121028,"ARIMA(1, 0, 0)",-0.00121028,1.131e-05,-0.00318476,0.0,2025-W09
adj_close.csv,ARIMA,EWQ,0.01144771,0.01266163,0.01145135,0.01144771,0.01266163,0.01145135,"ARIMA(1, 0, 0)",0.01145135,3.64e-06,-0.00121028,0.0,2025-W10
adj_close.csv,ARIMA,EWQ,0.00273336,0.01424121,0.00278985,0.00273336,0.01424121,0.00278985,"ARIMA(1, 0, 0)",-0.00278985,-5.65e-05,0.01145135,0.0,2025-W11
adj_close.csv,ARIMA,EWQ,0.00187485,0.00094068,0.00184917,0.00187485,0.00094068,0.00184917,"ARIMA(1, 0, 0)",-0.00184917,2.567e-05,-0.00278985,0.0,2025-W12
adj_close.csv,ARIMA,EWQ,0.00277232,0.00090745,0.00275662,0.00277232,0.00090745,0.00275662,"ARIMA(1, 0, 0)",-0.00275662,1.57e-05,-0.00184917,0.0,2025-W13
adj_close.csv,ARIMA,EWQ,0.01622424,0.01344615,0.01620277,0.01622424,0.01344615,0.01620277,"ARIMA(1, 0, 0)",-0.01620277,2.148e-05,-0.00275662,0.0,2025-W14
adj_close.csv,ARIMA,EWQ,0.00921526,0.0254457,0.00924293,0.00921526,0.0254457,0.00924293,"ARIMA(1, 0, 0)",0.00924293,2.767e-05,-0.01620277,0.0,2025-W15
adj_close.csv,ARIMA,EWQ,0.00179569,0.00764428,0.00159865,0.00179569,0.00764428,0.00159865,"ARIMA(1, 0, 0)",0.00159865,-0.00019704,0.00924293,0.0,2025-W16
adj_close.csv,ARIMA,EWQ,0.00866365,0.00703437,0.00863302,0.00866365,0.00703437,0.00863302,"ARIMA(1, 0, 0)",0.00863302,-3.063e-05,0.00159865,0.0,2025-W17
adj_close.csv,ARIMA,EWQ,0.00454568,0.00423725,0.00439577,0.00454568,0.00423725,0.00439577,"ARIMA(1, 0, 0)",0.00439577,-0.00014991,0.00863302,0.0,2025-W18
adj_close.csv,ARIMA,EWQ,0.00080773,0.00525765,0.00086188,0.00080773,0.00525765,0.00086188,"ARIMA(1, 0, 0)",-0.00086188,-5.415e-05,0.00439577,0.0,2025-W19
adj_close.csv,ARIMA,EWQ,0.00270559,0.00357848,0.0027166,0.00270559,0.00357848,0.0027166,"ARIMA(1, 0, 0)",0.0027166,1.101e-05,-0.00086188,0.0,2025-W20
adj_close.csv,ARIMA,EWQ,0.00074432,0.00200779,0.00070881,0.00074432,0.00200779,0.00070881,"ARIMA(1, 0, 0)",0.00070881,-3.551e-05,0.0027166,0.0,2025-W21
adj_close.csv,ARIMA,EWQ,0.0005392,0.00017869,0.00053012,0.0005392,0.00017869,0.00053012,"ARIMA(1, 0, 0)",0.00053012,-9.08e-06,0.00070881,0.0,2025-W22
adj_close.csv,ARIMA,EWQ,0.00257897,0.00204209,0.00257221,0.00257897,0.00204209,0.00257221,"ARIMA(1, 0, 0)",0.00257221,-6.77e-06,0.00053012,0.0,2025-W23
adj_close.csv,ARIMA,EWQ,0.00094584,0.00355042,0.00097822,0.00094584,0.00355042,0.00097822,"ARIMA(1, 0, 0)",-0.00097822,-3.238e-05,0.00257221,0.0,2025-W24
adj_close.csv,ARIMA,EWQ,0.00353575,0.00254491,0.00352313,0.00353575,0.00254491,0.00352313,"ARIMA(1, 0, 0)",-0.00352313,1.262e-05,-0.00097822,0.0,2025-W25
adj_close.csv,ARIMA,EWQ,0.00624984,0.00981686,0.00629373,0.00624984,0.00981686,0.00629373,"ARIMA(1, 0, 0)",0.00629373,4.389e-05,-0.00352313,0.0,2025-W26
adj_close.csv,ARIMA,EWQ,0.00283859,0.00355126,0.00274247,0.00283859,0.00355126,0.00274247,"ARIMA(1, 0, 0)",0.00274247,-9.612e-05,0.00629373,0.0,2025-W27
adj_close.csv,ARIMA,EWQ,0.00096201,0.00181612,0.00092635,0.00096201,0.00181612,0.00092635,"ARIMA(1, 0, 0)",0.00092635,-3.565e-05,0.00274247,0.0,2025-W28
adj_close.csv,ARIMA,EWQ,0.00165882,0.0025969,0.00167055,0.00165882,0.0025969,0.00167055,"ARIMA(1, 0, 0)",-0.00167055,-1.173e-05,0.00092635,0.0,2025-W29
adj_close.csv,ARIMA,EWQ,0.00367209,0.00536412,0.00369357,0.00367209,0.00536412,0.00369357,"ARIMA(1, 0, 0)",0.00369357,2.148e-05,-0.00167055,0.0,2025-W30
adj_close.csv,ARIMA,EWQ,0.01070972,0.01445366,0.01076009,0.01070972,0.01445366,0.01076009,"ARIMA(1, 0, 0)",-0.01076009,-5.038e-05,0.00369357,0.0,2025-W31
adj_close.csv,ARIMA,EWQ,0.00574432,0.01670512,0.00594503,0.00574432,0.01670512,0.00594503,"ARIMA(1, 0, 0)",0.00594503,0.00020071,-0.01076009,0.0,2025-W32
adj_close.csv,ARIMA,EWQ,0.00574802,0.0003538,0.00559122,0.00574802,0.0003538,0.00559122,"ARIMA(1, 0, 0)",0.00559122,-0.0001568,0.00594503,0.0,2025-W33
adj_close.csv,ARIMA,EWQ,0.00144084,0.00427409,0.00131714,0.00144084,0.00427409,0.00131714,"ARIMA(1, 0, 0)",0.00131714,-0.0001237,0.00559122,0.0,2025-W34
adj_close.csv,ARIMA,EWQ,0.00730272,0.00864769,0.00733055,0.00730272,0.00864769,0.00733055,"ARIMA(1, 0, 0)",-0.00733055,-2.783e-05,0.00131714,0.0,2025-W35
adj_close.csv,ARIMA,EWQ,0.00033975,0.00715441,0.00017615,0.00033975,0.00715441,0.00017615,"ARIMA(1, 0, 0)",-0.00017615,0.0001636,-0.00733055,0.0,2025-W36
adj_close.csv,ARIMA,EWQ,0.00431937,0.00449939,0.00432324,0.00431937,0.00449939,0.00432324,"ARIMA(1, 0, 0)",0.00432324,3.88e-06,-0.00017615,0.0,2025-W37
adj_close.csv,ARIMA,EWQ,0.00096741,0.0034514,0.00087184,0.00096741,0.0034514,0.00087184,"ARIMA(1, 0, 0)",0.00087184,-9.557e-05,0.00432324,0.0,2025-W38
adj_close.csv,ARIMA,EWQ,0.00039367,0.00128434,0.0004125,0.00039367,0.00128434,0.0004125,"ARIMA(1, 0, 0)",-0.0004125,-1.882e-05,0.00087184,0.0,2025-W39
adj_close.csv,ARIMA,EWQ,0.00595761,0.00637903,0.00596653,0.00595761,0.00637903,0.00596653,"ARIMA(1, 0, 0)",0.00596653,8.92e-06,-0.0004125,0.0,2025-W40
adj_close.csv,ARIMA,EWQ,0.00721688,0.01331429,0.00734776,0.00721688,0.01331429,0.00734776,"ARIMA(1, 0, 0)",-0.00734776,-0.00013088,0.00596653,0.0,2025-W41
adj_close.csv,ARIMA,EWQ,0.00856794,0.01611555,0.00876779,0.00856794,0.01611555,0.00876779,"ARIMA(1, 0, 0)",0.00876779,0.00019984,-0.00734776,0.0,2025-W42
adj_close.csv,ARIMA,EWQ,0.00022583,0.0092991,0.00053132,0.00022583,0.0092991,0.00053132,"ARIMA(1, 0, 0)",-0.00053132,-0.00030548,0.00876779,0.0,2025-W43
adj_close.csv,ARIMA,EWQ,0.00373282,0.00318286,0.00371418,0.00373282,0.00318286,0.00371418,"ARIMA(1, 0, 0)",-0.00371418,1.864e-05,-0.00053132,0.0,2025-W44
adj_close.csv,ARIMA,EWQ,0.00240062,0.00144297,0.00227121,0.00240062,0.00144297,0.00227121,"ARIMA(1, 0, 0)",-0.00227121,0.00012941,-0.00371418,0.0,2025-W45
adj_close.csv,ARIMA,EWQ,0.00470801,0.00705592,0.00478471,0.00470801,0.00705592,0.00478471,"ARIMA(1, 0, 0)",0.00478471,7.67e-05,-0.00227121,0.0,2025-W46
adj_close.csv,ARIMA,EWQ,0.00502856,0.009981,0.00519628,0.00502856,0.009981,0.00519628,"ARIMA(1, 0, 0)",-0.00519628,-0.00016772,0.00478471,0.0,2025-W47
adj_close.csv,ARIMA,EWQ,0.00478833,0.01018173,0.00498545,0.00478833,0.01018173,0.00498545,"ARIMA(1, 0, 0)",0.00498545,0.00019711,-0.00519628,0.0,2025-W48
adj_close.csv,ARIMA,EWQ,0.00042815,0.00476121,0.00022424,0.00042815,0.00476121,0.00022424,"ARIMA(1, 0, 0)",0.00022424,-0.00020391,0.00498545,0.0,2025-W49
adj_close.csv,ARIMA,EWQ,0.00117114,0.00093778,0.00116202,0.00117114,0.00093778,0.00116202,"ARIMA(1, 0, 0)",0.00116202,-9.11e-06,0.00022424,0.0,2025-W50
adj_close.csv,ARIMA,EWQ,0.00119269,1.653e-05,0.00114549,0.00119269,1.653e-05,0.00114549,"ARIMA(1, 0, 0)",0.00114549,-4.72e-05,0.00116202,0.0,2025-W51
adj_close.csv,ARIMA,EWQ,0.00154485,0.00035302,0.00149851,0.00154485,0.00035302,0.00149851,"ARIMA(1, 0, 0)",0.00149851,-4.634e-05,0.00114549,0.0,2025-W52
adj_close.csv,ARIMA,EWQ,0.00077862,0.00078019,0.00071832,0.00077862,0.00078019,0.00071832,"ARIMA(1, 0, 0)",0.00071832,-6.03e-05,0.00149851,0.0,2026-W01
adj_close.csv,ARIMA,EWQ,0.00252911,0.00178199,0.00250031,0.00252911,0.00178199,0.00250031,"ARIMA(1, 0, 0)",0.00250031,-2.881e-05,0.00071832,0.0,2026-W02
adj_close.csv,ARIMA,EWQ,0.00248888,0.00508891,0.00258861,0.00248888,0.00508891,0.00258861,"ARIMA(1, 0, 0)",-0.00258861,-9.973e-05,0.00250031,0.0,2026-W03
adj_close.csv,ARIMA,EWQ,0.00110628,0.00380005,0.00121144,0.00110628,0.00380005,0.00121144,"ARIMA(1, 0, 0)",0.00121144,0.00010516,-0.00258861,0.0,2026-W04
adj_close.csv,ARIMA,EWQ,0.00065475,0.00191582,0.00070438,0.00065475,0.00191582,0.00070438,"ARIMA(1, 0, 0)",-0.00070438,-4.963e-05,0.00121144,0.0,2026-W05
adj_close.csv,ARIMA,EWQ,0.00722151,0.00795481,0.00725043,0.00722151,0.00795481,0.00725043,"ARIMA(1, 0, 0)",0.00725043,2.892e-05,-0.00070438,0.0,2026-W06
adj_close.csv,ARIMA,IEF,0.00088936,0.00168815,0.00090726,0.00088936,0.00168815,0.00090726,"ARIMA(1, 0, 0)",0.00090726,1.789e-05,-0.0007809,0.0,2024-W30
adj_close.csv,ARIMA,IEF,0.00616697,0.00523822,0.00614547,0.00616697,0.00523822,0.00614547,"ARIMA(1, 0, 0)",0.00614547,-2.15e-05,0.00090726,0.0,2024-W31
adj_close.csv,ARIMA,IEF,0.00199249,0.00824489,0.00209941,0.00199249,0.00824489,0.00209941,"ARIMA(1, 0, 0)",-0.00209941,-0.00010692,0.00614547,0.0,2024-W32
adj_close.csv,ARIMA,IEF,0.00078223,0.00294593,0.00084652,0.00078223,0.00294593,0.00084652,"ARIMA(1, 0, 0)",0.00084652,6.429e-05,-0.00209941,0.0,2024-W33
adj_close.csv,ARIMA,IEF,0.00150537,0.00063144,0.00147796,0.00150537,0.00063144,0.00147796,"ARIMA(1, 0, 0)",0.00147796,-2.742e-05,0.00084652,0.0,2024-W34
adj_close.csv,ARIMA,IEF,0.00143211,0.00295591,0.00147796,0.00143211,0.00295591,0.00147796,"ARIMA(1, 0, 0)",-0.00147796,-4.584e-05,0.00147796,0.0,2024-W35
adj_close.csv,ARIMA,IEF,0.00399409,0.00552124,0.00404329,0.00399409,0.00552124,0.00404329,"ARIMA(1, 0, 0)",0.00404329,4.919e-05,-0.00147796,0.0,2024-W36
adj_close.csv,ARIMA,IEF,0.00121462,0.00298876,0.00105453,0.00121462,0.00298876,0.00105453,"ARIMA(1, 0, 0)",0.00105453,-0.0001601,0.00404329,0.0,2024-W37
adj_close.csv,ARIMA,IEF,0.00089624,0.00198709,0.00093256,0.00089624,0.00198709,0.00093256,"ARIMA(1, 0, 0)",-0.00093256,-3.631e-05,0.00105453,0.0,2024-W38
adj_close.csv,ARIMA,IEF,9.399e-05,0.00087161,6.095e-05,9.399e-05,0.00087161,6.095e-05,"ARIMA(1, 0, 0)",-6.095e-05,3.304e-05,-0.00093256,0.0,2024-W39
adj_close.csv,ARIMA,IEF,0.00335982,0.00329671,0.00335766,0.00335982,0.00329671,0.00335766,"ARIMA(1, 0, 0)",-0.00335766,2.15e-06,-6.095e-05,0.0,2024-W40
adj_close.csv,ARIMA,IEF,0.0013866,0.00208899,0.00126868,0.0013866,0.00208899,0.00126868,"ARIMA(1, 0, 0)",-0.00126868,0.00011793,-0.00335766,0.0,2024-W41
adj_close.csv,ARIMA,IEF,0.00012846,0.00143557,0.0001669,0.00012846,0.00143557,0.0001669,"ARIMA(1, 0, 0)",0.0001669,3.844e-05,-0.00126868,0.0,2024-W42
adj_close.csv,ARIMA,IEF,0.00219588,0.00236786,0.00220096,0.00219588,0.00236786,0.00220096,"ARIMA(1, 0, 0)",-0.00220096,-5.08e-06,0.0001669,0.0,2024-W43
adj_close.csv,ARIMA,IEF,0.00203715,0.0002317,0.00196927,0.00203715,0.0002317,0.00196927,"ARIMA(1, 0, 0)",-0.00196927,6.789e-05,-0.00220096,0.0,2024-W44
adj_close.csv,ARIMA,IEF,0.00107683,0.00309775,0.00112849,0.00107683,0.00309775,0.00112849,"ARIMA(1, 0, 0)",0.00112849,5.165e-05,-0.00196927,0.0,2024-W45
adj_close.csv,ARIMA,IEF,0.00184509,0.00300563,0.00187715,0.00184509,0.00300563,0.00187715,"ARIMA(1, 0, 0)",-0.00187715,-3.205e-05,0.00112849,0.0,2024-W46
adj_close.csv,ARIMA,IEF,0.00054184,0.00247631,0.00059916,0.00054184,0.00247631,0.00059916,"ARIMA(1, 0, 0)",0.00059916,5.732e-05,-0.00187715,0.0,2024-W47
adj_close.csv,ARIMA,IEF,0.0042301,0.00361202,0.00421118,0.0042301,0.00361202,0.00421118,"ARIMA(1, 0, 0)",0.00421118,-1.892e-05,0.00059916,0.0,2024-W48
adj_close.csv,ARIMA,IEF,0.0009045,0.00342876,0.00078242,0.0009045,0.00342876,0.00078242,"ARIMA(1, 0, 0)",0.00078242,-0.00012208,0.00421118,0.0,2024-W49
adj_close.csv,ARIMA,IEF,0.00332498,0.0041271,0.00334468,0.00332498,0.0041271,0.00334468,"ARIMA(1, 0, 0)",-0.00334468,-1.97e-05,0.00078242,0.0,2024-W50
adj_close.csv,ARIMA,IEF,0.00175339,0.0016842,0.00166048,0.00175339,0.0016842,0.00166048,"ARIMA(1, 0, 0)",-0.00166048,9.291e-05,-0.00334468,0.0,2024-W51
adj_close.csv,ARIMA,IEF,0.00147135,0.00022561,0.00143487,0.00147135,0.00022561,0.00143487,"ARIMA(1, 0, 0)",-0.00143487,3.649e-05,-0.00166048,0.0,2024-W52
adj_close.csv,ARIMA,IEF,0.0007039,0.00216683,0.00073197,0.0007039,0.00216683,0.00073197,"ARIMA(1, 0, 0)",0.00073197,2.807e-05,-0.00143487,0.0,2025-W01
adj_close.csv,ARIMA,IEF,0.00276155,0.00350857,0.0027766,0.00276155,0.00350857,0.0027766,"ARIMA(1, 0, 0)",-0.0027766,-1.505e-05,0.00073197,0.0,2025-W02
adj_close.csv,ARIMA,IEF,0.0023751,0.0052143,0.0024377,0.0023751,0.0052143,0.0024377,"ARIMA(1, 0, 0)",0.0024377,6.26e-05,-0.0027766,0.0,2025-W03
adj_close.csv,ARIMA,IEF,0.00012479,0.00238358,5.412e-05,0.00012479,0.00238358,5.412e-05,"ARIMA(1, 0, 0)",5.412e-05,-7.067e-05,0.0024377,0.0,2025-W04
adj_close.csv,ARIMA,IEF,0.00118756,0.00113188,0.001186,0.00118756,0.00113188,0.001186,"ARIMA(1, 0, 0)",0.001186,-1.55e-06,5.412e-05,0.0,2025-W05
adj_close.csv,ARIMA,IEF,0.00092927,0.00029069,0.00089531,0.00092927,0.00029069,0.00089531,"ARIMA(1, 0, 0)",0.00089531,-3.396e-05,0.001186,0.0,2025-W06
adj_close.csv,ARIMA,IEF,0.00041086,0.00050913,0.00038618,0.00041086,0.00050913,0.00038618,"ARIMA(1, 0, 0)",0.00038618,-2.468e-05,0.00089531,0.0,2025-W07
adj_close.csv,ARIMA,IEF,0.00105309,0.0006564,0.00104258,0.00105309,0.0006564,0.00104258,"ARIMA(1, 0, 0)",0.00104258,-1.051e-05,0.00038618,0.0,2025-W08
adj_close.csv,ARIMA,IEF,0.0034349,0.00236437,0.00340695,0.0034349,0.00236437,0.00340695,"ARIMA(1, 0, 0)",0.00340695,-2.795e-05,0.00104258,0.0,2025-W09
adj_close.csv,ARIMA,IEF,0.00130355,0.00479003,0.00138308,0.00130355,0.00479003,0.00138308,"ARIMA(1, 0, 0)",-0.00138308,-7.953e-05,0.00340695,0.0,2025-W10
adj_close.csv,ARIMA,IEF,0.00015247,0.00157372,0.00019064,0.00015247,0.00157372,0.00019064,"ARIMA(1, 0, 0)",0.00019064,3.817e-05,-0.00138308,0.0,2025-W11
adj_close.csv,ARIMA,IEF,0.00114513,0.00094918,0.00113983,0.00114513,0.00094918,0.00113983,"ARIMA(1, 0, 0)",0.00113983,-5.3e-06,0.00019064,0.0,2025-W12
adj_close.csv,ARIMA,IEF,0.00017874,0.00099254,0.00014729,0.00017874,0.00099254,0.00014729,"ARIMA(1, 0, 0)",0.00014729,-3.145e-05,0.00113983,0.0,2025-W13
adj_close.csv,ARIMA,IEF,0.0037107,0.00355937,0.00370666,0.0037107,0.00355937,0.00370666,"ARIMA(1, 0, 0)",0.00370666,-4.04e-06,0.00014729,0.0,2025-W14
adj_close.csv,ARIMA,IEF,0.00631961,0.01012589,0.00641923,0.00631961,0.01012589,0.00641923,"ARIMA(1, 0, 0)",-0.00641923,-9.961e-05,0.00370666,0.0,2025-W15
adj_close.csv,ARIMA,IEF,0.0027944,0.00952783,0.0031086,0.0027944,0.00952783,0.0031086,"ARIMA(1, 0, 0)",0.0031086,0.0003142,-0.00641923,0.0,2025-W16
adj_close.csv,ARIMA,IEF,0.0013192,0.00199214,0.00111646,0.0013192,0.00199214,0.00111646,"ARIMA(1, 0, 0)",0.00111646,-0.00020273,0.0031086,0.0,2025-W17
adj_close.csv,ARIMA,IEF,0.00035284,0.001538,0.00042154,0.00035284,0.001538,0.00042154,"ARIMA(1, 0, 0)",-0.00042154,-6.87e-05,0.00111646,0.0,2025-W18
adj_close.csv,ARIMA,IEF,0.00076664,0.00031902,0.00074055,0.00076664,0.00031902,0.00074055,"ARIMA(1, 0, 0)",-0.00074055,2.609e-05,-0.00042154,0.0,2025-W19
adj_close.csv,ARIMA,IEF,0.00085275,6.658e-05,0.00080713,0.00085275,6.658e-05,0.00080713,"ARIMA(1, 0, 0)",-0.00080713,4.561e-05,-0.00074055,0.0,2025-W20
adj_close.csv,ARIMA,IEF,0.00047534,0.00038105,0.00042608,0.00047534,0.00038105,0.00042608,"ARIMA(1, 0, 0)",-0.00042608,4.926e-05,-0.00080713,0.0,2025-W21
adj_close.csv,ARIMA,IEF,0.00209789,0.00254983,0.00212375,0.00209789,0.00254983,0.00212375,"ARIMA(1, 0, 0)",0.00212375,2.586e-05,-0.00042608,0.0,2025-W22
adj_close.csv,ARIMA,IEF,0.0014671,0.00372143,0.00159768,0.0014671,0.00372143,0.00159768,"ARIMA(1, 0, 0)",-0.00159768,-0.00013058,0.00212375,0.0,2025-W23
adj_close.csv,ARIMA,IEF,0.00155867,0.00325903,0.00166135,0.00155867,0.00325903,0.00166135,"ARIMA(1, 0, 0)",0.00166135,0.00010268,-0.00159768,0.0,2025-W24
adj_close.csv,ARIMA,IEF,0.00093106,0.00084075,0.0008206,0.00093106,0.00084075,0.0008206,"ARIMA(1, 0, 0)",0.0008206,-0.00011046,0.00166135,0.0,2025-W25
adj_close.csv,ARIMA,IEF,0.00171667,0.00084264,0.00166324,0.00171667,0.00084264,0.00166324,"ARIMA(1, 0, 0)",0.00166324,-5.343e-05,0.0008206,0.0,2025-W26
adj_close.csv,ARIMA,IEF,0.00075816,0.00252761,0.00086437,0.00075816,0.00252761,0.00086437,"ARIMA(1, 0, 0)",-0.00086437,-0.00010621,0.00166324,0.0,2025-W27
adj_close.csv,ARIMA,IEF,0.00098697,6.643e-05,0.0009308,0.00098697,6.643e-05,0.0009308,"ARIMA(1, 0, 0)",-0.0009308,5.616e-05,-0.00086437,0.0,2025-W28
adj_close.csv,ARIMA,IEF,0.00010977,0.00110035,0.00016954,0.00010977,0.00110035,0.00016954,"ARIMA(1, 0, 0)",0.00016954,5.978e-05,-0.0009308,0.0,2025-W29
adj_close.csv,ARIMA,IEF,0.00072995,0.0005495,0.00071905,0.00072995,0.0005495,0.00071905,"ARIMA(1, 0, 0)",0.00071905,-1.09e-05,0.00016954,0.0,2025-W30
adj_close.csv,ARIMA,IEF,0.00267304,0.00190783,0.00262687,0.00267304,0.00190783,0.00262687,"ARIMA(1, 0, 0)",0.00262687,-4.616e-05,0.00071905,0.0,2025-W31
adj_close.csv,ARIMA,IEF,0.00046391,0.00325497,0.0006281,0.00046391,0.00325497,0.0006281,"ARIMA(1, 0, 0)",-0.0006281,-0.00016419,0.00262687,0.0,2025-W32
adj_close.csv,ARIMA,IEF,0.00035467,0.00031336,0.00031474,0.00035467,0.00031336,0.00031474,"ARIMA(1, 0, 0)",-0.00031474,3.993e-05,-0.0006281,0.0,2025-W33
adj_close.csv,ARIMA,IEF,0.00111093,0.00144562,0.00113088,0.00111093,0.00144562,0.00113088,"ARIMA(1, 0, 0)",0.00113088,1.995e-05,-0.00031474,0.0,2025-W34
adj_close.csv,ARIMA,IEF,0.00086402,0.00033889,0.00079199,0.00086402,0.00033889,0.00079199,"ARIMA(1, 0, 0)",0.00079199,-7.202e-05,0.00113088,0.0,2025-W35
adj_close.csv,ARIMA,IEF,0.00250023,0.00165848,0.00245047,0.00250023,0.00165848,0.00245047,"ARIMA(1, 0, 0)",0.00245047,-4.976e-05,0.00079199,0.0,2025-W36
adj_close.csv,ARIMA,IEF,0.00056261,0.00203757,0.00041291,0.00056261,0.00203757,0.00041291,"ARIMA(1, 0, 0)",0.00041291,-0.0001497,0.00245047,0.0,2025-W37
adj_close.csv,ARIMA,IEF,0.00069839,0.00113602,0.00072312,0.00069839,0.00113602,0.00072312,"ARIMA(1, 0, 0)",-0.00072312,-2.473e-05,0.00041291,0.0,2025-W38
adj_close.csv,ARIMA,IEF,0.00089387,0.00012726,0.00085038,0.00089387,0.00012726,0.00085038,"ARIMA(1, 0, 0)",-0.00085038,4.349e-05,-0.00072312,0.0,2025-W39
adj_close.csv,ARIMA,IEF,0.00093362,0.00183466,0.00098428,0.00093362,0.00183466,0.00098428,"ARIMA(1, 0, 0)",0.00098428,5.066e-05,-0.00085038,0.0,2025-W40
adj_close.csv,ARIMA,IEF,0.00111464,7.104e-05,0.00105532,0.00111464,7.104e-05,0.00105532,"ARIMA(1, 0, 0)",0.00105532,-5.932e-05,0.00098428,0.0,2025-W41
adj_close.csv,ARIMA,IEF,0.00105075,6.716e-05,0.00098816,0.00105075,6.716e-05,0.00098816,"ARIMA(1, 0, 0)",0.00098816,-6.259e-05,0.00105532,0.0,2025-W42
adj_close.csv,ARIMA,IEF,0.0002629,0.00078291,0.00020525,0.0002629,0.00078291,0.00020525,"ARIMA(1, 0, 0)",0.00020525,-5.766e-05,0.00098816,0.0,2025-W43
adj_close.csv,ARIMA,IEF,0.00130535,0.00152253,0.00131728,0.00130535,0.00152253,0.00131728,"ARIMA(1, 0, 0)",-0.00131728,-1.193e-05,0.00020525,0.0,2025-W44
adj_close.csv,ARIMA,IEF,0.00022123,0.00161538,0.0002981,0.00022123,0.00161538,0.0002981,"ARIMA(1, 0, 0)",0.0002981,7.687e-05,-0.00131728,0.0,2025-W45
adj_close.csv,ARIMA,IEF,0.00050032,0.00081589,0.00051779,0.00050032,0.00081589,0.00051779,"ARIMA(1, 0, 0)",-0.00051779,-1.747e-05,0.0002981,0.0,2025-W46
adj_close.csv,ARIMA,IEF,0.00151895,0.00206715,0.00154936,0.00151895,0.00206715,0.00154936,"ARIMA(1, 0, 0)",0.00154936,3.041e-05,-0.00051779,0.0,2025-W47
adj_close.csv,ARIMA,IEF,0.00088819,0.00075323,0.00079613,0.00088819,0.00075323,0.00079613,"ARIMA(1, 0, 0)",0.00079613,-9.206e-05,0.00154936,0.0,2025-W48
adj_close.csv,ARIMA,IEF,0.00148606,0.00232855,0.00153242,0.00148606,0.00232855,0.00153242,"ARIMA(1, 0, 0)",-0.00153242,-4.636e-05,0.00079613,0.0,2025-W49
adj_close.csv,ARIMA,IEF,0.00067213,0.00095109,0.00058133,0.00067213,0.00095109,0.00058133,"ARIMA(1, 0, 0)",-0.00058133,9.08e-05,-0.00153242,0.0,2025-W50
adj_close.csv,ARIMA,IEF,0.00071793,0.00133319,0.00075186,0.00071793,0.00133319,0.00075186,"ARIMA(1, 0, 0)",0.00075186,3.393e-05,-0.00058133,0.0,2025-W51
adj_close.csv,ARIMA,IEF,0.00056316,0.00023285,0.00051901,0.00056316,0.00023285,0.00051901,"ARIMA(1, 0, 0)",0.00051901,-4.415e-05,0.00075186,0.0,2025-W52
adj_close.csv,ARIMA,IEF,0.00090468,0.00145398,0.00093497,0.00090468,0.00145398,0.00093497,"ARIMA(1, 0, 0)",-0.00093497,-3.029e-05,0.00051901,0.0,2026-W01
adj_close.csv,ARIMA,IEF,0.00040249,0.0013924,0.00045743,0.00040249,0.0013924,0.00045743,"ARIMA(1, 0, 0)",0.00045743,5.494e-05,-0.00093497,0.0,2026-W02
adj_close.csv,ARIMA,IEF,0.00074289,0.00122735,0.00076992,0.00074289,0.00122735,0.00076992,"ARIMA(1, 0, 0)",-0.00076992,-2.703e-05,0.00045743,0.0,2026-W03
adj_close.csv,ARIMA,IEF,6.39e-06,0.00082202,5.211e-05,6.39e-06,0.00082202,5.211e-05,"ARIMA(1, 0, 0)",5.211e-05,4.572e-05,-0.00076992,0.0,2026-W04
adj_close.csv,ARIMA,IEF,1.774e-05,7.294e-05,2.083e-05,1.774e-05,7.294e-05,2.083e-05,"ARIMA(1, 0, 0)",-2.083e-05,-3.09e-06,5.211e-05,0.0,2026-W05
adj_close.csv,ARIMA,IEF,0.00522646,0.00520438,0.00522522,0.00522646,0.00520438,0.00522522,"ARIMA(1, 0, 0)",-0.00522522,1.24e-06,-2.083e-05,0.0,2026-W06
adj_close.csv,ARIMA,IJR,0.00727702,0.00266311,0.0069655,0.00727702,0.00266311,0.0069655,"ARIMA(1, 0, 0)",0.0069655,-0.00031152,0.00430239,0.0,2024-W30
adj_close.csv,ARIMA,IJR,0.01113811,0.01857512,0.01160962,0.01113811,0.01857512,0.01160962,"ARIMA(1, 0, 0)",-0.01160962,-0.00047151,0.0069655,0.0,2024-W31
adj_close.csv,ARIMA,IJR,0.00276519,0.00976497,0.00184465,0.00276519,0.00976497,0.00184465,"ARIMA(1, 0, 0)",-0.00184465,0.00092054,-0.01160962,0.0,2024-W32
adj_close.csv,ARIMA,IJR,0.0050808,0.00706303,0.00521838,0.0050808,0.00706303,0.00521838,"ARIMA(1, 0, 0)",0.00521838,0.00013759,-0.00184465,0.0,2024-W33
adj_close.csv,ARIMA,IJR,0.00642891,0.00081414,0.00603252,0.00642891,0.00081414,0.00603252,"ARIMA(1, 0, 0)",0.00603252,-0.00039638,0.00521838,0.0,2024-W34
adj_close.csv,ARIMA,IJR,0.00051456,0.00594666,8.586e-05,0.00051456,0.00594666,8.586e-05,"ARIMA(1, 0, 0)",8.586e-05,-0.0004287,0.00603252,0.0,2024-W35
adj_close.csv,ARIMA,IJR,0.01325812,0.01335004,0.01326418,0.01325812,0.01335004,0.01326418,"ARIMA(1, 0, 0)",-0.01326418,-6.06e-06,8.586e-05,0.0,2024-W36
adj_close.csv,ARIMA,IJR,0.00594706,0.02015007,0.00688589,0.00594706,0.02015007,0.00688589,"ARIMA(1, 0, 0)",0.00688589,0.00093883,-0.01326418,0.0,2024-W37
adj_close.csv,ARIMA,IJR,0.00506072,0.00238942,0.00449648,0.00506072,0.00238942,0.00449648,"ARIMA(1, 0, 0)",0.00449648,-0.00056424,0.00688589,0.0,2024-W38
adj_close.csv,ARIMA,IJR,0.00056088,0.00428202,0.00021445,0.00056088,0.00428202,0.00021445,"ARIMA(1, 0, 0)",0.00021445,-0.00034643,0.00449648,0.0,2024-W39
adj_close.csv,ARIMA,IJR,0.00132641,0.00155732,0.00134286,0.00132641,0.00155732,0.00134286,"ARIMA(1, 0, 0)",-0.00134286,-1.645e-05,0.00021445,0.0,2024-W40
adj_close.csv,ARIMA,IJR,0.00062117,0.00206707,0.00072421,0.00062117,0.00206707,0.00072421,"ARIMA(1, 0, 0)",0.00072421,0.00010304,-0.00134286,0.0,2024-W41
adj_close.csv,ARIMA,IJR,0.0033841,0.00260423,0.00332844,0.0033841,0.00260423,0.00332844,"ARIMA(1, 0, 0)",0.00332844,-5.565e-05,0.00072421,0.0,2024-W42
adj_close.csv,ARIMA,IJR,0.00607381,0.0096569,0.00632845,0.00607381,0.0096569,0.00632845,"ARIMA(1, 0, 0)",-0.00632845,-0.00025464,0.00332844,0.0,2024-W43
adj_close.csv,ARIMA,IJR,0.00081677,0.00601373,0.00031473,0.00081677,0.00601373,0.00031473,"ARIMA(1, 0, 0)",-0.00031473,0.00050205,-0.00632845,0.0,2024-W44
adj_close.csv,ARIMA,IJR,0.01668655,0.01702602,0.01671129,0.01668655,0.01702602,0.01671129,"ARIMA(1, 0, 0)",0.01671129,2.474e-05,-0.00031473,0.0,2024-W45
adj_close.csv,ARIMA,IJR,0.00475346,0.02279068,0.00607939,0.00475346,0.02279068,0.00607939,"ARIMA(1, 0, 0)",-0.00607939,-0.00132593,0.01671129,0.0,2024-W46
adj_close.csv,ARIMA,IJR,0.00681597,0.01344239,0.007363,0.00681597,0.01344239,0.007363,"ARIMA(1, 0, 0)",0.007363,0.00054703,-0.00607939,0.0,2024-W47
adj_close.csv,ARIMA,IJR,0.00364463,0.00442156,0.00294144,0.00364463,0.00442156,0.00294144,"ARIMA(1, 0, 0)",0.00294144,-0.00070319,0.007363,0.0,2024-W48
adj_close.csv,ARIMA,IJR,0.00293216,0.00614407,0.00320263,0.00293216,0.00614407,0.00320263,"ARIMA(1, 0, 0)",-0.00320263,-0.00027047,0.00294144,0.0,2024-W49
adj_close.csv,ARIMA,IJR,0.00303114,0.00046963,0.002733,0.00303114,0.00046963,0.002733,"ARIMA(1, 0, 0)",-0.002733,0.00029814,-0.00320263,0.0,2024-W50
adj_close.csv,ARIMA,IJR,0.01013153,0.00714761,0.00988061,0.01013153,0.00714761,0.00988061,"ARIMA(1, 0, 0)",-0.00988061,0.00025092,-0.002733,0.0,2024-W51
adj_close.csv,ARIMA,IJR,0.00093584,0.00981586,6.475e-05,0.00093584,0.00981586,6.475e-05,"ARIMA(1, 0, 0)",-6.475e-05,0.00087108,-0.00988061,0.0,2024-W52
adj_close.csv,ARIMA,IJR,0.00092098,0.00099136,0.00092661,0.00092098,0.00099136,0.00092661,"ARIMA(1, 0, 0)",0.00092661,5.63e-06,-6.475e-05,0.0,2025-W01
adj_close.csv,ARIMA,IJR,0.00678828,0.00779547,0.00686886,0.00678828,0.00779547,0.00686886,"ARIMA(1, 0, 0)",-0.00686886,-8.058e-05,0.00092661,0.0,2025-W02
adj_close.csv,ARIMA,IJR,0.00789789,0.01536973,0.00850086,0.00789789,0.01536973,0.00850086,"ARIMA(1, 0, 0)",0.00850086,0.00060297,-0.00686886,0.0,2025-W03
adj_close.csv,ARIMA,IJR,0.00308382,0.00622293,0.00227793,0.00308382,0.00622293,0.00227793,"ARIMA(1, 0, 0)",0.00227793,-0.00080589,0.00850086,0.0,2025-W04
adj_close.csv,ARIMA,IJR,0.00085271,0.00333893,0.001061,0.00085271,0.00333893,0.001061,"ARIMA(1, 0, 0)",-0.001061,-0.0002083,0.00227793,0.0,2025-W05
adj_close.csv,ARIMA,IJR,0.00228756,0.00112927,0.00219027,0.00228756,0.00112927,0.00219027,"ARIMA(1, 0, 0)",-0.00219027,9.728e-05,-0.001061,0.0,2025-W06
adj_close.csv,ARIMA,IJR,0.00030262,0.0020878,0.00010248,0.00030262,0.0020878,0.00010248,"ARIMA(1, 0, 0)",-0.00010248,0.00020015,-0.00219027,0.0,2025-W07
adj_close.csv,ARIMA,IJR,0.00898662,0.00887479,0.00897726,0.00898662,0.00887479,0.00897726,"ARIMA(1, 0, 0)",-0.00897726,9.36e-06,-0.00010248,0.0,2025-W08
adj_close.csv,ARIMA,IJR,0.00290083,0.00689495,0.00208231,0.00290083,0.00689495,0.00208231,"ARIMA(1, 0, 0)",-0.00208231,0.00081852,-0.00897726,0.0,2025-W09
adj_close.csv,ARIMA,IJR,0.00743334,0.00516803,0.00725035,0.00743334,0.00516803,0.00725035,"ARIMA(1, 0, 0)",-0.00725035,0.00018299,-0.00208231,0.0,2025-W10
adj_close.csv,ARIMA,IJR,0.00590494,0.00196835,0.005282,0.00590494,0.00196835,0.005282,"ARIMA(1, 0, 0)",-0.005282,0.00062294,-0.00725035,0.0,2025-W11
adj_close.csv,ARIMA,IJR,0.00088781,0.00659519,0.00131319,0.00088781,0.00659519,0.00131319,"ARIMA(1, 0, 0)",0.00131319,0.00042538,-0.005282,0.0,2025-W12
adj_close.csv,ARIMA,IJR,0.00249167,0.00391139,0.0025982,0.00249167,0.00391139,0.0025982,"ARIMA(1, 0, 0)",-0.0025982,-0.00010653,0.00131319,0.0,2025-W13
adj_close.csv,ARIMA,IJR,0.01911434,0.01630431,0.01890251,0.01911434,0.01630431,0.01890251,"ARIMA(1, 0, 0)",-0.01890251,0.00021184,-0.0025982,0.0,2025-W14
adj_close.csv,ARIMA,IJR,0.00021816,0.0205443,0.0016418,0.00021816,0.0205443,0.0016418,"ARIMA(1, 0, 0)",0.0016418,0.00142363,-0.01890251,0.0,2025-W15
adj_close.csv,ARIMA,IJR,0.00244568,0.00067942,0.00232122,0.00244568,0.00067942,0.00232122,"ARIMA(1, 0, 0)",0.00232122,-0.00012446,0.0016418,0.0,2025-W16
adj_close.csv,ARIMA,IJR,0.00739494,0.00489887,0.00722009,0.00739494,0.00489887,0.00722009,"ARIMA(1, 0, 0)",0.00722009,-0.00017485,0.00232122,0.0,2025-W17
adj_close.csv,ARIMA,IJR,0.0068193,0.00092982,0.00629027,0.0068193,0.00092982,0.00629027,"ARIMA(1, 0, 0)",0.00629027,-0.00052904,0.00722009,0.0,2025-W18
adj_close.csv,ARIMA,IJR,0.00156612,0.0051482,0.00114206,0.00156612,0.0051482,0.00114206,"ARIMA(1, 0, 0)",0.00114206,-0.00042406,0.00629027,0.0,2025-W19
adj_close.csv,ARIMA,IJR,0.00926116,0.00804344,0.0091855,0.00926116,0.00804344,0.0091855,"ARIMA(1, 0, 0)",0.0091855,-7.566e-05,0.00114206,0.0,2025-W20
adj_close.csv,ARIMA,IJR,0.00787562,0.01765814,0.00847264,0.00787562,0.01765814,0.00847264,"ARIMA(1, 0, 0)",-0.00847264,-0.00059702,0.0091855,0.0,2025-W21
adj_close.csv,ARIMA,IJR,0.00267328,0.01176846,0.00329582,0.00267328,0.01176846,0.00329582,"ARIMA(1, 0, 0)",0.00329582,0.00062254,-0.00847264,0.0,2025-W22
adj_close.csv,ARIMA,IJR,0.00456942,0.00102276,0.00431858,0.00456942,0.00102276,0.00431858,"ARIMA(1, 0, 0)",0.00431858,-0.00025084,0.00329582,0.0,2025-W23
adj_close.csv,ARIMA,IJR,0.00223999,0.0068797,0.00256113,0.00223999,0.0068797,0.00256113,"ARIMA(1, 0, 0)",-0.00256113,-0.00032113,0.00431858,0.0,2025-W24
adj_close.csv,ARIMA,IJR,0.00034429,0.00309873,0.00053761,0.00034429,0.00309873,0.00053761,"ARIMA(1, 0, 0)",0.00053761,0.00019332,-0.00256113,0.0,2025-W25
adj_close.csv,ARIMA,IJR,0.00625548,0.00567723,0.00621484,0.00625548,0.00567723,0.00621484,"ARIMA(1, 0, 0)",0.00621484,-4.063e-05,0.00053761,0.0,2025-W26
adj_close.csv,ARIMA,IJR,0.00853292,0.00185075,0.00806559,0.00853292,0.00185075,0.00806559,"ARIMA(1, 0, 0)",0.00806559,-0.00046732,0.00621484,0.0,2025-W27
adj_close.csv,ARIMA,IJR,9.682e-05,0.00852597,0.00046038,9.682e-05,0.00852597,0.00046038,"ARIMA(1, 0, 0)",-0.00046038,-0.0005572,0.00806559,0.0,2025-W28
adj_close.csv,ARIMA,IJR,0.00172298,0.00123084,0.00169122,0.00172298,0.00123084,0.00169122,"ARIMA(1, 0, 0)",-0.00169122,3.176e-05,-0.00046038,0.0,2025-W29
adj_close.csv,ARIMA,IJR,0.00173417,0.00354192,0.0018507,0.00173417,0.00354192,0.0018507,"ARIMA(1, 0, 0)",0.0018507,0.00011653,-0.00169122,0.0,2025-W30
adj_close.csv,ARIMA,IJR,0.0079138,0.00989264,0.00804194,0.0079138,0.00989264,0.00804194,"ARIMA(1, 0, 0)",-0.00804194,-0.00012814,0.0018507,0.0,2025-W31
adj_close.csv,ARIMA,IJR,0.00386119,0.0124734,0.00443147,0.00386119,0.0124734,0.00443147,"ARIMA(1, 0, 0)",0.00443147,0.00057027,-0.00804194,0.0,2025-W32
adj_close.csv,ARIMA,IJR,0.00663225,0.00187092,0.00630239,0.00663225,0.00187092,0.00630239,"ARIMA(1, 0, 0)",0.00630239,-0.00032986,0.00443147,0.0,2025-W33
adj_close.csv,ARIMA,IJR,0.00742062,0.00067008,0.00697246,0.00742062,0.00067008,0.00697246,"ARIMA(1, 0, 0)",0.00697246,-0.00044815,0.00630239,0.0,2025-W34
adj_close.csv,ARIMA,IJR,0.00031884,0.00775035,0.00077789,0.00031884,0.00775035,0.00077789,"ARIMA(1, 0, 0)",-0.00077789,-0.00045905,0.00697246,0.0,2025-W35
adj_close.csv,ARIMA,IJR,0.00224653,0.00307583,0.00229794,0.00224653,0.00307583,0.00229794,"ARIMA(1, 0, 0)",0.00229794,5.141e-05,-0.00077789,0.0,2025-W36
adj_close.csv,ARIMA,IJR,0.00097568,0.00342594,0.001128,0.00097568,0.00342594,0.001128,"ARIMA(1, 0, 0)",-0.001128,-0.00015231,0.00229794,0.0,2025-W37
adj_close.csv,ARIMA,IJR,0.00202141,0.00322446,0.00209646,0.00202141,0.00322446,0.00209646,"ARIMA(1, 0, 0)",0.00209646,7.505e-05,-0.001128,0.0,2025-W38
adj_close.csv,ARIMA,IJR,0.00118922,0.0034257,0.00132924,0.00118922,0.0034257,0.00132924,"ARIMA(1, 0, 0)",-0.00132924,-0.00014002,0.00209646,0.0,2025-W39
adj_close.csv,ARIMA,IJR,0.00261053,0.00402892,0.00269968,0.00261053,0.00402892,0.00269968,"ARIMA(1, 0, 0)",0.00269968,8.915e-05,-0.00132924,0.0,2025-W40
adj_close.csv,ARIMA,IJR,0.00973672,0.01261851,0.00991883,0.00973672,0.01261851,0.00991883,"ARIMA(1, 0, 0)",-0.00991883,-0.00018211,0.00269968,0.0,2025-W41
adj_close.csv,ARIMA,IJR,0.00502974,0.01564681,0.00572798,0.00502974,0.01564681,0.00572798,"ARIMA(1, 0, 0)",0.00572798,0.00069825,-0.00991883,0.0,2025-W42
adj_close.csv,ARIMA,IJR,0.00638343,0.00022061,0.00594859,0.00638343,0.00022061,0.00594859,"ARIMA(1, 0, 0)",0.00594859,-0.00043484,0.00572798,0.0,2025-W43
adj_close.csv,ARIMA,IJR,0.00516411,0.01154031,0.00559172,0.00516411,0.01154031,0.00559172,"ARIMA(1, 0, 0)",-0.00559172,-0.00042761,0.00594859,0.0,2025-W44
adj_close.csv,ARIMA,IJR,0.00016632,0.00584622,0.0002545,0.00016632,0.00584622,0.0002545,"ARIMA(1, 0, 0)",0.0002545,0.00042082,-0.00559172,0.0,2025-W45
adj_close.csv,ARIMA,IJR,0.00185481,0.00212844,0.00187394,0.00185481,0.00212844,0.00187394,"ARIMA(1, 0, 0)",-0.00187394,-1.913e-05,0.0002545,0.0,2025-W46
adj_close.csv,ARIMA,IJR,0.00232656,0.00031169,0.00218563,0.00232656,0.00031169,0.00218563,"ARIMA(1, 0, 0)",-0.00218563,0.00014093,-0.00187394,0.0,2025-W47
adj_close.csv,ARIMA,IJR,0.01102485,0.01337381,0.01118818,0.01102485,0.01337381,0.01118818,"ARIMA(1, 0, 0)",0.01118818,0.00016333,-0.00218563,0.0,2025-W48
adj_close.csv,ARIMA,IJR,0.00211916,0.00993458,0.0012536,0.00211916,0.00993458,0.0012536,"ARIMA(1, 0, 0)",0.0012536,-0.00086556,0.01118818,0.0,2025-W49
adj_close.csv,ARIMA,IJR,0.00414682,0.00279945,0.00405305,0.00414682,0.00279945,0.00405305,"ARIMA(1, 0, 0)",0.00405305,-9.378e-05,0.0012536,0.0,2025-W50
adj_close.csv,ARIMA,IJR,0.00159584,0.00594981,0.00189677,0.00159584,0.00594981,0.00189677,"ARIMA(1, 0, 0)",-0.00189677,-0.00030093,0.00405305,0.0,2025-W51
adj_close.csv,ARIMA,IJR,0.00138529,0.0034242,0.00152744,0.00138529,0.0034242,0.00152744,"ARIMA(1, 0, 0)",0.00152744,0.00014215,-0.00189677,0.0,2025-W52
adj_close.csv,ARIMA,IJR,0.00348433,0.00512667,0.00359923,0.00348433,0.00512667,0.00359923,"ARIMA(1, 0, 0)",-0.00359923,-0.0001149,0.00152744,0.0,2026-W01
adj_close.csv,ARIMA,IJR,0.00788037,0.01175242,0.00815319,0.00788037,0.01175242,0.00815319,"ARIMA(1, 0, 0)",0.00815319,0.00027282,-0.00359923,0.0,2026-W02
adj_close.csv,ARIMA,IJR,0.00409335,0.00470267,0.00345052,0.00409335,0.00470267,0.00345052,"ARIMA(1, 0, 0)",0.00345052,-0.00064283,0.00815319,0.0,2026-W03
adj_close.csv,ARIMA,IJR,0.00077252,0.00448281,0.00103229,0.00077252,0.00448281,0.00103229,"ARIMA(1, 0, 0)",-0.00103229,-0.00025977,0.00345052,0.0,2026-W04
adj_close.csv,ARIMA,IJR,0.00173998,0.00062968,0.00166197,0.00173998,0.00062968,0.00166197,"ARIMA(1, 0, 0)",-0.00166197,7.801e-05,-0.00103229,0.0,2026-W05
adj_close.csv,ARIMA,IJR,0.01021241,0.01199965,0.01033769,0.01021241,0.01199965,0.01033769,"ARIMA(1, 0, 0)",0.01033769,0.00012528,-0.00166197,0.0,2026-W06
adj_close.csv,ARIMA,INDA,0.00248236,0.00540907,0.00226551,0.00248236,0.00540907,0.00226551,"ARIMA(2, 0, 0)",0.00226551,-0.00021685,-0.00314356,0.0,2024-W30
adj_close.csv,ARIMA,INDA,0.00244529,0.00424642,0.00198091,0.00244529,0.00424642,0.00198091,"ARIMA(2, 0, 0)",-0.00198091,0.00046438,0.00226551,0.0,2024-W31
adj_close.csv,ARIMA,INDA,0.00135162,0.00030309,0.00167782,0.00135162,0.00030309,0.00167782,"ARIMA(2, 0, 0)",-0.00167782,-0.0003262,-0.00198091,0.0,2024-W32
adj_close.csv,ARIMA,INDA,0.00177057,0.00374631,0.00206849,0.00177057,0.00374631,0.00206849,"ARIMA(2, 0, 0)",0.00206849,0.00029792,-0.00167782,0.0,2024-W33
adj_close.csv,ARIMA,INDA,0.00226113,0.00043486,0.00250335,0.00226113,0.00043486,0.00250335,"ARIMA(2, 0, 0)",0.00250335,0.00024222,0.00206849,0.0,2024-W34
adj_close.csv,ARIMA,INDA,0.0025462,0.00027336,0.00222999,0.0025462,0.00027336,0.00222999,"ARIMA(2, 0, 0)",0.00222999,-0.00031621,0.00250335,0.0,2024-W35
adj_close.csv,ARIMA,INDA,0.00492337,0.00752653,0.00529655,0.00492337,0.00752653,0.00529655,"ARIMA(2, 0, 0)",-0.00529655,-0.00037317,0.00222999,0.0,2024-W36
adj_close.csv,ARIMA,INDA,0.00500626,0.00998372,0.00468717,0.00500626,0.00998372,0.00468717,"ARIMA(2, 0, 0)",0.00468717,-0.00031909,-0.00529655,0.0,2024-W37
adj_close.csv,ARIMA,INDA,0.00231603,0.00163367,0.0030535,0.00231603,0.00163367,0.0030535,"ARIMA(2, 0, 0)",0.0030535,0.00073747,0.00468717,0.0,2024-W38
adj_close.csv,ARIMA,INDA,0.00206127,0.00173,0.0013235,0.00206127,0.00173,0.0013235,"ARIMA(2, 0, 0)",0.0013235,-0.00073777,0.0030535,0.0,2024-W39
adj_close.csv,ARIMA,INDA,0.00652186,0.00831037,0.00698687,0.00652186,0.00831037,0.00698687,"ARIMA(2, 0, 0)",-0.00698687,-0.00046501,0.0013235,0.0,2024-W40
adj_close.csv,ARIMA,INDA,0.00045924,0.00730187,0.000315,0.00045924,0.00730187,0.000315,"ARIMA(2, 0, 0)",0.000315,-0.00014424,-0.00698687,0.0,2024-W41
adj_close.csv,ARIMA,INDA,0.00329364,0.0025304,0.0022154,0.00329364,0.0025304,0.0022154,"ARIMA(2, 0, 0)",-0.0022154,0.00107824,0.000315,0.0,2024-W42
adj_close.csv,ARIMA,INDA,0.00662587,0.00443572,0.00665112,0.00662587,0.00443572,0.00665112,"ARIMA(2, 0, 0)",-0.00665112,-2.525e-05,-0.0022154,0.0,2024-W43
adj_close.csv,ARIMA,INDA,0.00017838,0.00719872,0.00054761,0.00017838,0.00719872,0.00054761,"ARIMA(2, 0, 0)",0.00054761,0.00036923,-0.00665112,0.0,2024-W44
adj_close.csv,ARIMA,INDA,0.00282081,0.00237879,0.00183119,0.00282081,0.00237879,0.00183119,"ARIMA(2, 0, 0)",-0.00183119,0.00098963,0.00054761,0.0,2024-W45
adj_close.csv,ARIMA,INDA,0.00492467,0.00316069,0.00499188,0.00492467,0.00316069,0.00499188,"ARIMA(2, 0, 0)",-0.00499188,-6.721e-05,-0.00183119,0.0,2024-W46
adj_close.csv,ARIMA,INDA,0.0042268,0.00950489,0.00451301,0.0042268,0.00950489,0.00451301,"ARIMA(2, 0, 0)",0.00451301,0.00028621,-0.00499188,0.0,2024-W47
adj_close.csv,ARIMA,INDA,0.00183177,0.0019903,0.00252272,0.00183177,0.0019903,0.00252272,"ARIMA(2, 0, 0)",0.00252272,0.00069094,0.00451301,0.0,2024-W48
adj_close.csv,ARIMA,INDA,0.00391693,0.00070054,0.00322326,0.00391693,0.00070054,0.00322326,"ARIMA(2, 0, 0)",0.00322326,-0.00069368,0.00252272,0.0,2024-W49
adj_close.csv,ARIMA,INDA,1.415e-05,0.00361882,0.00039557,1.415e-05,0.00361882,0.00039557,"ARIMA(2, 0, 0)",-0.00039557,-0.00038142,0.00322326,0.0,2024-W50
adj_close.csv,ARIMA,INDA,0.00594877,0.00601838,0.00641395,0.00594877,0.00601838,0.00641395,"ARIMA(2, 0, 0)",-0.00641395,-0.00046518,-0.00039557,0.0,2024-W51
adj_close.csv,ARIMA,INDA,0.00158933,0.00491188,0.00150207,0.00158933,0.00491188,0.00150207,"ARIMA(2, 0, 0)",-0.00150207,8.727e-05,-0.00641395,0.0,2024-W52
adj_close.csv,ARIMA,INDA,0.00030561,0.00277004,0.00126797,0.00030561,0.00277004,0.00126797,"ARIMA(2, 0, 0)",0.00126797,0.00096236,-0.00150207,0.0,2025-W01
adj_close.csv,ARIMA,INDA,0.01055164,0.01159646,0.01032849,0.01055164,0.01159646,0.01032849,"ARIMA(2, 0, 0)",-0.01032849,0.00022315,0.00126797,0.0,2025-W02
adj_close.csv,ARIMA,INDA,1.368e-05,0.0102113,0.00011719,1.368e-05,0.0102113,0.00011719,"ARIMA(2, 0, 0)",-0.00011719,-0.00013088,-0.01032849,0.0,2025-W03
adj_close.csv,ARIMA,INDA,0.00396447,0.00233717,0.00245437,0.00396447,0.00233717,0.00245437,"ARIMA(2, 0, 0)",-0.00245437,0.0015101,-0.00011719,0.0,2025-W04
adj_close.csv,ARIMA,INDA,0.00119122,0.00367401,0.00121964,0.00119122,0.00367401,0.00121964,"ARIMA(2, 0, 0)",0.00121964,2.842e-05,-0.00245437,0.0,2025-W05
adj_close.csv,ARIMA,INDA,0.00225823,0.00315089,0.00193125,0.00225823,0.00315089,0.00193125,"ARIMA(2, 0, 0)",-0.00193125,0.00032698,0.00121964,0.0,2025-W06
adj_close.csv,ARIMA,INDA,0.003485,0.00170558,0.00363683,0.003485,0.00170558,0.00363683,"ARIMA(2, 0, 0)",-0.00363683,-0.00015183,-0.00193125,0.0,2025-W07
adj_close.csv,ARIMA,INDA,0.00174604,0.00217054,0.00146628,0.00174604,0.00217054,0.00146628,"ARIMA(2, 0, 0)",-0.00146628,0.00027975,-0.00363683,0.0,2025-W08
adj_close.csv,ARIMA,INDA,0.00542387,0.0034621,0.00492838,0.00542387,0.0034621,0.00492838,"ARIMA(2, 0, 0)",-0.00492838,0.00049549,-0.00146628,0.0,2025-W09
adj_close.csv,ARIMA,INDA,0.00383718,0.00896229,0.0040339,0.00383718,0.00896229,0.0040339,"ARIMA(2, 0, 0)",0.0040339,0.00019672,-0.00492838,0.0,2025-W10
adj_close.csv,ARIMA,INDA,0.00131829,0.00472786,0.00069396,0.00131829,0.00472786,0.00069396,"ARIMA(2, 0, 0)",-0.00069396,0.00062434,0.0040339,0.0,2025-W11
adj_close.csv,ARIMA,INDA,0.01072264,0.01089741,0.01020345,0.01072264,0.01089741,0.01020345,"ARIMA(2, 0, 0)",0.01020345,-0.00051919,-0.00069396,0.0,2025-W12
adj_close.csv,ARIMA,INDA,0.00073193,0.01094312,0.00073967,0.00073193,0.01094312,0.00073967,"ARIMA(2, 0, 0)",-0.00073967,-7.74e-06,0.01020345,0.0,2025-W13
adj_close.csv,ARIMA,INDA,0.00711173,0.00758242,0.00832209,0.00711173,0.00758242,0.00832209,"ARIMA(2, 0, 0)",-0.00832209,-0.00121036,-0.00073967,0.0,2025-W14
adj_close.csv,ARIMA,INDA,0.0061021,0.01460575,0.00628366,0.0061021,0.01460575,0.00628366,"ARIMA(2, 0, 0)",0.00628366,0.00018156,-0.00832209,0.0,2025-W15
adj_close.csv,ARIMA,INDA,0.00627062,0.000997,0.00728065,0.00627062,0.000997,0.00728065,"ARIMA(2, 0, 0)",0.00728065,0.00101004,0.00628366,0.0,2025-W16
adj_close.csv,ARIMA,INDA,0.00327859,0.00503536,0.00224529,0.00327859,0.00503536,0.00224529,"ARIMA(2, 0, 0)",0.00224529,-0.0010333,0.00728065,0.0,2025-W17
adj_close.csv,ARIMA,INDA,0.0050421,0.00172637,0.00397166,0.0050421,0.00172637,0.00397166,"ARIMA(2, 0, 0)",0.00397166,-0.00107043,0.00224529,0.0,2025-W18
adj_close.csv,ARIMA,INDA,0.00539591,0.00969171,0.00572005,0.00539591,0.00969171,0.00572005,"ARIMA(2, 0, 0)",-0.00572005,-0.00032415,0.00397166,0.0,2025-W19
adj_close.csv,ARIMA,INDA,0.00898225,0.01420334,0.00848329,0.00898225,0.01420334,0.00848329,"ARIMA(2, 0, 0)",0.00848329,-0.00049896,-0.00572005,0.0,2025-W20
adj_close.csv,ARIMA,INDA,0.00086551,0.00877622,0.00029293,0.00086551,0.00877622,0.00029293,"ARIMA(2, 0, 0)",-0.00029293,0.00057259,0.00848329,0.0,2025-W21
adj_close.csv,ARIMA,INDA,0.00014148,0.00094686,0.00123979,0.00014148,0.00094686,0.00123979,"ARIMA(2, 0, 0)",-0.00123979,-0.0010983,-0.00029293,0.0,2025-W22
adj_close.csv,ARIMA,INDA,0.00213108,0.0034372,0.00219742,0.00213108,0.0034372,0.00219742,"ARIMA(2, 0, 0)",0.00219742,6.634e-05,-0.00123979,0.0,2025-W23
adj_close.csv,ARIMA,INDA,0.00330507,0.00539161,0.00319419,0.00330507,0.00539161,0.00319419,"ARIMA(2, 0, 0)",-0.00319419,0.00011088,0.00219742,0.0,2025-W24
adj_close.csv,ARIMA,INDA,0.00044272,0.00254568,0.00064851,0.00044272,0.00254568,0.00064851,"ARIMA(2, 0, 0)",-0.00064851,-0.00020579,-0.00319419,0.0,2025-W25
adj_close.csv,ARIMA,INDA,0.00671241,0.00779212,0.00714361,0.00671241,0.00779212,0.00714361,"ARIMA(2, 0, 0)",0.00714361,0.0004312,-0.00064851,0.0,2025-W26
adj_close.csv,ARIMA,INDA,0.00021754,0.00745709,0.00031348,0.00021754,0.00745709,0.00031348,"ARIMA(2, 0, 0)",-0.00031348,-9.594e-05,0.00714361,0.0,2025-W27
adj_close.csv,ARIMA,INDA,0.00233476,0.00297565,0.00328913,0.00233476,0.00297565,0.00328913,"ARIMA(2, 0, 0)",-0.00328913,-0.00095438,-0.00031348,0.0,2025-W28
adj_close.csv,ARIMA,INDA,0.00151838,0.00189947,0.00138966,0.00151838,0.00189947,0.00138966,"ARIMA(2, 0, 0)",-0.00138966,0.00012872,-0.00328913,0.0,2025-W29
adj_close.csv,ARIMA,INDA,0.00307465,0.00119579,0.00258545,0.00307465,0.00119579,0.00258545,"ARIMA(2, 0, 0)",-0.00258545,0.0004892,-0.00138966,0.0,2025-W30
adj_close.csv,ARIMA,INDA,0.00430636,0.00147026,0.00405571,0.00430636,0.00147026,0.00405571,"ARIMA(2, 0, 0)",-0.00405571,0.00025065,-0.00258545,0.0,2025-W31
adj_close.csv,ARIMA,INDA,0.00272396,0.00176647,0.00228924,0.00272396,0.00176647,0.00228924,"ARIMA(2, 0, 0)",-0.00228924,0.00043473,-0.00405571,0.0,2025-W32
adj_close.csv,ARIMA,INDA,0.00166838,0.00454052,0.00225129,0.00166838,0.00454052,0.00225129,"ARIMA(2, 0, 0)",0.00225129,0.00058291,-0.00228924,0.0,2025-W33
adj_close.csv,ARIMA,INDA,0.00301063,0.00102286,0.00327414,0.00301063,0.00102286,0.00327414,"ARIMA(2, 0, 0)",0.00327414,0.00026351,0.00225129,0.0,2025-W34
adj_close.csv,ARIMA,INDA,0.00569725,0.00933752,0.00606338,0.00569725,0.00933752,0.00606338,"ARIMA(2, 0, 0)",-0.00606338,-0.00036612,0.00327414,0.0,2025-W35
adj_close.csv,ARIMA,INDA,0.00271181,0.00845665,0.00239328,0.00271181,0.00845665,0.00239328,"ARIMA(2, 0, 0)",0.00239328,-0.00031853,-0.00606338,0.0,2025-W36
adj_close.csv,ARIMA,INDA,0.00176847,0.00014392,0.0025372,0.00176847,0.00014392,0.0025372,"ARIMA(2, 0, 0)",0.0025372,0.00076873,0.00239328,0.0,2025-W37
adj_close.csv,ARIMA,INDA,0.00334791,0.00041363,0.00295083,0.00334791,0.00041363,0.00295083,"ARIMA(2, 0, 0)",0.00295083,-0.00039707,0.0025372,0.0,2025-W38
adj_close.csv,ARIMA,INDA,0.00594899,0.00931731,0.00636648,0.00594899,0.00931731,0.00636648,"ARIMA(2, 0, 0)",-0.00636648,-0.00041749,0.00295083,0.0,2025-W39
adj_close.csv,ARIMA,INDA,0.0010072,0.00713057,0.00076409,0.0010072,0.00713057,0.00076409,"ARIMA(2, 0, 0)",0.00076409,-0.00024311,-0.00636648,0.0,2025-W40
adj_close.csv,ARIMA,INDA,0.00034532,0.00045241,0.0012165,0.00034532,0.00045241,0.0012165,"ARIMA(2, 0, 0)",0.0012165,0.00087118,0.00076409,0.0,2025-W41
adj_close.csv,ARIMA,INDA,0.00641008,0.0050515,0.006268,0.00641008,0.0050515,0.006268,"ARIMA(2, 0, 0)",0.006268,-0.00014208,0.0012165,0.0,2025-W42
adj_close.csv,ARIMA,INDA,0.00055752,0.00604775,0.00022026,0.00055752,0.00604775,0.00022026,"ARIMA(2, 0, 0)",0.00022026,-0.00033727,0.006268,0.0,2025-W43
adj_close.csv,ARIMA,INDA,0.00111125,0.00221141,0.00199116,0.00111125,0.00221141,0.00199116,"ARIMA(2, 0, 0)",-0.00199116,-0.00087991,0.00022026,0.0,2025-W44
adj_close.csv,ARIMA,INDA,0.00083778,0.00117422,0.00081694,0.00083778,0.00117422,0.00081694,"ARIMA(2, 0, 0)",-0.00081694,2.084e-05,-0.00199116,0.0,2025-W45
adj_close.csv,ARIMA,INDA,0.00290962,0.00402822,0.00321129,0.00290962,0.00402822,0.00321129,"ARIMA(2, 0, 0)",0.00321129,0.00030166,-0.00081694,0.0,2025-W46
adj_close.csv,ARIMA,INDA,0.00153883,0.00471823,0.00150694,0.00153883,0.00471823,0.00150694,"ARIMA(2, 0, 0)",-0.00150694,3.189e-05,0.00321129,0.0,2025-W47
adj_close.csv,ARIMA,INDA,0.00271,0.00380222,0.00229528,0.00271,0.00380222,0.00229528,"ARIMA(2, 0, 0)",0.00229528,-0.00041472,-0.00150694,0.0,2025-W48
adj_close.csv,ARIMA,INDA,0.00287037,0.00501891,0.00272363,0.00287037,0.00501891,0.00272363,"ARIMA(2, 0, 0)",-0.00272363,0.00014674,0.00229528,0.0,2025-W49
adj_close.csv,ARIMA,INDA,0.00286018,0.00037606,0.00309969,0.00286018,0.00037606,0.00309969,"ARIMA(2, 0, 0)",-0.00309969,-0.00023951,-0.00272363,0.0,2025-W50
adj_close.csv,ARIMA,INDA,0.00329631,0.0068653,0.00376561,0.00329631,0.0068653,0.00376561,"ARIMA(2, 0, 0)",0.00376561,0.00046931,-0.00309969,0.0,2025-W51
adj_close.csv,ARIMA,INDA,0.00176398,0.00520094,0.00143533,0.00176398,0.00520094,0.00143533,"ARIMA(2, 0, 0)",-0.00143533,0.00032865,0.00376561,0.0,2025-W52
adj_close.csv,ARIMA,INDA,0.00380864,0.00475642,0.00332109,0.00380864,0.00475642,0.00332109,"ARIMA(2, 0, 0)",0.00332109,-0.00048755,-0.00143533,0.0,2026-W01
adj_close.csv,ARIMA,INDA,0.00521474,0.00844482,0.00512373,0.00521474,0.00844482,0.00512373,"ARIMA(2, 0, 0)",-0.00512373,9.102e-05,0.00332109,0.0,2026-W02
adj_close.csv,ARIMA,INDA,0.00097426,0.00387879,0.00124494,0.00097426,0.00387879,0.00124494,"ARIMA(2, 0, 0)",-0.00124494,-0.00027069,-0.00512373,0.0,2026-W03
adj_close.csv,ARIMA,INDA,0.00848355,0.00648935,0.00773429,0.00848355,0.00648935,0.00773429,"ARIMA(2, 0, 0)",-0.00773429,0.00074926,-0.00124494,0.0,2026-W04
adj_close.csv,ARIMA,INDA,0.00153049,0.00967643,0.00194214,0.00153049,0.00967643,0.00194214,"ARIMA(2, 0, 0)",0.00194214,0.00041165,-0.00773429,0.0,2026-W05
adj_close.csv,ARIMA,INDA,0.02839837,0.02738765,0.02932979,0.02839837,0.02738765,0.02932979,"ARIMA(2, 0, 0)",0.02932979,0.00093142,0.00194214,0.0,2026-W06
adj_close.csv,ARIMA,ITOT,0.00126915,0.00229636,0.00099943,0.00126915,0.00229636,0.00099943,"ARIMA(1, 0, 0)",-0.00099943,0.00026973,-0.00329579,0.0,2024-W30
adj_close.csv,ARIMA,ITOT,0.00517137,0.00409111,0.00509054,0.00517137,0.00409111,0.00509054,"ARIMA(1, 0, 0)",-0.00509054,8.083e-05,-0.00099943,0.0,2024-W31
adj_close.csv,ARIMA,ITOT,0.00047416,0.00502201,6.853e-05,0.00047416,0.00502201,6.853e-05,"ARIMA(1, 0, 0)",-6.853e-05,0.00040563,-0.00509054,0.0,2024-W32
adj_close.csv,ARIMA,ITOT,0.0076429,0.00771685,0.00764832,0.0076429,0.00771685,0.00764832,"ARIMA(1, 0, 0)",0.00764832,5.42e-06,-6.853e-05,0.0,2024-W33
adj_close.csv,ARIMA,ITOT,0.00381273,0.00444171,0.00320661,0.00381273,0.00444171,0.00320661,"ARIMA(1, 0, 0)",0.00320661,-0.00060612,0.00764832,0.0,2024-W34
adj_close.csv,ARIMA,ITOT,0.0008002,0.00263938,0.00056723,0.0008002,0.00263938,0.00056723,"ARIMA(1, 0, 0)",0.00056723,-0.00023297,0.00320661,0.0,2024-W35
adj_close.csv,ARIMA,ITOT,0.01095989,0.011568,0.01100077,0.01095989,0.011568,0.01100077,"ARIMA(1, 0, 0)",-0.01100077,-4.088e-05,0.00056723,0.0,2024-W36
adj_close.csv,ARIMA,ITOT,0.00706772,0.01887678,0.00787602,0.00706772,0.01887678,0.00787602,"ARIMA(1, 0, 0)",0.00787602,0.0008083,-0.01100077,0.0,2024-W37
adj_close.csv,ARIMA,ITOT,0.00382682,0.00476242,0.00311359,0.00382682,0.00476242,0.00311359,"ARIMA(1, 0, 0)",0.00311359,-0.00071323,0.00787602,0.0,2024-W38
adj_close.csv,ARIMA,ITOT,0.00135714,0.00201807,0.00109552,0.00135714,0.00201807,0.00109552,"ARIMA(1, 0, 0)",0.00109552,-0.00026162,0.00311359,0.0,2024-W39
adj_close.csv,ARIMA,ITOT,0.00056986,0.00061671,0.00047881,0.00056986,0.00061671,0.00047881,"ARIMA(1, 0, 0)",0.00047881,-9.105e-05,0.00109552,0.0,2024-W40
adj_close.csv,ARIMA,ITOT,0.00236948,0.00185094,0.00232975,0.00236948,0.00185094,0.00232975,"ARIMA(1, 0, 0)",0.00232975,-3.973e-05,0.00047881,0.0,2024-W41
adj_close.csv,ARIMA,ITOT,0.0021215,0.00040099,0.00192875,0.0021215,0.00040099,0.00192875,"ARIMA(1, 0, 0)",0.00192875,-0.00019274,0.00232975,0.0,2024-W42
adj_close.csv,ARIMA,ITOT,0.00208662,0.00417288,0.00224413,0.00208662,0.00417288,0.00224413,"ARIMA(1, 0, 0)",-0.00224413,-0.00015751,0.00192875,0.0,2024-W43
adj_close.csv,ARIMA,ITOT,0.00253463,0.00010529,0.00234942,0.00253463,0.00010529,0.00234942,"ARIMA(1, 0, 0)",-0.00234942,0.00018521,-0.00224413,0.0,2024-W44
adj_close.csv,ARIMA,ITOT,0.00986715,0.01240759,0.01005817,0.00986715,0.01240759,0.01005817,"ARIMA(1, 0, 0)",0.01005817,0.00019102,-0.00234942,0.0,2024-W45
adj_close.csv,ARIMA,ITOT,0.00352273,0.01444888,0.00439071,0.00352273,0.01444888,0.00439071,"ARIMA(1, 0, 0)",-0.00439071,-0.00086798,0.01005817,0.0,2024-W46
adj_close.csv,ARIMA,ITOT,0.00388789,0.00869029,0.00429958,0.00388789,0.00869029,0.00429958,"ARIMA(1, 0, 0)",0.00429958,0.00041168,-0.00439071,0.0,2024-W47
adj_close.csv,ARIMA,ITOT,0.00315701,0.00156111,0.00273847,0.00315701,0.00156111,0.00273847,"ARIMA(1, 0, 0)",0.00273847,-0.00041854,0.00429958,0.0,2024-W48
adj_close.csv,ARIMA,ITOT,0.00202409,0.00097319,0.00176528,0.00202409,0.00097319,0.00176528,"ARIMA(1, 0, 0)",0.00176528,-0.0002588,0.00273847,0.0,2024-W49
adj_close.csv,ARIMA,ITOT,0.00161554,0.00354561,0.00178033,0.00161554,0.00354561,0.00178033,"ARIMA(1, 0, 0)",-0.00178033,-0.00016479,0.00176528,0.0,2024-W50
adj_close.csv,ARIMA,ITOT,0.00448748,0.0025399,0.00432022,0.00448748,0.0025399,0.00432022,"ARIMA(1, 0, 0)",-0.00432022,0.00016725,-0.00178033,0.0,2024-W51
adj_close.csv,ARIMA,ITOT,0.00096522,0.00568411,0.00136389,0.00096522,0.00568411,0.00136389,"ARIMA(1, 0, 0)",0.00136389,0.00039867,-0.00432022,0.0,2024-W52
adj_close.csv,ARIMA,ITOT,0.00073651,0.00222744,0.00086355,0.00073651,0.00222744,0.00086355,"ARIMA(1, 0, 0)",-0.00086355,-0.00012704,0.00136389,0.0,2025-W01
adj_close.csv,ARIMA,ITOT,0.00507048,0.00412632,0.00498986,0.00507048,0.00412632,0.00498986,"ARIMA(1, 0, 0)",-0.00498986,8.062e-05,-0.00086355,0.0,2025-W02
adj_close.csv,ARIMA,ITOT,0.00570255,0.0111537,0.00616384,0.00570255,0.0111537,0.00616384,"ARIMA(1, 0, 0)",0.00616384,0.00046129,-0.00498986,0.0,2025-W03
adj_close.csv,ARIMA,ITOT,0.00496052,0.00180934,0.0043545,0.00496052,0.00180934,0.0043545,"ARIMA(1, 0, 0)",0.0043545,-0.00060603,0.00616384,0.0,2025-W04
adj_close.csv,ARIMA,ITOT,0.00153705,0.0062924,0.0019379,0.00153705,0.0062924,0.0019379,"ARIMA(1, 0, 0)",-0.0019379,-0.00040086,0.0043545,0.0,2025-W05
adj_close.csv,ARIMA,ITOT,0.00054366,0.00157528,0.00036262,0.00054366,0.00157528,0.00036262,"ARIMA(1, 0, 0)",-0.00036262,0.00018104,-0.0019379,0.0,2025-W06
adj_close.csv,ARIMA,ITOT,0.00259533,0.00299175,0.00262913,0.00259533,0.00299175,0.00262913,"ARIMA(1, 0, 0)",0.00262913,3.38e-05,-0.00036262,0.0,2025-W07
adj_close.csv,ARIMA,ITOT,0.00472899,0.00760368,0.00497455,0.00472899,0.00760368,0.00497455,"ARIMA(1, 0, 0)",-0.00497455,-0.00024556,0.00262913,0.0,2025-W08
adj_close.csv,ARIMA,ITOT,0.00246633,0.00298543,0.00198912,0.00246633,0.00298543,0.00198912,"ARIMA(1, 0, 0)",-0.00198912,0.00047721,-0.00497455,0.0,2025-W09
adj_close.csv,ARIMA,ITOT,0.00692589,0.00475089,0.00674002,0.00692589,0.00475089,0.00674002,"ARIMA(1, 0, 0)",-0.00674002,0.00018587,-0.00198912,0.0,2025-W10
adj_close.csv,ARIMA,ITOT,0.005196,0.00215505,0.00458497,0.005196,0.00215505,0.00458497,"ARIMA(1, 0, 0)",-0.00458497,0.00061103,-0.00674002,0.0,2025-W11
adj_close.csv,ARIMA,ITOT,0.00094216,0.00591058,0.00132561,0.00094216,0.00591058,0.00132561,"ARIMA(1, 0, 0)",0.00132561,0.00038345,-0.00458497,0.0,2025-W12
adj_close.csv,ARIMA,ITOT,0.00310766,0.00454528,0.00321967,0.00310766,0.00454528,0.00321967,"ARIMA(1, 0, 0)",-0.00321967,-0.00011201,0.00132561,0.0,2025-W13
adj_close.csv,ARIMA,ITOT,0.01956257,0.01606821,0.01928788,0.01956257,0.01606821,0.01928788,"ARIMA(1, 0, 0)",-0.01928788,0.00027469,-0.00321967,0.0,2025-W14
adj_close.csv,ARIMA,ITOT,0.00878344,0.02947486,0.01018698,0.00878344,0.02947486,0.01018698,"ARIMA(1, 0, 0)",0.01018698,0.00140353,-0.01928788,0.0,2025-W15
adj_close.csv,ARIMA,ITOT,0.00149494,0.01274334,0.00255636,0.00149494,0.01274334,0.00255636,"ARIMA(1, 0, 0)",-0.00255636,-0.00106142,0.01018698,0.0,2025-W16
adj_close.csv,ARIMA,ITOT,0.00878573,0.01161554,0.00905917,0.00878573,0.01161554,0.00905917,"ARIMA(1, 0, 0)",0.00905917,0.00027344,-0.00255636,0.0,2025-W17
adj_close.csv,ARIMA,ITOT,0.00684681,0.00321837,0.0058408,0.00684681,0.00321837,0.0058408,"ARIMA(1, 0, 0)",0.0058408,-0.001006,0.00905917,0.0,2025-W18
adj_close.csv,ARIMA,ITOT,1.699e-05,0.00640753,0.00056673,1.699e-05,0.00640753,0.00056673,"ARIMA(1, 0, 0)",-0.00056673,-0.00058372,0.0058408,0.0,2025-W19
adj_close.csv,ARIMA,ITOT,0.01039978,0.01102314,0.01045641,0.01039978,0.01102314,0.01045641,"ARIMA(1, 0, 0)",0.01045641,5.663e-05,-0.00056673,0.0,2025-W20
adj_close.csv,ARIMA,ITOT,0.00430949,0.01582168,0.00536527,0.00430949,0.01582168,0.00536527,"ARIMA(1, 0, 0)",-0.00536527,-0.00105579,0.01045641,0.0,2025-W21
adj_close.csv,ARIMA,ITOT,0.00368698,0.0096362,0.00427092,0.00368698,0.0096362,0.00427092,"ARIMA(1, 0, 0)",0.00427092,0.00058395,-0.00536527,0.0,2025-W22
adj_close.csv,ARIMA,ITOT,0.00411374,0.0006367,0.00363422,0.00411374,0.0006367,0.00363422,"ARIMA(1, 0, 0)",0.00363422,-0.00047952,0.00427092,0.0,2025-W23
adj_close.csv,ARIMA,ITOT,0.00073546,0.00476666,0.00113244,0.00073546,0.00476666,0.00113244,"ARIMA(1, 0, 0)",-0.00113244,-0.00039697,0.00363422,0.0,2025-W24
adj_close.csv,ARIMA,ITOT,0.0003244,0.00093225,0.00020018,0.0003244,0.00093225,0.00020018,"ARIMA(1, 0, 0)",-0.00020018,0.00012422,-0.00113244,0.0,2025-W25
adj_close.csv,ARIMA,ITOT,0.00680764,0.00702977,0.00682958,0.00680764,0.00702977,0.00682958,"ARIMA(1, 0, 0)",0.00682958,2.195e-05,-0.00020018,0.0,2025-W26
adj_close.csv,ARIMA,ITOT,0.00532343,0.0022565,0.00457309,0.00532343,0.0022565,0.00457309,"ARIMA(1, 0, 0)",0.00457309,-0.00075034,0.00682958,0.0,2025-W27
adj_close.csv,ARIMA,ITOT,0.00015564,0.00520266,0.00062958,0.00015564,0.00520266,0.00062958,"ARIMA(1, 0, 0)",-0.00062958,-0.00047393,0.00457309,0.0,2025-W28
adj_close.csv,ARIMA,ITOT,0.00138117,0.00207607,0.00144649,0.00138117,0.00207607,0.00144649,"ARIMA(1, 0, 0)",0.00144649,6.532e-05,-0.00062958,0.0,2025-W29
adj_close.csv,ARIMA,ITOT,0.00295485,0.00135806,0.00280455,0.00295485,0.00135806,0.00280455,"ARIMA(1, 0, 0)",0.00280455,-0.0001503,0.00144649,0.0,2025-W30
adj_close.csv,ARIMA,ITOT,0.00482869,0.00792261,0.00511806,0.00482869,0.00792261,0.00511806,"ARIMA(1, 0, 0)",-0.00511806,-0.00028936,0.00280455,0.0,2025-W31
adj_close.csv,ARIMA,ITOT,0.00414704,0.00980497,0.00468692,0.00414704,0.00980497,0.00468692,"ARIMA(1, 0, 0)",0.00468692,0.00053988,-0.00511806,0.0,2025-W32
adj_close.csv,ARIMA,ITOT,0.00272882,0.00246937,0.00221754,0.00272882,0.00246937,0.00221754,"ARIMA(1, 0, 0)",0.00221754,-0.00051128,0.00468692,0.0,2025-W33
adj_close.csv,ARIMA,ITOT,0.00124473,0.00120993,0.00100762,0.00124473,0.00120993,0.00100762,"ARIMA(1, 0, 0)",0.00100762,-0.00023711,0.00221754,0.0,2025-W34
adj_close.csv,ARIMA,ITOT,0.00014975,0.00096513,4.249e-05,0.00014975,0.00096513,4.249e-05,"ARIMA(1, 0, 0)",4.249e-05,-0.00010727,0.00100762,0.0,2025-W35
adj_close.csv,ARIMA,ITOT,0.00104612,0.00099911,0.00104159,0.00104612,0.00099911,0.00104159,"ARIMA(1, 0, 0)",0.00104159,-4.52e-06,4.249e-05,0.0,2025-W36
adj_close.csv,ARIMA,ITOT,0.00300736,0.00185491,0.00289651,0.00300736,0.00185491,0.00289651,"ARIMA(1, 0, 0)",0.00289651,-0.00011085,0.00104159,0.0,2025-W37
adj_close.csv,ARIMA,ITOT,0.00285655,0.00034668,0.00254982,0.00285655,0.00034668,0.00254982,"ARIMA(1, 0, 0)",0.00254982,-0.00030673,0.00289651,0.0,2025-W38
adj_close.csv,ARIMA,ITOT,0.00050532,0.0033216,0.00077178,0.00050532,0.0033216,0.00077178,"ARIMA(1, 0, 0)",-0.00077178,-0.00026646,0.00254982,0.0,2025-W39
adj_close.csv,ARIMA,ITOT,0.00218469,0.00303729,0.00226551,0.00218469,0.00303729,0.00226551,"ARIMA(1, 0, 0)",0.00226551,8.082e-05,-0.00077178,0.0,2025-W40
adj_close.csv,ARIMA,ITOT,0.00487856,0.00738195,0.00511644,0.00487856,0.00738195,0.00511644,"ARIMA(1, 0, 0)",-0.00511644,-0.00023788,0.00226551,0.0,2025-W41
adj_close.csv,ARIMA,ITOT,0.00295212,0.00861532,0.00349887,0.00295212,0.00861532,0.00349887,"ARIMA(1, 0, 0)",0.00349887,0.00054675,-0.00511644,0.0,2025-W42
adj_close.csv,ARIMA,ITOT,0.00424043,0.00035881,0.00385768,0.00424043,0.00035881,0.00385768,"ARIMA(1, 0, 0)",0.00385768,-0.00038275,0.00349887,0.0,2025-W43
adj_close.csv,ARIMA,ITOT,0.00151645,0.00275367,0.00110402,0.00151645,0.00275367,0.00110402,"ARIMA(1, 0, 0)",0.00110402,-0.00041243,0.00385768,0.0,2025-W44
adj_close.csv,ARIMA,ITOT,0.00319988,0.00442085,0.00331684,0.00319988,0.00442085,0.00331684,"ARIMA(1, 0, 0)",-0.00331684,-0.00011695,0.00110402,0.0,2025-W45
adj_close.csv,ARIMA,ITOT,0.00057185,0.00309831,0.00021853,0.00057185,0.00309831,0.00021853,"ARIMA(1, 0, 0)",-0.00021853,0.00035333,-0.00331684,0.0,2025-W46
adj_close.csv,ARIMA,ITOT,0.00388673,0.003645,0.00386352,0.00388673,0.003645,0.00386352,"ARIMA(1, 0, 0)",-0.00386352,2.321e-05,-0.00021853,0.0,2025-W47
adj_close.csv,ARIMA,ITOT,0.0091407,0.01341402,0.00955049,0.0091407,0.01341402,0.00955049,"ARIMA(1, 0, 0)",0.00955049,0.0004098,-0.00386352,0.0,2025-W48
adj_close.csv,ARIMA,ITOT,0.00193877,0.00868072,0.00086977,0.00193877,0.00868072,0.00086977,"ARIMA(1, 0, 0)",0.00086977,-0.001069,0.00955049,0.0,2025-W49
adj_close.csv,ARIMA,ITOT,0.00086893,0.00183343,0.00096366,0.00086893,0.00183343,0.00096366,"ARIMA(1, 0, 0)",-0.00096366,-9.472e-05,0.00086977,0.0,2025-W50
adj_close.csv,ARIMA,ITOT,2.69e-05,0.00109562,0.00013196,2.69e-05,0.00109562,0.00013196,"ARIMA(1, 0, 0)",0.00013196,0.00010506,-0.00096366,0.0,2025-W51
adj_close.csv,ARIMA,ITOT,0.00327195,0.0031256,0.00325756,0.00327195,0.0031256,0.00325756,"ARIMA(1, 0, 0)",0.00325756,-1.439e-05,0.00013196,0.0,2025-W52
adj_close.csv,ARIMA,ITOT,0.00209679,0.0057093,0.00245174,0.00209679,0.0057093,0.00245174,"ARIMA(1, 0, 0)",-0.00245174,-0.00035494,0.00325756,0.0,2026-W01
adj_close.csv,ARIMA,ITOT,0.00327851,0.00600012,0.00354838,0.00327851,0.00600012,0.00354838,"ARIMA(1, 0, 0)",0.00354838,0.00026988,-0.00245174,0.0,2026-W02
adj_close.csv,ARIMA,ITOT,3.926e-05,0.00390436,0.00035598,3.926e-05,0.00390436,0.00035598,"ARIMA(1, 0, 0)",-0.00035598,-0.00039524,0.00354838,0.0,2026-W03
adj_close.csv,ARIMA,ITOT,0.0010313,0.00063567,0.00099166,0.0010313,0.00063567,0.00099166,"ARIMA(1, 0, 0)",-0.00099166,3.964e-05,-0.00035598,0.0,2026-W04
adj_close.csv,ARIMA,ITOT,8.389e-05,0.00101814,2.648e-05,8.389e-05,0.00101814,2.648e-05,"ARIMA(1, 0, 0)",2.648e-05,0.00011037,-0.00099166,0.0,2026-W05
adj_close.csv,ARIMA,ITOT,0.00541948,0.00539005,0.00541654,0.00541948,0.00539005,0.00541654,"ARIMA(1, 0, 0)",0.00541654,-2.95e-06,2.648e-05,0.0,2026-W06
adj_close.csv,ARIMA,IVV,0.00198778,0.00229769,0.00167008,0.00198778,0.00229769,0.00167008,"ARIMA(1, 0, 0)",-0.00167008,0.0003177,-0.00396777,0.0,2024-W30
adj_close.csv,ARIMA,IVV,0.00442182,0.00262123,0.00429131,0.00442182,0.00262123,0.00429131,"ARIMA(1, 0, 0)",-0.00429131,0.00013052,-0.00167008,0.0,2024-W31
adj_close.csv,ARIMA,IVV,0.00029783,0.00432113,2.982e-05,0.00029783,0.00432113,2.982e-05,"ARIMA(1, 0, 0)",2.982e-05,0.00032766,-0.00429131,0.0,2024-W32
adj_close.csv,ARIMA,IVV,0.00789885,0.00786676,0.00789659,0.00789885,0.00786676,0.00789659,"ARIMA(1, 0, 0)",0.00789659,-2.27e-06,2.982e-05,0.0,2024-W33
adj_close.csv,ARIMA,IVV,0.00337919,0.00511743,0.00277915,0.00337919,0.00511743,0.00277915,"ARIMA(1, 0, 0)",0.00277915,-0.00060003,0.00789659,0.0,2024-W34
adj_close.csv,ARIMA,IVV,0.00073058,0.00224206,0.0005371,0.00073058,0.00224206,0.0005371,"ARIMA(1, 0, 0)",0.0005371,-0.00019348,0.00277915,0.0,2024-W35
adj_close.csv,ARIMA,IVV,0.01049483,0.01106906,0.01053197,0.01049483,0.01106906,0.01053197,"ARIMA(1, 0, 0)",-0.01053197,-3.713e-05,0.0005371,0.0,2024-W36
adj_close.csv,ARIMA,IVV,0.00708249,0.01835673,0.00782476,0.00708249,0.01835673,0.00782476,"ARIMA(1, 0, 0)",0.00782476,0.00074227,-0.01053197,0.0,2024-W37
adj_close.csv,ARIMA,IVV,0.00347772,0.00503396,0.0027908,0.00347772,0.00503396,0.0027908,"ARIMA(1, 0, 0)",0.0027908,-0.00068691,0.00782476,0.0,2024-W38
adj_close.csv,ARIMA,IVV,0.00138148,0.00163695,0.00115386,0.00138148,0.00163695,0.00115386,"ARIMA(1, 0, 0)",0.00115386,-0.00022762,0.0027908,0.0,2024-W39
adj_close.csv,ARIMA,IVV,0.00065667,0.00059028,0.00056358,0.00065667,0.00059028,0.00056358,"ARIMA(1, 0, 0)",0.00056358,-9.309e-05,0.00115386,0.0,2024-W40
adj_close.csv,ARIMA,IVV,0.00234583,0.00173687,0.00230045,0.00234583,0.00173687,0.00230045,"ARIMA(1, 0, 0)",0.00230045,-4.537e-05,0.00056358,0.0,2024-W41
adj_close.csv,ARIMA,IVV,0.00193183,0.00055313,0.00174732,0.00193183,0.00055313,0.00174732,"ARIMA(1, 0, 0)",0.00174732,-0.00018451,0.00230045,0.0,2024-W42
adj_close.csv,ARIMA,IVV,0.00176354,0.00364923,0.00190191,0.00176354,0.00364923,0.00190191,"ARIMA(1, 0, 0)",-0.00190191,-0.00013837,0.00174732,0.0,2024-W43
adj_close.csv,ARIMA,IVV,0.00298339,0.00092953,0.00283144,0.00298339,0.00092953,0.00283144,"ARIMA(1, 0, 0)",-0.00283144,0.00015195,-0.00190191,0.0,2024-W44
adj_close.csv,ARIMA,IVV,0.00911141,0.01216541,0.00933397,0.00911141,0.01216541,0.00933397,"ARIMA(1, 0, 0)",0.00933397,0.00022256,-0.00283144,0.0,2024-W45
adj_close.csv,ARIMA,IVV,0.0034041,0.01352647,0.0041925,0.0034041,0.01352647,0.0041925,"ARIMA(1, 0, 0)",-0.0041925,-0.0007884,0.00933397,0.0,2024-W46
adj_close.csv,ARIMA,IVV,0.00291504,0.00749135,0.00329885,0.00291504,0.00749135,0.00329885,"ARIMA(1, 0, 0)",0.00329885,0.00038381,-0.0041925,0.0,2024-W47
adj_close.csv,ARIMA,IVV,0.00306122,0.00054857,0.00275027,0.00306122,0.00054857,0.00275027,"ARIMA(1, 0, 0)",0.00275027,-0.00031095,0.00329885,0.0,2024-W48
adj_close.csv,ARIMA,IVV,0.00214802,0.00085535,0.00189493,0.00214802,0.00085535,0.00189493,"ARIMA(1, 0, 0)",0.00189493,-0.00025309,0.00275027,0.0,2024-W49
adj_close.csv,ARIMA,IVV,0.00100703,0.00307386,0.00117893,0.00100703,0.00307386,0.00117893,"ARIMA(1, 0, 0)",-0.00117893,-0.0001719,0.00189493,0.0,2024-W50
adj_close.csv,ARIMA,IVV,0.00404101,0.00275464,0.00393357,0.00404101,0.00275464,0.00393357,"ARIMA(1, 0, 0)",-0.00393357,0.00010745,-0.00117893,0.0,2024-W51
adj_close.csv,ARIMA,IVV,0.00140908,0.005697,0.00176344,0.00140908,0.005697,0.00176344,"ARIMA(1, 0, 0)",0.00176344,0.00035436,-0.00393357,0.0,2024-W52
adj_close.csv,ARIMA,IVV,0.00106369,0.00298814,0.0012247,0.00106369,0.00298814,0.0012247,"ARIMA(1, 0, 0)",-0.0012247,-0.00016101,0.00176344,0.0,2025-W01
adj_close.csv,ARIMA,IVV,0.00490045,0.00356342,0.00478812,0.00490045,0.00356342,0.00478812,"ARIMA(1, 0, 0)",-0.00478812,0.00011233,-0.0012247,0.0,2025-W02
adj_close.csv,ARIMA,IVV,0.0052891,0.01051007,0.00572194,0.0052891,0.01051007,0.00572194,"ARIMA(1, 0, 0)",0.00572194,0.00043284,-0.00478812,0.0,2025-W03
adj_close.csv,ARIMA,IVV,0.00493749,0.00133341,0.00438853,0.00493749,0.00133341,0.00438853,"ARIMA(1, 0, 0)",0.00438853,-0.00054896,0.00572194,0.0,2025-W04
adj_close.csv,ARIMA,IVV,0.00165604,0.00643867,0.00205014,0.00165604,0.00643867,0.00205014,"ARIMA(1, 0, 0)",-0.00205014,-0.0003941,0.00438853,0.0,2025-W05
adj_close.csv,ARIMA,IVV,0.00047198,0.0017655,0.00028465,0.00047198,0.0017655,0.00028465,"ARIMA(1, 0, 0)",-0.00028465,0.00018733,-0.00205014,0.0,2025-W06
adj_close.csv,ARIMA,IVV,0.00289399,0.00320459,0.00291994,0.00289399,0.00320459,0.00291994,"ARIMA(1, 0, 0)",0.00291994,2.595e-05,-0.00028465,0.0,2025-W07
adj_close.csv,ARIMA,IVV,0.00376857,0.00695522,0.00403528,0.00376857,0.00695522,0.00403528,"ARIMA(1, 0, 0)",-0.00403528,-0.00026672,0.00291994,0.0,2025-W08
adj_close.csv,ARIMA,IVV,0.00232167,0.0020918,0.00194349,0.00232167,0.0020918,0.00194349,"ARIMA(1, 0, 0)",-0.00194349,0.00037818,-0.00403528,0.0,2025-W09
adj_close.csv,ARIMA,IVV,0.00648388,0.00436217,0.00630565,0.00648388,0.00436217,0.00630565,"ARIMA(1, 0, 0)",-0.00630565,0.00017823,-0.00194349,0.0,2025-W10
adj_close.csv,ARIMA,IVV,0.00508908,0.00177776,0.00452789,0.00508908,0.00177776,0.00452789,"ARIMA(1, 0, 0)",-0.00452789,0.00056119,-0.00630565,0.0,2025-W11
adj_close.csv,ARIMA,IVV,0.00060903,0.00550895,0.00098106,0.00060903,0.00550895,0.00098106,"ARIMA(1, 0, 0)",0.00098106,0.00037203,-0.00452789,0.0,2025-W12
adj_close.csv,ARIMA,IVV,0.00292768,0.00398992,0.00300886,0.00292768,0.00398992,0.00300886,"ARIMA(1, 0, 0)",-0.00300886,-8.118e-05,0.00098106,0.0,2025-W13
adj_close.csv,ARIMA,IVV,0.01922294,0.01596327,0.01897213,0.01922294,0.01596327,0.01897213,"ARIMA(1, 0, 0)",-0.01897213,0.00025081,-0.00300886,0.0,2025-W14
adj_close.csv,ARIMA,IVV,0.00990019,0.03022161,0.01124948,0.00990019,0.03022161,0.01124948,"ARIMA(1, 0, 0)",0.01124948,0.00134929,-0.01897213,0.0,2025-W15
adj_close.csv,ARIMA,IVV,0.00268363,0.01514858,0.00389911,0.00268363,0.01514858,0.00389911,"ARIMA(1, 0, 0)",-0.00389911,-0.00121548,0.01124948,0.0,2025-W16
adj_close.csv,ARIMA,IVV,0.00862356,0.01296654,0.00906744,0.00862356,0.01296654,0.00906744,"ARIMA(1, 0, 0)",0.00906744,0.00044387,-0.00389911,0.0,2025-W17
adj_close.csv,ARIMA,IVV,0.00684581,0.00331217,0.00575526,0.00684581,0.00331217,0.00575526,"ARIMA(1, 0, 0)",0.00575526,-0.00109055,0.00906744,0.0,2025-W18
adj_close.csv,ARIMA,IVV,0.00023759,0.00661777,0.00086251,0.00023759,0.00661777,0.00086251,"ARIMA(1, 0, 0)",-0.00086251,-0.00062491,0.00575526,0.0,2025-W19
adj_close.csv,ARIMA,IVV,0.01026988,0.01122626,0.01036376,0.01026988,0.01122626,0.01036376,"ARIMA(1, 0, 0)",0.01036376,9.387e-05,-0.00086251,0.0,2025-W20
adj_close.csv,ARIMA,IVV,0.00395761,0.0154665,0.00510275,0.00395761,0.0154665,0.00510275,"ARIMA(1, 0, 0)",-0.00510275,-0.00114514,0.01036376,0.0,2025-W21
adj_close.csv,ARIMA,IVV,0.00372017,0.00942514,0.00432239,0.00372017,0.00942514,0.00432239,"ARIMA(1, 0, 0)",0.00432239,0.00060222,-0.00510275,0.0,2025-W22
adj_close.csv,ARIMA,IVV,0.00382462,0.00102287,0.00329952,0.00382462,0.00102287,0.00329952,"ARIMA(1, 0, 0)",0.00329952,-0.0005251,0.00432239,0.0,2025-W23
adj_close.csv,ARIMA,IVV,0.00034467,0.0040351,0.00073558,0.00034467,0.0040351,0.00073558,"ARIMA(1, 0, 0)",-0.00073558,-0.00039091,0.00329952,0.0,2025-W24
adj_close.csv,ARIMA,IVV,0.00061594,0.00020694,0.00052864,0.00061594,0.00020694,0.00052864,"ARIMA(1, 0, 0)",-0.00052864,8.73e-05,-0.00073558,0.0,2025-W25
adj_close.csv,ARIMA,IVV,0.00679068,0.00738201,0.00685338,0.00679068,0.00738201,0.00685338,"ARIMA(1, 0, 0)",0.00685338,6.27e-05,-0.00052864,0.0,2025-W26
adj_close.csv,ARIMA,IVV,0.00511638,0.00255427,0.0042991,0.00511638,0.00255427,0.0042991,"ARIMA(1, 0, 0)",0.0042991,-0.00081728,0.00685338,0.0,2025-W27
adj_close.csv,ARIMA,IVV,6.602e-05,0.00485066,0.00055156,6.602e-05,0.00485066,0.00055156,"ARIMA(1, 0, 0)",-0.00055156,-0.00048554,0.0042991,0.0,2025-W28
adj_close.csv,ARIMA,IVV,0.00128364,0.00189752,0.00134596,0.00128364,0.00189752,0.00134596,"ARIMA(1, 0, 0)",0.00134596,6.232e-05,-0.00055156,0.0,2025-W29
adj_close.csv,ARIMA,IVV,0.00310808,0.00160986,0.00295583,0.00310808,0.00160986,0.00295583,"ARIMA(1, 0, 0)",0.00295583,-0.00015225,0.00134596,0.0,2025-W30
adj_close.csv,ARIMA,IVV,0.00454193,0.0078299,0.00487407,0.00454193,0.0078299,0.00487407,"ARIMA(1, 0, 0)",-0.00487407,-0.00033214,0.00295583,0.0,2025-W31
adj_close.csv,ARIMA,IVV,0.00437403,0.0098075,0.00493344,0.00437403,0.0098075,0.00493344,"ARIMA(1, 0, 0)",0.00493344,0.0005594,-0.00487407,0.0,2025-W32
adj_close.csv,ARIMA,IVV,0.00258045,0.00293796,0.00199547,0.00258045,0.00293796,0.00199547,"ARIMA(1, 0, 0)",0.00199547,-0.00058497,0.00493344,0.0,2025-W33
adj_close.csv,ARIMA,IVV,0.00079727,0.0014303,0.00056517,0.00079727,0.0014303,0.00056517,"ARIMA(1, 0, 0)",0.00056517,-0.0002321,0.00199547,0.0,2025-W34
adj_close.csv,ARIMA,IVV,1.005e-05,0.0006207,5.552e-05,1.005e-05,0.0006207,5.552e-05,"ARIMA(1, 0, 0)",-5.552e-05,-6.558e-05,0.00056517,0.0,2025-W35
adj_close.csv,ARIMA,IVV,0.00082126,0.00088322,0.0008277,0.00082126,0.00088322,0.0008277,"ARIMA(1, 0, 0)",0.0008277,6.44e-06,-5.552e-05,0.0,2025-W36
adj_close.csv,ARIMA,IVV,0.00322302,0.00229928,0.00312698,0.00322302,0.00229928,0.00312698,"ARIMA(1, 0, 0)",0.00312698,-9.604e-05,0.0008277,0.0,2025-W37
adj_close.csv,ARIMA,IVV,0.00281604,0.00067231,0.00245467,0.00281604,0.00067231,0.00245467,"ARIMA(1, 0, 0)",0.00245467,-0.00036137,0.00312698,0.0,2025-W38
adj_close.csv,ARIMA,IVV,0.00031486,0.00304938,0.0005947,0.00031486,0.00304938,0.0005947,"ARIMA(1, 0, 0)",-0.0005947,-0.00027985,0.00245467,0.0,2025-W39
adj_close.csv,ARIMA,IVV,0.00218442,0.00284701,0.0022523,0.00218442,0.00284701,0.0022523,"ARIMA(1, 0, 0)",0.0022523,6.788e-05,-0.0005947,0.0,2025-W40
adj_close.csv,ARIMA,IVV,0.00462589,0.00713579,0.00488349,0.00462589,0.00713579,0.00488349,"ARIMA(1, 0, 0)",-0.00488349,-0.0002576,0.0022523,0.0,2025-W41
adj_close.csv,ARIMA,IVV,0.00290413,0.00835515,0.00347166,0.00290413,0.00835515,0.00347166,"ARIMA(1, 0, 0)",0.00347166,0.00056752,-0.00488349,0.0,2025-W42
adj_close.csv,ARIMA,IVV,0.00421878,0.000335,0.00380666,0.00421878,0.000335,0.00380666,"ARIMA(1, 0, 0)",0.00380666,-0.00041212,0.00347166,0.0,2025-W43
adj_close.csv,ARIMA,IVV,0.00182154,0.00242722,0.00137944,0.00182154,0.00242722,0.00137944,"ARIMA(1, 0, 0)",0.00137944,-0.00044209,0.00380666,0.0,2025-W44
adj_close.csv,ARIMA,IVV,0.00304547,0.00458344,0.003204,0.00304547,0.00458344,0.003204,"ARIMA(1, 0, 0)",-0.003204,-0.00015853,0.00137944,0.0,2025-W45
adj_close.csv,ARIMA,IVV,8.309e-05,0.00349148,0.00028747,8.309e-05,0.00349148,0.00028747,"ARIMA(1, 0, 0)",0.00028747,0.00037057,-0.003204,0.0,2025-W46
adj_close.csv,ARIMA,IVV,0.00386344,0.00418415,0.00389668,0.00386344,0.00418415,0.00389668,"ARIMA(1, 0, 0)",-0.00389668,-3.324e-05,0.00028747,0.0,2025-W47
adj_close.csv,ARIMA,IVV,0.00866653,0.01301447,0.00911779,0.00866653,0.01301447,0.00911779,"ARIMA(1, 0, 0)",0.00911779,0.00045126,-0.00389668,0.0,2025-W48
adj_close.csv,ARIMA,IVV,0.00175782,0.00846953,0.00064825,0.00175782,0.00846953,0.00064825,"ARIMA(1, 0, 0)",0.00064825,-0.00110957,0.00911779,0.0,2025-W49
adj_close.csv,ARIMA,IVV,0.00106968,0.00179504,0.00114678,0.00106968,0.00179504,0.00114678,"ARIMA(1, 0, 0)",-0.00114678,-7.71e-05,0.00064825,0.0,2025-W50
adj_close.csv,ARIMA,IVV,7.942e-05,0.00136274,0.00021595,7.942e-05,0.00136274,0.00021595,"ARIMA(1, 0, 0)",0.00021595,0.00013653,-0.00114678,0.0,2025-W51
adj_close.csv,ARIMA,IVV,0.0035776,0.00333593,0.00355189,0.0035776,0.00333593,0.00355189,"ARIMA(1, 0, 0)",0.00355189,-2.571e-05,0.00021595,0.0,2025-W52
adj_close.csv,ARIMA,IVV,0.00214379,0.00611814,0.00256625,0.00214379,0.00611814,0.00256625,"ARIMA(1, 0, 0)",-0.00256625,-0.00042246,0.00355189,0.0,2026-W01
adj_close.csv,ARIMA,IVV,0.00284055,0.00571538,0.00314913,0.00284055,0.00571538,0.00314913,"ARIMA(1, 0, 0)",0.00314913,0.00030858,-0.00256625,0.0,2026-W02
adj_close.csv,ARIMA,IVV,0.00031295,0.00384467,0.00069555,0.00031295,0.00384467,0.00069555,"ARIMA(1, 0, 0)",-0.00069555,-0.0003826,0.00314913,0.0,2026-W03
adj_close.csv,ARIMA,IVV,0.00095707,0.0001769,0.00087244,0.00095707,0.0001769,0.00087244,"ARIMA(1, 0, 0)",-0.00087244,8.462e-05,-0.00069555,0.0,2026-W04
adj_close.csv,ARIMA,IVV,0.00069843,0.00167691,0.00080447,0.00069843,0.00167691,0.00080447,"ARIMA(1, 0, 0)",0.00080447,0.00010604,-0.00087244,0.0,2026-W05
adj_close.csv,ARIMA,IVV,0.00513522,0.00423289,0.00503736,0.00513522,0.00423289,0.00503736,"ARIMA(1, 0, 0)",0.00503736,-9.787e-05,0.00080447,0.0,2026-W06
adj_close.csv,ARIMA,IWD,0.00250466,0.00110441,0.00240981,0.00250466,0.00110441,0.00240981,"ARIMA(0, 0, 1)",0.00240981,-9.485e-05,0.00130539,0.0,2024-W30
adj_close.csv,ARIMA,IWD,0.00391988,0.00647234,0.00406253,0.00391988,0.00647234,0.00406253,"ARIMA(0, 0, 1)",-0.00406253,-0.00014265,0.00240981,0.0,2024-W31
adj_close.csv,ARIMA,IWD,0.00069596,0.00360226,0.00046027,0.00069596,0.00360226,0.00046027,"ARIMA(0, 0, 1)",-0.00046027,0.00023569,-0.00406253,0.0,2024-W32
adj_close.csv,ARIMA,IWD,0.00483287,0.00533436,0.00487409,0.00483287,0.00533436,0.00487409,"ARIMA(0, 0, 1)",0.00487409,4.122e-05,-0.00046027,0.0,2024-W33
adj_close.csv,ARIMA,IWD,0.00411666,0.00104997,0.00382412,0.00411666,0.00104997,0.00382412,"ARIMA(0, 0, 1)",0.00382412,-0.00029254,0.00487409,0.0,2024-W34
adj_close.csv,ARIMA,IWD,0.00285408,0.00119433,0.00262979,0.00285408,0.00119433,0.00262979,"ARIMA(0, 0, 1)",0.00262979,-0.00022429,0.00382412,0.0,2024-W35
adj_close.csv,ARIMA,IWD,0.00756581,0.01034097,0.00771117,0.00756581,0.01034097,0.00771117,"ARIMA(0, 0, 1)",-0.00771117,-0.00014536,0.00262979,0.0,2024-W36
adj_close.csv,ARIMA,IWD,0.00344219,0.01159437,0.0038832,0.00344219,0.01159437,0.0038832,"ARIMA(0, 0, 1)",0.0038832,0.00044101,-0.00771117,0.0,2024-W37
adj_close.csv,ARIMA,IWD,0.00284826,0.0012579,0.0026253,0.00284826,0.0012579,0.0026253,"ARIMA(0, 0, 1)",0.0026253,-0.00022296,0.0038832,0.0,2024-W38
adj_close.csv,ARIMA,IWD,0.00194927,0.00085526,0.00177004,0.00194927,0.00085526,0.00177004,"ARIMA(0, 0, 1)",0.00177004,-0.00017923,0.0026253,0.0,2024-W39
adj_close.csv,ARIMA,IWD,0.00046817,0.00142167,0.00034837,0.00046817,0.00142167,0.00034837,"ARIMA(0, 0, 1)",0.00034837,-0.0001198,0.00177004,0.0,2024-W40
adj_close.csv,ARIMA,IWD,0.00189733,0.00152031,0.00186868,0.00189733,0.00152031,0.00186868,"ARIMA(0, 0, 1)",0.00186868,-2.865e-05,0.00034837,0.0,2024-W41
adj_close.csv,ARIMA,IWD,0.00245294,0.00046871,0.00233739,0.00245294,0.00046871,0.00233739,"ARIMA(0, 0, 1)",0.00233739,-0.00011555,0.00186868,0.0,2024-W42
adj_close.csv,ARIMA,IWD,0.00442982,0.00691295,0.00457556,0.00442982,0.00691295,0.00457556,"ARIMA(0, 0, 1)",-0.00457556,-0.00014574,0.00233739,0.0,2024-W43
adj_close.csv,ARIMA,IWD,0.00189015,0.00296289,0.00161267,0.00189015,0.00296289,0.00161267,"ARIMA(0, 0, 1)",-0.00161267,0.00027748,-0.00457556,0.0,2024-W44
adj_close.csv,ARIMA,IWD,0.00782266,0.00954899,0.00793632,0.00782266,0.00954899,0.00793632,"ARIMA(0, 0, 1)",0.00793632,0.00011366,-0.00161267,0.0,2024-W45
adj_close.csv,ARIMA,IWD,0.00186202,0.01030504,0.00236873,0.00186202,0.01030504,0.00236873,"ARIMA(0, 0, 1)",-0.00236873,-0.00050671,0.00793632,0.0,2024-W46
adj_close.csv,ARIMA,IWD,0.00464425,0.00713915,0.00477043,0.00464425,0.00713915,0.00477043,"ARIMA(0, 0, 1)",0.00477043,0.00012618,-0.00236873,0.0,2024-W47
adj_close.csv,ARIMA,IWD,0.0029461,0.00215405,0.00261638,0.0029461,0.00215405,0.00261638,"ARIMA(0, 0, 1)",0.00261638,-0.00032972,0.00477043,0.0,2024-W48
adj_close.csv,ARIMA,IWD,0.0037163,0.00652847,0.00391209,0.0037163,0.00652847,0.00391209,"ARIMA(0, 0, 1)",-0.00391209,-0.00019579,0.00261638,0.0,2024-W49
adj_close.csv,ARIMA,IWD,0.00427031,9.887e-05,0.00401096,0.00427031,9.887e-05,0.00401096,"ARIMA(0, 0, 1)",-0.00401096,0.00025935,-0.00391209,0.0,2024-W50
adj_close.csv,ARIMA,IWD,0.00612839,0.00183687,0.00584783,0.00612839,0.00183687,0.00584783,"ARIMA(0, 0, 1)",-0.00584783,0.00028056,-0.00401096,0.0,2024-W51
adj_close.csv,ARIMA,IWD,0.00094645,0.00715141,0.00130358,0.00094645,0.00715141,0.00130358,"ARIMA(0, 0, 1)",0.00130358,0.00035713,-0.00584783,0.0,2024-W52
adj_close.csv,ARIMA,IWD,5.638e-05,0.00130358,0.0,5.638e-05,0.00130358,0.0,"ARIMA(0, 0, 1)",0.0,-5.638e-05,0.00130358,0.0,2025-W01
adj_close.csv,ARIMA,IWD,0.00396877,0.00397217,0.00397217,0.00396877,0.00397217,0.00397217,"ARIMA(0, 0, 1)",-0.00397217,-3.39e-06,0.0,0.0,2025-W02
adj_close.csv,ARIMA,IWD,0.00819933,0.01240961,0.00843744,0.00819933,0.01240961,0.00843744,"ARIMA(0, 0, 1)",0.00843744,0.00023811,-0.00397217,0.0,2025-W03
adj_close.csv,ARIMA,IWD,0.00355999,0.00543952,0.00299792,0.00355999,0.00543952,0.00299792,"ARIMA(0, 0, 1)",0.00299792,-0.00056206,0.00843744,0.0,2025-W04
adj_close.csv,ARIMA,IWD,4.46e-05,0.00325609,0.00025817,4.46e-05,0.00325609,0.00025817,"ARIMA(0, 0, 1)",-0.00025817,-0.00021358,0.00299792,0.0,2025-W05
adj_close.csv,ARIMA,IWD,0.00030263,4.173e-05,0.0002999,0.00030263,4.173e-05,0.0002999,"ARIMA(0, 0, 1)",-0.0002999,2.72e-06,-0.00025817,0.0,2025-W06
adj_close.csv,ARIMA,IWD,0.00125044,0.00156882,0.00126892,0.00125044,0.00156882,0.00126892,"ARIMA(0, 0, 1)",0.00126892,1.848e-05,-0.0002999,0.0,2025-W07
adj_close.csv,ARIMA,IWD,0.00230012,0.00364548,0.00237656,0.00230012,0.00364548,0.00237656,"ARIMA(0, 0, 1)",-0.00237656,-7.644e-05,0.00126892,0.0,2025-W08
adj_close.csv,ARIMA,IWD,0.00164579,0.00416467,0.00178811,0.00164579,0.00416467,0.00178811,"ARIMA(0, 0, 1)",0.00178811,0.00014232,-0.00237656,0.0,2025-W09
adj_close.csv,ARIMA,IWD,0.00479216,0.00668368,0.00489557,0.00479216,0.00668368,0.00489557,"ARIMA(0, 0, 1)",-0.00489557,-0.00010341,0.00178811,0.0,2025-W10
adj_close.csv,ARIMA,IWD,0.00407955,0.0011275,0.00376807,0.00407955,0.0011275,0.00376807,"ARIMA(0, 0, 1)",-0.00376807,0.00031148,-0.00489557,0.0,2025-W11
adj_close.csv,ARIMA,IWD,0.00170323,0.00571338,0.0019453,0.00170323,0.00571338,0.0019453,"ARIMA(0, 0, 1)",0.0019453,0.00024207,-0.00376807,0.0,2025-W12
adj_close.csv,ARIMA,IWD,0.00083831,0.00288796,0.00094266,0.00083831,0.00288796,0.00094266,"ARIMA(0, 0, 1)",-0.00094266,-0.00010435,0.0019453,0.0,2025-W13
adj_close.csv,ARIMA,IWD,0.01787329,0.0168788,0.01782146,0.01787329,0.0168788,0.01782146,"ARIMA(0, 0, 1)",-0.01782146,5.183e-05,-0.00094266,0.0,2025-W14
adj_close.csv,ARIMA,IWD,0.00559722,0.02443658,0.00661512,0.00559722,0.02443658,0.00661512,"ARIMA(0, 0, 1)",0.00661512,0.00101791,-0.01782146,0.0,2025-W15
adj_close.csv,ARIMA,IWD,0.00070478,0.00633136,0.00028376,0.00070478,0.00633136,0.00028376,"ARIMA(0, 0, 1)",0.00028376,-0.00042102,0.00661512,0.0,2025-W16
adj_close.csv,ARIMA,IWD,0.00466521,0.0043247,0.00460846,0.00466521,0.0043247,0.00460846,"ARIMA(0, 0, 1)",0.00460846,-5.675e-05,0.00028376,0.0,2025-W17
adj_close.csv,ARIMA,IWD,0.00527248,0.00028598,0.00489444,0.00527248,0.00028598,0.00489444,"ARIMA(0, 0, 1)",0.00489444,-0.00037804,0.00460846,0.0,2025-W18
adj_close.csv,ARIMA,IWD,0.00055284,0.00473223,0.00016221,0.00055284,0.00473223,0.00016221,"ARIMA(0, 0, 1)",0.00016221,-0.00039064,0.00489444,0.0,2025-W19
adj_close.csv,ARIMA,IWD,0.00646416,0.00626147,0.00642367,0.00646416,0.00626147,0.00642367,"ARIMA(0, 0, 1)",0.00642367,-4.049e-05,0.00016221,0.0,2025-W20
adj_close.csv,ARIMA,IWD,0.0046411,0.01153313,0.00510946,0.0046411,0.01153313,0.00510946,"ARIMA(0, 0, 1)",-0.00510946,-0.00046836,0.00642367,0.0,2025-W21
adj_close.csv,ARIMA,IWD,0.0027676,0.00824374,0.00313429,0.0027676,0.00824374,0.00313429,"ARIMA(0, 0, 1)",0.00313429,0.00036668,-0.00510946,0.0,2025-W22
adj_close.csv,ARIMA,IWD,0.00248445,0.00087793,0.00225635,0.00248445,0.00087793,0.00225635,"ARIMA(0, 0, 1)",0.00225635,-0.0002281,0.00313429,0.0,2025-W23
adj_close.csv,ARIMA,IWD,0.00077643,0.00323376,0.00097741,0.00077643,0.00323376,0.00097741,"ARIMA(0, 0, 1)",-0.00097741,-0.00020098,0.00225635,0.0,2025-W24
adj_close.csv,ARIMA,IWD,0.00050102,0.00154158,0.00056417,0.00050102,0.00154158,0.00056417,"ARIMA(0, 0, 1)",0.00056417,6.315e-05,-0.00097741,0.0,2025-W25
adj_close.csv,ARIMA,IWD,0.00416858,0.00356356,0.00412773,0.00416858,0.00356356,0.00412773,"ARIMA(0, 0, 1)",0.00412773,-4.085e-05,0.00056417,0.0,2025-W26
adj_close.csv,ARIMA,IWD,0.00550678,0.0010416,0.00516933,0.00550678,0.0010416,0.00516933,"ARIMA(0, 0, 1)",0.00516933,-0.00033745,0.00412773,0.0,2025-W27
adj_close.csv,ARIMA,IWD,0.00071309,0.00629707,0.00112774,0.00071309,0.00629707,0.00112774,"ARIMA(0, 0, 1)",-0.00112774,-0.00041464,0.00516933,0.0,2025-W28
adj_close.csv,ARIMA,IWD,0.00048252,0.00069937,0.00042836,0.00048252,0.00069937,0.00042836,"ARIMA(0, 0, 1)",-0.00042836,5.416e-05,-0.00112774,0.0,2025-W29
adj_close.csv,ARIMA,IWD,0.00320401,0.00366926,0.0032409,0.00320401,0.00366926,0.0032409,"ARIMA(0, 0, 1)",0.0032409,3.689e-05,-0.00042836,0.0,2025-W30
adj_close.csv,ARIMA,IWD,0.00620656,0.00969309,0.00645219,0.00620656,0.00969309,0.00645219,"ARIMA(0, 0, 1)",-0.00645219,-0.00024563,0.0032409,0.0,2025-W31
adj_close.csv,ARIMA,IWD,0.00248356,0.00943872,0.00298653,0.00248356,0.00943872,0.00298653,"ARIMA(0, 0, 1)",0.00298653,0.00050296,-0.00645219,0.0,2025-W32
adj_close.csv,ARIMA,IWD,0.00287918,0.00031611,0.00267042,0.00287918,0.00031611,0.00267042,"ARIMA(0, 0, 1)",0.00267042,-0.00020877,0.00298653,0.0,2025-W33
adj_close.csv,ARIMA,IWD,0.00371847,0.00080917,0.00347958,0.00371847,0.00080917,0.00347958,"ARIMA(0, 0, 1)",0.00347958,-0.00023889,0.00267042,0.0,2025-W34
adj_close.csv,ARIMA,IWD,0.0001612,0.00361841,0.00013883,0.0001612,0.00361841,0.00013883,"ARIMA(0, 0, 1)",-0.00013883,-0.00030004,0.00347958,0.0,2025-W35
adj_close.csv,ARIMA,IWD,3.666e-05,8.922e-05,4.962e-05,3.666e-05,8.922e-05,4.962e-05,"ARIMA(0, 0, 1)",-4.962e-05,-1.296e-05,-0.00013883,0.0,2025-W36
adj_close.csv,ARIMA,IWD,0.0010262,0.00107878,0.00102916,0.0010262,0.00107878,0.00102916,"ARIMA(0, 0, 1)",0.00102916,2.96e-06,-4.962e-05,0.0,2025-W37
adj_close.csv,ARIMA,IWD,0.00111354,1.61e-06,0.00103077,0.00111354,1.61e-06,0.00103077,"ARIMA(0, 0, 1)",0.00103077,-8.277e-05,0.00102916,0.0,2025-W38
adj_close.csv,ARIMA,IWD,0.00029652,0.00082376,0.00020702,0.00029652,0.00082376,0.00020702,"ARIMA(0, 0, 1)",0.00020702,-8.95e-05,0.00103077,0.0,2025-W39
adj_close.csv,ARIMA,IWD,0.00196529,0.00173446,0.00194148,0.00196529,0.00173446,0.00194148,"ARIMA(0, 0, 1)",0.00194148,-2.381e-05,0.00020702,0.0,2025-W40
adj_close.csv,ARIMA,IWD,0.00530276,0.00740176,0.00546028,0.00530276,0.00740176,0.00546028,"ARIMA(0, 0, 1)",-0.00546028,-0.00015753,0.00194148,0.0,2025-W41
adj_close.csv,ARIMA,IWD,0.00294321,0.0088411,0.00338081,0.00294321,0.0088411,0.00338081,"ARIMA(0, 0, 1)",0.00338081,0.0004376,-0.00546028,0.0,2025-W42
adj_close.csv,ARIMA,IWD,0.00363473,1.97e-06,0.00338278,0.00363473,1.97e-06,0.00338278,"ARIMA(0, 0, 1)",0.00338278,-0.00025195,0.00338081,0.0,2025-W43
adj_close.csv,ARIMA,IWD,0.00138059,0.00506702,0.00168423,0.00138059,0.00506702,0.00168423,"ARIMA(0, 0, 1)",-0.00168423,-0.00030364,0.00338278,0.0,2025-W44
adj_close.csv,ARIMA,IWD,0.00026338,0.00153752,0.00014672,0.00026338,0.00153752,0.00014672,"ARIMA(0, 0, 1)",-0.00014672,0.00011667,-0.00168423,0.0,2025-W45
adj_close.csv,ARIMA,IWD,0.00033938,0.00050839,0.00036168,0.00033938,0.00050839,0.00036168,"ARIMA(0, 0, 1)",0.00036168,2.23e-05,-0.00014672,0.0,2025-W46
adj_close.csv,ARIMA,IWD,0.00168767,0.00207809,0.00171641,0.00168767,0.00207809,0.00171641,"ARIMA(0, 0, 1)",-0.00171641,-2.874e-05,0.00036168,0.0,2025-W47
adj_close.csv,ARIMA,IWD,0.00825921,0.01011874,0.00840233,0.00825921,0.01011874,0.00840233,"ARIMA(0, 0, 1)",0.00840233,0.00014311,-0.00171641,0.0,2025-W48
adj_close.csv,ARIMA,IWD,0.00119229,0.00793616,0.00046616,0.00119229,0.00793616,0.00046616,"ARIMA(0, 0, 1)",0.00046616,-0.00072613,0.00840233,0.0,2025-W49
adj_close.csv,ARIMA,IWD,0.00135116,0.00078426,0.00125042,0.00135116,0.00078426,0.00125042,"ARIMA(0, 0, 1)",0.00125042,-0.00010074,0.00046616,0.0,2025-W50
adj_close.csv,ARIMA,IWD,0.00073331,0.00209909,0.00084867,0.00073331,0.00209909,0.00084867,"ARIMA(0, 0, 1)",-0.00084867,-0.00011536,0.00125042,0.0,2025-W51
adj_close.csv,ARIMA,IWD,0.00297987,0.00389134,0.00304267,0.00297987,0.00389134,0.00304267,"ARIMA(0, 0, 1)",0.00304267,6.28e-05,-0.00084867,0.0,2025-W52
adj_close.csv,ARIMA,IWD,3.765e-05,0.00333703,0.00029436,3.765e-05,0.00333703,0.00029436,"ARIMA(0, 0, 1)",-0.00029436,-0.00025671,0.00304267,0.0,2026-W01
adj_close.csv,ARIMA,IWD,0.00501343,0.00531103,0.00501667,0.00501343,0.00531103,0.00501667,"ARIMA(0, 0, 1)",0.00501667,3.24e-06,-0.00029436,0.0,2026-W02
adj_close.csv,ARIMA,IWD,0.00171503,0.00373396,0.00128271,0.00171503,0.00373396,0.00128271,"ARIMA(0, 0, 1)",0.00128271,-0.00043232,0.00501667,0.0,2026-W03
adj_close.csv,ARIMA,IWD,0.00043919,0.00186562,0.00058291,0.00043919,0.00186562,0.00058291,"ARIMA(0, 0, 1)",-0.00058291,-0.00014372,0.00128271,0.0,2026-W04
adj_close.csv,ARIMA,IWD,0.00122225,0.00184221,0.00125931,0.00122225,0.00184221,0.00125931,"ARIMA(0, 0, 1)",0.00125931,3.706e-05,-0.00058291,0.0,2026-W05
adj_close.csv,ARIMA,IWD,0.00830209,0.00693949,0.0081988,0.00830209,0.00693949,0.0081988,"ARIMA(0, 0, 1)",0.0081988,-0.00010329,0.00125931,0.0,2026-W06
adj_close.csv,ARIMA,IWF,0.0053946,0.00345638,0.00474495,0.0053946,0.00345638,0.00474495,"ARIMA(1, 0, 0)",-0.00474495,0.00064966,-0.00820133,0.0,2024-W30
adj_close.csv,ARIMA,IWF,0.00555757,0.00046952,0.00521447,0.00555757,0.00046952,0.00521447,"ARIMA(1, 0, 0)",-0.00521447,0.0003431,-0.00474495,0.0,2024-W31
adj_close.csv,ARIMA,IWF,0.00052579,0.00609593,0.00088146,0.00052579,0.00609593,0.00088146,"ARIMA(1, 0, 0)",0.00088146,0.00035567,-0.00521447,0.0,2024-W32
adj_close.csv,ARIMA,IWF,0.01024132,0.00929936,0.01018082,0.01024132,0.00929936,0.01018082,"ARIMA(1, 0, 0)",0.01018082,-6.05e-05,0.00088146,0.0,2024-W33
adj_close.csv,ARIMA,IWF,0.0031005,0.00776483,0.00241599,0.0031005,0.00776483,0.00241599,"ARIMA(1, 0, 0)",0.00241599,-0.00068451,0.01018082,0.0,2024-W34
adj_close.csv,ARIMA,IWF,0.00129418,0.00386099,0.001445,0.00129418,0.00386099,0.001445,"ARIMA(1, 0, 0)",-0.001445,-0.00015082,0.00241599,0.0,2024-W35
adj_close.csv,ARIMA,IWF,0.01368374,0.01214784,0.01359284,0.01368374,0.01214784,0.01359284,"ARIMA(1, 0, 0)",-0.01359284,9.089e-05,-0.001445,0.0,2024-W36
adj_close.csv,ARIMA,IWF,0.01083577,0.02524272,0.01164988,0.01083577,0.02524272,0.01164988,"ARIMA(1, 0, 0)",0.01164988,0.0008141,-0.01359284,0.0,2024-W37
adj_close.csv,ARIMA,IWF,0.00427656,0.00832507,0.0033248,0.00427656,0.00832507,0.0033248,"ARIMA(1, 0, 0)",0.0033248,-0.00095175,0.01164988,0.0,2024-W38
adj_close.csv,ARIMA,IWF,0.0008669,0.00270549,0.00061931,0.0008669,0.00270549,0.00061931,"ARIMA(1, 0, 0)",0.00061931,-0.00024759,0.0033248,0.0,2024-W39
adj_close.csv,ARIMA,IWF,0.00064447,2.07e-05,0.00059861,0.00064447,2.07e-05,0.00059861,"ARIMA(1, 0, 0)",0.00059861,-4.586e-05,0.00061931,0.0,2024-W40
adj_close.csv,ARIMA,IWF,0.00283202,0.00218912,0.00278773,0.00283202,0.00218912,0.00278773,"ARIMA(1, 0, 0)",0.00278773,-4.429e-05,0.00059861,0.0,2024-W41
adj_close.csv,ARIMA,IWF,0.00167903,0.00131428,0.00147345,0.00167903,0.00131428,0.00147345,"ARIMA(1, 0, 0)",0.00147345,-0.00020558,0.00278773,0.0,2024-W42
adj_close.csv,ARIMA,IWF,8.153e-05,0.00149959,2.614e-05,8.153e-05,0.00149959,2.614e-05,"ARIMA(1, 0, 0)",-2.614e-05,-0.00010766,0.00147345,0.0,2024-W43
adj_close.csv,ARIMA,IWF,0.00314054,0.0031125,0.00313863,0.00314054,0.0031125,0.00313863,"ARIMA(1, 0, 0)",-0.00313863,1.91e-06,-2.614e-05,0.0,2024-W44
adj_close.csv,ARIMA,IWF,0.01102929,0.01439716,0.01125853,0.01102929,0.01439716,0.01125853,"ARIMA(1, 0, 0)",0.01125853,0.00022924,-0.00313863,0.0,2024-W45
adj_close.csv,ARIMA,IWF,0.00475916,0.0168963,0.00563777,0.00475916,0.0168963,0.00563777,"ARIMA(1, 0, 0)",-0.00563777,-0.00087861,0.01125853,0.0,2024-W46
adj_close.csv,ARIMA,IWF,0.00287927,0.00899986,0.00336209,0.00287927,0.00899986,0.00336209,"ARIMA(1, 0, 0)",0.00336209,0.00048282,-0.00563777,0.0,2024-W47
adj_close.csv,ARIMA,IWF,0.00298339,0.00067434,0.00268775,0.00298339,0.00067434,0.00268775,"ARIMA(1, 0, 0)",0.00268775,-0.00029564,0.00336209,0.0,2024-W48
adj_close.csv,ARIMA,IWF,0.00733422,0.00441393,0.00710168,0.00733422,0.00441393,0.00710168,"ARIMA(1, 0, 0)",0.00710168,-0.00023254,0.00268775,0.0,2024-W49
adj_close.csv,ARIMA,IWF,0.00120429,0.0064921,0.00060958,0.00120429,0.0064921,0.00060958,"ARIMA(1, 0, 0)",0.00060958,-0.00059471,0.00710168,0.0,2024-W50
adj_close.csv,ARIMA,IWF,0.00301401,0.00367391,0.00306433,0.00301401,0.00367391,0.00306433,"ARIMA(1, 0, 0)",-0.00306433,-5.032e-05,0.00060958,0.0,2024-W51
adj_close.csv,ARIMA,IWF,0.0014345,0.00475257,0.00168824,0.0014345,0.00475257,0.00168824,"ARIMA(1, 0, 0)",0.00168824,0.00025374,-0.00306433,0.0,2024-W52
adj_close.csv,ARIMA,IWF,0.00162106,0.00345013,0.00176189,0.00162106,0.00345013,0.00176189,"ARIMA(1, 0, 0)",-0.00176189,-0.00014083,0.00168824,0.0,2025-W01
adj_close.csv,ARIMA,IWF,0.00577268,0.00386315,0.00562504,0.00577268,0.00386315,0.00562504,"ARIMA(1, 0, 0)",-0.00562504,0.00014764,-0.00176189,0.0,2025-W02
adj_close.csv,ARIMA,IWF,0.00392366,0.01001208,0.00438705,0.00392366,0.01001208,0.00438705,"ARIMA(1, 0, 0)",0.00438705,0.00046339,-0.00562504,0.0,2025-W03
adj_close.csv,ARIMA,IWF,0.00554847,0.00078656,0.00517361,0.00554847,0.00078656,0.00517361,"ARIMA(1, 0, 0)",0.00517361,-0.00037486,0.00438705,0.0,2025-W04
adj_close.csv,ARIMA,IWF,0.00257252,0.00817074,0.00299714,0.00257252,0.00817074,0.00299714,"ARIMA(1, 0, 0)",-0.00299714,-0.00042461,0.00517361,0.0,2025-W05
adj_close.csv,ARIMA,IWF,0.00083871,0.00240991,0.00058722,0.00083871,0.00240991,0.00058722,"ARIMA(1, 0, 0)",-0.00058722,0.00025149,-0.00299714,0.0,2025-W06
adj_close.csv,ARIMA,IWF,0.00395843,0.00459473,0.0040075,0.00395843,0.00459473,0.0040075,"ARIMA(1, 0, 0)",0.0040075,4.907e-05,-0.00058722,0.0,2025-W07
adj_close.csv,ARIMA,IWF,0.00665973,0.0110034,0.0069959,0.00665973,0.0110034,0.0069959,"ARIMA(1, 0, 0)",-0.0069959,-0.00033617,0.0040075,0.0,2025-W08
adj_close.csv,ARIMA,IWF,0.00575613,0.0018523,0.0051436,0.00575613,0.0018523,0.0051436,"ARIMA(1, 0, 0)",-0.0051436,0.00061253,-0.0069959,0.0,2025-W09
adj_close.csv,ARIMA,IWF,0.0085685,0.00300285,0.00814645,0.0085685,0.00300285,0.00814645,"ARIMA(1, 0, 0)",-0.00814645,0.00042205,-0.0051436,0.0,2025-W10
adj_close.csv,ARIMA,IWF,0.00577992,0.00298608,0.00516037,0.00577992,0.00298608,0.00516037,"ARIMA(1, 0, 0)",-0.00516037,0.00061955,-0.00814645,0.0,2025-W11
adj_close.csv,ARIMA,IWF,0.00023314,0.00575317,0.0005928,0.00023314,0.00575317,0.0005928,"ARIMA(1, 0, 0)",0.0005928,0.00035967,-0.00516037,0.0,2025-W12
adj_close.csv,ARIMA,IWF,0.00508455,0.00571876,0.00512596,0.00508455,0.00571876,0.00512596,"ARIMA(1, 0, 0)",-0.00512596,-4.141e-05,0.0005928,0.0,2025-W13
adj_close.csv,ARIMA,IWF,0.02070384,0.0152177,0.02034366,0.02070384,0.0152177,0.02034366,"ARIMA(1, 0, 0)",-0.02034366,0.00036017,-0.00512596,0.0,2025-W14
adj_close.csv,ARIMA,IWF,0.01328096,0.03476479,0.01442113,0.01328096,0.03476479,0.01442113,"ARIMA(1, 0, 0)",0.01442113,0.00114017,-0.02034366,0.0,2025-W15
adj_close.csv,ARIMA,IWF,0.00476996,0.02049395,0.00607282,0.00476996,0.02049395,0.00607282,"ARIMA(1, 0, 0)",-0.00607282,-0.00130286,0.01442113,0.0,2025-W16
adj_close.csv,ARIMA,IWF,0.01251878,0.0191919,0.01311908,0.01251878,0.0191919,0.01311908,"ARIMA(1, 0, 0)",0.01311908,0.00060031,-0.00607282,0.0,2025-W17
adj_close.csv,ARIMA,IWF,0.00797265,0.00656607,0.00655301,0.00797265,0.00656607,0.00655301,"ARIMA(1, 0, 0)",0.00655301,-0.00141963,0.01311908,0.0,2025-W18
adj_close.csv,ARIMA,IWF,0.00053359,0.00771307,0.00116006,0.00053359,0.00771307,0.00116006,"ARIMA(1, 0, 0)",-0.00116006,-0.00062648,0.00655301,0.0,2025-W19
adj_close.csv,ARIMA,IWF,0.01360355,0.014875,0.01371494,0.01360355,0.014875,0.01371494,"ARIMA(1, 0, 0)",0.01371494,0.00011139,-0.00116006,0.0,2025-W20
adj_close.csv,ARIMA,IWF,0.00408709,0.01914491,0.00542997,0.00408709,0.01914491,0.00542997,"ARIMA(1, 0, 0)",-0.00542997,-0.00134287,0.01371494,0.0,2025-W21
adj_close.csv,ARIMA,IWF,0.00502126,0.01101859,0.00558862,0.00502126,0.01101859,0.00558862,"ARIMA(1, 0, 0)",0.00558862,0.00056736,-0.00542997,0.0,2025-W22
adj_close.csv,ARIMA,IWF,0.00463658,0.00155379,0.00403483,0.00463658,0.00155379,0.00403483,"ARIMA(1, 0, 0)",0.00403483,-0.00060175,0.00558862,0.0,2025-W23
adj_close.csv,ARIMA,IWF,0.00056158,0.00501868,0.00098385,0.00056158,0.00501868,0.00098385,"ARIMA(1, 0, 0)",-0.00098385,-0.00042227,0.00403483,0.0,2025-W24
adj_close.csv,ARIMA,IWF,0.00134401,0.00025693,0.00124078,0.00134401,0.00025693,0.00124078,"ARIMA(1, 0, 0)",-0.00124078,0.00010323,-0.00098385,0.0,2025-W25
adj_close.csv,ARIMA,IWF,0.00885718,0.01022795,0.00898717,0.00885718,0.01022795,0.00898717,"ARIMA(1, 0, 0)",0.00898717,0.00012999,-0.00124078,0.0,2025-W26
adj_close.csv,ARIMA,IWF,0.00481793,0.00512227,0.00386491,0.00481793,0.00512227,0.00386491,"ARIMA(1, 0, 0)",0.00386491,-0.00095303,0.00898717,0.0,2025-W27
adj_close.csv,ARIMA,IWF,6.343e-05,0.00419205,0.00032715,6.343e-05,0.00419205,0.00032715,"ARIMA(1, 0, 0)",-0.00032715,-0.00039058,0.00386491,0.0,2025-W28
adj_close.csv,ARIMA,IWF,0.00307203,0.00343223,0.00310508,0.00307203,0.00343223,0.00310508,"ARIMA(1, 0, 0)",0.00310508,3.305e-05,-0.00032715,0.0,2025-W29
adj_close.csv,ARIMA,IWF,0.00288577,0.00053338,0.0025717,0.00288577,0.00053338,0.0025717,"ARIMA(1, 0, 0)",0.0025717,-0.00031407,0.00310508,0.0,2025-W30
adj_close.csv,ARIMA,IWF,0.00339947,0.00622864,0.00365694,0.00339947,0.00622864,0.00365694,"ARIMA(1, 0, 0)",-0.00365694,-0.00025747,0.0025717,0.0,2025-W31
adj_close.csv,ARIMA,IWF,0.00601917,0.0100459,0.00638896,0.00601917,0.0100459,0.00638896,"ARIMA(1, 0, 0)",0.00638896,0.00036979,-0.00365694,0.0,2025-W32
adj_close.csv,ARIMA,IWF,0.00203879,0.00501232,0.00137663,0.00203879,0.00501232,0.00137663,"ARIMA(1, 0, 0)",0.00137663,-0.00066216,0.00638896,0.0,2025-W33
adj_close.csv,ARIMA,IWF,0.00153672,0.00305399,0.00167736,0.00153672,0.00305399,0.00167736,"ARIMA(1, 0, 0)",-0.00167736,-0.00014063,0.00137663,0.0,2025-W34
adj_close.csv,ARIMA,IWF,2.359e-05,0.00182552,0.00014817,2.359e-05,0.00182552,0.00014817,"ARIMA(1, 0, 0)",0.00014817,0.00017176,-0.00167736,0.0,2025-W35
adj_close.csv,ARIMA,IWF,0.0020825,0.00191917,0.00206733,0.0020825,0.00191917,0.00206733,"ARIMA(1, 0, 0)",0.00206733,-1.517e-05,0.00014817,0.0,2025-W36
adj_close.csv,ARIMA,IWF,0.00498406,0.00270513,0.00477246,0.00498406,0.00270513,0.00477246,"ARIMA(1, 0, 0)",0.00477246,-0.00021161,0.00206733,0.0,2025-W37
adj_close.csv,ARIMA,IWF,0.0043336,0.00092175,0.0038507,0.0043336,0.00092175,0.0038507,"ARIMA(1, 0, 0)",0.0038507,-0.0004829,0.00477246,0.0,2025-W38
adj_close.csv,ARIMA,IWF,0.00125201,0.0054833,0.00163259,0.00125201,0.0054833,0.00163259,"ARIMA(1, 0, 0)",-0.00163259,-0.00038058,0.0038507,0.0,2025-W39
adj_close.csv,ARIMA,IWF,0.0020201,0.00381495,0.00218235,0.0020201,0.00381495,0.00218235,"ARIMA(1, 0, 0)",0.00218235,0.00016225,-0.00163259,0.0,2025-W40
adj_close.csv,ARIMA,IWF,0.00428857,0.00668862,0.00450627,0.00428857,0.00668862,0.00450627,"ARIMA(1, 0, 0)",-0.00450627,-0.0002177,0.00218235,0.0,2025-W41
adj_close.csv,ARIMA,IWF,0.0028482,0.00780878,0.00330251,0.0028482,0.00780878,0.00330251,"ARIMA(1, 0, 0)",0.00330251,0.0004543,-0.00450627,0.0,2025-W42
adj_close.csv,ARIMA,IWF,0.00460344,0.0009632,0.0042657,0.00460344,0.0009632,0.0042657,"ARIMA(1, 0, 0)",0.0042657,-0.00033774,0.00330251,0.0,2025-W43
adj_close.csv,ARIMA,IWF,0.00391478,0.00077984,0.00348587,0.00391478,0.00077984,0.00348587,"ARIMA(1, 0, 0)",0.00348587,-0.00042892,0.0042657,0.0,2025-W44
adj_close.csv,ARIMA,IWF,0.00557074,0.00940055,0.00591469,0.00557074,0.00940055,0.00591469,"ARIMA(1, 0, 0)",-0.00591469,-0.00034395,0.00348587,0.0,2025-W45
adj_close.csv,ARIMA,IWF,0.00080876,0.00570245,0.00021224,0.00080876,0.00570245,0.00021224,"ARIMA(1, 0, 0)",-0.00021224,0.00059652,-0.00591469,0.0,2025-W46
adj_close.csv,ARIMA,IWF,0.00576408,0.00553055,0.00574279,0.00576408,0.00553055,0.00574279,"ARIMA(1, 0, 0)",-0.00574279,2.129e-05,-0.00021224,0.0,2025-W47
adj_close.csv,ARIMA,IWF,0.00951652,0.01583463,0.01009184,0.00951652,0.01583463,0.01009184,"ARIMA(1, 0, 0)",0.01009184,0.00057532,-0.00574279,0.0,2025-W48
adj_close.csv,ARIMA,IWF,0.00205661,0.00910781,0.00098402,0.00205661,0.00910781,0.00098402,"ARIMA(1, 0, 0)",0.00098402,-0.00107259,0.01009184,0.0,2025-W49
adj_close.csv,ARIMA,IWF,0.00302984,0.0041162,0.00313217,0.00302984,0.0041162,0.00313217,"ARIMA(1, 0, 0)",-0.00313217,-0.00010233,0.00098402,0.0,2025-W50
adj_close.csv,ARIMA,IWF,0.00078135,0.00424028,0.0011081,0.00078135,0.00424028,0.0011081,"ARIMA(1, 0, 0)",0.0011081,0.00032675,-0.00313217,0.0,2025-W51
adj_close.csv,ARIMA,IWF,0.00369625,0.00247225,0.00358036,0.00369625,0.00247225,0.00358036,"ARIMA(1, 0, 0)",0.00358036,-0.0001159,0.0011081,0.0,2025-W52
adj_close.csv,ARIMA,IWF,0.00412788,0.00808109,0.00450073,0.00412788,0.00808109,0.00450073,"ARIMA(1, 0, 0)",-0.00450073,-0.00037285,0.00358036,0.0,2026-W01
adj_close.csv,ARIMA,IWF,0.00138908,0.00636584,0.0018651,0.00138908,0.00636584,0.0018651,"ARIMA(1, 0, 0)",0.0018651,0.00047602,-0.00450073,0.0,2026-W02
adj_close.csv,ARIMA,IWF,0.00216745,0.0042311,0.00236599,0.00216745,0.0042311,0.00236599,"ARIMA(1, 0, 0)",-0.00236599,-0.00019855,0.0018651,0.0,2026-W03
adj_close.csv,ARIMA,IWF,0.00148847,0.00113044,0.00123556,0.00148847,0.00113044,0.00123556,"ARIMA(1, 0, 0)",-0.00123556,0.00025292,-0.00236599,0.0,2026-W04
adj_close.csv,ARIMA,IWF,0.00112067,0.00024649,0.00098907,0.00112067,0.00024649,0.00098907,"ARIMA(1, 0, 0)",-0.00098907,0.0001316,-0.00123556,0.0,2026-W05
adj_close.csv,ARIMA,IWF,0.00317304,0.0042673,0.00327823,0.00317304,0.0042673,0.00327823,"ARIMA(1, 0, 0)",0.00327823,0.0001052,-0.00098907,0.0,2026-W06
adj_close.csv,ARIMA,IWM,0.00695968,0.0032515,0.0066936,0.00695968,0.0032515,0.0066936,"ARIMA(1, 0, 0)",0.0066936,-0.00026609,0.0034421,0.0,2024-W30
adj_close.csv,ARIMA,IWM,0.01363939,0.02082885,0.01413525,0.01363939,0.02082885,0.01413525,"ARIMA(1, 0, 0)",-0.01413525,-0.00049586,0.0066936,0.0,2024-W31
adj_close.csv,ARIMA,IWM,0.00358871,0.01176631,0.00236894,0.00358871,0.01176631,0.00236894,"ARIMA(1, 0, 0)",-0.00236894,0.00121977,-0.01413525,0.0,2024-W32
adj_close.csv,ARIMA,IWM,0.0056724,0.00823011,0.00586117,0.0056724,0.00823011,0.00586117,"ARIMA(1, 0, 0)",0.00586117,0.00018876,-0.00236894,0.0,2024-W33
adj_close.csv,ARIMA,IWM,0.00766547,0.00132701,0.00718817,0.00766547,0.00132701,0.00718817,"ARIMA(1, 0, 0)",0.00718817,-0.00047729,0.00586117,0.0,2024-W34
adj_close.csv,ARIMA,IWM,0.00027103,0.00746064,0.00027246,0.00027103,0.00746064,0.00027246,"ARIMA(1, 0, 0)",-0.00027246,-0.00054349,0.00718817,0.0,2024-W35
adj_close.csv,ARIMA,IWM,0.01425404,0.01396105,0.01423351,0.01425404,0.01396105,0.01423351,"ARIMA(1, 0, 0)",-0.01423351,2.053e-05,-0.00027246,0.0,2024-W36
adj_close.csv,ARIMA,IWM,0.00734581,0.02264482,0.00841131,0.00734581,0.02264482,0.00841131,"ARIMA(1, 0, 0)",0.00841131,0.0010655,-0.01423351,0.0,2024-W37
adj_close.csv,ARIMA,IWM,0.005065,0.00408632,0.00432498,0.005065,0.00408632,0.00432498,"ARIMA(1, 0, 0)",0.00432498,-0.00074001,0.00841131,0.0,2024-W38
adj_close.csv,ARIMA,IWM,8.353e-05,0.0047661,0.00044112,8.353e-05,0.0047661,0.00044112,"ARIMA(1, 0, 0)",-0.00044112,-0.00035759,0.00432498,0.0,2024-W39
adj_close.csv,ARIMA,IWM,0.0011105,0.00063289,0.00107401,0.0011105,0.00063289,0.00107401,"ARIMA(1, 0, 0)",-0.00107401,3.649e-05,-0.00044112,0.0,2024-W40
adj_close.csv,ARIMA,IWM,0.00182764,0.00299043,0.00191642,0.00182764,0.00299043,0.00191642,"ARIMA(1, 0, 0)",0.00191642,8.878e-05,-0.00107401,0.0,2024-W41
adj_close.csv,ARIMA,IWM,0.00408822,0.00201292,0.00392934,0.00408822,0.00201292,0.00392934,"ARIMA(1, 0, 0)",0.00392934,-0.00015888,0.00191642,0.0,2024-W42
adj_close.csv,ARIMA,IWM,0.00576121,0.0100125,0.00608316,0.00576121,0.0100125,0.00608316,"ARIMA(1, 0, 0)",-0.00608316,-0.00032195,0.00392934,0.0,2024-W43
adj_close.csv,ARIMA,IWM,0.00043326,0.00616538,8.221e-05,0.00043326,0.00616538,8.221e-05,"ARIMA(1, 0, 0)",8.221e-05,0.00051547,-0.00608316,0.0,2024-W44
adj_close.csv,ARIMA,IWM,0.01676581,0.01667666,0.01675887,0.01676581,0.01667666,0.01675887,"ARIMA(1, 0, 0)",0.01675887,-6.94e-06,8.221e-05,0.0,2024-W45
adj_close.csv,ARIMA,IWM,0.0068534,0.02502409,0.00826521,0.0068534,0.02502409,0.00826521,"ARIMA(1, 0, 0)",-0.00826521,-0.00141182,0.01675887,0.0,2024-W46
adj_close.csv,ARIMA,IWM,0.00800108,0.01707563,0.00881041,0.00800108,0.01707563,0.00881041,"ARIMA(1, 0, 0)",0.00881041,0.00080934,-0.00826521,0.0,2024-W47
adj_close.csv,ARIMA,IWM,0.00415644,0.00558553,0.00322489,0.00415644,0.00558553,0.00322489,"ARIMA(1, 0, 0)",0.00322489,-0.00093155,0.00881041,0.0,2024-W48
adj_close.csv,ARIMA,IWM,0.00211879,0.00567083,0.00244594,0.00211879,0.00567083,0.00244594,"ARIMA(1, 0, 0)",-0.00244594,-0.00032715,0.00322489,0.0,2024-W49
adj_close.csv,ARIMA,IWM,0.00521643,0.00252041,0.00496634,0.00521643,0.00252041,0.00496634,"ARIMA(1, 0, 0)",-0.00496634,0.00025009,-0.00244594,0.0,2024-W50
adj_close.csv,ARIMA,IWM,0.00971182,0.00424509,0.00921144,0.00971182,0.00424509,0.00921144,"ARIMA(1, 0, 0)",-0.00921144,0.00050038,-0.00496634,0.0,2024-W51
adj_close.csv,ARIMA,IWM,0.00034745,0.00974032,0.00052889,0.00034745,0.00974032,0.00052889,"ARIMA(1, 0, 0)",0.00052889,0.00087634,-0.00921144,0.0,2024-W52
adj_close.csv,ARIMA,IWM,0.00233292,0.00175392,0.0022828,0.00233292,0.00175392,0.0022828,"ARIMA(1, 0, 0)",0.0022828,-5.012e-05,0.00052889,0.0,2025-W01
adj_close.csv,ARIMA,IWM,0.00839652,0.01089533,0.00861253,0.00839652,0.01089533,0.00861253,"ARIMA(1, 0, 0)",-0.00861253,-0.00021601,0.0022828,0.0,2025-W02
adj_close.csv,ARIMA,IWM,0.00697185,0.01641836,0.00780584,0.00697185,0.01641836,0.00780584,"ARIMA(1, 0, 0)",0.00780584,0.00083398,-0.00861253,0.0,2025-W03
adj_close.csv,ARIMA,IWM,0.00436558,0.0042497,0.00355613,0.00436558,0.0042497,0.00355613,"ARIMA(1, 0, 0)",0.00355613,-0.00080944,0.00780584,0.0,2025-W04
adj_close.csv,ARIMA,IWM,0.00158714,0.00549828,0.00194215,0.00158714,0.00549828,0.00194215,"ARIMA(1, 0, 0)",-0.00194215,-0.00035501,0.00355613,0.0,2025-W05
adj_close.csv,ARIMA,IWM,0.00061946,0.00151781,0.00042434,0.00061946,0.00151781,0.00042434,"ARIMA(1, 0, 0)",-0.00042434,0.00019513,-0.00194215,0.0,2025-W06
adj_close.csv,ARIMA,IWM,6.911e-05,0.0003978,2.653e-05,6.911e-05,0.0003978,2.653e-05,"ARIMA(1, 0, 0)",-2.653e-05,4.257e-05,-0.00042434,0.0,2025-W07
adj_close.csv,ARIMA,IWM,0.00920893,0.00917973,0.00920626,0.00920893,0.00917973,0.00920626,"ARIMA(1, 0, 0)",-0.00920626,2.66e-06,-2.653e-05,0.0,2025-W08
adj_close.csv,ARIMA,IWM,0.0038371,0.00629256,0.0029137,0.0038371,0.00629256,0.0029137,"ARIMA(1, 0, 0)",-0.0029137,0.0009234,-0.00920626,0.0,2025-W09
adj_close.csv,ARIMA,IWM,0.00855576,0.00536136,0.00827507,0.00855576,0.00536136,0.00827507,"ARIMA(1, 0, 0)",-0.00827507,0.0002807,-0.0029137,0.0,2025-W10
adj_close.csv,ARIMA,IWM,0.00376796,0.00528117,0.00299389,0.00376796,0.00528117,0.00299389,"ARIMA(1, 0, 0)",-0.00299389,0.00077407,-0.00827507,0.0,2025-W11
adj_close.csv,ARIMA,IWM,0.00106384,0.00432741,0.00133351,0.00106384,0.00432741,0.00133351,"ARIMA(1, 0, 0)",0.00133351,0.00026967,-0.00299389,0.0,2025-W12
adj_close.csv,ARIMA,IWM,0.00318448,0.00463858,0.00330506,0.00318448,0.00463858,0.00330506,"ARIMA(1, 0, 0)",-0.00330506,-0.00012059,0.00133351,0.0,2025-W13
adj_close.csv,ARIMA,IWM,0.02050413,0.01689864,0.0202037,0.02050413,0.01689864,0.0202037,"ARIMA(1, 0, 0)",-0.0202037,0.00030043,-0.00330506,0.0,2025-W14
adj_close.csv,ARIMA,IWM,0.00178431,0.02367254,0.00346884,0.00178431,0.02367254,0.00346884,"ARIMA(1, 0, 0)",0.00346884,0.00168453,-0.0202037,0.0,2025-W15
adj_close.csv,ARIMA,IWM,0.0031609,0.00061044,0.0028584,0.0031609,0.00061044,0.0028584,"ARIMA(1, 0, 0)",0.0028584,-0.0003025,0.00346884,0.0,2025-W16
adj_close.csv,ARIMA,IWM,0.00827645,0.00517211,0.00803051,0.00827645,0.00517211,0.00803051,"ARIMA(1, 0, 0)",0.00803051,-0.00024594,0.0028584,0.0,2025-W17
adj_close.csv,ARIMA,IWM,0.00711843,0.00158291,0.0064476,0.00711843,0.00158291,0.0064476,"ARIMA(1, 0, 0)",0.0064476,-0.00067083,0.00803051,0.0,2025-W18
adj_close.csv,ARIMA,IWM,0.00082875,0.00611867,0.00032893,0.00082875,0.00611867,0.00032893,"ARIMA(1, 0, 0)",0.00032893,-0.00049982,0.0064476,0.0,2025-W19
adj_close.csv,ARIMA,IWM,0.00883209,0.00847785,0.00880678,0.00883209,0.00847785,0.00880678,"ARIMA(1, 0, 0)",0.00880678,-2.531e-05,0.00032893,0.0,2025-W20
adj_close.csv,ARIMA,IWM,0.00639629,0.01587816,0.00707138,0.00639629,0.01587816,0.00707138,"ARIMA(1, 0, 0)",-0.00707138,-0.00067509,0.00880678,0.0,2025-W21
adj_close.csv,ARIMA,IWM,0.00249535,0.01015019,0.00307881,0.00249535,0.01015019,0.00307881,"ARIMA(1, 0, 0)",0.00307881,0.00058346,-0.00707138,0.0,2025-W22
adj_close.csv,ARIMA,IWM,0.00681225,0.00347379,0.0065526,0.00681225,0.00347379,0.0065526,"ARIMA(1, 0, 0)",0.0065526,-0.00025965,0.00307881,0.0,2025-W23
adj_close.csv,ARIMA,IWM,0.00232291,0.00941392,0.00286133,0.00232291,0.00941392,0.00286133,"ARIMA(1, 0, 0)",-0.00286133,-0.00053841,0.0065526,0.0,2025-W24
adj_close.csv,ARIMA,IWM,0.00083343,0.00393435,0.00107302,0.00083343,0.00393435,0.00107302,"ARIMA(1, 0, 0)",0.00107302,0.00023959,-0.00286133,0.0,2025-W25
adj_close.csv,ARIMA,IWM,0.00599601,0.00483288,0.0059059,0.00599601,0.00483288,0.0059059,"ARIMA(1, 0, 0)",0.0059059,-9.011e-05,0.00107302,0.0,2025-W26
adj_close.csv,ARIMA,IWM,0.00915766,0.00275969,0.00866559,0.00915766,0.00275969,0.00866559,"ARIMA(1, 0, 0)",0.00866559,-0.00049206,0.0059059,0.0,2025-W27
adj_close.csv,ARIMA,IWM,0.00056706,0.00990667,0.00124107,0.00056706,0.00990667,0.00124107,"ARIMA(1, 0, 0)",-0.00124107,-0.00067402,0.00866559,0.0,2025-W28
adj_close.csv,ARIMA,IWM,0.00047039,0.00180861,0.00056754,0.00047039,0.00180861,0.00056754,"ARIMA(1, 0, 0)",0.00056754,9.715e-05,-0.00124107,0.0,2025-W29
adj_close.csv,ARIMA,IWM,0.00188012,0.00126812,0.00183566,0.00188012,0.00126812,0.00183566,"ARIMA(1, 0, 0)",0.00183566,-4.446e-05,0.00056754,0.0,2025-W30
adj_close.csv,ARIMA,IWM,0.00847143,0.01045069,0.00861504,0.00847143,0.01045069,0.00861504,"ARIMA(1, 0, 0)",-0.00861504,-0.0001436,0.00183566,0.0,2025-W31
adj_close.csv,ARIMA,IWM,0.00427547,0.01357807,0.00496303,0.00427547,0.01357807,0.00496303,"ARIMA(1, 0, 0)",0.00496303,0.00068756,-0.00861504,0.0,2025-W32
adj_close.csv,ARIMA,IWM,0.00650283,0.00112528,0.00608831,0.00650283,0.00112528,0.00608831,"ARIMA(1, 0, 0)",0.00608831,-0.00041452,0.00496303,0.0,2025-W33
adj_close.csv,ARIMA,IWM,0.00715661,0.00057955,0.00666786,0.00715661,0.00057955,0.00666786,"ARIMA(1, 0, 0)",0.00666786,-0.00048875,0.00608831,0.0,2025-W34
adj_close.csv,ARIMA,IWM,0.00079554,0.0063785,0.00028936,0.00079554,0.0063785,0.00028936,"ARIMA(1, 0, 0)",0.00028936,-0.00050618,0.00666786,0.0,2025-W35
adj_close.csv,ARIMA,IWM,0.00277061,0.00245943,0.00274879,0.00277061,0.00245943,0.00274879,"ARIMA(1, 0, 0)",0.00274879,-2.181e-05,0.00028936,0.0,2025-W36
adj_close.csv,ARIMA,IWM,0.00068586,0.00226993,0.00047886,0.00068586,0.00226993,0.00047886,"ARIMA(1, 0, 0)",0.00047886,-0.000207,0.00274879,0.0,2025-W37
adj_close.csv,ARIMA,IWM,0.00445866,0.00394382,0.00442269,0.00445866,0.00394382,0.00442269,"ARIMA(1, 0, 0)",0.00442269,-3.597e-05,0.00047886,0.0,2025-W38
adj_close.csv,ARIMA,IWM,0.00102321,0.00577717,0.00135448,0.00102321,0.00577717,0.00135448,"ARIMA(1, 0, 0)",-0.00135448,-0.00033128,0.00442269,0.0,2025-W39
adj_close.csv,ARIMA,IWM,0.00358465,0.0050412,0.00368671,0.00358465,0.0050412,0.00368671,"ARIMA(1, 0, 0)",0.00368671,0.00010207,-0.00135448,0.0,2025-W40
adj_close.csv,ARIMA,IWM,0.00637088,0.01033718,0.00665047,0.00637088,0.01033718,0.00665047,"ARIMA(1, 0, 0)",-0.00665047,-0.00027959,0.00368671,0.0,2025-W41
adj_close.csv,ARIMA,IWM,0.00415202,0.01132234,0.00467187,0.00415202,0.01132234,0.00467187,"ARIMA(1, 0, 0)",0.00467187,0.00051986,-0.00665047,0.0,2025-W42
adj_close.csv,ARIMA,IWM,0.00526414,0.00021432,0.0048862,0.00526414,0.00021432,0.0048862,"ARIMA(1, 0, 0)",0.0048862,-0.00037795,0.00467187,0.0,2025-W43
adj_close.csv,ARIMA,IWM,0.00219902,0.00746864,0.00258245,0.00219902,0.00746864,0.00258245,"ARIMA(1, 0, 0)",-0.00258245,-0.00038343,0.0048862,0.0,2025-W44
adj_close.csv,ARIMA,IWM,0.00399362,0.00120579,0.00378824,0.00399362,0.00120579,0.00378824,"ARIMA(1, 0, 0)",-0.00378824,0.00020538,-0.00258245,0.0,2025-W45
adj_close.csv,ARIMA,IWM,0.00374572,0.00033995,0.00344829,0.00374572,0.00033995,0.00344829,"ARIMA(1, 0, 0)",-0.00344829,0.00029744,-0.00378824,0.0,2025-W46
adj_close.csv,ARIMA,IWM,0.00185553,0.0018587,0.00158959,0.00185553,0.0018587,0.00158959,"ARIMA(1, 0, 0)",-0.00158959,0.00026594,-0.00344829,0.0,2025-W47
adj_close.csv,ARIMA,IWM,0.01345663,0.01516782,0.01357823,0.01345663,0.01516782,0.01357823,"ARIMA(1, 0, 0)",0.01357823,0.0001216,-0.00158959,0.0,2025-W48
adj_close.csv,ARIMA,IWM,0.00268471,0.01196066,0.00161757,0.00268471,0.01196066,0.00161757,"ARIMA(1, 0, 0)",0.00161757,-0.00106714,0.01357823,0.0,2025-W49
adj_close.csv,ARIMA,IWM,0.00256292,0.0008239,0.00244147,0.00256292,0.0008239,0.00244147,"ARIMA(1, 0, 0)",0.00244147,-0.00012145,0.00161757,0.0,2025-W50
adj_close.csv,ARIMA,IWM,0.00157364,0.00419744,0.00175597,0.00157364,0.00419744,0.00175597,"ARIMA(1, 0, 0)",-0.00175597,-0.00018233,0.00244147,0.0,2025-W51
adj_close.csv,ARIMA,IWM,0.00049544,0.0023832,0.00062723,0.00049544,0.0023832,0.00062723,"ARIMA(1, 0, 0)",0.00062723,0.00013179,-0.00175597,0.0,2025-W52
adj_close.csv,ARIMA,IWM,0.00259184,0.0032662,0.00263897,0.00259184,0.0032662,0.00263897,"ARIMA(1, 0, 0)",-0.00263897,-4.713e-05,0.00062723,0.0,2026-W01
adj_close.csv,ARIMA,IWM,0.00880069,0.01163835,0.00899939,0.00880069,0.01163835,0.00899939,"ARIMA(1, 0, 0)",0.00899939,0.00019869,-0.00263897,0.0,2026-W02
adj_close.csv,ARIMA,IWM,0.00490323,0.00479383,0.00420556,0.00490323,0.00479383,0.00420556,"ARIMA(1, 0, 0)",0.00420556,-0.00069767,0.00899939,0.0,2026-W03
adj_close.csv,ARIMA,IWM,0.00058695,0.00510083,0.00089528,0.00058695,0.00510083,0.00089528,"ARIMA(1, 0, 0)",-0.00089528,-0.00030833,0.00420556,0.0,2026-W04
adj_close.csv,ARIMA,IWM,0.00400145,0.00304033,0.00393561,0.00400145,0.00304033,0.00393561,"ARIMA(1, 0, 0)",-0.00393561,6.585e-05,-0.00089528,0.0,2026-W05
adj_close.csv,ARIMA,IWM,0.0094086,0.01363232,0.00969672,0.0094086,0.01363232,0.00969672,"ARIMA(1, 0, 0)",0.00969672,0.00028812,-0.00393561,0.0,2026-W06
adj_close.csv,ARIMA,MDY,0.00398385,0.00452158,0.0039558,0.00398385,0.00452158,0.0039558,"ARIMA(0, 0, 1)",0.0039558,-2.805e-05,-0.00056578,0.0,2024-W30
adj_close.csv,ARIMA,MDY,0.00827953,0.01263402,0.00867822,0.00827953,0.01263402,0.00867822,"ARIMA(0, 0, 1)",-0.00867822,-0.0003987,0.0039558,0.0,2024-W31
adj_close.csv,ARIMA,MDY,0.00150765,0.00804503,0.00063319,0.00150765,0.00804503,0.00063319,"ARIMA(0, 0, 1)",-0.00063319,0.00087445,-0.00867822,0.0,2024-W32
adj_close.csv,ARIMA,MDY,0.00513556,0.0059234,0.00529021,0.00513556,0.0059234,0.00529021,"ARIMA(0, 0, 1)",0.00529021,0.00015465,-0.00063319,0.0,2024-W33
adj_close.csv,ARIMA,MDY,0.0061647,0.00033058,0.00562079,0.0061647,0.00033058,0.00562079,"ARIMA(0, 0, 1)",0.00562079,-0.0005439,0.00529021,0.0,2024-W34
adj_close.csv,ARIMA,MDY,0.00030699,0.00592836,0.00030757,0.00030699,0.00592836,0.00030757,"ARIMA(0, 0, 1)",-0.00030757,-0.00061456,0.00562079,0.0,2024-W35
adj_close.csv,ARIMA,MDY,0.01236736,0.01209018,0.01239775,0.01236736,0.01209018,0.01239775,"ARIMA(0, 0, 1)",-0.01239775,-3.039e-05,-0.00030757,0.0,2024-W36
adj_close.csv,ARIMA,MDY,0.0051367,0.01879313,0.00639538,0.0051367,0.01879313,0.00639538,"ARIMA(0, 0, 1)",0.00639538,0.00125868,-0.01239775,0.0,2024-W37
adj_close.csv,ARIMA,MDY,0.00509754,0.00186369,0.00453169,0.00509754,0.00186369,0.00453169,"ARIMA(0, 0, 1)",0.00453169,-0.00056585,0.00639538,0.0,2024-W38
adj_close.csv,ARIMA,MDY,0.00149486,0.00359484,0.00093685,0.00149486,0.00359484,0.00093685,"ARIMA(0, 0, 1)",0.00093685,-0.00055802,0.00453169,0.0,2024-W39
adj_close.csv,ARIMA,MDY,0.0001926,0.00090517,3.167e-05,0.0001926,0.00090517,3.167e-05,"ARIMA(0, 0, 1)",3.167e-05,-0.00016093,0.00093685,0.0,2024-W40
adj_close.csv,ARIMA,MDY,0.00237479,0.0023223,0.00235398,0.00237479,0.0023223,0.00235398,"ARIMA(0, 0, 1)",0.00235398,-2.082e-05,3.167e-05,0.0,2024-W41
adj_close.csv,ARIMA,MDY,0.0030015,0.00039097,0.00274495,0.0030015,0.00039097,0.00274495,"ARIMA(0, 0, 1)",0.00274495,-0.00025655,0.00235398,0.0,2024-W42
adj_close.csv,ARIMA,MDY,0.00534181,0.00840683,0.00566188,0.00534181,0.00840683,0.00566188,"ARIMA(0, 0, 1)",-0.00566188,-0.00032007,0.00274495,0.0,2024-W43
adj_close.csv,ARIMA,MDY,0.00089594,0.00535161,0.00031027,0.00089594,0.00535161,0.00031027,"ARIMA(0, 0, 1)",-0.00031027,0.00058567,-0.00566188,0.0,2024-W44
adj_close.csv,ARIMA,MDY,0.01206273,0.01247025,0.01215998,0.01206273,0.01247025,0.01215998,"ARIMA(0, 0, 1)",0.01215998,9.725e-05,-0.00031027,0.0,2024-W45
adj_close.csv,ARIMA,MDY,0.00409889,0.01760943,0.00544945,0.00409889,0.01760943,0.00544945,"ARIMA(0, 0, 1)",-0.00544945,-0.00135056,0.01215998,0.0,2024-W46
adj_close.csv,ARIMA,MDY,0.00773403,0.01366558,0.00821613,0.00773403,0.01366558,0.00821613,"ARIMA(0, 0, 1)",0.00821613,0.0004821,-0.00544945,0.0,2024-W47
adj_close.csv,ARIMA,MDY,0.00306141,0.00611674,0.00209939,0.00306141,0.00611674,0.00209939,"ARIMA(0, 0, 1)",0.00209939,-0.00096202,0.00821613,0.0,2024-W48
adj_close.csv,ARIMA,MDY,0.0019401,0.00440539,0.002306,0.0019401,0.00440539,0.002306,"ARIMA(0, 0, 1)",-0.002306,-0.00036591,0.00209939,0.0,2024-W49
adj_close.csv,ARIMA,MDY,0.00326456,0.00072272,0.00302872,0.00326456,0.00072272,0.00302872,"ARIMA(0, 0, 1)",-0.00302872,0.00023584,-0.002306,0.0,2024-W50
adj_close.csv,ARIMA,MDY,0.00972204,0.00629874,0.00932747,0.00972204,0.00629874,0.00932747,"ARIMA(0, 0, 1)",-0.00932747,0.00039458,-0.00302872,0.0,2024-W51
adj_close.csv,ARIMA,MDY,0.00024225,0.01020275,0.00087528,0.00024225,0.01020275,0.00087528,"ARIMA(0, 0, 1)",0.00087528,0.00111753,-0.00932747,0.0,2024-W52
adj_close.csv,ARIMA,MDY,0.00122777,0.00037981,0.0012551,0.00122777,0.00037981,0.0012551,"ARIMA(0, 0, 1)",0.0012551,2.733e-05,0.00087528,0.0,2025-W01
adj_close.csv,ARIMA,MDY,0.004023,0.00541923,0.00416413,0.004023,0.00541923,0.00416413,"ARIMA(0, 0, 1)",-0.00416413,-0.00014113,0.0012551,0.0,2025-W02
adj_close.csv,ARIMA,MDY,0.00835373,0.01298359,0.00881946,0.00835373,0.01298359,0.00881946,"ARIMA(0, 0, 1)",0.00881946,0.00046573,-0.00416413,0.0,2025-W03
adj_close.csv,ARIMA,MDY,0.00369427,0.00613561,0.00268385,0.00369427,0.00613561,0.00268385,"ARIMA(0, 0, 1)",0.00268385,-0.00101042,0.00881946,0.0,2025-W04
adj_close.csv,ARIMA,MDY,0.00186745,0.00497648,0.00229263,0.00186745,0.00497648,0.00229263,"ARIMA(0, 0, 1)",-0.00229263,-0.00042519,0.00268385,0.0,2025-W05
adj_close.csv,ARIMA,MDY,0.00202503,0.00048657,0.00180607,0.00202503,0.00048657,0.00180607,"ARIMA(0, 0, 1)",-0.00180607,0.00021896,-0.00229263,0.0,2025-W06
adj_close.csv,ARIMA,MDY,0.00070911,0.00133404,0.00047202,0.00070911,0.00133404,0.00047202,"ARIMA(0, 0, 1)",-0.00047202,0.00023709,-0.00180607,0.0,2025-W07
adj_close.csv,ARIMA,MDY,0.00768449,0.00712966,0.00760169,0.00768449,0.00712966,0.00760169,"ARIMA(0, 0, 1)",-0.00760169,8.28e-05,-0.00047202,0.0,2025-W08
adj_close.csv,ARIMA,MDY,0.00113659,0.00735437,0.00024732,0.00113659,0.00735437,0.00024732,"ARIMA(0, 0, 1)",-0.00024732,0.00088928,-0.00760169,0.0,2025-W09
adj_close.csv,ARIMA,MDY,0.00717967,0.00680373,0.00705105,0.00717967,0.00680373,0.00705105,"ARIMA(0, 0, 1)",-0.00705105,0.00012862,-0.00024732,0.0,2025-W10
adj_close.csv,ARIMA,MDY,0.00467319,0.00318378,0.00386727,0.00467319,0.00318378,0.00386727,"ARIMA(0, 0, 1)",-0.00386727,0.00080591,-0.00705105,0.0,2025-W11
adj_close.csv,ARIMA,MDY,0.00078912,0.00515142,0.00128414,0.00078912,0.00515142,0.00128414,"ARIMA(0, 0, 1)",0.00128414,0.00049502,-0.00386727,0.0,2025-W12
adj_close.csv,ARIMA,MDY,0.00203123,0.00339983,0.00211568,0.00203123,0.00339983,0.00211568,"ARIMA(0, 0, 1)",-0.00211568,-8.445e-05,0.00128414,0.0,2025-W13
adj_close.csv,ARIMA,MDY,0.01932428,0.01698992,0.0191056,0.01932428,0.01698992,0.0191056,"ARIMA(0, 0, 1)",-0.0191056,0.00021867,-0.00211568,0.0,2025-W14
adj_close.csv,ARIMA,MDY,0.00363705,0.02470315,0.00559754,0.00363705,0.02470315,0.00559754,"ARIMA(0, 0, 1)",0.00559754,0.00196049,-0.0191056,0.0,2025-W15
adj_close.csv,ARIMA,MDY,0.00254135,0.00344093,0.00215662,0.00254135,0.00344093,0.00215662,"ARIMA(0, 0, 1)",0.00215662,-0.00038473,0.00559754,0.0,2025-W16
adj_close.csv,ARIMA,MDY,0.00645609,0.0040168,0.00617342,0.00645609,0.0040168,0.00617342,"ARIMA(0, 0, 1)",0.00617342,-0.00028268,0.00215662,0.0,2025-W17
adj_close.csv,ARIMA,MDY,0.00771462,0.00084018,0.0070136,0.00771462,0.00084018,0.0070136,"ARIMA(0, 0, 1)",0.0070136,-0.00070103,0.00617342,0.0,2025-W18
adj_close.csv,ARIMA,MDY,0.00174488,0.00604206,0.00097154,0.00174488,0.00604206,0.00097154,"ARIMA(0, 0, 1)",0.00097154,-0.00077334,0.0070136,0.0,2025-W19
adj_close.csv,ARIMA,MDY,0.00972015,0.00857791,0.00954945,0.00972015,0.00857791,0.00954945,"ARIMA(0, 0, 1)",0.00954945,-0.0001707,0.00097154,0.0,2025-W20
adj_close.csv,ARIMA,MDY,0.00637848,0.01685748,0.00730803,0.00637848,0.01685748,0.00730803,"ARIMA(0, 0, 1)",-0.00730803,-0.00092955,0.00954945,0.0,2025-W21
adj_close.csv,ARIMA,MDY,0.00119778,0.0091647,0.00185667,0.00119778,0.0091647,0.00185667,"ARIMA(0, 0, 1)",0.00185667,0.00065889,-0.00730803,0.0,2025-W22
adj_close.csv,ARIMA,MDY,0.00360925,0.00162643,0.0034831,0.00360925,0.00162643,0.0034831,"ARIMA(0, 0, 1)",0.0034831,-0.00012615,0.00185667,0.0,2025-W23
adj_close.csv,ARIMA,MDY,0.00242963,0.00629303,0.00280993,0.00242963,0.00629303,0.00280993,"ARIMA(0, 0, 1)",-0.00280993,-0.00038031,0.0034831,0.0,2025-W24
adj_close.csv,ARIMA,MDY,0.00125437,0.00432298,0.00151305,0.00125437,0.00432298,0.00151305,"ARIMA(0, 0, 1)",0.00151305,0.00025868,-0.00280993,0.0,2025-W25
adj_close.csv,ARIMA,MDY,0.00528375,0.00363646,0.00514951,0.00528375,0.00363646,0.00514951,"ARIMA(0, 0, 1)",0.00514951,-0.00013423,0.00151305,0.0,2025-W26
adj_close.csv,ARIMA,MDY,0.00748974,0.00177904,0.00692855,0.00748974,0.00177904,0.00692855,"ARIMA(0, 0, 1)",0.00692855,-0.00056119,0.00514951,0.0,2025-W27
adj_close.csv,ARIMA,MDY,0.0003527,0.00803045,0.0011019,0.0003527,0.00803045,0.0011019,"ARIMA(0, 0, 1)",-0.0011019,-0.0007492,0.00692855,0.0,2025-W28
adj_close.csv,ARIMA,MDY,3.035e-05,0.0011675,6.56e-05,3.035e-05,0.0011675,6.56e-05,"ARIMA(0, 0, 1)",6.56e-05,3.525e-05,-0.0011019,0.0,2025-W29
adj_close.csv,ARIMA,MDY,0.00286469,0.00279603,0.00286163,0.00286469,0.00279603,0.00286163,"ARIMA(0, 0, 1)",0.00286163,-3.06e-06,6.56e-05,0.0,2025-W30
adj_close.csv,ARIMA,MDY,0.00687464,0.01002515,0.00716352,0.00687464,0.01002515,0.00716352,"ARIMA(0, 0, 1)",-0.00716352,-0.00028889,0.00286163,0.0,2025-W31
adj_close.csv,ARIMA,MDY,0.00070451,0.00857978,0.00141625,0.00070451,0.00857978,0.00141625,"ARIMA(0, 0, 1)",0.00141625,0.00071174,-0.00716352,0.0,2025-W32
adj_close.csv,ARIMA,MDY,0.00317601,0.00168672,0.00310297,0.00317601,0.00168672,0.00310297,"ARIMA(0, 0, 1)",0.00310297,-7.304e-05,0.00141625,0.0,2025-W33
adj_close.csv,ARIMA,MDY,0.00560839,0.00217461,0.00527758,0.00560839,0.00217461,0.00527758,"ARIMA(0, 0, 1)",0.00527758,-0.0003308,0.00310297,0.0,2025-W34
adj_close.csv,ARIMA,MDY,0.0004346,0.00541196,0.00013438,0.0004346,0.00541196,0.00013438,"ARIMA(0, 0, 1)",-0.00013438,-0.00056898,0.00527758,0.0,2025-W35
adj_close.csv,ARIMA,MDY,0.00326993,0.00336052,0.00322614,0.00326993,0.00336052,0.00322614,"ARIMA(0, 0, 1)",0.00322614,-4.379e-05,-0.00013438,0.0,2025-W36
adj_close.csv,ARIMA,MDY,0.00042451,0.0039806,0.00075446,0.00042451,0.0039806,0.00075446,"ARIMA(0, 0, 1)",-0.00075446,-0.00032995,0.00322614,0.0,2025-W37
adj_close.csv,ARIMA,MDY,9.251e-05,0.00088983,0.00013537,9.251e-05,0.00088983,0.00013537,"ARIMA(0, 0, 1)",0.00013537,4.286e-05,-0.00075446,0.0,2025-W38
adj_close.csv,ARIMA,MDY,0.00090696,0.00105168,0.00091631,0.00090696,0.00105168,0.00091631,"ARIMA(0, 0, 1)",-0.00091631,-9.35e-06,0.00013537,0.0,2025-W39
adj_close.csv,ARIMA,MDY,0.00124457,0.0022526,0.00133629,0.00124457,0.0022526,0.00133629,"ARIMA(0, 0, 1)",0.00133629,9.171e-05,-0.00091631,0.0,2025-W40
adj_close.csv,ARIMA,MDY,0.00765126,0.00911358,0.00777729,0.00765126,0.00911358,0.00777729,"ARIMA(0, 0, 1)",-0.00777729,-0.00012603,0.00133629,0.0,2025-W41
adj_close.csv,ARIMA,MDY,0.00301791,0.01157981,0.00380252,0.00301791,0.01157981,0.00380252,"ARIMA(0, 0, 1)",0.00380252,0.00078461,-0.00777729,0.0,2025-W42
adj_close.csv,ARIMA,MDY,0.0048865,0.00076735,0.00456987,0.0048865,0.00076735,0.00456987,"ARIMA(0, 0, 1)",0.00456987,-0.00031662,0.00380252,0.0,2025-W43
adj_close.csv,ARIMA,MDY,0.00266779,0.00774532,0.00317545,0.00266779,0.00774532,0.00317545,"ARIMA(0, 0, 1)",-0.00317545,-0.00050766,0.00456987,0.0,2025-W44
adj_close.csv,ARIMA,MDY,0.00034881,0.003108,6.745e-05,0.00034881,0.003108,6.745e-05,"ARIMA(0, 0, 1)",-6.745e-05,0.00028137,-0.00317545,0.0,2025-W45
adj_close.csv,ARIMA,MDY,0.00228299,0.00217869,0.00224614,0.00228299,0.00217869,0.00224614,"ARIMA(0, 0, 1)",-0.00224614,3.685e-05,-6.745e-05,0.0,2025-W46
adj_close.csv,ARIMA,MDY,0.00155555,0.00093162,0.00131452,0.00155555,0.00093162,0.00131452,"ARIMA(0, 0, 1)",-0.00131452,0.00024103,-0.00224614,0.0,2025-W47
adj_close.csv,ARIMA,MDY,0.00958703,0.01106488,0.00975036,0.00958703,0.01106488,0.00975036,"ARIMA(0, 0, 1)",0.00975036,0.00016333,-0.00131452,0.0,2025-W48
adj_close.csv,ARIMA,MDY,0.00165486,0.00912374,0.00062662,0.00165486,0.00912374,0.00062662,"ARIMA(0, 0, 1)",0.00062662,-0.00102824,0.00975036,0.0,2025-W49
adj_close.csv,ARIMA,MDY,0.00204978,0.00125132,0.00187795,0.00204978,0.00125132,0.00187795,"ARIMA(0, 0, 1)",0.00187795,-0.00017184,0.00062662,0.0,2025-W50
adj_close.csv,ARIMA,MDY,0.00043076,0.0016613,0.00021665,0.00043076,0.0016613,0.00021665,"ARIMA(0, 0, 1)",0.00021665,-0.00021411,0.00187795,0.0,2025-W51
adj_close.csv,ARIMA,MDY,0.00157727,0.00131568,0.00153233,0.00157727,0.00131568,0.00153233,"ARIMA(0, 0, 1)",0.00153233,-4.494e-05,0.00021665,0.0,2025-W52
adj_close.csv,ARIMA,MDY,0.00147414,0.00317096,0.00163864,0.00147414,0.00317096,0.00163864,"ARIMA(0, 0, 1)",-0.00163864,-0.00016449,0.00153233,0.0,2026-W01
adj_close.csv,ARIMA,MDY,0.00630658,0.00809938,0.00646074,0.00630658,0.00809938,0.00646074,"ARIMA(0, 0, 1)",0.00646074,0.00015417,-0.00163864,0.0,2026-W02
adj_close.csv,ARIMA,MDY,0.00333243,0.00379558,0.00266517,0.00333243,0.00379558,0.00266517,"ARIMA(0, 0, 1)",0.00266517,-0.00066726,0.00646074,0.0,2026-W03
adj_close.csv,ARIMA,MDY,0.00110841,0.00411499,0.00144983,0.00110841,0.00411499,0.00144983,"ARIMA(0, 0, 1)",-0.00144983,-0.00034142,0.00266517,0.0,2026-W04
adj_close.csv,ARIMA,MDY,0.00283038,0.00126601,0.00271584,0.00283038,0.00126601,0.00271584,"ARIMA(0, 0, 1)",-0.00271584,0.00011454,-0.00144983,0.0,2026-W05
adj_close.csv,ARIMA,MDY,0.00783334,0.01084118,0.00812534,0.00783334,0.01084118,0.00812534,"ARIMA(0, 0, 1)",0.00812534,0.000292,-0.00271584,0.0,2026-W06
adj_close.csv,ARIMA,QQQ,0.00581673,0.00284326,0.00523155,0.00581673,0.00284326,0.00523155,"ARIMA(1, 0, 0)",-0.00523155,0.00058518,-0.00807481,0.0,2024-W30
adj_close.csv,ARIMA,QQQ,0.00658344,0.00100772,0.00623927,0.00658344,0.00100772,0.00623927,"ARIMA(1, 0, 0)",-0.00623927,0.00034417,-0.00523155,0.0,2024-W31
adj_close.csv,ARIMA,QQQ,0.00035848,0.00697776,0.00073849,0.00035848,0.00697776,0.00073849,"ARIMA(1, 0, 0)",0.00073849,0.00038001,-0.00623927,0.0,2024-W32
adj_close.csv,ARIMA,QQQ,0.01068915,0.00990545,0.01064394,0.01068915,0.00990545,0.01064394,"ARIMA(1, 0, 0)",0.01064394,-4.521e-05,0.00073849,0.0,2024-W33
adj_close.csv,ARIMA,QQQ,0.00272141,0.00856233,0.00208161,0.00272141,0.00856233,0.00208161,"ARIMA(1, 0, 0)",0.00208161,-0.0006398,0.01064394,0.0,2024-W34
adj_close.csv,ARIMA,QQQ,0.00144348,0.00364185,0.00156024,0.00144348,0.00364185,0.00156024,"ARIMA(1, 0, 0)",-0.00156024,-0.00011676,0.00208161,0.0,2024-W35
adj_close.csv,ARIMA,QQQ,0.01500131,0.0133529,0.01491314,0.01500131,0.0133529,0.01491314,"ARIMA(1, 0, 0)",-0.01491314,8.817e-05,-0.00156024,0.0,2024-W36
adj_close.csv,ARIMA,QQQ,0.01074528,0.02645276,0.01153961,0.01074528,0.02645276,0.01153961,"ARIMA(1, 0, 0)",0.01153961,0.00079433,-0.01491314,0.0,2024-W37
adj_close.csv,ARIMA,QQQ,0.00382848,0.00857438,0.00296523,0.00382848,0.00857438,0.00296523,"ARIMA(1, 0, 0)",0.00296523,-0.00086325,0.01153961,0.0,2024-W38
adj_close.csv,ARIMA,QQQ,0.00226418,0.00090557,0.00205966,0.00226418,0.00090557,0.00205966,"ARIMA(1, 0, 0)",0.00205966,-0.00020452,0.00296523,0.0,2024-W39
adj_close.csv,ARIMA,QQQ,0.0003743,0.0018256,0.00023406,0.0003743,0.0018256,0.00023406,"ARIMA(1, 0, 0)",0.00023406,-0.00014024,0.00205966,0.0,2024-W40
adj_close.csv,ARIMA,QQQ,0.00247957,0.00222959,0.00246365,0.00247957,0.00222959,0.00246365,"ARIMA(1, 0, 0)",0.00246365,-1.591e-05,0.00023406,0.0,2024-W41
adj_close.csv,ARIMA,QQQ,0.00061675,0.0020142,0.00044945,0.00061675,0.0020142,0.00044945,"ARIMA(1, 0, 0)",0.00044945,-0.0001673,0.00246365,0.0,2024-W42
adj_close.csv,ARIMA,QQQ,0.00037394,0.00010594,0.00034351,0.00037394,0.00010594,0.00034351,"ARIMA(1, 0, 0)",0.00034351,-3.043e-05,0.00044945,0.0,2024-W43
adj_close.csv,ARIMA,QQQ,0.00318822,0.00355498,0.00321147,0.00318822,0.00355498,0.00321147,"ARIMA(1, 0, 0)",-0.00321147,-2.325e-05,0.00034351,0.0,2024-W44
adj_close.csv,ARIMA,QQQ,0.01045196,0.01388126,0.0106698,0.01045196,0.01388126,0.0106698,"ARIMA(1, 0, 0)",0.0106698,0.00021784,-0.00321147,0.0,2024-W45
adj_close.csv,ARIMA,QQQ,0.00618337,0.01762402,0.00695422,0.00618337,0.01762402,0.00695422,"ARIMA(1, 0, 0)",-0.00695422,-0.00077085,0.0106698,0.0,2024-W46
adj_close.csv,ARIMA,QQQ,0.00311754,0.01063365,0.00367943,0.00311754,0.01063365,0.00367943,"ARIMA(1, 0, 0)",0.00367943,0.00056189,-0.00695422,0.0,2024-W47
adj_close.csv,ARIMA,QQQ,0.00225234,0.00173465,0.00194477,0.00225234,0.00173465,0.00194477,"ARIMA(1, 0, 0)",0.00194477,-0.00030757,0.00367943,0.0,2024-W48
adj_close.csv,ARIMA,QQQ,0.00662303,0.00451776,0.00646254,0.00662303,0.00451776,0.00646254,"ARIMA(1, 0, 0)",0.00646254,-0.00016049,0.00194477,0.0,2024-W49
adj_close.csv,ARIMA,QQQ,0.00205525,0.00492991,0.00153263,0.00205525,0.00492991,0.00153263,"ARIMA(1, 0, 0)",0.00153263,-0.00052262,0.00646254,0.0,2024-W50
adj_close.csv,ARIMA,QQQ,0.00440427,0.00605824,0.00452561,0.00440427,0.00605824,0.00452561,"ARIMA(1, 0, 0)",-0.00452561,-0.00012134,0.00153263,0.0,2024-W51
adj_close.csv,ARIMA,QQQ,0.00191342,0.00680123,0.00227562,0.00191342,0.00680123,0.00227562,"ARIMA(1, 0, 0)",0.00227562,0.0003622,-0.00452561,0.0,2024-W52
adj_close.csv,ARIMA,QQQ,0.00172673,0.00418699,0.00191137,0.00172673,0.00418699,0.00191137,"ARIMA(1, 0, 0)",-0.00191137,-0.00018464,0.00227562,0.0,2025-W01
adj_close.csv,ARIMA,QQQ,0.00570819,0.00364078,0.00555215,0.00570819,0.00364078,0.00555215,"ARIMA(1, 0, 0)",-0.00555215,0.00015604,-0.00191137,0.0,2025-W02
adj_close.csv,ARIMA,QQQ,0.00521115,0.01120886,0.00565671,0.00521115,0.01120886,0.00565671,"ARIMA(1, 0, 0)",0.00565671,0.00044556,-0.00555215,0.0,2025-W03
adj_close.csv,ARIMA,QQQ,0.00422707,0.00190435,0.00375236,0.00422707,0.00190435,0.00375236,"ARIMA(1, 0, 0)",0.00375236,-0.0004747,0.00565671,0.0,2025-W04
adj_close.csv,ARIMA,QQQ,0.0024876,0.00654352,0.00279116,0.0024876,0.00654352,0.00279116,"ARIMA(1, 0, 0)",-0.00279116,-0.00030356,0.00375236,0.0,2025-W05
adj_close.csv,ARIMA,QQQ,1.204e-05,0.00303229,0.00024113,1.204e-05,0.00303229,0.00024113,"ARIMA(1, 0, 0)",0.00024113,0.00022909,-0.00279116,0.0,2025-W06
adj_close.csv,ARIMA,QQQ,0.00576158,0.00550066,0.00574179,0.00576158,0.00550066,0.00574179,"ARIMA(1, 0, 0)",0.00574179,-1.979e-05,0.00024113,0.0,2025-W07
adj_close.csv,ARIMA,QQQ,0.00520076,0.01141282,0.00567104,0.00520076,0.01141282,0.00567104,"ARIMA(1, 0, 0)",-0.00567104,-0.00047028,0.00574179,0.0,2025-W08
adj_close.csv,ARIMA,QQQ,0.00741318,0.00125642,0.00692746,0.00741318,0.00125642,0.00692746,"ARIMA(1, 0, 0)",-0.00692746,0.00048573,-0.00567104,0.0,2025-W09
adj_close.csv,ARIMA,QQQ,0.0071098,0.00037461,0.00655284,0.0071098,0.00037461,0.00655284,"ARIMA(1, 0, 0)",-0.00655284,0.00055695,-0.00692746,0.0,2025-W10
adj_close.csv,ARIMA,QQQ,0.00548161,0.00155799,0.00499485,0.00548161,0.00155799,0.00499485,"ARIMA(1, 0, 0)",-0.00499485,0.00048675,-0.00655284,0.0,2025-W11
adj_close.csv,ARIMA,QQQ,0.00014254,0.00548625,0.0004914,0.00014254,0.00548625,0.0004914,"ARIMA(1, 0, 0)",0.0004914,0.00034886,-0.00499485,0.0,2025-W12
adj_close.csv,ARIMA,QQQ,0.00467954,0.0052053,0.0047139,0.00467954,0.0052053,0.0047139,"ARIMA(1, 0, 0)",-0.0047139,-3.436e-05,0.0004914,0.0,2025-W13
adj_close.csv,ARIMA,QQQ,0.0211076,0.01606271,0.02077661,0.0211076,0.01606271,0.02077661,"ARIMA(1, 0, 0)",-0.02077661,0.00033099,-0.0047139,0.0,2025-W14
adj_close.csv,ARIMA,QQQ,0.01327228,0.03525383,0.01447721,0.01327228,0.03525383,0.01447721,"ARIMA(1, 0, 0)",0.01447721,0.00120494,-0.02077661,0.0,2025-W15
adj_close.csv,ARIMA,QQQ,0.00442681,0.02020924,0.00573202,0.00442681,0.02020924,0.00573202,"ARIMA(1, 0, 0)",-0.00573202,-0.00130521,0.01447721,0.0,2025-W16
adj_close.csv,ARIMA,QQQ,0.01186439,0.01815501,0.01242299,0.01186439,0.01815501,0.01242299,"ARIMA(1, 0, 0)",0.01242299,0.0005586,-0.00573202,0.0,2025-W17
adj_close.csv,ARIMA,QQQ,0.00807649,0.00565298,0.00677001,0.00807649,0.00565298,0.00677001,"ARIMA(1, 0, 0)",0.00677001,-0.00130648,0.01242299,0.0,2025-W18
adj_close.csv,ARIMA,QQQ,0.00028409,0.00712218,0.00035217,0.00028409,0.00712218,0.00035217,"ARIMA(1, 0, 0)",-0.00035217,-0.00063626,0.00677001,0.0,2025-W19
adj_close.csv,ARIMA,QQQ,0.0132619,0.01364709,0.01329492,0.0132619,0.01364709,0.01329492,"ARIMA(1, 0, 0)",0.01329492,3.302e-05,-0.00035217,0.0,2025-W20
adj_close.csv,ARIMA,QQQ,0.0035083,0.01805675,0.00476183,0.0035083,0.01805675,0.00476183,"ARIMA(1, 0, 0)",-0.00476183,-0.00125353,0.01329492,0.0,2025-W21
adj_close.csv,ARIMA,QQQ,0.00432595,0.00956091,0.00479908,0.00432595,0.00956091,0.00479908,"ARIMA(1, 0, 0)",0.00479908,0.00047313,-0.00476183,0.0,2025-W22
adj_close.csv,ARIMA,QQQ,0.00460961,0.00067704,0.00412205,0.00460961,0.00067704,0.00412205,"ARIMA(1, 0, 0)",0.00412205,-0.00048756,0.00479908,0.0,2025-W23
adj_close.csv,ARIMA,QQQ,0.00071133,0.00524228,0.00112024,0.00071133,0.00524228,0.00112024,"ARIMA(1, 0, 0)",-0.00112024,-0.00040891,0.00412205,0.0,2025-W24
adj_close.csv,ARIMA,QQQ,0.00017318,0.00105854,6.17e-05,0.00017318,0.00105854,6.17e-05,"ARIMA(1, 0, 0)",-6.17e-05,0.00011148,-0.00112024,0.0,2025-W25
adj_close.csv,ARIMA,QQQ,0.00813066,0.0081985,0.0081368,0.00813066,0.0081985,0.0081368,"ARIMA(1, 0, 0)",0.0081368,6.14e-06,-6.17e-05,0.0,2025-W26
adj_close.csv,ARIMA,QQQ,0.00449111,0.00445572,0.00368108,0.00449111,0.00445572,0.00368108,"ARIMA(1, 0, 0)",0.00368108,-0.00081002,0.0081368,0.0,2025-W27
adj_close.csv,ARIMA,QQQ,0.00037563,0.00440874,0.00072766,0.00037563,0.00440874,0.00072766,"ARIMA(1, 0, 0)",-0.00072766,-0.00035203,0.00368108,0.0,2025-W28
adj_close.csv,ARIMA,QQQ,0.00246204,0.00325939,0.00253174,0.00246204,0.00325939,0.00253174,"ARIMA(1, 0, 0)",0.00253174,6.969e-05,-0.00072766,0.0,2025-W29
adj_close.csv,ARIMA,QQQ,0.00205564,0.00071907,0.00181267,0.00205564,0.00071907,0.00181267,"ARIMA(1, 0, 0)",0.00181267,-0.00024297,0.00253174,0.0,2025-W30
adj_close.csv,ARIMA,QQQ,0.00428697,0.00627259,0.00445992,0.00428697,0.00627259,0.00445992,"ARIMA(1, 0, 0)",-0.00445992,-0.00017295,0.00181267,0.0,2025-W31
adj_close.csv,ARIMA,QQQ,0.00689857,0.01178774,0.00732782,0.00689857,0.01178774,0.00732782,"ARIMA(1, 0, 0)",0.00732782,0.00042925,-0.00445992,0.0,2025-W32
adj_close.csv,ARIMA,QQQ,0.00169819,0.00635897,0.00096885,0.00169819,0.00635897,0.00096885,"ARIMA(1, 0, 0)",0.00096885,-0.00072934,0.00732782,0.0,2025-W33
adj_close.csv,ARIMA,QQQ,0.00177381,0.00283781,0.00186896,0.00177381,0.00283781,0.00186896,"ARIMA(1, 0, 0)",-0.00186896,-9.515e-05,0.00096885,0.0,2025-W34
adj_close.csv,ARIMA,QQQ,0.00073362,0.00131922,0.00054973,0.00073362,0.00131922,0.00054973,"ARIMA(1, 0, 0)",-0.00054973,0.00018389,-0.00186896,0.0,2025-W35
adj_close.csv,ARIMA,QQQ,0.00241446,0.0030182,0.00246846,0.00241446,0.0030182,0.00246846,"ARIMA(1, 0, 0)",0.00246846,5.401e-05,-0.00054973,0.0,2025-W36
adj_close.csv,ARIMA,QQQ,0.00388959,0.00117826,0.00364672,0.00388959,0.00117826,0.00364672,"ARIMA(1, 0, 0)",0.00364672,-0.00024286,0.00246846,0.0,2025-W37
adj_close.csv,ARIMA,QQQ,0.00463514,0.00063334,0.00428006,0.00463514,0.00063334,0.00428006,"ARIMA(1, 0, 0)",0.00428006,-0.00035508,0.00364672,0.0,2025-W38
adj_close.csv,ARIMA,QQQ,0.00049026,0.00517941,0.00089935,0.00049026,0.00517941,0.00089935,"ARIMA(1, 0, 0)",-0.00089935,-0.00040909,0.00428006,0.0,2025-W39
adj_close.csv,ARIMA,QQQ,0.00231891,0.00330442,0.00240507,0.00231891,0.00330442,0.00240507,"ARIMA(1, 0, 0)",0.00240507,8.616e-05,-0.00089935,0.0,2025-W40
adj_close.csv,ARIMA,QQQ,0.00435726,0.00699327,0.00458819,0.00435726,0.00699327,0.00458819,"ARIMA(1, 0, 0)",-0.00458819,-0.00023094,0.00240507,0.0,2025-W41
adj_close.csv,ARIMA,QQQ,0.00439108,0.00942491,0.00483672,0.00439108,0.00942491,0.00483672,"ARIMA(1, 0, 0)",0.00483672,0.00044564,-0.00458819,0.0,2025-W42
adj_close.csv,ARIMA,QQQ,0.00479459,0.00052217,0.00431455,0.00479459,0.00052217,0.00431455,"ARIMA(1, 0, 0)",0.00431455,-0.00048005,0.00483672,0.0,2025-W43
adj_close.csv,ARIMA,QQQ,0.00426001,0.00047224,0.00384231,0.00426001,0.00047224,0.00384231,"ARIMA(1, 0, 0)",0.00384231,-0.00041771,0.00431455,0.0,2025-W44
adj_close.csv,ARIMA,QQQ,0.00587742,0.0100843,0.006242,0.00587742,0.0100843,0.006242,"ARIMA(1, 0, 0)",-0.006242,-0.00036458,0.00384231,0.0,2025-W45
adj_close.csv,ARIMA,QQQ,0.00089589,0.00595315,0.00028885,0.00089589,0.00595315,0.00028885,"ARIMA(1, 0, 0)",-0.00028885,0.00060704,-0.006242,0.0,2025-W46
adj_close.csv,ARIMA,QQQ,0.00629735,0.00598058,0.00626943,0.00629735,0.00598058,0.00626943,"ARIMA(1, 0, 0)",-0.00626943,2.792e-05,-0.00028885,0.0,2025-W47
adj_close.csv,ARIMA,QQQ,0.01146212,0.01833641,0.01206697,0.01146212,0.01833641,0.01206697,"ARIMA(1, 0, 0)",0.01206697,0.00060486,-0.00626943,0.0,2025-W48
adj_close.csv,ARIMA,QQQ,0.00325633,0.01006492,0.00200206,0.00325633,0.01006492,0.00200206,"ARIMA(1, 0, 0)",0.00200206,-0.00125427,0.01206697,0.0,2025-W49
adj_close.csv,ARIMA,QQQ,0.00362865,0.00583076,0.0038287,0.00362865,0.00583076,0.0038287,"ARIMA(1, 0, 0)",-0.0038287,-0.00020005,0.00200206,0.0,2025-W50
adj_close.csv,ARIMA,QQQ,0.00072941,0.00494352,0.00111483,0.00072941,0.00494352,0.00111483,"ARIMA(1, 0, 0)",0.00111483,0.00038541,-0.0038287,0.0,2025-W51
adj_close.csv,ARIMA,QQQ,0.00319046,0.00196309,0.00307792,0.00319046,0.00196309,0.00307792,"ARIMA(1, 0, 0)",0.00307792,-0.00011254,0.00111483,0.0,2025-W52
adj_close.csv,ARIMA,QQQ,0.00404376,0.00743127,0.00435336,0.00404376,0.00743127,0.00435336,"ARIMA(1, 0, 0)",-0.00435336,-0.0003096,0.00307792,0.0,2026-W01
adj_close.csv,ARIMA,QQQ,0.00392209,0.00871887,0.00436551,0.00392209,0.00871887,0.00436551,"ARIMA(1, 0, 0)",0.00436551,0.00044342,-0.00435336,0.0,2026-W02
adj_close.csv,ARIMA,QQQ,0.00127546,0.00609321,0.0017277,0.00127546,0.00609321,0.0017277,"ARIMA(1, 0, 0)",-0.0017277,-0.00045225,0.00436551,0.0,2026-W03
adj_close.csv,ARIMA,QQQ,0.00040685,0.00231451,0.00058681,0.00040685,0.00231451,0.00058681,"ARIMA(1, 0, 0)",0.00058681,0.00017996,-0.0017277,0.0,2026-W04
adj_close.csv,ARIMA,QQQ,0.00021201,0.00085999,0.00027317,0.00021201,0.00085999,0.00027317,"ARIMA(1, 0, 0)",-0.00027317,-6.116e-05,0.00058681,0.0,2026-W05
adj_close.csv,ARIMA,QQQ,0.00681447,0.00711613,0.00684295,0.00681447,0.00711613,0.00684295,"ARIMA(1, 0, 0)",0.00684295,2.848e-05,-0.00027317,0.0,2026-W06
adj_close.csv,ARIMA,QUAL,0.00210567,0.00243337,0.00166993,0.00210567,0.00243337,0.00166993,"ARIMA(1, 0, 0)",-0.00166993,0.00043574,-0.0041033,0.0,2024-W30
adj_close.csv,ARIMA,QUAL,0.00235895,0.00051483,0.00218476,0.00235895,0.00051483,0.00218476,"ARIMA(1, 0, 0)",-0.00218476,0.00017419,-0.00166993,0.0,2024-W31
adj_close.csv,ARIMA,QUAL,0.0006555,0.00306628,0.00088151,0.0006555,0.00306628,0.00088151,"ARIMA(1, 0, 0)",0.00088151,0.00022601,-0.00218476,0.0,2024-W32
adj_close.csv,ARIMA,QUAL,0.00752329,0.00655031,0.00743183,0.00752329,0.00655031,0.00743183,"ARIMA(1, 0, 0)",0.00743183,-9.147e-05,0.00088151,0.0,2024-W33
adj_close.csv,ARIMA,QUAL,0.00388537,0.00430686,0.00312497,0.00388537,0.00430686,0.00312497,"ARIMA(1, 0, 0)",0.00312497,-0.0007604,0.00743183,0.0,2024-W34
adj_close.csv,ARIMA,QUAL,0.00075082,0.00267447,0.0004505,0.00075082,0.00267447,0.0004505,"ARIMA(1, 0, 0)",0.0004505,-0.00030032,0.00312497,0.0,2024-W35
adj_close.csv,ARIMA,QUAL,0.01017532,0.01066889,0.01021839,0.01017532,0.01066889,0.01021839,"ARIMA(1, 0, 0)",-0.01021839,-4.307e-05,0.0004505,0.0,2024-W36
adj_close.csv,ARIMA,QUAL,0.00610485,0.01731016,0.00709177,0.00610485,0.01731016,0.00709177,"ARIMA(1, 0, 0)",0.00709177,0.00098692,-0.01021839,0.0,2024-W37
adj_close.csv,ARIMA,QUAL,0.00255708,0.00531255,0.00177922,0.00255708,0.00531255,0.00177922,"ARIMA(1, 0, 0)",0.00177922,-0.00077787,0.00709177,0.0,2024-W38
adj_close.csv,ARIMA,QUAL,0.0011206,0.00084707,0.00093215,0.0011206,0.00084707,0.00093215,"ARIMA(1, 0, 0)",0.00093215,-0.00018845,0.00177922,0.0,2024-W39
adj_close.csv,ARIMA,QUAL,0.00067954,0.00035095,0.00058119,0.00067954,0.00035095,0.00058119,"ARIMA(1, 0, 0)",0.00058119,-9.834e-05,0.00093215,0.0,2024-W40
adj_close.csv,ARIMA,QUAL,0.00252354,0.00188111,0.0024623,0.00252354,0.00188111,0.0024623,"ARIMA(1, 0, 0)",0.0024623,-6.124e-05,0.00058119,0.0,2024-W41
adj_close.csv,ARIMA,QUAL,0.00134708,0.00137393,0.00108837,0.00134708,0.00137393,0.00108837,"ARIMA(1, 0, 0)",0.00108837,-0.0002587,0.0024623,0.0,2024-W42
adj_close.csv,ARIMA,QUAL,0.00282425,0.00402622,0.00293785,0.00282425,0.00402622,0.00293785,"ARIMA(1, 0, 0)",-0.00293785,-0.0001136,0.00108837,0.0,2024-W43
adj_close.csv,ARIMA,QUAL,0.00330141,5.504e-05,0.00299289,0.00330141,5.504e-05,0.00299289,"ARIMA(1, 0, 0)",-0.00299289,0.00030852,-0.00293785,0.0,2024-W44
adj_close.csv,ARIMA,QUAL,0.00780324,0.01110443,0.00811154,0.00780324,0.01110443,0.00811154,"ARIMA(1, 0, 0)",0.00811154,0.00030829,-0.00299289,0.0,2024-W45
adj_close.csv,ARIMA,QUAL,0.00446657,0.0134528,0.00534126,0.00446657,0.0134528,0.00534126,"ARIMA(1, 0, 0)",-0.00534126,-0.00087469,0.00811154,0.0,2024-W46
adj_close.csv,ARIMA,QUAL,0.00290651,0.00886319,0.00352192,0.00290651,0.00886319,0.00352192,"ARIMA(1, 0, 0)",0.00352192,0.00061541,-0.00534126,0.0,2024-W47
adj_close.csv,ARIMA,QUAL,0.00386761,7.118e-05,0.00345074,0.00386761,7.118e-05,0.00345074,"ARIMA(1, 0, 0)",0.00345074,-0.00041687,0.00352192,0.0,2024-W48
adj_close.csv,ARIMA,QUAL,0.0016579,0.00219178,0.00125896,0.0016579,0.00219178,0.00125896,"ARIMA(1, 0, 0)",0.00125896,-0.00039894,0.00345074,0.0,2024-W49
adj_close.csv,ARIMA,QUAL,0.00255558,0.00395864,0.00269967,0.00255558,0.00395864,0.00269967,"ARIMA(1, 0, 0)",-0.00269967,-0.0001441,0.00125896,0.0,2024-W50
adj_close.csv,ARIMA,QUAL,0.0047006,0.00169018,0.00438985,0.0047006,0.00169018,0.00438985,"ARIMA(1, 0, 0)",-0.00438985,0.00031075,-0.00269967,0.0,2024-W51
adj_close.csv,ARIMA,QUAL,0.00102005,0.00590399,0.00151414,0.00102005,0.00590399,0.00151414,"ARIMA(1, 0, 0)",0.00151414,0.00049408,-0.00438985,0.0,2024-W52
adj_close.csv,ARIMA,QUAL,0.00152353,0.00320944,0.0016953,0.00152353,0.00320944,0.0016953,"ARIMA(1, 0, 0)",-0.0016953,-0.00017178,0.00151414,0.0,2025-W01
adj_close.csv,ARIMA,QUAL,0.00434055,0.00245213,0.00414744,0.00434055,0.00245213,0.00414744,"ARIMA(1, 0, 0)",-0.00414744,0.00019311,-0.0016953,0.0,2025-W02
adj_close.csv,ARIMA,QUAL,0.00439613,0.00900989,0.00486245,0.00439613,0.00900989,0.00486245,"ARIMA(1, 0, 0)",0.00486245,0.00046633,-0.00414744,0.0,2025-W03
adj_close.csv,ARIMA,QUAL,0.00523847,0.00018841,0.00467405,0.00523847,0.00018841,0.00467405,"ARIMA(1, 0, 0)",0.00467405,-0.00056442,0.00486245,0.0,2025-W04
adj_close.csv,ARIMA,QUAL,0.00028665,0.00547959,0.00080555,0.00028665,0.00547959,0.00080555,"ARIMA(1, 0, 0)",-0.00080555,-0.00051889,0.00467405,0.0,2025-W05
adj_close.csv,ARIMA,QUAL,0.00058107,0.00031412,0.00049142,0.00058107,0.00031412,0.00049142,"ARIMA(1, 0, 0)",-0.00049142,8.964e-05,-0.00080555,0.0,2025-W06
adj_close.csv,ARIMA,QUAL,0.00233657,0.00288263,0.00239121,0.00233657,0.00288263,0.00239121,"ARIMA(1, 0, 0)",0.00239121,5.464e-05,-0.00049142,0.0,2025-W07
adj_close.csv,ARIMA,QUAL,0.00314664,0.00580427,0.00341306,0.00314664,0.00580427,0.00341306,"ARIMA(1, 0, 0)",-0.00341306,-0.00026642,0.00239121,0.0,2025-W08
adj_close.csv,ARIMA,QUAL,0.0015167,0.0022817,0.00113136,0.0015167,0.0022817,0.00113136,"ARIMA(1, 0, 0)",-0.00113136,0.00038534,-0.00341306,0.0,2025-W09
adj_close.csv,ARIMA,QUAL,0.00541709,0.00415915,0.00529051,0.00541709,0.00415915,0.00529051,"ARIMA(1, 0, 0)",-0.00529051,0.00012658,-0.00113136,0.0,2025-W10
adj_close.csv,ARIMA,QUAL,0.0068466,0.00097057,0.00626108,0.0068466,0.00097057,0.00626108,"ARIMA(1, 0, 0)",-0.00626108,0.00058552,-0.00529051,0.0,2025-W11
adj_close.csv,ARIMA,QUAL,6.036e-05,0.00696993,0.00070885,6.036e-05,0.00696993,0.00070885,"ARIMA(1, 0, 0)",0.00070885,0.00064849,-0.00626108,0.0,2025-W12
adj_close.csv,ARIMA,QUAL,0.00225943,0.00304175,0.0023329,0.00225943,0.00304175,0.0023329,"ARIMA(1, 0, 0)",-0.0023329,-7.347e-05,0.00070885,0.0,2025-W13
adj_close.csv,ARIMA,QUAL,0.01762658,0.01505115,0.01738405,0.01762658,0.01505115,0.01738405,"ARIMA(1, 0, 0)",-0.01738405,0.00024253,-0.0023329,0.0,2025-W14
adj_close.csv,ARIMA,QUAL,0.00831676,0.02736919,0.00998514,0.00831676,0.02736919,0.00998514,"ARIMA(1, 0, 0)",0.00998514,0.00166838,-0.01738405,0.0,2025-W15
adj_close.csv,ARIMA,QUAL,0.0018857,0.01309402,0.00310888,0.0018857,0.01309402,0.00310888,"ARIMA(1, 0, 0)",-0.00310888,-0.00122319,0.00998514,0.0,2025-W16
adj_close.csv,ARIMA,QUAL,0.00726539,0.01076566,0.00765678,0.00726539,0.01076566,0.00765678,"ARIMA(1, 0, 0)",0.00765678,0.00039139,-0.00310888,0.0,2025-W17
adj_close.csv,ARIMA,QUAL,0.00634816,0.00230367,0.00535311,0.00634816,0.00230367,0.00535311,"ARIMA(1, 0, 0)",0.00535311,-0.00099505,0.00765678,0.0,2025-W18
adj_close.csv,ARIMA,QUAL,0.00093574,0.0069382,0.0015851,0.00093574,0.0069382,0.0015851,"ARIMA(1, 0, 0)",-0.0015851,-0.00064936,0.00535311,0.0,2025-W19
adj_close.csv,ARIMA,QUAL,0.00920072,0.0109795,0.0093944,0.00920072,0.0109795,0.0093944,"ARIMA(1, 0, 0)",0.0093944,0.00019369,-0.0015851,0.0,2025-W20
adj_close.csv,ARIMA,QUAL,0.00463879,0.01520537,0.00581097,0.00463879,0.01520537,0.00581097,"ARIMA(1, 0, 0)",-0.00581097,-0.00117217,0.0093944,0.0,2025-W21
adj_close.csv,ARIMA,QUAL,0.00357477,0.01015493,0.00434396,0.00357477,0.01015493,0.00434396,"ARIMA(1, 0, 0)",0.00434396,0.00076919,-0.00581097,0.0,2025-W22
adj_close.csv,ARIMA,QUAL,0.00432823,0.00060638,0.00373759,0.00432823,0.00060638,0.00373759,"ARIMA(1, 0, 0)",0.00373759,-0.00059064,0.00434396,0.0,2025-W23
adj_close.csv,ARIMA,QUAL,0.00186819,0.00610184,0.00236425,0.00186819,0.00610184,0.00236425,"ARIMA(1, 0, 0)",-0.00236425,-0.00049606,0.00373759,0.0,2025-W24
adj_close.csv,ARIMA,QUAL,0.00350168,0.0008208,0.00318504,0.00350168,0.0008208,0.00318504,"ARIMA(1, 0, 0)",-0.00318504,0.00031663,-0.00236425,0.0,2025-W25
adj_close.csv,ARIMA,QUAL,0.00624098,0.00984804,0.006663,0.00624098,0.00984804,0.006663,"ARIMA(1, 0, 0)",0.006663,0.00042202,-0.00318504,0.0,2025-W26
adj_close.csv,ARIMA,QUAL,0.00551617,0.00205243,0.00461057,0.00551617,0.00205243,0.00461057,"ARIMA(1, 0, 0)",0.00461057,-0.0009056,0.006663,0.0,2025-W27
adj_close.csv,ARIMA,QUAL,0.00060607,0.00581438,0.00120382,0.00060607,0.00581438,0.00120382,"ARIMA(1, 0, 0)",-0.00120382,-0.00059775,0.00461057,0.0,2025-W28
adj_close.csv,ARIMA,QUAL,2.82e-05,0.00138866,0.00018484,2.82e-05,0.00138866,0.00018484,"ARIMA(1, 0, 0)",0.00018484,0.00015664,-0.00120382,0.0,2025-W29
adj_close.csv,ARIMA,QUAL,0.00310834,0.00289945,0.00308429,0.00310834,0.00289945,0.00308429,"ARIMA(1, 0, 0)",0.00308429,-2.405e-05,0.00018484,0.0,2025-W30
adj_close.csv,ARIMA,QUAL,0.00453935,0.00802469,0.0049404,0.00453935,0.00802469,0.0049404,"ARIMA(1, 0, 0)",-0.0049404,-0.00040105,0.00308429,0.0,2025-W31
adj_close.csv,ARIMA,QUAL,0.00295485,0.00854938,0.00360898,0.00295485,0.00854938,0.00360898,"ARIMA(1, 0, 0)",0.00360898,0.00065413,-0.0049404,0.0,2025-W32
adj_close.csv,ARIMA,QUAL,0.0031195,0.00097623,0.00263275,0.0031195,0.00097623,0.00263275,"ARIMA(1, 0, 0)",0.00263275,-0.00048675,0.00360898,0.0,2025-W33
adj_close.csv,ARIMA,QUAL,0.00168526,0.00129758,0.00133517,0.00168526,0.00129758,0.00133517,"ARIMA(1, 0, 0)",0.00133517,-0.00035009,0.00263275,0.0,2025-W34
adj_close.csv,ARIMA,QUAL,0.00026753,0.00177925,0.00044407,0.00026753,0.00177925,0.00044407,"ARIMA(1, 0, 0)",-0.00044407,-0.00017655,0.00133517,0.0,2025-W35
adj_close.csv,ARIMA,QUAL,0.00029825,0.00080107,0.000357,0.00029825,0.00080107,0.000357,"ARIMA(1, 0, 0)",0.000357,5.874e-05,-0.00044407,0.0,2025-W36
adj_close.csv,ARIMA,QUAL,0.0017208,0.00131657,0.00167356,0.0017208,0.00131657,0.00167356,"ARIMA(1, 0, 0)",0.00167356,-4.723e-05,0.000357,0.0,2025-W37
adj_close.csv,ARIMA,QUAL,0.00269349,0.00079867,0.00247223,0.00269349,0.00079867,0.00247223,"ARIMA(1, 0, 0)",0.00247223,-0.00022125,0.00167356,0.0,2025-W38
adj_close.csv,ARIMA,QUAL,0.00021077,0.00258643,0.0001142,0.00021077,0.00258643,0.0001142,"ARIMA(1, 0, 0)",-0.0001142,-0.00032497,0.00247223,0.0,2025-W39
adj_close.csv,ARIMA,QUAL,0.00396384,0.00409304,0.00397885,0.00396384,0.00409304,0.00397885,"ARIMA(1, 0, 0)",0.00397885,1.5e-05,-0.0001142,0.0,2025-W40
adj_close.csv,ARIMA,QUAL,0.00511384,0.00961564,0.0056368,0.00511384,0.00961564,0.0056368,"ARIMA(1, 0, 0)",-0.0056368,-0.00052296,0.00397885,0.0,2025-W41
adj_close.csv,ARIMA,QUAL,0.00178892,0.00818581,0.00254902,0.00178892,0.00818581,0.00254902,"ARIMA(1, 0, 0)",0.00254902,0.0007601,-0.0056368,0.0,2025-W42
adj_close.csv,ARIMA,QUAL,0.00383241,0.00093538,0.0034844,0.00383241,0.00093538,0.0034844,"ARIMA(1, 0, 0)",0.0034844,-0.00034801,0.00254902,0.0,2025-W43
adj_close.csv,ARIMA,QUAL,9.97e-05,0.00405414,0.00056975,9.97e-05,0.00405414,0.00056975,"ARIMA(1, 0, 0)",-0.00056975,-0.00047004,0.0034844,0.0,2025-W44
adj_close.csv,ARIMA,QUAL,0.00325017,0.00260353,0.00317327,0.00325017,0.00260353,0.00317327,"ARIMA(1, 0, 0)",-0.00317327,7.689e-05,-0.00056975,0.0,2025-W45
adj_close.csv,ARIMA,QUAL,0.00078018,0.00438073,0.00120746,0.00078018,0.00438073,0.00120746,"ARIMA(1, 0, 0)",0.00120746,0.00042728,-0.00317327,0.0,2025-W46
adj_close.csv,ARIMA,QUAL,0.00232168,0.00369222,0.00248476,0.00232168,0.00369222,0.00248476,"ARIMA(1, 0, 0)",-0.00248476,-0.00016308,0.00120746,0.0,2025-W47
adj_close.csv,ARIMA,QUAL,0.00748319,0.0103047,0.00781994,0.00748319,0.0103047,0.00781994,"ARIMA(1, 0, 0)",0.00781994,0.00033675,-0.00248476,0.0,2025-W48
adj_close.csv,ARIMA,QUAL,0.00277301,0.00613082,0.00168912,0.00277301,0.00613082,0.00168912,"ARIMA(1, 0, 0)",0.00168912,-0.00108389,0.00781994,0.0,2025-W49
adj_close.csv,ARIMA,QUAL,2.233e-05,0.00193957,0.00025044,2.233e-05,0.00193957,0.00025044,"ARIMA(1, 0, 0)",-0.00025044,-0.00022811,0.00168912,0.0,2025-W50
adj_close.csv,ARIMA,QUAL,9.372e-05,0.00019055,5.989e-05,9.372e-05,0.00019055,5.989e-05,"ARIMA(1, 0, 0)",-5.989e-05,3.382e-05,-0.00025044,0.0,2025-W51
adj_close.csv,ARIMA,QUAL,0.00273033,0.00279831,0.00273842,0.00273033,0.00279831,0.00273842,"ARIMA(1, 0, 0)",0.00273842,8.09e-06,-5.989e-05,0.0,2025-W52
adj_close.csv,ARIMA,QUAL,0.00192885,0.00503717,0.00229875,0.00192885,0.00503717,0.00229875,"ARIMA(1, 0, 0)",-0.00229875,-0.0003699,0.00273842,0.0,2026-W01
adj_close.csv,ARIMA,QUAL,0.00452829,0.00713954,0.00484079,0.00452829,0.00713954,0.00484079,"ARIMA(1, 0, 0)",0.00484079,0.0003125,-0.00229875,0.0,2026-W02
adj_close.csv,ARIMA,QUAL,7.993e-05,0.00558703,0.00074624,7.993e-05,0.00558703,0.00074624,"ARIMA(1, 0, 0)",-0.00074624,-0.00066632,0.00484079,0.0,2026-W03
adj_close.csv,ARIMA,QUAL,0.00087865,2.965e-05,0.00077589,0.00087865,2.965e-05,0.00077589,"ARIMA(1, 0, 0)",-0.00077589,0.00010276,-0.00074624,0.0,2026-W04
adj_close.csv,ARIMA,QUAL,0.00036349,0.00051917,0.00025672,0.00036349,0.00051917,0.00025672,"ARIMA(1, 0, 0)",-0.00025672,0.00010676,-0.00077589,0.0,2026-W05
adj_close.csv,ARIMA,QUAL,0.00641552,0.00670755,0.00645083,0.00641552,0.00670755,0.00645083,"ARIMA(1, 0, 0)",0.00645083,3.531e-05,-0.00025672,0.0,2026-W06
adj_close.csv,ARIMA,SCHD,0.00358048,0.00033234,0.00332565,0.00358048,0.00033234,0.00332565,"ARIMA(0, 0, 1)",0.00332565,-0.00025483,0.00365799,0.0,2024-W30
adj_close.csv,ARIMA,SCHD,0.00388459,0.00741717,0.00409152,0.00388459,0.00741717,0.00409152,"ARIMA(0, 0, 1)",-0.00409152,-0.00020694,0.00332565,0.0,2024-W31
adj_close.csv,ARIMA,SCHD,0.0018075,0.00252601,0.00156551,0.0018075,0.00252601,0.00156551,"ARIMA(0, 0, 1)",-0.00156551,0.00024199,-0.00409152,0.0,2024-W32
adj_close.csv,ARIMA,SCHD,0.00430748,0.0059819,0.00441638,0.00430748,0.0059819,0.00441638,"ARIMA(0, 0, 1)",0.00441638,0.0001089,-0.00156551,0.0,2024-W33
adj_close.csv,ARIMA,SCHD,0.00404156,0.00064543,0.00377096,0.00404156,0.00064543,0.00377096,"ARIMA(0, 0, 1)",0.00377096,-0.0002706,0.00441638,0.0,2024-W34
adj_close.csv,ARIMA,SCHD,0.00263609,0.00136689,0.00240407,0.00263609,0.00136689,0.00240407,"ARIMA(0, 0, 1)",0.00240407,-0.00023202,0.00377096,0.0,2024-W35
adj_close.csv,ARIMA,SCHD,0.00745406,0.01000087,0.00759681,0.00745406,0.01000087,0.00759681,"ARIMA(0, 0, 1)",-0.00759681,-0.00014275,0.00240407,0.0,2024-W36
adj_close.csv,ARIMA,SCHD,0.00283692,0.01088667,0.00328986,0.00283692,0.01088667,0.00328986,"ARIMA(0, 0, 1)",0.00328986,0.00045294,-0.00759681,0.0,2024-W37
adj_close.csv,ARIMA,SCHD,0.00285671,0.0006206,0.00266927,0.00285671,0.0006206,0.00266927,"ARIMA(0, 0, 1)",0.00266927,-0.00018744,0.00328986,0.0,2024-W38
adj_close.csv,ARIMA,SCHD,0.00144641,0.00140766,0.0012616,0.00144641,0.00140766,0.0012616,"ARIMA(0, 0, 1)",0.0012616,-0.0001848,0.00266927,0.0,2024-W39
adj_close.csv,ARIMA,SCHD,0.00101543,0.00033801,0.00092359,0.00101543,0.00033801,0.00092359,"ARIMA(0, 0, 1)",0.00092359,-9.184e-05,0.0012616,0.0,2024-W40
adj_close.csv,ARIMA,SCHD,0.00234283,0.00135517,0.00227876,0.00234283,0.00135517,0.00227876,"ARIMA(0, 0, 1)",0.00227876,-6.407e-05,0.00092359,0.0,2024-W41
adj_close.csv,ARIMA,SCHD,0.00202921,0.00039558,0.00188318,0.00202921,0.00039558,0.00188318,"ARIMA(0, 0, 1)",0.00188318,-0.00014603,0.00227876,0.0,2024-W42
adj_close.csv,ARIMA,SCHD,0.00451171,0.00651823,0.00463505,0.00451171,0.00651823,0.00463505,"ARIMA(0, 0, 1)",-0.00463505,-0.00012334,0.00188318,0.0,2024-W43
adj_close.csv,ARIMA,SCHD,0.00064273,0.00427951,0.00035554,0.00064273,0.00427951,0.00035554,"ARIMA(0, 0, 1)",-0.00035554,0.00028719,-0.00463505,0.0,2024-W44
adj_close.csv,ARIMA,SCHD,0.00681601,0.00721176,0.00685622,0.00681601,0.00721176,0.00685622,"ARIMA(0, 0, 1)",0.00685622,4.02e-05,-0.00035554,0.0,2024-W45
adj_close.csv,ARIMA,SCHD,0.00268105,0.00997533,0.00311912,0.00268105,0.00997533,0.00311912,"ARIMA(0, 0, 1)",-0.00311912,-0.00043807,0.00685622,0.0,2024-W46
adj_close.csv,ARIMA,SCHD,0.00478342,0.00808659,0.00496748,0.00478342,0.00808659,0.00496748,"ARIMA(0, 0, 1)",0.00496748,0.00018405,-0.00311912,0.0,2024-W47
adj_close.csv,ARIMA,SCHD,0.00187781,0.00343893,0.00152854,0.00187781,0.00343893,0.00152854,"ARIMA(0, 0, 1)",0.00152854,-0.00034927,0.00496748,0.0,2024-W48
adj_close.csv,ARIMA,SCHD,0.0047361,0.00639596,0.00486742,0.0047361,0.00639596,0.00486742,"ARIMA(0, 0, 1)",-0.00486742,-0.00013132,0.00152854,0.0,2024-W49
adj_close.csv,ARIMA,SCHD,0.00333497,0.0018774,0.00299002,0.00333497,0.0018774,0.00299002,"ARIMA(0, 0, 1)",-0.00299002,0.00034495,-0.00486742,0.0,2024-W50
adj_close.csv,ARIMA,SCHD,0.00629045,0.00307323,0.00606325,0.00629045,0.00307323,0.00606325,"ARIMA(0, 0, 1)",-0.00606325,0.0002272,-0.00299002,0.0,2024-W51
adj_close.csv,ARIMA,SCHD,0.00125198,0.00770676,0.00164351,0.00125198,0.00770676,0.00164351,"ARIMA(0, 0, 1)",0.00164351,0.00039153,-0.00606325,0.0,2024-W52
adj_close.csv,ARIMA,SCHD,0.00019305,0.00191666,0.00027315,0.00019305,0.00191666,0.00027315,"ARIMA(0, 0, 1)",-0.00027315,-8.01e-05,0.00164351,0.0,2025-W01
adj_close.csv,ARIMA,SCHD,0.00396117,0.00367551,0.00394866,0.00396117,0.00367551,0.00394866,"ARIMA(0, 0, 1)",-0.00394866,1.251e-05,-0.00027315,0.0,2025-W02
adj_close.csv,ARIMA,SCHD,0.00687299,0.0110767,0.00712804,0.00687299,0.0110767,0.00712804,"ARIMA(0, 0, 1)",0.00712804,0.00025505,-0.00394866,0.0,2025-W03
adj_close.csv,ARIMA,SCHD,0.00120643,0.00641452,0.00071352,0.00120643,0.00641452,0.00071352,"ARIMA(0, 0, 1)",0.00071352,-0.00049292,0.00712804,0.0,2025-W04
adj_close.csv,ARIMA,SCHD,0.00163428,0.00243088,0.00171736,0.00163428,0.00243088,0.00171736,"ARIMA(0, 0, 1)",-0.00171736,-8.308e-05,0.00071352,0.0,2025-W05
adj_close.csv,ARIMA,SCHD,0.00206458,0.00023248,0.00194984,0.00206458,0.00023248,0.00194984,"ARIMA(0, 0, 1)",-0.00194984,0.00011474,-0.00171736,0.0,2025-W06
adj_close.csv,ARIMA,SCHD,0.00151885,0.00361201,0.00166217,0.00151885,0.00361201,0.00166217,"ARIMA(0, 0, 1)",0.00166217,0.00014333,-0.00194984,0.0,2025-W07
adj_close.csv,ARIMA,SCHD,0.00385676,0.00208788,0.00375006,0.00385676,0.00208788,0.00375006,"ARIMA(0, 0, 1)",0.00375006,-0.0001067,0.00166217,0.0,2025-W08
adj_close.csv,ARIMA,SCHD,0.00259119,0.00142403,0.00232603,0.00259119,0.00142403,0.00232603,"ARIMA(0, 0, 1)",0.00232603,-0.00026516,0.00375006,0.0,2025-W09
adj_close.csv,ARIMA,SCHD,0.00039105,0.00288744,0.00056141,0.00039105,0.00288744,0.00056141,"ARIMA(0, 0, 1)",-0.00056141,-0.00017037,0.00232603,0.0,2025-W10
adj_close.csv,ARIMA,SCHD,0.005873,0.00528571,0.00584713,0.005873,0.00528571,0.00584713,"ARIMA(0, 0, 1)",-0.00584713,2.588e-05,-0.00056141,0.0,2025-W11
adj_close.csv,ARIMA,SCHD,0.00047892,0.00671356,0.00086643,0.00047892,0.00671356,0.00086643,"ARIMA(0, 0, 1)",0.00086643,0.00038751,-0.00584713,0.0,2025-W12
adj_close.csv,ARIMA,SCHD,0.00052746,0.00037064,0.00049579,0.00052746,0.00037064,0.00049579,"ARIMA(0, 0, 1)",0.00049579,-3.167e-05,0.00086643,0.0,2025-W13
adj_close.csv,ARIMA,SCHD,0.01738026,0.01791124,0.01741545,0.01738026,0.01791124,0.01741545,"ARIMA(0, 0, 1)",-0.01741545,-3.519e-05,0.00049579,0.0,2025-W14
adj_close.csv,ARIMA,SCHD,0.00102392,0.0175736,0.00015815,0.00102392,0.0175736,0.00015815,"ARIMA(0, 0, 1)",0.00015815,0.00118207,-0.01741545,0.0,2025-W15
adj_close.csv,ARIMA,SCHD,0.00112303,0.00102482,0.00118297,0.00112303,0.00102482,0.00118297,"ARIMA(0, 0, 1)",0.00118297,5.994e-05,0.00015815,0.0,2025-W16
adj_close.csv,ARIMA,SCHD,0.00202886,0.00077439,0.00195736,0.00202886,0.00077439,0.00195736,"ARIMA(0, 0, 1)",0.00195736,-7.15e-05,0.00118297,0.0,2025-W17
adj_close.csv,ARIMA,SCHD,0.00314464,0.00105835,0.00301571,0.00314464,0.00105835,0.00301571,"ARIMA(0, 0, 1)",0.00301571,-0.00012893,0.00195736,0.0,2025-W18
adj_close.csv,ARIMA,SCHD,0.00235439,0.0055645,0.00254879,0.00235439,0.0055645,0.00254879,"ARIMA(0, 0, 1)",-0.00254879,-0.0001944,0.00301571,0.0,2025-W19
adj_close.csv,ARIMA,SCHD,0.00650085,0.00919951,0.00665072,0.00650085,0.00919951,0.00665072,"ARIMA(0, 0, 1)",0.00665072,0.00014987,-0.00254879,0.0,2025-W20
adj_close.csv,ARIMA,SCHD,0.00497192,0.01206159,0.00541087,0.00497192,0.01206159,0.00541087,"ARIMA(0, 0, 1)",-0.00541087,-0.00043895,0.00665072,0.0,2025-W21
adj_close.csv,ARIMA,SCHD,0.0023157,0.00810009,0.00268921,0.0023157,0.00810009,0.00268921,"ARIMA(0, 0, 1)",0.00268921,0.00037351,-0.00541087,0.0,2025-W22
adj_close.csv,ARIMA,SCHD,0.00298941,0.00011866,0.00280787,0.00298941,0.00011866,0.00280787,"ARIMA(0, 0, 1)",0.00280787,-0.00018153,0.00268921,0.0,2025-W23
adj_close.csv,ARIMA,SCHD,0.00292427,0.00011323,0.00269464,0.00292427,0.00011323,0.00269464,"ARIMA(0, 0, 1)",0.00269464,-0.00022963,0.00280787,0.0,2025-W24
adj_close.csv,ARIMA,SCHD,0.00164717,0.00456031,0.00186567,0.00164717,0.00456031,0.00186567,"ARIMA(0, 0, 1)",-0.00186567,-0.00021851,0.00269464,0.0,2025-W25
adj_close.csv,ARIMA,SCHD,0.00050661,0.00148415,0.00038152,0.00050661,0.00148415,0.00038152,"ARIMA(0, 0, 1)",-0.00038152,0.00012509,-0.00186567,0.0,2025-W26
adj_close.csv,ARIMA,SCHD,0.00889439,0.00931436,0.00893284,0.00889439,0.00931436,0.00893284,"ARIMA(0, 0, 1)",0.00893284,3.845e-05,-0.00038152,0.0,2025-W27
adj_close.csv,ARIMA,SCHD,0.00053703,0.00907914,0.0001463,0.00053703,0.00907914,0.0001463,"ARIMA(0, 0, 1)",-0.0001463,-0.00068333,0.00893284,0.0,2025-W28
adj_close.csv,ARIMA,SCHD,0.00224166,0.00213523,0.00228153,0.00224166,0.00213523,0.00228153,"ARIMA(0, 0, 1)",-0.00228153,-3.987e-05,-0.0001463,0.0,2025-W29
adj_close.csv,ARIMA,SCHD,0.00203808,0.00448986,0.00220833,0.00203808,0.00448986,0.00220833,"ARIMA(0, 0, 1)",0.00220833,0.00017025,-0.00228153,0.0,2025-W30
adj_close.csv,ARIMA,SCHD,0.00684601,0.0092109,0.00700257,0.00684601,0.0092109,0.00700257,"ARIMA(0, 0, 1)",-0.00700257,-0.00015656,0.00220833,0.0,2025-W31
adj_close.csv,ARIMA,SCHD,0.00320591,0.01075785,0.00375528,0.00320591,0.01075785,0.00375528,"ARIMA(0, 0, 1)",0.00375528,0.00054937,-0.00700257,0.0,2025-W32
adj_close.csv,ARIMA,SCHD,0.00359219,0.00043478,0.0033205,0.00359219,0.00043478,0.0033205,"ARIMA(0, 0, 1)",0.0033205,-0.00027169,0.00375528,0.0,2025-W33
adj_close.csv,ARIMA,SCHD,0.00478339,0.00116595,0.00448645,0.00478339,0.00116595,0.00448645,"ARIMA(0, 0, 1)",0.00448645,-0.00029695,0.0033205,0.0,2025-W34
adj_close.csv,ARIMA,SCHD,0.00016228,0.00470124,0.00021479,0.00016228,0.00470124,0.00021479,"ARIMA(0, 0, 1)",-0.00021479,-0.00037707,0.00448645,0.0,2025-W35
adj_close.csv,ARIMA,SCHD,0.00250712,0.00230504,0.00251983,0.00250712,0.00230504,0.00251983,"ARIMA(0, 0, 1)",-0.00251983,-1.271e-05,-0.00021479,0.0,2025-W36
adj_close.csv,ARIMA,SCHD,0.00135926,0.00135872,0.00116111,0.00135926,0.00135872,0.00116111,"ARIMA(0, 0, 1)",-0.00116111,0.00019815,-0.00251983,0.0,2025-W37
adj_close.csv,ARIMA,SCHD,0.00120096,6.642e-05,0.00109469,0.00120096,6.642e-05,0.00109469,"ARIMA(0, 0, 1)",-0.00109469,0.00010627,-0.00116111,0.0,2025-W38
adj_close.csv,ARIMA,SCHD,0.00093328,0.00212146,0.00102678,0.00093328,0.00212146,0.00102678,"ARIMA(0, 0, 1)",0.00102678,9.349e-05,-0.00109469,0.0,2025-W39
adj_close.csv,ARIMA,SCHD,0.00153762,0.00043791,0.00146469,0.00153762,0.00043791,0.00146469,"ARIMA(0, 0, 1)",0.00146469,-7.293e-05,0.00102678,0.0,2025-W40
adj_close.csv,ARIMA,SCHD,0.00633128,0.00791566,0.00645098,0.00633128,0.00791566,0.00645098,"ARIMA(0, 0, 1)",-0.00645098,-0.00011969,0.00146469,0.0,2025-W41
adj_close.csv,ARIMA,SCHD,0.00136809,0.00832612,0.00187514,0.00136809,0.00832612,0.00187514,"ARIMA(0, 0, 1)",0.00187514,0.00050705,-0.00645098,0.0,2025-W42
adj_close.csv,ARIMA,SCHD,0.00189513,9.141e-05,0.00178373,0.00189513,9.141e-05,0.00178373,"ARIMA(0, 0, 1)",0.00178373,-0.00011139,0.00187514,0.0,2025-W43
adj_close.csv,ARIMA,SCHD,0.00192807,0.00386632,0.00208259,0.00192807,0.00386632,0.00208259,"ARIMA(0, 0, 1)",-0.00208259,-0.00015451,0.00178373,0.0,2025-W44
adj_close.csv,ARIMA,SCHD,0.00038299,0.00185815,0.00022443,0.00038299,0.00185815,0.00022443,"ARIMA(0, 0, 1)",-0.00022443,0.00015855,-0.00208259,0.0,2025-W45
adj_close.csv,ARIMA,SCHD,0.0038234,0.00407926,0.00385483,0.0038234,0.00407926,0.00385483,"ARIMA(0, 0, 1)",0.00385483,3.143e-05,-0.00022443,0.0,2025-W46
adj_close.csv,ARIMA,SCHD,0.00071549,0.00488538,0.00103055,0.00071549,0.00488538,0.00103055,"ARIMA(0, 0, 1)",-0.00103055,-0.00031505,0.00385483,0.0,2025-W47
adj_close.csv,ARIMA,SCHD,0.00442069,0.00551046,0.00447991,0.00442069,0.00551046,0.00447991,"ARIMA(0, 0, 1)",0.00447991,5.922e-05,-0.00103055,0.0,2025-W48
adj_close.csv,ARIMA,SCHD,0.00123846,0.00361192,0.00086799,0.00123846,0.00361192,0.00086799,"ARIMA(0, 0, 1)",0.00086799,-0.00037047,0.00447991,0.0,2025-W49
adj_close.csv,ARIMA,SCHD,0.00192007,0.00095046,0.00181845,0.00192007,0.00095046,0.00181845,"ARIMA(0, 0, 1)",0.00181845,-0.00010162,0.00086799,0.0,2025-W50
adj_close.csv,ARIMA,SCHD,0.00143873,0.0034144,0.00159595,0.00143873,0.0034144,0.00159595,"ARIMA(0, 0, 1)",-0.00159595,-0.00015722,0.00181845,0.0,2025-W51
adj_close.csv,ARIMA,SCHD,0.00151464,0.00322936,0.0016334,0.00151464,0.00322936,0.0016334,"ARIMA(0, 0, 1)",0.0016334,0.00011876,-0.00159595,0.0,2025-W52
adj_close.csv,ARIMA,SCHD,0.00093857,0.00082069,0.00081272,0.00093857,0.00082069,0.00081272,"ARIMA(0, 0, 1)",0.00081272,-0.00012586,0.0016334,0.0,2026-W01
adj_close.csv,ARIMA,SCHD,0.00590606,0.0050157,0.00582841,0.00590606,0.0050157,0.00582841,"ARIMA(0, 0, 1)",0.00582841,-7.765e-05,0.00081272,0.0,2026-W02
adj_close.csv,ARIMA,SCHD,0.00291859,0.00339148,0.00243693,0.00291859,0.00339148,0.00243693,"ARIMA(0, 0, 1)",0.00243693,-0.00048166,0.00582841,0.0,2026-W03
adj_close.csv,ARIMA,SCHD,0.00229188,0.00036939,0.00206755,0.00229188,0.00036939,0.00206755,"ARIMA(0, 0, 1)",0.00206755,-0.00022433,0.00243693,0.0,2026-W04
adj_close.csv,ARIMA,SCHD,0.00478716,0.00254595,0.0046135,0.00478716,0.00254595,0.0046135,"ARIMA(0, 0, 1)",0.0046135,-0.00017366,0.00206755,0.0,2026-W05
adj_close.csv,ARIMA,SCHD,0.00636789,0.00140458,0.00601808,0.00636789,0.00140458,0.00601808,"ARIMA(0, 0, 1)",0.00601808,-0.0003498,0.0046135,0.0,2026-W06
adj_close.csv,ARIMA,SPY,0.00198875,0.00230319,0.00166451,0.00198875,0.00230319,0.00166451,"ARIMA(1, 0, 0)",-0.00166451,0.00032424,-0.0039677,0.0,2024-W30
adj_close.csv,ARIMA,SPY,0.0044176,0.00262027,0.00428478,0.0044176,0.00262027,0.00428478,"ARIMA(1, 0, 0)",-0.00428478,0.00013282,-0.00166451,0.0,2024-W31
adj_close.csv,ARIMA,SPY,0.00030045,0.00431855,3.377e-05,0.00030045,0.00431855,3.377e-05,"ARIMA(1, 0, 0)",3.377e-05,0.00033422,-0.00428478,0.0,2024-W32
adj_close.csv,ARIMA,SPY,0.00784693,0.00781053,0.0078443,0.00784693,0.00781053,0.0078443,"ARIMA(1, 0, 0)",0.0078443,-2.62e-06,3.377e-05,0.0,2024-W33
adj_close.csv,ARIMA,SPY,0.00341072,0.0050425,0.00280181,0.00341072,0.0050425,0.00280181,"ARIMA(1, 0, 0)",0.00280181,-0.00060891,0.0078443,0.0,2024-W34
adj_close.csv,ARIMA,SPY,0.00075024,0.00225113,0.00055068,0.00075024,0.00225113,0.00055068,"ARIMA(1, 0, 0)",0.00055068,-0.00019956,0.00280181,0.0,2024-W35
adj_close.csv,ARIMA,SPY,0.01052379,0.01111342,0.01056274,0.01052379,0.01111342,0.01056274,"ARIMA(1, 0, 0)",-0.01056274,-3.895e-05,0.00055068,0.0,2024-W36
adj_close.csv,ARIMA,SPY,0.00709516,0.01841955,0.00785681,0.00709516,0.01841955,0.00785681,"ARIMA(1, 0, 0)",0.00785681,0.00076165,-0.01056274,0.0,2024-W37
adj_close.csv,ARIMA,SPY,0.00352433,0.00503592,0.00282089,0.00352433,0.00503592,0.00282089,"ARIMA(1, 0, 0)",0.00282089,-0.00070343,0.00785681,0.0,2024-W38
adj_close.csv,ARIMA,SPY,0.00136476,0.00169079,0.0011301,0.00136476,0.00169079,0.0011301,"ARIMA(1, 0, 0)",0.0011301,-0.00023466,0.00282089,0.0,2024-W39
adj_close.csv,ARIMA,SPY,0.00062076,0.00060235,0.00052775,0.00062076,0.00060235,0.00052775,"ARIMA(1, 0, 0)",0.00052775,-9.301e-05,0.0011301,0.0,2024-W40
adj_close.csv,ARIMA,SPY,0.00233393,0.00176283,0.00229058,0.00233393,0.00176283,0.00229058,"ARIMA(1, 0, 0)",0.00229058,-4.335e-05,0.00052775,0.0,2024-W41
adj_close.csv,ARIMA,SPY,0.00190892,0.00056917,0.00172141,0.00190892,0.00056917,0.00172141,"ARIMA(1, 0, 0)",0.00172141,-0.00018751,0.00229058,0.0,2024-W42
adj_close.csv,ARIMA,SPY,0.00176868,0.00362928,0.00190787,0.00176868,0.00362928,0.00190787,"ARIMA(1, 0, 0)",-0.00190787,-0.0001392,0.00172141,0.0,2024-W43
adj_close.csv,ARIMA,SPY,0.00293806,0.00087458,0.00278246,0.00293806,0.00087458,0.00278246,"ARIMA(1, 0, 0)",-0.00278246,0.0001556,-0.00190787,0.0,2024-W44
adj_close.csv,ARIMA,SPY,0.00906651,0.01207234,0.00928988,0.00906651,0.01207234,0.00928988,"ARIMA(1, 0, 0)",0.00928988,0.00022337,-0.00278246,0.0,2024-W45
adj_close.csv,ARIMA,SPY,0.00340395,0.01349298,0.0042031,0.00340395,0.01349298,0.0042031,"ARIMA(1, 0, 0)",-0.0042031,-0.00079915,0.00928988,0.0,2024-W46
adj_close.csv,ARIMA,SPY,0.0029138,0.00750815,0.00330505,0.0029138,0.00750815,0.00330505,"ARIMA(1, 0, 0)",0.00330505,0.00039124,-0.0042031,0.0,2024-W47
adj_close.csv,ARIMA,SPY,0.00325474,0.00036696,0.00293809,0.00325474,0.00036696,0.00293809,"ARIMA(1, 0, 0)",0.00293809,-0.00031665,0.00330505,0.0,2024-W48
adj_close.csv,ARIMA,SPY,0.00201284,0.00119973,0.00173836,0.00201284,0.00119973,0.00173836,"ARIMA(1, 0, 0)",0.00173836,-0.00027448,0.00293809,0.0,2024-W49
adj_close.csv,ARIMA,SPY,0.00102799,0.00292648,0.00118812,0.00102799,0.00292648,0.00118812,"ARIMA(1, 0, 0)",-0.00118812,-0.00016012,0.00173836,0.0,2024-W50
adj_close.csv,ARIMA,SPY,0.0038083,0.00251027,0.00369839,0.0038083,0.00251027,0.00369839,"ARIMA(1, 0, 0)",-0.00369839,0.00010991,-0.00118812,0.0,2024-W51
adj_close.csv,ARIMA,SPY,0.00128867,0.00532549,0.0016271,0.00128867,0.00532549,0.0016271,"ARIMA(1, 0, 0)",0.0016271,0.00033843,-0.00369839,0.0,2024-W52
adj_close.csv,ARIMA,SPY,0.00113841,0.00291611,0.00128901,0.00113841,0.00291611,0.00128901,"ARIMA(1, 0, 0)",-0.00128901,-0.0001506,0.0016271,0.0,2025-W01
adj_close.csv,ARIMA,SPY,0.00500728,0.00359844,0.00488744,0.00500728,0.00359844,0.00488744,"ARIMA(1, 0, 0)",-0.00488744,0.00011983,-0.00128901,0.0,2025-W02
adj_close.csv,ARIMA,SPY,0.00535573,0.01069059,0.00580315,0.00535573,0.01069059,0.00580315,"ARIMA(1, 0, 0)",0.00580315,0.00044742,-0.00488744,0.0,2025-W03
adj_close.csv,ARIMA,SPY,0.00487386,0.00149383,0.00430932,0.00487386,0.00149383,0.00430932,"ARIMA(1, 0, 0)",0.00430932,-0.00056454,0.00580315,0.0,2025-W04
adj_close.csv,ARIMA,SPY,0.00164071,0.00634273,0.00203341,0.00164071,0.00634273,0.00203341,"ARIMA(1, 0, 0)",-0.00203341,-0.0003927,0.00430932,0.0,2025-W05
adj_close.csv,ARIMA,SPY,0.00053765,0.00168417,0.00034924,0.00053765,0.00168417,0.00034924,"ARIMA(1, 0, 0)",-0.00034924,0.00018841,-0.00203341,0.0,2025-W06
adj_close.csv,ARIMA,SPY,0.0029187,0.00330021,0.00295097,0.0029187,0.00330021,0.00295097,"ARIMA(1, 0, 0)",0.00295097,3.228e-05,-0.00034924,0.0,2025-W07
adj_close.csv,ARIMA,SPY,0.00376099,0.00698535,0.00403438,0.00376099,0.00698535,0.00403438,"ARIMA(1, 0, 0)",-0.00403438,-0.00027339,0.00295097,0.0,2025-W08
adj_close.csv,ARIMA,SPY,0.00231287,0.00210494,0.00192944,0.00231287,0.00210494,0.00192944,"ARIMA(1, 0, 0)",-0.00192944,0.00038344,-0.00403438,0.0,2025-W09
adj_close.csv,ARIMA,SPY,0.00642226,0.00431332,0.00624276,0.00642226,0.00431332,0.00624276,"ARIMA(1, 0, 0)",-0.00624276,0.0001795,-0.00192944,0.0,2025-W10
adj_close.csv,ARIMA,SPY,0.00516944,0.00163745,0.00460531,0.00516944,0.00163745,0.00460531,"ARIMA(1, 0, 0)",-0.00460531,0.00056413,-0.00624276,0.0,2025-W11
adj_close.csv,ARIMA,SPY,0.00063161,0.00562137,0.00101606,0.00063161,0.00562137,0.00101606,"ARIMA(1, 0, 0)",0.00101606,0.00038445,-0.00460531,0.0,2025-W12
adj_close.csv,ARIMA,SPY,0.00288697,0.00398848,0.00297242,0.00288697,0.00398848,0.00297242,"ARIMA(1, 0, 0)",-0.00297242,-8.545e-05,0.00101606,0.0,2025-W13
adj_close.csv,ARIMA,SPY,0.0192606,0.01603635,0.01900877,0.0192606,0.01603635,0.01900877,"ARIMA(1, 0, 0)",-0.01900877,0.00025182,-0.00297242,0.0,2025-W14
adj_close.csv,ARIMA,SPY,0.0096544,0.0300429,0.01103413,0.0096544,0.0300429,0.01103413,"ARIMA(1, 0, 0)",0.01103413,0.00137972,-0.01900877,0.0,2025-W15
adj_close.csv,ARIMA,SPY,0.00235113,0.01458489,0.00355076,0.00235113,0.01458489,0.00355076,"ARIMA(1, 0, 0)",-0.00355076,-0.00119963,0.01103413,0.0,2025-W16
adj_close.csv,ARIMA,SPY,0.00859642,0.01255094,0.00900017,0.00859642,0.01255094,0.00900017,"ARIMA(1, 0, 0)",0.00900017,0.00040375,-0.00355076,0.0,2025-W17
adj_close.csv,ARIMA,SPY,0.00684705,0.00322923,0.00577094,0.00684705,0.00322923,0.00577094,"ARIMA(1, 0, 0)",0.00577094,-0.0010761,0.00900017,0.0,2025-W18
adj_close.csv,ARIMA,SPY,0.00023296,0.00662673,0.00085578,0.00023296,0.00662673,0.00085578,"ARIMA(1, 0, 0)",-0.00085578,-0.00062282,0.00577094,0.0,2025-W19
adj_close.csv,ARIMA,SPY,0.01021923,0.01116759,0.0103118,0.01021923,0.01116759,0.0103118,"ARIMA(1, 0, 0)",0.0103118,9.258e-05,-0.00085578,0.0,2025-W20
adj_close.csv,ARIMA,SPY,0.00401231,0.01545653,0.00514472,0.00401231,0.01545653,0.00514472,"ARIMA(1, 0, 0)",-0.00514472,-0.00113242,0.0103118,0.0,2025-W21
adj_close.csv,ARIMA,SPY,0.00379478,0.00954366,0.00439893,0.00379478,0.00954366,0.00439893,"ARIMA(1, 0, 0)",0.00439893,0.00060415,-0.00514472,0.0,2025-W22
adj_close.csv,ARIMA,SPY,0.00381374,0.00111749,0.00328144,0.00381374,0.00111749,0.00328144,"ARIMA(1, 0, 0)",0.00328144,-0.0005323,0.00439893,0.0,2025-W23
adj_close.csv,ARIMA,SPY,0.0003286,0.00399708,0.00071563,0.0003286,0.00399708,0.00071563,"ARIMA(1, 0, 0)",-0.00071563,-0.00038703,0.00328144,0.0,2025-W24
adj_close.csv,ARIMA,SPY,0.00048817,0.00031201,0.00040363,0.00048817,0.00031201,0.00040363,"ARIMA(1, 0, 0)",-0.00040363,8.455e-05,-0.00071563,0.0,2025-W25
adj_close.csv,ARIMA,SPY,0.00677738,0.00722867,0.00682504,0.00677738,0.00722867,0.00682504,"ARIMA(1, 0, 0)",0.00682504,4.766e-05,-0.00040363,0.0,2025-W26
adj_close.csv,ARIMA,SPY,0.00501422,0.00262011,0.00420493,0.00501422,0.00262011,0.00420493,"ARIMA(1, 0, 0)",0.00420493,-0.00080929,0.00682504,0.0,2025-W27
adj_close.csv,ARIMA,SPY,7.824e-05,0.00475579,0.00055086,7.824e-05,0.00475579,0.00055086,"ARIMA(1, 0, 0)",-0.00055086,-0.00047262,0.00420493,0.0,2025-W28
adj_close.csv,ARIMA,SPY,0.00120403,0.00181684,0.00126598,0.00120403,0.00181684,0.00126598,"ARIMA(1, 0, 0)",0.00126598,6.195e-05,-0.00055086,0.0,2025-W29
adj_close.csv,ARIMA,SPY,0.00315361,0.00174512,0.00301109,0.00315361,0.00174512,0.00301109,"ARIMA(1, 0, 0)",0.00301109,-0.00014252,0.00126598,0.0,2025-W30
adj_close.csv,ARIMA,SPY,0.00455057,0.00789847,0.00488738,0.00455057,0.00789847,0.00488738,"ARIMA(1, 0, 0)",-0.00488738,-0.00033681,0.00301109,0.0,2025-W31
adj_close.csv,ARIMA,SPY,0.00435377,0.00979987,0.00491249,0.00435377,0.00979987,0.00491249,"ARIMA(1, 0, 0)",0.00491249,0.00055872,-0.00488738,0.0,2025-W32
adj_close.csv,ARIMA,SPY,0.0025356,0.00295717,0.00195532,0.0025356,0.00295717,0.00195532,"ARIMA(1, 0, 0)",0.00195532,-0.00058028,0.00491249,0.0,2025-W33
adj_close.csv,ARIMA,SPY,0.00080705,0.0013749,0.00058042,0.00080705,0.0013749,0.00058042,"ARIMA(1, 0, 0)",0.00058042,-0.00022663,0.00195532,0.0,2025-W34
adj_close.csv,ARIMA,SPY,1.35e-05,0.00066103,8.061e-05,1.35e-05,0.00066103,8.061e-05,"ARIMA(1, 0, 0)",-8.061e-05,-6.711e-05,0.00058042,0.0,2025-W35
adj_close.csv,ARIMA,SPY,0.00083801,0.00092793,0.00084733,0.00083801,0.00092793,0.00084733,"ARIMA(1, 0, 0)",0.00084733,9.32e-06,-8.061e-05,0.0,2025-W36
adj_close.csv,ARIMA,SPY,0.0032161,0.0022708,0.00311812,0.0032161,0.0022708,0.00311812,"ARIMA(1, 0, 0)",0.00311812,-9.798e-05,0.00084733,0.0,2025-W37
adj_close.csv,ARIMA,SPY,0.00281729,0.0006599,0.00245822,0.00281729,0.0006599,0.00245822,"ARIMA(1, 0, 0)",0.00245822,-0.00035906,0.00311812,0.0,2025-W38
adj_close.csv,ARIMA,SPY,0.00028808,0.00302555,0.00056732,0.00028808,0.00302555,0.00056732,"ARIMA(1, 0, 0)",-0.00056732,-0.00027924,0.00245822,0.0,2025-W39
adj_close.csv,ARIMA,SPY,0.00215634,0.00278818,0.00222086,0.00215634,0.00278818,0.00222086,"ARIMA(1, 0, 0)",0.00222086,6.452e-05,-0.00056732,0.0,2025-W40
adj_close.csv,ARIMA,SPY,0.00464501,0.0071189,0.00489804,0.00464501,0.0071189,0.00489804,"ARIMA(1, 0, 0)",-0.00489804,-0.00025304,0.00222086,0.0,2025-W41
adj_close.csv,ARIMA,SPY,0.00288531,0.00835037,0.00345233,0.00288531,0.00835037,0.00345233,"ARIMA(1, 0, 0)",0.00345233,0.00056702,-0.00489804,0.0,2025-W42
adj_close.csv,ARIMA,SPY,0.00424249,0.00038189,0.00383422,0.00424249,0.00038189,0.00383422,"ARIMA(1, 0, 0)",0.00383422,-0.00040827,0.00345233,0.0,2025-W43
adj_close.csv,ARIMA,SPY,0.00185897,0.00241879,0.00141543,0.00185897,0.00241879,0.00141543,"ARIMA(1, 0, 0)",0.00141543,-0.00044354,0.00383422,0.0,2025-W44
adj_close.csv,ARIMA,SPY,0.00311669,0.00469409,0.00327865,0.00311669,0.00469409,0.00327865,"ARIMA(1, 0, 0)",-0.00327865,-0.00016196,0.00141543,0.0,2025-W45
adj_close.csv,ARIMA,SPY,9.175e-05,0.00356462,0.00028596,9.175e-05,0.00356462,0.00028596,"ARIMA(1, 0, 0)",0.00028596,0.00037771,-0.00327865,0.0,2025-W46
adj_close.csv,ARIMA,SPY,0.0038441,0.00416298,0.00387702,0.0038441,0.00416298,0.00387702,"ARIMA(1, 0, 0)",-0.00387702,-3.293e-05,0.00028596,0.0,2025-W47
adj_close.csv,ARIMA,SPY,0.00862697,0.01295118,0.00907415,0.00862697,0.01295118,0.00907415,"ARIMA(1, 0, 0)",0.00907415,0.00044718,-0.00387702,0.0,2025-W48
adj_close.csv,ARIMA,SPY,0.00177168,0.00840217,0.00067198,0.00177168,0.00840217,0.00067198,"ARIMA(1, 0, 0)",0.00067198,-0.0010997,0.00907415,0.0,2025-W49
adj_close.csv,ARIMA,SPY,0.00107001,0.00182156,0.00114958,0.00107001,0.00182156,0.00114958,"ARIMA(1, 0, 0)",-0.00114958,-7.958e-05,0.00067198,0.0,2025-W50
adj_close.csv,ARIMA,SPY,0.00011032,0.00139617,0.00024659,0.00011032,0.00139617,0.00024659,"ARIMA(1, 0, 0)",0.00024659,0.00013627,-0.00114958,0.0,2025-W51
adj_close.csv,ARIMA,SPY,0.0035744,0.00329857,0.00354517,0.0035744,0.00329857,0.00354517,"ARIMA(1, 0, 0)",0.00354517,-2.924e-05,0.00024659,0.0,2025-W52
adj_close.csv,ARIMA,SPY,0.00217947,0.00614443,0.00259927,0.00217947,0.00614443,0.00259927,"ARIMA(1, 0, 0)",-0.00259927,-0.00041979,0.00354517,0.0,2026-W01
adj_close.csv,ARIMA,SPY,0.00285459,0.00576509,0.00316583,0.00285459,0.00576509,0.00316583,"ARIMA(1, 0, 0)",0.00316583,0.00031124,-0.00259927,0.0,2026-W02
adj_close.csv,ARIMA,SPY,0.00031256,0.0038615,0.00069567,0.00031256,0.0038615,0.00069567,"ARIMA(1, 0, 0)",-0.00069567,-0.00038311,0.00316583,0.0,2026-W03
adj_close.csv,ARIMA,SPY,0.00096417,0.00018419,0.00087987,0.00096417,0.00018419,0.00087987,"ARIMA(1, 0, 0)",-0.00087987,8.431e-05,-0.00069567,0.0,2026-W04
adj_close.csv,ARIMA,SPY,0.00068699,0.00167338,0.00079351,0.00068699,0.00167338,0.00079351,"ARIMA(1, 0, 0)",0.00079351,0.00010653,-0.00087987,0.0,2026-W05
adj_close.csv,ARIMA,SPY,0.00505515,0.00416549,0.004959,0.00505515,0.00416549,0.004959,"ARIMA(1, 0, 0)",0.004959,-9.615e-05,0.00079351,0.0,2026-W06
adj_close.csv,ARIMA,TLT,0.00012952,0.00233403,0.00015058,0.00012952,0.00233403,0.00015058,"ARIMA(1, 0, 0)",0.00015058,2.106e-05,-0.00218345,0.0,2024-W30
adj_close.csv,ARIMA,TLT,0.01173277,0.01158072,0.0117313,0.01173277,0.01158072,0.0117313,"ARIMA(1, 0, 0)",0.0117313,-1.46e-06,0.00015058,0.0,2024-W31
adj_close.csv,ARIMA,TLT,0.00404503,0.01588484,0.00415354,0.00404503,0.01588484,0.00415354,"ARIMA(1, 0, 0)",-0.00415354,-0.00010851,0.0117313,0.0,2024-W32
adj_close.csv,ARIMA,TLT,0.00234757,0.00659034,0.0024368,0.00234757,0.00659034,0.0024368,"ARIMA(1, 0, 0)",0.0024368,8.923e-05,-0.00415354,0.0,2024-W33
adj_close.csv,ARIMA,TLT,0.00199893,0.00049631,0.00194049,0.00199893,0.00049631,0.00194049,"ARIMA(1, 0, 0)",0.00194049,-5.845e-05,0.0024368,0.0,2024-W34
adj_close.csv,ARIMA,TLT,0.00385584,0.00584045,0.00389996,0.00385584,0.00584045,0.00389996,"ARIMA(1, 0, 0)",-0.00389996,-4.412e-05,0.00194049,0.0,2024-W35
adj_close.csv,ARIMA,TLT,0.00854634,0.01254243,0.00864248,0.00854634,0.01254243,0.00864248,"ARIMA(1, 0, 0)",0.00864248,9.614e-05,-0.00389996,0.0,2024-W36
adj_close.csv,ARIMA,TLT,0.0019868,0.00694219,0.00170029,0.0019868,0.00694219,0.00170029,"ARIMA(1, 0, 0)",0.00170029,-0.00028651,0.00864248,0.0,2024-W37
adj_close.csv,ARIMA,TLT,0.00302191,0.00477126,0.00307097,0.00302191,0.00477126,0.00307097,"ARIMA(1, 0, 0)",-0.00307097,-4.906e-05,0.00170029,0.0,2024-W38
adj_close.csv,ARIMA,TLT,0.00072052,0.00244301,0.00062797,0.00072052,0.00244301,0.00062797,"ARIMA(1, 0, 0)",-0.00062797,9.256e-05,-0.00307097,0.0,2024-W39
adj_close.csv,ARIMA,TLT,0.00559674,0.00495019,0.00557816,0.00559674,0.00495019,0.00557816,"ARIMA(1, 0, 0)",-0.00557816,1.858e-05,-0.00062797,0.0,2024-W40
adj_close.csv,ARIMA,TLT,0.0040705,0.00166781,0.00391034,0.0040705,0.00166781,0.00391034,"ARIMA(1, 0, 0)",-0.00391034,0.00016015,-0.00557816,0.0,2024-W41
adj_close.csv,ARIMA,TLT,0.00027228,0.00427292,0.00036257,0.00027228,0.00427292,0.00036257,"ARIMA(1, 0, 0)",0.00036257,9.029e-05,-0.00391034,0.0,2024-W42
adj_close.csv,ARIMA,TLT,0.0037119,0.00408294,0.00372037,0.0037119,0.00408294,0.00372037,"ARIMA(1, 0, 0)",-0.00372037,-8.47e-06,0.00036257,0.0,2024-W43
adj_close.csv,ARIMA,TLT,0.00225606,0.00155242,0.00216795,0.00225606,0.00155242,0.00216795,"ARIMA(1, 0, 0)",-0.00216795,8.812e-05,-0.00372037,0.0,2024-W44
adj_close.csv,ARIMA,TLT,0.00355331,0.00576814,0.00360019,0.00355331,0.00576814,0.00360019,"ARIMA(1, 0, 0)",0.00360019,4.688e-05,-0.00216795,0.0,2024-W45
adj_close.csv,ARIMA,TLT,0.0051958,0.00888064,0.00528046,0.0051958,0.00888064,0.00528046,"ARIMA(1, 0, 0)",-0.00528046,-8.465e-05,0.00360019,0.0,2024-W46
adj_close.csv,ARIMA,TLT,0.00053873,0.00596751,0.00068705,0.00053873,0.00596751,0.00068705,"ARIMA(1, 0, 0)",0.00068705,0.00014833,-0.00528046,0.0,2024-W47
adj_close.csv,ARIMA,TLT,0.00973023,0.0090234,0.00971045,0.00973023,0.0090234,0.00971045,"ARIMA(1, 0, 0)",0.00971045,-1.977e-05,0.00068705,0.0,2024-W48
adj_close.csv,ARIMA,TLT,0.00184858,0.00812558,0.00158487,0.00184858,0.00812558,0.00158487,"ARIMA(1, 0, 0)",0.00158487,-0.0002637,0.00971045,0.0,2024-W49
adj_close.csv,ARIMA,TLT,0.00915577,0.01077693,0.00919205,0.00915577,0.01077693,0.00919205,"ARIMA(1, 0, 0)",-0.00919205,-3.628e-05,0.00158487,0.0,2024-W50
adj_close.csv,ARIMA,TLT,0.00359041,0.00584374,0.00334832,0.00359041,0.00584374,0.00334832,"ARIMA(1, 0, 0)",-0.00334832,0.0002421,-0.00919205,0.0,2024-W51
adj_close.csv,ARIMA,TLT,0.0035116,0.00010081,0.00344913,0.0035116,0.00010081,0.00344913,"ARIMA(1, 0, 0)",-0.00344913,6.247e-05,-0.00334832,0.0,2024-W52
adj_close.csv,ARIMA,TLT,0.00048981,0.00399387,0.00054474,0.00048981,0.00399387,0.00054474,"ARIMA(1, 0, 0)",0.00054474,5.493e-05,-0.00344913,0.0,2025-W01
adj_close.csv,ARIMA,TLT,0.00528797,0.0058416,0.00529686,0.00528797,0.0058416,0.00529686,"ARIMA(1, 0, 0)",-0.00529686,-8.89e-06,0.00054474,0.0,2025-W02
adj_close.csv,ARIMA,TLT,0.0039183,0.00930512,0.00400827,0.0039183,0.00930512,0.00400827,"ARIMA(1, 0, 0)",0.00400827,8.997e-05,-0.00529686,0.0,2025-W03
adj_close.csv,ARIMA,TLT,0.00017318,0.0039223,8.597e-05,0.00017318,0.0039223,8.597e-05,"ARIMA(1, 0, 0)",8.597e-05,-8.721e-05,0.00400827,0.0,2025-W04
adj_close.csv,ARIMA,TLT,0.00123629,0.00114846,0.00123443,0.00123629,0.00114846,0.00123443,"ARIMA(1, 0, 0)",0.00123443,-1.86e-06,8.597e-05,0.0,2025-W05
adj_close.csv,ARIMA,TLT,0.00415088,0.00288981,0.00412424,0.00415088,0.00288981,0.00412424,"ARIMA(1, 0, 0)",0.00412424,-2.663e-05,0.00123443,0.0,2025-W06
adj_close.csv,ARIMA,TLT,0.00018489,0.00439327,0.00026902,0.00018489,0.00439327,0.00026902,"ARIMA(1, 0, 0)",-0.00026902,-8.414e-05,0.00412424,0.0,2025-W07
adj_close.csv,ARIMA,TLT,0.00128113,0.00155569,0.00128667,0.00128113,0.00155569,0.00128667,"ARIMA(1, 0, 0)",0.00128667,5.54e-06,-0.00026902,0.0,2025-W08
adj_close.csv,ARIMA,TLT,0.00622349,0.00491025,0.00619691,0.00622349,0.00491025,0.00619691,"ARIMA(1, 0, 0)",0.00619691,-2.657e-05,0.00128667,0.0,2025-W09
adj_close.csv,ARIMA,TLT,0.00433894,0.01065253,0.00445561,0.00433894,0.01065253,0.00445561,"ARIMA(1, 0, 0)",-0.00445561,-0.00011667,0.00619691,0.0,2025-W10
adj_close.csv,ARIMA,TLT,2.215e-05,0.00458874,0.00013313,2.215e-05,0.00458874,0.00013313,"ARIMA(1, 0, 0)",0.00013313,0.00011097,-0.00445561,0.0,2025-W11
adj_close.csv,ARIMA,TLT,0.00117546,0.00103901,0.00117214,0.00117546,0.00103901,0.00117214,"ARIMA(1, 0, 0)",0.00117214,-3.32e-06,0.00013313,0.0,2025-W12
adj_close.csv,ARIMA,TLT,0.00120952,0.00241084,0.00123869,0.00120952,0.00241084,0.00123869,"ARIMA(1, 0, 0)",-0.00123869,-2.918e-05,0.00117214,0.0,2025-W13
adj_close.csv,ARIMA,TLT,0.00661057,0.0078805,0.0066418,0.00661057,0.0078805,0.0066418,"ARIMA(1, 0, 0)",0.0066418,3.123e-05,-0.00123869,0.0,2025-W14
adj_close.csv,ARIMA,TLT,0.01308877,0.01991027,0.01326846,0.01308877,0.01991027,0.01326846,"ARIMA(1, 0, 0)",-0.01326846,-0.00017969,0.0066418,0.0,2025-W15
adj_close.csv,ARIMA,TLT,0.00121876,0.01510311,0.00183465,0.00121876,0.01510311,0.00183465,"ARIMA(1, 0, 0)",0.00183465,0.00061589,-0.01326846,0.0,2025-W16
adj_close.csv,ARIMA,TLT,0.00317511,0.00124895,0.00308359,0.00317511,0.00124895,0.00308359,"ARIMA(1, 0, 0)",0.00308359,-9.152e-05,0.00183465,0.0,2025-W17
adj_close.csv,ARIMA,TLT,0.00174258,0.00497615,0.00189256,0.00174258,0.00497615,0.00189256,"ARIMA(1, 0, 0)",-0.00189256,-0.00014997,0.00308359,0.0,2025-W18
adj_close.csv,ARIMA,TLT,0.00165048,0.00033629,0.00155626,0.00165048,0.00033629,0.00155626,"ARIMA(1, 0, 0)",-0.00155626,9.422e-05,-0.00189256,0.0,2025-W19
adj_close.csv,ARIMA,TLT,0.00180706,0.00017435,0.00173062,0.00180706,0.00017435,0.00173062,"ARIMA(1, 0, 0)",-0.00173062,7.644e-05,-0.00155626,0.0,2025-W20
adj_close.csv,ARIMA,TLT,0.00418126,0.00236668,0.00409729,0.00418126,0.00236668,0.00409729,"ARIMA(1, 0, 0)",-0.00409729,8.396e-05,-0.00173062,0.0,2025-W21
adj_close.csv,ARIMA,TLT,0.00487119,0.00916094,0.00506365,0.00487119,0.00916094,0.00506365,"ARIMA(1, 0, 0)",0.00506365,0.00019246,-0.00409729,0.0,2025-W22
adj_close.csv,ARIMA,TLT,0.00116498,0.00648796,0.00142431,0.00116498,0.00648796,0.00142431,"ARIMA(1, 0, 0)",-0.00142431,-0.00025934,0.00506365,0.0,2025-W23
adj_close.csv,ARIMA,TLT,0.00220866,0.00370769,0.00228338,0.00220866,0.00370769,0.00228338,"ARIMA(1, 0, 0)",0.00228338,7.472e-05,-0.00142431,0.0,2025-W24
adj_close.csv,ARIMA,TLT,0.00058413,0.00182056,0.00046282,0.00058413,0.00182056,0.00046282,"ARIMA(1, 0, 0)",0.00046282,-0.00012131,0.00228338,0.0,2025-W25
adj_close.csv,ARIMA,TLT,0.00209491,0.00160763,0.00207045,0.00209491,0.00160763,0.00207045,"ARIMA(1, 0, 0)",0.00207045,-2.446e-05,0.00046282,0.0,2025-W26
adj_close.csv,ARIMA,TLT,0.0001645,0.00234394,0.00027349,0.0001645,0.00234394,0.00027349,"ARIMA(1, 0, 0)",-0.00027349,-0.00010899,0.00207045,0.0,2025-W27
adj_close.csv,ARIMA,TLT,0.00274657,0.00245866,0.00273215,0.00274657,0.00245866,0.00273215,"ARIMA(1, 0, 0)",-0.00273215,1.442e-05,-0.00027349,0.0,2025-W28
adj_close.csv,ARIMA,TLT,0.00142993,0.00144581,0.00128635,0.00142993,0.00144581,0.00128635,"ARIMA(1, 0, 0)",-0.00128635,0.00014359,-0.00273215,0.0,2025-W29
adj_close.csv,ARIMA,TLT,0.00270629,0.00405918,0.00277284,0.00270629,0.00405918,0.00277284,"ARIMA(1, 0, 0)",0.00277284,6.655e-05,-0.00128635,0.0,2025-W30
adj_close.csv,ARIMA,TLT,0.00409942,0.00118111,0.00395394,0.00409942,0.00118111,0.00395394,"ARIMA(1, 0, 0)",0.00395394,-0.00014548,0.00277284,0.0,2025-W31
adj_close.csv,ARIMA,TLT,0.00101268,0.00516462,0.00121067,0.00101268,0.00516462,0.00121067,"ARIMA(1, 0, 0)",-0.00121067,-0.000198,0.00395394,0.0,2025-W32
adj_close.csv,ARIMA,TLT,0.00211129,0.00083897,0.00204965,0.00211129,0.00083897,0.00204965,"ARIMA(1, 0, 0)",-0.00204965,6.164e-05,-0.00121067,0.0,2025-W33
adj_close.csv,ARIMA,TLT,0.00139574,0.00354865,0.001499,0.00139574,0.00354865,0.001499,"ARIMA(1, 0, 0)",0.001499,0.00010326,-0.00204965,0.0,2025-W34
adj_close.csv,ARIMA,TLT,0.00096016,0.00253558,0.00103658,0.00096016,0.00253558,0.00103658,"ARIMA(1, 0, 0)",-0.00103658,-7.642e-05,0.001499,0.0,2025-W35
adj_close.csv,ARIMA,TLT,0.00649062,0.00758036,0.00654378,0.00649062,0.00758036,0.00654378,"ARIMA(1, 0, 0)",0.00654378,5.315e-05,-0.00103658,0.0,2025-W36
adj_close.csv,ARIMA,TLT,0.0034595,0.00342904,0.00311473,0.0034595,0.00342904,0.00311473,"ARIMA(1, 0, 0)",0.00311473,-0.00034476,0.00654378,0.0,2025-W37
adj_close.csv,ARIMA,TLT,0.00192909,0.00519332,0.00207859,0.00192909,0.00519332,0.00207859,"ARIMA(1, 0, 0)",-0.00207859,-0.00014949,0.00311473,0.0,2025-W38
adj_close.csv,ARIMA,TLT,0.0003721,0.00180883,0.00026975,0.0003721,0.00180883,0.00026975,"ARIMA(1, 0, 0)",-0.00026975,0.00010234,-0.00207859,0.0,2025-W39
adj_close.csv,ARIMA,TLT,0.00175865,0.00204165,0.00177189,0.00175865,0.00204165,0.00177189,"ARIMA(1, 0, 0)",0.00177189,1.324e-05,-0.00026975,0.0,2025-W40
adj_close.csv,ARIMA,TLT,0.00284276,0.00098373,0.00275563,0.00284276,0.00098373,0.00275563,"ARIMA(1, 0, 0)",0.00275563,-8.713e-05,0.00177189,0.0,2025-W41
adj_close.csv,ARIMA,TLT,0.00140862,0.00147965,0.00127598,0.00140862,0.00147965,0.00127598,"ARIMA(1, 0, 0)",0.00127598,-0.00013264,0.00275563,0.0,2025-W42
adj_close.csv,ARIMA,TLT,0.00065164,0.00068473,0.00059124,0.00065164,0.00068473,0.00059124,"ARIMA(1, 0, 0)",0.00059124,-6.04e-05,0.00127598,0.0,2025-W43
adj_close.csv,ARIMA,TLT,0.00256899,0.00318812,0.00259687,0.00256899,0.00318812,0.00259687,"ARIMA(1, 0, 0)",-0.00259687,-2.789e-05,0.00059124,0.0,2025-W44
adj_close.csv,ARIMA,TLT,0.00100334,0.00171683,0.00088005,0.00100334,0.00171683,0.00088005,"ARIMA(1, 0, 0)",-0.00088005,0.00012329,-0.00259687,0.0,2025-W45
adj_close.csv,ARIMA,TLT,0.00161046,0.00068911,0.00156915,0.00161046,0.00068911,0.00156915,"ARIMA(1, 0, 0)",-0.00156915,4.131e-05,-0.00088005,0.0,2025-W46
adj_close.csv,ARIMA,TLT,0.00133959,0.00298194,0.00141279,0.00133959,0.00298194,0.00141279,"ARIMA(1, 0, 0)",0.00141279,7.32e-05,-0.00156915,0.0,2025-W47
adj_close.csv,ARIMA,TLT,0.00204192,0.00056261,0.0019754,0.00204192,0.00056261,0.0019754,"ARIMA(1, 0, 0)",0.0019754,-6.652e-05,0.00141279,0.0,2025-W48
adj_close.csv,ARIMA,TLT,0.00376992,0.00583716,0.00386176,0.00376992,0.00583716,0.00386176,"ARIMA(1, 0, 0)",-0.00386176,-9.183e-05,0.0019754,0.0,2025-W49
adj_close.csv,ARIMA,TLT,0.0020771,0.00197009,0.00189166,0.0020771,0.00197009,0.00189166,"ARIMA(1, 0, 0)",-0.00189166,0.00018543,-0.00386176,0.0,2025-W50
adj_close.csv,ARIMA,TLT,0.00116944,0.00314883,0.00125717,0.00116944,0.00314883,0.00125717,"ARIMA(1, 0, 0)",0.00125717,8.773e-05,-0.00189166,0.0,2025-W51
adj_close.csv,ARIMA,TLT,0.00060082,0.00071522,0.00054194,0.00060082,0.00071522,0.00054194,"ARIMA(1, 0, 0)",0.00054194,-5.887e-05,0.00125717,0.0,2025-W52
adj_close.csv,ARIMA,TLT,0.00200596,0.00257319,0.00203125,0.00200596,0.00257319,0.00203125,"ARIMA(1, 0, 0)",-0.00203125,-2.529e-05,0.00054194,0.0,2026-W01
adj_close.csv,ARIMA,TLT,0.00196238,0.00408888,0.00205763,0.00196238,0.00408888,0.00205763,"ARIMA(1, 0, 0)",0.00205763,9.526e-05,-0.00203125,0.0,2026-W02
adj_close.csv,ARIMA,TLT,0.00019773,0.00235354,0.0002959,0.00019773,0.00235354,0.0002959,"ARIMA(1, 0, 0)",-0.0002959,-9.817e-05,0.00205763,0.0,2026-W03
adj_close.csv,ARIMA,TLT,0.00035574,0.00066578,0.00036988,0.00035574,0.00066578,0.00036988,"ARIMA(1, 0, 0)",0.00036988,1.414e-05,-0.0002959,0.0,2026-W04
adj_close.csv,ARIMA,TLT,0.00181028,0.00219784,0.00182796,0.00181028,0.00219784,0.00182796,"ARIMA(1, 0, 0)",-0.00182796,-1.769e-05,0.00036988,0.0,2026-W05
adj_close.csv,ARIMA,TLT,0.00676656,0.00485094,0.00667891,0.00676656,0.00485094,0.00667891,"ARIMA(1, 0, 0)",-0.00667891,8.765e-05,-0.00182796,0.0,2026-W06
adj_close.csv,ARIMA,USMV,0.00170136,0.00172073,0.00169737,0.00170136,0.00172073,0.00169737,"ARIMA(0, 0, 1)",0.00169737,-3.98e-06,-2.336e-05,0.0,2024-W30
adj_close.csv,ARIMA,USMV,0.00123916,0.00051998,0.00117739,0.00123916,0.00051998,0.00117739,"ARIMA(0, 0, 1)",0.00117739,-6.177e-05,0.00169737,0.0,2024-W31
adj_close.csv,ARIMA,USMV,0.00011735,0.0013386,0.00016121,0.00011735,0.0013386,0.00016121,"ARIMA(0, 0, 1)",-0.00016121,-4.386e-05,0.00117739,0.0,2024-W32
adj_close.csv,ARIMA,USMV,0.00470836,0.00487372,0.00471252,0.00470836,0.00487372,0.00471252,"ARIMA(0, 0, 1)",0.00471252,4.16e-06,-0.00016121,0.0,2024-W33
adj_close.csv,ARIMA,USMV,0.00320457,0.00167573,0.00303679,0.00320457,0.00167573,0.00303679,"ARIMA(0, 0, 1)",0.00303679,-0.00016777,0.00471252,0.0,2024-W34
adj_close.csv,ARIMA,USMV,0.0024516,0.00067953,0.00235726,0.0024516,0.00067953,0.00235726,"ARIMA(0, 0, 1)",0.00235726,-9.434e-05,0.00303679,0.0,2024-W35
adj_close.csv,ARIMA,USMV,0.00547106,0.00789337,0.00553611,0.00547106,0.00789337,0.00553611,"ARIMA(0, 0, 1)",-0.00553611,-6.505e-05,0.00235726,0.0,2024-W36
adj_close.csv,ARIMA,USMV,0.00429755,0.01000877,0.00447266,0.00429755,0.01000877,0.00447266,"ARIMA(0, 0, 1)",0.00447266,0.00017511,-0.00553611,0.0,2024-W37
adj_close.csv,ARIMA,USMV,6.456e-05,0.00458218,0.00010951,6.456e-05,0.00458218,0.00010951,"ARIMA(0, 0, 1)",-0.00010951,-0.00017407,0.00447266,0.0,2024-W38
adj_close.csv,ARIMA,USMV,0.00041416,0.00052105,0.00041154,0.00041416,0.00052105,0.00041154,"ARIMA(0, 0, 1)",0.00041154,-2.62e-06,-0.00010951,0.0,2024-W39
adj_close.csv,ARIMA,USMV,8.279e-05,0.00034566,6.587e-05,8.279e-05,0.00034566,6.587e-05,"ARIMA(0, 0, 1)",6.587e-05,-1.692e-05,0.00041154,0.0,2024-W40
adj_close.csv,ARIMA,USMV,0.00199126,0.001922,0.00198788,0.00199126,0.001922,0.00198788,"ARIMA(0, 0, 1)",0.00198788,-3.38e-06,6.587e-05,0.0,2024-W41
adj_close.csv,ARIMA,USMV,0.00194187,0.00012719,0.00186069,0.00194187,0.00012719,0.00186069,"ARIMA(0, 0, 1)",0.00186069,-8.118e-05,0.00198788,0.0,2024-W42
adj_close.csv,ARIMA,USMV,0.00399205,0.00592892,0.00406823,0.00399205,0.00592892,0.00406823,"ARIMA(0, 0, 1)",-0.00406823,-7.618e-05,0.00186069,0.0,2024-W43
adj_close.csv,ARIMA,USMV,0.00244513,0.00179159,0.00227664,0.00244513,0.00179159,0.00227664,"ARIMA(0, 0, 1)",-0.00227664,0.0001685,-0.00406823,0.0,2024-W44
adj_close.csv,ARIMA,USMV,0.00753892,0.00990947,0.00763283,0.00753892,0.00990947,0.00763283,"ARIMA(0, 0, 1)",0.00763283,9.391e-05,-0.00227664,0.0,2024-W45
adj_close.csv,ARIMA,USMV,0.00468371,0.01265962,0.00502679,0.00468371,0.01265962,0.00502679,"ARIMA(0, 0, 1)",-0.00502679,-0.00034308,0.00763283,0.0,2024-W46
adj_close.csv,ARIMA,USMV,0.00473671,0.01003219,0.0050054,0.00473671,0.01003219,0.0050054,"ARIMA(0, 0, 1)",0.0050054,0.00026869,-0.00502679,0.0,2024-W47
adj_close.csv,ARIMA,USMV,0.00321176,0.00210657,0.00289883,0.00321176,0.00210657,0.00289883,"ARIMA(0, 0, 1)",0.00289883,-0.00031293,0.0050054,0.0,2024-W48
adj_close.csv,ARIMA,USMV,0.00197528,0.00506815,0.00216932,0.00197528,0.00506815,0.00216932,"ARIMA(0, 0, 1)",-0.00216932,-0.00019405,0.00289883,0.0,2024-W49
adj_close.csv,ARIMA,USMV,0.00416336,0.00186989,0.00403921,0.00416336,0.00186989,0.00403921,"ARIMA(0, 0, 1)",-0.00403921,0.00012415,-0.00216932,0.0,2024-W50
adj_close.csv,ARIMA,USMV,0.00423639,5.344e-05,0.00398577,0.00423639,5.344e-05,0.00398577,"ARIMA(0, 0, 1)",-0.00398577,0.00025062,-0.00403921,0.0,2024-W51
adj_close.csv,ARIMA,USMV,0.00041477,0.00462783,0.00064206,0.00041477,0.00462783,0.00064206,"ARIMA(0, 0, 1)",0.00064206,0.00022729,-0.00398577,0.0,2024-W52
adj_close.csv,ARIMA,USMV,0.00157172,0.00223629,0.00159422,0.00157172,0.00223629,0.00159422,"ARIMA(0, 0, 1)",-0.00159422,-2.25e-05,0.00064206,0.0,2025-W01
adj_close.csv,ARIMA,USMV,0.00410251,0.00242216,0.00401638,0.00410251,0.00242216,0.00401638,"ARIMA(0, 0, 1)",-0.00401638,8.613e-05,-0.00159422,0.0,2025-W02
adj_close.csv,ARIMA,USMV,0.00467492,0.00890593,0.00488955,0.00467492,0.00890593,0.00488955,"ARIMA(0, 0, 1)",0.00488955,0.00021463,-0.00401638,0.0,2025-W03
adj_close.csv,ARIMA,USMV,0.00328954,0.00187496,0.00301459,0.00328954,0.00187496,0.00301459,"ARIMA(0, 0, 1)",0.00301459,-0.00027495,0.00488955,0.0,2025-W04
adj_close.csv,ARIMA,USMV,0.00241681,0.00080559,0.002209,0.00241681,0.00080559,0.002209,"ARIMA(0, 0, 1)",0.002209,-0.00020781,0.00301459,0.0,2025-W05
adj_close.csv,ARIMA,USMV,0.00176766,0.00056273,0.00164627,0.00176766,0.00056273,0.00164627,"ARIMA(0, 0, 1)",0.00164627,-0.00012139,0.002209,0.0,2025-W06
adj_close.csv,ARIMA,USMV,0.00060448,0.00112918,0.00051709,0.00060448,0.00112918,0.00051709,"ARIMA(0, 0, 1)",0.00051709,-8.74e-05,0.00164627,0.0,2025-W07
adj_close.csv,ARIMA,USMV,0.00032534,0.00022143,0.00029565,0.00032534,0.00022143,0.00029565,"ARIMA(0, 0, 1)",0.00029565,-2.968e-05,0.00051709,0.0,2025-W08
adj_close.csv,ARIMA,USMV,0.00323516,0.00292354,0.00321919,0.00323516,0.00292354,0.00321919,"ARIMA(0, 0, 1)",0.00321919,-1.597e-05,0.00029565,0.0,2025-W09
adj_close.csv,ARIMA,USMV,0.00143496,0.00481163,0.00159244,0.00143496,0.00481163,0.00159244,"ARIMA(0, 0, 1)",-0.00159244,-0.00015749,0.00321919,0.0,2025-W10
adj_close.csv,ARIMA,USMV,0.00401158,0.00234721,0.00393965,0.00401158,0.00234721,0.00393965,"ARIMA(0, 0, 1)",-0.00393965,7.193e-05,-0.00159244,0.0,2025-W11
adj_close.csv,ARIMA,USMV,0.00143741,0.00557065,0.00163099,0.00143741,0.00557065,0.00163099,"ARIMA(0, 0, 1)",0.00163099,0.00019358,-0.00393965,0.0,2025-W12
adj_close.csv,ARIMA,USMV,0.00076313,0.00093971,0.00069129,0.00076313,0.00093971,0.00069129,"ARIMA(0, 0, 1)",0.00069129,-7.184e-05,0.00163099,0.0,2025-W13
adj_close.csv,ARIMA,USMV,0.01228105,0.01301039,0.0123191,0.01228105,0.01301039,0.0123191,"ARIMA(0, 0, 1)",-0.0123191,-3.805e-05,0.00069129,0.0,2025-W14
adj_close.csv,ARIMA,USMV,0.00563091,0.01859572,0.00627662,0.00563091,0.01859572,0.00627662,"ARIMA(0, 0, 1)",0.00627662,0.00064571,-0.0123191,0.0,2025-W15
adj_close.csv,ARIMA,USMV,0.00057093,0.00610996,0.00016666,0.00057093,0.00610996,0.00016666,"ARIMA(0, 0, 1)",0.00016666,-0.00040427,0.00627662,0.0,2025-W16
adj_close.csv,ARIMA,USMV,0.00174528,0.00153639,0.00170305,0.00174528,0.00153639,0.00170305,"ARIMA(0, 0, 1)",0.00170305,-4.223e-05,0.00016666,0.0,2025-W17
adj_close.csv,ARIMA,USMV,0.00453014,0.00269705,0.0044001,0.00453014,0.00269705,0.0044001,"ARIMA(0, 0, 1)",0.0044001,-0.00013003,0.00170305,0.0,2025-W18
adj_close.csv,ARIMA,USMV,0.00118964,0.00591394,0.00151384,0.00118964,0.00591394,0.00151384,"ARIMA(0, 0, 1)",-0.00151384,-0.0003242,0.0044001,0.0,2025-W19
adj_close.csv,ARIMA,USMV,0.00386828,0.00546883,0.00395499,0.00386828,0.00546883,0.00395499,"ARIMA(0, 0, 1)",0.00395499,8.671e-05,-0.00151384,0.0,2025-W20
adj_close.csv,ARIMA,USMV,0.00303655,0.00728143,0.00332644,0.00303655,0.00728143,0.00332644,"ARIMA(0, 0, 1)",-0.00332644,-0.00028989,0.00395499,0.0,2025-W21
adj_close.csv,ARIMA,USMV,0.00269291,0.00625768,0.00293124,0.00269291,0.00625768,0.00293124,"ARIMA(0, 0, 1)",0.00293124,0.00023834,-0.00332644,0.0,2025-W22
adj_close.csv,ARIMA,USMV,0.00073175,0.0024186,0.00051265,0.00073175,0.0024186,0.00051265,"ARIMA(0, 0, 1)",0.00051265,-0.0002191,0.00293124,0.0,2025-W23
adj_close.csv,ARIMA,USMV,0.00152583,0.00209755,0.00158491,0.00152583,0.00209755,0.00158491,"ARIMA(0, 0, 1)",-0.00158491,-5.908e-05,0.00051265,0.0,2025-W24
adj_close.csv,ARIMA,USMV,0.0025225,0.00081369,0.0023986,0.0025225,0.00081369,0.0023986,"ARIMA(0, 0, 1)",-0.0023986,0.0001239,-0.00158491,0.0,2025-W25
adj_close.csv,ARIMA,USMV,0.00241723,0.00501755,0.00261895,0.00241723,0.00501755,0.00261895,"ARIMA(0, 0, 1)",0.00261895,0.00020172,-0.0023986,0.0,2025-W26
adj_close.csv,ARIMA,USMV,0.00326977,0.00045316,0.00307211,0.00326977,0.00045316,0.00307211,"ARIMA(0, 0, 1)",0.00307211,-0.00019766,0.00261895,0.0,2025-W27
adj_close.csv,ARIMA,USMV,0.00277994,0.00611124,0.00303913,0.00277994,0.00611124,0.00303913,"ARIMA(0, 0, 1)",-0.00303913,-0.00025918,0.00307211,0.0,2025-W28
adj_close.csv,ARIMA,USMV,0.00022461,0.00349148,0.00045235,0.00022461,0.00349148,0.00045235,"ARIMA(0, 0, 1)",0.00045235,0.00022774,-0.00303913,0.0,2025-W29
adj_close.csv,ARIMA,USMV,0.00279631,0.00232548,0.00277784,0.00279631,0.00232548,0.00277784,"ARIMA(0, 0, 1)",0.00277784,-1.847e-05,0.00045235,0.0,2025-W30
adj_close.csv,ARIMA,USMV,0.00386516,0.00687254,0.0040947,0.00386516,0.00687254,0.0040947,"ARIMA(0, 0, 1)",-0.0040947,-0.00022954,0.00277784,0.0,2025-W31
adj_close.csv,ARIMA,USMV,0.00075068,0.00517475,0.00108005,0.00075068,0.00517475,0.00108005,"ARIMA(0, 0, 1)",0.00108005,0.00032937,-0.0040947,0.0,2025-W32
adj_close.csv,ARIMA,USMV,0.00152407,0.00037948,0.00145953,0.00152407,0.00037948,0.00145953,"ARIMA(0, 0, 1)",0.00145953,-6.454e-05,0.00108005,0.0,2025-W33
adj_close.csv,ARIMA,USMV,0.00230047,0.00071002,0.00216955,0.00230047,0.00071002,0.00216955,"ARIMA(0, 0, 1)",0.00216955,-0.00013092,0.00145953,0.0,2025-W34
adj_close.csv,ARIMA,USMV,0.00039802,0.00276276,0.00059321,0.00039802,0.00276276,0.00059321,"ARIMA(0, 0, 1)",-0.00059321,-0.00019519,0.00216955,0.0,2025-W35
adj_close.csv,ARIMA,USMV,0.00075101,0.00012395,0.00071716,0.00075101,0.00012395,0.00071716,"ARIMA(0, 0, 1)",-0.00071716,3.385e-05,-0.00059321,0.0,2025-W36
adj_close.csv,ARIMA,USMV,0.00025504,0.0010361,0.00031894,0.00025504,0.0010361,0.00031894,"ARIMA(0, 0, 1)",0.00031894,6.391e-05,-0.00071716,0.0,2025-W37
adj_close.csv,ARIMA,USMV,0.00015627,0.00018439,0.00013455,0.00015627,0.00018439,0.00013455,"ARIMA(0, 0, 1)",0.00013455,-2.171e-05,0.00031894,0.0,2025-W38
adj_close.csv,ARIMA,USMV,0.00149967,0.00135181,0.00148637,0.00149967,0.00135181,0.00148637,"ARIMA(0, 0, 1)",0.00148637,-1.33e-05,0.00013455,0.0,2025-W39
adj_close.csv,ARIMA,USMV,0.0014139,0.00020005,0.00128631,0.0014139,0.00020005,0.00128631,"ARIMA(0, 0, 1)",0.00128631,-0.00012759,0.00148637,0.0,2025-W40
adj_close.csv,ARIMA,USMV,0.00233398,0.00373955,0.00245324,0.00233398,0.00373955,0.00245324,"ARIMA(0, 0, 1)",-0.00245324,-0.00011925,0.00128631,0.0,2025-W41
adj_close.csv,ARIMA,USMV,5.035e-05,0.00260213,0.00014889,5.035e-05,0.00260213,0.00014889,"ARIMA(0, 0, 1)",0.00014889,0.00019924,-0.00245324,0.0,2025-W42
adj_close.csv,ARIMA,USMV,0.0009291,0.0007845,0.0009334,0.0009291,0.0007845,0.0009334,"ARIMA(0, 0, 1)",0.0009334,4.29e-06,0.00014889,0.0,2025-W43
adj_close.csv,ARIMA,USMV,0.00273402,0.00374674,0.00281334,0.00273402,0.00374674,0.00281334,"ARIMA(0, 0, 1)",-0.00281334,-7.932e-05,0.0009334,0.0,2025-W44
adj_close.csv,ARIMA,USMV,0.00064363,0.0024051,0.00040825,0.00064363,0.0024051,0.00040825,"ARIMA(0, 0, 1)",-0.00040825,0.00023539,-0.00281334,0.0,2025-W45
adj_close.csv,ARIMA,USMV,0.00253071,0.00299389,0.00258565,0.00253071,0.00299389,0.00258565,"ARIMA(0, 0, 1)",0.00258565,5.494e-05,-0.00040825,0.0,2025-W46
adj_close.csv,ARIMA,USMV,0.00084681,0.00365004,0.00106439,0.00084681,0.00365004,0.00106439,"ARIMA(0, 0, 1)",-0.00106439,-0.00021758,0.00258565,0.0,2025-W47
adj_close.csv,ARIMA,USMV,0.00423836,0.00537598,0.00431159,0.00423836,0.00537598,0.00431159,"ARIMA(0, 0, 1)",0.00431159,7.324e-05,-0.00106439,0.0,2025-W48
adj_close.csv,ARIMA,USMV,0.00120725,0.00589129,0.0015797,0.00120725,0.00589129,0.0015797,"ARIMA(0, 0, 1)",-0.0015797,-0.00037245,0.00431159,0.0,2025-W49
adj_close.csv,ARIMA,USMV,1.77e-06,0.00168539,0.00010569,1.77e-06,0.00168539,0.00010569,"ARIMA(0, 0, 1)",0.00010569,0.00010747,-0.0015797,0.0,2025-W50
adj_close.csv,ARIMA,USMV,0.00025481,0.00035962,0.00025393,0.00025481,0.00035962,0.00025393,"ARIMA(0, 0, 1)",-0.00025393,8.8e-07,0.00010569,0.0,2025-W51
adj_close.csv,ARIMA,USMV,0.00259313,0.00286981,0.00261588,0.00259313,0.00286981,0.00261588,"ARIMA(0, 0, 1)",0.00261588,2.275e-05,-0.00025393,0.0,2025-W52
adj_close.csv,ARIMA,USMV,0.0036346,0.0064833,0.00386742,0.0036346,0.0064833,0.00386742,"ARIMA(0, 0, 1)",-0.00386742,-0.00023282,0.00261588,0.0,2026-W01
adj_close.csv,ARIMA,USMV,0.00176675,0.00597057,0.00210315,0.00176675,0.00597057,0.00210315,"ARIMA(0, 0, 1)",0.00210315,0.0003364,-0.00386742,0.0,2026-W02
adj_close.csv,ARIMA,USMV,0.00029869,0.00256862,0.00046546,0.00029869,0.00256862,0.00046546,"ARIMA(0, 0, 1)",-0.00046546,-0.00016678,0.00210315,0.0,2026-W03
adj_close.csv,ARIMA,USMV,0.00118667,0.00168047,0.001215,0.00118667,0.00168047,0.001215,"ARIMA(0, 0, 1)",0.001215,2.833e-05,-0.00046546,0.0,2026-W04
adj_close.csv,ARIMA,USMV,0.0003446,0.00098326,0.00023174,0.0003446,0.00098326,0.00023174,"ARIMA(0, 0, 1)",0.00023174,-0.00011286,0.001215,0.0,2026-W05
adj_close.csv,ARIMA,USMV,0.00413,0.00386554,0.00409728,0.00413,0.00386554,0.00409728,"ARIMA(0, 0, 1)",0.00409728,-3.271e-05,0.00023174,0.0,2026-W06
adj_close.csv,ARIMA,USO,0.0055345,0.00078176,0.00490583,0.0055345,0.00078176,0.00490583,"ARIMA(2, 0, 2)",-0.00490583,0.00062867,-0.00568759,0.0,2024-W30
adj_close.csv,ARIMA,USO,0.00960584,0.00237257,0.0072784,0.00960584,0.00237257,0.0072784,"ARIMA(2, 0, 2)",-0.0072784,0.00232744,-0.00490583,0.0,2024-W31
adj_close.csv,ARIMA,USO,0.00690477,0.01484565,0.00756725,0.00690477,0.01484565,0.00756725,"ARIMA(2, 0, 2)",0.00756725,0.00066248,-0.0072784,0.0,2024-W32
adj_close.csv,ARIMA,USO,0.00123922,0.00730502,0.00026222,0.00123922,0.00730502,0.00026222,"ARIMA(2, 0, 2)",0.00026222,-0.00097699,0.00756725,0.0,2024-W33
adj_close.csv,ARIMA,USO,0.00267178,0.00229028,0.00202806,0.00267178,0.00229028,0.00202806,"ARIMA(2, 0, 2)",-0.00202806,0.00064372,0.00026222,0.0,2024-W34
adj_close.csv,ARIMA,USO,0.00440898,0.00120106,0.00322912,0.00440898,0.00120106,0.00322912,"ARIMA(2, 0, 2)",-0.00322912,0.00117986,-0.00202806,0.0,2024-W35
adj_close.csv,ARIMA,USO,0.02017489,0.01566028,0.0188894,0.02017489,0.01566028,0.0188894,"ARIMA(2, 0, 2)",-0.0188894,0.00128549,-0.00322912,0.0,2024-W36
adj_close.csv,ARIMA,USO,0.00266301,0.02151248,0.00262307,0.00266301,0.02151248,0.00262307,"ARIMA(2, 0, 2)",0.00262307,-3.993e-05,-0.0188894,0.0,2024-W37
adj_close.csv,ARIMA,USO,0.00705002,0.00600814,0.00863121,0.00705002,0.00600814,0.00863121,"ARIMA(2, 0, 2)",0.00863121,0.00158119,0.00262307,0.0,2024-W38
adj_close.csv,ARIMA,USO,0.00487695,0.01603481,0.0074036,0.00487695,0.01603481,0.0074036,"ARIMA(2, 0, 2)",-0.0074036,-0.00252665,0.00863121,0.0,2024-W39
adj_close.csv,ARIMA,USO,0.01755827,0.02400022,0.01659662,0.01755827,0.02400022,0.01659662,"ARIMA(2, 0, 2)",0.01659662,-0.00096165,-0.0074036,0.0,2024-W40
adj_close.csv,ARIMA,USO,0.00271904,0.01363245,0.00296417,0.00271904,0.01363245,0.00296417,"ARIMA(2, 0, 2)",0.00296417,0.00024513,0.01659662,0.0,2024-W41
adj_close.csv,ARIMA,USO,0.01619607,0.01939041,0.01642624,0.01619607,0.01939041,0.01642624,"ARIMA(2, 0, 2)",-0.01642624,-0.00023016,0.00296417,0.0,2024-W42
adj_close.csv,ARIMA,USO,0.00684752,0.02425639,0.00783015,0.00684752,0.02425639,0.00783015,"ARIMA(2, 0, 2)",0.00783015,0.00098263,-0.01642624,0.0,2024-W43
adj_close.csv,ARIMA,USO,0.00881905,0.01387507,0.00604492,0.00881905,0.01387507,0.00604492,"ARIMA(2, 0, 2)",-0.00604492,0.00277413,0.00783015,0.0,2024-W44
adj_close.csv,ARIMA,USO,0.00455574,0.00910389,0.00305897,0.00455574,0.00910389,0.00305897,"ARIMA(2, 0, 2)",0.00305897,-0.00149678,-0.00604492,0.0,2024-W45
adj_close.csv,ARIMA,USO,0.00892852,0.01252321,0.00946424,0.00892852,0.01252321,0.00946424,"ARIMA(2, 0, 2)",-0.00946424,-0.00053572,0.00305897,0.0,2024-W46
adj_close.csv,ARIMA,USO,0.01119772,0.02196832,0.01250407,0.01119772,0.02196832,0.01250407,"ARIMA(2, 0, 2)",0.01250407,0.00130635,-0.00946424,0.0,2024-W47
adj_close.csv,ARIMA,USO,0.00870104,0.02155483,0.00905076,0.00870104,0.02155483,0.00905076,"ARIMA(2, 0, 2)",-0.00905076,-0.00034972,0.01250407,0.0,2024-W48
adj_close.csv,ARIMA,USO,0.00175938,0.0051874,0.00386336,0.00175938,0.0051874,0.00386336,"ARIMA(2, 0, 2)",-0.00386336,-0.00210399,-0.00905076,0.0,2024-W49
adj_close.csv,ARIMA,USO,0.00888818,0.01485956,0.0109962,0.00888818,0.01485956,0.0109962,"ARIMA(2, 0, 2)",0.0109962,0.00210802,-0.00386336,0.0,2024-W50
adj_close.csv,ARIMA,USO,0.00256994,0.01401031,0.00301411,0.00256994,0.01401031,0.00301411,"ARIMA(2, 0, 2)",-0.00301411,-0.00044417,0.0109962,0.0,2024-W51
adj_close.csv,ARIMA,USO,0.00482501,0.00556602,0.00255191,0.00482501,0.00556602,0.00255191,"ARIMA(2, 0, 2)",0.00255191,-0.0022731,-0.00301411,0.0,2024-W52
adj_close.csv,ARIMA,USO,0.0127744,0.01085975,0.01341166,0.0127744,0.01085975,0.01341166,"ARIMA(2, 0, 2)",0.01341166,0.00063726,0.00255191,0.0,2025-W01
adj_close.csv,ARIMA,USO,0.00876542,0.00483362,0.00857804,0.00876542,0.00483362,0.00857804,"ARIMA(2, 0, 2)",0.00857804,-0.00018738,0.01341166,0.0,2025-W02
adj_close.csv,ARIMA,USO,0.00758008,0.00396887,0.00460917,0.00758008,0.00396887,0.00460917,"ARIMA(2, 0, 2)",0.00460917,-0.00297091,0.00857804,0.0,2025-W03
adj_close.csv,ARIMA,USO,0.00845298,0.01361581,0.00900664,0.00845298,0.01361581,0.00900664,"ARIMA(2, 0, 2)",-0.00900664,-0.00055366,0.00460917,0.0,2025-W04
adj_close.csv,ARIMA,USO,0.0066744,0.00499686,0.00400978,0.0066744,0.00499686,0.00400978,"ARIMA(2, 0, 2)",-0.00400978,0.00266462,-0.00900664,0.0,2025-W05
adj_close.csv,ARIMA,USO,0.0069698,0.00160534,0.00561512,0.0069698,0.00160534,0.00561512,"ARIMA(2, 0, 2)",-0.00561512,0.00135468,-0.00400978,0.0,2025-W06
adj_close.csv,ARIMA,USO,0.00086262,0.00550964,0.00010549,0.00086262,0.00550964,0.00010549,"ARIMA(2, 0, 2)",-0.00010549,-0.00096811,-0.00561512,0.0,2025-W07
adj_close.csv,ARIMA,USO,0.00145838,0.00144906,0.00155455,0.00145838,0.00144906,0.00155455,"ARIMA(2, 0, 2)",-0.00155455,-9.617e-05,-0.00010549,0.0,2025-W08
adj_close.csv,ARIMA,USO,0.00119979,0.0012092,0.00034535,0.00119979,0.0012092,0.00034535,"ARIMA(2, 0, 2)",-0.00034535,0.00085445,-0.00155455,0.0,2025-W09
adj_close.csv,ARIMA,USO,0.00800327,0.00815503,0.00850038,0.00800327,0.00815503,0.00850038,"ARIMA(2, 0, 2)",-0.00850038,-0.0004971,-0.00034535,0.0,2025-W10
adj_close.csv,ARIMA,USO,0.00139642,0.00902681,0.00052643,0.00139642,0.00902681,0.00052643,"ARIMA(2, 0, 2)",0.00052643,-0.00086999,-0.00850038,0.0,2025-W11
adj_close.csv,ARIMA,USO,0.00321392,0.00360872,0.00413516,0.00321392,0.00360872,0.00413516,"ARIMA(2, 0, 2)",0.00413516,0.00092124,0.00052643,0.0,2025-W12
adj_close.csv,ARIMA,USO,0.0030077,0.00149647,0.00263869,0.0030077,0.00149647,0.00263869,"ARIMA(2, 0, 2)",0.00263869,-0.00036901,0.00413516,0.0,2025-W13
adj_close.csv,ARIMA,USO,0.01816423,0.02185593,0.01921724,0.01816423,0.02185593,0.01921724,"ARIMA(2, 0, 2)",-0.01921724,-0.00105301,0.00263869,0.0,2025-W14
adj_close.csv,ARIMA,USO,0.00587902,0.01487118,0.00434605,0.00587902,0.01487118,0.00434605,"ARIMA(2, 0, 2)",-0.00434605,0.00153297,-0.01921724,0.0,2025-W15
adj_close.csv,ARIMA,USO,0.00826584,0.01545574,0.01110969,0.00826584,0.01545574,0.01110969,"ARIMA(2, 0, 2)",0.01110969,0.00284384,-0.00434605,0.0,2025-W16
adj_close.csv,ARIMA,USO,0.00178205,0.01240925,0.00129956,0.00178205,0.01240925,0.00129956,"ARIMA(2, 0, 2)",-0.00129956,-0.00308161,0.01110969,0.0,2025-W17
adj_close.csv,ARIMA,USO,0.01276409,0.0138008,0.01510036,0.01276409,0.0138008,0.01510036,"ARIMA(2, 0, 2)",-0.01510036,-0.00233628,-0.00129956,0.0,2025-W18
adj_close.csv,ARIMA,USO,0.0035151,0.02306344,0.00796307,0.0035151,0.02306344,0.00796307,"ARIMA(2, 0, 2)",0.00796307,0.00444797,-0.01510036,0.0,2025-W19
adj_close.csv,ARIMA,USO,0.00333222,0.00353858,0.00442449,0.00333222,0.00353858,0.00442449,"ARIMA(2, 0, 2)",0.00442449,0.00109227,0.00796307,0.0,2025-W20
adj_close.csv,ARIMA,USO,0.00519782,0.00474781,0.00032332,0.00519782,0.00474781,0.00032332,"ARIMA(2, 0, 2)",-0.00032332,-0.00552114,0.00442449,0.0,2025-W21
adj_close.csv,ARIMA,USO,0.00246711,0.0027846,0.00310791,0.00246711,0.0027846,0.00310791,"ARIMA(2, 0, 2)",-0.00310791,-0.0006408,-0.00032332,0.0,2025-W22
adj_close.csv,ARIMA,USO,0.00788901,0.01532566,0.01221775,0.00788901,0.01532566,0.01221775,"ARIMA(2, 0, 2)",0.01221775,0.00432874,-0.00310791,0.0,2025-W23
adj_close.csv,ARIMA,USO,0.02582649,0.01113329,0.02335104,0.02582649,0.01113329,0.02335104,"ARIMA(2, 0, 2)",0.02335104,-0.00247545,0.01221775,0.0,2025-W24
adj_close.csv,ARIMA,USO,0.01507113,0.01447291,0.00887813,0.01507113,0.01447291,0.00887813,"ARIMA(2, 0, 2)",0.00887813,-0.006193,0.02335104,0.0,2025-W25
adj_close.csv,ARIMA,USO,0.02283712,0.03407766,0.02519954,0.02283712,0.03407766,0.02519954,"ARIMA(2, 0, 2)",-0.02519954,-0.00236241,0.00887813,0.0,2025-W26
adj_close.csv,ARIMA,USO,0.00121483,0.03163218,0.00643264,0.00121483,0.03163218,0.00643264,"ARIMA(2, 0, 2)",0.00643264,0.00521781,-0.02519954,0.0,2025-W27
adj_close.csv,ARIMA,USO,0.00166468,0.00092338,0.00550926,0.00166468,0.00092338,0.00550926,"ARIMA(2, 0, 2)",0.00550926,0.00384458,0.00643264,0.0,2025-W28
adj_close.csv,ARIMA,USO,0.00214553,0.00905981,0.00355055,0.00214553,0.00905981,0.00355055,"ARIMA(2, 0, 2)",-0.00355055,-0.00569608,0.00550926,0.0,2025-W29
adj_close.csv,ARIMA,USO,0.00400742,0.00068539,0.00286516,0.00400742,0.00068539,0.00286516,"ARIMA(2, 0, 2)",-0.00286516,0.00114227,-0.00355055,0.0,2025-W30
adj_close.csv,ARIMA,USO,0.00194269,0.00972027,0.00685511,0.00194269,0.00972027,0.00685511,"ARIMA(2, 0, 2)",0.00685511,0.00491242,-0.00286516,0.0,2025-W31
adj_close.csv,ARIMA,USO,0.00859951,0.01789532,0.0110402,0.00859951,0.01789532,0.0110402,"ARIMA(2, 0, 2)",-0.0110402,-0.00244069,0.00685511,0.0,2025-W32
adj_close.csv,ARIMA,USO,0.00235011,0.00967127,0.00136893,0.00235011,0.00967127,0.00136893,"ARIMA(2, 0, 2)",-0.00136893,-0.00371904,-0.0110402,0.0,2025-W33
adj_close.csv,ARIMA,USO,0.00060184,0.00636104,0.00499211,0.00060184,0.00636104,0.00499211,"ARIMA(2, 0, 2)",0.00499211,0.00439027,-0.00136893,0.0,2025-W34
adj_close.csv,ARIMA,USO,0.0010866,0.00445693,0.00053518,0.0010866,0.00445693,0.00053518,"ARIMA(2, 0, 2)",0.00053518,0.00162178,0.00499211,0.0,2025-W35
adj_close.csv,ARIMA,USO,0.00261407,0.00802879,0.00749361,0.00261407,0.00802879,0.00749361,"ARIMA(2, 0, 2)",-0.00749361,-0.00487954,0.00053518,0.0,2025-W36
adj_close.csv,ARIMA,USO,0.00156576,0.0093574,0.00186379,0.00156576,0.0093574,0.00186379,"ARIMA(2, 0, 2)",0.00186379,0.00029804,-0.00749361,0.0,2025-W37
adj_close.csv,ARIMA,USO,0.00416978,0.00129171,0.00057209,0.00416978,0.00129171,0.00057209,"ARIMA(2, 0, 2)",0.00057209,0.00474187,0.00186379,0.0,2025-W38
adj_close.csv,ARIMA,USO,0.01114349,0.00872944,0.00930153,0.01114349,0.00872944,0.00930153,"ARIMA(2, 0, 2)",0.00930153,-0.00184196,0.00057209,0.0,2025-W39
adj_close.csv,ARIMA,USO,0.01017775,0.02358851,0.01428698,0.01017775,0.02358851,0.01428698,"ARIMA(2, 0, 2)",-0.01428698,-0.00410923,0.00930153,0.0,2025-W40
adj_close.csv,ARIMA,USO,0.00824583,0.00770949,0.00657749,0.00824583,0.00770949,0.00657749,"ARIMA(2, 0, 2)",-0.00657749,0.00166834,-0.01428698,0.0,2025-W41
adj_close.csv,ARIMA,USO,0.00867994,0.00247166,0.00410583,0.00867994,0.00247166,0.00410583,"ARIMA(2, 0, 2)",-0.00410583,0.00457411,-0.00657749,0.0,2025-W42
adj_close.csv,ARIMA,USO,0.01440865,0.01884755,0.01474171,0.01440865,0.01884755,0.01474171,"ARIMA(2, 0, 2)",0.01474171,0.00033307,-0.00410583,0.0,2025-W43
adj_close.csv,ARIMA,USO,0.001812,0.01644339,0.00170168,0.001812,0.01644339,0.00170168,"ARIMA(2, 0, 2)",-0.00170168,-0.00351368,0.01474171,0.0,2025-W44
adj_close.csv,ARIMA,USO,0.00161763,0.00191404,0.00361572,0.00161763,0.00191404,0.00361572,"ARIMA(2, 0, 2)",-0.00361572,-0.00199809,-0.00170168,0.0,2025-W45
adj_close.csv,ARIMA,USO,0.00238243,0.00395221,0.0003365,0.00238243,0.00395221,0.0003365,"ARIMA(2, 0, 2)",0.0003365,0.00271893,-0.00361572,0.0,2025-W46
adj_close.csv,ARIMA,USO,0.00669229,0.00625104,0.00591455,0.00669229,0.00625104,0.00591455,"ARIMA(2, 0, 2)",-0.00591455,0.00077774,0.0003365,0.0,2025-W47
adj_close.csv,ARIMA,USO,0.00715231,0.01221963,0.00630509,0.00715231,0.01221963,0.00630509,"ARIMA(2, 0, 2)",0.00630509,-0.00084722,-0.00591455,0.0,2025-W48
adj_close.csv,ARIMA,USO,0.00200401,0.00392728,0.00237781,0.00200401,0.00392728,0.00237781,"ARIMA(2, 0, 2)",0.00237781,0.0003738,0.00630509,0.0,2025-W49
adj_close.csv,ARIMA,USO,0.00767551,0.01121888,0.00884106,0.00767551,0.01121888,0.00884106,"ARIMA(2, 0, 2)",-0.00884106,-0.00116556,0.00237781,0.0,2025-W50
adj_close.csv,ARIMA,USO,0.00288465,0.00656101,0.00228006,0.00288465,0.00656101,0.00228006,"ARIMA(2, 0, 2)",-0.00228006,0.0006046,-0.00884106,0.0,2025-W51
adj_close.csv,ARIMA,USO,0.00058956,0.00392831,0.00164825,0.00058956,0.00392831,0.00164825,"ARIMA(2, 0, 2)",0.00164825,0.00223781,-0.00228006,0.0,2025-W52
adj_close.csv,ARIMA,USO,0.00243532,9.795e-05,0.00174621,0.00243532,9.795e-05,0.00174621,"ARIMA(2, 0, 2)",0.00174621,-0.00068911,0.00164825,0.0,2026-W01
adj_close.csv,ARIMA,USO,0.00647463,0.00346376,0.00520997,0.00647463,0.00346376,0.00520997,"ARIMA(2, 0, 2)",0.00520997,-0.00126466,0.00174621,0.0,2026-W02
adj_close.csv,ARIMA,USO,0.0025808,0.00276663,0.00244334,0.0025808,0.00276663,0.00244334,"ARIMA(2, 0, 2)",0.00244334,-0.00013746,0.00520997,0.0,2026-W03
adj_close.csv,ARIMA,USO,0.00852837,0.00545565,0.00789899,0.00852837,0.00545565,0.00789899,"ARIMA(2, 0, 2)",0.00789899,-0.00062937,0.00244334,0.0,2026-W04
adj_close.csv,ARIMA,USO,0.01548086,0.00662488,0.01452387,0.01548086,0.00662488,0.01452387,"ARIMA(2, 0, 2)",0.01452387,-0.00095699,0.00789899,0.0,2026-W05
adj_close.csv,ARIMA,USO,0.05200763,0.06865391,0.05413003,0.05200763,0.06865391,0.05413003,"ARIMA(2, 0, 2)",-0.05413003,-0.0021224,0.01452387,0.0,2026-W06
adj_close.csv,ARIMA,VIG,0.00111325,0.00085082,0.00108576,0.00111325,0.00085082,0.00108576,"ARIMA(0, 0, 1)",0.00108576,-2.75e-05,0.00023494,0.0,2024-W30
adj_close.csv,ARIMA,VIG,0.00202385,0.00317732,0.00209156,0.00202385,0.00317732,0.00209156,"ARIMA(0, 0, 1)",-0.00209156,-6.771e-05,0.00108576,0.0,2024-W31
adj_close.csv,ARIMA,VIG,0.00092002,0.00129615,0.00079541,0.00092002,0.00129615,0.00079541,"ARIMA(0, 0, 1)",-0.00079541,0.00012461,-0.00209156,0.0,2024-W32
adj_close.csv,ARIMA,VIG,0.00554074,0.0063922,0.00559679,0.00554074,0.0063922,0.00559679,"ARIMA(0, 0, 1)",0.00559679,5.605e-05,-0.00079541,0.0,2024-W33
adj_close.csv,ARIMA,VIG,0.00305206,0.00289223,0.00270456,0.00305206,0.00289223,0.00270456,"ARIMA(0, 0, 1)",0.00270456,-0.0003475,0.00559679,0.0,2024-W34
adj_close.csv,ARIMA,VIG,0.00276011,0.00011763,0.00258693,0.00276011,0.00011763,0.00258693,"ARIMA(0, 0, 1)",0.00258693,-0.00017318,0.00270456,0.0,2024-W35
adj_close.csv,ARIMA,VIG,0.00718557,0.00992235,0.00733542,0.00718557,0.00992235,0.00733542,"ARIMA(0, 0, 1)",-0.00733542,-0.00014985,0.00258693,0.0,2024-W36
adj_close.csv,ARIMA,VIG,0.00514326,0.01291794,0.00558253,0.00514326,0.01291794,0.00558253,"ARIMA(0, 0, 1)",0.00558253,0.00043926,-0.00733542,0.0,2024-W37
adj_close.csv,ARIMA,VIG,0.0021581,0.0037929,0.00178962,0.0021581,0.0037929,0.00178962,"ARIMA(0, 0, 1)",0.00178962,-0.00036848,0.00558253,0.0,2024-W38
adj_close.csv,ARIMA,VIG,0.00069974,0.00123868,0.00055094,0.00069974,0.00123868,0.00055094,"ARIMA(0, 0, 1)",0.00055094,-0.00014881,0.00178962,0.0,2024-W39
adj_close.csv,ARIMA,VIG,1.268e-05,0.00061179,6.085e-05,1.268e-05,0.00061179,6.085e-05,"ARIMA(0, 0, 1)",-6.085e-05,-4.817e-05,0.00055094,0.0,2024-W40
adj_close.csv,ARIMA,VIG,0.00254847,0.00261019,0.00254935,0.00254847,0.00261019,0.00254935,"ARIMA(0, 0, 1)",0.00254935,8.7e-07,-6.085e-05,0.0,2024-W41
adj_close.csv,ARIMA,VIG,0.00194008,0.00078493,0.00176441,0.00194008,0.00078493,0.00176441,"ARIMA(0, 0, 1)",0.00176441,-0.00017567,0.00254935,0.0,2024-W42
adj_close.csv,ARIMA,VIG,0.00451825,0.0064131,0.00464869,0.00451825,0.0064131,0.00464869,"ARIMA(0, 0, 1)",-0.00464869,-0.00013043,0.00176441,0.0,2024-W43
adj_close.csv,ARIMA,VIG,0.00222556,0.00274006,0.00190862,0.00222556,0.00274006,0.00190862,"ARIMA(0, 0, 1)",-0.00190862,0.00031694,-0.00464869,0.0,2024-W44
adj_close.csv,ARIMA,VIG,0.00794116,0.00999838,0.00808976,0.00794116,0.00999838,0.00808976,"ARIMA(0, 0, 1)",0.00808976,0.00014859,-0.00190862,0.0,2024-W45
adj_close.csv,ARIMA,VIG,0.00378267,0.01245073,0.00436097,0.00378267,0.01245073,0.00436097,"ARIMA(0, 0, 1)",-0.00436097,-0.00057831,0.00808976,0.0,2024-W46
adj_close.csv,ARIMA,VIG,0.00345467,0.00812025,0.00375927,0.00345467,0.00812025,0.00375927,"ARIMA(0, 0, 1)",0.00375927,0.0003046,-0.00436097,0.0,2024-W47
adj_close.csv,ARIMA,VIG,0.00302177,0.00103292,0.00272635,0.00302177,0.00103292,0.00272635,"ARIMA(0, 0, 1)",0.00272635,-0.00029542,0.00375927,0.0,2024-W48
adj_close.csv,ARIMA,VIG,0.00149843,0.00447327,0.00174692,0.00149843,0.00447327,0.00174692,"ARIMA(0, 0, 1)",-0.00174692,-0.00024849,0.00272635,0.0,2024-W49
adj_close.csv,ARIMA,VIG,0.0009649,0.00090733,0.00083959,0.0009649,0.00090733,0.00083959,"ARIMA(0, 0, 1)",-0.00083959,0.00012531,-0.00174692,0.0,2024-W50
adj_close.csv,ARIMA,VIG,0.00482833,0.00390823,0.00474782,0.00482833,0.00390823,0.00474782,"ARIMA(0, 0, 1)",-0.00474782,8.051e-05,-0.00083959,0.0,2024-W51
adj_close.csv,ARIMA,VIG,0.00192945,0.00707363,0.00232581,0.00192945,0.00707363,0.00232581,"ARIMA(0, 0, 1)",0.00232581,0.00039636,-0.00474782,0.0,2024-W52
adj_close.csv,ARIMA,VIG,0.00249931,0.00498787,0.00266205,0.00249931,0.00498787,0.00266205,"ARIMA(0, 0, 1)",-0.00266205,-0.00016274,0.00232581,0.0,2025-W01
adj_close.csv,ARIMA,VIG,0.00449571,0.0016181,0.00428016,0.00449571,0.0016181,0.00428016,"ARIMA(0, 0, 1)",-0.00428016,0.00021555,-0.00266205,0.0,2025-W02
adj_close.csv,ARIMA,VIG,0.00606774,0.01071964,0.00643948,0.00606774,0.01071964,0.00643948,"ARIMA(0, 0, 1)",0.00643948,0.00037174,-0.00428016,0.0,2025-W03
adj_close.csv,ARIMA,VIG,0.00443482,0.00255318,0.0038863,0.00443482,0.00255318,0.0038863,"ARIMA(0, 0, 1)",0.0038863,-0.00054852,0.00643948,0.0,2025-W04
adj_close.csv,ARIMA,VIG,0.0003157,0.00393574,4.944e-05,0.0003157,0.00393574,4.944e-05,"ARIMA(0, 0, 1)",-4.944e-05,-0.00036514,0.0038863,0.0,2025-W05
adj_close.csv,ARIMA,VIG,0.00036013,0.00033665,0.00038609,0.00036013,0.00033665,0.00038609,"ARIMA(0, 0, 1)",-0.00038609,-2.596e-05,-4.944e-05,0.0,2025-W06
adj_close.csv,ARIMA,VIG,0.00197173,0.00238764,0.00200154,0.00197173,0.00238764,0.00200154,"ARIMA(0, 0, 1)",0.00200154,2.982e-05,-0.00038609,0.0,2025-W07
adj_close.csv,ARIMA,VIG,0.00215266,0.00431775,0.00231621,0.00215266,0.00431775,0.00231621,"ARIMA(0, 0, 1)",-0.00231621,-0.00016355,0.00200154,0.0,2025-W08
adj_close.csv,ARIMA,VIG,0.00095443,0.0034517,0.00113549,0.00095443,0.0034517,0.00113549,"ARIMA(0, 0, 1)",0.00113549,0.00018106,-0.00231621,0.0,2025-W09
adj_close.csv,ARIMA,VIG,0.00343534,0.00465167,0.00351618,0.00343534,0.00465167,0.00351618,"ARIMA(0, 0, 1)",-0.00351618,-8.084e-05,0.00113549,0.0,2025-W10
adj_close.csv,ARIMA,VIG,0.00692683,0.00311594,0.00663212,0.00692683,0.00311594,0.00663212,"ARIMA(0, 0, 1)",-0.00663212,0.00029471,-0.00351618,0.0,2025-W11
adj_close.csv,ARIMA,VIG,0.00058292,0.00775799,0.00112587,0.00058292,0.00775799,0.00112587,"ARIMA(0, 0, 1)",0.00112587,0.00054295,-0.00663212,0.0,2025-W12
adj_close.csv,ARIMA,VIG,0.00130285,0.00247459,0.00134872,0.00130285,0.00247459,0.00134872,"ARIMA(0, 0, 1)",-0.00134872,-4.586e-05,0.00112587,0.0,2025-W13
adj_close.csv,ARIMA,VIG,0.01623176,0.01477884,0.01612756,0.01623176,0.01477884,0.01612756,"ARIMA(0, 0, 1)",-0.01612756,0.0001042,-0.00134872,0.0,2025-W14
adj_close.csv,ARIMA,VIG,0.00731093,0.02461924,0.00849168,0.00731093,0.02461924,0.00849168,"ARIMA(0, 0, 1)",0.00849168,0.00118075,-0.01612756,0.0,2025-W15
adj_close.csv,ARIMA,VIG,0.00049622,0.0096989,0.00120722,0.00049622,0.0096989,0.00120722,"ARIMA(0, 0, 1)",-0.00120722,-0.000711,0.00849168,0.0,2025-W16
adj_close.csv,ARIMA,VIG,0.00510243,0.00636159,0.00515436,0.00510243,0.00636159,0.00515436,"ARIMA(0, 0, 1)",0.00515436,5.194e-05,-0.00120722,0.0,2025-W17
adj_close.csv,ARIMA,VIG,0.00511577,0.00058489,0.00456948,0.00511577,0.00058489,0.00456948,"ARIMA(0, 0, 1)",0.00456948,-0.00054629,0.00515436,0.0,2025-W18
adj_close.csv,ARIMA,VIG,0.00031267,0.00538975,0.00082027,0.00031267,0.00538975,0.00082027,"ARIMA(0, 0, 1)",-0.00082027,-0.0005076,0.00456948,0.0,2025-W19
adj_close.csv,ARIMA,VIG,0.00698174,0.00783316,0.00701289,0.00698174,0.00783316,0.00701289,"ARIMA(0, 0, 1)",0.00701289,3.114e-05,-0.00082027,0.0,2025-W20
adj_close.csv,ARIMA,VIG,0.00413569,0.01185274,0.00483985,0.00413569,0.01185274,0.00483985,"ARIMA(0, 0, 1)",-0.00483985,-0.00070416,0.00701289,0.0,2025-W21
adj_close.csv,ARIMA,VIG,0.00414678,0.00942877,0.00458892,0.00414678,0.00942877,0.00458892,"ARIMA(0, 0, 1)",0.00458892,0.00044215,-0.00483985,0.0,2025-W22
adj_close.csv,ARIMA,VIG,0.00299574,0.00205865,0.00253027,0.00299574,0.00205865,0.00253027,"ARIMA(0, 0, 1)",0.00253027,-0.00046547,0.00458892,0.0,2025-W23
adj_close.csv,ARIMA,VIG,0.00033653,0.00252027,1e-05,0.00033653,0.00252027,1e-05,"ARIMA(0, 0, 1)",1e-05,-0.00032653,0.00253027,0.0,2025-W24
adj_close.csv,ARIMA,VIG,0.00187878,0.00192544,0.00191544,0.00187878,0.00192544,0.00191544,"ARIMA(0, 0, 1)",-0.00191544,-3.666e-05,1e-05,0.0,2025-W25
adj_close.csv,ARIMA,VIG,0.00472987,0.00685076,0.00493532,0.00472987,0.00685076,0.00493532,"ARIMA(0, 0, 1)",0.00493532,0.00020545,-0.00191544,0.0,2025-W26
adj_close.csv,ARIMA,VIG,0.00634613,0.00088354,0.00581886,0.00634613,0.00088354,0.00581886,"ARIMA(0, 0, 1)",0.00581886,-0.00052727,0.00493532,0.0,2025-W27
adj_close.csv,ARIMA,VIG,0.00116104,0.00763643,0.00181757,0.00116104,0.00763643,0.00181757,"ARIMA(0, 0, 1)",-0.00181757,-0.00065654,0.00581886,0.0,2025-W28
adj_close.csv,ARIMA,VIG,4.348e-05,0.00198261,0.00016504,4.348e-05,0.00198261,0.00016504,"ARIMA(0, 0, 1)",0.00016504,0.00012156,-0.00181757,0.0,2025-W29
adj_close.csv,ARIMA,VIG,0.00293307,0.00276344,0.00292847,0.00293307,0.00276344,0.00292847,"ARIMA(0, 0, 1)",0.00292847,-4.6e-06,0.00016504,0.0,2025-W30
adj_close.csv,ARIMA,VIG,0.0045785,0.00781703,0.00488856,0.0045785,0.00781703,0.00488856,"ARIMA(0, 0, 1)",-0.00488856,-0.00031006,0.00292847,0.0,2025-W31
adj_close.csv,ARIMA,VIG,0.00249773,0.00788427,0.00299571,0.00249773,0.00788427,0.00299571,"ARIMA(0, 0, 1)",0.00299571,0.00049798,-0.00488856,0.0,2025-W32
adj_close.csv,ARIMA,VIG,0.00250527,0.00076845,0.00222727,0.00250527,0.00076845,0.00222727,"ARIMA(0, 0, 1)",0.00222727,-0.000278,0.00299571,0.0,2025-W33
adj_close.csv,ARIMA,VIG,0.00208149,0.00042152,0.00180575,0.00208149,0.00042152,0.00180575,"ARIMA(0, 0, 1)",0.00180575,-0.00027574,0.00222727,0.0,2025-W34
adj_close.csv,ARIMA,VIG,0.0002186,0.0022509,0.00044515,0.0002186,0.0022509,0.00044515,"ARIMA(0, 0, 1)",-0.00044515,-0.00022655,0.00180575,0.0,2025-W35
adj_close.csv,ARIMA,VIG,0.00121762,0.0016866,0.00124144,0.00121762,0.0016866,0.00124144,"ARIMA(0, 0, 1)",0.00124144,2.383e-05,-0.00044515,0.0,2025-W36
adj_close.csv,ARIMA,VIG,0.00354753,0.00217313,0.00341458,0.00354753,0.00217313,0.00341458,"ARIMA(0, 0, 1)",0.00341458,-0.00013295,0.00124144,0.0,2025-W37
adj_close.csv,ARIMA,VIG,0.00081882,0.00297912,0.00043546,0.00081882,0.00297912,0.00043546,"ARIMA(0, 0, 1)",0.00043546,-0.00038336,0.00341458,0.0,2025-W38
adj_close.csv,ARIMA,VIG,0.00055198,0.00107511,0.00063965,0.00055198,0.00107511,0.00063965,"ARIMA(0, 0, 1)",-0.00063965,-8.767e-05,0.00043546,0.0,2025-W39
adj_close.csv,ARIMA,VIG,0.00295237,0.00365134,0.00301169,0.00295237,0.00365134,0.00301169,"ARIMA(0, 0, 1)",0.00301169,5.933e-05,-0.00063965,0.0,2025-W40
adj_close.csv,ARIMA,VIG,0.00451469,0.00784487,0.00483317,0.00451469,0.00784487,0.00483317,"ARIMA(0, 0, 1)",-0.00483317,-0.00031848,0.00301169,0.0,2025-W41
adj_close.csv,ARIMA,VIG,0.00244099,0.00777489,0.00294172,0.00244099,0.00777489,0.00294172,"ARIMA(0, 0, 1)",0.00294172,0.00050073,-0.00483317,0.0,2025-W42
adj_close.csv,ARIMA,VIG,0.00282818,0.00039017,0.00255155,0.00282818,0.00039017,0.00255155,"ARIMA(0, 0, 1)",0.00255155,-0.00027663,0.00294172,0.0,2025-W43
adj_close.csv,ARIMA,VIG,0.00101501,0.00388314,0.00133159,0.00101501,0.00388314,0.00133159,"ARIMA(0, 0, 1)",-0.00133159,-0.00031658,0.00255155,0.0,2025-W44
adj_close.csv,ARIMA,VIG,0.0014269,1.888e-05,0.0013127,0.0014269,1.888e-05,0.0013127,"ARIMA(0, 0, 1)",-0.0013127,0.0001142,-0.00133159,0.0,2025-W45
adj_close.csv,ARIMA,VIG,0.00112472,0.00259775,0.00128505,0.00112472,0.00259775,0.00128505,"ARIMA(0, 0, 1)",0.00128505,0.00016033,-0.0013127,0.0,2025-W46
adj_close.csv,ARIMA,VIG,0.00151105,0.00292285,0.0016378,0.00151105,0.00292285,0.0016378,"ARIMA(0, 0, 1)",-0.0016378,-0.00012675,0.00128505,0.0,2025-W47
adj_close.csv,ARIMA,VIG,0.00829012,0.01009887,0.00846108,0.00829012,0.01009887,0.00846108,"ARIMA(0, 0, 1)",0.00846108,0.00017095,-0.0016378,0.0,2025-W48
adj_close.csv,ARIMA,VIG,8.87e-06,0.00943349,0.00097241,8.87e-06,0.00943349,0.00097241,"ARIMA(0, 0, 1)",-0.00097241,-0.00096354,0.00846108,0.0,2025-W49
adj_close.csv,ARIMA,VIG,0.00044077,0.0014142,0.00044178,0.00044077,0.0014142,0.00044178,"ARIMA(0, 0, 1)",0.00044178,1.02e-06,-0.00097241,0.0,2025-W50
adj_close.csv,ARIMA,VIG,0.00123165,0.00172472,0.00128293,0.00123165,0.00172472,0.00128293,"ARIMA(0, 0, 1)",-0.00128293,-5.128e-05,0.00044178,0.0,2025-W51
adj_close.csv,ARIMA,VIG,0.00293609,0.0043625,0.00307956,0.00293609,0.0043625,0.00307956,"ARIMA(0, 0, 1)",0.00307956,0.00014348,-0.00128293,0.0,2025-W52
adj_close.csv,ARIMA,VIG,0.00179948,0.00522355,0.00214399,0.00179948,0.00522355,0.00214399,"ARIMA(0, 0, 1)",-0.00214399,-0.00034451,0.00307956,0.0,2026-W01
adj_close.csv,ARIMA,VIG,0.00352333,0.00588039,0.0037364,0.00352333,0.00588039,0.0037364,"ARIMA(0, 0, 1)",0.0037364,0.00021307,-0.00214399,0.0,2026-W02
adj_close.csv,ARIMA,VIG,0.00120474,0.00295487,0.00078153,0.00120474,0.00295487,0.00078153,"ARIMA(0, 0, 1)",0.00078153,-0.00042321,0.0037364,0.0,2026-W03
adj_close.csv,ARIMA,VIG,0.00264219,0.00356689,0.00278536,0.00264219,0.00356689,0.00278536,"ARIMA(0, 0, 1)",-0.00278536,-0.00014317,0.00078153,0.0,2026-W04
adj_close.csv,ARIMA,VIG,0.00047065,0.00357255,0.0007872,0.00047065,0.00357255,0.0007872,"ARIMA(0, 0, 1)",0.0007872,0.00031654,-0.00278536,0.0,2026-W05
adj_close.csv,ARIMA,VIG,0.00987327,0.00902961,0.00981681,0.00987327,0.00902961,0.00981681,"ARIMA(0, 0, 1)",0.00981681,-5.646e-05,0.0007872,0.0,2026-W06
adj_close.csv,ARIMA,VOO,0.00199132,0.00224535,0.00167981,0.00199132,0.00224535,0.00167981,"ARIMA(1, 0, 0)",-0.00167981,0.00031151,-0.00392517,0.0,2024-W30
adj_close.csv,ARIMA,VOO,0.00433934,0.00252942,0.00420923,0.00433934,0.00252942,0.00420923,"ARIMA(1, 0, 0)",-0.00420923,0.00013011,-0.00167981,0.0,2024-W31
adj_close.csv,ARIMA,VOO,0.00035527,0.00417249,3.675e-05,0.00035527,0.00417249,3.675e-05,"ARIMA(1, 0, 0)",-3.675e-05,0.00031852,-0.00420923,0.0,2024-W32
adj_close.csv,ARIMA,VOO,0.00785599,0.0078955,0.00785876,0.00785599,0.0078955,0.00785876,"ARIMA(1, 0, 0)",0.00785876,2.77e-06,-3.675e-05,0.0,2024-W33
adj_close.csv,ARIMA,VOO,0.00340301,0.00504814,0.00281062,0.00340301,0.00504814,0.00281062,"ARIMA(1, 0, 0)",0.00281062,-0.00059239,0.00785876,0.0,2024-W34
adj_close.csv,ARIMA,VOO,0.00072738,0.0022771,0.00053352,0.00072738,0.0022771,0.00053352,"ARIMA(1, 0, 0)",0.00053352,-0.00019387,0.00281062,0.0,2024-W35
adj_close.csv,ARIMA,VOO,0.01051023,0.01108028,0.01054677,0.01051023,0.01108028,0.01054677,"ARIMA(1, 0, 0)",-0.01054677,-3.654e-05,0.00053352,0.0,2024-W36
adj_close.csv,ARIMA,VOO,0.00713262,0.01841584,0.00786908,0.00713262,0.01841584,0.00786908,"ARIMA(1, 0, 0)",0.00786908,0.00073645,-0.01054677,0.0,2024-W37
adj_close.csv,ARIMA,VOO,0.00349765,0.00505871,0.00281037,0.00349765,0.00505871,0.00281037,"ARIMA(1, 0, 0)",0.00281037,-0.00068728,0.00786908,0.0,2024-W38
adj_close.csv,ARIMA,VOO,0.00142171,0.00161636,0.00119401,0.00142171,0.00161636,0.00119401,"ARIMA(1, 0, 0)",0.00119401,-0.0002277,0.00281037,0.0,2024-W39
adj_close.csv,ARIMA,VOO,0.00057852,0.00071114,0.00048287,0.00057852,0.00071114,0.00048287,"ARIMA(1, 0, 0)",0.00048287,-9.565e-05,0.00119401,0.0,2024-W40
adj_close.csv,ARIMA,VOO,0.00232677,0.00180529,0.00228816,0.00232677,0.00180529,0.00228816,"ARIMA(1, 0, 0)",0.00228816,-3.861e-05,0.00048287,0.0,2024-W41
adj_close.csv,ARIMA,VOO,0.00192057,0.00054994,0.00173822,0.00192057,0.00054994,0.00173822,"ARIMA(1, 0, 0)",0.00173822,-0.00018235,0.00228816,0.0,2024-W42
adj_close.csv,ARIMA,VOO,0.00177042,0.00364541,0.00190719,0.00177042,0.00364541,0.00190719,"ARIMA(1, 0, 0)",-0.00190719,-0.00013678,0.00173822,0.0,2024-W43
adj_close.csv,ARIMA,VOO,0.00292107,0.00086246,0.00276966,0.00292107,0.00086246,0.00276966,"ARIMA(1, 0, 0)",-0.00276966,0.00015141,-0.00190719,0.0,2024-W44
adj_close.csv,ARIMA,VOO,0.00909233,0.01207835,0.0093087,0.00909233,0.01207835,0.0093087,"ARIMA(1, 0, 0)",0.0093087,0.00021636,-0.00276966,0.0,2024-W45
adj_close.csv,ARIMA,VOO,0.00342738,0.01351669,0.004208,0.00342738,0.01351669,0.004208,"ARIMA(1, 0, 0)",-0.004208,-0.00078062,0.0093087,0.0,2024-W46
adj_close.csv,ARIMA,VOO,0.00292116,0.00751204,0.00330405,0.00292116,0.00751204,0.00330405,"ARIMA(1, 0, 0)",0.00330405,0.00038289,-0.004208,0.0,2024-W47
adj_close.csv,ARIMA,VOO,0.00302562,0.00058811,0.00271594,0.00302562,0.00058811,0.00271594,"ARIMA(1, 0, 0)",0.00271594,-0.00030968,0.00330405,0.0,2024-W48
adj_close.csv,ARIMA,VOO,0.00217971,0.00078475,0.00193119,0.00217971,0.00078475,0.00193119,"ARIMA(1, 0, 0)",0.00193119,-0.00024853,0.00271594,0.0,2024-W49
adj_close.csv,ARIMA,VOO,0.00097796,0.00308333,0.00115214,0.00097796,0.00308333,0.00115214,"ARIMA(1, 0, 0)",-0.00115214,-0.00017418,0.00193119,0.0,2024-W50
adj_close.csv,ARIMA,VOO,0.00394589,0.00268935,0.00384149,0.00394589,0.00268935,0.00384149,"ARIMA(1, 0, 0)",-0.00384149,0.0001044,-0.00115214,0.0,2024-W51
adj_close.csv,ARIMA,VOO,0.0013887,0.00557441,0.00173292,0.0013887,0.00557441,0.00173292,"ARIMA(1, 0, 0)",0.00173292,0.00034422,-0.00384149,0.0,2024-W52
adj_close.csv,ARIMA,VOO,0.00107041,0.00296065,0.00122773,0.00107041,0.00296065,0.00122773,"ARIMA(1, 0, 0)",-0.00122773,-0.00015732,0.00173292,0.0,2025-W01
adj_close.csv,ARIMA,VOO,0.00498556,0.00364586,0.0048736,0.00498556,0.00364586,0.0048736,"ARIMA(1, 0, 0)",-0.0048736,0.00011196,-0.00122773,0.0,2025-W02
adj_close.csv,ARIMA,VOO,0.00531137,0.01062282,0.00574923,0.00531137,0.01062282,0.00574923,"ARIMA(1, 0, 0)",0.00574923,0.00043786,-0.0048736,0.0,2025-W03
adj_close.csv,ARIMA,VOO,0.00485706,0.00144135,0.00430787,0.00485706,0.00144135,0.00430787,"ARIMA(1, 0, 0)",0.00430787,-0.00054918,0.00574923,0.0,2025-W04
adj_close.csv,ARIMA,VOO,0.00165728,0.00635045,0.00204257,0.00165728,0.00635045,0.00204257,"ARIMA(1, 0, 0)",-0.00204257,-0.0003853,0.00430787,0.0,2025-W05
adj_close.csv,ARIMA,VOO,0.00059471,0.00163372,0.00040885,0.00059471,0.00163372,0.00040885,"ARIMA(1, 0, 0)",-0.00040885,0.00018585,-0.00204257,0.0,2025-W06
adj_close.csv,ARIMA,VOO,0.00301446,0.00346041,0.00305155,0.00301446,0.00346041,0.00305155,"ARIMA(1, 0, 0)",0.00305155,3.709e-05,-0.00040885,0.0,2025-W07
adj_close.csv,ARIMA,VOO,0.00374058,0.0070698,0.00401825,0.00374058,0.0070698,0.00401825,"ARIMA(1, 0, 0)",-0.00401825,-0.00027767,0.00305155,0.0,2025-W08
adj_close.csv,ARIMA,VOO,0.00234994,0.00204386,0.00197439,0.00234994,0.00204386,0.00197439,"ARIMA(1, 0, 0)",-0.00197439,0.00037555,-0.00401825,0.0,2025-W09
adj_close.csv,ARIMA,VOO,0.00643473,0.00427983,0.00625422,0.00643473,0.00427983,0.00625422,"ARIMA(1, 0, 0)",-0.00625422,0.00018051,-0.00197439,0.0,2025-W10
adj_close.csv,ARIMA,VOO,0.00515865,0.00165026,0.00460396,0.00515865,0.00165026,0.00460396,"ARIMA(1, 0, 0)",-0.00460396,0.00055469,-0.00625422,0.0,2025-W11
adj_close.csv,ARIMA,VOO,0.0007027,0.00568326,0.0010793,0.0007027,0.00568326,0.0010793,"ARIMA(1, 0, 0)",0.0010793,0.0003766,-0.00460396,0.0,2025-W12
adj_close.csv,ARIMA,VOO,0.0028889,0.00405723,0.00297793,0.0028889,0.00405723,0.00297793,"ARIMA(1, 0, 0)",-0.00297793,-8.903e-05,0.0010793,0.0,2025-W13
adj_close.csv,ARIMA,VOO,0.01881223,0.01558669,0.01856462,0.01881223,0.01558669,0.01856462,"ARIMA(1, 0, 0)",-0.01856462,0.00024761,-0.00297793,0.0,2025-W14
adj_close.csv,ARIMA,VOO,0.00915144,0.02903903,0.01047442,0.00915144,0.02903903,0.01047442,"ARIMA(1, 0, 0)",0.01047442,0.00132298,-0.01856462,0.0,2025-W15
adj_close.csv,ARIMA,VOO,0.00231394,0.01388664,0.00341222,0.00231394,0.01388664,0.00341222,"ARIMA(1, 0, 0)",-0.00341222,-0.00109828,0.01047442,0.0,2025-W16
adj_close.csv,ARIMA,VOO,0.00860137,0.01238738,0.00897516,0.00860137,0.01238738,0.00897516,"ARIMA(1, 0, 0)",0.00897516,0.00037379,-0.00341222,0.0,2025-W17
adj_close.csv,ARIMA,VOO,0.0067219,0.00328729,0.00568787,0.0067219,0.00328729,0.00568787,"ARIMA(1, 0, 0)",0.00568787,-0.00103403,0.00897516,0.0,2025-W18
adj_close.csv,ARIMA,VOO,0.00020275,0.00648068,0.00079281,0.00020275,0.00648068,0.00079281,"ARIMA(1, 0, 0)",-0.00079281,-0.00059006,0.00568787,0.0,2025-W19
adj_close.csv,ARIMA,VOO,0.01029072,0.01116594,0.01037313,0.01029072,0.01116594,0.01037313,"ARIMA(1, 0, 0)",0.01037313,8.242e-05,-0.00079281,0.0,2025-W20
adj_close.csv,ARIMA,VOO,0.00404559,0.01551309,0.00513995,0.00404559,0.01551309,0.00513995,"ARIMA(1, 0, 0)",-0.00513995,-0.00109437,0.01037313,0.0,2025-W21
adj_close.csv,ARIMA,VOO,0.00377477,0.00949693,0.00435697,0.00377477,0.00949693,0.00435697,"ARIMA(1, 0, 0)",0.00435697,0.00058221,-0.00513995,0.0,2025-W22
adj_close.csv,ARIMA,VOO,0.00376798,0.00109808,0.00325889,0.00376798,0.00109808,0.00325889,"ARIMA(1, 0, 0)",0.00325889,-0.0005091,0.00435697,0.0,2025-W23
adj_close.csv,ARIMA,VOO,0.00031665,0.00394651,0.00068762,0.00031665,0.00394651,0.00068762,"ARIMA(1, 0, 0)",-0.00068762,-0.00037096,0.00325889,0.0,2025-W24
adj_close.csv,ARIMA,VOO,0.00055726,0.00020876,0.00047885,0.00055726,0.00020876,0.00047885,"ARIMA(1, 0, 0)",-0.00047885,7.84e-05,-0.00068762,0.0,2025-W25
adj_close.csv,ARIMA,VOO,0.00684688,0.0073803,0.00690145,0.00684688,0.0073803,0.00690145,"ARIMA(1, 0, 0)",0.00690145,5.457e-05,-0.00047885,0.0,2025-W26
adj_close.csv,ARIMA,VOO,0.00518153,0.00251048,0.00439096,0.00518153,0.00251048,0.00439096,"ARIMA(1, 0, 0)",0.00439096,-0.00079057,0.00690145,0.0,2025-W27
adj_close.csv,ARIMA,VOO,0.00022213,0.00508755,0.00069659,0.00022213,0.00508755,0.00069659,"ARIMA(1, 0, 0)",-0.00069659,-0.00047447,0.00439096,0.0,2025-W28
adj_close.csv,ARIMA,VOO,0.0012114,0.00198339,0.0012868,0.0012114,0.00198339,0.0012868,"ARIMA(1, 0, 0)",0.0012868,7.539e-05,-0.00069659,0.0,2025-W29
adj_close.csv,ARIMA,VOO,0.00311932,0.00169305,0.00297985,0.00311932,0.00169305,0.00297985,"ARIMA(1, 0, 0)",0.00297985,-0.00013947,0.0012868,0.0,2025-W30
adj_close.csv,ARIMA,VOO,0.00456435,0.00786501,0.00488516,0.00456435,0.00786501,0.00488516,"ARIMA(1, 0, 0)",-0.00488516,-0.0003208,0.00297985,0.0,2025-W31
adj_close.csv,ARIMA,VOO,0.00440188,0.00982496,0.00493981,0.00440188,0.00982496,0.00493981,"ARIMA(1, 0, 0)",0.00493981,0.00053793,-0.00488516,0.0,2025-W32
adj_close.csv,ARIMA,VOO,0.00254385,0.00295901,0.00198079,0.00254385,0.00295901,0.00198079,"ARIMA(1, 0, 0)",0.00198079,-0.00056306,0.00493981,0.0,2025-W33
adj_close.csv,ARIMA,VOO,0.00077502,0.00142709,0.0005537,0.00077502,0.00142709,0.0005537,"ARIMA(1, 0, 0)",0.0005537,-0.00022132,0.00198079,0.0,2025-W34
adj_close.csv,ARIMA,VOO,1.788e-05,0.00059754,4.384e-05,1.788e-05,0.00059754,4.384e-05,"ARIMA(1, 0, 0)",-4.384e-05,-6.171e-05,0.0005537,0.0,2025-W35
adj_close.csv,ARIMA,VOO,0.00078635,0.00083507,0.00079124,0.00078635,0.00083507,0.00079124,"ARIMA(1, 0, 0)",0.00079124,4.89e-06,-4.384e-05,0.0,2025-W36
adj_close.csv,ARIMA,VOO,0.00324983,0.0023704,0.00316164,0.00324983,0.0023704,0.00316164,"ARIMA(1, 0, 0)",0.00316164,-8.819e-05,0.00079124,0.0,2025-W37
adj_close.csv,ARIMA,VOO,0.00276501,0.00074758,0.00241406,0.00276501,0.00074758,0.00241406,"ARIMA(1, 0, 0)",0.00241406,-0.00035095,0.00316164,0.0,2025-W38
adj_close.csv,ARIMA,VOO,0.00026611,0.00294437,0.00053031,0.00026611,0.00294437,0.00053031,"ARIMA(1, 0, 0)",-0.00053031,-0.0002642,0.00241406,0.0,2025-W39
adj_close.csv,ARIMA,VOO,0.00219081,0.00277922,0.00224891,0.00219081,0.00277922,0.00224891,"ARIMA(1, 0, 0)",0.00224891,5.81e-05,-0.00053031,0.0,2025-W40
adj_close.csv,ARIMA,VOO,0.00461928,0.00711503,0.00486612,0.00461928,0.00711503,0.00486612,"ARIMA(1, 0, 0)",-0.00486612,-0.00024685,0.00224891,0.0,2025-W41
adj_close.csv,ARIMA,VOO,0.00284183,0.00825108,0.00338496,0.00284183,0.00825108,0.00338496,"ARIMA(1, 0, 0)",0.00338496,0.00054313,-0.00486612,0.0,2025-W42
adj_close.csv,ARIMA,VOO,0.00421009,0.00043901,0.00382397,0.00421009,0.00043901,0.00382397,"ARIMA(1, 0, 0)",0.00382397,-0.00038612,0.00338496,0.0,2025-W43
adj_close.csv,ARIMA,VOO,0.00186381,0.0023867,0.00143727,0.00186381,0.0023867,0.00143727,"ARIMA(1, 0, 0)",0.00143727,-0.00042654,0.00382397,0.0,2025-W44
adj_close.csv,ARIMA,VOO,0.00310541,0.00470118,0.00326392,0.00310541,0.00470118,0.00326392,"ARIMA(1, 0, 0)",-0.00326392,-0.00015851,0.00143727,0.0,2025-W45
adj_close.csv,ARIMA,VOO,5.8e-05,0.00356845,0.00030453,5.8e-05,0.00356845,0.00030453,"ARIMA(1, 0, 0)",0.00030453,0.00036254,-0.00326392,0.0,2025-W46
adj_close.csv,ARIMA,VOO,0.00385597,0.00419432,0.00388979,0.00385597,0.00419432,0.00388979,"ARIMA(1, 0, 0)",-0.00388979,-3.382e-05,0.00030453,0.0,2025-W47
adj_close.csv,ARIMA,VOO,0.00867436,0.01299688,0.00910709,0.00867436,0.01299688,0.00910709,"ARIMA(1, 0, 0)",0.00910709,0.00043273,-0.00388979,0.0,2025-W48
adj_close.csv,ARIMA,VOO,0.00172489,0.00844937,0.00065772,0.00172489,0.00844937,0.00065772,"ARIMA(1, 0, 0)",0.00065772,-0.00106717,0.00910709,0.0,2025-W49
adj_close.csv,ARIMA,VOO,0.00107316,0.00180616,0.00114844,0.00107316,0.00180616,0.00114844,"ARIMA(1, 0, 0)",-0.00114844,-7.528e-05,0.00065772,0.0,2025-W50
adj_close.csv,ARIMA,VOO,8.843e-05,0.00136846,0.00022002,8.843e-05,0.00136846,0.00022002,"ARIMA(1, 0, 0)",0.00022002,0.00013159,-0.00114844,0.0,2025-W51
adj_close.csv,ARIMA,VOO,0.00361516,0.00336993,0.00358995,0.00361516,0.00336993,0.00358995,"ARIMA(1, 0, 0)",0.00358995,-2.521e-05,0.00022002,0.0,2025-W52
adj_close.csv,ARIMA,VOO,0.00217792,0.00617877,0.00258883,0.00217792,0.00617877,0.00258883,"ARIMA(1, 0, 0)",-0.00258883,-0.00041091,0.00358995,0.0,2026-W01
adj_close.csv,ARIMA,VOO,0.00286145,0.00575009,0.00316126,0.00286145,0.00575009,0.00316126,"ARIMA(1, 0, 0)",0.00316126,0.00029982,-0.00258883,0.0,2026-W02
adj_close.csv,ARIMA,VOO,0.00032663,0.00385805,0.00069679,0.00032663,0.00385805,0.00069679,"ARIMA(1, 0, 0)",-0.00069679,-0.00037016,0.00316126,0.0,2026-W03
adj_close.csv,ARIMA,VOO,0.00097154,0.00019303,0.00088982,0.00097154,0.00019303,0.00088982,"ARIMA(1, 0, 0)",-0.00088982,8.171e-05,-0.00069679,0.0,2026-W04
adj_close.csv,ARIMA,VOO,0.00064847,0.00164254,0.00075271,0.00064847,0.00164254,0.00075271,"ARIMA(1, 0, 0)",0.00075271,0.00010424,-0.00088982,0.0,2026-W05
adj_close.csv,ARIMA,VOO,0.00551193,0.00467096,0.00542367,0.00551193,0.00467096,0.00542367,"ARIMA(1, 0, 0)",0.00542367,-8.826e-05,0.00075271,0.0,2026-W06
adj_close.csv,ARIMA,VTI,0.00129293,0.00233767,0.00101342,0.00129293,0.00233767,0.00101342,"ARIMA(1, 0, 0)",-0.00101342,0.00027951,-0.00335109,0.0,2024-W30
adj_close.csv,ARIMA,VTI,0.00518337,0.00408643,0.00509985,0.00518337,0.00408643,0.00509985,"ARIMA(1, 0, 0)",-0.00509985,8.352e-05,-0.00101342,0.0,2024-W31
adj_close.csv,ARIMA,VTI,0.00039889,0.00511508,1.523e-05,0.00039889,0.00511508,1.523e-05,"ARIMA(1, 0, 0)",1.523e-05,0.00041412,-0.00509985,0.0,2024-W32
adj_close.csv,ARIMA,VTI,0.00765009,0.00763363,0.00764886,0.00765009,0.00763363,0.00764886,"ARIMA(1, 0, 0)",0.00764886,-1.23e-06,1.523e-05,0.0,2024-W33
adj_close.csv,ARIMA,VTI,0.00382754,0.00443867,0.0032102,0.00382754,0.00443867,0.0032102,"ARIMA(1, 0, 0)",0.0032102,-0.00061735,0.00764886,0.0,2024-W34
adj_close.csv,ARIMA,VTI,0.00080624,0.00264184,0.00056835,0.00080624,0.00264184,0.00056835,"ARIMA(1, 0, 0)",0.00056835,-0.00023789,0.0032102,0.0,2024-W35
adj_close.csv,ARIMA,VTI,0.01091767,0.01152781,0.01095946,0.01091767,0.01152781,0.01095946,"ARIMA(1, 0, 0)",-0.01095946,-4.179e-05,0.00056835,0.0,2024-W36
adj_close.csv,ARIMA,VTI,0.00711136,0.01889189,0.00793243,0.00711136,0.01889189,0.00793243,"ARIMA(1, 0, 0)",0.00793243,0.00082107,-0.01095946,0.0,2024-W37
adj_close.csv,ARIMA,VTI,0.00376561,0.00489661,0.00303582,0.00376561,0.00489661,0.00303582,"ARIMA(1, 0, 0)",0.00303582,-0.0007298,0.00793243,0.0,2024-W38
adj_close.csv,ARIMA,VTI,0.00129453,0.00200098,0.00103484,0.00129453,0.00200098,0.00103484,"ARIMA(1, 0, 0)",0.00103484,-0.00025969,0.00303582,0.0,2024-W39
adj_close.csv,ARIMA,VTI,0.00058341,0.00053907,0.00049577,0.00058341,0.00053907,0.00049577,"ARIMA(1, 0, 0)",0.00049577,-8.765e-05,0.00103484,0.0,2024-W40
adj_close.csv,ARIMA,VTI,0.00240453,0.00186684,0.00236261,0.00240453,0.00186684,0.00236261,"ARIMA(1, 0, 0)",0.00236261,-4.192e-05,0.00049577,0.0,2024-W41
adj_close.csv,ARIMA,VTI,0.00213319,0.00042861,0.001934,0.00213319,0.00042861,0.001934,"ARIMA(1, 0, 0)",0.001934,-0.00019919,0.00236261,0.0,2024-W42
adj_close.csv,ARIMA,VTI,0.00217186,0.00426681,0.00233282,0.00217186,0.00426681,0.00233282,"ARIMA(1, 0, 0)",-0.00233282,-0.00016095,0.001934,0.0,2024-W43
adj_close.csv,ARIMA,VTI,0.0025282,8.7e-07,0.00233195,0.0025282,8.7e-07,0.00233195,"ARIMA(1, 0, 0)",-0.00233195,0.00019625,-0.00233282,0.0,2024-W44
adj_close.csv,ARIMA,VTI,0.00981334,0.01233851,0.01000656,0.00981334,0.01233851,0.01000656,"ARIMA(1, 0, 0)",0.01000656,0.00019322,-0.00233195,0.0,2024-W45
adj_close.csv,ARIMA,VTI,0.00348284,0.01436772,0.00436115,0.00348284,0.01436772,0.00436115,"ARIMA(1, 0, 0)",-0.00436115,-0.00087831,0.01000656,0.0,2024-W46
adj_close.csv,ARIMA,VTI,0.00381158,0.00858749,0.00422633,0.00381158,0.00858749,0.00422633,"ARIMA(1, 0, 0)",0.00422633,0.00041475,-0.00436115,0.0,2024-W47
adj_close.csv,ARIMA,VTI,0.0032253,0.00141767,0.00280866,0.0032253,0.00141767,0.00280866,"ARIMA(1, 0, 0)",0.00280866,-0.00041664,0.00422633,0.0,2024-W48
adj_close.csv,ARIMA,VTI,0.00198898,0.00108858,0.00172008,0.00198898,0.00108858,0.00172008,"ARIMA(1, 0, 0)",0.00172008,-0.0002689,0.00280866,0.0,2024-W49
adj_close.csv,ARIMA,VTI,0.00151072,0.00339348,0.0016734,0.00151072,0.00339348,0.0016734,"ARIMA(1, 0, 0)",-0.0016734,-0.00016268,0.00172008,0.0,2024-W50
adj_close.csv,ARIMA,VTI,0.00464344,0.00281088,0.00448427,0.00464344,0.00281088,0.00448427,"ARIMA(1, 0, 0)",-0.00448427,0.00015917,-0.0016734,0.0,2024-W51
adj_close.csv,ARIMA,VTI,0.00105665,0.0059602,0.00147593,0.00105665,0.0059602,0.00147593,"ARIMA(1, 0, 0)",0.00147593,0.00041928,-0.00448427,0.0,2024-W52
adj_close.csv,ARIMA,VTI,0.00072068,0.00233605,0.00086013,0.00072068,0.00233605,0.00086013,"ARIMA(1, 0, 0)",-0.00086013,-0.00013945,0.00147593,0.0,2025-W01
adj_close.csv,ARIMA,VTI,0.00504407,0.00410248,0.00496261,0.00504407,0.00410248,0.00496261,"ARIMA(1, 0, 0)",-0.00496261,8.146e-05,-0.00086013,0.0,2025-W02
adj_close.csv,ARIMA,VTI,0.00563612,0.01106424,0.00610162,0.00563612,0.01106424,0.00610162,"ARIMA(1, 0, 0)",0.00610162,0.00046551,-0.00496261,0.0,2025-W03
adj_close.csv,ARIMA,VTI,0.00487538,0.00183375,0.00426787,0.00487538,0.00183375,0.00426787,"ARIMA(1, 0, 0)",0.00426787,-0.00060751,0.00610162,0.0,2025-W04
adj_close.csv,ARIMA,VTI,0.00140134,0.00606819,0.00180032,0.00140134,0.00606819,0.00180032,"ARIMA(1, 0, 0)",-0.00180032,-0.00039897,0.00426787,0.0,2025-W05
adj_close.csv,ARIMA,VTI,0.00057276,0.00139805,0.00040227,0.00057276,0.00139805,0.00040227,"ARIMA(1, 0, 0)",-0.00040227,0.00017049,-0.00180032,0.0,2025-W06
adj_close.csv,ARIMA,VTI,0.00252269,0.00296297,0.0025607,0.00252269,0.00296297,0.0025607,"ARIMA(1, 0, 0)",0.0025607,3.801e-05,-0.00040227,0.0,2025-W07
adj_close.csv,ARIMA,VTI,0.00470948,0.00751268,0.00495198,0.00470948,0.00751268,0.00495198,"ARIMA(1, 0, 0)",-0.00495198,-0.00024249,0.0025607,0.0,2025-W08
adj_close.csv,ARIMA,VTI,0.0024917,0.00294135,0.00201062,0.0024917,0.00294135,0.00201062,"ARIMA(1, 0, 0)",-0.00201062,0.00048108,-0.00495198,0.0,2025-W09
adj_close.csv,ARIMA,VTI,0.00686802,0.00466708,0.0066777,0.00686802,0.00466708,0.0066777,"ARIMA(1, 0, 0)",-0.0066777,0.00019031,-0.00201062,0.0,2025-W10
adj_close.csv,ARIMA,VTI,0.00514666,0.00214448,0.00453323,0.00514666,0.00214448,0.00453323,"ARIMA(1, 0, 0)",-0.00453323,0.00061343,-0.0066777,0.0,2025-W11
adj_close.csv,ARIMA,VTI,0.0009533,0.00587176,0.00133853,0.0009533,0.00587176,0.00133853,"ARIMA(1, 0, 0)",0.00133853,0.00038523,-0.00453323,0.0,2025-W12
adj_close.csv,ARIMA,VTI,0.00310889,0.00456232,0.00322379,0.00310889,0.00456232,0.00322379,"ARIMA(1, 0, 0)",-0.00322379,-0.0001149,0.00133853,0.0,2025-W13
adj_close.csv,ARIMA,VTI,0.01942411,0.01592091,0.0191447,0.01942411,0.01592091,0.0191447,"ARIMA(1, 0, 0)",-0.0191447,0.00027941,-0.00322379,0.0,2025-W14
adj_close.csv,ARIMA,VTI,0.00898516,0.0295506,0.0104059,0.00898516,0.0295506,0.0104059,"ARIMA(1, 0, 0)",0.0104059,0.00142074,-0.0191447,0.0,2025-W15
adj_close.csv,ARIMA,VTI,0.00176809,0.01327819,0.00287229,0.00176809,0.01327819,0.00287229,"ARIMA(1, 0, 0)",-0.00287229,-0.00110421,0.0104059,0.0,2025-W16
adj_close.csv,ARIMA,VTI,0.00867105,0.01185774,0.00898545,0.00867105,0.01185774,0.00898545,"ARIMA(1, 0, 0)",0.00898545,0.0003144,-0.00287229,0.0,2025-W17
adj_close.csv,ARIMA,VTI,0.00696512,0.00304449,0.00594096,0.00696512,0.00304449,0.00594096,"ARIMA(1, 0, 0)",0.00594096,-0.00102416,0.00898545,0.0,2025-W18
adj_close.csv,ARIMA,VTI,1.437e-05,0.00653722,0.00059625,1.437e-05,0.00653722,0.00059625,"ARIMA(1, 0, 0)",-0.00059625,-0.00061063,0.00594096,0.0,2025-W19
adj_close.csv,ARIMA,VTI,0.01018371,0.01084124,0.01024499,0.01018371,0.01084124,0.01024499,"ARIMA(1, 0, 0)",0.01024499,6.128e-05,-0.00059625,0.0,2025-W20
adj_close.csv,ARIMA,VTI,0.00415781,0.0154667,0.00522171,0.00415781,0.0154667,0.00522171,"ARIMA(1, 0, 0)",-0.00522171,-0.00106391,0.01024499,0.0,2025-W21
adj_close.csv,ARIMA,VTI,0.00362829,0.00943108,0.00420937,0.00362829,0.00943108,0.00420937,"ARIMA(1, 0, 0)",0.00420937,0.00058108,-0.00522171,0.0,2025-W22
adj_close.csv,ARIMA,VTI,0.00406528,0.00062637,0.003583,0.00406528,0.00062637,0.003583,"ARIMA(1, 0, 0)",0.003583,-0.00048228,0.00420937,0.0,2025-W23
adj_close.csv,ARIMA,VTI,0.00065329,0.00463618,0.00105318,0.00065329,0.00463618,0.00105318,"ARIMA(1, 0, 0)",-0.00105318,-0.00039989,0.003583,0.0,2025-W24
adj_close.csv,ARIMA,VTI,0.00023727,0.00093388,0.0001193,0.00023727,0.00093388,0.0001193,"ARIMA(1, 0, 0)",-0.0001193,0.00011797,-0.00105318,0.0,2025-W25
adj_close.csv,ARIMA,VTI,0.00660992,0.00674257,0.00662327,0.00660992,0.00674257,0.00662327,"ARIMA(1, 0, 0)",0.00662327,1.336e-05,-0.0001193,0.0,2025-W26
adj_close.csv,ARIMA,VTI,0.00535663,0.00200915,0.00461412,0.00535663,0.00200915,0.00461412,"ARIMA(1, 0, 0)",0.00461412,-0.00074251,0.00662327,0.0,2025-W27
adj_close.csv,ARIMA,VTI,0.00016766,0.00527099,0.00065687,0.00016766,0.00527099,0.00065687,"ARIMA(1, 0, 0)",-0.00065687,-0.0004892,0.00461412,0.0,2025-W28
adj_close.csv,ARIMA,VTI,0.0012742,0.0020008,0.00134393,0.0012742,0.0020008,0.00134393,"ARIMA(1, 0, 0)",0.00134393,6.973e-05,-0.00065687,0.0,2025-W29
adj_close.csv,ARIMA,VTI,0.00309741,0.00161062,0.00295455,0.00309741,0.00161062,0.00295455,"ARIMA(1, 0, 0)",0.00295455,-0.00014286,0.00134393,0.0,2025-W30
adj_close.csv,ARIMA,VTI,0.0048221,0.00808861,0.00513406,0.0048221,0.00808861,0.00513406,"ARIMA(1, 0, 0)",-0.00513406,-0.00031196,0.00295455,0.0,2025-W31
adj_close.csv,ARIMA,VTI,0.00415825,0.00984688,0.00471282,0.00415825,0.00984688,0.00471282,"ARIMA(1, 0, 0)",0.00471282,0.00055457,-0.00513406,0.0,2025-W32
adj_close.csv,ARIMA,VTI,0.00271204,0.00252693,0.00218589,0.00271204,0.00252693,0.00218589,"ARIMA(1, 0, 0)",0.00218589,-0.00052614,0.00471282,0.0,2025-W33
adj_close.csv,ARIMA,VTI,0.00131705,0.00110815,0.00107774,0.00131705,0.00110815,0.00107774,"ARIMA(1, 0, 0)",0.00107774,-0.00023931,0.00218589,0.0,2025-W34
adj_close.csv,ARIMA,VTI,0.00013004,0.00106517,1.258e-05,0.00013004,0.00106517,1.258e-05,"ARIMA(1, 0, 0)",1.258e-05,-0.00011747,0.00107774,0.0,2025-W35
adj_close.csv,ARIMA,VTI,0.00105977,0.00104582,0.0010584,0.00105977,0.00104582,0.0010584,"ARIMA(1, 0, 0)",0.0010584,-1.37e-06,1.258e-05,0.0,2025-W36
adj_close.csv,ARIMA,VTI,0.00307254,0.00189881,0.00295721,0.00307254,0.00189881,0.00295721,"ARIMA(1, 0, 0)",0.00295721,-0.00011533,0.0010584,0.0,2025-W37
adj_close.csv,ARIMA,VTI,0.00285148,0.00042635,0.00253087,0.00285148,0.00042635,0.00253087,"ARIMA(1, 0, 0)",0.00253087,-0.00032061,0.00295721,0.0,2025-W38
adj_close.csv,ARIMA,VTI,0.00049793,0.00329959,0.00076872,0.00049793,0.00329959,0.00076872,"ARIMA(1, 0, 0)",-0.00076872,-0.00027079,0.00253087,0.0,2025-W39
adj_close.csv,ARIMA,VTI,0.00217103,0.00302217,0.00225345,0.00217103,0.00302217,0.00225345,"ARIMA(1, 0, 0)",0.00225345,8.241e-05,-0.00076872,0.0,2025-W40
adj_close.csv,ARIMA,VTI,0.00477209,0.00726776,0.00501431,0.00477209,0.00726776,0.00501431,"ARIMA(1, 0, 0)",-0.00501431,-0.00024222,0.00225345,0.0,2025-W41
adj_close.csv,ARIMA,VTI,0.00284134,0.00840372,0.0033894,0.00284134,0.00840372,0.0033894,"ARIMA(1, 0, 0)",0.0033894,0.00054806,-0.00501431,0.0,2025-W42
adj_close.csv,ARIMA,VTI,0.00425759,0.00048963,0.00387904,0.00425759,0.00048963,0.00387904,"ARIMA(1, 0, 0)",0.00387904,-0.00037855,0.0033894,0.0,2025-W43
adj_close.csv,ARIMA,VTI,0.0014461,0.00285681,0.00102223,0.0014461,0.00285681,0.00102223,"ARIMA(1, 0, 0)",0.00102223,-0.00042387,0.00387904,0.0,2025-W44
adj_close.csv,ARIMA,VTI,0.00309289,0.00422587,0.00320364,0.00309289,0.00422587,0.00320364,"ARIMA(1, 0, 0)",-0.00320364,-0.00011075,0.00102223,0.0,2025-W45
adj_close.csv,ARIMA,VTI,0.00048818,0.00306422,0.00013942,0.00048818,0.00306422,0.00013942,"ARIMA(1, 0, 0)",-0.00013942,0.00034876,-0.00320364,0.0,2025-W46
adj_close.csv,ARIMA,VTI,0.00372359,0.00356903,0.00370845,0.00372359,0.00356903,0.00370845,"ARIMA(1, 0, 0)",-0.00370845,1.514e-05,-0.00013942,0.0,2025-W47
adj_close.csv,ARIMA,VTI,0.00907442,0.0131853,0.00947685,0.00907442,0.0131853,0.00947685,"ARIMA(1, 0, 0)",0.00947685,0.00040243,-0.00370845,0.0,2025-W48
adj_close.csv,ARIMA,VTI,0.00182338,0.00873487,0.00074198,0.00182338,0.00873487,0.00074198,"ARIMA(1, 0, 0)",0.00074198,-0.00108139,0.00947685,0.0,2025-W49
adj_close.csv,ARIMA,VTI,0.00084982,0.00167437,0.00093239,0.00084982,0.00167437,0.00093239,"ARIMA(1, 0, 0)",-0.00093239,-8.257e-05,0.00074198,0.0,2025-W50
adj_close.csv,ARIMA,VTI,3.302e-05,0.00106926,0.00013687,3.302e-05,0.00106926,0.00013687,"ARIMA(1, 0, 0)",0.00013687,0.00010385,-0.00093239,0.0,2025-W51
adj_close.csv,ARIMA,VTI,0.00327559,0.00312347,0.00326034,0.00327559,0.00312347,0.00326034,"ARIMA(1, 0, 0)",0.00326034,-1.525e-05,0.00013687,0.0,2025-W52
adj_close.csv,ARIMA,VTI,0.00212239,0.00574565,0.00248531,0.00212239,0.00574565,0.00248531,"ARIMA(1, 0, 0)",-0.00248531,-0.00036292,0.00326034,0.0,2026-W01
adj_close.csv,ARIMA,VTI,0.00330979,0.00607457,0.00358926,0.00330979,0.00607457,0.00358926,"ARIMA(1, 0, 0)",0.00358926,0.00027946,-0.00248531,0.0,2026-W02
adj_close.csv,ARIMA,VTI,8.69e-05,0.00391077,0.00032151,8.69e-05,0.00391077,0.00032151,"ARIMA(1, 0, 0)",-0.00032151,-0.00040842,0.00358926,0.0,2026-W03
adj_close.csv,ARIMA,VTI,0.00098176,0.00062367,0.00094519,0.00098176,0.00062367,0.00094519,"ARIMA(1, 0, 0)",-0.00094519,3.657e-05,-0.00032151,0.0,2026-W04
adj_close.csv,ARIMA,VTI,0.00010158,0.00095107,5.88e-06,0.00010158,0.00095107,5.88e-06,"ARIMA(1, 0, 0)",5.88e-06,0.00010745,-0.00094519,0.0,2026-W05
adj_close.csv,ARIMA,VTI,0.00559326,0.00558671,0.00559259,0.00559326,0.00558671,0.00559259,"ARIMA(1, 0, 0)",0.00559259,-6.7e-07,5.88e-06,0.0,2026-W06
adj_close.csv,ARIMA,VTV,0.00225191,0.00128191,0.00221702,0.00225191,0.00128191,0.00221702,"ARIMA(0, 0, 1)",0.00221702,-3.489e-05,0.00093511,0.0,2024-W30
adj_close.csv,ARIMA,VTV,0.00385064,0.00613755,0.00392053,0.00385064,0.00613755,0.00392053,"ARIMA(0, 0, 1)",-0.00392053,-6.988e-05,0.00221702,0.0,2024-W31
adj_close.csv,ARIMA,VTV,0.00049957,0.00355358,0.00036694,0.00049957,0.00355358,0.00036694,"ARIMA(0, 0, 1)",-0.00036694,0.00013263,-0.00392053,0.0,2024-W32
adj_close.csv,ARIMA,VTV,0.00520309,0.00558687,0.00521993,0.00520309,0.00558687,0.00521993,"ARIMA(0, 0, 1)",0.00521993,1.684e-05,-0.00036694,0.0,2024-W33
adj_close.csv,ARIMA,VTV,0.00350371,0.0018963,0.00332363,0.00350371,0.0018963,0.00332363,"ARIMA(0, 0, 1)",0.00332363,-0.00018008,0.00521993,0.0,2024-W34
adj_close.csv,ARIMA,VTV,0.00283727,0.00058585,0.00273778,0.00283727,0.00058585,0.00273778,"ARIMA(0, 0, 1)",0.00273778,-9.949e-05,0.00332363,0.0,2024-W35
adj_close.csv,ARIMA,VTV,0.00790865,0.01071744,0.00797966,0.00790865,0.01071744,0.00797966,"ARIMA(0, 0, 1)",-0.00797966,-7.101e-05,0.00273778,0.0,2024-W36
adj_close.csv,ARIMA,VTV,0.00446544,0.01271353,0.00473387,0.00446544,0.01271353,0.00473387,"ARIMA(0, 0, 1)",0.00473387,0.00026843,-0.00797966,0.0,2024-W37
adj_close.csv,ARIMA,VTV,0.0028187,0.00211444,0.00261943,0.0028187,0.00211444,0.00261943,"ARIMA(0, 0, 1)",0.00261943,-0.00019928,0.00473387,0.0,2024-W38
adj_close.csv,ARIMA,VTV,0.00147242,0.00126289,0.00135654,0.00147242,0.00126289,0.00135654,"ARIMA(0, 0, 1)",0.00135654,-0.00011588,0.00261943,0.0,2024-W39
adj_close.csv,ARIMA,VTV,0.00082788,0.00058769,0.00076885,0.00082788,0.00058769,0.00076885,"ARIMA(0, 0, 1)",0.00076885,-5.903e-05,0.00135654,0.0,2024-W40
adj_close.csv,ARIMA,VTV,0.00195911,0.00115747,0.00192632,0.00195911,0.00115747,0.00192632,"ARIMA(0, 0, 1)",0.00192632,-3.279e-05,0.00076885,0.0,2024-W41
adj_close.csv,ARIMA,VTV,0.00178189,0.00022071,0.00170561,0.00178189,0.00022071,0.00170561,"ARIMA(0, 0, 1)",0.00170561,-7.629e-05,0.00192632,0.0,2024-W42
adj_close.csv,ARIMA,VTV,0.00470195,0.00647466,0.00476905,0.00470195,0.00647466,0.00476905,"ARIMA(0, 0, 1)",-0.00476905,-6.71e-05,0.00170561,0.0,2024-W43
adj_close.csv,ARIMA,VTV,0.00184496,0.00311505,0.001654,0.00184496,0.00311505,0.001654,"ARIMA(0, 0, 1)",-0.001654,0.00019096,-0.00476905,0.0,2024-W44
adj_close.csv,ARIMA,VTV,0.0073745,0.00909795,0.00744395,0.0073745,0.00909795,0.00744395,"ARIMA(0, 0, 1)",0.00744395,6.945e-05,-0.001654,0.0,2024-W45
adj_close.csv,ARIMA,VTV,0.00260756,0.01036338,0.00291944,0.00260756,0.01036338,0.00291944,"ARIMA(0, 0, 1)",-0.00291944,-0.00031188,0.00744395,0.0,2024-W46
adj_close.csv,ARIMA,VTV,0.00430036,0.00734387,0.00442443,0.00430036,0.00734387,0.00442443,"ARIMA(0, 0, 1)",0.00442443,0.00012407,-0.00291944,0.0,2024-W47
adj_close.csv,ARIMA,VTV,0.0026959,0.00195172,0.00247271,0.0026959,0.00195172,0.00247271,"ARIMA(0, 0, 1)",0.00247271,-0.00022319,0.00442443,0.0,2024-W48
adj_close.csv,ARIMA,VTV,0.00383691,0.0064376,0.00396489,0.00383691,0.0064376,0.00396489,"ARIMA(0, 0, 1)",-0.00396489,-0.00012798,0.00247271,0.0,2024-W49
adj_close.csv,ARIMA,VTV,0.00386265,0.0002971,0.00366779,0.00386265,0.0002971,0.00366779,"ARIMA(0, 0, 1)",-0.00366779,0.00019485,-0.00396489,0.0,2024-W50
adj_close.csv,ARIMA,VTV,0.00570441,0.00185736,0.00552516,0.00570441,0.00185736,0.00552516,"ARIMA(0, 0, 1)",-0.00552516,0.00017926,-0.00366779,0.0,2024-W51
adj_close.csv,ARIMA,VTV,0.00177458,0.00752529,0.00200013,0.00177458,0.00752529,0.00200013,"ARIMA(0, 0, 1)",0.00200013,0.00022555,-0.00552516,0.0,2024-W52
adj_close.csv,ARIMA,VTV,0.00037889,0.00245463,0.0004545,0.00037889,0.00245463,0.0004545,"ARIMA(0, 0, 1)",-0.0004545,-7.561e-05,0.00200013,0.0,2025-W01
adj_close.csv,ARIMA,VTV,0.00390597,0.00343509,0.00388959,0.00390597,0.00343509,0.00388959,"ARIMA(0, 0, 1)",-0.00388959,1.638e-05,-0.0004545,0.0,2025-W02
adj_close.csv,ARIMA,VTV,0.00795478,0.01200962,0.00812003,0.00795478,0.01200962,0.00812003,"ARIMA(0, 0, 1)",0.00812003,0.00016525,-0.00388959,0.0,2025-W03
adj_close.csv,ARIMA,VTV,0.0040616,0.00446867,0.00365136,0.0040616,0.00446867,0.00365136,"ARIMA(0, 0, 1)",0.00365136,-0.00041024,0.00812003,0.0,2025-W04
adj_close.csv,ARIMA,VTV,0.00045458,0.00427292,0.00062156,0.00045458,0.00427292,0.00062156,"ARIMA(0, 0, 1)",-0.00062156,-0.00016698,0.00365136,0.0,2025-W05
adj_close.csv,ARIMA,VTV,0.00058591,5.482e-05,0.00056674,0.00058591,5.482e-05,0.00056674,"ARIMA(0, 0, 1)",-0.00056674,1.917e-05,-0.00062156,0.0,2025-W06
adj_close.csv,ARIMA,VTV,0.00129881,0.00189039,0.00132366,0.00129881,0.00189039,0.00132366,"ARIMA(0, 0, 1)",0.00132366,2.484e-05,-0.00056674,0.0,2025-W07
adj_close.csv,ARIMA,VTV,0.0014008,0.00277968,0.00145603,0.0014008,0.00277968,0.00145603,"ARIMA(0, 0, 1)",-0.00145603,-5.523e-05,0.00132366,0.0,2025-W08
adj_close.csv,ARIMA,VTV,0.00195967,0.003476,0.00201997,0.00195967,0.003476,0.00201997,"ARIMA(0, 0, 1)",0.00201997,6.03e-05,-0.00145603,0.0,2025-W09
adj_close.csv,ARIMA,VTV,0.00408902,0.00619506,0.00417509,0.00408902,0.00619506,0.00417509,"ARIMA(0, 0, 1)",-0.00417509,-8.607e-05,0.00201997,0.0,2025-W10
adj_close.csv,ARIMA,VTV,0.00383447,0.00053074,0.00364435,0.00383447,0.00053074,0.00364435,"ARIMA(0, 0, 1)",-0.00364435,0.00019012,-0.00417509,0.0,2025-W11
adj_close.csv,ARIMA,VTV,0.00122588,0.00502892,0.00138457,0.00122588,0.00502892,0.00138457,"ARIMA(0, 0, 1)",0.00138457,0.00015869,-0.00364435,0.0,2025-W12
adj_close.csv,ARIMA,VTV,0.00071547,0.00215247,0.00076791,0.00071547,0.00215247,0.00076791,"ARIMA(0, 0, 1)",-0.00076791,-5.244e-05,0.00138457,0.0,2025-W13
adj_close.csv,ARIMA,VTV,0.01699195,0.01619317,0.01696108,0.01699195,0.01619317,0.01696108,"ARIMA(0, 0, 1)",-0.01696108,3.088e-05,-0.00076791,0.0,2025-W14
adj_close.csv,ARIMA,VTV,0.00549378,0.02309767,0.00613659,0.00549378,0.02309767,0.00613659,"ARIMA(0, 0, 1)",0.00613659,0.00064281,-0.01696108,0.0,2025-W15
adj_close.csv,ARIMA,VTV,0.0002158,0.00624477,0.00010818,0.0002158,0.00624477,0.00010818,"ARIMA(0, 0, 1)",-0.00010818,-0.00032399,0.00613659,0.0,2025-W16
adj_close.csv,ARIMA,VTV,0.00367693,0.00377129,0.0036631,0.00367693,0.00377129,0.0036631,"ARIMA(0, 0, 1)",0.0036631,-1.382e-05,-0.00010818,0.0,2025-W17
adj_close.csv,ARIMA,VTV,0.00480054,0.00089753,0.00456064,0.00480054,0.00089753,0.00456064,"ARIMA(0, 0, 1)",0.00456064,-0.0002399,0.0036631,0.0,2025-W18
adj_close.csv,ARIMA,VTV,0.00033288,0.00517861,0.00061797,0.00033288,0.00517861,0.00061797,"ARIMA(0, 0, 1)",-0.00061797,-0.00028509,0.00456064,0.0,2025-W19
adj_close.csv,ARIMA,VTV,0.00592551,0.00656334,0.00594537,0.00592551,0.00656334,0.00594537,"ARIMA(0, 0, 1)",0.00594537,1.987e-05,-0.00061797,0.0,2025-W20
adj_close.csv,ARIMA,VTV,0.0043901,0.0106922,0.00474682,0.0043901,0.0106922,0.00474682,"ARIMA(0, 0, 1)",-0.00474682,-0.00035672,0.00594537,0.0,2025-W21
adj_close.csv,ARIMA,VTV,0.00315755,0.0081984,0.00345158,0.00315755,0.0081984,0.00345158,"ARIMA(0, 0, 1)",0.00345158,0.00029403,-0.00474682,0.0,2025-W22
adj_close.csv,ARIMA,VTV,0.00211759,0.00155849,0.00189309,0.00211759,0.00155849,0.00189309,"ARIMA(0, 0, 1)",0.00189309,-0.00022451,0.00345158,0.0,2025-W23
adj_close.csv,ARIMA,VTV,0.0005623,0.00147737,0.00041572,0.0005623,0.00147737,0.00041572,"ARIMA(0, 0, 1)",0.00041572,-0.00014658,0.00189309,0.0,2025-W24
adj_close.csv,ARIMA,VTV,1.886e-05,0.00047341,5.769e-05,1.886e-05,0.00047341,5.769e-05,"ARIMA(0, 0, 1)",-5.769e-05,-3.883e-05,0.00041572,0.0,2025-W25
adj_close.csv,ARIMA,VTV,0.00380442,0.00386341,0.00380572,0.00380442,0.00386341,0.00380572,"ARIMA(0, 0, 1)",0.00380572,1.3e-06,-5.769e-05,0.0,2025-W26
adj_close.csv,ARIMA,VTV,0.00578444,0.00171607,0.00552179,0.00578444,0.00171607,0.00552179,"ARIMA(0, 0, 1)",0.00552179,-0.00026265,0.00380572,0.0,2025-W27
adj_close.csv,ARIMA,VTV,0.0011678,0.00705302,0.00153124,0.0011678,0.00705302,0.00153124,"ARIMA(0, 0, 1)",-0.00153124,-0.00036344,0.00552179,0.0,2025-W28
adj_close.csv,ARIMA,VTV,0.00074933,0.00085695,0.00067429,0.00074933,0.00085695,0.00067429,"ARIMA(0, 0, 1)",-0.00067429,7.504e-05,-0.00153124,0.0,2025-W29
adj_close.csv,ARIMA,VTV,0.00330061,0.00402335,0.00334906,0.00330061,0.00402335,0.00334906,"ARIMA(0, 0, 1)",0.00334906,4.845e-05,-0.00067429,0.0,2025-W30
adj_close.csv,ARIMA,VTV,0.00556962,0.00913324,0.00578418,0.00556962,0.00913324,0.00578418,"ARIMA(0, 0, 1)",-0.00578418,-0.00021456,0.00334906,0.0,2025-W31
adj_close.csv,ARIMA,VTV,0.00241875,0.00859046,0.00280628,0.00241875,0.00859046,0.00280628,"ARIMA(0, 0, 1)",0.00280628,0.00038753,-0.00578418,0.0,2025-W32
adj_close.csv,ARIMA,VTV,0.00269955,0.0002828,0.00252348,0.00269955,0.0002828,0.00252348,"ARIMA(0, 0, 1)",0.00252348,-0.00017607,0.00280628,0.0,2025-W33
adj_close.csv,ARIMA,VTV,0.00376668,0.0010505,0.00357397,0.00376668,0.0010505,0.00357397,"ARIMA(0, 0, 1)",0.00357397,-0.0001927,0.00252348,0.0,2025-W34
adj_close.csv,ARIMA,VTV,4.516e-05,0.00387938,0.00030541,4.516e-05,0.00387938,0.00030541,"ARIMA(0, 0, 1)",-0.00030541,-0.00026025,0.00357397,0.0,2025-W35
adj_close.csv,ARIMA,VTV,0.000919,0.00061047,0.00091588,0.000919,0.00061047,0.00091588,"ARIMA(0, 0, 1)",-0.00091588,3.12e-06,-0.00030541,0.0,2025-W36
adj_close.csv,ARIMA,VTV,0.00252698,0.00350651,0.00259063,0.00252698,0.00350651,0.00259063,"ARIMA(0, 0, 1)",0.00259063,6.365e-05,-0.00091588,0.0,2025-W37
adj_close.csv,ARIMA,VTV,0.00098564,0.00178114,0.00080949,0.00098564,0.00178114,0.00080949,"ARIMA(0, 0, 1)",0.00080949,-0.00017615,0.00259063,0.0,2025-W38
adj_close.csv,ARIMA,VTV,0.00102434,0.00014688,0.00095636,0.00102434,0.00014688,0.00095636,"ARIMA(0, 0, 1)",0.00095636,-6.797e-05,0.00080949,0.0,2025-W39
adj_close.csv,ARIMA,VTV,0.00211039,0.00108354,0.00203991,0.00211039,0.00108354,0.00203991,"ARIMA(0, 0, 1)",0.00203991,-7.049e-05,0.00095636,0.0,2025-W40
adj_close.csv,ARIMA,VTV,0.00488884,0.00707257,0.00503267,0.00488884,0.00707257,0.00503267,"ARIMA(0, 0, 1)",-0.00503267,-0.00014383,0.00203991,0.0,2025-W41
adj_close.csv,ARIMA,VTV,0.00266048,0.00803944,0.00300678,0.00266048,0.00803944,0.00300678,"ARIMA(0, 0, 1)",0.00300678,0.00034629,-0.00503267,0.0,2025-W42
adj_close.csv,ARIMA,VTV,0.0028612,0.000342,0.00266477,0.0028612,0.000342,0.00266477,"ARIMA(0, 0, 1)",0.00266477,-0.00019643,0.00300678,0.0,2025-W43
adj_close.csv,ARIMA,VTV,0.00232933,0.00520031,0.00253554,0.00232933,0.00520031,0.00253554,"ARIMA(0, 0, 1)",-0.00253554,-0.00020622,0.00266477,0.0,2025-W44
adj_close.csv,ARIMA,VTV,0.00025885,0.00296575,0.00043021,0.00025885,0.00296575,0.00043021,"ARIMA(0, 0, 1)",0.00043021,0.00017136,-0.00253554,0.0,2025-W45
adj_close.csv,ARIMA,VTV,0.00107988,0.00063057,0.00106078,0.00107988,0.00063057,0.00106078,"ARIMA(0, 0, 1)",0.00106078,-1.91e-05,0.00043021,0.0,2025-W46
adj_close.csv,ARIMA,VTV,0.00178854,0.00292895,0.00186817,0.00178854,0.00292895,0.00186817,"ARIMA(0, 0, 1)",-0.00186817,-7.963e-05,0.00106078,0.0,2025-W47
adj_close.csv,ARIMA,VTV,0.00661179,0.00861258,0.0067444,0.00661179,0.00861258,0.0067444,"ARIMA(0, 0, 1)",0.0067444,0.00013261,-0.00186817,0.0,2025-W48
adj_close.csv,ARIMA,VTV,0.000384,0.00687044,0.00012604,0.000384,0.00687044,0.00012604,"ARIMA(0, 0, 1)",-0.00012604,-0.00051004,0.0067444,0.0,2025-W49
adj_close.csv,ARIMA,VTV,0.0022649,0.00236187,0.00223582,0.0022649,0.00236187,0.00223582,"ARIMA(0, 0, 1)",0.00223582,-2.907e-05,-0.00012604,0.0,2025-W50
adj_close.csv,ARIMA,VTV,0.00107748,0.00348647,0.00125064,0.00107748,0.00348647,0.00125064,"ARIMA(0, 0, 1)",-0.00125064,-0.00017316,0.00223582,0.0,2025-W51
adj_close.csv,ARIMA,VTV,0.00313554,0.0044692,0.00321856,0.00313554,0.0044692,0.00321856,"ARIMA(0, 0, 1)",0.00321856,8.302e-05,-0.00125064,0.0,2025-W52
adj_close.csv,ARIMA,VTV,0.00028359,0.00317966,3.89e-05,0.00028359,0.00317966,3.89e-05,"ARIMA(0, 0, 1)",3.89e-05,-0.00024469,0.00321856,0.0,2026-W01
adj_close.csv,ARIMA,VTV,0.00413889,0.00407798,0.00411688,0.00413889,0.00407798,0.00411688,"ARIMA(0, 0, 1)",0.00411688,-2.201e-05,3.89e-05,0.0,2026-W02
adj_close.csv,ARIMA,VTV,0.00189018,0.00254802,0.00156886,0.00189018,0.00254802,0.00156886,"ARIMA(0, 0, 1)",0.00156886,-0.00032132,0.00411688,0.0,2026-W03
adj_close.csv,ARIMA,VTV,0.00084277,0.00255381,0.00098495,0.00084277,0.00255381,0.00098495,"ARIMA(0, 0, 1)",-0.00098495,-0.00014218,0.00156886,0.0,2026-W04
adj_close.csv,ARIMA,VTV,0.00211054,0.00315943,0.00217449,0.00211054,0.00315943,0.00217449,"ARIMA(0, 0, 1)",0.00217449,6.395e-05,-0.00098495,0.0,2026-W05
adj_close.csv,ARIMA,VTV,0.00863561,0.00630013,0.00847461,0.00863561,0.00630013,0.00847461,"ARIMA(0, 0, 1)",0.00847461,-0.00016099,0.00217449,0.0,2026-W06
adj_close.csv,ARIMA,VUG,0.00584504,0.00275124,0.00514179,0.00584504,0.00275124,0.00514179,"ARIMA(1, 0, 0)",-0.00514179,0.00070325,-0.00789303,0.0,2024-W30
adj_close.csv,ARIMA,VUG,0.00495446,0.00061228,0.00452951,0.00495446,0.00061228,0.00452951,"ARIMA(1, 0, 0)",-0.00452951,0.00042495,-0.00514179,0.0,2024-W31
adj_close.csv,ARIMA,VUG,0.00038691,0.00527469,0.00074518,0.00038691,0.00527469,0.00074518,"ARIMA(1, 0, 0)",0.00074518,0.00035827,-0.00452951,0.0,2024-W32
adj_close.csv,ARIMA,VUG,0.01006546,0.00926115,0.01000633,0.01006546,0.00926115,0.01000633,"ARIMA(1, 0, 0)",0.01000633,-5.912e-05,0.00074518,0.0,2024-W33
adj_close.csv,ARIMA,VUG,0.0032551,0.00753472,0.00247162,0.0032551,0.00753472,0.00247162,"ARIMA(1, 0, 0)",0.00247162,-0.00078349,0.01000633,0.0,2024-W34
adj_close.csv,ARIMA,VUG,0.0010069,0.00366101,0.0011894,0.0010069,0.00366101,0.0011894,"ARIMA(1, 0, 0)",-0.0011894,-0.0001825,0.00247162,0.0,2024-W35
adj_close.csv,ARIMA,VUG,0.01329192,0.01201429,0.01320369,0.01329192,0.01201429,0.01320369,"ARIMA(1, 0, 0)",-0.01320369,8.823e-05,-0.0011894,0.0,2024-W36
adj_close.csv,ARIMA,VUG,0.00966534,0.02381988,0.01061619,0.00966534,0.02381988,0.01061619,"ARIMA(1, 0, 0)",0.01061619,0.00095085,-0.01320369,0.0,2024-W37
adj_close.csv,ARIMA,VUG,0.00371619,0.00784561,0.00277058,0.00371619,0.00784561,0.00277058,"ARIMA(1, 0, 0)",0.00277058,-0.00094561,0.01061619,0.0,2024-W38
adj_close.csv,ARIMA,VUG,0.00121883,0.00178413,0.00098645,0.00121883,0.00178413,0.00098645,"ARIMA(1, 0, 0)",0.00098645,-0.00023239,0.00277058,0.0,2024-W39
adj_close.csv,ARIMA,VUG,0.00063082,0.00043793,0.00054852,0.00063082,0.00043793,0.00054852,"ARIMA(1, 0, 0)",0.00054852,-8.23e-05,0.00098645,0.0,2024-W40
adj_close.csv,ARIMA,VUG,0.0028535,0.00225926,0.00280778,0.0028535,0.00225926,0.00280778,"ARIMA(1, 0, 0)",0.00280778,-4.572e-05,0.00054852,0.0,2024-W41
adj_close.csv,ARIMA,VUG,0.00196975,0.00107148,0.0017363,0.00196975,0.00107148,0.0017363,"ARIMA(1, 0, 0)",0.0017363,-0.00023345,0.00280778,0.0,2024-W42
adj_close.csv,ARIMA,VUG,0.00029093,0.00158847,0.00014783,0.00029093,0.00158847,0.00014783,"ARIMA(1, 0, 0)",0.00014783,-0.0001431,0.0017363,0.0,2024-W43
adj_close.csv,ARIMA,VUG,0.00331756,0.00347756,0.00332973,0.00331756,0.00347756,0.00332973,"ARIMA(1, 0, 0)",-0.00332973,-1.217e-05,0.00014783,0.0,2024-W44
adj_close.csv,ARIMA,VUG,0.01085594,0.0144601,0.01113037,0.01085594,0.0144601,0.01113037,"ARIMA(1, 0, 0)",0.01113037,0.00027443,-0.00332973,0.0,2024-W45
adj_close.csv,ARIMA,VUG,0.0041176,0.01621807,0.0050877,0.0041176,0.01621807,0.0050877,"ARIMA(1, 0, 0)",-0.0050877,-0.0009701,0.01113037,0.0,2024-W46
adj_close.csv,ARIMA,VUG,0.00261936,0.00818058,0.00309288,0.00261936,0.00818058,0.00309288,"ARIMA(1, 0, 0)",0.00309288,0.00047352,-0.0050877,0.0,2024-W47
adj_close.csv,ARIMA,VUG,0.00342912,4.308e-05,0.00313596,0.00342912,4.308e-05,0.00313596,"ARIMA(1, 0, 0)",0.00313596,-0.00029316,0.00309288,0.0,2024-W48
adj_close.csv,ARIMA,VUG,0.00708373,0.0036548,0.00679076,0.00708373,0.0036548,0.00679076,"ARIMA(1, 0, 0)",0.00679076,-0.00029297,0.00313596,0.0,2024-W49
adj_close.csv,ARIMA,VUG,0.00083227,0.00657356,0.0002172,0.00083227,0.00657356,0.0002172,"ARIMA(1, 0, 0)",0.0002172,-0.00061507,0.00679076,0.0,2024-W50
adj_close.csv,ARIMA,VUG,0.00280406,0.00304078,0.00282358,0.00280406,0.00304078,0.00282358,"ARIMA(1, 0, 0)",-0.00282358,-1.952e-05,0.0002172,0.0,2024-W51
adj_close.csv,ARIMA,VUG,0.00106914,0.00414664,0.00132306,0.00106914,0.00414664,0.00132306,"ARIMA(1, 0, 0)",0.00132306,0.00025393,-0.00282358,0.0,2024-W52
adj_close.csv,ARIMA,VUG,0.00165093,0.00309349,0.00177042,0.00165093,0.00309349,0.00177042,"ARIMA(1, 0, 0)",-0.00177042,-0.00011949,0.00132306,0.0,2025-W01
adj_close.csv,ARIMA,VUG,0.00572613,0.00379531,0.00556574,0.00572613,0.00379531,0.00556574,"ARIMA(1, 0, 0)",-0.00556574,0.00016039,-0.00177042,0.0,2025-W02
adj_close.csv,ARIMA,VUG,0.00367203,0.0097348,0.00416907,0.00367203,0.0097348,0.00416907,"ARIMA(1, 0, 0)",0.00416907,0.00049703,-0.00556574,0.0,2025-W03
adj_close.csv,ARIMA,VUG,0.00521102,0.00065884,0.00482791,0.00521102,0.00065884,0.00482791,"ARIMA(1, 0, 0)",0.00482791,-0.00038312,0.00416907,0.0,2025-W04
adj_close.csv,ARIMA,VUG,0.00226202,0.00752032,0.00269241,0.00226202,0.00752032,0.00269241,"ARIMA(1, 0, 0)",-0.00269241,-0.00043039,0.00482791,0.0,2025-W05
adj_close.csv,ARIMA,VUG,1.916e-05,0.00291697,0.00022457,1.916e-05,0.00291697,0.00022457,"ARIMA(1, 0, 0)",0.00022457,0.00024373,-0.00269241,0.0,2025-W06
adj_close.csv,ARIMA,VUG,0.00413228,0.00388739,0.00411195,0.00413228,0.00388739,0.00411195,"ARIMA(1, 0, 0)",0.00411195,-2.033e-05,0.00022457,0.0,2025-W07
adj_close.csv,ARIMA,VUG,0.00644522,0.01092889,0.00681694,0.00644522,0.01092889,0.00681694,"ARIMA(1, 0, 0)",-0.00681694,-0.00037172,0.00411195,0.0,2025-W08
adj_close.csv,ARIMA,VUG,0.00564804,0.00180787,0.00500906,0.00564804,0.00180787,0.00500906,"ARIMA(1, 0, 0)",-0.00500906,0.00063898,-0.00681694,0.0,2025-W09
adj_close.csv,ARIMA,VUG,0.00901629,0.00356183,0.00857089,0.00901629,0.00356183,0.00857089,"ARIMA(1, 0, 0)",-0.00857089,0.0004454,-0.00500906,0.0,2025-W10
adj_close.csv,ARIMA,VUG,0.00612719,0.00315755,0.00541334,0.00612719,0.00315755,0.00541334,"ARIMA(1, 0, 0)",-0.00541334,0.00071385,-0.00857089,0.0,2025-W11
adj_close.csv,ARIMA,VUG,0.00065454,0.00648362,0.00107028,0.00065454,0.00648362,0.00107028,"ARIMA(1, 0, 0)",0.00107028,0.00041574,-0.00541334,0.0,2025-W12
adj_close.csv,ARIMA,VUG,0.00494683,0.00609977,0.00502949,0.00494683,0.00609977,0.00502949,"ARIMA(1, 0, 0)",-0.00502949,-8.266e-05,0.00107028,0.0,2025-W13
adj_close.csv,ARIMA,VUG,0.02108447,0.01566325,0.02069274,0.02108447,0.01566325,0.02069274,"ARIMA(1, 0, 0)",-0.02069274,0.00039173,-0.00502949,0.0,2025-W14
adj_close.csv,ARIMA,VUG,0.01374931,0.03578448,0.01509174,0.01374931,0.03578448,0.01509174,"ARIMA(1, 0, 0)",0.01509174,0.00134243,-0.02069274,0.0,2025-W15
adj_close.csv,ARIMA,VUG,0.004178,0.02074939,0.00565765,0.004178,0.02074939,0.00565765,"ARIMA(1, 0, 0)",-0.00565765,-0.00147964,0.01509174,0.0,2025-W16
adj_close.csv,ARIMA,VUG,0.012772,0.01902486,0.01336721,0.012772,0.01902486,0.01336721,"ARIMA(1, 0, 0)",0.01336721,0.00059521,-0.00565765,0.0,2025-W17
adj_close.csv,ARIMA,VUG,0.00821262,0.00667018,0.00669703,0.00821262,0.00667018,0.00669703,"ARIMA(1, 0, 0)",0.00669703,-0.00151558,0.01336721,0.0,2025-W18
adj_close.csv,ARIMA,VUG,0.00012527,0.00750007,0.00080304,0.00012527,0.00750007,0.00080304,"ARIMA(1, 0, 0)",-0.00080304,-0.00067777,0.00669703,0.0,2025-W19
adj_close.csv,ARIMA,VUG,0.01367115,0.01455554,0.0137525,0.01367115,0.01455554,0.0137525,"ARIMA(1, 0, 0)",0.0137525,8.135e-05,-0.00080304,0.0,2025-W20
adj_close.csv,ARIMA,VUG,0.00393379,0.01909604,0.00534354,0.00393379,0.01909604,0.00534354,"ARIMA(1, 0, 0)",-0.00534354,-0.00140975,0.0137525,0.0,2025-W21
adj_close.csv,ARIMA,VUG,0.00477268,0.01069523,0.00535169,0.00477268,0.01069523,0.00535169,"ARIMA(1, 0, 0)",0.00535169,0.00057901,-0.00534354,0.0,2025-W22
adj_close.csv,ARIMA,VUG,0.00483362,0.00111267,0.00423902,0.00483362,0.00111267,0.00423902,"ARIMA(1, 0, 0)",0.00423902,-0.0005946,0.00535169,0.0,2025-W23
adj_close.csv,ARIMA,VUG,0.00128301,0.00598123,0.00174221,0.00128301,0.00598123,0.00174221,"ARIMA(1, 0, 0)",-0.00174221,-0.0004592,0.00423902,0.0,2025-W24
adj_close.csv,ARIMA,VUG,0.00071619,0.00121576,0.00052645,0.00071619,0.00121576,0.00052645,"ARIMA(1, 0, 0)",-0.00052645,0.00018974,-0.00174221,0.0,2025-W25
adj_close.csv,ARIMA,VUG,0.00882162,0.00940533,0.00887889,0.00882162,0.00940533,0.00887889,"ARIMA(1, 0, 0)",0.00887889,5.726e-05,-0.00052645,0.0,2025-W26
adj_close.csv,ARIMA,VUG,0.00443546,0.00541365,0.00346524,0.00443546,0.00541365,0.00346524,"ARIMA(1, 0, 0)",0.00346524,-0.00097023,0.00887889,0.0,2025-W27
adj_close.csv,ARIMA,VUG,0.00020572,0.00362367,0.00015843,0.00020572,0.00362367,0.00015843,"ARIMA(1, 0, 0)",-0.00015843,-0.00036415,0.00346524,0.0,2025-W28
adj_close.csv,ARIMA,VUG,0.00302156,0.00319662,0.00303819,0.00302156,0.00319662,0.00303819,"ARIMA(1, 0, 0)",0.00303819,1.664e-05,-0.00015843,0.0,2025-W29
adj_close.csv,ARIMA,VUG,0.00290725,0.00045014,0.00258805,0.00290725,0.00045014,0.00258805,"ARIMA(1, 0, 0)",0.00258805,-0.0003192,0.00303819,0.0,2025-W30
adj_close.csv,ARIMA,VUG,0.00381842,0.00667595,0.0040879,0.00381842,0.00667595,0.0040879,"ARIMA(1, 0, 0)",-0.0040879,-0.00026948,0.00258805,0.0,2025-W31
adj_close.csv,ARIMA,VUG,0.00580827,0.0103261,0.00623821,0.00580827,0.0103261,0.00623821,"ARIMA(1, 0, 0)",0.00623821,0.00042994,-0.0040879,0.0,2025-W32
adj_close.csv,ARIMA,VUG,0.00193533,0.00497463,0.00126357,0.00193533,0.00497463,0.00126357,"ARIMA(1, 0, 0)",0.00126357,-0.00067176,0.00623821,0.0,2025-W33
adj_close.csv,ARIMA,VUG,0.00144299,0.00284102,0.00157745,0.00144299,0.00284102,0.00157745,"ARIMA(1, 0, 0)",-0.00157745,-0.00013446,0.00126357,0.0,2025-W34
adj_close.csv,ARIMA,VUG,8.094e-05,0.00166468,8.722e-05,8.094e-05,0.00166468,8.722e-05,"ARIMA(1, 0, 0)",8.722e-05,0.00016816,-0.00157745,0.0,2025-W35
adj_close.csv,ARIMA,VUG,0.00216949,0.00207297,0.0021602,0.00216949,0.00207297,0.0021602,"ARIMA(1, 0, 0)",0.0021602,-9.3e-06,8.722e-05,0.0,2025-W36
adj_close.csv,ARIMA,VUG,0.00404574,0.00165533,0.00381552,0.00404574,0.00165533,0.00381552,"ARIMA(1, 0, 0)",0.00381552,-0.00023022,0.0021602,0.0,2025-W37
adj_close.csv,ARIMA,VUG,0.00414719,7.144e-05,0.00374408,0.00414719,7.144e-05,0.00374408,"ARIMA(1, 0, 0)",0.00374408,-0.00040312,0.00381552,0.0,2025-W38
adj_close.csv,ARIMA,VUG,0.00127866,0.00541208,0.001668,0.00127866,0.00541208,0.001668,"ARIMA(1, 0, 0)",-0.001668,-0.00038934,0.00374408,0.0,2025-W39
adj_close.csv,ARIMA,VUG,0.00213084,0.00397313,0.00230513,0.00213084,0.00397313,0.00230513,"ARIMA(1, 0, 0)",0.00230513,0.00017429,-0.001668,0.0,2025-W40
adj_close.csv,ARIMA,VUG,0.00438091,0.00692777,0.00462264,0.00438091,0.00692777,0.00462264,"ARIMA(1, 0, 0)",-0.00462264,-0.00024172,0.00230513,0.0,2025-W41
adj_close.csv,ARIMA,VUG,0.00279921,0.00791149,0.00328885,0.00279921,0.00791149,0.00328885,"ARIMA(1, 0, 0)",0.00328885,0.00048964,-0.00462264,0.0,2025-W42
adj_close.csv,ARIMA,VUG,0.00505619,0.00141453,0.00470338,0.00505619,0.00141453,0.00470338,"ARIMA(1, 0, 0)",0.00470338,-0.00035282,0.00328885,0.0,2025-W43
adj_close.csv,ARIMA,VUG,0.00423157,0.0009682,0.00373518,0.00423157,0.0009682,0.00373518,"ARIMA(1, 0, 0)",0.00373518,-0.00049639,0.00470338,0.0,2025-W44
adj_close.csv,ARIMA,VUG,0.0054594,0.00958103,0.00584586,0.0054594,0.00958103,0.00584586,"ARIMA(1, 0, 0)",-0.00584586,-0.00038646,0.00373518,0.0,2025-W45
adj_close.csv,ARIMA,VUG,0.00101395,0.00544915,0.00039671,0.00101395,0.00544915,0.00039671,"ARIMA(1, 0, 0)",-0.00039671,0.00061724,-0.00584586,0.0,2025-W46
adj_close.csv,ARIMA,VUG,0.00574768,0.00530933,0.00570603,0.00574768,0.00530933,0.00570603,"ARIMA(1, 0, 0)",-0.00570603,4.164e-05,-0.00039671,0.0,2025-W47
adj_close.csv,ARIMA,VUG,0.01029131,0.01659496,0.01088893,0.01029131,0.01659496,0.01088893,"ARIMA(1, 0, 0)",0.01088893,0.00059762,-0.00570603,0.0,2025-W48
adj_close.csv,ARIMA,VUG,0.00252646,0.00956904,0.00131989,0.00252646,0.00956904,0.00131989,"ARIMA(1, 0, 0)",0.00131989,-0.00120656,0.01088893,0.0,2025-W49
adj_close.csv,ARIMA,VUG,0.00346402,0.00492645,0.00360656,0.00346402,0.00492645,0.00360656,"ARIMA(1, 0, 0)",-0.00360656,-0.00014254,0.00131989,0.0,2025-W50
adj_close.csv,ARIMA,VUG,0.00097658,0.00497432,0.00136776,0.00097658,0.00497432,0.00136776,"ARIMA(1, 0, 0)",0.00136776,0.00039118,-0.00360656,0.0,2025-W51
adj_close.csv,ARIMA,VUG,0.00369313,0.00217653,0.00354429,0.00369313,0.00217653,0.00354429,"ARIMA(1, 0, 0)",0.00354429,-0.00014884,0.00136776,0.0,2025-W52
adj_close.csv,ARIMA,VUG,0.00413084,0.00805901,0.00451472,0.00413084,0.00805901,0.00451472,"ARIMA(1, 0, 0)",-0.00451472,-0.00038387,0.00354429,0.0,2026-W01
adj_close.csv,ARIMA,VUG,0.00148132,0.00649175,0.00197703,0.00148132,0.00649175,0.00197703,"ARIMA(1, 0, 0)",0.00197703,0.00049571,-0.00451472,0.0,2026-W02
adj_close.csv,ARIMA,VUG,0.00221574,0.00441119,0.00243416,0.00221574,0.00441119,0.00243416,"ARIMA(1, 0, 0)",-0.00243416,-0.00021842,0.00197703,0.0,2026-W03
adj_close.csv,ARIMA,VUG,0.00109078,0.00161338,0.00082078,0.00109078,0.00161338,0.00082078,"ARIMA(1, 0, 0)",-0.00082078,0.00027,-0.00243416,0.0,2026-W04
adj_close.csv,ARIMA,VUG,0.00089908,1.253e-05,0.00080825,0.00089908,1.253e-05,0.00080825,"ARIMA(1, 0, 0)",-0.00080825,9.082e-05,-0.00082078,0.0,2026-W05
adj_close.csv,ARIMA,VUG,0.00254451,0.00344214,0.00263389,0.00254451,0.00344214,0.00263389,"ARIMA(1, 0, 0)",0.00263389,8.938e-05,-0.00080825,0.0,2026-W06
adj_close.csv,ARIMA,XLB,0.00265917,0.00355335,0.00268964,0.00265917,0.00355335,0.00268964,"ARIMA(1, 0, 0)",0.00268964,3.047e-05,-0.00086372,0.0,2024-W30
adj_close.csv,ARIMA,XLB,0.00274915,0.00553473,0.00284509,0.00274915,0.00553473,0.00284509,"ARIMA(1, 0, 0)",-0.00284509,-9.594e-05,0.00268964,0.0,2024-W31
adj_close.csv,ARIMA,XLB,0.00341982,0.00046965,0.00331474,0.00341982,0.00046965,0.00331474,"ARIMA(1, 0, 0)",-0.00331474,0.00010508,-0.00284509,0.0,2024-W32
adj_close.csv,ARIMA,XLB,0.00437166,0.00780332,0.00448858,0.00437166,0.00780332,0.00448858,"ARIMA(1, 0, 0)",0.00448858,0.00011692,-0.00331474,0.0,2024-W33
adj_close.csv,ARIMA,XLB,0.00488321,0.00022522,0.0047138,0.00488321,0.00022522,0.0047138,"ARIMA(1, 0, 0)",0.0047138,-0.00016941,0.00448858,0.0,2024-W34
adj_close.csv,ARIMA,XLB,0.00347574,0.00139842,0.00331538,0.00347574,0.00139842,0.00331538,"ARIMA(1, 0, 0)",0.00331538,-0.00016036,0.0047138,0.0,2024-W35
adj_close.csv,ARIMA,XLB,0.01181699,0.01523596,0.01192058,0.01181699,0.01523596,0.01192058,"ARIMA(1, 0, 0)",-0.01192058,-0.00010359,0.00331538,0.0,2024-W36
adj_close.csv,ARIMA,XLB,0.0056834,0.01805535,0.00613476,0.0056834,0.01805535,0.00613476,"ARIMA(1, 0, 0)",0.00613476,0.00045137,-0.01192058,0.0,2024-W37
adj_close.csv,ARIMA,XLB,0.00325658,0.00317905,0.00295571,0.00325658,0.00317905,0.00295571,"ARIMA(1, 0, 0)",0.00295571,-0.00030087,0.00613476,0.0,2024-W38
adj_close.csv,ARIMA,XLB,0.00699534,0.00390435,0.00686007,0.00699534,0.00390435,0.00686007,"ARIMA(1, 0, 0)",0.00686007,-0.00013528,0.00295571,0.0,2024-W39
adj_close.csv,ARIMA,XLB,0.0033535,0.0105043,0.00364424,0.0033535,0.0105043,0.00364424,"ARIMA(1, 0, 0)",-0.00364424,-0.00029074,0.00686007,0.0,2024-W40
adj_close.csv,ARIMA,XLB,0.0013393,0.00515161,0.00150737,0.0013393,0.00515161,0.00150737,"ARIMA(1, 0, 0)",0.00150737,0.00016807,-0.00364424,0.0,2024-W41
adj_close.csv,ARIMA,XLB,0.00366734,0.00208926,0.00359663,0.00366734,0.00208926,0.00359663,"ARIMA(1, 0, 0)",0.00359663,-7.071e-05,0.00150737,0.0,2024-W42
adj_close.csv,ARIMA,XLB,0.00749763,0.01125975,0.00766313,0.00749763,0.01125975,0.00766313,"ARIMA(1, 0, 0)",-0.00766313,-0.0001655,0.00359663,0.0,2024-W43
adj_close.csv,ARIMA,XLB,0.0021606,0.00588857,0.00177456,0.0021606,0.00588857,0.00177456,"ARIMA(1, 0, 0)",-0.00177456,0.00038605,-0.00766313,0.0,2024-W44
adj_close.csv,ARIMA,XLB,0.00277251,0.00463176,0.0028572,0.00277251,0.00463176,0.0028572,"ARIMA(1, 0, 0)",0.0028572,8.469e-05,-0.00177456,0.0,2024-W45
adj_close.csv,ARIMA,XLB,0.00673153,0.00972733,0.00687013,0.00673153,0.00972733,0.00687013,"ARIMA(1, 0, 0)",-0.00687013,-0.00013861,0.0028572,0.0,2024-W46
adj_close.csv,ARIMA,XLB,0.0057096,0.01293415,0.00606401,0.0057096,0.01293415,0.00606401,"ARIMA(1, 0, 0)",0.00606401,0.00035442,-0.00687013,0.0,2024-W47
adj_close.csv,ARIMA,XLB,0.00217728,0.00423733,0.00182669,0.00217728,0.00423733,0.00182669,"ARIMA(1, 0, 0)",0.00182669,-0.00035059,0.00606401,0.0,2024-W48
adj_close.csv,ARIMA,XLB,0.00604793,0.00797643,0.00614974,0.00604793,0.00797643,0.00614974,"ARIMA(1, 0, 0)",-0.00614974,-0.0001018,0.00182669,0.0,2024-W49
adj_close.csv,ARIMA,XLB,0.00627196,0.00023123,0.00591851,0.00627196,0.00023123,0.00591851,"ARIMA(1, 0, 0)",-0.00591851,0.00035345,-0.00614974,0.0,2024-W50
adj_close.csv,ARIMA,XLB,0.0086575,0.00243462,0.00835313,0.0086575,0.00243462,0.00835313,"ARIMA(1, 0, 0)",-0.00835313,0.00030436,-0.00591851,0.0,2024-W51
adj_close.csv,ARIMA,XLB,0.00093907,0.00777688,0.00057625,0.00093907,0.00777688,0.00057625,"ARIMA(1, 0, 0)",-0.00057625,0.00036282,-0.00835313,0.0,2024-W52
adj_close.csv,ARIMA,XLB,0.00522878,0.0046282,0.00520445,0.00522878,0.0046282,0.00520445,"ARIMA(1, 0, 0)",-0.00520445,2.433e-05,-0.00057625,0.0,2025-W01
adj_close.csv,ARIMA,XLB,0.00011298,0.00553476,0.00033032,0.00011298,0.00553476,0.00033032,"ARIMA(1, 0, 0)",0.00033032,0.00021734,-0.00520445,0.0,2025-W02
adj_close.csv,ARIMA,XLB,0.0117401,0.01139596,0.01172628,0.0117401,0.01139596,0.01172628,"ARIMA(1, 0, 0)",0.01172628,-1.382e-05,0.00033032,0.0,2025-W03
adj_close.csv,ARIMA,XLB,0.00237288,0.00983717,0.00188911,0.00237288,0.00983717,0.00188911,"ARIMA(1, 0, 0)",0.00188911,-0.00048377,0.01172628,0.0,2025-W04
adj_close.csv,ARIMA,XLB,0.00040243,0.00236157,0.00047246,0.00040243,0.00236157,0.00047246,"ARIMA(1, 0, 0)",-0.00047246,-7.003e-05,0.00188911,0.0,2025-W05
adj_close.csv,ARIMA,XLB,0.00114702,0.00065699,0.00112945,0.00114702,0.00065699,0.00112945,"ARIMA(1, 0, 0)",-0.00112945,1.757e-05,-0.00047246,0.0,2025-W06
adj_close.csv,ARIMA,XLB,0.00346105,0.00463241,0.00350296,0.00346105,0.00463241,0.00350296,"ARIMA(1, 0, 0)",0.00350296,4.19e-05,-0.00112945,0.0,2025-W07
adj_close.csv,ARIMA,XLB,0.0048704,0.00850538,0.00500243,0.0048704,0.00850538,0.00500243,"ARIMA(1, 0, 0)",-0.00500243,-0.00013203,0.00350296,0.0,2025-W08
adj_close.csv,ARIMA,XLB,0.00135949,0.00656326,0.00156083,0.00135949,0.00656326,0.00156083,"ARIMA(1, 0, 0)",0.00156083,0.00020135,-0.00500243,0.0,2025-W09
adj_close.csv,ARIMA,XLB,0.00206496,0.0036902,0.00212937,0.00206496,0.0036902,0.00212937,"ARIMA(1, 0, 0)",-0.00212937,-6.441e-05,0.00156083,0.0,2025-W10
adj_close.csv,ARIMA,XLB,0.0043238,0.00210554,0.00423491,0.0043238,0.00210554,0.00423491,"ARIMA(1, 0, 0)",-0.00423491,8.89e-05,-0.00212937,0.0,2025-W11
adj_close.csv,ARIMA,XLB,0.00061342,0.00379246,0.00044245,0.00061342,0.00379246,0.00044245,"ARIMA(1, 0, 0)",-0.00044245,0.00017098,-0.00423491,0.0,2025-W12
adj_close.csv,ARIMA,XLB,0.00079922,0.00033908,0.00078153,0.00079922,0.00033908,0.00078153,"ARIMA(1, 0, 0)",-0.00078153,1.769e-05,-0.00044245,0.0,2025-W13
adj_close.csv,ARIMA,XLB,0.01764526,0.01683252,0.01761405,0.01764526,0.01683252,0.01761405,"ARIMA(1, 0, 0)",-0.01761405,3.121e-05,-0.00078153,0.0,2025-W14
adj_close.csv,ARIMA,XLB,0.0059504,0.02423167,0.00661762,0.0059504,0.02423167,0.00661762,"ARIMA(1, 0, 0)",0.00661762,0.00066722,-0.01761405,0.0,2025-W15
adj_close.csv,ARIMA,XLB,0.00112459,0.00584243,0.00077519,0.00112459,0.00584243,0.00077519,"ARIMA(1, 0, 0)",0.00077519,-0.0003494,0.00661762,0.0,2025-W16
adj_close.csv,ARIMA,XLB,0.00461887,0.00380357,0.00457876,0.00461887,0.00380357,0.00457876,"ARIMA(1, 0, 0)",0.00457876,-4.011e-05,0.00077519,0.0,2025-W17
adj_close.csv,ARIMA,XLB,0.00574973,0.00093636,0.00551512,0.00574973,0.00093636,0.00551512,"ARIMA(1, 0, 0)",0.00551512,-0.00023461,0.00457876,0.0,2025-W18
adj_close.csv,ARIMA,XLB,0.00061109,0.00638832,0.0008732,0.00061109,0.00638832,0.0008732,"ARIMA(1, 0, 0)",-0.0008732,-0.00026211,0.00551512,0.0,2025-W19
adj_close.csv,ARIMA,XLB,0.00576236,0.00667747,0.00580427,0.00576236,0.00667747,0.00580427,"ARIMA(1, 0, 0)",0.00580427,4.191e-05,-0.0008732,0.0,2025-W20
adj_close.csv,ARIMA,XLB,0.00284326,0.00893024,0.00312597,0.00284326,0.00893024,0.00312597,"ARIMA(1, 0, 0)",-0.00312597,-0.0002827,0.00580427,0.0,2025-W21
adj_close.csv,ARIMA,XLB,0.00170055,0.00498598,0.00186002,0.00170055,0.00498598,0.00186002,"ARIMA(1, 0, 0)",0.00186002,0.00015946,-0.00312597,0.0,2025-W22
adj_close.csv,ARIMA,XLB,0.00340441,0.00144814,0.00330815,0.00340441,0.00144814,0.00330815,"ARIMA(1, 0, 0)",0.00330815,-9.626e-05,0.00186002,0.0,2025-W23
adj_close.csv,ARIMA,XLB,0.00074516,0.0042216,0.00091345,0.00074516,0.0042216,0.00091345,"ARIMA(1, 0, 0)",-0.00091345,-0.00016829,0.00330815,0.0,2025-W24
adj_close.csv,ARIMA,XLB,0.0028086,0.00184837,0.00276182,0.0028086,0.00184837,0.00276182,"ARIMA(1, 0, 0)",-0.00276182,4.678e-05,-0.00091345,0.0,2025-W25
adj_close.csv,ARIMA,XLB,0.00424914,0.00715141,0.0043896,0.00424914,0.00715141,0.0043896,"ARIMA(1, 0, 0)",0.0043896,0.00014046,-0.00276182,0.0,2025-W26
adj_close.csv,ARIMA,XLB,0.00993822,0.00531822,0.00970782,0.00993822,0.00531822,0.00970782,"ARIMA(1, 0, 0)",0.00970782,-0.00023041,0.0043896,0.0,2025-W27
adj_close.csv,ARIMA,XLB,0.00077886,0.00937976,0.00032806,0.00077886,0.00937976,0.00032806,"ARIMA(1, 0, 0)",0.00032806,-0.0004508,0.00970782,0.0,2025-W28
adj_close.csv,ARIMA,XLB,0.0028464,0.00318936,0.0028613,0.0028464,0.00318936,0.0028613,"ARIMA(1, 0, 0)",-0.0028613,-1.489e-05,0.00032806,0.0,2025-W29
adj_close.csv,ARIMA,XLB,0.00457996,0.00757153,0.00471023,0.00457996,0.00757153,0.00471023,"ARIMA(1, 0, 0)",0.00471023,0.00013027,-0.0028613,0.0,2025-W30
adj_close.csv,ARIMA,XLB,0.01240065,0.01733378,0.01262355,0.01240065,0.01733378,0.01262355,"ARIMA(1, 0, 0)",-0.01262355,-0.0002229,0.00471023,0.0,2025-W31
adj_close.csv,ARIMA,XLB,0.0030264,0.01634787,0.00372433,0.0030264,0.01634787,0.00372433,"ARIMA(1, 0, 0)",0.00372433,0.00069793,-0.01262355,0.0,2025-W32
adj_close.csv,ARIMA,XLB,0.00399226,4.303e-05,0.00376736,0.00399226,4.303e-05,0.00376736,"ARIMA(1, 0, 0)",0.00376736,-0.0002249,0.00372433,0.0,2025-W33
adj_close.csv,ARIMA,XLB,0.00494008,0.00095268,0.00472004,0.00494008,0.00095268,0.00472004,"ARIMA(1, 0, 0)",0.00472004,-0.00022004,0.00376736,0.0,2025-W34
adj_close.csv,ARIMA,XLB,0.00048084,0.0045032,0.00021684,0.00048084,0.0045032,0.00021684,"ARIMA(1, 0, 0)",0.00021684,-0.000264,0.00472004,0.0,2025-W35
adj_close.csv,ARIMA,XLB,0.00085636,0.00108527,0.00086842,0.00085636,0.00108527,0.00086842,"ARIMA(1, 0, 0)",-0.00086842,-1.206e-05,0.00021684,0.0,2025-W36
adj_close.csv,ARIMA,XLB,0.00065822,0.00025854,0.00060989,0.00065822,0.00025854,0.00060989,"ARIMA(1, 0, 0)",-0.00060989,4.833e-05,-0.00086842,0.0,2025-W37
adj_close.csv,ARIMA,XLB,0.00189681,0.00125303,0.00186292,0.00189681,0.00125303,0.00186292,"ARIMA(1, 0, 0)",-0.00186292,3.39e-05,-0.00060989,0.0,2025-W38
adj_close.csv,ARIMA,XLB,0.00358693,0.00162076,0.00348367,0.00358693,0.00162076,0.00348367,"ARIMA(1, 0, 0)",-0.00348367,0.00010325,-0.00186292,0.0,2025-W39
adj_close.csv,ARIMA,XLB,0.00209318,0.00576686,0.00228318,0.00209318,0.00576686,0.00228318,"ARIMA(1, 0, 0)",0.00228318,0.00019,-0.00348367,0.0,2025-W40
adj_close.csv,ARIMA,XLB,0.00668736,0.00909727,0.00681409,0.00668736,0.00909727,0.00681409,"ARIMA(1, 0, 0)",-0.00681409,-0.00012673,0.00228318,0.0,2025-W41
adj_close.csv,ARIMA,XLB,0.00196598,0.00917204,0.00235795,0.00196598,0.00917204,0.00235795,"ARIMA(1, 0, 0)",0.00235795,0.00039197,-0.00681409,0.0,2025-W42
adj_close.csv,ARIMA,XLB,0.00269509,0.00019735,0.0025553,0.00269509,0.00019735,0.0025553,"ARIMA(1, 0, 0)",0.0025553,-0.00013979,0.00235795,0.0,2025-W43
adj_close.csv,ARIMA,XLB,0.00749986,0.01020452,0.00764922,0.00749986,0.01020452,0.00764922,"ARIMA(1, 0, 0)",-0.00764922,-0.00014936,0.0025553,0.0,2025-W44
adj_close.csv,ARIMA,XLB,0.00011645,0.00799909,0.00034988,0.00011645,0.00799909,0.00034988,"ARIMA(1, 0, 0)",0.00034988,0.00046632,-0.00764922,0.0,2025-W45
adj_close.csv,ARIMA,XLB,0.00222306,0.0018519,0.00220177,0.00222306,0.0018519,0.00220177,"ARIMA(1, 0, 0)",0.00220177,-2.129e-05,0.00034988,0.0,2025-W46
adj_close.csv,ARIMA,XLB,0.00083667,0.00317219,0.00097042,0.00083667,0.00317219,0.00097042,"ARIMA(1, 0, 0)",-0.00097042,-0.00013375,0.00220177,0.0,2025-W47
adj_close.csv,ARIMA,XLB,0.0086188,0.0096484,0.00867798,0.0086188,0.0096484,0.00867798,"ARIMA(1, 0, 0)",0.00867798,5.918e-05,-0.00097042,0.0,2025-W48
adj_close.csv,ARIMA,XLB,0.00220943,0.01142609,0.00274811,0.00220943,0.01142609,0.00274811,"ARIMA(1, 0, 0)",-0.00274811,-0.00053868,0.00867798,0.0,2025-W49
adj_close.csv,ARIMA,XLB,0.00457409,0.00749957,0.00475146,0.00457409,0.00749957,0.00475146,"ARIMA(1, 0, 0)",0.00475146,0.00017737,-0.00274811,0.0,2025-W50
adj_close.csv,ARIMA,XLB,0.00128652,0.00377931,0.00097215,0.00128652,0.00377931,0.00097215,"ARIMA(1, 0, 0)",0.00097215,-0.00031437,0.00475146,0.0,2025-W51
adj_close.csv,ARIMA,XLB,0.00539544,0.00435973,0.00533188,0.00539544,0.00435973,0.00533188,"ARIMA(1, 0, 0)",0.00533188,-6.356e-05,0.00097215,0.0,2025-W52
adj_close.csv,ARIMA,XLB,0.0003992,0.00527768,5.42e-05,0.0003992,0.00527768,5.42e-05,"ARIMA(1, 0, 0)",5.42e-05,-0.000345,0.00533188,0.0,2026-W01
adj_close.csv,ARIMA,XLB,0.00907476,0.00901707,0.00907127,0.00907476,0.00901707,0.00907127,"ARIMA(1, 0, 0)",0.00907127,-3.49e-06,5.42e-05,0.0,2026-W02
adj_close.csv,ARIMA,XLB,0.00231696,0.00733822,0.00173305,0.00231696,0.00733822,0.00173305,"ARIMA(1, 0, 0)",0.00173305,-0.00058391,0.00907127,0.0,2026-W03
adj_close.csv,ARIMA,XLB,0.00664559,0.00480559,0.00653864,0.00664559,0.00480559,0.00653864,"ARIMA(1, 0, 0)",0.00653864,-0.00010695,0.00173305,0.0,2026-W04
adj_close.csv,ARIMA,XLB,0.00242751,0.00936014,0.00282149,0.00242751,0.00936014,0.00282149,"ARIMA(1, 0, 0)",-0.00282149,-0.00039398,0.00653864,0.0,2026-W05
adj_close.csv,ARIMA,XLB,0.0075074,0.01050453,0.00768304,0.0075074,0.01050453,0.00768304,"ARIMA(1, 0, 0)",0.00768304,0.00017564,-0.00282149,0.0,2026-W06
adj_close.csv,ARIMA,XLE,0.00045148,0.00443641,0.00039012,0.00045148,0.00443641,0.00039012,"ARIMA(2, 0, 3)",-0.00039012,6.136e-05,0.0040463,0.0,2024-W30
adj_close.csv,ARIMA,XLE,0.00739019,0.00800583,0.00839595,0.00739019,0.00800583,0.00839595,"ARIMA(2, 0, 3)",-0.00839595,-0.00100576,-0.00039012,0.0,2024-W31
adj_close.csv,ARIMA,XLE,0.00172368,0.01066809,0.00227214,0.00172368,0.01066809,0.00227214,"ARIMA(2, 0, 3)",0.00227214,0.00054846,-0.00839595,0.0,2024-W32
adj_close.csv,ARIMA,XLE,0.00116568,8.501e-05,0.00235715,0.00116568,8.501e-05,0.00235715,"ARIMA(2, 0, 3)",0.00235715,0.00119147,0.00227214,0.0,2024-W33
adj_close.csv,ARIMA,XLE,0.0015751,0.0025341,0.00017695,0.0015751,0.0025341,0.00017695,"ARIMA(2, 0, 3)",-0.00017695,-0.00175205,0.00235715,0.0,2024-W34
adj_close.csv,ARIMA,XLE,0.00265405,0.00213657,0.00195962,0.00265405,0.00213657,0.00195962,"ARIMA(2, 0, 3)",0.00195962,-0.00069443,-0.00017695,0.0,2024-W35
adj_close.csv,ARIMA,XLE,0.01557465,0.01682667,0.01486705,0.01557465,0.01682667,0.01486705,"ARIMA(2, 0, 3)",-0.01486705,0.00070761,0.00195962,0.0,2024-W36
adj_close.csv,ARIMA,XLE,0.00185993,0.01388802,0.00097902,0.00185993,0.01388802,0.00097902,"ARIMA(2, 0, 3)",-0.00097902,0.00088091,-0.01486705,0.0,2024-W37
adj_close.csv,ARIMA,XLE,0.00563112,0.00825254,0.00727352,0.00563112,0.00825254,0.00727352,"ARIMA(2, 0, 3)",0.00727352,0.0016424,-0.00097902,0.0,2024-W38
adj_close.csv,ARIMA,XLE,0.00106233,0.00919793,0.00192441,0.00106233,0.00919793,0.00192441,"ARIMA(2, 0, 3)",-0.00192441,-0.00298674,0.00727352,0.0,2024-W39
adj_close.csv,ARIMA,XLE,0.01541296,0.01521309,0.01328868,0.01541296,0.01521309,0.01328868,"ARIMA(2, 0, 3)",0.01328868,-0.00212427,-0.00192441,0.0,2024-W40
adj_close.csv,ARIMA,XLE,0.00053323,0.01408443,0.00079575,0.00053323,0.01408443,0.00079575,"ARIMA(2, 0, 3)",-0.00079575,-0.00026252,0.01328868,0.0,2024-W41
adj_close.csv,ARIMA,XLE,0.00497699,0.00459906,0.00539481,0.00497699,0.00459906,0.00539481,"ARIMA(2, 0, 3)",-0.00539481,-0.00041782,-0.00079575,0.0,2024-W42
adj_close.csv,ARIMA,XLE,0.00330046,0.00412891,0.0012659,0.00330046,0.00412891,0.0012659,"ARIMA(2, 0, 3)",-0.0012659,0.00203456,-0.00539481,0.0,2024-W43
adj_close.csv,ARIMA,XLE,0.00311744,0.00264872,0.00391463,0.00311744,0.00264872,0.00391463,"ARIMA(2, 0, 3)",-0.00391463,-0.00079719,-0.0012659,0.0,2024-W44
adj_close.csv,ARIMA,XLE,0.01380276,0.01650543,0.0125908,0.01380276,0.01650543,0.0125908,"ARIMA(2, 0, 3)",0.0125908,-0.00121196,-0.00391463,0.0,2024-W45
adj_close.csv,ARIMA,XLE,0.00195758,0.01051098,0.00207982,0.00195758,0.01051098,0.00207982,"ARIMA(2, 0, 3)",0.00207982,0.00012224,0.0125908,0.0,2024-W46
adj_close.csv,ARIMA,XLE,0.00708123,0.00321214,0.00529196,0.00708123,0.00321214,0.00529196,"ARIMA(2, 0, 3)",0.00529196,-0.00178926,0.00207982,0.0,2024-W47
adj_close.csv,ARIMA,XLE,0.00501763,0.0098045,0.00451254,0.00501763,0.0098045,0.00451254,"ARIMA(2, 0, 3)",-0.00451254,0.00050509,0.00529196,0.0,2024-W48
adj_close.csv,ARIMA,XLE,0.00987195,0.0051597,0.00967224,0.00987195,0.0051597,0.00967224,"ARIMA(2, 0, 3)",-0.00967224,0.00019972,-0.00451254,0.0,2024-W49
adj_close.csv,ARIMA,XLE,0.00510583,0.00567744,0.0039948,0.00510583,0.00567744,0.0039948,"ARIMA(2, 0, 3)",-0.0039948,0.00111103,-0.00967224,0.0,2024-W50
adj_close.csv,ARIMA,XLE,0.01265303,0.00772986,0.01172466,0.01265303,0.00772986,0.01172466,"ARIMA(2, 0, 3)",-0.01172466,0.00092837,-0.0039948,0.0,2024-W51
adj_close.csv,ARIMA,XLE,0.00363419,0.0150581,0.00333344,0.00363419,0.0150581,0.00333344,"ARIMA(2, 0, 3)",0.00333344,-0.00030076,-0.01172466,0.0,2024-W52
adj_close.csv,ARIMA,XLE,0.00814152,0.00512519,0.00845863,0.00814152,0.00512519,0.00845863,"ARIMA(2, 0, 3)",0.00845863,0.00031711,0.00333344,0.0,2025-W01
adj_close.csv,ARIMA,XLE,0.00408878,0.0058429,0.00261573,0.00408878,0.0058429,0.00261573,"ARIMA(2, 0, 3)",0.00261573,-0.00147305,0.00845863,0.0,2025-W02
adj_close.csv,ARIMA,XLE,0.01292237,0.00960633,0.01222206,0.01292237,0.00960633,0.01222206,"ARIMA(2, 0, 3)",0.01222206,-0.00070031,0.00261573,0.0,2025-W03
adj_close.csv,ARIMA,XLE,0.00751503,0.01937428,0.00715222,0.00751503,0.01937428,0.00715222,"ARIMA(2, 0, 3)",-0.00715222,0.00036281,0.01222206,0.0,2025-W04
adj_close.csv,ARIMA,XLE,0.00729992,0.00105233,0.00820454,0.00729992,0.00105233,0.00820454,"ARIMA(2, 0, 3)",-0.00820454,-0.00090462,-0.00715222,0.0,2025-W05
adj_close.csv,ARIMA,XLE,0.00072264,0.01029309,0.00208854,0.00072264,0.01029309,0.00208854,"ARIMA(2, 0, 3)",0.00208854,0.0013659,-0.00820454,0.0,2025-W06
adj_close.csv,ARIMA,XLE,0.0033605,0.00129282,0.00338136,0.0033605,0.00129282,0.00338136,"ARIMA(2, 0, 3)",0.00338136,2.087e-05,0.00208854,0.0,2025-W07
adj_close.csv,ARIMA,XLE,0.00279788,0.00100564,0.00237572,0.00279788,0.00100564,0.00237572,"ARIMA(2, 0, 3)",0.00237572,-0.00042216,0.00338136,0.0,2025-W08
adj_close.csv,ARIMA,XLE,0.00054962,0.00222181,0.00015391,0.00054962,0.00222181,0.00015391,"ARIMA(2, 0, 3)",0.00015391,-0.00039571,0.00237572,0.0,2025-W09
adj_close.csv,ARIMA,XLE,0.00778783,0.00815815,0.00800423,0.00778783,0.00815815,0.00800423,"ARIMA(2, 0, 3)",-0.00800423,-0.00021641,0.00015391,0.0,2025-W10
adj_close.csv,ARIMA,XLE,0.0047473,0.01326446,0.00526022,0.0047473,0.01326446,0.00526022,"ARIMA(2, 0, 3)",0.00526022,0.00051292,-0.00800423,0.0,2025-W11
adj_close.csv,ARIMA,XLE,0.00522426,0.00079683,0.00605705,0.00522426,0.00079683,0.00605705,"ARIMA(2, 0, 3)",0.00605705,0.00083279,0.00526022,0.0,2025-W12
adj_close.csv,ARIMA,XLE,0.00270258,0.00469787,0.00135918,0.00270258,0.00469787,0.00135918,"ARIMA(2, 0, 3)",0.00135918,-0.0013434,0.00605705,0.0,2025-W13
adj_close.csv,ARIMA,XLE,0.0313261,0.03336845,0.03200927,0.0313261,0.03336845,0.03200927,"ARIMA(2, 0, 3)",-0.03200927,-0.00068317,0.00135918,0.0,2025-W14
adj_close.csv,ARIMA,XLE,5.225e-05,0.0323391,0.00032982,5.225e-05,0.0323391,0.00032982,"ARIMA(2, 0, 3)",0.00032982,0.00027757,-0.03200927,0.0,2025-W15
adj_close.csv,ARIMA,XLE,0.00418217,0.00780733,0.00813715,0.00418217,0.00780733,0.00813715,"ARIMA(2, 0, 3)",0.00813715,0.00395499,0.00032982,0.0,2025-W16
adj_close.csv,ARIMA,XLE,0.00280295,0.00596492,0.00217223,0.00280295,0.00596492,0.00217223,"ARIMA(2, 0, 3)",0.00217223,-0.00063072,0.00813715,0.0,2025-W17
adj_close.csv,ARIMA,XLE,0.00015057,0.00317,0.00099777,0.00015057,0.00317,0.00099777,"ARIMA(2, 0, 3)",-0.00099777,-0.0008472,0.00217223,0.0,2025-W18
adj_close.csv,ARIMA,XLE,0.00138892,0.00209259,0.00109483,0.00138892,0.00209259,0.00109483,"ARIMA(2, 0, 3)",0.00109483,-0.0002941,-0.00099777,0.0,2025-W19
adj_close.csv,ARIMA,XLE,0.00722496,0.00617179,0.00726661,0.00722496,0.00617179,0.00726661,"ARIMA(2, 0, 3)",0.00726661,4.165e-05,0.00109483,0.0,2025-W20
adj_close.csv,ARIMA,XLE,0.00805966,0.01560366,0.00833705,0.00805966,0.01560366,0.00833705,"ARIMA(2, 0, 3)",-0.00833705,-0.00027739,0.00726661,0.0,2025-W21
adj_close.csv,ARIMA,XLE,0.00085278,0.00693047,0.00140658,0.00085278,0.00693047,0.00140658,"ARIMA(2, 0, 3)",-0.00140658,-0.0005538,-0.00833705,0.0,2025-W22
adj_close.csv,ARIMA,XLE,0.00299185,0.00596602,0.00455944,0.00299185,0.00596602,0.00455944,"ARIMA(2, 0, 3)",0.00455944,0.00156759,-0.00140658,0.0,2025-W23
adj_close.csv,ARIMA,XLE,0.0111239,0.00638143,0.01094087,0.0111239,0.00638143,0.01094087,"ARIMA(2, 0, 3)",0.01094087,-0.00018303,0.00455944,0.0,2025-W24
adj_close.csv,ARIMA,XLE,0.00384862,0.00845609,0.00248478,0.00384862,0.00845609,0.00248478,"ARIMA(2, 0, 3)",0.00248478,-0.00136384,0.01094087,0.0,2025-W25
adj_close.csv,ARIMA,XLE,0.00542179,0.00931183,0.00682705,0.00542179,0.00931183,0.00682705,"ARIMA(2, 0, 3)",-0.00682705,-0.00140526,0.00248478,0.0,2025-W26
adj_close.csv,ARIMA,XLE,0.00497736,0.01184667,0.00501962,0.00497736,0.01184667,0.00501962,"ARIMA(2, 0, 3)",0.00501962,4.226e-05,-0.00682705,0.0,2025-W27
adj_close.csv,ARIMA,XLE,0.003742,0.00025101,0.00476861,0.003742,0.00025101,0.00476861,"ARIMA(2, 0, 3)",0.00476861,0.00102661,0.00501962,0.0,2025-W28
adj_close.csv,ARIMA,XLE,0.00648088,0.0120114,0.00724279,0.00648088,0.0120114,0.00724279,"ARIMA(2, 0, 3)",-0.00724279,-0.00076191,0.00476861,0.0,2025-W29
adj_close.csv,ARIMA,XLE,0.00305104,0.00987776,0.00263497,0.00305104,0.00987776,0.00263497,"ARIMA(2, 0, 3)",0.00263497,-0.00041606,-0.00724279,0.0,2025-W30
adj_close.csv,ARIMA,XLE,0.00452395,0.00613265,0.00349768,0.00452395,0.00613265,0.00349768,"ARIMA(2, 0, 3)",-0.00349768,0.00102627,0.00263497,0.0,2025-W31
adj_close.csv,ARIMA,XLE,0.00114859,0.00194948,0.0015482,0.00114859,0.00194948,0.0015482,"ARIMA(2, 0, 3)",-0.0015482,-0.00039961,-0.00349768,0.0,2025-W32
adj_close.csv,ARIMA,XLE,0.00093401,0.00302629,0.00147809,0.00093401,0.00302629,0.00147809,"ARIMA(2, 0, 3)",0.00147809,0.00054407,-0.0015482,0.0,2025-W33
adj_close.csv,ARIMA,XLE,0.00590649,0.00446362,0.00594171,0.00590649,0.00446362,0.00594171,"ARIMA(2, 0, 3)",0.00594171,3.522e-05,0.00147809,0.0,2025-W34
adj_close.csv,ARIMA,XLE,0.00538348,0.00090027,0.00504144,0.00538348,0.00090027,0.00504144,"ARIMA(2, 0, 3)",0.00504144,-0.00034205,0.00594171,0.0,2025-W35
adj_close.csv,ARIMA,XLE,0.00765197,0.01356546,0.00852403,0.00765197,0.01356546,0.00852403,"ARIMA(2, 0, 3)",-0.00852403,-0.00087206,0.00504144,0.0,2025-W36
adj_close.csv,ARIMA,XLE,0.00318508,0.01134288,0.00281885,0.00318508,0.01134288,0.00281885,"ARIMA(2, 0, 3)",0.00281885,-0.00036623,-0.00852403,0.0,2025-W37
adj_close.csv,ARIMA,XLE,0.00146213,0.00299952,0.00018067,0.00146213,0.00299952,0.00018067,"ARIMA(2, 0, 3)",-0.00018067,0.00128147,0.00281885,0.0,2025-W38
adj_close.csv,ARIMA,XLE,0.00989692,0.00957042,0.00938975,0.00989692,0.00957042,0.00938975,"ARIMA(2, 0, 3)",0.00938975,-0.00050717,-0.00018067,0.0,2025-W39
adj_close.csv,ARIMA,XLE,0.00669096,0.01620079,0.00681104,0.00669096,0.01620079,0.00681104,"ARIMA(2, 0, 3)",-0.00681104,-0.00012008,0.00938975,0.0,2025-W40
adj_close.csv,ARIMA,XLE,0.00736832,0.00166666,0.0084777,0.00736832,0.00166666,0.0084777,"ARIMA(2, 0, 3)",-0.0084777,-0.00110938,-0.00681104,0.0,2025-W41
adj_close.csv,ARIMA,XLE,0.00043913,0.01025342,0.00177572,0.00043913,0.01025342,0.00177572,"ARIMA(2, 0, 3)",0.00177572,0.00133659,-0.0084777,0.0,2025-W42
adj_close.csv,ARIMA,XLE,0.0037787,0.00302773,0.00480345,0.0037787,0.00302773,0.00480345,"ARIMA(2, 0, 3)",0.00480345,0.00102474,0.00177572,0.0,2025-W43
adj_close.csv,ARIMA,XLE,0.00061926,0.00466725,0.00013619,0.00061926,0.00466725,0.00013619,"ARIMA(2, 0, 3)",0.00013619,-0.00048307,0.00480345,0.0,2025-W44
adj_close.csv,ARIMA,XLE,0.00391741,0.00303831,0.0031745,0.00391741,0.00303831,0.0031745,"ARIMA(2, 0, 3)",0.0031745,-0.00074291,0.00013619,0.0,2025-W45
adj_close.csv,ARIMA,XLE,0.00554795,0.0022896,0.0054641,0.00554795,0.0022896,0.0054641,"ARIMA(2, 0, 3)",0.0054641,-8.385e-05,0.0031745,0.0,2025-W46
adj_close.csv,ARIMA,XLE,0.00522604,0.01119642,0.00573232,0.00522604,0.01119642,0.00573232,"ARIMA(2, 0, 3)",-0.00573232,-0.00050628,0.0054641,0.0,2025-W47
adj_close.csv,ARIMA,XLE,0.00337561,0.00859553,0.00286321,0.00337561,0.00859553,0.00286321,"ARIMA(2, 0, 3)",0.00286321,-0.0005124,-0.00573232,0.0,2025-W48
adj_close.csv,ARIMA,XLE,0.00220127,0.00018693,0.00305014,0.00220127,0.00018693,0.00305014,"ARIMA(2, 0, 3)",0.00305014,0.00084887,0.00286321,0.0,2025-W49
adj_close.csv,ARIMA,XLE,0.00110527,0.00484387,0.00179372,0.00110527,0.00484387,0.00179372,"ARIMA(2, 0, 3)",-0.00179372,-0.00068845,0.00305014,0.0,2025-W50
adj_close.csv,ARIMA,XLE,0.00587726,0.00436473,0.00615845,0.00587726,0.00436473,0.00615845,"ARIMA(2, 0, 3)",-0.00615845,-0.00028119,-0.00179372,0.0,2025-W51
adj_close.csv,ARIMA,XLE,0.00209957,0.00867675,0.0025183,0.00209957,0.00867675,0.0025183,"ARIMA(2, 0, 3)",0.0025183,0.00041873,-0.00615845,0.0,2025-W52
adj_close.csv,ARIMA,XLE,0.0072819,0.00555141,0.00806971,0.0072819,0.00555141,0.00806971,"ARIMA(2, 0, 3)",0.00806971,0.00078781,0.0025183,0.0,2026-W01
adj_close.csv,ARIMA,XLE,0.00506974,0.00365013,0.00441958,0.00506974,0.00365013,0.00441958,"ARIMA(2, 0, 3)",0.00441958,-0.00065017,0.00806971,0.0,2026-W02
adj_close.csv,ARIMA,XLE,0.00595496,9.554e-05,0.00432404,0.00595496,9.554e-05,0.00432404,"ARIMA(2, 0, 3)",0.00432404,-0.00163093,0.00441958,0.0,2026-W03
adj_close.csv,ARIMA,XLE,0.00833204,0.00341812,0.00774215,0.00833204,0.00341812,0.00774215,"ARIMA(2, 0, 3)",0.00774215,-0.00058989,0.00432404,0.0,2026-W04
adj_close.csv,ARIMA,XLE,0.00773974,0.00031911,0.00742304,0.00773974,0.00031911,0.00742304,"ARIMA(2, 0, 3)",0.00742304,-0.0003167,0.00774215,0.0,2026-W05
adj_close.csv,ARIMA,XLE,0.01897907,0.02720608,0.01978304,0.01897907,0.02720608,0.01978304,"ARIMA(2, 0, 3)",-0.01978304,-0.00080396,0.00742304,0.0,2026-W06
adj_close.csv,ARIMA,XLK,0.00504769,0.00717823,0.0042001,0.00504769,0.00717823,0.0042001,"ARIMA(1, 0, 0)",-0.0042001,0.00084758,-0.01137833,0.0,2024-W30
adj_close.csv,ARIMA,XLK,0.01126781,0.00678601,0.01098611,0.01126781,0.00678601,0.01098611,"ARIMA(1, 0, 0)",-0.01098611,0.00028169,-0.0042001,0.0,2024-W31
adj_close.csv,ARIMA,XLK,0.00021727,0.01187315,0.00088704,0.00021727,0.01187315,0.00088704,"ARIMA(1, 0, 0)",0.00088704,0.00066977,-0.01098611,0.0,2024-W32
adj_close.csv,ARIMA,XLK,0.01483284,0.01389145,0.01477849,0.01483284,0.01389145,0.01477849,"ARIMA(1, 0, 0)",0.01477849,-5.435e-05,0.00088704,0.0,2024-W33
adj_close.csv,ARIMA,XLK,0.00318007,0.0124792,0.0022993,0.00318007,0.0124792,0.0022993,"ARIMA(1, 0, 0)",0.0022993,-0.00088077,0.01477849,0.0,2024-W34
adj_close.csv,ARIMA,XLK,0.00314451,0.00556749,0.0032682,0.00314451,0.00556749,0.0032682,"ARIMA(1, 0, 0)",-0.0032682,-0.00012369,0.0022993,0.0,2024-W35
adj_close.csv,ARIMA,XLK,0.0195284,0.01608149,0.01934968,0.0195284,0.01608149,0.01934968,"ARIMA(1, 0, 0)",-0.01934968,0.00017872,-0.0032682,0.0,2024-W36
adj_close.csv,ARIMA,XLK,0.01467369,0.03492926,0.01557957,0.01467369,0.03492926,0.01557957,"ARIMA(1, 0, 0)",0.01557957,0.00090588,-0.01934968,0.0,2024-W37
adj_close.csv,ARIMA,XLK,0.00313796,0.01369231,0.00188726,0.00313796,0.01369231,0.00188726,"ARIMA(1, 0, 0)",0.00188726,-0.00125069,0.01557957,0.0,2024-W38
adj_close.csv,ARIMA,XLK,0.00279645,0.00076825,0.00265551,0.00279645,0.00076825,0.00265551,"ARIMA(1, 0, 0)",0.00265551,-0.00014093,0.00188726,0.0,2024-W39
adj_close.csv,ARIMA,XLK,0.00036542,0.00248679,0.00016872,0.00036542,0.00248679,0.00016872,"ARIMA(1, 0, 0)",0.00016872,-0.0001967,0.00265551,0.0,2024-W40
adj_close.csv,ARIMA,XLK,0.00485377,0.00467257,0.00484129,0.00485377,0.00467257,0.00484129,"ARIMA(1, 0, 0)",0.00484129,-1.248e-05,0.00016872,0.0,2024-W41
adj_close.csv,ARIMA,XLK,0.00044424,0.00475467,8.663e-05,0.00044424,0.00475467,8.663e-05,"ARIMA(1, 0, 0)",8.663e-05,-0.00035761,0.00484129,0.0,2024-W42
adj_close.csv,ARIMA,XLK,0.00053138,0.00062439,0.00053776,0.00053138,0.00062439,0.00053776,"ARIMA(1, 0, 0)",-0.00053776,-6.38e-06,8.663e-05,0.0,2024-W43
adj_close.csv,ARIMA,XLK,0.0056586,0.00508125,0.00561901,0.0056586,0.00508125,0.00561901,"ARIMA(1, 0, 0)",-0.00561901,3.959e-05,-0.00053776,0.0,2024-W44
adj_close.csv,ARIMA,XLK,0.01108641,0.01711718,0.01149817,0.01108641,0.01711718,0.01149817,"ARIMA(1, 0, 0)",0.01149817,0.00041176,-0.00561901,0.0,2024-W45
adj_close.csv,ARIMA,XLK,0.00633201,0.01875422,0.00725605,0.00633201,0.01875422,0.00725605,"ARIMA(1, 0, 0)",-0.00725605,-0.00092403,0.01149817,0.0,2024-W46
adj_close.csv,ARIMA,XLK,0.00358878,0.01148713,0.00423108,0.00358878,0.01148713,0.00423108,"ARIMA(1, 0, 0)",0.00423108,0.00064231,-0.00725605,0.0,2024-W47
adj_close.csv,ARIMA,XLK,0.00052589,0.004092,0.00013909,0.00052589,0.004092,0.00013909,"ARIMA(1, 0, 0)",0.00013909,-0.00038681,0.00423108,0.0,2024-W48
adj_close.csv,ARIMA,XLK,0.00600593,0.00585416,0.00599325,0.00600593,0.00585416,0.00599325,"ARIMA(1, 0, 0)",0.00599325,-1.268e-05,0.00013909,0.0,2024-W49
adj_close.csv,ARIMA,XLK,0.00094616,0.00748527,0.00149202,0.00094616,0.00748527,0.00149202,"ARIMA(1, 0, 0)",-0.00149202,-0.00054587,0.00599325,0.0,2024-W50
adj_close.csv,ARIMA,XLK,0.00273893,0.00111007,0.0026021,0.00273893,0.00111007,0.0026021,"ARIMA(1, 0, 0)",-0.0026021,0.00013683,-0.00149202,0.0,2024-W51
adj_close.csv,ARIMA,XLK,0.00178766,0.00462721,0.00202511,0.00178766,0.00462721,0.00202511,"ARIMA(1, 0, 0)",0.00202511,0.00023746,-0.0026021,0.0,2024-W52
adj_close.csv,ARIMA,XLK,0.00165256,0.00386352,0.0018384,0.00165256,0.00386352,0.0018384,"ARIMA(1, 0, 0)",-0.0018384,-0.00018584,0.00202511,0.0,2025-W01
adj_close.csv,ARIMA,XLK,0.00767216,0.00566437,0.00750277,0.00767216,0.00566437,0.00750277,"ARIMA(1, 0, 0)",-0.00750277,0.00016939,-0.0018384,0.0,2025-W02
adj_close.csv,ARIMA,XLK,0.00392643,0.01210882,0.00460605,0.00392643,0.01210882,0.00460605,"ARIMA(1, 0, 0)",0.00460605,0.00067961,-0.00750277,0.0,2025-W03
adj_close.csv,ARIMA,XLK,0.00591386,0.0008757,0.00548174,0.00591386,0.0008757,0.00548174,"ARIMA(1, 0, 0)",0.00548174,-0.00043212,0.00460605,0.0,2025-W04
adj_close.csv,ARIMA,XLK,0.00672674,0.01270639,0.00722465,0.00672674,0.01270639,0.00722465,"ARIMA(1, 0, 0)",-0.00722465,-0.00049792,0.00548174,0.0,2025-W05
adj_close.csv,ARIMA,XLK,0.00104886,0.00895883,0.00173418,0.00104886,0.00895883,0.00173418,"ARIMA(1, 0, 0)",0.00173418,0.00068532,-0.00722465,0.0,2025-W06
adj_close.csv,ARIMA,XLK,0.00621558,0.00431547,0.00604965,0.00621558,0.00431547,0.00604965,"ARIMA(1, 0, 0)",0.00604965,-0.00016593,0.00173418,0.0,2025-W07
adj_close.csv,ARIMA,XLK,0.0047987,0.01142012,0.00537046,0.0047987,0.01142012,0.00537046,"ARIMA(1, 0, 0)",-0.00537046,-0.00057176,0.00604965,0.0,2025-W08
adj_close.csv,ARIMA,XLK,0.00864022,0.00274532,0.00811579,0.00864022,0.00274532,0.00811579,"ARIMA(1, 0, 0)",-0.00811579,0.00052443,-0.00537046,0.0,2025-W09
adj_close.csv,ARIMA,XLK,0.00704875,0.00181896,0.00629683,0.00704875,0.00181896,0.00629683,"ARIMA(1, 0, 0)",-0.00629683,0.00075192,-0.00811579,0.0,2025-W10
adj_close.csv,ARIMA,XLK,0.00479952,0.00204216,0.00425467,0.00479952,0.00204216,0.00425467,"ARIMA(1, 0, 0)",-0.00425467,0.00054484,-0.00629683,0.0,2025-W11
adj_close.csv,ARIMA,XLK,0.00033574,0.00427338,1.87e-05,0.00033574,0.00427338,1.87e-05,"ARIMA(1, 0, 0)",1.87e-05,0.00035444,-0.00425467,0.0,2025-W12
adj_close.csv,ARIMA,XLK,0.00686159,0.00688184,0.00686314,0.00686159,0.00688184,0.00686314,"ARIMA(1, 0, 0)",-0.00686314,-1.56e-06,1.87e-05,0.0,2025-W13
adj_close.csv,ARIMA,XLK,0.02530712,0.01787319,0.02473633,0.02530712,0.01787319,0.02473633,"ARIMA(1, 0, 0)",-0.02473633,0.00057079,-0.00686314,0.0,2025-W14
adj_close.csv,ARIMA,XLK,0.01519661,0.04153546,0.01679913,0.01519661,0.04153546,0.01679913,"ARIMA(1, 0, 0)",0.01679913,0.00160252,-0.02473633,0.0,2025-W15
adj_close.csv,ARIMA,XLK,0.00530111,0.02381628,0.00701715,0.00530111,0.02381628,0.00701715,"ARIMA(1, 0, 0)",-0.00701715,-0.00171604,0.01679913,0.0,2025-W16
adj_close.csv,ARIMA,XLK,0.0147889,0.02258328,0.01556613,0.0147889,0.02258328,0.01556613,"ARIMA(1, 0, 0)",0.01556613,0.00077723,-0.00701715,0.0,2025-W17
adj_close.csv,ARIMA,XLK,0.00954025,0.00790546,0.00766067,0.00954025,0.00790546,0.00766067,"ARIMA(1, 0, 0)",0.00766067,-0.00187958,0.01556613,0.0,2025-W18
adj_close.csv,ARIMA,XLK,0.00173003,0.00674867,0.000912,0.00173003,0.00674867,0.000912,"ARIMA(1, 0, 0)",0.000912,-0.00081803,0.00766067,0.0,2025-W19
adj_close.csv,ARIMA,XLK,0.01538801,0.01437975,0.01529175,0.01538801,0.01437975,0.01529175,"ARIMA(1, 0, 0)",0.01529175,-9.626e-05,0.000912,0.0,2025-W20
adj_close.csv,ARIMA,XLK,0.00540705,0.02229268,0.00700092,0.00540705,0.02229268,0.00700092,"ARIMA(1, 0, 0)",-0.00700092,-0.00159387,0.01529175,0.0,2025-W21
adj_close.csv,ARIMA,XLK,0.00369616,0.01147977,0.00447884,0.00369616,0.01147977,0.00447884,"ARIMA(1, 0, 0)",0.00447884,0.00078269,-0.00700092,0.0,2025-W22
adj_close.csv,ARIMA,XLK,0.0068621,0.00187198,0.00635082,0.0068621,0.00187198,0.00635082,"ARIMA(1, 0, 0)",0.00635082,-0.00051128,0.00447884,0.0,2025-W23
adj_close.csv,ARIMA,XLK,0.0013857,0.00567234,0.00067848,0.0013857,0.00567234,0.00067848,"ARIMA(1, 0, 0)",0.00067848,-0.00070723,0.00635082,0.0,2025-W24
adj_close.csv,ARIMA,XLK,0.00150298,0.00074949,0.00142796,0.00150298,0.00074949,0.00142796,"ARIMA(1, 0, 0)",0.00142796,-7.501e-05,0.00067848,0.0,2025-W25
adj_close.csv,ARIMA,XLK,0.00881891,0.0072332,0.00866117,0.00881891,0.0072332,0.00866117,"ARIMA(1, 0, 0)",0.00866117,-0.00015775,0.00142796,0.0,2025-W26
adj_close.csv,ARIMA,XLK,0.00704297,0.00256511,0.00609605,0.00704297,0.00256511,0.00609605,"ARIMA(1, 0, 0)",0.00609605,-0.00094692,0.00866117,0.0,2025-W27
adj_close.csv,ARIMA,XLK,0.00023279,0.00696187,0.00086581,0.00023279,0.00696187,0.00086581,"ARIMA(1, 0, 0)",-0.00086581,-0.00063302,0.00609605,0.0,2025-W28
adj_close.csv,ARIMA,XLK,0.0038115,0.00476733,0.00390152,0.0038115,0.00476733,0.00390152,"ARIMA(1, 0, 0)",0.00390152,9.002e-05,-0.00086581,0.0,2025-W29
adj_close.csv,ARIMA,XLK,0.00124826,0.00306005,0.00084147,0.00124826,0.00306005,0.00084147,"ARIMA(1, 0, 0)",0.00084147,-0.00040679,0.00390152,0.0,2025-W30
adj_close.csv,ARIMA,XLK,0.00370422,0.00463306,0.00379159,0.00370422,0.00463306,0.00379159,"ARIMA(1, 0, 0)",-0.00379159,-8.737e-05,0.00084147,0.0,2025-W31
adj_close.csv,ARIMA,XLK,0.00637471,0.01056103,0.00676944,0.00637471,0.01056103,0.00676944,"ARIMA(1, 0, 0)",0.00676944,0.00039473,-0.00379159,0.0,2025-W32
adj_close.csv,ARIMA,XLK,0.00055384,0.00693498,0.00016554,0.00055384,0.00693498,0.00016554,"ARIMA(1, 0, 0)",-0.00016554,-0.00071938,0.00676944,0.0,2025-W33
adj_close.csv,ARIMA,XLK,0.00250184,0.00231877,0.0024843,0.00250184,0.00231877,0.0024843,"ARIMA(1, 0, 0)",-0.0024843,1.754e-05,-0.00016554,0.0,2025-W34
adj_close.csv,ARIMA,XLK,0.00024025,0.00250714,2.283e-05,0.00024025,0.00250714,2.283e-05,"ARIMA(1, 0, 0)",2.283e-05,0.00026308,-0.0024843,0.0,2025-W35
adj_close.csv,ARIMA,XLK,0.00039265,0.0003674,0.00039024,0.00039265,0.0003674,0.00039024,"ARIMA(1, 0, 0)",0.00039024,-2.42e-06,2.283e-05,0.0,2025-W36
adj_close.csv,ARIMA,XLK,0.00605218,0.00562064,0.00601088,0.00605218,0.00562064,0.00601088,"ARIMA(1, 0, 0)",0.00601088,-4.13e-05,0.00039024,0.0,2025-W37
adj_close.csv,ARIMA,XLK,0.00648479,0.00016104,0.00584984,0.00648479,0.00016104,0.00584984,"ARIMA(1, 0, 0)",0.00584984,-0.00063495,0.00601088,0.0,2025-W38
adj_close.csv,ARIMA,XLK,0.00079719,0.00565036,0.00019948,0.00079719,0.00565036,0.00019948,"ARIMA(1, 0, 0)",0.00019948,-0.00059771,0.00584984,0.0,2025-W39
adj_close.csv,ARIMA,XLK,0.00419392,0.00397414,0.00417362,0.00419392,0.00397414,0.00417362,"ARIMA(1, 0, 0)",0.00417362,-2.03e-05,0.00019948,0.0,2025-W40
adj_close.csv,ARIMA,XLK,0.00407223,0.00867026,0.00449664,0.00407223,0.00867026,0.00449664,"ARIMA(1, 0, 0)",-0.00449664,-0.00042441,0.00417362,0.0,2025-W41
adj_close.csv,ARIMA,XLK,0.00423625,0.0091969,0.00470026,0.00423625,0.0091969,0.00470026,"ARIMA(1, 0, 0)",0.00470026,0.00046401,-0.00449664,0.0,2025-W42
adj_close.csv,ARIMA,XLK,0.00641808,0.00122491,0.00592517,0.00641808,0.00122491,0.00592517,"ARIMA(1, 0, 0)",0.00592517,-0.00049291,0.00470026,0.0,2025-W43
adj_close.csv,ARIMA,XLK,0.00538491,0.0011459,0.00477927,0.00538491,0.0011459,0.00477927,"ARIMA(1, 0, 0)",0.00477927,-0.00060564,0.00592517,0.0,2025-W44
adj_close.csv,ARIMA,XLK,0.008031,0.01328541,0.00850614,0.008031,0.01328541,0.00850614,"ARIMA(1, 0, 0)",-0.00850614,-0.00047513,0.00477927,0.0,2025-W45
adj_close.csv,ARIMA,XLK,0.00088116,0.0084992,6.94e-06,0.00088116,0.0084992,6.94e-06,"ARIMA(1, 0, 0)",-6.94e-06,0.00087423,-0.00850614,0.0,2025-W46
adj_close.csv,ARIMA,XLK,0.0106561,0.01064846,0.0106554,0.0106561,0.01064846,0.0106554,"ARIMA(1, 0, 0)",-0.0106554,7.1e-07,-6.94e-06,0.0,2025-W47
adj_close.csv,ARIMA,XLK,0.01055105,0.02229454,0.01163915,0.01055105,0.02229454,0.01163915,"ARIMA(1, 0, 0)",0.01163915,0.0010881,-0.0106554,0.0,2025-W48
adj_close.csv,ARIMA,XLK,0.00612012,0.00682031,0.00481884,0.00612012,0.00682031,0.00481884,"ARIMA(1, 0, 0)",0.00481884,-0.00130128,0.01163915,0.0,2025-W49
adj_close.csv,ARIMA,XLK,0.00350039,0.00882876,0.00400992,0.00350039,0.00882876,0.00400992,"ARIMA(1, 0, 0)",-0.00400992,-0.00050953,0.00481884,0.0,2025-W50
adj_close.csv,ARIMA,XLK,0.00083289,0.00527255,0.00126263,0.00083289,0.00527255,0.00126263,"ARIMA(1, 0, 0)",0.00126263,0.00042974,-0.00400992,0.0,2025-W51
adj_close.csv,ARIMA,XLK,0.00382929,0.00243098,0.00369361,0.00382929,0.00243098,0.00369361,"ARIMA(1, 0, 0)",0.00369361,-0.00013567,0.00126263,0.0,2025-W52
adj_close.csv,ARIMA,XLK,0.00343855,0.00752754,0.00383392,0.00343855,0.00752754,0.00383392,"ARIMA(1, 0, 0)",-0.00383392,-0.00039538,0.00369361,0.0,2026-W01
adj_close.csv,ARIMA,XLK,0.00213327,0.00638172,0.00254779,0.00213327,0.00638172,0.00254779,"ARIMA(1, 0, 0)",0.00254779,0.00041452,-0.00383392,0.0,2026-W02
adj_close.csv,ARIMA,XLK,0.00044937,0.00327439,0.0007266,0.00044937,0.00327439,0.0007266,"ARIMA(1, 0, 0)",-0.0007266,-0.00027723,0.00254779,0.0,2026-W03
adj_close.csv,ARIMA,XLK,0.00099069,0.00018496,0.00091156,0.00099069,0.00018496,0.00091156,"ARIMA(1, 0, 0)",-0.00091156,7.913e-05,-0.0007266,0.0,2026-W04
adj_close.csv,ARIMA,XLK,0.00177413,0.00076335,0.00167491,0.00177413,0.00076335,0.00167491,"ARIMA(1, 0, 0)",-0.00167491,9.922e-05,-0.00091156,0.0,2026-W05
adj_close.csv,ARIMA,XLK,0.00936347,0.01122046,0.00954555,0.00936347,0.01122046,0.00954555,"ARIMA(1, 0, 0)",0.00954555,0.00018208,-0.00167491,0.0,2026-W06
adj_close.csv,ARIMA,XLV,0.00279548,0.00334737,0.00280706,0.00279548,0.00334737,0.00280706,"ARIMA(0, 0, 1)",0.00280706,1.157e-05,-0.00054031,0.0,2024-W30
adj_close.csv,ARIMA,XLV,0.00128211,0.00161033,0.00119673,0.00128211,0.00161033,0.00119673,"ARIMA(0, 0, 1)",0.00119673,-8.538e-05,0.00280706,0.0,2024-W31
adj_close.csv,ARIMA,XLV,0.00113269,0.00236681,0.00117009,0.00113269,0.00236681,0.00117009,"ARIMA(0, 0, 1)",-0.00117009,-3.74e-05,0.00119673,0.0,2024-W32
adj_close.csv,ARIMA,XLV,0.00378351,0.00498726,0.00381717,0.00378351,0.00498726,0.00381717,"ARIMA(0, 0, 1)",0.00381717,3.366e-05,-0.00117009,0.0,2024-W33
adj_close.csv,ARIMA,XLV,0.00346422,0.00046987,0.0033473,0.00346422,0.00046987,0.0033473,"ARIMA(0, 0, 1)",0.0033473,-0.00011693,0.00381717,0.0,2024-W34
adj_close.csv,ARIMA,XLV,0.00233069,0.00110836,0.00223893,0.00233069,0.00110836,0.00223893,"ARIMA(0, 0, 1)",0.00223893,-9.175e-05,0.0033473,0.0,2024-W35
adj_close.csv,ARIMA,XLV,0.00516709,0.00746169,0.00522276,0.00516709,0.00746169,0.00522276,"ARIMA(0, 0, 1)",-0.00522276,-5.566e-05,0.00223893,0.0,2024-W36
adj_close.csv,ARIMA,XLV,0.00270457,0.00807341,0.00285065,0.00270457,0.00807341,0.00285065,"ARIMA(0, 0, 1)",0.00285065,0.00014608,-0.00522276,0.0,2024-W37
adj_close.csv,ARIMA,XLV,0.00104273,0.00398089,0.00113024,0.00104273,0.00398089,0.00113024,"ARIMA(0, 0, 1)",-0.00113024,-8.751e-05,0.00285065,0.0,2024-W38
adj_close.csv,ARIMA,XLV,0.00222257,0.00105746,0.0021877,0.00222257,0.00105746,0.0021877,"ARIMA(0, 0, 1)",-0.0021877,3.487e-05,-0.00113024,0.0,2024-W39
adj_close.csv,ARIMA,XLV,0.00188433,0.00037583,0.00181187,0.00188433,0.00037583,0.00181187,"ARIMA(0, 0, 1)",-0.00181187,7.246e-05,-0.0021877,0.0,2024-W40
adj_close.csv,ARIMA,XLV,0.00288678,0.00475764,0.00294577,0.00288678,0.00475764,0.00294577,"ARIMA(0, 0, 1)",0.00294577,5.899e-05,-0.00181187,0.0,2024-W41
adj_close.csv,ARIMA,XLV,0.00089447,0.00393592,0.00099015,0.00089447,0.00393592,0.00099015,"ARIMA(0, 0, 1)",-0.00099015,-9.568e-05,0.00294577,0.0,2024-W42
adj_close.csv,ARIMA,XLV,0.00604962,0.00502916,0.00601931,0.00604962,0.00502916,0.00601931,"ARIMA(0, 0, 1)",-0.00601931,3.031e-05,-0.00099015,0.0,2024-W43
adj_close.csv,ARIMA,XLV,0.00134187,0.00487195,0.00114735,0.00134187,0.00487195,0.00114735,"ARIMA(0, 0, 1)",-0.00114735,0.00019452,-0.00601931,0.0,2024-W44
adj_close.csv,ARIMA,XLV,0.00323676,0.00442346,0.00327611,0.00323676,0.00442346,0.00327611,"ARIMA(0, 0, 1)",0.00327611,3.935e-05,-0.00114735,0.0,2024-W45
adj_close.csv,ARIMA,XLV,0.01132613,0.01470312,0.01142701,0.01132613,0.01470312,0.01142701,"ARIMA(0, 0, 1)",-0.01142701,-0.00010088,0.00327611,0.0,2024-W46
adj_close.csv,ARIMA,XLV,0.00277712,0.01467186,0.00324485,0.00277712,0.01467186,0.00324485,"ARIMA(0, 0, 1)",0.00324485,0.00046773,-0.01142701,0.0,2024-W47
adj_close.csv,ARIMA,XLV,0.00570967,0.00232866,0.00557351,0.00570967,0.00232866,0.00557351,"ARIMA(0, 0, 1)",0.00557351,-0.00013617,0.00324485,0.0,2024-W48
adj_close.csv,ARIMA,XLV,0.00403028,0.00986589,0.00429238,0.00403028,0.00986589,0.00429238,"ARIMA(0, 0, 1)",-0.00429238,-0.00026211,0.00557351,0.0,2024-W49
adj_close.csv,ARIMA,XLV,0.00482116,0.00032101,0.00461339,0.00482116,0.00032101,0.00461339,"ARIMA(0, 0, 1)",-0.00461339,0.00020778,-0.00429238,0.0,2024-W50
adj_close.csv,ARIMA,XLV,0.00451001,0.00032632,0.00428706,0.00451001,0.00032632,0.00428706,"ARIMA(0, 0, 1)",-0.00428706,0.00022294,-0.00461339,0.0,2024-W51
adj_close.csv,ARIMA,XLV,0.00266314,0.00713152,0.00284445,0.00266314,0.00713152,0.00284445,"ARIMA(0, 0, 1)",0.00284445,0.00018131,-0.00428706,0.0,2024-W52
adj_close.csv,ARIMA,XLV,0.00013516,0.00282641,1.805e-05,0.00013516,0.00282641,1.805e-05,"ARIMA(0, 0, 1)",1.805e-05,-0.00011711,0.00284445,0.0,2025-W01
adj_close.csv,ARIMA,XLV,0.00122633,0.00120231,0.00122036,0.00122633,0.00120231,0.00122036,"ARIMA(0, 0, 1)",0.00122036,-5.97e-06,1.805e-05,0.0,2025-W02
adj_close.csv,ARIMA,XLV,0.00082625,0.0004484,0.00077195,0.00082625,0.0004484,0.00077195,"ARIMA(0, 0, 1)",0.00077195,-5.43e-05,0.00122036,0.0,2025-W03
adj_close.csv,ARIMA,XLV,0.00729534,0.00648712,0.00725908,0.00729534,0.00648712,0.00725908,"ARIMA(0, 0, 1)",0.00725908,-3.627e-05,0.00077195,0.0,2025-W04
adj_close.csv,ARIMA,XLV,0.00382386,0.00374227,0.00351681,0.00382386,0.00374227,0.00351681,"ARIMA(0, 0, 1)",0.00351681,-0.00030705,0.00725908,0.0,2025-W05
adj_close.csv,ARIMA,XLV,0.00047314,0.00411687,0.00060006,0.00047314,0.00411687,0.00060006,"ARIMA(0, 0, 1)",-0.00060006,-0.00012692,0.00351681,0.0,2025-W06
adj_close.csv,ARIMA,XLV,0.0022549,0.00163872,0.00223878,0.0022549,0.00163872,0.00223878,"ARIMA(0, 0, 1)",-0.00223878,1.612e-05,-0.00060006,0.0,2025-W07
adj_close.csv,ARIMA,XLV,0.00272122,0.00503725,0.00279847,0.00272122,0.00503725,0.00279847,"ARIMA(0, 0, 1)",0.00279847,7.725e-05,-0.00223878,0.0,2025-W08
adj_close.csv,ARIMA,XLV,0.00348324,0.00058731,0.00338578,0.00348324,0.00058731,0.00338578,"ARIMA(0, 0, 1)",0.00338578,-9.747e-05,0.00279847,0.0,2025-W09
adj_close.csv,ARIMA,XLV,0.00058465,0.00291631,0.00046947,0.00058465,0.00291631,0.00046947,"ARIMA(0, 0, 1)",0.00046947,-0.00011518,0.00338578,0.0,2025-W10
adj_close.csv,ARIMA,XLV,0.00589559,0.00638402,0.00591455,0.00589559,0.00638402,0.00591455,"ARIMA(0, 0, 1)",-0.00591455,-1.896e-05,0.00046947,0.0,2025-W11
adj_close.csv,ARIMA,XLV,0.00209121,0.00820595,0.0022914,0.00209121,0.00820595,0.0022914,"ARIMA(0, 0, 1)",0.0022914,0.00020019,-0.00591455,0.0,2025-W12
adj_close.csv,ARIMA,XLV,0.0020082,0.00437709,0.0020857,0.0020082,0.00437709,0.0020857,"ARIMA(0, 0, 1)",-0.0020857,-7.75e-05,0.0022914,0.0,2025-W13
adj_close.csv,ARIMA,XLV,0.01329181,0.01112857,0.01321426,0.01329181,0.01112857,0.01321426,"ARIMA(0, 0, 1)",-0.01321426,7.755e-05,-0.0020857,0.0,2025-W14
adj_close.csv,ARIMA,XLV,0.00195226,0.01555125,0.00233699,0.00195226,0.01555125,0.00233699,"ARIMA(0, 0, 1)",0.00233699,0.00038473,-0.01321426,0.0,2025-W15
adj_close.csv,ARIMA,XLV,0.00246644,0.00487041,0.00253343,0.00246644,0.00487041,0.00253343,"ARIMA(0, 0, 1)",-0.00253343,-6.699e-05,0.00233699,0.0,2025-W16
adj_close.csv,ARIMA,XLV,0.00365132,0.00627704,0.00374362,0.00365132,0.00627704,0.00374362,"ARIMA(0, 0, 1)",0.00374362,9.23e-05,-0.00253343,0.0,2025-W17
adj_close.csv,ARIMA,XLV,0.00084314,0.00304943,0.00069419,0.00084314,0.00304943,0.00069419,"ARIMA(0, 0, 1)",0.00069419,-0.00014895,0.00374362,0.0,2025-W18
adj_close.csv,ARIMA,XLV,0.00859576,0.00932357,0.00862937,0.00859576,0.00932357,0.00862937,"ARIMA(0, 0, 1)",-0.00862937,-3.361e-05,0.00069419,0.0,2025-W19
adj_close.csv,ARIMA,XLV,0.00026051,0.00924646,0.00061709,0.00026051,0.00924646,0.00061709,"ARIMA(0, 0, 1)",0.00061709,0.00035658,-0.00862937,0.0,2025-W20
adj_close.csv,ARIMA,XLV,0.00416509,0.00479292,0.00417583,0.00416509,0.00479292,0.00417583,"ARIMA(0, 0, 1)",-0.00417583,-1.075e-05,0.00061709,0.0,2025-W21
adj_close.csv,ARIMA,XLV,0.00419581,0.00854892,0.00437308,0.00419581,0.00854892,0.00437308,"ARIMA(0, 0, 1)",0.00437308,0.00017727,-0.00417583,0.0,2025-W22
adj_close.csv,ARIMA,XLV,0.00280641,0.00176648,0.0026066,0.00280641,0.00176648,0.0026066,"ARIMA(0, 0, 1)",0.0026066,-0.0001998,0.00437308,0.0,2025-W23
adj_close.csv,ARIMA,XLV,0.00271271,1.888e-05,0.00258773,0.00271271,1.888e-05,0.00258773,"ARIMA(0, 0, 1)",0.00258773,-0.00012499,0.0026066,0.0,2025-W24
adj_close.csv,ARIMA,XLV,0.0064521,0.00915604,0.00656831,0.0064521,0.00915604,0.00656831,"ARIMA(0, 0, 1)",-0.00656831,-0.00011621,0.00258773,0.0,2025-W25
adj_close.csv,ARIMA,XLV,0.00263898,0.00951685,0.00294854,0.00263898,0.00951685,0.00294854,"ARIMA(0, 0, 1)",0.00294854,0.00030956,-0.00656831,0.0,2025-W26
adj_close.csv,ARIMA,XLV,0.00305055,3.497e-05,0.00291357,0.00305055,3.497e-05,0.00291357,"ARIMA(0, 0, 1)",0.00291357,-0.00013698,0.00294854,0.0,2025-W27
adj_close.csv,ARIMA,XLV,0.00030508,0.00337166,0.00045809,0.00030508,0.00337166,0.00045809,"ARIMA(0, 0, 1)",-0.00045809,-0.00015301,0.00291357,0.0,2025-W28
adj_close.csv,ARIMA,XLV,0.00503377,0.00456033,0.00501842,0.00503377,0.00456033,0.00501842,"ARIMA(0, 0, 1)",-0.00501842,1.536e-05,-0.00045809,0.0,2025-W29
adj_close.csv,ARIMA,XLV,0.00666433,0.01193622,0.0069178,0.00666433,0.01193622,0.0069178,"ARIMA(0, 0, 1)",0.0069178,0.00025347,-0.00501842,0.0,2025-W30
adj_close.csv,ARIMA,XLV,0.00760853,0.01491554,0.00799774,0.00760853,0.01491554,0.00799774,"ARIMA(0, 0, 1)",-0.00799774,-0.00038922,0.0069178,0.0,2025-W31
adj_close.csv,ARIMA,XLV,0.00202471,0.00651278,0.00148497,0.00202471,0.00651278,0.00148497,"ARIMA(0, 0, 1)",-0.00148497,0.00053974,-0.00799774,0.0,2025-W32
adj_close.csv,ARIMA,XLV,0.00895157,0.01057163,0.00908667,0.00895157,0.01057163,0.00908667,"ARIMA(0, 0, 1)",0.00908667,0.00013509,-0.00148497,0.0,2025-W33
adj_close.csv,ARIMA,XLV,0.0034916,0.00622928,0.00285739,0.0034916,0.00622928,0.00285739,"ARIMA(0, 0, 1)",0.00285739,-0.00063421,0.00908667,0.0,2025-W34
adj_close.csv,ARIMA,XLV,0.00085564,0.00393141,0.00107402,0.00085564,0.00393141,0.00107402,"ARIMA(0, 0, 1)",-0.00107402,-0.00021838,0.00285739,0.0,2025-W35
adj_close.csv,ARIMA,XLV,0.0007986,0.00192752,0.0008535,0.0007986,0.00192752,0.0008535,"ARIMA(0, 0, 1)",0.0008535,5.49e-05,-0.00107402,0.0,2025-W36
adj_close.csv,ARIMA,XLV,0.00035579,0.00054914,0.00030436,0.00035579,0.00054914,0.00030436,"ARIMA(0, 0, 1)",0.00030436,-5.142e-05,0.0008535,0.0,2025-W37
adj_close.csv,ARIMA,XLV,0.00116813,0.00149536,0.001191,0.00116813,0.00149536,0.001191,"ARIMA(0, 0, 1)",-0.001191,-2.287e-05,0.00030436,0.0,2025-W38
adj_close.csv,ARIMA,XLV,0.00178741,0.00052122,0.00171221,0.00178741,0.00052122,0.00171221,"ARIMA(0, 0, 1)",-0.00171221,7.519e-05,-0.001191,0.0,2025-W39
adj_close.csv,ARIMA,XLV,0.01318986,0.01501621,0.013304,0.01318986,0.01501621,0.013304,"ARIMA(0, 0, 1)",0.013304,0.00011414,-0.00171221,0.0,2025-W40
adj_close.csv,ARIMA,XLV,0.00285932,0.01708205,0.00377805,0.00285932,0.01708205,0.00377805,"ARIMA(0, 0, 1)",-0.00377805,-0.00091873,0.013304,0.0,2025-W41
adj_close.csv,ARIMA,XLV,0.00140984,0.00540397,0.00162592,0.00140984,0.00540397,0.00162592,"ARIMA(0, 0, 1)",0.00162592,0.00021608,-0.00377805,0.0,2025-W42
adj_close.csv,ARIMA,XLV,0.00392884,0.00219029,0.00381622,0.00392884,0.00219029,0.00381622,"ARIMA(0, 0, 1)",0.00381622,-0.00011262,0.00162592,0.0,2025-W43
adj_close.csv,ARIMA,XLV,0.00214831,0.00626904,0.00245283,0.00214831,0.00626904,0.00245283,"ARIMA(0, 0, 1)",-0.00245283,-0.00030451,0.00381622,0.0,2025-W44
adj_close.csv,ARIMA,XLV,0.00243337,0.00505624,0.00260341,0.00243337,0.00505624,0.00260341,"ARIMA(0, 0, 1)",0.00260341,0.00017004,-0.00245283,0.0,2025-W45
adj_close.csv,ARIMA,XLV,0.00783542,0.00503587,0.00763929,0.00783542,0.00503587,0.00763929,"ARIMA(0, 0, 1)",0.00763929,-0.00019613,0.00260341,0.0,2025-W46
adj_close.csv,ARIMA,XLV,0.0042188,0.00401041,0.00362888,0.0042188,0.00401041,0.00362888,"ARIMA(0, 0, 1)",0.00362888,-0.00058992,0.00763929,0.0,2025-W47
adj_close.csv,ARIMA,XLV,0.00515008,0.001239,0.00486788,0.00515008,0.001239,0.00486788,"ARIMA(0, 0, 1)",0.00486788,-0.00028221,0.00362888,0.0,2025-W48
adj_close.csv,ARIMA,XLV,0.00532627,0.01051619,0.00564831,0.00532627,0.01051619,0.00564831,"ARIMA(0, 0, 1)",-0.00564831,-0.00032204,0.00486788,0.0,2025-W49
adj_close.csv,ARIMA,XLV,0.00067259,0.00668958,0.00104127,0.00067259,0.00668958,0.00104127,"ARIMA(0, 0, 1)",0.00104127,0.00036868,-0.00564831,0.0,2025-W50
adj_close.csv,ARIMA,XLV,0.00118633,9.789e-05,0.00113916,0.00118633,9.789e-05,0.00113916,"ARIMA(0, 0, 1)",0.00113916,-4.717e-05,0.00104127,0.0,2025-W51
adj_close.csv,ARIMA,XLV,0.00293033,0.00170781,0.00284697,0.00293033,0.00170781,0.00284697,"ARIMA(0, 0, 1)",0.00284697,-8.336e-05,0.00113916,0.0,2025-W52
adj_close.csv,ARIMA,XLV,0.00066219,0.00371359,0.00086662,0.00066219,0.00371359,0.00086662,"ARIMA(0, 0, 1)",-0.00086662,-0.00020443,0.00284697,0.0,2026-W01
adj_close.csv,ARIMA,XLV,0.00225526,0.00316829,0.00230167,0.00225526,0.00316829,0.00230167,"ARIMA(0, 0, 1)",0.00230167,4.641e-05,-0.00086662,0.0,2026-W02
adj_close.csv,ARIMA,XLV,0.00184695,0.00430775,0.00200608,0.00184695,0.00430775,0.00200608,"ARIMA(0, 0, 1)",-0.00200608,-0.00015912,0.00230167,0.0,2026-W03
adj_close.csv,ARIMA,XLV,0.00264552,0.00478369,0.00277761,0.00264552,0.00478369,0.00277761,"ARIMA(0, 0, 1)",0.00277761,0.0001321,-0.00200608,0.0,2026-W04
adj_close.csv,ARIMA,XLV,0.00331797,0.00628804,0.00351042,0.00331797,0.00628804,0.00351042,"ARIMA(0, 0, 1)",-0.00351042,-0.00019246,0.00277761,0.0,2026-W05
adj_close.csv,ARIMA,XLV,0.00587222,0.00963096,0.00612054,0.00587222,0.00963096,0.00612054,"ARIMA(0, 0, 1)",0.00612054,0.00024832,-0.00351042,0.0,2026-W06
adj_close.csv,ARIMA,XLY,0.00601364,0.00173467,0.00561562,0.00601364,0.00173467,0.00561562,"ARIMA(1, 0, 0)",-0.00561562,0.00039802,-0.00388095,0.0,2024-W30
adj_close.csv,ARIMA,XLY,0.00775287,0.00157638,0.00719201,0.00775287,0.00157638,0.00719201,"ARIMA(1, 0, 0)",-0.00719201,0.00056086,-0.00561562,0.0,2024-W31
adj_close.csv,ARIMA,XLY,0.00275953,0.00511495,0.00207706,0.00275953,0.00511495,0.00207706,"ARIMA(1, 0, 0)",-0.00207706,0.00068247,-0.00719201,0.0,2024-W32
adj_close.csv,ARIMA,XLY,0.00964536,0.01191483,0.00983777,0.00964536,0.01191483,0.00983777,"ARIMA(1, 0, 0)",0.00983777,0.00019241,-0.00207706,0.0,2024-W33
adj_close.csv,ARIMA,XLY,0.00604453,0.00472697,0.0051108,0.00604453,0.00472697,0.0051108,"ARIMA(1, 0, 0)",0.0051108,-0.00093374,0.00983777,0.0,2024-W34
adj_close.csv,ARIMA,XLY,0.00034912,0.00591082,0.00080002,0.00034912,0.00591082,0.00080002,"ARIMA(1, 0, 0)",-0.00080002,-0.0004509,0.0051108,0.0,2024-W35
adj_close.csv,ARIMA,XLY,0.00645777,0.00558701,0.00638703,0.00645777,0.00558701,0.00638703,"ARIMA(1, 0, 0)",-0.00638703,7.074e-05,-0.00080002,0.0,2024-W36
adj_close.csv,ARIMA,XLY,0.01019694,0.01714504,0.01075801,0.01019694,0.01714504,0.01075801,"ARIMA(1, 0, 0)",0.01075801,0.00056107,-0.00638703,0.0,2024-W37
adj_close.csv,ARIMA,XLY,0.00535063,0.00643064,0.00432737,0.00535063,0.00643064,0.00432737,"ARIMA(1, 0, 0)",0.00432737,-0.00102326,0.01075801,0.0,2024-W38
adj_close.csv,ARIMA,XLY,0.00497233,0.00026081,0.00458818,0.00497233,0.00026081,0.00458818,"ARIMA(1, 0, 0)",0.00458818,-0.00038415,0.00432737,0.0,2024-W39
adj_close.csv,ARIMA,XLY,0.00228023,0.00726486,0.00267668,0.00228023,0.00726486,0.00267668,"ARIMA(1, 0, 0)",-0.00267668,-0.00039645,0.00458818,0.0,2024-W40
adj_close.csv,ARIMA,XLY,0.00184551,0.00106552,0.00161115,0.00184551,0.00106552,0.00161115,"ARIMA(1, 0, 0)",-0.00161115,0.00023435,-0.00267668,0.0,2024-W41
adj_close.csv,ARIMA,XLY,0.00281878,0.00457013,0.00295897,0.00281878,0.00457013,0.00295897,"ARIMA(1, 0, 0)",0.00295897,0.00014019,-0.00161115,0.0,2024-W42
adj_close.csv,ARIMA,XLY,0.00155792,0.00166,0.00129898,0.00155792,0.00166,0.00129898,"ARIMA(1, 0, 0)",0.00129898,-0.00025894,0.00295897,0.0,2024-W43
adj_close.csv,ARIMA,XLY,0.00060539,0.00201738,0.0007184,0.00060539,0.00201738,0.0007184,"ARIMA(1, 0, 0)",-0.0007184,-0.00011302,0.00129898,0.0,2024-W44
adj_close.csv,ARIMA,XLY,0.0144232,0.01520417,0.01448577,0.0144232,0.01520417,0.01448577,"ARIMA(1, 0, 0)",0.01448577,6.257e-05,-0.0007184,0.0,2024-W45
adj_close.csv,ARIMA,XLY,0.00029001,0.0160538,0.00156803,0.00029001,0.0160538,0.00156803,"ARIMA(1, 0, 0)",-0.00156803,-0.00127802,0.01448577,0.0,2024-W46
adj_close.csv,ARIMA,XLY,0.00418052,0.00588759,0.00431956,0.00418052,0.00588759,0.00431956,"ARIMA(1, 0, 0)",0.00431956,0.00013905,-0.00156803,0.0,2024-W47
adj_close.csv,ARIMA,XLY,0.0051546,0.00044898,0.00476854,0.0051546,0.00044898,0.00476854,"ARIMA(1, 0, 0)",0.00476854,-0.00038607,0.00431956,0.0,2024-W48
adj_close.csv,ARIMA,XLY,0.00964524,0.00446184,0.00923038,0.00964524,0.00446184,0.00923038,"ARIMA(1, 0, 0)",0.00923038,-0.00041486,0.00476854,0.0,2024-W49
adj_close.csv,ARIMA,XLY,0.00305559,0.00693261,0.00229777,0.00305559,0.00693261,0.00229777,"ARIMA(1, 0, 0)",0.00229777,-0.00075781,0.00923038,0.0,2024-W50
adj_close.csv,ARIMA,XLY,0.00548612,0.0079657,0.00566793,0.00548612,0.0079657,0.00566793,"ARIMA(1, 0, 0)",-0.00566793,-0.00018181,0.00229777,0.0,2024-W51
adj_close.csv,ARIMA,XLY,0.00092217,0.0070461,0.00137817,0.00092217,0.0070461,0.00137817,"ARIMA(1, 0, 0)",0.00137817,0.000456,-0.00566793,0.0,2024-W52
adj_close.csv,ARIMA,XLY,0.00412445,0.00561426,0.00423609,0.00412445,0.00561426,0.00423609,"ARIMA(1, 0, 0)",-0.00423609,-0.00011164,0.00137817,0.0,2025-W01
adj_close.csv,ARIMA,XLY,0.00600967,0.00142792,0.005664,0.00600967,0.00142792,0.005664,"ARIMA(1, 0, 0)",-0.005664,0.00034566,-0.00423609,0.0,2025-W02
adj_close.csv,ARIMA,XLY,0.00701983,0.01313088,0.00746688,0.00701983,0.01313088,0.00746688,"ARIMA(1, 0, 0)",0.00746688,0.00044705,-0.005664,0.0,2025-W03
adj_close.csv,ARIMA,XLY,0.00148051,0.00660677,0.00086011,0.00148051,0.00660677,0.00086011,"ARIMA(1, 0, 0)",0.00086011,-0.0006204,0.00746688,0.0,2025-W04
adj_close.csv,ARIMA,XLY,0.0019399,0.00100931,0.00186942,0.0019399,0.00100931,0.00186942,"ARIMA(1, 0, 0)",0.00186942,-7.048e-05,0.00086011,0.0,2025-W05
adj_close.csv,ARIMA,XLY,0.00560615,0.00762843,0.005759,0.00560615,0.00762843,0.005759,"ARIMA(1, 0, 0)",-0.005759,-0.00015285,0.00186942,0.0,2025-W06
adj_close.csv,ARIMA,XLY,0.0007779,0.00701405,0.00125505,0.0007779,0.00701405,0.00125505,"ARIMA(1, 0, 0)",0.00125505,0.00047715,-0.005759,0.0,2025-W07
adj_close.csv,ARIMA,XLY,0.00956234,0.01092196,0.00966691,0.00956234,0.01092196,0.00966691,"ARIMA(1, 0, 0)",-0.00966691,-0.00010457,0.00125505,0.0,2025-W08
adj_close.csv,ARIMA,XLY,0.00305529,0.00742905,0.00223786,0.00305529,0.00742905,0.00223786,"ARIMA(1, 0, 0)",-0.00223786,0.00081743,-0.00966691,0.0,2025-W09
adj_close.csv,ARIMA,XLY,0.00994649,0.00752618,0.00976404,0.00994649,0.00752618,0.00976404,"ARIMA(1, 0, 0)",-0.00976404,0.00018245,-0.00223786,0.0,2025-W10
adj_close.csv,ARIMA,XLY,0.00969244,0.00084539,0.00891865,0.00969244,0.00084539,0.00891865,"ARIMA(1, 0, 0)",-0.00891865,0.00077379,-0.00976404,0.0,2025-W11
adj_close.csv,ARIMA,XLY,0.00014003,0.00967979,0.00076114,0.00014003,0.00967979,0.00076114,"ARIMA(1, 0, 0)",0.00076114,0.00062112,-0.00891865,0.0,2025-W12
adj_close.csv,ARIMA,XLY,0.00018711,0.00062713,0.00013401,0.00018711,0.00062713,0.00013401,"ARIMA(1, 0, 0)",0.00013401,-5.31e-05,0.00076114,0.0,2025-W13
adj_close.csv,ARIMA,XLY,0.01500442,0.01514777,0.01501376,0.01500442,0.01514777,0.01501376,"ARIMA(1, 0, 0)",-0.01501376,-9.35e-06,0.00013401,0.0,2025-W14
adj_close.csv,ARIMA,XLY,0.00639198,0.02245605,0.00744228,0.00639198,0.02245605,0.00744228,"ARIMA(1, 0, 0)",0.00744228,0.00105031,-0.01501376,0.0,2025-W15
adj_close.csv,ARIMA,XLY,0.00516747,0.0132007,0.00575842,0.00516747,0.0132007,0.00575842,"ARIMA(1, 0, 0)",-0.00575842,-0.00059095,0.00744228,0.0,2025-W16
adj_close.csv,ARIMA,XLY,0.0122669,0.01850425,0.01274583,0.0122669,0.01850425,0.01274583,"ARIMA(1, 0, 0)",0.01274583,0.00047893,-0.00575842,0.0,2025-W17
adj_close.csv,ARIMA,XLY,0.00498739,0.0089064,0.00383943,0.00498739,0.0089064,0.00383943,"ARIMA(1, 0, 0)",0.00383943,-0.00114796,0.01274583,0.0,2025-W18
adj_close.csv,ARIMA,XLY,0.00129304,0.00286874,0.00097069,0.00129304,0.00286874,0.00097069,"ARIMA(1, 0, 0)",0.00097069,-0.00032235,0.00383943,0.0,2025-W19
adj_close.csv,ARIMA,XLY,0.01461799,0.01356627,0.01453696,0.01461799,0.01356627,0.01453696,"ARIMA(1, 0, 0)",0.01453696,-8.103e-05,0.00097069,0.0,2025-W20
adj_close.csv,ARIMA,XLY,0.00536268,0.02109341,0.00655645,0.00536268,0.02109341,0.00655645,"ARIMA(1, 0, 0)",-0.00655645,-0.00119377,0.01453696,0.0,2025-W21
adj_close.csv,ARIMA,XLY,0.00312429,0.01026722,0.00371077,0.00312429,0.01026722,0.00371077,"ARIMA(1, 0, 0)",0.00371077,0.00058648,-0.00655645,0.0,2025-W22
adj_close.csv,ARIMA,XLY,0.0011916,0.00524142,0.00153065,0.0011916,0.00524142,0.00153065,"ARIMA(1, 0, 0)",-0.00153065,-0.00033905,0.00371077,0.0,2025-W23
adj_close.csv,ARIMA,XLY,0.00054622,0.00112491,0.00040574,0.00054622,0.00112491,0.00040574,"ARIMA(1, 0, 0)",-0.00040574,0.00014049,-0.00153065,0.0,2025-W24
adj_close.csv,ARIMA,XLY,0.00129189,0.00084894,0.00125468,0.00129189,0.00084894,0.00125468,"ARIMA(1, 0, 0)",-0.00125468,3.721e-05,-0.00040574,0.0,2025-W25
adj_close.csv,ARIMA,XLY,0.00768128,0.00905096,0.00779628,0.00768128,0.00905096,0.00779628,"ARIMA(1, 0, 0)",0.00779628,0.000115,-0.00125468,0.0,2025-W26
adj_close.csv,ARIMA,XLY,0.00370026,0.00481762,0.00297866,0.00370026,0.00481762,0.00297866,"ARIMA(1, 0, 0)",0.00297866,-0.00072159,0.00779628,0.0,2025-W27
adj_close.csv,ARIMA,XLY,0.00046651,0.00277986,0.00019881,0.00046651,0.00277986,0.00019881,"ARIMA(1, 0, 0)",0.00019881,-0.0002677,0.00297866,0.0,2025-W28
adj_close.csv,ARIMA,XLY,0.00068512,0.00046847,0.00066728,0.00068512,0.00046847,0.00066728,"ARIMA(1, 0, 0)",0.00066728,-1.784e-05,0.00019881,0.0,2025-W29
adj_close.csv,ARIMA,XLY,0.00247578,0.00174863,0.0024159,0.00247578,0.00174863,0.0024159,"ARIMA(1, 0, 0)",0.0024159,-5.988e-05,0.00066728,0.0,2025-W30
adj_close.csv,ARIMA,XLY,0.00774908,0.0103814,0.0079655,0.00774908,0.0103814,0.0079655,"ARIMA(1, 0, 0)",-0.0079655,-0.00021641,0.0024159,0.0,2025-W31
adj_close.csv,ARIMA,XLY,0.00626631,0.01495919,0.0069937,0.00626631,0.01495919,0.0069937,"ARIMA(1, 0, 0)",0.0069937,0.00072739,-0.0079655,0.0,2025-W32
adj_close.csv,ARIMA,XLY,0.00531751,0.00234705,0.00464665,0.00531751,0.00234705,0.00464665,"ARIMA(1, 0, 0)",0.00464665,-0.00067086,0.0069937,0.0,2025-W33
adj_close.csv,ARIMA,XLY,0.00394403,0.00113246,0.00351419,0.00394403,0.00113246,0.00351419,"ARIMA(1, 0, 0)",0.00351419,-0.00042985,0.00464665,0.0,2025-W34
adj_close.csv,ARIMA,XLY,0.00085113,0.0046845,0.00117031,0.00085113,0.0046845,0.00117031,"ARIMA(1, 0, 0)",-0.00117031,-0.00031918,0.00351419,0.0,2025-W35
adj_close.csv,ARIMA,XLY,0.00350274,0.00477966,0.00360935,0.00350274,0.00477966,0.00360935,"ARIMA(1, 0, 0)",0.00360935,0.00010662,-0.00117031,0.0,2025-W36
adj_close.csv,ARIMA,XLY,0.00330233,0.00063719,0.00297216,0.00330233,0.00063719,0.00297216,"ARIMA(1, 0, 0)",0.00297216,-0.00033017,0.00360935,0.0,2025-W37
adj_close.csv,ARIMA,XLY,0.00256857,0.00067223,0.00229993,0.00256857,0.00067223,0.00229993,"ARIMA(1, 0, 0)",0.00229993,-0.00026864,0.00297216,0.0,2025-W38
adj_close.csv,ARIMA,XLY,0.00083808,0.00334429,0.00104435,0.00083808,0.00334429,0.00104435,"ARIMA(1, 0, 0)",-0.00104435,-0.00020628,0.00229993,0.0,2025-W39
adj_close.csv,ARIMA,XLY,0.00164338,0.00050518,0.00154953,0.00164338,0.00050518,0.00154953,"ARIMA(1, 0, 0)",-0.00154953,9.385e-05,-0.00104435,0.0,2025-W40
adj_close.csv,ARIMA,XLY,0.00794952,0.00626098,0.00781051,0.00794952,0.00626098,0.00781051,"ARIMA(1, 0, 0)",-0.00781051,0.000139,-0.00154953,0.0,2025-W41
adj_close.csv,ARIMA,XLY,0.00420506,0.01270744,0.00489693,0.00420506,0.01270744,0.00489693,"ARIMA(1, 0, 0)",0.00489693,0.00069187,-0.00781051,0.0,2025-W42
adj_close.csv,ARIMA,XLY,0.00319373,0.00215159,0.00274534,0.00319373,0.00215159,0.00274534,"ARIMA(1, 0, 0)",0.00274534,-0.00044839,0.00489693,0.0,2025-W43
adj_close.csv,ARIMA,XLY,0.00214871,0.00084412,0.00190122,0.00214871,0.00084412,0.00190122,"ARIMA(1, 0, 0)",0.00190122,-0.00024749,0.00274534,0.0,2025-W44
adj_close.csv,ARIMA,XLY,0.00325137,0.00532297,0.00342175,0.00325137,0.00532297,0.00342175,"ARIMA(1, 0, 0)",-0.00342175,-0.00017037,0.00190122,0.0,2025-W45
adj_close.csv,ARIMA,XLY,0.00456795,0.00083766,0.0042594,0.00456795,0.00083766,0.0042594,"ARIMA(1, 0, 0)",-0.0042594,0.00030855,-0.00342175,0.0,2025-W46
adj_close.csv,ARIMA,XLY,0.00510232,0.00046485,0.00472426,0.00510232,0.00046485,0.00472426,"ARIMA(1, 0, 0)",-0.00472426,0.00037806,-0.0042594,0.0,2025-W47
adj_close.csv,ARIMA,XLY,0.01145469,0.016589,0.01186474,0.01145469,0.016589,0.01186474,"ARIMA(1, 0, 0)",0.01186474,0.00041005,-0.00472426,0.0,2025-W48
adj_close.csv,ARIMA,XLY,0.00360914,0.00934328,0.00252146,0.00360914,0.00934328,0.00252146,"ARIMA(1, 0, 0)",0.00252146,-0.00108768,0.01186474,0.0,2025-W49
adj_close.csv,ARIMA,XLY,0.00183531,0.0009077,0.00161377,0.00183531,0.0009077,0.00161377,"ARIMA(1, 0, 0)",0.00161377,-0.00022154,0.00252146,0.0,2025-W50
adj_close.csv,ARIMA,XLY,0.00203766,0.00028277,0.00189653,0.00203766,0.00028277,0.00189653,"ARIMA(1, 0, 0)",0.00189653,-0.00014113,0.00161377,0.0,2025-W51
adj_close.csv,ARIMA,XLY,0.00107027,0.00099156,0.00090497,0.00107027,0.00099156,0.00090497,"ARIMA(1, 0, 0)",0.00090497,-0.0001653,0.00189653,0.0,2025-W52
adj_close.csv,ARIMA,XLY,0.00761741,0.0086011,0.00769612,0.00761741,0.0086011,0.00769612,"ARIMA(1, 0, 0)",-0.00769612,-7.871e-05,0.00090497,0.0,2026-W01
adj_close.csv,ARIMA,XLY,0.00931314,0.01768338,0.00998725,0.00931314,0.01768338,0.00998725,"ARIMA(1, 0, 0)",0.00998725,0.00067412,-0.00769612,0.0,2026-W02
adj_close.csv,ARIMA,XLY,0.00248302,0.01340836,0.0034211,0.00248302,0.01340836,0.0034211,"ARIMA(1, 0, 0)",-0.0034211,-0.00093808,0.00998725,0.0,2026-W03
adj_close.csv,ARIMA,XLY,0.00136213,0.00511201,0.0016909,0.00136213,0.00511201,0.0016909,"ARIMA(1, 0, 0)",0.0016909,0.00032877,-0.0034211,0.0,2026-W04
adj_close.csv,ARIMA,XLY,0.00304605,0.00490014,0.00320924,0.00304605,0.00490014,0.00320924,"ARIMA(1, 0, 0)",-0.00320924,-0.00016319,0.0016909,0.0,2026-W05
adj_close.csv,ARIMA,XLY,0.00626945,0.00978986,0.00658062,0.00626945,0.00978986,0.00658062,"ARIMA(1, 0, 0)",0.00658062,0.00031117,-0.00320924,0.0,2026-W06
