Archivo,Metodo,Target,RMSE,RMSE_baseline,RMSE_zeros,MAE,MAE_baseline,MAE_zeros,Alpha,Valor_Real,Prediccion,Valor_Baseline,Valor_Zeros,Fecha_Semana
adj_close.csv,ARIMA,AGG,0.00134133,0.00621132,0.00274975,0.00134133,0.00621132,0.00274975,"ARIMA(2, 0, 0)",0.00274975,0.00140842,-0.00346156,0.0,2024-W30
adj_close.csv,ARIMA,AGG,0.02388016,0.02055972,0.02330948,0.02388016,0.02055972,0.02330948,"ARIMA(2, 0, 0)",0.02330948,-0.00057068,0.00274975,0.0,2024-W31
adj_close.csv,ARIMA,AGG,0.00881223,0.03111421,0.00780474,0.00881223,0.03111421,0.00780474,"ARIMA(2, 0, 0)",-0.00780474,0.00100749,0.02330948,0.0,2024-W32
adj_close.csv,ARIMA,AGG,0.00179077,0.01351411,0.00570938,0.00179077,0.01351411,0.00570938,"ARIMA(2, 0, 0)",0.00570938,0.00391861,-0.00780474,0.0,2024-W33
adj_close.csv,ARIMA,AGG,0.00779264,0.00076186,0.00647124,0.00779264,0.00076186,0.00647124,"ARIMA(2, 0, 0)",0.00647124,-0.0013214,0.00570938,0.0,2024-W34
adj_close.csv,ARIMA,AGG,0.00619991,0.01164479,0.00517355,0.00619991,0.01164479,0.00517355,"ARIMA(2, 0, 0)",-0.00517355,0.00102635,0.00647124,0.0,2024-W35
adj_close.csv,ARIMA,AGG,0.01140642,0.01762342,0.01244986,0.01140642,0.01762342,0.01244986,"ARIMA(2, 0, 0)",0.01244986,0.00104344,-0.00517355,0.0,2024-W36
adj_close.csv,ARIMA,AGG,0.00628698,0.00702928,0.00542058,0.00628698,0.00702928,0.00542058,"ARIMA(2, 0, 0)",0.00542058,-0.0008664,0.01244986,0.0,2024-W37
adj_close.csv,ARIMA,AGG,0.00471159,0.00797926,0.00255867,0.00471159,0.00797926,0.00255867,"ARIMA(2, 0, 0)",-0.00255867,0.00215292,0.00542058,0.0,2024-W38
adj_close.csv,ARIMA,AGG,0.00068335,0.00275548,0.0001968,0.00068335,0.00275548,0.0001968,"ARIMA(2, 0, 0)",0.0001968,0.00088016,-0.00255867,0.0,2024-W39
adj_close.csv,ARIMA,AGG,0.01183168,0.01244917,0.01225237,0.01183168,0.01244917,0.01225237,"ARIMA(2, 0, 0)",-0.01225237,-0.00042069,0.0001968,0.0,2024-W40
adj_close.csv,ARIMA,AGG,0.00457395,0.00763971,0.00461266,0.00457395,0.00763971,0.00461266,"ARIMA(2, 0, 0)",-0.00461266,-3.871e-05,-0.01225237,0.0,2024-W41
adj_close.csv,ARIMA,AGG,0.00229407,0.00481382,0.00020116,0.00229407,0.00481382,0.00020116,"ARIMA(2, 0, 0)",0.00020116,-0.00209291,-0.00461266,0.0,2024-W42
adj_close.csv,ARIMA,AGG,0.00862976,0.00959007,0.00938891,0.00862976,0.00959007,0.00938891,"ARIMA(2, 0, 0)",-0.00938891,-0.00075915,0.00020116,0.0,2024-W43
adj_close.csv,ARIMA,AGG,0.0056573,0.00368011,0.0057088,0.0056573,0.00368011,0.0057088,"ARIMA(2, 0, 0)",-0.0057088,-5.15e-05,-0.00938891,0.0,2024-W44
adj_close.csv,ARIMA,AGG,0.00959993,0.01365911,0.00795031,0.00959993,0.01365911,0.00795031,"ARIMA(2, 0, 0)",0.00795031,-0.00164961,-0.0057088,0.0,2024-W45
adj_close.csv,ARIMA,AGG,0.00771598,0.0165148,0.00856448,0.00771598,0.0165148,0.00856448,"ARIMA(2, 0, 0)",-0.00856448,-0.0008485,0.00795031,0.0,2024-W46
adj_close.csv,ARIMA,AGG,0.00026576,0.01009928,0.0015348,0.00026576,0.01009928,0.0015348,"ARIMA(2, 0, 0)",0.0015348,0.00126904,-0.00856448,0.0,2024-W47
adj_close.csv,ARIMA,AGG,0.01551474,0.01257636,0.01411116,0.01551474,0.01257636,0.01411116,"ARIMA(2, 0, 0)",0.01411116,-0.00140358,0.0015348,0.0,2024-W48
adj_close.csv,ARIMA,AGG,0.004135,0.00965145,0.00445971,0.004135,0.00965145,0.00445971,"ARIMA(2, 0, 0)",0.00445971,0.00032472,0.01411116,0.0,2024-W49
adj_close.csv,ARIMA,AGG,0.01653683,0.01875651,0.0142968,0.01653683,0.01875651,0.0142968,"ARIMA(2, 0, 0)",-0.0142968,0.00224004,0.00445971,0.0,2024-W50
adj_close.csv,ARIMA,AGG,0.0071678,0.00767374,0.00662306,0.0071678,0.00767374,0.00662306,"ARIMA(2, 0, 0)",-0.00662306,0.00054474,-0.0142968,0.0,2024-W51
adj_close.csv,ARIMA,AGG,0.00127066,0.00331738,0.00330568,0.00127066,0.00331738,0.00330568,"ARIMA(2, 0, 0)",-0.00330568,-0.00203502,-0.00662306,0.0,2024-W52
adj_close.csv,ARIMA,AGG,0.00271351,0.0050632,0.00175752,0.00271351,0.0050632,0.00175752,"ARIMA(2, 0, 0)",0.00175752,-0.000956,-0.00330568,0.0,2025-W01
adj_close.csv,ARIMA,AGG,0.00859759,0.01078477,0.00902726,0.00859759,0.01078477,0.00902726,"ARIMA(2, 0, 0)",-0.00902726,-0.00042967,0.00175752,0.0,2025-W02
adj_close.csv,ARIMA,AGG,0.0100217,0.01919018,0.01016292,0.0100217,0.01919018,0.01016292,"ARIMA(2, 0, 0)",0.01016292,0.00014122,-0.00902726,0.0,2025-W03
adj_close.csv,ARIMA,AGG,0.00214011,0.00923487,0.00092805,0.00214011,0.00923487,0.00092805,"ARIMA(2, 0, 0)",0.00092805,-0.00121206,0.01016292,0.0,2025-W04
adj_close.csv,ARIMA,AGG,0.00259823,0.00308426,0.00401231,0.00259823,0.00308426,0.00401231,"ARIMA(2, 0, 0)",0.00401231,0.00141408,0.00092805,0.0,2025-W05
adj_close.csv,ARIMA,AGG,0.00377018,8.508e-05,0.00392723,0.00377018,8.508e-05,0.00392723,"ARIMA(2, 0, 0)",0.00392723,0.00015705,0.00401231,0.0,2025-W06
adj_close.csv,ARIMA,AGG,0.00186518,0.00146759,0.00245964,0.00186518,0.00146759,0.00245964,"ARIMA(2, 0, 0)",0.00245964,0.00059446,0.00392723,0.0,2025-W07
adj_close.csv,ARIMA,AGG,0.0026954,0.00081017,0.00326981,0.0026954,0.00081017,0.00326981,"ARIMA(2, 0, 0)",0.00326981,0.00057441,0.00245964,0.0,2025-W08
adj_close.csv,ARIMA,AGG,0.01209325,0.00920068,0.0124705,0.01209325,0.00920068,0.0124705,"ARIMA(2, 0, 0)",0.0124705,0.00037724,0.00326981,0.0,2025-W09
adj_close.csv,ARIMA,AGG,0.00665425,0.0185123,0.00604181,0.00665425,0.0185123,0.00604181,"ARIMA(2, 0, 0)",-0.00604181,0.00061244,0.0124705,0.0,2025-W10
adj_close.csv,ARIMA,AGG,0.00245364,0.00532974,0.00071206,0.00245364,0.00532974,0.00071206,"ARIMA(2, 0, 0)",-0.00071206,0.00174157,-0.00604181,0.0,2025-W11
adj_close.csv,ARIMA,AGG,0.00552243,0.00538175,0.00466969,0.00552243,0.00538175,0.00466969,"ARIMA(2, 0, 0)",0.00466969,-0.00085274,-0.00071206,0.0,2025-W12
adj_close.csv,ARIMA,AGG,3.322e-05,0.00477085,0.00010117,3.322e-05,0.00477085,0.00010117,"ARIMA(2, 0, 0)",-0.00010117,-6.795e-05,0.00466969,0.0,2025-W13
adj_close.csv,ARIMA,AGG,0.01001336,0.01075866,0.0106575,0.01001336,0.01075866,0.0106575,"ARIMA(2, 0, 0)",0.0106575,0.00064414,-0.00010117,0.0,2025-W14
adj_close.csv,ARIMA,AGG,0.02468634,0.03528987,0.02463237,0.02468634,0.03528987,0.02463237,"ARIMA(2, 0, 0)",-0.02463237,5.396e-05,0.0106575,0.0,2025-W15
adj_close.csv,ARIMA,AGG,0.00672831,0.03314938,0.00851701,0.00672831,0.03314938,0.00851701,"ARIMA(2, 0, 0)",0.00851701,0.0017887,-0.02463237,0.0,2025-W16
adj_close.csv,ARIMA,AGG,0.0112214,0.00108598,0.00743102,0.0112214,0.00108598,0.00743102,"ARIMA(2, 0, 0)",0.00743102,-0.00379038,0.00851701,0.0,2025-W17
adj_close.csv,ARIMA,AGG,0.00434022,0.01079814,0.00336711,0.00434022,0.01079814,0.00336711,"ARIMA(2, 0, 0)",-0.00336711,0.00097311,0.00743102,0.0,2025-W18
adj_close.csv,ARIMA,AGG,0.00294078,0.00142552,0.0019416,0.00294078,0.00142552,0.0019416,"ARIMA(2, 0, 0)",-0.0019416,0.00099918,-0.00336711,0.0,2025-W19
adj_close.csv,ARIMA,AGG,0.00063808,0.0009183,0.0010233,0.00063808,0.0009183,0.0010233,"ARIMA(2, 0, 0)",-0.0010233,-0.00038522,-0.0019416,0.0,2025-W20
adj_close.csv,ARIMA,AGG,0.00408575,0.00328666,0.00430996,0.00408575,0.00328666,0.00430996,"ARIMA(2, 0, 0)",-0.00430996,-0.0002242,-0.0010233,0.0,2025-W21
adj_close.csv,ARIMA,AGG,0.00885813,0.01311523,0.00880527,0.00885813,0.01311523,0.00880527,"ARIMA(2, 0, 0)",0.00880527,-5.286e-05,-0.00430996,0.0,2025-W22
adj_close.csv,ARIMA,AGG,0.00438283,0.01390146,0.00509619,0.00438283,0.01390146,0.00509619,"ARIMA(2, 0, 0)",-0.00509619,-0.00071336,0.00880527,0.0,2025-W23
adj_close.csv,ARIMA,AGG,0.00574331,0.01206206,0.00696588,0.00574331,0.01206206,0.00696588,"ARIMA(2, 0, 0)",0.00696588,0.00122257,-0.00509619,0.0,2025-W24
adj_close.csv,ARIMA,AGG,0.00347682,0.00431522,0.00265065,0.00347682,0.00431522,0.00265065,"ARIMA(2, 0, 0)",0.00265065,-0.00082617,0.00696588,0.0,2025-W25
adj_close.csv,ARIMA,AGG,0.00505643,0.00323706,0.00588772,0.00505643,0.00323706,0.00588772,"ARIMA(2, 0, 0)",0.00588772,0.00083129,0.00265065,0.0,2025-W26
adj_close.csv,ARIMA,AGG,0.00034179,0.00601249,0.00012477,0.00034179,0.00601249,0.00012477,"ARIMA(2, 0, 0)",-0.00012477,0.00021702,0.00588772,0.0,2025-W27
adj_close.csv,ARIMA,AGG,0.00504338,0.00414952,0.00427429,0.00504338,0.00414952,0.00427429,"ARIMA(2, 0, 0)",-0.00427429,0.00076909,-0.00012477,0.0,2025-W28
adj_close.csv,ARIMA,AGG,0.00053415,0.00488606,0.00061177,0.00053415,0.00488606,0.00061177,"ARIMA(2, 0, 0)",0.00061177,7.762e-05,-0.00427429,0.0,2025-W29
adj_close.csv,ARIMA,AGG,0.0040212,0.00284765,0.00345942,0.0040212,0.00284765,0.00345942,"ARIMA(2, 0, 0)",0.00345942,-0.00056179,0.00061177,0.0,2025-W30
adj_close.csv,ARIMA,AGG,0.01033399,0.00687655,0.01033597,0.01033399,0.00687655,0.01033597,"ARIMA(2, 0, 0)",0.01033597,1.98e-06,0.00345942,0.0,2025-W31
adj_close.csv,ARIMA,AGG,0.00225788,0.0123553,0.00201933,0.00225788,0.0123553,0.00201933,"ARIMA(2, 0, 0)",-0.00201933,0.00023855,0.01033597,0.0,2025-W32
adj_close.csv,ARIMA,AGG,0.00135664,0.00201933,0.0,0.00135664,0.00201933,0.0,"ARIMA(2, 0, 0)",0.0,0.00135664,-0.00201933,0.0,2025-W33
adj_close.csv,ARIMA,AGG,0.00489337,0.00463843,0.00463843,0.00489337,0.00463843,0.00463843,"ARIMA(2, 0, 0)",0.00463843,-0.00025494,0.0,0.0,2025-W34
adj_close.csv,ARIMA,AGG,0.00070091,0.00403488,0.00060355,0.00070091,0.00403488,0.00060355,"ARIMA(2, 0, 0)",0.00060355,-9.737e-05,0.00463843,0.0,2025-W35
adj_close.csv,ARIMA,AGG,0.00913927,0.00910377,0.00970732,0.00913927,0.00910377,0.00970732,"ARIMA(2, 0, 0)",0.00970732,0.00056805,0.00060355,0.0,2025-W36
adj_close.csv,ARIMA,AGG,0.00450614,0.00532153,0.00438579,0.00450614,0.00532153,0.00438579,"ARIMA(2, 0, 0)",0.00438579,-0.00012035,0.00970732,0.0,2025-W37
adj_close.csv,ARIMA,AGG,0.00365995,0.00687537,0.00248957,0.00365995,0.00687537,0.00248957,"ARIMA(2, 0, 0)",-0.00248957,0.00117037,0.00438579,0.0,2025-W38
adj_close.csv,ARIMA,AGG,0.0027965,0.00029354,0.00219604,0.0027965,0.00029354,0.00219604,"ARIMA(2, 0, 0)",-0.00219604,0.00060046,-0.00248957,0.0,2025-W39
adj_close.csv,ARIMA,AGG,0.00461825,0.00654184,0.00434581,0.00461825,0.00654184,0.00434581,"ARIMA(2, 0, 0)",0.00434581,-0.00027245,-0.00219604,0.0,2025-W40
adj_close.csv,ARIMA,AGG,0.00284877,0.00185336,0.00249244,0.00284877,0.00185336,0.00249244,"ARIMA(2, 0, 0)",0.00249244,-0.00035633,0.00434581,0.0,2025-W41
adj_close.csv,ARIMA,AGG,0.00476772,0.00277087,0.00526331,0.00476772,0.00277087,0.00526331,"ARIMA(2, 0, 0)",0.00526331,0.00049559,0.00249244,0.0,2025-W42
adj_close.csv,ARIMA,AGG,0.00155945,0.00348195,0.00178136,0.00155945,0.00348195,0.00178136,"ARIMA(2, 0, 0)",0.00178136,0.00022192,0.00526331,0.0,2025-W43
adj_close.csv,ARIMA,AGG,0.0065832,0.00773141,0.00595005,0.0065832,0.00773141,0.00595005,"ARIMA(2, 0, 0)",-0.00595005,0.00063315,0.00178136,0.0,2025-W44
adj_close.csv,ARIMA,AGG,0.00045535,0.0058203,0.00012975,0.00045535,0.0058203,0.00012975,"ARIMA(2, 0, 0)",-0.00012975,0.0003256,-0.00595005,0.0,2025-W45
adj_close.csv,ARIMA,AGG,0.00126361,0.0018682,0.00199795,0.00126361,0.0018682,0.00199795,"ARIMA(2, 0, 0)",-0.00199795,-0.00073434,-0.00012975,0.0,2025-W46
adj_close.csv,ARIMA,AGG,0.00437153,0.00638824,0.00439029,0.00437153,0.00638824,0.00439029,"ARIMA(2, 0, 0)",0.00439029,1.876e-05,-0.00199795,0.0,2025-W47
adj_close.csv,ARIMA,AGG,0.00410342,0.00061407,0.00377621,0.00410342,0.00061407,0.00377621,"ARIMA(2, 0, 0)",0.00377621,-0.00032721,0.00439029,0.0,2025-W48
adj_close.csv,ARIMA,AGG,0.00510724,0.00840403,0.00462781,0.00510724,0.00840403,0.00462781,"ARIMA(2, 0, 0)",-0.00462781,0.00047943,0.00377621,0.0,2025-W49
adj_close.csv,ARIMA,AGG,0.00274755,0.00242604,0.00220177,0.00274755,0.00242604,0.00220177,"ARIMA(2, 0, 0)",-0.00220177,0.00054578,-0.00462781,0.0,2025-W50
adj_close.csv,ARIMA,AGG,0.00416042,0.00583715,0.00363538,0.00416042,0.00583715,0.00363538,"ARIMA(2, 0, 0)",0.00363538,-0.00052505,-0.00220177,0.0,2025-W51
adj_close.csv,ARIMA,AGG,0.00233178,0.00163413,0.00200125,0.00233178,0.00163413,0.00200125,"ARIMA(2, 0, 0)",0.00200125,-0.00033054,0.00363538,0.0,2025-W52
adj_close.csv,ARIMA,AGG,0.00230321,0.00390232,0.00190107,0.00230321,0.00390232,0.00190107,"ARIMA(2, 0, 0)",-0.00190107,0.00040213,0.00200125,0.0,2026-W01
adj_close.csv,ARIMA,AGG,0.00282671,0.00500097,0.0030999,0.00282671,0.00500097,0.0030999,"ARIMA(2, 0, 0)",0.0030999,0.00027319,-0.00190107,0.0,2026-W02
adj_close.csv,ARIMA,AGG,0.00081476,0.00419875,0.00109885,0.00081476,0.00419875,0.00109885,"ARIMA(2, 0, 0)",-0.00109885,-0.00028409,0.0030999,0.0,2026-W03
adj_close.csv,ARIMA,AGG,0.00020715,0.00169835,0.0005995,0.00020715,0.00169835,0.0005995,"ARIMA(2, 0, 0)",0.0005995,0.00039234,-0.00109885,0.0,2026-W04
adj_close.csv,ARIMA,AGG,0.00034267,0.00039977,0.00019973,0.00034267,0.00039977,0.00019973,"ARIMA(2, 0, 0)",0.00019973,-0.00014295,0.0005995,0.0,2026-W05
adj_close.csv,ARIMA,AGG,0.00447231,0.00460365,0.00440392,0.00447231,0.00460365,0.00440392,"ARIMA(2, 0, 0)",-0.00440392,6.839e-05,0.00019973,0.0,2026-W06
adj_close.csv,ARIMA,BND,0.00161439,0.0065898,0.00302078,0.00161439,0.0065898,0.00302078,"ARIMA(2, 0, 0)",0.00302078,0.00140639,-0.00356902,0.0,2024-W30
adj_close.csv,ARIMA,BND,0.02362045,0.0199837,0.02300448,0.02362045,0.0199837,0.02300448,"ARIMA(2, 0, 0)",0.02300448,-0.00061596,0.00302078,0.0,2024-W31
adj_close.csv,ARIMA,BND,0.00850666,0.03055881,0.00755432,0.00850666,0.03055881,0.00755432,"ARIMA(2, 0, 0)",-0.00755432,0.00095234,0.02300448,0.0,2024-W32
adj_close.csv,ARIMA,BND,0.00141292,0.01295604,0.00540172,0.00141292,0.01295604,0.00540172,"ARIMA(2, 0, 0)",0.00540172,0.00398879,-0.00755432,0.0,2024-W33
adj_close.csv,ARIMA,BND,0.0080336,0.00130973,0.00671145,0.0080336,0.00130973,0.00671145,"ARIMA(2, 0, 0)",0.00671145,-0.00132215,0.00540172,0.0,2024-W34
adj_close.csv,ARIMA,BND,0.00619892,0.0119425,0.00523105,0.00619892,0.0119425,0.00523105,"ARIMA(2, 0, 0)",-0.00523105,0.00096787,0.00671145,0.0,2024-W35
adj_close.csv,ARIMA,BND,0.01115422,0.01751151,0.01228045,0.01115422,0.01751151,0.01228045,"ARIMA(2, 0, 0)",0.01228045,0.00112624,-0.00523105,0.0,2024-W36
adj_close.csv,ARIMA,BND,0.00612662,0.00709733,0.00518313,0.00612662,0.00709733,0.00518313,"ARIMA(2, 0, 0)",0.00518313,-0.0009435,0.01228045,0.0,2024-W37
adj_close.csv,ARIMA,BND,0.0040006,0.00704068,0.00185756,0.0040006,0.00704068,0.00185756,"ARIMA(2, 0, 0)",-0.00185756,0.00214304,0.00518313,0.0,2024-W38
adj_close.csv,ARIMA,BND,0.00113937,0.00159177,0.00026578,0.00113937,0.00159177,0.00026578,"ARIMA(2, 0, 0)",-0.00026578,0.00087359,-0.00185756,0.0,2024-W39
adj_close.csv,ARIMA,BND,0.01186339,0.01191181,0.01217759,0.01186339,0.01191181,0.01217759,"ARIMA(2, 0, 0)",-0.01217759,-0.0003142,-0.00026578,0.0,2024-W40
adj_close.csv,ARIMA,BND,0.00438543,0.0077171,0.00446049,0.00438543,0.0077171,0.00446049,"ARIMA(2, 0, 0)",-0.00446049,-7.506e-05,-0.01217759,0.0,2024-W41
adj_close.csv,ARIMA,BND,0.00237681,0.00473138,0.00027089,0.00237681,0.00473138,0.00027089,"ARIMA(2, 0, 0)",0.00027089,-0.00210592,-0.00446049,0.0,2024-W42
adj_close.csv,ARIMA,BND,0.00850209,0.00952268,0.00925179,0.00850209,0.00952268,0.00925179,"ARIMA(2, 0, 0)",-0.00925179,-0.0007497,0.00027089,0.0,2024-W43
adj_close.csv,ARIMA,BND,0.00538015,0.00386735,0.00538444,0.00538015,0.00386735,0.00538444,"ARIMA(2, 0, 0)",-0.00538444,-4.29e-06,-0.00925179,0.0,2024-W44
adj_close.csv,ARIMA,BND,0.00918587,0.01293777,0.00755332,0.00918587,0.01293777,0.00755332,"ARIMA(2, 0, 0)",0.00755332,-0.00163255,-0.00538444,0.0,2024-W45
adj_close.csv,ARIMA,BND,0.00753535,0.01593429,0.00838097,0.00753535,0.01593429,0.00838097,"ARIMA(2, 0, 0)",-0.00838097,-0.00084562,0.00755332,0.0,2024-W46
adj_close.csv,ARIMA,BND,0.00025968,0.00989748,0.00151651,0.00025968,0.00989748,0.00151651,"ARIMA(2, 0, 0)",0.00151651,0.00125684,-0.00838097,0.0,2024-W47
adj_close.csv,ARIMA,BND,0.01522423,0.01230127,0.01381778,0.01522423,0.01230127,0.01381778,"ARIMA(2, 0, 0)",0.01381778,-0.00140645,0.00151651,0.0,2024-W48
adj_close.csv,ARIMA,BND,0.00424753,0.00928969,0.00452809,0.00424753,0.00928969,0.00452809,"ARIMA(2, 0, 0)",0.00452809,0.00028056,0.01381778,0.0,2024-W49
adj_close.csv,ARIMA,BND,0.01644167,0.0187382,0.01421011,0.01644167,0.0187382,0.01421011,"ARIMA(2, 0, 0)",-0.01421011,0.00223155,0.00452809,0.0,2024-W50
adj_close.csv,ARIMA,BND,0.00697008,0.00786022,0.0063499,0.00697008,0.00786022,0.0063499,"ARIMA(2, 0, 0)",-0.0063499,0.00062019,-0.01421011,0.0,2024-W51
adj_close.csv,ARIMA,BND,0.00109474,0.00320149,0.0031484,0.00109474,0.00320149,0.0031484,"ARIMA(2, 0, 0)",-0.0031484,-0.00205366,-0.0063499,0.0,2024-W52
adj_close.csv,ARIMA,BND,0.00232152,0.00454094,0.00139254,0.00232152,0.00454094,0.00139254,"ARIMA(2, 0, 0)",0.00139254,-0.00092898,-0.0031484,0.0,2025-W01
adj_close.csv,ARIMA,BND,0.00809588,0.00991863,0.00852609,0.00809588,0.00991863,0.00852609,"ARIMA(2, 0, 0)",-0.00852609,-0.00043021,0.00139254,0.0,2025-W02
adj_close.csv,ARIMA,BND,0.00978764,0.018443,0.00991691,0.00978764,0.018443,0.00991691,"ARIMA(2, 0, 0)",0.00991691,0.00012927,-0.00852609,0.0,2025-W03
adj_close.csv,ARIMA,BND,0.00245119,0.00866685,0.00125007,0.00245119,0.00866685,0.00125007,"ARIMA(2, 0, 0)",0.00125007,-0.00120112,0.00991691,0.0,2025-W04
adj_close.csv,ARIMA,BND,0.00274336,0.00290576,0.00415583,0.00274336,0.00290576,0.00415583,"ARIMA(2, 0, 0)",0.00415583,0.00141247,0.00125007,0.0,2025-W05
adj_close.csv,ARIMA,BND,0.00305684,0.00090202,0.00325381,0.00305684,0.00090202,0.00325381,"ARIMA(2, 0, 0)",0.00325381,0.00019697,0.00415583,0.0,2025-W06
adj_close.csv,ARIMA,BND,0.00200794,0.00063068,0.00262313,0.00200794,0.00063068,0.00262313,"ARIMA(2, 0, 0)",0.00262313,0.00061519,0.00325381,0.0,2025-W07
adj_close.csv,ARIMA,BND,0.0028182,0.00068019,0.00330332,0.0028182,0.00068019,0.00330332,"ARIMA(2, 0, 0)",0.00330332,0.00048513,0.00262313,0.0,2025-W08
adj_close.csv,ARIMA,BND,0.01175542,0.00885306,0.01215639,0.01175542,0.00885306,0.01215639,"ARIMA(2, 0, 0)",0.01215639,0.00040097,0.00330332,0.0,2025-W09
adj_close.csv,ARIMA,BND,0.00661584,0.01817945,0.00602306,0.00661584,0.01817945,0.00602306,"ARIMA(2, 0, 0)",-0.00602306,0.00059277,0.01215639,0.0,2025-W10
adj_close.csv,ARIMA,BND,0.00244082,0.00533794,0.00068512,0.00244082,0.00533794,0.00068512,"ARIMA(2, 0, 0)",-0.00068512,0.0017557,-0.00602306,0.0,2025-W11
adj_close.csv,ARIMA,BND,0.005929,0.00574437,0.00505925,0.005929,0.00574437,0.00505925,"ARIMA(2, 0, 0)",0.00505925,-0.00086975,-0.00068512,0.0,2025-W12
adj_close.csv,ARIMA,BND,7.726e-05,0.00505925,0.0,7.726e-05,0.00505925,0.0,"ARIMA(2, 0, 0)",0.0,-7.726e-05,0.00505925,0.0,2025-W13
adj_close.csv,ARIMA,BND,0.00935332,0.01006906,0.01006906,0.00935332,0.01006906,0.01006906,"ARIMA(2, 0, 0)",0.01006906,0.00071574,0.0,0.0,2025-W14
adj_close.csv,ARIMA,BND,0.02472517,0.03475495,0.02468588,0.02472517,0.03475495,0.02468588,"ARIMA(2, 0, 0)",-0.02468588,3.928e-05,0.01006906,0.0,2025-W15
adj_close.csv,ARIMA,BND,0.00692681,0.03339545,0.00870956,0.00692681,0.03339545,0.00870956,"ARIMA(2, 0, 0)",0.00870956,0.00178275,-0.02468588,0.0,2025-W16
adj_close.csv,ARIMA,BND,0.01116881,0.00144072,0.00726884,0.01116881,0.00144072,0.00726884,"ARIMA(2, 0, 0)",0.00726884,-0.00389997,0.00870956,0.0,2025-W17
adj_close.csv,ARIMA,BND,0.00437598,0.01063362,0.00336478,0.00437598,0.01063362,0.00336478,"ARIMA(2, 0, 0)",-0.00336478,0.0010112,0.00726884,0.0,2025-W18
adj_close.csv,ARIMA,BND,0.00279669,0.00157492,0.00178986,0.00279669,0.00157492,0.00178986,"ARIMA(2, 0, 0)",-0.00178986,0.00100683,-0.00336478,0.0,2025-W19
adj_close.csv,ARIMA,BND,0.00084712,0.00054895,0.00124091,0.00084712,0.00054895,0.00124091,"ARIMA(2, 0, 0)",-0.00124091,-0.00039378,-0.00178986,0.0,2025-W20
adj_close.csv,ARIMA,BND,0.00380485,0.0027681,0.004009,0.00380485,0.0027681,0.004009,"ARIMA(2, 0, 0)",-0.004009,-0.00020415,-0.00124091,0.0,2025-W21
adj_close.csv,ARIMA,BND,0.00808301,0.01201132,0.00800232,0.00808301,0.01201132,0.00800232,"ARIMA(2, 0, 0)",0.00800232,-8.069e-05,-0.004009,0.0,2025-W22
adj_close.csv,ARIMA,BND,0.00373655,0.01242425,0.00442192,0.00373655,0.01242425,0.00442192,"ARIMA(2, 0, 0)",-0.00442192,-0.00068537,0.00800232,0.0,2025-W23
adj_close.csv,ARIMA,BND,0.00562989,0.01118488,0.00676296,0.00562989,0.01118488,0.00676296,"ARIMA(2, 0, 0)",0.00676296,0.00113306,-0.00442192,0.0,2025-W24
adj_close.csv,ARIMA,BND,0.00322409,0.00429008,0.00247288,0.00322409,0.00429008,0.00247288,"ARIMA(2, 0, 0)",0.00247288,-0.00075121,0.00676296,0.0,2025-W25
adj_close.csv,ARIMA,BND,0.00546787,0.00381888,0.00629175,0.00546787,0.00381888,0.00629175,"ARIMA(2, 0, 0)",0.00629175,0.00082389,0.00247288,0.0,2025-W26
adj_close.csv,ARIMA,BND,0.00053955,0.00664633,0.00035457,0.00053955,0.00664633,0.00035457,"ARIMA(2, 0, 0)",-0.00035457,0.00018498,0.00629175,0.0,2025-W27
adj_close.csv,ARIMA,BND,0.00468253,0.00348405,0.00383863,0.00468253,0.00348405,0.00383863,"ARIMA(2, 0, 0)",-0.00383863,0.0008439,-0.00035457,0.0,2025-W28
adj_close.csv,ARIMA,BND,0.00064433,0.00452485,0.00068622,0.00064433,0.00452485,0.00068622,"ARIMA(2, 0, 0)",0.00068622,4.189e-05,-0.00383863,0.0,2025-W29
adj_close.csv,ARIMA,BND,0.00421806,0.00301337,0.00369959,0.00421806,0.00301337,0.00369959,"ARIMA(2, 0, 0)",0.00369959,-0.00051847,0.00068622,0.0,2025-W30
adj_close.csv,ARIMA,BND,0.00971467,0.00601909,0.00971868,0.00971467,0.00601909,0.00971868,"ARIMA(2, 0, 0)",0.00971868,4.01e-06,0.00369959,0.0,2025-W31
adj_close.csv,ARIMA,BND,0.00259409,0.01203145,0.00231277,0.00259409,0.01203145,0.00231277,"ARIMA(2, 0, 0)",-0.00231277,0.00028131,0.00971868,0.0,2025-W32
adj_close.csv,ARIMA,BND,0.00103993,0.00258524,0.00027247,0.00103993,0.00258524,0.00027247,"ARIMA(2, 0, 0)",0.00027247,0.0013124,-0.00231277,0.0,2025-W33
adj_close.csv,ARIMA,BND,0.00438116,0.00380409,0.00407656,0.00438116,0.00380409,0.00407656,"ARIMA(2, 0, 0)",0.00407656,-0.0003046,0.00027247,0.0,2025-W34
adj_close.csv,ARIMA,BND,0.00086859,0.00326313,0.00081343,0.00086859,0.00326313,0.00081343,"ARIMA(2, 0, 0)",0.00081343,-5.516e-05,0.00407656,0.0,2025-W35
adj_close.csv,ARIMA,BND,0.00914047,0.00883295,0.00964638,0.00914047,0.00883295,0.00964638,"ARIMA(2, 0, 0)",0.00964638,0.00050591,0.00081343,0.0,2025-W36
adj_close.csv,ARIMA,BND,0.00413088,0.00561505,0.00403132,0.00413088,0.00561505,0.00403132,"ARIMA(2, 0, 0)",0.00403132,-9.956e-05,0.00964638,0.0,2025-W37
adj_close.csv,ARIMA,BND,0.00306829,0.00591062,0.0018793,0.00306829,0.00591062,0.0018793,"ARIMA(2, 0, 0)",-0.0018793,0.00118899,0.00403132,0.0,2025-W38
adj_close.csv,ARIMA,BND,0.00351817,0.00108095,0.00296024,0.00351817,0.00108095,0.00296024,"ARIMA(2, 0, 0)",-0.00296024,0.00055793,-0.0018793,0.0,2025-W39
adj_close.csv,ARIMA,BND,0.00472273,0.00749874,0.00453849,0.00472273,0.00749874,0.00453849,"ARIMA(2, 0, 0)",0.00453849,-0.00018423,-0.00296024,0.0,2025-W40
adj_close.csv,ARIMA,BND,0.00329176,0.00171642,0.00282208,0.00329176,0.00171642,0.00282208,"ARIMA(2, 0, 0)",0.00282208,-0.00046968,0.00453849,0.0,2025-W41
adj_close.csv,ARIMA,BND,0.00429637,0.00199729,0.00481936,0.00429637,0.00199729,0.00481936,"ARIMA(2, 0, 0)",0.00481936,0.00052299,0.00282208,0.0,2025-W42
adj_close.csv,ARIMA,BND,0.00159417,0.00295155,0.00186782,0.00159417,0.00295155,0.00186782,"ARIMA(2, 0, 0)",0.00186782,0.00027364,0.00481936,0.0,2025-W43
adj_close.csv,ARIMA,BND,0.00646916,0.00775012,0.0058823,0.00646916,0.00775012,0.0058823,"ARIMA(2, 0, 0)",-0.0058823,0.00058686,0.00186782,0.0,2025-W44
adj_close.csv,ARIMA,BND,0.00042774,0.00580151,8.079e-05,0.00042774,0.00580151,8.079e-05,"ARIMA(2, 0, 0)",-8.079e-05,0.00034695,-0.0058823,0.0,2025-W45
adj_close.csv,ARIMA,BND,0.00154591,0.00220892,0.0022897,0.00154591,0.00220892,0.0022897,"ARIMA(2, 0, 0)",-0.0022897,-0.00074379,-8.079e-05,0.0,2025-W46
adj_close.csv,ARIMA,BND,0.00481045,0.00713237,0.00484266,0.00481045,0.00713237,0.00484266,"ARIMA(2, 0, 0)",0.00484266,3.221e-05,-0.0022897,0.0,2025-W47
adj_close.csv,ARIMA,BND,0.0038675,0.00135972,0.00348295,0.0038675,0.00135972,0.00348295,"ARIMA(2, 0, 0)",0.00348295,-0.00038455,0.00484266,0.0,2025-W48
adj_close.csv,ARIMA,BND,0.00513586,0.00806822,0.00458528,0.00513586,0.00806822,0.00458528,"ARIMA(2, 0, 0)",-0.00458528,0.00055058,0.00348295,0.0,2025-W49
adj_close.csv,ARIMA,BND,0.00281766,0.00229166,0.00229362,0.00281766,0.00229166,0.00229362,"ARIMA(2, 0, 0)",-0.00229362,0.00052404,-0.00458528,0.0,2025-W50
adj_close.csv,ARIMA,BND,0.00399637,0.00576129,0.00346767,0.00399637,0.00576129,0.00346767,"ARIMA(2, 0, 0)",0.00346767,-0.00052869,-0.00229362,0.0,2025-W51
adj_close.csv,ARIMA,BND,0.00237293,0.00144377,0.0020239,0.00237293,0.00144377,0.0020239,"ARIMA(2, 0, 0)",0.0020239,-0.00034902,0.00346767,0.0,2025-W52
adj_close.csv,ARIMA,BND,0.00241307,0.00404781,0.0020239,0.00241307,0.00404781,0.0020239,"ARIMA(2, 0, 0)",-0.0020239,0.00038916,0.0020239,0.0,2026-W01
adj_close.csv,ARIMA,BND,0.00308474,0.00539477,0.00337087,0.00308474,0.00539477,0.00337087,"ARIMA(2, 0, 0)",0.00337087,0.00028613,-0.0020239,0.0,2026-W02
adj_close.csv,ARIMA,BND,0.00089867,0.00458312,0.00121226,0.00089867,0.00458312,0.00121226,"ARIMA(2, 0, 0)",-0.00121226,-0.00031359,0.00337087,0.0,2026-W03
adj_close.csv,ARIMA,BND,0.00023548,0.00188593,0.00067367,0.00023548,0.00188593,0.00067367,"ARIMA(2, 0, 0)",0.00067367,0.00043819,-0.00121226,0.0,2026-W04
adj_close.csv,ARIMA,BND,0.00010708,0.00094302,0.00026935,0.00010708,0.00094302,0.00026935,"ARIMA(2, 0, 0)",-0.00026935,-0.00016227,0.00067367,0.0,2026-W05
adj_close.csv,ARIMA,BND,0.00440838,0.00405089,0.00432024,0.00440838,0.00405089,0.00432024,"ARIMA(2, 0, 0)",-0.00432024,8.814e-05,-0.00026935,0.0,2026-W06
adj_close.csv,ARIMA,DBC,0.01817658,0.01578735,0.01517212,0.01817658,0.01578735,0.01517212,"ARIMA(2, 0, 2)",-0.01517212,0.00300445,-0.03095947,0.0,2024-W30
adj_close.csv,ARIMA,DBC,0.02115778,0.00023384,0.01540596,0.02115778,0.00023384,0.01540596,"ARIMA(2, 0, 2)",-0.01540596,0.00575182,-0.01517212,0.0,2024-W31
adj_close.csv,ARIMA,DBC,0.01658429,0.02946203,0.01405607,0.01658429,0.02946203,0.01405607,"ARIMA(2, 0, 2)",0.01405607,-0.00252822,-0.01540596,0.0,2024-W32
adj_close.csv,ARIMA,DBC,0.00381242,0.01405607,0.0,0.00381242,0.01405607,0.0,"ARIMA(2, 0, 2)",0.0,-0.00381242,0.01405607,0.0,2024-W33
adj_close.csv,ARIMA,DBC,0.0004712,0.00224875,0.00224875,0.0004712,0.00224875,0.00224875,"ARIMA(2, 0, 2)",0.00224875,0.00271995,0.0,0.0,2024-W34
adj_close.csv,ARIMA,DBC,0.00986023,0.00901014,0.00676139,0.00986023,0.00901014,0.00676139,"ARIMA(2, 0, 2)",-0.00676139,0.00309884,0.00224875,0.0,2024-W35
adj_close.csv,ARIMA,DBC,0.03666913,0.03197088,0.03873227,0.03666913,0.03197088,0.03873227,"ARIMA(2, 0, 2)",-0.03873227,-0.00206314,-0.00676139,0.0,2024-W36
adj_close.csv,ARIMA,DBC,0.01854594,0.05690186,0.01816959,0.01854594,0.05690186,0.01816959,"ARIMA(2, 0, 2)",0.01816959,-0.00037634,-0.03873227,0.0,2024-W37
adj_close.csv,ARIMA,DBC,0.02239416,0.00735595,0.02552554,0.02239416,0.00735595,0.02552554,"ARIMA(2, 0, 2)",0.02552554,0.00313138,0.01816959,0.0,2024-W38
adj_close.csv,ARIMA,DBC,0.00788167,0.02103529,0.00449025,0.00788167,0.02103529,0.00449025,"ARIMA(2, 0, 2)",0.00449025,-0.00339142,0.02552554,0.0,2024-W39
adj_close.csv,ARIMA,DBC,0.04482396,0.03590164,0.0403919,0.04482396,0.03590164,0.0403919,"ARIMA(2, 0, 2)",0.0403919,-0.00443206,0.00449025,0.0,2024-W40
adj_close.csv,ARIMA,DBC,0.00011508,0.03867216,0.00171974,0.00011508,0.03867216,0.00171974,"ARIMA(2, 0, 2)",0.00171974,0.00160466,0.0403919,0.0,2024-W41
adj_close.csv,ARIMA,DBC,0.0421784,0.04338337,0.04166363,0.0421784,0.04338337,0.04166363,"ARIMA(2, 0, 2)",-0.04166363,0.00051477,0.00171974,0.0,2024-W42
adj_close.csv,ARIMA,DBC,0.02051302,0.06293149,0.02126786,0.02051302,0.06293149,0.02126786,"ARIMA(2, 0, 2)",0.02126786,0.00075485,-0.04166363,0.0,2024-W43
adj_close.csv,ARIMA,DBC,0.02082026,0.04164049,0.02037263,0.02082026,0.04164049,0.02037263,"ARIMA(2, 0, 2)",-0.02037263,0.00044763,0.02126786,0.0,2024-W44
adj_close.csv,ARIMA,DBC,0.0065892,0.02706165,0.00668902,0.0065892,0.02706165,0.00668902,"ARIMA(2, 0, 2)",0.00668902,9.982e-05,-0.02037263,0.0,2024-W45
adj_close.csv,ARIMA,DBC,0.03151928,0.03737742,0.03068839,0.03151928,0.03737742,0.03068839,"ARIMA(2, 0, 2)",-0.03068839,0.00083088,0.00668902,0.0,2024-W46
adj_close.csv,ARIMA,DBC,0.03154948,0.06403985,0.03335145,0.03154948,0.06403985,0.03335145,"ARIMA(2, 0, 2)",0.03335145,0.00180197,-0.03068839,0.0,2024-W47
adj_close.csv,ARIMA,DBC,0.01761251,0.052144,0.01879255,0.01761251,0.052144,0.01879255,"ARIMA(2, 0, 2)",-0.01879255,-0.00118004,0.03335145,0.0,2024-W48
adj_close.csv,ARIMA,DBC,0.00897689,0.00834982,0.01044273,0.00897689,0.00834982,0.01044273,"ARIMA(2, 0, 2)",-0.01044273,-0.00146584,-0.01879255,0.0,2024-W49
adj_close.csv,ARIMA,DBC,0.01625332,0.03032592,0.01988319,0.01625332,0.03032592,0.01988319,"ARIMA(2, 0, 2)",0.01988319,0.00362987,-0.01044273,0.0,2024-W50
adj_close.csv,ARIMA,DBC,0.01292161,0.03475833,0.01487514,0.01292161,0.03475833,0.01487514,"ARIMA(2, 0, 2)",-0.01487514,-0.00195353,0.01988319,0.0,2024-W51
adj_close.csv,ARIMA,DBC,0.01149583,0.02325922,0.00838408,0.01149583,0.02325922,0.00838408,"ARIMA(2, 0, 2)",0.00838408,-0.00311175,-0.01487514,0.0,2024-W52
adj_close.csv,ARIMA,DBC,0.01743652,0.01041348,0.01879756,0.01743652,0.01041348,0.01879756,"ARIMA(2, 0, 2)",0.01879756,0.00136104,0.00838408,0.0,2025-W01
adj_close.csv,ARIMA,DBC,0.03024918,0.01236906,0.03116663,0.03024918,0.01236906,0.03116663,"ARIMA(2, 0, 2)",0.03116663,0.00091745,0.01879756,0.0,2025-W02
adj_close.csv,ARIMA,DBC,0.01766505,0.01727443,0.0138922,0.01766505,0.01727443,0.0138922,"ARIMA(2, 0, 2)",0.0138922,-0.00377285,0.03116663,0.0,2025-W03
adj_close.csv,ARIMA,DBC,0.00736813,0.02283277,0.00894057,0.00736813,0.02283277,0.00894057,"ARIMA(2, 0, 2)",-0.00894057,-0.00157244,0.0138922,0.0,2025-W04
adj_close.csv,ARIMA,DBC,0.01751015,0.0046221,0.01356267,0.01751015,0.0046221,0.01356267,"ARIMA(2, 0, 2)",-0.01356267,0.00394748,-0.00894057,0.0,2025-W05
adj_close.csv,ARIMA,DBC,0.00338776,0.01855702,0.00499435,0.00338776,0.01855702,0.00499435,"ARIMA(2, 0, 2)",0.00499435,0.00160659,-0.01356267,0.0,2025-W06
adj_close.csv,ARIMA,DBC,0.01986988,0.01117859,0.01617293,0.01986988,0.01117859,0.01617293,"ARIMA(2, 0, 2)",0.01617293,-0.00369695,0.00499435,0.0,2025-W07
adj_close.csv,ARIMA,DBC,0.01368911,0.00641683,0.00975611,0.01368911,0.00641683,0.00975611,"ARIMA(2, 0, 2)",0.00975611,-0.003933,0.01617293,0.0,2025-W08
adj_close.csv,ARIMA,DBC,0.03214247,0.03931489,0.02955878,0.03214247,0.03931489,0.02955878,"ARIMA(2, 0, 2)",-0.02955878,0.0025837,0.00975611,0.0,2025-W09
adj_close.csv,ARIMA,DBC,0.00433161,0.02728354,0.00227524,0.00433161,0.02728354,0.00227524,"ARIMA(2, 0, 2)",-0.00227524,0.00205637,-0.02955878,0.0,2025-W10
adj_close.csv,ARIMA,DBC,0.00211878,0.00318586,0.00091063,0.00211878,0.00318586,0.00091063,"ARIMA(2, 0, 2)",0.00091063,-0.00120816,-0.00227524,0.0,2025-W11
adj_close.csv,ARIMA,DBC,0.00819566,0.00589379,0.00680442,0.00819566,0.00589379,0.00680442,"ARIMA(2, 0, 2)",0.00680442,-0.00139124,0.00091063,0.0,2025-W12
adj_close.csv,ARIMA,DBC,0.00201285,0.00364488,0.00315954,0.00201285,0.00364488,0.00315954,"ARIMA(2, 0, 2)",0.00315954,0.00114669,0.00680442,0.0,2025-W13
adj_close.csv,ARIMA,DBC,0.0579024,0.06066261,0.05750307,0.0579024,0.06066261,0.05750307,"ARIMA(2, 0, 2)",-0.05750307,0.00039933,0.00315954,0.0,2025-W14
adj_close.csv,ARIMA,DBC,0.0021628,0.0565479,0.00095517,0.0021628,0.0565479,0.00095517,"ARIMA(2, 0, 2)",-0.00095517,0.00120763,-0.05750307,0.0,2025-W15
adj_close.csv,ARIMA,DBC,0.01648763,0.02175975,0.02080458,0.01648763,0.02175975,0.02080458,"ARIMA(2, 0, 2)",0.02080458,0.00431694,-0.00095517,0.0,2025-W16
adj_close.csv,ARIMA,DBC,0.00205431,0.02174097,0.00093639,0.00205431,0.02174097,0.00093639,"ARIMA(2, 0, 2)",-0.00093639,-0.0029907,0.02080458,0.0,2025-W17
adj_close.csv,ARIMA,DBC,0.0269937,0.02708728,0.02802367,0.0269937,0.02708728,0.02802367,"ARIMA(2, 0, 2)",-0.02802367,-0.00102997,-0.00093639,0.0,2025-W18
adj_close.csv,ARIMA,DBC,0.01030612,0.04521606,0.01719239,0.01030612,0.04521606,0.01719239,"ARIMA(2, 0, 2)",0.01719239,0.00688627,-0.02802367,0.0,2025-W19
adj_close.csv,ARIMA,DBC,0.00361738,0.01388349,0.0033089,0.00361738,0.01388349,0.0033089,"ARIMA(2, 0, 2)",0.0033089,-0.00030848,0.01719239,0.0,2025-W20
adj_close.csv,ARIMA,DBC,0.01507953,0.00701986,0.01032875,0.01507953,0.00701986,0.01032875,"ARIMA(2, 0, 2)",0.01032875,-0.00475077,0.0033089,0.0,2025-W21
adj_close.csv,ARIMA,DBC,0.0257592,0.03539518,0.02506643,0.0257592,0.03539518,0.02506643,"ARIMA(2, 0, 2)",-0.02506643,0.00069277,0.01032875,0.0,2025-W22
adj_close.csv,ARIMA,DBC,0.03089002,0.0612802,0.03621377,0.03089002,0.0612802,0.03621377,"ARIMA(2, 0, 2)",0.03621377,0.00532375,-0.02506643,0.0,2025-W23
adj_close.csv,ARIMA,DBC,0.04821408,0.00894062,0.04515439,0.04821408,0.00894062,0.04515439,"ARIMA(2, 0, 2)",0.04515439,-0.00305969,0.03621377,0.0,2025-W24
adj_close.csv,ARIMA,DBC,0.03498172,0.01857905,0.02657534,0.03498172,0.01857905,0.02657534,"ARIMA(2, 0, 2)",0.02657534,-0.00840637,0.04515439,0.0,2025-W25
adj_close.csv,ARIMA,DBC,0.0656216,0.09140061,0.06482527,0.0656216,0.09140061,0.06482527,"ARIMA(2, 0, 2)",-0.06482527,0.00079633,0.02657534,0.0,2025-W26
adj_close.csv,ARIMA,DBC,0.01145393,0.08660479,0.02177952,0.01145393,0.08660479,0.02177952,"ARIMA(2, 0, 2)",0.02177952,0.01032558,-0.06482527,0.0,2025-W27
adj_close.csv,ARIMA,DBC,0.00264757,0.01150927,0.01027025,0.00264757,0.01150927,0.01027025,"ARIMA(2, 0, 2)",0.01027025,0.00762267,0.02177952,0.0,2025-W28
adj_close.csv,ARIMA,DBC,0.01165725,0.00938218,0.00088807,0.01165725,0.00938218,0.00088807,"ARIMA(2, 0, 2)",0.00088807,-0.01076918,0.01027025,0.0,2025-W29
adj_close.csv,ARIMA,DBC,0.01146954,0.01699579,0.01610772,0.01146954,0.01699579,0.01610772,"ARIMA(2, 0, 2)",-0.01610772,-0.00463818,0.00088807,0.0,2025-W30
adj_close.csv,ARIMA,DBC,0.01130103,0.01249274,0.00361497,0.01130103,0.01249274,0.00361497,"ARIMA(2, 0, 2)",-0.00361497,0.00768606,-0.01610772,0.0,2025-W31
adj_close.csv,ARIMA,DBC,0.0159176,0.00776696,0.01138193,0.0159176,0.00776696,0.01138193,"ARIMA(2, 0, 2)",-0.01138193,0.00453567,-0.00361497,0.0,2025-W32
adj_close.csv,ARIMA,DBC,0.00172689,0.00817167,0.00321026,0.00172689,0.00817167,0.00321026,"ARIMA(2, 0, 2)",-0.00321026,-0.00148337,-0.01138193,0.0,2025-W33
adj_close.csv,ARIMA,DBC,0.01444646,0.01734958,0.01413932,0.01444646,0.01734958,0.01413932,"ARIMA(2, 0, 2)",0.01413932,-0.00030714,-0.00321026,0.0,2025-W34
adj_close.csv,ARIMA,DBC,0.0049619,0.00826892,0.0058704,0.0049619,0.00826892,0.0058704,"ARIMA(2, 0, 2)",0.0058704,0.0009085,0.01413932,0.0,2025-W35
adj_close.csv,ARIMA,DBC,0.0058034,0.01400778,0.00813738,0.0058034,0.01400778,0.00813738,"ARIMA(2, 0, 2)",-0.00813738,-0.00233398,0.0058704,0.0,2025-W36
adj_close.csv,ARIMA,DBC,0.01450722,0.0225585,0.01442112,0.01450722,0.0225585,0.01442112,"ARIMA(2, 0, 2)",0.01442112,-8.61e-05,-0.00813738,0.0,2025-W37
adj_close.csv,ARIMA,DBC,0.0049726,0.01845605,0.00403493,0.0049726,0.01845605,0.00403493,"ARIMA(2, 0, 2)",-0.00403493,0.00093767,0.01442112,0.0,2025-W38
adj_close.csv,ARIMA,DBC,0.02577175,0.02844258,0.02440765,0.02577175,0.02844258,0.02440765,"ARIMA(2, 0, 2)",0.02440765,-0.00136409,-0.00403493,0.0,2025-W39
adj_close.csv,ARIMA,DBC,0.01553681,0.04209942,0.01769176,0.01553681,0.04209942,0.01769176,"ARIMA(2, 0, 2)",-0.01769176,-0.00215495,0.02440765,0.0,2025-W40
adj_close.csv,ARIMA,DBC,0.01519035,0.00240368,0.01528808,0.01519035,0.00240368,0.01528808,"ARIMA(2, 0, 2)",-0.01528808,-9.773e-05,-0.01769176,0.0,2025-W41
adj_close.csv,ARIMA,DBC,0.00242268,0.01755114,0.00226306,0.00242268,0.01755114,0.00226306,"ARIMA(2, 0, 2)",0.00226306,0.00468573,-0.01528808,0.0,2025-W42
adj_close.csv,ARIMA,DBC,0.03145558,0.03020584,0.0324689,0.03145558,0.03020584,0.0324689,"ARIMA(2, 0, 2)",0.0324689,0.00101332,0.00226306,0.0,2025-W43
adj_close.csv,ARIMA,DBC,0.00738101,0.03115689,0.001312,0.00738101,0.03115689,0.001312,"ARIMA(2, 0, 2)",0.001312,-0.006069,0.0324689,0.0,2025-W44
adj_close.csv,ARIMA,DBC,0.00507732,0.00043829,0.00087371,0.00507732,0.00043829,0.00087371,"ARIMA(2, 0, 2)",0.00087371,-0.0042036,0.001312,0.0,2025-W45
adj_close.csv,ARIMA,DBC,0.00046996,0.00217837,0.00305209,0.00046996,0.00217837,0.00305209,"ARIMA(2, 0, 2)",0.00305209,0.00352205,0.00087371,0.0,2025-W46
adj_close.csv,ARIMA,DBC,0.02065705,0.02239331,0.01934122,0.02065705,0.02239331,0.01934122,"ARIMA(2, 0, 2)",-0.01934122,0.00131583,0.00305209,0.0,2025-W47
adj_close.csv,ARIMA,DBC,0.02408723,0.04259297,0.02325176,0.02408723,0.04259297,0.02325176,"ARIMA(2, 0, 2)",0.02325176,-0.00083547,-0.01934122,0.0,2025-W48
adj_close.csv,ARIMA,DBC,0.01230234,0.01161115,0.0116406,0.01230234,0.01161115,0.0116406,"ARIMA(2, 0, 2)",0.0116406,-0.00066174,0.02325176,0.0,2025-W49
adj_close.csv,ARIMA,DBC,0.01434639,0.0293708,0.01773019,0.01434639,0.0293708,0.01773019,"ARIMA(2, 0, 2)",-0.01773019,-0.00338381,0.0116406,0.0,2025-W50
adj_close.csv,ARIMA,DBC,0.00410101,0.01467144,0.00305876,0.00410101,0.01467144,0.00305876,"ARIMA(2, 0, 2)",-0.00305876,0.00104225,-0.01773019,0.0,2025-W51
adj_close.csv,ARIMA,DBC,0.02225234,0.02957461,0.02651585,0.02225234,0.02957461,0.02651585,"ARIMA(2, 0, 2)",0.02651585,0.00426351,-0.00305876,0.0,2025-W52
adj_close.csv,ARIMA,DBC,0.01068307,0.04026641,0.01375055,0.01068307,0.04026641,0.01375055,"ARIMA(2, 0, 2)",-0.01375055,-0.00306749,0.02651585,0.0,2026-W01
adj_close.csv,ARIMA,DBC,0.02623617,0.03627305,0.02252249,0.02623617,0.03627305,0.02252249,"ARIMA(2, 0, 2)",0.02252249,-0.00371368,-0.01375055,0.0,2026-W02
adj_close.csv,ARIMA,DBC,0.00980678,0.01123274,0.01128975,0.00980678,0.01123274,0.01128975,"ARIMA(2, 0, 2)",0.01128975,0.00148297,0.02252249,0.0,2026-W03
adj_close.csv,ARIMA,DBC,0.04516685,0.03180946,0.04309921,0.04516685,0.03180946,0.04309921,"ARIMA(2, 0, 2)",0.04309921,-0.00206764,0.01128975,0.0,2026-W04
adj_close.csv,ARIMA,DBC,0.01635287,0.03281317,0.01028604,0.01635287,0.03281317,0.01028604,"ARIMA(2, 0, 2)",0.01028604,-0.00606683,0.04309921,0.0,2026-W05
adj_close.csv,ARIMA,DBC,0.03303224,0.0473968,0.03711076,0.03303224,0.0473968,0.03711076,"ARIMA(2, 0, 2)",-0.03711076,-0.00407852,0.01028604,0.0,2026-W06
adj_close.csv,ARIMA,DIA,0.00758345,0.00044148,0.00746676,0.00758345,0.00044148,0.00746676,"ARIMA(1, 0, 0)",0.00746676,-0.00011669,0.00702528,0.0,2024-W30
adj_close.csv,ARIMA,DIA,0.02189691,0.02948235,0.02201559,0.02189691,0.02948235,0.02201559,"ARIMA(1, 0, 0)",-0.02201559,-0.00011867,0.00746676,0.0,2024-W31
adj_close.csv,ARIMA,DIA,0.0053965,0.01701733,0.00499825,0.0053965,0.01701733,0.00499825,"ARIMA(1, 0, 0)",-0.00499825,0.00039825,-0.02201559,0.0,2024-W32
adj_close.csv,ARIMA,DIA,0.02963227,0.03471301,0.02971476,0.02963227,0.03471301,0.02971476,"ARIMA(1, 0, 0)",0.02971476,8.249e-05,-0.00499825,0.0,2024-W33
adj_close.csv,ARIMA,DIA,0.01298558,0.01727829,0.01243646,0.01298558,0.01727829,0.01243646,"ARIMA(1, 0, 0)",0.01243646,-0.00054912,0.02971476,0.0,2024-W34
adj_close.csv,ARIMA,DIA,0.01074591,0.00185711,0.01057936,0.01074591,0.00185711,0.01057936,"ARIMA(1, 0, 0)",0.01057936,-0.00016655,0.01243646,0.0,2024-W35
adj_close.csv,ARIMA,DIA,0.02848927,0.03919171,0.02861235,0.02848927,0.03919171,0.02861235,"ARIMA(1, 0, 0)",-0.02861235,-0.00012308,0.01057936,0.0,2024-W36
adj_close.csv,ARIMA,DIA,0.02511009,0.05416862,0.02555627,0.02511009,0.05416862,0.02555627,"ARIMA(1, 0, 0)",0.02555627,0.00044617,-0.02861235,0.0,2024-W37
adj_close.csv,ARIMA,DIA,0.01708025,0.0091132,0.01644306,0.01708025,0.0091132,0.01644306,"ARIMA(1, 0, 0)",0.01644306,-0.00063719,0.02555627,0.0,2024-W38
adj_close.csv,ARIMA,DIA,0.00596049,0.01080003,0.00564303,0.00596049,0.01080003,0.00564303,"ARIMA(1, 0, 0)",0.00564303,-0.00031746,0.01644306,0.0,2024-W39
adj_close.csv,ARIMA,DIA,0.00118875,0.00455612,0.00108691,0.00118875,0.00455612,0.00108691,"ARIMA(1, 0, 0)",0.00108691,-0.00010184,0.00564303,0.0,2024-W40
adj_close.csv,ARIMA,DIA,0.01250603,0.01139959,0.0124865,0.01250603,0.01139959,0.0124865,"ARIMA(1, 0, 0)",0.0124865,-1.952e-05,0.00108691,0.0,2024-W41
adj_close.csv,ARIMA,DIA,0.0096453,0.0030633,0.00942321,0.0096453,0.0030633,0.00942321,"ARIMA(1, 0, 0)",0.00942321,-0.0002221,0.0124865,0.0,2024-W42
adj_close.csv,ARIMA,DIA,0.02678753,0.0363638,0.0269406,0.02678753,0.0363638,0.0269406,"ARIMA(1, 0, 0)",-0.0269406,-0.00015307,0.00942321,0.0,2024-W43
adj_close.csv,ARIMA,DIA,0.00223577,0.02522948,0.00171112,0.00223577,0.02522948,0.00171112,"ARIMA(1, 0, 0)",-0.00171112,0.00052465,-0.0269406,0.0,2024-W44
adj_close.csv,ARIMA,DIA,0.04573833,0.04748147,0.04577035,0.04573833,0.04748147,0.04577035,"ARIMA(1, 0, 0)",0.04577035,3.202e-05,-0.00171112,0.0,2024-W45
adj_close.csv,ARIMA,DIA,0.01129585,0.05796802,0.01219767,0.01129585,0.05796802,0.01219767,"ARIMA(1, 0, 0)",-0.01219767,-0.00090182,0.04577035,0.0,2024-W46
adj_close.csv,ARIMA,DIA,0.01939364,0.03190954,0.01971187,0.01939364,0.03190954,0.01971187,"ARIMA(1, 0, 0)",0.01971187,0.00031823,-0.01219767,0.0,2024-W47
adj_close.csv,ARIMA,DIA,0.0160883,0.00419534,0.01551654,0.0160883,0.00419534,0.01551654,"ARIMA(1, 0, 0)",0.01551654,-0.00057176,0.01971187,0.0,2024-W48
adj_close.csv,ARIMA,DIA,0.00616368,0.02206991,0.00655337,0.00616368,0.02206991,0.00655337,"ARIMA(1, 0, 0)",-0.00655337,-0.00038969,0.01551654,0.0,2024-W49
adj_close.csv,ARIMA,DIA,0.01772443,0.0109988,0.01755217,0.01772443,0.0109988,0.01755217,"ARIMA(1, 0, 0)",-0.01755217,0.00017225,-0.00655337,0.0,2024-W50
adj_close.csv,ARIMA,DIA,0.02250915,0.00452055,0.02207273,0.02250915,0.00452055,0.02207273,"ARIMA(1, 0, 0)",-0.02207273,0.00043642,-0.01755217,0.0,2024-W51
adj_close.csv,ARIMA,DIA,0.00295842,0.02547373,0.003401,0.00295842,0.02547373,0.003401,"ARIMA(1, 0, 0)",0.003401,0.00044259,-0.02207273,0.0,2024-W52
adj_close.csv,ARIMA,DIA,0.00655573,0.01002762,0.00662662,0.00655573,0.01002762,0.00662662,"ARIMA(1, 0, 0)",-0.00662662,-7.088e-05,0.003401,0.0,2025-W01
adj_close.csv,ARIMA,DIA,0.01864041,0.01187389,0.01850051,0.01864041,0.01187389,0.01850051,"ARIMA(1, 0, 0)",-0.01850051,0.0001399,-0.00662662,0.0,2025-W02
adj_close.csv,ARIMA,DIA,0.03605651,0.05491995,0.03641944,0.03605651,0.05491995,0.03641944,"ARIMA(1, 0, 0)",0.03641944,0.00036293,-0.01850051,0.0,2025-W03
adj_close.csv,ARIMA,DIA,0.02239993,0.01502676,0.02139268,0.02239993,0.01502676,0.02139268,"ARIMA(1, 0, 0)",0.02139268,-0.00100725,0.03641944,0.0,2025-W04
adj_close.csv,ARIMA,DIA,0.00324013,0.01853718,0.0028555,0.00324013,0.01853718,0.0028555,"ARIMA(1, 0, 0)",0.0028555,-0.00038463,0.02139268,0.0,2025-W05
adj_close.csv,ARIMA,DIA,0.0050607,0.00796521,0.00510971,0.0050607,0.00796521,0.00510971,"ARIMA(1, 0, 0)",-0.00510971,-4.9e-05,0.0028555,0.0,2025-W06
adj_close.csv,ARIMA,DIA,0.00591891,0.01111718,0.00600747,0.00591891,0.01111718,0.00600747,"ARIMA(1, 0, 0)",0.00600747,8.856e-05,-0.00510971,0.0,2025-W07
adj_close.csv,ARIMA,DIA,0.02486089,0.03097463,0.02496716,0.02486089,0.03097463,0.02496716,"ARIMA(1, 0, 0)",-0.02496716,-0.00010626,0.00600747,0.0,2025-W08
adj_close.csv,ARIMA,DIA,0.00918748,0.03464023,0.00967307,0.00918748,0.03464023,0.00967307,"ARIMA(1, 0, 0)",0.00967307,0.0004856,-0.02496716,0.0,2025-W09
adj_close.csv,ARIMA,DIA,0.02311864,0.03300581,0.02333274,0.02311864,0.03300581,0.02333274,"ARIMA(1, 0, 0)",-0.02333274,-0.0002141,0.00967307,0.0,2025-W10
adj_close.csv,ARIMA,DIA,0.03116234,0.00725216,0.0305849,0.03116234,0.00725216,0.0305849,"ARIMA(1, 0, 0)",-0.0305849,0.00057744,-0.02333274,0.0,2025-W11
adj_close.csv,ARIMA,DIA,0.01161364,0.04269713,0.01211223,0.01161364,0.04269713,0.01211223,"ARIMA(1, 0, 0)",0.01211223,0.00049859,-0.0305849,0.0,2025-W12
adj_close.csv,ARIMA,DIA,0.00933112,0.02169025,0.00957801,0.00933112,0.02169025,0.00957801,"ARIMA(1, 0, 0)",-0.00957801,-0.00024689,0.01211223,0.0,2025-W13
adj_close.csv,ARIMA,DIA,0.08136975,0.07158408,0.0811621,0.08136975,0.07158408,0.0811621,"ARIMA(1, 0, 0)",-0.0811621,0.00020765,-0.00957801,0.0,2025-W14
adj_close.csv,ARIMA,DIA,0.04658428,0.1287811,0.047619,0.04658428,0.1287811,0.047619,"ARIMA(1, 0, 0)",0.047619,0.00103472,-0.0811621,0.0,2025-W15
adj_close.csv,ARIMA,DIA,0.02357832,0.07372285,0.02610386,0.02357832,0.07372285,0.02610386,"ARIMA(1, 0, 0)",-0.02610386,-0.00252554,0.047619,0.0,2025-W16
adj_close.csv,ARIMA,DIA,0.02269414,0.05048739,0.02438353,0.02269414,0.05048739,0.02438353,"ARIMA(1, 0, 0)",0.02438353,0.00168939,-0.02610386,0.0,2025-W17
adj_close.csv,ARIMA,DIA,0.03126029,0.00514948,0.02953301,0.03126029,0.00514948,0.02953301,"ARIMA(1, 0, 0)",0.02953301,-0.00172728,0.02438353,0.0,2025-W18
adj_close.csv,ARIMA,DIA,0.00035904,0.03103489,0.00150188,0.00035904,0.03103489,0.00150188,"ARIMA(1, 0, 0)",-0.00150188,-0.00186092,0.02953301,0.0,2025-W19
adj_close.csv,ARIMA,DIA,0.03435336,0.03594972,0.03444784,0.03435336,0.03594972,0.03444784,"ARIMA(1, 0, 0)",0.03444784,9.447e-05,-0.00150188,0.0,2025-W20
adj_close.csv,ARIMA,DIA,0.02206636,0.05869917,0.02425133,0.02206636,0.05869917,0.02425133,"ARIMA(1, 0, 0)",-0.02425133,-0.00218498,0.03444784,0.0,2025-W21
adj_close.csv,ARIMA,DIA,0.01381554,0.03979046,0.01553913,0.01381554,0.03979046,0.01553913,"ARIMA(1, 0, 0)",0.01553913,0.00172359,-0.02425133,0.0,2025-W22
adj_close.csv,ARIMA,DIA,0.01414964,0.00254592,0.01299321,0.01414964,0.00254592,0.01299321,"ARIMA(1, 0, 0)",0.01299321,-0.00115644,0.01553913,0.0,2025-W23
adj_close.csv,ARIMA,DIA,0.01214921,0.02608089,0.01308769,0.01214921,0.02608089,0.01308769,"ARIMA(1, 0, 0)",-0.01308769,-0.00093848,0.01299321,0.0,2025-W24
adj_close.csv,ARIMA,DIA,0.00061279,0.01344077,0.00035308,0.00061279,0.01344077,0.00035308,"ARIMA(1, 0, 0)",0.00035308,0.00096587,-0.01308769,0.0,2025-W25
adj_close.csv,ARIMA,DIA,0.0378085,0.03742939,0.03778247,0.0378085,0.03742939,0.03778247,"ARIMA(1, 0, 0)",0.03778247,-2.603e-05,0.00035308,0.0,2025-W26
adj_close.csv,ARIMA,DIA,0.02555547,0.01500732,0.02277515,0.02555547,0.01500732,0.02277515,"ARIMA(1, 0, 0)",0.02277515,-0.00278032,0.03778247,0.0,2025-W27
adj_close.csv,ARIMA,DIA,0.0086779,0.03291353,0.01013838,0.0086779,0.03291353,0.01013838,"ARIMA(1, 0, 0)",-0.01013838,-0.00146048,0.02277515,0.0,2025-W28
adj_close.csv,ARIMA,DIA,0.00096217,0.00984588,0.0002925,0.00096217,0.00984588,0.0002925,"ARIMA(1, 0, 0)",-0.0002925,0.00066967,-0.01013838,0.0,2025-W29
adj_close.csv,ARIMA,DIA,0.01289158,0.01320337,0.01291087,0.01289158,0.01320337,0.01291087,"ARIMA(1, 0, 0)",0.01291087,1.929e-05,-0.0002925,0.0,2025-W30
adj_close.csv,ARIMA,DIA,0.02921553,0.04297845,0.03006758,0.02921553,0.04297845,0.03006758,"ARIMA(1, 0, 0)",-0.03006758,-0.00085205,0.01291087,0.0,2025-W31
adj_close.csv,ARIMA,DIA,0.01203453,0.04419669,0.01412911,0.01203453,0.04419669,0.01412911,"ARIMA(1, 0, 0)",0.01412911,0.00209458,-0.03006758,0.0,2025-W32
adj_close.csv,ARIMA,DIA,0.01869962,0.00353695,0.01766607,0.01869962,0.00353695,0.01766607,"ARIMA(1, 0, 0)",0.01766607,-0.00103355,0.01412911,0.0,2025-W33
adj_close.csv,ARIMA,DIA,0.01694014,0.0019733,0.01569277,0.01694014,0.0019733,0.01569277,"ARIMA(1, 0, 0)",0.01569277,-0.00124738,0.01766607,0.0,2025-W34
adj_close.csv,ARIMA,DIA,0.00014225,0.01689801,0.00120525,0.00014225,0.01689801,0.00120525,"ARIMA(1, 0, 0)",-0.00120525,-0.001063,0.01569277,0.0,2025-W35
adj_close.csv,ARIMA,DIA,0.00249633,0.00120941,0.00241466,0.00249633,0.00120941,0.00241466,"ARIMA(1, 0, 0)",-0.00241466,8.167e-05,-0.00120525,0.0,2025-W36
adj_close.csv,ARIMA,DIA,0.00930817,0.01188637,0.00947171,0.00930817,0.01188637,0.00947171,"ARIMA(1, 0, 0)",0.00947171,0.00016355,-0.00241466,0.0,2025-W37
adj_close.csv,ARIMA,DIA,0.01134685,0.00123158,0.01070329,0.01134685,0.00123158,0.01070329,"ARIMA(1, 0, 0)",0.01070329,-0.00064356,0.00947171,0.0,2025-W38
adj_close.csv,ARIMA,DIA,0.0007104,0.01212994,0.00142664,0.0007104,0.01212994,0.00142664,"ARIMA(1, 0, 0)",-0.00142664,-0.00071624,0.01070329,0.0,2025-W39
adj_close.csv,ARIMA,DIA,0.01115434,0.01267656,0.01124991,0.01115434,0.01267656,0.01124991,"ARIMA(1, 0, 0)",0.01124991,9.557e-05,-0.00142664,0.0,2025-W40
adj_close.csv,ARIMA,DIA,0.02665377,0.03865903,0.02740912,0.02665377,0.03865903,0.02740912,"ARIMA(1, 0, 0)",-0.02740912,-0.00075535,0.01124991,0.0,2025-W41
adj_close.csv,ARIMA,DIA,0.01349559,0.04282342,0.01541431,0.01349559,0.04282342,0.01541431,"ARIMA(1, 0, 0)",0.01541431,0.00191871,-0.02740912,0.0,2025-W42
adj_close.csv,ARIMA,DIA,0.02346822,0.00692087,0.02233518,0.02346822,0.00692087,0.02233518,"ARIMA(1, 0, 0)",0.02233518,-0.00113304,0.01541431,0.0,2025-W43
adj_close.csv,ARIMA,DIA,0.00886603,0.01503456,0.00730061,0.00886603,0.01503456,0.00730061,"ARIMA(1, 0, 0)",0.00730061,-0.00156542,0.02233518,0.0,2025-W44
adj_close.csv,ARIMA,DIA,0.01179154,0.01959024,0.01228963,0.01179154,0.01959024,0.01228963,"ARIMA(1, 0, 0)",-0.01228963,-0.00049809,0.00730061,0.0,2025-W45
adj_close.csv,ARIMA,DIA,0.00327197,0.01641001,0.00412038,0.00327197,0.01641001,0.00412038,"ARIMA(1, 0, 0)",0.00412038,0.00084841,-0.01228963,0.0,2025-W46
adj_close.csv,ARIMA,DIA,0.01821306,0.02261945,0.01849907,0.01821306,0.02261945,0.01849907,"ARIMA(1, 0, 0)",-0.01849907,-0.000286,0.00412038,0.0,2025-W47
adj_close.csv,ARIMA,DIA,0.02979877,0.04959492,0.03109586,0.02979877,0.04959492,0.03109586,"ARIMA(1, 0, 0)",0.03109586,0.00129709,-0.01849907,0.0,2025-W48
adj_close.csv,ARIMA,DIA,0.00829557,0.02514098,0.00595488,0.00829557,0.02514098,0.00595488,"ARIMA(1, 0, 0)",0.00595488,-0.00234069,0.03109586,0.0,2025-W49
adj_close.csv,ARIMA,DIA,0.01155868,0.0051698,0.01112467,0.01155868,0.0051698,0.01112467,"ARIMA(1, 0, 0)",0.01112467,-0.000434,0.00595488,0.0,2025-W50
adj_close.csv,ARIMA,DIA,0.00581547,0.01774383,0.00661916,0.00581547,0.01774383,0.00661916,"ARIMA(1, 0, 0)",-0.00661916,-0.00080369,0.01112467,0.0,2025-W51
adj_close.csv,ARIMA,DIA,0.01166449,0.0187658,0.01214665,0.01166449,0.0187658,0.01214665,"ARIMA(1, 0, 0)",0.01214665,0.00048216,-0.00661916,0.0,2025-W52
adj_close.csv,ARIMA,DIA,0.00611204,0.01915216,0.00700552,0.00611204,0.01915216,0.00700552,"ARIMA(1, 0, 0)",-0.00700552,-0.00089347,0.01214665,0.0,2026-W01
adj_close.csv,ARIMA,DIA,0.02275781,0.03028344,0.02327793,0.02275781,0.03028344,0.02327793,"ARIMA(1, 0, 0)",0.02327793,0.00052011,-0.00700552,0.0,2026-W02
adj_close.csv,ARIMA,DIA,0.0011128,0.02615323,0.00287531,0.0011128,0.02615323,0.00287531,"ARIMA(1, 0, 0)",-0.00287531,-0.00176251,0.02327793,0.0,2026-W03
adj_close.csv,ARIMA,DIA,0.00527762,0.00218392,0.00505923,0.00527762,0.00218392,0.00505923,"ARIMA(1, 0, 0)",-0.00505923,0.00021839,-0.00287531,0.0,2026-W04
adj_close.csv,ARIMA,DIA,0.00426127,0.00118153,0.0038777,0.00426127,0.00118153,0.0038777,"ARIMA(1, 0, 0)",-0.0038777,0.00038356,-0.00505923,0.0,2026-W05
adj_close.csv,ARIMA,DIA,0.00987919,0.01405011,0.01017241,0.00987919,0.01405011,0.01017241,"ARIMA(1, 0, 0)",0.01017241,0.00029322,-0.0038777,0.0,2026-W06
adj_close.csv,ARIMA,DVY,0.01812268,0.00685764,0.02091386,0.01812268,0.00685764,0.02091386,"ARIMA(2, 0, 2)",0.02091386,0.00279118,0.01405622,0.0,2024-W30
adj_close.csv,ARIMA,DVY,0.01428262,0.03538217,0.01446831,0.01428262,0.03538217,0.01446831,"ARIMA(2, 0, 2)",-0.01446831,-0.0001857,0.02091386,0.0,2024-W31
adj_close.csv,ARIMA,DVY,0.0111092,0.00423043,0.01023788,0.0111092,0.00423043,0.01023788,"ARIMA(2, 0, 2)",-0.01023788,0.00087132,-0.01446831,0.0,2024-W32
adj_close.csv,ARIMA,DVY,0.02503926,0.03556163,0.02532375,0.02503926,0.03556163,0.02532375,"ARIMA(2, 0, 2)",0.02532375,0.00028449,-0.01023788,0.0,2024-W33
adj_close.csv,ARIMA,DVY,0.02023816,0.00477543,0.02054831,0.02023816,0.00477543,0.02054831,"ARIMA(2, 0, 2)",0.02054831,0.00031015,0.02532375,0.0,2024-W34
adj_close.csv,ARIMA,DVY,0.01402864,0.00695592,0.0135924,0.01402864,0.00695592,0.0135924,"ARIMA(2, 0, 2)",0.0135924,-0.00043624,0.02054831,0.0,2024-W35
adj_close.csv,ARIMA,DVY,0.0212835,0.03515512,0.02156272,0.0212835,0.03515512,0.02156272,"ARIMA(2, 0, 2)",-0.02156272,-0.00027923,0.0135924,0.0,2024-W36
adj_close.csv,ARIMA,DVY,0.01906841,0.03991294,0.01835022,0.01906841,0.03991294,0.01835022,"ARIMA(2, 0, 2)",0.01835022,-0.00071819,-0.02156272,0.0,2024-W37
adj_close.csv,ARIMA,DVY,0.0112771,0.0063008,0.01204942,0.0112771,0.0063008,0.01204942,"ARIMA(2, 0, 2)",0.01204942,0.00077231,0.01835022,0.0,2024-W38
adj_close.csv,ARIMA,DVY,0.00805117,0.004404,0.00764541,0.00805117,0.004404,0.00764541,"ARIMA(2, 0, 2)",0.00764541,-0.00040576,0.01204942,0.0,2024-W39
adj_close.csv,ARIMA,DVY,0.00371957,0.0115865,0.00394109,0.00371957,0.0115865,0.00394109,"ARIMA(2, 0, 2)",-0.00394109,-0.00022153,0.00764541,0.0,2024-W40
adj_close.csv,ARIMA,DVY,0.00079364,0.00446235,0.00052126,0.00079364,0.00446235,0.00052126,"ARIMA(2, 0, 2)",0.00052126,-0.00027238,-0.00394109,0.0,2024-W41
adj_close.csv,ARIMA,DVY,0.01906045,0.01865621,0.01917747,0.01906045,0.01865621,0.01917747,"ARIMA(2, 0, 2)",0.01917747,0.00011702,0.00052126,0.0,2024-W42
adj_close.csv,ARIMA,DVY,0.02411034,0.04305766,0.02388019,0.02411034,0.04305766,0.02388019,"ARIMA(2, 0, 2)",-0.02388019,0.00023015,0.01917747,0.0,2024-W43
adj_close.csv,ARIMA,DVY,0.0002339,0.02290701,0.00097319,0.0002339,0.02290701,0.00097319,"ARIMA(2, 0, 2)",-0.00097319,-0.00120709,-0.02388019,0.0,2024-W44
adj_close.csv,ARIMA,DVY,0.03176419,0.03513454,0.03416136,0.03176419,0.03513454,0.03416136,"ARIMA(2, 0, 2)",0.03416136,0.00239716,-0.00097319,0.0,2024-W45
adj_close.csv,ARIMA,DVY,0.00092626,0.03293185,0.00122951,0.00092626,0.03293185,0.00122951,"ARIMA(2, 0, 2)",0.00122951,0.00030325,0.03416136,0.0,2024-W46
adj_close.csv,ARIMA,DVY,0.02798337,0.02551868,0.02674819,0.02798337,0.02551868,0.02674819,"ARIMA(2, 0, 2)",0.02674819,-0.00123518,0.00122951,0.0,2024-W47
adj_close.csv,ARIMA,DVY,0.00909976,0.01743076,0.00931743,0.00909976,0.01743076,0.00931743,"ARIMA(2, 0, 2)",0.00931743,0.00021766,0.02674819,0.0,2024-W48
adj_close.csv,ARIMA,DVY,0.02491,0.03488381,0.02556638,0.02491,0.03488381,0.02556638,"ARIMA(2, 0, 2)",-0.02556638,-0.00065638,0.00931743,0.0,2024-W49
adj_close.csv,ARIMA,DVY,0.01990159,0.0051141,0.02045228,0.01990159,0.0051141,0.02045228,"ARIMA(2, 0, 2)",-0.02045228,-0.0005507,-0.02556638,0.0,2024-W50
adj_close.csv,ARIMA,DVY,0.03266483,0.01158806,0.03204034,0.03266483,0.01158806,0.03204034,"ARIMA(2, 0, 2)",-0.03204034,0.00062448,-0.02045228,0.0,2024-W51
adj_close.csv,ARIMA,DVY,0.00457061,0.03652176,0.00448142,0.00457061,0.03652176,0.00448142,"ARIMA(2, 0, 2)",0.00448142,-8.919e-05,-0.03204034,0.0,2024-W52
adj_close.csv,ARIMA,DVY,0.0015643,0.00501204,0.00053062,0.0015643,0.00501204,0.00053062,"ARIMA(2, 0, 2)",-0.00053062,0.00103368,0.00448142,0.0,2025-W01
adj_close.csv,ARIMA,DVY,0.02519105,0.02481046,0.02534108,0.02519105,0.02481046,0.02534108,"ARIMA(2, 0, 2)",-0.02534108,-0.00015003,-0.00053062,0.0,2025-W02
adj_close.csv,ARIMA,DVY,0.0476936,0.07258205,0.04724097,0.0476936,0.07258205,0.04724097,"ARIMA(2, 0, 2)",0.04724097,-0.00045263,-0.02534108,0.0,2025-W03
adj_close.csv,ARIMA,DVY,0.00108314,0.04501797,0.002223,0.00108314,0.04501797,0.002223,"ARIMA(2, 0, 2)",0.002223,0.00113986,0.04724097,0.0,2025-W04
adj_close.csv,ARIMA,DVY,0.00115307,0.00481727,0.00259427,0.00115307,0.00481727,0.00259427,"ARIMA(2, 0, 2)",-0.00259427,-0.0014412,0.002223,0.0,2025-W05
adj_close.csv,ARIMA,DVY,0.00476834,0.00224087,0.00483514,0.00476834,0.00224087,0.00483514,"ARIMA(2, 0, 2)",-0.00483514,-6.68e-05,-0.00259427,0.0,2025-W06
adj_close.csv,ARIMA,DVY,0.0119172,0.01676955,0.01193441,0.0119172,0.01676955,0.01193441,"ARIMA(2, 0, 2)",0.01193441,1.721e-05,-0.00483514,0.0,2025-W07
adj_close.csv,ARIMA,DVY,0.00694923,0.00473916,0.00719525,0.00694923,0.00473916,0.00719525,"ARIMA(2, 0, 2)",0.00719525,0.00024601,0.01193441,0.0,2025-W08
adj_close.csv,ARIMA,DVY,0.01057903,0.0030672,0.01026245,0.01057903,0.0030672,0.01026245,"ARIMA(2, 0, 2)",0.01026245,-0.00031658,0.00719525,0.0,2025-W09
adj_close.csv,ARIMA,DVY,0.02778377,0.03816427,0.02790182,0.02778377,0.03816427,0.02790182,"ARIMA(2, 0, 2)",-0.02790182,-0.00011806,0.01026245,0.0,2025-W10
adj_close.csv,ARIMA,DVY,0.00792311,0.01945216,0.00844966,0.00792311,0.01945216,0.00844966,"ARIMA(2, 0, 2)",-0.00844966,-0.00052656,-0.02790182,0.0,2025-W11
adj_close.csv,ARIMA,DVY,0.00397255,0.01327066,0.004821,0.00397255,0.01327066,0.004821,"ARIMA(2, 0, 2)",0.004821,0.00084846,-0.00844966,0.0,2025-W12
adj_close.csv,ARIMA,DVY,0.00054163,0.00504688,0.00022588,0.00054163,0.00504688,0.00022588,"ARIMA(2, 0, 2)",-0.00022588,0.00031575,0.004821,0.0,2025-W13
adj_close.csv,ARIMA,DVY,0.08364503,0.08357183,0.08379772,0.08364503,0.08357183,0.08379772,"ARIMA(2, 0, 2)",-0.08379772,-0.00015268,-0.00022588,0.0,2025-W14
adj_close.csv,ARIMA,DVY,0.01670824,0.09980712,0.0160094,0.01670824,0.09980712,0.0160094,"ARIMA(2, 0, 2)",0.0160094,-0.00069883,-0.08379772,0.0,2025-W15
adj_close.csv,ARIMA,DVY,0.01150525,0.00144328,0.01456612,0.01150525,0.00144328,0.01456612,"ARIMA(2, 0, 2)",0.01456612,0.00306087,0.0160094,0.0,2025-W16
adj_close.csv,ARIMA,DVY,0.0149417,0.00036578,0.01420035,0.0149417,0.00036578,0.01420035,"ARIMA(2, 0, 2)",0.01420035,-0.00074135,0.01456612,0.0,2025-W17
adj_close.csv,ARIMA,DVY,0.02020083,0.00226983,0.01647017,0.02020083,0.00226983,0.01647017,"ARIMA(2, 0, 2)",0.01647017,-0.00373065,0.01420035,0.0,2025-W18
adj_close.csv,ARIMA,DVY,0.00059054,0.01762663,0.00115645,0.00059054,0.01762663,0.00115645,"ARIMA(2, 0, 2)",-0.00115645,-0.00056592,0.01647017,0.0,2025-W19
adj_close.csv,ARIMA,DVY,0.03221122,0.03266883,0.03151237,0.03221122,0.03266883,0.03151237,"ARIMA(2, 0, 2)",0.03151237,-0.00069885,-0.00115645,0.0,2025-W20
adj_close.csv,ARIMA,DVY,0.02629715,0.05771602,0.02620365,0.02629715,0.05771602,0.02620365,"ARIMA(2, 0, 2)",-0.02620365,9.35e-05,0.03151237,0.0,2025-W21
adj_close.csv,ARIMA,DVY,0.00754913,0.03270476,0.00650112,0.00754913,0.03270476,0.00650112,"ARIMA(2, 0, 2)",0.00650112,-0.00104802,-0.02620365,0.0,2025-W22
adj_close.csv,ARIMA,DVY,0.00277789,0.00284833,0.00365279,0.00277789,0.00284833,0.00365279,"ARIMA(2, 0, 2)",0.00365279,0.0008749,0.00650112,0.0,2025-W23
adj_close.csv,ARIMA,DVY,0.00322897,0.007153,0.00350021,0.00322897,0.007153,0.00350021,"ARIMA(2, 0, 2)",-0.00350021,-0.00027124,0.00365279,0.0,2025-W24
adj_close.csv,ARIMA,DVY,0.00303655,0.006443,0.00294279,0.00303655,0.006443,0.00294279,"ARIMA(2, 0, 2)",0.00294279,-9.377e-05,-0.00350021,0.0,2025-W25
adj_close.csv,ARIMA,DVY,0.01361399,0.01077267,0.01371546,0.01361399,0.01077267,0.01371546,"ARIMA(2, 0, 2)",0.01371546,0.00010146,0.00294279,0.0,2025-W26
adj_close.csv,ARIMA,DVY,0.03375497,0.0198455,0.03356095,0.03375497,0.0198455,0.03356095,"ARIMA(2, 0, 2)",0.03356095,-0.00019402,0.01371546,0.0,2025-W27
adj_close.csv,ARIMA,DVY,0.00281268,0.03693274,0.00337179,0.00281268,0.03693274,0.00337179,"ARIMA(2, 0, 2)",-0.00337179,-0.00055911,0.03356095,0.0,2025-W28
adj_close.csv,ARIMA,DVY,0.00300519,0.00082246,0.00419425,0.00300519,0.00082246,0.00419425,"ARIMA(2, 0, 2)",-0.00419425,-0.00118906,-0.00337179,0.0,2025-W29
adj_close.csv,ARIMA,DVY,0.01785321,0.02217063,0.01797638,0.01785321,0.02217063,0.01797638,"ARIMA(2, 0, 2)",0.01797638,0.00012317,-0.00419425,0.0,2025-W30
adj_close.csv,ARIMA,DVY,0.03058212,0.04849237,0.03051599,0.03058212,0.04849237,0.03051599,"ARIMA(2, 0, 2)",-0.03051599,6.613e-05,0.01797638,0.0,2025-W31
adj_close.csv,ARIMA,DVY,0.01646831,0.04658876,0.01607277,0.01646831,0.04658876,0.01607277,"ARIMA(2, 0, 2)",0.01607277,-0.00039554,-0.03051599,0.0,2025-W32
adj_close.csv,ARIMA,DVY,0.01440377,0.00083317,0.0152396,0.01440377,0.00083317,0.0152396,"ARIMA(2, 0, 2)",0.0152396,0.00083583,0.01607277,0.0,2025-W33
adj_close.csv,ARIMA,DVY,0.02922982,0.01322463,0.02846423,0.02922982,0.01322463,0.02846423,"ARIMA(2, 0, 2)",0.02846423,-0.00076559,0.0152396,0.0,2025-W34
adj_close.csv,ARIMA,DVY,0.00156283,0.03071733,0.0022531,0.00156283,0.03071733,0.0022531,"ARIMA(2, 0, 2)",-0.0022531,-0.00069027,0.02846423,0.0,2025-W35
adj_close.csv,ARIMA,DVY,0.00011099,0.00140681,0.00084629,0.00011099,0.00140681,0.00084629,"ARIMA(2, 0, 2)",-0.00084629,-0.00095728,-0.0022531,0.0,2025-W36
adj_close.csv,ARIMA,DVY,0.0012727,0.00218577,0.00133948,0.0012727,0.00218577,0.00133948,"ARIMA(2, 0, 2)",0.00133948,6.678e-05,-0.00084629,0.0,2025-W37
adj_close.csv,ARIMA,DVY,0.00283866,0.00417512,0.00283564,0.00283866,0.00417512,0.00283564,"ARIMA(2, 0, 2)",-0.00283564,3.03e-06,0.00133948,0.0,2025-W38
adj_close.csv,ARIMA,DVY,0.00769296,0.01050504,0.00766941,0.00769296,0.01050504,0.00766941,"ARIMA(2, 0, 2)",0.00766941,-2.355e-05,-0.00283564,0.0,2025-W39
adj_close.csv,ARIMA,DVY,0.01226517,0.00463435,0.01230376,0.01226517,0.00463435,0.01230376,"ARIMA(2, 0, 2)",0.01230376,3.86e-05,0.00766941,0.0,2025-W40
adj_close.csv,ARIMA,DVY,0.03485938,0.04750495,0.03520118,0.03485938,0.04750495,0.03520118,"ARIMA(2, 0, 2)",-0.03520118,-0.0003418,0.01230376,0.0,2025-W41
adj_close.csv,ARIMA,DVY,0.01467515,0.04978745,0.01458626,0.01467515,0.04978745,0.01458626,"ARIMA(2, 0, 2)",0.01458626,-8.889e-05,-0.03520118,0.0,2025-W42
adj_close.csv,ARIMA,DVY,0.01582056,0.00224825,0.01683452,0.01582056,0.00224825,0.01683452,"ARIMA(2, 0, 2)",0.01683452,0.00101396,0.01458626,0.0,2025-W43
adj_close.csv,ARIMA,DVY,0.02336112,0.04097149,0.02413698,0.02336112,0.04097149,0.02413698,"ARIMA(2, 0, 2)",-0.02413698,-0.00077586,0.01683452,0.0,2025-W44
adj_close.csv,ARIMA,DVY,0.00775909,0.03158209,0.00744511,0.00775909,0.03158209,0.00744511,"ARIMA(2, 0, 2)",0.00744511,-0.00031399,-0.02413698,0.0,2025-W45
adj_close.csv,ARIMA,DVY,0.00221332,0.00438299,0.00306212,0.00221332,0.00438299,0.00306212,"ARIMA(2, 0, 2)",0.00306212,0.00084879,0.00744511,0.0,2025-W46
adj_close.csv,ARIMA,DVY,0.00455721,0.00798035,0.00491823,0.00455721,0.00798035,0.00491823,"ARIMA(2, 0, 2)",-0.00491823,-0.00036102,0.00306212,0.0,2025-W47
adj_close.csv,ARIMA,DVY,0.02549781,0.0303861,0.02546787,0.02549781,0.0303861,0.02546787,"ARIMA(2, 0, 2)",0.02546787,-2.994e-05,-0.00491823,0.0,2025-W48
adj_close.csv,ARIMA,DVY,0.01171697,0.0374507,0.01198283,0.01171697,0.0374507,0.01198283,"ARIMA(2, 0, 2)",-0.01198283,-0.00026586,0.02546787,0.0,2025-W49
adj_close.csv,ARIMA,DVY,0.01688586,0.02806696,0.01608412,0.01688586,0.02806696,0.01608412,"ARIMA(2, 0, 2)",0.01608412,-0.00080173,-0.01198283,0.0,2025-W50
adj_close.csv,ARIMA,DVY,0.00470151,0.02070495,0.00462083,0.00470151,0.02070495,0.00462083,"ARIMA(2, 0, 2)",-0.00462083,8.069e-05,0.01608412,0.0,2025-W51
adj_close.csv,ARIMA,DVY,0.00571038,0.00982288,0.00520205,0.00571038,0.00982288,0.00520205,"ARIMA(2, 0, 2)",0.00520205,-0.00050833,-0.00462083,0.0,2025-W52
adj_close.csv,ARIMA,DVY,2.495e-05,0.00513187,7.018e-05,2.495e-05,0.00513187,7.018e-05,"ARIMA(2, 0, 2)",7.018e-05,4.523e-05,0.00520205,0.0,2026-W01
adj_close.csv,ARIMA,DVY,0.02101652,0.02074511,0.02081529,0.02101652,0.02074511,0.02081529,"ARIMA(2, 0, 2)",0.02081529,-0.00020123,7.018e-05,0.0,2026-W02
adj_close.csv,ARIMA,DVY,0.01337696,0.0079207,0.0128946,0.01337696,0.0079207,0.0128946,"ARIMA(2, 0, 2)",0.0128946,-0.00048236,0.02081529,0.0,2026-W03
adj_close.csv,ARIMA,DVY,0.00352254,0.01038964,0.00250496,0.00352254,0.01038964,0.00250496,"ARIMA(2, 0, 2)",0.00250496,-0.00101758,0.0128946,0.0,2026-W04
adj_close.csv,ARIMA,DVY,0.01774929,0.0147236,0.01722856,0.01774929,0.0147236,0.01722856,"ARIMA(2, 0, 2)",0.01722856,-0.00052073,0.00250496,0.0,2026-W05
adj_close.csv,ARIMA,DVY,0.00515451,0.01252086,0.00470771,0.00515451,0.01252086,0.00470771,"ARIMA(2, 0, 2)",0.00470771,-0.00044681,0.01722856,0.0,2026-W06
adj_close.csv,ARIMA,EEM,0.00534197,0.03164785,0.00893071,0.00534197,0.03164785,0.00893071,"ARIMA(1, 0, 3)",-0.00893071,-0.00358874,-0.04057856,0.0,2024-W30
adj_close.csv,ARIMA,EEM,0.02198928,0.0091737,0.01810441,0.02198928,0.0091737,0.01810441,"ARIMA(1, 0, 3)",-0.01810441,0.00388486,-0.00893071,0.0,2024-W31
adj_close.csv,ARIMA,EEM,0.00527594,0.02910146,0.01099705,0.00527594,0.02910146,0.01099705,"ARIMA(1, 0, 3)",0.01099705,0.00572111,-0.01810441,0.0,2024-W32
adj_close.csv,ARIMA,EEM,0.0333032,0.02059561,0.03159266,0.0333032,0.02059561,0.03159266,"ARIMA(1, 0, 3)",0.03159266,-0.00171054,0.01099705,0.0,2024-W33
adj_close.csv,ARIMA,EEM,0.0069284,0.02173585,0.00985681,0.0069284,0.02173585,0.00985681,"ARIMA(1, 0, 3)",0.00985681,0.00292842,0.03159266,0.0,2024-W34
adj_close.csv,ARIMA,EEM,0.00285746,0.02063562,0.01077881,0.00285746,0.02063562,0.01077881,"ARIMA(1, 0, 3)",-0.01077881,-0.00792135,0.00985681,0.0,2024-W35
adj_close.csv,ARIMA,EEM,0.03716026,0.02657131,0.03735012,0.03716026,0.02657131,0.03735012,"ARIMA(1, 0, 3)",-0.03735012,-0.00018986,-0.01077881,0.0,2024-W36
adj_close.csv,ARIMA,EEM,0.02361401,0.06217115,0.02482103,0.02361401,0.06217115,0.02482103,"ARIMA(1, 0, 3)",0.02482103,0.00120702,-0.03735012,0.0,2024-W37
adj_close.csv,ARIMA,EEM,0.01720814,0.00494058,0.01988045,0.01720814,0.00494058,0.01988045,"ARIMA(1, 0, 3)",0.01988045,0.00267231,0.02482103,0.0,2024-W38
adj_close.csv,ARIMA,EEM,0.06403118,0.04481546,0.06469591,0.06403118,0.04481546,0.06469591,"ARIMA(1, 0, 3)",0.06469591,0.00066473,0.01988045,0.0,2024-W39
adj_close.csv,ARIMA,EEM,0.01856375,0.05700199,0.00769392,0.01856375,0.05700199,0.00769392,"ARIMA(1, 0, 3)",0.00769392,-0.01086984,0.06469591,0.0,2024-W40
adj_close.csv,ARIMA,EEM,0.01103699,0.020766,0.01307209,0.01103699,0.020766,0.01307209,"ARIMA(1, 0, 3)",-0.01307209,-0.0020351,0.00769392,0.0,2024-W41
adj_close.csv,ARIMA,EEM,0.00197086,0.00353584,0.00953625,0.00197086,0.00353584,0.00953625,"ARIMA(1, 0, 3)",-0.00953625,-0.01150712,-0.01307209,0.0,2024-W42
adj_close.csv,ARIMA,EEM,0.02469565,0.00803889,0.01757514,0.02469565,0.00803889,0.01757514,"ARIMA(1, 0, 3)",-0.01757514,0.00712051,-0.00953625,0.0,2024-W43
adj_close.csv,ARIMA,EEM,0.01140789,0.00351409,0.01406105,0.01140789,0.00351409,0.01406105,"ARIMA(1, 0, 3)",-0.01406105,-0.00265316,-0.01757514,0.0,2024-W44
adj_close.csv,ARIMA,EEM,0.00162097,0.01765086,0.00358981,0.00162097,0.01765086,0.00358981,"ARIMA(1, 0, 3)",0.00358981,0.00521078,-0.01406105,0.0,2024-W45
adj_close.csv,ARIMA,EEM,0.04040801,0.0424075,0.03881769,0.04040801,0.0424075,0.03881769,"ARIMA(1, 0, 3)",-0.03881769,0.00159032,0.00358981,0.0,2024-W46
adj_close.csv,ARIMA,EEM,0.00494481,0.04647164,0.00765395,0.00494481,0.04647164,0.00765395,"ARIMA(1, 0, 3)",0.00765395,0.00270914,-0.03881769,0.0,2024-W47
adj_close.csv,ARIMA,EEM,0.00234992,0.00811623,0.00046228,0.00234992,0.00811623,0.00046228,"ARIMA(1, 0, 3)",-0.00046228,0.00188764,0.00765395,0.0,2024-W48
adj_close.csv,ARIMA,EEM,0.00845477,0.01400861,0.01354634,0.00845477,0.01400861,0.01354634,"ARIMA(1, 0, 3)",0.01354634,0.00509157,-0.00046228,0.0,2024-W49
adj_close.csv,ARIMA,EEM,0.00940144,0.00944974,0.0040966,0.00940144,0.00944974,0.0040966,"ARIMA(1, 0, 3)",0.0040966,-0.00530484,0.01354634,0.0,2024-W50
adj_close.csv,ARIMA,EEM,0.02769097,0.0281489,0.0240523,0.02769097,0.0281489,0.0240523,"ARIMA(1, 0, 3)",-0.0240523,0.00363867,0.0040966,0.0,2024-W51
adj_close.csv,ARIMA,EEM,0.00506921,0.02476178,0.00070947,0.00506921,0.02476178,0.00070947,"ARIMA(1, 0, 3)",0.00070947,-0.00435974,-0.0240523,0.0,2024-W52
adj_close.csv,ARIMA,EEM,0.00811967,0.00426189,0.00355241,0.00811967,0.00426189,0.00355241,"ARIMA(1, 0, 3)",-0.00355241,0.00456726,0.00070947,0.0,2025-W01
adj_close.csv,ARIMA,EEM,0.02627651,0.02191751,0.02546992,0.02627651,0.02191751,0.02546992,"ARIMA(1, 0, 3)",-0.02546992,0.00080659,-0.00355241,0.0,2025-W02
adj_close.csv,ARIMA,EEM,0.02358684,0.04951534,0.02404542,0.02358684,0.04951534,0.02404542,"ARIMA(1, 0, 3)",0.02404542,0.00045858,-0.02546992,0.0,2025-W03
adj_close.csv,ARIMA,EEM,0.01759168,0.00381892,0.0202265,0.01759168,0.00381892,0.0202265,"ARIMA(1, 0, 3)",0.0202265,0.00263482,0.02404542,0.0,2025-W04
adj_close.csv,ARIMA,EEM,0.00414929,0.02559594,0.00536944,0.00414929,0.02559594,0.00536944,"ARIMA(1, 0, 3)",-0.00536944,-0.00122015,0.0202265,0.0,2025-W05
adj_close.csv,ARIMA,EEM,0.01619868,0.01654269,0.01117325,0.01619868,0.01654269,0.01117325,"ARIMA(1, 0, 3)",0.01117325,-0.00502543,-0.00536944,0.0,2025-W06
adj_close.csv,ARIMA,EEM,0.02675299,0.01645096,0.02762421,0.02675299,0.01645096,0.02762421,"ARIMA(1, 0, 3)",0.02762421,0.00087122,0.01117325,0.0,2025-W07
adj_close.csv,ARIMA,EEM,0.01380526,0.0166511,0.0109731,0.01380526,0.0166511,0.0109731,"ARIMA(1, 0, 3)",0.0109731,-0.00283216,0.02762421,0.0,2025-W08
adj_close.csv,ARIMA,EEM,0.03456944,0.04933902,0.03836591,0.03456944,0.04933902,0.03836591,"ARIMA(1, 0, 3)",-0.03836591,-0.00379648,0.0109731,0.0,2025-W09
adj_close.csv,ARIMA,EEM,0.02928314,0.06598382,0.0276179,0.02928314,0.06598382,0.0276179,"ARIMA(1, 0, 3)",0.0276179,-0.00166523,-0.03836591,0.0,2025-W10
adj_close.csv,ARIMA,EEM,0.00228504,0.02402235,0.00359555,0.00228504,0.02402235,0.00359555,"ARIMA(1, 0, 3)",0.00359555,0.00131051,0.0276179,0.0,2025-W11
adj_close.csv,ARIMA,EEM,0.00149463,0.00359555,0.0,0.00149463,0.00359555,0.0,"ARIMA(1, 0, 3)",0.0,0.00149463,0.00359555,0.0,2025-W12
adj_close.csv,ARIMA,EEM,0.01163723,0.01833665,0.01833665,0.01163723,0.01833665,0.01833665,"ARIMA(1, 0, 3)",-0.01833665,-0.00669941,0.0,0.0,2025-W13
adj_close.csv,ARIMA,EEM,0.08166817,0.05733667,0.07567332,0.08166817,0.05733667,0.07567332,"ARIMA(1, 0, 3)",-0.07567332,0.00599485,-0.01833665,0.0,2025-W14
adj_close.csv,ARIMA,EEM,0.02375415,0.10409744,0.02842412,0.02375415,0.10409744,0.02842412,"ARIMA(1, 0, 3)",0.02842412,0.00466996,-0.07567332,0.0,2025-W15
adj_close.csv,ARIMA,EEM,0.00110182,0.02436054,0.00406357,0.00110182,0.02436054,0.00406357,"ARIMA(1, 0, 3)",0.00406357,0.00516539,0.02842412,0.0,2025-W16
adj_close.csv,ARIMA,EEM,0.02700323,0.03178418,0.03584775,0.02700323,0.03178418,0.03584775,"ARIMA(1, 0, 3)",0.03584775,0.00884452,0.00406357,0.0,2025-W17
adj_close.csv,ARIMA,EEM,0.04138706,0.00079602,0.03505173,0.04138706,0.00079602,0.03505173,"ARIMA(1, 0, 3)",0.03505173,-0.00633533,0.03584775,0.0,2025-W18
adj_close.csv,ARIMA,EEM,0.00118491,0.03705382,0.0020021,0.00118491,0.03705382,0.0020021,"ARIMA(1, 0, 3)",-0.0020021,-0.00318701,0.03505173,0.0,2025-W19
adj_close.csv,ARIMA,EEM,0.0352034,0.03161928,0.02961718,0.0352034,0.03161928,0.02961718,"ARIMA(1, 0, 3)",0.02961718,-0.00558621,-0.0020021,0.0,2025-W20
adj_close.csv,ARIMA,EEM,0.0080471,0.03026591,0.00064872,0.0080471,0.03026591,0.00064872,"ARIMA(1, 0, 3)",-0.00064872,-0.00869582,0.02961718,0.0,2025-W21
adj_close.csv,ARIMA,EEM,0.01132584,0.01482837,0.01547709,0.01132584,0.01482837,0.01547709,"ARIMA(1, 0, 3)",-0.01547709,-0.00415125,-0.00064872,0.0,2025-W22
adj_close.csv,ARIMA,EEM,0.03586439,0.04576931,0.03029222,0.03586439,0.04576931,0.03029222,"ARIMA(1, 0, 3)",0.03029222,-0.00557217,-0.01547709,0.0,2025-W23
adj_close.csv,ARIMA,EEM,0.00876087,0.02625091,0.00404131,0.00876087,0.02625091,0.00404131,"ARIMA(1, 0, 3)",0.00404131,-0.00471956,0.03029222,0.0,2025-W24
adj_close.csv,ARIMA,EEM,0.00588113,0.011096,0.00705469,0.00588113,0.011096,0.00705469,"ARIMA(1, 0, 3)",-0.00705469,-0.00117356,0.00404131,0.0,2025-W25
adj_close.csv,ARIMA,EEM,0.04184072,0.04433916,0.03728447,0.04184072,0.04433916,0.03728447,"ARIMA(1, 0, 3)",0.03728447,-0.00455625,-0.00705469,0.0,2025-W26
adj_close.csv,ARIMA,EEM,0.01706659,0.02344846,0.01383601,0.01706659,0.02344846,0.01383601,"ARIMA(1, 0, 3)",0.01383601,-0.00323058,0.03728447,0.0,2025-W27
adj_close.csv,ARIMA,EEM,0.00768548,0.0241432,0.01030719,0.00768548,0.0241432,0.01030719,"ARIMA(1, 0, 3)",-0.01030719,-0.00262171,0.01383601,0.0,2025-W28
adj_close.csv,ARIMA,EEM,0.02223122,0.0271558,0.01684862,0.02223122,0.0271558,0.01684862,"ARIMA(1, 0, 3)",0.01684862,-0.0053826,-0.01030719,0.0,2025-W29
adj_close.csv,ARIMA,EEM,0.0113071,0.00812569,0.00872293,0.0113071,0.00812569,0.00872293,"ARIMA(1, 0, 3)",0.00872293,-0.00258418,0.01684862,0.0,2025-W30
adj_close.csv,ARIMA,EEM,0.02497109,0.03553845,0.02681552,0.02497109,0.03553845,0.02681552,"ARIMA(1, 0, 3)",-0.02681552,-0.00184443,0.00872293,0.0,2025-W31
adj_close.csv,ARIMA,EEM,0.02691294,0.0522162,0.02540068,0.02691294,0.0522162,0.02540068,"ARIMA(1, 0, 3)",0.02540068,-0.00151226,-0.02681552,0.0,2025-W32
adj_close.csv,ARIMA,EEM,0.01316795,0.01533819,0.01006249,0.01316795,0.01533819,0.01006249,"ARIMA(1, 0, 3)",0.01006249,-0.00310546,0.02540068,0.0,2025-W33
adj_close.csv,ARIMA,EEM,0.01368866,0.00365956,0.01372205,0.01368866,0.00365956,0.01372205,"ARIMA(1, 0, 3)",0.01372205,3.339e-05,0.01006249,0.0,2025-W34
adj_close.csv,ARIMA,EEM,0.01087221,0.02904725,0.01532521,0.01087221,0.02904725,0.01532521,"ARIMA(1, 0, 3)",-0.01532521,-0.004453,0.01372205,0.0,2025-W35
adj_close.csv,ARIMA,EEM,0.0137968,0.02708889,0.01176368,0.0137968,0.02708889,0.01176368,"ARIMA(1, 0, 3)",0.01176368,-0.00203312,-0.01532521,0.0,2025-W36
adj_close.csv,ARIMA,EEM,0.03779781,0.02348481,0.03524849,0.03779781,0.02348481,0.03524849,"ARIMA(1, 0, 3)",0.03524849,-0.00254932,0.01176368,0.0,2025-W37
adj_close.csv,ARIMA,EEM,0.0163066,0.02099918,0.01424931,0.0163066,0.02099918,0.01424931,"ARIMA(1, 0, 3)",0.01424931,-0.0020573,0.03524849,0.0,2025-W38
adj_close.csv,ARIMA,EEM,0.00198947,0.01992472,0.00567541,0.00198947,0.01992472,0.00567541,"ARIMA(1, 0, 3)",-0.00567541,-0.00368594,0.01424931,0.0,2025-W39
adj_close.csv,ARIMA,EEM,0.03341254,0.03410447,0.02842906,0.03341254,0.03410447,0.02842906,"ARIMA(1, 0, 3)",0.02842906,-0.00498348,-0.00567541,0.0,2025-W40
adj_close.csv,ARIMA,EEM,0.04067755,0.07157411,0.04314504,0.04067755,0.07157411,0.04314504,"ARIMA(1, 0, 3)",-0.04314504,-0.00246749,0.02842906,0.0,2025-W41
adj_close.csv,ARIMA,EEM,0.04184202,0.08536768,0.04222264,0.04184202,0.08536768,0.04222264,"ARIMA(1, 0, 3)",0.04222264,0.00038062,-0.04314504,0.0,2025-W42
adj_close.csv,ARIMA,EEM,0.02172158,0.02538475,0.01683789,0.02172158,0.02538475,0.01683789,"ARIMA(1, 0, 3)",0.01683789,-0.00488369,0.04222264,0.0,2025-W43
adj_close.csv,ARIMA,EEM,0.00234446,0.01321471,0.00362319,0.00234446,0.01321471,0.00362319,"ARIMA(1, 0, 3)",0.00362319,0.00127872,0.01683789,0.0,2025-W44
adj_close.csv,ARIMA,EEM,0.00791222,0.01727837,0.01365519,0.00791222,0.01727837,0.01365519,"ARIMA(1, 0, 3)",-0.01365519,-0.00574297,0.00362319,0.0,2025-W45
adj_close.csv,ARIMA,EEM,0.00771287,0.02114315,0.00748796,0.00771287,0.02114315,0.00748796,"ARIMA(1, 0, 3)",0.00748796,-0.00022491,-0.01365519,0.0,2025-W46
adj_close.csv,ARIMA,EEM,0.0341528,0.04191671,0.03442875,0.0341528,0.04191671,0.03442875,"ARIMA(1, 0, 3)",-0.03442875,-0.00027595,0.00748796,0.0,2025-W47
adj_close.csv,ARIMA,EEM,0.01985802,0.05714434,0.02271559,0.01985802,0.05714434,0.02271559,"ARIMA(1, 0, 3)",0.02271559,0.00285757,-0.03442875,0.0,2025-W48
adj_close.csv,ARIMA,EEM,0.01154632,0.01501338,0.00770221,0.01154632,0.01501338,0.00770221,"ARIMA(1, 0, 3)",0.00770221,-0.00384411,0.02271559,0.0,2025-W49
adj_close.csv,ARIMA,EEM,0.01384495,0.01687822,0.00917601,0.01384495,0.01687822,0.00917601,"ARIMA(1, 0, 3)",-0.00917601,0.00466894,0.00770221,0.0,2025-W50
adj_close.csv,ARIMA,EEM,0.01112348,0.01375188,0.00457588,0.01112348,0.01375188,0.00457588,"ARIMA(1, 0, 3)",0.00457588,-0.0065476,-0.00917601,0.0,2025-W51
adj_close.csv,ARIMA,EEM,0.01500186,0.01532891,0.01990479,0.01500186,0.01532891,0.01990479,"ARIMA(1, 0, 3)",0.01990479,0.00490292,0.00457588,0.0,2025-W52
adj_close.csv,ARIMA,EEM,0.03071914,0.00603331,0.0259381,0.03071914,0.00603331,0.0259381,"ARIMA(1, 0, 3)",0.0259381,-0.00478104,0.01990479,0.0,2026-W01
adj_close.csv,ARIMA,EEM,0.01693064,0.01006199,0.01587611,0.01693064,0.01006199,0.01587611,"ARIMA(1, 0, 3)",0.01587611,-0.00105453,0.0259381,0.0,2026-W02
adj_close.csv,ARIMA,EEM,0.0180784,0.0031814,0.01269471,0.0180784,0.0031814,0.01269471,"ARIMA(1, 0, 3)",0.01269471,-0.00538369,0.01587611,0.0,2026-W03
adj_close.csv,ARIMA,EEM,0.02378522,0.00782937,0.02052408,0.02378522,0.00782937,0.02052408,"ARIMA(1, 0, 3)",0.02052408,-0.00326115,0.01269471,0.0,2026-W04
adj_close.csv,ARIMA,EEM,0.0037489,0.02001636,0.00050772,0.0037489,0.02001636,0.00050772,"ARIMA(1, 0, 3)",0.00050772,-0.00324118,0.02052408,0.0,2026-W05
adj_close.csv,ARIMA,EEM,0.00460079,0.00253334,0.00304106,0.00460079,0.00253334,0.00304106,"ARIMA(1, 0, 3)",0.00304106,-0.00155973,0.00050772,0.0,2026-W06
adj_close.csv,ARIMA,EFA,0.0011487,0.02394005,0.00150995,0.0011487,0.02394005,0.00150995,"ARIMA(1, 0, 0)",-0.00150995,-0.00036125,-0.02545,0.0,2024-W30
adj_close.csv,ARIMA,EFA,0.03079698,0.02930894,0.03081889,0.03079698,0.02930894,0.03081889,"ARIMA(1, 0, 0)",-0.03081889,-2.191e-05,-0.00150995,0.0,2024-W31
adj_close.csv,ARIMA,EFA,0.00538571,0.03574185,0.00492296,0.00538571,0.03574185,0.00492296,"ARIMA(1, 0, 0)",0.00492296,-0.00046275,-0.03081889,0.0,2024-W32
adj_close.csv,ARIMA,EFA,0.03734964,0.03249183,0.0374148,0.03734964,0.03249183,0.0374148,"ARIMA(1, 0, 0)",0.0374148,6.516e-05,0.00492296,0.0,2024-W33
adj_close.csv,ARIMA,EFA,0.02995751,0.00688834,0.03052646,0.02995751,0.00688834,0.03052646,"ARIMA(1, 0, 0)",0.03052646,0.00056895,0.0374148,0.0,2024-W34
adj_close.csv,ARIMA,EFA,0.00110437,0.02859646,0.00192999,0.00110437,0.02859646,0.00192999,"ARIMA(1, 0, 0)",0.00192999,0.00082563,0.03052646,0.0,2024-W35
adj_close.csv,ARIMA,EFA,0.03912882,0.04100593,0.03907594,0.03912882,0.04100593,0.03907594,"ARIMA(1, 0, 0)",-0.03907594,5.288e-05,0.00192999,0.0,2024-W36
adj_close.csv,ARIMA,EFA,0.02248718,0.06052334,0.02144741,0.02248718,0.06052334,0.02144741,"ARIMA(1, 0, 0)",0.02144741,-0.00103978,-0.03907594,0.0,2024-W37
adj_close.csv,ARIMA,EFA,0.00853725,0.01253349,0.00891392,0.00853725,0.01253349,0.00891392,"ARIMA(1, 0, 0)",0.00891392,0.00037667,0.02144741,0.0,2024-W38
adj_close.csv,ARIMA,EFA,0.01980562,0.01106497,0.01997889,0.01980562,0.01106497,0.01997889,"ARIMA(1, 0, 0)",0.01997889,0.00017327,0.00891392,0.0,2024-W39
adj_close.csv,ARIMA,EFA,0.01688411,0.03643853,0.01645964,0.01688411,0.03643853,0.01645964,"ARIMA(1, 0, 0)",-0.01645964,0.00042448,0.01997889,0.0,2024-W40
adj_close.csv,ARIMA,EFA,0.00273991,0.01342663,0.003033,0.00273991,0.01342663,0.003033,"ARIMA(1, 0, 0)",-0.003033,-0.00029309,-0.01645964,0.0,2024-W41
adj_close.csv,ARIMA,EFA,0.00432846,0.00135086,0.00438386,0.00432846,0.00135086,0.00438386,"ARIMA(1, 0, 0)",-0.00438386,-5.54e-05,-0.003033,0.0,2024-W42
adj_close.csv,ARIMA,EFA,0.02538123,0.02107803,0.02546189,0.02538123,0.02107803,0.02546189,"ARIMA(1, 0, 0)",-0.02546189,-8.066e-05,-0.00438386,0.0,2024-W43
adj_close.csv,ARIMA,EFA,0.00578187,0.01918275,0.00627914,0.00578187,0.01918275,0.00627914,"ARIMA(1, 0, 0)",-0.00627914,-0.00049726,-0.02546189,0.0,2024-W44
adj_close.csv,ARIMA,EFA,0.00264314,0.00350404,0.0027751,0.00264314,0.00350404,0.0027751,"ARIMA(1, 0, 0)",-0.0027751,-0.00013197,-0.00627914,0.0,2024-W45
adj_close.csv,ARIMA,EFA,0.02592019,0.02320388,0.02597898,0.02592019,0.02320388,0.02597898,"ARIMA(1, 0, 0)",-0.02597898,-5.879e-05,-0.0027751,0.0,2024-W46
adj_close.csv,ARIMA,EFA,0.00612883,0.03153861,0.00555963,0.00612883,0.03153861,0.00555963,"ARIMA(1, 0, 0)",0.00555963,-0.0005692,-0.02597898,0.0,2024-W47
adj_close.csv,ARIMA,EFA,0.01790331,0.01245663,0.01801625,0.01790331,0.01245663,0.01801625,"ARIMA(1, 0, 0)",0.01801625,0.00011294,0.00555963,0.0,2024-W48
adj_close.csv,ARIMA,EFA,0.01357409,0.00405821,0.01395804,0.01357409,0.00405821,0.01395804,"ARIMA(1, 0, 0)",0.01395804,0.00038395,0.01801625,0.0,2024-W49
adj_close.csv,ARIMA,EFA,0.0153033,0.02892977,0.01497173,0.0153033,0.02892977,0.01497173,"ARIMA(1, 0, 0)",-0.01497173,0.00033157,0.01395804,0.0,2024-W50
adj_close.csv,ARIMA,EFA,0.03537625,0.02072828,0.03570001,0.03537625,0.02072828,0.03570001,"ARIMA(1, 0, 0)",-0.03570001,-0.00032376,-0.01497173,0.0,2024-W51
adj_close.csv,ARIMA,EFA,0.01431932,0.04905921,0.0133592,0.01431932,0.04905921,0.0133592,"ARIMA(1, 0, 0)",0.0133592,-0.00096012,-0.03570001,0.0,2024-W52
adj_close.csv,ARIMA,EFA,0.00595798,0.01902499,0.00566579,0.00595798,0.01902499,0.00566579,"ARIMA(1, 0, 0)",-0.00566579,0.00029219,0.0133592,0.0,2025-W01
adj_close.csv,ARIMA,EFA,0.00810668,0.00256039,0.00822618,0.00810668,0.00256039,0.00822618,"ARIMA(1, 0, 0)",-0.00822618,-0.0001195,-0.00566579,0.0,2025-W02
adj_close.csv,ARIMA,EFA,0.02283361,0.03088259,0.02265641,0.02283361,0.03088259,0.02265641,"ARIMA(1, 0, 0)",0.02265641,-0.00017721,-0.00822618,0.0,2025-W03
adj_close.csv,ARIMA,EFA,0.0309645,0.00875445,0.03141086,0.0309645,0.00875445,0.03141086,"ARIMA(1, 0, 0)",0.03141086,0.00044636,0.02265641,0.0,2025-W04
adj_close.csv,ARIMA,EFA,0.0007075,0.0312847,0.00012616,0.0007075,0.0312847,0.00012616,"ARIMA(1, 0, 0)",0.00012616,0.00083366,0.03141086,0.0,2025-W05
adj_close.csv,ARIMA,EFA,0.00465521,0.00453237,0.00465853,0.00465521,0.00453237,0.00465853,"ARIMA(1, 0, 0)",0.00465853,3.32e-06,0.00012616,0.0,2025-W06
adj_close.csv,ARIMA,EFA,0.0286028,0.02406694,0.02872547,0.0286028,0.02406694,0.02872547,"ARIMA(1, 0, 0)",0.02872547,0.00012267,0.00465853,0.0,2025-W07
adj_close.csv,ARIMA,EFA,0.00556491,0.03349704,0.00477157,0.00556491,0.03349704,0.00477157,"ARIMA(1, 0, 0)",-0.00477157,0.00079334,0.02872547,0.0,2025-W08
adj_close.csv,ARIMA,EFA,0.00061502,0.00526211,0.00049054,0.00061502,0.00526211,0.00049054,"ARIMA(1, 0, 0)",0.00049054,-0.00012448,-0.00477157,0.0,2025-W09
adj_close.csv,ARIMA,EFA,0.0343259,0.03384814,0.03433868,0.0343259,0.03384814,0.03433868,"ARIMA(1, 0, 0)",0.03433868,1.278e-05,0.00049054,0.0,2025-W10
adj_close.csv,ARIMA,EFA,0.00946487,0.04290319,0.00856451,0.00946487,0.04290319,0.00856451,"ARIMA(1, 0, 0)",-0.00856451,0.00090036,0.03433868,0.0,2025-W11
adj_close.csv,ARIMA,EFA,0.00039914,0.00796716,0.00059735,0.00039914,0.00796716,0.00059735,"ARIMA(1, 0, 0)",-0.00059735,-0.00019821,-0.00856451,0.0,2025-W12
adj_close.csv,ARIMA,EFA,0.01443388,0.01385037,0.01444772,0.01443388,0.01385037,0.01444772,"ARIMA(1, 0, 0)",-0.01444772,-1.384e-05,-0.00059735,0.0,2025-W13
adj_close.csv,ARIMA,EFA,0.09422267,0.08011095,0.09455867,0.09422267,0.08011095,0.09455867,"ARIMA(1, 0, 0)",-0.09455867,-0.00033601,-0.01444772,0.0,2025-W14
adj_close.csv,ARIMA,EFA,0.05472815,0.14587217,0.05131349,0.05472815,0.14587217,0.05131349,"ARIMA(1, 0, 0)",0.05131349,-0.00341466,-0.09455867,0.0,2025-W15
adj_close.csv,ARIMA,EFA,0.02707424,0.0246986,0.02661489,0.02707424,0.0246986,0.02661489,"ARIMA(1, 0, 0)",0.02661489,-0.00045935,0.05131349,0.0,2025-W16
adj_close.csv,ARIMA,EFA,0.0364849,0.00994652,0.03656141,0.0364849,0.00994652,0.03656141,"ARIMA(1, 0, 0)",0.03656141,7.651e-05,0.02661489,0.0,2025-W17
adj_close.csv,ARIMA,EFA,0.02285953,0.01329637,0.02326504,0.02285953,0.01329637,0.02326504,"ARIMA(1, 0, 0)",0.02326504,0.00040551,0.03656141,0.0,2025-W18
adj_close.csv,ARIMA,EFA,0.00193182,0.02477612,0.00151109,0.00193182,0.02477612,0.00151109,"ARIMA(1, 0, 0)",-0.00151109,0.00042073,0.02326504,0.0,2025-W19
adj_close.csv,ARIMA,EFA,0.01469126,0.01617559,0.0146645,0.01469126,0.01617559,0.0146645,"ARIMA(1, 0, 0)",0.0146645,-2.676e-05,-0.00151109,0.0,2025-W20
adj_close.csv,ARIMA,EFA,0.0088714,0.0055361,0.0091284,0.0088714,0.0055361,0.0091284,"ARIMA(1, 0, 0)",0.0091284,0.00025699,0.0146645,0.0,2025-W21
adj_close.csv,ARIMA,EFA,0.00853809,0.00042046,0.00870794,0.00853809,0.00042046,0.00870794,"ARIMA(1, 0, 0)",0.00870794,0.00016985,0.0091284,0.0,2025-W22
adj_close.csv,ARIMA,EFA,0.01024966,0.00170938,0.01041732,0.01024966,0.00170938,0.01041732,"ARIMA(1, 0, 0)",0.01041732,0.00016766,0.00870794,0.0,2025-W23
adj_close.csv,ARIMA,EFA,0.00590748,0.0161165,0.00569918,0.00590748,0.0161165,0.00569918,"ARIMA(1, 0, 0)",-0.00569918,0.0002083,0.01041732,0.0,2025-W24
adj_close.csv,ARIMA,EFA,0.01575913,0.01017099,0.01587017,0.01575913,0.01017099,0.01587017,"ARIMA(1, 0, 0)",-0.01587017,-0.00011105,-0.00569918,0.0,2025-W25
adj_close.csv,ARIMA,EFA,0.0345932,0.05014233,0.03427216,0.0345932,0.05014233,0.03427216,"ARIMA(1, 0, 0)",0.03427216,-0.00032105,-0.01587017,0.0,2025-W26
adj_close.csv,ARIMA,EFA,0.00147515,0.03225941,0.00201274,0.00147515,0.03225941,0.00201274,"ARIMA(1, 0, 0)",0.00201274,0.00053759,0.03427216,0.0,2025-W27
adj_close.csv,ARIMA,EFA,0.00642011,0.00840045,0.00638771,0.00642011,0.00840045,0.00638771,"ARIMA(1, 0, 0)",-0.00638771,3.241e-05,0.00201274,0.0,2025-W28
adj_close.csv,ARIMA,EFA,0.00655277,0.00026723,0.00665494,0.00655277,0.00026723,0.00665494,"ARIMA(1, 0, 0)",-0.00665494,-0.00010217,-0.00638771,0.0,2025-W29
adj_close.csv,ARIMA,EFA,0.02679776,0.03334397,0.02668904,0.02679776,0.03334397,0.02668904,"ARIMA(1, 0, 0)",0.02668904,-0.00010872,-0.00665494,0.0,2025-W30
adj_close.csv,ARIMA,EFA,0.03926956,0.06556155,0.03887251,0.03926956,0.06556155,0.03887251,"ARIMA(1, 0, 0)",-0.03887251,0.00039704,0.02668904,0.0,2025-W31
adj_close.csv,ARIMA,EFA,0.034923,0.07354898,0.03467647,0.034923,0.07354898,0.03467647,"ARIMA(1, 0, 0)",0.03467647,-0.00024653,-0.03887251,0.0,2025-W32
adj_close.csv,ARIMA,EFA,0.02009804,0.01473719,0.01993928,0.02009804,0.01473719,0.01993928,"ARIMA(1, 0, 0)",0.01993928,-0.00015875,0.03467647,0.0,2025-W33
adj_close.csv,ARIMA,EFA,0.01119849,0.00872137,0.01121791,0.01119849,0.00872137,0.01121791,"ARIMA(1, 0, 0)",0.01121791,1.943e-05,0.01993928,0.0,2025-W34
adj_close.csv,ARIMA,EFA,0.01898005,0.03016714,0.01894922,0.01898005,0.03016714,0.01894922,"ARIMA(1, 0, 0)",-0.01894922,3.082e-05,0.01121791,0.0,2025-W35
adj_close.csv,ARIMA,EFA,0.00340303,0.0223322,0.00338298,0.00340303,0.0223322,0.00338298,"ARIMA(1, 0, 0)",0.00338298,-2.006e-05,-0.01894922,0.0,2025-W36
adj_close.csv,ARIMA,EFA,0.01298674,0.00960562,0.0129886,0.01298674,0.00960562,0.0129886,"ARIMA(1, 0, 0)",0.0129886,1.85e-06,0.00338298,0.0,2025-W37
adj_close.csv,ARIMA,EFA,9.586e-05,0.0128811,0.0001075,9.586e-05,0.0128811,0.0001075,"ARIMA(1, 0, 0)",0.0001075,1.164e-05,0.0129886,0.0,2025-W38
adj_close.csv,ARIMA,EFA,0.00398649,0.00409389,0.00398639,0.00398649,0.00409389,0.00398639,"ARIMA(1, 0, 0)",-0.00398639,1e-07,0.0001075,0.0,2025-W39
adj_close.csv,ARIMA,EFA,0.02610918,0.03009197,0.02610558,0.02610918,0.03009197,0.02610558,"ARIMA(1, 0, 0)",0.02610558,-3.6e-06,-0.00398639,0.0,2025-W40
adj_close.csv,ARIMA,EFA,0.03032692,0.0564304,0.03032483,0.03032692,0.0564304,0.03032483,"ARIMA(1, 0, 0)",-0.03032483,2.09e-06,0.02610558,0.0,2025-W41
adj_close.csv,ARIMA,EFA,0.02412566,0.05463669,0.02431186,0.02412566,0.05463669,0.02431186,"ARIMA(1, 0, 0)",0.02431186,0.0001862,-0.03032483,0.0,2025-W42
adj_close.csv,ARIMA,EFA,0.00588017,0.01871972,0.00559214,0.00588017,0.01871972,0.00559214,"ARIMA(1, 0, 0)",0.00559214,-0.00028803,0.02431186,0.0,2025-W43
adj_close.csv,ARIMA,EFA,0.00574376,0.01139595,0.0058038,0.00574376,0.01139595,0.0058038,"ARIMA(1, 0, 0)",-0.0058038,-6.004e-05,0.00559214,0.0,2025-W44
adj_close.csv,ARIMA,EFA,0.00207655,0.00379102,0.00201278,0.00207655,0.00379102,0.00201278,"ARIMA(1, 0, 0)",-0.00201278,6.376e-05,-0.0058038,0.0,2025-W45
adj_close.csv,ARIMA,EFA,0.01010683,0.01214154,0.01012875,0.01010683,0.01214154,0.01012875,"ARIMA(1, 0, 0)",0.01012875,2.193e-05,-0.00201278,0.0,2025-W46
adj_close.csv,ARIMA,EFA,0.02766909,0.03790977,0.02778102,0.02766909,0.03790977,0.02778102,"ARIMA(1, 0, 0)",-0.02778102,-0.00011193,0.01012875,0.0,2025-W47
adj_close.csv,ARIMA,EFA,0.0266786,0.054827,0.02704598,0.0266786,0.054827,0.02704598,"ARIMA(1, 0, 0)",0.02704598,0.00036738,-0.02778102,0.0,2025-W48
adj_close.csv,ARIMA,EFA,0.00700423,0.02055391,0.00649206,0.00700423,0.02055391,0.00649206,"ARIMA(1, 0, 0)",0.00649206,-0.00051217,0.02704598,0.0,2025-W49
adj_close.csv,ARIMA,EFA,0.00728954,0.00068396,0.00717602,0.00728954,0.00068396,0.00717602,"ARIMA(1, 0, 0)",0.00717602,-0.00011351,0.00649206,0.0,2025-W50
adj_close.csv,ARIMA,EFA,0.00724537,5.353e-05,0.0071225,0.00724537,5.353e-05,0.0071225,"ARIMA(1, 0, 0)",0.0071225,-0.00012287,0.00717602,0.0,2025-W51
adj_close.csv,ARIMA,EFA,0.01167995,0.00443833,0.01156083,0.01167995,0.00443833,0.01156083,"ARIMA(1, 0, 0)",0.01156083,-0.00011912,0.0071225,0.0,2025-W52
adj_close.csv,ARIMA,EFA,0.00504112,0.00670569,0.00485514,0.00504112,0.00670569,0.00485514,"ARIMA(1, 0, 0)",0.00485514,-0.00018598,0.01156083,0.0,2026-W01
adj_close.csv,ARIMA,EFA,0.01815146,0.01322037,0.01807552,0.01815146,0.01322037,0.01807552,"ARIMA(1, 0, 0)",0.01807552,-7.594e-05,0.00485514,0.0,2026-W02
adj_close.csv,ARIMA,EFA,0.00753085,0.01081521,0.0072603,0.00753085,0.01081521,0.0072603,"ARIMA(1, 0, 0)",0.0072603,-0.00027054,0.01807552,0.0,2026-W03
adj_close.csv,ARIMA,EFA,0.00451219,0.00284925,0.00441106,0.00451219,0.00284925,0.00441106,"ARIMA(1, 0, 0)",0.00441106,-0.00010113,0.0072603,0.0,2026-W04
adj_close.csv,ARIMA,EFA,0.00773311,0.00326171,0.00767277,0.00773311,0.00326171,0.00767277,"ARIMA(1, 0, 0)",0.00767277,-6.034e-05,0.00441106,0.0,2026-W05
adj_close.csv,ARIMA,EFA,0.00663315,0.00114258,0.00653019,0.00663315,0.00114258,0.00653019,"ARIMA(1, 0, 0)",0.00653019,-0.00010296,0.00767277,0.0,2026-W06
adj_close.csv,ARIMA,EWG,0.01654503,0.04760052,0.01415262,0.01654503,0.04760052,0.01415262,"ARIMA(0, 0, 1)",0.01415262,-0.00239241,-0.0334479,0.0,2024-W30
adj_close.csv,ARIMA,EWG,0.03915212,0.05223696,0.03808434,0.03915212,0.05223696,0.03808434,"ARIMA(0, 0, 1)",-0.03808434,0.00106777,0.01415262,0.0,2024-W31
adj_close.csv,ARIMA,EWG,0.00302096,0.03874774,0.0006634,0.00302096,0.03874774,0.0006634,"ARIMA(0, 0, 1)",0.0006634,-0.00235756,-0.03808434,0.0,2024-W32
adj_close.csv,ARIMA,EWG,0.04011328,0.03962796,0.04029136,0.04011328,0.03962796,0.04029136,"ARIMA(0, 0, 1)",0.04029136,0.00017808,0.0006634,0.0,2024-W33
adj_close.csv,ARIMA,EWG,0.02952183,0.00832381,0.03196755,0.02952183,0.00832381,0.03196755,"ARIMA(0, 0, 1)",0.03196755,0.00244573,0.04029136,0.0,2024-W34
adj_close.csv,ARIMA,EWG,0.00445398,0.02551087,0.00645668,0.00445398,0.02551087,0.00645668,"ARIMA(0, 0, 1)",0.00645668,0.00200271,0.03196755,0.0,2024-W35
adj_close.csv,ARIMA,EWG,0.02985382,0.03600326,0.02954658,0.02985382,0.03600326,0.02954658,"ARIMA(0, 0, 1)",-0.02954658,0.00030724,0.00645668,0.0,2024-W36
adj_close.csv,ARIMA,EWG,0.02452649,0.05201952,0.02247294,0.02452649,0.05201952,0.02247294,"ARIMA(0, 0, 1)",0.02247294,-0.00205355,-0.02954658,0.0,2024-W37
adj_close.csv,ARIMA,EWG,0.00734846,0.01356223,0.00891071,0.00734846,0.01356223,0.00891071,"ARIMA(0, 0, 1)",0.00891071,0.00156225,0.02247294,0.0,2024-W38
adj_close.csv,ARIMA,EWG,0.0367526,0.02831971,0.03723042,0.0367526,0.02831971,0.03723042,"ARIMA(0, 0, 1)",0.03723042,0.00047782,0.00891071,0.0,2024-W39
adj_close.csv,ARIMA,EWG,0.02781824,0.06260118,0.02537076,0.02781824,0.06260118,0.02537076,"ARIMA(0, 0, 1)",-0.02537076,0.00244748,0.03723042,0.0,2024-W40
adj_close.csv,ARIMA,EWG,0.00498197,0.02869049,0.00331974,0.00498197,0.02869049,0.00331974,"ARIMA(0, 0, 1)",0.00331974,-0.00166223,-0.02537076,0.0,2024-W41
adj_close.csv,ARIMA,EWG,0.00481507,0.00178927,0.00510901,0.00481507,0.00178927,0.00510901,"ARIMA(0, 0, 1)",0.00510901,0.00029393,0.00331974,0.0,2024-W42
adj_close.csv,ARIMA,EWG,0.01965768,0.02448009,0.01937109,0.01965768,0.02448009,0.01937109,"ARIMA(0, 0, 1)",-0.01937109,0.00028659,0.00510901,0.0,2024-W43
adj_close.csv,ARIMA,EWG,0.00743473,0.01077676,0.00859432,0.00743473,0.01077676,0.00859432,"ARIMA(0, 0, 1)",-0.00859432,-0.00115959,-0.01937109,0.0,2024-W44
adj_close.csv,ARIMA,EWG,0.01009191,0.00194193,0.01053626,0.01009191,0.00194193,0.01053626,"ARIMA(0, 0, 1)",-0.01053626,-0.00044435,-0.00859432,0.0,2024-W45
adj_close.csv,ARIMA,EWG,0.0157236,0.00579569,0.01633195,0.0157236,0.00579569,0.01633195,"ARIMA(0, 0, 1)",-0.01633195,-0.00060835,-0.01053626,0.0,2024-W46
adj_close.csv,ARIMA,EWG,0.00443492,0.01093425,0.00539769,0.00443492,0.01093425,0.00539769,"ARIMA(0, 0, 1)",-0.00539769,-0.00096277,-0.01633195,0.0,2024-W47
adj_close.csv,ARIMA,EWG,0.02728485,0.03240937,0.02701167,0.02728485,0.03240937,0.02701167,"ARIMA(0, 0, 1)",0.02701167,-0.00027318,-0.00539769,0.0,2024-W48
adj_close.csv,ARIMA,EWG,0.03245173,0.00710675,0.03411842,0.03245173,0.00710675,0.03411842,"ARIMA(0, 0, 1)",0.03411842,0.00166669,0.02701167,0.0,2024-W49
adj_close.csv,ARIMA,EWG,0.01027096,0.04223754,0.00811911,0.01027096,0.04223754,0.00811911,"ARIMA(0, 0, 1)",-0.00811911,0.00215185,0.03411842,0.0,2024-W50
adj_close.csv,ARIMA,EWG,0.0337408,0.02628229,0.0344014,0.0337408,0.02628229,0.0344014,"ARIMA(0, 0, 1)",-0.0344014,-0.0006606,-0.00811911,0.0,2024-W51
adj_close.csv,ARIMA,EWG,0.00689637,0.03876682,0.00436542,0.00689637,0.03876682,0.00436542,"ARIMA(0, 0, 1)",0.00436542,-0.00253095,-0.0344014,0.0,2024-W52
adj_close.csv,ARIMA,EWG,0.01523742,0.01909688,0.01473146,0.01523742,0.01909688,0.01473146,"ARIMA(0, 0, 1)",-0.01473146,0.00050595,0.00436542,0.0,2025-W01
adj_close.csv,ARIMA,EWG,0.01242204,0.02603455,0.01130308,0.01242204,0.02603455,0.01130308,"ARIMA(0, 0, 1)",0.01130308,-0.00111896,-0.01473146,0.0,2025-W02
adj_close.csv,ARIMA,EWG,0.03347383,0.0230667,0.03436979,0.03347383,0.0230667,0.03436979,"ARIMA(0, 0, 1)",0.03436979,0.00089595,0.01130308,0.0,2025-W03
adj_close.csv,ARIMA,EWG,0.03915779,0.00728445,0.04165423,0.03915779,0.00728445,0.04165423,"ARIMA(0, 0, 1)",0.04165423,0.00249644,0.03436979,0.0,2025-W04
adj_close.csv,ARIMA,EWG,0.0012011,0.03963081,0.00202342,0.0012011,0.03963081,0.00202342,"ARIMA(0, 0, 1)",0.00202342,0.00322453,0.04165423,0.0,2025-W05
adj_close.csv,ARIMA,EWG,0.000387,0.00173476,0.00028866,0.000387,0.00173476,0.00028866,"ARIMA(0, 0, 1)",0.00028866,-9.834e-05,0.00202342,0.0,2025-W06
adj_close.csv,ARIMA,EWG,0.05007694,0.04982026,0.05010892,0.05007694,0.04982026,0.05010892,"ARIMA(0, 0, 1)",0.05010892,3.199e-05,0.00028866,0.0,2025-W07
adj_close.csv,ARIMA,EWG,0.01825895,0.06421113,0.01410221,0.01825895,0.06421113,0.01410221,"ARIMA(0, 0, 1)",-0.01410221,0.00415674,0.05010892,0.0,2025-W08
adj_close.csv,ARIMA,EWG,0.00583849,0.0185479,0.00444569,0.00583849,0.0185479,0.00444569,"ARIMA(0, 0, 1)",0.00444569,-0.0013928,-0.01410221,0.0,2025-W09
adj_close.csv,ARIMA,EWG,0.07276819,0.06877082,0.07321651,0.07276819,0.06877082,0.07321651,"ARIMA(0, 0, 1)",0.07321651,0.00044832,0.00444569,0.0,2025-W10
adj_close.csv,ARIMA,EWG,0.01011828,0.07812422,0.0049077,0.01011828,0.07812422,0.0049077,"ARIMA(0, 0, 1)",-0.0049077,0.00521057,0.07321651,0.0,2025-W11
adj_close.csv,ARIMA,EWG,0.01315885,0.00891083,0.01381853,0.01315885,0.00891083,0.01381853,"ARIMA(0, 0, 1)",-0.01381853,-0.00065968,-0.0049077,0.0,2025-W12
adj_close.csv,ARIMA,EWG,0.01756253,0.00472994,0.01854847,0.01756253,0.00472994,0.01854847,"ARIMA(0, 0, 1)",-0.01854847,-0.00098594,-0.01381853,0.0,2025-W13
adj_close.csv,ARIMA,EWG,0.08432635,0.06712656,0.08567503,0.08432635,0.06712656,0.08567503,"ARIMA(0, 0, 1)",-0.08567503,-0.00134869,-0.01854847,0.0,2025-W14
adj_close.csv,ARIMA,EWG,0.06458603,0.14369104,0.05801601,0.06458603,0.14369104,0.05801601,"ARIMA(0, 0, 1)",0.05801601,-0.00657002,-0.08567503,0.0,2025-W15
adj_close.csv,ARIMA,EWG,0.0249846,0.03008953,0.02792648,0.0249846,0.03008953,0.02792648,"ARIMA(0, 0, 1)",0.02792648,0.00294188,0.05801601,0.0,2025-W16
adj_close.csv,ARIMA,EWG,0.0496954,0.02315291,0.05107939,0.0496954,0.02315291,0.05107939,"ARIMA(0, 0, 1)",0.05107939,0.001384,0.02792648,0.0,2025-W17
adj_close.csv,ARIMA,EWG,0.02150156,0.02648602,0.02459338,0.02150156,0.02648602,0.02459338,"ARIMA(0, 0, 1)",0.02459338,0.00309182,0.05107939,0.0,2025-W18
adj_close.csv,ARIMA,EWG,0.00916104,0.0139903,0.01060307,0.00916104,0.0139903,0.01060307,"ARIMA(0, 0, 1)",0.01060307,0.00144203,0.02459338,0.0,2025-W19
adj_close.csv,ARIMA,EWG,0.00133121,0.00864281,0.00196026,0.00133121,0.00864281,0.00196026,"ARIMA(0, 0, 1)",0.00196026,0.00062905,0.01060307,0.0,2025-W20
adj_close.csv,ARIMA,EWG,0.00989499,0.00802634,0.0099866,0.00989499,0.00802634,0.0099866,"ARIMA(0, 0, 1)",0.0099866,9.16e-05,0.00196026,0.0,2025-W21
adj_close.csv,ARIMA,EWG,0.01638026,0.00707509,0.01706169,0.01638026,0.00707509,0.01706169,"ARIMA(0, 0, 1)",0.01706169,0.00068143,0.0099866,0.0,2025-W22
adj_close.csv,ARIMA,EWG,0.01187778,0.00404219,0.01301949,0.01187778,0.00404219,0.01301949,"ARIMA(0, 0, 1)",0.01301949,0.00114171,0.01706169,0.0,2025-W23
adj_close.csv,ARIMA,EWG,0.02487921,0.03705982,0.02404033,0.02487921,0.03705982,0.02404033,"ARIMA(0, 0, 1)",-0.02404033,0.00083888,0.01301949,0.0,2025-W24
adj_close.csv,ARIMA,EWG,0.01037481,0.01194233,0.012098,0.01037481,0.01194233,0.012098,"ARIMA(0, 0, 1)",-0.012098,-0.00172319,-0.02404033,0.0,2025-W25
adj_close.csv,ARIMA,EWG,0.04817458,0.05954153,0.04744353,0.04817458,0.05954153,0.04744353,"ARIMA(0, 0, 1)",0.04744353,-0.00073104,-0.012098,0.0,2025-W26
adj_close.csv,ARIMA,EWG,0.00542915,0.04957346,0.00212993,0.00542915,0.04957346,0.00212993,"ARIMA(0, 0, 1)",-0.00212993,0.00329922,0.04744353,0.0,2025-W27
adj_close.csv,ARIMA,EWG,0.00602961,0.00779972,0.00566979,0.00602961,0.00779972,0.00566979,"ARIMA(0, 0, 1)",0.00566979,-0.00035982,-0.00212993,0.0,2025-W28
adj_close.csv,ARIMA,EWG,0.00796971,0.01323662,0.00756683,0.00796971,0.01323662,0.00756683,"ARIMA(0, 0, 1)",-0.00756683,0.00040288,0.00566979,0.0,2025-W29
adj_close.csv,ARIMA,EWG,0.01654206,0.02357848,0.01601165,0.01654206,0.02357848,0.01601165,"ARIMA(0, 0, 1)",0.01601165,-0.00053041,-0.00756683,0.0,2025-W30
adj_close.csv,ARIMA,EWG,0.05040463,0.06532756,0.04931591,0.05040463,0.06532756,0.04931591,"ARIMA(0, 0, 1)",-0.04931591,0.00108872,0.01601165,0.0,2025-W31
adj_close.csv,ARIMA,EWG,0.04136272,0.08759234,0.03827643,0.04136272,0.08759234,0.03827643,"ARIMA(0, 0, 1)",0.03827643,-0.00308629,-0.04931591,0.0,2025-W32
adj_close.csv,ARIMA,EWG,0.00359519,0.032624,0.00565243,0.00359519,0.032624,0.00565243,"ARIMA(0, 0, 1)",0.00565243,0.00205725,0.03827643,0.0,2025-W33
adj_close.csv,ARIMA,EWG,0.00169464,0.00377543,0.00187701,0.00169464,0.00377543,0.00187701,"ARIMA(0, 0, 1)",0.00187701,0.00018237,0.00565243,0.0,2025-W34
adj_close.csv,ARIMA,EWG,0.01854013,0.0203303,0.0184533,0.01854013,0.0203303,0.0184533,"ARIMA(0, 0, 1)",-0.0184533,8.683e-05,0.00187701,0.0,2025-W35
adj_close.csv,ARIMA,EWG,0.01203073,0.00547544,0.01297785,0.01203073,0.00547544,0.01297785,"ARIMA(0, 0, 1)",-0.01297785,-0.00094712,-0.0184533,0.0,2025-W36
adj_close.csv,ARIMA,EWG,9.878e-05,0.01225193,0.00072592,9.878e-05,0.01225193,0.00072592,"ARIMA(0, 0, 1)",-0.00072592,-0.00062714,-0.01297785,0.0,2025-W37
adj_close.csv,ARIMA,EWG,0.00217587,0.00145511,0.00218103,0.00217587,0.00145511,0.00218103,"ARIMA(0, 0, 1)",-0.00218103,-5.16e-06,-0.00072592,0.0,2025-W38
adj_close.csv,ARIMA,EWG,0.00037169,0.0016957,0.00048533,0.00037169,0.0016957,0.00048533,"ARIMA(0, 0, 1)",-0.00048533,-0.00011364,-0.00218103,0.0,2025-W39
adj_close.csv,ARIMA,EWG,0.02943681,0.02990272,0.02941739,0.02943681,0.02990272,0.02941739,"ARIMA(0, 0, 1)",0.02941739,-1.941e-05,-0.00048533,0.0,2025-W40
adj_close.csv,ARIMA,EWG,0.02321687,0.05109781,0.02168042,0.02321687,0.05109781,0.02168042,"ARIMA(0, 0, 1)",-0.02168042,0.00153646,0.02941739,0.0,2025-W41
adj_close.csv,ARIMA,EWG,0.00225118,0.01830286,0.00337755,0.00225118,0.01830286,0.00337755,"ARIMA(0, 0, 1)",-0.00337755,-0.00112637,-0.02168042,0.0,2025-W42
adj_close.csv,ARIMA,EWG,0.00517205,0.00843961,0.00506206,0.00517205,0.00843961,0.00506206,"ARIMA(0, 0, 1)",0.00506206,-0.00010999,-0.00337755,0.0,2025-W43
adj_close.csv,ARIMA,EWG,0.02114818,0.02595691,0.02089485,0.02114818,0.02595691,0.02089485,"ARIMA(0, 0, 1)",-0.02089485,0.00025333,0.00506206,0.0,2025-W44
adj_close.csv,ARIMA,EWG,0.005133,0.01473795,0.0061569,0.005133,0.01473795,0.0061569,"ARIMA(0, 0, 1)",-0.0061569,-0.0010239,-0.02089485,0.0,2025-W45
adj_close.csv,ARIMA,EWG,0.00959442,0.01550049,0.00934359,0.00959442,0.01550049,0.00934359,"ARIMA(0, 0, 1)",0.00934359,-0.00025083,-0.0061569,0.0,2025-W46
adj_close.csv,ARIMA,EWG,0.03685371,0.04572934,0.03638575,0.03685371,0.04572934,0.03638575,"ARIMA(0, 0, 1)",-0.03638575,0.00046796,0.00934359,0.0,2025-W47
adj_close.csv,ARIMA,EWG,0.03958268,0.07423879,0.03785304,0.03958268,0.07423879,0.03785304,"ARIMA(0, 0, 1)",0.03785304,-0.00172964,-0.03638575,0.0,2025-W48
adj_close.csv,ARIMA,EWG,0.01034971,0.02594954,0.0119035,0.01034971,0.02594954,0.0119035,"ARIMA(0, 0, 1)",0.0119035,0.00155379,0.03785304,0.0,2025-W49
adj_close.csv,ARIMA,EWG,0.01799627,0.00652029,0.01842379,0.01799627,0.00652029,0.01842379,"ARIMA(0, 0, 1)",0.01842379,0.00042752,0.0119035,0.0,2025-W50
adj_close.csv,ARIMA,EWG,0.00266161,0.02032227,0.00189848,0.00266161,0.02032227,0.00189848,"ARIMA(0, 0, 1)",-0.00189848,0.00076313,0.01842379,0.0,2025-W51
adj_close.csv,ARIMA,EWG,0.01309172,0.01487808,0.01297961,0.01309172,0.01487808,0.01297961,"ARIMA(0, 0, 1)",0.01297961,-0.00011211,-0.00189848,0.0,2025-W52
adj_close.csv,ARIMA,EWG,0.00266186,0.01509204,0.00211243,0.00266186,0.01509204,0.00211243,"ARIMA(0, 0, 1)",-0.00211243,0.00054943,0.01297961,0.0,2026-W01
adj_close.csv,ARIMA,EWG,0.01988611,0.02188738,0.01977495,0.01988611,0.02188738,0.01977495,"ARIMA(0, 0, 1)",0.01977495,-0.00011116,-0.00211243,0.0,2026-W02
adj_close.csv,ARIMA,EWG,0.00243866,0.02138877,0.00161383,0.00243866,0.02138877,0.00161383,"ARIMA(0, 0, 1)",-0.00161383,0.00082483,0.01977495,0.0,2026-W03
adj_close.csv,ARIMA,EWG,0.00332541,0.00483888,0.00322505,0.00332541,0.00483888,0.00322505,"ARIMA(0, 0, 1)",0.00322505,-0.00010036,-0.00161383,0.0,2026-W04
adj_close.csv,ARIMA,EWG,0.00868299,0.0117711,0.00854605,0.00868299,0.0117711,0.00854605,"ARIMA(0, 0, 1)",-0.00854605,0.00013694,0.00322505,0.0,2026-W05
adj_close.csv,ARIMA,EWG,0.00890233,0.0170921,0.00854605,0.00890233,0.0170921,0.00854605,"ARIMA(0, 0, 1)",0.00854605,-0.00035628,-0.00854605,0.0,2026-W06
adj_close.csv,ARIMA,EWJ,0.01932077,0.00205449,0.01831988,0.01932077,0.00205449,0.01831988,"ARIMA(0, 0, 1)",-0.01831988,0.00100089,-0.02037438,0.0,2024-W30
adj_close.csv,ARIMA,EWJ,0.06154512,0.04229574,0.06061563,0.06154512,0.04229574,0.06061563,"ARIMA(0, 0, 1)",-0.06061563,0.00092949,-0.01831988,0.0,2024-W31
adj_close.csv,ARIMA,EWJ,0.00895838,0.07169098,0.01107536,0.00895838,0.07169098,0.01107536,"ARIMA(0, 0, 1)",0.01107536,0.00211698,-0.06061563,0.0,2024-W32
adj_close.csv,ARIMA,EWJ,0.05973848,0.0483157,0.05939106,0.05973848,0.0483157,0.05939106,"ARIMA(0, 0, 1)",0.05939106,-0.00034742,0.01107536,0.0,2024-W33
adj_close.csv,ARIMA,EWJ,0.03852939,0.02315218,0.03623888,0.03852939,0.02315218,0.03623888,"ARIMA(0, 0, 1)",0.03623888,-0.00229051,0.05939106,0.0,2024-W34
adj_close.csv,ARIMA,EWJ,0.00111316,0.03568295,0.00055593,0.00111316,0.03568295,0.00055593,"ARIMA(0, 0, 1)",0.00055593,-0.00055723,0.03623888,0.0,2024-W35
adj_close.csv,ARIMA,EWJ,0.05540335,0.05597485,0.05541892,0.05540335,0.05597485,0.05541892,"ARIMA(0, 0, 1)",-0.05541892,-1.558e-05,0.00055593,0.0,2024-W36
adj_close.csv,ARIMA,EWJ,0.02476342,0.081225,0.02580607,0.02476342,0.081225,0.02580607,"ARIMA(0, 0, 1)",0.02580607,0.00104265,-0.05541892,0.0,2024-W37
adj_close.csv,ARIMA,EWJ,0.02061275,0.00596714,0.01983894,0.02061275,0.00596714,0.01983894,"ARIMA(0, 0, 1)",0.01983894,-0.00077382,0.02580607,0.0,2024-W38
adj_close.csv,ARIMA,EWJ,0.00208843,0.02250836,0.00266942,0.00208843,0.02250836,0.00266942,"ARIMA(0, 0, 1)",-0.00266942,-0.00058099,0.01983894,0.0,2024-W39
adj_close.csv,ARIMA,EWJ,0.01113239,0.01386148,0.01119206,0.01113239,0.01386148,0.01119206,"ARIMA(0, 0, 1)",0.01119206,5.967e-05,-0.00266942,0.0,2024-W40
adj_close.csv,ARIMA,EWJ,0.01129719,0.02280614,0.01161408,0.01129719,0.02280614,0.01161408,"ARIMA(0, 0, 1)",-0.01161408,-0.0003169,0.01119206,0.0,2024-W41
adj_close.csv,ARIMA,EWJ,0.01336995,0.0014193,0.01303339,0.01336995,0.0014193,0.01303339,"ARIMA(0, 0, 1)",-0.01303339,0.00033656,-0.01161408,0.0,2024-W42
adj_close.csv,ARIMA,EWJ,0.04246218,0.02904888,0.04208227,0.04246218,0.02904888,0.04208227,"ARIMA(0, 0, 1)",-0.04208227,0.00037991,-0.01303339,0.0,2024-W43
adj_close.csv,ARIMA,EWJ,0.009993,0.05302758,0.01094531,0.009993,0.05302758,0.01094531,"ARIMA(0, 0, 1)",0.01094531,0.00095232,-0.04208227,0.0,2024-W44
adj_close.csv,ARIMA,EWJ,0.02136855,0.01016012,0.02110543,0.02136855,0.01016012,0.02110543,"ARIMA(0, 0, 1)",0.02110543,-0.00026312,0.01094531,0.0,2024-W45
adj_close.csv,ARIMA,EWJ,0.0277883,0.049445,0.02833957,0.0277883,0.049445,0.02833957,"ARIMA(0, 0, 1)",-0.02833957,-0.00055127,0.02110543,0.0,2024-W46
adj_close.csv,ARIMA,EWJ,0.0059274,0.03513219,0.00679262,0.0059274,0.03513219,0.00679262,"ARIMA(0, 0, 1)",0.00679262,0.00086523,-0.02833957,0.0,2024-W47
adj_close.csv,ARIMA,EWJ,0.0254774,0.01849215,0.02528477,0.0254774,0.01849215,0.02528477,"ARIMA(0, 0, 1)",0.02528477,-0.00019263,0.00679262,0.0,2024-W48
adj_close.csv,ARIMA,EWJ,0.02055209,0.00553566,0.01974911,0.02055209,0.00553566,0.01974911,"ARIMA(0, 0, 1)",0.01974911,-0.00080298,0.02528477,0.0,2024-W49
adj_close.csv,ARIMA,EWJ,0.0213595,0.04165289,0.02190378,0.0213595,0.04165289,0.02190378,"ARIMA(0, 0, 1)",-0.02190378,-0.00054427,0.01974911,0.0,2024-W50
adj_close.csv,ARIMA,EWJ,0.03424046,0.01166728,0.03357106,0.03424046,0.01166728,0.03357106,"ARIMA(0, 0, 1)",-0.03357106,0.00066941,-0.02190378,0.0,2024-W51
adj_close.csv,ARIMA,EWJ,0.02182295,0.05626879,0.02269773,0.02182295,0.05626879,0.02269773,"ARIMA(0, 0, 1)",0.02269773,0.00087478,-0.03357106,0.0,2024-W52
adj_close.csv,ARIMA,EWJ,0.00595447,0.02936398,0.00666625,0.00595447,0.02936398,0.00666625,"ARIMA(0, 0, 1)",-0.00666625,-0.00071178,0.02269773,0.0,2025-W01
adj_close.csv,ARIMA,EWJ,0.03099156,0.024124,0.03079025,0.03099156,0.024124,0.03079025,"ARIMA(0, 0, 1)",-0.03079025,0.00020131,-0.00666625,0.0,2025-W02
adj_close.csv,ARIMA,EWJ,0.01331729,0.04509586,0.01430561,0.01331729,0.04509586,0.01430561,"ARIMA(0, 0, 1)",0.01430561,0.00098832,-0.03079025,0.0,2025-W03
adj_close.csv,ARIMA,EWJ,0.03463518,0.01985785,0.03416346,0.03463518,0.01985785,0.03416346,"ARIMA(0, 0, 1)",0.03416346,-0.00047173,0.01430561,0.0,2025-W04
adj_close.csv,ARIMA,EWJ,0.0013676,0.03664912,0.00248567,0.0013676,0.03664912,0.00248567,"ARIMA(0, 0, 1)",-0.00248567,-0.00111807,0.03416346,0.0,2025-W05
adj_close.csv,ARIMA,EWJ,0.00244137,0.00497133,0.00248567,0.00244137,0.00497133,0.00248567,"ARIMA(0, 0, 1)",0.00248567,4.429e-05,-0.00248567,0.0,2025-W06
adj_close.csv,ARIMA,EWJ,0.0129923,0.01042712,0.01291279,0.0129923,0.01042712,0.01291279,"ARIMA(0, 0, 1)",0.01291279,-7.951e-05,0.00248567,0.0,2025-W07
adj_close.csv,ARIMA,EWJ,0.00363027,0.01695746,0.00404468,0.00363027,0.01695746,0.00404468,"ARIMA(0, 0, 1)",-0.00404468,-0.0004144,0.01291279,0.0,2025-W08
adj_close.csv,ARIMA,EWJ,0.00913149,0.00496956,0.00901423,0.00913149,0.00496956,0.00901423,"ARIMA(0, 0, 1)",-0.00901423,0.00011726,-0.00404468,0.0,2025-W09
adj_close.csv,ARIMA,EWJ,0.02423173,0.03353939,0.02452516,0.02423173,0.03353939,0.02452516,"ARIMA(0, 0, 1)",0.02452516,0.00029343,-0.00901423,0.0,2025-W10
adj_close.csv,ARIMA,EWJ,0.00338711,0.02196318,0.00256198,0.00338711,0.02196318,0.00256198,"ARIMA(0, 0, 1)",0.00256198,-0.00082513,0.02452516,0.0,2025-W11
adj_close.csv,ARIMA,EWJ,0.01394651,0.01127218,0.01383416,0.01394651,0.01127218,0.01383416,"ARIMA(0, 0, 1)",0.01383416,-0.00011235,0.00256198,0.0,2025-W12
adj_close.csv,ARIMA,EWJ,0.0295714,0.04386126,0.0300271,0.0295714,0.04386126,0.0300271,"ARIMA(0, 0, 1)",-0.0300271,-0.0004557,0.01383416,0.0,2025-W13
adj_close.csv,ARIMA,EWJ,0.11919035,0.08806309,0.11809019,0.11919035,0.08806309,0.11809019,"ARIMA(0, 0, 1)",-0.11809019,0.00110016,-0.0300271,0.0,2025-W14
adj_close.csv,ARIMA,EWJ,0.06825848,0.18581421,0.06772402,0.06825848,0.18581421,0.06772402,"ARIMA(0, 0, 1)",0.06772402,-0.00053447,-0.11809019,0.0,2025-W15
adj_close.csv,ARIMA,EWJ,0.03793824,0.03411114,0.03361288,0.03793824,0.03411114,0.03361288,"ARIMA(0, 0, 1)",0.03361288,-0.00432536,0.06772402,0.0,2025-W16
adj_close.csv,ARIMA,EWJ,0.04103451,0.00528569,0.03889856,0.04103451,0.00528569,0.03889856,"ARIMA(0, 0, 1)",0.03889856,-0.00213594,0.03361288,0.0,2025-W17
adj_close.csv,ARIMA,EWJ,0.01727701,0.02319654,0.01570202,0.01727701,0.02319654,0.01570202,"ARIMA(0, 0, 1)",0.01570202,-0.00157499,0.03889856,0.0,2025-W18
adj_close.csv,ARIMA,EWJ,0.002213,0.01403415,0.00166787,0.002213,0.01403415,0.00166787,"ARIMA(0, 0, 1)",0.00166787,-0.00054514,0.01570202,0.0,2025-W19
adj_close.csv,ARIMA,EWJ,0.00671349,0.00497571,0.00664357,0.00671349,0.00497571,0.00664357,"ARIMA(0, 0, 1)",0.00664357,-6.991e-05,0.00166787,0.0,2025-W20
adj_close.csv,ARIMA,EWJ,0.00767713,0.00077809,0.00742167,0.00767713,0.00077809,0.00742167,"ARIMA(0, 0, 1)",0.00742167,-0.00025547,0.00664357,0.0,2025-W21
adj_close.csv,ARIMA,EWJ,0.01510236,0.00739355,0.01481521,0.01510236,0.00739355,0.01481521,"ARIMA(0, 0, 1)",0.01481521,-0.00028714,0.00742167,0.0,2025-W22
adj_close.csv,ARIMA,EWJ,0.00350677,0.01887102,0.00405581,0.00350677,0.01887102,0.00405581,"ARIMA(0, 0, 1)",-0.00405581,-0.00054904,0.01481521,0.0,2025-W23
adj_close.csv,ARIMA,EWJ,0.00311361,0.0010711,0.00298471,0.00311361,0.0010711,0.00298471,"ARIMA(0, 0, 1)",-0.00298471,0.0001289,-0.00405581,0.0,2025-W24
adj_close.csv,ARIMA,EWJ,0.01736996,0.01427074,0.01725545,0.01736996,0.01427074,0.01725545,"ARIMA(0, 0, 1)",-0.01725545,0.00011451,-0.00298471,0.0,2025-W25
adj_close.csv,ARIMA,EWJ,0.04725339,0.06514272,0.04788727,0.04725339,0.06514272,0.04788727,"ARIMA(0, 0, 1)",0.04788727,0.00063387,-0.01725545,0.0,2025-W26
adj_close.csv,ARIMA,EWJ,0.00702771,0.05696132,0.00907406,0.00702771,0.05696132,0.00907406,"ARIMA(0, 0, 1)",-0.00907406,-0.00204635,0.04788727,0.0,2025-W27
adj_close.csv,ARIMA,EWJ,0.03080463,0.02141268,0.03048674,0.03080463,0.02141268,0.03048674,"ARIMA(0, 0, 1)",-0.03048674,0.00031788,-0.00907406,0.0,2025-W28
adj_close.csv,ARIMA,EWJ,0.00900707,0.02285677,0.00762997,0.00900707,0.02285677,0.00762997,"ARIMA(0, 0, 1)",-0.00762997,0.0013771,-0.03048674,0.0,2025-W29
adj_close.csv,ARIMA,EWJ,0.052107,0.06012018,0.05249021,0.052107,0.06012018,0.05249021,"ARIMA(0, 0, 1)",0.05249021,0.00038321,-0.00762997,0.0,2025-W30
adj_close.csv,ARIMA,EWJ,0.0190054,0.07399356,0.02150335,0.0190054,0.07399356,0.02150335,"ARIMA(0, 0, 1)",-0.02150335,-0.00249795,0.05249021,0.0,2025-W31
adj_close.csv,ARIMA,EWJ,0.04976944,0.07230371,0.05080037,0.04976944,0.07230371,0.05080037,"ARIMA(0, 0, 1)",0.05080037,0.00103092,-0.02150335,0.0,2025-W32
adj_close.csv,ARIMA,EWJ,0.03111791,0.02271138,0.02808898,0.03111791,0.02271138,0.02808898,"ARIMA(0, 0, 1)",0.02808898,-0.00302893,0.05080037,0.0,2025-W33
adj_close.csv,ARIMA,EWJ,0.00014942,0.02971238,0.00162339,0.00014942,0.02971238,0.00162339,"ARIMA(0, 0, 1)",-0.00162339,-0.00147397,0.02808898,0.0,2025-W34
adj_close.csv,ARIMA,EWJ,0.02199197,0.020361,0.0219844,0.02199197,0.020361,0.0219844,"ARIMA(0, 0, 1)",-0.0219844,7.57e-06,-0.00162339,0.0,2025-W35
adj_close.csv,ARIMA,EWJ,0.01034962,0.03341598,0.01143158,0.01034962,0.03341598,0.01143158,"ARIMA(0, 0, 1)",0.01143158,0.00108196,-0.0219844,0.0,2025-W36
adj_close.csv,ARIMA,EWJ,0.02028151,0.00832652,0.0197581,0.02028151,0.00832652,0.0197581,"ARIMA(0, 0, 1)",0.0197581,-0.00052341,0.01143158,0.0,2025-W37
adj_close.csv,ARIMA,EWJ,0.00137318,0.01938673,0.00037137,0.00137318,0.01938673,0.00037137,"ARIMA(0, 0, 1)",0.00037137,-0.00100181,0.0197581,0.0,2025-W38
adj_close.csv,ARIMA,EWJ,0.0042742,0.00471294,0.00434157,0.0042742,0.00471294,0.00434157,"ARIMA(0, 0, 1)",-0.00434157,-6.737e-05,0.00037137,0.0,2025-W39
adj_close.csv,ARIMA,EWJ,0.0163103,0.02086264,0.01652107,0.0163103,0.02086264,0.01652107,"ARIMA(0, 0, 1)",0.01652107,0.00021077,-0.00434157,0.0,2025-W40
adj_close.csv,ARIMA,EWJ,0.04191025,0.05924013,0.04271906,0.04191025,0.05924013,0.04271906,"ARIMA(0, 0, 1)",-0.04271906,-0.0008088,0.01652107,0.0,2025-W41
adj_close.csv,ARIMA,EWJ,0.04311897,0.08812466,0.04540561,0.04311897,0.08812466,0.04540561,"ARIMA(0, 0, 1)",0.04540561,0.00228664,-0.04271906,0.0,2025-W42
adj_close.csv,ARIMA,EWJ,0.00896676,0.03932659,0.00607902,0.00896676,0.03932659,0.00607902,"ARIMA(0, 0, 1)",0.00607902,-0.00288775,0.04540561,0.0,2025-W43
adj_close.csv,ARIMA,EWJ,0.01202602,0.0053703,0.01144932,0.01202602,0.0053703,0.01144932,"ARIMA(0, 0, 1)",0.01144932,-0.0005767,0.00607902,0.0,2025-W44
adj_close.csv,ARIMA,EWJ,0.00114767,0.01336837,0.00191905,0.00114767,0.01336837,0.00191905,"ARIMA(0, 0, 1)",-0.00191905,-0.00077138,0.01144932,0.0,2025-W45
adj_close.csv,ARIMA,EWJ,0.00817649,0.01016925,0.0082502,0.00817649,0.01016925,0.0082502,"ARIMA(0, 0, 1)",0.0082502,7.371e-05,-0.00191905,0.0,2025-W46
adj_close.csv,ARIMA,EWJ,0.03326112,0.04203683,0.03378663,0.03326112,0.04203683,0.03378663,"ARIMA(0, 0, 1)",-0.03378663,-0.00052552,0.0082502,0.0,2025-W47
adj_close.csv,ARIMA,EWJ,0.01995935,0.05595561,0.02216897,0.01995935,0.05595561,0.02216897,"ARIMA(0, 0, 1)",0.02216897,0.00220962,-0.03378663,0.0,2025-W48
adj_close.csv,ARIMA,EWJ,0.00968804,0.01389115,0.00827782,0.00968804,0.01389115,0.00827782,"ARIMA(0, 0, 1)",0.00827782,-0.00141022,0.02216897,0.0,2025-W49
adj_close.csv,ARIMA,EWJ,0.00425368,0.00469994,0.00357788,0.00425368,0.00469994,0.00357788,"ARIMA(0, 0, 1)",0.00357788,-0.0006758,0.00827782,0.0,2025-W50
adj_close.csv,ARIMA,EWJ,0.00453691,0.00841072,0.00483285,0.00453691,0.00841072,0.00483285,"ARIMA(0, 0, 1)",-0.00483285,-0.00029594,0.00357788,0.0,2025-W51
adj_close.csv,ARIMA,EWJ,0.00451145,0.00966107,0.00482823,0.00451145,0.00966107,0.00482823,"ARIMA(0, 0, 1)",0.00482823,0.00031678,-0.00483285,0.0,2025-W52
adj_close.csv,ARIMA,EWJ,0.0047518,0.00039198,0.00443624,0.0047518,0.00039198,0.00443624,"ARIMA(0, 0, 1)",0.00443624,-0.00031556,0.00482823,0.0,2026-W01
adj_close.csv,ARIMA,EWJ,0.03986913,0.03510125,0.0395375,0.03986913,0.03510125,0.0395375,"ARIMA(0, 0, 1)",0.0395375,-0.00033164,0.00443624,0.0,2026-W02
adj_close.csv,ARIMA,EWJ,0.0129585,0.0293075,0.01023,0.0129585,0.0293075,0.01023,"ARIMA(0, 0, 1)",0.01023,-0.0027285,0.0395375,0.0,2026-W03
adj_close.csv,ARIMA,EWJ,0.00999261,0.02105116,0.01082116,0.00999261,0.02105116,0.01082116,"ARIMA(0, 0, 1)",-0.01082116,-0.00082855,0.01023,0.0,2026-W04
adj_close.csv,ARIMA,EWJ,0.01296914,0.02444603,0.01362487,0.01296914,0.02444603,0.01362487,"ARIMA(0, 0, 1)",0.01362487,0.00065573,-0.01082116,0.0,2026-W05
adj_close.csv,ARIMA,EWJ,0.00284009,0.01164366,0.00198122,0.00284009,0.01164366,0.00198122,"ARIMA(0, 0, 1)",0.00198122,-0.00085887,0.01362487,0.0,2026-W06
adj_close.csv,ARIMA,EWQ,0.00185358,0.02535981,0.00181135,0.00185358,0.02535981,0.00181135,"ARIMA(1, 0, 0)",0.00181135,-4.223e-05,-0.02354846,0.0,2024-W30
adj_close.csv,ARIMA,EWQ,0.02938569,0.03119433,0.02938298,0.02938569,0.03119433,0.02938298,"ARIMA(1, 0, 0)",-0.02938298,2.71e-06,0.00181135,0.0,2024-W31
adj_close.csv,ARIMA,EWQ,0.00136372,0.03071332,0.00133034,0.00136372,0.03071332,0.00133034,"ARIMA(1, 0, 0)",0.00133034,-3.339e-05,-0.02938298,0.0,2024-W32
adj_close.csv,ARIMA,EWQ,0.03114917,0.02981999,0.03115033,0.03114917,0.02981999,0.03115033,"ARIMA(1, 0, 0)",0.03115033,1.15e-06,0.00133034,0.0,2024-W33
adj_close.csv,ARIMA,EWQ,0.03217192,0.00105727,0.0322076,0.03217192,0.00105727,0.0322076,"ARIMA(1, 0, 0)",0.0322076,3.568e-05,0.03115033,0.0,2024-W34
adj_close.csv,ARIMA,EWQ,0.00500615,0.03696057,0.00475297,0.00500615,0.03696057,0.00475297,"ARIMA(1, 0, 0)",-0.00475297,0.00025318,0.0322076,0.0,2024-W35
adj_close.csv,ARIMA,EWQ,0.03570417,0.03098346,0.03573643,0.03570417,0.03098346,0.03573643,"ARIMA(1, 0, 0)",-0.03573643,-3.226e-05,-0.00475297,0.0,2024-W36
adj_close.csv,ARIMA,EWQ,0.01626686,0.05172036,0.01598393,0.01626686,0.05172036,0.01598393,"ARIMA(1, 0, 0)",0.01598393,-0.00028293,-0.03573643,0.0,2024-W37
adj_close.csv,ARIMA,EWQ,0.0151634,0.00075529,0.01522864,0.0151634,0.00075529,0.01522864,"ARIMA(1, 0, 0)",0.01522864,6.524e-05,0.01598393,0.0,2024-W38
adj_close.csv,ARIMA,EWQ,0.03505704,0.01991487,0.03514351,0.03505704,0.01991487,0.03514351,"ARIMA(1, 0, 0)",0.03514351,8.647e-05,0.01522864,0.0,2024-W39
adj_close.csv,ARIMA,EWQ,0.04102336,0.07584393,0.04070042,0.04102336,0.07584393,0.04070042,"ARIMA(1, 0, 0)",-0.04070042,0.00032294,0.03514351,0.0,2024-W40
adj_close.csv,ARIMA,EWQ,0.00356116,0.03714805,0.00355237,0.00356116,0.03714805,0.00355237,"ARIMA(1, 0, 0)",-0.00355237,8.79e-06,-0.04070042,0.0,2024-W41
adj_close.csv,ARIMA,EWQ,0.00228787,0.00126195,0.00229042,0.00228787,0.00126195,0.00229042,"ARIMA(1, 0, 0)",-0.00229042,-2.56e-06,-0.00355237,0.0,2024-W42
adj_close.csv,ARIMA,EWQ,0.02580608,0.02351743,0.02580785,0.02580608,0.02351743,0.02580785,"ARIMA(1, 0, 0)",-0.02580785,-1.77e-06,-0.00229042,0.0,2024-W43
adj_close.csv,ARIMA,EWQ,0.00758085,0.01819723,0.00761061,0.00758085,0.01819723,0.00761061,"ARIMA(1, 0, 0)",-0.00761061,-2.977e-05,-0.02580785,0.0,2024-W44
adj_close.csv,ARIMA,EWQ,0.01591393,0.00832166,0.01593227,0.01591393,0.00832166,0.01593227,"ARIMA(1, 0, 0)",-0.01593227,-1.835e-05,-0.00761061,0.0,2024-W45
adj_close.csv,ARIMA,EWQ,0.02928333,0.01340186,0.02933413,0.02928333,0.01340186,0.02933413,"ARIMA(1, 0, 0)",-0.02933413,-5.08e-05,-0.01593227,0.0,2024-W46
adj_close.csv,ARIMA,EWQ,0.01229976,0.01685308,0.01248105,0.01229976,0.01685308,0.01248105,"ARIMA(1, 0, 0)",-0.01248105,-0.00018129,-0.02933413,0.0,2024-W47
adj_close.csv,ARIMA,EWQ,0.01175972,0.02413492,0.01165386,0.01175972,0.02413492,0.01165386,"ARIMA(1, 0, 0)",0.01165386,-0.00010585,-0.01248105,0.0,2024-W48
adj_close.csv,ARIMA,EWQ,0.02631894,0.01475302,0.02640688,0.02631894,0.01475302,0.02640688,"ARIMA(1, 0, 0)",0.02640688,8.794e-05,0.01165386,0.0,2024-W49
adj_close.csv,ARIMA,EWQ,0.01024145,0.03639751,0.00999063,0.01024145,0.03639751,0.00999063,"ARIMA(1, 0, 0)",-0.00999063,0.00025083,0.02640688,0.0,2024-W50
adj_close.csv,ARIMA,EWQ,0.02584979,0.01593694,0.02592757,0.02584979,0.01593694,0.02592757,"ARIMA(1, 0, 0)",-0.02592757,-7.777e-05,-0.00999063,0.0,2024-W51
adj_close.csv,ARIMA,EWQ,0.01195998,0.03764331,0.01171574,0.01195998,0.03764331,0.01171574,"ARIMA(1, 0, 0)",0.01171574,-0.00024424,-0.02592757,0.0,2024-W52
adj_close.csv,ARIMA,EWQ,0.01997348,0.03160176,0.01988602,0.01997348,0.03160176,0.01988602,"ARIMA(1, 0, 0)",-0.01988602,8.745e-05,0.01171574,0.0,2025-W01
adj_close.csv,ARIMA,EWQ,0.01555821,0.03532511,0.01543909,0.01555821,0.03532511,0.01543909,"ARIMA(1, 0, 0)",0.01543909,-0.00011912,-0.01988602,0.0,2025-W02
adj_close.csv,ARIMA,EWQ,0.03792543,0.02254881,0.03798789,0.03792543,0.02254881,0.03798789,"ARIMA(1, 0, 0)",0.03798789,6.246e-05,0.01543909,0.0,2025-W03
adj_close.csv,ARIMA,EWQ,0.04761526,0.00992064,0.04790854,0.04761526,0.00992064,0.04790854,"ARIMA(1, 0, 0)",0.04790854,0.00029328,0.03798789,0.0,2025-W04
adj_close.csv,ARIMA,EWQ,0.01351355,0.06051324,0.0126047,0.01351355,0.06051324,0.0126047,"ARIMA(1, 0, 0)",-0.0126047,0.00090885,0.04790854,0.0,2025-W05
adj_close.csv,ARIMA,EWQ,0.00018908,0.0126047,0.0,0.00018908,0.0126047,0.0,"ARIMA(1, 0, 0)",0.0,-0.00018908,-0.0126047,0.0,2025-W06
adj_close.csv,ARIMA,EWQ,0.04207411,0.04207411,0.04207411,0.04207411,0.04207411,0.04207411,"ARIMA(1, 0, 0)",0.04207411,-0.0,0.0,0.0,2025-W07
adj_close.csv,ARIMA,EWQ,0.01336955,0.05481315,0.01273904,0.01336955,0.05481315,0.01273904,"ARIMA(1, 0, 0)",-0.01273904,0.00063052,0.04207411,0.0,2025-W08
adj_close.csv,ARIMA,EWQ,0.0059039,0.00668766,0.00605138,0.0059039,0.00668766,0.00605138,"ARIMA(1, 0, 0)",-0.00605138,-0.00014748,-0.01273904,0.0,2025-W09
adj_close.csv,ARIMA,EWQ,0.05732959,0.06330815,0.05725677,0.05732959,0.06330815,0.05725677,"ARIMA(1, 0, 0)",0.05725677,-7.281e-05,-0.00605138,0.0,2025-W10
adj_close.csv,ARIMA,EWQ,0.01451795,0.07120604,0.01394927,0.01451795,0.07120604,0.01394927,"ARIMA(1, 0, 0)",-0.01394927,0.00056868,0.05725677,0.0,2025-W11
adj_close.csv,ARIMA,EWQ,0.00917614,0.0047034,0.00924587,0.00917614,0.0047034,0.00924587,"ARIMA(1, 0, 0)",-0.00924587,-6.972e-05,-0.01394927,0.0,2025-W12
adj_close.csv,ARIMA,EWQ,0.01372986,0.00453723,0.01378309,0.01372986,0.00453723,0.01378309,"ARIMA(1, 0, 0)",-0.01378309,-5.323e-05,-0.00924587,0.0,2025-W13
adj_close.csv,ARIMA,EWQ,0.08092411,0.06723074,0.08101383,0.08092411,0.06723074,0.08101383,"ARIMA(1, 0, 0)",-0.08101383,-8.972e-05,-0.01378309,0.0,2025-W14
adj_close.csv,ARIMA,EWQ,0.04727684,0.12722848,0.04621465,0.04727684,0.12722848,0.04621465,"ARIMA(1, 0, 0)",0.04621465,-0.00106219,-0.08101383,0.0,2025-W15
adj_close.csv,ARIMA,EWQ,0.00679718,0.03982004,0.00639461,0.00679718,0.03982004,0.00639461,"ARIMA(1, 0, 0)",0.00639461,-0.00040256,0.04621465,0.0,2025-W16
adj_close.csv,ARIMA,EWQ,0.04320949,0.03677048,0.04316509,0.04320949,0.03677048,0.04316509,"ARIMA(1, 0, 0)",0.04316509,-4.439e-05,0.00639461,0.0,2025-W17
adj_close.csv,ARIMA,EWQ,0.02221141,0.02118623,0.02197886,0.02221141,0.02118623,0.02197886,"ARIMA(1, 0, 0)",0.02197886,-0.00023255,0.04316509,0.0,2025-W18
adj_close.csv,ARIMA,EWQ,0.00430835,0.02628827,0.00430941,0.00430835,0.02628827,0.00430941,"ARIMA(1, 0, 0)",-0.00430941,-1.05e-06,0.02197886,0.0,2025-W19
adj_close.csv,ARIMA,EWQ,0.01358052,0.0178924,0.013583,0.01358052,0.0178924,0.013583,"ARIMA(1, 0, 0)",0.013583,2.47e-06,-0.00430941,0.0,2025-W20
adj_close.csv,ARIMA,EWQ,0.00355624,0.01003896,0.00354403,0.00355624,0.01003896,0.00354403,"ARIMA(1, 0, 0)",0.00354403,-1.221e-05,0.013583,0.0,2025-W21
adj_close.csv,ARIMA,EWQ,0.00212272,0.00142355,0.00212048,0.00212272,0.00142355,0.00212048,"ARIMA(1, 0, 0)",0.00212048,-2.24e-06,0.00354403,0.0,2025-W22
adj_close.csv,ARIMA,EWQ,0.01286229,0.01074056,0.01286104,0.01286229,0.01074056,0.01286104,"ARIMA(1, 0, 0)",0.01286104,-1.25e-06,0.00212048,0.0,2025-W23
adj_close.csv,ARIMA,EWQ,0.00488545,0.01775212,0.00489109,0.00488545,0.01775212,0.00489109,"ARIMA(1, 0, 0)",-0.00489109,-5.63e-06,0.01286104,0.0,2025-W24
adj_close.csv,ARIMA,EWQ,0.01409636,0.00920143,0.01409252,0.01409636,0.00920143,0.01409252,"ARIMA(1, 0, 0)",-0.01409252,3.84e-06,-0.00489109,0.0,2025-W25
adj_close.csv,ARIMA,EWQ,0.03146295,0.04556116,0.03146864,0.03146295,0.04556116,0.03146864,"ARIMA(1, 0, 0)",0.03146864,5.69e-06,-0.01409252,0.0,2025-W26
adj_close.csv,ARIMA,EWQ,0.01105984,0.02049875,0.01096989,0.01105984,0.02049875,0.01096989,"ARIMA(1, 0, 0)",0.01096989,-8.995e-05,0.03146864,0.0,2025-W27
adj_close.csv,ARIMA,EWQ,0.0046421,0.00633813,0.00463176,0.0046421,0.00633813,0.00463176,"ARIMA(1, 0, 0)",0.00463176,-1.034e-05,0.01096989,0.0,2025-W28
adj_close.csv,ARIMA,EWQ,0.00834969,0.01298452,0.00835275,0.00834969,0.01298452,0.00835275,"ARIMA(1, 0, 0)",-0.00835275,-3.07e-06,0.00463176,0.0,2025-W29
adj_close.csv,ARIMA,EWQ,0.01846054,0.0268206,0.01846784,0.01846054,0.0268206,0.01846784,"ARIMA(1, 0, 0)",0.01846784,7.31e-06,-0.00835275,0.0,2025-W30
adj_close.csv,ARIMA,EWQ,0.05376865,0.07226831,0.05380047,0.05376865,0.07226831,0.05380047,"ARIMA(1, 0, 0)",-0.05380047,-3.182e-05,0.01846784,0.0,2025-W31
adj_close.csv,ARIMA,EWQ,0.02933922,0.0835256,0.02972514,0.02933922,0.0835256,0.02972514,"ARIMA(1, 0, 0)",0.02972514,0.00038592,-0.05380047,0.0,2025-W32
adj_close.csv,ARIMA,EWQ,0.02842285,0.00176902,0.02795612,0.02842285,0.00176902,0.02795612,"ARIMA(1, 0, 0)",0.02795612,-0.00046673,0.02972514,0.0,2025-W33
adj_close.csv,ARIMA,EWQ,0.00689763,0.02137044,0.00658568,0.00689763,0.02137044,0.00658568,"ARIMA(1, 0, 0)",0.00658568,-0.00031195,0.02795612,0.0,2025-W34
adj_close.csv,ARIMA,EWQ,0.03658607,0.04323844,0.03665276,0.03658607,0.04323844,0.03665276,"ARIMA(1, 0, 0)",-0.03665276,-6.669e-05,0.00658568,0.0,2025-W35
adj_close.csv,ARIMA,EWQ,0.001123,0.03594817,0.00070458,0.001123,0.03594817,0.00070458,"ARIMA(1, 0, 0)",-0.00070458,0.00041842,-0.03665276,0.0,2025-W36
adj_close.csv,ARIMA,EWQ,0.02160833,0.0223208,0.02161621,0.02160833,0.0223208,0.02161621,"ARIMA(1, 0, 0)",0.02161621,7.89e-06,-0.00070458,0.0,2025-W37
adj_close.csv,ARIMA,EWQ,0.004603,0.017257,0.00435922,0.004603,0.017257,0.00435922,"ARIMA(1, 0, 0)",0.00435922,-0.00024379,0.02161621,0.0,2025-W38
adj_close.csv,ARIMA,EWQ,0.00201562,0.0064217,0.00206249,0.00201562,0.0064217,0.00206249,"ARIMA(1, 0, 0)",-0.00206249,-4.686e-05,0.00435922,0.0,2025-W39
adj_close.csv,ARIMA,EWQ,0.02981038,0.03189513,0.02983265,0.02981038,0.03189513,0.02983265,"ARIMA(1, 0, 0)",0.02983265,2.227e-05,-0.00206249,0.0,2025-W40
adj_close.csv,ARIMA,EWQ,0.03640699,0.06657146,0.03673881,0.03640699,0.06657146,0.03673881,"ARIMA(1, 0, 0)",-0.03673881,-0.00033183,0.02983265,0.0,2025-W41
adj_close.csv,ARIMA,EWQ,0.04321974,0.08057774,0.04383893,0.04321974,0.08057774,0.04383893,"ARIMA(1, 0, 0)",0.04383893,0.00061919,-0.03673881,0.0,2025-W42
adj_close.csv,ARIMA,EWQ,0.00155303,0.04649552,0.00265659,0.00155303,0.04649552,0.00265659,"ARIMA(1, 0, 0)",-0.00265659,-0.00110356,0.04383893,0.0,2025-W43
adj_close.csv,ARIMA,EWQ,0.0186387,0.0159143,0.01857089,0.0186387,0.0159143,0.01857089,"ARIMA(1, 0, 0)",-0.01857089,6.781e-05,-0.00265659,0.0,2025-W44
adj_close.csv,ARIMA,EWQ,0.01182533,0.00721483,0.01135606,0.01182533,0.00721483,0.01135606,"ARIMA(1, 0, 0)",-0.01135606,0.00046927,-0.01857089,0.0,2025-W45
adj_close.csv,ARIMA,EWQ,0.02364951,0.03527962,0.02392356,0.02364951,0.03527962,0.02392356,"ARIMA(1, 0, 0)",0.02392356,0.00027405,-0.01135606,0.0,2025-W46
adj_close.csv,ARIMA,EWQ,0.02537084,0.04990498,0.02598142,0.02537084,0.04990498,0.02598142,"ARIMA(1, 0, 0)",-0.02598142,-0.00061058,0.02392356,0.0,2025-W47
adj_close.csv,ARIMA,EWQ,0.01919733,0.0459232,0.01994178,0.01919733,0.0459232,0.01994178,"ARIMA(1, 0, 0)",0.01994178,0.00074445,-0.02598142,0.0,2025-W48
adj_close.csv,ARIMA,EWQ,0.00174373,0.01882059,0.0011212,0.00174373,0.01882059,0.0011212,"ARIMA(1, 0, 0)",0.0011212,-0.00062253,0.01994178,0.0,2025-W49
adj_close.csv,ARIMA,EWQ,0.00584492,0.00468892,0.00581012,0.00584492,0.00468892,0.00581012,"ARIMA(1, 0, 0)",0.00581012,-3.48e-05,0.0011212,0.0,2025-W50
adj_close.csv,ARIMA,EWQ,0.0059076,8.266e-05,0.00572746,0.0059076,8.266e-05,0.00572746,"ARIMA(1, 0, 0)",0.00572746,-0.00018014,0.00581012,0.0,2025-W51
adj_close.csv,ARIMA,EWQ,0.00617061,0.00026657,0.00599403,0.00617061,0.00026657,0.00599403,"ARIMA(1, 0, 0)",0.00599403,-0.00017657,0.00572746,0.0,2025-W52
adj_close.csv,ARIMA,EWQ,0.00305698,0.00312076,0.00287327,0.00305698,0.00312076,0.00287327,"ARIMA(1, 0, 0)",0.00287327,-0.00018371,0.00599403,0.0,2026-W01
adj_close.csv,ARIMA,EWQ,0.01258932,0.00962826,0.01250153,0.01258932,0.00962826,0.01250153,"ARIMA(1, 0, 0)",0.01250153,-8.779e-05,0.00287327,0.0,2026-W02
adj_close.csv,ARIMA,EWQ,0.01256338,0.02544456,0.01294304,0.01256338,0.02544456,0.01294304,"ARIMA(1, 0, 0)",-0.01294304,-0.00037965,0.01250153,0.0,2026-W03
adj_close.csv,ARIMA,EWQ,0.00444229,0.01778881,0.00484577,0.00444229,0.01778881,0.00484577,"ARIMA(1, 0, 0)",0.00484577,0.00040348,-0.01294304,0.0,2026-W04
adj_close.csv,ARIMA,EWQ,0.00336942,0.00836767,0.0035219,0.00336942,0.00836767,0.0035219,"ARIMA(1, 0, 0)",-0.0035219,-0.00015248,0.00484577,0.0,2026-W05
adj_close.csv,ARIMA,EWQ,0.00713931,0.01077233,0.00725043,0.00713931,0.01077233,0.00725043,"ARIMA(1, 0, 0)",0.00725043,0.00011112,-0.0035219,0.0,2026-W06
adj_close.csv,ARIMA,EWT,0.01564811,0.04778492,0.01899753,0.01564811,0.04778492,0.01899753,"ARIMA(1, 0, 0)",-0.01899753,-0.00334942,-0.06678245,0.0,2024-W30
adj_close.csv,ARIMA,EWT,0.03502672,0.01712866,0.03612618,0.03502672,0.01712866,0.03612618,"ARIMA(1, 0, 0)",-0.03612618,-0.00109946,-0.01899753,0.0,2024-W31
adj_close.csv,ARIMA,EWT,0.02565498,0.05951328,0.0233871,0.02565498,0.05951328,0.0233871,"ARIMA(1, 0, 0)",0.0233871,-0.00226788,-0.03612618,0.0,2024-W32
adj_close.csv,ARIMA,EWT,0.04258426,0.02050715,0.04389425,0.04258426,0.02050715,0.04389425,"ARIMA(1, 0, 0)",0.04389425,0.00130999,0.0233871,0.0,2024-W33
adj_close.csv,ARIMA,EWT,0.00850025,0.0326176,0.01127665,0.00850025,0.0326176,0.01127665,"ARIMA(1, 0, 0)",0.01127665,0.0027764,0.04389425,0.0,2024-W34
adj_close.csv,ARIMA,EWT,0.01183428,0.0223675,0.01109085,0.01183428,0.0223675,0.01109085,"ARIMA(1, 0, 0)",-0.01109085,0.00074343,0.01127665,0.0,2024-W35
adj_close.csv,ARIMA,EWT,0.0709311,0.06056083,0.07165168,0.0709311,0.06056083,0.07165168,"ARIMA(1, 0, 0)",-0.07165168,-0.00072058,-0.01109085,0.0,2024-W36
adj_close.csv,ARIMA,EWT,0.05320197,0.11979505,0.04814337,0.05320197,0.11979505,0.04814337,"ARIMA(1, 0, 0)",0.04814337,-0.00505859,-0.07165168,0.0,2024-W37
adj_close.csv,ARIMA,EWT,0.00940892,0.03660216,0.01154121,0.00940892,0.03660216,0.01154121,"ARIMA(1, 0, 0)",0.01154121,0.00213228,0.04814337,0.0,2024-W38
adj_close.csv,ARIMA,EWT,0.04253011,0.03153558,0.04307679,0.04253011,0.03153558,0.04307679,"ARIMA(1, 0, 0)",0.04307679,0.00054668,0.01154121,0.0,2024-W39
adj_close.csv,ARIMA,EWT,0.03366533,0.07455818,0.03148139,0.03366533,0.07455818,0.03148139,"ARIMA(1, 0, 0)",-0.03148139,0.00218394,0.04307679,0.0,2024-W40
adj_close.csv,ARIMA,EWT,0.02535661,0.05554794,0.02406654,0.02535661,0.05554794,0.02406654,"ARIMA(1, 0, 0)",0.02406654,-0.00129007,-0.03148139,0.0,2024-W41
adj_close.csv,ARIMA,EWT,0.02724196,0.00403372,0.02810027,0.02724196,0.00403372,0.02810027,"ARIMA(1, 0, 0)",0.02810027,0.0008583,0.02406654,0.0,2024-W42
adj_close.csv,ARIMA,EWT,0.00749837,0.03447428,0.00637401,0.00749837,0.03447428,0.00637401,"ARIMA(1, 0, 0)",-0.00637401,0.00112436,0.02810027,0.0,2024-W43
adj_close.csv,ARIMA,EWT,0.02675812,0.02063029,0.0270043,0.02675812,0.02063029,0.0270043,"ARIMA(1, 0, 0)",-0.0270043,-0.00024618,-0.00637401,0.0,2024-W44
adj_close.csv,ARIMA,EWT,0.02255629,0.04848725,0.02148295,0.02255629,0.04848725,0.02148295,"ARIMA(1, 0, 0)",0.02148295,-0.00107334,-0.0270043,0.0,2024-W45
adj_close.csv,ARIMA,EWT,0.04962962,0.07034459,0.04886164,0.04962962,0.07034459,0.04886164,"ARIMA(1, 0, 0)",-0.04886164,0.00076798,0.02148295,0.0,2024-W46
adj_close.csv,ARIMA,EWT,0.01851296,0.06596885,0.01710721,0.01851296,0.06596885,0.01710721,"ARIMA(1, 0, 0)",0.01710721,-0.00140576,-0.04886164,0.0,2024-W47
adj_close.csv,ARIMA,EWT,0.02069298,0.03740773,0.02030053,0.02069298,0.03740773,0.02030053,"ARIMA(1, 0, 0)",-0.02030053,0.00039245,0.01710721,0.0,2024-W48
adj_close.csv,ARIMA,EWT,0.03190347,0.05178451,0.03148399,0.03190347,0.05178451,0.03148399,"ARIMA(1, 0, 0)",0.03148399,-0.00041949,-0.02030053,0.0,2024-W49
adj_close.csv,ARIMA,EWT,0.00417269,0.03513691,0.00365293,0.00417269,0.03513691,0.00365293,"ARIMA(1, 0, 0)",-0.00365293,0.00051977,0.03148399,0.0,2024-W50
adj_close.csv,ARIMA,EWT,0.01337202,0.00977634,0.01342927,0.01337202,0.00977634,0.01342927,"ARIMA(1, 0, 0)",-0.01342927,-5.725e-05,-0.00365293,0.0,2024-W51
adj_close.csv,ARIMA,EWT,0.00651419,0.01972882,0.00629956,0.00651419,0.01972882,0.00629956,"ARIMA(1, 0, 0)",0.00629956,-0.00021464,-0.01342927,0.0,2024-W52
adj_close.csv,ARIMA,EWT,0.00620528,0.01240765,0.0061081,0.00620528,0.01240765,0.0061081,"ARIMA(1, 0, 0)",-0.0061081,9.718e-05,0.00629956,0.0,2025-W01
adj_close.csv,ARIMA,EWT,0.02099736,0.01498197,0.02109007,0.02099736,0.01498197,0.02109007,"ARIMA(1, 0, 0)",-0.02109007,-9.27e-05,-0.0061081,0.0,2025-W02
adj_close.csv,ARIMA,EWT,0.01759079,0.03834355,0.01725349,0.01759079,0.03834355,0.01725349,"ARIMA(1, 0, 0)",0.01725349,-0.0003373,-0.02109007,0.0,2025-W03
adj_close.csv,ARIMA,EWT,0.02631665,0.00929848,0.02655197,0.02631665,0.00929848,0.02655197,"ARIMA(1, 0, 0)",0.02655197,0.00023532,0.01725349,0.0,2025-W04
adj_close.csv,ARIMA,EWT,0.0382004,0.06431387,0.0377619,0.0382004,0.06431387,0.0377619,"ARIMA(1, 0, 0)",-0.0377619,0.0004385,0.02655197,0.0,2025-W05
adj_close.csv,ARIMA,EWT,0.01120755,0.04858733,0.01082543,0.01120755,0.04858733,0.01082543,"ARIMA(1, 0, 0)",0.01082543,-0.00038212,-0.0377619,0.0,2025-W06
adj_close.csv,ARIMA,EWT,0.01404694,0.00330243,0.01412786,0.01404694,0.00330243,0.01412786,"ARIMA(1, 0, 0)",0.01412786,8.091e-05,0.01082543,0.0,2025-W07
adj_close.csv,ARIMA,EWT,0.00366529,0.01034355,0.00378431,0.00366529,0.01034355,0.00378431,"ARIMA(1, 0, 0)",0.00378431,0.00011901,0.01412786,0.0,2025-W08
adj_close.csv,ARIMA,EWT,0.04128798,0.04503919,0.04125488,0.04128798,0.04503919,0.04125488,"ARIMA(1, 0, 0)",-0.04125488,3.31e-05,0.00378431,0.0,2025-W09
adj_close.csv,ARIMA,EWT,0.00855274,0.04948697,0.00823208,0.00855274,0.04948697,0.00823208,"ARIMA(1, 0, 0)",0.00823208,-0.00032066,-0.04125488,0.0,2025-W10
adj_close.csv,ARIMA,EWT,0.01896286,0.02714888,0.0189168,0.01896286,0.02714888,0.0189168,"ARIMA(1, 0, 0)",-0.0189168,4.606e-05,0.00823208,0.0,2025-W11
adj_close.csv,ARIMA,EWT,0.00090754,0.01792163,0.00099517,0.00090754,0.01792163,0.00099517,"ARIMA(1, 0, 0)",-0.00099517,-8.763e-05,-0.0189168,0.0,2025-W12
adj_close.csv,ARIMA,EWT,0.0489647,0.04797425,0.04896942,0.0489647,0.04797425,0.04896942,"ARIMA(1, 0, 0)",-0.04896942,-4.72e-06,-0.00099517,0.0,2025-W13
adj_close.csv,ARIMA,EWT,0.08710686,0.03838414,0.08735356,0.08710686,0.03838414,0.08735356,"ARIMA(1, 0, 0)",-0.08735356,-0.0002467,-0.04896942,0.0,2025-W14
adj_close.csv,ARIMA,EWT,0.04295585,0.12760935,0.04025579,0.04295585,0.12760935,0.04025579,"ARIMA(1, 0, 0)",0.04025579,-0.00270006,-0.08735356,0.0,2025-W15
adj_close.csv,ARIMA,EWT,0.01672252,0.05660968,0.01635389,0.01672252,0.05660968,0.01635389,"ARIMA(1, 0, 0)",-0.01635389,0.00036864,0.04025579,0.0,2025-W16
adj_close.csv,ARIMA,EWT,0.03209979,0.04836714,0.03201326,0.03209979,0.04836714,0.03201326,"ARIMA(1, 0, 0)",0.03201326,-8.653e-05,-0.01635389,0.0,2025-W17
adj_close.csv,ARIMA,EWT,0.09476623,0.062826,0.09483926,0.09476623,0.062826,0.09483926,"ARIMA(1, 0, 0)",0.09483926,7.303e-05,0.03201326,0.0,2025-W18
adj_close.csv,ARIMA,EWT,0.01372308,0.07925963,0.01557963,0.01372308,0.07925963,0.01557963,"ARIMA(1, 0, 0)",0.01557963,0.00185655,0.09483926,0.0,2025-W19
adj_close.csv,ARIMA,EWT,0.04232981,0.02716511,0.04274474,0.04232981,0.02716511,0.04274474,"ARIMA(1, 0, 0)",0.04274474,0.00041494,0.01557963,0.0,2025-W20
adj_close.csv,ARIMA,EWT,0.01040486,0.05185851,0.00911377,0.01040486,0.05185851,0.00911377,"ARIMA(1, 0, 0)",-0.00911377,0.00129109,0.04274474,0.0,2025-W21
adj_close.csv,ARIMA,EWT,0.02127699,0.01241677,0.02153053,0.02127699,0.01241677,0.02153053,"ARIMA(1, 0, 0)",-0.02153053,-0.00025354,-0.00911377,0.0,2025-W22
adj_close.csv,ARIMA,EWT,0.03311553,0.05402471,0.03249418,0.03311553,0.05402471,0.03249418,"ARIMA(1, 0, 0)",0.03249418,-0.00062135,-0.02153053,0.0,2025-W23
adj_close.csv,ARIMA,EWT,0.03083662,0.00084368,0.0316505,0.03083662,0.00084368,0.0316505,"ARIMA(1, 0, 0)",0.0316505,0.00081388,0.03249418,0.0,2025-W24
adj_close.csv,ARIMA,EWT,0.01921105,0.04990018,0.01824969,0.01921105,0.04990018,0.01824969,"ARIMA(1, 0, 0)",-0.01824969,0.00096136,0.0316505,0.0,2025-W25
adj_close.csv,ARIMA,EWT,0.05392919,0.07168324,0.05343355,0.05392919,0.07168324,0.05343355,"ARIMA(1, 0, 0)",0.05343355,-0.00049564,-0.01824969,0.0,2025-W26
adj_close.csv,ARIMA,EWT,0.02594041,0.02631959,0.02711396,0.02594041,0.02631959,0.02711396,"ARIMA(1, 0, 0)",0.02711396,0.00117355,0.05343355,0.0,2025-W27
adj_close.csv,ARIMA,EWT,0.02015623,0.04647923,0.01936527,0.02015623,0.04647923,0.01936527,"ARIMA(1, 0, 0)",-0.01936527,0.00079096,0.02711396,0.0,2025-W28
adj_close.csv,ARIMA,EWT,0.016505,0.03536019,0.01599492,0.016505,0.03536019,0.01599492,"ARIMA(1, 0, 0)",0.01599492,-0.00051008,-0.01936527,0.0,2025-W29
adj_close.csv,ARIMA,EWT,0.00280725,0.0127928,0.00320212,0.00280725,0.0127928,0.00320212,"ARIMA(1, 0, 0)",0.00320212,0.00039487,0.01599492,0.0,2025-W30
adj_close.csv,ARIMA,EWT,0.01773426,0.02085658,0.01765446,0.01773426,0.02085658,0.01765446,"ARIMA(1, 0, 0)",-0.01765446,7.979e-05,0.00320212,0.0,2025-W31
adj_close.csv,ARIMA,EWT,0.03245637,0.04967608,0.03202161,0.03245637,0.04967608,0.03202161,"ARIMA(1, 0, 0)",0.03202161,-0.00043476,-0.01765446,0.0,2025-W32
adj_close.csv,ARIMA,EWT,0.0014599,0.02986774,0.00215387,0.0014599,0.02986774,0.00215387,"ARIMA(1, 0, 0)",0.00215387,0.00069397,0.03202161,0.0,2025-W33
adj_close.csv,ARIMA,EWT,0.01270557,0.01481224,0.01265837,0.01270557,0.01481224,0.01265837,"ARIMA(1, 0, 0)",-0.01265837,4.719e-05,0.00215387,0.0,2025-W34
adj_close.csv,ARIMA,EWT,0.01390428,0.00152149,0.01417986,0.01390428,0.00152149,0.01417986,"ARIMA(1, 0, 0)",-0.01417986,-0.00027559,-0.01265837,0.0,2025-W35
adj_close.csv,ARIMA,EWT,0.02367802,0.03753639,0.02335652,0.02367802,0.03753639,0.02335652,"ARIMA(1, 0, 0)",0.02335652,-0.0003215,-0.01417986,0.0,2025-W36
adj_close.csv,ARIMA,EWT,0.04210485,0.01923775,0.04259427,0.04210485,0.01923775,0.04259427,"ARIMA(1, 0, 0)",0.04259427,0.00048942,0.02335652,0.0,2025-W37
adj_close.csv,ARIMA,EWT,0.00760931,0.03387859,0.00871568,0.00760931,0.03387859,0.00871568,"ARIMA(1, 0, 0)",0.00871568,0.00110636,0.04259427,0.0,2025-W38
adj_close.csv,ARIMA,EWT,0.01038983,0.01886484,0.01014916,0.01038983,0.01886484,0.01014916,"ARIMA(1, 0, 0)",-0.01014916,0.00024067,0.00871568,0.0,2025-W39
adj_close.csv,ARIMA,EWT,0.03010982,0.03998337,0.02983421,0.03010982,0.03998337,0.02983421,"ARIMA(1, 0, 0)",0.02983421,-0.00027561,-0.01014916,0.0,2025-W40
adj_close.csv,ARIMA,EWT,0.04861103,0.07768114,0.04784692,0.04861103,0.07768114,0.04784692,"ARIMA(1, 0, 0)",-0.04784692,0.00076411,0.02983421,0.0,2025-W41
adj_close.csv,ARIMA,EWT,0.05566072,0.10263128,0.05478436,0.05566072,0.10263128,0.05478436,"ARIMA(1, 0, 0)",0.05478436,-0.00087636,-0.04784692,0.0,2025-W42
adj_close.csv,ARIMA,EWT,0.02085254,0.03365401,0.02113035,0.02085254,0.03365401,0.02113035,"ARIMA(1, 0, 0)",0.02113035,0.00027781,0.05478436,0.0,2025-W43
adj_close.csv,ARIMA,EWT,0.0023284,0.01857651,0.00255384,0.0023284,0.01857651,0.00255384,"ARIMA(1, 0, 0)",0.00255384,0.00022544,0.02113035,0.0,2025-W44
adj_close.csv,ARIMA,EWT,0.03111371,0.03363968,0.03108584,0.03111371,0.03363968,0.03108584,"ARIMA(1, 0, 0)",-0.03108584,2.786e-05,0.00255384,0.0,2025-W45
adj_close.csv,ARIMA,EWT,0.00895707,0.03971586,0.00863001,0.00895707,0.03971586,0.00863001,"ARIMA(1, 0, 0)",0.00863001,-0.00032705,-0.03108584,0.0,2025-W46
adj_close.csv,ARIMA,EWT,0.05317496,0.06172587,0.05309586,0.05317496,0.06172587,0.05309586,"ARIMA(1, 0, 0)",-0.05309586,7.91e-05,0.00863001,0.0,2025-W47
adj_close.csv,ARIMA,EWT,0.04328511,0.09601282,0.04291696,0.04328511,0.09601282,0.04291696,"ARIMA(1, 0, 0)",0.04291696,-0.00036815,-0.05309586,0.0,2025-W48
adj_close.csv,ARIMA,EWT,0.01311284,0.02997988,0.01293708,0.01311284,0.02997988,0.01293708,"ARIMA(1, 0, 0)",0.01293708,-0.00017575,0.04291696,0.0,2025-W49
adj_close.csv,ARIMA,EWT,0.01929468,0.03225011,0.01931303,0.01929468,0.03225011,0.01931303,"ARIMA(1, 0, 0)",-0.01931303,-1.835e-05,0.01293708,0.0,2025-W50
adj_close.csv,ARIMA,EWT,0.00573473,0.02509806,0.00578504,0.00573473,0.02509806,0.00578504,"ARIMA(1, 0, 0)",0.00578504,5.03e-05,-0.01931303,0.0,2025-W51
adj_close.csv,ARIMA,EWT,0.02215925,0.0163561,0.02214114,0.02215925,0.0163561,0.02214114,"ARIMA(1, 0, 0)",0.02214114,-1.811e-05,0.00578504,0.0,2025-W52
adj_close.csv,ARIMA,EWT,0.02744618,0.00524919,0.02739034,0.02744618,0.00524919,0.02739034,"ARIMA(1, 0, 0)",0.02739034,-5.584e-05,0.02214114,0.0,2026-W01
adj_close.csv,ARIMA,EWT,0.01758968,0.00979096,0.01759938,0.01758968,0.00979096,0.01759938,"ARIMA(1, 0, 0)",0.01759938,9.7e-06,0.02739034,0.0,2026-W02
adj_close.csv,ARIMA,EWT,0.02126628,0.00371313,0.0213125,0.02126628,0.00371313,0.0213125,"ARIMA(1, 0, 0)",0.0213125,4.622e-05,0.01759938,0.0,2026-W03
adj_close.csv,ARIMA,EWT,0.03449587,0.01327691,0.03458941,0.03449587,0.01327691,0.03458941,"ARIMA(1, 0, 0)",0.03458941,9.353e-05,0.0213125,0.0,2026-W04
adj_close.csv,ARIMA,EWT,0.02422543,0.05854354,0.02395413,0.02422543,0.05854354,0.02395413,"ARIMA(1, 0, 0)",-0.02395413,0.0002713,0.03458941,0.0,2026-W05
adj_close.csv,ARIMA,EWT,0.01294105,0.0368011,0.01284696,0.01294105,0.0368011,0.01284696,"ARIMA(1, 0, 0)",0.01284696,-9.409e-05,-0.02395413,0.0,2026-W06
adj_close.csv,ARIMA,EWU,0.01518586,0.02879756,0.01426002,0.01518586,0.02879756,0.01426002,"ARIMA(0, 0, 1)",0.01426002,-0.00092584,-0.01453754,0.0,2024-W30
adj_close.csv,ARIMA,EWU,0.01625985,0.0296471,0.01538708,0.01625985,0.0296471,0.01538708,"ARIMA(0, 0, 1)",-0.01538708,0.00087277,0.01426002,0.0,2024-W31
adj_close.csv,ARIMA,EWU,0.00108901,0.01341171,0.00197537,0.00108901,0.01341171,0.00197537,"ARIMA(0, 0, 1)",-0.00197537,-0.00088636,-0.01538708,0.0,2024-W32
adj_close.csv,ARIMA,EWU,0.03038596,0.03230177,0.0303264,0.03038596,0.03230177,0.0303264,"ARIMA(0, 0, 1)",0.0303264,-5.957e-05,-0.00197537,0.0,2024-W33
adj_close.csv,ARIMA,EWU,0.02297701,0.00569392,0.02463247,0.02297701,0.00569392,0.02463247,"ARIMA(0, 0, 1)",0.02463247,0.00165546,0.0303264,0.0,2024-W34
adj_close.csv,ARIMA,EWU,0.00205057,0.02116265,0.00346982,0.00205057,0.02116265,0.00346982,"ARIMA(0, 0, 1)",0.00346982,0.00141925,0.02463247,0.0,2024-W35
adj_close.csv,ARIMA,EWU,0.02823078,0.03157211,0.02810229,0.02823078,0.03157211,0.02810229,"ARIMA(0, 0, 1)",-0.02810229,0.00012849,0.00346982,0.0,2024-W36
adj_close.csv,ARIMA,EWU,0.01290348,0.03927564,0.01117335,0.01290348,0.03927564,0.01117335,"ARIMA(0, 0, 1)",0.01117335,-0.00173013,-0.02810229,0.0,2024-W37
adj_close.csv,ARIMA,EWU,0.00305325,0.00738653,0.00378682,0.00305325,0.00738653,0.00378682,"ARIMA(0, 0, 1)",0.00378682,0.00073357,0.01117335,0.0,2024-W38
adj_close.csv,ARIMA,EWU,0.01668957,0.01307878,0.0168656,0.01668957,0.01307878,0.0168656,"ARIMA(0, 0, 1)",0.0168656,0.00017603,0.00378682,0.0,2024-W39
adj_close.csv,ARIMA,EWU,0.01972753,0.03562276,0.01875716,0.01972753,0.03562276,0.01875716,"ARIMA(0, 0, 1)",-0.01875716,0.00097037,0.0168656,0.0,2024-W40
adj_close.csv,ARIMA,EWU,0.01036212,0.00733147,0.01142569,0.01036212,0.00733147,0.01142569,"ARIMA(0, 0, 1)",-0.01142569,-0.00106357,-0.01875716,0.0,2024-W41
adj_close.csv,ARIMA,EWU,0.01308766,0.02393263,0.01250694,0.01308766,0.02393263,0.01250694,"ARIMA(0, 0, 1)",0.01250694,-0.00058072,-0.01142569,0.0,2024-W42
adj_close.csv,ARIMA,EWU,0.02478031,0.03657151,0.02406457,0.02478031,0.03657151,0.02406457,"ARIMA(0, 0, 1)",-0.02406457,0.00071574,0.01250694,0.0,2024-W43
adj_close.csv,ARIMA,EWU,0.00929712,0.01349129,0.01057328,0.00929712,0.01349129,0.01057328,"ARIMA(0, 0, 1)",-0.01057328,-0.00127616,-0.02406457,0.0,2024-W44
adj_close.csv,ARIMA,EWU,0.01131746,0.00124452,0.0118178,0.01131746,0.00124452,0.0118178,"ARIMA(0, 0, 1)",-0.0118178,-0.00050034,-0.01057328,0.0,2024-W45
adj_close.csv,ARIMA,EWU,0.02343516,0.01224522,0.02406302,0.02343516,0.01224522,0.02406302,"ARIMA(0, 0, 1)",-0.02406302,-0.00062786,-0.0118178,0.0,2024-W46
adj_close.csv,ARIMA,EWU,0.02090714,0.04358707,0.01952405,0.02090714,0.04358707,0.01952405,"ARIMA(0, 0, 1)",0.01952405,-0.00138309,-0.02406302,0.0,2024-W47
adj_close.csv,ARIMA,EWU,0.0166479,0.00176973,0.01775432,0.0166479,0.00176973,0.01775432,"ARIMA(0, 0, 1)",0.01775432,0.00110642,0.01952405,0.0,2024-W48
adj_close.csv,ARIMA,EWU,0.00184885,0.01496472,0.0027896,0.00184885,0.01496472,0.0027896,"ARIMA(0, 0, 1)",0.0027896,0.00094075,0.01775432,0.0,2024-W49
adj_close.csv,ARIMA,EWU,0.01102846,0.01371272,0.01092312,0.01102846,0.01371272,0.01092312,"ARIMA(0, 0, 1)",-0.01092312,0.00010534,0.0027896,0.0,2024-W50
adj_close.csv,ARIMA,EWU,0.0312846,0.0209862,0.03190931,0.0312846,0.0209862,0.03190931,"ARIMA(0, 0, 1)",-0.03190931,-0.00062471,-0.01092312,0.0,2024-W51
adj_close.csv,ARIMA,EWU,0.00985883,0.03989168,0.00798236,0.00985883,0.03989168,0.00798236,"ARIMA(0, 0, 1)",0.00798236,-0.00187647,-0.03190931,0.0,2024-W52
adj_close.csv,ARIMA,EWU,0.00025725,0.00768784,0.00029452,0.00025725,0.00768784,0.00029452,"ARIMA(0, 0, 1)",0.00029452,0.00055176,0.00798236,0.0,2025-W01
adj_close.csv,ARIMA,EWU,0.01421632,0.01452541,0.01423089,0.01421632,0.01452541,0.01423089,"ARIMA(0, 0, 1)",-0.01423089,-1.458e-05,0.00029452,0.0,2025-W02
adj_close.csv,ARIMA,EWU,0.02703719,0.04045891,0.02622801,0.02703719,0.04045891,0.02622801,"ARIMA(0, 0, 1)",0.02622801,-0.00080917,-0.01423089,0.0,2025-W03
adj_close.csv,ARIMA,EWU,0.02129385,0.00350959,0.02271843,0.02129385,0.00350959,0.02271843,"ARIMA(0, 0, 1)",0.02271843,0.00142457,0.02622801,0.0,2025-W04
adj_close.csv,ARIMA,EWU,0.01118724,0.01028541,0.01243301,0.01118724,0.01028541,0.01243301,"ARIMA(0, 0, 1)",0.01243301,0.00124577,0.02271843,0.0,2025-W05
adj_close.csv,ARIMA,EWU,0.00714488,0.00460077,0.00783225,0.00714488,0.00460077,0.00783225,"ARIMA(0, 0, 1)",0.00783225,0.00068737,0.01243301,0.0,2025-W06
adj_close.csv,ARIMA,EWU,0.0177739,0.01039024,0.01822248,0.0177739,0.01039024,0.01822248,"ARIMA(0, 0, 1)",0.01822248,0.00044858,0.00783225,0.0,2025-W07
adj_close.csv,ARIMA,EWU,0.00636128,0.02343438,0.0052119,0.00636128,0.02343438,0.0052119,"ARIMA(0, 0, 1)",-0.0052119,0.00114939,0.01822248,0.0,2025-W08
adj_close.csv,ARIMA,EWU,0.01893087,0.023741,0.0185291,0.01893087,0.023741,0.0185291,"ARIMA(0, 0, 1)",0.0185291,-0.00040177,-0.0052119,0.0,2025-W09
adj_close.csv,ARIMA,EWU,0.01992323,0.00257501,0.02110412,0.01992323,0.00257501,0.02110412,"ARIMA(0, 0, 1)",0.02110412,0.00118088,0.0185291,0.0,2025-W10
adj_close.csv,ARIMA,EWU,0.00449989,0.02428135,0.00317723,0.00449989,0.02428135,0.00317723,"ARIMA(0, 0, 1)",-0.00317723,0.00132265,0.02110412,0.0,2025-W11
adj_close.csv,ARIMA,EWU,0.00449021,0.00160747,0.0047847,0.00449021,0.00160747,0.0047847,"ARIMA(0, 0, 1)",-0.0047847,-0.00029449,-0.00317723,0.0,2025-W12
adj_close.csv,ARIMA,EWU,0.00189298,0.00638214,0.00159744,0.00189298,0.00638214,0.00159744,"ARIMA(0, 0, 1)",0.00159744,-0.00029553,-0.0047847,0.0,2025-W13
adj_close.csv,ARIMA,EWU,0.08243093,0.0839039,0.08230646,0.08243093,0.0839039,0.08230646,"ARIMA(0, 0, 1)",-0.08230646,0.00012447,0.00159744,0.0,2025-W14
adj_close.csv,ARIMA,EWU,0.03238513,0.10937751,0.02707105,0.03238513,0.10937751,0.02707105,"ARIMA(0, 0, 1)",0.02707105,-0.00531407,-0.08230646,0.0,2025-W15
adj_close.csv,ARIMA,EWU,0.0374714,0.0115332,0.03860426,0.0374714,0.0115332,0.03860426,"ARIMA(0, 0, 1)",0.03860426,0.00113286,0.02707105,0.0,2025-W16
adj_close.csv,ARIMA,EWU,0.02412434,0.01270519,0.02589907,0.02412434,0.01270519,0.02589907,"ARIMA(0, 0, 1)",0.02589907,0.00177473,0.03860426,0.0,2025-W17
adj_close.csv,ARIMA,EWU,0.01591651,0.00865275,0.01724631,0.01591651,0.00865275,0.01724631,"ARIMA(0, 0, 1)",0.01724631,0.0013298,0.02589907,0.0,2025-W18
adj_close.csv,ARIMA,EWU,0.00901747,0.02530981,0.00806349,0.00901747,0.02530981,0.00806349,"ARIMA(0, 0, 1)",-0.00806349,0.00095397,0.01724631,0.0,2025-W19
adj_close.csv,ARIMA,EWU,0.01633191,0.02386906,0.01580557,0.01633191,0.02386906,0.01580557,"ARIMA(0, 0, 1)",0.01580557,-0.00052634,-0.00806349,0.0,2025-W20
adj_close.csv,ARIMA,EWU,0.02394118,0.00907509,0.02488066,0.02394118,0.00907509,0.02488066,"ARIMA(0, 0, 1)",0.02488066,0.00093948,0.01580557,0.0,2025-W21
adj_close.csv,ARIMA,EWU,0.00046782,0.02387832,0.00100234,0.00046782,0.02387832,0.00100234,"ARIMA(0, 0, 1)",0.00100234,0.00147016,0.02488066,0.0,2025-W22
adj_close.csv,ARIMA,EWU,0.0107427,0.00971169,0.01071403,0.0107427,0.00971169,0.01071403,"ARIMA(0, 0, 1)",0.01071403,-2.867e-05,0.00100234,0.0,2025-W23
adj_close.csv,ARIMA,EWU,0.00107005,0.00898073,0.0017333,0.00107005,0.00898073,0.0017333,"ARIMA(0, 0, 1)",0.0017333,0.00066325,0.01071403,0.0,2025-W24
adj_close.csv,ARIMA,EWU,0.01812809,0.01979529,0.01806198,0.01812809,0.01979529,0.01806198,"ARIMA(0, 0, 1)",-0.01806198,6.611e-05,0.0017333,0.0,2025-W25
adj_close.csv,ARIMA,EWU,0.02197654,0.03892258,0.02086059,0.02197654,0.03892258,0.02086059,"ARIMA(0, 0, 1)",0.02086059,-0.00111595,-0.01806198,0.0,2025-W26
adj_close.csv,ARIMA,EWU,0.00124685,0.0183462,0.00251439,0.00124685,0.0183462,0.00251439,"ARIMA(0, 0, 1)",0.00251439,0.00126754,0.02086059,0.0,2025-W27
adj_close.csv,ARIMA,EWU,0.00243597,6.31e-06,0.00250809,0.00243597,6.31e-06,0.00250809,"ARIMA(0, 0, 1)",0.00250809,7.211e-05,0.00251439,0.0,2025-W28
adj_close.csv,ARIMA,EWU,0.00315215,0.00551861,0.00301052,0.00315215,0.00551861,0.00301052,"ARIMA(0, 0, 1)",-0.00301052,0.00014163,0.00250809,0.0,2025-W29
adj_close.csv,ARIMA,EWU,0.0210688,0.02389646,0.02088594,0.0210688,0.02389646,0.02088594,"ARIMA(0, 0, 1)",0.02088594,-0.00018286,-0.00301052,0.0,2025-W30
adj_close.csv,ARIMA,EWU,0.01858445,0.03826045,0.0173745,0.01858445,0.03826045,0.0173745,"ARIMA(0, 0, 1)",-0.0173745,0.00120994,0.02088594,0.0,2025-W31
adj_close.csv,ARIMA,EWU,0.01565661,0.03203859,0.01466409,0.01565661,0.03203859,0.01466409,"ARIMA(0, 0, 1)",0.01466409,-0.00099252,-0.0173745,0.0,2025-W32
adj_close.csv,ARIMA,EWU,0.01729808,0.00342943,0.01809352,0.01729808,0.00342943,0.01809352,"ARIMA(0, 0, 1)",0.01809352,0.00079544,0.01466409,0.0,2025-W33
adj_close.csv,ARIMA,EWU,0.01851109,0.00134319,0.01943671,0.01851109,0.00134319,0.01943671,"ARIMA(0, 0, 1)",0.01943671,0.00092562,0.01809352,0.0,2025-W34
adj_close.csv,ARIMA,EWU,0.0158894,0.03428021,0.0148435,0.0158894,0.03428021,0.0148435,"ARIMA(0, 0, 1)",-0.0148435,0.0010459,0.01943671,0.0,2025-W35
adj_close.csv,ARIMA,EWU,0.00301686,0.01701192,0.00216842,0.00301686,0.01701192,0.00216842,"ARIMA(0, 0, 1)",0.00216842,-0.00084844,-0.0148435,0.0,2025-W36
adj_close.csv,ARIMA,EWU,0.00918237,0.00717409,0.00934251,0.00918237,0.00717409,0.00934251,"ARIMA(0, 0, 1)",0.00934251,0.00016014,0.00216842,0.0,2025-W37
adj_close.csv,ARIMA,EWU,0.01441705,0.02326826,0.01392575,0.01441705,0.02326826,0.01392575,"ARIMA(0, 0, 1)",-0.01392575,0.00049131,0.00934251,0.0,2025-W38
adj_close.csv,ARIMA,EWU,0.0060597,0.01923081,0.00530506,0.0060597,0.01923081,0.00530506,"ARIMA(0, 0, 1)",0.00530506,-0.00075464,-0.01392575,0.0,2025-W39
adj_close.csv,ARIMA,EWU,0.02486142,0.01986831,0.02517337,0.02486142,0.01986831,0.02517337,"ARIMA(0, 0, 1)",0.02517337,0.00031196,0.00530506,0.0,2025-W40
adj_close.csv,ARIMA,EWU,0.02288991,0.04674578,0.02157241,0.02288991,0.04674578,0.02157241,"ARIMA(0, 0, 1)",-0.02157241,0.0013175,0.02517337,0.0,2025-W41
adj_close.csv,ARIMA,EWU,0.0092025,0.029687,0.00811459,0.0092025,0.029687,0.00811459,"ARIMA(0, 0, 1)",0.00811459,-0.0010879,-0.02157241,0.0,2025-W42
adj_close.csv,ARIMA,EWU,0.01631505,0.00862117,0.01673576,0.01631505,0.00862117,0.01673576,"ARIMA(0, 0, 1)",0.01673576,0.00042071,0.00811459,0.0,2025-W43
adj_close.csv,ARIMA,EWU,0.00334861,0.01931042,0.00257466,0.00334861,0.01931042,0.00257466,"ARIMA(0, 0, 1)",-0.00257466,0.00077395,0.01673576,0.0,2025-W44
adj_close.csv,ARIMA,EWU,0.00483338,0.0072509,0.00467624,0.00483338,0.0072509,0.00467624,"ARIMA(0, 0, 1)",0.00467624,-0.00015714,-0.00257466,0.0,2025-W45
adj_close.csv,ARIMA,EWU,0.00256214,0.00701154,0.0023353,0.00256214,0.00701154,0.0023353,"ARIMA(0, 0, 1)",-0.0023353,0.00022685,0.00467624,0.0,2025-W46
adj_close.csv,ARIMA,EWU,0.01661995,0.0144045,0.0167398,0.01661995,0.0144045,0.0167398,"ARIMA(0, 0, 1)",-0.0167398,-0.00011985,-0.0023353,0.0,2025-W47
adj_close.csv,ARIMA,EWU,0.02636954,0.04232508,0.02558528,0.02636954,0.04232508,0.02558528,"ARIMA(0, 0, 1)",0.02558528,-0.00078426,-0.0167398,0.0,2025-W48
adj_close.csv,ARIMA,EWU,0.00048642,0.02396438,0.0016209,0.00048642,0.02396438,0.0016209,"ARIMA(0, 0, 1)",0.0016209,0.00113448,0.02558528,0.0,2025-W49
adj_close.csv,ARIMA,EWU,0.00136632,0.00023367,0.00138723,0.00136632,0.00023367,0.00138723,"ARIMA(0, 0, 1)",0.00138723,2.091e-05,0.0016209,0.0,2025-W50
adj_close.csv,ARIMA,EWU,0.02506079,0.02373266,0.02511989,0.02506079,0.02373266,0.02511989,"ARIMA(0, 0, 1)",0.02511989,5.91e-05,0.00138723,0.0,2025-W51
adj_close.csv,ARIMA,EWU,0.0148463,0.00917057,0.01594932,0.0148463,0.00917057,0.01594932,"ARIMA(0, 0, 1)",0.01594932,0.00110301,0.02511989,0.0,2025-W52
adj_close.csv,ARIMA,EWU,0.00425949,0.01098883,0.00496049,0.00425949,0.01098883,0.00496049,"ARIMA(0, 0, 1)",0.00496049,0.000701,0.01594932,0.0,2026-W01
adj_close.csv,ARIMA,EWU,0.00719037,0.00243454,0.00739503,0.00719037,0.00243454,0.00739503,"ARIMA(0, 0, 1)",0.00739503,0.00020466,0.00496049,0.0,2026-W02
adj_close.csv,ARIMA,EWU,0.00832032,0.00127456,0.0086696,0.00832032,0.00127456,0.0086696,"ARIMA(0, 0, 1)",0.0086696,0.00034927,0.00739503,0.0,2026-W03
adj_close.csv,ARIMA,EWU,0.00818567,7.452e-05,0.00859508,0.00818567,7.452e-05,0.00859508,"ARIMA(0, 0, 1)",0.00859508,0.00040941,0.0086696,0.0,2026-W04
adj_close.csv,ARIMA,EWU,0.01245576,0.00426894,0.01286402,0.01245576,0.00426894,0.01286402,"ARIMA(0, 0, 1)",0.01286402,0.00040826,0.00859508,0.0,2026-W05
adj_close.csv,ARIMA,EWU,0.00756451,0.00466546,0.00819856,0.00756451,0.00466546,0.00819856,"ARIMA(0, 0, 1)",0.00819856,0.00063405,0.01286402,0.0,2026-W06
adj_close.csv,ARIMA,EWZ,0.0039651,0.03092141,0.00932904,0.0039651,0.03092141,0.00932904,"ARIMA(1, 0, 3)",-0.00932904,-0.00536394,-0.04025045,0.0,2024-W30
adj_close.csv,ARIMA,EWZ,0.01685074,0.01106497,0.02039401,0.01685074,0.01106497,0.02039401,"ARIMA(1, 0, 3)",-0.02039401,-0.00354327,-0.00932904,0.0,2024-W31
adj_close.csv,ARIMA,EWZ,0.06132116,0.09139617,0.07100216,0.06132116,0.09139617,0.07100216,"ARIMA(1, 0, 3)",0.07100216,0.009681,-0.02039401,0.0,2024-W32
adj_close.csv,ARIMA,EWZ,0.04473223,0.03532028,0.03568188,0.04473223,0.03532028,0.03568188,"ARIMA(1, 0, 3)",0.03568188,-0.00905036,0.07100216,0.0,2024-W33
adj_close.csv,ARIMA,EWZ,0.00353571,0.02908988,0.006592,0.00353571,0.02908988,0.006592,"ARIMA(1, 0, 3)",0.006592,0.0101277,0.03568188,0.0,2024-W34
adj_close.csv,ARIMA,EWZ,0.00520656,0.02549477,0.01890278,0.00520656,0.02549477,0.01890278,"ARIMA(1, 0, 3)",-0.01890278,-0.01369622,0.006592,0.0,2024-W35
adj_close.csv,ARIMA,EWZ,0.01854741,0.00168126,0.01722152,0.01854741,0.00168126,0.01722152,"ARIMA(1, 0, 3)",-0.01722152,0.00132589,-0.01890278,0.0,2024-W36
adj_close.csv,ARIMA,EWZ,0.00975227,0.02705042,0.0098289,0.00975227,0.02705042,0.0098289,"ARIMA(1, 0, 3)",0.0098289,7.663e-05,-0.01722152,0.0,2024-W37
adj_close.csv,ARIMA,EWZ,0.01515867,0.0254648,0.0156359,0.01515867,0.0254648,0.0156359,"ARIMA(1, 0, 3)",-0.0156359,-0.00047723,0.0098289,0.0,2024-W38
adj_close.csv,ARIMA,EWZ,0.01398825,0.03396633,0.01833043,0.01398825,0.03396633,0.01833043,"ARIMA(1, 0, 3)",0.01833043,0.00434218,-0.0156359,0.0,2024-W39
adj_close.csv,ARIMA,EWZ,0.00529086,0.02915226,0.01082183,0.00529086,0.02915226,0.01082183,"ARIMA(1, 0, 3)",-0.01082183,-0.00553096,0.01833043,0.0,2024-W40
adj_close.csv,ARIMA,EWZ,0.04464158,0.02694463,0.03776645,0.04464158,0.02694463,0.03776645,"ARIMA(1, 0, 3)",-0.03776645,0.00687513,-0.01082183,0.0,2024-W41
adj_close.csv,ARIMA,EWZ,0.00127151,0.03352009,0.00424636,0.00127151,0.03352009,0.00424636,"ARIMA(1, 0, 3)",-0.00424636,-0.00551787,-0.03776645,0.0,2024-W42
adj_close.csv,ARIMA,EWZ,0.00433232,0.00176092,0.00248544,0.00433232,0.00176092,0.00248544,"ARIMA(1, 0, 3)",-0.00248544,0.00184688,-0.00424636,0.0,2024-W43
adj_close.csv,ARIMA,EWZ,0.04720905,0.03814387,0.04062931,0.04720905,0.03814387,0.04062931,"ARIMA(1, 0, 3)",-0.04062931,0.00657974,-0.00248544,0.0,2024-W44
adj_close.csv,ARIMA,EWZ,0.02855745,0.06621537,0.02558606,0.02855745,0.06621537,0.02558606,"ARIMA(1, 0, 3)",0.02558606,-0.00297138,-0.04062931,0.0,2024-W45
adj_close.csv,ARIMA,EWZ,0.01392787,0.04049269,0.01490663,0.01392787,0.04049269,0.01490663,"ARIMA(1, 0, 3)",-0.01490663,-0.00097876,0.02558606,0.0,2024-W46
adj_close.csv,ARIMA,EWZ,0.00232598,0.02256961,0.00766298,0.00232598,0.02256961,0.00766298,"ARIMA(1, 0, 3)",0.00766298,0.00998896,-0.01490663,0.0,2024-W47
adj_close.csv,ARIMA,EWZ,0.06385999,0.08275011,0.07508713,0.06385999,0.08275011,0.07508713,"ARIMA(1, 0, 3)",-0.07508713,-0.01122714,0.00766298,0.0,2024-W48
adj_close.csv,ARIMA,EWZ,0.02141263,0.0652425,0.00984462,0.02141263,0.0652425,0.00984462,"ARIMA(1, 0, 3)",-0.00984462,0.01156801,-0.07508713,0.0,2024-W49
adj_close.csv,ARIMA,EWZ,0.00877436,0.00905283,0.00079179,0.00877436,0.00905283,0.00079179,"ARIMA(1, 0, 3)",-0.00079179,-0.00956616,-0.00984462,0.0,2024-W50
adj_close.csv,ARIMA,EWZ,0.05887146,0.04341695,0.04420875,0.05887146,0.04341695,0.04420875,"ARIMA(1, 0, 3)",-0.04420875,0.01466272,-0.00079179,0.0,2024-W51
adj_close.csv,ARIMA,EWZ,0.02019816,0.02098739,0.02322135,0.02019816,0.02098739,0.02322135,"ARIMA(1, 0, 3)",-0.02322135,-0.0030232,-0.04420875,0.0,2024-W52
adj_close.csv,ARIMA,EWZ,0.00250482,0.01833368,0.00488768,0.00250482,0.01833368,0.00488768,"ARIMA(1, 0, 3)",-0.00488768,-0.00238286,-0.02322135,0.0,2025-W01
adj_close.csv,ARIMA,EWZ,0.00148697,0.01552133,0.01063365,0.00148697,0.01552133,0.01063365,"ARIMA(1, 0, 3)",0.01063365,0.00914668,-0.00488768,0.0,2025-W02
adj_close.csv,ARIMA,EWZ,0.03998165,0.02656781,0.03720145,0.03998165,0.02656781,0.03720145,"ARIMA(1, 0, 3)",0.03720145,-0.0027802,0.01063365,0.0,2025-W03
adj_close.csv,ARIMA,EWZ,0.0319846,0.00420619,0.03299527,0.0319846,0.00420619,0.03299527,"ARIMA(1, 0, 3)",0.03299527,0.00101067,0.03720145,0.0,2025-W04
adj_close.csv,ARIMA,EWZ,0.03899326,0.00687314,0.0398684,0.03899326,0.00687314,0.0398684,"ARIMA(1, 0, 3)",0.0398684,0.00087515,0.03299527,0.0,2025-W05
adj_close.csv,ARIMA,EWZ,0.00082253,0.04422058,0.00435217,0.00082253,0.04422058,0.00435217,"ARIMA(1, 0, 3)",-0.00435217,-0.0051747,0.0398684,0.0,2025-W06
adj_close.csv,ARIMA,EWZ,0.04343858,0.04894195,0.04458978,0.04343858,0.04894195,0.04458978,"ARIMA(1, 0, 3)",0.04458978,0.0011512,-0.00435217,0.0,2025-W07
adj_close.csv,ARIMA,EWZ,0.02760466,0.07931561,0.03472583,0.02760466,0.07931561,0.03472583,"ARIMA(1, 0, 3)",-0.03472583,-0.00712116,0.04458978,0.0,2025-W08
adj_close.csv,ARIMA,EWZ,0.06312341,0.02014869,0.05487452,0.06312341,0.02014869,0.05487452,"ARIMA(1, 0, 3)",-0.05487452,0.00824889,-0.03472583,0.0,2025-W09
adj_close.csv,ARIMA,EWZ,0.04119229,0.08389757,0.02902304,0.04119229,0.08389757,0.02902304,"ARIMA(1, 0, 3)",0.02902304,-0.01216925,-0.05487452,0.0,2025-W10
adj_close.csv,ARIMA,EWZ,0.03421504,0.0112508,0.04027384,0.03421504,0.0112508,0.04027384,"ARIMA(1, 0, 3)",0.04027384,0.0060588,0.02902304,0.0,2025-W11
adj_close.csv,ARIMA,EWZ,0.02045038,0.01241468,0.02785917,0.02045038,0.01241468,0.02785917,"ARIMA(1, 0, 3)",0.02785917,0.00740879,0.04027384,0.0,2025-W12
adj_close.csv,ARIMA,EWZ,0.01372909,0.05108506,0.02322589,0.01372909,0.05108506,0.02322589,"ARIMA(1, 0, 3)",-0.02322589,-0.0094968,0.02785917,0.0,2025-W13
adj_close.csv,ARIMA,EWZ,0.05954143,0.0346579,0.05788379,0.05954143,0.0346579,0.05788379,"ARIMA(1, 0, 3)",-0.05788379,0.00165763,-0.02322589,0.0,2025-W14
adj_close.csv,ARIMA,EWZ,0.01163302,0.06560898,0.00772519,0.01163302,0.06560898,0.00772519,"ARIMA(1, 0, 3)",0.00772519,-0.00390783,-0.05788379,0.0,2025-W15
adj_close.csv,ARIMA,EWZ,0.02041098,0.01351382,0.02123901,0.02041098,0.01351382,0.02123901,"ARIMA(1, 0, 3)",0.02123901,0.00082803,0.00772519,0.0,2025-W16
adj_close.csv,ARIMA,EWZ,0.05628434,0.04473587,0.06597488,0.05628434,0.04473587,0.06597488,"ARIMA(1, 0, 3)",0.06597488,0.00969053,0.02123901,0.0,2025-W17
adj_close.csv,ARIMA,EWZ,0.01411971,0.05931553,0.00665934,0.01411971,0.05931553,0.00665934,"ARIMA(1, 0, 3)",0.00665934,-0.00746037,0.06597488,0.0,2025-W18
adj_close.csv,ARIMA,EWZ,0.01260807,0.00943456,0.0160939,0.01260807,0.00943456,0.0160939,"ARIMA(1, 0, 3)",0.0160939,0.00348584,0.00665934,0.0,2025-W19
adj_close.csv,ARIMA,EWZ,0.02689544,0.00025477,0.01583913,0.02689544,0.00025477,0.01583913,"ARIMA(1, 0, 3)",0.01583913,-0.0110563,0.0160939,0.0,2025-W20
adj_close.csv,ARIMA,EWZ,0.01676797,0.02841792,0.01257879,0.01676797,0.02841792,0.01257879,"ARIMA(1, 0, 3)",-0.01257879,0.00418918,0.01583913,0.0,2025-W21
adj_close.csv,ARIMA,EWZ,0.01346595,0.00346246,0.01604124,0.01346595,0.00346246,0.01604124,"ARIMA(1, 0, 3)",-0.01604124,-0.00257529,-0.01257879,0.0,2025-W22
adj_close.csv,ARIMA,EWZ,0.02266734,0.03461088,0.01856963,0.02266734,0.03461088,0.01856963,"ARIMA(1, 0, 3)",0.01856963,-0.00409771,-0.01604124,0.0,2025-W23
adj_close.csv,ARIMA,EWZ,0.01101433,0.00353173,0.0150379,0.01101433,0.00353173,0.0150379,"ARIMA(1, 0, 3)",0.0150379,0.00402357,0.01856963,0.0,2025-W24
adj_close.csv,ARIMA,EWZ,0.00035918,0.01341028,0.00162762,0.00035918,0.01341028,0.00162762,"ARIMA(1, 0, 3)",0.00162762,0.00126843,0.0150379,0.0,2025-W25
adj_close.csv,ARIMA,EWZ,0.02082962,0.0152157,0.01684332,0.02082962,0.0152157,0.01684332,"ARIMA(1, 0, 3)",0.01684332,-0.00398631,0.00162762,0.0,2025-W26
adj_close.csv,ARIMA,EWZ,0.04064341,0.0238933,0.04073662,0.04064341,0.0238933,0.04073662,"ARIMA(1, 0, 3)",0.04073662,9.321e-05,0.01684332,0.0,2025-W27
adj_close.csv,ARIMA,EWZ,0.06347819,0.10338892,0.06265231,0.06347819,0.10338892,0.06265231,"ARIMA(1, 0, 3)",-0.06265231,0.00082589,0.04073662,0.0,2025-W28
adj_close.csv,ARIMA,EWZ,0.02434135,0.03764176,0.02501055,0.02434135,0.03764176,0.02501055,"ARIMA(1, 0, 3)",-0.02501055,-0.0006692,-0.06265231,0.0,2025-W29
adj_close.csv,ARIMA,EWZ,0.01298154,0.02835686,0.00334631,0.01298154,0.02835686,0.00334631,"ARIMA(1, 0, 3)",0.00334631,-0.00963523,-0.02501055,0.0,2025-W30
adj_close.csv,ARIMA,EWZ,0.02601878,0.01416939,0.01082308,0.02601878,0.01416939,0.01082308,"ARIMA(1, 0, 3)",-0.01082308,0.0151957,0.00334631,0.0,2025-W31
adj_close.csv,ARIMA,EWZ,0.04569074,0.05342961,0.04260653,0.04569074,0.05342961,0.04260653,"ARIMA(1, 0, 3)",0.04260653,-0.00308421,-0.01082308,0.0,2025-W32
adj_close.csv,ARIMA,EWZ,0.0166743,0.02868009,0.01392644,0.0166743,0.02868009,0.01392644,"ARIMA(1, 0, 3)",0.01392644,-0.00274785,0.04260653,0.0,2025-W33
adj_close.csv,ARIMA,EWZ,0.00672028,0.00050782,0.01443427,0.00672028,0.00050782,0.01443427,"ARIMA(1, 0, 3)",0.01443427,0.00771399,0.01392644,0.0,2025-W34
adj_close.csv,ARIMA,EWZ,0.04197678,0.01619973,0.03063399,0.04197678,0.01619973,0.03063399,"ARIMA(1, 0, 3)",0.03063399,-0.01134278,0.01443427,0.0,2025-W35
adj_close.csv,ARIMA,EWZ,0.00137865,0.02623696,0.00439703,0.00137865,0.02623696,0.00439703,"ARIMA(1, 0, 3)",0.00439703,0.00301838,0.03063399,0.0,2025-W36
adj_close.csv,ARIMA,EWZ,0.0140166,0.00901253,0.01340956,0.0140166,0.00901253,0.01340956,"ARIMA(1, 0, 3)",0.01340956,-0.00060704,0.00439703,0.0,2025-W37
adj_close.csv,ARIMA,EWZ,0.03605331,0.01612016,0.02952972,0.03605331,0.01612016,0.02952972,"ARIMA(1, 0, 3)",0.02952972,-0.0065236,0.01340956,0.0,2025-W38
adj_close.csv,ARIMA,EWZ,0.01005855,0.03601694,0.00648723,0.01005855,0.03601694,0.00648723,"ARIMA(1, 0, 3)",-0.00648723,0.00357132,0.02952972,0.0,2025-W39
adj_close.csv,ARIMA,EWZ,0.01108832,0.0066148,0.01310202,0.01108832,0.0066148,0.01310202,"ARIMA(1, 0, 3)",-0.01310202,-0.0020137,-0.00648723,0.0,2025-W40
adj_close.csv,ARIMA,EWZ,0.04734038,0.03900722,0.05210924,0.04734038,0.03900722,0.05210924,"ARIMA(1, 0, 3)",-0.05210924,-0.00476887,-0.01310202,0.0,2025-W41
adj_close.csv,ARIMA,EWZ,0.02710621,0.08356479,0.03145555,0.02710621,0.08356479,0.03145555,"ARIMA(1, 0, 3)",0.03145555,0.00434933,-0.05210924,0.0,2025-W42
adj_close.csv,ARIMA,EWZ,0.02907589,0.00586849,0.02558706,0.02907589,0.00586849,0.02558706,"ARIMA(1, 0, 3)",0.02558706,-0.00348883,0.03145555,0.0,2025-W43
adj_close.csv,ARIMA,EWZ,0.01177818,0.00320167,0.02238538,0.01177818,0.00320167,0.02238538,"ARIMA(1, 0, 3)",0.02238538,0.0106072,0.02558706,0.0,2025-W44
adj_close.csv,ARIMA,EWZ,0.04448475,0.01322577,0.03561115,0.04448475,0.01322577,0.03561115,"ARIMA(1, 0, 3)",0.03561115,-0.00887359,0.02238538,0.0,2025-W45
adj_close.csv,ARIMA,EWZ,0.02685456,0.0087311,0.02688005,0.02685456,0.0087311,0.02688005,"ARIMA(1, 0, 3)",0.02688005,2.549e-05,0.03561115,0.0,2025-W46
adj_close.csv,ARIMA,EWZ,0.03565314,0.0621544,0.03527435,0.03565314,0.0621544,0.03527435,"ARIMA(1, 0, 3)",-0.03527435,0.00037879,0.02688005,0.0,2025-W47
adj_close.csv,ARIMA,EWZ,0.05346772,0.08342508,0.04815073,0.05346772,0.08342508,0.04815073,"ARIMA(1, 0, 3)",0.04815073,-0.00531699,-0.03527435,0.0,2025-W48
adj_close.csv,ARIMA,EWZ,0.02846976,0.0808117,0.03266097,0.02846976,0.0808117,0.03266097,"ARIMA(1, 0, 3)",-0.03266097,-0.00419122,0.04815073,0.0,2025-W49
adj_close.csv,ARIMA,EWZ,0.01274862,0.05665614,0.02399516,0.01274862,0.05665614,0.02399516,"ARIMA(1, 0, 3)",0.02399516,0.01124655,-0.03266097,0.0,2025-W50
adj_close.csv,ARIMA,EWZ,0.01961144,0.05963582,0.03564066,0.01961144,0.05963582,0.03564066,"ARIMA(1, 0, 3)",-0.03564066,-0.01602922,0.02399516,0.0,2025-W51
adj_close.csv,ARIMA,EWZ,0.00327379,0.05344718,0.01780653,0.00327379,0.05344718,0.01780653,"ARIMA(1, 0, 3)",0.01780653,0.01453274,-0.03564066,0.0,2025-W52
adj_close.csv,ARIMA,EWZ,0.02930451,0.00027666,0.01808319,0.02930451,0.00027666,0.01808319,"ARIMA(1, 0, 3)",0.01808319,-0.01122133,0.01780653,0.0,2026-W01
adj_close.csv,ARIMA,EWZ,0.01794389,0.00827447,0.02635766,0.01794389,0.00827447,0.02635766,"ARIMA(1, 0, 3)",0.02635766,0.00841377,0.01808319,0.0,2026-W02
adj_close.csv,ARIMA,EWZ,0.00731841,0.02303599,0.00332166,0.00731841,0.02303599,0.00332166,"ARIMA(1, 0, 3)",0.00332166,-0.00399675,0.02635766,0.0,2026-W03
adj_close.csv,ARIMA,EWZ,0.09949473,0.09480752,0.09812919,0.09949473,0.09480752,0.09812919,"ARIMA(1, 0, 3)",0.09812919,-0.00136555,0.00332166,0.0,2026-W04
adj_close.csv,ARIMA,EWZ,0.01573331,0.08590573,0.01222345,0.01573331,0.08590573,0.01222345,"ARIMA(1, 0, 3)",0.01222345,-0.00350986,0.09812919,0.0,2026-W05
adj_close.csv,ARIMA,EWZ,0.003778,0.00121516,0.0110083,0.003778,0.00121516,0.0110083,"ARIMA(1, 0, 3)",0.0110083,0.0072303,0.01222345,0.0,2026-W06
adj_close.csv,ARIMA,FXI,0.01746547,0.04111563,0.01168691,0.01746547,0.04111563,0.01168691,"ARIMA(1, 0, 1)",-0.01168691,0.00577856,-0.05280254,0.0,2024-W30
adj_close.csv,ARIMA,FXI,0.00920469,0.00093154,0.01261845,0.00920469,0.00093154,0.01261845,"ARIMA(1, 0, 1)",-0.01261845,-0.00341375,-0.01168691,0.0,2024-W31
adj_close.csv,ARIMA,FXI,0.00594916,0.0224901,0.00987166,0.00594916,0.0224901,0.00987166,"ARIMA(1, 0, 1)",0.00987166,0.0039225,-0.01261845,0.0,2024-W32
adj_close.csv,ARIMA,FXI,0.03919474,0.02526041,0.03513207,0.03919474,0.02526041,0.03513207,"ARIMA(1, 0, 1)",0.03513207,-0.00406268,0.00987166,0.0,2024-W33
adj_close.csv,ARIMA,FXI,0.00469763,0.03059013,0.00454194,0.00469763,0.03059013,0.00454194,"ARIMA(1, 0, 1)",0.00454194,-0.00015569,0.03513207,0.0,2024-W34
adj_close.csv,ARIMA,FXI,0.00044321,0.00529751,0.00075557,0.00044321,0.00529751,0.00075557,"ARIMA(1, 0, 1)",-0.00075557,-0.00031236,0.00454194,0.0,2024-W35
adj_close.csv,ARIMA,FXI,0.03727485,0.03620016,0.03695573,0.03727485,0.03620016,0.03695573,"ARIMA(1, 0, 1)",-0.03695573,0.00031912,-0.00075557,0.0,2024-W36
adj_close.csv,ARIMA,FXI,0.01074175,0.05097471,0.01401898,0.01074175,0.05097471,0.01401898,"ARIMA(1, 0, 1)",0.01401898,0.00327723,-0.03695573,0.0,2024-W37
adj_close.csv,ARIMA,FXI,0.05263231,0.03466063,0.0486796,0.05263231,0.03466063,0.0486796,"ARIMA(1, 0, 1)",0.0486796,-0.00395271,0.01401898,0.0,2024-W38
adj_close.csv,ARIMA,FXI,0.17114464,0.12097766,0.16965726,0.17114464,0.12097766,0.16965726,"ARIMA(1, 0, 1)",0.16965726,-0.00148738,0.0486796,0.0,2024-W39
adj_close.csv,ARIMA,FXI,0.11847499,0.06526081,0.10439645,0.11847499,0.06526081,0.10439645,"ARIMA(1, 0, 1)",0.10439645,-0.01407854,0.16965726,0.0,2024-W40
adj_close.csv,ARIMA,FXI,0.06953296,0.17216994,0.06777349,0.06953296,0.17216994,0.06777349,"ARIMA(1, 0, 1)",-0.06777349,0.00175947,0.10439645,0.0,2024-W41
adj_close.csv,ARIMA,FXI,0.04003725,0.03115053,0.03662296,0.04003725,0.03115053,0.03662296,"ARIMA(1, 0, 1)",-0.03662296,0.00341428,-0.06777349,0.0,2024-W42
adj_close.csv,ARIMA,FXI,0.01597823,0.02253604,0.01408693,0.01597823,0.02253604,0.01408693,"ARIMA(1, 0, 1)",-0.01408693,0.0018913,-0.03662296,0.0,2024-W43
adj_close.csv,ARIMA,FXI,0.0023803,0.01282516,0.00126177,0.0023803,0.01282516,0.00126177,"ARIMA(1, 0, 1)",-0.00126177,0.00111854,-0.01408693,0.0,2024-W44
adj_close.csv,ARIMA,FXI,0.00672796,0.00538914,0.00665091,0.00672796,0.00538914,0.00665091,"ARIMA(1, 0, 1)",-0.00665091,7.706e-05,-0.00126177,0.0,2024-W45
adj_close.csv,ARIMA,FXI,0.04316842,0.03619888,0.04284979,0.04316842,0.03619888,0.04284979,"ARIMA(1, 0, 1)",-0.04284979,0.00031863,-0.00665091,0.0,2024-W46
adj_close.csv,ARIMA,FXI,0.01738926,0.02747518,0.01537461,0.01738926,0.02747518,0.01537461,"ARIMA(1, 0, 1)",-0.01537461,0.00201465,-0.04284979,0.0,2024-W47
adj_close.csv,ARIMA,FXI,0.01993515,0.03604205,0.02066744,0.01993515,0.03604205,0.02066744,"ARIMA(1, 0, 1)",0.02066744,0.00073229,-0.01537461,0.0,2024-W48
adj_close.csv,ARIMA,FXI,0.01598135,0.0056049,0.01506254,0.01598135,0.0056049,0.01506254,"ARIMA(1, 0, 1)",0.01506254,-0.00091881,0.02066744,0.0,2024-W49
adj_close.csv,ARIMA,FXI,0.01136425,0.00439499,0.01066755,0.01136425,0.00439499,0.01066755,"ARIMA(1, 0, 1)",0.01066755,-0.0006967,0.01506254,0.0,2024-W50
adj_close.csv,ARIMA,FXI,0.00676536,0.01792191,0.00725436,0.00676536,0.01792191,0.00725436,"ARIMA(1, 0, 1)",-0.00725436,-0.00048901,0.01066755,0.0,2024-W51
adj_close.csv,ARIMA,FXI,0.01372367,0.02129078,0.01403642,0.01372367,0.02129078,0.01403642,"ARIMA(1, 0, 1)",0.01403642,0.00031275,-0.00725436,0.0,2024-W52
adj_close.csv,ARIMA,FXI,0.01440038,0.02905957,0.01502315,0.01440038,0.02905957,0.01502315,"ARIMA(1, 0, 1)",-0.01502315,-0.00062277,0.01403642,0.0,2025-W01
adj_close.csv,ARIMA,FXI,0.05962793,0.04393698,0.05896013,0.05962793,0.04393698,0.05896013,"ARIMA(1, 0, 1)",-0.05896013,0.0006678,-0.01502315,0.0,2025-W02
adj_close.csv,ARIMA,FXI,0.05706363,0.11857824,0.0596181,0.05706363,0.11857824,0.0596181,"ARIMA(1, 0, 1)",0.0596181,0.00255447,-0.05896013,0.0,2025-W03
adj_close.csv,ARIMA,FXI,0.03524047,0.03013282,0.02948528,0.03524047,0.03013282,0.02948528,"ARIMA(1, 0, 1)",0.02948528,-0.00575519,0.0596181,0.0,2025-W04
adj_close.csv,ARIMA,FXI,0.01779157,0.01144964,0.01803565,0.01779157,0.01144964,0.01803565,"ARIMA(1, 0, 1)",0.01803565,0.00024408,0.02948528,0.0,2025-W05
adj_close.csv,ARIMA,FXI,0.02940255,0.00796393,0.02599958,0.02940255,0.00796393,0.02599958,"ARIMA(1, 0, 1)",0.02599958,-0.00340297,0.01803565,0.0,2025-W06
adj_close.csv,ARIMA,FXI,0.06936689,0.04219866,0.06819824,0.06936689,0.04219866,0.06819824,"ARIMA(1, 0, 1)",0.06819824,-0.00116865,0.02599958,0.0,2025-W07
adj_close.csv,ARIMA,FXI,0.03907077,0.03452499,0.03367325,0.03907077,0.03452499,0.03367325,"ARIMA(1, 0, 1)",0.03367325,-0.00539752,0.06819824,0.0,2025-W08
adj_close.csv,ARIMA,FXI,0.03047944,0.06193877,0.02826552,0.03047944,0.06193877,0.02826552,"ARIMA(1, 0, 1)",-0.02826552,0.00221392,0.03367325,0.0,2025-W09
adj_close.csv,ARIMA,FXI,0.04797426,0.07620371,0.0479382,0.04797426,0.07620371,0.0479382,"ARIMA(1, 0, 1)",0.0479382,-3.607e-05,-0.02826552,0.0,2025-W10
adj_close.csv,ARIMA,FXI,0.02181776,0.02917596,0.01876224,0.02181776,0.02917596,0.01876224,"ARIMA(1, 0, 1)",0.01876224,-0.00305552,0.0479382,0.0,2025-W11
adj_close.csv,ARIMA,FXI,0.0309474,0.04840585,0.02964361,0.0309474,0.04840585,0.02964361,"ARIMA(1, 0, 1)",-0.02964361,0.00130379,0.01876224,0.0,2025-W12
adj_close.csv,ARIMA,FXI,0.02066417,0.00975343,0.01989018,0.02066417,0.00975343,0.01989018,"ARIMA(1, 0, 1)",-0.01989018,0.00077399,-0.02964361,0.0,2025-W13
adj_close.csv,ARIMA,FXI,0.0910572,0.07057687,0.09046705,0.0910572,0.07057687,0.09046705,"ARIMA(1, 0, 1)",-0.09046705,0.00059015,-0.01989018,0.0,2025-W14
adj_close.csv,ARIMA,FXI,0.00324945,0.09655707,0.00609002,0.00324945,0.09655707,0.00609002,"ARIMA(1, 0, 1)",0.00609002,0.00284057,-0.09046705,0.0,2025-W15
adj_close.csv,ARIMA,FXI,0.01638066,0.02261919,0.01652917,0.01638066,0.02261919,0.01652917,"ARIMA(1, 0, 1)",-0.01652917,-0.00014852,0.00609002,0.0,2025-W16
adj_close.csv,ARIMA,FXI,0.04273564,0.06414281,0.04761364,0.04273564,0.06414281,0.04761364,"ARIMA(1, 0, 1)",0.04761364,0.004878,-0.01652917,0.0,2025-W17
adj_close.csv,ARIMA,FXI,0.03422288,0.02061245,0.02700119,0.03422288,0.02061245,0.02700119,"ARIMA(1, 0, 1)",0.02700119,-0.00722169,0.04761364,0.0,2025-W18
adj_close.csv,ARIMA,FXI,0.00645815,0.02929536,0.00229416,0.00645815,0.02929536,0.00229416,"ARIMA(1, 0, 1)",-0.00229416,0.00416398,0.02700119,0.0,2025-W19
adj_close.csv,ARIMA,FXI,0.02631153,0.02528372,0.02298956,0.02631153,0.02528372,0.02298956,"ARIMA(1, 0, 1)",0.02298956,-0.00332197,-0.00229416,0.0,2025-W20
adj_close.csv,ARIMA,FXI,0.00788072,0.01377288,0.00921668,0.00788072,0.01377288,0.00921668,"ARIMA(1, 0, 1)",0.00921668,0.00133596,0.02298956,0.0,2025-W21
adj_close.csv,ARIMA,FXI,0.02565594,0.03655399,0.02733731,0.02565594,0.03655399,0.02733731,"ARIMA(1, 0, 1)",-0.02733731,-0.00168137,0.00921668,0.0,2025-W22
adj_close.csv,ARIMA,FXI,0.04134181,0.07176416,0.04442685,0.04134181,0.07176416,0.04442685,"ARIMA(1, 0, 1)",0.04442685,0.00308504,-0.02733731,0.0,2025-W23
adj_close.csv,ARIMA,FXI,0.00509164,0.04470005,0.00027321,0.00509164,0.04470005,0.00027321,"ARIMA(1, 0, 1)",-0.00027321,-0.00536484,0.04442685,0.0,2025-W24
adj_close.csv,ARIMA,FXI,0.01988285,0.01512017,0.01539338,0.01988285,0.01512017,0.01539338,"ARIMA(1, 0, 1)",-0.01539338,0.00448947,-0.00027321,0.0,2025-W25
adj_close.csv,ARIMA,FXI,0.03844946,0.05106706,0.03567369,0.03844946,0.05106706,0.03567369,"ARIMA(1, 0, 1)",0.03567369,-0.00277578,-0.01539338,0.0,2025-W26
adj_close.csv,ARIMA,FXI,0.01353415,0.05045232,0.01477863,0.01353415,0.05045232,0.01477863,"ARIMA(1, 0, 1)",-0.01477863,-0.00124448,0.03567369,0.0,2025-W27
adj_close.csv,ARIMA,FXI,0.00525993,0.02055183,0.0057732,0.00525993,0.02055183,0.0057732,"ARIMA(1, 0, 1)",0.0057732,0.00051328,-0.01477863,0.0,2025-W28
adj_close.csv,ARIMA,FXI,0.04260093,0.03662651,0.04239971,0.04260093,0.03662651,0.04239971,"ARIMA(1, 0, 1)",0.04239971,-0.00020122,0.0057732,0.0,2025-W29
adj_close.csv,ARIMA,FXI,0.01691003,0.02701681,0.0153829,0.01691003,0.02701681,0.0153829,"ARIMA(1, 0, 1)",0.0153829,-0.00152713,0.04239971,0.0,2025-W30
adj_close.csv,ARIMA,FXI,0.04768318,0.06361686,0.04823396,0.04768318,0.06361686,0.04823396,"ARIMA(1, 0, 1)",-0.04823396,-0.00055078,0.0153829,0.0,2025-W31
adj_close.csv,ARIMA,FXI,0.02009219,0.0707851,0.02255115,0.02009219,0.0707851,0.02255115,"ARIMA(1, 0, 1)",0.02255115,0.00245896,-0.04823396,0.0,2025-W32
adj_close.csv,ARIMA,FXI,0.0210728,0.00492138,0.01762977,0.0210728,0.00492138,0.01762977,"ARIMA(1, 0, 1)",0.01762977,-0.00344303,0.02255115,0.0,2025-W33
adj_close.csv,ARIMA,FXI,0.02388143,0.00557321,0.02320298,0.02388143,0.00557321,0.02320298,"ARIMA(1, 0, 1)",0.02320298,-0.00067845,0.01762977,0.0,2025-W34
adj_close.csv,ARIMA,FXI,0.00556977,0.03164837,0.00844539,0.00556977,0.03164837,0.00844539,"ARIMA(1, 0, 1)",-0.00844539,-0.00287561,0.02320298,0.0,2025-W35
adj_close.csv,ARIMA,FXI,0.00316539,0.00818838,0.00025701,0.00316539,0.00818838,0.00025701,"ARIMA(1, 0, 1)",-0.00025701,0.00290838,-0.00844539,0.0,2025-W36
adj_close.csv,ARIMA,FXI,0.04246359,0.04031777,0.04006076,0.04246359,0.04031777,0.04006076,"ARIMA(1, 0, 1)",0.04006076,-0.00240283,-0.00025701,0.0,2025-W37
adj_close.csv,ARIMA,FXI,0.0122916,0.02925257,0.01080819,0.0122916,0.02925257,0.01080819,"ARIMA(1, 0, 1)",0.01080819,-0.00148341,0.04006076,0.0,2025-W38
adj_close.csv,ARIMA,FXI,0.01445047,0.02557583,0.01476764,0.01445047,0.02557583,0.01476764,"ARIMA(1, 0, 1)",-0.01476764,-0.00031717,0.01080819,0.0,2025-W39
adj_close.csv,ARIMA,FXI,0.02614007,0.04143583,0.02666819,0.02614007,0.04143583,0.02666819,"ARIMA(1, 0, 1)",0.02666819,0.00052812,-0.01476764,0.0,2025-W40
adj_close.csv,ARIMA,FXI,0.07654953,0.1041991,0.07753091,0.07654953,0.1041991,0.07753091,"ARIMA(1, 0, 1)",-0.07753091,-0.00098137,0.02666819,0.0,2025-W41
adj_close.csv,ARIMA,FXI,0.03941615,0.12017744,0.04264653,0.03941615,0.12017744,0.04264653,"ARIMA(1, 0, 1)",0.04264653,0.00323038,-0.07753091,0.0,2025-W42
adj_close.csv,ARIMA,FXI,0.02230641,0.0289902,0.01365633,0.02230641,0.0289902,0.01365633,"ARIMA(1, 0, 1)",0.01365633,-0.00865008,0.04264653,0.0,2025-W43
adj_close.csv,ARIMA,FXI,0.02101241,0.03458903,0.0209327,0.02101241,0.03458903,0.0209327,"ARIMA(1, 0, 1)",-0.0209327,7.971e-05,0.01365633,0.0,2025-W44
adj_close.csv,ARIMA,FXI,0.00952713,0.02670792,0.00577522,0.00952713,0.02670792,0.00577522,"ARIMA(1, 0, 1)",0.00577522,-0.00375192,-0.0209327,0.0,2025-W45
adj_close.csv,ARIMA,FXI,0.00174014,0.0012786,0.00449661,0.00174014,0.0012786,0.00449661,"ARIMA(1, 0, 1)",0.00449661,0.00275647,0.00577522,0.0,2025-W46
adj_close.csv,ARIMA,FXI,0.03295309,0.04001525,0.03551864,0.03295309,0.04001525,0.03551864,"ARIMA(1, 0, 1)",-0.03551864,-0.00256555,0.00449661,0.0,2025-W47
adj_close.csv,ARIMA,FXI,0.01637618,0.0562222,0.02070356,0.01637618,0.0562222,0.02070356,"ARIMA(1, 0, 1)",0.02070356,0.00432739,-0.03551864,0.0,2025-W48
adj_close.csv,ARIMA,FXI,0.0139733,0.01163772,0.00906584,0.0139733,0.01163772,0.00906584,"ARIMA(1, 0, 1)",0.00906584,-0.00490746,0.02070356,0.0,2025-W49
adj_close.csv,ARIMA,FXI,0.02402095,0.02958063,0.02051479,0.02402095,0.02958063,0.02051479,"ARIMA(1, 0, 1)",-0.02051479,0.00350616,0.00906584,0.0,2025-W50
adj_close.csv,ARIMA,FXI,8.599e-05,0.01895248,0.00156231,8.599e-05,0.01895248,0.00156231,"ARIMA(1, 0, 1)",-0.00156231,-0.0016483,-0.02051479,0.0,2025-W51
adj_close.csv,ARIMA,FXI,0.00704701,0.01007524,0.00851293,0.00704701,0.01007524,0.00851293,"ARIMA(1, 0, 1)",0.00851293,0.00146592,-0.00156231,0.0,2025-W52
adj_close.csv,ARIMA,FXI,0.02434366,0.01409119,0.02260412,0.02434366,0.01409119,0.02260412,"ARIMA(1, 0, 1)",0.02260412,-0.00173954,0.00851293,0.0,2026-W01
adj_close.csv,ARIMA,FXI,0.01194636,0.03447748,0.01187335,0.01194636,0.03447748,0.01187335,"ARIMA(1, 0, 1)",-0.01187335,7.301e-05,0.02260412,0.0,2026-W02
adj_close.csv,ARIMA,FXI,0.0019348,0.01060192,0.00127144,0.0019348,0.01060192,0.00127144,"ARIMA(1, 0, 1)",-0.00127144,0.00066337,-0.01187335,0.0,2026-W03
adj_close.csv,ARIMA,FXI,0.00402973,0.00482743,0.003556,0.00402973,0.00482743,0.003556,"ARIMA(1, 0, 1)",0.003556,-0.00047373,-0.00127144,0.0,2026-W04
adj_close.csv,ARIMA,FXI,0.00412283,0.00074514,0.00430113,0.00412283,0.00074514,0.00430113,"ARIMA(1, 0, 1)",0.00430113,0.00017831,0.003556,0.0,2026-W05
adj_close.csv,ARIMA,FXI,0.01076324,0.01547166,0.01117053,0.01076324,0.01547166,0.01117053,"ARIMA(1, 0, 1)",-0.01117053,-0.00040728,0.00430113,0.0,2026-W06
adj_close.csv,ARIMA,HYG,0.0040077,0.00396726,0.00396726,0.0040077,0.00396726,0.00396726,"ARIMA(0, 0, 1)",0.00396726,-4.045e-05,0.0,0.0,2024-W30
adj_close.csv,ARIMA,HYG,0.00205402,0.00631061,0.00234336,0.00205402,0.00631061,0.00234336,"ARIMA(0, 0, 1)",-0.00234336,-0.00028934,0.00396726,0.0,2024-W31
adj_close.csv,ARIMA,HYG,0.00332005,0.00581237,0.00346901,0.00332005,0.00581237,0.00346901,"ARIMA(0, 0, 1)",0.00346901,0.00014896,-0.00234336,0.0,2024-W32
adj_close.csv,ARIMA,HYG,0.01133775,0.00762692,0.01109593,0.01133775,0.00762692,0.01109593,"ARIMA(0, 0, 1)",0.01109593,-0.00024182,0.00346901,0.0,2024-W33
adj_close.csv,ARIMA,HYG,0.00788492,0.00401791,0.00707802,0.00788492,0.00401791,0.00707802,"ARIMA(0, 0, 1)",0.00707802,-0.0008069,0.01109593,0.0,2024-W34
adj_close.csv,ARIMA,HYG,0.00022984,0.00783369,0.00075567,0.00022984,0.00783369,0.00075567,"ARIMA(0, 0, 1)",-0.00075567,-0.00052583,0.00707802,0.0,2024-W35
adj_close.csv,ARIMA,HYG,0.00226157,0.00303263,0.00227696,0.00226157,0.00303263,0.00227696,"ARIMA(0, 0, 1)",0.00227696,1.539e-05,-0.00075567,0.0,2024-W36
adj_close.csv,ARIMA,HYG,0.00632431,0.00389549,0.00617245,0.00632431,0.00389549,0.00617245,"ARIMA(0, 0, 1)",0.00617245,-0.00015186,0.00227696,0.0,2024-W37
adj_close.csv,ARIMA,HYG,0.00830085,0.00170788,0.00788034,0.00830085,0.00170788,0.00788034,"ARIMA(0, 0, 1)",0.00788034,-0.00042051,0.00617245,0.0,2024-W38
adj_close.csv,ARIMA,HYG,0.00177633,0.00663509,0.00124525,0.00177633,0.00663509,0.00124525,"ARIMA(0, 0, 1)",0.00124525,-0.00053109,0.00788034,0.0,2024-W39
adj_close.csv,ARIMA,HYG,0.00452162,0.00587912,0.00463387,0.00452162,0.00587912,0.00463387,"ARIMA(0, 0, 1)",-0.00463387,-0.00011225,0.00124525,0.0,2024-W40
adj_close.csv,ARIMA,HYG,0.00066549,0.00425713,0.00037674,0.00066549,0.00425713,0.00037674,"ARIMA(0, 0, 1)",-0.00037674,0.00028875,-0.00463387,0.0,2024-W41
adj_close.csv,ARIMA,HYG,0.00284386,0.00326299,0.00288625,0.00284386,0.00326299,0.00288625,"ARIMA(0, 0, 1)",0.00288625,4.238e-05,-0.00037674,0.0,2024-W42
adj_close.csv,ARIMA,HYG,0.00635606,0.00942393,0.00653768,0.00635606,0.00942393,0.00653768,"ARIMA(0, 0, 1)",-0.00653768,-0.00018162,0.00288625,0.0,2024-W43
adj_close.csv,ARIMA,HYG,0.00211467,0.00483384,0.00170383,0.00211467,0.00483384,0.00170383,"ARIMA(0, 0, 1)",-0.00170383,0.00041083,-0.00653768,0.0,2024-W44
adj_close.csv,ARIMA,HYG,0.01310982,0.01494892,0.01324508,0.01310982,0.01494892,0.01324508,"ARIMA(0, 0, 1)",0.01324508,0.00013527,-0.00170383,0.0,2024-W45
adj_close.csv,ARIMA,HYG,0.00630947,0.02041349,0.00716841,0.00630947,0.02041349,0.00716841,"ARIMA(0, 0, 1)",-0.00716841,-0.00085893,0.01324508,0.0,2024-W46
adj_close.csv,ARIMA,HYG,0.00284292,0.01044449,0.00327609,0.00284292,0.01044449,0.00327609,"ARIMA(0, 0, 1)",0.00327609,0.00043316,-0.00716841,0.0,2024-W47
adj_close.csv,ARIMA,HYG,0.00709384,0.00361941,0.0068955,0.00709384,0.00361941,0.0068955,"ARIMA(0, 0, 1)",0.0068955,-0.00019834,0.00327609,0.0,2024-W48
adj_close.csv,ARIMA,HYG,0.00325932,0.00412587,0.00276963,0.00325932,0.00412587,0.00276963,"ARIMA(0, 0, 1)",0.00276963,-0.00048969,0.0068955,0.0,2024-W49
adj_close.csv,ARIMA,HYG,0.00593017,0.00892096,0.00615133,0.00593017,0.00892096,0.00615133,"ARIMA(0, 0, 1)",-0.00615133,-0.00022116,0.00276963,0.0,2024-W50
adj_close.csv,ARIMA,HYG,0.00575102,0.0008091,0.00534223,0.00575102,0.0008091,0.00534223,"ARIMA(0, 0, 1)",-0.00534223,0.00040879,-0.00615133,0.0,2024-W51
adj_close.csv,ARIMA,HYG,0.00076952,0.0049605,0.00038173,0.00076952,0.0049605,0.00038173,"ARIMA(0, 0, 1)",-0.00038173,0.0003878,-0.00534223,0.0,2024-W52
adj_close.csv,ARIMA,HYG,0.00515438,0.00558783,0.0052061,0.00515438,0.00558783,0.0052061,"ARIMA(0, 0, 1)",0.0052061,5.172e-05,-0.00038173,0.0,2025-W01
adj_close.csv,ARIMA,HYG,0.00511235,0.01066677,0.00546067,0.00511235,0.01066677,0.00546067,"ARIMA(0, 0, 1)",-0.00546067,-0.00034832,0.0052061,0.0,2025-W02
adj_close.csv,ARIMA,HYG,0.01142197,0.0172336,0.01177293,0.01142197,0.0172336,0.01177293,"ARIMA(0, 0, 1)",0.01177293,0.00035096,-0.00546067,0.0,2025-W03
adj_close.csv,ARIMA,HYG,0.00445485,0.00812989,0.00364304,0.00445485,0.00812989,0.00364304,"ARIMA(0, 0, 1)",0.00364304,-0.00081182,0.01177293,0.0,2025-W04
adj_close.csv,ARIMA,HYG,7.097e-05,0.00401957,0.00037653,7.097e-05,0.00401957,0.00037653,"ARIMA(0, 0, 1)",-0.00037653,-0.00030556,0.00364304,0.0,2025-W05
adj_close.csv,ARIMA,HYG,0.0001307,0.00025072,0.00012581,0.0001307,0.00025072,0.00012581,"ARIMA(0, 0, 1)",-0.00012581,4.89e-06,-0.00037653,0.0,2025-W06
adj_close.csv,ARIMA,HYG,0.00514472,0.00527955,0.00515374,0.00514472,0.00527955,0.00515374,"ARIMA(0, 0, 1)",0.00515374,9.02e-06,-0.00012581,0.0,2025-W07
adj_close.csv,ARIMA,HYG,0.00102497,0.00653371,0.00137998,0.00102497,0.00653371,0.00137998,"ARIMA(0, 0, 1)",-0.00137998,-0.00035501,0.00515374,0.0,2025-W08
adj_close.csv,ARIMA,HYG,0.00593735,0.0073882,0.00600823,0.00593735,0.0073882,0.00600823,"ARIMA(0, 0, 1)",0.00600823,7.088e-05,-0.00137998,0.0,2025-W09
adj_close.csv,ARIMA,HYG,0.00343194,0.00985236,0.00384413,0.00343194,0.00985236,0.00384413,"ARIMA(0, 0, 1)",-0.00384413,-0.0004122,0.00600823,0.0,2025-W10
adj_close.csv,ARIMA,HYG,0.00744133,0.00335627,0.0072004,0.00744133,0.00335627,0.0072004,"ARIMA(0, 0, 1)",-0.0072004,0.00024093,-0.00384413,0.0,2025-W11
adj_close.csv,ARIMA,HYG,0.00378587,0.01150173,0.00430133,0.00378587,0.01150173,0.00430133,"ARIMA(0, 0, 1)",0.00430133,0.00051546,-0.0072004,0.0,2025-W12
adj_close.csv,ARIMA,HYG,0.00504945,0.0096172,0.00531587,0.00504945,0.0096172,0.00531587,"ARIMA(0, 0, 1)",-0.00531587,-0.00026642,0.00430133,0.0,2025-W13
adj_close.csv,ARIMA,HYG,0.02173518,0.01605953,0.0213754,0.02173518,0.01605953,0.0213754,"ARIMA(0, 0, 1)",-0.0213754,0.00035977,-0.00531587,0.0,2025-W14
adj_close.csv,ARIMA,HYG,0.00170714,0.0211147,0.00026071,0.00170714,0.0211147,0.00026071,"ARIMA(0, 0, 1)",-0.00026071,0.00144644,-0.0213754,0.0,2025-W15
adj_close.csv,ARIMA,HYG,0.01322402,0.01359344,0.01333274,0.01322402,0.01359344,0.01333274,"ARIMA(0, 0, 1)",0.01333274,0.00010872,-0.00026071,0.0,2025-W16
adj_close.csv,ARIMA,HYG,0.01365675,0.00055623,0.0127765,0.01365675,0.00055623,0.0127765,"ARIMA(0, 0, 1)",0.0127765,-0.00088024,0.01333274,0.0,2025-W17
adj_close.csv,ARIMA,HYG,0.00299306,0.01058588,0.00219062,0.00299306,0.01058588,0.00219062,"ARIMA(0, 0, 1)",0.00219062,-0.00080244,0.0127765,0.0,2025-W18
adj_close.csv,ARIMA,HYG,0.00029748,0.00206324,0.00012738,0.00029748,0.00206324,0.00012738,"ARIMA(0, 0, 1)",0.00012738,-0.0001701,0.00219062,0.0,2025-W19
adj_close.csv,ARIMA,HYG,0.01103183,0.01088743,0.01101481,0.01103183,0.01088743,0.01101481,"ARIMA(0, 0, 1)",0.01101481,-1.702e-05,0.00012738,0.0,2025-W20
adj_close.csv,ARIMA,HYG,0.00530735,0.01695024,0.00593543,0.00530735,0.01695024,0.00593543,"ARIMA(0, 0, 1)",-0.00593543,-0.00062808,0.01101481,0.0,2025-W21
adj_close.csv,ARIMA,HYG,0.0075088,0.01375795,0.00782252,0.0075088,0.01375795,0.00782252,"ARIMA(0, 0, 1)",0.00782252,0.00031372,-0.00593543,0.0,2025-W22
adj_close.csv,ARIMA,HYG,0.00179445,0.00648491,0.00133761,0.00179445,0.00648491,0.00133761,"ARIMA(0, 0, 1)",0.00133761,-0.00045684,0.00782252,0.0,2025-W23
adj_close.csv,ARIMA,HYG,0.00086415,0.00058148,0.00075613,0.00086415,0.00058148,0.00075613,"ARIMA(0, 0, 1)",0.00075613,-0.00010802,0.00133761,0.0,2025-W24
adj_close.csv,ARIMA,HYG,0.0055812,0.00477301,0.00552915,0.0055812,0.00477301,0.00552915,"ARIMA(0, 0, 1)",0.00552915,-5.206e-05,0.00075613,0.0,2025-W25
adj_close.csv,ARIMA,HYG,0.00707885,0.00121485,0.00674399,0.00707885,0.00121485,0.00674399,"ARIMA(0, 0, 1)",0.00674399,-0.00033486,0.00552915,0.0,2025-W26
adj_close.csv,ARIMA,HYG,0.00549623,0.0016601,0.00508389,0.00549623,0.0016601,0.00508389,"ARIMA(0, 0, 1)",0.00508389,-0.00041234,0.00674399,0.0,2025-W27
adj_close.csv,ARIMA,HYG,0.00392883,0.0093233,0.00423941,0.00392883,0.0093233,0.00423941,"ARIMA(0, 0, 1)",-0.00423941,-0.00031058,0.00508389,0.0,2025-W28
adj_close.csv,ARIMA,HYG,0.0025191,0.0069845,0.00274509,0.0025191,0.0069845,0.00274509,"ARIMA(0, 0, 1)",0.00274509,0.00022599,-0.00423941,0.0,2025-W29
adj_close.csv,ARIMA,HYG,0.00313228,0.00024122,0.00298631,0.00313228,0.00024122,0.00298631,"ARIMA(0, 0, 1)",0.00298631,-0.00014597,0.00274509,0.0,2025-W30
adj_close.csv,ARIMA,HYG,0.00113701,0.0043039,0.00131758,0.00113701,0.0043039,0.00131758,"ARIMA(0, 0, 1)",-0.00131758,-0.00018057,0.00298631,0.0,2025-W31
adj_close.csv,ARIMA,HYG,0.00293064,0.00431392,0.00299634,0.00293064,0.00431392,0.00299634,"ARIMA(0, 0, 1)",0.00299634,6.571e-05,-0.00131758,0.0,2025-W32
adj_close.csv,ARIMA,HYG,0.00315686,9.24e-06,0.0029871,0.00315686,9.24e-06,0.0029871,"ARIMA(0, 0, 1)",0.0029871,-0.00016976,0.00299634,0.0,2025-W33
adj_close.csv,ARIMA,HYG,0.00501706,0.00184837,0.00483547,0.00501706,0.00184837,0.00483547,"ARIMA(0, 0, 1)",0.00483547,-0.00018159,0.0029871,0.0,2025-W34
adj_close.csv,ARIMA,HYG,0.00040884,0.00471177,0.0001237,0.00040884,0.00471177,0.0001237,"ARIMA(0, 0, 1)",0.0001237,-0.00028513,0.00483547,0.0,2025-W35
adj_close.csv,ARIMA,HYG,0.0048948,0.00474792,0.00487162,0.0048948,0.00474792,0.00487162,"ARIMA(0, 0, 1)",0.00487162,-2.318e-05,0.0001237,0.0,2025-W36
adj_close.csv,ARIMA,HYG,0.00138929,0.00375949,0.00111212,0.00138929,0.00375949,0.00111212,"ARIMA(0, 0, 1)",0.00111212,-0.00027717,0.00487162,0.0,2025-W37
adj_close.csv,ARIMA,HYG,0.00377693,0.00258662,0.00369874,0.00377693,0.00258662,0.00369874,"ARIMA(0, 0, 1)",0.00369874,-7.819e-05,0.00111212,0.0,2025-W38
adj_close.csv,ARIMA,HYG,0.00200575,0.00591629,0.00221755,0.00200575,0.00591629,0.00221755,"ARIMA(0, 0, 1)",-0.00221755,-0.0002118,0.00369874,0.0,2025-W39
adj_close.csv,ARIMA,HYG,0.00162603,0.00395665,0.0017391,0.00162603,0.00395665,0.0017391,"ARIMA(0, 0, 1)",0.0017391,0.00011307,-0.00221755,0.0,2025-W40
adj_close.csv,ARIMA,HYG,0.01097837,0.01280937,0.01107027,0.01097837,0.01280937,0.01107027,"ARIMA(0, 0, 1)",-0.01107027,-9.19e-05,0.0017391,0.0,2025-W41
adj_close.csv,ARIMA,HYG,0.00895657,0.02065521,0.00958494,0.00895657,0.02065521,0.00958494,"ARIMA(0, 0, 1)",0.00958494,0.00062837,-0.01107027,0.0,2025-W42
adj_close.csv,ARIMA,HYG,0.00499601,0.00513497,0.00444997,0.00499601,0.00513497,0.00444997,"ARIMA(0, 0, 1)",0.00444997,-0.00054604,0.00958494,0.0,2025-W43
adj_close.csv,ARIMA,HYG,0.00316279,0.00790938,0.00345941,0.00316279,0.00790938,0.00345941,"ARIMA(0, 0, 1)",-0.00345941,-0.00029662,0.00444997,0.0,2025-W44
adj_close.csv,ARIMA,HYG,0.00093689,0.00271277,0.00074664,0.00093689,0.00271277,0.00074664,"ARIMA(0, 0, 1)",-0.00074664,0.00019025,-0.00345941,0.0,2025-W45
adj_close.csv,ARIMA,HYG,0.00142655,0.0006236,0.00137024,0.00142655,0.0006236,0.00137024,"ARIMA(0, 0, 1)",-0.00137024,5.63e-05,-0.00074664,0.0,2025-W46
adj_close.csv,ARIMA,HYG,0.0017824,0.00323831,0.00186807,0.0017824,0.00323831,0.00186807,"ARIMA(0, 0, 1)",0.00186807,8.567e-05,-0.00137024,0.0,2025-W47
adj_close.csv,ARIMA,HYG,0.00779196,0.00581666,0.00768473,0.00779196,0.00581666,0.00768473,"ARIMA(0, 0, 1)",0.00768473,-0.00010723,0.00186807,0.0,2025-W48
adj_close.csv,ARIMA,HYG,0.00213773,0.00601153,0.0016732,0.00213773,0.00601153,0.0016732,"ARIMA(0, 0, 1)",0.0016732,-0.00046453,0.00768473,0.0,2025-W49
adj_close.csv,ARIMA,HYG,0.00210595,0.00390482,0.00223162,0.00210595,0.00390482,0.00223162,"ARIMA(0, 0, 1)",-0.00223162,-0.00012567,0.0016732,0.0,2025-W50
adj_close.csv,ARIMA,HYG,0.00199335,0.00434951,0.00211789,0.00199335,0.00434951,0.00211789,"ARIMA(0, 0, 1)",0.00211789,0.00012454,-0.00223162,0.0,2025-W51
adj_close.csv,ARIMA,HYG,0.00310028,0.00086419,0.00298208,0.00310028,0.00086419,0.00298208,"ARIMA(0, 0, 1)",0.00298208,-0.0001182,0.00211789,0.0,2025-W52
adj_close.csv,ARIMA,HYG,0.00105119,0.00211398,0.00086811,0.00105119,0.00211398,0.00086811,"ARIMA(0, 0, 1)",0.00086811,-0.00018309,0.00298208,0.0,2026-W01
adj_close.csv,ARIMA,HYG,0.00414434,0.00321431,0.00408242,0.00414434,0.00321431,0.00408242,"ARIMA(0, 0, 1)",0.00408242,-6.192e-05,0.00086811,0.0,2026-W02
adj_close.csv,ARIMA,HYG,0.00135378,0.00297197,0.00111045,0.00135378,0.00297197,0.00111045,"ARIMA(0, 0, 1)",0.00111045,-0.00024333,0.00408242,0.0,2026-W03
adj_close.csv,ARIMA,HYG,0.00069556,0.000494,0.00061645,0.00069556,0.000494,0.00061645,"ARIMA(0, 0, 1)",0.00061645,-7.911e-05,0.00111045,0.0,2026-W04
adj_close.csv,ARIMA,HYG,0.00020584,0.00086292,0.00024648,0.00020584,0.00086292,0.00024648,"ARIMA(0, 0, 1)",-0.00024648,-4.064e-05,0.00061645,0.0,2026-W05
adj_close.csv,ARIMA,HYG,0.00433604,0.00407753,0.00432401,0.00433604,0.00407753,0.00432401,"ARIMA(0, 0, 1)",-0.00432401,1.203e-05,-0.00024648,0.0,2026-W06
adj_close.csv,ARIMA,IEF,0.00350651,0.00844077,0.00453629,0.00350651,0.00844077,0.00453629,"ARIMA(2, 0, 0)",0.00453629,0.00102977,-0.00390449,0.0,2024-W30
adj_close.csv,ARIMA,IEF,0.0312494,0.02619109,0.03072737,0.0312494,0.02619109,0.03072737,"ARIMA(2, 0, 0)",0.03072737,-0.00052203,0.00453629,0.0,2024-W31
adj_close.csv,ARIMA,IEF,0.01083961,0.04122443,0.01049706,0.01083961,0.04122443,0.01049706,"ARIMA(2, 0, 0)",-0.01049706,0.00034255,0.03072737,0.0,2024-W32
adj_close.csv,ARIMA,IEF,0.00060672,0.01472966,0.0042326,0.00060672,0.01472966,0.0042326,"ARIMA(2, 0, 0)",0.0042326,0.00362588,-0.01049706,0.0,2024-W33
adj_close.csv,ARIMA,IEF,0.00865262,0.00315718,0.00738978,0.00865262,0.00315718,0.00738978,"ARIMA(2, 0, 0)",0.00738978,-0.00126284,0.0042326,0.0,2024-W34
adj_close.csv,ARIMA,IEF,0.00769583,0.01477956,0.00738978,0.00769583,0.01477956,0.00738978,"ARIMA(2, 0, 0)",-0.00738978,0.00030604,0.00738978,0.0,2024-W35
adj_close.csv,ARIMA,IEF,0.0152232,0.02356293,0.01617315,0.0152232,0.02356293,0.01617315,"ARIMA(2, 0, 0)",0.01617315,0.00094995,-0.00738978,0.0,2024-W36
adj_close.csv,ARIMA,IEF,0.00654377,0.0109005,0.00527264,0.00654377,0.0109005,0.00527264,"ARIMA(2, 0, 0)",0.00527264,-0.00127113,0.01617315,0.0,2024-W37
adj_close.csv,ARIMA,IEF,0.0063003,0.00993543,0.00466279,0.0063003,0.00993543,0.00466279,"ARIMA(2, 0, 0)",-0.00466279,0.0016375,0.00527264,0.0,2024-W38
adj_close.csv,ARIMA,IEF,0.00096883,0.00435804,0.00030476,0.00096883,0.00435804,0.00030476,"ARIMA(2, 0, 0)",-0.00030476,0.00066407,-0.00466279,0.0,2024-W39
adj_close.csv,ARIMA,IEF,0.01631171,0.01648356,0.01678832,0.01631171,0.01648356,0.01678832,"ARIMA(2, 0, 0)",-0.01678832,-0.00047661,-0.00030476,0.0,2024-W40
adj_close.csv,ARIMA,IEF,0.00671744,0.01044494,0.00634338,0.00671744,0.01044494,0.00634338,"ARIMA(2, 0, 0)",-0.00634338,0.00037405,-0.01678832,0.0,2024-W41
adj_close.csv,ARIMA,IEF,0.00251921,0.00717787,0.00083448,0.00251921,0.00717787,0.00083448,"ARIMA(2, 0, 0)",0.00083448,-0.00168472,-0.00634338,0.0,2024-W42
adj_close.csv,ARIMA,IEF,0.01031824,0.01183929,0.01100481,0.01031824,0.01183929,0.01100481,"ARIMA(2, 0, 0)",-0.01100481,-0.00068657,0.00083448,0.0,2024-W43
adj_close.csv,ARIMA,IEF,0.01015885,0.00115848,0.00984633,0.01015885,0.00115848,0.00984633,"ARIMA(2, 0, 0)",-0.00984633,0.00031252,-0.01100481,0.0,2024-W44
adj_close.csv,ARIMA,IEF,0.00668567,0.01548875,0.00564243,0.00668567,0.01548875,0.00564243,"ARIMA(2, 0, 0)",0.00564243,-0.00104325,-0.00984633,0.0,2024-W45
adj_close.csv,ARIMA,IEF,0.00825006,0.01502817,0.00938574,0.00825006,0.01502817,0.00938574,"ARIMA(2, 0, 0)",-0.00938574,-0.00113569,0.00564243,0.0,2024-W46
adj_close.csv,ARIMA,IEF,0.00219415,0.01238154,0.00299579,0.00219415,0.01238154,0.00299579,"ARIMA(2, 0, 0)",0.00299579,0.00080164,-0.00938574,0.0,2024-W47
adj_close.csv,ARIMA,IEF,0.01793155,0.01384892,0.01684472,0.01793155,0.01384892,0.01684472,"ARIMA(2, 0, 0)",0.01684472,-0.00108684,0.00299579,0.0,2024-W48
adj_close.csv,ARIMA,IEF,0.00392507,0.0129326,0.00391212,0.00392507,0.0129326,0.00391212,"ARIMA(2, 0, 0)",0.00391212,-1.295e-05,0.01684472,0.0,2024-W49
adj_close.csv,ARIMA,IEF,0.01838316,0.02063552,0.0167234,0.01838316,0.02063552,0.0167234,"ARIMA(2, 0, 0)",-0.0167234,0.00165976,0.00391212,0.0,2024-W50
adj_close.csv,ARIMA,IEF,0.00897245,0.00842101,0.00830239,0.00897245,0.00842101,0.00830239,"ARIMA(2, 0, 0)",-0.00830239,0.00067006,-0.0167234,0.0,2024-W51
adj_close.csv,ARIMA,IEF,0.00438821,0.00256293,0.00573946,0.00438821,0.00256293,0.00573946,"ARIMA(2, 0, 0)",-0.00573946,-0.00135125,-0.00830239,0.0,2024-W52
adj_close.csv,ARIMA,IEF,0.00361402,0.00866733,0.00292787,0.00361402,0.00866733,0.00292787,"ARIMA(2, 0, 0)",0.00292787,-0.00068615,-0.00573946,0.0,2025-W01
adj_close.csv,ARIMA,IEF,0.01055983,0.01403427,0.0111064,0.01055983,0.01403427,0.0111064,"ARIMA(2, 0, 0)",-0.0111064,-0.00054657,0.00292787,0.0,2025-W02
adj_close.csv,ARIMA,IEF,0.01177128,0.02329492,0.01218852,0.01177128,0.02329492,0.01218852,"ARIMA(2, 0, 0)",0.01218852,0.00041724,-0.0111064,0.0,2025-W03
adj_close.csv,ARIMA,IEF,0.00148215,0.01197203,0.00021649,0.00148215,0.01197203,0.00021649,"ARIMA(2, 0, 0)",0.00021649,-0.00126567,0.01218852,0.0,2025-W04
adj_close.csv,ARIMA,IEF,0.00480818,0.00571353,0.00593002,0.00480818,0.00571353,0.00593002,"ARIMA(2, 0, 0)",0.00593002,0.00112185,0.00021649,0.0,2025-W05
adj_close.csv,ARIMA,IEF,0.00456386,0.00145346,0.00447656,0.00456386,0.00145346,0.00447656,"ARIMA(2, 0, 0)",0.00447656,-8.73e-05,0.00593002,0.0,2025-W06
adj_close.csv,ARIMA,IEF,0.00144413,0.00254566,0.0019309,0.00144413,0.00254566,0.0019309,"ARIMA(2, 0, 0)",0.0019309,0.00048677,0.00447656,0.0,2025-W07
adj_close.csv,ARIMA,IEF,0.00377601,0.00223943,0.00417033,0.00377601,0.00223943,0.00417033,"ARIMA(2, 0, 0)",0.00417033,0.00039432,0.0019309,0.0,2025-W08
adj_close.csv,ARIMA,IEF,0.01691775,0.01286442,0.01703475,0.01691775,0.01286442,0.01703475,"ARIMA(2, 0, 0)",0.01703475,0.000117,0.00417033,0.0,2025-W09
adj_close.csv,ARIMA,IEF,0.00709446,0.02395015,0.0069154,0.00709446,0.02395015,0.0069154,"ARIMA(2, 0, 0)",-0.0069154,0.00017906,0.01703475,0.0,2025-W10
adj_close.csv,ARIMA,IEF,0.00081238,0.00786862,0.00095322,0.00081238,0.00786862,0.00095322,"ARIMA(2, 0, 0)",0.00095322,0.00176559,-0.0069154,0.0,2025-W11
adj_close.csv,ARIMA,IEF,0.00637739,0.00474591,0.00569913,0.00637739,0.00474591,0.00569913,"ARIMA(2, 0, 0)",0.00569913,-0.00067826,0.00095322,0.0,2025-W12
adj_close.csv,ARIMA,IEF,0.00075001,0.00496268,0.00073645,0.00075001,0.00496268,0.00073645,"ARIMA(2, 0, 0)",0.00073645,-1.355e-05,0.00569913,0.0,2025-W13
adj_close.csv,ARIMA,IEF,0.01801217,0.01779686,0.01853331,0.01801217,0.01779686,0.01853331,"ARIMA(2, 0, 0)",0.01853331,0.00052114,0.00073645,0.0,2025-W14
adj_close.csv,ARIMA,IEF,0.03184919,0.05062945,0.03209614,0.03184919,0.05062945,0.03209614,"ARIMA(2, 0, 0)",-0.03209614,-0.00024695,0.01853331,0.0,2025-W15
adj_close.csv,ARIMA,IEF,0.00930207,0.04453053,0.01243439,0.00930207,0.04453053,0.01243439,"ARIMA(2, 0, 0)",0.01243439,0.00313232,-0.03209614,0.0,2025-W16
adj_close.csv,ARIMA,IEF,0.00955864,0.00685209,0.0055823,0.00955864,0.00685209,0.0055823,"ARIMA(2, 0, 0)",0.0055823,-0.00397634,0.01243439,0.0,2025-W17
adj_close.csv,ARIMA,IEF,0.00296662,0.00768999,0.00210769,0.00296662,0.00768999,0.00210769,"ARIMA(2, 0, 0)",-0.00210769,0.00085893,0.0055823,0.0,2025-W18
adj_close.csv,ARIMA,IEF,0.0043097,0.00159508,0.00370276,0.0043097,0.00159508,0.00370276,"ARIMA(2, 0, 0)",-0.00370276,0.00060693,-0.00210769,0.0,2025-W19
adj_close.csv,ARIMA,IEF,0.00403305,0.00033291,0.00403567,0.00403305,0.00033291,0.00403567,"ARIMA(2, 0, 0)",-0.00403567,-2.62e-06,-0.00370276,0.0,2025-W20
adj_close.csv,ARIMA,IEF,0.00199883,0.00190527,0.0021304,0.00199883,0.00190527,0.0021304,"ARIMA(2, 0, 0)",-0.0021304,-0.00013157,-0.00403567,0.0,2025-W21
adj_close.csv,ARIMA,IEF,0.00875209,0.0106254,0.008495,0.00875209,0.0106254,0.008495,"ARIMA(2, 0, 0)",0.008495,-0.00025709,-0.0021304,0.0,2025-W22
adj_close.csv,ARIMA,IEF,0.00737819,0.0164834,0.0079884,0.00737819,0.0164834,0.0079884,"ARIMA(2, 0, 0)",-0.0079884,-0.0006102,0.008495,0.0,2025-W23
adj_close.csv,ARIMA,IEF,0.00713741,0.01629516,0.00830676,0.00713741,0.01629516,0.00830676,"ARIMA(2, 0, 0)",0.00830676,0.00116935,-0.0079884,0.0,2025-W24
adj_close.csv,ARIMA,IEF,0.004459,0.00502437,0.00328239,0.004459,0.00502437,0.00328239,"ARIMA(2, 0, 0)",0.00328239,-0.00117661,0.00830676,0.0,2025-W25
adj_close.csv,ARIMA,IEF,0.00774625,0.0050338,0.00831619,0.00774625,0.0050338,0.00831619,"ARIMA(2, 0, 0)",0.00831619,0.00056994,0.00328239,0.0,2025-W26
adj_close.csv,ARIMA,IEF,0.00332923,0.01177367,0.00345748,0.00332923,0.01177367,0.00345748,"ARIMA(2, 0, 0)",-0.00345748,-0.00012825,0.00831619,0.0,2025-W27
adj_close.csv,ARIMA,IEF,0.00559866,0.00119653,0.00465401,0.00559866,0.00119653,0.00465401,"ARIMA(2, 0, 0)",-0.00465401,0.00094465,-0.00345748,0.0,2025-W28
adj_close.csv,ARIMA,IEF,0.00091525,0.00550173,0.00084772,0.00091525,0.00550173,0.00084772,"ARIMA(2, 0, 0)",0.00084772,-6.753e-05,-0.00465401,0.0,2025-W29
adj_close.csv,ARIMA,IEF,0.00405714,0.00274751,0.00359523,0.00405714,0.00274751,0.00359523,"ARIMA(2, 0, 0)",0.00359523,-0.00046191,0.00084772,0.0,2025-W30
adj_close.csv,ARIMA,IEF,0.013247,0.00953913,0.01313435,0.013247,0.00953913,0.01313435,"ARIMA(2, 0, 0)",0.01313435,-0.00011265,0.00359523,0.0,2025-W31
adj_close.csv,ARIMA,IEF,0.00280011,0.01627486,0.00314051,0.00280011,0.01627486,0.00314051,"ARIMA(2, 0, 0)",-0.00314051,-0.0003404,0.01313435,0.0,2025-W32
adj_close.csv,ARIMA,IEF,0.00290626,0.00156679,0.00157372,0.00290626,0.00156679,0.00157372,"ARIMA(2, 0, 0)",-0.00157372,0.00133255,-0.00314051,0.0,2025-W33
adj_close.csv,ARIMA,IEF,0.0058483,0.00722812,0.0056544,0.0058483,0.00722812,0.0056544,"ARIMA(2, 0, 0)",0.0056544,-0.00019389,-0.00157372,0.0,2025-W34
adj_close.csv,ARIMA,IEF,0.00439073,0.00169443,0.00395997,0.00439073,0.00169443,0.00395997,"ARIMA(2, 0, 0)",0.00395997,-0.00043076,0.0056544,0.0,2025-W35
adj_close.csv,ARIMA,IEF,0.00951407,0.00584192,0.0098019,0.00951407,0.00584192,0.0098019,"ARIMA(2, 0, 0)",0.0098019,0.00028783,0.00395997,0.0,2025-W36
adj_close.csv,ARIMA,IEF,0.00219777,0.00773737,0.00206453,0.00219777,0.00773737,0.00206453,"ARIMA(2, 0, 0)",0.00206453,-0.00013324,0.0098019,0.0,2025-W37
adj_close.csv,ARIMA,IEF,0.00438949,0.00568012,0.00361559,0.00438949,0.00568012,0.00361559,"ARIMA(2, 0, 0)",-0.00361559,0.0007739,0.00206453,0.0,2025-W38
adj_close.csv,ARIMA,IEF,0.00460998,0.0006363,0.00425189,0.00460998,0.0006363,0.00425189,"ARIMA(2, 0, 0)",-0.00425189,0.00035809,-0.00361559,0.0,2025-W39
adj_close.csv,ARIMA,IEF,0.00503071,0.00917329,0.0049214,0.00503071,0.00917329,0.0049214,"ARIMA(2, 0, 0)",0.0049214,-0.00010931,-0.00425189,0.0,2025-W40
adj_close.csv,ARIMA,IEF,0.00588681,0.00035518,0.00527658,0.00588681,0.00035518,0.00527658,"ARIMA(2, 0, 0)",0.00527658,-0.00061023,0.0049214,0.0,2025-W41
adj_close.csv,ARIMA,IEF,0.00477425,0.0003358,0.00494078,0.00477425,0.0003358,0.00494078,"ARIMA(2, 0, 0)",0.00494078,0.00016653,0.00527658,0.0,2025-W42
adj_close.csv,ARIMA,IEF,0.00080308,0.00391453,0.00102625,0.00080308,0.00391453,0.00102625,"ARIMA(2, 0, 0)",0.00102625,0.00022317,0.00494078,0.0,2025-W43
adj_close.csv,ARIMA,IEF,0.00696638,0.00761266,0.00658641,0.00696638,0.00761266,0.00658641,"ARIMA(2, 0, 0)",-0.00658641,0.00037996,0.00102625,0.0,2025-W44
adj_close.csv,ARIMA,IEF,0.00109071,0.00807692,0.00149051,0.00109071,0.00807692,0.00149051,"ARIMA(2, 0, 0)",0.00149051,0.00039979,-0.00658641,0.0,2025-W45
adj_close.csv,ARIMA,IEF,0.00195558,0.00407947,0.00258897,0.00195558,0.00407947,0.00258897,"ARIMA(2, 0, 0)",-0.00258897,-0.00063339,0.00149051,0.0,2025-W46
adj_close.csv,ARIMA,IEF,0.00749517,0.01033577,0.0077468,0.00749517,0.01033577,0.0077468,"ARIMA(2, 0, 0)",0.0077468,0.00025163,-0.00258897,0.0,2025-W47
adj_close.csv,ARIMA,IEF,0.00378342,0.00456227,0.00318453,0.00378342,0.00456227,0.00318453,"ARIMA(2, 0, 0)",0.00318453,-0.00059889,0.0077468,0.0,2025-W48
adj_close.csv,ARIMA,IEF,0.00817694,0.01084662,0.00766209,0.00817694,0.01084662,0.00766209,"ARIMA(2, 0, 0)",-0.00766209,0.00051484,0.00318453,0.0,2025-W49
adj_close.csv,ARIMA,IEF,0.00354412,0.00475545,0.00290664,0.00354412,0.00475545,0.00290664,"ARIMA(2, 0, 0)",-0.00290664,0.00063748,-0.00766209,0.0,2025-W50
adj_close.csv,ARIMA,IEF,0.00425798,0.00666593,0.00375929,0.00425798,0.00666593,0.00375929,"ARIMA(2, 0, 0)",0.00375929,-0.0004987,-0.00290664,0.0,2025-W51
adj_close.csv,ARIMA,IEF,0.00249446,0.00168326,0.00207603,0.00249446,0.00168326,0.00207603,"ARIMA(2, 0, 0)",0.00207603,-0.00041843,0.00375929,0.0,2025-W52
adj_close.csv,ARIMA,IEF,0.00394758,0.00581591,0.00373988,0.00394758,0.00581591,0.00373988,"ARIMA(2, 0, 0)",-0.00373988,0.0002077,0.00207603,0.0,2026-W01
adj_close.csv,ARIMA,IEF,0.00193937,0.00602704,0.00228715,0.00193937,0.00602704,0.00228715,"ARIMA(2, 0, 0)",0.00228715,0.00034779,-0.00373988,0.0,2026-W02
adj_close.csv,ARIMA,IEF,0.00343566,0.00613674,0.00384959,0.00343566,0.00613674,0.00384959,"ARIMA(2, 0, 0)",-0.00384959,-0.00041393,0.00228715,0.0,2026-W03
adj_close.csv,ARIMA,IEF,0.00016521,0.00405802,0.00020843,0.00016521,0.00405802,0.00020843,"ARIMA(2, 0, 0)",0.00020843,0.00037364,-0.00384959,0.0,2026-W04
adj_close.csv,ARIMA,IEF,0.00022008,0.0003126,0.00010417,0.00022008,0.0003126,0.00010417,"ARIMA(2, 0, 0)",-0.00010417,-0.00032425,0.00020843,0.0,2026-W05
adj_close.csv,ARIMA,IEF,0.00524728,0.00512105,0.00522522,0.00524728,0.00512105,0.00522522,"ARIMA(2, 0, 0)",-0.00522522,2.206e-05,-0.00010417,0.0,2026-W06
adj_close.csv,ARIMA,IEFA,0.00105155,0.02189482,0.00135274,0.00105155,0.02189482,0.00135274,"ARIMA(1, 0, 0)",-0.00135274,-0.00030119,-0.02324756,0.0,2024-W30
adj_close.csv,ARIMA,IEFA,0.03049141,0.02915655,0.03050929,0.03049141,0.02915655,0.03050929,"ARIMA(1, 0, 0)",-0.03050929,-1.788e-05,-0.00135274,0.0,2024-W31
adj_close.csv,ARIMA,IEFA,0.00515001,0.03524261,0.00473332,0.00515001,0.03524261,0.00473332,"ARIMA(1, 0, 0)",0.00473332,-0.00041669,-0.03050929,0.0,2024-W32
adj_close.csv,ARIMA,IEFA,0.03702497,0.03234843,0.03708174,0.03702497,0.03234843,0.03708174,"ARIMA(1, 0, 0)",0.03708174,5.678e-05,0.00473332,0.0,2024-W33
adj_close.csv,ARIMA,IEFA,0.03032302,0.00624518,0.03083657,0.03032302,0.00624518,0.03083657,"ARIMA(1, 0, 0)",0.03083657,0.00051355,0.03708174,0.0,2024-W34
adj_close.csv,ARIMA,IEFA,0.00089692,0.029151,0.00168557,0.00089692,0.029151,0.00168557,"ARIMA(1, 0, 0)",0.00168557,0.00078864,0.03083657,0.0,2024-W35
adj_close.csv,ARIMA,IEFA,0.0384718,0.04011378,0.03842821,0.0384718,0.04011378,0.03842821,"ARIMA(1, 0, 0)",-0.03842821,4.359e-05,0.00168557,0.0,2024-W36
adj_close.csv,ARIMA,IEFA,0.02399132,0.06145148,0.02302327,0.02399132,0.06145148,0.02302327,"ARIMA(1, 0, 0)",0.02302327,-0.00096805,-0.03842821,0.0,2024-W37
adj_close.csv,ARIMA,IEFA,0.00867267,0.0139865,0.00903677,0.00867267,0.0139865,0.00903677,"ARIMA(1, 0, 0)",0.00903677,0.0003641,0.02302327,0.0,2024-W38
adj_close.csv,ARIMA,IEFA,0.0198458,0.0109702,0.02000697,0.0198458,0.0109702,0.02000697,"ARIMA(1, 0, 0)",0.02000697,0.00016116,0.00903677,0.0,2024-W39
adj_close.csv,ARIMA,IEFA,0.01597696,0.03559085,0.01558389,0.01597696,0.03559085,0.01558389,"ARIMA(1, 0, 0)",-0.01558389,0.00039308,0.02000697,0.0,2024-W40
adj_close.csv,ARIMA,IEFA,0.003776,0.01155185,0.00403203,0.003776,0.01155185,0.00403203,"ARIMA(1, 0, 0)",-0.00403203,-0.00025603,-0.01558389,0.0,2024-W41
adj_close.csv,ARIMA,IEFA,0.00463417,0.00067076,0.0047028,0.00463417,0.00067076,0.0047028,"ARIMA(1, 0, 0)",-0.0047028,-6.863e-05,-0.00403203,0.0,2024-W42
adj_close.csv,ARIMA,IEFA,0.02605309,0.02143122,0.02613402,0.02605309,0.02143122,0.02613402,"ARIMA(1, 0, 0)",-0.02613402,-8.092e-05,-0.0047028,0.0,2024-W43
adj_close.csv,ARIMA,IEFA,0.00544971,0.02020246,0.00593156,0.00544971,0.02020246,0.00593156,"ARIMA(1, 0, 0)",-0.00593156,-0.00048185,-0.02613402,0.0,2024-W44
adj_close.csv,ARIMA,IEFA,0.00191245,0.00390132,0.00203024,0.00191245,0.00390132,0.00203024,"ARIMA(1, 0, 0)",-0.00203024,-0.00011779,-0.00593156,0.0,2024-W45
adj_close.csv,ARIMA,IEFA,0.02659477,0.02460508,0.02663532,0.02659477,0.02460508,0.02663532,"ARIMA(1, 0, 0)",-0.02663532,-4.055e-05,-0.00203024,0.0,2024-W46
adj_close.csv,ARIMA,IEFA,0.00637331,0.03246237,0.00582705,0.00637331,0.03246237,0.00582705,"ARIMA(1, 0, 0)",0.00582705,-0.00054626,-0.02663532,0.0,2024-W47
adj_close.csv,ARIMA,IEFA,0.0185286,0.01281126,0.01863831,0.0185286,0.01281126,0.01863831,"ARIMA(1, 0, 0)",0.01863831,0.00010972,0.00582705,0.0,2024-W48
adj_close.csv,ARIMA,IEFA,0.01257943,0.00568804,0.01295027,0.01257943,0.00568804,0.01295027,"ARIMA(1, 0, 0)",0.01295027,0.00037085,0.01863831,0.0,2024-W49
adj_close.csv,ARIMA,IEFA,0.01582117,0.02848384,0.01553356,0.01582117,0.02848384,0.01553356,"ARIMA(1, 0, 0)",-0.01553356,0.00028761,0.01295027,0.0,2024-W50
adj_close.csv,ARIMA,IEFA,0.03423321,0.0190133,0.03454687,0.03423321,0.0190133,0.03454687,"ARIMA(1, 0, 0)",-0.03454687,-0.00031365,-0.01553356,0.0,2024-W51
adj_close.csv,ARIMA,IEFA,0.01395917,0.04762808,0.01308121,0.01395917,0.04762808,0.01308121,"ARIMA(1, 0, 0)",0.01308121,-0.00087795,-0.03454687,0.0,2024-W52
adj_close.csv,ARIMA,IEFA,0.00465995,0.01746996,0.00438874,0.00465995,0.01746996,0.00438874,"ARIMA(1, 0, 0)",-0.00438874,0.00027121,0.01308121,0.0,2025-W01
adj_close.csv,ARIMA,IEFA,0.01032309,0.00602275,0.01041149,0.01032309,0.00602275,0.01041149,"ARIMA(1, 0, 0)",-0.01041149,-8.84e-05,-0.00438874,0.0,2025-W02
adj_close.csv,ARIMA,IEFA,0.02303432,0.03323153,0.02282004,0.02303432,0.03323153,0.02282004,"ARIMA(1, 0, 0)",0.02282004,-0.00021428,-0.01041149,0.0,2025-W03
adj_close.csv,ARIMA,IEFA,0.02967532,0.00727198,0.03009202,0.02967532,0.00727198,0.03009202,"ARIMA(1, 0, 0)",0.03009202,0.0004167,0.02282004,0.0,2025-W04
adj_close.csv,ARIMA,IEFA,0.00020202,0.02954834,0.00054369,0.00020202,0.02954834,0.00054369,"ARIMA(1, 0, 0)",0.00054369,0.00074571,0.03009202,0.0,2025-W05
adj_close.csv,ARIMA,IEFA,0.0054082,0.00487796,0.00542164,0.0054082,0.00487796,0.00542164,"ARIMA(1, 0, 0)",0.00542164,1.344e-05,0.00054369,0.0,2025-W06
adj_close.csv,ARIMA,IEFA,0.02680431,0.02151686,0.02693851,0.02680431,0.02151686,0.02693851,"ARIMA(1, 0, 0)",0.02693851,0.00013419,0.00542164,0.0,2025-W07
adj_close.csv,ARIMA,IEFA,0.00571659,0.03195098,0.00501248,0.00571659,0.03195098,0.00501248,"ARIMA(1, 0, 0)",-0.00501248,0.00070411,0.02693851,0.0,2025-W08
adj_close.csv,ARIMA,IEFA,0.00305534,0.00183344,0.00317904,0.00305534,0.00183344,0.00317904,"ARIMA(1, 0, 0)",-0.00317904,-0.0001237,-0.00501248,0.0,2025-W09
adj_close.csv,ARIMA,IEFA,0.03629507,0.0393952,0.03621616,0.03629507,0.0393952,0.03621616,"ARIMA(1, 0, 0)",0.03621616,-7.891e-05,-0.00317904,0.0,2025-W10
adj_close.csv,ARIMA,IEFA,0.00792114,0.04327788,0.00706172,0.00792114,0.04327788,0.00706172,"ARIMA(1, 0, 0)",-0.00706172,0.00085942,0.03621616,0.0,2025-W11
adj_close.csv,ARIMA,IEFA,0.00049594,0.00641717,0.00064456,0.00049594,0.00641717,0.00064456,"ARIMA(1, 0, 0)",-0.00064456,-0.00014862,-0.00706172,0.0,2025-W12
adj_close.csv,ARIMA,IEFA,0.01505553,0.01442456,0.01506911,0.01505553,0.01442456,0.01506911,"ARIMA(1, 0, 0)",-0.01506911,-1.359e-05,-0.00064456,0.0,2025-W13
adj_close.csv,ARIMA,IEFA,0.0934739,0.07872379,0.09379291,0.0934739,0.07872379,0.09379291,"ARIMA(1, 0, 0)",-0.09379291,-0.000319,-0.01506911,0.0,2025-W14
adj_close.csv,ARIMA,IEFA,0.05654406,0.14711832,0.05332541,0.05654406,0.14711832,0.05332541,"ARIMA(1, 0, 0)",0.05332541,-0.00321864,-0.09379291,0.0,2025-W15
adj_close.csv,ARIMA,IEFA,0.02737094,0.0265639,0.02676151,0.02737094,0.0265639,0.02676151,"ARIMA(1, 0, 0)",0.02676151,-0.00060943,0.05332541,0.0,2025-W16
adj_close.csv,ARIMA,IEFA,0.03543436,0.00869585,0.03545737,0.03543436,0.00869585,0.03545737,"ARIMA(1, 0, 0)",0.03545737,2.301e-05,0.02676151,0.0,2025-W17
adj_close.csv,ARIMA,IEFA,0.02260476,0.01254074,0.02291662,0.02260476,0.01254074,0.02291662,"ARIMA(1, 0, 0)",0.02291662,0.00031186,0.03545737,0.0,2025-W18
adj_close.csv,ARIMA,IEFA,0.00022843,0.02279138,0.00012524,0.00022843,0.02279138,0.00012524,"ARIMA(1, 0, 0)",0.00012524,0.00035367,0.02291662,0.0,2025-W19
adj_close.csv,ARIMA,IEFA,0.01465848,0.01453516,0.01466041,0.01465848,0.01453516,0.01466041,"ARIMA(1, 0, 0)",0.01466041,1.93e-06,0.00012524,0.0,2025-W20
adj_close.csv,ARIMA,IEFA,0.00959259,0.00484197,0.00981844,0.00959259,0.00484197,0.00981844,"ARIMA(1, 0, 0)",0.00981844,0.00022584,0.01466041,0.0,2025-W21
adj_close.csv,ARIMA,IEFA,0.00810796,0.00154786,0.00827058,0.00810796,0.00154786,0.00827058,"ARIMA(1, 0, 0)",0.00827058,0.00016262,0.00981844,0.0,2025-W22
adj_close.csv,ARIMA,IEFA,0.01022037,0.00209219,0.01036277,0.01022037,0.00209219,0.01036277,"ARIMA(1, 0, 0)",0.01036277,0.0001424,0.00827058,0.0,2025-W23
adj_close.csv,ARIMA,IEFA,0.00487174,0.01504889,0.00468612,0.00487174,0.01504889,0.00468612,"ARIMA(1, 0, 0)",-0.00468612,0.00018562,0.01036277,0.0,2025-W24
adj_close.csv,ARIMA,IEFA,0.01452841,0.00992428,0.0146104,0.01452841,0.00992428,0.0146104,"ARIMA(1, 0, 0)",-0.0146104,-8.2e-05,-0.00468612,0.0,2025-W25
adj_close.csv,ARIMA,IEFA,0.03606705,0.05041364,0.03580324,0.03606705,0.05041364,0.03580324,"ARIMA(1, 0, 0)",0.03580324,-0.00026381,-0.0146104,0.0,2025-W26
adj_close.csv,ARIMA,IEFA,0.00262418,0.03268722,0.00311602,0.00262418,0.03268722,0.00311602,"ARIMA(1, 0, 0)",0.00311602,0.00049184,0.03580324,0.0,2025-W27
adj_close.csv,ARIMA,IEFA,0.00604616,0.009117,0.00600098,0.00604616,0.009117,0.00600098,"ARIMA(1, 0, 0)",-0.00600098,4.518e-05,0.00311602,0.0,2025-W28
adj_close.csv,ARIMA,IEFA,0.00607224,0.00015735,0.00615833,0.00607224,0.00015735,0.00615833,"ARIMA(1, 0, 0)",-0.00615833,-8.609e-05,-0.00600098,0.0,2025-W29
adj_close.csv,ARIMA,IEFA,0.02638865,0.03245681,0.02629848,0.02638865,0.03245681,0.02629848,"ARIMA(1, 0, 0)",0.02629848,-9.017e-05,-0.00615833,0.0,2025-W30
adj_close.csv,ARIMA,IEFA,0.03712019,0.06306825,0.03676977,0.03712019,0.06306825,0.03676977,"ARIMA(1, 0, 0)",-0.03676977,0.00035042,0.02629848,0.0,2025-W31
adj_close.csv,ARIMA,IEFA,0.03472619,0.07129535,0.03452558,0.03472619,0.07129535,0.03452558,"ARIMA(1, 0, 0)",0.03452558,-0.0002006,-0.03676977,0.0,2025-W32
adj_close.csv,ARIMA,IEFA,0.0184414,0.01624735,0.01827823,0.0184414,0.01624735,0.01827823,"ARIMA(1, 0, 0)",0.01827823,-0.00016317,0.03452558,0.0,2025-W33
adj_close.csv,ARIMA,IEFA,0.01130835,0.00696434,0.01131389,0.01130835,0.00696434,0.01131389,"ARIMA(1, 0, 0)",0.01131389,5.54e-06,0.01827823,0.0,2025-W34
adj_close.csv,ARIMA,IEFA,0.01856019,0.02985223,0.01853834,0.01856019,0.02985223,0.01853834,"ARIMA(1, 0, 0)",-0.01853834,2.185e-05,0.01131389,0.0,2025-W35
adj_close.csv,ARIMA,IEFA,0.0039734,0.02250657,0.00396823,0.0039734,0.02250657,0.00396823,"ARIMA(1, 0, 0)",0.00396823,-5.17e-06,-0.01853834,0.0,2025-W36
adj_close.csv,ARIMA,IEFA,0.01284783,0.00887841,0.01284664,0.01284783,0.00887841,0.01284664,"ARIMA(1, 0, 0)",0.01284664,-1.19e-06,0.00396823,0.0,2025-W37
adj_close.csv,ARIMA,IEFA,0.00103676,0.01388211,0.00103547,0.00103676,0.01388211,0.00103547,"ARIMA(1, 0, 0)",-0.00103547,1.3e-06,0.01284664,0.0,2025-W38
adj_close.csv,ARIMA,IEFA,0.00392155,0.00288608,0.00392155,0.00392155,0.00288608,0.00392155,"ARIMA(1, 0, 0)",-0.00392155,0.0,-0.00103547,0.0,2025-W39
adj_close.csv,ARIMA,IEFA,0.02634588,0.03026732,0.02634577,0.02634588,0.03026732,0.02634577,"ARIMA(1, 0, 0)",0.02634577,-1.1e-07,-0.00392155,0.0,2025-W40
adj_close.csv,ARIMA,IEFA,0.03142315,0.05778951,0.03144373,0.03142315,0.05778951,0.03144373,"ARIMA(1, 0, 0)",-0.03144373,-2.059e-05,0.02634577,0.0,2025-W41
adj_close.csv,ARIMA,IEFA,0.02296532,0.05463652,0.02319278,0.02296532,0.05463652,0.02319278,"ARIMA(1, 0, 0)",0.02319278,0.00022747,-0.03144373,0.0,2025-W42
adj_close.csv,ARIMA,IEFA,0.00697115,0.01651895,0.00667383,0.00697115,0.01651895,0.00667383,"ARIMA(1, 0, 0)",0.00667383,-0.00029732,0.02319278,0.0,2025-W43
adj_close.csv,ARIMA,IEFA,0.00682362,0.01357469,0.00690086,0.00682362,0.01357469,0.00690086,"ARIMA(1, 0, 0)",-0.00690086,-7.724e-05,0.00667383,0.0,2025-W44
adj_close.csv,ARIMA,IEFA,0.00315206,0.00383109,0.00306977,0.00315206,0.00383109,0.00306977,"ARIMA(1, 0, 0)",-0.00306977,8.229e-05,-0.00690086,0.0,2025-W45
adj_close.csv,ARIMA,IEFA,0.01049811,0.01360397,0.0105342,0.01049811,0.01360397,0.0105342,"ARIMA(1, 0, 0)",0.0105342,3.609e-05,-0.00306977,0.0,2025-W46
adj_close.csv,ARIMA,IEFA,0.02717236,0.03783303,0.02729883,0.02717236,0.03783303,0.02729883,"ARIMA(1, 0, 0)",-0.02729883,-0.00012647,0.0105342,0.0,2025-W47
adj_close.csv,ARIMA,IEFA,0.02792455,0.0556112,0.02831237,0.02792455,0.0556112,0.02831237,"ARIMA(1, 0, 0)",0.02831237,0.00038782,-0.02729883,0.0,2025-W48
adj_close.csv,ARIMA,IEFA,0.00595566,0.02292396,0.00538841,0.00595566,0.02292396,0.00538841,"ARIMA(1, 0, 0)",0.00538841,-0.00056725,0.02831237,0.0,2025-W49
adj_close.csv,ARIMA,IEFA,0.00657362,0.00108416,0.00647257,0.00657362,0.00108416,0.00647257,"ARIMA(1, 0, 0)",0.00647257,-0.00010105,0.00538841,0.0,2025-W50
adj_close.csv,ARIMA,IEFA,0.00747324,0.00088103,0.00735359,0.00747324,0.00088103,0.00735359,"ARIMA(1, 0, 0)",0.00735359,-0.00011964,0.00647257,0.0,2025-W51
adj_close.csv,ARIMA,IEFA,0.0123265,0.00483968,0.01219327,0.0123265,0.00483968,0.01219327,"ARIMA(1, 0, 0)",0.01219327,-0.00013323,0.00735359,0.0,2025-W52
adj_close.csv,ARIMA,IEFA,0.00476071,0.00764508,0.00454819,0.00476071,0.00764508,0.00454819,"ARIMA(1, 0, 0)",0.00454819,-0.00021252,0.01219327,0.0,2026-W01
adj_close.csv,ARIMA,IEFA,0.01969542,0.01506996,0.01961815,0.01969542,0.01506996,0.01961815,"ARIMA(1, 0, 0)",0.01961815,-7.727e-05,0.00454819,0.0,2026-W02
adj_close.csv,ARIMA,IEFA,0.00691851,0.0130196,0.00659855,0.00691851,0.0130196,0.00659855,"ARIMA(1, 0, 0)",0.00659855,-0.00031997,0.01961815,0.0,2026-W03
adj_close.csv,ARIMA,IEFA,0.00633477,0.00036463,0.00623392,0.00633477,0.00036463,0.00623392,"ARIMA(1, 0, 0)",0.00623392,-0.00010085,0.00659855,0.0,2026-W04
adj_close.csv,ARIMA,IEFA,0.00777828,0.00145105,0.00768497,0.00777828,0.00145105,0.00768497,"ARIMA(1, 0, 0)",0.00768497,-9.331e-05,0.00623392,0.0,2026-W05
adj_close.csv,ARIMA,IEFA,0.00530866,0.00248852,0.00519645,0.00530866,0.00248852,0.00519645,"ARIMA(1, 0, 0)",0.00519645,-0.00011221,0.00768497,0.0,2026-W06
adj_close.csv,ARIMA,IEMG,0.00457053,0.03125358,0.00785946,0.00457053,0.03125358,0.00785946,"ARIMA(1, 0, 3)",-0.00785946,-0.00328893,-0.03911304,0.0,2024-W30
adj_close.csv,ARIMA,IEMG,0.02123732,0.00957507,0.01743453,0.02123732,0.00957507,0.01743453,"ARIMA(1, 0, 3)",-0.01743453,0.00380279,-0.00785946,0.0,2024-W31
adj_close.csv,ARIMA,IEMG,0.00311342,0.02581073,0.0083762,0.00311342,0.02581073,0.0083762,"ARIMA(1, 0, 3)",0.0083762,0.00526278,-0.01743453,0.0,2024-W32
adj_close.csv,ARIMA,IEMG,0.03205701,0.02224034,0.03061653,0.03205701,0.02224034,0.03061653,"ARIMA(1, 0, 3)",0.03061653,-0.00144048,0.0083762,0.0,2024-W33
adj_close.csv,ARIMA,IEMG,0.00872344,0.01891841,0.01169812,0.00872344,0.01891841,0.01169812,"ARIMA(1, 0, 3)",0.01169812,0.00297468,0.03061653,0.0,2024-W34
adj_close.csv,ARIMA,IEMG,0.00296119,0.02211008,0.01041195,0.00296119,0.02211008,0.01041195,"ARIMA(1, 0, 3)",-0.01041195,-0.00745076,0.01169812,0.0,2024-W35
adj_close.csv,ARIMA,IEMG,0.03554706,0.02567004,0.036082,0.03554706,0.02567004,0.036082,"ARIMA(1, 0, 3)",-0.036082,-0.00053493,-0.01041195,0.0,2024-W36
adj_close.csv,ARIMA,IEMG,0.02405697,0.06108562,0.02500363,0.02405697,0.06108562,0.02500363,"ARIMA(1, 0, 3)",0.02500363,0.00094666,-0.036082,0.0,2024-W37
adj_close.csv,ARIMA,IEMG,0.01636748,0.00587842,0.01912521,0.01636748,0.00587842,0.01912521,"ARIMA(1, 0, 3)",0.01912521,0.00275773,0.02500363,0.0,2024-W38
adj_close.csv,ARIMA,IEMG,0.0583735,0.03959041,0.05871562,0.0583735,0.03959041,0.05871562,"ARIMA(1, 0, 3)",0.05871562,0.00034212,0.01912521,0.0,2024-W39
adj_close.csv,ARIMA,IEMG,0.01534593,0.05340517,0.00531045,0.01534593,0.05340517,0.00531045,"ARIMA(1, 0, 3)",0.00531045,-0.01003548,0.05871562,0.0,2024-W40
adj_close.csv,ARIMA,IEMG,0.0104139,0.01751511,0.01220466,0.0104139,0.01751511,0.01220466,"ARIMA(1, 0, 3)",-0.01220466,-0.00179076,0.00531045,0.0,2024-W41
adj_close.csv,ARIMA,IEMG,0.00172324,0.0035195,0.00868516,0.00172324,0.0035195,0.00868516,"ARIMA(1, 0, 3)",-0.00868516,-0.0104084,-0.01220466,0.0,2024-W42
adj_close.csv,ARIMA,IEMG,0.02421653,0.00873714,0.01742229,0.02421653,0.00873714,0.01742229,"ARIMA(1, 0, 3)",-0.01742229,0.00679424,-0.00868516,0.0,2024-W43
adj_close.csv,ARIMA,IEMG,0.007495,0.00725171,0.01017058,0.007495,0.00725171,0.01017058,"ARIMA(1, 0, 3)",-0.01017058,-0.00267558,-0.01742229,0.0,2024-W44
adj_close.csv,ARIMA,IEMG,0.00368192,0.01142524,0.00125466,0.00368192,0.01142524,0.00125466,"ARIMA(1, 0, 3)",0.00125466,0.00493658,-0.01017058,0.0,2024-W45
adj_close.csv,ARIMA,IEMG,0.03952275,0.03940842,0.03815376,0.03952275,0.03940842,0.03815376,"ARIMA(1, 0, 3)",-0.03815376,0.00136899,0.00125466,0.0,2024-W46
adj_close.csv,ARIMA,IEMG,0.00641093,0.04686155,0.00870779,0.00641093,0.04686155,0.00870779,"ARIMA(1, 0, 3)",0.00870779,0.00229687,-0.03815376,0.0,2024-W47
adj_close.csv,ARIMA,IEMG,0.0006774,0.00686479,0.001843,0.0006774,0.00686479,0.001843,"ARIMA(1, 0, 3)",0.001843,0.0025204,0.00870779,0.0,2024-W48
adj_close.csv,ARIMA,IEMG,0.00728633,0.00969023,0.01153322,0.00728633,0.00969023,0.01153322,"ARIMA(1, 0, 3)",0.01153322,0.0042469,0.001843,0.0,2024-W49
adj_close.csv,ARIMA,IEMG,0.0077908,0.0086252,0.00290802,0.0077908,0.0086252,0.00290802,"ARIMA(1, 0, 3)",0.00290802,-0.00488278,0.01153322,0.0,2024-W50
adj_close.csv,ARIMA,IEMG,0.02676015,0.02639839,0.02349037,0.02676015,0.02639839,0.02349037,"ARIMA(1, 0, 3)",-0.02349037,0.00326978,0.00290802,0.0,2024-W51
adj_close.csv,ARIMA,IEMG,0.00473655,0.02462866,0.00113829,0.00473655,0.02462866,0.00113829,"ARIMA(1, 0, 3)",0.00113829,-0.00359826,-0.02349037,0.0,2024-W52
adj_close.csv,ARIMA,IEMG,0.006959,0.0037964,0.00265811,0.006959,0.0037964,0.00265811,"ARIMA(1, 0, 3)",-0.00265811,0.0043009,0.00113829,0.0,2025-W01
adj_close.csv,ARIMA,IEMG,0.02804502,0.02451378,0.02717189,0.02804502,0.02451378,0.02717189,"ARIMA(1, 0, 3)",-0.02717189,0.00087313,-0.00265811,0.0,2025-W02
adj_close.csv,ARIMA,IEMG,0.02260958,0.05015254,0.02298065,0.02260958,0.05015254,0.02298065,"ARIMA(1, 0, 3)",0.02298065,0.00037107,-0.02717189,0.0,2025-W03
adj_close.csv,ARIMA,IEMG,0.01554009,0.0046316,0.01834905,0.01554009,0.0046316,0.01834905,"ARIMA(1, 0, 3)",0.01834905,0.00280897,0.02298065,0.0,2025-W04
adj_close.csv,ARIMA,IEMG,0.00590808,0.02511974,0.00677069,0.00590808,0.02511974,0.00677069,"ARIMA(1, 0, 3)",-0.00677069,-0.00086261,0.01834905,0.0,2025-W05
adj_close.csv,ARIMA,IEMG,0.01702713,0.01896251,0.01219182,0.01702713,0.01896251,0.01219182,"ARIMA(1, 0, 3)",0.01219182,-0.00483531,-0.00677069,0.0,2025-W06
adj_close.csv,ARIMA,IEMG,0.02267042,0.01175476,0.02394658,0.02267042,0.01175476,0.02394658,"ARIMA(1, 0, 3)",0.02394658,0.00127616,0.01219182,0.0,2025-W07
adj_close.csv,ARIMA,IEMG,0.0134117,0.01344492,0.01050166,0.0134117,0.01344492,0.01050166,"ARIMA(1, 0, 3)",0.01050166,-0.00291004,0.02394658,0.0,2025-W08
adj_close.csv,ARIMA,IEMG,0.03462069,0.0486854,0.03818373,0.03462069,0.0486854,0.03818373,"ARIMA(1, 0, 3)",-0.03818373,-0.00356304,0.01050166,0.0,2025-W09
adj_close.csv,ARIMA,IEMG,0.02915687,0.06495535,0.02677162,0.02915687,0.06495535,0.02677162,"ARIMA(1, 0, 3)",0.02677162,-0.00238525,-0.03818373,0.0,2025-W10
adj_close.csv,ARIMA,IEMG,0.00144086,0.02422434,0.00254728,0.00144086,0.02422434,0.00254728,"ARIMA(1, 0, 3)",0.00254728,0.00110643,0.02677162,0.0,2025-W11
adj_close.csv,ARIMA,IEMG,0.00172551,0.00163907,0.00090821,0.00172551,0.00163907,0.00090821,"ARIMA(1, 0, 3)",0.00090821,0.00263371,0.00254728,0.0,2025-W12
adj_close.csv,ARIMA,IEMG,0.01151899,0.01904554,0.01813733,0.01151899,0.01904554,0.01813733,"ARIMA(1, 0, 3)",-0.01813733,-0.00661834,0.00090821,0.0,2025-W13
adj_close.csv,ARIMA,IEMG,0.07952722,0.05530246,0.07343979,0.07952722,0.05530246,0.07343979,"ARIMA(1, 0, 3)",-0.07343979,0.00608744,-0.01813733,0.0,2025-W14
adj_close.csv,ARIMA,IEMG,0.02288748,0.10091398,0.02747419,0.02288748,0.10091398,0.02747419,"ARIMA(1, 0, 3)",0.02747419,0.00458671,-0.07343979,0.0,2025-W15
adj_close.csv,ARIMA,IEMG,0.00115141,0.0214913,0.00598289,0.00115141,0.0214913,0.00598289,"ARIMA(1, 0, 3)",0.00598289,0.00483148,0.02747419,0.0,2025-W16
adj_close.csv,ARIMA,IEMG,0.02471163,0.02788014,0.03386303,0.02471163,0.02788014,0.03386303,"ARIMA(1, 0, 3)",0.03386303,0.00915141,0.00598289,0.0,2025-W17
adj_close.csv,ARIMA,IEMG,0.03832992,0.00176694,0.03562998,0.03832992,0.00176694,0.03562998,"ARIMA(1, 0, 3)",0.03562998,-0.00269995,0.03386303,0.0,2025-W18
adj_close.csv,ARIMA,IEMG,0.00041393,0.03886619,0.00323621,0.00041393,0.03886619,0.00323621,"ARIMA(1, 0, 3)",-0.00323621,-0.00365015,0.03562998,0.0,2025-W19
adj_close.csv,ARIMA,IEMG,0.03709572,0.03478793,0.03155172,0.03709572,0.03478793,0.03155172,"ARIMA(1, 0, 3)",0.03155172,-0.00554401,-0.00323621,0.0,2025-W20
adj_close.csv,ARIMA,IEMG,0.01103834,0.02911187,0.00243985,0.01103834,0.02911187,0.00243985,"ARIMA(1, 0, 3)",0.00243985,-0.00859849,0.03155172,0.0,2025-W21
adj_close.csv,ARIMA,IEMG,0.00894076,0.01575709,0.01331724,0.00894076,0.01575709,0.01331724,"ARIMA(1, 0, 3)",-0.01331724,-0.00437648,0.00243985,0.0,2025-W22
adj_close.csv,ARIMA,IEMG,0.03714558,0.04457528,0.03125804,0.03714558,0.04457528,0.03125804,"ARIMA(1, 0, 3)",0.03125804,-0.00588753,-0.01331724,0.0,2025-W23
adj_close.csv,ARIMA,IEMG,0.00890186,0.02750375,0.0037543,0.00890186,0.02750375,0.0037543,"ARIMA(1, 0, 3)",0.0037543,-0.00514756,0.03125804,0.0,2025-W24
adj_close.csv,ARIMA,IEMG,0.00552027,0.01119574,0.00744144,0.00552027,0.01119574,0.00744144,"ARIMA(1, 0, 3)",-0.00744144,-0.00192117,0.0037543,0.0,2025-W25
adj_close.csv,ARIMA,IEMG,0.04188447,0.04460903,0.03716759,0.04188447,0.04460903,0.03716759,"ARIMA(1, 0, 3)",0.03716759,-0.00471688,-0.00744144,0.0,2025-W26
adj_close.csv,ARIMA,IEMG,0.01955493,0.0227119,0.01445569,0.01955493,0.0227119,0.01445569,"ARIMA(1, 0, 3)",0.01445569,-0.00509924,0.03716759,0.0,2025-W27
adj_close.csv,ARIMA,IEMG,0.00698175,0.02373646,0.00928077,0.00698175,0.02373646,0.00928077,"ARIMA(1, 0, 3)",-0.00928077,-0.00229903,0.01445569,0.0,2025-W28
adj_close.csv,ARIMA,IEMG,0.02149473,0.0256299,0.01634913,0.02149473,0.0256299,0.01634913,"ARIMA(1, 0, 3)",0.01634913,-0.00514561,-0.00928077,0.0,2025-W29
adj_close.csv,ARIMA,IEMG,0.01184768,0.00900515,0.00734398,0.01184768,0.00900515,0.00734398,"ARIMA(1, 0, 3)",0.00734398,-0.0045037,0.01634913,0.0,2025-W30
adj_close.csv,ARIMA,IEMG,0.02451007,0.03370464,0.02636066,0.02451007,0.03370464,0.02636066,"ARIMA(1, 0, 3)",-0.02636066,-0.00185059,0.00734398,0.0,2025-W31
adj_close.csv,ARIMA,IEMG,0.02653092,0.05125685,0.02489619,0.02653092,0.05125685,0.02489619,"ARIMA(1, 0, 3)",0.02489619,-0.00163474,-0.02636066,0.0,2025-W32
adj_close.csv,ARIMA,IEMG,0.01409491,0.01340093,0.01149525,0.01409491,0.01340093,0.01149525,"ARIMA(1, 0, 3)",0.01149525,-0.00259966,0.02489619,0.0,2025-W33
adj_close.csv,ARIMA,IEMG,0.01296697,0.00130082,0.01279608,0.01296697,0.00130082,0.01279608,"ARIMA(1, 0, 3)",0.01279608,-0.00017089,0.01149525,0.0,2025-W34
adj_close.csv,ARIMA,IEMG,0.00992716,0.02607514,0.01327906,0.00992716,0.02607514,0.01327906,"ARIMA(1, 0, 3)",-0.01327906,-0.00335191,0.01279608,0.0,2025-W35
adj_close.csv,ARIMA,IEMG,0.01310769,0.02433064,0.01105157,0.01310769,0.02433064,0.01105157,"ARIMA(1, 0, 3)",0.01105157,-0.00205612,-0.01327906,0.0,2025-W36
adj_close.csv,ARIMA,IEMG,0.0337927,0.02046318,0.03151476,0.0337927,0.02046318,0.03151476,"ARIMA(1, 0, 3)",0.03151476,-0.00227795,0.01105157,0.0,2025-W37
adj_close.csv,ARIMA,IEMG,0.01559046,0.01787158,0.01364318,0.01559046,0.01787158,0.01364318,"ARIMA(1, 0, 3)",0.01364318,-0.00194728,0.03151476,0.0,2025-W38
adj_close.csv,ARIMA,IEMG,0.00412106,0.02113158,0.0074884,0.00412106,0.02113158,0.0074884,"ARIMA(1, 0, 3)",-0.0074884,-0.00336733,0.01364318,0.0,2025-W39
adj_close.csv,ARIMA,IEMG,0.0304458,0.03382962,0.02634123,0.0304458,0.03382962,0.02634123,"ARIMA(1, 0, 3)",0.02634123,-0.00410458,-0.0074884,0.0,2025-W40
adj_close.csv,ARIMA,IEMG,0.03926106,0.06767386,0.04133263,0.03926106,0.06767386,0.04133263,"ARIMA(1, 0, 3)",-0.04133263,-0.00207158,0.02634123,0.0,2025-W41
adj_close.csv,ARIMA,IEMG,0.04048304,0.08251577,0.04118314,0.04048304,0.08251577,0.04118314,"ARIMA(1, 0, 3)",0.04118314,0.0007001,-0.04133263,0.0,2025-W42
adj_close.csv,ARIMA,IEMG,0.02143555,0.02458519,0.01659794,0.02143555,0.02458519,0.01659794,"ARIMA(1, 0, 3)",0.01659794,-0.0048376,0.04118314,0.0,2025-W43
adj_close.csv,ARIMA,IEMG,0.00335395,0.01322327,0.00337467,0.00335395,0.01322327,0.00337467,"ARIMA(1, 0, 3)",0.00337467,2.073e-05,0.01659794,0.0,2025-W44
adj_close.csv,ARIMA,IEMG,0.01031169,0.0178335,0.01445882,0.01031169,0.0178335,0.01445882,"ARIMA(1, 0, 3)",-0.01445882,-0.00414713,0.00337467,0.0,2025-W45
adj_close.csv,ARIMA,IEMG,0.01073863,0.02304142,0.00858259,0.01073863,0.02304142,0.00858259,"ARIMA(1, 0, 3)",0.00858259,-0.00215604,-0.01445882,0.0,2025-W46
adj_close.csv,ARIMA,IEMG,0.03402037,0.04290595,0.03432336,0.03402037,0.04290595,0.03432336,"ARIMA(1, 0, 3)",-0.03432336,-0.00030299,0.00858259,0.0,2025-W47
adj_close.csv,ARIMA,IEMG,0.02009836,0.05723659,0.02291323,0.02009836,0.05723659,0.02291323,"ARIMA(1, 0, 3)",0.02291323,0.00281487,-0.03432336,0.0,2025-W48
adj_close.csv,ARIMA,IEMG,0.0087545,0.0180073,0.00490594,0.0087545,0.0180073,0.00490594,"ARIMA(1, 0, 3)",0.00490594,-0.00384856,0.02291323,0.0,2025-W49
adj_close.csv,ARIMA,IEMG,0.01281496,0.01294653,0.00804059,0.01281496,0.01294653,0.00804059,"ARIMA(1, 0, 3)",-0.00804059,0.00477437,0.00490594,0.0,2025-W50
adj_close.csv,ARIMA,IEMG,0.011596,0.01322732,0.00518673,0.011596,0.01322732,0.00518673,"ARIMA(1, 0, 3)",0.00518673,-0.00640927,-0.00804059,0.0,2025-W51
adj_close.csv,ARIMA,IEMG,0.01443097,0.0142925,0.01947924,0.01443097,0.0142925,0.01947924,"ARIMA(1, 0, 3)",0.01947924,0.00504827,0.00518673,0.0,2025-W52
adj_close.csv,ARIMA,IEMG,0.0287416,0.00413064,0.02360987,0.0287416,0.00413064,0.02360987,"ARIMA(1, 0, 3)",0.02360987,-0.00513173,0.01947924,0.0,2026-W01
adj_close.csv,ARIMA,IEMG,0.01552024,0.00864986,0.01496002,0.01552024,0.00864986,0.01496002,"ARIMA(1, 0, 3)",0.01496002,-0.00056023,0.02360987,0.0,2026-W02
adj_close.csv,ARIMA,IEMG,0.01786708,0.00247408,0.01248593,0.01786708,0.00247408,0.01248593,"ARIMA(1, 0, 3)",0.01248593,-0.00538114,0.01496002,0.0,2026-W03
adj_close.csv,ARIMA,IEMG,0.02211112,0.00816793,0.02065387,0.02211112,0.00816793,0.02065387,"ARIMA(1, 0, 3)",0.02065387,-0.00145726,0.01248593,0.0,2026-W04
adj_close.csv,ARIMA,IEMG,0.00563915,0.01844641,0.00220745,0.00563915,0.01844641,0.00220745,"ARIMA(1, 0, 3)",0.00220745,-0.0034317,0.02065387,0.0,2026-W05
adj_close.csv,ARIMA,IEMG,0.00506764,0.00150676,0.00371421,0.00506764,0.00150676,0.00371421,"ARIMA(1, 0, 3)",0.00371421,-0.00135342,0.00220745,0.0,2026-W06
adj_close.csv,ARIMA,IJR,0.03611852,0.01331554,0.03482748,0.03611852,0.01331554,0.03482748,"ARIMA(1, 0, 0)",0.03482748,-0.00129105,0.02151193,0.0,2024-W30
adj_close.csv,ARIMA,IJR,0.05613751,0.09287558,0.0580481,0.05613751,0.09287558,0.0580481,"ARIMA(1, 0, 0)",-0.0580481,-0.00191059,0.03482748,0.0,2024-W31
adj_close.csv,ARIMA,IJR,0.01315491,0.04882484,0.00922326,0.01315491,0.04882484,0.00922326,"ARIMA(1, 0, 0)",-0.00922326,0.00393165,-0.0580481,0.0,2024-W32
adj_close.csv,ARIMA,IJR,0.02551257,0.03531517,0.02609191,0.02551257,0.03531517,0.02609191,"ARIMA(1, 0, 0)",0.02609191,0.00057934,-0.00922326,0.0,2024-W33
adj_close.csv,ARIMA,IJR,0.03184103,0.0040707,0.03016261,0.03184103,0.0040707,0.03016261,"ARIMA(1, 0, 0)",0.03016261,-0.00167842,0.02609191,0.0,2024-W34
adj_close.csv,ARIMA,IJR,0.00220897,0.02973331,0.0004293,0.00220897,0.02973331,0.0004293,"ARIMA(1, 0, 0)",0.0004293,-0.00177967,0.03016261,0.0,2024-W35
adj_close.csv,ARIMA,IJR,0.05303157,0.05348601,0.05305672,0.05303157,0.05348601,0.05305672,"ARIMA(1, 0, 0)",-0.05305672,-2.515e-05,0.0004293,0.0,2024-W36
adj_close.csv,ARIMA,IJR,0.03131382,0.08748619,0.03442947,0.03131382,0.08748619,0.03442947,"ARIMA(1, 0, 0)",0.03442947,0.00311565,-0.05305672,0.0,2024-W37
adj_close.csv,ARIMA,IJR,0.02486226,0.01194709,0.02248238,0.02486226,0.01194709,0.02248238,"ARIMA(1, 0, 0)",0.02248238,-0.00237987,0.03442947,0.0,2024-W38
adj_close.csv,ARIMA,IJR,0.00250674,0.02141011,0.00107227,0.00250674,0.02141011,0.00107227,"ARIMA(1, 0, 0)",0.00107227,-0.00143447,0.02248238,0.0,2024-W39
adj_close.csv,ARIMA,IJR,0.00664627,0.00778658,0.00671431,0.00664627,0.00778658,0.00671431,"ARIMA(1, 0, 0)",-0.00671431,-6.804e-05,0.00107227,0.0,2024-W40
adj_close.csv,ARIMA,IJR,0.00319471,0.01033537,0.00362106,0.00319471,0.01033537,0.00362106,"ARIMA(1, 0, 0)",0.00362106,0.00042635,-0.00671431,0.0,2024-W41
adj_close.csv,ARIMA,IJR,0.01687264,0.01302115,0.01664222,0.01687264,0.01302115,0.01664222,"ARIMA(1, 0, 0)",0.01664222,-0.00023042,0.00362106,0.0,2024-W42
adj_close.csv,ARIMA,IJR,0.03058958,0.04828448,0.03164226,0.03058958,0.04828448,0.03164226,"ARIMA(1, 0, 0)",-0.03164226,-0.00105268,0.01664222,0.0,2024-W43
adj_close.csv,ARIMA,IJR,0.00367469,0.03006863,0.00157363,0.00367469,0.03006863,0.00157363,"ARIMA(1, 0, 0)",-0.00157363,0.00210106,-0.03164226,0.0,2024-W44
adj_close.csv,ARIMA,IJR,0.08345309,0.08513008,0.08355645,0.08345309,0.08513008,0.08355645,"ARIMA(1, 0, 0)",0.08355645,0.00010337,-0.00157363,0.0,2024-W45
adj_close.csv,ARIMA,IJR,0.02484105,0.11395342,0.03039697,0.02484105,0.11395342,0.03039697,"ARIMA(1, 0, 0)",-0.03039697,-0.00555592,0.08355645,0.0,2024-W46
adj_close.csv,ARIMA,IJR,0.03442215,0.06721197,0.03681499,0.03442215,0.06721197,0.03681499,"ARIMA(1, 0, 0)",0.03681499,0.00239284,-0.03039697,0.0,2024-W47
adj_close.csv,ARIMA,IJR,0.01488952,0.02504922,0.01176577,0.01488952,0.02504922,0.01176577,"ARIMA(1, 0, 0)",0.01176577,-0.00312375,0.03681499,0.0,2024-W48
adj_close.csv,ARIMA,IJR,0.01505231,0.02777891,0.01601314,0.01505231,0.02777891,0.01601314,"ARIMA(1, 0, 0)",-0.01601314,-0.00096084,0.01176577,0.0,2024-W49
adj_close.csv,ARIMA,IJR,0.01498918,0.00234813,0.01366502,0.01498918,0.00234813,0.01366502,"ARIMA(1, 0, 0)",-0.01366502,0.00132416,-0.01601314,0.0,2024-W50
adj_close.csv,ARIMA,IJR,0.05051404,0.03573805,0.04940307,0.05051404,0.03573805,0.04940307,"ARIMA(1, 0, 0)",-0.04940307,0.00111097,-0.01366502,0.0,2024-W51
adj_close.csv,ARIMA,IJR,0.00407795,0.04914405,0.00025902,0.00407795,0.04914405,0.00025902,"ARIMA(1, 0, 0)",-0.00025902,0.00381894,-0.04940307,0.0,2024-W52
adj_close.csv,ARIMA,IJR,0.00368671,0.00396545,0.00370643,0.00368671,0.00396545,0.00370643,"ARIMA(1, 0, 0)",0.00370643,1.972e-05,-0.00025902,0.0,2025-W01
adj_close.csv,ARIMA,IJR,0.02719319,0.03118189,0.02747546,0.02719319,0.03118189,0.02747546,"ARIMA(1, 0, 0)",-0.02747546,-0.00028227,0.00370643,0.0,2025-W02
adj_close.csv,ARIMA,IJR,0.04039606,0.06997976,0.04250431,0.04039606,0.06997976,0.04250431,"ARIMA(1, 0, 0)",0.04250431,0.00210825,-0.02747546,0.0,2025-W03
adj_close.csv,ARIMA,IJR,0.01264145,0.0333926,0.00911171,0.01264145,0.0333926,0.00911171,"ARIMA(1, 0, 0)",0.00911171,-0.00352974,0.04250431,0.0,2025-W04
adj_close.csv,ARIMA,IJR,0.0045759,0.01441672,0.00530501,0.0045759,0.01441672,0.00530501,"ARIMA(1, 0, 0)",-0.00530501,-0.00072911,0.00911171,0.0,2025-W05
adj_close.csv,ARIMA,IJR,0.01137712,0.00564636,0.01095137,0.01137712,0.00564636,0.01095137,"ARIMA(1, 0, 0)",-0.01095137,0.00042575,-0.00530501,0.0,2025-W06
adj_close.csv,ARIMA,IJR,0.00138757,0.01043898,0.00051239,0.00138757,0.01043898,0.00051239,"ARIMA(1, 0, 0)",-0.00051239,0.00087517,-0.01095137,0.0,2025-W07
adj_close.csv,ARIMA,IJR,0.03594996,0.03539666,0.03590906,0.03594996,0.03539666,0.03590906,"ARIMA(1, 0, 0)",-0.03590906,4.09e-05,-0.00051239,0.0,2025-W08
adj_close.csv,ARIMA,IJR,0.01327444,0.02549749,0.01041157,0.01327444,0.02549749,0.01041157,"ARIMA(1, 0, 0)",-0.01041157,0.00286287,-0.03590906,0.0,2025-W09
adj_close.csv,ARIMA,IJR,0.03705411,0.02584017,0.03625174,0.03705411,0.02584017,0.03625174,"ARIMA(1, 0, 0)",-0.03625174,0.00080237,-0.01041157,0.0,2025-W10
adj_close.csv,ARIMA,IJR,0.02912572,0.00984174,0.02641,0.02912572,0.00984174,0.02641,"ARIMA(1, 0, 0)",-0.02641,0.00271572,-0.03625174,0.0,2025-W11
adj_close.csv,ARIMA,IJR,0.00474194,0.03297597,0.00656597,0.00474194,0.03297597,0.00656597,"ARIMA(1, 0, 0)",0.00656597,0.00182403,-0.02641,0.0,2025-W12
adj_close.csv,ARIMA,IJR,0.01253296,0.01955695,0.01299098,0.01253296,0.01955695,0.01299098,"ARIMA(1, 0, 0)",-0.01299098,-0.00045802,0.00656597,0.0,2025-W13
adj_close.csv,ARIMA,IJR,0.09542464,0.08152156,0.09451254,0.09542464,0.08152156,0.09451254,"ARIMA(1, 0, 0)",-0.09451254,0.0009121,-0.01299098,0.0,2025-W14
adj_close.csv,ARIMA,IJR,0.00221876,0.10272152,0.00820898,0.00221876,0.10272152,0.00820898,"ARIMA(1, 0, 0)",0.00820898,0.00599022,-0.09451254,0.0,2025-W15
adj_close.csv,ARIMA,IJR,0.00981419,0.00107589,0.00928487,0.00981419,0.00107589,0.00928487,"ARIMA(1, 0, 0)",0.00928487,-0.00052933,0.00820898,0.0,2025-W16
adj_close.csv,ARIMA,IJR,0.03669522,0.02681558,0.03610045,0.03669522,0.02681558,0.03610045,"ARIMA(1, 0, 0)",0.03610045,-0.00059477,0.00928487,0.0,2025-W17
adj_close.csv,ARIMA,IJR,0.03369933,0.00464912,0.03145133,0.03369933,0.00464912,0.03145133,"ARIMA(1, 0, 0)",0.03145133,-0.002248,0.03610045,0.0,2025-W18
adj_close.csv,ARIMA,IJR,0.00746941,0.02574101,0.00571032,0.00746941,0.02574101,0.00571032,"ARIMA(1, 0, 0)",0.00571032,-0.00175909,0.03145133,0.0,2025-W19
adj_close.csv,ARIMA,IJR,0.04623994,0.04021719,0.04592751,0.04623994,0.04021719,0.04592751,"ARIMA(1, 0, 0)",0.04592751,-0.00031243,0.00571032,0.0,2025-W20
adj_close.csv,ARIMA,IJR,0.03991327,0.08829072,0.04236321,0.03991327,0.08829072,0.04236321,"ARIMA(1, 0, 0)",-0.04236321,-0.00244994,0.04592751,0.0,2025-W21
adj_close.csv,ARIMA,IJR,0.01052526,0.0555465,0.01318328,0.01052526,0.0555465,0.01318328,"ARIMA(1, 0, 0)",0.01318328,0.00265802,-0.04236321,0.0,2025-W22
adj_close.csv,ARIMA,IJR,0.02244992,0.0084096,0.02159288,0.02244992,0.0084096,0.02159288,"ARIMA(1, 0, 0)",0.02159288,-0.00085704,0.01318328,0.0,2025-W23
adj_close.csv,ARIMA,IJR,0.01143433,0.03439851,0.01280563,0.01143433,0.03439851,0.01280563,"ARIMA(1, 0, 0)",-0.01280563,-0.00137129,0.02159288,0.0,2025-W24
adj_close.csv,ARIMA,IJR,0.00132117,0.01495605,0.00215043,0.00132117,0.01495605,0.00215043,"ARIMA(1, 0, 0)",0.00215043,0.00082926,-0.01280563,0.0,2025-W25
adj_close.csv,ARIMA,IJR,0.03121365,0.02892378,0.03107421,0.03121365,0.02892378,0.03107421,"ARIMA(1, 0, 0)",0.03107421,-0.00013944,0.00215043,0.0,2025-W26
adj_close.csv,ARIMA,IJR,0.03426676,0.00118817,0.03226237,0.03426676,0.00118817,0.03226237,"ARIMA(1, 0, 0)",0.03226237,-0.00200439,0.03107421,0.0,2025-W27
adj_close.csv,ARIMA,IJR,0.00039386,0.03456427,0.00230189,0.00039386,0.03456427,0.00230189,"ARIMA(1, 0, 0)",-0.00230189,-0.00190803,0.03226237,0.0,2025-W28
adj_close.csv,ARIMA,IJR,0.00859239,0.00615421,0.0084561,0.00859239,0.00615421,0.0084561,"ARIMA(1, 0, 0)",-0.0084561,0.00013628,-0.00230189,0.0,2025-W29
adj_close.csv,ARIMA,IJR,0.00875372,0.01770962,0.00925352,0.00875372,0.01770962,0.00925352,"ARIMA(1, 0, 0)",0.00925352,0.0004998,-0.0084561,0.0,2025-W30
adj_close.csv,ARIMA,IJR,0.03965932,0.04946321,0.04020969,0.03965932,0.04946321,0.04020969,"ARIMA(1, 0, 0)",-0.04020969,-0.00055037,0.00925352,0.0,2025-W31
adj_close.csv,ARIMA,IJR,0.01969194,0.06236702,0.02215733,0.01969194,0.06236702,0.02215733,"ARIMA(1, 0, 0)",0.02215733,0.00246539,-0.04020969,0.0,2025-W32
adj_close.csv,ARIMA,IJR,0.0329576,0.00935462,0.03151195,0.0329576,0.00935462,0.03151195,"ARIMA(1, 0, 0)",0.03151195,-0.00144565,0.02215733,0.0,2025-W33
adj_close.csv,ARIMA,IJR,0.03680433,0.00335038,0.03486232,0.03680433,0.00335038,0.03486232,"ARIMA(1, 0, 0)",0.03486232,-0.00194201,0.03151195,0.0,2025-W34
adj_close.csv,ARIMA,IJR,0.00194024,0.03875176,0.00388943,0.00194024,0.03875176,0.00388943,"ARIMA(1, 0, 0)",-0.00388943,-0.0019492,0.03486232,0.0,2025-W35
adj_close.csv,ARIMA,IJR,0.008973,0.01308119,0.00919176,0.008973,0.01308119,0.00919176,"ARIMA(1, 0, 0)",0.00919176,0.00021875,-0.00388943,0.0,2025-W36
adj_close.csv,ARIMA,IJR,0.00512145,0.01483175,0.00563999,0.00512145,0.01483175,0.00563999,"ARIMA(1, 0, 0)",-0.00563999,-0.00051854,0.00919176,0.0,2025-W37
adj_close.csv,ARIMA,IJR,0.01016281,0.01612228,0.01048229,0.01016281,0.01612228,0.01048229,"ARIMA(1, 0, 0)",0.01048229,0.00031947,-0.00563999,0.0,2025-W38
adj_close.csv,ARIMA,IJR,0.00604951,0.0171285,0.00664621,0.00604951,0.0171285,0.00664621,"ARIMA(1, 0, 0)",-0.00664621,-0.0005967,0.01048229,0.0,2025-W39
adj_close.csv,ARIMA,IJR,0.01311801,0.02014462,0.01349841,0.01311801,0.02014462,0.01349841,"ARIMA(1, 0, 0)",0.01349841,0.0003804,-0.00664621,0.0,2025-W40
adj_close.csv,ARIMA,IJR,0.04881581,0.06309256,0.04959415,0.04881581,0.06309256,0.04959415,"ARIMA(1, 0, 0)",-0.04959415,-0.00077834,0.01349841,0.0,2025-W41
adj_close.csv,ARIMA,IJR,0.02562049,0.07823407,0.02863992,0.02562049,0.07823407,0.02863992,"ARIMA(1, 0, 0)",0.02863992,0.00301943,-0.04959415,0.0,2025-W42
adj_close.csv,ARIMA,IJR,0.0316624,0.00110303,0.02974295,0.0316624,0.00110303,0.02974295,"ARIMA(1, 0, 0)",0.02974295,-0.00191946,0.02863992,0.0,2025-W43
adj_close.csv,ARIMA,IJR,0.02609498,0.05770155,0.0279586,0.02609498,0.05770155,0.0279586,"ARIMA(1, 0, 0)",-0.0279586,-0.00186362,0.02974295,0.0,2025-W44
adj_close.csv,ARIMA,IJR,0.0005833,0.02923108,0.00127248,0.0005833,0.02923108,0.00127248,"ARIMA(1, 0, 0)",0.00127248,0.00185578,-0.0279586,0.0,2025-W45
adj_close.csv,ARIMA,IJR,0.00928534,0.01064218,0.00936971,0.00928534,0.01064218,0.00936971,"ARIMA(1, 0, 0)",-0.00936971,-8.436e-05,0.00127248,0.0,2025-W46
adj_close.csv,ARIMA,IJR,0.01154986,0.00155844,0.01092814,0.01154986,0.00155844,0.01092814,"ARIMA(1, 0, 0)",-0.01092814,0.00062172,-0.00936971,0.0,2025-W47
adj_close.csv,ARIMA,IJR,0.04403322,0.05568085,0.04475271,0.04403322,0.05568085,0.04475271,"ARIMA(1, 0, 0)",0.04475271,0.00071949,-0.01092814,0.0,2025-W48
adj_close.csv,ARIMA,IJR,0.0093171,0.03848472,0.00626799,0.0093171,0.03848472,0.00626799,"ARIMA(1, 0, 0)",0.00626799,-0.00304912,0.04475271,0.0,2025-W49
adj_close.csv,ARIMA,IJR,0.02067994,0.01399724,0.02026523,0.02067994,0.01399724,0.02026523,"ARIMA(1, 0, 0)",0.02026523,-0.00041471,0.00626799,0.0,2025-W50
adj_close.csv,ARIMA,IJR,0.00815543,0.02974907,0.00948384,0.00815543,0.02974907,0.00948384,"ARIMA(1, 0, 0)",-0.00948384,-0.00132841,0.02026523,0.0,2025-W51
adj_close.csv,ARIMA,IJR,0.00548069,0.01559359,0.00610975,0.00548069,0.01559359,0.00610975,"ARIMA(1, 0, 0)",0.00610975,0.00062906,-0.00948384,0.0,2025-W52
adj_close.csv,ARIMA,IJR,0.01399018,0.02050668,0.01439693,0.01399018,0.02050668,0.01439693,"ARIMA(1, 0, 0)",-0.01439693,-0.00040676,0.00610975,0.0,2026-W01
adj_close.csv,ARIMA,IJR,0.03980166,0.05516286,0.04076593,0.03980166,0.05516286,0.04076593,"ARIMA(1, 0, 0)",0.04076593,0.00096427,-0.01439693,0.0,2026-W02
adj_close.csv,ARIMA,IJR,0.02009292,0.02351333,0.0172526,0.02009292,0.02351333,0.0172526,"ARIMA(1, 0, 0)",0.0172526,-0.00284031,0.04076593,0.0,2026-W03
adj_close.csv,ARIMA,IJR,0.0029931,0.02138177,0.00412917,0.0029931,0.02138177,0.00412917,"ARIMA(1, 0, 0)",-0.00412917,-0.00113607,0.0172526,0.0,2026-W04
adj_close.csv,ARIMA,IJR,0.00858274,0.00418067,0.00830984,0.00858274,0.00418067,0.00830984,"ARIMA(1, 0, 0)",-0.00830984,0.0002729,-0.00412917,0.0,2026-W05
adj_close.csv,ARIMA,IJR,0.00978986,0.01864753,0.01033769,0.00978986,0.01864753,0.01033769,"ARIMA(1, 0, 0)",0.01033769,0.00054783,-0.00830984,0.0,2026-W06
adj_close.csv,ARIMA,INDA,0.01244305,0.02704535,0.01132755,0.01244305,0.02704535,0.01132755,"ARIMA(2, 0, 0)",0.01132755,-0.0011155,-0.01571781,0.0,2024-W30
adj_close.csv,ARIMA,INDA,0.01223531,0.02123211,0.00990456,0.01223531,0.02123211,0.00990456,"ARIMA(2, 0, 0)",-0.00990456,0.00233075,0.01132755,0.0,2024-W31
adj_close.csv,ARIMA,INDA,0.00675172,0.00151545,0.00838911,0.00675172,0.00151545,0.00838911,"ARIMA(2, 0, 0)",-0.00838911,-0.00163739,-0.00990456,0.0,2024-W32
adj_close.csv,ARIMA,INDA,0.00888243,0.01873154,0.01034243,0.00888243,0.01873154,0.01034243,"ARIMA(2, 0, 0)",0.01034243,0.00146,-0.00838911,0.0,2024-W33
adj_close.csv,ARIMA,INDA,0.01129307,0.0021743,0.01251673,0.01129307,0.0021743,0.01251673,"ARIMA(2, 0, 0)",0.01251673,0.00122366,0.01034243,0.0,2024-W34
adj_close.csv,ARIMA,INDA,0.01269333,0.0013668,0.01114993,0.01269333,0.0013668,0.01114993,"ARIMA(2, 0, 0)",0.01114993,-0.0015434,0.01251673,0.0,2024-W35
adj_close.csv,ARIMA,INDA,0.01935948,0.03233613,0.02118619,0.01935948,0.03233613,0.02118619,"ARIMA(2, 0, 0)",-0.02118619,-0.00182671,0.01114993,0.0,2024-W36
adj_close.csv,ARIMA,INDA,0.02509315,0.04462204,0.02343585,0.02509315,0.04462204,0.02343585,"ARIMA(2, 0, 0)",0.02343585,-0.0016573,-0.02118619,0.0,2024-W37
adj_close.csv,ARIMA,INDA,0.0123219,0.00816834,0.01526751,0.0123219,0.00816834,0.01526751,"ARIMA(2, 0, 0)",0.01526751,0.00294561,0.02343585,0.0,2024-W38
adj_close.csv,ARIMA,INDA,0.01019067,0.00865002,0.0066175,0.01019067,0.00865002,0.0066175,"ARIMA(2, 0, 0)",0.0066175,-0.00357318,0.01526751,0.0,2024-W39
adj_close.csv,ARIMA,INDA,0.03267341,0.04155185,0.03493436,0.03267341,0.04155185,0.03493436,"ARIMA(2, 0, 0)",-0.03493436,-0.00226094,0.0066175,0.0,2024-W40
adj_close.csv,ARIMA,INDA,0.00243105,0.03650933,0.00157498,0.00243105,0.03650933,0.00157498,"ARIMA(2, 0, 0)",0.00157498,-0.00085607,-0.03493436,0.0,2024-W41
adj_close.csv,ARIMA,INDA,0.01640777,0.01265198,0.011077,0.01640777,0.01265198,0.011077,"ARIMA(2, 0, 0)",-0.011077,0.00533077,0.00157498,0.0,2024-W42
adj_close.csv,ARIMA,INDA,0.03308911,0.02217858,0.03325558,0.03308911,0.02217858,0.03325558,"ARIMA(2, 0, 0)",-0.03325558,-0.00016647,-0.011077,0.0,2024-W43
adj_close.csv,ARIMA,INDA,0.00106025,0.03599362,0.00273804,0.00106025,0.03599362,0.00273804,"ARIMA(2, 0, 0)",0.00273804,0.00167779,-0.03325558,0.0,2024-W44
adj_close.csv,ARIMA,INDA,0.01403901,0.01189396,0.00915593,0.01403901,0.01189396,0.00915593,"ARIMA(2, 0, 0)",-0.00915593,0.00488308,0.00273804,0.0,2024-W45
adj_close.csv,ARIMA,INDA,0.02459331,0.01580347,0.0249594,0.02459331,0.01580347,0.0249594,"ARIMA(2, 0, 0)",-0.0249594,-0.00036609,-0.00915593,0.0,2024-W46
adj_close.csv,ARIMA,INDA,0.02126481,0.04752446,0.02256507,0.02126481,0.04752446,0.02256507,"ARIMA(2, 0, 0)",0.02256507,0.00130026,-0.0249594,0.0,2024-W47
adj_close.csv,ARIMA,INDA,0.00661106,0.0124742,0.01009086,0.00661106,0.0124742,0.01009086,"ARIMA(2, 0, 0)",0.01009086,0.0034798,0.02256507,0.0,2024-W48
adj_close.csv,ARIMA,INDA,0.01946368,0.00602542,0.01611628,0.01946368,0.00602542,0.01611628,"ARIMA(2, 0, 0)",0.01611628,-0.0033474,0.01009086,0.0,2024-W49
adj_close.csv,ARIMA,INDA,0.0005176,0.01809412,0.00197783,0.0005176,0.01809412,0.00197783,"ARIMA(2, 0, 0)",-0.00197783,-0.00146023,0.01611628,0.0,2024-W50
adj_close.csv,ARIMA,INDA,0.02979058,0.03009192,0.03206975,0.02979058,0.03009192,0.03206975,"ARIMA(2, 0, 0)",-0.03206975,-0.00227917,-0.00197783,0.0,2024-W51
adj_close.csv,ARIMA,INDA,0.00634274,0.02606148,0.00600827,0.00634274,0.02606148,0.00600827,"ARIMA(2, 0, 0)",-0.00600827,0.00033447,-0.03206975,0.0,2024-W52
adj_close.csv,ARIMA,INDA,0.00036731,0.01108014,0.00507187,0.00036731,0.01108014,0.00507187,"ARIMA(2, 0, 0)",0.00507187,0.00470456,-0.00600827,0.0,2025-W01
adj_close.csv,ARIMA,INDA,0.04220165,0.04638583,0.04131396,0.04220165,0.04638583,0.04131396,"ARIMA(2, 0, 0)",-0.04131396,0.00088769,0.00507187,0.0,2025-W02
adj_close.csv,ARIMA,INDA,8.276e-05,0.04072799,0.00058597,8.276e-05,0.04072799,0.00058597,"ARIMA(2, 0, 0)",-0.00058597,-0.00066873,-0.04131396,0.0,2025-W03
adj_close.csv,ARIMA,INDA,0.01577527,0.0092315,0.00981748,0.01577527,0.0092315,0.00981748,"ARIMA(2, 0, 0)",-0.00981748,0.00595779,-0.00058597,0.0,2025-W04
adj_close.csv,ARIMA,INDA,0.00600329,0.01591568,0.00609821,0.00600329,0.01591568,0.00609821,"ARIMA(2, 0, 0)",0.00609821,9.491e-05,-0.00981748,0.0,2025-W05
adj_close.csv,ARIMA,INDA,0.01099039,0.01575444,0.00965623,0.01099039,0.01575444,0.00965623,"ARIMA(2, 0, 0)",-0.00965623,0.00133416,0.00609821,0.0,2025-W06
adj_close.csv,ARIMA,INDA,0.01738197,0.0085279,0.01818413,0.01738197,0.0085279,0.01818413,"ARIMA(2, 0, 0)",-0.01818413,-0.00080216,-0.00965623,0.0,2025-W07
adj_close.csv,ARIMA,INDA,0.00720861,0.01231899,0.00586514,0.00720861,0.01231899,0.00586514,"ARIMA(2, 0, 0)",-0.00586514,0.00134347,-0.01818413,0.0,2025-W08
adj_close.csv,ARIMA,INDA,0.02712095,0.01877678,0.02464192,0.02712095,0.01877678,0.02464192,"ARIMA(2, 0, 0)",-0.02464192,0.00247903,-0.00586514,0.0,2025-W09
adj_close.csv,ARIMA,INDA,0.0194511,0.04481143,0.02016951,0.0194511,0.04481143,0.02016951,"ARIMA(2, 0, 0)",0.02016951,0.00071841,-0.02464192,0.0,2025-W10
adj_close.csv,ARIMA,INDA,0.0066703,0.0236393,0.00346979,0.0066703,0.0236393,0.00346979,"ARIMA(2, 0, 0)",-0.00346979,0.00320052,0.02016951,0.0,2025-W11
adj_close.csv,ARIMA,INDA,0.0536361,0.05448705,0.05101727,0.0536361,0.05448705,0.05101727,"ARIMA(2, 0, 0)",0.05101727,-0.00261884,-0.00346979,0.0,2025-W12
adj_close.csv,ARIMA,INDA,0.00378072,0.05471561,0.00369835,0.00378072,0.05471561,0.00369835,"ARIMA(2, 0, 0)",-0.00369835,8.237e-05,0.05101727,0.0,2025-W13
adj_close.csv,ARIMA,INDA,0.035572,0.03791212,0.04161047,0.035572,0.03791212,0.04161047,"ARIMA(2, 0, 0)",-0.04161047,-0.00603847,-0.00369835,0.0,2025-W14
adj_close.csv,ARIMA,INDA,0.0306103,0.07302875,0.03141829,0.0306103,0.07302875,0.03141829,"ARIMA(2, 0, 0)",0.03141829,0.00080798,-0.04161047,0.0,2025-W15
adj_close.csv,ARIMA,INDA,0.02397565,0.00229567,0.02912262,0.02397565,0.00229567,0.02912262,"ARIMA(2, 0, 0)",0.02912262,0.00514696,0.03141829,0.0,2025-W16
adj_close.csv,ARIMA,INDA,0.01627316,0.01789616,0.01122646,0.01627316,0.01789616,0.01122646,"ARIMA(2, 0, 0)",0.01122646,-0.0050467,0.02912262,0.0,2025-W17
adj_close.csv,ARIMA,INDA,0.0241327,0.00863185,0.0198583,0.0241327,0.00863185,0.0198583,"ARIMA(2, 0, 0)",0.0198583,-0.0042744,0.01122646,0.0,2025-W18
adj_close.csv,ARIMA,INDA,0.02696148,0.04845857,0.02860026,0.02696148,0.04845857,0.02860026,"ARIMA(2, 0, 0)",-0.02860026,-0.00163878,0.0198583,0.0,2025-W19
adj_close.csv,ARIMA,INDA,0.04488969,0.07101672,0.04241646,0.04488969,0.07101672,0.04241646,"ARIMA(2, 0, 0)",0.04241646,-0.00247323,-0.02860026,0.0,2025-W20
adj_close.csv,ARIMA,INDA,0.00422896,0.04388108,0.00146463,0.00422896,0.04388108,0.00146463,"ARIMA(2, 0, 0)",-0.00146463,0.00276433,0.04241646,0.0,2025-W21
adj_close.csv,ARIMA,INDA,0.00051011,0.00349452,0.00495915,0.00051011,0.00349452,0.00495915,"ARIMA(2, 0, 0)",-0.00495915,-0.00546927,-0.00146463,0.0,2025-W22
adj_close.csv,ARIMA,INDA,0.01067376,0.01594623,0.01098708,0.01067376,0.01594623,0.01098708,"ARIMA(2, 0, 0)",0.01098708,0.00031332,-0.00495915,0.0,2025-W23
adj_close.csv,ARIMA,INDA,0.01633519,0.02695803,0.01597095,0.01633519,0.02695803,0.01597095,"ARIMA(2, 0, 0)",-0.01597095,0.00036424,0.01098708,0.0,2025-W24
adj_close.csv,ARIMA,INDA,0.00160996,0.01337692,0.00259402,0.00160996,0.01337692,0.00259402,"ARIMA(2, 0, 0)",-0.00259402,-0.00098406,-0.01597095,0.0,2025-W25
adj_close.csv,ARIMA,INDA,0.03358512,0.03831209,0.03571807,0.03358512,0.03831209,0.03571807,"ARIMA(2, 0, 0)",0.03571807,0.00213295,-0.00259402,0.0,2025-W26
adj_close.csv,ARIMA,INDA,0.0006085,0.03697198,0.00125391,0.0006085,0.03697198,0.00125391,"ARIMA(2, 0, 0)",-0.00125391,-0.00064541,0.03571807,0.0,2025-W27
adj_close.csv,ARIMA,INDA,0.01168239,0.01519174,0.01644566,0.01168239,0.01519174,0.01644566,"ARIMA(2, 0, 0)",-0.01644566,-0.00476327,-0.00125391,0.0,2025-W28
adj_close.csv,ARIMA,INDA,0.00758209,0.00949735,0.0069483,0.00758209,0.00949735,0.0069483,"ARIMA(2, 0, 0)",-0.0069483,0.00063379,-0.01644566,0.0,2025-W29
adj_close.csv,ARIMA,INDA,0.01538616,0.00597895,0.01292725,0.01538616,0.00597895,0.01292725,"ARIMA(2, 0, 0)",-0.01292725,0.00245892,-0.0069483,0.0,2025-W30
adj_close.csv,ARIMA,INDA,0.02155475,0.00735129,0.02027854,0.02155475,0.00735129,0.02027854,"ARIMA(2, 0, 0)",-0.02027854,0.00127621,-0.01292725,0.0,2025-W31
adj_close.csv,ARIMA,INDA,0.01365021,0.00883236,0.01144618,0.01365021,0.00883236,0.01144618,"ARIMA(2, 0, 0)",-0.01144618,0.00220402,-0.02027854,0.0,2025-W32
adj_close.csv,ARIMA,INDA,0.00833376,0.02270262,0.01125644,0.00833376,0.02270262,0.01125644,"ARIMA(2, 0, 0)",0.01125644,0.00292269,-0.01144618,0.0,2025-W33
adj_close.csv,ARIMA,INDA,0.0150747,0.00511428,0.01637072,0.0150747,0.00511428,0.01637072,"ARIMA(2, 0, 0)",0.01637072,0.00129602,0.01125644,0.0,2025-W34
adj_close.csv,ARIMA,INDA,0.02846452,0.0466876,0.03031688,0.02846452,0.0466876,0.03031688,"ARIMA(2, 0, 0)",-0.03031688,-0.00185236,0.01637072,0.0,2025-W35
adj_close.csv,ARIMA,INDA,0.01111347,0.03988999,0.00957312,0.01111347,0.03988999,0.00957312,"ARIMA(2, 0, 0)",0.00957312,-0.00154036,-0.03031688,0.0,2025-W36
adj_close.csv,ARIMA,INDA,0.00878679,0.00311288,0.012686,0.00878679,0.00311288,0.012686,"ARIMA(2, 0, 0)",0.012686,0.0038992,0.00957312,0.0,2025-W37
adj_close.csv,ARIMA,INDA,0.01642858,0.00206816,0.01475416,0.01642858,0.00206816,0.01475416,"ARIMA(2, 0, 0)",0.01475416,-0.00167442,0.012686,0.0,2025-W38
adj_close.csv,ARIMA,INDA,0.02971623,0.04658656,0.0318324,0.02971623,0.04658656,0.0318324,"ARIMA(2, 0, 0)",-0.0318324,-0.00211617,0.01475416,0.0,2025-W39
adj_close.csv,ARIMA,INDA,0.0049973,0.03565286,0.00382046,0.0049973,0.03565286,0.00382046,"ARIMA(2, 0, 0)",0.00382046,-0.00117684,-0.0318324,0.0,2025-W40
adj_close.csv,ARIMA,INDA,0.00170593,0.00226205,0.00608251,0.00170593,0.00226205,0.00608251,"ARIMA(2, 0, 0)",0.00608251,0.00437658,0.00382046,0.0,2025-W41
adj_close.csv,ARIMA,INDA,0.03206439,0.0252575,0.03134001,0.03206439,0.0252575,0.03134001,"ARIMA(2, 0, 0)",0.03134001,-0.00072438,0.00608251,0.0,2025-W42
adj_close.csv,ARIMA,INDA,0.00284321,0.03023873,0.00110128,0.00284321,0.03023873,0.00110128,"ARIMA(2, 0, 0)",0.00110128,-0.00174193,0.03134001,0.0,2025-W43
adj_close.csv,ARIMA,INDA,0.0055295,0.01105706,0.00995578,0.0055295,0.01105706,0.00995578,"ARIMA(2, 0, 0)",-0.00995578,-0.00442628,0.00110128,0.0,2025-W44
adj_close.csv,ARIMA,INDA,0.00420322,0.00587109,0.00408469,0.00420322,0.00587109,0.00408469,"ARIMA(2, 0, 0)",-0.00408469,0.00011852,-0.00995578,0.0,2025-W45
adj_close.csv,ARIMA,INDA,0.01453268,0.02014112,0.01605643,0.01453268,0.02014112,0.01605643,"ARIMA(2, 0, 0)",0.01605643,0.00152375,-0.00408469,0.0,2025-W46
adj_close.csv,ARIMA,INDA,0.00767361,0.02359115,0.00753472,0.00767361,0.02359115,0.00753472,"ARIMA(2, 0, 0)",-0.00753472,0.00013889,0.01605643,0.0,2025-W47
adj_close.csv,ARIMA,INDA,0.01125875,0.01671584,0.00918111,0.01125875,0.01671584,0.00918111,"ARIMA(2, 0, 0)",0.00918111,-0.00207763,-0.00753472,0.0,2025-W48
adj_close.csv,ARIMA,INDA,0.014411,0.02279925,0.01361813,0.014411,0.02279925,0.01361813,"ARIMA(2, 0, 0)",-0.01361813,0.00079287,0.00918111,0.0,2025-W49
adj_close.csv,ARIMA,INDA,0.01462917,0.0018803,0.01549843,0.01462917,0.0018803,0.01549843,"ARIMA(2, 0, 0)",-0.01549843,-0.00086926,-0.01361813,0.0,2025-W50
adj_close.csv,ARIMA,INDA,0.01645041,0.0343265,0.01882807,0.01645041,0.0343265,0.01882807,"ARIMA(2, 0, 0)",0.01882807,0.00237766,-0.01549843,0.0,2025-W51
adj_close.csv,ARIMA,INDA,0.00737651,0.02456939,0.00574131,0.00737651,0.02456939,0.00574131,"ARIMA(2, 0, 0)",-0.00574131,0.0016352,0.01882807,0.0,2025-W52
adj_close.csv,ARIMA,INDA,0.01578259,0.01902566,0.01328435,0.01578259,0.01902566,0.01328435,"ARIMA(2, 0, 0)",0.01328435,-0.00249824,-0.00574131,0.0,2026-W01
adj_close.csv,ARIMA,INDA,0.0259791,0.038903,0.02561865,0.0259791,0.038903,0.02561865,"ARIMA(2, 0, 0)",-0.02561865,0.00036045,0.01328435,0.0,2026-W02
adj_close.csv,ARIMA,INDA,0.00531524,0.01939394,0.00622471,0.00531524,0.01939394,0.00622471,"ARIMA(2, 0, 0)",-0.00622471,-0.00090947,-0.02561865,0.0,2026-W03
adj_close.csv,ARIMA,INDA,0.03472562,0.02471247,0.03093717,0.03472562,0.02471247,0.03093717,"ARIMA(2, 0, 0)",-0.03093717,0.00378844,-0.00622471,0.0,2026-W04
adj_close.csv,ARIMA,INDA,0.00786939,0.04064787,0.0097107,0.00786939,0.04064787,0.0097107,"ARIMA(2, 0, 0)",0.0097107,0.00184131,-0.03093717,0.0,2026-W05
adj_close.csv,ARIMA,INDA,0.02559346,0.01961909,0.02932979,0.02559346,0.01961909,0.02932979,"ARIMA(2, 0, 0)",0.02932979,0.00373634,0.0097107,0.0,2026-W06
adj_close.csv,ARIMA,ITOT,0.00602458,0.01148181,0.00499713,0.00602458,0.01148181,0.00499713,"ARIMA(1, 0, 0)",-0.00499713,0.00102745,-0.01647894,0.0,2024-W30
adj_close.csv,ARIMA,ITOT,0.02575924,0.02045556,0.02545269,0.02575924,0.02045556,0.02545269,"ARIMA(1, 0, 0)",-0.02545269,0.00030654,-0.00499713,0.0,2024-W31
adj_close.csv,ARIMA,ITOT,0.00187083,0.02511005,0.00034264,0.00187083,0.02511005,0.00034264,"ARIMA(1, 0, 0)",-0.00034264,0.00152819,-0.02545269,0.0,2024-W32
adj_close.csv,ARIMA,ITOT,0.03822118,0.03858423,0.03824159,0.03822118,0.03858423,0.03824159,"ARIMA(1, 0, 0)",0.03824159,2.041e-05,-0.00034264,0.0,2024-W33
adj_close.csv,ARIMA,ITOT,0.01831579,0.02220855,0.01603304,0.01831579,0.02220855,0.01603304,"ARIMA(1, 0, 0)",0.01603304,-0.00228275,0.03824159,0.0,2024-W34
adj_close.csv,ARIMA,ITOT,0.00368189,0.01319688,0.00283616,0.00368189,0.01319688,0.00283616,"ARIMA(1, 0, 0)",0.00283616,-0.00084573,0.01603304,0.0,2024-W35
adj_close.csv,ARIMA,ITOT,0.04385512,0.04683923,0.04400307,0.04385512,0.04683923,0.04400307,"ARIMA(1, 0, 0)",-0.04400307,-0.00014795,0.00283616,0.0,2024-W36
adj_close.csv,ARIMA,ITOT,0.03703053,0.08338315,0.03938008,0.03703053,0.08338315,0.03938008,"ARIMA(1, 0, 0)",0.03938008,0.00234955,-0.04400307,0.0,2024-W37
adj_close.csv,ARIMA,ITOT,0.01829324,0.02381212,0.01556796,0.01829324,0.02381212,0.01556796,"ARIMA(1, 0, 0)",0.01556796,-0.00272528,0.03938008,0.0,2024-W38
adj_close.csv,ARIMA,ITOT,0.00644778,0.01009036,0.0054776,0.00644778,0.01009036,0.0054776,"ARIMA(1, 0, 0)",0.0054776,-0.00097018,0.01556796,0.0,2024-W39
adj_close.csv,ARIMA,ITOT,0.00273015,0.00308356,0.00239404,0.00273015,0.00308356,0.00239404,"ARIMA(1, 0, 0)",0.00239404,-0.00033611,0.0054776,0.0,2024-W40
adj_close.csv,ARIMA,ITOT,0.01179531,0.00925471,0.01164875,0.01179531,0.00925471,0.01164875,"ARIMA(1, 0, 0)",0.01164875,-0.00014656,0.00239404,0.0,2024-W41
adj_close.csv,ARIMA,ITOT,0.01035376,0.00200497,0.00964377,0.01035376,0.00200497,0.00964377,"ARIMA(1, 0, 0)",0.00964377,-0.00070999,0.01164875,0.0,2024-W42
adj_close.csv,ARIMA,ITOT,0.01064392,0.0208644,0.01122063,0.01064392,0.0208644,0.01122063,"ARIMA(1, 0, 0)",-0.01122063,-0.00057671,0.00964377,0.0,2024-W43
adj_close.csv,ARIMA,ITOT,0.01242907,0.00052647,0.0117471,0.01242907,0.00052647,0.0117471,"ARIMA(1, 0, 0)",-0.0117471,0.00068197,-0.01122063,0.0,2024-W44
adj_close.csv,ARIMA,ITOT,0.04959243,0.06203793,0.05029083,0.04959243,0.06203793,0.05029083,"ARIMA(1, 0, 0)",0.05029083,0.0006984,-0.0117471,0.0,2024-W45
adj_close.csv,ARIMA,ITOT,0.01868565,0.0722444,0.02195357,0.01868565,0.0722444,0.02195357,"ARIMA(1, 0, 0)",-0.02195357,-0.00326792,0.05029083,0.0,2024-W46
adj_close.csv,ARIMA,ITOT,0.01988016,0.04345145,0.02149788,0.01988016,0.04345145,0.02149788,"ARIMA(1, 0, 0)",0.02149788,0.00161772,-0.02195357,0.0,2024-W47
adj_close.csv,ARIMA,ITOT,0.01262457,0.010544,0.01095388,0.01262457,0.010544,0.01095388,"ARIMA(1, 0, 0)",0.01095388,-0.00167069,0.02149788,0.0,2024-W48
adj_close.csv,ARIMA,ITOT,0.00965038,0.00212746,0.00882641,0.00965038,0.00212746,0.00882641,"ARIMA(1, 0, 0)",0.00882641,-0.00082396,0.01095388,0.0,2024-W49
adj_close.csv,ARIMA,ITOT,0.00824626,0.01772805,0.00890163,0.00824626,0.01772805,0.00890163,"ARIMA(1, 0, 0)",-0.00890163,-0.00065537,0.00882641,0.0,2024-W50
adj_close.csv,ARIMA,ITOT,0.02226802,0.01269949,0.02160112,0.02226802,0.01269949,0.02160112,"ARIMA(1, 0, 0)",-0.02160112,0.0006669,-0.00890163,0.0,2024-W51
adj_close.csv,ARIMA,ITOT,0.00387645,0.02705667,0.00545554,0.00387645,0.02705667,0.00545554,"ARIMA(1, 0, 0)",0.00545554,0.00157909,-0.02160112,0.0,2024-W52
adj_close.csv,ARIMA,ITOT,0.00305122,0.00890974,0.0034542,0.00305122,0.00890974,0.0034542,"ARIMA(1, 0, 0)",-0.0034542,-0.00040298,0.00545554,0.0,2025-W01
adj_close.csv,ARIMA,ITOT,0.02021513,0.01650526,0.01995946,0.02021513,0.01650526,0.01995946,"ARIMA(1, 0, 0)",-0.01995946,0.00025567,-0.0034542,0.0,2025-W02
adj_close.csv,ARIMA,ITOT,0.02935453,0.05077865,0.03081919,0.02935453,0.05077865,0.03081919,"ARIMA(1, 0, 0)",0.03081919,0.00146465,-0.01995946,0.0,2025-W03
adj_close.csv,ARIMA,ITOT,0.01984363,0.0134012,0.01741799,0.01984363,0.0134012,0.01741799,"ARIMA(1, 0, 0)",0.01741799,-0.00242564,0.03081919,0.0,2025-W04
adj_close.csv,ARIMA,ITOT,0.0084146,0.02710751,0.00968952,0.0084146,0.02710751,0.00968952,"ARIMA(1, 0, 0)",-0.00968952,-0.00127492,0.01741799,0.0,2025-W05
adj_close.csv,ARIMA,ITOT,0.00253509,0.00787642,0.0018131,0.00253509,0.00787642,0.0018131,"ARIMA(1, 0, 0)",-0.0018131,0.00072199,-0.00968952,0.0,2025-W06
adj_close.csv,ARIMA,ITOT,0.01301097,0.01495877,0.01314566,0.01301097,0.01495877,0.01314566,"ARIMA(1, 0, 0)",0.01314566,0.0001347,-0.0018131,0.0,2025-W07
adj_close.csv,ARIMA,ITOT,0.01891879,0.03304386,0.0198982,0.01891879,0.03304386,0.0198982,"ARIMA(1, 0, 0)",-0.0198982,-0.0009794,0.01314566,0.0,2025-W08
adj_close.csv,ARIMA,ITOT,0.01147246,0.00995258,0.00994562,0.01147246,0.00995258,0.00994562,"ARIMA(1, 0, 0)",-0.00994562,0.00152685,-0.0198982,0.0,2025-W09
adj_close.csv,ARIMA,ITOT,0.03444296,0.02375447,0.03370009,0.03444296,0.02375447,0.03370009,"ARIMA(1, 0, 0)",-0.03370009,0.00074288,-0.00994562,0.0,2025-W10
adj_close.csv,ARIMA,ITOT,0.02533904,0.01077523,0.02292485,0.02533904,0.01077523,0.02292485,"ARIMA(1, 0, 0)",-0.02292485,0.00241418,-0.03370009,0.0,2025-W11
adj_close.csv,ARIMA,ITOT,0.00515871,0.0295529,0.00662805,0.00515871,0.0295529,0.00662805,"ARIMA(1, 0, 0)",0.00662805,0.00146934,-0.02292485,0.0,2025-W12
adj_close.csv,ARIMA,ITOT,0.01566664,0.0227264,0.01609835,0.01566664,0.0227264,0.01609835,"ARIMA(1, 0, 0)",-0.01609835,-0.00043171,0.00662805,0.0,2025-W13
adj_close.csv,ARIMA,ITOT,0.09750264,0.08034104,0.0964394,0.09750264,0.08034104,0.0964394,"ARIMA(1, 0, 0)",-0.0964394,0.00106324,-0.01609835,0.0,2025-W14
adj_close.csv,ARIMA,ITOT,0.0458929,0.14737428,0.05093488,0.0458929,0.14737428,0.05093488,"ARIMA(1, 0, 0)",0.05093488,0.00504198,-0.0964394,0.0,2025-W15
adj_close.csv,ARIMA,ITOT,0.00573464,0.06116033,0.01022545,0.00573464,0.06116033,0.01022545,"ARIMA(1, 0, 0)",-0.01022545,-0.00449081,0.05093488,0.0,2025-W16
adj_close.csv,ARIMA,ITOT,0.0443706,0.05552132,0.04529587,0.0443706,0.05552132,0.04529587,"ARIMA(1, 0, 0)",0.04529587,0.00092527,-0.01022545,0.0,2025-W17
adj_close.csv,ARIMA,ITOT,0.03346577,0.01609187,0.029204,0.03346577,0.01609187,0.029204,"ARIMA(1, 0, 0)",0.029204,-0.00426177,0.04529587,0.0,2025-W18
adj_close.csv,ARIMA,ITOT,0.00043157,0.03203766,0.00283366,0.00043157,0.03203766,0.00283366,"ARIMA(1, 0, 0)",-0.00283366,-0.00240209,0.029204,0.0,2025-W19
adj_close.csv,ARIMA,ITOT,0.05204867,0.05511568,0.05228203,0.05204867,0.05511568,0.05228203,"ARIMA(1, 0, 0)",0.05228203,0.00023335,-0.00283366,0.0,2025-W20
adj_close.csv,ARIMA,ITOT,0.02246114,0.07910839,0.02682636,0.02246114,0.07910839,0.02682636,"ARIMA(1, 0, 0)",-0.02682636,-0.00436522,0.05228203,0.0,2025-W21
adj_close.csv,ARIMA,ITOT,0.01460462,0.04391006,0.0170837,0.01460462,0.04391006,0.0170837,"ARIMA(1, 0, 0)",0.0170837,0.00247908,-0.02682636,0.0,2025-W22
adj_close.csv,ARIMA,ITOT,0.0198004,0.00108741,0.0181711,0.0198004,0.00108741,0.0181711,"ARIMA(1, 0, 0)",0.0181711,-0.00162929,0.0170837,0.0,2025-W23
adj_close.csv,ARIMA,ITOT,0.0039755,0.02383328,0.00566218,0.0039755,0.02383328,0.00566218,"ARIMA(1, 0, 0)",-0.00566218,-0.00168668,0.0181711,0.0,2025-W24
adj_close.csv,ARIMA,ITOT,0.00132938,0.00486145,0.00080073,0.00132938,0.00486145,0.00080073,"ARIMA(1, 0, 0)",-0.00080073,0.00052865,-0.00566218,0.0,2025-W25
adj_close.csv,ARIMA,ITOT,0.03407321,0.03494865,0.03414792,0.03407321,0.03494865,0.03414792,"ARIMA(1, 0, 0)",0.03414792,7.471e-05,-0.00080073,0.0,2025-W26
adj_close.csv,ARIMA,ITOT,0.02148563,0.01585558,0.01829234,0.02148563,0.01585558,0.01829234,"ARIMA(1, 0, 0)",0.01829234,-0.00319329,0.03414792,0.0,2025-W27
adj_close.csv,ARIMA,ITOT,0.00153731,0.02144024,0.00314789,0.00153731,0.02144024,0.00314789,"ARIMA(1, 0, 0)",-0.00314789,-0.00161059,0.01829234,0.0,2025-W28
adj_close.csv,ARIMA,ITOT,0.00695465,0.01038037,0.00723247,0.00695465,0.01038037,0.00723247,"ARIMA(1, 0, 0)",0.00723247,0.00027782,-0.00314789,0.0,2025-W29
adj_close.csv,ARIMA,ITOT,0.01466224,0.00679028,0.01402275,0.01466224,0.00679028,0.01402275,"ARIMA(1, 0, 0)",0.01402275,-0.00063949,0.00723247,0.0,2025-W30
adj_close.csv,ARIMA,ITOT,0.02436146,0.03961304,0.02559029,0.02436146,0.03961304,0.02559029,"ARIMA(1, 0, 0)",-0.02559029,-0.00122883,0.01402275,0.0,2025-W31
adj_close.csv,ARIMA,ITOT,0.02112723,0.04902486,0.02343458,0.02112723,0.04902486,0.02343458,"ARIMA(1, 0, 0)",0.02343458,0.00230735,-0.02559029,0.0,2025-W32
adj_close.csv,ARIMA,ITOT,0.01329423,0.01234685,0.01108772,0.01329423,0.01234685,0.01108772,"ARIMA(1, 0, 0)",0.01108772,-0.00220651,0.02343458,0.0,2025-W33
adj_close.csv,ARIMA,ITOT,0.00605668,0.00604963,0.0050381,0.00605668,0.00604963,0.0050381,"ARIMA(1, 0, 0)",0.0050381,-0.00101858,0.01108772,0.0,2025-W34
adj_close.csv,ARIMA,ITOT,0.00067277,0.00482567,0.00021243,0.00067277,0.00482567,0.00021243,"ARIMA(1, 0, 0)",0.00021243,-0.00046034,0.0050381,0.0,2025-W35
adj_close.csv,ARIMA,ITOT,0.00418578,0.00395395,0.00416638,0.00418578,0.00395395,0.00416638,"ARIMA(1, 0, 0)",0.00416638,-1.94e-05,0.00021243,0.0,2025-W36
adj_close.csv,ARIMA,ITOT,0.01486309,0.01031615,0.01448253,0.01486309,0.01031615,0.01448253,"ARIMA(1, 0, 0)",0.01448253,-0.00038056,0.00416638,0.0,2025-W37
adj_close.csv,ARIMA,ITOT,0.01406536,0.00173342,0.0127491,0.01406536,0.00173342,0.0127491,"ARIMA(1, 0, 0)",0.0127491,-0.00131626,0.01448253,0.0,2025-W38
adj_close.csv,ARIMA,ITOT,0.00271921,0.01660798,0.00385888,0.00271921,0.01660798,0.00385888,"ARIMA(1, 0, 0)",-0.00385888,-0.00113967,0.0127491,0.0,2025-W39
adj_close.csv,ARIMA,ITOT,0.01098162,0.01518643,0.01132755,0.01098162,0.01518643,0.01132755,"ARIMA(1, 0, 0)",0.01132755,0.00034593,-0.00385888,0.0,2025-W40
adj_close.csv,ARIMA,ITOT,0.02456323,0.03690977,0.02558222,0.02456323,0.03690977,0.02558222,"ARIMA(1, 0, 0)",-0.02558222,-0.00101899,0.01132755,0.0,2025-W41
adj_close.csv,ARIMA,ITOT,0.01514101,0.0430766,0.01749437,0.01514101,0.0430766,0.01749437,"ARIMA(1, 0, 0)",0.01749437,0.00235337,-0.02558222,0.0,2025-W42
adj_close.csv,ARIMA,ITOT,0.0209471,0.00179405,0.01928842,0.0209471,0.00179405,0.01928842,"ARIMA(1, 0, 0)",0.01928842,-0.00165868,0.01749437,0.0,2025-W43
adj_close.csv,ARIMA,ITOT,0.00729752,0.01376833,0.00552009,0.00729752,0.01376833,0.00552009,"ARIMA(1, 0, 0)",0.00552009,-0.00177743,0.01928842,0.0,2025-W44
adj_close.csv,ARIMA,ITOT,0.01608113,0.02210427,0.01658418,0.01608113,0.02210427,0.01658418,"ARIMA(1, 0, 0)",-0.01658418,-0.00050305,0.00552009,0.0,2025-W45
adj_close.csv,ARIMA,ITOT,0.00261461,0.01549155,0.00109263,0.00261461,0.01549155,0.00109263,"ARIMA(1, 0, 0)",-0.00109263,0.00152199,-0.01658418,0.0,2025-W46
adj_close.csv,ARIMA,ITOT,0.01941754,0.01822498,0.01931761,0.01941754,0.01822498,0.01931761,"ARIMA(1, 0, 0)",-0.01931761,9.993e-05,-0.00109263,0.0,2025-W47
adj_close.csv,ARIMA,ITOT,0.03643815,0.05751958,0.03820198,0.03643815,0.05751958,0.03820198,"ARIMA(1, 0, 0)",0.03820198,0.00176382,-0.01931761,0.0,2025-W48
adj_close.csv,ARIMA,ITOT,0.00803081,0.03385312,0.00434886,0.00803081,0.03385312,0.00434886,"ARIMA(1, 0, 0)",0.00434886,-0.00368196,0.03820198,0.0,2025-W49
adj_close.csv,ARIMA,ITOT,0.00440865,0.00916713,0.00481828,0.00440865,0.00916713,0.00481828,"ARIMA(1, 0, 0)",-0.00481828,-0.00040963,0.00434886,0.0,2025-W50
adj_close.csv,ARIMA,ITOT,0.00020531,0.00547809,0.00065981,0.00020531,0.00547809,0.00065981,"ARIMA(1, 0, 0)",0.00065981,0.0004545,-0.00481828,0.0,2025-W51
adj_close.csv,ARIMA,ITOT,0.01309248,0.01237042,0.01303023,0.01309248,0.01237042,0.01303023,"ARIMA(1, 0, 0)",0.01303023,-6.224e-05,0.00065981,0.0,2025-W52
adj_close.csv,ARIMA,ITOT,0.00857853,0.02283719,0.00980695,0.00857853,0.02283719,0.00980695,"ARIMA(1, 0, 0)",-0.00980695,-0.00122842,0.01303023,0.0,2026-W01
adj_close.csv,ARIMA,ITOT,0.01680955,0.02754886,0.01774191,0.01680955,0.02754886,0.01774191,"ARIMA(1, 0, 0)",0.01774191,0.00093236,-0.00980695,0.0,2026-W02
adj_close.csv,ARIMA,ITOT,7.235e-05,0.01952182,0.00177992,7.235e-05,0.01952182,0.00177992,"ARIMA(1, 0, 0)",-0.00177992,-0.00170756,0.01774191,0.0,2026-W03
adj_close.csv,ARIMA,ITOT,0.00413795,0.00218671,0.00396662,0.00413795,0.00218671,0.00396662,"ARIMA(1, 0, 0)",-0.00396662,0.00017132,-0.00177992,0.0,2026-W04
adj_close.csv,ARIMA,ITOT,0.00024919,0.00409903,0.0001324,0.00024919,0.00409903,0.0001324,"ARIMA(1, 0, 0)",0.0001324,0.00038159,-0.00396662,0.0,2026-W05
adj_close.csv,ARIMA,ITOT,0.00542927,0.00528413,0.00541654,0.00542927,0.00528413,0.00541654,"ARIMA(1, 0, 0)",0.00541654,-1.274e-05,0.0001324,0.0,2026-W06
adj_close.csv,ARIMA,IVV,0.00953441,0.01148843,0.0083504,0.00953441,0.01148843,0.0083504,"ARIMA(1, 0, 0)",-0.0083504,0.00118401,-0.01983883,0.0,2024-W30
adj_close.csv,ARIMA,IVV,0.02193802,0.01310614,0.02145654,0.02193802,0.01310614,0.02145654,"ARIMA(1, 0, 0)",-0.02145654,0.00048148,-0.0083504,0.0,2024-W31
adj_close.csv,ARIMA,IVV,0.00104607,0.02160566,0.00014912,0.00104607,0.02160566,0.00014912,"ARIMA(1, 0, 0)",0.00014912,0.00119519,-0.02145654,0.0,2024-W32
adj_close.csv,ARIMA,IVV,0.0394912,0.0393338,0.03948293,0.0394912,0.0393338,0.03948293,"ARIMA(1, 0, 0)",0.03948293,-8.27e-06,0.00014912,0.0,2024-W33
adj_close.csv,ARIMA,IVV,0.01608319,0.02558716,0.01389577,0.01608319,0.02558716,0.01389577,"ARIMA(1, 0, 0)",0.01389577,-0.00218742,0.03948293,0.0,2024-W34
adj_close.csv,ARIMA,IVV,0.00336307,0.01121029,0.00268548,0.00336307,0.01121029,0.00268548,"ARIMA(1, 0, 0)",0.00268548,-0.00067759,0.01389577,0.0,2024-W35
adj_close.csv,ARIMA,IVV,0.04199822,0.04481334,0.04212787,0.04199822,0.04481334,0.04212787,"ARIMA(1, 0, 0)",-0.04212787,-0.00012964,0.00268548,0.0,2024-W36
adj_close.csv,ARIMA,IVV,0.03704051,0.08125167,0.0391238,0.03704051,0.08125167,0.0391238,"ARIMA(1, 0, 0)",0.0391238,0.00208329,-0.04212787,0.0,2024-W37
adj_close.csv,ARIMA,IVV,0.01651414,0.02516978,0.01395402,0.01651414,0.02516978,0.01395402,"ARIMA(1, 0, 0)",0.01395402,-0.00256012,0.0391238,0.0,2024-W38
adj_close.csv,ARIMA,IVV,0.00659146,0.00818473,0.00576929,0.00659146,0.00818473,0.00576929,"ARIMA(1, 0, 0)",0.00576929,-0.00082217,0.01395402,0.0,2024-W39
adj_close.csv,ARIMA,IVV,0.00315249,0.00295139,0.0028179,0.00315249,0.00295139,0.0028179,"ARIMA(1, 0, 0)",0.0028179,-0.00033459,0.00576929,0.0,2024-W40
adj_close.csv,ARIMA,IVV,0.01166517,0.00868436,0.01150226,0.01166517,0.00868436,0.01150226,"ARIMA(1, 0, 0)",0.01150226,-0.00016291,0.0028179,0.0,2024-W41
adj_close.csv,ARIMA,IVV,0.00939776,0.00276566,0.00873661,0.00939776,0.00276566,0.00873661,"ARIMA(1, 0, 0)",0.00873661,-0.00066116,0.01150226,0.0,2024-W42
adj_close.csv,ARIMA,IVV,0.00901686,0.01824616,0.00950955,0.00901686,0.01824616,0.00950955,"ARIMA(1, 0, 0)",-0.00950955,-0.00049269,0.00873661,0.0,2024-W43
adj_close.csv,ARIMA,IVV,0.01470102,0.00464766,0.01415721,0.01470102,0.00464766,0.01415721,"ARIMA(1, 0, 0)",-0.01415721,0.00054381,-0.00950955,0.0,2024-W44
adj_close.csv,ARIMA,IVV,0.0458801,0.06082705,0.04666983,0.0458801,0.06082705,0.04666983,"ARIMA(1, 0, 0)",0.04666983,0.00078973,-0.01415721,0.0,2024-W45
adj_close.csv,ARIMA,IVV,0.01805566,0.06763235,0.02096251,0.01805566,0.06763235,0.02096251,"ARIMA(1, 0, 0)",-0.02096251,-0.00290686,0.04666983,0.0,2024-W46
adj_close.csv,ARIMA,IVV,0.0150155,0.03745674,0.01649423,0.0150155,0.03745674,0.01649423,"ARIMA(1, 0, 0)",0.01649423,0.00147873,-0.02096251,0.0,2024-W47
adj_close.csv,ARIMA,IVV,0.01221528,0.00549313,0.0110011,0.01221528,0.00549313,0.0110011,"ARIMA(1, 0, 0)",0.0110011,-0.00121418,0.01649423,0.0,2024-W48
adj_close.csv,ARIMA,IVV,0.0102629,0.00152645,0.00947465,0.0102629,0.00152645,0.00947465,"ARIMA(1, 0, 0)",0.00947465,-0.00078825,0.0110011,0.0,2024-W49
adj_close.csv,ARIMA,IVV,0.00522617,0.0153693,0.00589465,0.00522617,0.0153693,0.00589465,"ARIMA(1, 0, 0)",-0.00589465,-0.00066848,0.00947465,0.0,2024-W50
adj_close.csv,ARIMA,IVV,0.02008656,0.01377318,0.01966783,0.02008656,0.01377318,0.01966783,"ARIMA(1, 0, 0)",-0.01966783,0.00041873,-0.00589465,0.0,2024-W51
adj_close.csv,ARIMA,IVV,0.00567924,0.02672158,0.00705375,0.00567924,0.02672158,0.00705375,"ARIMA(1, 0, 0)",0.00705375,0.00137451,-0.01966783,0.0,2024-W52
adj_close.csv,ARIMA,IVV,0.00439823,0.01195256,0.00489881,0.00439823,0.01195256,0.00489881,"ARIMA(1, 0, 0)",-0.00489881,-0.00050058,0.00705375,0.0,2025-W01
adj_close.csv,ARIMA,IVV,0.01950162,0.01425368,0.0191525,0.01950162,0.01425368,0.0191525,"ARIMA(1, 0, 0)",-0.0191525,0.00034912,-0.00489881,0.0,2025-W02
adj_close.csv,ARIMA,IVV,0.02726247,0.04776221,0.02860971,0.02726247,0.04776221,0.02860971,"ARIMA(1, 0, 0)",0.02860971,0.00134725,-0.0191525,0.0,2025-W03
adj_close.csv,ARIMA,IVV,0.01971045,0.0110556,0.01755411,0.01971045,0.0110556,0.01755411,"ARIMA(1, 0, 0)",0.01755411,-0.00215634,0.02860971,0.0,2025-W04
adj_close.csv,ARIMA,IVV,0.00902222,0.02780483,0.01025072,0.00902222,0.02780483,0.01025072,"ARIMA(1, 0, 0)",-0.01025072,-0.0012285,0.01755411,0.0,2025-W05
adj_close.csv,ARIMA,IVV,0.00215609,0.00882748,0.00142324,0.00215609,0.00882748,0.00142324,"ARIMA(1, 0, 0)",-0.00142324,0.00073285,-0.01025072,0.0,2025-W06
adj_close.csv,ARIMA,IVV,0.01449824,0.01602293,0.01459969,0.01449824,0.01602293,0.01459969,"ARIMA(1, 0, 0)",0.01459969,0.00010145,-0.00142324,0.0,2025-W07
adj_close.csv,ARIMA,IVV,0.01509758,0.03074083,0.01614114,0.01509758,0.03074083,0.01614114,"ARIMA(1, 0, 0)",-0.01614114,-0.00104356,0.01459969,0.0,2025-W08
adj_close.csv,ARIMA,IVV,0.01090497,0.00642369,0.00971744,0.01090497,0.00642369,0.00971744,"ARIMA(1, 0, 0)",-0.00971744,0.00118753,-0.01614114,0.0,2025-W09
adj_close.csv,ARIMA,IVV,0.032227,0.02181083,0.03152827,0.032227,0.02181083,0.03152827,"ARIMA(1, 0, 0)",-0.03152827,0.00069872,-0.00971744,0.0,2025-W10
adj_close.csv,ARIMA,IVV,0.02481301,0.00888881,0.02263946,0.02481301,0.00888881,0.02263946,"ARIMA(1, 0, 0)",-0.02263946,0.00217355,-0.03152827,0.0,2025-W11
adj_close.csv,ARIMA,IVV,0.00351062,0.02754476,0.00490531,0.00351062,0.02754476,0.00490531,"ARIMA(1, 0, 0)",0.00490531,0.00139468,-0.02263946,0.0,2025-W12
adj_close.csv,ARIMA,IVV,0.01473846,0.0199496,0.01504429,0.01473846,0.0199496,0.01504429,"ARIMA(1, 0, 0)",-0.01504429,-0.00030583,0.00490531,0.0,2025-W13
adj_close.csv,ARIMA,IVV,0.09580875,0.07981637,0.09486066,0.09580875,0.07981637,0.09486066,"ARIMA(1, 0, 0)",-0.09486066,0.0009481,-0.01504429,0.0,2025-W14
adj_close.csv,ARIMA,IVV,0.05154223,0.15110804,0.05624738,0.05154223,0.15110804,0.05624738,"ARIMA(1, 0, 0)",0.05624738,0.00470515,-0.09486066,0.0,2025-W15
adj_close.csv,ARIMA,IVV,0.010444,0.07184381,0.01559642,0.010444,0.07184381,0.01559642,"ARIMA(1, 0, 0)",-0.01559642,-0.00515242,0.05624738,0.0,2025-W16
adj_close.csv,ARIMA,IVV,0.04383188,0.0609336,0.04533718,0.04383188,0.0609336,0.04533718,"ARIMA(1, 0, 0)",0.04533718,0.0015053,-0.01559642,0.0,2025-W17
adj_close.csv,ARIMA,IVV,0.03341074,0.01656087,0.02877631,0.03341074,0.01656087,0.02877631,"ARIMA(1, 0, 0)",0.02877631,-0.00463444,0.04533718,0.0,2025-W18
adj_close.csv,ARIMA,IVV,0.00172864,0.03308883,0.00431253,0.00172864,0.03308883,0.00431253,"ARIMA(1, 0, 0)",-0.00431253,-0.00258389,0.02877631,0.0,2025-W19
adj_close.csv,ARIMA,IVV,0.0514298,0.05613131,0.05181878,0.0514298,0.05613131,0.05181878,"ARIMA(1, 0, 0)",0.05181878,0.00038898,-0.00431253,0.0,2025-W20
adj_close.csv,ARIMA,IVV,0.02074615,0.07733252,0.02551374,0.02074615,0.07733252,0.02551374,"ARIMA(1, 0, 0)",-0.02551374,-0.00476759,0.05181878,0.0,2025-W21
adj_close.csv,ARIMA,IVV,0.01472344,0.0428033,0.01728956,0.01472344,0.0428033,0.01728956,"ARIMA(1, 0, 0)",0.01728956,0.00256612,-0.02551374,0.0,2025-W22
adj_close.csv,ARIMA,IVV,0.01828805,0.00079197,0.01649758,0.01828805,0.00079197,0.01649758,"ARIMA(1, 0, 0)",0.01649758,-0.00179047,0.01728956,0.0,2025-W23
adj_close.csv,ARIMA,IVV,0.00201073,0.02017548,0.0036779,0.00201073,0.02017548,0.0036779,"ARIMA(1, 0, 0)",-0.0036779,-0.00166717,0.01649758,0.0,2025-W24
adj_close.csv,ARIMA,IVV,0.00248718,0.00156336,0.00211454,0.00248718,0.00156336,0.00211454,"ARIMA(1, 0, 0)",-0.00211454,0.00037264,-0.0036779,0.0,2025-W25
adj_close.csv,ARIMA,IVV,0.03405279,0.03638142,0.03426688,0.03405279,0.03638142,0.03426688,"ARIMA(1, 0, 0)",0.03426688,0.00021409,-0.00211454,0.0,2025-W26
adj_close.csv,ARIMA,IVV,0.02068526,0.01707046,0.01719642,0.02068526,0.01707046,0.01719642,"ARIMA(1, 0, 0)",0.01719642,-0.00348884,0.03426688,0.0,2025-W27
adj_close.csv,ARIMA,IVV,0.00110232,0.0199542,0.00275779,0.00110232,0.0199542,0.00275779,"ARIMA(1, 0, 0)",-0.00275779,-0.00165547,0.01719642,0.0,2025-W28
adj_close.csv,ARIMA,IVV,0.00646392,0.0094876,0.00672981,0.00646392,0.0094876,0.00672981,"ARIMA(1, 0, 0)",0.00672981,0.0002659,-0.00275779,0.0,2025-W29
adj_close.csv,ARIMA,IVV,0.01542893,0.00804932,0.01477913,0.01542893,0.00804932,0.01477913,"ARIMA(1, 0, 0)",0.01477913,-0.0006498,0.00672981,0.0,2025-W30
adj_close.csv,ARIMA,IVV,0.02295531,0.03914948,0.02437034,0.02295531,0.03914948,0.02437034,"ARIMA(1, 0, 0)",-0.02437034,-0.00141503,0.01477913,0.0,2025-W31
adj_close.csv,ARIMA,IVV,0.02226944,0.04903752,0.02466718,0.02226944,0.04903752,0.02466718,"ARIMA(1, 0, 0)",0.02466718,0.00239774,-0.02437034,0.0,2025-W32
adj_close.csv,ARIMA,IVV,0.01250811,0.01468982,0.00997736,0.01250811,0.01468982,0.00997736,"ARIMA(1, 0, 0)",0.00997736,-0.00253074,0.02466718,0.0,2025-W33
adj_close.csv,ARIMA,IVV,0.00382575,0.0071515,0.00282587,0.00382575,0.0071515,0.00282587,"ARIMA(1, 0, 0)",0.00282587,-0.00099988,0.00997736,0.0,2025-W34
adj_close.csv,ARIMA,IVV,4.75e-06,0.00310348,0.00027761,4.75e-06,0.00310348,0.00027761,"ARIMA(1, 0, 0)",-0.00027761,-0.00028236,0.00282587,0.0,2025-W35
adj_close.csv,ARIMA,IVV,0.00328305,0.0035884,0.00331079,0.00328305,0.0035884,0.00331079,"ARIMA(1, 0, 0)",0.00331079,2.774e-05,-0.00027761,0.0,2025-W36
adj_close.csv,ARIMA,IVV,0.01596574,0.01232411,0.0156349,0.01596574,0.01232411,0.0156349,"ARIMA(1, 0, 0)",0.0156349,-0.00033084,0.00331079,0.0,2025-W37
adj_close.csv,ARIMA,IVV,0.01382935,0.00336153,0.01227337,0.01382935,0.00336153,0.01227337,"ARIMA(1, 0, 0)",0.01227337,-0.00155598,0.0156349,0.0,2025-W38
adj_close.csv,ARIMA,IVV,0.0017725,0.0152469,0.00297352,0.0017725,0.0152469,0.00297352,"ARIMA(1, 0, 0)",-0.00297352,-0.00120102,0.01227337,0.0,2025-W39
adj_close.csv,ARIMA,IVV,0.01097004,0.01423504,0.01126151,0.01097004,0.01423504,0.01126151,"ARIMA(1, 0, 0)",0.01126151,0.00029147,-0.00297352,0.0,2025-W40
adj_close.csv,ARIMA,IVV,0.02331074,0.03567896,0.02441745,0.02331074,0.03567896,0.02441745,"ARIMA(1, 0, 0)",-0.02441745,-0.00110671,0.01126151,0.0,2025-W41
adj_close.csv,ARIMA,IVV,0.01490948,0.04177574,0.01735829,0.01490948,0.04177574,0.01735829,"ARIMA(1, 0, 0)",0.01735829,0.00244881,-0.02441745,0.0,2025-W42
adj_close.csv,ARIMA,IVV,0.02082246,0.00167502,0.01903331,0.02082246,0.00167502,0.01903331,"ARIMA(1, 0, 0)",0.01903331,-0.00178915,0.01735829,0.0,2025-W43
adj_close.csv,ARIMA,IVV,0.00880655,0.01213609,0.00689722,0.00880655,0.01213609,0.00689722,"ARIMA(1, 0, 0)",0.00689722,-0.00190934,0.01903331,0.0,2025-W44
adj_close.csv,ARIMA,IVV,0.0153369,0.02291722,0.01602001,0.0153369,0.02291722,0.01602001,"ARIMA(1, 0, 0)",-0.01602001,-0.00068311,0.00689722,0.0,2025-W45
adj_close.csv,ARIMA,IVV,0.00016215,0.01745738,0.00143737,0.00016215,0.01745738,0.00143737,"ARIMA(1, 0, 0)",0.00143737,0.00159952,-0.01602001,0.0,2025-W46
adj_close.csv,ARIMA,IVV,0.01933991,0.02092077,0.01948339,0.01933991,0.02092077,0.01948339,"ARIMA(1, 0, 0)",-0.01948339,-0.00014349,0.00143737,0.0,2025-W47
adj_close.csv,ARIMA,IVV,0.03452211,0.05595455,0.03647115,0.03452211,0.05595455,0.03647115,"ARIMA(1, 0, 0)",0.03647115,0.00194905,-0.01948339,0.0,2025-W48
adj_close.csv,ARIMA,IVV,0.0070753,0.03322988,0.00324127,0.0070753,0.03322988,0.00324127,"ARIMA(1, 0, 0)",0.00324127,-0.00383403,0.03647115,0.0,2025-W49
adj_close.csv,ARIMA,IVV,0.00539944,0.00897518,0.00573391,0.00539944,0.00897518,0.00573391,"ARIMA(1, 0, 0)",-0.00573391,-0.00033447,0.00324127,0.0,2025-W50
adj_close.csv,ARIMA,IVV,0.00048732,0.00681368,0.00107976,0.00048732,0.00681368,0.00107976,"ARIMA(1, 0, 0)",0.00107976,0.00059245,-0.00573391,0.0,2025-W51
adj_close.csv,ARIMA,IVV,0.01431914,0.01312779,0.01420755,0.01431914,0.01312779,0.01420755,"ARIMA(1, 0, 0)",0.01420755,-0.00011159,0.00107976,0.0,2025-W52
adj_close.csv,ARIMA,IVV,0.00879838,0.02447255,0.010265,0.00879838,0.02447255,0.010265,"ARIMA(1, 0, 0)",-0.010265,-0.00146662,0.01420755,0.0,2026-W01
adj_close.csv,ARIMA,IVV,0.01467641,0.02601065,0.01574565,0.01467641,0.02601065,0.01574565,"ARIMA(1, 0, 0)",0.01574565,0.00106923,-0.010265,0.0,2026-W02
adj_close.csv,ARIMA,IVV,0.00181989,0.01922337,0.00347773,0.00181989,0.01922337,0.00347773,"ARIMA(1, 0, 0)",-0.00347773,-0.00165783,0.01574565,0.0,2026-W03
adj_close.csv,ARIMA,IVV,0.00385668,1.205e-05,0.00348978,0.00385668,1.205e-05,0.00348978,"ARIMA(1, 0, 0)",-0.00348978,0.00036691,-0.00347773,0.0,2026-W04
adj_close.csv,ARIMA,IVV,0.00365452,0.00751213,0.00402235,0.00365452,0.00751213,0.00402235,"ARIMA(1, 0, 0)",0.00402235,0.00036783,-0.00348978,0.0,2026-W05
adj_close.csv,ARIMA,IVV,0.00546171,0.00101501,0.00503736,0.00546171,0.00101501,0.00503736,"ARIMA(1, 0, 0)",0.00503736,-0.00042435,0.00402235,0.0,2026-W06
adj_close.csv,ARIMA,IWD,0.01514575,0.00552207,0.01204904,0.01514575,0.00552207,0.01204904,"ARIMA(2, 0, 2)",0.01204904,-0.00309671,0.00652697,0.0,2024-W30
adj_close.csv,ARIMA,IWD,0.01966656,0.03236168,0.02031264,0.01966656,0.03236168,0.02031264,"ARIMA(2, 0, 2)",-0.02031264,-0.00064608,0.01204904,0.0,2024-W31
adj_close.csv,ARIMA,IWD,0.00265409,0.01801131,0.00230133,0.00265409,0.01801131,0.00230133,"ARIMA(2, 0, 2)",-0.00230133,0.00035276,-0.02031264,0.0,2024-W32
adj_close.csv,ARIMA,IWD,0.02363296,0.0266718,0.02437047,0.02363296,0.0266718,0.02437047,"ARIMA(2, 0, 2)",0.02437047,0.00073751,-0.00230133,0.0,2024-W33
adj_close.csv,ARIMA,IWD,0.01944324,0.00524987,0.0191206,0.01944324,0.00524987,0.0191206,"ARIMA(2, 0, 2)",0.0191206,-0.00032264,0.02437047,0.0,2024-W34
adj_close.csv,ARIMA,IWD,0.0146915,0.00597165,0.01314896,0.0146915,0.00597165,0.01314896,"ARIMA(2, 0, 2)",0.01314896,-0.00154254,0.0191206,0.0,2024-W35
adj_close.csv,ARIMA,IWD,0.02978812,0.04399365,0.0308447,0.02978812,0.04399365,0.0308447,"ARIMA(2, 0, 2)",-0.0308447,-0.00105658,0.01314896,0.0,2024-W36
adj_close.csv,ARIMA,IWD,0.01680706,0.05026068,0.01941599,0.01680706,0.05026068,0.01941599,"ARIMA(2, 0, 2)",0.01941599,0.00260893,-0.0308447,0.0,2024-W37
adj_close.csv,ARIMA,IWD,0.0127732,0.00628948,0.0131265,0.0127732,0.00628948,0.0131265,"ARIMA(2, 0, 2)",0.0131265,0.00035331,0.01941599,0.0,2024-W38
adj_close.csv,ARIMA,IWD,0.00892099,0.0042763,0.00885021,0.00892099,0.0042763,0.00885021,"ARIMA(2, 0, 2)",0.00885021,-7.078e-05,0.0131265,0.0,2024-W39
adj_close.csv,ARIMA,IWD,0.0028993,0.00710837,0.00174184,0.0028993,0.00710837,0.00174184,"ARIMA(2, 0, 2)",0.00174184,-0.00115746,0.00885021,0.0,2024-W40
adj_close.csv,ARIMA,IWD,0.01123285,0.00760156,0.0093434,0.01123285,0.00760156,0.0093434,"ARIMA(2, 0, 2)",0.0093434,-0.00188945,0.00174184,0.0,2024-W41
adj_close.csv,ARIMA,IWD,0.01211374,0.00234356,0.01168696,0.01211374,0.00234356,0.01168696,"ARIMA(2, 0, 2)",0.01168696,-0.00042678,0.0093434,0.0,2024-W42
adj_close.csv,ARIMA,IWD,0.02210473,0.03456476,0.0228778,0.02210473,0.03456476,0.0228778,"ARIMA(2, 0, 2)",-0.0228778,-0.00077307,0.01168696,0.0,2024-W43
adj_close.csv,ARIMA,IWD,0.01260021,0.01481443,0.00806337,0.01260021,0.01481443,0.00806337,"ARIMA(2, 0, 2)",-0.00806337,0.00453683,-0.0228778,0.0,2024-W44
adj_close.csv,ARIMA,IWD,0.03763929,0.04774496,0.03968159,0.03763929,0.04774496,0.03968159,"ARIMA(2, 0, 2)",0.03968159,0.00204229,-0.00806337,0.0,2024-W45
adj_close.csv,ARIMA,IWD,0.01341914,0.05152522,0.01184363,0.01341914,0.05152522,0.01184363,"ARIMA(2, 0, 2)",-0.01184363,0.0015755,0.03968159,0.0,2024-W46
adj_close.csv,ARIMA,IWD,0.03042734,0.03569576,0.02385213,0.03042734,0.03569576,0.02385213,"ARIMA(2, 0, 2)",0.02385213,-0.00657522,-0.01184363,0.0,2024-W47
adj_close.csv,ARIMA,IWD,0.00913175,0.01338662,0.01046551,0.00913175,0.01338662,0.01046551,"ARIMA(2, 0, 2)",0.01046551,0.00133377,0.02385213,0.0,2024-W48
adj_close.csv,ARIMA,IWD,0.02391673,0.03002596,0.01956045,0.02391673,0.03002596,0.01956045,"ARIMA(2, 0, 2)",-0.01956045,0.00435628,0.01046551,0.0,2024-W49
adj_close.csv,ARIMA,IWD,0.01626943,0.00049434,0.02005479,0.01626943,0.00049434,0.02005479,"ARIMA(2, 0, 2)",-0.02005479,-0.00378536,-0.01956045,0.0,2024-W50
adj_close.csv,ARIMA,IWD,0.02777397,0.00918436,0.02923915,0.02777397,0.00918436,0.02923915,"ARIMA(2, 0, 2)",-0.02923915,-0.00146517,-0.02005479,0.0,2024-W51
adj_close.csv,ARIMA,IWD,0.00332408,0.03445347,0.00521433,0.00332408,0.03445347,0.00521433,"ARIMA(2, 0, 2)",0.00521433,0.00189025,-0.02923915,0.0,2024-W52
adj_close.csv,ARIMA,IWD,0.00111092,0.00521433,0.0,0.00111092,0.00521433,0.0,"ARIMA(2, 0, 2)",0.0,0.00111092,0.00521433,0.0,2025-W01
adj_close.csv,ARIMA,IWD,0.01572949,0.01588867,0.01588867,0.01572949,0.01588867,0.01588867,"ARIMA(2, 0, 2)",-0.01588867,-0.00015919,0.0,0.0,2025-W02
adj_close.csv,ARIMA,IWD,0.03964582,0.0580759,0.04218722,0.03964582,0.0580759,0.04218722,"ARIMA(2, 0, 2)",0.04218722,0.0025414,-0.01588867,0.0,2025-W03
adj_close.csv,ARIMA,IWD,0.0131534,0.03019554,0.01199169,0.0131534,0.03019554,0.01199169,"ARIMA(2, 0, 2)",0.01199169,-0.00116171,0.04218722,0.0,2025-W04
adj_close.csv,ARIMA,IWD,0.001064,0.01328255,0.00129086,0.001064,0.01328255,0.00129086,"ARIMA(2, 0, 2)",-0.00129086,-0.00235486,0.01199169,0.0,2025-W05
adj_close.csv,ARIMA,IWD,0.00095053,0.00020865,0.00149951,0.00095053,0.00020865,0.00149951,"ARIMA(2, 0, 2)",-0.00149951,-0.00054898,-0.00129086,0.0,2025-W06
adj_close.csv,ARIMA,IWD,0.00629192,0.00784411,0.0063446,0.00629192,0.00784411,0.0063446,"ARIMA(2, 0, 2)",0.0063446,5.268e-05,-0.00149951,0.0,2025-W07
adj_close.csv,ARIMA,IWD,0.00728017,0.01585086,0.00950626,0.00728017,0.01585086,0.00950626,"ARIMA(2, 0, 2)",-0.00950626,-0.00222608,0.0063446,0.0,2025-W08
adj_close.csv,ARIMA,IWD,0.0064995,0.01844679,0.00894054,0.0064995,0.01844679,0.00894054,"ARIMA(2, 0, 2)",0.00894054,0.00244104,-0.00950626,0.0,2025-W09
adj_close.csv,ARIMA,IWD,0.02454644,0.0334184,0.02447786,0.02454644,0.0334184,0.02447786,"ARIMA(2, 0, 2)",-0.02447786,6.858e-05,0.00894054,0.0,2025-W10
adj_close.csv,ARIMA,IWD,0.01947892,0.0056375,0.01884036,0.01947892,0.0056375,0.01884036,"ARIMA(2, 0, 2)",-0.01884036,0.00063856,-0.02447786,0.0,2025-W11
adj_close.csv,ARIMA,IWD,0.00796891,0.02856688,0.00972652,0.00796891,0.02856688,0.00972652,"ARIMA(2, 0, 2)",0.00972652,0.00175761,-0.01884036,0.0,2025-W12
adj_close.csv,ARIMA,IWD,0.00524783,0.0144398,0.00471328,0.00524783,0.0144398,0.00471328,"ARIMA(2, 0, 2)",-0.00471328,0.00053455,0.00972652,0.0,2025-W13
adj_close.csv,ARIMA,IWD,0.08890407,0.08439402,0.0891073,0.08890407,0.08439402,0.0891073,"ARIMA(2, 0, 2)",-0.0891073,-0.00020322,-0.00471328,0.0,2025-W14
adj_close.csv,ARIMA,IWD,0.02835506,0.12218291,0.03307562,0.02835506,0.12218291,0.03307562,"ARIMA(2, 0, 2)",0.03307562,0.00472055,-0.0891073,0.0,2025-W15
adj_close.csv,ARIMA,IWD,0.00185965,0.03194057,0.00113504,0.00185965,0.03194057,0.00113504,"ARIMA(2, 0, 2)",0.00113504,0.00299469,0.03307562,0.0,2025-W16
adj_close.csv,ARIMA,IWD,0.02724315,0.02190728,0.02304232,0.02724315,0.02190728,0.02304232,"ARIMA(2, 0, 2)",0.02304232,-0.00420083,0.00113504,0.0,2025-W17
adj_close.csv,ARIMA,IWD,0.0270512,0.00142989,0.02447221,0.0270512,0.00142989,0.02447221,"ARIMA(2, 0, 2)",0.02447221,-0.00257899,0.02304232,0.0,2025-W18
adj_close.csv,ARIMA,IWD,0.00218494,0.02366117,0.00081103,0.00218494,0.02366117,0.00081103,"ARIMA(2, 0, 2)",0.00081103,0.00299597,0.02447221,0.0,2025-W19
adj_close.csv,ARIMA,IWD,0.03503633,0.03130733,0.03211836,0.03503633,0.03130733,0.03211836,"ARIMA(2, 0, 2)",0.03211836,-0.00291796,0.00081103,0.0,2025-W20
adj_close.csv,ARIMA,IWD,0.02230725,0.05766565,0.02554729,0.02230725,0.05766565,0.02554729,"ARIMA(2, 0, 2)",-0.02554729,-0.00324004,0.03211836,0.0,2025-W21
adj_close.csv,ARIMA,IWD,0.01233081,0.03808443,0.01253715,0.01233081,0.03808443,0.01253715,"ARIMA(2, 0, 2)",0.01253715,0.00020633,-0.02554729,0.0,2025-W22
adj_close.csv,ARIMA,IWD,0.01123498,0.00125538,0.01128176,0.01123498,0.00125538,0.01128176,"ARIMA(2, 0, 2)",0.01128176,4.679e-05,0.01253715,0.0,2025-W23
adj_close.csv,ARIMA,IWD,0.00952854,0.01616882,0.00488705,0.00952854,0.01616882,0.00488705,"ARIMA(2, 0, 2)",-0.00488705,0.00464148,0.01128176,0.0,2025-W24
adj_close.csv,ARIMA,IWD,0.00446429,0.00714373,0.00225668,0.00446429,0.00714373,0.00225668,"ARIMA(2, 0, 2)",0.00225668,-0.00220761,-0.00488705,0.0,2025-W25
adj_close.csv,ARIMA,IWD,0.01695966,0.01838198,0.02063866,0.01695966,0.01838198,0.02063866,"ARIMA(2, 0, 2)",0.02063866,0.003679,0.00225668,0.0,2025-W26
adj_close.csv,ARIMA,IWD,0.01909681,3.867e-05,0.02067733,0.01909681,3.867e-05,0.02067733,"ARIMA(2, 0, 2)",0.02067733,0.00158052,0.02063866,0.0,2025-W27
adj_close.csv,ARIMA,IWD,0.00894092,0.02631601,0.00563868,0.00894092,0.02631601,0.00563868,"ARIMA(2, 0, 2)",-0.00563868,0.00330224,0.02067733,0.0,2025-W28
adj_close.csv,ARIMA,IWD,0.00012719,0.00349687,0.0021418,0.00012719,0.00349687,0.0021418,"ARIMA(2, 0, 2)",-0.0021418,-0.00226899,-0.00563868,0.0,2025-W29
adj_close.csv,ARIMA,IWD,0.01720507,0.01834631,0.01620451,0.01720507,0.01834631,0.01620451,"ARIMA(2, 0, 2)",0.01620451,-0.00100056,-0.0021418,0.0,2025-W30
adj_close.csv,ARIMA,IWD,0.03316782,0.04846545,0.03226094,0.03316782,0.04846545,0.03226094,"ARIMA(2, 0, 2)",-0.03226094,0.00090688,0.01620451,0.0,2025-W31
adj_close.csv,ARIMA,IWD,0.01120129,0.04719358,0.01493264,0.01120129,0.04719358,0.01493264,"ARIMA(2, 0, 2)",0.01493264,0.00373136,-0.03226094,0.0,2025-W32
adj_close.csv,ARIMA,IWD,0.01448546,0.00158056,0.01335209,0.01448546,0.00158056,0.01335209,"ARIMA(2, 0, 2)",0.01335209,-0.00113337,0.01493264,0.0,2025-W33
adj_close.csv,ARIMA,IWD,0.02162728,0.00404583,0.01739792,0.02162728,0.00404583,0.01739792,"ARIMA(2, 0, 2)",0.01739792,-0.00422936,0.01335209,0.0,2025-W34
adj_close.csv,ARIMA,IWD,0.00465444,0.01809207,0.00069415,0.00465444,0.01809207,0.00069415,"ARIMA(2, 0, 2)",-0.00069415,-0.00534859,0.01739792,0.0,2025-W35
adj_close.csv,ARIMA,IWD,0.00094079,0.00049569,0.00019846,0.00094079,0.00049569,0.00019846,"ARIMA(2, 0, 2)",-0.00019846,-0.00113925,-0.00069415,0.0,2025-W36
adj_close.csv,ARIMA,IWD,0.00350013,0.00534427,0.00514581,0.00350013,0.00534427,0.00514581,"ARIMA(2, 0, 2)",0.00514581,0.00164567,-0.00019846,0.0,2025-W37
adj_close.csv,ARIMA,IWD,0.00263482,8.06e-06,0.00515387,0.00263482,8.06e-06,0.00515387,"ARIMA(2, 0, 2)",0.00515387,0.00251905,0.00514581,0.0,2025-W38
adj_close.csv,ARIMA,IWD,0.00550009,0.00411878,0.00103509,0.00550009,0.00411878,0.00103509,"ARIMA(2, 0, 2)",0.00103509,-0.004465,0.00515387,0.0,2025-W39
adj_close.csv,ARIMA,IWD,0.01180544,0.00867231,0.0097074,0.01180544,0.00867231,0.0097074,"ARIMA(2, 0, 2)",0.0097074,-0.00209805,0.00103509,0.0,2025-W40
adj_close.csv,ARIMA,IWD,0.02664527,0.03700882,0.02730142,0.02664527,0.03700882,0.02730142,"ARIMA(2, 0, 2)",-0.02730142,-0.00065615,0.0097074,0.0,2025-W41
adj_close.csv,ARIMA,IWD,0.01223006,0.04420548,0.01690406,0.01223006,0.04420548,0.01690406,"ARIMA(2, 0, 2)",0.01690406,0.004674,-0.02730142,0.0,2025-W42
adj_close.csv,ARIMA,IWD,0.01708879,9.86e-06,0.01691392,0.01708879,9.86e-06,0.01691392,"ARIMA(2, 0, 2)",0.01691392,-0.00017488,0.01690406,0.0,2025-W43
adj_close.csv,ARIMA,IWD,0.00667477,0.02533508,0.00842116,0.00667477,0.02533508,0.00842116,"ARIMA(2, 0, 2)",-0.00842116,-0.0017464,0.01691392,0.0,2025-W44
adj_close.csv,ARIMA,IWD,0.00056737,0.00768759,0.00073358,0.00056737,0.00768759,0.00073358,"ARIMA(2, 0, 2)",-0.00073358,-0.00016621,-0.00842116,0.0,2025-W45
adj_close.csv,ARIMA,IWD,0.00039102,0.00254195,0.00180838,0.00039102,0.00254195,0.00180838,"ARIMA(2, 0, 2)",0.00180838,0.00219939,-0.00073358,0.0,2025-W46
adj_close.csv,ARIMA,IWD,0.00805292,0.01039044,0.00858206,0.00805292,0.01039044,0.00858206,"ARIMA(2, 0, 2)",-0.00858206,-0.00052914,0.00180838,0.0,2025-W47
adj_close.csv,ARIMA,IWD,0.03080154,0.04219136,0.0336093,0.03080154,0.04219136,0.0336093,"ARIMA(2, 0, 2)",0.0336093,0.00280776,-0.00858206,0.0,2025-W48
adj_close.csv,ARIMA,IWD,0.00428041,0.03127849,0.00233081,0.00428041,0.03127849,0.00233081,"ARIMA(2, 0, 2)",0.00233081,-0.0019496,0.0336093,0.0,2025-W49
adj_close.csv,ARIMA,IWD,0.0078339,0.00392129,0.0062521,0.0078339,0.00392129,0.0062521,"ARIMA(2, 0, 2)",0.0062521,-0.0015818,0.00233081,0.0,2025-W50
adj_close.csv,ARIMA,IWD,0.00364491,0.01049545,0.00424335,0.00364491,0.01049545,0.00424335,"ARIMA(2, 0, 2)",-0.00424335,-0.00059844,0.0062521,0.0,2025-W51
adj_close.csv,ARIMA,IWD,0.01217529,0.01641404,0.01217069,0.01217529,0.01641404,0.01217069,"ARIMA(2, 0, 2)",0.01217069,-4.6e-06,-0.00424335,0.0,2025-W52
adj_close.csv,ARIMA,IWD,0.00258824,0.01334813,0.00117744,0.00258824,0.01334813,0.00117744,"ARIMA(2, 0, 2)",-0.00117744,-0.00376568,0.01217069,0.0,2026-W01
adj_close.csv,ARIMA,IWD,0.02607761,0.02626077,0.02508333,0.02607761,0.02626077,0.02508333,"ARIMA(2, 0, 2)",0.02508333,-0.00099428,-0.00117744,0.0,2026-W02
adj_close.csv,ARIMA,IWD,0.00392073,0.01866978,0.00641355,0.00392073,0.01866978,0.00641355,"ARIMA(2, 0, 2)",0.00641355,0.00249282,0.02508333,0.0,2026-W03
adj_close.csv,ARIMA,IWD,0.00104242,0.00874518,0.00233163,0.00104242,0.00874518,0.00233163,"ARIMA(2, 0, 2)",-0.00233163,-0.00128922,0.00641355,0.0,2026-W04
adj_close.csv,ARIMA,IWD,0.00629875,0.00862816,0.00629653,0.00629875,0.00862816,0.00629653,"ARIMA(2, 0, 2)",0.00629653,-2.23e-06,-0.00233163,0.0,2026-W05
adj_close.csv,ARIMA,IWD,0.01093251,0.00190227,0.0081988,0.01093251,0.00190227,0.0081988,"ARIMA(2, 0, 2)",0.0081988,-0.00273371,0.00629653,0.0,2026-W06
adj_close.csv,ARIMA,IWF,0.02622641,0.0172819,0.02372473,0.02622641,0.0172819,0.02372473,"ARIMA(1, 0, 0)",-0.02372473,0.00250168,-0.04100663,0.0,2024-W30
adj_close.csv,ARIMA,IWF,0.0273445,0.00234762,0.02607234,0.0273445,0.00234762,0.02607234,"ARIMA(1, 0, 0)",-0.02607234,0.00127215,-0.02372473,0.0,2024-W31
adj_close.csv,ARIMA,IWF,0.00312499,0.03047966,0.00440731,0.00312499,0.03047966,0.00440731,"ARIMA(1, 0, 0)",0.00440731,0.00128233,-0.02607234,0.0,2024-W32
adj_close.csv,ARIMA,IWF,0.05112332,0.0464968,0.05090411,0.05112332,0.0464968,0.05090411,"ARIMA(1, 0, 0)",0.05090411,-0.00021921,0.00440731,0.0,2024-W33
adj_close.csv,ARIMA,IWF,0.01453374,0.03882416,0.01207995,0.01453374,0.03882416,0.01207995,"ARIMA(1, 0, 0)",0.01207995,-0.00245379,0.05090411,0.0,2024-W34
adj_close.csv,ARIMA,IWF,0.00670249,0.01930495,0.007225,0.00670249,0.01930495,0.007225,"ARIMA(1, 0, 0)",-0.007225,-0.00052251,0.01207995,0.0,2024-W35
adj_close.csv,ARIMA,IWF,0.0546878,0.04714638,0.05437138,0.0546878,0.04714638,0.05437138,"ARIMA(1, 0, 0)",-0.05437138,0.00031642,-0.007225,0.0,2024-W36
adj_close.csv,ARIMA,IWF,0.0560117,0.11262077,0.05824939,0.0560117,0.11262077,0.05824939,"ARIMA(1, 0, 0)",0.05824939,0.00223769,-0.05437138,0.0,2024-W37
adj_close.csv,ARIMA,IWF,0.0201836,0.04162537,0.01662402,0.0201836,0.04162537,0.01662402,"ARIMA(1, 0, 0)",0.01662402,-0.00355958,0.05824939,0.0,2024-W38
adj_close.csv,ARIMA,IWF,0.00398716,0.01352747,0.00309655,0.00398716,0.01352747,0.00309655,"ARIMA(1, 0, 0)",0.00309655,-0.00089061,0.01662402,0.0,2024-W39
adj_close.csv,ARIMA,IWF,0.00315762,0.00010351,0.00299304,0.00315762,0.00010351,0.00299304,"ARIMA(1, 0, 0)",0.00299304,-0.00016458,0.00309655,0.0,2024-W40
adj_close.csv,ARIMA,IWF,0.01409754,0.01094561,0.01393864,0.01409754,0.01094561,0.01393864,"ARIMA(1, 0, 0)",0.01393864,-0.00015889,0.00299304,0.0,2024-W41
adj_close.csv,ARIMA,IWF,0.00810345,0.00657139,0.00736725,0.00810345,0.00657139,0.00736725,"ARIMA(1, 0, 0)",0.00736725,-0.0007362,0.01393864,0.0,2024-W42
adj_close.csv,ARIMA,IWF,0.00025312,0.00749793,0.00013068,0.00025312,0.00749793,0.00013068,"ARIMA(1, 0, 0)",-0.00013068,-0.0003838,0.00736725,0.0,2024-W43
adj_close.csv,ARIMA,IWF,0.01569996,0.01556248,0.01569316,0.01569996,0.01556248,0.01569316,"ARIMA(1, 0, 0)",-0.01569316,6.81e-06,-0.00013068,0.0,2024-W44
adj_close.csv,ARIMA,IWF,0.0554755,0.07198581,0.05629266,0.0554755,0.07198581,0.05629266,"ARIMA(1, 0, 0)",0.05629266,0.00081715,-0.01569316,0.0,2024-W45
adj_close.csv,ARIMA,IWF,0.02494513,0.0844815,0.02818885,0.02494513,0.0844815,0.02818885,"ARIMA(1, 0, 0)",-0.02818885,-0.00324372,0.05629266,0.0,2024-W46
adj_close.csv,ARIMA,IWF,0.0149387,0.04499929,0.01681045,0.0149387,0.04499929,0.01681045,"ARIMA(1, 0, 0)",0.01681045,0.00187174,-0.02818885,0.0,2024-W47
adj_close.csv,ARIMA,IWF,0.01191124,0.00605946,0.01075099,0.01191124,0.00605946,0.01075099,"ARIMA(1, 0, 0)",0.01075099,-0.00116025,0.01681045,0.0,2024-W48
adj_close.csv,ARIMA,IWF,0.03623705,0.0247574,0.03550839,0.03623705,0.0247574,0.03550839,"ARIMA(1, 0, 0)",0.03550839,-0.00072866,0.01075099,0.0,2024-W49
adj_close.csv,ARIMA,IWF,0.0053687,0.03246048,0.00304791,0.0053687,0.03246048,0.00304791,"ARIMA(1, 0, 0)",0.00304791,-0.00232079,0.03550839,0.0,2024-W50
adj_close.csv,ARIMA,IWF,0.01512602,0.01836956,0.01532165,0.01512602,0.01836956,0.01532165,"ARIMA(1, 0, 0)",-0.01532165,-0.00019563,0.00304791,0.0,2024-W51
adj_close.csv,ARIMA,IWF,0.00576518,0.0220746,0.00675295,0.00576518,0.0220746,0.00675295,"ARIMA(1, 0, 0)",0.00675295,0.00098777,-0.01532165,0.0,2024-W52
adj_close.csv,ARIMA,IWF,0.00660853,0.01380051,0.00704756,0.00660853,0.01380051,0.00704756,"ARIMA(1, 0, 0)",-0.00704756,-0.00043902,0.00675295,0.0,2025-W01
adj_close.csv,ARIMA,IWF,0.02296026,0.0154526,0.02250015,0.02296026,0.0154526,0.02250015,"ARIMA(1, 0, 0)",-0.02250015,0.00046011,-0.00704756,0.0,2025-W02
adj_close.csv,ARIMA,IWF,0.02048864,0.04443538,0.02193523,0.02048864,0.04443538,0.02193523,"ARIMA(1, 0, 0)",0.02193523,0.00144658,-0.02250015,0.0,2025-W03
adj_close.csv,ARIMA,IWF,0.02216663,0.00124079,0.02069444,0.02216663,0.00124079,0.02069444,"ARIMA(1, 0, 0)",0.02069444,-0.0014722,0.02193523,0.0,2025-W04
adj_close.csv,ARIMA,IWF,0.0136582,0.03568012,0.01498568,0.0136582,0.03568012,0.01498568,"ARIMA(1, 0, 0)",-0.01498568,-0.00132747,0.02069444,0.0,2025-W05
adj_close.csv,ARIMA,IWF,0.00392319,0.01204956,0.00293612,0.00392319,0.01204956,0.00293612,"ARIMA(1, 0, 0)",-0.00293612,0.00098707,-0.01498568,0.0,2025-W06
adj_close.csv,ARIMA,IWF,0.01984517,0.02297363,0.02003751,0.01984517,0.02297363,0.02003751,"ARIMA(1, 0, 0)",0.02003751,0.00019235,-0.00293612,0.0,2025-W07
adj_close.csv,ARIMA,IWF,0.02666383,0.04802111,0.0279836,0.02666383,0.04802111,0.0279836,"ARIMA(1, 0, 0)",-0.0279836,-0.00131976,0.02003751,0.0,2025-W08
adj_close.csv,ARIMA,IWF,0.02765184,0.0022656,0.025718,0.02765184,0.0022656,0.025718,"ARIMA(1, 0, 0)",-0.025718,0.00193384,-0.0279836,0.0,2025-W09
adj_close.csv,ARIMA,IWF,0.04238937,0.01501427,0.04073227,0.04238937,0.01501427,0.04073227,"ARIMA(1, 0, 0)",-0.04073227,0.0016571,-0.025718,0.0,2025-W10
adj_close.csv,ARIMA,IWF,0.0281593,0.01493042,0.02580185,0.0281593,0.01493042,0.02580185,"ARIMA(1, 0, 0)",-0.02580185,0.00235746,-0.04073227,0.0,2025-W11
adj_close.csv,ARIMA,IWF,0.00164692,0.02876586,0.00296401,0.00164692,0.02876586,0.00296401,"ARIMA(1, 0, 0)",0.00296401,0.00131709,-0.02580185,0.0,2025-W12
adj_close.csv,ARIMA,IWF,0.02547774,0.0285938,0.02562979,0.02547774,0.0285938,0.02562979,"ARIMA(1, 0, 0)",-0.02562979,-0.00015205,0.00296401,0.0,2025-W13
adj_close.csv,ARIMA,IWF,0.10304455,0.07608851,0.1017183,0.10304455,0.07608851,0.1017183,"ARIMA(1, 0, 0)",-0.1017183,0.00132625,-0.02562979,0.0,2025-W14
adj_close.csv,ARIMA,IWF,0.06842926,0.17382394,0.07210564,0.06842926,0.17382394,0.07210564,"ARIMA(1, 0, 0)",0.07210564,0.00367638,-0.1017183,0.0,2025-W15
adj_close.csv,ARIMA,IWF,0.01889072,0.09639691,0.02429127,0.01889072,0.09639691,0.02429127,"ARIMA(1, 0, 0)",-0.02429127,-0.00540056,0.07210564,0.0,2025-W16
adj_close.csv,ARIMA,IWF,0.06359701,0.0898867,0.06559542,0.06359701,0.0898867,0.06559542,"ARIMA(1, 0, 0)",0.06559542,0.00199841,-0.02429127,0.0,2025-W17
adj_close.csv,ARIMA,IWF,0.03870811,0.03283036,0.03276506,0.03870811,0.03283036,0.03276506,"ARIMA(1, 0, 0)",0.03276506,-0.00594304,0.06559542,0.0,2025-W18
adj_close.csv,ARIMA,IWF,0.00327031,0.03856537,0.00580031,0.00327031,0.03856537,0.00580031,"ARIMA(1, 0, 0)",-0.00580031,-0.00253,0.03276506,0.0,2025-W19
adj_close.csv,ARIMA,IWF,0.06812356,0.07437501,0.0685747,0.06812356,0.07437501,0.0685747,"ARIMA(1, 0, 0)",0.0685747,0.00045114,-0.00580031,0.0,2025-W20
adj_close.csv,ARIMA,IWF,0.02167421,0.09572454,0.02714984,0.02167421,0.09572454,0.02714984,"ARIMA(1, 0, 0)",-0.02714984,-0.00547562,0.0685747,0.0,2025-W21
adj_close.csv,ARIMA,IWF,0.01998019,0.04950431,0.02235448,0.01998019,0.04950431,0.02235448,"ARIMA(1, 0, 0)",0.02235448,0.00237429,-0.02714984,0.0,2025-W22
adj_close.csv,ARIMA,IWF,0.02219087,0.00218033,0.02017415,0.02219087,0.00218033,0.02017415,"ARIMA(1, 0, 0)",0.02017415,-0.00201672,0.02235448,0.0,2025-W23
adj_close.csv,ARIMA,IWF,0.00315009,0.0250934,0.00491925,0.00315009,0.0250934,0.00491925,"ARIMA(1, 0, 0)",-0.00491925,-0.00176916,0.02017415,0.0,2025-W24
adj_close.csv,ARIMA,IWF,0.00539611,4.389e-05,0.00496313,0.00539611,4.389e-05,0.00496313,"ARIMA(1, 0, 0)",-0.00496313,0.00043298,-0.00491925,0.0,2025-W25
adj_close.csv,ARIMA,IWF,0.04449969,0.04989899,0.04493586,0.04449969,0.04989899,0.04493586,"ARIMA(1, 0, 0)",0.04493586,0.00043617,-0.00496313,0.0,2025-W26
adj_close.csv,ARIMA,IWF,0.019459,0.02947623,0.01545962,0.019459,0.02947623,0.01545962,"ARIMA(1, 0, 0)",0.01545962,-0.00399938,0.04493586,0.0,2025-W27
adj_close.csv,ARIMA,IWF,0.00032766,0.01709536,0.00163574,0.00032766,0.01709536,0.00163574,"ARIMA(1, 0, 0)",-0.00163574,-0.00130808,0.01545962,0.0,2025-W28
adj_close.csv,ARIMA,IWF,0.01538695,0.01716113,0.01552539,0.01538695,0.01716113,0.01552539,"ARIMA(1, 0, 0)",0.01552539,0.00013845,-0.00163574,0.0,2025-W29
adj_close.csv,ARIMA,IWF,0.0141745,0.0026669,0.0128585,0.0141745,0.0026669,0.0128585,"ARIMA(1, 0, 0)",0.0128585,-0.001316,0.01552539,0.0,2025-W30
adj_close.csv,ARIMA,IWF,0.01720895,0.03114322,0.01828472,0.01720895,0.03114322,0.01828472,"ARIMA(1, 0, 0)",-0.01828472,-0.00107577,0.0128585,0.0,2025-W31
adj_close.csv,ARIMA,IWF,0.0303948,0.05022951,0.03194479,0.0303948,0.05022951,0.03194479,"ARIMA(1, 0, 0)",0.03194479,0.00154999,-0.01828472,0.0,2025-W32
adj_close.csv,ARIMA,IWF,0.0096798,0.02506162,0.00688317,0.0096798,0.02506162,0.00688317,"ARIMA(1, 0, 0)",0.00688317,-0.00279662,0.03194479,0.0,2025-W33
adj_close.csv,ARIMA,IWF,0.00779477,0.01526995,0.00838678,0.00779477,0.01526995,0.00838678,"ARIMA(1, 0, 0)",-0.00838678,-0.00059201,0.00688317,0.0,2025-W34
adj_close.csv,ARIMA,IWF,1.726e-05,0.00912761,0.00074083,1.726e-05,0.00912761,0.00074083,"ARIMA(1, 0, 0)",0.00074083,0.00072357,-0.00838678,0.0,2025-W35
adj_close.csv,ARIMA,IWF,0.00833324,0.0075285,0.00826933,0.00833324,0.0075285,0.00826933,"ARIMA(1, 0, 0)",0.00826933,-6.392e-05,0.00074083,0.0,2025-W36
adj_close.csv,ARIMA,IWF,0.02457548,0.01559296,0.02386229,0.02457548,0.01559296,0.02386229,"ARIMA(1, 0, 0)",0.02386229,-0.00071319,0.00826933,0.0,2025-W37
adj_close.csv,ARIMA,IWF,0.02128746,0.00460877,0.01925352,0.02128746,0.00460877,0.01925352,"ARIMA(1, 0, 0)",0.01925352,-0.00203394,0.02386229,0.0,2025-W38
adj_close.csv,ARIMA,IWF,0.00657028,0.02741648,0.00816296,0.00657028,0.02741648,0.00816296,"ARIMA(1, 0, 0)",-0.00816296,-0.00159268,0.01925352,0.0,2025-W39
adj_close.csv,ARIMA,IWF,0.01023141,0.01907473,0.01091177,0.01023141,0.01907473,0.01091177,"ARIMA(1, 0, 0)",0.01091177,0.00068036,-0.00816296,0.0,2025-W40
adj_close.csv,ARIMA,IWF,0.02161739,0.03344312,0.02253135,0.02161739,0.03344312,0.02253135,"ARIMA(1, 0, 0)",-0.02253135,-0.00091396,0.01091177,0.0,2025-W41
adj_close.csv,ARIMA,IWF,0.01459908,0.03904388,0.01651253,0.01459908,0.03904388,0.01651253,"ARIMA(1, 0, 0)",0.01651253,0.00191345,-0.02253135,0.0,2025-W42
adj_close.csv,ARIMA,IWF,0.02275758,0.00481599,0.02132852,0.02275758,0.00481599,0.02132852,"ARIMA(1, 0, 0)",0.02132852,-0.00142906,0.01651253,0.0,2025-W43
adj_close.csv,ARIMA,IWF,0.01923576,0.00389919,0.01742933,0.01923576,0.00389919,0.01742933,"ARIMA(1, 0, 0)",0.01742933,-0.00180643,0.02132852,0.0,2025-W44
adj_close.csv,ARIMA,IWF,0.02813234,0.04700277,0.02957344,0.02813234,0.04700277,0.02957344,"ARIMA(1, 0, 0)",-0.02957344,-0.0014411,0.01742933,0.0,2025-W45
adj_close.csv,ARIMA,IWF,0.00357746,0.02851223,0.0010612,0.00357746,0.02851223,0.0010612,"ARIMA(1, 0, 0)",-0.0010612,0.00251625,-0.02957344,0.0,2025-W46
adj_close.csv,ARIMA,IWF,0.02880369,0.02765274,0.02871394,0.02880369,0.02765274,0.02871394,"ARIMA(1, 0, 0)",-0.02871394,8.974e-05,-0.0010612,0.0,2025-W47
adj_close.csv,ARIMA,IWF,0.03794334,0.0690813,0.04036736,0.03794334,0.0690813,0.04036736,"ARIMA(1, 0, 0)",0.04036736,0.00242402,-0.02871394,0.0,2025-W48
adj_close.csv,ARIMA,IWF,0.00854165,0.03544723,0.00492012,0.00854165,0.03544723,0.00492012,"ARIMA(1, 0, 0)",0.00492012,-0.00362153,0.04036736,0.0,2025-W49
adj_close.csv,ARIMA,IWF,0.01522764,0.02058099,0.01566086,0.01522764,0.02058099,0.01566086,"ARIMA(1, 0, 0)",-0.01566086,-0.00043323,0.00492012,0.0,2025-W50
adj_close.csv,ARIMA,IWF,0.00415589,0.02120138,0.00554052,0.00415589,0.02120138,0.00554052,"ARIMA(1, 0, 0)",0.00554052,0.00138462,-0.01566086,0.0,2025-W51
adj_close.csv,ARIMA,IWF,0.01481302,0.00878091,0.01432143,0.01481302,0.00878091,0.01432143,"ARIMA(1, 0, 0)",0.01432143,-0.00049159,0.00554052,0.0,2025-W52
adj_close.csv,ARIMA,IWF,0.01673791,0.03232436,0.01800294,0.01673791,0.03232436,0.01800294,"ARIMA(1, 0, 0)",-0.01800294,-0.00126503,0.01432143,0.0,2026-W01
adj_close.csv,ARIMA,IWF,0.00771454,0.02732845,0.00932552,0.00771454,0.02732845,0.00932552,"ARIMA(1, 0, 0)",0.00932552,0.00161098,-0.01800294,0.0,2026-W02
adj_close.csv,ARIMA,IWF,0.01098926,0.02115549,0.01182997,0.01098926,0.02115549,0.01182997,"ARIMA(1, 0, 0)",-0.01182997,-0.00084071,0.00932552,0.0,2026-W03
adj_close.csv,ARIMA,IWF,0.00601454,0.00688774,0.00494223,0.00601454,0.00688774,0.00494223,"ARIMA(1, 0, 0)",-0.00494223,0.00107231,-0.01182997,0.0,2026-W04
adj_close.csv,ARIMA,IWF,0.00539165,3.13e-06,0.00494536,0.00539165,3.13e-06,0.00494536,"ARIMA(1, 0, 0)",-0.00494536,0.00044629,-0.00494223,0.0,2026-W05
adj_close.csv,ARIMA,IWF,0.00283229,0.00822359,0.00327823,0.00283229,0.00822359,0.00327823,"ARIMA(1, 0, 0)",0.00327823,0.00044594,-0.00494536,0.0,2026-W06
adj_close.csv,ARIMA,IWM,0.03193178,0.01625752,0.03346799,0.03193178,0.01625752,0.03346799,"ARIMA(2, 0, 2)",0.03346799,0.00153621,0.01721048,0.0,2024-W30
adj_close.csv,ARIMA,IWM,0.0660629,0.10414425,0.07067626,0.0660629,0.10414425,0.07067626,"ARIMA(2, 0, 2)",-0.07067626,-0.00461335,0.03346799,0.0,2024-W31
adj_close.csv,ARIMA,IWM,0.01588829,0.05883156,0.0118447,0.01588829,0.05883156,0.0118447,"ARIMA(2, 0, 2)",-0.0118447,0.00404359,-0.07067626,0.0,2024-W32
adj_close.csv,ARIMA,IWM,0.03172855,0.04115055,0.02930585,0.03172855,0.04115055,0.02930585,"ARIMA(2, 0, 2)",0.02930585,-0.00242271,-0.0118447,0.0,2024-W33
adj_close.csv,ARIMA,IWM,0.0371482,0.00663503,0.03594087,0.0371482,0.00663503,0.03594087,"ARIMA(2, 0, 2)",0.03594087,-0.00120732,0.02930585,0.0,2024-W34
adj_close.csv,ARIMA,IWM,0.00447817,0.03730318,0.00136231,0.00447817,0.03730318,0.00136231,"ARIMA(2, 0, 2)",-0.00136231,0.00311587,0.03594087,0.0,2024-W35
adj_close.csv,ARIMA,IWM,0.0525004,0.05557173,0.05693404,0.0525004,0.05557173,0.05693404,"ARIMA(2, 0, 2)",-0.05693404,-0.00443364,-0.00136231,0.0,2024-W36
adj_close.csv,ARIMA,IWM,0.04044854,0.09899057,0.04205653,0.04044854,0.09899057,0.04205653,"ARIMA(2, 0, 2)",0.04205653,0.00160799,-0.05693404,0.0,2024-W37
adj_close.csv,ARIMA,IWM,0.0278545,0.02043162,0.02162492,0.0278545,0.02043162,0.02162492,"ARIMA(2, 0, 2)",0.02162492,-0.00622958,0.04205653,0.0,2024-W38
adj_close.csv,ARIMA,IWM,0.00035557,0.02383051,0.00220559,0.00035557,0.02383051,0.00220559,"ARIMA(2, 0, 2)",-0.00220559,-0.00256116,0.02162492,0.0,2024-W39
adj_close.csv,ARIMA,IWM,0.00459273,0.00316447,0.00537006,0.00459273,0.00316447,0.00537006,"ARIMA(2, 0, 2)",-0.00537006,-0.00077733,-0.00220559,0.0,2024-W40
adj_close.csv,ARIMA,IWM,0.01058908,0.01495216,0.0095821,0.01058908,0.01495216,0.0095821,"ARIMA(2, 0, 2)",0.0095821,-0.00100699,-0.00537006,0.0,2024-W41
adj_close.csv,ARIMA,IWM,0.0224037,0.01006459,0.01964669,0.0224037,0.01006459,0.01964669,"ARIMA(2, 0, 2)",0.01964669,-0.00275701,0.0095821,0.0,2024-W42
adj_close.csv,ARIMA,IWM,0.02551777,0.05006251,0.03041582,0.02551777,0.05006251,0.03041582,"ARIMA(2, 0, 2)",-0.03041582,-0.00489805,0.01964669,0.0,2024-W43
adj_close.csv,ARIMA,IWM,0.00229961,0.03082688,0.00041105,0.00229961,0.03082688,0.00041105,"ARIMA(2, 0, 2)",0.00041105,0.00271067,-0.03041582,0.0,2024-W44
adj_close.csv,ARIMA,IWM,0.08537571,0.08338331,0.08379437,0.08537571,0.08338331,0.08379437,"ARIMA(2, 0, 2)",0.08379437,-0.00158135,0.00041105,0.0,2024-W45
adj_close.csv,ARIMA,IWM,0.03310717,0.12512044,0.04132607,0.03310717,0.12512044,0.04132607,"ARIMA(2, 0, 2)",-0.04132607,-0.0082189,0.08379437,0.0,2024-W46
adj_close.csv,ARIMA,IWM,0.04732303,0.08537815,0.04405207,0.04732303,0.08537815,0.04405207,"ARIMA(2, 0, 2)",0.04405207,-0.00327096,-0.04132607,0.0,2024-W47
adj_close.csv,ARIMA,IWM,0.01974984,0.03115253,0.01289955,0.01974984,0.03115253,0.01289955,"ARIMA(2, 0, 2)",0.01289955,-0.00685029,0.04405207,0.0,2024-W48
adj_close.csv,ARIMA,IWM,0.00500006,0.02512924,0.0122297,0.00500006,0.02512924,0.0122297,"ARIMA(2, 0, 2)",-0.0122297,-0.00722964,0.01289955,0.0,2024-W49
adj_close.csv,ARIMA,IWM,0.02013419,0.01260203,0.02483172,0.02013419,0.01260203,0.02483172,"ARIMA(2, 0, 2)",-0.02483172,-0.00469753,-0.0122297,0.0,2024-W50
adj_close.csv,ARIMA,IWM,0.04376511,0.02122546,0.04605719,0.04376511,0.02122546,0.04605719,"ARIMA(2, 0, 2)",-0.04605719,-0.00229208,-0.02483172,0.0,2024-W51
adj_close.csv,ARIMA,IWM,0.00029196,0.04817273,0.00211554,0.00029196,0.04817273,0.00211554,"ARIMA(2, 0, 2)",0.00211554,0.00240751,-0.04605719,0.0,2024-W52
adj_close.csv,ARIMA,IWM,0.00742658,0.00701567,0.00913121,0.00742658,0.00701567,0.00913121,"ARIMA(2, 0, 2)",0.00913121,0.00170463,0.00211554,0.0,2025-W01
adj_close.csv,ARIMA,IWM,0.03522058,0.04358131,0.0344501,0.03522058,0.04358131,0.0344501,"ARIMA(2, 0, 2)",-0.0344501,0.00077048,0.00913121,0.0,2025-W02
adj_close.csv,ARIMA,IWM,0.03563091,0.07347929,0.03902919,0.03563091,0.07347929,0.03902919,"ARIMA(2, 0, 2)",0.03902919,0.00339827,-0.0344501,0.0,2025-W03
adj_close.csv,ARIMA,IWM,0.01481058,0.02480465,0.01422453,0.01481058,0.02480465,0.01422453,"ARIMA(2, 0, 2)",0.01422453,-0.00058605,0.03902919,0.0,2025-W04
adj_close.csv,ARIMA,IWM,0.00813852,0.02393527,0.00971074,0.00813852,0.02393527,0.00971074,"ARIMA(2, 0, 2)",-0.00971074,-0.00157222,0.01422453,0.0,2025-W05
adj_close.csv,ARIMA,IWM,0.00148775,0.00758906,0.00212168,0.00148775,0.00758906,0.00212168,"ARIMA(2, 0, 2)",-0.00212168,-0.00063392,-0.00971074,0.0,2025-W06
adj_close.csv,ARIMA,IWM,0.00010292,0.00198901,0.00013267,0.00010292,0.00198901,0.00013267,"ARIMA(2, 0, 2)",-0.00013267,-2.974e-05,-0.00212168,0.0,2025-W07
adj_close.csv,ARIMA,IWM,0.03653296,0.03669238,0.03682505,0.03653296,0.03669238,0.03682505,"ARIMA(2, 0, 2)",-0.03682505,-0.00029209,-0.00013267,0.0,2025-W08
adj_close.csv,ARIMA,IWM,0.01840072,0.02225654,0.01456851,0.01840072,0.02225654,0.01456851,"ARIMA(2, 0, 2)",-0.01456851,0.00383221,-0.03682505,0.0,2025-W09
adj_close.csv,ARIMA,IWM,0.04462242,0.02680682,0.04137533,0.04462242,0.02680682,0.04137533,"ARIMA(2, 0, 2)",-0.04137533,0.00324708,-0.01456851,0.0,2025-W10
adj_close.csv,ARIMA,IWM,0.02207426,0.02640587,0.01496946,0.02207426,0.02640587,0.01496946,"ARIMA(2, 0, 2)",-0.01496946,0.0071048,-0.04137533,0.0,2025-W11
adj_close.csv,ARIMA,IWM,0.00095759,0.02163703,0.00666757,0.00095759,0.02163703,0.00666757,"ARIMA(2, 0, 2)",0.00666757,0.00762516,-0.01496946,0.0,2025-W12
adj_close.csv,ARIMA,IWM,0.02213173,0.02319288,0.01652531,0.02213173,0.02319288,0.01652531,"ARIMA(2, 0, 2)",-0.01652531,0.00560642,0.00666757,0.0,2025-W13
adj_close.csv,ARIMA,IWM,0.10758163,0.08449321,0.10101852,0.10758163,0.08449321,0.10101852,"ARIMA(2, 0, 2)",-0.10101852,0.00656311,-0.01652531,0.0,2025-W14
adj_close.csv,ARIMA,IWM,0.01449751,0.1183627,0.01734418,0.01449751,0.1183627,0.01734418,"ARIMA(2, 0, 2)",0.01734418,0.00284667,-0.10101852,0.0,2025-W15
adj_close.csv,ARIMA,IWM,0.01656736,0.0059106,0.01143358,0.01656736,0.0059106,0.01143358,"ARIMA(2, 0, 2)",0.01143358,-0.00513378,0.01734418,0.0,2025-W16
adj_close.csv,ARIMA,IWM,0.0394582,0.02871895,0.04015253,0.0394582,0.02871895,0.04015253,"ARIMA(2, 0, 2)",0.04015253,0.00069433,0.01143358,0.0,2025-W17
adj_close.csv,ARIMA,IWM,0.02825546,0.00791454,0.03223799,0.02825546,0.00791454,0.03223799,"ARIMA(2, 0, 2)",0.03223799,0.00398253,0.04015253,0.0,2025-W18
adj_close.csv,ARIMA,IWM,0.00016445,0.03059333,0.00164467,0.00016445,0.03059333,0.00164467,"ARIMA(2, 0, 2)",0.00164467,0.00148022,0.03223799,0.0,2025-W19
adj_close.csv,ARIMA,IWM,0.04277441,0.04238923,0.0440339,0.04277441,0.04238923,0.0440339,"ARIMA(2, 0, 2)",0.0440339,0.0012595,0.00164467,0.0,2025-W20
adj_close.csv,ARIMA,IWM,0.03253257,0.07939078,0.03535688,0.03253257,0.07939078,0.03535688,"ARIMA(2, 0, 2)",-0.03535688,-0.0028243,0.0440339,0.0,2025-W21
adj_close.csv,ARIMA,IWM,0.01126044,0.04767212,0.01231524,0.01126044,0.04767212,0.01231524,"ARIMA(2, 0, 2)",0.01231524,0.0010548,-0.03535688,0.0,2025-W22
adj_close.csv,ARIMA,IWM,0.03480533,0.02044774,0.03276298,0.03480533,0.02044774,0.03276298,"ARIMA(2, 0, 2)",0.03276298,-0.00204235,0.01231524,0.0,2025-W23
adj_close.csv,ARIMA,IWM,0.01223671,0.04706962,0.01430664,0.01223671,0.04706962,0.01430664,"ARIMA(2, 0, 2)",-0.01430664,-0.00206993,0.03276298,0.0,2025-W24
adj_close.csv,ARIMA,IWM,0.00575802,0.01859873,0.00429209,0.00575802,0.01859873,0.00429209,"ARIMA(2, 0, 2)",0.00429209,-0.00146593,-0.01430664,0.0,2025-W25
adj_close.csv,ARIMA,IWM,0.0306751,0.0252374,0.02952949,0.0306751,0.0252374,0.02952949,"ARIMA(2, 0, 2)",0.02952949,-0.0011456,0.00429209,0.0,2025-W26
adj_close.csv,ARIMA,IWM,0.03828352,0.00513287,0.03466236,0.03828352,0.00513287,0.03466236,"ARIMA(2, 0, 2)",0.03466236,-0.00362116,0.02952949,0.0,2025-W27
adj_close.csv,ARIMA,IWM,0.00098451,0.04086774,0.00620537,0.00098451,0.04086774,0.00620537,"ARIMA(2, 0, 2)",-0.00620537,-0.00522086,0.03466236,0.0,2025-W28
adj_close.csv,ARIMA,IWM,0.00597276,0.00904307,0.0028377,0.00597276,0.00904307,0.0028377,"ARIMA(2, 0, 2)",0.0028377,-0.00313506,-0.00620537,0.0,2025-W29
adj_close.csv,ARIMA,IWM,0.01288716,0.00634058,0.00917828,0.01288716,0.00634058,0.00917828,"ARIMA(2, 0, 2)",0.00917828,-0.00370888,0.0028377,0.0,2025-W30
adj_close.csv,ARIMA,IWM,0.04061208,0.05225347,0.04307519,0.04061208,0.05225347,0.04307519,"ARIMA(2, 0, 2)",-0.04307519,-0.00246311,0.00917828,0.0,2025-W31
adj_close.csv,ARIMA,IWM,0.02561246,0.06789036,0.02481517,0.02561246,0.06789036,0.02481517,"ARIMA(2, 0, 2)",0.02481517,-0.00079729,-0.04307519,0.0,2025-W32
adj_close.csv,ARIMA,IWM,0.03331216,0.00562638,0.03044155,0.03331216,0.00562638,0.03044155,"ARIMA(2, 0, 2)",0.03044155,-0.00287061,0.02481517,0.0,2025-W33
adj_close.csv,ARIMA,IWM,0.03785672,0.00289775,0.0333393,0.03785672,0.00289775,0.0333393,"ARIMA(2, 0, 2)",0.0333393,-0.00451742,0.03044155,0.0,2025-W34
adj_close.csv,ARIMA,IWM,0.00765479,0.03189249,0.00144681,0.00765479,0.03189249,0.00144681,"ARIMA(2, 0, 2)",0.00144681,-0.00620798,0.0333393,0.0,2025-W35
adj_close.csv,ARIMA,IWM,0.01625916,0.00954837,0.01099518,0.01625916,0.00954837,0.01099518,"ARIMA(2, 0, 2)",0.01099518,-0.00526398,0.00144681,0.0,2025-W36
adj_close.csv,ARIMA,IWM,0.00737413,0.00860086,0.00239432,0.00737413,0.00860086,0.00239432,"ARIMA(2, 0, 2)",0.00239432,-0.00497981,0.01099518,0.0,2025-W37
adj_close.csv,ARIMA,IWM,0.02586592,0.01971911,0.02211343,0.02586592,0.01971911,0.02211343,"ARIMA(2, 0, 2)",0.02211343,-0.00375249,0.00239432,0.0,2025-W38
adj_close.csv,ARIMA,IWM,0.00039975,0.02888585,0.00677242,0.00039975,0.02888585,0.00677242,"ARIMA(2, 0, 2)",-0.00677242,-0.00637267,0.02211343,0.0,2025-W39
adj_close.csv,ARIMA,IWM,0.02159845,0.02520598,0.01843356,0.02159845,0.02520598,0.01843356,"ARIMA(2, 0, 2)",0.01843356,-0.00316488,-0.00677242,0.0,2025-W40
adj_close.csv,ARIMA,IWM,0.03140475,0.05168591,0.03325235,0.03140475,0.05168591,0.03325235,"ARIMA(2, 0, 2)",-0.03325235,-0.00184759,0.01843356,0.0,2025-W41
adj_close.csv,ARIMA,IWM,0.02323442,0.05661172,0.02335937,0.02323442,0.05661172,0.02335937,"ARIMA(2, 0, 2)",0.02335937,0.00012495,-0.03325235,0.0,2025-W42
adj_close.csv,ARIMA,IWM,0.02932661,0.00107161,0.02443098,0.02932661,0.00107161,0.02443098,"ARIMA(2, 0, 2)",0.02443098,-0.00489563,0.02335937,0.0,2025-W43
adj_close.csv,ARIMA,IWM,0.00894861,0.03734322,0.01291224,0.00894861,0.03734322,0.01291224,"ARIMA(2, 0, 2)",-0.01291224,-0.00396362,0.02443098,0.0,2025-W44
adj_close.csv,ARIMA,IWM,0.01527596,0.00602894,0.01894118,0.01527596,0.00602894,0.01894118,"ARIMA(2, 0, 2)",-0.01894118,-0.00366522,-0.01291224,0.0,2025-W45
adj_close.csv,ARIMA,IWM,0.01460168,0.00169974,0.01724144,0.01460168,0.00169974,0.01724144,"ARIMA(2, 0, 2)",-0.01724144,-0.00263976,-0.01894118,0.0,2025-W46
adj_close.csv,ARIMA,IWM,0.00660024,0.00929348,0.00794796,0.00660024,0.00929348,0.00794796,"ARIMA(2, 0, 2)",-0.00794796,-0.00134772,-0.01724144,0.0,2025-W47
adj_close.csv,ARIMA,IWM,0.0533562,0.06226088,0.05431292,0.0533562,0.06226088,0.05431292,"ARIMA(2, 0, 2)",0.05431292,0.00095672,-0.00794796,0.0,2025-W48
adj_close.csv,ARIMA,IWM,0.01151055,0.04622507,0.00808785,0.01151055,0.04622507,0.00808785,"ARIMA(2, 0, 2)",0.00808785,-0.00342269,0.05431292,0.0,2025-W49
adj_close.csv,ARIMA,IWM,0.01567919,0.00411949,0.01220734,0.01567919,0.00411949,0.01220734,"ARIMA(2, 0, 2)",0.01220734,-0.00347185,0.00808785,0.0,2025-W50
adj_close.csv,ARIMA,IWM,0.00523478,0.02098719,0.00877985,0.00523478,0.02098719,0.00877985,"ARIMA(2, 0, 2)",-0.00877985,-0.00354507,0.01220734,0.0,2025-W51
adj_close.csv,ARIMA,IWM,0.00542283,0.01128878,0.00250893,0.00542283,0.01128878,0.00250893,"ARIMA(2, 0, 2)",0.00250893,-0.00291389,-0.00877985,0.0,2025-W52
adj_close.csv,ARIMA,IWM,0.00807275,0.0130648,0.01055587,0.00807275,0.0130648,0.01055587,"ARIMA(2, 0, 2)",-0.01055587,-0.00248312,0.00250893,0.0,2026-W01
adj_close.csv,ARIMA,IWM,0.04673737,0.0555528,0.04499693,0.04673737,0.0555528,0.04499693,"ARIMA(2, 0, 2)",0.04499693,-0.00174044,-0.01055587,0.0,2026-W02
adj_close.csv,ARIMA,IWM,0.02547299,0.02396915,0.02102779,0.02547299,0.02396915,0.02102779,"ARIMA(2, 0, 2)",0.02102779,-0.00444521,0.04499693,0.0,2026-W03
adj_close.csv,ARIMA,IWM,0.00063432,0.02460889,0.0035811,0.00063432,0.02460889,0.0035811,"ARIMA(2, 0, 2)",-0.0035811,-0.00421542,0.02102779,0.0,2026-W04
adj_close.csv,ARIMA,IWM,0.0158047,0.01609693,0.01967803,0.0158047,0.01609693,0.01967803,"ARIMA(2, 0, 2)",-0.01967803,-0.00387333,-0.0035811,0.0,2026-W05
adj_close.csv,ARIMA,IWM,0.01023822,0.02937475,0.00969672,0.01023822,0.02937475,0.00969672,"ARIMA(2, 0, 2)",0.00969672,-0.00054151,-0.01967803,0.0,2026-W06
adj_close.csv,ARIMA,JNK,0.00346439,0.00377482,0.00345994,0.00346439,0.00377482,0.00345994,"ARIMA(0, 0, 1)",0.00345994,-4.45e-06,-0.00031488,0.0,2024-W30
adj_close.csv,ARIMA,JNK,0.00220071,0.00584804,0.0023881,0.00220071,0.00584804,0.0023881,"ARIMA(0, 0, 1)",-0.0023881,-0.00018739,0.00345994,0.0,2024-W31
adj_close.csv,ARIMA,JNK,0.00261953,0.00512735,0.00273925,0.00261953,0.00512735,0.00273925,"ARIMA(0, 0, 1)",0.00273925,0.00011972,-0.0023881,0.0,2024-W32
adj_close.csv,ARIMA,JNK,0.01196129,0.00907888,0.01181813,0.01196129,0.00907888,0.01181813,"ARIMA(0, 0, 1)",0.01181813,-0.00014316,0.00273925,0.0,2024-W33
adj_close.csv,ARIMA,JNK,0.00768305,0.00477276,0.00704537,0.00768305,0.00477276,0.00704537,"ARIMA(0, 0, 1)",0.00704537,-0.00063768,0.01181813,0.0,2024-W34
adj_close.csv,ARIMA,JNK,3.722e-05,0.00745854,0.00041317,3.722e-05,0.00745854,0.00041317,"ARIMA(0, 0, 1)",-0.00041317,-0.00037595,0.00704537,0.0,2024-W35
adj_close.csv,ARIMA,JNK,0.00204159,0.0024568,0.00204362,0.00204159,0.0024568,0.00204362,"ARIMA(0, 0, 1)",0.00204362,2.04e-06,-0.00041317,0.0,2024-W36
adj_close.csv,ARIMA,JNK,0.0058866,0.00374363,0.00578725,0.0058866,0.00374363,0.00578725,"ARIMA(0, 0, 1)",0.00578725,-9.934e-05,0.00204362,0.0,2024-W37
adj_close.csv,ARIMA,JNK,0.0073675,0.00129697,0.00708423,0.0073675,0.00129697,0.00708423,"ARIMA(0, 0, 1)",0.00708423,-0.00028327,0.00578725,0.0,2024-W38
adj_close.csv,ARIMA,JNK,0.00085137,0.00657283,0.0005114,0.00085137,0.00657283,0.0005114,"ARIMA(0, 0, 1)",0.0005114,-0.00033998,0.00708423,0.0,2024-W39
adj_close.csv,ARIMA,JNK,0.00317392,0.00372432,0.00321293,0.00317392,0.00372432,0.00321293,"ARIMA(0, 0, 1)",-0.00321293,-3.901e-05,0.0005114,0.0,2024-W40
adj_close.csv,ARIMA,JNK,0.00179774,0.00156151,0.00165142,0.00179774,0.00156151,0.00165142,"ARIMA(0, 0, 1)",-0.00165142,0.00014631,-0.00321293,0.0,2024-W41
adj_close.csv,ARIMA,JNK,0.0030122,0.00474603,0.00309461,0.0030122,0.00474603,0.00309461,"ARIMA(0, 0, 1)",0.00309461,8.241e-05,-0.00165142,0.0,2024-W42
adj_close.csv,ARIMA,JNK,0.00740818,0.01064167,0.00754706,0.00740818,0.01064167,0.00754706,"ARIMA(0, 0, 1)",-0.00754706,-0.00013888,0.00309461,0.0,2024-W43
adj_close.csv,ARIMA,JNK,0.00127418,0.0066213,0.00092576,0.00127418,0.0066213,0.00092576,"ARIMA(0, 0, 1)",-0.00092576,0.00034842,-0.00754706,0.0,2024-W44
adj_close.csv,ARIMA,JNK,0.01373662,0.01472169,0.01379593,0.01373662,0.01472169,0.01379593,"ARIMA(0, 0, 1)",0.01379593,5.93e-05,-0.00092576,0.0,2024-W45
adj_close.csv,ARIMA,JNK,0.00668738,0.02113699,0.00734106,0.00668738,0.02113699,0.00734106,"ARIMA(0, 0, 1)",-0.00734106,-0.00065368,0.01379593,0.0,2024-W46
adj_close.csv,ARIMA,JNK,0.00266321,0.01034601,0.00300495,0.00266321,0.01034601,0.00300495,"ARIMA(0, 0, 1)",0.00300495,0.00034174,-0.00734106,0.0,2024-W47
adj_close.csv,ARIMA,JNK,0.00745802,0.00431425,0.0073192,0.00745802,0.00431425,0.0073192,"ARIMA(0, 0, 1)",0.0073192,-0.00013882,0.00300495,0.0,2024-W48
adj_close.csv,ARIMA,JNK,0.00320882,0.00449364,0.00282556,0.00320882,0.00449364,0.00282556,"ARIMA(0, 0, 1)",0.00282556,-0.00038326,0.0073192,0.0,2024-W49
adj_close.csv,ARIMA,JNK,0.00686571,0.00985251,0.00702696,0.00686571,0.00985251,0.00702696,"ARIMA(0, 0, 1)",-0.00702696,-0.00016124,0.00282556,0.0,2024-W50
adj_close.csv,ARIMA,JNK,0.00583683,0.00154288,0.00548407,0.00583683,0.00154288,0.00548407,"ARIMA(0, 0, 1)",-0.00548407,0.00035275,-0.00702696,0.0,2024-W51
adj_close.csv,ARIMA,JNK,0.00012955,0.00590339,0.00041932,0.00012955,0.00590339,0.00041932,"ARIMA(0, 0, 1)",0.00041932,0.00028977,-0.00548407,0.0,2024-W52
adj_close.csv,ARIMA,JNK,0.00554563,0.00511987,0.00553919,0.00554563,0.00511987,0.00553919,"ARIMA(0, 0, 1)",0.00553919,-6.44e-06,0.00041932,0.0,2025-W01
adj_close.csv,ARIMA,JNK,0.00610132,0.01191678,0.00637758,0.00610132,0.01191678,0.00637758,"ARIMA(0, 0, 1)",-0.00637758,-0.00027627,0.00553919,0.0,2025-W02
adj_close.csv,ARIMA,JNK,0.01126276,0.01795264,0.01157505,0.01126276,0.01795264,0.01157505,"ARIMA(0, 0, 1)",0.01157505,0.0003123,-0.00637758,0.0,2025-W03
adj_close.csv,ARIMA,JNK,0.00433359,0.00784954,0.00372552,0.00433359,0.00784954,0.00372552,"ARIMA(0, 0, 1)",0.00372552,-0.00060807,0.01157505,0.0,2025-W04
adj_close.csv,ARIMA,JNK,0.00029206,0.0042419,0.00051638,0.00029206,0.0042419,0.00051638,"ARIMA(0, 0, 1)",-0.00051638,-0.00022432,0.00372552,0.0,2025-W05
adj_close.csv,ARIMA,JNK,0.00015087,0.00068244,0.00016606,0.00015087,0.00068244,0.00016606,"ARIMA(0, 0, 1)",0.00016606,1.52e-05,-0.00051638,0.0,2025-W06
adj_close.csv,ARIMA,JNK,0.00456948,0.00439555,0.00456162,0.00456948,0.00439555,0.00456162,"ARIMA(0, 0, 1)",0.00456162,-7.86e-06,0.00016606,0.0,2025-W07
adj_close.csv,ARIMA,JNK,0.00027963,0.00507909,0.00051748,0.00027963,0.00507909,0.00051748,"ARIMA(0, 0, 1)",-0.00051748,-0.00023785,0.00456162,0.0,2025-W08
adj_close.csv,ARIMA,JNK,0.00504366,0.00557569,0.00505821,0.00504366,0.00557569,0.00505821,"ARIMA(0, 0, 1)",0.00505821,1.456e-05,-0.00051748,0.0,2025-W09
adj_close.csv,ARIMA,JNK,0.00473953,0.01006066,0.00500245,0.00473953,0.01006066,0.00500245,"ARIMA(0, 0, 1)",-0.00500245,-0.00026292,0.00505821,0.0,2025-W10
adj_close.csv,ARIMA,JNK,0.0084005,0.00314644,0.00814889,0.0084005,0.00314644,0.00814889,"ARIMA(0, 0, 1)",-0.00814889,0.00025161,-0.00500245,0.0,2025-W11
adj_close.csv,ARIMA,JNK,0.00406781,0.01264918,0.0045003,0.00406781,0.01264918,0.0045003,"ARIMA(0, 0, 1)",0.0045003,0.00043248,-0.00814889,0.0,2025-W12
adj_close.csv,ARIMA,JNK,0.00554501,0.01026019,0.00575989,0.00554501,0.01026019,0.00575989,"ARIMA(0, 0, 1)",-0.00575989,-0.00021489,0.0045003,0.0,2025-W13
adj_close.csv,ARIMA,JNK,0.02411749,0.01805915,0.02381904,0.02411749,0.01805915,0.02381904,"ARIMA(0, 0, 1)",-0.02381904,0.00029844,-0.00575989,0.0,2025-W14
adj_close.csv,ARIMA,JNK,0.00181093,0.02316985,0.00064919,0.00181093,0.02316985,0.00064919,"ARIMA(0, 0, 1)",-0.00064919,0.00116173,-0.02381904,0.0,2025-W15
adj_close.csv,ARIMA,JNK,0.01421077,0.014942,0.0142928,0.01421077,0.014942,0.0142928,"ARIMA(0, 0, 1)",0.0142928,8.204e-05,-0.00064919,0.0,2025-W16
adj_close.csv,ARIMA,JNK,0.01445678,0.00051707,0.01377573,0.01445678,0.00051707,0.01377573,"ARIMA(0, 0, 1)",0.01377573,-0.00068105,0.0142928,0.0,2025-W17
adj_close.csv,ARIMA,JNK,0.0014259,0.01292156,0.00085417,0.0014259,0.01292156,0.00085417,"ARIMA(0, 0, 1)",0.00085417,-0.00057174,0.01377573,0.0,2025-W18
adj_close.csv,ARIMA,JNK,0.00015651,0.00106572,0.00021156,0.00015651,0.00106572,0.00021156,"ARIMA(0, 0, 1)",-0.00021156,-5.505e-05,0.00085417,0.0,2025-W19
adj_close.csv,ARIMA,JNK,0.01250121,0.01271887,0.01250731,0.01250121,0.01271887,0.01250731,"ARIMA(0, 0, 1)",0.01250731,6.1e-06,-0.00021156,0.0,2025-W20
adj_close.csv,ARIMA,JNK,0.00601129,0.0190041,0.00649679,0.00601129,0.0190041,0.00649679,"ARIMA(0, 0, 1)",-0.00649679,-0.00048549,0.01250731,0.0,2025-W21
adj_close.csv,ARIMA,JNK,0.00802072,0.01476781,0.00827102,0.00802072,0.01476781,0.00827102,"ARIMA(0, 0, 1)",0.00827102,0.00025031,-0.00649679,0.0,2025-W22
adj_close.csv,ARIMA,JNK,0.00292617,0.00569496,0.00257606,0.00292617,0.00569496,0.00257606,"ARIMA(0, 0, 1)",0.00257606,-0.00035011,0.00827102,0.0,2025-W23
adj_close.csv,ARIMA,JNK,0.00096087,0.00173994,0.00083613,0.00096087,0.00173994,0.00083613,"ARIMA(0, 0, 1)",0.00083613,-0.00012474,0.00257606,0.0,2025-W24
adj_close.csv,ARIMA,JNK,0.00556395,0.00468689,0.00552302,0.00556395,0.00468689,0.00552302,"ARIMA(0, 0, 1)",0.00552302,-4.094e-05,0.00083613,0.0,2025-W25
adj_close.csv,ARIMA,JNK,0.00758648,0.00182791,0.00735093,0.00758648,0.00182791,0.00735093,"ARIMA(0, 0, 1)",0.00735093,-0.00023555,0.00552302,0.0,2025-W26
adj_close.csv,ARIMA,JNK,0.00556513,0.00209345,0.00525748,0.00556513,0.00209345,0.00525748,"ARIMA(0, 0, 1)",0.00525748,-0.00030765,0.00735093,0.0,2025-W27
adj_close.csv,ARIMA,JNK,0.00464579,0.010119,0.00486153,0.00464579,0.010119,0.00486153,"ARIMA(0, 0, 1)",-0.00486153,-0.00021574,0.00525748,0.0,2025-W28
adj_close.csv,ARIMA,JNK,0.00250688,0.00755381,0.00269228,0.00250688,0.00755381,0.00269228,"ARIMA(0, 0, 1)",0.00269228,0.00018541,-0.00486153,0.0,2025-W29
adj_close.csv,ARIMA,JNK,0.00361112,0.00081764,0.00350993,0.00361112,0.00081764,0.00350993,"ARIMA(0, 0, 1)",0.00350993,-0.0001012,0.00269228,0.0,2025-W30
adj_close.csv,ARIMA,JNK,0.00141281,0.00506729,0.00155736,0.00141281,0.00506729,0.00155736,"ARIMA(0, 0, 1)",-0.00155736,-0.00014455,0.00350993,0.0,2025-W31
adj_close.csv,ARIMA,JNK,0.00377589,0.00539007,0.00383271,0.00377589,0.00539007,0.00383271,"ARIMA(0, 0, 1)",0.00383271,5.682e-05,-0.00155736,0.0,2025-W32
adj_close.csv,ARIMA,JNK,0.00221834,0.00176702,0.00206569,0.00221834,0.00176702,0.00206569,"ARIMA(0, 0, 1)",0.00206569,-0.00015265,0.00383271,0.0,2025-W33
adj_close.csv,ARIMA,JNK,0.00533725,0.00318268,0.00524837,0.00533725,0.00318268,0.00524837,"ARIMA(0, 0, 1)",0.00524837,-8.888e-05,0.00206569,0.0,2025-W34
adj_close.csv,ARIMA,JNK,0.00103212,0.00442754,0.00082083,0.00103212,0.00442754,0.00082083,"ARIMA(0, 0, 1)",0.00082083,-0.00021129,0.00524837,0.0,2025-W35
adj_close.csv,ARIMA,JNK,0.00548042,0.00461901,0.00543984,0.00548042,0.00461901,0.00543984,"ARIMA(0, 0, 1)",0.00543984,-4.058e-05,0.00082083,0.0,2025-W36
adj_close.csv,ARIMA,JNK,0.00205847,0.00359561,0.00184423,0.00205847,0.00359561,0.00184423,"ARIMA(0, 0, 1)",0.00184423,-0.00021425,0.00543984,0.0,2025-W37
adj_close.csv,ARIMA,JNK,0.00416554,0.00224189,0.00408612,0.00416554,0.00224189,0.00408612,"ARIMA(0, 0, 1)",0.00408612,-7.942e-05,0.00184423,0.0,2025-W38
adj_close.csv,ARIMA,JNK,0.00229027,0.00653572,0.0024496,0.00229027,0.00653572,0.0024496,"ARIMA(0, 0, 1)",-0.0024496,-0.00015934,0.00408612,0.0,2025-W39
adj_close.csv,ARIMA,JNK,0.00152589,0.00406396,0.00161436,0.00152589,0.00406396,0.00161436,"ARIMA(0, 0, 1)",0.00161436,8.846e-05,-0.0024496,0.0,2025-W40
adj_close.csv,ARIMA,JNK,0.01160185,0.01327537,0.01166102,0.01160185,0.01327537,0.01166102,"ARIMA(0, 0, 1)",-0.01166102,-5.917e-05,0.00161436,0.0,2025-W41
adj_close.csv,ARIMA,JNK,0.00884037,0.02095952,0.0092985,0.00884037,0.02095952,0.0092985,"ARIMA(0, 0, 1)",0.0092985,0.00045813,-0.01166102,0.0,2025-W42
adj_close.csv,ARIMA,JNK,0.00551179,0.00416968,0.00512882,0.00551179,0.00416968,0.00512882,"ARIMA(0, 0, 1)",0.00512882,-0.00038297,0.0092985,0.0,2025-W43
adj_close.csv,ARIMA,JNK,0.00335813,0.00871618,0.00358736,0.00335813,0.00871618,0.00358736,"ARIMA(0, 0, 1)",-0.00358736,-0.00022923,0.00512882,0.0,2025-W44
adj_close.csv,ARIMA,JNK,0.00114429,0.00258541,0.00100196,0.00114429,0.00258541,0.00100196,"ARIMA(0, 0, 1)",-0.00100196,0.00014234,-0.00358736,0.0,2025-W45
adj_close.csv,ARIMA,JNK,0.00139287,0.00034252,0.00134447,0.00139287,0.00034252,0.00134447,"ARIMA(0, 0, 1)",-0.00134447,4.839e-05,-0.00100196,0.0,2025-W46
adj_close.csv,ARIMA,JNK,0.00128564,0.00268895,0.00134447,0.00128564,0.00268895,0.00134447,"ARIMA(0, 0, 1)",0.00134447,5.883e-05,-0.00134447,0.0,2025-W47
adj_close.csv,ARIMA,JNK,0.00921042,0.00781154,0.00915602,0.00921042,0.00781154,0.00915602,"ARIMA(0, 0, 1)",0.00915602,-5.44e-05,0.00134447,0.0,2025-W48
adj_close.csv,ARIMA,JNK,0.00211388,0.00742778,0.00172823,0.00211388,0.00742778,0.00172823,"ARIMA(0, 0, 1)",0.00172823,-0.00038565,0.00915602,0.0,2025-W49
adj_close.csv,ARIMA,JNK,0.00217725,0.00399208,0.00226384,0.00217725,0.00399208,0.00226384,"ARIMA(0, 0, 1)",-0.00226384,-8.66e-05,0.00172823,0.0,2025-W50
adj_close.csv,ARIMA,JNK,0.00240239,0.00475615,0.00249231,0.00240239,0.00475615,0.00249231,"ARIMA(0, 0, 1)",0.00249231,8.992e-05,-0.00226384,0.0,2025-W51
adj_close.csv,ARIMA,JNK,0.00360522,0.00101325,0.00350556,0.00360522,0.00101325,0.00350556,"ARIMA(0, 0, 1)",0.00350556,-9.966e-05,0.00249231,0.0,2025-W52
adj_close.csv,ARIMA,JNK,0.00097132,0.00268257,0.00082299,0.00097132,0.00268257,0.00082299,"ARIMA(0, 0, 1)",0.00082299,-0.00014834,0.00350556,0.0,2026-W01
adj_close.csv,ARIMA,JNK,0.00465692,0.00379411,0.0046171,0.00465692,0.00379411,0.0046171,"ARIMA(0, 0, 1)",0.0046171,-3.982e-05,0.00082299,0.0,2026-W02
adj_close.csv,ARIMA,JNK,0.00151985,0.00328727,0.00132983,0.00151985,0.00328727,0.00132983,"ARIMA(0, 0, 1)",0.00132983,-0.00019002,0.0046171,0.0,2026-W03
adj_close.csv,ARIMA,JNK,0.00057257,0.00081878,0.00051104,0.00057257,0.00081878,0.00051104,"ARIMA(0, 0, 1)",0.00051104,-6.153e-05,0.00132983,0.0,2026-W04
adj_close.csv,ARIMA,JNK,0.00048787,0.00102209,0.00051104,0.00048787,0.00102209,0.00051104,"ARIMA(0, 0, 1)",-0.00051104,-2.318e-05,0.00051104,0.0,2026-W05
adj_close.csv,ARIMA,JNK,0.00452799,0.00399719,0.00450823,0.00452799,0.00399719,0.00450823,"ARIMA(0, 0, 1)",-0.00450823,1.976e-05,-0.00051104,0.0,2026-W06
adj_close.csv,ARIMA,LQD,4.309e-05,0.00938234,0.00211964,4.309e-05,0.00938234,0.00211964,"ARIMA(2, 0, 0)",0.00211964,0.00207655,-0.0072627,0.0,2024-W30
adj_close.csv,ARIMA,LQD,0.0233972,0.01962146,0.0217411,0.0233972,0.01962146,0.0217411,"ARIMA(2, 0, 0)",0.0217411,-0.0016561,0.00211964,0.0,2024-W31
adj_close.csv,ARIMA,LQD,0.009014,0.0298204,0.0080793,0.009014,0.0298204,0.0080793,"ARIMA(2, 0, 0)",-0.0080793,0.0009347,0.0217411,0.0,2024-W32
adj_close.csv,ARIMA,LQD,0.00858132,0.021479,0.0133997,0.00858132,0.021479,0.0133997,"ARIMA(2, 0, 0)",0.0133997,0.00481838,-0.0080793,0.0,2024-W33
adj_close.csv,ARIMA,LQD,0.01051262,0.00462452,0.00877518,0.01051262,0.00462452,0.00877518,"ARIMA(2, 0, 0)",0.00877518,-0.00173744,0.0133997,0.0,2024-W34
adj_close.csv,ARIMA,LQD,0.01182475,0.01737054,0.00859536,0.01182475,0.01737054,0.00859536,"ARIMA(2, 0, 0)",-0.00859536,0.00322939,0.00877518,0.0,2024-W35
adj_close.csv,ARIMA,LQD,0.01180504,0.02226454,0.01366918,0.01180504,0.02226454,0.01366918,"ARIMA(2, 0, 0)",0.01366918,0.00186414,-0.00859536,0.0,2024-W36
adj_close.csv,ARIMA,LQD,0.00964568,0.0058657,0.00780348,0.00964568,0.0058657,0.00780348,"ARIMA(2, 0, 0)",0.00780348,-0.0018422,0.01366918,0.0,2024-W37
adj_close.csv,ARIMA,LQD,0.00107176,0.00568589,0.00211759,0.00107176,0.00568589,0.00211759,"ARIMA(2, 0, 0)",0.00211759,0.00318936,0.00780348,0.0,2024-W38
adj_close.csv,ARIMA,LQD,0.00346022,0.00379357,0.00167597,0.00346022,0.00379357,0.00167597,"ARIMA(2, 0, 0)",-0.00167597,0.00178425,0.00211759,0.0,2024-W39
adj_close.csv,ARIMA,LQD,0.01229021,0.0101617,0.01183767,0.01229021,0.0101617,0.01183767,"ARIMA(2, 0, 0)",-0.01183767,0.00045253,-0.00167597,0.0,2024-W40
adj_close.csv,ARIMA,LQD,0.00584902,0.00545067,0.006387,0.00584902,0.00545067,0.006387,"ARIMA(2, 0, 0)",-0.006387,-0.00053798,-0.01183767,0.0,2024-W41
adj_close.csv,ARIMA,LQD,0.00220756,0.00584535,0.00054165,0.00220756,0.00584535,0.00054165,"ARIMA(2, 0, 0)",-0.00054165,-0.00274921,-0.006387,0.0,2024-W42
adj_close.csv,ARIMA,LQD,0.01166524,0.01254592,0.01308757,0.01166524,0.01254592,0.01308757,"ARIMA(2, 0, 0)",-0.01308757,-0.00142233,-0.00054165,0.0,2024-W43
adj_close.csv,ARIMA,LQD,0.00809413,0.00466236,0.00842521,0.00809413,0.00466236,0.00842521,"ARIMA(2, 0, 0)",-0.00842521,-0.00033109,-0.01308757,0.0,2024-W44
adj_close.csv,ARIMA,LQD,0.02000548,0.02531714,0.01689192,0.02000548,0.02531714,0.01689192,"ARIMA(2, 0, 0)",0.01689192,-0.00311356,-0.00842521,0.0,2024-W45
adj_close.csv,ARIMA,LQD,0.01299454,0.03147188,0.01457996,0.01299454,0.03147188,0.01457996,"ARIMA(2, 0, 0)",-0.01457996,-0.00158542,0.01689192,0.0,2024-W46
adj_close.csv,ARIMA,LQD,0.00233447,0.01587216,0.0012922,0.00233447,0.01587216,0.0012922,"ARIMA(2, 0, 0)",0.0012922,0.00362667,-0.01457996,0.0,2024-W47
adj_close.csv,ARIMA,LQD,0.0228207,0.01834775,0.01963995,0.0228207,0.01834775,0.01963995,"ARIMA(2, 0, 0)",0.01963995,-0.00318075,0.0012922,0.0,2024-W48
adj_close.csv,ARIMA,LQD,0.00438841,0.0148136,0.00482635,0.00438841,0.0148136,0.00482635,"ARIMA(2, 0, 0)",0.00482635,0.00043794,0.01963995,0.0,2024-W49
adj_close.csv,ARIMA,LQD,0.02218184,0.02287426,0.01804791,0.02218184,0.02287426,0.01804791,"ARIMA(2, 0, 0)",-0.01804791,0.00413393,0.00482635,0.0,2024-W50
adj_close.csv,ARIMA,LQD,0.01337625,0.0054567,0.0125912,0.01337625,0.0054567,0.0125912,"ARIMA(2, 0, 0)",-0.0125912,0.00078504,-0.01804791,0.0,2024-W51
adj_close.csv,ARIMA,LQD,0.00052317,0.00950149,0.00308971,0.00052317,0.00950149,0.00308971,"ARIMA(2, 0, 0)",-0.00308971,-0.00361288,-0.0125912,0.0,2024-W52
adj_close.csv,ARIMA,LQD,0.00196223,0.00262081,0.0004689,0.00196223,0.00262081,0.0004689,"ARIMA(2, 0, 0)",-0.0004689,-0.00243113,-0.00308971,0.0,2025-W01
adj_close.csv,ARIMA,LQD,0.01073107,0.01085194,0.01132083,0.01073107,0.01085194,0.01132083,"ARIMA(2, 0, 0)",-0.01132083,-0.00058976,-0.0004689,0.0,2025-W02
adj_close.csv,ARIMA,LQD,0.01326323,0.02432864,0.0130078,0.01326323,0.02432864,0.0130078,"ARIMA(2, 0, 0)",0.0130078,-0.00025543,-0.01132083,0.0,2025-W03
adj_close.csv,ARIMA,LQD,0.0051992,0.00982856,0.00317925,0.0051992,0.00982856,0.00317925,"ARIMA(2, 0, 0)",0.00317925,-0.00201996,0.0130078,0.0,2025-W04
adj_close.csv,ARIMA,LQD,0.00068904,1.03e-05,0.00316895,0.00068904,1.03e-05,0.00316895,"ARIMA(2, 0, 0)",0.00316895,0.00247991,0.00317925,0.0,2025-W05
adj_close.csv,ARIMA,LQD,0.00363488,0.0011087,0.00427765,0.00363488,0.0011087,0.00427765,"ARIMA(2, 0, 0)",0.00427765,0.00064277,0.00316895,0.0,2025-W06
adj_close.csv,ARIMA,LQD,0.00361045,8.87e-06,0.00426878,0.00361045,8.87e-06,0.00426878,"ARIMA(2, 0, 0)",0.00426878,0.00065833,0.00427765,0.0,2025-W07
adj_close.csv,ARIMA,LQD,0.00153296,0.00186402,0.00240476,0.00153296,0.00186402,0.00240476,"ARIMA(2, 0, 0)",0.00240476,0.0008718,0.00426878,0.0,2025-W08
adj_close.csv,ARIMA,LQD,0.01164026,0.01008063,0.01248539,0.01164026,0.01008063,0.01248539,"ARIMA(2, 0, 0)",0.01248539,0.00084513,0.00240476,0.0,2025-W09
adj_close.csv,ARIMA,LQD,0.0086967,0.02053101,0.00804562,0.0086967,0.02053101,0.00804562,"ARIMA(2, 0, 0)",-0.00804562,0.00065108,0.01248539,0.0,2025-W10
adj_close.csv,ARIMA,LQD,0.00571035,0.004624,0.00342162,0.00571035,0.004624,0.00342162,"ARIMA(2, 0, 0)",-0.00342162,0.00228873,-0.00804562,0.0,2025-W11
adj_close.csv,ARIMA,LQD,0.00903772,0.01089713,0.00747551,0.00903772,0.01089713,0.00747551,"ARIMA(2, 0, 0)",0.00747551,-0.00156222,-0.00342162,0.0,2025-W12
adj_close.csv,ARIMA,LQD,0.00203262,0.01005335,0.00257784,0.00203262,0.01005335,0.00257784,"ARIMA(2, 0, 0)",-0.00257784,-0.00054522,0.00747551,0.0,2025-W13
adj_close.csv,ARIMA,LQD,0.00524244,0.00918348,0.00660564,0.00524244,0.00918348,0.00660564,"ARIMA(2, 0, 0)",0.00660564,0.00136319,-0.00257784,0.0,2025-W14
adj_close.csv,ARIMA,LQD,0.03277011,0.03978474,0.0331791,0.03277011,0.03978474,0.0331791,"ARIMA(2, 0, 0)",-0.0331791,-0.00040899,0.00660564,0.0,2025-W15
adj_close.csv,ARIMA,LQD,0.01322432,0.04752036,0.01434126,0.01322432,0.04752036,0.01434126,"ARIMA(2, 0, 0)",0.01434126,0.00111694,-0.0331791,0.0,2025-W16
adj_close.csv,ARIMA,LQD,0.0181027,0.00279228,0.01154898,0.0181027,0.00279228,0.01154898,"ARIMA(2, 0, 0)",0.01154898,-0.00655372,0.01434126,0.0,2025-W17
adj_close.csv,ARIMA,LQD,0.00853018,0.01759148,0.0060425,0.00853018,0.01759148,0.0060425,"ARIMA(2, 0, 0)",-0.0060425,0.00248768,0.01154898,0.0,2025-W18
adj_close.csv,ARIMA,LQD,0.00481242,0.00323248,0.00281002,0.00481242,0.00323248,0.00281002,"ARIMA(2, 0, 0)",-0.00281002,0.00200241,-0.0060425,0.0,2025-W19
adj_close.csv,ARIMA,LQD,0.00559764,0.0073957,0.00458568,0.00559764,0.0073957,0.00458568,"ARIMA(2, 0, 0)",0.00458568,-0.00101196,-0.00281002,0.0,2025-W20
adj_close.csv,ARIMA,LQD,0.00719369,0.01227157,0.00768588,0.00719369,0.01227157,0.00768588,"ARIMA(2, 0, 0)",-0.00768588,-0.00049219,0.00458568,0.0,2025-W21
adj_close.csv,ARIMA,LQD,0.01310744,0.02160805,0.01392216,0.01310744,0.02160805,0.01392216,"ARIMA(2, 0, 0)",0.01392216,0.00081472,-0.00768588,0.0,2025-W22
adj_close.csv,ARIMA,LQD,0.00280879,0.0181592,0.00423704,0.00280879,0.0181592,0.00423704,"ARIMA(2, 0, 0)",-0.00423704,-0.00142824,0.01392216,0.0,2025-W23
adj_close.csv,ARIMA,LQD,0.00567865,0.01234091,0.00810387,0.00567865,0.01234091,0.00810387,"ARIMA(2, 0, 0)",0.00810387,0.00242523,-0.00423704,0.0,2025-W24
adj_close.csv,ARIMA,LQD,0.0040611,0.00486211,0.00324176,0.0040611,0.00486211,0.00324176,"ARIMA(2, 0, 0)",0.00324176,-0.00081934,0.00810387,0.0,2025-W25
adj_close.csv,ARIMA,LQD,0.0066398,0.00477134,0.0080131,0.0066398,0.00477134,0.0080131,"ARIMA(2, 0, 0)",0.0080131,0.0013733,0.00324176,0.0,2025-W26
adj_close.csv,ARIMA,LQD,0.00363489,0.00388046,0.00413265,0.00363489,0.00388046,0.00413265,"ARIMA(2, 0, 0)",0.00413265,0.00049776,0.0080131,0.0,2025-W27
adj_close.csv,ARIMA,LQD,0.01039843,0.01315908,0.00902643,0.01039843,0.01315908,0.00902643,"ARIMA(2, 0, 0)",-0.00902643,0.001372,0.00413265,0.0,2025-W28
adj_close.csv,ARIMA,LQD,0.00114581,0.01096748,0.00194105,0.00114581,0.01096748,0.00194105,"ARIMA(2, 0, 0)",0.00194105,0.00079524,-0.00902643,0.0,2025-W29
adj_close.csv,ARIMA,LQD,0.00802125,0.00450235,0.0064434,0.00802125,0.00450235,0.0064434,"ARIMA(2, 0, 0)",0.0064434,-0.00157785,0.00194105,0.0,2025-W30
adj_close.csv,ARIMA,LQD,0.0096588,0.00348904,0.00993244,0.0096588,0.00348904,0.00993244,"ARIMA(2, 0, 0)",0.00993244,0.00027365,0.0064434,0.0,2025-W31
adj_close.csv,ARIMA,LQD,0.00304195,0.01194109,0.00200864,0.00304195,0.01194109,0.00200864,"ARIMA(2, 0, 0)",-0.00200864,0.0010333,0.00993244,0.0,2025-W32
adj_close.csv,ARIMA,LQD,0.0013013,0.00502024,0.00301159,0.0013013,0.00502024,0.00301159,"ARIMA(2, 0, 0)",0.00301159,0.00171029,-0.00200864,0.0,2025-W33
adj_close.csv,ARIMA,LQD,0.00455047,0.00117129,0.00418289,0.00455047,0.00117129,0.00418289,"ARIMA(2, 0, 0)",0.00418289,-0.00036758,0.00301159,0.0,2025-W34
adj_close.csv,ARIMA,LQD,0.00411855,0.00781916,0.00363628,0.00411855,0.00781916,0.00363628,"ARIMA(2, 0, 0)",-0.00363628,0.00048227,0.00418289,0.0,2025-W35
adj_close.csv,ARIMA,LQD,0.01516134,0.01953964,0.01590336,0.01516134,0.01953964,0.01590336,"ARIMA(2, 0, 0)",0.01590336,0.00074202,-0.00363628,0.0,2025-W36
adj_close.csv,ARIMA,LQD,0.0083094,0.00837577,0.00752758,0.0083094,0.00837577,0.00752758,"ARIMA(2, 0, 0)",0.00752758,-0.00078182,0.01590336,0.0,2025-W37
adj_close.csv,ARIMA,LQD,0.0050948,0.00994101,0.00241343,0.0050948,0.00994101,0.00241343,"ARIMA(2, 0, 0)",-0.00241343,0.00268137,0.00752758,0.0,2025-W38
adj_close.csv,ARIMA,LQD,0.00604288,0.002341,0.00475443,0.00604288,0.002341,0.00475443,"ARIMA(2, 0, 0)",-0.00475443,0.00128845,-0.00241343,0.0,2025-W39
adj_close.csv,ARIMA,LQD,0.00707482,0.01145606,0.00670163,0.00707482,0.01145606,0.00670163,"ARIMA(2, 0, 0)",0.00670163,-0.00037318,-0.00475443,0.0,2025-W40
adj_close.csv,ARIMA,LQD,0.00094965,0.00849631,0.00179467,0.00094965,0.00849631,0.00179467,"ARIMA(2, 0, 0)",-0.00179467,-0.00084502,0.00670163,0.0,2025-W41
adj_close.csv,ARIMA,LQD,0.0064703,0.0093993,0.00760462,0.0064703,0.0093993,0.00760462,"ARIMA(2, 0, 0)",0.00760462,0.00113432,-0.00179467,0.0,2025-W42
adj_close.csv,ARIMA,LQD,0.00498784,0.00298076,0.00462386,0.00498784,0.00298076,0.00462386,"ARIMA(2, 0, 0)",0.00462386,-0.00036398,0.00760462,0.0,2025-W43
adj_close.csv,ARIMA,LQD,0.0145536,0.0179305,0.01330664,0.0145536,0.0179305,0.01330664,"ARIMA(2, 0, 0)",-0.01330664,0.00124697,0.00462386,0.0,2025-W44
adj_close.csv,ARIMA,LQD,0.00194783,0.01224127,0.00106536,0.00194783,0.01224127,0.00106536,"ARIMA(2, 0, 0)",-0.00106536,0.00088246,-0.01330664,0.0,2025-W45
adj_close.csv,ARIMA,LQD,0.00198154,0.0030982,0.00416357,0.00198154,0.0030982,0.00416357,"ARIMA(2, 0, 0)",-0.00416357,-0.00218203,-0.00106536,0.0,2025-W46
adj_close.csv,ARIMA,LQD,0.0062009,0.01022228,0.00605872,0.0062009,0.01022228,0.00605872,"ARIMA(2, 0, 0)",0.00605872,-0.00014218,-0.00416357,0.0,2025-W47
adj_close.csv,ARIMA,LQD,0.00918098,0.00238016,0.00843887,0.00918098,0.00238016,0.00843887,"ARIMA(2, 0, 0)",0.00843887,-0.00074211,0.00605872,0.0,2025-W48
adj_close.csv,ARIMA,LQD,0.00621368,0.01371996,0.00528109,0.00621368,0.01371996,0.00528109,"ARIMA(2, 0, 0)",-0.00528109,0.00093259,0.00843887,0.0,2025-W49
adj_close.csv,ARIMA,LQD,0.00766574,0.00096243,0.00624352,0.00766574,0.00096243,0.00624352,"ARIMA(2, 0, 0)",-0.00624352,0.00142222,-0.00528109,0.0,2025-W50
adj_close.csv,ARIMA,LQD,0.0043805,0.00982138,0.00357786,0.0043805,0.00982138,0.00357786,"ARIMA(2, 0, 0)",0.00357786,-0.00080264,-0.00624352,0.0,2025-W51
adj_close.csv,ARIMA,LQD,0.00565211,0.00104236,0.00462022,0.00565211,0.00104236,0.00462022,"ARIMA(2, 0, 0)",0.00462022,-0.00103189,0.00357786,0.0,2025-W52
adj_close.csv,ARIMA,LQD,0.00488134,0.00896801,0.00434779,0.00488134,0.00896801,0.00434779,"ARIMA(2, 0, 0)",-0.00434779,0.00053355,0.00462022,0.0,2026-W01
adj_close.csv,ARIMA,LQD,0.00357652,0.00869559,0.00434779,0.00357652,0.00869559,0.00434779,"ARIMA(2, 0, 0)",0.00434779,0.00077127,-0.00434779,0.0,2026-W02
adj_close.csv,ARIMA,LQD,9.918e-05,0.00498067,0.00063288,9.918e-05,0.00498067,0.00063288,"ARIMA(2, 0, 0)",-0.00063288,-0.00073206,0.00434779,0.0,2026-W03
adj_close.csv,ARIMA,LQD,0.00174052,0.00307177,0.00243889,0.00174052,0.00307177,0.00243889,"ARIMA(2, 0, 0)",0.00243889,0.00069837,-0.00063288,0.0,2026-W04
adj_close.csv,ARIMA,LQD,0.0023158,0.00487777,0.00243889,0.0023158,0.00487777,0.00243889,"ARIMA(2, 0, 0)",-0.00243889,-0.00012309,0.00243889,0.0,2026-W05
adj_close.csv,ARIMA,LQD,0.00503486,0.00218427,0.00462315,0.00503486,0.00218427,0.00462315,"ARIMA(2, 0, 0)",-0.00462315,0.00041171,-0.00243889,0.0,2026-W06
adj_close.csv,ARIMA,MCHI,0.02427816,0.02777651,0.01849456,0.02427816,0.02777651,0.01849456,"ARIMA(1, 0, 1)",-0.01849456,0.0057836,-0.04627107,0.0,2024-W30
adj_close.csv,ARIMA,MCHI,0.00770971,0.00801552,0.01047904,0.00770971,0.00801552,0.01047904,"ARIMA(1, 0, 1)",-0.01047904,-0.00276933,-0.01849456,0.0,2024-W31
adj_close.csv,ARIMA,MCHI,0.01354685,0.02724128,0.01676224,0.01354685,0.02724128,0.01676224,"ARIMA(1, 0, 1)",0.01676224,0.00321539,-0.01047904,0.0,2024-W32
adj_close.csv,ARIMA,MCHI,0.03010237,0.00915767,0.02591991,0.03010237,0.00915767,0.02591991,"ARIMA(1, 0, 1)",0.02591991,-0.00418246,0.01676224,0.0,2024-W33
adj_close.csv,ARIMA,MCHI,0.00270623,0.02779965,0.00187973,0.00270623,0.02779965,0.00187973,"ARIMA(1, 0, 1)",-0.00187973,0.0008265,0.02591991,0.0,2024-W34
adj_close.csv,ARIMA,MCHI,0.01588295,0.01448097,0.01636071,0.01588295,0.01448097,0.01636071,"ARIMA(1, 0, 1)",-0.01636071,-0.00047776,-0.00187973,0.0,2024-W35
adj_close.csv,ARIMA,MCHI,0.02908631,0.01077944,0.02714014,0.02908631,0.01077944,0.02714014,"ARIMA(1, 0, 1)",-0.02714014,0.00194616,-0.01636071,0.0,2024-W36
adj_close.csv,ARIMA,MCHI,0.00362139,0.03179662,0.00465647,0.00362139,0.03179662,0.00465647,"ARIMA(1, 0, 1)",0.00465647,0.00103509,-0.02714014,0.0,2024-W37
adj_close.csv,ARIMA,MCHI,0.04340122,0.0374751,0.04213158,0.04340122,0.0374751,0.04213158,"ARIMA(1, 0, 1)",0.04213158,-0.00126964,0.00465647,0.0,2024-W38
adj_close.csv,ARIMA,MCHI,0.1813331,0.13623622,0.17836779,0.1813331,0.13623622,0.17836779,"ARIMA(1, 0, 1)",0.17836779,-0.00296531,0.04213158,0.0,2024-W39
adj_close.csv,ARIMA,MCHI,0.12490665,0.066946,0.11142179,0.12490665,0.066946,0.11142179,"ARIMA(1, 0, 1)",0.11142179,-0.01348486,0.17836779,0.0,2024-W40
adj_close.csv,ARIMA,MCHI,0.08050247,0.19099691,0.07957512,0.08050247,0.19099691,0.07957512,"ARIMA(1, 0, 1)",-0.07957512,0.00092735,0.11142179,0.0,2024-W41
adj_close.csv,ARIMA,MCHI,0.046356,0.03787425,0.04170087,0.046356,0.03787425,0.04170087,"ARIMA(1, 0, 1)",-0.04170087,0.00465512,-0.07957512,0.0,2024-W42
adj_close.csv,ARIMA,MCHI,0.01425079,0.02894399,0.01275688,0.01425079,0.02894399,0.01275688,"ARIMA(1, 0, 1)",-0.01275688,0.00149391,-0.04170087,0.0,2024-W43
adj_close.csv,ARIMA,MCHI,0.00912065,0.00530694,0.00744994,0.00912065,0.00530694,0.00744994,"ARIMA(1, 0, 1)",-0.00744994,0.00167071,-0.01275688,0.0,2024-W44
adj_close.csv,ARIMA,MCHI,0.00050524,0.00704562,0.00040431,0.00050524,0.00704562,0.00040431,"ARIMA(1, 0, 1)",-0.00040431,-0.00090956,-0.00744994,0.0,2024-W45
adj_close.csv,ARIMA,MCHI,0.04375177,0.04255973,0.04296405,0.04375177,0.04255973,0.04296405,"ARIMA(1, 0, 1)",-0.04296405,0.00078772,-0.00040431,0.0,2024-W46
adj_close.csv,ARIMA,MCHI,0.02131386,0.02378592,0.01917813,0.02131386,0.02378592,0.01917813,"ARIMA(1, 0, 1)",-0.01917813,0.00213574,-0.04296405,0.0,2024-W47
adj_close.csv,ARIMA,MCHI,0.01844471,0.03708909,0.01791097,0.01844471,0.03708909,0.01791097,"ARIMA(1, 0, 1)",0.01791097,-0.00053374,-0.01917813,0.0,2024-W48
adj_close.csv,ARIMA,MCHI,0.01100481,0.00760919,0.01030178,0.01100481,0.00760919,0.01030178,"ARIMA(1, 0, 1)",0.01030178,-0.00070303,0.01791097,0.0,2024-W49
adj_close.csv,ARIMA,MCHI,0.00861042,0.00176268,0.0085391,0.00861042,0.00176268,0.0085391,"ARIMA(1, 0, 1)",0.0085391,-7.132e-05,0.01030178,0.0,2024-W50
adj_close.csv,ARIMA,MCHI,0.00407351,0.01309985,0.00456076,0.00407351,0.01309985,0.00456076,"ARIMA(1, 0, 1)",-0.00456076,-0.00048725,0.0085391,0.0,2024-W51
adj_close.csv,ARIMA,MCHI,0.00712431,0.01238566,0.0078249,0.00712431,0.01238566,0.0078249,"ARIMA(1, 0, 1)",0.0078249,0.00070059,-0.00456076,0.0,2024-W52
adj_close.csv,ARIMA,MCHI,0.02192419,0.03083894,0.02301404,0.02192419,0.03083894,0.02301404,"ARIMA(1, 0, 1)",-0.02301404,-0.00108985,0.0078249,0.0,2025-W01
adj_close.csv,ARIMA,MCHI,0.06190607,0.03649294,0.05950698,0.06190607,0.03649294,0.05950698,"ARIMA(1, 0, 1)",-0.05950698,0.00239909,-0.02301404,0.0,2025-W02
adj_close.csv,ARIMA,MCHI,0.05385405,0.11512634,0.05561936,0.05385405,0.11512634,0.05561936,"ARIMA(1, 0, 1)",0.05561936,0.00176531,-0.05950698,0.0,2025-W03
adj_close.csv,ARIMA,MCHI,0.02718468,0.03040436,0.025215,0.02718468,0.03040436,0.025215,"ARIMA(1, 0, 1)",0.025215,-0.00196969,0.05561936,0.0,2025-W04
adj_close.csv,ARIMA,MCHI,0.02213249,0.00391984,0.02129516,0.02213249,0.00391984,0.02129516,"ARIMA(1, 0, 1)",0.02129516,-0.00083733,0.025215,0.0,2025-W05
adj_close.csv,ARIMA,MCHI,0.02756245,0.00560678,0.02690194,0.02756245,0.00560678,0.02690194,"ARIMA(1, 0, 1)",0.02690194,-0.0006605,0.02129516,0.0,2025-W06
adj_close.csv,ARIMA,MCHI,0.07107753,0.04542341,0.07232535,0.07107753,0.04542341,0.07232535,"ARIMA(1, 0, 1)",0.07232535,0.00124783,0.02690194,0.0,2025-W07
adj_close.csv,ARIMA,MCHI,0.04399471,0.03002298,0.04230238,0.04399471,0.03002298,0.04230238,"ARIMA(1, 0, 1)",0.04230238,-0.00169234,0.07232535,0.0,2025-W08
adj_close.csv,ARIMA,MCHI,0.03942965,0.08236255,0.04006017,0.03942965,0.08236255,0.04006017,"ARIMA(1, 0, 1)",-0.04006017,-0.00063052,0.04230238,0.0,2025-W09
adj_close.csv,ARIMA,MCHI,0.05229956,0.09312487,0.0530647,0.05229956,0.09312487,0.0530647,"ARIMA(1, 0, 1)",0.0530647,0.00076514,-0.04006017,0.0,2025-W10
adj_close.csv,ARIMA,MCHI,0.01909266,0.03778385,0.01528085,0.01909266,0.03778385,0.01528085,"ARIMA(1, 0, 1)",0.01528085,-0.0038118,0.0530647,0.0,2025-W11
adj_close.csv,ARIMA,MCHI,0.03267413,0.04572022,0.03043937,0.03267413,0.04572022,0.03043937,"ARIMA(1, 0, 1)",-0.03043937,0.00223476,0.01528085,0.0,2025-W12
adj_close.csv,ARIMA,MCHI,0.02031695,0.01084156,0.01959782,0.02031695,0.01084156,0.01959782,"ARIMA(1, 0, 1)",-0.01959782,0.00071914,-0.03043937,0.0,2025-W13
adj_close.csv,ARIMA,MCHI,0.08866836,0.06786347,0.08746128,0.08866836,0.06786347,0.08746128,"ARIMA(1, 0, 1)",-0.08746128,0.00120708,-0.01959782,0.0,2025-W14
adj_close.csv,ARIMA,MCHI,0.00795507,0.08104073,0.00642056,0.00795507,0.08104073,0.00642056,"ARIMA(1, 0, 1)",-0.00642056,0.00153451,-0.08746128,0.0,2025-W15
adj_close.csv,ARIMA,MCHI,0.00799284,0.00146072,0.00788128,0.00799284,0.00146072,0.00788128,"ARIMA(1, 0, 1)",-0.00788128,0.00011156,-0.00642056,0.0,2025-W16
adj_close.csv,ARIMA,MCHI,0.05166695,0.05967153,0.05179025,0.05166695,0.05967153,0.05179025,"ARIMA(1, 0, 1)",0.05179025,0.0001233,-0.00788128,0.0,2025-W17
adj_close.csv,ARIMA,MCHI,0.0295322,0.02311647,0.02867378,0.0295322,0.02311647,0.02867378,"ARIMA(1, 0, 1)",0.02867378,-0.00085842,0.05179025,0.0,2025-W18
adj_close.csv,ARIMA,MCHI,0.00281876,0.03186115,0.00318737,0.00281876,0.03186115,0.00318737,"ARIMA(1, 0, 1)",-0.00318737,-0.0003686,0.02867378,0.0,2025-W19
adj_close.csv,ARIMA,MCHI,0.02169512,0.02492124,0.02173388,0.02169512,0.02492124,0.02173388,"ARIMA(1, 0, 1)",0.02173388,3.876e-05,-0.00318737,0.0,2025-W20
adj_close.csv,ARIMA,MCHI,0.00687734,0.01514044,0.00659344,0.00687734,0.01514044,0.00659344,"ARIMA(1, 0, 1)",0.00659344,-0.00028391,0.02173388,0.0,2025-W21
adj_close.csv,ARIMA,MCHI,0.03634975,0.04302865,0.03643521,0.03634975,0.04302865,0.03643521,"ARIMA(1, 0, 1)",-0.03643521,-8.546e-05,0.00659344,0.0,2025-W22
adj_close.csv,ARIMA,MCHI,0.03850243,0.07542276,0.03898755,0.03850243,0.07542276,0.03898755,"ARIMA(1, 0, 1)",0.03898755,0.00048512,-0.03643521,0.0,2025-W23
adj_close.csv,ARIMA,MCHI,0.00208223,0.04172241,0.00273487,0.00208223,0.04172241,0.00273487,"ARIMA(1, 0, 1)",-0.00273487,-0.00065264,0.03898755,0.0,2025-W24
adj_close.csv,ARIMA,MCHI,0.01366747,0.01089155,0.01362641,0.01366747,0.01089155,0.01362641,"ARIMA(1, 0, 1)",-0.01362641,4.106e-05,-0.00273487,0.0,2025-W25
adj_close.csv,ARIMA,MCHI,0.03068662,0.04454532,0.03091891,0.03068662,0.04454532,0.03091891,"ARIMA(1, 0, 1)",0.03091891,0.00023229,-0.01362641,0.0,2025-W26
adj_close.csv,ARIMA,MCHI,0.00781504,0.03929012,0.00837121,0.00781504,0.03929012,0.00837121,"ARIMA(1, 0, 1)",-0.00837121,-0.00055618,0.03091891,0.0,2025-W27
adj_close.csv,ARIMA,MCHI,0.00404345,0.01256554,0.00419433,0.00404345,0.01256554,0.00419433,"ARIMA(1, 0, 1)",0.00419433,0.00015088,-0.00837121,0.0,2025-W28
adj_close.csv,ARIMA,MCHI,0.04456855,0.04029702,0.04449135,0.04456855,0.04029702,0.04449135,"ARIMA(1, 0, 1)",0.04449135,-7.72e-05,0.00419433,0.0,2025-W29
adj_close.csv,ARIMA,MCHI,0.02624973,0.01905608,0.02543527,0.02624973,0.01905608,0.02543527,"ARIMA(1, 0, 1)",0.02543527,-0.00081446,0.04449135,0.0,2025-W30
adj_close.csv,ARIMA,MCHI,0.04135933,0.06719098,0.04175571,0.04135933,0.06719098,0.04175571,"ARIMA(1, 0, 1)",-0.04175571,-0.00039637,0.02543527,0.0,2025-W31
adj_close.csv,ARIMA,MCHI,0.02730809,0.07087464,0.02911894,0.02730809,0.07087464,0.02911894,"ARIMA(1, 0, 1)",0.02911894,0.00181085,-0.04175571,0.0,2025-W32
adj_close.csv,ARIMA,MCHI,0.02844725,0.00383551,0.02528343,0.02844725,0.00383551,0.02528343,"ARIMA(1, 0, 1)",0.02528343,-0.00316382,0.02911894,0.0,2025-W33
adj_close.csv,ARIMA,MCHI,0.02991846,0.00589438,0.03117781,0.02991846,0.00589438,0.03117781,"ARIMA(1, 0, 1)",0.03117781,0.00125935,0.02528343,0.0,2025-W34
adj_close.csv,ARIMA,MCHI,0.00369371,0.03540956,0.00423175,0.00369371,0.03540956,0.00423175,"ARIMA(1, 0, 1)",-0.00423175,-0.00053804,0.03117781,0.0,2025-W35
adj_close.csv,ARIMA,MCHI,0.00191125,0.00488389,0.00065214,0.00191125,0.00488389,0.00065214,"ARIMA(1, 0, 1)",0.00065214,0.00256339,-0.00423175,0.0,2025-W36
adj_close.csv,ARIMA,MCHI,0.04151716,0.04085425,0.04150639,0.04151716,0.04085425,0.04150639,"ARIMA(1, 0, 1)",0.04150639,-1.077e-05,0.00065214,0.0,2025-W37
adj_close.csv,ARIMA,MCHI,0.00798295,0.03387333,0.00763306,0.00798295,0.03387333,0.00763306,"ARIMA(1, 0, 1)",0.00763306,-0.0003499,0.04150639,0.0,2025-W38
adj_close.csv,ARIMA,MCHI,0.00173225,0.00949703,0.00186397,0.00173225,0.00949703,0.00186397,"ARIMA(1, 0, 1)",-0.00186397,-0.00013172,0.00763306,0.0,2025-W39
adj_close.csv,ARIMA,MCHI,0.03405326,0.03594698,0.03408301,0.03405326,0.03594698,0.03408301,"ARIMA(1, 0, 1)",0.03408301,2.976e-05,-0.00186397,0.0,2025-W40
adj_close.csv,ARIMA,MCHI,0.07875487,0.11478967,0.08070666,0.07875487,0.11478967,0.08070666,"ARIMA(1, 0, 1)",-0.08070666,-0.00195179,0.03408301,0.0,2025-W41
adj_close.csv,ARIMA,MCHI,0.02471544,0.111503,0.03079634,0.02471544,0.111503,0.03079634,"ARIMA(1, 0, 1)",0.03079634,0.0060809,-0.08070666,0.0,2025-W42
adj_close.csv,ARIMA,MCHI,0.01963692,0.01201935,0.01877699,0.01963692,0.01201935,0.01877699,"ARIMA(1, 0, 1)",0.01877699,-0.00085992,0.03079634,0.0,2025-W43
adj_close.csv,ARIMA,MCHI,0.01414797,0.03345565,0.01467865,0.01414797,0.03345565,0.01467865,"ARIMA(1, 0, 1)",-0.01467865,-0.00053069,0.01877699,0.0,2025-W44
adj_close.csv,ARIMA,MCHI,0.00380697,0.01530768,0.00062902,0.00380697,0.01530768,0.00062902,"ARIMA(1, 0, 1)",0.00062902,-0.00317795,-0.01467865,0.0,2025-W45
adj_close.csv,ARIMA,MCHI,0.0043836,0.00235977,0.00173075,0.0043836,0.00235977,0.00173075,"ARIMA(1, 0, 1)",-0.00173075,0.00265286,0.00062902,0.0,2025-W46
adj_close.csv,ARIMA,MCHI,0.0393297,0.0397477,0.04147845,0.0393297,0.0397477,0.04147845,"ARIMA(1, 0, 1)",-0.04147845,-0.00214874,-0.00173075,0.0,2025-W47
adj_close.csv,ARIMA,MCHI,0.01670759,0.062272,0.02079356,0.01670759,0.062272,0.02079356,"ARIMA(1, 0, 1)",0.02079356,0.00408597,-0.04147845,0.0,2025-W48
adj_close.csv,ARIMA,MCHI,0.00797618,0.01342528,0.00736827,0.00797618,0.01342528,0.00736827,"ARIMA(1, 0, 1)",0.00736827,-0.00060791,0.02079356,0.0,2025-W49
adj_close.csv,ARIMA,MCHI,0.01813273,0.02572926,0.01836098,0.01813273,0.02572926,0.01836098,"ARIMA(1, 0, 1)",-0.01836098,-0.00022825,0.00736827,0.0,2025-W50
adj_close.csv,ARIMA,MCHI,0.00046878,0.01593687,0.00242411,0.00046878,0.01593687,0.00242411,"ARIMA(1, 0, 1)",-0.00242411,-0.00195533,-0.01836098,0.0,2025-W51
adj_close.csv,ARIMA,MCHI,0.0087124,0.0129246,0.0105005,0.0087124,0.0129246,0.0105005,"ARIMA(1, 0, 1)",0.0105005,0.0017881,-0.00242411,0.0,2025-W52
adj_close.csv,ARIMA,MCHI,0.0160217,0.00520708,0.01570757,0.0160217,0.00520708,0.01570757,"ARIMA(1, 0, 1)",0.01570757,-0.00031413,0.0105005,0.0,2026-W01
adj_close.csv,ARIMA,MCHI,0.00014901,0.01602897,0.0003214,0.00014901,0.01602897,0.0003214,"ARIMA(1, 0, 1)",-0.0003214,-0.00047041,0.01570757,0.0,2026-W02
adj_close.csv,ARIMA,MCHI,0.00480744,0.0051314,0.00481,0.00480744,0.0051314,0.00481,"ARIMA(1, 0, 1)",0.00481,2.56e-06,-0.0003214,0.0,2026-W03
adj_close.csv,ARIMA,MCHI,0.0036553,0.00129729,0.00351272,0.0036553,0.00129729,0.00351272,"ARIMA(1, 0, 1)",0.00351272,-0.00014258,0.00481,0.0,2026-W04
adj_close.csv,ARIMA,MCHI,0.00532781,0.00894665,0.00543393,0.00532781,0.00894665,0.00543393,"ARIMA(1, 0, 1)",-0.00543393,-0.00010611,0.00351272,0.0,2026-W05
adj_close.csv,ARIMA,MCHI,0.01346735,0.00730717,0.01274109,0.01346735,0.00730717,0.01274109,"ARIMA(1, 0, 1)",-0.01274109,0.00072626,-0.00543393,0.0,2026-W06
adj_close.csv,ARIMA,MDY,0.02126569,0.02260791,0.01977899,0.02126569,0.02260791,0.01977899,"ARIMA(2, 0, 2)",0.01977899,-0.0014867,-0.00282892,0.0,2024-W30
adj_close.csv,ARIMA,MDY,0.04314314,0.06317011,0.04339112,0.04314314,0.06317011,0.04339112,"ARIMA(2, 0, 2)",-0.04339112,-0.00024798,0.01977899,0.0,2024-W31
adj_close.csv,ARIMA,MDY,0.00887069,0.04022515,0.00316597,0.00887069,0.04022515,0.00316597,"ARIMA(2, 0, 2)",-0.00316597,0.00570472,-0.04339112,0.0,2024-W32
adj_close.csv,ARIMA,MDY,0.03467362,0.02961702,0.02645105,0.03467362,0.02961702,0.02645105,"ARIMA(2, 0, 2)",0.02645105,-0.00822257,-0.00316597,0.0,2024-W33
adj_close.csv,ARIMA,MDY,0.02238367,0.00165292,0.02810397,0.02238367,0.00165292,0.02810397,"ARIMA(2, 0, 2)",0.02810397,0.00572029,0.02645105,0.0,2024-W34
adj_close.csv,ARIMA,MDY,0.00072424,0.02964182,0.00153786,0.00072424,0.02964182,0.00153786,"ARIMA(2, 0, 2)",-0.00153786,-0.00226209,0.02810397,0.0,2024-W35
adj_close.csv,ARIMA,MDY,0.0494778,0.04805314,0.049591,0.0494778,0.04805314,0.049591,"ARIMA(2, 0, 2)",-0.049591,-0.0001132,-0.00153786,0.0,2024-W36
adj_close.csv,ARIMA,MDY,0.03080915,0.08156789,0.03197689,0.03080915,0.08156789,0.03197689,"ARIMA(2, 0, 2)",0.03197689,0.00116773,-0.049591,0.0,2024-W37
adj_close.csv,ARIMA,MDY,0.02974903,0.00931846,0.02265843,0.02974903,0.00931846,0.02265843,"ARIMA(2, 0, 2)",0.02265843,-0.0070906,0.03197689,0.0,2024-W38
adj_close.csv,ARIMA,MDY,0.00313464,0.0179742,0.00468423,0.00313464,0.0179742,0.00468423,"ARIMA(2, 0, 2)",0.00468423,0.00781887,0.02265843,0.0,2024-W39
adj_close.csv,ARIMA,MDY,0.0061851,0.00452587,0.00015836,0.0061851,0.00452587,0.00015836,"ARIMA(2, 0, 2)",0.00015836,-0.00602674,0.00468423,0.0,2024-W40
adj_close.csv,ARIMA,MDY,0.01124256,0.01161152,0.01176988,0.01124256,0.01161152,0.01176988,"ARIMA(2, 0, 2)",0.01176988,0.00052732,0.00015836,0.0,2024-W41
adj_close.csv,ARIMA,MDY,0.01422028,0.00195487,0.01372475,0.01422028,0.00195487,0.01372475,"ARIMA(2, 0, 2)",0.01372475,-0.00049553,0.01176988,0.0,2024-W42
adj_close.csv,ARIMA,MDY,0.02545024,0.04203415,0.0283094,0.02545024,0.04203415,0.0283094,"ARIMA(2, 0, 2)",-0.0283094,-0.00285916,0.01372475,0.0,2024-W43
adj_close.csv,ARIMA,MDY,0.00608021,0.02675806,0.00155135,0.00608021,0.02675806,0.00155135,"ARIMA(2, 0, 2)",-0.00155135,0.00452886,-0.0283094,0.0,2024-W44
adj_close.csv,ARIMA,MDY,0.06491853,0.06235123,0.06079989,0.06491853,0.06235123,0.06079989,"ARIMA(2, 0, 2)",0.06079989,-0.00411864,-0.00155135,0.0,2024-W45
adj_close.csv,ARIMA,MDY,0.02970203,0.08804713,0.02724724,0.02970203,0.08804713,0.02724724,"ARIMA(2, 0, 2)",-0.02724724,0.00245478,0.06079989,0.0,2024-W46
adj_close.csv,ARIMA,MDY,0.03697302,0.06832789,0.04108065,0.03697302,0.06832789,0.04108065,"ARIMA(2, 0, 2)",0.04108065,0.00410763,-0.02724724,0.0,2024-W47
adj_close.csv,ARIMA,MDY,0.01925071,0.03268309,0.00839755,0.01925071,0.03268309,0.00839755,"ARIMA(2, 0, 2)",0.00839755,-0.01085315,0.04108065,0.0,2024-W48
adj_close.csv,ARIMA,MDY,0.02128294,0.01992757,0.01153002,0.02128294,0.01992757,0.01153002,"ARIMA(2, 0, 2)",-0.01153002,0.00975292,0.00839755,0.0,2024-W49
adj_close.csv,ARIMA,MDY,0.00581218,0.00361361,0.01514362,0.00581218,0.00361361,0.01514362,"ARIMA(2, 0, 2)",-0.01514362,-0.00933144,-0.01153002,0.0,2024-W50
adj_close.csv,ARIMA,MDY,0.04797201,0.03149371,0.04663733,0.04797201,0.03149371,0.04663733,"ARIMA(2, 0, 2)",-0.04663733,0.00133468,-0.01514362,0.0,2024-W51
adj_close.csv,ARIMA,MDY,0.0013941,0.05013847,0.00350114,0.0013941,0.05013847,0.00350114,"ARIMA(2, 0, 2)",0.00350114,0.00210704,-0.04663733,0.0,2024-W52
adj_close.csv,ARIMA,MDY,0.01459397,0.00151924,0.00502038,0.01459397,0.00151924,0.00502038,"ARIMA(2, 0, 2)",0.00502038,-0.00957358,0.00350114,0.0,2025-W01
adj_close.csv,ARIMA,MDY,0.02552546,0.0216769,0.01665652,0.02552546,0.0216769,0.01665652,"ARIMA(2, 0, 2)",-0.01665652,0.00886894,0.00502038,0.0,2025-W02
adj_close.csv,ARIMA,MDY,0.04687272,0.06075383,0.04409731,0.04687272,0.06075383,0.04409731,"ARIMA(2, 0, 2)",0.04409731,-0.00277541,-0.01665652,0.0,2025-W03
adj_close.csv,ARIMA,MDY,0.01261184,0.03336191,0.0107354,0.01261184,0.03336191,0.0107354,"ARIMA(2, 0, 2)",0.0107354,-0.00187645,0.04409731,0.0,2025-W04
adj_close.csv,ARIMA,MDY,0.01429152,0.02219856,0.01146317,0.01429152,0.02219856,0.01146317,"ARIMA(2, 0, 2)",-0.01146317,0.00282835,0.0107354,0.0,2025-W05
adj_close.csv,ARIMA,MDY,0.00659261,0.00243283,0.00903033,0.00659261,0.00243283,0.00903033,"ARIMA(2, 0, 2)",-0.00903033,-0.00243772,-0.01146317,0.0,2025-W06
adj_close.csv,ARIMA,MDY,0.00289873,0.00667021,0.00236012,0.00289873,0.00667021,0.00236012,"ARIMA(2, 0, 2)",-0.00236012,0.0005386,-0.00903033,0.0,2025-W07
adj_close.csv,ARIMA,MDY,0.0302971,0.02804663,0.03040675,0.0302971,0.02804663,0.03040675,"ARIMA(2, 0, 2)",-0.03040675,-0.00010965,-0.00236012,0.0,2025-W08
adj_close.csv,ARIMA,MDY,0.00334532,0.02917017,0.00123658,0.00334532,0.02917017,0.00123658,"ARIMA(2, 0, 2)",-0.00123658,0.00210874,-0.03040675,0.0,2025-W09
adj_close.csv,ARIMA,MDY,0.03380032,0.03401867,0.03525525,0.03380032,0.03401867,0.03525525,"ARIMA(2, 0, 2)",-0.03525525,-0.00145493,-0.00123658,0.0,2025-W10
adj_close.csv,ARIMA,MDY,0.02124617,0.01591888,0.01933636,0.02124617,0.01591888,0.01933636,"ARIMA(2, 0, 2)",-0.01933636,0.0019098,-0.03525525,0.0,2025-W11
adj_close.csv,ARIMA,MDY,0.00486489,0.02575709,0.00642072,0.00486489,0.02575709,0.00642072,"ARIMA(2, 0, 2)",0.00642072,0.00155583,-0.01933636,0.0,2025-W12
adj_close.csv,ARIMA,MDY,0.00814598,0.01699913,0.01057841,0.00814598,0.01699913,0.01057841,"ARIMA(2, 0, 2)",-0.01057841,-0.00243243,0.00642072,0.0,2025-W13
adj_close.csv,ARIMA,MDY,0.09699679,0.08494961,0.09552802,0.09699679,0.08494961,0.09552802,"ARIMA(2, 0, 2)",-0.09552802,0.00146877,-0.01057841,0.0,2025-W14
adj_close.csv,ARIMA,MDY,0.0319272,0.12351573,0.02798771,0.0319272,0.12351573,0.02798771,"ARIMA(2, 0, 2)",0.02798771,-0.00393949,-0.09552802,0.0,2025-W15
adj_close.csv,ARIMA,MDY,0.01472712,0.01936124,0.00862646,0.01472712,0.01936124,0.00862646,"ARIMA(2, 0, 2)",0.00862646,-0.00610066,0.02798771,0.0,2025-W16
adj_close.csv,ARIMA,MDY,0.02963137,0.02224063,0.03086709,0.02963137,0.02224063,0.03086709,"ARIMA(2, 0, 2)",0.03086709,0.00123572,0.00862646,0.0,2025-W17
adj_close.csv,ARIMA,MDY,0.04109782,0.0042009,0.03506799,0.04109782,0.0042009,0.03506799,"ARIMA(2, 0, 2)",0.03506799,-0.00602982,0.03086709,0.0,2025-W18
adj_close.csv,ARIMA,MDY,0.0026695,0.03021028,0.00485771,0.0026695,0.03021028,0.00485771,"ARIMA(2, 0, 2)",0.00485771,0.00218821,0.03506799,0.0,2025-W19
adj_close.csv,ARIMA,MDY,0.04498983,0.04288955,0.04774726,0.04498983,0.04288955,0.04774726,"ARIMA(2, 0, 2)",0.04774726,0.00275744,0.00485771,0.0,2025-W20
adj_close.csv,ARIMA,MDY,0.03283546,0.08428741,0.03654015,0.03283546,0.08428741,0.03654015,"ARIMA(2, 0, 2)",-0.03654015,-0.00370469,0.04774726,0.0,2025-W21
adj_close.csv,ARIMA,MDY,0.00221429,0.04396683,0.00742668,0.00221429,0.04396683,0.00742668,"ARIMA(2, 0, 2)",0.00742668,0.00964096,-0.03654015,0.0,2025-W22
adj_close.csv,ARIMA,MDY,0.02033405,0.00998883,0.0174155,0.02033405,0.00998883,0.0174155,"ARIMA(2, 0, 2)",0.0174155,-0.00291855,0.00742668,0.0,2025-W23
adj_close.csv,ARIMA,MDY,0.01707708,0.03146517,0.01404967,0.01707708,0.03146517,0.01404967,"ARIMA(2, 0, 2)",-0.01404967,0.00302742,0.0174155,0.0,2025-W24
adj_close.csv,ARIMA,MDY,0.00733133,0.02010186,0.0060522,0.00733133,0.02010186,0.0060522,"ARIMA(2, 0, 2)",0.0060522,-0.00127914,-0.01404967,0.0,2025-W25
adj_close.csv,ARIMA,MDY,0.02905852,0.01969537,0.02574757,0.02905852,0.01969537,0.02574757,"ARIMA(2, 0, 2)",0.02574757,-0.00331095,0.0060522,0.0,2025-W26
adj_close.csv,ARIMA,MDY,0.02604935,0.00196664,0.0277142,0.02604935,0.00196664,0.0277142,"ARIMA(2, 0, 2)",0.0277142,0.00166485,0.02574757,0.0,2025-W27
adj_close.csv,ARIMA,MDY,0.00299525,0.0332237,0.00550949,0.00299525,0.0332237,0.00550949,"ARIMA(2, 0, 2)",-0.00550949,-0.00251425,0.0277142,0.0,2025-W28
adj_close.csv,ARIMA,MDY,0.00271722,0.00583752,0.00032802,0.00271722,0.00583752,0.00032802,"ARIMA(2, 0, 2)",0.00032802,-0.00238919,-0.00550949,0.0,2025-W29
adj_close.csv,ARIMA,MDY,0.01013855,0.01398013,0.01430815,0.01013855,0.01398013,0.01430815,"ARIMA(2, 0, 2)",0.01430815,0.0041696,0.00032802,0.0,2025-W30
adj_close.csv,ARIMA,MDY,0.03474525,0.05012577,0.03581762,0.03474525,0.05012577,0.03581762,"ARIMA(2, 0, 2)",-0.03581762,-0.00107238,0.01430815,0.0,2025-W31
adj_close.csv,ARIMA,MDY,0.00379081,0.04289889,0.00708127,0.00379081,0.04289889,0.00708127,"ARIMA(2, 0, 2)",0.00708127,0.00329046,-0.03581762,0.0,2025-W32
adj_close.csv,ARIMA,MDY,0.01983705,0.0084336,0.01551487,0.01983705,0.0084336,0.01551487,"ARIMA(2, 0, 2)",0.01551487,-0.00432218,0.00708127,0.0,2025-W33
adj_close.csv,ARIMA,MDY,0.02850055,0.01087305,0.02638791,0.02850055,0.01087305,0.02638791,"ARIMA(2, 0, 2)",0.02638791,-0.00211264,0.01551487,0.0,2025-W34
adj_close.csv,ARIMA,MDY,0.0035791,0.02705982,0.0006719,0.0035791,0.02705982,0.0006719,"ARIMA(2, 0, 2)",-0.0006719,0.0029072,0.02638791,0.0,2025-W35
adj_close.csv,ARIMA,MDY,0.01521248,0.01357648,0.01290458,0.01521248,0.01357648,0.01290458,"ARIMA(2, 0, 2)",0.01290458,-0.0023079,-0.0006719,0.0,2025-W36
adj_close.csv,ARIMA,MDY,0.00474864,0.01667688,0.0037723,0.00474864,0.01667688,0.0037723,"ARIMA(2, 0, 2)",-0.0037723,0.00097634,0.01290458,0.0,2025-W37
adj_close.csv,ARIMA,MDY,1.058e-05,0.00444913,0.00067683,1.058e-05,0.00444913,0.00067683,"ARIMA(2, 0, 2)",0.00067683,0.00068742,-0.0037723,0.0,2025-W38
adj_close.csv,ARIMA,MDY,0.00262911,0.00525841,0.00458157,0.00262911,0.00525841,0.00458157,"ARIMA(2, 0, 2)",-0.00458157,-0.00195246,0.00067683,0.0,2025-W39
adj_close.csv,ARIMA,MDY,0.00165693,0.011263,0.00668143,0.00165693,0.011263,0.00668143,"ARIMA(2, 0, 2)",0.00668143,0.0050245,-0.00458157,0.0,2025-W40
adj_close.csv,ARIMA,MDY,0.03789406,0.04556788,0.03888645,0.03789406,0.04556788,0.03888645,"ARIMA(2, 0, 2)",-0.03888645,-0.0009924,0.00668143,0.0,2025-W41
adj_close.csv,ARIMA,MDY,0.01650971,0.05789906,0.0190126,0.01650971,0.05789906,0.0190126,"ARIMA(2, 0, 2)",0.0190126,0.00250289,-0.03888645,0.0,2025-W42
adj_close.csv,ARIMA,MDY,0.02433568,0.00383677,0.02284937,0.02433568,0.00383677,0.02284937,"ARIMA(2, 0, 2)",0.02284937,-0.00148631,0.0190126,0.0,2025-W43
adj_close.csv,ARIMA,MDY,0.0172506,0.0387266,0.01587723,0.0172506,0.0387266,0.01587723,"ARIMA(2, 0, 2)",-0.01587723,0.00137337,0.02284937,0.0,2025-W44
adj_close.csv,ARIMA,MDY,0.00104778,0.01554,0.00033723,0.00104778,0.01554,0.00033723,"ARIMA(2, 0, 2)",-0.00033723,0.00071055,-0.01587723,0.0,2025-W45
adj_close.csv,ARIMA,MDY,0.00966734,0.01089347,0.0112307,0.00966734,0.01089347,0.0112307,"ARIMA(2, 0, 2)",-0.0112307,-0.00156336,-0.00033723,0.0,2025-W46
adj_close.csv,ARIMA,MDY,0.01047127,0.0046581,0.0065726,0.01047127,0.0046581,0.0065726,"ARIMA(2, 0, 2)",-0.0065726,0.00389867,-0.0112307,0.0,2025-W47
adj_close.csv,ARIMA,MDY,0.04173411,0.04557406,0.03900145,0.04173411,0.04557406,0.03900145,"ARIMA(2, 0, 2)",0.03900145,-0.00273266,-0.0065726,0.0,2025-W48
adj_close.csv,ARIMA,MDY,0.00597271,0.03586834,0.00313311,0.00597271,0.03586834,0.00313311,"ARIMA(2, 0, 2)",0.00313311,-0.0028396,0.03900145,0.0,2025-W49
adj_close.csv,ARIMA,MDY,0.00969669,0.00625661,0.00938973,0.00969669,0.00625661,0.00938973,"ARIMA(2, 0, 2)",0.00938973,-0.00030697,0.00313311,0.0,2025-W50
adj_close.csv,ARIMA,MDY,0.00333605,0.0083065,0.00108323,0.00333605,0.0083065,0.00108323,"ARIMA(2, 0, 2)",0.00108323,-0.00225283,0.00938973,0.0,2025-W51
adj_close.csv,ARIMA,MDY,0.00450647,0.00504608,0.0061293,0.00450647,0.00504608,0.0061293,"ARIMA(2, 0, 2)",0.0061293,0.00162283,0.00108323,0.0,2025-W52
adj_close.csv,ARIMA,MDY,0.00543339,0.01268385,0.00655455,0.00543339,0.01268385,0.00655455,"ARIMA(2, 0, 2)",-0.00655455,-0.00112116,0.0061293,0.0,2026-W01
adj_close.csv,ARIMA,MDY,0.03184699,0.03885826,0.03230372,0.03184699,0.03885826,0.03230372,"ARIMA(2, 0, 2)",0.03230372,0.00045673,-0.00655455,0.0,2026-W02
adj_close.csv,ARIMA,MDY,0.01204443,0.01897789,0.01332583,0.01204443,0.01897789,0.01332583,"ARIMA(2, 0, 2)",0.01332583,0.0012814,0.03230372,0.0,2026-W03
adj_close.csv,ARIMA,MDY,0.00439903,0.01912514,0.00579931,0.00439903,0.01912514,0.00579931,"ARIMA(2, 0, 2)",-0.00579931,-0.00140028,0.01332583,0.0,2026-W04
adj_close.csv,ARIMA,MDY,0.01383036,0.00777988,0.01357919,0.01383036,0.00777988,0.01357919,"ARIMA(2, 0, 2)",-0.01357919,0.00025116,-0.00579931,0.0,2026-W05
adj_close.csv,ARIMA,MDY,0.00919936,0.02170454,0.00812534,0.00919936,0.02170454,0.00812534,"ARIMA(2, 0, 2)",0.00812534,-0.00107401,-0.01357919,0.0,2026-W06
adj_close.csv,ARIMA,MTUM,0.01695275,0.02524232,0.01639946,0.01695275,0.02524232,0.01639946,"ARIMA(0, 0, 1)",-0.01639946,0.00055329,-0.04164179,0.0,2024-W30
adj_close.csv,ARIMA,MTUM,0.04742744,0.0309032,0.04730266,0.04742744,0.0309032,0.04730266,"ARIMA(0, 0, 1)",-0.04730266,0.00012478,-0.01639946,0.0,2024-W31
adj_close.csv,ARIMA,MTUM,0.02879597,0.07614689,0.02884423,0.02879597,0.07614689,0.02884423,"ARIMA(0, 0, 1)",0.02884423,4.826e-05,-0.04730266,0.0,2024-W32
adj_close.csv,ARIMA,MTUM,0.05420453,0.02502642,0.05387065,0.05420453,0.02502642,0.05387065,"ARIMA(0, 0, 1)",0.05387065,-0.00033387,0.02884423,0.0,2024-W33
adj_close.csv,ARIMA,MTUM,0.01524902,0.03859319,0.01527747,0.01524902,0.03859319,0.01527747,"ARIMA(0, 0, 1)",0.01527747,2.845e-05,0.05387065,0.0,2024-W34
adj_close.csv,ARIMA,MTUM,0.00263478,0.01780758,0.00253012,0.00263478,0.01780758,0.00253012,"ARIMA(0, 0, 1)",-0.00253012,0.00010466,0.01527747,0.0,2024-W35
adj_close.csv,ARIMA,MTUM,0.05913091,0.05664209,0.05917221,0.05913091,0.05664209,0.05917221,"ARIMA(0, 0, 1)",-0.05917221,-4.13e-05,-0.00253012,0.0,2024-W36
adj_close.csv,ARIMA,MTUM,0.0569339,0.11524907,0.05607686,0.0569339,0.11524907,0.05607686,"ARIMA(0, 0, 1)",0.05607686,-0.00085704,-0.05917221,0.0,2024-W37
adj_close.csv,ARIMA,MTUM,0.02473474,0.0319247,0.02415216,0.02473474,0.0319247,0.02415216,"ARIMA(0, 0, 1)",0.02415216,-0.00058258,0.05607686,0.0,2024-W38
adj_close.csv,ARIMA,MTUM,0.00403329,0.02014863,0.00400354,0.00403329,0.02014863,0.00400354,"ARIMA(0, 0, 1)",0.00400354,-2.975e-05,0.02415216,0.0,2024-W39
adj_close.csv,ARIMA,MTUM,0.00897342,0.00496867,0.00897221,0.00897342,0.00496867,0.00897221,"ARIMA(0, 0, 1)",0.00897221,-1.21e-06,0.00400354,0.0,2024-W40
adj_close.csv,ARIMA,MTUM,0.01751051,0.00854131,0.01751352,0.01751051,0.00854131,0.01751352,"ARIMA(0, 0, 1)",0.01751352,3.01e-06,0.00897221,0.0,2024-W41
adj_close.csv,ARIMA,MTUM,0.0094257,0.00805788,0.00945564,0.0094257,0.00805788,0.00945564,"ARIMA(0, 0, 1)",0.00945564,2.994e-05,0.01751352,0.0,2024-W42
adj_close.csv,ARIMA,MTUM,0.01732684,0.02675436,0.01729872,0.01732684,0.02675436,0.01729872,"ARIMA(0, 0, 1)",-0.01729872,2.813e-05,0.00945564,0.0,2024-W43
adj_close.csv,ARIMA,MTUM,0.0198047,0.00253322,0.01983193,0.0198047,0.00253322,0.01983193,"ARIMA(0, 0, 1)",-0.01983193,-2.723e-05,-0.01729872,0.0,2024-W44
adj_close.csv,ARIMA,MTUM,0.05852236,0.07827864,0.05844671,0.05852236,0.07827864,0.05844671,"ARIMA(0, 0, 1)",0.05844671,-7.565e-05,-0.01983193,0.0,2024-W45
adj_close.csv,ARIMA,MTUM,0.0254298,0.08416737,0.02572066,0.0254298,0.08416737,0.02572066,"ARIMA(0, 0, 1)",-0.02572066,-0.00029087,0.05844671,0.0,2024-W46
adj_close.csv,ARIMA,MTUM,0.03033485,0.05643263,0.03071197,0.03033485,0.05643263,0.03071197,"ARIMA(0, 0, 1)",0.03071197,0.00037711,-0.02572066,0.0,2024-W47
adj_close.csv,ARIMA,MTUM,0.00806034,0.02324842,0.00746354,0.00806034,0.02324842,0.00746354,"ARIMA(0, 0, 1)",0.00746354,-0.00059679,0.03071197,0.0,2024-W48
adj_close.csv,ARIMA,MTUM,0.00488958,0.00271778,0.00474576,0.00488958,0.00271778,0.00474576,"ARIMA(0, 0, 1)",0.00474576,-0.00014382,0.00746354,0.0,2024-W49
adj_close.csv,ARIMA,MTUM,0.01501233,0.01984421,0.01509845,0.01501233,0.01984421,0.01509845,"ARIMA(0, 0, 1)",-0.01509845,-8.612e-05,0.00474576,0.0,2024-W50
adj_close.csv,ARIMA,MTUM,0.02127712,0.00590317,0.02100162,0.02127712,0.00590317,0.02100162,"ARIMA(0, 0, 1)",-0.02100162,0.0002755,-0.01509845,0.0,2024-W51
adj_close.csv,ARIMA,MTUM,0.00556748,0.02691397,0.00591235,0.00556748,0.02691397,0.00591235,"ARIMA(0, 0, 1)",0.00591235,0.00034487,-0.02100162,0.0,2024-W52
adj_close.csv,ARIMA,MTUM,0.00441154,0.0015956,0.00431676,0.00441154,0.0015956,0.00431676,"ARIMA(0, 0, 1)",0.00431676,-9.478e-05,0.00591235,0.0,2025-W01
adj_close.csv,ARIMA,MTUM,0.02077909,0.02517072,0.02085396,0.02077909,0.02517072,0.02085396,"ARIMA(0, 0, 1)",-0.02085396,-7.487e-05,0.00431676,0.0,2025-W02
adj_close.csv,ARIMA,MTUM,0.04890949,0.07012738,0.04927342,0.04890949,0.07012738,0.04927342,"ARIMA(0, 0, 1)",0.04927342,0.00036393,-0.02085396,0.0,2025-W03
adj_close.csv,ARIMA,MTUM,0.02689643,0.02356586,0.02570756,0.02689643,0.02356586,0.02570756,"ARIMA(0, 0, 1)",0.02570756,-0.00118887,0.04927342,0.0,2025-W04
adj_close.csv,ARIMA,MTUM,0.01713823,0.04325898,0.01755142,0.01713823,0.04325898,0.01755142,"ARIMA(0, 0, 1)",-0.01755142,-0.00041318,0.02570756,0.0,2025-W05
adj_close.csv,ARIMA,MTUM,0.02553528,0.04340868,0.02585726,0.02553528,0.04340868,0.02585726,"ARIMA(0, 0, 1)",0.02585726,0.00032198,-0.01755142,0.0,2025-W06
adj_close.csv,ARIMA,MTUM,0.01567584,0.01071911,0.01513815,0.01567584,0.01071911,0.01513815,"ARIMA(0, 0, 1)",0.01513815,-0.0005377,0.02585726,0.0,2025-W07
adj_close.csv,ARIMA,MTUM,0.03711072,0.05253481,0.03739666,0.03711072,0.05253481,0.03739666,"ARIMA(0, 0, 1)",-0.03739666,-0.00028594,0.01513815,0.0,2025-W08
adj_close.csv,ARIMA,MTUM,0.00762689,0.03059828,0.00679839,0.00762689,0.03059828,0.00679839,"ARIMA(0, 0, 1)",-0.00679839,0.0008285,-0.03739666,0.0,2025-W09
adj_close.csv,ARIMA,MTUM,0.06678695,0.05983285,0.06663123,0.06678695,0.05983285,0.06663123,"ARIMA(0, 0, 1)",-0.06663123,0.00015572,-0.00679839,0.0,2025-W10
adj_close.csv,ARIMA,MTUM,0.01272218,0.05501517,0.01161606,0.01272218,0.05501517,0.01161606,"ARIMA(0, 0, 1)",-0.01161606,0.00110612,-0.06663123,0.0,2025-W11
adj_close.csv,ARIMA,MTUM,0.01592186,0.02767197,0.01605591,0.01592186,0.02767197,0.01605591,"ARIMA(0, 0, 1)",0.01605591,0.00013405,-0.01161606,0.0,2025-W12
adj_close.csv,ARIMA,MTUM,0.01888543,0.03513973,0.01908382,0.01888543,0.03513973,0.01908382,"ARIMA(0, 0, 1)",-0.01908382,-0.00019839,0.01605591,0.0,2025-W13
adj_close.csv,ARIMA,MTUM,0.1034904,0.0841437,0.10322752,0.1034904,0.0841437,0.10322752,"ARIMA(0, 0, 1)",-0.10322752,0.00026287,-0.01908382,0.0,2025-W14
adj_close.csv,ARIMA,MTUM,0.07891008,0.18226759,0.07904007,0.07891008,0.18226759,0.07904007,"ARIMA(0, 0, 1)",0.07904007,0.00012999,-0.10322752,0.0,2025-W15
adj_close.csv,ARIMA,MTUM,0.00089417,0.08266798,0.00362791,0.00089417,0.08266798,0.00362791,"ARIMA(0, 0, 1)",-0.00362791,-0.00452208,0.07904007,0.0,2025-W16
adj_close.csv,ARIMA,MTUM,0.0569648,0.0605389,0.05691099,0.0569648,0.0605389,0.05691099,"ARIMA(0, 0, 1)",0.05691099,-5.381e-05,-0.00362791,0.0,2025-W17
adj_close.csv,ARIMA,MTUM,0.04876299,0.01157867,0.04533232,0.04876299,0.01157867,0.04533232,"ARIMA(0, 0, 1)",0.04533232,-0.00343067,0.05691099,0.0,2025-W18
adj_close.csv,ARIMA,MTUM,0.00591686,0.04150385,0.00382847,0.00591686,0.04150385,0.00382847,"ARIMA(0, 0, 1)",0.00382847,-0.00208839,0.04533232,0.0,2025-W19
adj_close.csv,ARIMA,MTUM,0.06036808,0.05629509,0.06012355,0.06036808,0.05629509,0.06012355,"ARIMA(0, 0, 1)",0.06012355,-0.00024453,0.00382847,0.0,2025-W20
adj_close.csv,ARIMA,MTUM,0.01927916,0.08177212,0.02164857,0.01927916,0.08177212,0.02164857,"ARIMA(0, 0, 1)",-0.02164857,-0.00236941,0.06012355,0.0,2025-W21
adj_close.csv,ARIMA,MTUM,0.02454982,0.04706157,0.02541301,0.02454982,0.04706157,0.02541301,"ARIMA(0, 0, 1)",0.02541301,0.00086319,-0.02164857,0.0,2025-W22
adj_close.csv,ARIMA,MTUM,0.00634215,0.02024361,0.0051694,0.00634215,0.02024361,0.0051694,"ARIMA(0, 0, 1)",0.0051694,-0.00117275,0.02541301,0.0,2025-W23
adj_close.csv,ARIMA,MTUM,0.01041558,0.01588232,0.01071292,0.01041558,0.01588232,0.01071292,"ARIMA(0, 0, 1)",-0.01071292,-0.00029734,0.0051694,0.0,2025-W24
adj_close.csv,ARIMA,MTUM,0.00172734,0.01293429,0.00222136,0.00172734,0.01293429,0.00222136,"ARIMA(0, 0, 1)",0.00222136,0.00049403,-0.01071292,0.0,2025-W25
adj_close.csv,ARIMA,MTUM,0.03175072,0.02944728,0.03166865,0.03175072,0.02944728,0.03166865,"ARIMA(0, 0, 1)",0.03166865,-8.207e-05,0.00222136,0.0,2025-W26
adj_close.csv,ARIMA,MTUM,0.00846164,0.02470965,0.006959,0.00846164,0.02470965,0.006959,"ARIMA(0, 0, 1)",0.006959,-0.00150264,0.03166865,0.0,2025-W27
adj_close.csv,ARIMA,MTUM,0.01273383,0.0200789,0.0131199,0.01273383,0.0200789,0.0131199,"ARIMA(0, 0, 1)",-0.0131199,-0.00038607,0.006959,0.0,2025-W28
adj_close.csv,ARIMA,MTUM,0.01127329,0.02498573,0.01186583,0.01127329,0.02498573,0.01186583,"ARIMA(0, 0, 1)",0.01186583,0.00059255,-0.0131199,0.0,2025-W29
adj_close.csv,ARIMA,MTUM,0.00977595,0.00262274,0.00924309,0.00977595,0.00262274,0.00924309,"ARIMA(0, 0, 1)",0.00924309,-0.00053285,0.01186583,0.0,2025-W30
adj_close.csv,ARIMA,MTUM,0.01000026,0.01970001,0.01045692,0.01000026,0.01970001,0.01045692,"ARIMA(0, 0, 1)",-0.01045692,-0.00045666,0.00924309,0.0,2025-W31
adj_close.csv,ARIMA,MTUM,0.0279332,0.03886284,0.02840592,0.0279332,0.03886284,0.02840592,"ARIMA(0, 0, 1)",0.02840592,0.00047272,-0.01045692,0.0,2025-W32
adj_close.csv,ARIMA,MTUM,0.00190135,0.03166776,0.00326184,0.00190135,0.03166776,0.00326184,"ARIMA(0, 0, 1)",-0.00326184,-0.00136049,0.02840592,0.0,2025-W33
adj_close.csv,ARIMA,MTUM,0.00500564,0.00165099,0.00491283,0.00500564,0.00165099,0.00491283,"ARIMA(0, 0, 1)",-0.00491283,9.281e-05,-0.00326184,0.0,2025-W34
adj_close.csv,ARIMA,MTUM,4.201e-05,0.00520006,0.00028723,4.201e-05,0.00520006,0.00028723,"ARIMA(0, 0, 1)",0.00028723,0.00024522,-0.00491283,0.0,2025-W35
adj_close.csv,ARIMA,MTUM,0.00233803,0.00204875,0.00233597,0.00233803,0.00204875,0.00233597,"ARIMA(0, 0, 1)",0.00233597,-2.06e-06,0.00028723,0.0,2025-W36
adj_close.csv,ARIMA,MTUM,0.03716024,0.03470971,0.03704569,0.03716024,0.03470971,0.03704569,"ARIMA(0, 0, 1)",0.03704569,-0.00011455,0.00233597,0.0,2025-W37
adj_close.csv,ARIMA,MTUM,0.01707207,0.02177692,0.01526877,0.01707207,0.02177692,0.01526877,"ARIMA(0, 0, 1)",0.01526877,-0.0018033,0.03704569,0.0,2025-W38
adj_close.csv,ARIMA,MTUM,0.00764232,0.02367598,0.00840721,0.00764232,0.02367598,0.00840721,"ARIMA(0, 0, 1)",-0.00840721,-0.00076489,0.01526877,0.0,2025-W39
adj_close.csv,ARIMA,MTUM,0.00188274,0.00687458,0.00153263,0.00188274,0.00687458,0.00153263,"ARIMA(0, 0, 1)",-0.00153263,0.00035011,-0.00840721,0.0,2025-W40
adj_close.csv,ARIMA,MTUM,0.01714202,0.01552313,0.01705576,0.01714202,0.01552313,0.01705576,"ARIMA(0, 0, 1)",-0.01705576,8.626e-05,-0.00153263,0.0,2025-W41
adj_close.csv,ARIMA,MTUM,0.01047563,0.02831353,0.01125777,0.01047563,0.02831353,0.01125777,"ARIMA(0, 0, 1)",0.01125777,0.00078214,-0.01705576,0.0,2025-W42
adj_close.csv,ARIMA,MTUM,0.01111105,0.00063402,0.01062374,0.01111105,0.00063402,0.01062374,"ARIMA(0, 0, 1)",0.01062374,-0.00048731,0.01125777,0.0,2025-W43
adj_close.csv,ARIMA,MTUM,0.00451133,0.01564615,0.00502241,0.00451133,0.01564615,0.00502241,"ARIMA(0, 0, 1)",-0.00502241,-0.00051108,0.01062374,0.0,2025-W44
adj_close.csv,ARIMA,MTUM,0.02425449,0.01902334,0.02404575,0.02425449,0.01902334,0.02404575,"ARIMA(0, 0, 1)",-0.02404575,0.00020874,-0.00502241,0.0,2025-W45
adj_close.csv,ARIMA,MTUM,0.00964871,0.01550753,0.00853822,0.00964871,0.01550753,0.00853822,"ARIMA(0, 0, 1)",-0.00853822,0.00111049,-0.02404575,0.0,2025-W46
adj_close.csv,ARIMA,MTUM,0.0344883,0.02552172,0.03405994,0.0344883,0.02552172,0.03405994,"ARIMA(0, 0, 1)",-0.03405994,0.00042835,-0.00853822,0.0,2025-W47
adj_close.csv,ARIMA,MTUM,0.04943651,0.08496424,0.0509043,0.04943651,0.08496424,0.0509043,"ARIMA(0, 0, 1)",0.0509043,0.00146778,-0.03405994,0.0,2025-W48
adj_close.csv,ARIMA,MTUM,0.01263737,0.04080565,0.01009865,0.01263737,0.04080565,0.01009865,"ARIMA(0, 0, 1)",0.01009865,-0.00253872,0.0509043,0.0,2025-W49
adj_close.csv,ARIMA,MTUM,0.01265408,0.02335909,0.01326045,0.01265408,0.02335909,0.01326045,"ARIMA(0, 0, 1)",-0.01326045,-0.00060637,0.01009865,0.0,2025-W50
adj_close.csv,ARIMA,MTUM,0.00922927,0.0231159,0.00985545,0.00922927,0.0231159,0.00985545,"ARIMA(0, 0, 1)",0.00985545,0.00062618,-0.01326045,0.0,2025-W51
adj_close.csv,ARIMA,MTUM,0.01539491,0.00507727,0.01493272,0.01539491,0.00507727,0.01493272,"ARIMA(0, 0, 1)",0.01493272,-0.00046219,0.00985545,0.0,2025-W52
adj_close.csv,ARIMA,MTUM,0.00829896,0.02399219,0.00905947,0.00829896,0.02399219,0.00905947,"ARIMA(0, 0, 1)",-0.00905947,-0.00076051,0.01493272,0.0,2026-W01
adj_close.csv,ARIMA,MTUM,0.0163001,0.0257749,0.01671543,0.0163001,0.0257749,0.01671543,"ARIMA(0, 0, 1)",0.01671543,0.00041533,-0.00905947,0.0,2026-W02
adj_close.csv,ARIMA,MTUM,0.00622129,0.01132117,0.00539425,0.00622129,0.01132117,0.00539425,"ARIMA(0, 0, 1)",0.00539425,-0.00082703,0.01671543,0.0,2026-W03
adj_close.csv,ARIMA,MTUM,0.01093596,0.01664235,0.0112481,0.01093596,0.01664235,0.0112481,"ARIMA(0, 0, 1)",-0.0112481,-0.00031214,0.00539425,0.0,2026-W04
adj_close.csv,ARIMA,MTUM,0.00101068,0.01281247,0.00156437,0.00101068,0.01281247,0.00156437,"ARIMA(0, 0, 1)",0.00156437,0.00055369,-0.0112481,0.0,2026-W05
adj_close.csv,ARIMA,MTUM,0.00965745,0.00804187,0.00960624,0.00965745,0.00804187,0.00960624,"ARIMA(0, 0, 1)",0.00960624,-5.121e-05,0.00156437,0.0,2026-W06
adj_close.csv,ARIMA,QQQ,0.02837804,0.01421632,0.02615774,0.02837804,0.01421632,0.02615774,"ARIMA(1, 0, 0)",-0.02615774,0.00222029,-0.04037407,0.0,2024-W30
adj_close.csv,ARIMA,QQQ,0.03244768,0.00503859,0.03119633,0.03244768,0.00503859,0.03119633,"ARIMA(1, 0, 0)",-0.03119633,0.00125135,-0.02615774,0.0,2024-W31
adj_close.csv,ARIMA,QQQ,0.0023647,0.03488878,0.00369245,0.0023647,0.03488878,0.00369245,"ARIMA(1, 0, 0)",0.00369245,0.00132774,-0.03119633,0.0,2024-W32
adj_close.csv,ARIMA,QQQ,0.05337855,0.04952727,0.05321971,0.05337855,0.04952727,0.05321971,"ARIMA(1, 0, 0)",0.05321971,-0.00015884,0.00369245,0.0,2024-W33
adj_close.csv,ARIMA,QQQ,0.01263258,0.04281165,0.01040806,0.01263258,0.04281165,0.01040806,"ARIMA(1, 0, 0)",0.01040806,-0.00222452,0.05321971,0.0,2024-W34
adj_close.csv,ARIMA,QQQ,0.00740866,0.01820926,0.0078012,0.00740866,0.01820926,0.0078012,"ARIMA(1, 0, 0)",-0.0078012,-0.00039254,0.01040806,0.0,2024-W35
adj_close.csv,ARIMA,QQQ,0.05995045,0.05185137,0.05965257,0.05995045,0.05185137,0.05965257,"ARIMA(1, 0, 0)",-0.05965257,0.00029788,-0.0078012,0.0,2024-W36
adj_close.csv,ARIMA,QQQ,0.0555896,0.11735064,0.05769807,0.0555896,0.11735064,0.05769807,"ARIMA(1, 0, 0)",0.05769807,0.00210847,-0.05965257,0.0,2024-W37
adj_close.csv,ARIMA,QQQ,0.01800191,0.0428719,0.01482617,0.01800191,0.0428719,0.01482617,"ARIMA(1, 0, 0)",0.01482617,-0.00317574,0.05769807,0.0,2024-W38
adj_close.csv,ARIMA,QQQ,0.01102466,0.00452786,0.01029831,0.01102466,0.00452786,0.01029831,"ARIMA(1, 0, 0)",0.01029831,-0.00072635,0.01482617,0.0,2024-W39
adj_close.csv,ARIMA,QQQ,0.00166505,0.009128,0.00117031,0.00166505,0.009128,0.00117031,"ARIMA(1, 0, 0)",0.00117031,-0.00049474,0.01029831,0.0,2024-W40
adj_close.csv,ARIMA,QQQ,0.01237437,0.01114796,0.01231827,0.01237437,0.01114796,0.01231827,"ARIMA(1, 0, 0)",0.01231827,-5.611e-05,0.00117031,0.0,2024-W41
adj_close.csv,ARIMA,QQQ,0.00283676,0.01007102,0.00224725,0.00283676,0.01007102,0.00224725,"ARIMA(1, 0, 0)",0.00224725,-0.00058951,0.01231827,0.0,2024-W42
adj_close.csv,ARIMA,QQQ,0.00182465,0.00052969,0.00171756,0.00182465,0.00052969,0.00171756,"ARIMA(1, 0, 0)",0.00171756,-0.00010709,0.00224725,0.0,2024-W43
adj_close.csv,ARIMA,QQQ,0.01597553,0.0177749,0.01605734,0.01597553,0.0177749,0.01605734,"ARIMA(1, 0, 0)",-0.01605734,-8.181e-05,0.00171756,0.0,2024-W44
adj_close.csv,ARIMA,QQQ,0.05258161,0.06940632,0.05334898,0.05258161,0.06940632,0.05334898,"ARIMA(1, 0, 0)",0.05334898,0.00076737,-0.01605734,0.0,2024-W45
adj_close.csv,ARIMA,QQQ,0.0319604,0.0881201,0.03477112,0.0319604,0.0881201,0.03477112,"ARIMA(1, 0, 0)",-0.03477112,-0.00281072,0.05334898,0.0,2024-W46
adj_close.csv,ARIMA,QQQ,0.01622698,0.05316825,0.01839713,0.01622698,0.05316825,0.01839713,"ARIMA(1, 0, 0)",0.01839713,0.00217015,-0.03477112,0.0,2024-W47
adj_close.csv,ARIMA,QQQ,0.00898612,0.01061803,0.0077791,0.00898612,0.01061803,0.0077791,"ARIMA(1, 0, 0)",0.0077791,-0.00120702,0.01839713,0.0,2024-W48
adj_close.csv,ARIMA,QQQ,0.03281579,0.02453359,0.03231269,0.03281579,0.02453359,0.03231269,"ARIMA(1, 0, 0)",0.03231269,-0.00050311,0.0077791,0.0,2024-W49
adj_close.csv,ARIMA,QQQ,0.00970633,0.02464953,0.00766315,0.00970633,0.02464953,0.00766315,"ARIMA(1, 0, 0)",0.00766315,-0.00204318,0.03231269,0.0,2024-W50
adj_close.csv,ARIMA,QQQ,0.02215699,0.03029119,0.02262803,0.02215699,0.03029119,0.02262803,"ARIMA(1, 0, 0)",-0.02262803,-0.00047104,0.00766315,0.0,2024-W51
adj_close.csv,ARIMA,QQQ,0.00768999,0.03173052,0.00910249,0.00768999,0.03173052,0.00910249,"ARIMA(1, 0, 0)",0.00910249,0.0014125,-0.02262803,0.0,2024-W52
adj_close.csv,ARIMA,QQQ,0.0070684,0.01674796,0.00764547,0.0070684,0.01674796,0.00764547,"ARIMA(1, 0, 0)",-0.00764547,-0.00057707,0.00910249,0.0,2025-W01
adj_close.csv,ARIMA,QQQ,0.02269606,0.01456314,0.02220861,0.02269606,0.01456314,0.02220861,"ARIMA(1, 0, 0)",-0.02220861,0.00048746,-0.00764547,0.0,2025-W02
adj_close.csv,ARIMA,QQQ,0.02688914,0.05049215,0.02828354,0.02688914,0.05049215,0.02828354,"ARIMA(1, 0, 0)",0.02828354,0.0013944,-0.02220861,0.0,2025-W03
adj_close.csv,ARIMA,QQQ,0.01687955,0.01327409,0.01500945,0.01687955,0.01327409,0.01500945,"ARIMA(1, 0, 0)",0.01500945,-0.0018701,0.02828354,0.0,2025-W04
adj_close.csv,ARIMA,QQQ,0.01300321,0.02896526,0.01395581,0.01300321,0.02896526,0.01395581,"ARIMA(1, 0, 0)",-0.01395581,-0.0009526,0.01500945,0.0,2025-W05
adj_close.csv,ARIMA,QQQ,0.00030479,0.01516144,0.00120564,0.00030479,0.01516144,0.00120564,"ARIMA(1, 0, 0)",0.00120564,0.00090085,-0.01395581,0.0,2025-W06
adj_close.csv,ARIMA,QQQ,0.02878678,0.0275033,0.02870893,0.02878678,0.0275033,0.02870893,"ARIMA(1, 0, 0)",0.02870893,-7.785e-05,0.00120564,0.0,2025-W07
adj_close.csv,ARIMA,QQQ,0.02083584,0.05139308,0.02268415,0.02083584,0.05139308,0.02268415,"ARIMA(1, 0, 0)",-0.02268415,-0.00184831,0.02870893,0.0,2025-W08
adj_close.csv,ARIMA,QQQ,0.0361726,0.01195313,0.03463728,0.0361726,0.01195313,0.03463728,"ARIMA(1, 0, 0)",-0.03463728,0.00153532,-0.02268415,0.0,2025-W09
adj_close.csv,ARIMA,QQQ,0.03495214,0.00187307,0.03276421,0.03495214,0.00187307,0.03276421,"ARIMA(1, 0, 0)",-0.03276421,0.00218792,-0.03463728,0.0,2025-W10
adj_close.csv,ARIMA,QQQ,0.02682701,0.00778995,0.02497426,0.02682701,0.00778995,0.02497426,"ARIMA(1, 0, 0)",-0.02497426,0.00185275,-0.03276421,0.0,2025-W11
adj_close.csv,ARIMA,QQQ,0.00116406,0.02743125,0.00245698,0.00116406,0.02743125,0.00245698,"ARIMA(1, 0, 0)",0.00245698,0.00129293,-0.02497426,0.0,2025-W12
adj_close.csv,ARIMA,QQQ,0.02344194,0.0260265,0.02356952,0.02344194,0.0260265,0.02356952,"ARIMA(1, 0, 0)",-0.02356952,-0.00012759,0.00245698,0.0,2025-W13
adj_close.csv,ARIMA,QQQ,0.10511433,0.08031354,0.10388307,0.10511433,0.08031354,0.10388307,"ARIMA(1, 0, 0)",-0.10388307,0.00123127,-0.02356952,0.0,2025-W14
adj_close.csv,ARIMA,QQQ,0.06834917,0.17626914,0.07238607,0.06834917,0.17626914,0.07238607,"ARIMA(1, 0, 0)",0.07238607,0.0040369,-0.10388307,0.0,2025-W15
adj_close.csv,ARIMA,QQQ,0.01749235,0.09531417,0.0229281,0.01749235,0.09531417,0.0229281,"ARIMA(1, 0, 0)",-0.0229281,-0.00543575,0.07238607,0.0,2025-W16
adj_close.csv,ARIMA,QQQ,0.0602489,0.08504305,0.06211495,0.0602489,0.08504305,0.06211495,"ARIMA(1, 0, 0)",0.06211495,0.00186605,-0.0229281,0.0,2025-W17
adj_close.csv,ARIMA,QQQ,0.03933076,0.0282649,0.03385005,0.03933076,0.0282649,0.03385005,"ARIMA(1, 0, 0)",0.03385005,-0.00548071,0.06211495,0.0,2025-W18
adj_close.csv,ARIMA,QQQ,0.00082366,0.03561089,0.00176085,0.00082366,0.03561089,0.00176085,"ARIMA(1, 0, 0)",-0.00176085,-0.0025845,0.03385005,0.0,2025-W19
adj_close.csv,ARIMA,QQQ,0.06634039,0.06823545,0.0664746,0.06634039,0.06823545,0.0664746,"ARIMA(1, 0, 0)",0.0664746,0.00013421,-0.00176085,0.0,2025-W20
adj_close.csv,ARIMA,QQQ,0.01870511,0.09028374,0.02380914,0.01870511,0.09028374,0.02380914,"ARIMA(1, 0, 0)",-0.02380914,-0.00510404,0.0664746,0.0,2025-W21
adj_close.csv,ARIMA,QQQ,0.01722801,0.04300547,0.01919633,0.01722801,0.04300547,0.01919633,"ARIMA(1, 0, 0)",0.01919633,0.00196831,-0.02380914,0.0,2025-W22
adj_close.csv,ARIMA,QQQ,0.02223439,0.00141391,0.02061023,0.02223439,0.00141391,0.02061023,"ARIMA(1, 0, 0)",0.02061023,-0.00162416,0.01919633,0.0,2025-W23
adj_close.csv,ARIMA,QQQ,0.00389888,0.02621142,0.00560119,0.00389888,0.02621142,0.00560119,"ARIMA(1, 0, 0)",-0.00560119,-0.00170231,0.02061023,0.0,2025-W24
adj_close.csv,ARIMA,QQQ,0.00071156,0.00535438,0.00024681,0.00071156,0.00535438,0.00024681,"ARIMA(1, 0, 0)",-0.00024681,0.00046475,-0.00560119,0.0,2025-W25
adj_close.csv,ARIMA,QQQ,0.04066354,0.04093082,0.04068401,0.04066354,0.04093082,0.04068401,"ARIMA(1, 0, 0)",0.04068401,2.047e-05,-0.00024681,0.0,2025-W26
adj_close.csv,ARIMA,QQQ,0.0181012,0.02595967,0.01472434,0.0181012,0.02595967,0.01472434,"ARIMA(1, 0, 0)",0.01472434,-0.00337686,0.04068401,0.0,2025-W27
adj_close.csv,ARIMA,QQQ,0.00246676,0.01836263,0.00363829,0.00246676,0.01836263,0.00363829,"ARIMA(1, 0, 0)",-0.00363829,-0.00117153,0.01472434,0.0,2025-W28
adj_close.csv,ARIMA,QQQ,0.01236859,0.01629697,0.01265869,0.01236859,0.01629697,0.01265869,"ARIMA(1, 0, 0)",0.01265869,0.00029009,-0.00363829,0.0,2025-W29
adj_close.csv,ARIMA,QQQ,0.01007533,0.00359533,0.00906335,0.01007533,0.00359533,0.00906335,"ARIMA(1, 0, 0)",0.00906335,-0.00101198,0.01265869,0.0,2025-W30
adj_close.csv,ARIMA,QQQ,0.02158044,0.03136296,0.02229961,0.02158044,0.03136296,0.02229961,"ARIMA(1, 0, 0)",-0.02229961,-0.00071917,0.00906335,0.0,2025-W31
adj_close.csv,ARIMA,QQQ,0.03484932,0.05893869,0.03663908,0.03484932,0.05893869,0.03663908,"ARIMA(1, 0, 0)",0.03663908,0.00178977,-0.02229961,0.0,2025-W32
adj_close.csv,ARIMA,QQQ,0.00791724,0.03179483,0.00484426,0.00791724,0.03179483,0.00484426,"ARIMA(1, 0, 0)",0.00484426,-0.00307298,0.03663908,0.0,2025-W33
adj_close.csv,ARIMA,QQQ,0.00894499,0.01418905,0.00934479,0.00894499,0.01418905,0.00934479,"ARIMA(1, 0, 0)",-0.00934479,-0.00039981,0.00484426,0.0,2025-W34
adj_close.csv,ARIMA,QQQ,0.00352178,0.00659612,0.00274867,0.00352178,0.00659612,0.00274867,"ARIMA(1, 0, 0)",-0.00274867,0.00077311,-0.00934479,0.0,2025-W35
adj_close.csv,ARIMA,QQQ,0.00964687,0.01262253,0.00987386,0.00964687,0.01262253,0.00987386,"ARIMA(1, 0, 0)",0.00987386,0.00022699,-0.00274867,0.0,2025-W36
adj_close.csv,ARIMA,QQQ,0.0190502,0.00835975,0.01823361,0.0190502,0.00835975,0.01823361,"ARIMA(1, 0, 0)",0.01823361,-0.00081659,0.00987386,0.0,2025-W37
adj_close.csv,ARIMA,QQQ,0.02289244,0.0031667,0.0214003,0.02289244,0.0031667,0.0214003,"ARIMA(1, 0, 0)",0.0214003,-0.00149214,0.01823361,0.0,2025-W38
adj_close.csv,ARIMA,QQQ,0.0027866,0.02589703,0.00449673,0.0027866,0.02589703,0.00449673,"ARIMA(1, 0, 0)",-0.00449673,-0.00171013,0.0214003,0.0,2025-W39
adj_close.csv,ARIMA,QQQ,0.01166479,0.0165221,0.01202537,0.01166479,0.0165221,0.01202537,"ARIMA(1, 0, 0)",0.01202537,0.00036057,-0.00449673,0.0,2025-W40
adj_close.csv,ARIMA,QQQ,0.02197381,0.03496633,0.02294097,0.02197381,0.03496633,0.02294097,"ARIMA(1, 0, 0)",-0.02294097,-0.00096716,0.01202537,0.0,2025-W41
adj_close.csv,ARIMA,QQQ,0.02231067,0.04712456,0.02418359,0.02231067,0.04712456,0.02418359,"ARIMA(1, 0, 0)",0.02418359,0.00187292,-0.02294097,0.0,2025-W42
adj_close.csv,ARIMA,QQQ,0.02360382,0.00261086,0.02157273,0.02360382,0.00261086,0.02157273,"ARIMA(1, 0, 0)",0.02157273,-0.00203109,0.02418359,0.0,2025-W43
adj_close.csv,ARIMA,QQQ,0.02096707,0.00236119,0.01921154,0.02096707,0.00236119,0.01921154,"ARIMA(1, 0, 0)",0.01921154,-0.00175553,0.02157273,0.0,2025-W44
adj_close.csv,ARIMA,QQQ,0.02968623,0.05042152,0.03120998,0.02968623,0.05042152,0.03120998,"ARIMA(1, 0, 0)",-0.03120998,-0.00152375,0.01921154,0.0,2025-W45
adj_close.csv,ARIMA,QQQ,0.00400069,0.02976574,0.00144424,0.00400069,0.02976574,0.00144424,"ARIMA(1, 0, 0)",-0.00144424,0.00255645,-0.03120998,0.0,2025-W46
adj_close.csv,ARIMA,QQQ,0.03146464,0.02990292,0.03134716,0.03146464,0.02990292,0.03134716,"ARIMA(1, 0, 0)",-0.03134716,0.00011748,-0.00144424,0.0,2025-W47
adj_close.csv,ARIMA,QQQ,0.04572442,0.07961506,0.0482679,0.04572442,0.07961506,0.0482679,"ARIMA(1, 0, 0)",0.0482679,0.00254348,-0.03134716,0.0,2025-W48
adj_close.csv,ARIMA,QQQ,0.01423893,0.03825761,0.01001029,0.01423893,0.03825761,0.01001029,"ARIMA(1, 0, 0)",0.01001029,-0.00422864,0.0482679,0.0,2025-W49
adj_close.csv,ARIMA,QQQ,0.01829724,0.02915378,0.01914349,0.01829724,0.02915378,0.01914349,"ARIMA(1, 0, 0)",-0.01914349,-0.00084625,0.01001029,0.0,2025-W50
adj_close.csv,ARIMA,QQQ,0.00394012,0.02471762,0.00557413,0.00394012,0.02471762,0.00557413,"ARIMA(1, 0, 0)",0.00557413,0.00163401,-0.01914349,0.0,2025-W51
adj_close.csv,ARIMA,QQQ,0.01278932,0.00673753,0.01231166,0.01278932,0.00673753,0.01231166,"ARIMA(1, 0, 0)",0.01231166,-0.00047766,0.00557413,0.0,2025-W52
adj_close.csv,ARIMA,QQQ,0.01636233,0.02972509,0.01741343,0.01636233,0.02972509,0.01741343,"ARIMA(1, 0, 0)",-0.01741343,-0.0010511,0.01231166,0.0,2026-W01
adj_close.csv,ARIMA,QQQ,0.02032526,0.03924097,0.02182754,0.02032526,0.03924097,0.02182754,"ARIMA(1, 0, 0)",0.02182754,0.00150228,-0.01741343,0.0,2026-W02
adj_close.csv,ARIMA,QQQ,0.00672107,0.03046606,0.00863852,0.00672107,0.03046606,0.00863852,"ARIMA(1, 0, 0)",-0.00863852,-0.00191745,0.02182754,0.0,2026-W03
adj_close.csv,ARIMA,QQQ,0.00158276,0.01098576,0.00234724,0.00158276,0.01098576,0.00234724,"ARIMA(1, 0, 0)",0.00234724,0.00076448,-0.00863852,0.0,2026-W04
adj_close.csv,ARIMA,QQQ,0.00115801,0.00371312,0.00136587,0.00115801,0.00371312,0.00136587,"ARIMA(1, 0, 0)",-0.00136587,-0.00020787,0.00234724,0.0,2026-W05
adj_close.csv,ARIMA,QQQ,0.00672198,0.00820882,0.00684295,0.00672198,0.00820882,0.00684295,"ARIMA(1, 0, 0)",0.00684295,0.00012097,-0.00136587,0.0,2026-W06
adj_close.csv,ARIMA,QUAL,0.01007579,0.01216687,0.00834964,0.01007579,0.01216687,0.00834964,"ARIMA(1, 0, 0)",-0.00834964,0.00172614,-0.02051651,0.0,2024-W30
adj_close.csv,ARIMA,QUAL,0.01160989,0.00257416,0.01092381,0.01160989,0.00257416,0.01092381,"ARIMA(1, 0, 0)",-0.01092381,0.00068608,-0.00834964,0.0,2024-W31
adj_close.csv,ARIMA,QUAL,0.00352004,0.01533138,0.00440757,0.00352004,0.01533138,0.00440757,"ARIMA(1, 0, 0)",0.00440757,0.00088753,-0.01092381,0.0,2024-W32
adj_close.csv,ARIMA,QUAL,0.03751885,0.03275156,0.03715914,0.03751885,0.03275156,0.03715914,"ARIMA(1, 0, 0)",0.03715914,-0.00035971,0.00440757,0.0,2024-W33
adj_close.csv,ARIMA,QUAL,0.0185992,0.02153428,0.01562485,0.0185992,0.02153428,0.01562485,"ARIMA(1, 0, 0)",0.01562485,-0.00297434,0.03715914,0.0,2024-W34
adj_close.csv,ARIMA,QUAL,0.00340203,0.01337233,0.00225252,0.00340203,0.01337233,0.00225252,"ARIMA(1, 0, 0)",0.00225252,-0.00114952,0.01562485,0.0,2024-W35
adj_close.csv,ARIMA,QUAL,0.04070897,0.04312608,0.04087356,0.04070897,0.04312608,0.04087356,"ARIMA(1, 0, 0)",-0.04087356,-0.0001646,0.00225252,0.0,2024-W36
adj_close.csv,ARIMA,QUAL,0.03243707,0.07633241,0.03545885,0.03243707,0.07633241,0.03545885,"ARIMA(1, 0, 0)",0.03545885,0.00302178,-0.04087356,0.0,2024-W37
adj_close.csv,ARIMA,QUAL,0.01195013,0.02656277,0.00889608,0.01195013,0.02656277,0.00889608,"ARIMA(1, 0, 0)",0.00889608,-0.00305404,0.03545885,0.0,2024-W38
adj_close.csv,ARIMA,QUAL,0.00539266,0.00423534,0.00466074,0.00539266,0.00423534,0.00466074,"ARIMA(1, 0, 0)",0.00466074,-0.00073192,0.00889608,0.0,2024-W39
adj_close.csv,ARIMA,QUAL,0.0032874,0.00175477,0.00290597,0.0032874,0.00175477,0.00290597,"ARIMA(1, 0, 0)",0.00290597,-0.00038143,0.00466074,0.0,2024-W40
adj_close.csv,ARIMA,QUAL,0.01254892,0.00940553,0.0123115,0.01254892,0.00940553,0.0123115,"ARIMA(1, 0, 0)",0.0123115,-0.00023742,0.00290597,0.0,2024-W41
adj_close.csv,ARIMA,QUAL,0.00644363,0.00686963,0.00544187,0.00644363,0.00686963,0.00544187,"ARIMA(1, 0, 0)",0.00544187,-0.00100176,0.0123115,0.0,2024-W42
adj_close.csv,ARIMA,QUAL,0.01425037,0.02013111,0.01468924,0.01425037,0.02013111,0.01468924,"ARIMA(1, 0, 0)",-0.01468924,-0.00043888,0.00544187,0.0,2024-W43
adj_close.csv,ARIMA,QUAL,0.01615945,0.00027521,0.01496445,0.01615945,0.00027521,0.01496445,"ARIMA(1, 0, 0)",-0.01496445,0.001195,-0.01468924,0.0,2024-W44
adj_close.csv,ARIMA,QUAL,0.03937246,0.05552213,0.04055768,0.03937246,0.05552213,0.04055768,"ARIMA(1, 0, 0)",0.04055768,0.00118522,-0.01496445,0.0,2024-W45
adj_close.csv,ARIMA,QUAL,0.0232781,0.06726398,0.0267063,0.0232781,0.06726398,0.0267063,"ARIMA(1, 0, 0)",-0.0267063,-0.0034282,0.04055768,0.0,2024-W46
adj_close.csv,ARIMA,QUAL,0.01512774,0.04431593,0.01760962,0.01512774,0.04431593,0.01760962,"ARIMA(1, 0, 0)",0.01760962,0.00248189,-0.0267063,0.0,2024-W47
adj_close.csv,ARIMA,QUAL,0.01550243,0.00380664,0.01380298,0.01550243,0.00380664,0.01380298,"ARIMA(1, 0, 0)",0.01380298,-0.00169945,0.01760962,0.0,2024-W48
adj_close.csv,ARIMA,QUAL,0.00759365,0.00750817,0.00629481,0.00759365,0.00750817,0.00629481,"ARIMA(1, 0, 0)",0.00629481,-0.00129884,0.01380298,0.0,2024-W49
adj_close.csv,ARIMA,QUAL,0.01291185,0.01979318,0.01349837,0.01291185,0.01979318,0.01349837,"ARIMA(1, 0, 0)",-0.01349837,-0.00058652,0.00629481,0.0,2024-W50
adj_close.csv,ARIMA,QUAL,0.02321664,0.0084509,0.02194927,0.02321664,0.0084509,0.02194927,"ARIMA(1, 0, 0)",-0.02194927,0.00126737,-0.01349837,0.0,2024-W51
adj_close.csv,ARIMA,QUAL,0.00405618,0.02800581,0.00605655,0.00405618,0.02800581,0.00605655,"ARIMA(1, 0, 0)",0.00605655,0.00200036,-0.02194927,0.0,2024-W52
adj_close.csv,ARIMA,QUAL,0.00622453,0.01283776,0.00678122,0.00622453,0.01283776,0.00678122,"ARIMA(1, 0, 0)",-0.00678122,-0.00055669,0.00605655,0.0,2025-W01
adj_close.csv,ARIMA,QUAL,0.01721529,0.00980854,0.01658975,0.01721529,0.00980854,0.01658975,"ARIMA(1, 0, 0)",-0.01658975,0.00062553,-0.00678122,0.0,2025-W02
adj_close.csv,ARIMA,QUAL,0.02279889,0.04090202,0.02431227,0.02279889,0.04090202,0.02431227,"ARIMA(1, 0, 0)",0.02431227,0.00151338,-0.01658975,0.0,2025-W03
adj_close.csv,ARIMA,QUAL,0.02099429,0.00561609,0.01869619,0.02099429,0.00561609,0.01869619,"ARIMA(1, 0, 0)",0.01869619,-0.00229811,0.02431227,0.0,2025-W04
adj_close.csv,ARIMA,QUAL,0.00234333,0.02272391,0.00402773,0.00234333,0.02272391,0.00402773,"ARIMA(1, 0, 0)",-0.00402773,-0.0016844,0.01869619,0.0,2025-W05
adj_close.csv,ARIMA,QUAL,0.00282152,0.00157061,0.00245712,0.00282152,0.00157061,0.00245712,"ARIMA(1, 0, 0)",-0.00245712,0.0003644,-0.00402773,0.0,2025-W06
adj_close.csv,ARIMA,QUAL,0.01173398,0.01441316,0.01195604,0.01173398,0.01441316,0.01195604,"ARIMA(1, 0, 0)",0.01195604,0.00022206,-0.00245712,0.0,2025-W07
adj_close.csv,ARIMA,QUAL,0.01256873,0.02560827,0.01365223,0.01256873,0.02560827,0.01365223,"ARIMA(1, 0, 0)",-0.01365223,-0.0010835,0.01195604,0.0,2025-W08
adj_close.csv,ARIMA,QUAL,0.00691172,0.00799545,0.00565678,0.00691172,0.00799545,0.00565678,"ARIMA(1, 0, 0)",-0.00565678,0.00125494,-0.01365223,0.0,2025-W09
adj_close.csv,ARIMA,QUAL,0.02696792,0.02079576,0.02645254,0.02696792,0.02079576,0.02645254,"ARIMA(1, 0, 0)",-0.02645254,0.00051538,-0.00565678,0.0,2025-W10
adj_close.csv,ARIMA,QUAL,0.03368061,0.00485285,0.03130539,0.03368061,0.00485285,0.03130539,"ARIMA(1, 0, 0)",-0.03130539,0.00237522,-0.02645254,0.0,2025-W11
adj_close.csv,ARIMA,QUAL,0.00097246,0.03484964,0.00354425,0.00097246,0.03484964,0.00354425,"ARIMA(1, 0, 0)",0.00354425,0.00257179,-0.03130539,0.0,2025-W12
adj_close.csv,ARIMA,QUAL,0.01137244,0.01520877,0.01166452,0.01137244,0.01520877,0.01166452,"ARIMA(1, 0, 0)",-0.01166452,-0.00029208,0.00354425,0.0,2025-W13
adj_close.csv,ARIMA,QUAL,0.08788554,0.07525574,0.08692026,0.08788554,0.07525574,0.08692026,"ARIMA(1, 0, 0)",-0.08692026,0.00096528,-0.01166452,0.0,2025-W14
adj_close.csv,ARIMA,QUAL,0.04348956,0.13684595,0.04992569,0.04348956,0.13684595,0.04992569,"ARIMA(1, 0, 0)",0.04992569,0.00643613,-0.08692026,0.0,2025-W15
adj_close.csv,ARIMA,QUAL,0.00723247,0.06236123,0.01243554,0.00723247,0.06236123,0.01243554,"ARIMA(1, 0, 0)",-0.01243554,-0.00520307,0.04992569,0.0,2025-W16
adj_close.csv,ARIMA,QUAL,0.03695276,0.05071943,0.03828389,0.03695276,0.05071943,0.03828389,"ARIMA(1, 0, 0)",0.03828389,0.00133112,-0.01243554,0.0,2025-W17
adj_close.csv,ARIMA,QUAL,0.03100103,0.01151835,0.02676554,0.03100103,0.01151835,0.02676554,"ARIMA(1, 0, 0)",0.02676554,-0.00423549,0.03828389,0.0,2025-W18
adj_close.csv,ARIMA,QUAL,0.00520979,0.03469102,0.00792548,0.00520979,0.03469102,0.00792548,"ARIMA(1, 0, 0)",-0.00792548,-0.00271569,0.02676554,0.0,2025-W19
adj_close.csv,ARIMA,QUAL,0.04615939,0.0548975,0.04697202,0.04615939,0.0548975,0.04697202,"ARIMA(1, 0, 0)",0.04697202,0.00081263,-0.00792548,0.0,2025-W20
adj_close.csv,ARIMA,QUAL,0.02410662,0.07602686,0.02905484,0.02410662,0.07602686,0.02905484,"ARIMA(1, 0, 0)",-0.02905484,-0.00494822,0.04697202,0.0,2025-W21
adj_close.csv,ARIMA,QUAL,0.0140666,0.04643069,0.01737586,0.0140666,0.04643069,0.01737586,"ARIMA(1, 0, 0)",0.01737586,0.00330925,-0.02905484,0.0,2025-W22
adj_close.csv,ARIMA,QUAL,0.0207203,0.00131208,0.01868794,0.0207203,0.00131208,0.01868794,"ARIMA(1, 0, 0)",0.01868794,-0.00203236,0.01737586,0.0,2025-W23
adj_close.csv,ARIMA,QUAL,0.00968581,0.03050919,0.01182125,0.00968581,0.03050919,0.01182125,"ARIMA(1, 0, 0)",-0.01182125,-0.00213544,0.01868794,0.0,2025-W24
adj_close.csv,ARIMA,QUAL,0.01410695,0.00091893,0.01274018,0.01410695,0.00091893,0.01274018,"ARIMA(1, 0, 0)",-0.01274018,0.00136677,-0.01182125,0.0,2025-W25
adj_close.csv,ARIMA,QUAL,0.03185781,0.04605516,0.03331498,0.03185781,0.04605516,0.03331498,"ARIMA(1, 0, 0)",0.03331498,0.00145717,-0.01274018,0.0,2025-W26
adj_close.csv,ARIMA,QUAL,0.02235346,0.01487272,0.01844226,0.02235346,0.01487272,0.01844226,"ARIMA(1, 0, 0)",0.01844226,-0.0039112,0.03331498,0.0,2025-W27
adj_close.csv,ARIMA,QUAL,0.00395545,0.02446134,0.00601908,0.00395545,0.02446134,0.00601908,"ARIMA(1, 0, 0)",-0.00601908,-0.00206362,0.01844226,0.0,2025-W28
adj_close.csv,ARIMA,QUAL,0.00024745,0.00694328,0.0009242,0.00024745,0.00694328,0.0009242,"ARIMA(1, 0, 0)",0.0009242,0.00067675,-0.00601908,0.0,2025-W29
adj_close.csv,ARIMA,QUAL,0.01552537,0.01449724,0.01542145,0.01552537,0.01449724,0.01542145,"ARIMA(1, 0, 0)",0.01542145,-0.00010392,0.0009242,0.0,2025-W30
adj_close.csv,ARIMA,QUAL,0.02296955,0.04012343,0.02470199,0.02296955,0.04012343,0.02470199,"ARIMA(1, 0, 0)",-0.02470199,-0.00173244,0.01542145,0.0,2025-W31
adj_close.csv,ARIMA,QUAL,0.01520553,0.0427469,0.01804492,0.01520553,0.0427469,0.01804492,"ARIMA(1, 0, 0)",0.01804492,0.00283939,-0.02470199,0.0,2025-W32
adj_close.csv,ARIMA,QUAL,0.01528759,0.00488116,0.01316376,0.01528759,0.00488116,0.01316376,"ARIMA(1, 0, 0)",0.01316376,-0.00212383,0.01804492,0.0,2025-W33
adj_close.csv,ARIMA,QUAL,0.00819867,0.00648788,0.00667587,0.00819867,0.00648788,0.00667587,"ARIMA(1, 0, 0)",0.00667587,-0.0015228,0.01316376,0.0,2025-W34
adj_close.csv,ARIMA,QUAL,0.00145336,0.00889624,0.00222037,0.00145336,0.00889624,0.00222037,"ARIMA(1, 0, 0)",-0.00222037,-0.00076701,0.00667587,0.0,2025-W35
adj_close.csv,ARIMA,QUAL,0.00117272,0.00364835,0.00142798,0.00117272,0.00364835,0.00142798,"ARIMA(1, 0, 0)",0.00142798,0.00025526,-0.00222037,0.0,2025-W36
adj_close.csv,ARIMA,QUAL,0.00853201,0.00693984,0.00836782,0.00853201,0.00693984,0.00836782,"ARIMA(1, 0, 0)",0.00836782,-0.00016419,0.00142798,0.0,2025-W37
adj_close.csv,ARIMA,QUAL,0.01332258,0.00399335,0.01236117,0.01332258,0.00399335,0.01236117,"ARIMA(1, 0, 0)",0.01236117,-0.00096142,0.00836782,0.0,2025-W38
adj_close.csv,ARIMA,QUAL,0.0008392,0.01293214,0.00057098,0.0008392,0.01293214,0.00057098,"ARIMA(1, 0, 0)",-0.00057098,-0.00141018,0.01236117,0.0,2025-W39
adj_close.csv,ARIMA,QUAL,0.01982913,0.0204652,0.01989423,0.01982913,0.0204652,0.01989423,"ARIMA(1, 0, 0)",0.01989423,6.509e-05,-0.00057098,0.0,2025-W40
adj_close.csv,ARIMA,QUAL,0.02591429,0.04807821,0.02818399,0.02591429,0.04807821,0.02818399,"ARIMA(1, 0, 0)",-0.02818399,-0.0022697,0.01989423,0.0,2025-W41
adj_close.csv,ARIMA,QUAL,0.00942409,0.04092907,0.01274508,0.00942409,0.04092907,0.01274508,"ARIMA(1, 0, 0)",0.01274508,0.00332099,-0.02818399,0.0,2025-W42
adj_close.csv,ARIMA,QUAL,0.01894822,0.00467692,0.01742199,0.01894822,0.00467692,0.01742199,"ARIMA(1, 0, 0)",0.01742199,-0.00152623,0.01274508,0.0,2025-W43
adj_close.csv,ARIMA,QUAL,0.00079278,0.02027072,0.00284873,0.00079278,0.02027072,0.00284873,"ARIMA(1, 0, 0)",-0.00284873,-0.00205595,0.01742199,0.0,2025-W44
adj_close.csv,ARIMA,QUAL,0.01620283,0.01301765,0.01586637,0.01620283,0.01301765,0.01586637,"ARIMA(1, 0, 0)",-0.01586637,0.00033646,-0.00284873,0.0,2025-W45
adj_close.csv,ARIMA,QUAL,0.00416861,0.02190366,0.00603729,0.00416861,0.02190366,0.00603729,"ARIMA(1, 0, 0)",0.00603729,0.00186868,-0.01586637,0.0,2025-W46
adj_close.csv,ARIMA,QUAL,0.01170988,0.01846108,0.01242379,0.01170988,0.01846108,0.01242379,"ARIMA(1, 0, 0)",-0.01242379,-0.00071392,0.00603729,0.0,2025-W47
adj_close.csv,ARIMA,QUAL,0.02980432,0.04370355,0.03127976,0.02980432,0.04370355,0.03127976,"ARIMA(1, 0, 0)",0.03127976,0.00147543,-0.01242379,0.0,2025-W48
adj_close.csv,ARIMA,QUAL,0.01224344,0.02283415,0.00844561,0.01224344,0.02283415,0.00844561,"ARIMA(1, 0, 0)",0.00844561,-0.00379783,0.03127976,0.0,2025-W49
adj_close.csv,ARIMA,QUAL,0.00024984,0.00969783,0.00125222,0.00024984,0.00969783,0.00125222,"ARIMA(1, 0, 0)",-0.00125222,-0.00100238,0.00844561,0.0,2025-W50
adj_close.csv,ARIMA,QUAL,0.00044811,0.00095275,0.00029947,0.00044811,0.00095275,0.00029947,"ARIMA(1, 0, 0)",-0.00029947,0.00014864,-0.00125222,0.0,2025-W51
adj_close.csv,ARIMA,QUAL,0.01091814,0.01125315,0.01095368,0.01091814,0.01125315,0.01095368,"ARIMA(1, 0, 0)",0.01095368,3.555e-05,-0.00029947,0.0,2025-W52
adj_close.csv,ARIMA,QUAL,0.00789456,0.02014867,0.00919499,0.00789456,0.02014867,0.00919499,"ARIMA(1, 0, 0)",-0.00919499,-0.00130043,0.01095368,0.0,2026-W01
adj_close.csv,ARIMA,QUAL,0.02310666,0.03339894,0.02420395,0.02310666,0.03339894,0.02420395,"ARIMA(1, 0, 0)",0.02420395,0.0010973,-0.00919499,0.0,2026-W02
adj_close.csv,ARIMA,QUAL,0.00080624,0.02793517,0.00373121,0.00080624,0.02793517,0.00373121,"ARIMA(1, 0, 0)",-0.00373121,-0.00292497,0.02420395,0.0,2026-W03
adj_close.csv,ARIMA,QUAL,0.00355497,0.00062766,0.00310355,0.00355497,0.00062766,0.00310355,"ARIMA(1, 0, 0)",-0.00310355,0.00045142,-0.00373121,0.0,2026-W04
adj_close.csv,ARIMA,QUAL,0.0016588,0.00181994,0.00128361,0.0016588,0.00181994,0.00128361,"ARIMA(1, 0, 0)",-0.00128361,0.00037519,-0.00310355,0.0,2026-W05
adj_close.csv,ARIMA,QUAL,0.0062957,0.00773444,0.00645083,0.0062957,0.00773444,0.00645083,"ARIMA(1, 0, 0)",0.00645083,0.00015513,-0.00128361,0.0,2026-W06
adj_close.csv,ARIMA,SCHD,0.01739207,0.00166168,0.01662825,0.01739207,0.00166168,0.01662825,"ARIMA(0, 0, 1)",0.01662825,-0.00076381,0.01828993,0.0,2024-W30
adj_close.csv,ARIMA,SCHD,0.01986012,0.03708587,0.02045762,0.01986012,0.03708587,0.02045762,"ARIMA(0, 0, 1)",-0.02045762,-0.0005975,0.01662825,0.0,2024-W31
adj_close.csv,ARIMA,SCHD,0.00860206,0.01263006,0.00782756,0.00860206,0.01263006,0.00782756,"ARIMA(0, 0, 1)",-0.00782756,0.0007745,-0.02045762,0.0,2024-W32
adj_close.csv,ARIMA,SCHD,0.02176556,0.02990949,0.02208192,0.02176556,0.02990949,0.02208192,"ARIMA(0, 0, 1)",0.02208192,0.00031636,-0.00782756,0.0,2024-W33
adj_close.csv,ARIMA,SCHD,0.01971147,0.00322713,0.01885479,0.01971147,0.00322713,0.01885479,"ARIMA(0, 0, 1)",0.01885479,-0.00085668,0.02208192,0.0,2024-W34
adj_close.csv,ARIMA,SCHD,0.01268367,0.00683446,0.01202033,0.01268367,0.00683446,0.01202033,"ARIMA(0, 0, 1)",0.01202033,-0.00066335,0.01885479,0.0,2024-W35
adj_close.csv,ARIMA,SCHD,0.03000128,0.04240755,0.03038722,0.03000128,0.04240755,0.03038722,"ARIMA(0, 0, 1)",-0.03038722,-0.00038594,0.01202033,0.0,2024-W36
adj_close.csv,ARIMA,SCHD,0.01537681,0.04683655,0.01644932,0.01537681,0.04683655,0.01644932,"ARIMA(0, 0, 1)",0.01644932,0.00107251,-0.03038722,0.0,2024-W37
adj_close.csv,ARIMA,SCHD,0.01398023,0.00310298,0.01334634,0.01398023,0.00310298,0.01334634,"ARIMA(0, 0, 1)",0.01334634,-0.00063389,0.01644932,0.0,2024-W38
adj_close.csv,ARIMA,SCHD,0.00685108,0.00703832,0.00630802,0.00685108,0.00703832,0.00630802,"ARIMA(0, 0, 1)",0.00630802,-0.00054306,0.01334634,0.0,2024-W39
adj_close.csv,ARIMA,SCHD,0.004876,0.00169006,0.00461795,0.004876,0.00169006,0.00461795,"ARIMA(0, 0, 1)",0.00461795,-0.00025805,0.00630802,0.0,2024-W40
adj_close.csv,ARIMA,SCHD,0.01157551,0.00677585,0.0113938,0.01157551,0.00677585,0.0113938,"ARIMA(0, 0, 1)",0.0113938,-0.0001817,0.00461795,0.0,2024-W41
adj_close.csv,ARIMA,SCHD,0.00983833,0.00197791,0.0094159,0.00983833,0.00197791,0.0094159,"ARIMA(0, 0, 1)",0.0094159,-0.00042243,0.0113938,0.0,2024-W42
adj_close.csv,ARIMA,SCHD,0.02283138,0.03259115,0.02317525,0.02283138,0.03259115,0.02317525,"ARIMA(0, 0, 1)",-0.02317525,-0.00034387,0.0094159,0.0,2024-W43
adj_close.csv,ARIMA,SCHD,0.00264364,0.02139755,0.0017777,0.00264364,0.02139755,0.0017777,"ARIMA(0, 0, 1)",-0.0017777,0.00086594,-0.02317525,0.0,2024-W44
adj_close.csv,ARIMA,SCHD,0.03418331,0.03605878,0.03428108,0.03418331,0.03605878,0.03428108,"ARIMA(0, 0, 1)",0.03428108,9.777e-05,-0.0017777,0.0,2024-W45
adj_close.csv,ARIMA,SCHD,0.01428406,0.04987667,0.01559559,0.01428406,0.04987667,0.01559559,"ARIMA(0, 0, 1)",-0.01559559,-0.00131152,0.03428108,0.0,2024-W46
adj_close.csv,ARIMA,SCHD,0.02421137,0.04043296,0.02483738,0.02421137,0.04043296,0.02483738,"ARIMA(0, 0, 1)",0.02483738,0.00062601,-0.01559559,0.0,2024-W47
adj_close.csv,ARIMA,SCHD,0.00729129,0.0187232,0.00611417,0.00729129,0.0187232,0.00611417,"ARIMA(0, 0, 1)",0.00611417,-0.00117712,0.02483738,0.0,2024-W48
adj_close.csv,ARIMA,SCHD,0.02400093,0.03045125,0.02433708,0.02400093,0.03045125,0.02433708,"ARIMA(0, 0, 1)",-0.02433708,-0.00033615,0.00611417,0.0,2024-W49
adj_close.csv,ARIMA,SCHD,0.01611347,0.00938701,0.01495008,0.01611347,0.00938701,0.01495008,"ARIMA(0, 0, 1)",-0.01495008,0.00116339,-0.02433708,0.0,2024-W50
adj_close.csv,ARIMA,SCHD,0.03101772,0.01536617,0.03031624,0.03101772,0.01536617,0.03031624,"ARIMA(0, 0, 1)",-0.03031624,0.00070148,-0.01495008,0.0,2024-W51
adj_close.csv,ARIMA,SCHD,0.00540823,0.03689028,0.00657404,0.00540823,0.03689028,0.00657404,"ARIMA(0, 0, 1)",0.00657404,0.00116581,-0.03031624,0.0,2024-W52
adj_close.csv,ARIMA,SCHD,0.00088004,0.00766665,0.00109262,0.00088004,0.00766665,0.00109262,"ARIMA(0, 0, 1)",-0.00109262,-0.00021258,0.00657404,0.0,2025-W01
adj_close.csv,ARIMA,SCHD,0.0158297,0.01470203,0.01579465,0.0158297,0.01470203,0.01579465,"ARIMA(0, 0, 1)",-0.01579465,3.505e-05,-0.00109262,0.0,2025-W02
adj_close.csv,ARIMA,SCHD,0.03501437,0.05143484,0.03564019,0.03501437,0.05143484,0.03564019,"ARIMA(0, 0, 1)",0.03564019,0.00062582,-0.01579465,0.0,2025-W03
adj_close.csv,ARIMA,SCHD,0.00446792,0.03278613,0.00285406,0.00446792,0.03278613,0.00285406,"ARIMA(0, 0, 1)",0.00285406,-0.00161386,0.03564019,0.0,2025-W04
adj_close.csv,ARIMA,SCHD,0.00839146,0.01144087,0.00858681,0.00839146,0.01144087,0.00858681,"ARIMA(0, 0, 1)",-0.00858681,-0.00019535,0.00285406,0.0,2025-W05
adj_close.csv,ARIMA,SCHD,0.01012464,0.00116238,0.00974919,0.01012464,0.00116238,0.00974919,"ARIMA(0, 0, 1)",-0.00974919,0.00037545,-0.00858681,0.0,2025-W06
adj_close.csv,ARIMA,SCHD,0.00786717,0.01806006,0.00831087,0.00786717,0.01806006,0.00831087,"ARIMA(0, 0, 1)",0.00831087,0.0004437,-0.00974919,0.0,2025-W07
adj_close.csv,ARIMA,SCHD,0.01535229,0.00668935,0.01500022,0.01535229,0.00668935,0.01500022,"ARIMA(0, 0, 1)",0.01500022,-0.00035207,0.00831087,0.0,2025-W08
adj_close.csv,ARIMA,SCHD,0.01229601,0.0033701,0.01163013,0.01229601,0.0033701,0.01163013,"ARIMA(0, 0, 1)",0.01163013,-0.00066588,0.01500022,0.0,2025-W09
adj_close.csv,ARIMA,SCHD,0.00230223,0.01443719,0.00280707,0.00230223,0.01443719,0.00280707,"ARIMA(0, 0, 1)",-0.00280707,-0.00050484,0.01163013,0.0,2025-W10
adj_close.csv,ARIMA,SCHD,0.02933103,0.02642856,0.02923563,0.02933103,0.02642856,0.02923563,"ARIMA(0, 0, 1)",-0.02923563,9.54e-05,-0.00280707,0.0,2025-W11
adj_close.csv,ARIMA,SCHD,0.00313271,0.0335678,0.00433217,0.00313271,0.0335678,0.00433217,"ARIMA(0, 0, 1)",0.00433217,0.00119946,-0.02923563,0.0,2025-W12
adj_close.csv,ARIMA,SCHD,0.00260914,0.00185321,0.00247896,0.00260914,0.00185321,0.00247896,"ARIMA(0, 0, 1)",0.00247896,-0.00013018,0.00433217,0.0,2025-W13
adj_close.csv,ARIMA,SCHD,0.08696794,0.0895562,0.08707724,0.08696794,0.0895562,0.08707724,"ARIMA(0, 0, 1)",-0.08707724,-0.0001093,0.00247896,0.0,2025-W14
adj_close.csv,ARIMA,SCHD,0.00299101,0.08786798,0.00079074,0.00299101,0.08786798,0.00079074,"ARIMA(0, 0, 1)",0.00079074,0.00378174,-0.08707724,0.0,2025-W15
adj_close.csv,ARIMA,SCHD,0.00462039,0.00394114,0.00473188,0.00462039,0.00394114,0.00473188,"ARIMA(0, 0, 1)",0.00473188,0.00011149,0.00079074,0.0,2025-W16
adj_close.csv,ARIMA,SCHD,0.00997504,0.0050549,0.00978678,0.00997504,0.0050549,0.00978678,"ARIMA(0, 0, 1)",0.00978678,-0.00018826,0.00473188,0.0,2025-W17
adj_close.csv,ARIMA,SCHD,0.01548373,0.00529177,0.01507855,0.01548373,0.00529177,0.01507855,"ARIMA(0, 0, 1)",0.01507855,-0.00040518,0.00978678,0.0,2025-W18
adj_close.csv,ARIMA,SCHD,0.01214201,0.0278225,0.01274395,0.01214201,0.0278225,0.01274395,"ARIMA(0, 0, 1)",-0.01274395,-0.00060194,0.01507855,0.0,2025-W19
adj_close.csv,ARIMA,SCHD,0.03275718,0.04599755,0.0332536,0.03275718,0.04599755,0.0332536,"ARIMA(0, 0, 1)",0.0332536,0.00049642,-0.01274395,0.0,2025-W20
adj_close.csv,ARIMA,SCHD,0.02557375,0.06030797,0.02705437,0.02557375,0.06030797,0.02705437,"ARIMA(0, 0, 1)",-0.02705437,-0.00148062,0.0332536,0.0,2025-W21
adj_close.csv,ARIMA,SCHD,0.00938061,0.03781121,0.01075684,0.00938061,0.03781121,0.01075684,"ARIMA(0, 0, 1)",0.01075684,0.00137623,-0.02705437,0.0,2025-W22
adj_close.csv,ARIMA,SCHD,0.01457093,0.00328253,0.01403937,0.01457093,0.00328253,0.01403937,"ARIMA(0, 0, 1)",0.01403937,-0.00053155,0.01075684,0.0,2025-W23
adj_close.csv,ARIMA,SCHD,0.01427961,0.00056616,0.01347321,0.01427961,0.00056616,0.01347321,"ARIMA(0, 0, 1)",0.01347321,-0.0008064,0.01403937,0.0,2025-W24
adj_close.csv,ARIMA,SCHD,0.00670286,0.0209359,0.00746269,0.00670286,0.0209359,0.00746269,"ARIMA(0, 0, 1)",-0.00746269,-0.00075982,0.01347321,0.0,2025-W25
adj_close.csv,ARIMA,SCHD,0.00227108,0.00555509,0.0019076,0.00227108,0.00555509,0.0019076,"ARIMA(0, 0, 1)",-0.0019076,0.00036348,-0.00746269,0.0,2025-W26
adj_close.csv,ARIMA,SCHD,0.0356083,0.03763895,0.03573135,0.0356083,0.03763895,0.03573135,"ARIMA(0, 0, 1)",0.03573135,0.00012305,-0.0019076,0.0,2025-W27
adj_close.csv,ARIMA,SCHD,0.00122242,0.03646287,0.00073152,0.00122242,0.03646287,0.00073152,"ARIMA(0, 0, 1)",-0.00073152,-0.00195395,0.03573135,0.0,2025-W28
adj_close.csv,ARIMA,SCHD,0.01134198,0.01067613,0.01140765,0.01134198,0.01067613,0.01140765,"ARIMA(0, 0, 1)",-0.01140765,-6.567e-05,-0.00073152,0.0,2025-W29
adj_close.csv,ARIMA,SCHD,0.01042332,0.0224493,0.01104165,0.01042332,0.0224493,0.01104165,"ARIMA(0, 0, 1)",0.01104165,0.00061833,-0.01140765,0.0,2025-W30
adj_close.csv,ARIMA,SCHD,0.03443373,0.04605452,0.03501287,0.03443373,0.04605452,0.03501287,"ARIMA(0, 0, 1)",-0.03501287,-0.00057914,0.01104165,0.0,2025-W31
adj_close.csv,ARIMA,SCHD,0.01673176,0.05378925,0.01877638,0.01673176,0.05378925,0.01877638,"ARIMA(0, 0, 1)",0.01877638,0.00204463,-0.03501287,0.0,2025-W32
adj_close.csv,ARIMA,SCHD,0.01768471,0.0021739,0.01660248,0.01768471,0.0021739,0.01660248,"ARIMA(0, 0, 1)",0.01660248,-0.00108222,0.01877638,0.0,2025-W33
adj_close.csv,ARIMA,SCHD,0.02353105,0.00582975,0.02243224,0.02353105,0.00582975,0.02243224,"ARIMA(0, 0, 1)",0.02243224,-0.00109881,0.01660248,0.0,2025-W34
adj_close.csv,ARIMA,SCHD,0.00029528,0.02350618,0.00107394,0.00029528,0.02350618,0.00107394,"ARIMA(0, 0, 1)",-0.00107394,-0.00136922,0.02243224,0.0,2025-W35
adj_close.csv,ARIMA,SCHD,0.01006222,0.00900536,0.01007931,0.01006222,0.00900536,0.01007931,"ARIMA(0, 0, 1)",-0.01007931,-1.709e-05,-0.00107394,0.0,2025-W36
adj_close.csv,ARIMA,SCHD,0.00639271,0.00427377,0.00580554,0.00639271,0.00427377,0.00580554,"ARIMA(0, 0, 1)",-0.00580554,0.00058717,-0.01007931,0.0,2025-W37
adj_close.csv,ARIMA,SCHD,0.00584226,0.0003321,0.00547344,0.00584226,0.0003321,0.00547344,"ARIMA(0, 0, 1)",-0.00547344,0.00036882,-0.00580554,0.0,2025-W38
adj_close.csv,ARIMA,SCHD,0.00479888,0.01060732,0.00513388,0.00479888,0.01060732,0.00513388,"ARIMA(0, 0, 1)",0.00513388,0.00033499,-0.00547344,0.0,2025-W39
adj_close.csv,ARIMA,SCHD,0.00760005,0.00218955,0.00732343,0.00760005,0.00218955,0.00732343,"ARIMA(0, 0, 1)",0.00732343,-0.00027663,0.00513388,0.0,2025-W40
adj_close.csv,ARIMA,SCHD,0.03181945,0.03957832,0.0322549,0.03181945,0.03957832,0.0322549,"ARIMA(0, 0, 1)",-0.0322549,-0.00043545,0.00732343,0.0,2025-W41
adj_close.csv,ARIMA,SCHD,0.00747668,0.04163062,0.00937572,0.00747668,0.04163062,0.00937572,"ARIMA(0, 0, 1)",0.00937572,0.00189904,-0.0322549,0.0,2025-W42
adj_close.csv,ARIMA,SCHD,0.00937846,0.00045706,0.00891866,0.00937846,0.00045706,0.00891866,"ARIMA(0, 0, 1)",0.00891866,-0.00045981,0.00937572,0.0,2025-W43
adj_close.csv,ARIMA,SCHD,0.00983753,0.01933158,0.01041293,0.00983753,0.01933158,0.01041293,"ARIMA(0, 0, 1)",-0.01041293,-0.00057539,0.00891866,0.0,2025-W44
adj_close.csv,ARIMA,SCHD,0.00173351,0.00929076,0.00112217,0.00173351,0.00929076,0.00112217,"ARIMA(0, 0, 1)",-0.00112217,0.00061134,-0.01041293,0.0,2025-W45
adj_close.csv,ARIMA,SCHD,0.01916672,0.02039632,0.01927415,0.01916672,0.02039632,0.01927415,"ARIMA(0, 0, 1)",0.01927415,0.00010743,-0.00112217,0.0,2025-W46
adj_close.csv,ARIMA,SCHD,0.00395907,0.02442689,0.00515274,0.00395907,0.02442689,0.00515274,"ARIMA(0, 0, 1)",-0.00515274,-0.00119366,0.01927415,0.0,2025-W47
adj_close.csv,ARIMA,SCHD,0.01767098,0.02307238,0.01791964,0.01767098,0.02307238,0.01791964,"ARIMA(0, 0, 1)",0.01791964,0.00024866,-0.00515274,0.0,2025-W48
adj_close.csv,ARIMA,SCHD,0.00546705,0.01357971,0.00433993,0.00546705,0.01357971,0.00433993,"ARIMA(0, 0, 1)",0.00433993,-0.00112712,0.01791964,0.0,2025-W49
adj_close.csv,ARIMA,SCHD,0.00943427,0.0047523,0.00909223,0.00943427,0.0047523,0.00909223,"ARIMA(0, 0, 1)",0.00909223,-0.00034204,0.00433993,0.0,2025-W50
adj_close.csv,ARIMA,SCHD,0.0073923,0.017072,0.00797977,0.0073923,0.017072,0.00797977,"ARIMA(0, 0, 1)",-0.00797977,-0.00058748,0.00909223,0.0,2025-W51
adj_close.csv,ARIMA,SCHD,0.00606813,0.01451338,0.00653361,0.00606813,0.01451338,0.00653361,"ARIMA(0, 0, 1)",0.00653361,0.00046548,-0.00797977,0.0,2025-W52
adj_close.csv,ARIMA,SCHD,0.00363587,0.00328274,0.00325087,0.00363587,0.00328274,0.00325087,"ARIMA(0, 0, 1)",0.00325087,-0.000385,0.00653361,0.0,2026-W01
adj_close.csv,ARIMA,SCHD,0.02937192,0.0258912,0.02914207,0.02937192,0.0258912,0.02914207,"ARIMA(0, 0, 1)",0.02914207,-0.00022986,0.00325087,0.0,2026-W02
adj_close.csv,ARIMA,SCHD,0.01401349,0.01695739,0.01218467,0.01401349,0.01695739,0.01218467,"ARIMA(0, 0, 1)",0.01218467,-0.00182882,0.02914207,0.0,2026-W03
adj_close.csv,ARIMA,SCHD,0.00907807,0.00391447,0.0082702,0.00907807,0.00391447,0.0082702,"ARIMA(0, 0, 1)",0.0082702,-0.00080787,0.01218467,0.0,2026-W04
adj_close.csv,ARIMA,SCHD,0.02358316,0.01479732,0.02306752,0.02358316,0.01479732,0.02306752,"ARIMA(0, 0, 1)",0.02306752,-0.00051564,0.0082702,0.0,2026-W05
adj_close.csv,ARIMA,SCHD,0.00730567,0.01704944,0.00601808,0.00730567,0.01704944,0.00601808,"ARIMA(0, 0, 1)",0.00601808,-0.00128759,0.02306752,0.0,2026-W06
adj_close.csv,ARIMA,SLV,0.04985174,0.00579694,0.04639517,0.04985174,0.00579694,0.04639517,"ARIMA(0, 0, 2)",-0.04639517,0.00345657,-0.05219211,0.0,2024-W30
adj_close.csv,ARIMA,SLV,0.01451736,0.06813521,0.02174004,0.01451736,0.06813521,0.02174004,"ARIMA(0, 0, 2)",0.02174004,0.00722268,-0.04639517,0.0,2024-W31
adj_close.csv,ARIMA,SLV,0.04608172,0.06249807,0.04075803,0.04608172,0.06249807,0.04075803,"ARIMA(0, 0, 2)",-0.04075803,0.00532369,0.02174004,0.0,2024-W32
adj_close.csv,ARIMA,SLV,0.05544925,0.09638194,0.05562392,0.05544925,0.09638194,0.05562392,"ARIMA(0, 0, 2)",0.05562392,0.00017467,-0.04075803,0.0,2024-W33
adj_close.csv,ARIMA,SLV,0.02659532,0.02690665,0.02871726,0.02659532,0.02690665,0.02871726,"ARIMA(0, 0, 2)",0.02871726,0.00212195,0.05562392,0.0,2024-W34
adj_close.csv,ARIMA,SLV,0.02411699,0.06046597,0.03174871,0.02411699,0.06046597,0.03174871,"ARIMA(0, 0, 2)",-0.03174871,-0.00763172,0.02871726,0.0,2024-W35
adj_close.csv,ARIMA,SLV,0.03168812,0.00182576,0.03357448,0.03168812,0.00182576,0.03357448,"ARIMA(0, 0, 2)",-0.03357448,-0.00188636,-0.03174871,0.0,2024-W36
adj_close.csv,ARIMA,SLV,0.09054231,0.12859922,0.09502474,0.09054231,0.12859922,0.09502474,"ARIMA(0, 0, 2)",0.09502474,0.00448243,-0.03357448,0.0,2024-W37
adj_close.csv,ARIMA,SLV,0.01522214,0.08120211,0.01382263,0.01522214,0.08120211,0.01382263,"ARIMA(0, 0, 2)",0.01382263,-0.00139951,0.09502474,0.0,2024-W38
adj_close.csv,ARIMA,SLV,0.02813636,0.00189275,0.01571538,0.02813636,0.00189275,0.01571538,"ARIMA(0, 0, 2)",0.01571538,-0.01242097,0.01382263,0.0,2024-W39
adj_close.csv,ARIMA,SLV,0.02043956,0.00146127,0.01717665,0.02043956,0.00146127,0.01717665,"ARIMA(0, 0, 2)",0.01717665,-0.00326291,0.01571538,0.0,2024-W40
adj_close.csv,ARIMA,SLV,0.01509743,0.03643451,0.01925786,0.01509743,0.03643451,0.01925786,"ARIMA(0, 0, 2)",-0.01925786,-0.00416044,0.01717665,0.0,2024-W41
adj_close.csv,ARIMA,SLV,0.06364694,0.08118883,0.06193096,0.06364694,0.08118883,0.06193096,"ARIMA(0, 0, 2)",0.06193096,-0.00171597,-0.01925786,0.0,2024-W42
adj_close.csv,ARIMA,SLV,0.00118098,0.0622574,0.00032643,0.00118098,0.0622574,0.00032643,"ARIMA(0, 0, 2)",-0.00032643,-0.00150741,0.06193096,0.0,2024-W43
adj_close.csv,ARIMA,SLV,0.02890747,0.03590815,0.03623459,0.02890747,0.03590815,0.03623459,"ARIMA(0, 0, 2)",-0.03623459,-0.00732711,-0.00032643,0.0,2024-W44
adj_close.csv,ARIMA,SLV,0.03787323,0.00030865,0.03654324,0.03787323,0.00030865,0.03654324,"ARIMA(0, 0, 2)",-0.03654324,0.00132999,-0.03623459,0.0,2024-W45
adj_close.csv,ARIMA,SLV,0.03769906,0.00406938,0.03247386,0.03769906,0.00406938,0.03247386,"ARIMA(0, 0, 2)",-0.03247386,0.0052252,-0.03654324,0.0,2024-W46
adj_close.csv,ARIMA,SLV,0.02614679,0.06459652,0.03212266,0.02614679,0.06459652,0.03212266,"ARIMA(0, 0, 2)",0.03212266,0.00597587,-0.03247386,0.0,2024-W47
adj_close.csv,ARIMA,SLV,0.02280103,0.05163026,0.0195076,0.02280103,0.05163026,0.0195076,"ARIMA(0, 0, 2)",-0.0195076,0.00329343,0.03212266,0.0,2024-W48
adj_close.csv,ARIMA,SLV,0.01368128,0.03125777,0.01175018,0.01368128,0.03125777,0.01175018,"ARIMA(0, 0, 2)",0.01175018,-0.0019311,-0.0195076,0.0,2024-W49
adj_close.csv,ARIMA,SLV,0.01979545,0.02960779,0.01785762,0.01979545,0.02960779,0.01785762,"ARIMA(0, 0, 2)",-0.01785762,0.00193783,0.01175018,0.0,2024-W50
adj_close.csv,ARIMA,SLV,0.02980042,0.01250872,0.03036633,0.02980042,0.01250872,0.03036633,"ARIMA(0, 0, 2)",-0.03036633,-0.00056591,-0.01785762,0.0,2024-W51
adj_close.csv,ARIMA,SLV,0.00966889,0.02440507,0.00596126,0.00966889,0.02440507,0.00596126,"ARIMA(0, 0, 2)",-0.00596126,0.00370763,-0.03036633,0.0,2024-W52
adj_close.csv,ARIMA,SLV,0.00433283,0.01414885,0.00818759,0.00433283,0.01414885,0.00818759,"ARIMA(0, 0, 2)",0.00818759,0.00385476,-0.00596126,0.0,2025-W01
adj_close.csv,ARIMA,SLV,0.02217917,0.01489462,0.02308221,0.02217917,0.01489462,0.02308221,"ARIMA(0, 0, 2)",0.02308221,0.00090305,0.00818759,0.0,2025-W02
adj_close.csv,ARIMA,SLV,0.00159744,0.02308221,0.0,0.00159744,0.02308221,0.0,"ARIMA(0, 0, 2)",0.0,-0.00159744,0.02308221,0.0,2025-W03
adj_close.csv,ARIMA,SLV,0.01354228,0.01080699,0.01080699,0.01354228,0.01080699,0.01080699,"ARIMA(0, 0, 2)",0.01080699,-0.00273529,0.0,0.0,2025-W04
adj_close.csv,ARIMA,SLV,0.0220723,0.01046287,0.02126987,0.0220723,0.01046287,0.02126987,"ARIMA(0, 0, 2)",0.02126987,-0.00080243,0.01080699,0.0,2025-W05
adj_close.csv,ARIMA,SLV,0.02061611,0.00319498,0.01807489,0.02061611,0.00319498,0.01807489,"ARIMA(0, 0, 2)",0.01807489,-0.00254122,0.02126987,0.0,2025-W06
adj_close.csv,ARIMA,SLV,0.01300092,0.00847596,0.00959893,0.01300092,0.00847596,0.00959893,"ARIMA(0, 0, 2)",0.00959893,-0.00340198,0.01807489,0.0,2025-W07
adj_close.csv,ARIMA,SLV,0.01237136,9.12e-05,0.00950774,0.01237136,9.12e-05,0.00950774,"ARIMA(0, 0, 2)",0.00950774,-0.00286362,0.00959893,0.0,2025-W08
adj_close.csv,ARIMA,SLV,0.04225558,0.05372913,0.04422139,0.04225558,0.05372913,0.04422139,"ARIMA(0, 0, 2)",-0.04422139,-0.00196581,0.00950774,0.0,2025-W09
adj_close.csv,ARIMA,SLV,0.04375447,0.08844278,0.04422139,0.04375447,0.08844278,0.04422139,"ARIMA(0, 0, 2)",0.04422139,0.00046693,-0.04422139,0.0,2025-W10
adj_close.csv,ARIMA,SLV,0.03464795,0.00706956,0.03715183,0.03464795,0.00706956,0.03715183,"ARIMA(0, 0, 2)",0.03715183,0.00250388,0.04422139,0.0,2025-W11
adj_close.csv,ARIMA,SLV,0.01606675,0.0598763,0.02272446,0.01606675,0.0598763,0.02272446,"ARIMA(0, 0, 2)",-0.02272446,-0.00665771,0.03715183,0.0,2025-W12
adj_close.csv,ARIMA,SLV,0.03542322,0.05484783,0.03212336,0.03542322,0.05484783,0.03212336,"ARIMA(0, 0, 2)",0.03212336,-0.00329986,-0.02272446,0.0,2025-W13
adj_close.csv,ARIMA,SLV,0.13525566,0.16731512,0.13519176,0.13525566,0.16731512,0.13519176,"ARIMA(0, 0, 2)",-0.13519176,6.39e-05,0.03212336,0.0,2025-W14
adj_close.csv,ARIMA,SLV,0.06993979,0.21022252,0.07503076,0.06993979,0.21022252,0.07503076,"ARIMA(0, 0, 2)",0.07503076,0.00509097,-0.13519176,0.0,2025-W15
adj_close.csv,ARIMA,SLV,0.00403531,0.06277324,0.01225751,0.00403531,0.06277324,0.01225751,"ARIMA(0, 0, 2)",0.01225751,0.0082222,0.07503076,0.0,2025-W16
adj_close.csv,ARIMA,SLV,0.02445283,0.0045214,0.01677892,0.02445283,0.0045214,0.01677892,"ARIMA(0, 0, 2)",0.01677892,-0.00767391,0.01225751,0.0,2025-W17
adj_close.csv,ARIMA,SLV,0.02866083,0.0482163,0.03143738,0.02866083,0.0482163,0.03143738,"ARIMA(0, 0, 2)",-0.03143738,-0.00277656,0.01677892,0.0,2025-W18
adj_close.csv,ARIMA,SLV,0.02285285,0.0545205,0.02308312,0.02285285,0.0545205,0.02308312,"ARIMA(0, 0, 2)",0.02308312,0.00023026,-0.03143738,0.0,2025-W19
adj_close.csv,ARIMA,SLV,0.01763099,0.04000399,0.01692088,0.01763099,0.04000399,0.01692088,"ARIMA(0, 0, 2)",-0.01692088,0.00071012,0.02308312,0.0,2025-W20
adj_close.csv,ARIMA,SLV,0.03906814,0.05541941,0.03849853,0.03906814,0.05541941,0.03849853,"ARIMA(0, 0, 2)",0.03849853,-0.00056961,-0.01692088,0.0,2025-W21
adj_close.csv,ARIMA,SLV,0.01264081,0.05338717,0.01488864,0.01264081,0.05338717,0.01488864,"ARIMA(0, 0, 2)",-0.01488864,-0.00224783,0.03849853,0.0,2025-W22
adj_close.csv,ARIMA,SLV,0.08847482,0.10076043,0.0858718,0.08847482,0.10076043,0.0858718,"ARIMA(0, 0, 2)",0.0858718,-0.00260302,-0.01488864,0.0,2025-W23
adj_close.csv,ARIMA,SLV,0.01679685,0.07734288,0.00852892,0.01679685,0.07734288,0.00852892,"ARIMA(0, 0, 2)",0.00852892,-0.00826793,0.0858718,0.0,2025-W24
adj_close.csv,ARIMA,SLV,0.00207626,0.01614046,0.00761155,0.00207626,0.01614046,0.00761155,"ARIMA(0, 0, 2)",-0.00761155,-0.0096878,0.00852892,0.0,2025-W25
adj_close.csv,ARIMA,SLV,0.00135631,0.00455056,0.00306098,0.00135631,0.00455056,0.00306098,"ARIMA(0, 0, 2)",-0.00306098,-0.00170468,-0.00761155,0.0,2025-W26
adj_close.csv,ARIMA,SLV,0.02697064,0.02997927,0.02691829,0.02697064,0.02997927,0.02691829,"ARIMA(0, 0, 2)",0.02691829,-5.235e-05,-0.00306098,0.0,2025-W27
adj_close.csv,ARIMA,SLV,0.04698179,0.01744266,0.04436095,0.04698179,0.01744266,0.04436095,"ARIMA(0, 0, 2)",0.04436095,-0.00262084,0.02691829,0.0,2025-W28
adj_close.csv,ARIMA,SLV,0.00504837,0.05642308,0.01206213,0.00504837,0.05642308,0.01206213,"ARIMA(0, 0, 2)",-0.01206213,-0.00701376,0.04436095,0.0,2025-W29
adj_close.csv,ARIMA,SLV,0.0051669,0.01350573,0.0014436,0.0051669,0.01350573,0.0014436,"ARIMA(0, 0, 2)",0.0014436,-0.00372329,-0.01206213,0.0,2025-W30
adj_close.csv,ARIMA,SLV,0.03130432,0.03280148,0.03135787,0.03130432,0.03280148,0.03135787,"ARIMA(0, 0, 2)",-0.03135787,-5.355e-05,0.0014436,0.0,2025-W31
adj_close.csv,ARIMA,SLV,0.03503462,0.06904309,0.03768522,0.03503462,0.06904309,0.03768522,"ARIMA(0, 0, 2)",0.03768522,0.0026506,-0.03135787,0.0,2025-W32
adj_close.csv,ARIMA,SLV,0.01015944,0.04863953,0.01095431,0.01015944,0.04863953,0.01095431,"ARIMA(0, 0, 2)",-0.01095431,-0.00079486,0.03768522,0.0,2025-W33
adj_close.csv,ARIMA,SLV,0.02609306,0.03501045,0.02405615,0.02609306,0.03501045,0.02405615,"ARIMA(0, 0, 2)",0.02405615,-0.00203691,-0.01095431,0.0,2025-W34
adj_close.csv,ARIMA,SLV,0.0256098,0.00028882,0.02376733,0.0256098,0.00028882,0.02376733,"ARIMA(0, 0, 2)",0.02376733,-0.00184247,0.02405615,0.0,2025-W35
adj_close.csv,ARIMA,SLV,0.03266135,0.00402739,0.02779472,0.03266135,0.00402739,0.02779472,"ARIMA(0, 0, 2)",0.02779472,-0.00486663,0.02376733,0.0,2025-W36
adj_close.csv,ARIMA,SLV,0.03530039,0.00212151,0.02991622,0.03530039,0.00212151,0.02991622,"ARIMA(0, 0, 2)",0.02991622,-0.00538417,0.02779472,0.0,2025-W37
adj_close.csv,ARIMA,SLV,0.02408369,0.01182318,0.01809304,0.02408369,0.01182318,0.01809304,"ARIMA(0, 0, 2)",0.01809304,-0.00599065,0.02991622,0.0,2025-W38
adj_close.csv,ARIMA,SLV,0.07472158,0.0516509,0.06974395,0.07472158,0.0516509,0.06974395,"ARIMA(0, 0, 2)",0.06974395,-0.00497764,0.01809304,0.0,2025-W39
adj_close.csv,ARIMA,SLV,0.04691708,0.03085407,0.03888988,0.04691708,0.03085407,0.03888988,"ARIMA(0, 0, 2)",0.03888988,-0.00802719,0.06974395,0.0,2025-W40
adj_close.csv,ARIMA,SLV,0.05137351,0.00406219,0.04295207,0.05137351,0.00406219,0.04295207,"ARIMA(0, 0, 2)",0.04295207,-0.00842144,0.03888988,0.0,2025-W41
adj_close.csv,ARIMA,SLV,0.0396937,0.00918991,0.03376216,0.0396937,0.00918991,0.03376216,"ARIMA(0, 0, 2)",0.03376216,-0.00593154,0.04295207,0.0,2025-W42
adj_close.csv,ARIMA,SLV,0.06108468,0.09973464,0.06597248,0.06108468,0.09973464,0.06597248,"ARIMA(0, 0, 2)",-0.06597248,-0.0048878,0.03376216,0.0,2025-W43
adj_close.csv,ARIMA,SLV,0.00122757,0.06642694,0.00045447,0.00122757,0.06642694,0.00045447,"ARIMA(0, 0, 2)",0.00045447,0.00168204,-0.06597248,0.0,2025-W44
adj_close.csv,ARIMA,SLV,0.00580425,0.00250156,0.00204709,0.00580425,0.00250156,0.00204709,"ARIMA(0, 0, 2)",-0.00204709,0.00375716,0.00045447,0.0,2025-W45
adj_close.csv,ARIMA,SLV,0.04493376,0.04744876,0.04540168,0.04493376,0.04744876,0.04540168,"ARIMA(0, 0, 2)",0.04540168,0.00046792,-0.00204709,0.0,2025-W46
adj_close.csv,ARIMA,SLV,0.01170137,0.05986609,0.01446442,0.01170137,0.05986609,0.01446442,"ARIMA(0, 0, 2)",-0.01446442,-0.00276305,0.04540168,0.0,2025-W47
adj_close.csv,ARIMA,SLV,0.12452083,0.13709221,0.12262779,0.12452083,0.13709221,0.12262779,"ARIMA(0, 0, 2)",0.12262779,-0.00189304,-0.01446442,0.0,2025-W48
adj_close.csv,ARIMA,SLV,0.04186624,0.08921451,0.03341328,0.04186624,0.08921451,0.03341328,"ARIMA(0, 0, 2)",0.03341328,-0.00845296,0.12262779,0.0,2025-W49
adj_close.csv,ARIMA,SLV,0.06594411,0.02437442,0.0577877,0.06594411,0.02437442,0.0577877,"ARIMA(0, 0, 2)",0.0577877,-0.00815641,0.03341328,0.0,2025-W50
adj_close.csv,ARIMA,SLV,0.08665019,0.02480219,0.08258988,0.08665019,0.02480219,0.08258988,"ARIMA(0, 0, 2)",0.08258988,-0.0040603,0.0577877,0.0,2025-W51
adj_close.csv,ARIMA,SLV,0.15849281,0.07205308,0.15464296,0.15849281,0.07205308,0.15464296,"ARIMA(0, 0, 2)",0.15464296,-0.00384985,0.08258988,0.0,2025-W52
adj_close.csv,ARIMA,SLV,0.07888805,0.23315192,0.07850896,0.07888805,0.23315192,0.07850896,"ARIMA(0, 0, 2)",-0.07850896,0.00037909,0.15464296,0.0,2026-W01
adj_close.csv,ARIMA,SLV,0.09563635,0.17457927,0.09607031,0.09563635,0.17457927,0.09607031,"ARIMA(0, 0, 2)",0.09607031,0.00043396,-0.07850896,0.0,2026-W02
adj_close.csv,ARIMA,SLV,0.11803359,0.01669571,0.11276602,0.11803359,0.01669571,0.11276602,"ARIMA(0, 0, 2)",0.11276602,-0.00526757,0.09607031,0.0,2026-W03
adj_close.csv,ARIMA,SLV,0.13846736,0.02416931,0.13693533,0.13846736,0.02416931,0.13693533,"ARIMA(0, 0, 2)",0.13693533,-0.00153203,0.11276602,0.0,2026-W04
adj_close.csv,ARIMA,SLV,0.21412762,0.34522898,0.20829365,0.21412762,0.34522898,0.20829365,"ARIMA(0, 0, 2)",-0.20829365,0.00583396,0.13693533,0.0,2026-W05
adj_close.csv,ARIMA,SLV,0.04778531,0.16771465,0.040579,0.04778531,0.16771465,0.040579,"ARIMA(0, 0, 2)",-0.040579,0.0072063,-0.20829365,0.0,2026-W06
adj_close.csv,ARIMA,SPY,0.00954053,0.01151593,0.00832257,0.00954053,0.01151593,0.00832257,"ARIMA(1, 0, 0)",-0.00832257,0.00121796,-0.0198385,0.0,2024-W30
adj_close.csv,ARIMA,SPY,0.02191798,0.01310133,0.0214239,0.02191798,0.01310133,0.0214239,"ARIMA(1, 0, 0)",-0.0214239,0.00049408,-0.00832257,0.0,2024-W31
adj_close.csv,ARIMA,SPY,0.00106115,0.02159276,0.00016886,0.00106115,0.02159276,0.00016886,"ARIMA(1, 0, 0)",0.00016886,0.00123001,-0.0214239,0.0,2024-W32
adj_close.csv,ARIMA,SPY,0.03923118,0.03905267,0.03922152,0.03923118,0.03905267,0.03922152,"ARIMA(1, 0, 0)",0.03922152,-9.65e-06,0.00016886,0.0,2024-W33
adj_close.csv,ARIMA,SPY,0.0162486,0.02521249,0.01400904,0.0162486,0.02521249,0.01400904,"ARIMA(1, 0, 0)",0.01400904,-0.00223956,0.03922152,0.0,2024-W34
adj_close.csv,ARIMA,SPY,0.00345973,0.01125565,0.00275338,0.00345973,0.01125565,0.00275338,"ARIMA(1, 0, 0)",0.00275338,-0.00070635,0.01400904,0.0,2024-W35
adj_close.csv,ARIMA,SPY,0.04211353,0.04500434,0.04225096,0.04211353,0.04500434,0.04225096,"ARIMA(1, 0, 0)",-0.04225096,-0.00013743,0.00275338,0.0,2024-W36
adj_close.csv,ARIMA,SPY,0.03712391,0.08153502,0.03928406,0.03712391,0.08153502,0.03928406,"ARIMA(1, 0, 0)",0.03928406,0.00216016,-0.04225096,0.0,2024-W37
adj_close.csv,ARIMA,SPY,0.01674555,0.0251796,0.01410446,0.01674555,0.0251796,0.01410446,"ARIMA(1, 0, 0)",0.01410446,-0.00264109,0.03928406,0.0,2024-W38
adj_close.csv,ARIMA,SPY,0.00650498,0.00845396,0.0056505,0.00650498,0.00845396,0.0056505,"ARIMA(1, 0, 0)",0.0056505,-0.00085448,0.01410446,0.0,2024-W39
adj_close.csv,ARIMA,SPY,0.00297584,0.00301175,0.00263875,0.00297584,0.00301175,0.00263875,"ARIMA(1, 0, 0)",0.00263875,-0.00033709,0.0056505,0.0,2024-W40
adj_close.csv,ARIMA,SPY,0.01160989,0.00881416,0.01145291,0.01160989,0.00881416,0.01145291,"ARIMA(1, 0, 0)",0.01145291,-0.00015697,0.00263875,0.0,2024-W41
adj_close.csv,ARIMA,SPY,0.00928481,0.00284587,0.00860705,0.00928481,0.00284587,0.00860705,"ARIMA(1, 0, 0)",0.00860705,-0.00067776,0.01145291,0.0,2024-W42
adj_close.csv,ARIMA,SPY,0.00903924,0.01814642,0.00953937,0.00903924,0.01814642,0.00953937,"ARIMA(1, 0, 0)",-0.00953937,-0.00050013,0.00860705,0.0,2024-W43
adj_close.csv,ARIMA,SPY,0.01447407,0.00437292,0.01391229,0.01447407,0.00437292,0.01391229,"ARIMA(1, 0, 0)",-0.01391229,0.00056178,-0.00953937,0.0,2024-W44
adj_close.csv,ARIMA,SPY,0.04564942,0.0603617,0.04644941,0.04564942,0.0603617,0.04644941,"ARIMA(1, 0, 0)",0.04644941,0.00079999,-0.01391229,0.0,2024-W45
adj_close.csv,ARIMA,SPY,0.01804859,0.06746491,0.0210155,0.01804859,0.06746491,0.0210155,"ARIMA(1, 0, 0)",-0.0210155,-0.00296691,0.04644941,0.0,2024-W46
adj_close.csv,ARIMA,SPY,0.01500988,0.03754075,0.01652525,0.01500988,0.03754075,0.01652525,"ARIMA(1, 0, 0)",0.01652525,0.00151536,-0.0210155,0.0,2024-W47
adj_close.csv,ARIMA,SPY,0.0129949,0.0047729,0.01175235,0.0129949,0.0047729,0.01175235,"ARIMA(1, 0, 0)",0.01175235,-0.00124255,0.01652525,0.0,2024-W48
adj_close.csv,ARIMA,SPY,0.00955086,0.00306054,0.0086918,0.00955086,0.00306054,0.0086918,"ARIMA(1, 0, 0)",0.0086918,-0.00085906,0.01175235,0.0,2024-W49
adj_close.csv,ARIMA,SPY,0.00531475,0.01463239,0.00594059,0.00531475,0.01463239,0.00594059,"ARIMA(1, 0, 0)",-0.00594059,-0.00062584,0.0086918,0.0,2024-W50
adj_close.csv,ARIMA,SPY,0.01892236,0.01255135,0.01849195,0.01892236,0.01255135,0.01849195,"ARIMA(1, 0, 0)",-0.01849195,0.00043042,-0.00594059,0.0,2024-W51
adj_close.csv,ARIMA,SPY,0.00518882,0.02500034,0.0065084,0.00518882,0.02500034,0.0065084,"ARIMA(1, 0, 0)",0.0065084,0.00131958,-0.01849195,0.0,2024-W52
adj_close.csv,ARIMA,SPY,0.00468553,0.01166443,0.00515603,0.00468553,0.01166443,0.00515603,"ARIMA(1, 0, 0)",-0.00515603,-0.00047049,0.0065084,0.0,2025-W01
adj_close.csv,ARIMA,SPY,0.01992403,0.01439375,0.01954977,0.01992403,0.01439375,0.01954977,"ARIMA(1, 0, 0)",-0.01954977,0.00037425,-0.00515603,0.0,2025-W02
adj_close.csv,ARIMA,SPY,0.02761616,0.04856551,0.02901574,0.02761616,0.04856551,0.02901574,"ARIMA(1, 0, 0)",0.02901574,0.00139958,-0.01954977,0.0,2025-W03
adj_close.csv,ARIMA,SPY,0.01946576,0.01177846,0.01723728,0.01946576,0.01177846,0.01723728,"ARIMA(1, 0, 0)",0.01723728,-0.00222848,0.02901574,0.0,2025-W04
adj_close.csv,ARIMA,SPY,0.0089364,0.02740431,0.01016703,0.0089364,0.02740431,0.01016703,"ARIMA(1, 0, 0)",-0.01016703,-0.00123063,0.01723728,0.0,2025-W05
adj_close.csv,ARIMA,SPY,0.00248699,0.00842085,0.00174618,0.00248699,0.00842085,0.00174618,"ARIMA(1, 0, 0)",-0.00174618,0.00074082,-0.01016703,0.0,2025-W06
adj_close.csv,ARIMA,SPY,0.01462806,0.01650105,0.01475487,0.01462806,0.01650105,0.01475487,"ARIMA(1, 0, 0)",0.01475487,0.00012681,-0.00174618,0.0,2025-W07
adj_close.csv,ARIMA,SPY,0.01506236,0.03089238,0.0161375,0.01506236,0.03089238,0.0161375,"ARIMA(1, 0, 0)",-0.0161375,-0.00107515,0.01475487,0.0,2025-W08
adj_close.csv,ARIMA,SPY,0.01085723,0.00649031,0.00964719,0.01085723,0.00649031,0.00964719,"ARIMA(1, 0, 0)",-0.00964719,0.00121003,-0.0161375,0.0,2025-W09
adj_close.csv,ARIMA,SPY,0.03192114,0.02156662,0.03121382,0.03192114,0.02156662,0.03121382,"ARIMA(1, 0, 0)",-0.03121382,0.00070732,-0.00964719,0.0,2025-W10
adj_close.csv,ARIMA,SPY,0.02522392,0.00818727,0.02302655,0.02522392,0.00818727,0.02302655,"ARIMA(1, 0, 0)",-0.02302655,0.00219737,-0.03121382,0.0,2025-W11
adj_close.csv,ARIMA,SPY,0.00362973,0.02810685,0.00508031,0.00362973,0.02810685,0.00508031,"ARIMA(1, 0, 0)",0.00508031,0.00145058,-0.02302655,0.0,2025-W12
adj_close.csv,ARIMA,SPY,0.01453807,0.01994239,0.01486208,0.01453807,0.01994239,0.01486208,"ARIMA(1, 0, 0)",-0.01486208,-0.00032401,0.00508031,0.0,2025-W13
adj_close.csv,ARIMA,SPY,0.096002,0.08018177,0.09504386,0.096002,0.08018177,0.09504386,"ARIMA(1, 0, 0)",-0.09504386,0.00095814,-0.01486208,0.0,2025-W14
adj_close.csv,ARIMA,SPY,0.05030884,0.1502145,0.05517064,0.05030884,0.1502145,0.05517064,"ARIMA(1, 0, 0)",0.05517064,0.0048618,-0.09504386,0.0,2025-W15
adj_close.csv,ARIMA,SPY,0.00911042,0.06937369,0.01420305,0.00911042,0.06937369,0.01420305,"ARIMA(1, 0, 0)",-0.01420305,-0.00509263,0.05517064,0.0,2025-W16
adj_close.csv,ARIMA,SPY,0.04362996,0.05920392,0.04500087,0.04362996,0.05920392,0.04500087,"ARIMA(1, 0, 0)",0.04500087,0.00137091,-0.01420305,0.0,2025-W17
adj_close.csv,ARIMA,SPY,0.03343179,0.01614616,0.02885471,0.03343179,0.01614616,0.02885471,"ARIMA(1, 0, 0)",0.02885471,-0.00457708,0.04500087,0.0,2025-W18
adj_close.csv,ARIMA,SPY,0.00170149,0.03313363,0.00427892,0.00170149,0.03313363,0.00427892,"ARIMA(1, 0, 0)",-0.00427892,-0.00257743,0.02885471,0.0,2025-W19
adj_close.csv,ARIMA,SPY,0.05117507,0.05583793,0.051559,0.05117507,0.05583793,0.051559,"ARIMA(1, 0, 0)",0.051559,0.00038393,-0.00427892,0.0,2025-W20
adj_close.csv,ARIMA,SPY,0.02100514,0.07728263,0.02572362,0.02100514,0.07728263,0.02572362,"ARIMA(1, 0, 0)",-0.02572362,-0.00471848,0.051559,0.0,2025-W21
adj_close.csv,ARIMA,SPY,0.01501867,0.04331935,0.01759573,0.01501867,0.04331935,0.01759573,"ARIMA(1, 0, 0)",0.01759573,0.00257705,-0.02572362,0.0,2025-W22
adj_close.csv,ARIMA,SPY,0.0182241,0.00118852,0.01640721,0.0182241,0.00118852,0.01640721,"ARIMA(1, 0, 0)",0.01640721,-0.00181689,0.01759573,0.0,2025-W23
adj_close.csv,ARIMA,SPY,0.00192578,0.01998538,0.00357817,0.00192578,0.01998538,0.00357817,"ARIMA(1, 0, 0)",-0.00357817,-0.00165239,0.01640721,0.0,2025-W24
adj_close.csv,ARIMA,SPY,0.00197577,0.00196366,0.00161452,0.00197577,0.00196366,0.00161452,"ARIMA(1, 0, 0)",-0.00161452,0.00036126,-0.00357817,0.0,2025-W25
adj_close.csv,ARIMA,SPY,0.03396227,0.0357397,0.03412519,0.03396227,0.0357397,0.03412519,"ARIMA(1, 0, 0)",0.03412519,0.00016291,-0.00161452,0.0,2025-W26
adj_close.csv,ARIMA,SPY,0.02027798,0.01730546,0.01681972,0.02027798,0.01730546,0.01681972,"ARIMA(1, 0, 0)",0.01681972,-0.00345825,0.03412519,0.0,2025-W27
adj_close.csv,ARIMA,SPY,0.00114117,0.01957404,0.00275432,0.00114117,0.01957404,0.00275432,"ARIMA(1, 0, 0)",-0.00275432,-0.00161315,0.01681972,0.0,2025-W28
adj_close.csv,ARIMA,SPY,0.00606531,0.0090842,0.00632988,0.00606531,0.0090842,0.00632988,"ARIMA(1, 0, 0)",0.00632988,0.00026457,-0.00275432,0.0,2025-W29
adj_close.csv,ARIMA,SPY,0.01566432,0.00872558,0.01505546,0.01566432,0.00872558,0.01505546,"ARIMA(1, 0, 0)",0.01505546,-0.00060887,0.00632988,0.0,2025-W30
adj_close.csv,ARIMA,SPY,0.02300042,0.03949237,0.02443691,0.02300042,0.03949237,0.02443691,"ARIMA(1, 0, 0)",-0.02443691,-0.00143648,0.01505546,0.0,2025-W31
adj_close.csv,ARIMA,SPY,0.02216471,0.04899935,0.02456245,0.02216471,0.04899935,0.02456245,"ARIMA(1, 0, 0)",0.02456245,0.00239773,-0.02443691,0.0,2025-W32
adj_close.csv,ARIMA,SPY,0.01229015,0.01478585,0.0097766,0.01229015,0.01478585,0.0097766,"ARIMA(1, 0, 0)",0.0097766,-0.00251355,0.02456245,0.0,2025-W33
adj_close.csv,ARIMA,SPY,0.00387972,0.0068745,0.0029021,0.00387972,0.0068745,0.0029021,"ARIMA(1, 0, 0)",0.0029021,-0.00097762,0.0097766,0.0,2025-W34
adj_close.csv,ARIMA,SPY,0.00011369,0.00330513,0.00040303,0.00011369,0.00330513,0.00040303,"ARIMA(1, 0, 0)",-0.00040303,-0.00028935,0.0029021,0.0,2025-W35
adj_close.csv,ARIMA,SPY,0.00334912,0.00379233,0.0033893,0.00334912,0.00379233,0.0033893,"ARIMA(1, 0, 0)",0.0033893,4.018e-05,-0.00040303,0.0,2025-W36
adj_close.csv,ARIMA,SPY,0.01592857,0.0122013,0.01559061,0.01592857,0.0122013,0.01559061,"ARIMA(1, 0, 0)",0.01559061,-0.00033796,0.0033893,0.0,2025-W37
adj_close.csv,ARIMA,SPY,0.01383923,0.00329949,0.01229112,0.01383923,0.00329949,0.01229112,"ARIMA(1, 0, 0)",0.01229112,-0.00154811,0.01559061,0.0,2025-W38
adj_close.csv,ARIMA,SPY,0.00163661,0.01512773,0.00283661,0.00163661,0.01512773,0.00283661,"ARIMA(1, 0, 0)",-0.00283661,-0.0012,0.01229112,0.0,2025-W39
adj_close.csv,ARIMA,SPY,0.01082691,0.0139409,0.01110429,0.01082691,0.0139409,0.01110429,"ARIMA(1, 0, 0)",0.01110429,0.00027738,-0.00283661,0.0,2025-W40
adj_close.csv,ARIMA,SPY,0.02340173,0.0355945,0.02449021,0.02340173,0.0355945,0.02449021,"ARIMA(1, 0, 0)",-0.02449021,-0.00108848,0.01110429,0.0,2025-W41
adj_close.csv,ARIMA,SPY,0.01481199,0.04175184,0.01726164,0.01481199,0.04175184,0.01726164,"ARIMA(1, 0, 0)",0.01726164,0.00244965,-0.02449021,0.0,2025-W42
adj_close.csv,ARIMA,SPY,0.02094574,0.00190947,0.01917111,0.02094574,0.00190947,0.01917111,"ARIMA(1, 0, 0)",0.01917111,-0.00177463,0.01726164,0.0,2025-W43
adj_close.csv,ARIMA,SPY,0.00899506,0.01209395,0.00707716,0.00899506,0.01209395,0.00707716,"ARIMA(1, 0, 0)",0.00707716,-0.0019179,0.01917111,0.0,2025-W44
adj_close.csv,ARIMA,SPY,0.01569458,0.02347043,0.01639327,0.01569458,0.02347043,0.01639327,"ARIMA(1, 0, 0)",-0.01639327,-0.00069869,0.00707716,0.0,2025-W45
adj_close.csv,ARIMA,SPY,0.00020251,0.01782308,0.00142981,0.00020251,0.01782308,0.00142981,"ARIMA(1, 0, 0)",0.00142981,0.00163232,-0.01639327,0.0,2025-W46
adj_close.csv,ARIMA,SPY,0.01924279,0.02081492,0.01938512,0.01924279,0.02081492,0.01938512,"ARIMA(1, 0, 0)",-0.01938512,-0.00014233,0.00142981,0.0,2025-W47
adj_close.csv,ARIMA,SPY,0.03436282,0.05568174,0.03629662,0.03436282,0.05568174,0.03629662,"ARIMA(1, 0, 0)",0.03629662,0.00193379,-0.01938512,0.0,2025-W48
adj_close.csv,ARIMA,SPY,0.00716425,0.03293671,0.00335991,0.00716425,0.03293671,0.00335991,"ARIMA(1, 0, 0)",0.00335991,-0.00380434,0.03629662,0.0,2025-W49
adj_close.csv,ARIMA,SPY,0.00540231,0.00910781,0.0057479,0.00540231,0.00910781,0.0057479,"ARIMA(1, 0, 0)",-0.0057479,-0.00034559,0.00335991,0.0,2025-W50
adj_close.csv,ARIMA,SPY,0.00064096,0.00698086,0.00123296,0.00064096,0.00698086,0.00123296,"ARIMA(1, 0, 0)",0.00123296,0.000592,-0.0057479,0.0,2025-W51
adj_close.csv,ARIMA,SPY,0.01430768,0.0129477,0.01418066,0.01430768,0.0129477,0.01418066,"ARIMA(1, 0, 0)",0.01418066,-0.00012702,0.00123296,0.0,2025-W52
adj_close.csv,ARIMA,SPY,0.00893802,0.02457772,0.01039706,0.00893802,0.02457772,0.01039706,"ARIMA(1, 0, 0)",-0.01039706,-0.00145905,0.01418066,0.0,2026-W01
adj_close.csv,ARIMA,SPY,0.01474949,0.02622619,0.01582913,0.01474949,0.02622619,0.01582913,"ARIMA(1, 0, 0)",0.01582913,0.00107964,-0.01039706,0.0,2026-W02
adj_close.csv,ARIMA,SPY,0.00181646,0.01930749,0.00347836,0.00181646,0.01930749,0.00347836,"ARIMA(1, 0, 0)",-0.00347836,-0.0016619,0.01582913,0.0,2026-W03
adj_close.csv,ARIMA,SPY,0.0038854,4.11e-05,0.00351946,0.0038854,4.11e-05,0.00351946,"ARIMA(1, 0, 0)",-0.00351946,0.00036594,-0.00347836,0.0,2026-W04
adj_close.csv,ARIMA,SPY,0.00359765,0.00748702,0.00396756,0.00359765,0.00748702,0.00396756,"ARIMA(1, 0, 0)",0.00396756,0.00036991,-0.00351946,0.0,2026-W05
adj_close.csv,ARIMA,SPY,0.00537638,0.00099145,0.004959,0.00537638,0.00099145,0.004959,"ARIMA(1, 0, 0)",0.004959,-0.00041738,0.00396756,0.0,2026-W06
adj_close.csv,ARIMA,TIP,0.00086574,0.00270047,0.00083845,0.00086574,0.00270047,0.00083845,"ARIMA(1, 0, 0)",0.00083845,-2.729e-05,-0.00186202,0.0,2024-W30
adj_close.csv,ARIMA,TIP,0.01334379,0.01251753,0.01335598,0.01334379,0.01251753,0.01335598,"ARIMA(1, 0, 0)",0.01335598,1.218e-05,0.00083845,0.0,2024-W31
adj_close.csv,ARIMA,TIP,0.00453996,0.01769036,0.00433438,0.00453996,0.01769036,0.00433438,"ARIMA(1, 0, 0)",-0.00433438,0.00020558,0.01335598,0.0,2024-W32
adj_close.csv,ARIMA,TIP,0.00180118,0.00608879,0.00175441,0.00180118,0.00608879,0.00175441,"ARIMA(1, 0, 0)",0.00175441,-4.677e-05,-0.00433438,0.0,2024-W33
adj_close.csv,ARIMA,TIP,0.00898301,0.00724649,0.0090009,0.00898301,0.00724649,0.0090009,"ARIMA(1, 0, 0)",0.0090009,1.789e-05,0.00175441,0.0,2024-W34
adj_close.csv,ARIMA,TIP,0.0046846,0.01358296,0.00458206,0.0046846,0.01358296,0.00458206,"ARIMA(1, 0, 0)",-0.00458206,0.00010254,0.0090009,0.0,2024-W35
adj_close.csv,ARIMA,TIP,0.00599173,0.01053614,0.00595408,0.00599173,0.01053614,0.00595408,"ARIMA(1, 0, 0)",0.00595408,-3.765e-05,-0.00458206,0.0,2024-W36
adj_close.csv,ARIMA,TIP,0.00860254,0.00268509,0.00863917,0.00860254,0.00268509,0.00863917,"ARIMA(1, 0, 0)",0.00863917,3.663e-05,0.00595408,0.0,2024-W37
adj_close.csv,ARIMA,TIP,0.00090915,0.00764368,0.00099549,0.00090915,0.00764368,0.00099549,"ARIMA(1, 0, 0)",0.00099549,8.634e-05,0.00863917,0.0,2024-W38
adj_close.csv,ARIMA,TIP,0.00010093,0.00108588,9.04e-05,0.00010093,0.00108588,9.04e-05,"ARIMA(1, 0, 0)",-9.04e-05,1.053e-05,0.00099549,0.0,2024-W39
adj_close.csv,ARIMA,TIP,0.00935179,0.00926235,0.00935274,0.00935179,0.00926235,0.00935274,"ARIMA(1, 0, 0)",-0.00935274,-9.6e-07,-9.04e-05,0.0,2024-W40
adj_close.csv,ARIMA,TIP,0.00092178,0.01017506,0.00082231,0.00092178,0.01017506,0.00082231,"ARIMA(1, 0, 0)",0.00082231,-9.946e-05,-0.00935274,0.0,2024-W41
adj_close.csv,ARIMA,TIP,0.00110505,0.00191914,0.00109683,0.00110505,0.00191914,0.00109683,"ARIMA(1, 0, 0)",-0.00109683,8.22e-06,0.00082231,0.0,2024-W42
adj_close.csv,ARIMA,TIP,0.0100062,0.00892026,0.01001709,0.0100062,0.00892026,0.01001709,"ARIMA(1, 0, 0)",-0.01001709,-1.089e-05,-0.00109683,0.0,2024-W43
adj_close.csv,ARIMA,TIP,0.00379194,0.00611755,0.00389955,0.00379194,0.00611755,0.00389955,"ARIMA(1, 0, 0)",-0.00389955,-0.0001076,-0.01001709,0.0,2024-W44
adj_close.csv,ARIMA,TIP,0.00754147,0.01138823,0.00748869,0.00754147,0.01138823,0.00748869,"ARIMA(1, 0, 0)",0.00748869,-5.278e-05,-0.00389955,0.0,2024-W45
adj_close.csv,ARIMA,TIP,0.0104547,0.0178582,0.01036952,0.0104547,0.0178582,0.01036952,"ARIMA(1, 0, 0)",-0.01036952,8.518e-05,0.00748869,0.0,2024-W46
adj_close.csv,ARIMA,TIP,0.00303231,0.01334327,0.00297375,0.00303231,0.01334327,0.00297375,"ARIMA(1, 0, 0)",0.00297375,-5.856e-05,-0.01036952,0.0,2024-W47
adj_close.csv,ARIMA,TIP,0.00913436,0.00617062,0.00914437,0.00913436,0.00617062,0.00914437,"ARIMA(1, 0, 0)",0.00914437,1.001e-05,0.00297375,0.0,2024-W48
adj_close.csv,ARIMA,TIP,0.00234296,0.00675261,0.00239176,0.00234296,0.00675261,0.00239176,"ARIMA(1, 0, 0)",0.00239176,4.879e-05,0.00914437,0.0,2024-W49
adj_close.csv,ARIMA,TIP,0.00971132,0.01208662,0.00969487,0.00971132,0.01208662,0.00969487,"ARIMA(1, 0, 0)",-0.00969487,1.646e-05,0.00239176,0.0,2024-W50
adj_close.csv,ARIMA,TIP,0.01003299,0.0003886,0.01008346,0.01003299,0.0003886,0.01008346,"ARIMA(1, 0, 0)",-0.01008346,-5.048e-05,-0.00969487,0.0,2024-W51
adj_close.csv,ARIMA,TIP,0.0014741,0.00848666,0.0015968,0.0014741,0.00848666,0.0015968,"ARIMA(1, 0, 0)",-0.0015968,-0.00012271,-0.01008346,0.0,2024-W52
adj_close.csv,ARIMA,TIP,0.0011485,0.00272419,0.00112738,0.0011485,0.00272419,0.00112738,"ARIMA(1, 0, 0)",0.00112738,-2.112e-05,-0.0015968,0.0,2025-W01
adj_close.csv,ARIMA,TIP,0.00255348,0.00366609,0.00253871,0.00255348,0.00366609,0.00253871,"ARIMA(1, 0, 0)",-0.00253871,1.476e-05,0.00112738,0.0,2025-W02
adj_close.csv,ARIMA,TIP,0.00902998,0.01153596,0.00899725,0.00902998,0.01153596,0.00899725,"ARIMA(1, 0, 0)",0.00899725,-3.273e-05,-0.00253871,0.0,2025-W03
adj_close.csv,ARIMA,TIP,0.0022285,0.00666742,0.00232984,0.0022285,0.00666742,0.00232984,"ARIMA(1, 0, 0)",0.00232984,0.00010133,0.00899725,0.0,2025-W04
adj_close.csv,ARIMA,TIP,0.00535478,0.00305448,0.00538432,0.00535478,0.00305448,0.00538432,"ARIMA(1, 0, 0)",0.00538432,2.954e-05,0.00232984,0.0,2025-W05
adj_close.csv,ARIMA,TIP,0.00390031,0.001411,0.00397331,0.00390031,0.001411,0.00397331,"ARIMA(1, 0, 0)",0.00397331,7.301e-05,0.00538432,0.0,2025-W06
adj_close.csv,ARIMA,TIP,0.00150652,0.00240704,0.00156627,0.00150652,0.00240704,0.00156627,"ARIMA(1, 0, 0)",0.00156627,5.975e-05,0.00397331,0.0,2025-W07
adj_close.csv,ARIMA,TIP,0.00282605,0.00128399,0.00285026,0.00282605,0.00128399,0.00285026,"ARIMA(1, 0, 0)",0.00285026,2.421e-05,0.00156627,0.0,2025-W08
adj_close.csv,ARIMA,TIP,0.01290777,0.01010246,0.01295272,0.01290777,0.01010246,0.01295272,"ARIMA(1, 0, 0)",0.01295272,4.495e-05,0.00285026,0.0,2025-W09
adj_close.csv,ARIMA,TIP,0.00824503,0.02095998,0.00800726,0.00824503,0.02095998,0.00800726,"ARIMA(1, 0, 0)",-0.00800726,0.00023778,0.01295272,0.0,2025-W10
adj_close.csv,ARIMA,TIP,0.00027781,0.00764187,0.00036539,0.00027781,0.00764187,0.00036539,"ARIMA(1, 0, 0)",-0.00036539,-8.757e-05,-0.00800726,0.0,2025-W11
adj_close.csv,ARIMA,TIP,0.00619932,0.00656066,0.00619527,0.00619932,0.00656066,0.00619527,"ARIMA(1, 0, 0)",0.00619527,-4.05e-06,-0.00036539,0.0,2025-W12
adj_close.csv,ARIMA,TIP,0.00491527,0.00121226,0.00498301,0.00491527,0.00121226,0.00498301,"ARIMA(1, 0, 0)",0.00498301,6.774e-05,0.00619527,0.0,2025-W13
adj_close.csv,ARIMA,TIP,0.00588574,0.00096768,0.00595069,0.00588574,0.00096768,0.00595069,"ARIMA(1, 0, 0)",0.00595069,6.495e-05,0.00498301,0.0,2025-W14
adj_close.csv,ARIMA,TIP,0.02415615,0.03001726,0.02406656,0.02415615,0.03001726,0.02406656,"ARIMA(1, 0, 0)",-0.02406656,8.959e-05,0.00595069,0.0,2025-W15
adj_close.csv,ARIMA,TIP,0.00989428,0.03383622,0.00976966,0.00989428,0.03383622,0.00976966,"ARIMA(1, 0, 0)",0.00976966,-0.00012462,-0.02406656,0.0,2025-W16
adj_close.csv,ARIMA,TIP,0.00732272,0.00255007,0.00721959,0.00732272,0.00255007,0.00721959,"ARIMA(1, 0, 0)",0.00721959,-0.00010313,0.00976966,0.0,2025-W17
adj_close.csv,ARIMA,TIP,0.00223303,0.00949491,0.00227532,0.00223303,0.00949491,0.00227532,"ARIMA(1, 0, 0)",-0.00227532,-4.23e-05,0.00721959,0.0,2025-W18
adj_close.csv,ARIMA,TIP,0.00035083,0.00264189,0.00036656,0.00035083,0.00264189,0.00036656,"ARIMA(1, 0, 0)",0.00036656,1.573e-05,-0.00227532,0.0,2025-W19
adj_close.csv,ARIMA,TIP,0.00183255,0.00220167,0.0018351,0.00183255,0.00220167,0.0018351,"ARIMA(1, 0, 0)",-0.0018351,-2.55e-06,0.00036656,0.0,2025-W20
adj_close.csv,ARIMA,TIP,0.00295628,0.00110831,0.00294341,0.00295628,0.00110831,0.00294341,"ARIMA(1, 0, 0)",-0.00294341,1.286e-05,-0.0018351,0.0,2025-W21
adj_close.csv,ARIMA,TIP,0.0066824,0.00964541,0.00670199,0.0066824,0.00964541,0.00670199,"ARIMA(1, 0, 0)",0.00670199,1.959e-05,-0.00294341,0.0,2025-W22
adj_close.csv,ARIMA,TIP,0.00867161,0.01542682,0.00872483,0.00867161,0.01542682,0.00872483,"ARIMA(1, 0, 0)",-0.00872483,-5.322e-05,0.00670199,0.0,2025-W23
adj_close.csv,ARIMA,TIP,0.00478998,0.01361713,0.00489231,0.00478998,0.01361713,0.00489231,"ARIMA(1, 0, 0)",0.00489231,0.00010233,-0.00872483,0.0,2025-W24
adj_close.csv,ARIMA,TIP,0.00640421,0.00144126,0.00633357,0.00640421,0.00144126,0.00633357,"ARIMA(1, 0, 0)",0.00633357,-7.064e-05,0.00489231,0.0,2025-W25
adj_close.csv,ARIMA,TIP,0.00436976,0.00204241,0.00429116,0.00436976,0.00204241,0.00429116,"ARIMA(1, 0, 0)",0.00429116,-7.86e-05,0.00633357,0.0,2025-W26
adj_close.csv,ARIMA,TIP,0.00014603,0.00448277,0.00019161,0.00014603,0.00448277,0.00019161,"ARIMA(1, 0, 0)",-0.00019161,-4.558e-05,0.00429116,0.0,2025-W27
adj_close.csv,ARIMA,TIP,0.0002764,8.274e-05,0.00027435,0.0002764,8.274e-05,0.00027435,"ARIMA(1, 0, 0)",-0.00027435,2.04e-06,-0.00019161,0.0,2025-W28
adj_close.csv,ARIMA,TIP,0.00337555,0.00365282,0.00337847,0.00337555,0.00365282,0.00337847,"ARIMA(1, 0, 0)",0.00337847,2.92e-06,-0.00027435,0.0,2025-W29
adj_close.csv,ARIMA,TIP,0.0012205,0.00219419,0.00118429,0.0012205,0.00219419,0.00118429,"ARIMA(1, 0, 0)",0.00118429,-3.622e-05,0.00337847,0.0,2025-W30
adj_close.csv,ARIMA,TIP,0.00551339,0.00431672,0.00550101,0.00551339,0.00431672,0.00550101,"ARIMA(1, 0, 0)",0.00550101,-1.238e-05,0.00118429,0.0,2025-W31
adj_close.csv,ARIMA,TIP,0.00168786,0.00386834,0.00163267,0.00168786,0.00386834,0.00163267,"ARIMA(1, 0, 0)",0.00163267,-5.519e-05,0.00550101,0.0,2025-W32
adj_close.csv,ARIMA,TIP,0.00279793,0.004446,0.00281334,0.00279793,0.004446,0.00281334,"ARIMA(1, 0, 0)",-0.00281334,-1.54e-05,0.00163267,0.0,2025-W33
adj_close.csv,ARIMA,TIP,0.00793794,0.01077865,0.00796531,0.00793794,0.01077865,0.00796531,"ARIMA(1, 0, 0)",0.00796531,2.737e-05,-0.00281334,0.0,2025-W34
adj_close.csv,ARIMA,TIP,0.00234027,0.00571398,0.00225133,0.00234027,0.00571398,0.00225133,"ARIMA(1, 0, 0)",0.00225133,-8.893e-05,0.00796531,0.0,2025-W35
adj_close.csv,ARIMA,TIP,0.00638582,0.00411204,0.00636337,0.00638582,0.00411204,0.00636337,"ARIMA(1, 0, 0)",0.00636337,-2.245e-05,0.00225133,0.0,2025-W36
adj_close.csv,ARIMA,TIP,0.00193989,0.00448108,0.00188229,0.00193989,0.00448108,0.00188229,"ARIMA(1, 0, 0)",0.00188229,-5.76e-05,0.00636337,0.0,2025-W37
adj_close.csv,ARIMA,TIP,0.00204614,0.00394399,0.0020617,0.00204614,0.00394399,0.0020617,"ARIMA(1, 0, 0)",-0.0020617,-1.555e-05,0.00188229,0.0,2025-W38
adj_close.csv,ARIMA,TIP,0.00298328,0.00090404,0.00296574,0.00298328,0.00090404,0.00296574,"ARIMA(1, 0, 0)",-0.00296574,1.754e-05,-0.0020617,0.0,2025-W39
adj_close.csv,ARIMA,TIP,0.00121768,0.00420749,0.00124176,0.00121768,0.00420749,0.00124176,"ARIMA(1, 0, 0)",0.00124176,2.407e-05,-0.00296574,0.0,2025-W40
adj_close.csv,ARIMA,TIP,0.00414414,0.00289201,0.00413377,0.00414414,0.00289201,0.00413377,"ARIMA(1, 0, 0)",0.00413377,-1.036e-05,0.00124176,0.0,2025-W41
adj_close.csv,ARIMA,TIP,0.0015565,0.00261042,0.00152335,0.0015565,0.00261042,0.00152335,"ARIMA(1, 0, 0)",0.00152335,-3.315e-05,0.00413377,0.0,2025-W42
adj_close.csv,ARIMA,TIP,0.00260485,0.00106991,0.00259326,0.00260485,0.00106991,0.00259326,"ARIMA(1, 0, 0)",0.00259326,-1.159e-05,0.00152335,0.0,2025-W43
adj_close.csv,ARIMA,TIP,0.00526413,0.00787647,0.00528321,0.00526413,0.00787647,0.00528321,"ARIMA(1, 0, 0)",-0.00528321,-1.908e-05,0.00259326,0.0,2025-W44
adj_close.csv,ARIMA,TIP,0.00111583,0.00421084,0.00107237,0.00111583,0.00421084,0.00107237,"ARIMA(1, 0, 0)",-0.00107237,4.346e-05,-0.00528321,0.0,2025-W45
adj_close.csv,ARIMA,TIP,0.00136189,0.0002811,0.00135347,0.00136189,0.0002811,0.00135347,"ARIMA(1, 0, 0)",-0.00135347,8.42e-06,-0.00107237,0.0,2025-W46
adj_close.csv,ARIMA,TIP,0.00242433,0.0037883,0.00243483,0.00242433,0.0037883,0.00243483,"ARIMA(1, 0, 0)",0.00243483,1.05e-05,-0.00135347,0.0,2025-W47
adj_close.csv,ARIMA,TIP,0.00217896,0.00027526,0.00215957,0.00217896,0.00027526,0.00215957,"ARIMA(1, 0, 0)",0.00215957,-1.94e-05,0.00243483,0.0,2025-W48
adj_close.csv,ARIMA,TIP,0.00439214,0.00656818,0.00440861,0.00439214,0.00656818,0.00440861,"ARIMA(1, 0, 0)",-0.00440861,-1.648e-05,0.00215957,0.0,2025-W49
adj_close.csv,ARIMA,TIP,0.00203009,0.00241482,0.0019938,0.00203009,0.00241482,0.0019938,"ARIMA(1, 0, 0)",-0.0019938,3.629e-05,-0.00440861,0.0,2025-W50
adj_close.csv,ARIMA,TIP,0.0004502,0.00245927,0.00046548,0.0004502,0.00245927,0.00046548,"ARIMA(1, 0, 0)",0.00046548,1.528e-05,-0.0019938,0.0,2025-W51
adj_close.csv,ARIMA,TIP,0.00100365,0.00053457,0.00100005,0.00100365,0.00053457,0.00100005,"ARIMA(1, 0, 0)",0.00100005,-3.59e-06,0.00046548,0.0,2025-W52
adj_close.csv,ARIMA,TIP,0.00172031,0.00272805,0.001728,0.00172031,0.00272805,0.001728,"ARIMA(1, 0, 0)",-0.001728,-7.69e-06,0.00100005,0.0,2026-W01
adj_close.csv,ARIMA,TIP,0.00289508,0.00463656,0.00290856,0.00289508,0.00463656,0.00290856,"ARIMA(1, 0, 0)",0.00290856,1.348e-05,-0.001728,0.0,2026-W02
adj_close.csv,ARIMA,TIP,0.00142965,0.00436182,0.00145326,0.00142965,0.00436182,0.00145326,"ARIMA(1, 0, 0)",-0.00145326,-2.361e-05,0.00290856,0.0,2026-W03
adj_close.csv,ARIMA,TIP,0.00189481,0.00336024,0.00190699,0.00189481,0.00336024,0.00190699,"ARIMA(1, 0, 0)",0.00190699,1.218e-05,-0.00145326,0.0,2026-W04
adj_close.csv,ARIMA,TIP,0.00228173,0.00035843,0.00226542,0.00228173,0.00035843,0.00226542,"ARIMA(1, 0, 0)",0.00226542,-1.631e-05,0.00190699,0.0,2026-W05
adj_close.csv,ARIMA,TIP,0.00260961,0.00489379,0.00262837,0.00260961,0.00489379,0.00262837,"ARIMA(1, 0, 0)",-0.00262837,-1.876e-05,0.00226542,0.0,2026-W06
adj_close.csv,ARIMA,TLT,0.0006175,0.01167015,0.0007529,0.0006175,0.01167015,0.0007529,"ARIMA(1, 0, 0)",0.0007529,0.00013541,-0.01091725,0.0,2024-W30
adj_close.csv,ARIMA,TLT,0.05866592,0.05790362,0.05865652,0.05866592,0.05790362,0.05865652,"ARIMA(1, 0, 0)",0.05865652,-9.4e-06,0.0007529,0.0,2024-W31
adj_close.csv,ARIMA,TLT,0.02006599,0.07942422,0.02076769,0.02006599,0.07942422,0.02076769,"ARIMA(1, 0, 0)",-0.02076769,-0.0007017,0.05865652,0.0,2024-W32
adj_close.csv,ARIMA,TLT,0.01165936,0.0329517,0.01218401,0.01165936,0.0329517,0.01218401,"ARIMA(1, 0, 0)",0.01218401,0.00052465,-0.02076769,0.0,2024-W33
adj_close.csv,ARIMA,TLT,0.01004342,0.00248156,0.00970245,0.01004342,0.00248156,0.00970245,"ARIMA(1, 0, 0)",0.00970245,-0.00034098,0.01218401,0.0,2024-W34
adj_close.csv,ARIMA,TLT,0.01924158,0.02920223,0.01949979,0.01924158,0.02920223,0.01949979,"ARIMA(1, 0, 0)",-0.01949979,-0.0002582,0.00970245,0.0,2024-W35
adj_close.csv,ARIMA,TLT,0.03401016,0.0540697,0.03456991,0.03401016,0.0540697,0.03456991,"ARIMA(1, 0, 0)",0.03456991,0.00055975,-0.01949979,0.0,2024-W36
adj_close.csv,ARIMA,TLT,0.00974982,0.02606846,0.00850146,0.00974982,0.02606846,0.00850146,"ARIMA(1, 0, 0)",0.00850146,-0.00124837,0.03456991,0.0,2024-W37
adj_close.csv,ARIMA,TLT,0.01507944,0.02385632,0.01535486,0.01507944,0.02385632,0.01535486,"ARIMA(1, 0, 0)",-0.01535486,-0.00027542,0.00850146,0.0,2024-W38
adj_close.csv,ARIMA,TLT,0.00365896,0.01221503,0.00313984,0.00365896,0.01221503,0.00313984,"ARIMA(1, 0, 0)",-0.00313984,0.00051913,-0.01535486,0.0,2024-W39
adj_close.csv,ARIMA,TLT,0.027995,0.02475095,0.02789078,0.027995,0.02475095,0.02789078,"ARIMA(1, 0, 0)",-0.02789078,0.00010422,-0.00313984,0.0,2024-W40
adj_close.csv,ARIMA,TLT,0.02045054,0.00833906,0.01955172,0.02045054,0.00833906,0.01955172,"ARIMA(1, 0, 0)",-0.01955172,0.00089882,-0.02789078,0.0,2024-W41
adj_close.csv,ARIMA,TLT,0.00130422,0.0213646,0.00181287,0.00130422,0.0213646,0.00181287,"ARIMA(1, 0, 0)",0.00181287,0.00050866,-0.01955172,0.0,2024-W42
adj_close.csv,ARIMA,TLT,0.01855418,0.02041472,0.01860184,0.01855418,0.02041472,0.01860184,"ARIMA(1, 0, 0)",-0.01860184,-4.766e-05,0.00181287,0.0,2024-W43
adj_close.csv,ARIMA,TLT,0.01133562,0.0077621,0.01083975,0.01133562,0.0077621,0.01083975,"ARIMA(1, 0, 0)",-0.01083975,0.00049587,-0.01860184,0.0,2024-W44
adj_close.csv,ARIMA,TLT,0.01773667,0.02884068,0.01800093,0.01773667,0.02884068,0.01800093,"ARIMA(1, 0, 0)",0.01800093,0.00026427,-0.01083975,0.0,2024-W45
adj_close.csv,ARIMA,TLT,0.02592609,0.04440321,0.02640228,0.02592609,0.04440321,0.02640228,"ARIMA(1, 0, 0)",-0.02640228,-0.00047619,0.01800093,0.0,2024-W46
adj_close.csv,ARIMA,TLT,0.00260436,0.02983754,0.00343527,0.00260436,0.02983754,0.00343527,"ARIMA(1, 0, 0)",0.00343527,0.0008309,-0.02640228,0.0,2024-W47
adj_close.csv,ARIMA,TLT,0.03895244,0.03540654,0.03884181,0.03895244,0.03540654,0.03884181,"ARIMA(1, 0, 0)",0.03884181,-0.00011063,0.00343527,0.0,2024-W48
adj_close.csv,ARIMA,TLT,0.0091198,0.03091745,0.00792436,0.0091198,0.03091745,0.00792436,"ARIMA(1, 0, 0)",0.00792436,-0.00119543,0.03884181,0.0,2024-W49
adj_close.csv,ARIMA,TLT,0.04574585,0.05388463,0.04596026,0.04574585,0.05388463,0.04596026,"ARIMA(1, 0, 0)",-0.04596026,-0.00021441,0.00792436,0.0,2024-W50
adj_close.csv,ARIMA,TLT,0.01815997,0.02921869,0.01674158,0.01815997,0.02921869,0.01674158,"ARIMA(1, 0, 0)",-0.01674158,0.0014184,-0.04596026,0.0,2024-W51
adj_close.csv,ARIMA,TLT,0.01416974,0.00294506,0.01379652,0.01416974,0.00294506,0.01379652,"ARIMA(1, 0, 0)",-0.01379652,0.00037322,-0.01674158,0.0,2024-W52
adj_close.csv,ARIMA,TLT,0.00190491,0.01597549,0.00217897,0.00190491,0.01597549,0.00217897,"ARIMA(1, 0, 0)",0.00217897,0.00027406,-0.01379652,0.0,2025-W01
adj_close.csv,ARIMA,TLT,0.02114357,0.02336641,0.02118744,0.02114357,0.02336641,0.02118744,"ARIMA(1, 0, 0)",-0.02118744,-4.387e-05,0.00217897,0.0,2025-W02
adj_close.csv,ARIMA,TLT,0.01960479,0.04122877,0.02004133,0.01960479,0.04122877,0.02004133,"ARIMA(1, 0, 0)",0.02004133,0.00043654,-0.02118744,0.0,2025-W03
adj_close.csv,ARIMA,TLT,0.00084145,0.01969746,0.00034387,0.00084145,0.01969746,0.00034387,"ARIMA(1, 0, 0)",0.00034387,-0.00049758,0.02004133,0.0,2025-W04
adj_close.csv,ARIMA,TLT,0.00618063,0.00582828,0.00617215,0.00618063,0.00582828,0.00617215,"ARIMA(1, 0, 0)",0.00617215,-8.48e-06,0.00034387,0.0,2025-W05
adj_close.csv,ARIMA,TLT,0.02077327,0.01444907,0.02062122,0.02077327,0.01444907,0.02062122,"ARIMA(1, 0, 0)",0.02062122,-0.00015205,0.00617215,0.0,2025-W06
adj_close.csv,ARIMA,TLT,0.00086388,0.02196634,0.00134512,0.00086388,0.02196634,0.00134512,"ARIMA(1, 0, 0)",-0.00134512,-0.00048125,0.02062122,0.0,2025-W07
adj_close.csv,ARIMA,TLT,0.00511503,0.00649179,0.00514666,0.00511503,0.00649179,0.00514666,"ARIMA(1, 0, 0)",0.00514666,3.163e-05,-0.00134512,0.0,2025-W08
adj_close.csv,ARIMA,TLT,0.03110596,0.0258379,0.03098457,0.03110596,0.0258379,0.03098457,"ARIMA(1, 0, 0)",0.03098457,-0.00012139,0.00514666,0.0,2025-W09
adj_close.csv,ARIMA,TLT,0.02159724,0.05326263,0.02227807,0.02159724,0.05326263,0.02227807,"ARIMA(1, 0, 0)",-0.02227807,-0.00068082,0.03098457,0.0,2025-W10
adj_close.csv,ARIMA,TLT,2.732e-05,0.02294371,0.00066564,2.732e-05,0.02294371,0.00066564,"ARIMA(1, 0, 0)",0.00066564,0.00063832,-0.02227807,0.0,2025-W11
adj_close.csv,ARIMA,TLT,0.00587978,0.00519506,0.00586071,0.00587978,0.00519506,0.00586071,"ARIMA(1, 0, 0)",0.00586071,-1.908e-05,0.00066564,0.0,2025-W12
adj_close.csv,ARIMA,TLT,0.00602574,0.01205418,0.00619347,0.00602574,0.01205418,0.00619347,"ARIMA(1, 0, 0)",-0.00619347,-0.00016773,0.00586071,0.0,2025-W13
adj_close.csv,ARIMA,TLT,0.0330296,0.0394025,0.03320902,0.0330296,0.0394025,0.03320902,"ARIMA(1, 0, 0)",0.03320902,0.00017943,-0.00619347,0.0,2025-W14
adj_close.csv,ARIMA,TLT,0.06531281,0.09955134,0.06634231,0.06531281,0.09955134,0.06634231,"ARIMA(1, 0, 0)",-0.06634231,-0.0010295,0.03320902,0.0,2025-W15
adj_close.csv,ARIMA,TLT,0.00386922,0.0736809,0.00733859,0.00386922,0.0736809,0.00733859,"ARIMA(1, 0, 0)",0.00733859,0.00346937,-0.06634231,0.0,2025-W16
adj_close.csv,ARIMA,TLT,0.01581947,0.00807938,0.01541797,0.01581947,0.00807938,0.01541797,"ARIMA(1, 0, 0)",0.01541797,-0.0004015,0.00733859,0.0,2025-W17
adj_close.csv,ARIMA,TLT,0.00863609,0.02488075,0.00946278,0.00863609,0.02488075,0.00946278,"ARIMA(1, 0, 0)",-0.00946278,-0.00082669,0.01541797,0.0,2025-W18
adj_close.csv,ARIMA,TLT,0.00830053,0.00168146,0.00778132,0.00830053,0.00168146,0.00778132,"ARIMA(1, 0, 0)",-0.00778132,0.00051921,-0.00946278,0.0,2025-W19
adj_close.csv,ARIMA,TLT,0.0090743,0.00087176,0.00865308,0.0090743,0.00087176,0.00865308,"ARIMA(1, 0, 0)",-0.00865308,0.00042122,-0.00778132,0.0,2025-W20
adj_close.csv,ARIMA,TLT,0.02094915,0.01183338,0.02048646,0.02094915,0.01183338,0.02048646,"ARIMA(1, 0, 0)",-0.02048646,0.00046268,-0.00865308,0.0,2025-W21
adj_close.csv,ARIMA,TLT,0.01919397,0.04074107,0.0202546,0.01919397,0.04074107,0.0202546,"ARIMA(1, 0, 0)",0.0202546,0.00106063,-0.02048646,0.0,2025-W22
adj_close.csv,ARIMA,TLT,0.00599865,0.02737617,0.00712157,0.00599865,0.02737617,0.00712157,"ARIMA(1, 0, 0)",-0.00712157,-0.00112293,0.0202546,0.0,2025-W23
adj_close.csv,ARIMA,TLT,0.01101403,0.01853847,0.0114169,0.01101403,0.01853847,0.0114169,"ARIMA(1, 0, 0)",0.0114169,0.00040287,-0.00712157,0.0,2025-W24
adj_close.csv,ARIMA,TLT,0.00250544,0.00956563,0.00185127,0.00250544,0.00956563,0.00185127,"ARIMA(1, 0, 0)",0.00185127,-0.00065417,0.0114169,0.0,2025-W25
adj_close.csv,ARIMA,TLT,0.01045783,0.00850098,0.01035225,0.01045783,0.00850098,0.01035225,"ARIMA(1, 0, 0)",0.01035225,-0.00010558,0.00185127,0.0,2025-W26
adj_close.csv,ARIMA,TLT,0.0005054,0.0114462,0.00109396,0.0005054,0.0114462,0.00109396,"ARIMA(1, 0, 0)",-0.00109396,-0.00058856,0.01035225,0.0,2025-W27
adj_close.csv,ARIMA,TLT,0.013723,0.01256679,0.01366075,0.013723,0.01256679,0.01366075,"ARIMA(1, 0, 0)",-0.01366075,6.225e-05,-0.00109396,0.0,2025-W28
adj_close.csv,ARIMA,TLT,0.00720715,0.00722903,0.00643173,0.00720715,0.00722903,0.00643173,"ARIMA(1, 0, 0)",-0.00643173,0.00077542,-0.01366075,0.0,2025-W29
adj_close.csv,ARIMA,TLT,0.01350496,0.0202959,0.01386418,0.01350496,0.0202959,0.01386418,"ARIMA(1, 0, 0)",0.01386418,0.00035922,-0.00643173,0.0,2025-W30
adj_close.csv,ARIMA,TLT,0.02055519,0.00590554,0.01976971,0.02055519,0.00590554,0.01976971,"ARIMA(1, 0, 0)",0.01976971,-0.00078548,0.01386418,0.0,2025-W31
adj_close.csv,ARIMA,TLT,0.00498533,0.02582309,0.00605337,0.00498533,0.02582309,0.00605337,"ARIMA(1, 0, 0)",-0.00605337,-0.00106804,0.01976971,0.0,2025-W32
adj_close.csv,ARIMA,TLT,0.01058076,0.00419486,0.01024824,0.01058076,0.00419486,0.01024824,"ARIMA(1, 0, 0)",-0.01024824,0.00033252,-0.00605337,0.0,2025-W33
adj_close.csv,ARIMA,TLT,0.0069381,0.01774324,0.007495,0.0069381,0.01774324,0.007495,"ARIMA(1, 0, 0)",0.007495,0.00055691,-0.01024824,0.0,2025-W34
adj_close.csv,ARIMA,TLT,0.00477071,0.01267791,0.0051829,0.00477071,0.01267791,0.0051829,"ARIMA(1, 0, 0)",-0.0051829,-0.00041219,0.007495,0.0,2025-W35
adj_close.csv,ARIMA,TLT,0.02588838,0.03135802,0.02617511,0.02588838,0.03135802,0.02617511,"ARIMA(1, 0, 0)",0.02617511,0.00028674,-0.0051829,0.0,2025-W36
adj_close.csv,ARIMA,TLT,0.017054,0.01060145,0.01557367,0.017054,0.01060145,0.01557367,"ARIMA(1, 0, 0)",0.01557367,-0.00148033,0.02617511,0.0,2025-W37
adj_close.csv,ARIMA,TLT,0.00957558,0.0259666,0.01039293,0.00957558,0.0259666,0.01039293,"ARIMA(1, 0, 0)",-0.01039293,-0.00081735,0.01557367,0.0,2025-W38
adj_close.csv,ARIMA,TLT,0.00190833,0.00904416,0.00134877,0.00190833,0.00904416,0.00134877,"ARIMA(1, 0, 0)",-0.00134877,0.00055956,-0.01039293,0.0,2025-W39
adj_close.csv,ARIMA,TLT,0.00878708,0.01020823,0.00885946,0.00878708,0.01020823,0.00885946,"ARIMA(1, 0, 0)",0.00885946,7.237e-05,-0.00134877,0.0,2025-W40
adj_close.csv,ARIMA,TLT,0.01425448,0.00491867,0.01377813,0.01425448,0.00491867,0.01377813,"ARIMA(1, 0, 0)",0.01377813,-0.00047635,0.00885946,0.0,2025-W41
adj_close.csv,ARIMA,TLT,0.00710488,0.00739826,0.00637988,0.00710488,0.00739826,0.00637988,"ARIMA(1, 0, 0)",0.00637988,-0.00072501,0.01377813,0.0,2025-W42
adj_close.csv,ARIMA,TLT,0.00328625,0.00342367,0.00295621,0.00328625,0.00342367,0.00295621,"ARIMA(1, 0, 0)",0.00295621,-0.00033004,0.00637988,0.0,2025-W43
adj_close.csv,ARIMA,TLT,0.01283201,0.01594058,0.01298437,0.01283201,0.01594058,0.01298437,"ARIMA(1, 0, 0)",-0.01298437,-0.00015237,0.00295621,0.0,2025-W44
adj_close.csv,ARIMA,TLT,0.00507395,0.00858413,0.00440024,0.00507395,0.00858413,0.00440024,"ARIMA(1, 0, 0)",-0.00440024,0.0006737,-0.01298437,0.0,2025-W45
adj_close.csv,ARIMA,TLT,0.00807146,0.00344553,0.00784577,0.00807146,0.00344553,0.00784577,"ARIMA(1, 0, 0)",-0.00784577,0.00022569,-0.00440024,0.0,2025-W46
adj_close.csv,ARIMA,TLT,0.00666407,0.01490972,0.00706395,0.00666407,0.01490972,0.00706395,"ARIMA(1, 0, 0)",0.00706395,0.00039988,-0.00784577,0.0,2025-W47
adj_close.csv,ARIMA,TLT,0.00826499,0.00083767,0.00790162,0.00826499,0.00083767,0.00790162,"ARIMA(1, 0, 0)",0.00790162,-0.00036338,0.00706395,0.0,2025-W48
adj_close.csv,ARIMA,TLT,0.01890649,0.0272104,0.01930878,0.01890649,0.0272104,0.01930878,"ARIMA(1, 0, 0)",-0.01930878,-0.00040229,0.00790162,0.0,2025-W49
adj_close.csv,ARIMA,TLT,0.01046744,0.00985047,0.00945831,0.01046744,0.00985047,0.00945831,"ARIMA(1, 0, 0)",-0.00945831,0.00100914,-0.01930878,0.0,2025-W50
adj_close.csv,ARIMA,TLT,0.00580874,0.01574415,0.00628584,0.00580874,0.01574415,0.00628584,"ARIMA(1, 0, 0)",0.00628584,0.0004771,-0.00945831,0.0,2025-W51
adj_close.csv,ARIMA,TLT,0.00248796,0.00411806,0.00216778,0.00248796,0.00411806,0.00216778,"ARIMA(1, 0, 0)",0.00216778,-0.00032018,0.00628584,0.0,2025-W52
adj_close.csv,ARIMA,TLT,0.00801488,0.01029278,0.008125,0.00801488,0.01029278,0.008125,"ARIMA(1, 0, 0)",-0.008125,-0.00011012,0.00216778,0.0,2026-W01
adj_close.csv,ARIMA,TLT,0.00987418,0.01841317,0.01028817,0.00987418,0.01841317,0.01028817,"ARIMA(1, 0, 0)",0.01028817,0.00041399,-0.008125,0.0,2026-W02
adj_close.csv,ARIMA,TLT,0.00094788,0.01176769,0.00147951,0.00094788,0.01176769,0.00147951,"ARIMA(1, 0, 0)",-0.00147951,-0.00053163,0.01028817,0.0,2026-W03
adj_close.csv,ARIMA,TLT,0.00140293,0.00295902,0.00147951,0.00140293,0.00295902,0.00147951,"ARIMA(1, 0, 0)",0.00147951,7.658e-05,-0.00147951,0.0,2026-W04
adj_close.csv,ARIMA,TLT,0.00906321,0.01061933,0.00913982,0.00906321,0.01061933,0.00913982,"ARIMA(1, 0, 0)",-0.00913982,-7.661e-05,0.00147951,0.0,2026-W05
adj_close.csv,ARIMA,TLT,0.00715327,0.00246091,0.00667891,0.00715327,0.00246091,0.00667891,"ARIMA(1, 0, 0)",-0.00667891,0.00047436,-0.00913982,0.0,2026-W06
adj_close.csv,ARIMA,USMV,0.00848387,0.00860366,0.00848687,0.00848387,0.00860366,0.00848687,"ARIMA(1, 0, 0)",0.00848687,3e-06,-0.00011679,0.0,2024-W30
adj_close.csv,ARIMA,USMV,0.00610539,0.00259992,0.00588695,0.00610539,0.00259992,0.00588695,"ARIMA(1, 0, 0)",0.00588695,-0.00021845,0.00848687,0.0,2024-W31
adj_close.csv,ARIMA,USMV,0.00065965,0.00669298,0.00080603,0.00065965,0.00669298,0.00080603,"ARIMA(1, 0, 0)",-0.00080603,-0.00014638,0.00588695,0.0,2024-W32
adj_close.csv,ARIMA,USMV,0.0235425,0.02436862,0.02356259,0.0235425,0.02436862,0.02356259,"ARIMA(1, 0, 0)",0.02356259,2.009e-05,-0.00080603,0.0,2024-W33
adj_close.csv,ARIMA,USMV,0.01577892,0.00837863,0.01518396,0.01577892,0.00837863,0.01518396,"ARIMA(1, 0, 0)",0.01518396,-0.00059496,0.02356259,0.0,2024-W34
adj_close.csv,ARIMA,USMV,0.01207528,0.00339767,0.01178629,0.01207528,0.00339767,0.01178629,"ARIMA(1, 0, 0)",0.01178629,-0.00028899,0.01518396,0.0,2024-W35
adj_close.csv,ARIMA,USMV,0.02195611,0.03393072,0.02214443,0.02195611,0.03393072,0.02214443,"ARIMA(1, 0, 0)",-0.02214443,-0.00018832,0.01178629,0.0,2024-W36
adj_close.csv,ARIMA,USMV,0.02191425,0.04450776,0.02236332,0.02191425,0.04450776,0.02236332,"ARIMA(1, 0, 0)",0.02236332,0.00044907,-0.02214443,0.0,2024-W37
adj_close.csv,ARIMA,USMV,8.486e-05,0.02291089,0.00054757,8.486e-05,0.02291089,0.00054757,"ARIMA(1, 0, 0)",-0.00054757,-0.00063243,0.02236332,0.0,2024-W38
adj_close.csv,ARIMA,USMV,0.00204222,0.00260525,0.00205768,0.00204222,0.00260525,0.00205768,"ARIMA(1, 0, 0)",0.00205768,1.547e-05,-0.00054757,0.0,2024-W39
adj_close.csv,ARIMA,USMV,0.00038753,0.00172831,0.00032937,0.00038753,0.00172831,0.00032937,"ARIMA(1, 0, 0)",0.00032937,-5.816e-05,0.00205768,0.0,2024-W40
adj_close.csv,ARIMA,USMV,0.0099487,0.00961002,0.00993939,0.0099487,0.00961002,0.00993939,"ARIMA(1, 0, 0)",0.00993939,-9.31e-06,0.00032937,0.0,2024-W41
adj_close.csv,ARIMA,USMV,0.00958375,0.00063593,0.00930346,0.00958375,0.00063593,0.00930346,"ARIMA(1, 0, 0)",0.00930346,-0.00028029,0.00993939,0.0,2024-W42
adj_close.csv,ARIMA,USMV,0.02009325,0.0296446,0.02034115,0.02009325,0.0296446,0.02034115,"ARIMA(1, 0, 0)",-0.02034115,-0.00024789,0.00930346,0.0,2024-W43
adj_close.csv,ARIMA,USMV,0.01198717,0.00895796,0.01138318,0.01198717,0.00895796,0.01138318,"ARIMA(1, 0, 0)",-0.01138318,0.00060398,-0.02034115,0.0,2024-W44
adj_close.csv,ARIMA,USMV,0.03787111,0.04954735,0.03816416,0.03787111,0.04954735,0.03816416,"ARIMA(1, 0, 0)",0.03816416,0.00029306,-0.01138318,0.0,2024-W45
adj_close.csv,ARIMA,USMV,0.02388559,0.06329811,0.02513395,0.02388559,0.06329811,0.02513395,"ARIMA(1, 0, 0)",-0.02513395,-0.00124836,0.03816416,0.0,2024-W46
adj_close.csv,ARIMA,USMV,0.02384316,0.05016093,0.02502698,0.02384316,0.05016093,0.02502698,"ARIMA(1, 0, 0)",0.02502698,0.00118382,-0.02513395,0.0,2024-W47
adj_close.csv,ARIMA,USMV,0.01300852,0.01343167,0.01159531,0.01300852,0.01343167,0.01159531,"ARIMA(1, 0, 0)",0.01159531,-0.00141321,0.02502698,0.0,2024-W48
adj_close.csv,ARIMA,USMV,0.0102503,0.02244194,0.01084662,0.0102503,0.02244194,0.01084662,"ARIMA(1, 0, 0)",-0.01084662,-0.00059632,0.01159531,0.0,2024-W49
adj_close.csv,ARIMA,USMV,0.0207738,0.00934944,0.02019606,0.0207738,0.00934944,0.02019606,"ARIMA(1, 0, 0)",-0.02019606,0.00057773,-0.01084662,0.0,2024-W50
adj_close.csv,ARIMA,USMV,0.02093441,0.00026721,0.01992885,0.02093441,0.00026721,0.01992885,"ARIMA(1, 0, 0)",-0.01992885,0.00100556,-0.02019606,0.0,2024-W51
adj_close.csv,ARIMA,USMV,0.0017051,0.0224971,0.00256825,0.0017051,0.0224971,0.00256825,"ARIMA(1, 0, 0)",0.00256825,0.00086315,-0.01992885,0.0,2024-W52
adj_close.csv,ARIMA,USMV,0.00626433,0.00894515,0.00637689,0.00626433,0.00894515,0.00637689,"ARIMA(1, 0, 0)",-0.00637689,-0.00011256,0.00256825,0.0,2025-W01
adj_close.csv,ARIMA,USMV,0.01634657,0.00968862,0.01606552,0.01634657,0.00968862,0.01606552,"ARIMA(1, 0, 0)",-0.01606552,0.00028106,-0.00637689,0.0,2025-W02
adj_close.csv,ARIMA,USMV,0.02376518,0.04051328,0.02444776,0.02376518,0.04051328,0.02444776,"ARIMA(1, 0, 0)",0.02444776,0.00068259,-0.01606552,0.0,2025-W03
adj_close.csv,ARIMA,USMV,0.01323858,0.01238941,0.01205836,0.01323858,0.01238941,0.01205836,"ARIMA(1, 0, 0)",0.01205836,-0.00118023,0.02444776,0.0,2025-W04
adj_close.csv,ARIMA,USMV,0.01156849,0.00101335,0.011045,0.01156849,0.00101335,0.011045,"ARIMA(1, 0, 0)",0.011045,-0.00052349,0.01205836,0.0,2025-W05
adj_close.csv,ARIMA,USMV,0.00868775,0.00281366,0.00823134,0.00868775,0.00281366,0.00823134,"ARIMA(1, 0, 0)",0.00823134,-0.0004564,0.011045,0.0,2025-W06
adj_close.csv,ARIMA,USMV,0.00291375,0.00564591,0.00258544,0.00291375,0.00564591,0.00258544,"ARIMA(1, 0, 0)",0.00258544,-0.00032832,0.00823134,0.0,2025-W07
adj_close.csv,ARIMA,USMV,0.00128481,0.00140282,0.00118262,0.00128481,0.00140282,0.00118262,"ARIMA(1, 0, 0)",0.00118262,-0.0001022,0.00258544,0.0,2025-W08
adj_close.csv,ARIMA,USMV,0.01614263,0.01491333,0.01609595,0.01614263,0.01491333,0.01609595,"ARIMA(1, 0, 0)",0.01609595,-4.669e-05,0.00118262,0.0,2025-W09
adj_close.csv,ARIMA,USMV,0.00733137,0.02405817,0.00796222,0.00733137,0.02405817,0.00796222,"ARIMA(1, 0, 0)",-0.00796222,-0.00063085,0.01609595,0.0,2025-W10
adj_close.csv,ARIMA,USMV,0.02002432,0.01173605,0.01969827,0.02002432,0.01173605,0.01969827,"ARIMA(1, 0, 0)",-0.01969827,0.00032605,-0.00796222,0.0,2025-W11
adj_close.csv,ARIMA,USMV,0.00739504,0.02785324,0.00815496,0.00739504,0.02785324,0.00815496,"ARIMA(1, 0, 0)",0.00815496,0.00075992,-0.01969827,0.0,2025-W12
adj_close.csv,ARIMA,USMV,0.00378861,0.00469853,0.00345643,0.00378861,0.00469853,0.00345643,"ARIMA(1, 0, 0)",0.00345643,-0.00033217,0.00815496,0.0,2025-W13
adj_close.csv,ARIMA,USMV,0.06145629,0.06505193,0.0615955,0.06145629,0.06505193,0.0615955,"ARIMA(1, 0, 0)",-0.0615955,-0.00013921,0.00345643,0.0,2025-W14
adj_close.csv,ARIMA,USMV,0.02870899,0.09297859,0.03138309,0.02870899,0.09297859,0.03138309,"ARIMA(1, 0, 0)",0.03138309,0.0026741,-0.0615955,0.0,2025-W15
adj_close.csv,ARIMA,USMV,0.00280538,0.03071645,0.00066664,0.00280538,0.03071645,0.00066664,"ARIMA(1, 0, 0)",0.00066664,-0.00213873,0.03138309,0.0,2025-W16
adj_close.csv,ARIMA,USMV,0.00855989,0.00784862,0.00851527,0.00855989,0.00784862,0.00851527,"ARIMA(1, 0, 0)",0.00851527,-4.462e-05,0.00066664,0.0,2025-W17
adj_close.csv,ARIMA,USMV,0.02256981,0.01348525,0.02200052,0.02256981,0.01348525,0.02200052,"ARIMA(1, 0, 0)",0.02200052,-0.00056929,0.00851527,0.0,2025-W18
adj_close.csv,ARIMA,USMV,0.00615663,0.02956972,0.00756921,0.00615663,0.02956972,0.00756921,"ARIMA(1, 0, 0)",-0.00756921,-0.00141258,0.02200052,0.0,2025-W19
adj_close.csv,ARIMA,USMV,0.01927492,0.02734416,0.01977496,0.01927492,0.02734416,0.01977496,"ARIMA(1, 0, 0)",0.01977496,0.00050003,-0.00756921,0.0,2025-W20
adj_close.csv,ARIMA,USMV,0.01528636,0.03640715,0.0166322,0.01528636,0.03640715,0.0166322,"ARIMA(1, 0, 0)",-0.0166322,-0.00134583,0.01977496,0.0,2025-W21
adj_close.csv,ARIMA,USMV,0.01052461,0.02835717,0.01172498,0.01052461,0.02835717,0.01172498,"ARIMA(1, 0, 0)",0.01172498,0.00120037,-0.0166322,0.0,2025-W22
adj_close.csv,ARIMA,USMV,0.00343726,0.00916175,0.00256323,0.00343726,0.00916175,0.00256323,"ARIMA(1, 0, 0)",0.00256323,-0.00087403,0.01172498,0.0,2025-W23
adj_close.csv,ARIMA,USMV,0.00773487,0.01048777,0.00792454,0.00773487,0.01048777,0.00792454,"ARIMA(1, 0, 0)",-0.00792454,-0.00018968,0.00256323,0.0,2025-W24
adj_close.csv,ARIMA,USMV,0.01018292,0.00166984,0.00959439,0.01018292,0.00166984,0.00959439,"ARIMA(1, 0, 0)",-0.00959439,0.00058854,-0.00792454,0.0,2025-W25
adj_close.csv,ARIMA,USMV,0.01239267,0.02268914,0.01309475,0.01239267,0.02268914,0.01309475,"ARIMA(1, 0, 0)",0.01309475,0.00070208,-0.00959439,0.0,2025-W26
adj_close.csv,ARIMA,USMV,0.01326771,0.0008063,0.01228846,0.01326771,0.0008063,0.01228846,"ARIMA(1, 0, 0)",0.01228846,-0.00097925,0.01309475,0.0,2025-W27
adj_close.csv,ARIMA,USMV,0.01430544,0.02748409,0.01519563,0.01430544,0.02748409,0.01519563,"ARIMA(1, 0, 0)",-0.01519563,-0.00089019,0.01228846,0.0,2025-W28
adj_close.csv,ARIMA,USMV,0.00112506,0.0174574,0.00226177,0.00112506,0.0174574,0.00226177,"ARIMA(1, 0, 0)",0.00226177,0.00113671,-0.01519563,0.0,2025-W29
adj_close.csv,ARIMA,USMV,0.0140589,0.01162742,0.01388919,0.0140589,0.01162742,0.01388919,"ARIMA(1, 0, 0)",0.01388919,-0.00016971,0.00226177,0.0,2025-W30
adj_close.csv,ARIMA,USMV,0.01943725,0.03436268,0.02047349,0.01943725,0.03436268,0.02047349,"ARIMA(1, 0, 0)",-0.02047349,-0.00103624,0.01388919,0.0,2025-W31
adj_close.csv,ARIMA,USMV,0.00379889,0.02587375,0.00540026,0.00379889,0.02587375,0.00540026,"ARIMA(1, 0, 0)",0.00540026,0.00160137,-0.02047349,0.0,2025-W32
adj_close.csv,ARIMA,USMV,0.00772564,0.00189741,0.00729766,0.00772564,0.00189741,0.00729766,"ARIMA(1, 0, 0)",0.00729766,-0.00042797,0.00540026,0.0,2025-W33
adj_close.csv,ARIMA,USMV,0.01142206,0.0035501,0.01084777,0.01142206,0.0035501,0.01084777,"ARIMA(1, 0, 0)",0.01084777,-0.0005743,0.00729766,0.0,2025-W34
adj_close.csv,ARIMA,USMV,0.00212437,0.01381381,0.00296604,0.00212437,0.01381381,0.00296604,"ARIMA(1, 0, 0)",-0.00296604,-0.00084167,0.01084777,0.0,2025-W35
adj_close.csv,ARIMA,USMV,0.00309969,9.739e-05,0.00286865,0.00309969,9.739e-05,0.00286865,"ARIMA(1, 0, 0)",-0.00286865,0.00023104,-0.00296604,0.0,2025-W36
adj_close.csv,ARIMA,USMV,0.00137161,0.00446336,0.00159471,0.00137161,0.00446336,0.00159471,"ARIMA(1, 0, 0)",0.00159471,0.0002231,-0.00286865,0.0,2025-W37
adj_close.csv,ARIMA,USMV,0.00079688,0.00092194,0.00067277,0.00079688,0.00092194,0.00067277,"ARIMA(1, 0, 0)",0.00067277,-0.00012411,0.00159471,0.0,2025-W38
adj_close.csv,ARIMA,USMV,0.00748418,0.00675906,0.00743183,0.00748418,0.00675906,0.00743183,"ARIMA(1, 0, 0)",0.00743183,-5.235e-05,0.00067277,0.0,2025-W39
adj_close.csv,ARIMA,USMV,0.00700933,0.00100027,0.00643156,0.00700933,0.00100027,0.00643156,"ARIMA(1, 0, 0)",0.00643156,-0.00057776,0.00743183,0.0,2025-W40
adj_close.csv,ARIMA,USMV,0.01177062,0.01869775,0.01226618,0.01177062,0.01869775,0.01226618,"ARIMA(1, 0, 0)",-0.01226618,-0.00049556,0.00643156,0.0,2025-W41
adj_close.csv,ARIMA,USMV,0.00021295,0.01301065,0.00074447,0.00021295,0.01301065,0.00074447,"ARIMA(1, 0, 0)",0.00074447,0.00095742,-0.01226618,0.0,2025-W42
adj_close.csv,ARIMA,USMV,0.00472506,0.00392251,0.00466698,0.00472506,0.00392251,0.00466698,"ARIMA(1, 0, 0)",0.00466698,-5.808e-05,0.00074447,0.0,2025-W43
adj_close.csv,ARIMA,USMV,0.01370281,0.01873369,0.01406671,0.01370281,0.01873369,0.01406671,"ARIMA(1, 0, 0)",-0.01406671,-0.0003639,0.00466698,0.0,2025-W44
adj_close.csv,ARIMA,USMV,0.00314993,0.01202548,0.00204123,0.00314993,0.01202548,0.00204123,"ARIMA(1, 0, 0)",-0.00204123,0.0011087,-0.01406671,0.0,2025-W45
adj_close.csv,ARIMA,USMV,0.01276855,0.01496947,0.01292824,0.01276855,0.01496947,0.01292824,"ARIMA(1, 0, 0)",0.01292824,0.00015969,-0.00204123,0.0,2025-W46
adj_close.csv,ARIMA,USMV,0.00430608,0.01825018,0.00532194,0.00430608,0.01825018,0.00532194,"ARIMA(1, 0, 0)",-0.00532194,-0.00101586,0.01292824,0.0,2025-W47
adj_close.csv,ARIMA,USMV,0.0168243,0.02256832,0.01724638,0.0168243,0.02256832,0.01724638,"ARIMA(1, 0, 0)",0.01724638,0.00042208,-0.00532194,0.0,2025-W48
adj_close.csv,ARIMA,USMV,0.00651041,0.02514486,0.00789849,0.00651041,0.02514486,0.00789849,"ARIMA(1, 0, 0)",-0.00789849,-0.00138808,0.01724638,0.0,2025-W49
adj_close.csv,ARIMA,USMV,0.00011885,0.00842695,0.00052847,0.00011885,0.00842695,0.00052847,"ARIMA(1, 0, 0)",0.00052847,0.00064732,-0.00789849,0.0,2025-W50
adj_close.csv,ARIMA,USMV,0.00122635,0.00179812,0.00126965,0.00122635,0.00179812,0.00126965,"ARIMA(1, 0, 0)",-0.00126965,-4.33e-05,0.00052847,0.0,2025-W51
adj_close.csv,ARIMA,USMV,0.01035948,0.01173318,0.01046353,0.01035948,0.01173318,0.01046353,"ARIMA(1, 0, 0)",0.01046353,0.00010405,-0.00126965,0.0,2025-W52
adj_close.csv,ARIMA,USMV,0.01461038,0.02593321,0.01546968,0.01461038,0.02593321,0.01546968,"ARIMA(1, 0, 0)",-0.01546968,-0.00085929,0.01046353,0.0,2026-W01
adj_close.csv,ARIMA,USMV,0.00921448,0.02598545,0.01051577,0.00921448,0.02598545,0.01051577,"ARIMA(1, 0, 0)",0.01051577,0.00130129,-0.01546968,0.0,2026-W02
adj_close.csv,ARIMA,USMV,0.00142323,0.01284309,0.00232732,0.00142323,0.01284309,0.00232732,"ARIMA(1, 0, 0)",-0.00232732,-0.00090409,0.01051577,0.0,2026-W03
adj_close.csv,ARIMA,USMV,0.00465947,0.00718733,0.00486001,0.00465947,0.00718733,0.00486001,"ARIMA(1, 0, 0)",0.00486001,0.00020054,-0.00232732,0.0,2026-W04
adj_close.csv,ARIMA,USMV,0.00157816,0.00370132,0.00115869,0.00157816,0.00370132,0.00115869,"ARIMA(1, 0, 0)",0.00115869,-0.00041947,0.00486001,0.0,2026-W05
adj_close.csv,ARIMA,USMV,0.00419717,0.00293859,0.00409728,0.00419717,0.00293859,0.00409728,"ARIMA(1, 0, 0)",0.00409728,-9.989e-05,0.00115869,0.0,2026-W06
adj_close.csv,ARIMA,USO,0.02703878,0.00390878,0.02452916,0.02703878,0.00390878,0.02452916,"ARIMA(2, 0, 2)",-0.02452916,0.00250962,-0.02843794,0.0,2024-W30
adj_close.csv,ARIMA,USO,0.04535108,0.01186284,0.03639199,0.04535108,0.01186284,0.03639199,"ARIMA(2, 0, 2)",-0.03639199,0.00895909,-0.02452916,0.0,2024-W31
adj_close.csv,ARIMA,USO,0.03815134,0.07422823,0.03783623,0.03815134,0.07422823,0.03783623,"ARIMA(2, 0, 2)",0.03783623,-0.00031511,-0.03639199,0.0,2024-W32
adj_close.csv,ARIMA,USO,0.00938199,0.03652512,0.00131111,0.00938199,0.03652512,0.00131111,"ARIMA(2, 0, 2)",0.00131111,-0.00807088,0.03783623,0.0,2024-W33
adj_close.csv,ARIMA,USO,0.00977133,0.01145141,0.01014029,0.00977133,0.01145141,0.01014029,"ARIMA(2, 0, 2)",-0.01014029,-0.00036896,0.00131111,0.0,2024-W34
adj_close.csv,ARIMA,USO,0.02400445,0.00600532,0.01614561,0.02400445,0.00600532,0.01614561,"ARIMA(2, 0, 2)",-0.01614561,0.00785884,-0.01014029,0.0,2024-W35
adj_close.csv,ARIMA,USO,0.07575911,0.059412,0.07555761,0.07575911,0.059412,0.07555761,"ARIMA(2, 0, 2)",-0.07555761,0.0002015,-0.01614561,0.0,2024-W36
adj_close.csv,ARIMA,USO,0.01413364,0.08867297,0.01311536,0.01413364,0.08867297,0.01311536,"ARIMA(2, 0, 2)",0.01311536,-0.00101828,-0.07555761,0.0,2024-W37
adj_close.csv,ARIMA,USO,0.03860171,0.03004071,0.04315607,0.03860171,0.03004071,0.04315607,"ARIMA(2, 0, 2)",0.04315607,0.00455435,0.01311536,0.0,2024-W38
adj_close.csv,ARIMA,USO,0.03318374,0.08017407,0.03701801,0.03318374,0.08017407,0.03701801,"ARIMA(2, 0, 2)",-0.03701801,-0.00383427,0.04315607,0.0,2024-W39
adj_close.csv,ARIMA,USO,0.08594005,0.1200011,0.08298309,0.08594005,0.1200011,0.08298309,"ARIMA(2, 0, 2)",0.08298309,-0.00295696,-0.03701801,0.0,2024-W40
adj_close.csv,ARIMA,USO,0.01435005,0.06816224,0.01482086,0.01435005,0.06816224,0.01482086,"ARIMA(2, 0, 2)",0.01482086,0.0004708,0.08298309,0.0,2024-W41
adj_close.csv,ARIMA,USO,0.07897895,0.09695205,0.08213119,0.07897895,0.09695205,0.08213119,"ARIMA(2, 0, 2)",-0.08213119,-0.00315224,0.01482086,0.0,2024-W42
adj_close.csv,ARIMA,USO,0.03368895,0.12128194,0.03915075,0.03368895,0.12128194,0.03915075,"ARIMA(2, 0, 2)",0.03915075,0.00546179,-0.08213119,0.0,2024-W43
adj_close.csv,ARIMA,USO,0.03456141,0.06937536,0.03022461,0.03456141,0.06937536,0.03022461,"ARIMA(2, 0, 2)",-0.03022461,0.00433679,0.03915075,0.0,2024-W44
adj_close.csv,ARIMA,USO,0.02161976,0.04551944,0.01529483,0.02161976,0.04551944,0.01529483,"ARIMA(2, 0, 2)",0.01529483,-0.00632493,-0.03022461,0.0,2024-W45
adj_close.csv,ARIMA,USO,0.04659888,0.06261605,0.04732122,0.04659888,0.06261605,0.04732122,"ARIMA(2, 0, 2)",-0.04732122,-0.00072234,0.01529483,0.0,2024-W46
adj_close.csv,ARIMA,USO,0.05394747,0.10984158,0.06252036,0.05394747,0.10984158,0.06252036,"ARIMA(2, 0, 2)",0.06252036,0.00857289,-0.04732122,0.0,2024-W47
adj_close.csv,ARIMA,USO,0.03306009,0.0987234,0.03620304,0.03306009,0.0987234,0.03620304,"ARIMA(2, 0, 2)",-0.03620304,-0.00314295,0.06252036,0.0,2024-W48
adj_close.csv,ARIMA,USO,0.01118479,0.01688622,0.01931682,0.01118479,0.01688622,0.01931682,"ARIMA(2, 0, 2)",-0.01931682,-0.00813203,-0.03620304,0.0,2024-W49
adj_close.csv,ARIMA,USO,0.04584903,0.0742978,0.05498098,0.04584903,0.0742978,0.05498098,"ARIMA(2, 0, 2)",0.05498098,0.00913196,-0.01931682,0.0,2024-W50
adj_close.csv,ARIMA,USO,0.01661096,0.07005153,0.01507055,0.01661096,0.07005153,0.01507055,"ARIMA(2, 0, 2)",-0.01507055,0.0015404,0.05498098,0.0,2024-W51
adj_close.csv,ARIMA,USO,0.02108638,0.0252782,0.01020764,0.02108638,0.0252782,0.01020764,"ARIMA(2, 0, 2)",0.01020764,-0.01087874,-0.01507055,0.0,2024-W52
adj_close.csv,ARIMA,USO,0.05199576,0.04343901,0.05364665,0.05199576,0.04343901,0.05364665,"ARIMA(2, 0, 2)",0.05364665,0.00165088,0.01020764,0.0,2025-W01
adj_close.csv,ARIMA,USO,0.03008307,0.01933449,0.03431216,0.03008307,0.01933449,0.03431216,"ARIMA(2, 0, 2)",0.03431216,0.00422909,0.05364665,0.0,2025-W02
adj_close.csv,ARIMA,USO,0.0315388,0.01126631,0.02304585,0.0315388,0.01126631,0.02304585,"ARIMA(2, 0, 2)",0.02304585,-0.00849295,0.03431216,0.0,2025-W03
adj_close.csv,ARIMA,USO,0.0306772,0.05907242,0.03602657,0.0306772,0.05907242,0.03602657,"ARIMA(2, 0, 2)",-0.03602657,-0.00534937,0.02304585,0.0,2025-W04
adj_close.csv,ARIMA,USO,0.03078166,0.01597766,0.02004891,0.03078166,0.01597766,0.02004891,"ARIMA(2, 0, 2)",-0.02004891,0.01073275,-0.03602657,0.0,2025-W05
adj_close.csv,ARIMA,USO,0.03384631,0.0080267,0.02807562,0.03384631,0.0080267,0.02807562,"ARIMA(2, 0, 2)",-0.02807562,0.00577069,-0.02004891,0.0,2025-W06
adj_close.csv,ARIMA,USO,0.00720368,0.02754818,0.00052744,0.00720368,0.02754818,0.00052744,"ARIMA(2, 0, 2)",-0.00052744,-0.00773112,-0.02807562,0.0,2025-W07
adj_close.csv,ARIMA,USO,0.00469749,0.00569076,0.0062182,0.00469749,0.00569076,0.0062182,"ARIMA(2, 0, 2)",-0.0062182,-0.00152071,-0.00052744,0.0,2025-W08
adj_close.csv,ARIMA,USO,0.00962528,0.00449147,0.00172674,0.00962528,0.00449147,0.00172674,"ARIMA(2, 0, 2)",-0.00172674,0.00789855,-0.0062182,0.0,2025-W09
adj_close.csv,ARIMA,USO,0.04232385,0.04077515,0.04250188,0.04232385,0.04077515,0.04250188,"ARIMA(2, 0, 2)",-0.04250188,-0.00017803,-0.00172674,0.0,2025-W10
adj_close.csv,ARIMA,USO,0.00628593,0.04513404,0.00263216,0.00628593,0.04513404,0.00263216,"ARIMA(2, 0, 2)",0.00263216,-0.00365377,-0.04250188,0.0,2025-W11
adj_close.csv,ARIMA,USO,0.01750581,0.01804362,0.02067578,0.01750581,0.01804362,0.02067578,"ARIMA(2, 0, 2)",0.02067578,0.00316997,0.00263216,0.0,2025-W12
adj_close.csv,ARIMA,USO,0.01246032,0.00748233,0.01319346,0.01246032,0.00748233,0.01319346,"ARIMA(2, 0, 2)",0.01319346,0.00073314,0.02067578,0.0,2025-W13
adj_close.csv,ARIMA,USO,0.09091745,0.10927963,0.09608618,0.09091745,0.10927963,0.09608618,"ARIMA(2, 0, 2)",-0.09608618,-0.00516872,0.01319346,0.0,2025-W14
adj_close.csv,ARIMA,USO,0.02928514,0.07435591,0.02173027,0.02928514,0.07435591,0.02173027,"ARIMA(2, 0, 2)",-0.02173027,0.00755488,-0.09608618,0.0,2025-W15
adj_close.csv,ARIMA,USO,0.03527756,0.06616901,0.04443874,0.03527756,0.06616901,0.04443874,"ARIMA(2, 0, 2)",0.04443874,0.00916118,-0.02173027,0.0,2025-W16
adj_close.csv,ARIMA,USO,0.00444534,0.05093656,0.00649781,0.00444534,0.05093656,0.00649781,"ARIMA(2, 0, 2)",-0.00649781,-0.01094315,0.04443874,0.0,2025-W17
adj_close.csv,ARIMA,USO,0.0682338,0.06900401,0.07550182,0.0682338,0.06900401,0.07550182,"ARIMA(2, 0, 2)",-0.07550182,-0.00726802,-0.00649781,0.0,2025-W18
adj_close.csv,ARIMA,USO,0.02097497,0.11531719,0.03981537,0.02097497,0.11531719,0.03981537,"ARIMA(2, 0, 2)",0.03981537,0.0188404,-0.07550182,0.0,2025-W19
adj_close.csv,ARIMA,USO,0.01845348,0.01769291,0.02212247,0.01845348,0.01769291,0.02212247,"ARIMA(2, 0, 2)",0.02212247,0.00366898,0.03981537,0.0,2025-W20
adj_close.csv,ARIMA,USO,0.02101875,0.02373905,0.00161659,0.02101875,0.02373905,0.00161659,"ARIMA(2, 0, 2)",-0.00161659,-0.02263534,0.02212247,0.0,2025-W21
adj_close.csv,ARIMA,USO,0.01348421,0.01081507,0.01243166,0.01348421,0.01081507,0.01243166,"ARIMA(2, 0, 2)",-0.01243166,0.00105255,-0.00161659,0.0,2025-W22
adj_close.csv,ARIMA,USO,0.04028688,0.07352039,0.06108873,0.04028688,0.07352039,0.06108873,"ARIMA(2, 0, 2)",0.06108873,0.02080185,-0.01243166,0.0,2025-W23
adj_close.csv,ARIMA,USO,0.12692189,0.05566646,0.1167552,0.12692189,0.05566646,0.1167552,"ARIMA(2, 0, 2)",0.1167552,-0.0101667,0.06108873,0.0,2025-W24
adj_close.csv,ARIMA,USO,0.06477075,0.08124269,0.0355125,0.06477075,0.08124269,0.0355125,"ARIMA(2, 0, 2)",0.0355125,-0.02925824,0.1167552,0.0,2025-W25
adj_close.csv,ARIMA,USO,0.12982989,0.16151018,0.12599768,0.12982989,0.16151018,0.12599768,"ARIMA(2, 0, 2)",-0.12599768,0.00383222,0.0355125,0.0,2025-W26
adj_close.csv,ARIMA,USO,0.00218511,0.15172825,0.02573057,0.00218511,0.15172825,0.02573057,"ARIMA(2, 0, 2)",0.02573057,0.02791568,-0.12599768,0.0,2025-W27
adj_close.csv,ARIMA,USO,0.0267954,0.00181574,0.02754632,0.0267954,0.00181574,0.02754632,"ARIMA(2, 0, 2)",0.02754632,0.00075092,0.02573057,0.0,2025-W28
adj_close.csv,ARIMA,USO,0.01062852,0.04529904,0.01775273,0.01062852,0.04529904,0.01775273,"ARIMA(2, 0, 2)",-0.01775273,-0.02838125,0.02754632,0.0,2025-W29
adj_close.csv,ARIMA,USO,0.01932663,0.00342695,0.01432578,0.01932663,0.00342695,0.01432578,"ARIMA(2, 0, 2)",-0.01432578,0.00500085,-0.01775273,0.0,2025-W30
adj_close.csv,ARIMA,USO,0.00911917,0.04860135,0.03427557,0.00911917,0.04860135,0.03427557,"ARIMA(2, 0, 2)",0.03427557,0.0251564,-0.01432578,0.0,2025-W31
adj_close.csv,ARIMA,USO,0.04374572,0.08947658,0.05520101,0.04374572,0.08947658,0.05520101,"ARIMA(2, 0, 2)",-0.05520101,-0.01145529,0.03427557,0.0,2025-W32
adj_close.csv,ARIMA,USO,0.01133928,0.04835636,0.00684465,0.01133928,0.04835636,0.00684465,"ARIMA(2, 0, 2)",-0.00684465,-0.01818394,-0.05520101,0.0,2025-W33
adj_close.csv,ARIMA,USO,0.0031066,0.0318052,0.02496055,0.0031066,0.0318052,0.02496055,"ARIMA(2, 0, 2)",0.02496055,0.02185396,-0.00684465,0.0,2025-W34
adj_close.csv,ARIMA,USO,0.00563403,0.02228465,0.0026759,0.00563403,0.02228465,0.0026759,"ARIMA(2, 0, 2)",0.0026759,0.00830994,0.02496055,0.0,2025-W35
adj_close.csv,ARIMA,USO,0.00619477,0.03265033,0.02997443,0.00619477,0.03265033,0.02997443,"ARIMA(2, 0, 2)",-0.02997443,-0.02377966,0.0026759,0.0,2025-W36
adj_close.csv,ARIMA,USO,0.00800708,0.0392934,0.00931897,0.00800708,0.0392934,0.00931897,"ARIMA(2, 0, 2)",0.00931897,0.00131189,-0.02997443,0.0,2025-W37
adj_close.csv,ARIMA,USO,0.01957006,0.00645853,0.00286044,0.01957006,0.00645853,0.00286044,"ARIMA(2, 0, 2)",0.00286044,0.0224305,0.00931897,0.0,2025-W38
adj_close.csv,ARIMA,USO,0.05531686,0.04364721,0.04650765,0.05531686,0.04364721,0.04650765,"ARIMA(2, 0, 2)",0.04650765,-0.00880921,0.00286044,0.0,2025-W39
adj_close.csv,ARIMA,USO,0.0520154,0.11794254,0.07143489,0.0520154,0.11794254,0.07143489,"ARIMA(2, 0, 2)",-0.07143489,-0.01941949,0.04650765,0.0,2025-W40
adj_close.csv,ARIMA,USO,0.04553269,0.03854745,0.03288744,0.04553269,0.03854745,0.03288744,"ARIMA(2, 0, 2)",-0.03288744,0.01264525,-0.07143489,0.0,2025-W41
adj_close.csv,ARIMA,USO,0.04269168,0.01235828,0.02052916,0.04269168,0.01235828,0.02052916,"ARIMA(2, 0, 2)",-0.02052916,0.02216251,-0.03288744,0.0,2025-W42
adj_close.csv,ARIMA,USO,0.08605118,0.09423773,0.07370857,0.08605118,0.09423773,0.07370857,"ARIMA(2, 0, 2)",0.07370857,-0.01234261,-0.02052916,0.0,2025-W43
adj_close.csv,ARIMA,USO,0.00885454,0.08221696,0.00850839,0.00885454,0.08221696,0.00850839,"ARIMA(2, 0, 2)",-0.00850839,-0.01736294,0.07370857,0.0,2025-W44
adj_close.csv,ARIMA,USO,0.0242704,0.00957019,0.01807858,0.0242704,0.00957019,0.01807858,"ARIMA(2, 0, 2)",-0.01807858,0.00619182,-0.00850839,0.0,2025-W45
adj_close.csv,ARIMA,USO,0.0132465,0.01976107,0.00168249,0.0132465,0.01976107,0.00168249,"ARIMA(2, 0, 2)",0.00168249,0.01492899,-0.01807858,0.0,2025-W46
adj_close.csv,ARIMA,USO,0.02325284,0.03125522,0.02957273,0.02325284,0.03125522,0.02957273,"ARIMA(2, 0, 2)",-0.02957273,-0.00631989,0.00168249,0.0,2025-W47
adj_close.csv,ARIMA,USO,0.03344726,0.05479308,0.02522035,0.03344726,0.05479308,0.02522035,"ARIMA(2, 0, 2)",0.02522035,-0.00822691,-0.02957273,0.0,2025-W48
adj_close.csv,ARIMA,USO,0.00125576,0.01333129,0.01188906,0.00125576,0.01333129,0.01188906,"ARIMA(2, 0, 2)",0.01188906,0.01063331,0.02522035,0.0,2025-W49
adj_close.csv,ARIMA,USO,0.04437626,0.05609438,0.04420532,0.04437626,0.05609438,0.04420532,"ARIMA(2, 0, 2)",-0.04420532,0.00017094,0.01188906,0.0,2025-W50
adj_close.csv,ARIMA,USO,0.00307528,0.03280504,0.01140028,0.00307528,0.03280504,0.01140028,"ARIMA(2, 0, 2)",-0.01140028,-0.008325,-0.04420532,0.0,2025-W51
adj_close.csv,ARIMA,USO,0.00095391,0.0179933,0.00659301,0.00095391,0.0179933,0.00659301,"ARIMA(2, 0, 2)",0.00659301,0.00754692,-0.01140028,0.0,2025-W52
adj_close.csv,ARIMA,USO,0.00138658,0.00039182,0.00698483,0.00138658,0.00039182,0.00698483,"ARIMA(2, 0, 2)",0.00698483,0.00559825,0.00659301,0.0,2026-W01
adj_close.csv,ARIMA,USO,0.03509415,0.01906501,0.02604984,0.03509415,0.01906501,0.02604984,"ARIMA(2, 0, 2)",0.02604984,-0.0090443,0.00698483,0.0,2026-W02
adj_close.csv,ARIMA,USO,0.01614545,0.01383313,0.01221672,0.01614545,0.01383313,0.01221672,"ARIMA(2, 0, 2)",0.01221672,-0.00392873,0.02604984,0.0,2026-W03
adj_close.csv,ARIMA,USO,0.0261186,0.01937925,0.03159597,0.0261186,0.01937925,0.03159597,"ARIMA(2, 0, 2)",0.03159597,0.00547737,0.01221672,0.0,2026-W04
adj_close.csv,ARIMA,USO,0.07367162,0.0410234,0.07261937,0.07367162,0.0410234,0.07261937,"ARIMA(2, 0, 2)",0.07261937,-0.00105225,0.03159597,0.0,2026-W05
adj_close.csv,ARIMA,USO,0.04306809,0.12674941,0.05413003,0.04306809,0.12674941,0.05413003,"ARIMA(2, 0, 2)",-0.05413003,-0.01106195,0.07261937,0.0,2026-W06
adj_close.csv,ARIMA,VEA,0.00107017,0.02198585,0.00119324,0.00107017,0.02198585,0.00119324,"ARIMA(1, 0, 0)",-0.00119324,-0.00012306,-0.02317908,0.0,2024-W30
adj_close.csv,ARIMA,VEA,0.03070274,0.02951616,0.0307094,0.03070274,0.02951616,0.0307094,"ARIMA(1, 0, 0)",-0.0307094,-6.66e-06,-0.00119324,0.0,2024-W31
adj_close.csv,ARIMA,VEA,0.00346093,0.03398679,0.00327739,0.00346093,0.03398679,0.00327739,"ARIMA(1, 0, 0)",0.00327739,-0.00018354,-0.0307094,0.0,2024-W32
adj_close.csv,ARIMA,VEA,0.03849668,0.03523513,0.03851252,0.03849668,0.03523513,0.03851252,"ARIMA(1, 0, 0)",0.03851252,1.584e-05,0.00327739,0.0,2024-W33
adj_close.csv,ARIMA,VEA,0.02942352,0.00885059,0.02966193,0.02942352,0.00885059,0.02966193,"ARIMA(1, 0, 0)",0.02966193,0.00023841,0.03851252,0.0,2024-W34
adj_close.csv,ARIMA,VEA,0.00022447,0.02889809,0.00076384,0.00022447,0.02889809,0.00076384,"ARIMA(1, 0, 0)",0.00076384,0.00053938,0.02966193,0.0,2024-W35
adj_close.csv,ARIMA,VEA,0.0393339,0.0400838,0.03931996,0.0393339,0.0400838,0.03931996,"ARIMA(1, 0, 0)",-0.03931996,1.394e-05,0.00076384,0.0,2024-W36
adj_close.csv,ARIMA,VEA,0.02483126,0.06344586,0.0241259,0.02483126,0.06344586,0.0241259,"ARIMA(1, 0, 0)",0.0241259,-0.00070536,-0.03931996,0.0,2024-W37
adj_close.csv,ARIMA,VEA,0.00931329,0.0146229,0.009503,0.00931329,0.0146229,0.009503,"ARIMA(1, 0, 0)",0.009503,0.00018972,0.0241259,0.0,2024-W38
adj_close.csv,ARIMA,VEA,0.01953617,0.0101298,0.0196328,0.01953617,0.0101298,0.0196328,"ARIMA(1, 0, 0)",0.0196328,9.663e-05,0.009503,0.0,2024-W39
adj_close.csv,ARIMA,VEA,0.01564396,0.03503978,0.01540698,0.01564396,0.03503978,0.01540698,"ARIMA(1, 0, 0)",-0.01540698,0.00023699,0.0196328,0.0,2024-W40
adj_close.csv,ARIMA,VEA,0.00331846,0.01195085,0.00345613,0.00331846,0.01195085,0.00345613,"ARIMA(1, 0, 0)",-0.00345613,-0.00013767,-0.01540698,0.0,2024-W41
adj_close.csv,ARIMA,VEA,0.00304959,0.00037386,0.00308227,0.00304959,0.00037386,0.00308227,"ARIMA(1, 0, 0)",-0.00308227,-3.268e-05,-0.00345613,0.0,2024-W42
adj_close.csv,ARIMA,VEA,0.02576842,0.02271562,0.02579789,0.02576842,0.02271562,0.02579789,"ARIMA(1, 0, 0)",-0.02579789,-2.948e-05,-0.00308227,0.0,2024-W43
adj_close.csv,ARIMA,VEA,0.00568943,0.01984088,0.00595702,0.00568943,0.01984088,0.00595702,"ARIMA(1, 0, 0)",-0.00595702,-0.00026759,-0.02579789,0.0,2024-W44
adj_close.csv,ARIMA,VEA,0.00086699,0.00675337,0.00079636,0.00086699,0.00675337,0.00079636,"ARIMA(1, 0, 0)",0.00079636,-7.063e-05,-0.00595702,0.0,2024-W45
adj_close.csv,ARIMA,VEA,0.02458751,0.02537447,0.02457811,0.02458751,0.02537447,0.02457811,"ARIMA(1, 0, 0)",-0.02457811,9.4e-06,0.00079636,0.0,2024-W46
adj_close.csv,ARIMA,VEA,0.00982546,0.03411831,0.00954019,0.00982546,0.03411831,0.00954019,"ARIMA(1, 0, 0)",0.00954019,-0.00028527,-0.02457811,0.0,2024-W47
adj_close.csv,ARIMA,VEA,0.01594488,0.00649226,0.01603246,0.01594488,0.00649226,0.01603246,"ARIMA(1, 0, 0)",0.01603246,8.758e-05,0.00954019,0.0,2024-W48
adj_close.csv,ARIMA,VEA,0.00834058,0.00752022,0.00851224,0.00834058,0.00752022,0.00851224,"ARIMA(1, 0, 0)",0.00851224,0.00017166,0.01603246,0.0,2024-W49
adj_close.csv,ARIMA,VEA,0.01499695,0.02340664,0.01489441,0.01499695,0.02340664,0.01489441,"ARIMA(1, 0, 0)",-0.01489441,0.00010254,0.00851224,0.0,2024-W50
adj_close.csv,ARIMA,VEA,0.03438833,0.01965432,0.03454872,0.03438833,0.01965432,0.03454872,"ARIMA(1, 0, 0)",-0.03454872,-0.00016039,-0.01489441,0.0,2024-W51
adj_close.csv,ARIMA,VEA,0.0118365,0.04583652,0.0112878,0.0118365,0.04583652,0.0112878,"ARIMA(1, 0, 0)",0.0112878,-0.0005487,-0.03454872,0.0,2024-W52
adj_close.csv,ARIMA,VEA,0.00242283,0.01357689,0.0022891,0.00242283,0.01357689,0.0022891,"ARIMA(1, 0, 0)",-0.0022891,0.00013373,0.0112878,0.0,2025-W01
adj_close.csv,ARIMA,VEA,0.00981339,0.0075508,0.0098399,0.00981339,0.0075508,0.0098399,"ARIMA(1, 0, 0)",-0.0098399,-2.65e-05,-0.0022891,0.0,2025-W02
adj_close.csv,ARIMA,VEA,0.02176112,0.03148491,0.02164502,0.02176112,0.03148491,0.02164502,"ARIMA(1, 0, 0)",0.02164502,-0.00011611,-0.0098399,0.0,2025-W03
adj_close.csv,ARIMA,VEA,0.02920707,0.00777184,0.02941685,0.02920707,0.00777184,0.02941685,"ARIMA(1, 0, 0)",0.02941685,0.00020978,0.02164502,0.0,2025-W04
adj_close.csv,ARIMA,VEA,0.00206798,0.03101752,0.00160067,0.00206798,0.03101752,0.00160067,"ARIMA(1, 0, 0)",-0.00160067,0.00046731,0.02941685,0.0,2025-W05
adj_close.csv,ARIMA,VEA,0.00541643,0.00699262,0.00539195,0.00541643,0.00699262,0.00539195,"ARIMA(1, 0, 0)",0.00539195,-2.448e-05,-0.00160067,0.0,2025-W06
adj_close.csv,ARIMA,VEA,0.02547978,0.02016984,0.02556179,0.02547978,0.02016984,0.02556179,"ARIMA(1, 0, 0)",0.02556179,8.202e-05,0.00539195,0.0,2025-W07
adj_close.csv,ARIMA,VEA,0.00567843,0.03081731,0.00525551,0.00567843,0.03081731,0.00525551,"ARIMA(1, 0, 0)",-0.00525551,0.00042292,0.02556179,0.0,2025-W08
adj_close.csv,ARIMA,VEA,0.00324366,0.00193226,0.00332325,0.00324366,0.00193226,0.00332325,"ARIMA(1, 0, 0)",-0.00332325,-7.959e-05,-0.00525551,0.0,2025-W09
adj_close.csv,ARIMA,VEA,0.02918948,0.03246185,0.0291386,0.02918948,0.03246185,0.0291386,"ARIMA(1, 0, 0)",0.0291386,-5.087e-05,-0.00332325,0.0,2025-W10
adj_close.csv,ARIMA,VEA,0.00767212,0.03639192,0.00725332,0.00767212,0.03639192,0.00725332,"ARIMA(1, 0, 0)",-0.00725332,0.0004188,0.0291386,0.0,2025-W11
adj_close.csv,ARIMA,VEA,0.00182405,0.00898864,0.00173532,0.00182405,0.00898864,0.00173532,"ARIMA(1, 0, 0)",0.00173532,-8.873e-05,-0.00725332,0.0,2025-W12
adj_close.csv,ARIMA,VEA,0.01570526,0.01741957,0.01568425,0.01570526,0.01741957,0.01568425,"ARIMA(1, 0, 0)",-0.01568425,2.101e-05,0.00173532,0.0,2025-W13
adj_close.csv,ARIMA,VEA,0.08810382,0.07260537,0.08828962,0.08810382,0.07260537,0.08828962,"ARIMA(1, 0, 0)",-0.08828962,-0.0001858,-0.01568425,0.0,2025-W14
adj_close.csv,ARIMA,VEA,0.05413199,0.14021159,0.05192198,0.05413199,0.14021159,0.05192198,"ARIMA(1, 0, 0)",0.05192198,-0.00221002,-0.08828962,0.0,2025-W15
adj_close.csv,ARIMA,VEA,0.02766285,0.02516331,0.02675866,0.02766285,0.02516331,0.02675866,"ARIMA(1, 0, 0)",0.02675866,-0.00090418,0.05192198,0.0,2025-W16
adj_close.csv,ARIMA,VEA,0.03270006,0.00580877,0.03256744,0.03270006,0.00580877,0.03256744,"ARIMA(1, 0, 0)",0.03256744,-0.00013263,0.02675866,0.0,2025-W17
adj_close.csv,ARIMA,VEA,0.02217246,0.01031075,0.02225668,0.02217246,0.01031075,0.02225668,"ARIMA(1, 0, 0)",0.02225668,8.422e-05,0.03256744,0.0,2025-W18
adj_close.csv,ARIMA,VEA,0.00111003,0.02095181,0.00130487,0.00111003,0.02095181,0.00130487,"ARIMA(1, 0, 0)",0.00130487,0.00019484,0.02225668,0.0,2025-W19
adj_close.csv,ARIMA,VEA,0.01514857,0.0138554,0.01516027,0.01514857,0.0138554,0.01516027,"ARIMA(1, 0, 0)",0.01516027,1.17e-05,0.00130487,0.0,2025-W20
adj_close.csv,ARIMA,VEA,0.00953922,0.00548259,0.00967767,0.00953922,0.00548259,0.00967767,"ARIMA(1, 0, 0)",0.00967767,0.00013845,0.01516027,0.0,2025-W21
adj_close.csv,ARIMA,VEA,0.00984473,0.00026732,0.00994499,0.00984473,0.00026732,0.00994499,"ARIMA(1, 0, 0)",0.00994499,0.00010026,0.00967767,0.0,2025-W22
adj_close.csv,ARIMA,VEA,0.01240469,0.00257077,0.01251576,0.01240469,0.00257077,0.01251576,"ARIMA(1, 0, 0)",0.01251576,0.00011107,0.00994499,0.0,2025-W23
adj_close.csv,ARIMA,VEA,0.00210927,0.01447217,0.00195641,0.00210927,0.01447217,0.00195641,"ARIMA(1, 0, 0)",-0.00195641,0.00015287,0.01251576,0.0,2025-W24
adj_close.csv,ARIMA,VEA,0.0131043,0.01117135,0.01312776,0.0131043,0.01117135,0.01312776,"ARIMA(1, 0, 0)",-0.01312776,-2.346e-05,-0.00195641,0.0,2025-W25
adj_close.csv,ARIMA,VEA,0.03289145,0.04585896,0.0327312,0.03289145,0.04585896,0.0327312,"ARIMA(1, 0, 0)",0.0327312,-0.00016026,-0.01312776,0.0,2025-W26
adj_close.csv,ARIMA,VEA,0.00655901,0.02589207,0.00683913,0.00655901,0.02589207,0.00683913,"ARIMA(1, 0, 0)",0.00683913,0.00028012,0.0327312,0.0,2025-W27
adj_close.csv,ARIMA,VEA,0.00620643,0.01297474,0.0061356,0.00620643,0.01297474,0.0061356,"ARIMA(1, 0, 0)",-0.0061356,7.083e-05,0.00683913,0.0,2025-W28
adj_close.csv,ARIMA,VEA,0.00399112,0.00208312,0.00405249,0.00399112,0.00208312,0.00405249,"ARIMA(1, 0, 0)",-0.00405249,-6.136e-05,-0.0061356,0.0,2025-W29
adj_close.csv,ARIMA,VEA,0.02411367,0.02812479,0.02407231,0.02411367,0.02812479,0.02407231,"ARIMA(1, 0, 0)",0.02407231,-4.136e-05,-0.00405249,0.0,2025-W30
adj_close.csv,ARIMA,VEA,0.03530502,0.05915133,0.03507903,0.03530502,0.05915133,0.03507903,"ARIMA(1, 0, 0)",-0.03507903,0.00022599,0.02407231,0.0,2025-W31
adj_close.csv,ARIMA,VEA,0.03516007,0.07015806,0.03507903,0.03516007,0.07015806,0.03507903,"ARIMA(1, 0, 0)",0.03507903,-8.104e-05,-0.03507903,0.0,2025-W32
adj_close.csv,ARIMA,VEA,0.01481949,0.02053517,0.01454386,0.01481949,0.02053517,0.01454386,"ARIMA(1, 0, 0)",0.01454386,-0.00027563,0.03507903,0.0,2025-W33
adj_close.csv,ARIMA,VEA,0.01170521,0.00289122,0.01165264,0.01170521,0.00289122,0.01165264,"ARIMA(1, 0, 0)",0.01165264,-5.258e-05,0.01454386,0.0,2025-W34
adj_close.csv,ARIMA,VEA,0.01434825,0.02602686,0.01437422,0.01434825,0.02602686,0.01437422,"ARIMA(1, 0, 0)",-0.01437422,-2.596e-05,0.01165264,0.0,2025-W35
adj_close.csv,ARIMA,VEA,0.00419763,0.01862343,0.00424921,0.00419763,0.01862343,0.00424921,"ARIMA(1, 0, 0)",0.00424921,5.158e-05,-0.01437422,0.0,2025-W36
adj_close.csv,ARIMA,VEA,0.01449812,0.01023157,0.01448078,0.01449812,0.01023157,0.01448078,"ARIMA(1, 0, 0)",0.01448078,-1.733e-05,0.00424921,0.0,2025-W37
adj_close.csv,ARIMA,VEA,0.001984,0.0125486,0.00193218,0.001984,0.0125486,0.00193218,"ARIMA(1, 0, 0)",0.00193218,-5.182e-05,0.01448078,0.0,2025-W38
adj_close.csv,ARIMA,VEA,0.00402513,0.00596378,0.0040316,0.00402513,0.00596378,0.0040316,"ARIMA(1, 0, 0)",-0.0040316,-6.46e-06,0.00193218,0.0,2025-W39
adj_close.csv,ARIMA,VEA,0.02738066,0.031426,0.0273944,0.02738066,0.031426,0.0273944,"ARIMA(1, 0, 0)",0.0273944,1.374e-05,-0.0040316,0.0,2025-W40
adj_close.csv,ARIMA,VEA,0.03115543,0.05866772,0.03127332,0.03115543,0.05866772,0.03127332,"ARIMA(1, 0, 0)",-0.03127332,-0.00011789,0.0273944,0.0,2025-W41
adj_close.csv,ARIMA,VEA,0.02517507,0.05679807,0.02552476,0.02517507,0.05679807,0.02552476,"ARIMA(1, 0, 0)",0.02552476,0.00034969,-0.03127332,0.0,2025-W42
adj_close.csv,ARIMA,VEA,0.00881165,0.0171592,0.00836556,0.00881165,0.0171592,0.00836556,"ARIMA(1, 0, 0)",0.00836556,-0.00044609,0.02552476,0.0,2025-W43
adj_close.csv,ARIMA,VEA,0.00379683,0.01229363,0.00392807,0.00379683,0.01229363,0.00392807,"ARIMA(1, 0, 0)",-0.00392807,-0.00013124,0.00836556,0.0,2025-W44
adj_close.csv,ARIMA,VEA,0.00614862,0.00215794,0.00608601,0.00614862,0.00215794,0.00608601,"ARIMA(1, 0, 0)",-0.00608601,6.261e-05,-0.00392807,0.0,2025-W45
adj_close.csv,ARIMA,VEA,0.01155027,0.01773213,0.01164612,0.01155027,0.01773213,0.01164612,"ARIMA(1, 0, 0)",0.01164612,9.584e-05,-0.00608601,0.0,2025-W46
adj_close.csv,ARIMA,VEA,0.02541221,0.03724824,0.02560212,0.02541221,0.03724824,0.02560212,"ARIMA(1, 0, 0)",-0.02560212,-0.00018991,0.01164612,0.0,2025-W47
adj_close.csv,ARIMA,VEA,0.02919319,0.05527295,0.02967083,0.02919319,0.05527295,0.02967083,"ARIMA(1, 0, 0)",0.02967083,0.00047764,-0.02560212,0.0,2025-W48
adj_close.csv,ARIMA,VEA,0.00833328,0.02206622,0.00760461,0.00833328,0.02206622,0.00760461,"ARIMA(1, 0, 0)",0.00760461,-0.00072867,0.02967083,0.0,2025-W49
adj_close.csv,ARIMA,VEA,0.00723916,0.00053746,0.00706715,0.00723916,0.00053746,0.00706715,"ARIMA(1, 0, 0)",0.00706715,-0.00017201,0.00760461,0.0,2025-W50
adj_close.csv,ARIMA,VEA,0.00663801,0.00058594,0.00648121,0.00663801,0.00058594,0.00648121,"ARIMA(1, 0, 0)",0.00648121,-0.0001568,0.00706715,0.0,2025-W51
adj_close.csv,ARIMA,VEA,0.01570533,0.0090827,0.01556391,0.01570533,0.0090827,0.01556391,"ARIMA(1, 0, 0)",0.01556391,-0.00014142,0.00648121,0.0,2025-W52
adj_close.csv,ARIMA,VEA,0.00651719,0.00937392,0.00618999,0.00651719,0.00937392,0.00618999,"ARIMA(1, 0, 0)",0.00618999,-0.0003272,0.01556391,0.0,2026-W01
adj_close.csv,ARIMA,VEA,0.02095112,0.0146359,0.0208259,0.02095112,0.0146359,0.0208259,"ARIMA(1, 0, 0)",0.0208259,-0.00012522,0.00618999,0.0,2026-W02
adj_close.csv,ARIMA,VEA,0.00980877,0.01141732,0.00940858,0.00980877,0.01141732,0.00940858,"ARIMA(1, 0, 0)",0.00940858,-0.00040019,0.0208259,0.0,2026-W03
adj_close.csv,ARIMA,VEA,0.00994286,0.00036845,0.00977703,0.00994286,0.00036845,0.00977703,"ARIMA(1, 0, 0)",0.00977703,-0.00016583,0.00940858,0.0,2026-W04
adj_close.csv,ARIMA,VEA,0.00652979,0.00341244,0.00636459,0.00652979,0.00341244,0.00636459,"ARIMA(1, 0, 0)",0.00636459,-0.0001652,0.00977703,0.0,2026-W05
adj_close.csv,ARIMA,VEA,0.00402421,0.00244476,0.00391983,0.00402421,0.00244476,0.00391983,"ARIMA(1, 0, 0)",0.00391983,-0.00010438,0.00636459,0.0,2026-W06
adj_close.csv,ARIMA,VIG,0.00551619,0.00425408,0.00542879,0.00551619,0.00425408,0.00542879,"ARIMA(0, 0, 1)",0.00542879,-8.74e-05,0.00117472,0.0,2024-W30
adj_close.csv,ARIMA,VIG,0.01024356,0.0158866,0.01045781,0.01024356,0.0158866,0.01045781,"ARIMA(0, 0, 1)",-0.01045781,-0.00021425,0.00542879,0.0,2024-W31
adj_close.csv,ARIMA,VIG,0.00438426,0.00648076,0.00397705,0.00438426,0.00648076,0.00397705,"ARIMA(0, 0, 1)",-0.00397705,0.00040721,-0.01045781,0.0,2024-W32
adj_close.csv,ARIMA,VIG,0.02781261,0.031961,0.02798395,0.02781261,0.031961,0.02798395,"ARIMA(0, 0, 1)",0.02798395,0.00017134,-0.00397705,0.0,2024-W33
adj_close.csv,ARIMA,VIG,0.01466025,0.01446115,0.0135228,0.01466025,0.01446115,0.0135228,"ARIMA(0, 0, 1)",0.0135228,-0.00113745,0.02798395,0.0,2024-W34
adj_close.csv,ARIMA,VIG,0.01344517,0.00058813,0.01293466,0.01344517,0.00058813,0.01293466,"ARIMA(0, 0, 1)",0.01293466,-0.0005105,0.0135228,0.0,2024-W35
adj_close.csv,ARIMA,VIG,0.02890747,0.04227633,0.02934167,0.02890747,0.04227633,0.02934167,"ARIMA(0, 0, 1)",-0.02934167,-0.0004342,0.01293466,0.0,2024-W36
adj_close.csv,ARIMA,VIG,0.02681473,0.05725429,0.02791263,0.02681473,0.05725429,0.02791263,"ARIMA(0, 0, 1)",0.02791263,0.00109789,-0.02934167,0.0,2024-W37
adj_close.csv,ARIMA,VIG,0.01037056,0.01896452,0.0089481,0.01037056,0.01896452,0.0089481,"ARIMA(0, 0, 1)",0.0089481,-0.00142246,0.02791263,0.0,2024-W38
adj_close.csv,ARIMA,VIG,0.00321028,0.00619342,0.00275469,0.00321028,0.00619342,0.00275469,"ARIMA(0, 0, 1)",0.00275469,-0.00045559,0.0089481,0.0,2024-W39
adj_close.csv,ARIMA,VIG,0.00016176,0.00305893,0.00030424,0.00016176,0.00305893,0.00030424,"ARIMA(0, 0, 1)",-0.00030424,-0.00014248,0.00275469,0.0,2024-W40
adj_close.csv,ARIMA,VIG,0.01273954,0.01305097,0.01274673,0.01273954,0.01305097,0.01274673,"ARIMA(0, 0, 1)",0.01274673,7.19e-06,-0.00030424,0.0,2024-W41
adj_close.csv,ARIMA,VIG,0.00938848,0.00392466,0.00882207,0.00938848,0.00392466,0.00882207,"ARIMA(0, 0, 1)",0.00882207,-0.00056641,0.01274673,0.0,2024-W42
adj_close.csv,ARIMA,VIG,0.02284226,0.03206551,0.02324344,0.02284226,0.03206551,0.02324344,"ARIMA(0, 0, 1)",-0.02324344,-0.00040118,0.00882207,0.0,2024-W43
adj_close.csv,ARIMA,VIG,0.01058848,0.01370032,0.00954312,0.01058848,0.01370032,0.00954312,"ARIMA(0, 0, 1)",-0.00954312,0.00104536,-0.02324344,0.0,2024-W44
adj_close.csv,ARIMA,VIG,0.04000085,0.04999191,0.04044879,0.04000085,0.04999191,0.04044879,"ARIMA(0, 0, 1)",0.04044879,0.00044794,-0.00954312,0.0,2024-W45
adj_close.csv,ARIMA,VIG,0.01962647,0.06225366,0.02180487,0.01962647,0.06225366,0.02180487,"ARIMA(0, 0, 1)",-0.02180487,-0.0021784,0.04044879,0.0,2024-W46
adj_close.csv,ARIMA,VIG,0.01754547,0.04060123,0.01879636,0.01754547,0.04060123,0.01879636,"ARIMA(0, 0, 1)",0.01879636,0.00125088,-0.02180487,0.0,2024-W47
adj_close.csv,ARIMA,VIG,0.01211084,0.00789094,0.01090541,0.01211084,0.00789094,0.01090541,"ARIMA(0, 0, 1)",0.01090541,-0.00120543,0.01879636,0.0,2024-W48
adj_close.csv,ARIMA,VIG,0.007934,0.01964002,0.00873461,0.007934,0.01964002,0.00873461,"ARIMA(0, 0, 1)",-0.00873461,-0.00080061,0.01090541,0.0,2024-W49
adj_close.csv,ARIMA,VIG,0.00473395,0.00453667,0.00419793,0.00473395,0.00453667,0.00419793,"ARIMA(0, 0, 1)",-0.00419793,0.00053601,-0.00873461,0.0,2024-W50
adj_close.csv,ARIMA,VIG,0.02402659,0.01954116,0.02373909,0.02402659,0.01954116,0.02373909,"ARIMA(0, 0, 1)",-0.02373909,0.00028749,-0.00419793,0.0,2024-W51
adj_close.csv,ARIMA,VIG,0.00786479,0.03304234,0.00930325,0.00786479,0.03304234,0.00930325,"ARIMA(0, 0, 1)",0.00930325,0.00143846,-0.02373909,0.0,2024-W52
adj_close.csv,ARIMA,VIG,0.01016144,0.01995146,0.01064822,0.01016144,0.01995146,0.01064822,"ARIMA(0, 0, 1)",-0.01064822,-0.00048678,0.00930325,0.0,2025-W01
adj_close.csv,ARIMA,VIG,0.01776413,0.00647242,0.01712063,0.01776413,0.00647242,0.01712063,"ARIMA(0, 0, 1)",-0.01712063,0.00064349,-0.01064822,0.0,2025-W02
adj_close.csv,ARIMA,VIG,0.0311164,0.04931802,0.03219739,0.0311164,0.04931802,0.03219739,"ARIMA(0, 0, 1)",0.03219739,0.00108099,-0.01712063,0.0,2025-W03
adj_close.csv,ARIMA,VIG,0.01783289,0.0166522,0.01554519,0.01783289,0.0166522,0.01554519,"ARIMA(0, 0, 1)",0.01554519,-0.00228771,0.03219739,0.0,2025-W04
adj_close.csv,ARIMA,VIG,0.00093832,0.0157924,0.00024721,0.00093832,0.0157924,0.00024721,"ARIMA(0, 0, 1)",-0.00024721,-0.00118553,0.01554519,0.0,2025-W05
adj_close.csv,ARIMA,VIG,0.00188088,0.00168324,0.00193045,0.00188088,0.00168324,0.00193045,"ARIMA(0, 0, 1)",-0.00193045,-4.958e-05,-0.00024721,0.0,2025-W06
adj_close.csv,ARIMA,VIG,0.00989317,0.01193818,0.01000772,0.00989317,0.01193818,0.01000772,"ARIMA(0, 0, 1)",0.01000772,0.00011456,-0.00193045,0.0,2025-W07
adj_close.csv,ARIMA,VIG,0.0086604,0.01927256,0.00926484,0.0086604,0.01927256,0.00926484,"ARIMA(0, 0, 1)",-0.00926484,-0.00060444,0.01000772,0.0,2025-W08
adj_close.csv,ARIMA,VIG,0.00513945,0.01494227,0.00567744,0.00513945,0.01494227,0.00567744,"ARIMA(0, 0, 1)",0.00567744,0.00053799,-0.00926484,0.0,2025-W09
adj_close.csv,ARIMA,VIG,0.01725859,0.02325834,0.01758091,0.01725859,0.02325834,0.01758091,"ARIMA(0, 0, 1)",-0.01758091,-0.00032232,0.00567744,0.0,2025-W10
adj_close.csv,ARIMA,VIG,0.03426398,0.01557968,0.03316059,0.03426398,0.01557968,0.03316059,"ARIMA(0, 0, 1)",-0.03316059,0.00110339,-0.01758091,0.0,2025-W11
adj_close.csv,ARIMA,VIG,0.00370742,0.03878994,0.00562935,0.00370742,0.03878994,0.00562935,"ARIMA(0, 0, 1)",0.00562935,0.00192193,-0.03316059,0.0,2025-W12
adj_close.csv,ARIMA,VIG,0.00653218,0.01237294,0.00674358,0.00653218,0.01237294,0.00674358,"ARIMA(0, 0, 1)",-0.00674358,-0.0002114,0.00562935,0.0,2025-W13
adj_close.csv,ARIMA,VIG,0.08101769,0.07389419,0.08063778,0.08101769,0.07389419,0.08063778,"ARIMA(0, 0, 1)",-0.08063778,0.00037992,-0.00674358,0.0,2025-W14
adj_close.csv,ARIMA,VIG,0.03836605,0.12309618,0.04245841,0.03836605,0.12309618,0.04245841,"ARIMA(0, 0, 1)",0.04245841,0.00409236,-0.08063778,0.0,2025-W15
adj_close.csv,ARIMA,VIG,0.00176292,0.04728729,0.00482888,0.00176292,0.04728729,0.00482888,"ARIMA(0, 0, 1)",-0.00482888,-0.00306597,0.04245841,0.0,2025-W16
adj_close.csv,ARIMA,VIG,0.02561989,0.03060071,0.02577182,0.02561989,0.03060071,0.02577182,"ARIMA(0, 0, 1)",0.02577182,0.00015193,-0.00482888,0.0,2025-W17
adj_close.csv,ARIMA,VIG,0.02511775,0.00292443,0.02284739,0.02511775,0.00292443,0.02284739,"ARIMA(0, 0, 1)",0.02284739,-0.00227036,0.02577182,0.0,2025-W18
adj_close.csv,ARIMA,VIG,0.00207799,0.02694874,0.00410135,0.00207799,0.02694874,0.00410135,"ARIMA(0, 0, 1)",-0.00410135,-0.00202336,0.02284739,0.0,2025-W19
adj_close.csv,ARIMA,VIG,0.03489584,0.0391658,0.03506444,0.03489584,0.0391658,0.03506444,"ARIMA(0, 0, 1)",0.03506444,0.0001686,-0.00410135,0.0,2025-W20
adj_close.csv,ARIMA,VIG,0.02131438,0.05926368,0.02419924,0.02131438,0.05926368,0.02419924,"ARIMA(0, 0, 1)",-0.02419924,-0.00288485,0.03506444,0.0,2025-W21
adj_close.csv,ARIMA,VIG,0.01644567,0.04255492,0.01835569,0.01644567,0.04255492,0.01835569,"ARIMA(0, 0, 1)",0.01835569,0.00191002,-0.02419924,0.0,2025-W22
adj_close.csv,ARIMA,VIG,0.01420248,0.00570434,0.01265135,0.01420248,0.00570434,0.01265135,"ARIMA(0, 0, 1)",0.01265135,-0.00155113,0.01835569,0.0,2025-W23
adj_close.csv,ARIMA,VIG,0.00135462,0.01260134,5.001e-05,0.00135462,0.01260134,5.001e-05,"ARIMA(0, 0, 1)",5.001e-05,-0.00130461,0.01265135,0.0,2025-W24
adj_close.csv,ARIMA,VIG,0.00753754,0.00771178,0.00766176,0.00753754,0.00771178,0.00766176,"ARIMA(0, 0, 1)",-0.00766176,-0.00012423,5.001e-05,0.0,2025-W25
adj_close.csv,ARIMA,VIG,0.0239832,0.03233836,0.02467659,0.0239832,0.03233836,0.02467659,"ARIMA(0, 0, 1)",0.02467659,0.00069339,-0.00766176,0.0,2025-W26
adj_close.csv,ARIMA,VIG,0.02552695,0.00140115,0.02327544,0.02552695,0.00140115,0.02327544,"ARIMA(0, 0, 1)",0.02327544,-0.00225151,0.02467659,0.0,2025-W27
adj_close.csv,ARIMA,VIG,0.00687245,0.03236331,0.00908787,0.00687245,0.03236331,0.00908787,"ARIMA(0, 0, 1)",-0.00908787,-0.00221542,0.02327544,0.0,2025-W28
adj_close.csv,ARIMA,VIG,0.00021715,0.00991306,0.00082519,0.00021715,0.00991306,0.00082519,"ARIMA(0, 0, 1)",0.00082519,0.00060804,-0.00908787,0.0,2025-W29
adj_close.csv,ARIMA,VIG,0.01466171,0.01381718,0.01464236,0.01466171,0.01381718,0.01464236,"ARIMA(0, 0, 1)",0.01464236,-1.935e-05,0.00082519,0.0,2025-W30
adj_close.csv,ARIMA,VIG,0.02313748,0.03908516,0.0244428,0.02313748,0.03908516,0.0244428,"ARIMA(0, 0, 1)",-0.0244428,-0.00130531,0.01464236,0.0,2025-W31
adj_close.csv,ARIMA,VIG,0.0128407,0.03942137,0.01497857,0.0128407,0.03942137,0.01497857,"ARIMA(0, 0, 1)",0.01497857,0.00213787,-0.0244428,0.0,2025-W32
adj_close.csv,ARIMA,VIG,0.01235997,0.00384223,0.01113635,0.01235997,0.00384223,0.01113635,"ARIMA(0, 0, 1)",0.01113635,-0.00122362,0.01497857,0.0,2025-W33
adj_close.csv,ARIMA,VIG,0.01018882,0.00210762,0.00902873,0.01018882,0.00210762,0.00902873,"ARIMA(0, 0, 1)",0.00902873,-0.0011601,0.01113635,0.0,2025-W34
adj_close.csv,ARIMA,VIG,0.00128209,0.01125448,0.00222576,0.00128209,0.01125448,0.00222576,"ARIMA(0, 0, 1)",-0.00222576,-0.00094367,0.00902873,0.0,2025-W35
adj_close.csv,ARIMA,VIG,0.00484681,0.00719153,0.00496578,0.00484681,0.00719153,0.00496578,"ARIMA(0, 0, 1)",0.00496578,0.00011897,-0.00222576,0.0,2025-W36
adj_close.csv,ARIMA,VIG,0.01752354,0.01210712,0.01707289,0.01752354,0.01210712,0.01707289,"ARIMA(0, 0, 1)",0.01707289,-0.00045065,0.00496578,0.0,2025-W37
adj_close.csv,ARIMA,VIG,0.00379011,0.0148956,0.00217729,0.00379011,0.0148956,0.00217729,"ARIMA(0, 0, 1)",0.00217729,-0.00161282,0.01707289,0.0,2025-W38
adj_close.csv,ARIMA,VIG,0.00285305,0.00537553,0.00319824,0.00285305,0.00537553,0.00319824,"ARIMA(0, 0, 1)",-0.00319824,-0.00034519,0.00217729,0.0,2025-W39
adj_close.csv,ARIMA,VIG,0.01479755,0.0182567,0.01505847,0.01479755,0.0182567,0.01505847,"ARIMA(0, 0, 1)",0.01505847,0.00026092,-0.00319824,0.0,2025-W40
adj_close.csv,ARIMA,VIG,0.02280599,0.03922434,0.02416587,0.02280599,0.03922434,0.02416587,"ARIMA(0, 0, 1)",-0.02416587,-0.00135988,0.01505847,0.0,2025-W41
adj_close.csv,ARIMA,VIG,0.01253644,0.03887447,0.0147086,0.01253644,0.03887447,0.0147086,"ARIMA(0, 0, 1)",0.0147086,0.00217216,-0.02416587,0.0,2025-W42
adj_close.csv,ARIMA,VIG,0.01398623,0.00195083,0.01275777,0.01398623,0.00195083,0.01275777,"ARIMA(0, 0, 1)",0.01275777,-0.00122847,0.0147086,0.0,2025-W43
adj_close.csv,ARIMA,VIG,0.00530978,0.0194157,0.00665793,0.00530978,0.0194157,0.00665793,"ARIMA(0, 0, 1)",-0.00665793,-0.00134815,0.01275777,0.0,2025-W44
adj_close.csv,ARIMA,VIG,0.00707888,9.442e-05,0.00656351,0.00707888,9.442e-05,0.00656351,"ARIMA(0, 0, 1)",-0.00656351,0.00051537,-0.00665793,0.0,2025-W45
adj_close.csv,ARIMA,VIG,0.00573985,0.01298875,0.00642524,0.00573985,0.01298875,0.00642524,"ARIMA(0, 0, 1)",0.00642524,0.00068538,-0.00656351,0.0,2025-W46
adj_close.csv,ARIMA,VIG,0.00763113,0.01461423,0.00818899,0.00763113,0.01461423,0.00818899,"ARIMA(0, 0, 1)",-0.00818899,-0.00055787,0.00642524,0.0,2025-W47
adj_close.csv,ARIMA,VIG,0.03309888,0.0420333,0.03384431,0.03309888,0.0420333,0.03384431,"ARIMA(0, 0, 1)",0.03384431,0.00074543,-0.00818899,0.0,2025-W48
adj_close.csv,ARIMA,VIG,0.00153986,0.03870638,0.00486207,0.00153986,0.03870638,0.00486207,"ARIMA(0, 0, 1)",-0.00486207,-0.00332222,0.03384431,0.0,2025-W49
adj_close.csv,ARIMA,VIG,0.00205518,0.00707099,0.00220892,0.00205518,0.00707099,0.00220892,"ARIMA(0, 0, 1)",0.00220892,0.00015374,-0.00486207,0.0,2025-W50
adj_close.csv,ARIMA,VIG,0.00620704,0.00862359,0.00641467,0.00620704,0.00862359,0.00641467,"ARIMA(0, 0, 1)",-0.00641467,-0.00020763,0.00220892,0.0,2025-W51
adj_close.csv,ARIMA,VIG,0.0116726,0.01873292,0.01231825,0.0116726,0.01873292,0.01231825,"ARIMA(0, 0, 1)",0.01231825,0.00064566,-0.00641467,0.0,2025-W52
adj_close.csv,ARIMA,VIG,0.00738478,0.02089422,0.00857597,0.00738478,0.02089422,0.00857597,"ARIMA(0, 0, 1)",-0.00857597,-0.00119118,0.01231825,0.0,2026-W01
adj_close.csv,ARIMA,VIG,0.01792364,0.02725797,0.01868201,0.01792364,0.02725797,0.01868201,"ARIMA(0, 0, 1)",0.01868201,0.00075836,-0.00857597,0.0,2026-W02
adj_close.csv,ARIMA,VIG,0.00577544,0.01477434,0.00390766,0.00577544,0.01477434,0.00390766,"ARIMA(0, 0, 1)",0.00390766,-0.00186778,0.01868201,0.0,2026-W03
adj_close.csv,ARIMA,VIG,0.01054736,0.0150491,0.01114143,0.01054736,0.0150491,0.01114143,"ARIMA(0, 0, 1)",-0.01114143,-0.00059407,0.00390766,0.0,2026-W04
adj_close.csv,ARIMA,VIG,0.00284234,0.01507741,0.00393598,0.00284234,0.01507741,0.00393598,"ARIMA(0, 0, 1)",0.00393598,0.00109364,-0.01114143,0.0,2026-W05
adj_close.csv,ARIMA,VIG,0.0101122,0.00588083,0.00981681,0.0101122,0.00588083,0.00981681,"ARIMA(0, 0, 1)",0.00981681,-0.00029539,0.00393598,0.0,2026-W06
adj_close.csv,ARIMA,VLUE,0.00054305,0.00299169,0.00046657,0.00054305,0.00299169,0.00046657,"ARIMA(0, 0, 1)",0.00046657,-7.648e-05,0.00345827,0.0,2024-W30
adj_close.csv,ARIMA,VLUE,0.04970396,0.05018054,0.04971397,0.04970396,0.05018054,0.04971397,"ARIMA(0, 0, 1)",-0.04971397,-1.001e-05,0.00046657,0.0,2024-W31
adj_close.csv,ARIMA,VLUE,0.00742417,0.04322363,0.00649034,0.00742417,0.04322363,0.00649034,"ARIMA(0, 0, 1)",-0.00649034,0.00093383,-0.04971397,0.0,2024-W32
adj_close.csv,ARIMA,VLUE,0.02915669,0.03575414,0.0292638,0.02915669,0.03575414,0.0292638,"ARIMA(0, 0, 1)",0.0292638,0.00010711,-0.00649034,0.0,2024-W33
adj_close.csv,ARIMA,VLUE,0.02417765,0.005593,0.0236708,0.02417765,0.005593,0.0236708,"ARIMA(0, 0, 1)",0.0236708,-0.00050685,0.0292638,0.0,2024-W34
adj_close.csv,ARIMA,VLUE,0.0110272,0.01287498,0.01079583,0.0110272,0.01287498,0.01079583,"ARIMA(0, 0, 1)",0.01079583,-0.00023138,0.0236708,0.0,2024-W35
adj_close.csv,ARIMA,VLUE,0.04121857,0.05208841,0.04129258,0.04121857,0.05208841,0.04129258,"ARIMA(0, 0, 1)",-0.04129258,-7.401e-05,0.01079583,0.0,2024-W36
adj_close.csv,ARIMA,VLUE,0.02466162,0.06644163,0.02514905,0.02466162,0.06644163,0.02514905,"ARIMA(0, 0, 1)",0.02514905,0.00048743,-0.04129258,0.0,2024-W37
adj_close.csv,ARIMA,VLUE,0.01983857,0.00586311,0.01928594,0.01983857,0.00586311,0.01928594,"ARIMA(0, 0, 1)",0.01928594,-0.00055263,0.02514905,0.0,2024-W38
adj_close.csv,ARIMA,VLUE,0.01469394,0.00494202,0.01434392,0.01469394,0.00494202,0.01434392,"ARIMA(0, 0, 1)",0.01434392,-0.00035003,0.01928594,0.0,2024-W39
adj_close.csv,ARIMA,VLUE,0.00235742,0.01691406,0.00257014,0.00235742,0.01691406,0.00257014,"ARIMA(0, 0, 1)",-0.00257014,-0.00021272,0.01434392,0.0,2024-W40
adj_close.csv,ARIMA,VLUE,0.0123874,0.01499263,0.01242249,0.0123874,0.01499263,0.01242249,"ARIMA(0, 0, 1)",0.01242249,3.509e-05,-0.00257014,0.0,2024-W41
adj_close.csv,ARIMA,VLUE,0.00634214,0.00626871,0.00615378,0.00634214,0.00626871,0.00615378,"ARIMA(0, 0, 1)",0.00615378,-0.00018836,0.01242249,0.0,2024-W42
adj_close.csv,ARIMA,VLUE,0.02152304,0.02776776,0.02161398,0.02152304,0.02776776,0.02161398,"ARIMA(0, 0, 1)",-0.02161398,-9.095e-05,0.00615378,0.0,2024-W43
adj_close.csv,ARIMA,VLUE,0.00570316,0.01625246,0.00536152,0.00570316,0.01625246,0.00536152,"ARIMA(0, 0, 1)",-0.00536152,0.00034163,-0.02161398,0.0,2024-W44
adj_close.csv,ARIMA,VLUE,0.04326835,0.04871252,0.043351,0.04326835,0.04871252,0.043351,"ARIMA(0, 0, 1)",0.043351,8.265e-05,-0.00536152,0.0,2024-W45
adj_close.csv,ARIMA,VLUE,0.01445018,0.05855426,0.01520326,0.01445018,0.05855426,0.01520326,"ARIMA(0, 0, 1)",-0.01520326,-0.00075308,0.043351,0.0,2024-W46
adj_close.csv,ARIMA,VLUE,0.02773662,0.0432815,0.02807824,0.02773662,0.0432815,0.02807824,"ARIMA(0, 0, 1)",0.02807824,0.00034162,-0.01520326,0.0,2024-W47
adj_close.csv,ARIMA,VLUE,0.00500495,0.02423036,0.00384788,0.00500495,0.02423036,0.00384788,"ARIMA(0, 0, 1)",0.00384788,-0.00115707,0.02807824,0.0,2024-W48
adj_close.csv,ARIMA,VLUE,0.01927654,0.02332593,0.01947805,0.01927654,0.02332593,0.01947805,"ARIMA(0, 0, 1)",-0.01947805,-0.0002015,0.00384788,0.0,2024-W49
adj_close.csv,ARIMA,VLUE,0.02393691,0.00366044,0.02313849,0.02393691,0.00366044,0.02313849,"ARIMA(0, 0, 1)",-0.02313849,0.00079843,-0.01947805,0.0,2024-W50
adj_close.csv,ARIMA,VLUE,0.03257091,0.00889172,0.0320302,0.03257091,0.00889172,0.0320302,"ARIMA(0, 0, 1)",-0.0320302,0.00054071,-0.02313849,0.0,2024-W51
adj_close.csv,ARIMA,VLUE,0.00819309,0.04070459,0.00867439,0.00819309,0.04070459,0.00867439,"ARIMA(0, 0, 1)",0.00867439,0.0004813,-0.0320302,0.0,2024-W52
adj_close.csv,ARIMA,VLUE,4.501e-05,0.00886208,0.00018769,4.501e-05,0.00886208,0.00018769,"ARIMA(0, 0, 1)",-0.00018769,-0.00014268,0.00867439,0.0,2025-W01
adj_close.csv,ARIMA,VLUE,0.01399508,0.0138066,0.01399429,0.01399508,0.0138066,0.01399429,"ARIMA(0, 0, 1)",-0.01399429,7.9e-07,-0.00018769,0.0,2025-W02
adj_close.csv,ARIMA,VLUE,0.0431507,0.05759294,0.04359865,0.0431507,0.05759294,0.04359865,"ARIMA(0, 0, 1)",0.04359865,0.00044795,-0.01399429,0.0,2025-W03
adj_close.csv,ARIMA,VLUE,0.01375685,0.03145753,0.01214112,0.01375685,0.03145753,0.01214112,"ARIMA(0, 0, 1)",0.01214112,-0.00161572,0.04359865,0.0,2025-W04
adj_close.csv,ARIMA,VLUE,0.0089767,0.02155124,0.00941012,0.0089767,0.02155124,0.00941012,"ARIMA(0, 0, 1)",-0.00941012,-0.00043342,0.01214112,0.0,2025-W05
adj_close.csv,ARIMA,VLUE,0.00558356,0.00412342,0.0052867,0.00558356,0.00412342,0.0052867,"ARIMA(0, 0, 1)",-0.0052867,0.00029686,-0.00941012,0.0,2025-W06
adj_close.csv,ARIMA,VLUE,0.0232112,0.02868121,0.02339451,0.0232112,0.02868121,0.02339451,"ARIMA(0, 0, 1)",0.02339451,0.00018331,-0.0052867,0.0,2025-W07
adj_close.csv,ARIMA,VLUE,0.00283795,0.02670335,0.00330884,0.00283795,0.02670335,0.00330884,"ARIMA(0, 0, 1)",-0.00330884,-0.00047089,0.02339451,0.0,2025-W08
adj_close.csv,ARIMA,VLUE,0.00436772,0.00099991,0.00430876,0.00436772,0.00099991,0.00430876,"ARIMA(0, 0, 1)",-0.00430876,5.896e-05,-0.00330884,0.0,2025-W09
adj_close.csv,ARIMA,VLUE,0.02191766,0.01751812,0.02182688,0.02191766,0.01751812,0.02182688,"ARIMA(0, 0, 1)",-0.02182688,9.078e-05,-0.00430876,0.0,2025-W10
adj_close.csv,ARIMA,VLUE,0.01939638,0.00317282,0.01865406,0.01939638,0.00317282,0.01865406,"ARIMA(0, 0, 1)",-0.01865406,0.00074232,-0.02182688,0.0,2025-W11
adj_close.csv,ARIMA,VLUE,0.00767671,0.02690526,0.0082512,0.00767671,0.02690526,0.0082512,"ARIMA(0, 0, 1)",0.0082512,0.00057449,-0.01865406,0.0,2025-W12
adj_close.csv,ARIMA,VLUE,0.01038263,0.01887214,0.01062094,0.01038263,0.01887214,0.01062094,"ARIMA(0, 0, 1)",-0.01062094,-0.00023831,0.0082512,0.0,2025-W13
adj_close.csv,ARIMA,VLUE,0.0992374,0.08842862,0.09904956,0.0992374,0.08842862,0.09904956,"ARIMA(0, 0, 1)",-0.09904956,0.00018784,-0.01062094,0.0,2025-W14
adj_close.csv,ARIMA,VLUE,0.0243767,0.12550913,0.02645957,0.0243767,0.12550913,0.02645957,"ARIMA(0, 0, 1)",0.02645957,0.00208286,-0.09904956,0.0,2025-W15
adj_close.csv,ARIMA,VLUE,0.00326086,0.02412535,0.00233422,0.00326086,0.02412535,0.00233422,"ARIMA(0, 0, 1)",0.00233422,-0.00092664,0.02645957,0.0,2025-W16
adj_close.csv,ARIMA,VLUE,0.0288107,0.02634331,0.02867752,0.0288107,0.02634331,0.02867752,"ARIMA(0, 0, 1)",0.02867752,-0.00013317,0.00233422,0.0,2025-W17
adj_close.csv,ARIMA,VLUE,0.02965586,0.00022477,0.02845275,0.02965586,0.00022477,0.02845275,"ARIMA(0, 0, 1)",0.02845275,-0.00120311,0.02867752,0.0,2025-W18
adj_close.csv,ARIMA,VLUE,0.00692147,0.02253453,0.00591822,0.00692147,0.02253453,0.00591822,"ARIMA(0, 0, 1)",0.00591822,-0.00100325,0.02845275,0.0,2025-W19
adj_close.csv,ARIMA,VLUE,0.04197616,0.03583618,0.0417544,0.04197616,0.03583618,0.0417544,"ARIMA(0, 0, 1)",0.0417544,-0.00022176,0.00591822,0.0,2025-W20
adj_close.csv,ARIMA,VLUE,0.03172209,0.07469644,0.03294204,0.03172209,0.07469644,0.03294204,"ARIMA(0, 0, 1)",-0.03294204,-0.00121995,0.0417544,0.0,2025-W21
adj_close.csv,ARIMA,VLUE,0.00803556,0.04223831,0.00929627,0.00803556,0.04223831,0.00929627,"ARIMA(0, 0, 1)",0.00929627,0.0012607,-0.03294204,0.0,2025-W22
adj_close.csv,ARIMA,VLUE,0.02151563,0.0118818,0.02117807,0.02151563,0.0118818,0.02117807,"ARIMA(0, 0, 1)",0.02117807,-0.00033757,0.00929627,0.0,2025-W23
adj_close.csv,ARIMA,VLUE,0.00270124,0.0193496,0.00182847,0.00270124,0.0193496,0.00182847,"ARIMA(0, 0, 1)",0.00182847,-0.00087277,0.02117807,0.0,2025-W24
adj_close.csv,ARIMA,VLUE,0.00858749,0.00665089,0.00847936,0.00858749,0.00665089,0.00847936,"ARIMA(0, 0, 1)",0.00847936,-0.00010813,0.00182847,0.0,2025-W25
adj_close.csv,ARIMA,VLUE,0.02670855,0.01788647,0.02636583,0.02670855,0.01788647,0.02636583,"ARIMA(0, 0, 1)",0.02636583,-0.00034272,0.00847936,0.0,2025-W26
adj_close.csv,ARIMA,VLUE,0.02903157,0.00165708,0.02802291,0.02903157,0.00165708,0.02802291,"ARIMA(0, 0, 1)",0.02802291,-0.00100865,0.02636583,0.0,2025-W27
adj_close.csv,ARIMA,VLUE,0.00532623,0.03425994,0.00623703,0.00532623,0.03425994,0.00623703,"ARIMA(0, 0, 1)",-0.00623703,-0.0009108,0.02802291,0.0,2025-W28
adj_close.csv,ARIMA,VLUE,0.00986574,0.00345532,0.00969234,0.00986574,0.00345532,0.00969234,"ARIMA(0, 0, 1)",-0.00969234,0.0001734,-0.00623703,0.0,2025-W29
adj_close.csv,ARIMA,VLUE,0.01396645,0.02397951,0.01428717,0.01396645,0.02397951,0.01428717,"ARIMA(0, 0, 1)",0.01428717,0.00032072,-0.00969234,0.0,2025-W30
adj_close.csv,ARIMA,VLUE,0.03528286,0.05003661,0.03574945,0.03528286,0.05003661,0.03574945,"ARIMA(0, 0, 1)",-0.03574945,-0.00046658,0.01428717,0.0,2025-W31
adj_close.csv,ARIMA,VLUE,0.02426699,0.0613272,0.02557775,0.02426699,0.0613272,0.02557775,"ARIMA(0, 0, 1)",0.02557775,0.00131076,-0.03574945,0.0,2025-W32
adj_close.csv,ARIMA,VLUE,0.02275257,0.00388197,0.02169578,0.02275257,0.00388197,0.02169578,"ARIMA(0, 0, 1)",0.02169578,-0.00105679,0.02557775,0.0,2025-W33
adj_close.csv,ARIMA,VLUE,0.02188134,0.00071185,0.02098393,0.02188134,0.00071185,0.02098393,"ARIMA(0, 0, 1)",0.02098393,-0.00089741,0.02169578,0.0,2025-W34
adj_close.csv,ARIMA,VLUE,0.00287725,0.01889283,0.0020911,0.00287725,0.01889283,0.0020911,"ARIMA(0, 0, 1)",0.0020911,-0.00078615,0.02098393,0.0,2025-W35
adj_close.csv,ARIMA,VLUE,0.00626582,0.00407297,0.00616407,0.00626582,0.00407297,0.00616407,"ARIMA(0, 0, 1)",0.00616407,-0.00010175,0.0020911,0.0,2025-W36
adj_close.csv,ARIMA,VLUE,0.01038363,0.00399839,0.01016246,0.01038363,0.00399839,0.01016246,"ARIMA(0, 0, 1)",0.01016246,-0.00022117,0.00616407,0.0,2025-W37
adj_close.csv,ARIMA,VLUE,0.01756498,0.0070423,0.01720476,0.01756498,0.0070423,0.01720476,"ARIMA(0, 0, 1)",0.01720476,-0.00036022,0.01016246,0.0,2025-W38
adj_close.csv,ARIMA,VLUE,0.01301749,0.0047712,0.01243357,0.01301749,0.0047712,0.01243357,"ARIMA(0, 0, 1)",0.01243357,-0.00058393,0.01720476,0.0,2025-W39
adj_close.csv,ARIMA,VLUE,0.02246954,0.00962736,0.02206093,0.02246954,0.00962736,0.02206093,"ARIMA(0, 0, 1)",0.02206093,-0.00040862,0.01243357,0.0,2025-W40
adj_close.csv,ARIMA,VLUE,0.04036186,0.06307593,0.041015,0.04036186,0.06307593,0.041015,"ARIMA(0, 0, 1)",-0.041015,-0.00065314,0.02206093,0.0,2025-W41
adj_close.csv,ARIMA,VLUE,0.027473,0.06994877,0.02893377,0.027473,0.06994877,0.02893377,"ARIMA(0, 0, 1)",0.02893377,0.00146077,-0.041015,0.0,2025-W42
adj_close.csv,ARIMA,VLUE,0.03210492,0.00196316,0.03089693,0.03210492,0.00196316,0.03089693,"ARIMA(0, 0, 1)",0.03089693,-0.00120799,0.02893377,0.0,2025-W43
adj_close.csv,ARIMA,VLUE,0.00566143,0.02643953,0.0044574,0.00566143,0.02643953,0.0044574,"ARIMA(0, 0, 1)",0.0044574,-0.00120403,0.03089693,0.0,2025-W44
adj_close.csv,ARIMA,VLUE,0.00079255,0.00545474,0.00099734,0.00079255,0.00545474,0.00099734,"ARIMA(0, 0, 1)",-0.00099734,-0.00020479,0.0044574,0.0,2025-W45
adj_close.csv,ARIMA,VLUE,0.00288367,0.00390991,0.00291257,0.00288367,0.00390991,0.00291257,"ARIMA(0, 0, 1)",0.00291257,2.89e-05,-0.00099734,0.0,2025-W46
adj_close.csv,ARIMA,VLUE,0.0252402,0.02825788,0.02534532,0.0252402,0.02825788,0.02534532,"ARIMA(0, 0, 1)",-0.02534532,-0.00010512,0.00291257,0.0,2025-W47
adj_close.csv,ARIMA,VLUE,0.04718594,0.07346612,0.04812081,0.04718594,0.07346612,0.04812081,"ARIMA(0, 0, 1)",0.04812081,0.00093487,-0.02534532,0.0,2025-W48
adj_close.csv,ARIMA,VLUE,0.01435035,0.03592645,0.01219436,0.01435035,0.03592645,0.01219436,"ARIMA(0, 0, 1)",0.01219436,-0.002156,0.04812081,0.0,2025-W49
adj_close.csv,ARIMA,VLUE,0.01138435,0.00138901,0.01080534,0.01138435,0.00138901,0.01080534,"ARIMA(0, 0, 1)",0.01080534,-0.000579,0.01219436,0.0,2025-W50
adj_close.csv,ARIMA,VLUE,0.00501653,0.00624211,0.00456323,0.00501653,0.00624211,0.00456323,"ARIMA(0, 0, 1)",0.00456323,-0.0004533,0.01080534,0.0,2025-W51
adj_close.csv,ARIMA,VLUE,0.0123494,0.00758899,0.01215222,0.0123494,0.00758899,0.01215222,"ARIMA(0, 0, 1)",0.01215222,-0.00019718,0.00456323,0.0,2025-W52
adj_close.csv,ARIMA,VLUE,0.00833239,0.00429935,0.00785287,0.00833239,0.00429935,0.00785287,"ARIMA(0, 0, 1)",0.00785287,-0.00047952,0.01215222,0.0,2026-W01
adj_close.csv,ARIMA,VLUE,0.03480653,0.02663695,0.03448982,0.03480653,0.02663695,0.03448982,"ARIMA(0, 0, 1)",0.03448982,-0.00031671,0.00785287,0.0,2026-W02
adj_close.csv,ARIMA,VLUE,0.00297976,0.0327581,0.00173172,0.00297976,0.0327581,0.00173172,"ARIMA(0, 0, 1)",0.00173172,-0.00124804,0.03448982,0.0,2026-W03
adj_close.csv,ARIMA,VLUE,0.00397186,0.00213647,0.00386819,0.00397186,0.00213647,0.00386819,"ARIMA(0, 0, 1)",0.00386819,-0.00010367,0.00173172,0.0,2026-W04
adj_close.csv,ARIMA,VLUE,0.01471676,0.01070955,0.01457775,0.01471676,0.01070955,0.01457775,"ARIMA(0, 0, 1)",0.01457775,-0.00013901,0.00386819,0.0,2026-W05
adj_close.csv,ARIMA,VLUE,0.01701569,0.00193159,0.01650934,0.01701569,0.00193159,0.01650934,"ARIMA(0, 0, 1)",0.01650934,-0.00050635,0.01457775,0.0,2026-W06
adj_close.csv,ARIMA,VNQ,0.00339798,0.00634593,0.00874657,0.00339798,0.00634593,0.00874657,"ARIMA(2, 0, 0)",0.00874657,0.00534859,0.01509249,0.0,2024-W30
adj_close.csv,ARIMA,VNQ,0.01707543,0.01005506,0.01880162,0.01707543,0.01005506,0.01880162,"ARIMA(2, 0, 0)",0.01880162,0.0017262,0.00874657,0.0,2024-W31
adj_close.csv,ARIMA,VNQ,0.00286878,0.02077577,0.00197415,0.00286878,0.02077577,0.00197415,"ARIMA(2, 0, 0)",-0.00197415,0.00089463,0.01880162,0.0,2024-W32
adj_close.csv,ARIMA,VNQ,0.0003161,0.00460551,0.00263136,0.0003161,0.00460551,0.00263136,"ARIMA(2, 0, 0)",0.00263136,0.00231526,-0.00197415,0.0,2024-W33
adj_close.csv,ARIMA,VNQ,0.03734585,0.03444776,0.03707912,0.03734585,0.03444776,0.03707912,"ARIMA(2, 0, 0)",0.03707912,-0.00026673,0.00263136,0.0,2024-W34
adj_close.csv,ARIMA,VNQ,0.00369967,0.03339322,0.0036859,0.00369967,0.03339322,0.0036859,"ARIMA(2, 0, 0)",0.0036859,-1.377e-05,0.03707912,0.0,2024-W35
adj_close.csv,ARIMA,VNQ,0.0063775,0.00557986,0.00189397,0.0063775,0.00557986,0.00189397,"ARIMA(2, 0, 0)",-0.00189397,0.00448354,0.0036859,0.0,2024-W36
adj_close.csv,ARIMA,VNQ,0.03766872,0.04002056,0.03812659,0.03766872,0.04002056,0.03812659,"ARIMA(2, 0, 0)",0.03812659,0.00045787,-0.00189397,0.0,2024-W37
adj_close.csv,ARIMA,VNQ,0.00809367,0.04678125,0.00865466,0.00809367,0.04678125,0.00865466,"ARIMA(2, 0, 0)",-0.00865466,-0.00056099,0.03812659,0.0,2024-W38
adj_close.csv,ARIMA,VNQ,0.00794763,0.00541848,0.00323619,0.00794763,0.00541848,0.00323619,"ARIMA(2, 0, 0)",-0.00323619,0.00471144,-0.00865466,0.0,2024-W39
adj_close.csv,ARIMA,VNQ,0.01517,0.01292946,0.01616565,0.01517,0.01292946,0.01616565,"ARIMA(2, 0, 0)",-0.01616565,-0.00099565,-0.00323619,0.0,2024-W40
adj_close.csv,ARIMA,VNQ,0.00325055,0.01269002,0.00347563,0.00325055,0.01269002,0.00347563,"ARIMA(2, 0, 0)",-0.00347563,-0.00022508,-0.01616565,0.0,2024-W41
adj_close.csv,ARIMA,VNQ,0.030302,0.0318721,0.02839646,0.030302,0.0318721,0.02839646,"ARIMA(2, 0, 0)",0.02839646,-0.00190554,-0.00347563,0.0,2024-W42
adj_close.csv,ARIMA,VNQ,0.01761622,0.04671519,0.01831873,0.01761622,0.04671519,0.01831873,"ARIMA(2, 0, 0)",-0.01831873,-0.00070251,0.02839646,0.0,2024-W43
adj_close.csv,ARIMA,VNQ,0.03143007,0.00953583,0.02785456,0.03143007,0.00953583,0.02785456,"ARIMA(2, 0, 0)",-0.02785456,0.00357552,-0.01831873,0.0,2024-W44
adj_close.csv,ARIMA,VNQ,0.03106252,0.0571704,0.02931584,0.03106252,0.0571704,0.02931584,"ARIMA(2, 0, 0)",0.02931584,-0.00174668,-0.02785456,0.0,2024-W45
adj_close.csv,ARIMA,VNQ,0.01849133,0.05124847,0.02193263,0.01849133,0.05124847,0.02193263,"ARIMA(2, 0, 0)",-0.02193263,-0.0034413,0.02931584,0.0,2024-W46
adj_close.csv,ARIMA,VNQ,0.02201661,0.04761285,0.02568022,0.02201661,0.04761285,0.02568022,"ARIMA(2, 0, 0)",0.02568022,0.00366361,-0.02193263,0.0,2024-W47
adj_close.csv,ARIMA,VNQ,0.02286018,0.00592647,0.01975375,0.02286018,0.00592647,0.01975375,"ARIMA(2, 0, 0)",0.01975375,-0.00310642,0.02568022,0.0,2024-W48
adj_close.csv,ARIMA,VNQ,0.02879688,0.04607512,0.02632136,0.02879688,0.04607512,0.02632136,"ARIMA(2, 0, 0)",-0.02632136,0.00247551,0.01975375,0.0,2024-W49
adj_close.csv,ARIMA,VNQ,0.02128318,0.00774165,0.01857971,0.02128318,0.00774165,0.01857971,"ARIMA(2, 0, 0)",-0.01857971,0.00270347,-0.02632136,0.0,2024-W50
adj_close.csv,ARIMA,VNQ,0.04700651,0.03078067,0.04936038,0.04700651,0.03078067,0.04936038,"ARIMA(2, 0, 0)",-0.04936038,-0.00235387,-0.01857971,0.0,2024-W51
adj_close.csv,ARIMA,VNQ,0.0045368,0.05247512,0.00311474,0.0045368,0.05247512,0.00311474,"ARIMA(2, 0, 0)",0.00311474,-0.00142206,-0.04936038,0.0,2024-W52
adj_close.csv,ARIMA,VNQ,0.01338907,0.00474159,0.00785633,0.01338907,0.00474159,0.00785633,"ARIMA(2, 0, 0)",0.00785633,-0.00553275,0.00311474,0.0,2025-W01
adj_close.csv,ARIMA,VNQ,0.04479675,0.05243509,0.04457877,0.04479675,0.05243509,0.04457877,"ARIMA(2, 0, 0)",-0.04457877,0.00021798,0.00785633,0.0,2025-W02
adj_close.csv,ARIMA,VNQ,0.04522623,0.09139108,0.04681232,0.04522623,0.09139108,0.04681232,"ARIMA(2, 0, 0)",0.04681232,0.00158608,-0.04457877,0.0,2025-W03
adj_close.csv,ARIMA,VNQ,0.01798331,0.03505796,0.01175436,0.01798331,0.03505796,0.01175436,"ARIMA(2, 0, 0)",0.01175436,-0.00622896,0.04681232,0.0,2025-W04
adj_close.csv,ARIMA,VNQ,0.00628136,0.0135198,0.00176544,0.00628136,0.0135198,0.00176544,"ARIMA(2, 0, 0)",-0.00176544,0.00451592,0.01175436,0.0,2025-W05
adj_close.csv,ARIMA,VNQ,0.0106267,0.01362192,0.01185648,0.0106267,0.01362192,0.01185648,"ARIMA(2, 0, 0)",0.01185648,0.00122978,-0.00176544,0.0,2025-W06
adj_close.csv,ARIMA,VNQ,0.0004828,0.01185648,0.0,0.0004828,0.01185648,0.0,"ARIMA(2, 0, 0)",0.0,-0.0004828,0.01185648,0.0,2025-W07
adj_close.csv,ARIMA,VNQ,0.00109555,0.00010912,0.00010912,0.00109555,0.00010912,0.00010912,"ARIMA(2, 0, 0)",0.00010912,0.00120467,0.0,0.0,2025-W08
adj_close.csv,ARIMA,VNQ,0.02436543,0.02425353,0.02436265,0.02436543,0.02425353,0.02436265,"ARIMA(2, 0, 0)",0.02436265,-2.79e-06,0.00010912,0.0,2025-W09
adj_close.csv,ARIMA,VNQ,0.01527587,0.04024961,0.01588697,0.01527587,0.04024961,0.01588697,"ARIMA(2, 0, 0)",-0.01588697,-0.0006111,0.02436265,0.0,2025-W10
adj_close.csv,ARIMA,VNQ,0.02756239,0.0087597,0.02464667,0.02756239,0.0087597,0.02464667,"ARIMA(2, 0, 0)",-0.02464667,0.00291572,-0.01588697,0.0,2025-W11
adj_close.csv,ARIMA,VNQ,0.00202961,0.02575497,0.00110831,0.00202961,0.02575497,0.00110831,"ARIMA(2, 0, 0)",0.00110831,-0.0009213,-0.02464667,0.0,2025-W12
adj_close.csv,ARIMA,VNQ,0.00641459,0.00288887,0.00399717,0.00641459,0.00288887,0.00399717,"ARIMA(2, 0, 0)",0.00399717,-0.00241742,0.00110831,0.0,2025-W13
adj_close.csv,ARIMA,VNQ,0.06339138,0.0673844,0.06338722,0.06339138,0.0673844,0.06338722,"ARIMA(2, 0, 0)",-0.06338722,4.15e-06,0.00399717,0.0,2025-W14
adj_close.csv,ARIMA,VNQ,0.00889882,0.05659448,0.00679274,0.00889882,0.05659448,0.00679274,"ARIMA(2, 0, 0)",-0.00679274,0.00210607,-0.06338722,0.0,2025-W15
adj_close.csv,ARIMA,VNQ,0.04354398,0.04445774,0.037665,0.04354398,0.04445774,0.037665,"ARIMA(2, 0, 0)",0.037665,-0.00587898,-0.00679274,0.0,2025-W16
adj_close.csv,ARIMA,VNQ,0.00346191,0.03570921,0.00195579,0.00346191,0.03570921,0.00195579,"ARIMA(2, 0, 0)",0.00195579,-0.00150612,0.037665,0.0,2025-W17
adj_close.csv,ARIMA,VNQ,0.02768252,0.02860338,0.03055917,0.02768252,0.02860338,0.03055917,"ARIMA(2, 0, 0)",0.03055917,0.00287665,0.00195579,0.0,2025-W18
adj_close.csv,ARIMA,VNQ,0.0055615,0.03670878,0.0061496,0.0055615,0.03670878,0.0061496,"ARIMA(2, 0, 0)",-0.0061496,-0.0005881,0.03055917,0.0,2025-W19
adj_close.csv,ARIMA,VNQ,0.00997636,0.01885453,0.01270493,0.00997636,0.01885453,0.01270493,"ARIMA(2, 0, 0)",0.01270493,0.00272857,-0.0061496,0.0,2025-W20
adj_close.csv,ARIMA,VNQ,0.03533599,0.04890046,0.03619553,0.03533599,0.04890046,0.03619553,"ARIMA(2, 0, 0)",-0.03619553,-0.00085954,0.01270493,0.0,2025-W21
adj_close.csv,ARIMA,VNQ,0.02313284,0.06147896,0.02528343,0.02313284,0.06147896,0.02528343,"ARIMA(2, 0, 0)",0.02528343,0.00215059,-0.03619553,0.0,2025-W22
adj_close.csv,ARIMA,VNQ,0.01021523,0.01914472,0.00613871,0.01021523,0.01914472,0.00613871,"ARIMA(2, 0, 0)",0.00613871,-0.00407652,0.02528343,0.0,2025-W23
adj_close.csv,ARIMA,VNQ,0.00243915,0.00658387,0.00044516,0.00243915,0.00658387,0.00044516,"ARIMA(2, 0, 0)",-0.00044516,0.00199398,0.00613871,0.0,2025-W24
adj_close.csv,ARIMA,VNQ,0.00054452,0.00044516,0.0,0.00054452,0.00044516,0.0,"ARIMA(2, 0, 0)",0.0,0.00054452,-0.00044516,0.0,2025-W25
adj_close.csv,ARIMA,VNQ,0.00521461,0.00525304,0.00525304,0.00521461,0.00525304,0.00525304,"ARIMA(2, 0, 0)",-0.00525304,-3.843e-05,0.0,0.0,2025-W26
adj_close.csv,ARIMA,VNQ,0.01697159,0.02239529,0.01714225,0.01697159,0.02239529,0.01714225,"ARIMA(2, 0, 0)",0.01714225,0.00017066,-0.00525304,0.0,2025-W27
adj_close.csv,ARIMA,VNQ,0.00187251,0.02003449,0.00289225,0.00187251,0.02003449,0.00289225,"ARIMA(2, 0, 0)",-0.00289225,-0.00101974,0.01714225,0.0,2025-W28
adj_close.csv,ARIMA,VNQ,0.00042654,0.00489555,0.0020033,0.00042654,0.00489555,0.0020033,"ARIMA(2, 0, 0)",0.0020033,0.00157676,-0.00289225,0.0,2025-W29
adj_close.csv,ARIMA,VNQ,0.02002323,0.0177034,0.0197067,0.02002323,0.0177034,0.0197067,"ARIMA(2, 0, 0)",0.0197067,-0.00031653,0.0020033,0.0,2025-W30
adj_close.csv,ARIMA,VNQ,0.03063453,0.05081917,0.03111246,0.03063453,0.05081917,0.03111246,"ARIMA(2, 0, 0)",-0.03111246,-0.00047793,0.0197067,0.0,2025-W31
adj_close.csv,ARIMA,VNQ,0.00125515,0.03268566,0.0015732,0.00125515,0.03268566,0.0015732,"ARIMA(2, 0, 0)",0.0015732,0.00282835,-0.03111246,0.0,2025-W32
adj_close.csv,ARIMA,VNQ,0.00954114,0.00525273,0.00682593,0.00954114,0.00525273,0.00682593,"ARIMA(2, 0, 0)",0.00682593,-0.00271521,0.0015732,0.0,2025-W33
adj_close.csv,ARIMA,VNQ,0.02772431,0.0207811,0.02760703,0.02772431,0.0207811,0.02760703,"ARIMA(2, 0, 0)",0.02760703,-0.00011728,0.00682593,0.0,2025-W34
adj_close.csv,ARIMA,VNQ,0.00105206,0.02695638,0.00065065,0.00105206,0.02695638,0.00065065,"ARIMA(2, 0, 0)",0.00065065,-0.00040142,0.02760703,0.0,2025-W35
adj_close.csv,ARIMA,VNQ,0.00019472,0.0018398,0.00249045,0.00019472,0.0018398,0.00249045,"ARIMA(2, 0, 0)",0.00249045,0.00229572,0.00065065,0.0,2025-W36
adj_close.csv,ARIMA,VNQ,0.00370285,0.00117962,0.00367006,0.00370285,0.00117962,0.00367006,"ARIMA(2, 0, 0)",0.00367006,-3.278e-05,0.00249045,0.0,2025-W37
adj_close.csv,ARIMA,VNQ,0.01265801,0.01624745,0.01257739,0.01265801,0.01624745,0.01257739,"ARIMA(2, 0, 0)",-0.01257739,8.062e-05,0.00367006,0.0,2025-W38
adj_close.csv,ARIMA,VNQ,0.00185582,0.01518544,0.00260805,0.00185582,0.01518544,0.00260805,"ARIMA(2, 0, 0)",0.00260805,0.00075223,-0.01257739,0.0,2025-W39
adj_close.csv,ARIMA,VNQ,0.00553243,0.00177698,0.00438503,0.00553243,0.00177698,0.00438503,"ARIMA(2, 0, 0)",0.00438503,-0.0011474,0.00260805,0.0,2025-W40
adj_close.csv,ARIMA,VNQ,0.03671364,0.04103632,0.03665129,0.03671364,0.04103632,0.03665129,"ARIMA(2, 0, 0)",-0.03665129,6.235e-05,0.00438503,0.0,2025-W41
adj_close.csv,ARIMA,VNQ,0.0322153,0.07056426,0.03391297,0.0322153,0.07056426,0.03391297,"ARIMA(2, 0, 0)",0.03391297,0.00169767,-0.03665129,0.0,2025-W42
adj_close.csv,ARIMA,VNQ,0.01825686,0.02018731,0.01372567,0.01825686,0.02018731,0.01372567,"ARIMA(2, 0, 0)",0.01372567,-0.0045312,0.03391297,0.0,2025-W43
adj_close.csv,ARIMA,VNQ,0.03794506,0.04952043,0.03579477,0.03794506,0.04952043,0.03579477,"ARIMA(2, 0, 0)",-0.03579477,0.00215029,0.01372567,0.0,2025-W44
adj_close.csv,ARIMA,VNQ,0.00916748,0.0475,0.01170523,0.00916748,0.0475,0.01170523,"ARIMA(2, 0, 0)",0.01170523,0.00253775,-0.03579477,0.0,2025-W45
adj_close.csv,ARIMA,VNQ,0.00399532,0.01882361,0.00711838,0.00399532,0.01882361,0.00711838,"ARIMA(2, 0, 0)",-0.00711838,-0.00312306,0.01170523,0.0,2025-W46
adj_close.csv,ARIMA,VNQ,0.00140487,0.00689518,0.0002232,0.00140487,0.00689518,0.0002232,"ARIMA(2, 0, 0)",-0.0002232,0.00118167,-0.00711838,0.0,2025-W47
adj_close.csv,ARIMA,VNQ,0.02007907,0.0197915,0.0195683,0.02007907,0.0197915,0.0195683,"ARIMA(2, 0, 0)",0.0195683,-0.00051078,-0.0002232,0.0,2025-W48
adj_close.csv,ARIMA,VNQ,0.01520637,0.03568167,0.01611337,0.01520637,0.03568167,0.01611337,"ARIMA(2, 0, 0)",-0.01611337,-0.00090701,0.0195683,0.0,2025-W49
adj_close.csv,ARIMA,VNQ,0.00697164,0.01131777,0.00479561,0.00697164,0.01131777,0.00479561,"ARIMA(2, 0, 0)",-0.00479561,0.00217604,-0.01611337,0.0,2025-W50
adj_close.csv,ARIMA,VNQ,0.00873246,0.00486524,0.00966085,0.00873246,0.00486524,0.00966085,"ARIMA(2, 0, 0)",-0.00966085,-0.00092839,-0.00479561,0.0,2025-W51
adj_close.csv,ARIMA,VNQ,0.01202492,0.02178682,0.01212597,0.01202492,0.02178682,0.01212597,"ARIMA(2, 0, 0)",0.01212597,0.00010105,-0.00966085,0.0,2025-W52
adj_close.csv,ARIMA,VNQ,0.0025676,0.01595959,0.00383363,0.0025676,0.01595959,0.00383363,"ARIMA(2, 0, 0)",-0.00383363,-0.00126603,0.01212597,0.0,2026-W01
adj_close.csv,ARIMA,VNQ,0.00961945,0.01450854,0.01067491,0.00961945,0.01450854,0.01067491,"ARIMA(2, 0, 0)",0.01067491,0.00105546,-0.00383363,0.0,2026-W02
adj_close.csv,ARIMA,VNQ,0.03538703,0.02392683,0.03460174,0.03538703,0.02392683,0.03460174,"ARIMA(2, 0, 0)",0.03460174,-0.00078529,0.01067491,0.0,2026-W03
adj_close.csv,ARIMA,VNQ,0.02191725,0.05731512,0.02271338,0.02191725,0.05731512,0.02271338,"ARIMA(2, 0, 0)",-0.02271338,-0.00079613,0.03460174,0.0,2026-W04
adj_close.csv,ARIMA,VNQ,0.00070185,0.02558095,0.00286757,0.00070185,0.02558095,0.00286757,"ARIMA(2, 0, 0)",0.00286757,0.00356942,-0.02271338,0.0,2026-W05
adj_close.csv,ARIMA,VNQ,0.00866559,0.01327398,0.01040641,0.00866559,0.01327398,0.01040641,"ARIMA(2, 0, 0)",-0.01040641,-0.00174081,0.00286757,0.0,2026-W06
adj_close.csv,ARIMA,VOO,0.00956034,0.01122676,0.00839906,0.00956034,0.01122676,0.00839906,"ARIMA(1, 0, 0)",-0.00839906,0.00116127,-0.01962583,0.0,2024-W30
adj_close.csv,ARIMA,VOO,0.02152625,0.0126471,0.02104616,0.02152625,0.0126471,0.02104616,"ARIMA(1, 0, 0)",-0.02104616,0.00048009,-0.00839906,0.0,2024-W31
adj_close.csv,ARIMA,VOO,0.00134596,0.02086244,0.00018373,0.00134596,0.02086244,0.00018373,"ARIMA(1, 0, 0)",-0.00018373,0.00116224,-0.02104616,0.0,2024-W32
adj_close.csv,ARIMA,VOO,0.03928369,0.03947751,0.03929378,0.03928369,0.03947751,0.03929378,"ARIMA(1, 0, 0)",0.03929378,1.009e-05,-0.00018373,0.0,2024-W33
adj_close.csv,ARIMA,VOO,0.0162142,0.02524068,0.01405311,0.0162142,0.02524068,0.01405311,"ARIMA(1, 0, 0)",0.01405311,-0.00216109,0.03929378,0.0,2024-W34
adj_close.csv,ARIMA,VOO,0.00334659,0.01138552,0.00266759,0.00334659,0.01138552,0.00266759,"ARIMA(1, 0, 0)",0.00266759,-0.00067901,0.01405311,0.0,2024-W35
adj_close.csv,ARIMA,VOO,0.04205948,0.04485465,0.04218706,0.04205948,0.04485465,0.04218706,"ARIMA(1, 0, 0)",-0.04218706,-0.00012758,0.00266759,0.0,2024-W36
adj_close.csv,ARIMA,VOO,0.03727826,0.08153244,0.03934538,0.03727826,0.08153244,0.03934538,"ARIMA(1, 0, 0)",0.03934538,0.00206712,-0.04218706,0.0,2024-W37
adj_close.csv,ARIMA,VOO,0.01661538,0.02529353,0.01405185,0.01661538,0.02529353,0.01405185,"ARIMA(1, 0, 0)",0.01405185,-0.00256353,0.03934538,0.0,2024-W38
adj_close.csv,ARIMA,VOO,0.0067927,0.0080818,0.00597005,0.0067927,0.0080818,0.00597005,"ARIMA(1, 0, 0)",0.00597005,-0.00082265,0.01405185,0.0,2024-W39
adj_close.csv,ARIMA,VOO,0.00275811,0.0035557,0.00241435,0.00275811,0.0035557,0.00241435,"ARIMA(1, 0, 0)",0.00241435,-0.00034376,0.00597005,0.0,2024-W40
adj_close.csv,ARIMA,VOO,0.01157942,0.00902645,0.0114408,0.01157942,0.00902645,0.0114408,"ARIMA(1, 0, 0)",0.0114408,-0.00013862,0.00241435,0.0,2024-W41
adj_close.csv,ARIMA,VOO,0.00934475,0.00274969,0.00869111,0.00934475,0.00274969,0.00869111,"ARIMA(1, 0, 0)",0.00869111,-0.00065364,0.0114408,0.0,2024-W42
adj_close.csv,ARIMA,VOO,0.00904878,0.01822707,0.00953597,0.00904878,0.01822707,0.00953597,"ARIMA(1, 0, 0)",-0.00953597,-0.00048718,0.00869111,0.0,2024-W43
adj_close.csv,ARIMA,VOO,0.01439038,0.00431232,0.01384828,0.01439038,0.00431232,0.01384828,"ARIMA(1, 0, 0)",-0.01384828,0.00054209,-0.00953597,0.0,2024-W44
adj_close.csv,ARIMA,VOO,0.04577535,0.06039176,0.04654348,0.04577535,0.06039176,0.04654348,"ARIMA(1, 0, 0)",0.04654348,0.00076812,-0.01384828,0.0,2024-W45
adj_close.csv,ARIMA,VOO,0.01816218,0.06758345,0.02103998,0.01816218,0.06758345,0.02103998,"ARIMA(1, 0, 0)",-0.02103998,-0.0028778,0.04654348,0.0,2024-W46
adj_close.csv,ARIMA,VOO,0.01504458,0.0375602,0.01652023,0.01504458,0.0375602,0.01652023,"ARIMA(1, 0, 0)",0.01652023,0.00147564,-0.02103998,0.0,2024-W47
adj_close.csv,ARIMA,VOO,0.01207355,0.00565648,0.01086375,0.01207355,0.00565648,0.01086375,"ARIMA(1, 0, 0)",0.01086375,-0.0012098,0.01652023,0.0,2024-W48
adj_close.csv,ARIMA,VOO,0.01043036,0.00120782,0.00965593,0.01043036,0.00120782,0.00965593,"ARIMA(1, 0, 0)",0.00965593,-0.00077443,0.01086375,0.0,2024-W49
adj_close.csv,ARIMA,VOO,0.00508305,0.01541664,0.00576072,0.00508305,0.01541664,0.00576072,"ARIMA(1, 0, 0)",-0.00576072,-0.00067767,0.00965593,0.0,2024-W50
adj_close.csv,ARIMA,VOO,0.0196145,0.01344673,0.01920745,0.0196145,0.01344673,0.01920745,"ARIMA(1, 0, 0)",-0.01920745,0.00040705,-0.00576072,0.0,2024-W51
adj_close.csv,ARIMA,VOO,0.00559562,0.02613914,0.00693168,0.00559562,0.02613914,0.00693168,"ARIMA(1, 0, 0)",0.00693168,0.00133606,-0.01920745,0.0,2024-W52
adj_close.csv,ARIMA,VOO,0.00442154,0.01184262,0.00491093,0.00442154,0.01184262,0.00491093,"ARIMA(1, 0, 0)",-0.00491093,-0.00048939,0.00693168,0.0,2025-W01
adj_close.csv,ARIMA,VOO,0.01984257,0.01458346,0.01949439,0.01984257,0.01458346,0.01949439,"ARIMA(1, 0, 0)",-0.01949439,0.00034818,-0.00491093,0.0,2025-W02
adj_close.csv,ARIMA,VOO,0.02738241,0.04824052,0.02874613,0.02738241,0.04824052,0.02874613,"ARIMA(1, 0, 0)",0.02874613,0.00136372,-0.01949439,0.0,2025-W03
adj_close.csv,ARIMA,VOO,0.01939058,0.01151463,0.0172315,0.01939058,0.01151463,0.0172315,"ARIMA(1, 0, 0)",0.0172315,-0.00215909,0.02874613,0.0,2025-W04
adj_close.csv,ARIMA,VOO,0.00901064,0.02744437,0.01021287,0.00901064,0.02744437,0.01021287,"ARIMA(1, 0, 0)",-0.01021287,-0.00120223,0.0172315,0.0,2025-W05
adj_close.csv,ARIMA,VOO,0.00277197,0.00816859,0.00204427,0.00277197,0.00816859,0.00204427,"ARIMA(1, 0, 0)",-0.00204427,0.00072769,-0.01021287,0.0,2025-W06
adj_close.csv,ARIMA,VOO,0.01511266,0.01730204,0.01525776,0.01511266,0.01730204,0.01525776,"ARIMA(1, 0, 0)",0.01525776,0.00014511,-0.00204427,0.0,2025-W07
adj_close.csv,ARIMA,VOO,0.01498546,0.03133076,0.01607299,0.01498546,0.03133076,0.01607299,"ARIMA(1, 0, 0)",-0.01607299,-0.00108753,0.01525776,0.0,2025-W08
adj_close.csv,ARIMA,VOO,0.01105257,0.00620105,0.00987194,0.01105257,0.00620105,0.00987194,"ARIMA(1, 0, 0)",-0.00987194,0.00118063,-0.01607299,0.0,2025-W09
adj_close.csv,ARIMA,VOO,0.03197958,0.02139916,0.0312711,0.03197958,0.02139916,0.0312711,"ARIMA(1, 0, 0)",-0.0312711,0.00070848,-0.00987194,0.0,2025-W10
adj_close.csv,ARIMA,VOO,0.02517034,0.00825131,0.02301979,0.02517034,0.00825131,0.02301979,"ARIMA(1, 0, 0)",-0.02301979,0.00215055,-0.0312711,0.0,2025-W11
adj_close.csv,ARIMA,VOO,0.00398373,0.02841628,0.00539649,0.00398373,0.02841628,0.00539649,"ARIMA(1, 0, 0)",0.00539649,0.00141275,-0.02301979,0.0,2025-W12
adj_close.csv,ARIMA,VOO,0.01455383,0.02028613,0.01488965,0.01455383,0.02028613,0.01488965,"ARIMA(1, 0, 0)",-0.01488965,-0.00033582,0.00539649,0.0,2025-W13
adj_close.csv,ARIMA,VOO,0.09376059,0.07793343,0.09282308,0.09376059,0.07793343,0.09282308,"ARIMA(1, 0, 0)",-0.09282308,0.00093751,-0.01488965,0.0,2025-W14
adj_close.csv,ARIMA,VOO,0.04773703,0.14519517,0.05237209,0.04773703,0.14519517,0.05237209,"ARIMA(1, 0, 0)",0.05237209,0.00463506,-0.09282308,0.0,2025-W15
adj_close.csv,ARIMA,VOO,0.00902907,0.06602098,0.01364889,0.00902907,0.06602098,0.01364889,"ARIMA(1, 0, 0)",-0.01364889,-0.00461982,0.05237209,0.0,2025-W16
adj_close.csv,ARIMA,VOO,0.04361734,0.05852468,0.04487579,0.04361734,0.05852468,0.04487579,"ARIMA(1, 0, 0)",0.04487579,0.00125845,-0.01364889,0.0,2025-W17
adj_close.csv,ARIMA,VOO,0.03280205,0.01643645,0.02843934,0.03280205,0.01643645,0.02843934,"ARIMA(1, 0, 0)",0.02843934,-0.00436271,0.04487579,0.0,2025-W18
adj_close.csv,ARIMA,VOO,0.00154606,0.03240338,0.00396404,0.00154606,0.03240338,0.00396404,"ARIMA(1, 0, 0)",-0.00396404,-0.00241798,0.02843934,0.0,2025-W19
adj_close.csv,ARIMA,VOO,0.05152721,0.05582971,0.05186567,0.05152721,0.05582971,0.05186567,"ARIMA(1, 0, 0)",0.05186567,0.00033847,-0.00396404,0.0,2025-W20
adj_close.csv,ARIMA,VOO,0.02118409,0.07756544,0.02569977,0.02118409,0.07756544,0.02569977,"ARIMA(1, 0, 0)",-0.02569977,-0.00451568,0.05186567,0.0,2025-W21
adj_close.csv,ARIMA,VOO,0.01496303,0.04312766,0.01742789,0.01496303,0.04312766,0.01742789,"ARIMA(1, 0, 0)",0.01742789,0.00246486,-0.02569977,0.0,2025-W22
adj_close.csv,ARIMA,VOO,0.01801961,0.00113345,0.01629444,0.01801961,0.00113345,0.01629444,"ARIMA(1, 0, 0)",0.01629444,-0.00172517,0.01742789,0.0,2025-W23
adj_close.csv,ARIMA,VOO,0.00186599,0.01973253,0.00343809,0.00186599,0.01973253,0.00343809,"ARIMA(1, 0, 0)",-0.00343809,-0.0015721,0.01629444,0.0,2025-W24
adj_close.csv,ARIMA,VOO,0.00224796,0.00152267,0.00191542,0.00224796,0.00152267,0.00191542,"ARIMA(1, 0, 0)",-0.00191542,0.00033254,-0.00343809,0.0,2025-W25
adj_close.csv,ARIMA,VOO,0.03432209,0.03642266,0.03450724,0.03432209,0.03642266,0.03450724,"ARIMA(1, 0, 0)",0.03450724,0.00018515,-0.00191542,0.0,2025-W26
adj_close.csv,ARIMA,VOO,0.02091745,0.01694339,0.01756385,0.02091745,0.01694339,0.01756385,"ARIMA(1, 0, 0)",0.01756385,-0.0033536,0.03450724,0.0,2025-W27
adj_close.csv,ARIMA,VOO,0.0018761,0.0210468,0.00348295,0.0018761,0.0210468,0.00348295,"ARIMA(1, 0, 0)",-0.00348295,-0.00160685,0.01756385,0.0,2025-W28
adj_close.csv,ARIMA,VOO,0.00611444,0.00991694,0.00643399,0.00611444,0.00991694,0.00643399,"ARIMA(1, 0, 0)",0.00643399,0.00031955,-0.00348295,0.0,2025-W29
adj_close.csv,ARIMA,VOO,0.01549062,0.00846526,0.01489925,0.01549062,0.00846526,0.01489925,"ARIMA(1, 0, 0)",0.01489925,-0.00059137,0.00643399,0.0,2025-W30
adj_close.csv,ARIMA,VOO,0.02306804,0.03932504,0.02442579,0.02306804,0.03932504,0.02442579,"ARIMA(1, 0, 0)",-0.02442579,-0.00135775,0.01489925,0.0,2025-W31
adj_close.csv,ARIMA,VOO,0.02240715,0.04912482,0.02469903,0.02240715,0.04912482,0.02469903,"ARIMA(1, 0, 0)",0.02469903,0.00229188,-0.02442579,0.0,2025-W32
adj_close.csv,ARIMA,VOO,0.01232722,0.01479507,0.00990396,0.01232722,0.01479507,0.00990396,"ARIMA(1, 0, 0)",0.00990396,-0.00242326,0.02469903,0.0,2025-W33
adj_close.csv,ARIMA,VOO,0.00371671,0.00713546,0.0027685,0.00371671,0.00713546,0.0027685,"ARIMA(1, 0, 0)",0.0027685,-0.00094822,0.00990396,0.0,2025-W34
adj_close.csv,ARIMA,VOO,4.508e-05,0.00298768,0.00021919,4.508e-05,0.00298768,0.00021919,"ARIMA(1, 0, 0)",-0.00021919,-0.00026427,0.0027685,0.0,2025-W35
adj_close.csv,ARIMA,VOO,0.00314402,0.00338413,0.00316494,0.00314402,0.00338413,0.00316494,"ARIMA(1, 0, 0)",0.00316494,2.092e-05,-0.00021919,0.0,2025-W36
adj_close.csv,ARIMA,VOO,0.01611032,0.01264326,0.0158082,0.01611032,0.01264326,0.0158082,"ARIMA(1, 0, 0)",0.0158082,-0.00030212,0.00316494,0.0,2025-W37
adj_close.csv,ARIMA,VOO,0.01357308,0.00373789,0.01207031,0.01357308,0.00373789,0.01207031,"ARIMA(1, 0, 0)",0.01207031,-0.00150277,0.0158082,0.0,2025-W38
adj_close.csv,ARIMA,VOO,0.00152422,0.01472186,0.00265155,0.00152422,0.01472186,0.00265155,"ARIMA(1, 0, 0)",-0.00265155,-0.00112733,0.01207031,0.0,2025-W39
adj_close.csv,ARIMA,VOO,0.01099651,0.01389609,0.01124454,0.01099651,0.01389609,0.01124454,"ARIMA(1, 0, 0)",0.01124454,0.00024802,-0.00265155,0.0,2025-W40
adj_close.csv,ARIMA,VOO,0.02327626,0.03557515,0.02433061,0.02327626,0.03557515,0.02433061,"ARIMA(1, 0, 0)",-0.02433061,-0.00105435,0.01124454,0.0,2025-W41
adj_close.csv,ARIMA,VOO,0.01459408,0.04125539,0.01692478,0.01459408,0.04125539,0.01692478,"ARIMA(1, 0, 0)",0.01692478,0.0023307,-0.02433061,0.0,2025-W42
adj_close.csv,ARIMA,VOO,0.02078746,0.00219506,0.01911984,0.02078746,0.00219506,0.01911984,"ARIMA(1, 0, 0)",0.01911984,-0.00166762,0.01692478,0.0,2025-W43
adj_close.csv,ARIMA,VOO,0.00901848,0.01193351,0.00718633,0.00901848,0.01193351,0.00718633,"ARIMA(1, 0, 0)",0.00718633,-0.00183214,0.01911984,0.0,2025-W44
adj_close.csv,ARIMA,VOO,0.01564046,0.02350591,0.01631958,0.01564046,0.02350591,0.01631958,"ARIMA(1, 0, 0)",-0.01631958,-0.00067912,0.00718633,0.0,2025-W45
adj_close.csv,ARIMA,VOO,3.362e-05,0.01784224,0.00152266,3.362e-05,0.01784224,0.00152266,"ARIMA(1, 0, 0)",0.00152266,0.00155629,-0.01631958,0.0,2025-W46
adj_close.csv,ARIMA,VOO,0.01930373,0.02097159,0.01944893,0.01930373,0.02097159,0.01944893,"ARIMA(1, 0, 0)",-0.01944893,-0.0001452,0.00152266,0.0,2025-W47
adj_close.csv,ARIMA,VOO,0.03456935,0.05587729,0.03642836,0.03456935,0.05587729,0.03642836,"ARIMA(1, 0, 0)",0.03642836,0.00185901,-0.01944893,0.0,2025-W48
adj_close.csv,ARIMA,VOO,0.00695748,0.03313976,0.0032886,0.00695748,0.03313976,0.0032886,"ARIMA(1, 0, 0)",0.0032886,-0.00366888,0.03642836,0.0,2025-W49
adj_close.csv,ARIMA,VOO,0.00541731,0.00903082,0.00574222,0.00541731,0.00903082,0.00574222,"ARIMA(1, 0, 0)",-0.00574222,-0.00032491,0.0032886,0.0,2025-W50
adj_close.csv,ARIMA,VOO,0.00053199,0.00684232,0.0011001,0.00053199,0.00684232,0.0011001,"ARIMA(1, 0, 0)",0.0011001,0.0005681,-0.00574222,0.0,2025-W51
adj_close.csv,ARIMA,VOO,0.01446865,0.01325969,0.01435979,0.01446865,0.01325969,0.01435979,"ARIMA(1, 0, 0)",0.01435979,-0.00010886,0.0011001,0.0,2025-W52
adj_close.csv,ARIMA,VOO,0.00893601,0.02471509,0.0103553,0.00893601,0.02471509,0.0103553,"ARIMA(1, 0, 0)",-0.0103553,-0.00141929,0.01435979,0.0,2026-W01
adj_close.csv,ARIMA,VOO,0.0147728,0.02616162,0.01580631,0.0147728,0.02616162,0.01580631,"ARIMA(1, 0, 0)",0.01580631,0.00103351,-0.0103553,0.0,2026-W02
adj_close.csv,ARIMA,VOO,0.00188818,0.01929026,0.00348395,0.00188818,0.01929026,0.00348395,"ARIMA(1, 0, 0)",-0.00348395,-0.00159577,0.01580631,0.0,2026-W03
adj_close.csv,ARIMA,VOO,0.00391181,7.535e-05,0.0035593,0.00391181,7.535e-05,0.0035593,"ARIMA(1, 0, 0)",-0.0035593,0.00035251,-0.00348395,0.0,2026-W04
adj_close.csv,ARIMA,VOO,0.00340379,0.00732286,0.00376356,0.00340379,0.00732286,0.00376356,"ARIMA(1, 0, 0)",0.00376356,0.00035977,-0.0035593,0.0,2026-W05
adj_close.csv,ARIMA,VOO,0.00580443,0.00166011,0.00542367,0.00580443,0.00166011,0.00542367,"ARIMA(1, 0, 0)",0.00542367,-0.00038076,0.00376356,0.0,2026-W06
adj_close.csv,ARIMA,VTI,0.00613716,0.01168833,0.0050671,0.00613716,0.01168833,0.0050671,"ARIMA(1, 0, 0)",-0.0050671,0.00107006,-0.01675543,0.0,2024-W30
adj_close.csv,ARIMA,VTI,0.02581759,0.02043215,0.02549925,0.02581759,0.02043215,0.02549925,"ARIMA(1, 0, 0)",-0.02549925,0.00031834,-0.0050671,0.0,2024-W31
adj_close.csv,ARIMA,VTI,0.00149211,0.02557539,7.614e-05,0.00149211,0.02557539,7.614e-05,"ARIMA(1, 0, 0)",7.614e-05,0.00156825,-0.02549925,0.0,2024-W32
adj_close.csv,ARIMA,VTI,0.03824896,0.03816817,0.03824431,0.03824896,0.03816817,0.03824431,"ARIMA(1, 0, 0)",0.03824431,-4.65e-06,7.614e-05,0.0,2024-W33
adj_close.csv,ARIMA,VTI,0.01838736,0.02219333,0.01605098,0.01838736,0.02219333,0.01605098,"ARIMA(1, 0, 0)",0.01605098,-0.00233637,0.03824431,0.0,2024-W34
adj_close.csv,ARIMA,VTI,0.00371065,0.01320922,0.00284176,0.00371065,0.01320922,0.00284176,"ARIMA(1, 0, 0)",0.00284176,-0.00086889,0.01605098,0.0,2024-W35
adj_close.csv,ARIMA,VTI,0.04368567,0.04667959,0.04383783,0.04368567,0.04667959,0.04383783,"ARIMA(1, 0, 0)",-0.04383783,-0.00015216,0.00284176,0.0,2024-W36
adj_close.csv,ARIMA,VTI,0.03726114,0.08349998,0.03966215,0.03726114,0.08349998,0.03966215,"ARIMA(1, 0, 0)",0.03966215,0.00240101,-0.04383783,0.0,2024-W37
adj_close.csv,ARIMA,VTI,0.01797882,0.02448307,0.01517908,0.01797882,0.02448307,0.01517908,"ARIMA(1, 0, 0)",0.01517908,-0.00279974,0.03966215,0.0,2024-W38
adj_close.csv,ARIMA,VTI,0.00614242,0.0100049,0.00517418,0.00614242,0.0100049,0.00517418,"ARIMA(1, 0, 0)",0.00517418,-0.00096823,0.01517908,0.0,2024-W39
adj_close.csv,ARIMA,VTI,0.00280429,0.00269535,0.00247883,0.00280429,0.00269535,0.00247883,"ARIMA(1, 0, 0)",0.00247883,-0.00032546,0.00517418,0.0,2024-W40
adj_close.csv,ARIMA,VTI,0.01196862,0.00933421,0.01181305,0.01196862,0.00933421,0.01181305,"ARIMA(1, 0, 0)",0.01181305,-0.00015558,0.00247883,0.0,2024-W41
adj_close.csv,ARIMA,VTI,0.01040807,0.00214306,0.00966999,0.01040807,0.00214306,0.00966999,"ARIMA(1, 0, 0)",0.00966999,-0.00073807,0.01181305,0.0,2024-W42
adj_close.csv,ARIMA,VTI,0.0110712,0.02133407,0.01166408,0.0110712,0.02133407,0.01166408,"ARIMA(1, 0, 0)",-0.01166408,-0.00059288,0.00966999,0.0,2024-W43
adj_close.csv,ARIMA,VTI,0.01238674,4.33e-06,0.01165975,0.01238674,4.33e-06,0.01165975,"ARIMA(1, 0, 0)",-0.01165975,0.00072699,-0.01166408,0.0,2024-W44
adj_close.csv,ARIMA,VTI,0.04932206,0.06169257,0.05003281,0.04932206,0.06169257,0.05003281,"ARIMA(1, 0, 0)",0.05003281,0.00071075,-0.01165975,0.0,2024-W45
adj_close.csv,ARIMA,VTI,0.0184834,0.07183858,0.02180576,0.0184834,0.07183858,0.02180576,"ARIMA(1, 0, 0)",-0.02180576,-0.00332236,0.05003281,0.0,2024-W46
adj_close.csv,ARIMA,VTI,0.01949714,0.04293743,0.02113166,0.01949714,0.04293743,0.02113166,"ARIMA(1, 0, 0)",0.02113166,0.00163453,-0.02180576,0.0,2024-W47
adj_close.csv,ARIMA,VTI,0.01290139,0.00989702,0.01123464,0.01290139,0.00989702,0.01123464,"ARIMA(1, 0, 0)",0.01123464,-0.00166674,0.02113166,0.0,2024-W48
adj_close.csv,ARIMA,VTI,0.00945844,0.00263423,0.00860042,0.00945844,0.00263423,0.00860042,"ARIMA(1, 0, 0)",0.00860042,-0.00085803,0.01123464,0.0,2024-W49
adj_close.csv,ARIMA,VTI,0.00771851,0.0169674,0.00836698,0.00771851,0.0169674,0.00836698,"ARIMA(1, 0, 0)",-0.00836698,-0.00064847,0.00860042,0.0,2024-W50
adj_close.csv,ARIMA,VTI,0.02305732,0.01405438,0.02242136,0.02305732,0.01405438,0.02242136,"ARIMA(1, 0, 0)",-0.02242136,0.00063596,-0.00836698,0.0,2024-W51
adj_close.csv,ARIMA,VTI,0.00423909,0.02832507,0.00590371,0.00423909,0.02832507,0.00590371,"ARIMA(1, 0, 0)",0.00590371,0.00166462,-0.02242136,0.0,2024-W52
adj_close.csv,ARIMA,VTI,0.0029971,0.00934422,0.00344051,0.0029971,0.00934422,0.00344051,"ARIMA(1, 0, 0)",-0.00344051,-0.00044342,0.00590371,0.0,2025-W01
adj_close.csv,ARIMA,VTI,0.02010941,0.01640994,0.01985045,0.02010941,0.01640994,0.01985045,"ARIMA(1, 0, 0)",-0.01985045,0.00025897,-0.00344051,0.0,2025-W02
adj_close.csv,ARIMA,VTI,0.02902649,0.05035857,0.03050812,0.02902649,0.05035857,0.03050812,"ARIMA(1, 0, 0)",0.03050812,0.00148163,-0.01985045,0.0,2025-W03
adj_close.csv,ARIMA,VTI,0.01950807,0.01343663,0.01707149,0.01950807,0.01343663,0.01707149,"ARIMA(1, 0, 0)",0.01707149,-0.00243657,0.03050812,0.0,2025-W04
adj_close.csv,ARIMA,VTI,0.00772955,0.02607309,0.0090016,0.00772955,0.02607309,0.0090016,"ARIMA(1, 0, 0)",-0.0090016,-0.00127204,0.01707149,0.0,2025-W05
adj_close.csv,ARIMA,VTI,0.00269272,0.00699027,0.00201133,0.00269272,0.00699027,0.00201133,"ARIMA(1, 0, 0)",-0.00201133,0.00068139,-0.0090016,0.0,2025-W06
adj_close.csv,ARIMA,VTI,0.0126517,0.01481484,0.01280352,0.0126517,0.01481484,0.01280352,"ARIMA(1, 0, 0)",0.01280352,0.00015181,-0.00201133,0.0,2025-W07
adj_close.csv,ARIMA,VTI,0.01883859,0.03261142,0.01980791,0.01883859,0.03261142,0.01980791,"ARIMA(1, 0, 0)",-0.01980791,-0.00096932,0.01280352,0.0,2025-W08
adj_close.csv,ARIMA,VTI,0.01159548,0.0097548,0.01005311,0.01159548,0.0097548,0.01005311,"ARIMA(1, 0, 0)",-0.01005311,0.00154237,-0.01980791,0.0,2025-W09
adj_close.csv,ARIMA,VTI,0.03415073,0.02333541,0.03338852,0.03415073,0.02333541,0.03338852,"ARIMA(1, 0, 0)",-0.03338852,0.0007622,-0.01005311,0.0,2025-W10
adj_close.csv,ARIMA,VTI,0.0250954,0.01072239,0.02266613,0.0250954,0.01072239,0.02266613,"ARIMA(1, 0, 0)",-0.02266613,0.00242927,-0.03338852,0.0,2025-W11
adj_close.csv,ARIMA,VTI,0.00521112,0.02935878,0.00669266,0.00521112,0.02935878,0.00669266,"ARIMA(1, 0, 0)",0.00669266,0.00148153,-0.02266613,0.0,2025-W12
adj_close.csv,ARIMA,VTI,0.01567455,0.0228116,0.01611895,0.01567455,0.0228116,0.01611895,"ARIMA(1, 0, 0)",-0.01611895,-0.0004444,0.00669266,0.0,2025-W13
adj_close.csv,ARIMA,VTI,0.09680866,0.07960455,0.0957235,0.09680866,0.07960455,0.0957235,"ARIMA(1, 0, 0)",-0.0957235,0.00108516,-0.01611895,0.0,2025-W14
adj_close.csv,ARIMA,VTI,0.04689392,0.14775298,0.05202949,0.04689392,0.14775298,0.05202949,"ARIMA(1, 0, 0)",0.05202949,0.00513557,-0.0957235,0.0,2025-W15
adj_close.csv,ARIMA,VTI,0.00680355,0.06351866,0.01148917,0.00680355,0.06351866,0.01148917,"ARIMA(1, 0, 0)",-0.01148917,-0.00468562,0.05202949,0.0,2025-W16
adj_close.csv,ARIMA,VTI,0.0438603,0.05641643,0.04492726,0.0438603,0.05641643,0.04492726,"ARIMA(1, 0, 0)",0.04492726,0.00106696,-0.01148917,0.0,2025-W17
adj_close.csv,ARIMA,VTI,0.03405653,0.01522245,0.02970481,0.03405653,0.01522245,0.02970481,"ARIMA(1, 0, 0)",0.02970481,-0.00435172,0.04492726,0.0,2025-W18
adj_close.csv,ARIMA,VTI,0.00045868,0.03268608,0.00298127,0.00045868,0.03268608,0.00298127,"ARIMA(1, 0, 0)",-0.00298127,-0.0025226,0.02970481,0.0,2025-W19
adj_close.csv,ARIMA,VTI,0.05097145,0.05420621,0.05122494,0.05097145,0.05420621,0.05122494,"ARIMA(1, 0, 0)",0.05122494,0.00025349,-0.00298127,0.0,2025-W20
adj_close.csv,ARIMA,VTI,0.02169271,0.07733351,0.02610857,0.02169271,0.07733351,0.02610857,"ARIMA(1, 0, 0)",-0.02610857,-0.00441586,0.05122494,0.0,2025-W21
adj_close.csv,ARIMA,VTI,0.01436644,0.04294605,0.01683748,0.01436644,0.04294605,0.01683748,"ARIMA(1, 0, 0)",0.01683748,0.00247104,-0.02610857,0.0,2025-W22
adj_close.csv,ARIMA,VTI,0.0195563,0.00107752,0.017915,0.0195563,0.00107752,0.017915,"ARIMA(1, 0, 0)",0.017915,-0.0016413,0.01683748,0.0,2025-W23
adj_close.csv,ARIMA,VTI,0.00356405,0.02318091,0.00526591,0.00356405,0.02318091,0.00526591,"ARIMA(1, 0, 0)",-0.00526591,-0.00170186,0.017915,0.0,2025-W24
adj_close.csv,ARIMA,VTI,0.00097997,0.00478871,0.0004772,0.00097997,0.00478871,0.0004772,"ARIMA(1, 0, 0)",-0.0004772,0.00050277,-0.00526591,0.0,2025-W25
adj_close.csv,ARIMA,VTI,0.03307083,0.03359357,0.03311637,0.03307083,0.03359357,0.03311637,"ARIMA(1, 0, 0)",0.03311637,4.554e-05,-0.0004772,0.0,2025-W26
adj_close.csv,ARIMA,VTI,0.02162095,0.01465989,0.01845648,0.02162095,0.01465989,0.01845648,"ARIMA(1, 0, 0)",0.01845648,-0.00316447,0.03311637,0.0,2025-W27
adj_close.csv,ARIMA,VTI,0.00161926,0.02174081,0.00328433,0.00161926,0.02174081,0.00328433,"ARIMA(1, 0, 0)",-0.00328433,-0.00166507,0.01845648,0.0,2025-W28
adj_close.csv,ARIMA,VTI,0.00642263,0.01000399,0.00671966,0.00642263,0.01000399,0.00671966,"ARIMA(1, 0, 0)",0.00671966,0.00029703,-0.00328433,0.0,2025-W29
adj_close.csv,ARIMA,VTI,0.01538153,0.0080531,0.01477276,0.01538153,0.0080531,0.01477276,"ARIMA(1, 0, 0)",0.01477276,-0.00060877,0.00671966,0.0,2025-W30
adj_close.csv,ARIMA,VTI,0.02434332,0.04044307,0.0256703,0.02434332,0.04044307,0.0256703,"ARIMA(1, 0, 0)",-0.0256703,-0.00132699,0.01477276,0.0,2025-W31
adj_close.csv,ARIMA,VTI,0.02118968,0.0492344,0.02356409,0.02118968,0.0492344,0.02356409,"ARIMA(1, 0, 0)",0.02356409,0.00237442,-0.0256703,0.0,2025-W32
adj_close.csv,ARIMA,VTI,0.01320376,0.01263463,0.01092947,0.01320376,0.01263463,0.01092947,"ARIMA(1, 0, 0)",0.01092947,-0.00227429,0.02356409,0.0,2025-W33
adj_close.csv,ARIMA,VTI,0.00641856,0.00554074,0.00538872,0.00641856,0.00554074,0.00538872,"ARIMA(1, 0, 0)",0.00538872,-0.00102984,0.01092947,0.0,2025-W34
adj_close.csv,ARIMA,VTI,0.00056786,0.00532584,6.288e-05,0.00056786,0.00532584,6.288e-05,"ARIMA(1, 0, 0)",6.288e-05,-0.00050498,0.00538872,0.0,2025-W35
adj_close.csv,ARIMA,VTI,0.00423949,0.00417072,0.0042336,0.00423949,0.00417072,0.0042336,"ARIMA(1, 0, 0)",0.0042336,-5.89e-06,6.288e-05,0.0,2025-W36
adj_close.csv,ARIMA,VTI,0.01518269,0.01055246,0.01478606,0.01518269,0.01055246,0.01478606,"ARIMA(1, 0, 0)",0.01478606,-0.00039663,0.0042336,0.0,2025-W37
adj_close.csv,ARIMA,VTI,0.01403259,0.00213173,0.01265433,0.01403259,0.00213173,0.01265433,"ARIMA(1, 0, 0)",0.01265433,-0.00137826,0.01478606,0.0,2025-W38
adj_close.csv,ARIMA,VTI,0.00268333,0.01649795,0.00384362,0.00268333,0.01649795,0.00384362,"ARIMA(1, 0, 0)",-0.00384362,-0.00116029,0.01265433,0.0,2025-W39
adj_close.csv,ARIMA,VTI,0.01091384,0.01511085,0.01126723,0.01091384,0.01511085,0.01126723,"ARIMA(1, 0, 0)",0.01126723,0.00035338,-0.00384362,0.0,2025-W40
adj_close.csv,ARIMA,VTI,0.0240322,0.0363388,0.02507157,0.0240322,0.0363388,0.02507157,"ARIMA(1, 0, 0)",-0.02507157,-0.00103937,0.01126723,0.0,2025-W41
adj_close.csv,ARIMA,VTI,0.01458453,0.04201859,0.01694702,0.01458453,0.04201859,0.01694702,"ARIMA(1, 0, 0)",0.01694702,0.00236249,-0.02507157,0.0,2025-W42
adj_close.csv,ARIMA,VTI,0.02103726,0.00244817,0.01939519,0.02103726,0.00244817,0.01939519,"ARIMA(1, 0, 0)",0.01939519,-0.00164207,0.01694702,0.0,2025-W43
adj_close.csv,ARIMA,VTI,0.00694014,0.01428405,0.00511114,0.00694014,0.01428405,0.00511114,"ARIMA(1, 0, 0)",0.00511114,-0.001829,0.01939519,0.0,2025-W44
adj_close.csv,ARIMA,VTI,0.01554119,0.02112933,0.01601819,0.01554119,0.02112933,0.01601819,"ARIMA(1, 0, 0)",-0.01601819,-0.000477,0.00511114,0.0,2025-W45
adj_close.csv,ARIMA,VTI,0.00220122,0.0153211,0.00069709,0.00220122,0.0153211,0.00069709,"ARIMA(1, 0, 0)",-0.00069709,0.00150413,-0.01601819,0.0,2025-W46
adj_close.csv,ARIMA,VTI,0.01860752,0.01784516,0.01854224,0.01860752,0.01784516,0.01854224,"ARIMA(1, 0, 0)",-0.01854224,6.528e-05,-0.00069709,0.0,2025-W47
adj_close.csv,ARIMA,VTI,0.03617272,0.05644963,0.03790739,0.03617272,0.05644963,0.03790739,"ARIMA(1, 0, 0)",0.03790739,0.00173467,-0.01854224,0.0,2025-W48
adj_close.csv,ARIMA,VTI,0.00743979,0.03419748,0.00370991,0.00743979,0.03419748,0.00370991,"ARIMA(1, 0, 0)",0.00370991,-0.00372988,0.03790739,0.0,2025-W49
adj_close.csv,ARIMA,VTI,0.00430438,0.00837185,0.00466194,0.00430438,0.00837185,0.00466194,"ARIMA(1, 0, 0)",-0.00466194,-0.00035756,0.00370991,0.0,2025-W50
adj_close.csv,ARIMA,VTI,0.00023452,0.00534631,0.00068437,0.00023452,0.00534631,0.00068437,"ARIMA(1, 0, 0)",0.00068437,0.00044985,-0.00466194,0.0,2025-W51
adj_close.csv,ARIMA,VTI,0.01310741,0.01235699,0.01304137,0.01310741,0.01235699,0.01304137,"ARIMA(1, 0, 0)",0.01304137,-6.604e-05,0.00068437,0.0,2025-W52
adj_close.csv,ARIMA,VTI,0.00868358,0.02298262,0.00994125,0.00868358,0.02298262,0.00994125,"ARIMA(1, 0, 0)",-0.00994125,-0.00125767,0.01304137,0.0,2026-W01
adj_close.csv,ARIMA,VTI,0.01697954,0.02788753,0.01794628,0.01697954,0.02788753,0.01794628,"ARIMA(1, 0, 0)",0.01794628,0.00096674,-0.00994125,0.0,2026-W02
adj_close.csv,ARIMA,VTI,0.00015923,0.01955384,0.00160756,0.00015923,0.01955384,0.00160756,"ARIMA(1, 0, 0)",-0.00160756,-0.00176679,0.01794628,0.0,2026-W03
adj_close.csv,ARIMA,VTI,0.00393898,0.00217318,0.00378075,0.00393898,0.00217318,0.00378075,"ARIMA(1, 0, 0)",-0.00378075,0.00015823,-0.00160756,0.0,2026-W04
adj_close.csv,ARIMA,VTI,0.00034257,0.00381014,2.939e-05,0.00034257,0.00381014,2.939e-05,"ARIMA(1, 0, 0)",2.939e-05,0.00037196,-0.00378075,0.0,2026-W05
adj_close.csv,ARIMA,VTI,0.00559548,0.0055632,0.00559259,0.00559548,0.0055632,0.00559259,"ARIMA(1, 0, 0)",0.00559259,-2.89e-06,2.939e-05,0.0,2026-W06
adj_close.csv,ARIMA,VTV,0.01112948,0.00640955,0.01108511,0.01112948,0.00640955,0.01108511,"ARIMA(0, 0, 1)",0.01108511,-4.437e-05,0.00467556,0.0,2024-W30
adj_close.csv,ARIMA,VTV,0.01951107,0.03068774,0.01960263,0.01951107,0.03068774,0.01960263,"ARIMA(0, 0, 1)",-0.01960263,-9.156e-05,0.01108511,0.0,2024-W31
adj_close.csv,ARIMA,VTV,0.00206617,0.01776792,0.00183471,0.00206617,0.01776792,0.00183471,"ARIMA(0, 0, 1)",-0.00183471,0.00023147,-0.01960263,0.0,2024-W32
adj_close.csv,ARIMA,VTV,0.02607641,0.02793436,0.02609966,0.02607641,0.02793436,0.02609966,"ARIMA(0, 0, 1)",0.02609966,2.325e-05,-0.00183471,0.0,2024-W33
adj_close.csv,ARIMA,VTV,0.0169283,0.00948152,0.01661814,0.0169283,0.00948152,0.01661814,"ARIMA(0, 0, 1)",0.01661814,-0.00031017,0.02609966,0.0,2024-W34
adj_close.csv,ARIMA,VTV,0.01378417,0.00292923,0.01368891,0.01378417,0.00292923,0.01368891,"ARIMA(0, 0, 1)",0.01368891,-9.525e-05,0.01661814,0.0,2024-W35
adj_close.csv,ARIMA,VTV,0.03188808,0.04560754,0.03191863,0.03188808,0.04560754,0.03191863,"ARIMA(0, 0, 1)",-0.03191863,-3.054e-05,0.01368891,0.0,2024-W36
adj_close.csv,ARIMA,VTV,0.02336589,0.05558798,0.02366936,0.02336589,0.05558798,0.02366936,"ARIMA(0, 0, 1)",0.02366936,0.00030346,-0.03191863,0.0,2024-W37
adj_close.csv,ARIMA,VTV,0.01355555,0.01057222,0.01309713,0.01355555,0.01057222,0.01309713,"ARIMA(0, 0, 1)",0.01309713,-0.00045842,0.02366936,0.0,2024-W38
adj_close.csv,ARIMA,VTV,0.00698875,0.00631444,0.00678269,0.00698875,0.00631444,0.00678269,"ARIMA(0, 0, 1)",0.00678269,-0.00020606,0.01309713,0.0,2024-W39
adj_close.csv,ARIMA,VTV,0.0039427,0.00293843,0.00384426,0.0039427,0.00293843,0.00384426,"ARIMA(0, 0, 1)",0.00384426,-9.844e-05,0.00678269,0.0,2024-W40
adj_close.csv,ARIMA,VTV,0.00968525,0.00578735,0.00963161,0.00968525,0.00578735,0.00963161,"ARIMA(0, 0, 1)",0.00963161,-5.365e-05,0.00384426,0.0,2024-W41
adj_close.csv,ARIMA,VTV,0.00865335,0.00110357,0.00852804,0.00865335,0.00110357,0.00852804,"ARIMA(0, 0, 1)",0.00852804,-0.00012532,0.00963161,0.0,2024-W42
adj_close.csv,ARIMA,VTV,0.0237443,0.03237329,0.02384525,0.0237443,0.03237329,0.02384525,"ARIMA(0, 0, 1)",-0.02384525,-0.00010095,0.00852804,0.0,2024-W43
adj_close.csv,ARIMA,VTV,0.0086196,0.01557523,0.00827002,0.0086196,0.01557523,0.00827002,"ARIMA(0, 0, 1)",-0.00827002,0.00034958,-0.02384525,0.0,2024-W44
adj_close.csv,ARIMA,VTV,0.03711768,0.04548976,0.03721974,0.03711768,0.04548976,0.03721974,"ARIMA(0, 0, 1)",0.03721974,0.00010206,-0.00827002,0.0,2024-W45
adj_close.csv,ARIMA,VTV,0.01399287,0.05181692,0.01459718,0.01399287,0.05181692,0.01459718,"ARIMA(0, 0, 1)",-0.01459718,-0.00060431,0.03721974,0.0,2024-W46
adj_close.csv,ARIMA,VTV,0.02180214,0.03671935,0.02212216,0.02180214,0.03671935,0.02212216,"ARIMA(0, 0, 1)",0.02212216,0.00032002,-0.01459718,0.0,2024-W47
adj_close.csv,ARIMA,VTV,0.01049103,0.01223132,0.00989084,0.01049103,0.01223132,0.00989084,"ARIMA(0, 0, 1)",0.00989084,-0.00060019,0.02212216,0.0,2024-W48
adj_close.csv,ARIMA,VTV,0.01957342,0.02971531,0.01982447,0.01957342,0.02971531,0.01982447,"ARIMA(0, 0, 1)",-0.01982447,-0.00025105,0.00989084,0.0,2024-W49
adj_close.csv,ARIMA,VTV,0.01886016,0.00148549,0.01833897,0.01886016,0.00148549,0.01833897,"ARIMA(0, 0, 1)",-0.01833897,0.00052119,-0.01982447,0.0,2024-W50
adj_close.csv,ARIMA,VTV,0.02803846,0.00928681,0.02762578,0.02803846,0.00928681,0.02762578,"ARIMA(0, 0, 1)",-0.02762578,0.00041268,-0.01833897,0.0,2024-W51
adj_close.csv,ARIMA,VTV,0.0075832,0.0356263,0.00800052,0.0075832,0.0356263,0.00800052,"ARIMA(0, 0, 1)",0.00800052,0.00041732,-0.02762578,0.0,2024-W52
adj_close.csv,ARIMA,VTV,0.00168349,0.00981852,0.001818,0.00168349,0.00981852,0.001818,"ARIMA(0, 0, 1)",-0.001818,-0.00013451,0.00800052,0.0,2025-W01
adj_close.csv,ARIMA,VTV,0.01558879,0.01374037,0.01555837,0.01558879,0.01374037,0.01555837,"ARIMA(0, 0, 1)",-0.01555837,3.042e-05,-0.001818,0.0,2025-W02
adj_close.csv,ARIMA,VTV,0.04032964,0.05615851,0.04060014,0.04032964,0.05615851,0.04060014,"ARIMA(0, 0, 1)",0.04060014,0.0002705,-0.01555837,0.0,2025-W03
adj_close.csv,ARIMA,VTV,0.01563384,0.02599469,0.01460545,0.01563384,0.02599469,0.01460545,"ARIMA(0, 0, 1)",0.01460545,-0.00102839,0.04060014,0.0,2025-W04
adj_close.csv,ARIMA,VTV,0.00284319,0.01771325,0.0031078,0.00284319,0.01771325,0.0031078,"ARIMA(0, 0, 1)",-0.0031078,-0.00026461,0.01460545,0.0,2025-W05
adj_close.csv,ARIMA,VTV,0.00288412,0.00027412,0.00283368,0.00288412,0.00027412,0.00283368,"ARIMA(0, 0, 1)",-0.00283368,5.044e-05,-0.0031078,0.0,2025-W06
adj_close.csv,ARIMA,VTV,0.00656697,0.00945197,0.00661829,0.00656697,0.00945197,0.00661829,"ARIMA(0, 0, 1)",0.00661829,5.132e-05,-0.00283368,0.0,2025-W07
adj_close.csv,ARIMA,VTV,0.0057062,0.01244239,0.0058241,0.0057062,0.01244239,0.0058241,"ARIMA(0, 0, 1)",-0.0058241,-0.0001179,0.00661829,0.0,2025-W08
adj_close.csv,ARIMA,VTV,0.0099947,0.01592395,0.01009985,0.0099947,0.01592395,0.01009985,"ARIMA(0, 0, 1)",0.01009985,0.00010515,-0.0058241,0.0,2025-W09
adj_close.csv,ARIMA,VTV,0.02068343,0.03097531,0.02087546,0.02068343,0.03097531,0.02087546,"ARIMA(0, 0, 1)",-0.02087546,-0.00019203,0.01009985,0.0,2025-W10
adj_close.csv,ARIMA,VTV,0.01867781,0.00265369,0.01822177,0.01867781,0.00265369,0.01822177,"ARIMA(0, 0, 1)",-0.01822177,0.00045604,-0.02087546,0.0,2025-W11
adj_close.csv,ARIMA,VTV,0.00660877,0.02514462,0.00692284,0.00660877,0.02514462,0.00692284,"ARIMA(0, 0, 1)",0.00692284,0.00031408,-0.01822177,0.0,2025-W12
adj_close.csv,ARIMA,VTV,0.0037182,0.01076237,0.00383953,0.0037182,0.01076237,0.00383953,"ARIMA(0, 0, 1)",-0.00383953,-0.00012133,0.00692284,0.0,2025-W13
adj_close.csv,ARIMA,VTV,0.08487489,0.08096586,0.08480539,0.08487489,0.08096586,0.08480539,"ARIMA(0, 0, 1)",-0.08480539,6.95e-05,-0.00383953,0.0,2025-W14
adj_close.csv,ARIMA,VTV,0.02958097,0.11548833,0.03068293,0.02958097,0.11548833,0.03068293,"ARIMA(0, 0, 1)",0.03068293,0.00110196,-0.08480539,0.0,2025-W15
adj_close.csv,ARIMA,VTV,0.00073114,0.03111567,0.00043274,0.00073114,0.03111567,0.00043274,"ARIMA(0, 0, 1)",-0.00043274,-0.00116387,0.03068293,0.0,2025-W16
adj_close.csv,ARIMA,VTV,0.01834707,0.01874825,0.01831551,0.01834707,0.01874825,0.01831551,"ARIMA(0, 0, 1)",0.01831551,-3.156e-05,-0.00043274,0.0,2025-W17
adj_close.csv,ARIMA,VTV,0.02361525,0.00448767,0.02280318,0.02361525,0.00448767,0.02280318,"ARIMA(0, 0, 1)",0.02280318,-0.00081207,0.01831551,0.0,2025-W18
adj_close.csv,ARIMA,VTV,0.0021836,0.02589303,0.00308985,0.0021836,0.02589303,0.00308985,"ARIMA(0, 0, 1)",-0.00308985,-0.00090624,0.02280318,0.0,2025-W19
adj_close.csv,ARIMA,VTV,0.02964198,0.03281672,0.02972687,0.02964198,0.03281672,0.02972687,"ARIMA(0, 0, 1)",0.02972687,8.489e-05,-0.00308985,0.0,2025-W20
adj_close.csv,ARIMA,VTV,0.02256066,0.05346098,0.02373411,0.02256066,0.05346098,0.02373411,"ARIMA(0, 0, 1)",-0.02373411,-0.00117345,0.02972687,0.0,2025-W21
adj_close.csv,ARIMA,VTV,0.01274271,0.03754044,0.01380633,0.01274271,0.03754044,0.01380633,"ARIMA(0, 0, 1)",0.01380633,0.00106361,-0.02373411,0.0,2025-W22
adj_close.csv,ARIMA,VTV,0.01011169,0.00434088,0.00946544,0.01011169,0.00434088,0.00946544,"ARIMA(0, 0, 1)",0.00946544,-0.00064624,0.01380633,0.0,2025-W23
adj_close.csv,ARIMA,VTV,0.00257628,0.00738686,0.00207859,0.00257628,0.00738686,0.00207859,"ARIMA(0, 0, 1)",0.00207859,-0.0004977,0.00946544,0.0,2025-W24
adj_close.csv,ARIMA,VTV,0.0001045,0.00230936,0.00023077,0.0001045,0.00230936,0.00023077,"ARIMA(0, 0, 1)",-0.00023077,-0.00012627,0.00207859,0.0,2025-W25
adj_close.csv,ARIMA,VTV,0.01902347,0.01925937,0.0190286,0.01902347,0.01925937,0.0190286,"ARIMA(0, 0, 1)",0.0190286,5.13e-06,-0.00023077,0.0,2025-W26
adj_close.csv,ARIMA,VTV,0.02301898,0.00305855,0.02208715,0.02301898,0.00305855,0.02208715,"ARIMA(0, 0, 1)",0.02208715,-0.00093183,0.0190286,0.0,2025-W27
adj_close.csv,ARIMA,VTV,0.00664814,0.02974334,0.00765619,0.00664814,0.02974334,0.00765619,"ARIMA(0, 0, 1)",-0.00765619,-0.00100804,0.02208715,0.0,2025-W28
adj_close.csv,ARIMA,VTV,0.0036732,0.00428474,0.00337144,0.0036732,0.00428474,0.00337144,"ARIMA(0, 0, 1)",-0.00337144,0.00030176,-0.00765619,0.0,2025-W29
adj_close.csv,ARIMA,VTV,0.01657844,0.02011673,0.01674528,0.01657844,0.02011673,0.01674528,"ARIMA(0, 0, 1)",0.01674528,0.00016684,-0.00337144,0.0,2025-W30
adj_close.csv,ARIMA,VTV,0.02816048,0.04566619,0.0289209,0.02816048,0.04566619,0.0289209,"ARIMA(0, 0, 1)",-0.0289209,-0.00076042,0.01674528,0.0,2025-W31
adj_close.csv,ARIMA,VTV,0.01259879,0.04295231,0.01403141,0.01259879,0.04295231,0.01403141,"ARIMA(0, 0, 1)",0.01403141,0.00143261,-0.0289209,0.0,2025-W32
adj_close.csv,ARIMA,VTV,0.01330501,0.00141402,0.01261739,0.01330501,0.00141402,0.01261739,"ARIMA(0, 0, 1)",0.01261739,-0.00068762,0.01403141,0.0,2025-W33
adj_close.csv,ARIMA,VTV,0.0185738,0.00525249,0.01786987,0.0185738,0.00525249,0.01786987,"ARIMA(0, 0, 1)",0.01786987,-0.00070393,0.01261739,0.0,2025-W34
adj_close.csv,ARIMA,VTV,0.00058814,0.01939691,0.00152703,0.00058814,0.01939691,0.00152703,"ARIMA(0, 0, 1)",-0.00152703,-0.00093889,0.01786987,0.0,2025-W35
adj_close.csv,ARIMA,VTV,0.00369325,0.00213648,0.00366351,0.00369325,0.00213648,0.00366351,"ARIMA(0, 0, 1)",-0.00366351,2.974e-05,-0.00152703,0.0,2025-W36
adj_close.csv,ARIMA,VTV,0.01276573,0.01661665,0.01295315,0.01276573,0.01661665,0.01295315,"ARIMA(0, 0, 1)",0.01295315,0.00018741,-0.00366351,0.0,2025-W37
adj_close.csv,ARIMA,VTV,0.00470004,0.00890572,0.00404743,0.00470004,0.00890572,0.00404743,"ARIMA(0, 0, 1)",0.00404743,-0.00065261,0.01295315,0.0,2025-W38
adj_close.csv,ARIMA,VTV,0.00501859,0.00073439,0.00478181,0.00501859,0.00073439,0.00478181,"ARIMA(0, 0, 1)",0.00478181,-0.00023678,0.00404743,0.0,2025-W39
adj_close.csv,ARIMA,VTV,0.01045155,0.00541772,0.01019953,0.01045155,0.00541772,0.01019953,"ARIMA(0, 0, 1)",0.01019953,-0.00025201,0.00478181,0.0,2025-W40
adj_close.csv,ARIMA,VTV,0.02464541,0.03536287,0.02516334,0.02464541,0.03536287,0.02516334,"ARIMA(0, 0, 1)",-0.02516334,-0.00051794,0.01019953,0.0,2025-W41
adj_close.csv,ARIMA,VTV,0.0137427,0.04019722,0.01503388,0.0137427,0.04019722,0.01503388,"ARIMA(0, 0, 1)",0.01503388,0.00129117,-0.02516334,0.0,2025-W42
adj_close.csv,ARIMA,VTV,0.01409072,0.00171002,0.01332385,0.01409072,0.00171002,0.01332385,"ARIMA(0, 0, 1)",0.01332385,-0.00076686,0.01503388,0.0,2025-W43
adj_close.csv,ARIMA,VTV,0.01191956,0.02600157,0.01267771,0.01191956,0.02600157,0.01267771,"ARIMA(0, 0, 1)",-0.01267771,-0.00075816,0.01332385,0.0,2025-W44
adj_close.csv,ARIMA,VTV,0.00149047,0.01482877,0.00215106,0.00149047,0.01482877,0.00215106,"ARIMA(0, 0, 1)",0.00215106,0.00066059,-0.01267771,0.0,2025-W45
adj_close.csv,ARIMA,VTV,0.00538684,0.00315284,0.0053039,0.00538684,0.00315284,0.0053039,"ARIMA(0, 0, 1)",0.0053039,-8.294e-05,0.00215106,0.0,2025-W46
adj_close.csv,ARIMA,VTV,0.00904144,0.01464475,0.00934085,0.00904144,0.01464475,0.00934085,"ARIMA(0, 0, 1)",-0.00934085,-0.00029941,0.0053039,0.0,2025-W47
adj_close.csv,ARIMA,VTV,0.02647106,0.03631847,0.02697762,0.02647106,0.03631847,0.02697762,"ARIMA(0, 0, 1)",0.02697762,0.00050656,-0.00934085,0.0,2025-W48
adj_close.csv,ARIMA,VTV,0.00092128,0.02760782,0.0006302,0.00092128,0.02760782,0.0006302,"ARIMA(0, 0, 1)",-0.0006302,-0.00155148,0.02697762,0.0,2025-W49
adj_close.csv,ARIMA,VTV,0.01123252,0.01180933,0.01117912,0.01123252,0.01180933,0.01117912,"ARIMA(0, 0, 1)",0.01117912,-5.34e-05,-0.0006302,0.0,2025-W50
adj_close.csv,ARIMA,VTV,0.00559688,0.01743233,0.00625321,0.00559688,0.01743233,0.00625321,"ARIMA(0, 0, 1)",-0.00625321,-0.00065633,0.01117912,0.0,2025-W51
adj_close.csv,ARIMA,VTV,0.01254348,0.01912745,0.01287424,0.01254348,0.01912745,0.01287424,"ARIMA(0, 0, 1)",0.01287424,0.00033076,-0.00625321,0.0,2025-W52
adj_close.csv,ARIMA,VTV,0.00090777,0.01271864,0.0001556,0.00090777,0.01271864,0.0001556,"ARIMA(0, 0, 1)",0.0001556,-0.00075217,0.01287424,0.0,2026-W01
adj_close.csv,ARIMA,VTV,0.02063864,0.02042881,0.02058441,0.02063864,0.02042881,0.02058441,"ARIMA(0, 0, 1)",0.02058441,-5.423e-05,0.0001556,0.0,2026-W02
adj_close.csv,ARIMA,VTV,0.00907808,0.0127401,0.00784431,0.00907808,0.0127401,0.00784431,"ARIMA(0, 0, 1)",0.00784431,-0.00123377,0.02058441,0.0,2026-W03
adj_close.csv,ARIMA,VTV,0.00341841,0.0117841,0.00393979,0.00341841,0.0117841,0.00393979,"ARIMA(0, 0, 1)",-0.00393979,-0.00052138,0.00784431,0.0,2026-W04
adj_close.csv,ARIMA,VTV,0.01067427,0.01481222,0.01087243,0.01067427,0.01481222,0.01087243,"ARIMA(0, 0, 1)",0.01087243,0.00019815,-0.00393979,0.0,2026-W05
adj_close.csv,ARIMA,VTV,0.00909703,0.00239781,0.00847461,0.00909703,0.00239781,0.00847461,"ARIMA(0, 0, 1)",0.00847461,-0.00062242,0.01087243,0.0,2026-W06
adj_close.csv,ARIMA,VUG,0.02854215,0.01375622,0.02570895,0.02854215,0.01375622,0.02570895,"ARIMA(1, 0, 0)",-0.02570895,0.0028332,-0.03946517,0.0,2024-W30
adj_close.csv,ARIMA,VUG,0.02431556,0.00306142,0.02264753,0.02431556,0.00306142,0.02264753,"ARIMA(1, 0, 0)",-0.02264753,0.00166803,-0.02570895,0.0,2024-W31
adj_close.csv,ARIMA,VUG,0.002343,0.02637345,0.00372591,0.002343,0.02637345,0.00372591,"ARIMA(1, 0, 0)",0.00372591,0.00138291,-0.02264753,0.0,2024-W32
adj_close.csv,ARIMA,VUG,0.05026038,0.04630575,0.05003167,0.05026038,0.04630575,0.05003167,"ARIMA(1, 0, 0)",0.05003167,-0.00022872,0.00372591,0.0,2024-W33
adj_close.csv,ARIMA,VUG,0.01537225,0.03767359,0.01235808,0.01537225,0.03767359,0.01235808,"ARIMA(1, 0, 0)",0.01235808,-0.00301418,0.05003167,0.0,2024-W34
adj_close.csv,ARIMA,VUG,0.00525948,0.01830507,0.005947,0.00525948,0.01830507,0.005947,"ARIMA(1, 0, 0)",-0.005947,-0.00068751,0.01235808,0.0,2024-W35
adj_close.csv,ARIMA,VUG,0.05314794,0.04686778,0.05281478,0.05314794,0.04686778,0.05281478,"ARIMA(1, 0, 0)",-0.05281478,0.00033316,-0.005947,0.0,2024-W36
adj_close.csv,ARIMA,VUG,0.05022215,0.10589572,0.05308094,0.05022215,0.10589572,0.05308094,"ARIMA(1, 0, 0)",0.05308094,0.00285879,-0.05281478,0.0,2024-W37
adj_close.csv,ARIMA,VUG,0.0175557,0.03922806,0.01385288,0.0175557,0.03922806,0.01385288,"ARIMA(1, 0, 0)",0.01385288,-0.00370281,0.05308094,0.0,2024-W38
adj_close.csv,ARIMA,VUG,0.00582375,0.00892066,0.00493223,0.00582375,0.00892066,0.00493223,"ARIMA(1, 0, 0)",0.00493223,-0.00089152,0.01385288,0.0,2024-W39
adj_close.csv,ARIMA,VUG,0.00305771,0.00218964,0.00274259,0.00305771,0.00218964,0.00274259,"ARIMA(1, 0, 0)",0.00274259,-0.00031512,0.00493223,0.0,2024-W40
adj_close.csv,ARIMA,VUG,0.01421387,0.0112963,0.01403888,0.01421387,0.0112963,0.01403888,"ARIMA(1, 0, 0)",0.01403888,-0.00017498,0.00274259,0.0,2024-W41
adj_close.csv,ARIMA,VUG,0.00957403,0.0053574,0.00868148,0.00957403,0.0053574,0.00868148,"ARIMA(1, 0, 0)",0.00868148,-0.00089254,0.01403888,0.0,2024-W42
adj_close.csv,ARIMA,VUG,0.00128434,0.00794234,0.00073914,0.00128434,0.00794234,0.00073914,"ARIMA(1, 0, 0)",0.00073914,-0.00054519,0.00868148,0.0,2024-W43
adj_close.csv,ARIMA,VUG,0.01660228,0.01738779,0.01664865,0.01660228,0.01738779,0.01664865,"ARIMA(1, 0, 0)",-0.01664865,-4.637e-05,0.00073914,0.0,2024-W44
adj_close.csv,ARIMA,VUG,0.0546062,0.07230048,0.05565183,0.0546062,0.07230048,0.05565183,"ARIMA(1, 0, 0)",0.05565183,0.00104563,-0.01664865,0.0,2024-W45
adj_close.csv,ARIMA,VUG,0.0216513,0.08109033,0.0254385,0.0216513,0.08109033,0.0254385,"ARIMA(1, 0, 0)",-0.0254385,-0.0037872,0.05565183,0.0,2024-W46
adj_close.csv,ARIMA,VUG,0.01355952,0.04090292,0.01546442,0.01355952,0.04090292,0.01546442,"ARIMA(1, 0, 0)",0.01546442,0.0019049,-0.0254385,0.0,2024-W47
adj_close.csv,ARIMA,VUG,0.01373198,0.00292058,0.01254384,0.01373198,0.00292058,0.01254384,"ARIMA(1, 0, 0)",0.01254384,-0.00118814,0.01546442,0.0,2024-W48
adj_close.csv,ARIMA,VUG,0.03490253,0.02140996,0.0339538,0.03490253,0.02140996,0.0339538,"ARIMA(1, 0, 0)",0.0339538,-0.00094873,0.01254384,0.0,2024-W49
adj_close.csv,ARIMA,VUG,0.00357026,0.03286778,0.00108602,0.00357026,0.03286778,0.00108602,"ARIMA(1, 0, 0)",0.00108602,-0.00248425,0.0339538,0.0,2024-W50
adj_close.csv,ARIMA,VUG,0.01403916,0.0152039,0.01411789,0.01403916,0.0152039,0.01411789,"ARIMA(1, 0, 0)",-0.01411789,-7.872e-05,0.00108602,0.0,2024-W51
adj_close.csv,ARIMA,VUG,0.00426769,0.01941014,0.00529226,0.00426769,0.01941014,0.00529226,"ARIMA(1, 0, 0)",0.00529226,0.00102457,-0.01411789,0.0,2024-W52
adj_close.csv,ARIMA,VUG,0.00669585,0.01237396,0.0070817,0.00669585,0.01237396,0.0070817,"ARIMA(1, 0, 0)",-0.0070817,-0.00038585,0.00529226,0.0,2025-W01
adj_close.csv,ARIMA,VUG,0.02278067,0.01518125,0.02226295,0.02278067,0.01518125,0.02226295,"ARIMA(1, 0, 0)",-0.02226295,0.00051772,-0.0070817,0.0,2025-W02
adj_close.csv,ARIMA,VUG,0.01923783,0.04310828,0.02084533,0.01923783,0.04310828,0.02084533,"ARIMA(1, 0, 0)",0.02084533,0.0016075,-0.02226295,0.0,2025-W03
adj_close.csv,ARIMA,VUG,0.02086654,0.00153371,0.01931163,0.02086654,0.00153371,0.01931163,"ARIMA(1, 0, 0)",0.01931163,-0.00155492,0.02084533,0.0,2025-W04
adj_close.csv,ARIMA,VUG,0.01206825,0.03277367,0.01346205,0.01206825,0.03277367,0.01346205,"ARIMA(1, 0, 0)",-0.01346205,-0.0013938,0.01931163,0.0,2025-W05
adj_close.csv,ARIMA,VUG,0.0001338,0.01458487,0.00112283,0.0001338,0.01458487,0.00112283,"ARIMA(1, 0, 0)",0.00112283,0.00098902,-0.01346205,0.0,2025-W06
adj_close.csv,ARIMA,VUG,0.02064228,0.01943695,0.02055977,0.02064228,0.01943695,0.02055977,"ARIMA(1, 0, 0)",0.02055977,-8.25e-05,0.00112283,0.0,2025-W07
adj_close.csv,ARIMA,VUG,0.0257597,0.04782752,0.02726774,0.0257597,0.04782752,0.02726774,"ARIMA(1, 0, 0)",-0.02726774,-0.00150804,0.02055977,0.0,2025-W08
adj_close.csv,ARIMA,VUG,0.02712525,0.00222244,0.02504531,0.02712525,0.00222244,0.02504531,"ARIMA(1, 0, 0)",-0.02504531,0.00207994,-0.02726774,0.0,2025-W09
adj_close.csv,ARIMA,VUG,0.04466284,0.01780917,0.04285447,0.04466284,0.01780917,0.04285447,"ARIMA(1, 0, 0)",-0.04285447,0.00180837,-0.02504531,0.0,2025-W10
adj_close.csv,ARIMA,VUG,0.02989781,0.01578776,0.02706671,0.02989781,0.01578776,0.02706671,"ARIMA(1, 0, 0)",-0.02706671,0.0028311,-0.04285447,0.0,2025-W11
adj_close.csv,ARIMA,VUG,0.00375178,0.03241812,0.00535141,0.00375178,0.03241812,0.00535141,"ARIMA(1, 0, 0)",0.00535141,0.00159963,-0.02706671,0.0,2025-W12
adj_close.csv,ARIMA,VUG,0.02482825,0.03049887,0.02514746,0.02482825,0.03049887,0.02514746,"ARIMA(1, 0, 0)",-0.02514746,-0.00031921,0.00535141,0.0,2025-W13
adj_close.csv,ARIMA,VUG,0.10498182,0.07831626,0.10346371,0.10498182,0.07831626,0.10346371,"ARIMA(1, 0, 0)",-0.10346371,0.00151811,-0.02514746,0.0,2025-W14
adj_close.csv,ARIMA,VUG,0.07068618,0.17892242,0.0754587,0.07068618,0.17892242,0.0754587,"ARIMA(1, 0, 0)",0.0754587,0.00477252,-0.10346371,0.0,2025-W15
adj_close.csv,ARIMA,VUG,0.01633553,0.09808929,0.02263059,0.01633553,0.09808929,0.02263059,"ARIMA(1, 0, 0)",-0.02263059,-0.00629506,0.0754587,0.0,2025-W16
adj_close.csv,ARIMA,VUG,0.06480988,0.08946665,0.06683606,0.06480988,0.08946665,0.06683606,"ARIMA(1, 0, 0)",0.06683606,0.00202618,-0.02263059,0.0,2025-W17
adj_close.csv,ARIMA,VUG,0.03995377,0.03335089,0.03348517,0.03995377,0.03335089,0.03348517,"ARIMA(1, 0, 0)",0.03348517,-0.00646859,0.06683606,0.0,2025-W18
adj_close.csv,ARIMA,VUG,0.00120686,0.03750037,0.00401519,0.00120686,0.03750037,0.00401519,"ARIMA(1, 0, 0)",-0.00401519,-0.00280833,0.03348517,0.0,2025-W19
adj_close.csv,ARIMA,VUG,0.06842498,0.0727777,0.0687625,0.06842498,0.0727777,0.0687625,"ARIMA(1, 0, 0)",0.0687625,0.00033753,-0.00401519,0.0,2025-W20
adj_close.csv,ARIMA,VUG,0.02084649,0.09548019,0.02671769,0.02084649,0.09548019,0.02671769,"ARIMA(1, 0, 0)",-0.02671769,-0.0058712,0.0687625,0.0,2025-W21
adj_close.csv,ARIMA,VUG,0.01894539,0.04812446,0.02140677,0.01894539,0.04812446,0.02140677,"ARIMA(1, 0, 0)",0.02140677,0.00246138,-0.02671769,0.0,2025-W22
adj_close.csv,ARIMA,VUG,0.02321799,0.00021168,0.02119509,0.02321799,0.00021168,0.02119509,"ARIMA(1, 0, 0)",0.02119509,-0.0020229,0.02140677,0.0,2025-W23
adj_close.csv,ARIMA,VUG,0.00675742,0.02990614,0.00871105,0.00675742,0.02990614,0.00871105,"ARIMA(1, 0, 0)",-0.00871105,-0.00195362,0.02119509,0.0,2025-W24
adj_close.csv,ARIMA,VUG,0.00291453,0.00660526,0.00210578,0.00291453,0.00660526,0.00210578,"ARIMA(1, 0, 0)",-0.00210578,0.00080875,-0.00871105,0.0,2025-W25
adj_close.csv,ARIMA,VUG,0.04419918,0.04650021,0.04439443,0.04419918,0.04650021,0.04439443,"ARIMA(1, 0, 0)",0.04439443,0.00019526,-0.00210578,0.0,2025-W26
adj_close.csv,ARIMA,VUG,0.01799663,0.03053348,0.01386095,0.01799663,0.03053348,0.01386095,"ARIMA(1, 0, 0)",0.01386095,-0.00413568,0.04439443,0.0,2025-W27
adj_close.csv,ARIMA,VUG,0.00044791,0.0146531,0.00079214,0.00044791,0.0146531,0.00079214,"ARIMA(1, 0, 0)",-0.00079214,-0.00124006,0.01386095,0.0,2025-W28
adj_close.csv,ARIMA,VUG,0.01512012,0.01598311,0.01519096,0.01512012,0.01598311,0.01519096,"ARIMA(1, 0, 0)",0.01519096,7.085e-05,-0.00079214,0.0,2025-W29
adj_close.csv,ARIMA,VUG,0.01429972,0.00225069,0.01294027,0.01429972,0.00225069,0.01294027,"ARIMA(1, 0, 0)",0.01294027,-0.00135945,0.01519096,0.0,2025-W30
adj_close.csv,ARIMA,VUG,0.01929443,0.03337977,0.0204395,0.01929443,0.03337977,0.0204395,"ARIMA(1, 0, 0)",-0.0204395,-0.00114506,0.01294027,0.0,2025-W31
adj_close.csv,ARIMA,VUG,0.02935884,0.05163052,0.03119103,0.02935884,0.05163052,0.03119103,"ARIMA(1, 0, 0)",0.03119103,0.00183218,-0.0204395,0.0,2025-W32
adj_close.csv,ARIMA,VUG,0.00919994,0.02487316,0.00631786,0.00919994,0.02487316,0.00631786,"ARIMA(1, 0, 0)",0.00631786,-0.00288208,0.03119103,0.0,2025-W33
adj_close.csv,ARIMA,VUG,0.00731179,0.01420512,0.00788726,0.00731179,0.01420512,0.00788726,"ARIMA(1, 0, 0)",-0.00788726,-0.00057547,0.00631786,0.0,2025-W34
adj_close.csv,ARIMA,VUG,0.00028397,0.00832338,0.00043612,0.00028397,0.00832338,0.00043612,"ARIMA(1, 0, 0)",0.00043612,0.00072009,-0.00788726,0.0,2025-W35
adj_close.csv,ARIMA,VUG,0.0086806,0.00820466,0.00864078,0.0086806,0.00820466,0.00864078,"ARIMA(1, 0, 0)",0.00864078,-3.981e-05,0.00043612,0.0,2025-W36
adj_close.csv,ARIMA,VUG,0.01986625,0.01043682,0.01907761,0.01986625,0.01043682,0.01907761,"ARIMA(1, 0, 0)",0.01907761,-0.00078865,0.00864078,0.0,2025-W37
adj_close.csv,ARIMA,VUG,0.02044662,0.00035722,0.01872039,0.02044662,0.00035722,0.01872039,"ARIMA(1, 0, 0)",0.01872039,-0.00172623,0.01907761,0.0,2025-W38
adj_close.csv,ARIMA,VUG,0.00667946,0.02706038,0.00833999,0.00667946,0.02706038,0.00833999,"ARIMA(1, 0, 0)",-0.00833999,-0.00166053,0.01872039,0.0,2025-W39
adj_close.csv,ARIMA,VUG,0.01078111,0.01986563,0.01152564,0.01078111,0.01986563,0.01152564,"ARIMA(1, 0, 0)",0.01152564,0.00074453,-0.00833999,0.0,2025-W40
adj_close.csv,ARIMA,VUG,0.02207955,0.03463883,0.02311319,0.02207955,0.03463883,0.02311319,"ARIMA(1, 0, 0)",-0.02311319,-0.00103365,0.01152564,0.0,2025-W41
adj_close.csv,ARIMA,VUG,0.01434459,0.03955744,0.01644425,0.01434459,0.03955744,0.01644425,"ARIMA(1, 0, 0)",0.01644425,0.00209966,-0.02311319,0.0,2025-W42
adj_close.csv,ARIMA,VUG,0.02503551,0.00707263,0.02351688,0.02503551,0.00707263,0.02351688,"ARIMA(1, 0, 0)",0.02351688,-0.00151863,0.01644425,0.0,2025-W43
adj_close.csv,ARIMA,VUG,0.0208037,0.004841,0.01867589,0.0208037,0.004841,0.01867589,"ARIMA(1, 0, 0)",0.01867589,-0.00212782,0.02351688,0.0,2025-W44
adj_close.csv,ARIMA,VUG,0.02758088,0.04790517,0.02922928,0.02758088,0.04790517,0.02922928,"ARIMA(1, 0, 0)",-0.02922928,-0.00164841,0.01867589,0.0,2025-W45
adj_close.csv,ARIMA,VUG,0.00463152,0.02724576,0.00198353,0.00463152,0.02724576,0.00198353,"ARIMA(1, 0, 0)",-0.00198353,0.00264799,-0.02922928,0.0,2025-W46
adj_close.csv,ARIMA,VUG,0.02870866,0.02654664,0.02853017,0.02870866,0.02654664,0.02853017,"ARIMA(1, 0, 0)",-0.02853017,0.00017849,-0.00198353,0.0,2025-W47
adj_close.csv,ARIMA,VUG,0.04099578,0.07208588,0.04355571,0.04099578,0.07208588,0.04355571,"ARIMA(1, 0, 0)",0.04355571,0.00255993,-0.02853017,0.0,2025-W48
adj_close.csv,ARIMA,VUG,0.0107363,0.03695625,0.00659946,0.0107363,0.03695625,0.00659946,"ARIMA(1, 0, 0)",0.00659946,-0.00413683,0.04355571,0.0,2025-W49
adj_close.csv,ARIMA,VUG,0.01741973,0.02463226,0.0180328,0.01741973,0.02463226,0.0180328,"ARIMA(1, 0, 0)",-0.0180328,-0.00061307,0.00659946,0.0,2025-W50
adj_close.csv,ARIMA,VUG,0.00515439,0.0248716,0.0068388,0.00515439,0.0248716,0.0068388,"ARIMA(1, 0, 0)",0.0068388,0.00168441,-0.0180328,0.0,2025-W51
adj_close.csv,ARIMA,VUG,0.01481878,0.00733835,0.01417715,0.01481878,0.00733835,0.01417715,"ARIMA(1, 0, 0)",0.01417715,-0.00064162,0.0068388,0.0,2025-W52
adj_close.csv,ARIMA,VUG,0.01673514,0.03223603,0.01805888,0.01673514,0.03223603,0.01805888,"ARIMA(1, 0, 0)",-0.01805888,-0.00132373,0.01417715,0.0,2026-W01
adj_close.csv,ARIMA,VUG,0.00817994,0.02794401,0.00988514,0.00817994,0.02794401,0.00988514,"ARIMA(1, 0, 0)",0.00988514,0.00170519,-0.01805888,0.0,2026-W02
adj_close.csv,ARIMA,VUG,0.01123092,0.02205593,0.01217079,0.01123092,0.02205593,0.01217079,"ARIMA(1, 0, 0)",-0.01217079,-0.00093987,0.00988514,0.0,2026-W03
adj_close.csv,ARIMA,VUG,0.00444629,0.00888767,0.00328312,0.00444629,0.00888767,0.00328312,"ARIMA(1, 0, 0)",-0.00328312,0.00116317,-0.01217079,0.0,2026-W04
adj_close.csv,ARIMA,VUG,0.00435426,0.00075815,0.00404127,0.00435426,0.00075815,0.00404127,"ARIMA(1, 0, 0)",-0.00404127,0.00031298,-0.00328312,0.0,2026-W05
adj_close.csv,ARIMA,VUG,0.00224888,0.00667516,0.00263389,0.00224888,0.00667516,0.00263389,"ARIMA(1, 0, 0)",0.00263389,0.000385,-0.00404127,0.0,2026-W06
adj_close.csv,ARIMA,VWO,0.00144983,0.03229906,0.00479183,0.00144983,0.03229906,0.00479183,"ARIMA(1, 0, 3)",-0.00479183,-0.003342,-0.03709089,0.0,2024-W30
adj_close.csv,ARIMA,VWO,0.01777874,0.0097228,0.01451463,0.01777874,0.0097228,0.01451463,"ARIMA(1, 0, 3)",-0.01451463,0.00326412,-0.00479183,0.0,2024-W31
adj_close.csv,ARIMA,VWO,0.00484483,0.02513335,0.01061872,0.00484483,0.02513335,0.01061872,"ARIMA(1, 0, 3)",0.01061872,0.00577389,-0.01451463,0.0,2024-W32
adj_close.csv,ARIMA,VWO,0.02928982,0.01611594,0.02673466,0.02928982,0.01611594,0.02673466,"ARIMA(1, 0, 3)",0.02673466,-0.00255516,0.01061872,0.0,2024-W33
adj_close.csv,ARIMA,VWO,0.00460825,0.01916225,0.00757241,0.00460825,0.01916225,0.00757241,"ARIMA(1, 0, 3)",0.00757241,0.00296416,0.02673466,0.0,2024-W34
adj_close.csv,ARIMA,VWO,0.00017295,0.01536838,0.00779597,0.00017295,0.01536838,0.00779597,"ARIMA(1, 0, 3)",-0.00779597,-0.00796892,0.00757241,0.0,2024-W35
adj_close.csv,ARIMA,VWO,0.02779324,0.01986385,0.02765982,0.02779324,0.01986385,0.02765982,"ARIMA(1, 0, 3)",-0.02765982,0.00013341,-0.00779597,0.0,2024-W36
adj_close.csv,ARIMA,VWO,0.02100537,0.04948864,0.02182881,0.02100537,0.04948864,0.02182881,"ARIMA(1, 0, 3)",0.02182881,0.00082344,-0.02765982,0.0,2024-W37
adj_close.csv,ARIMA,VWO,0.01982043,0.00037979,0.02144902,0.01982043,0.00037979,0.02144902,"ARIMA(1, 0, 3)",0.02144902,0.00162859,0.02182881,0.0,2024-W38
adj_close.csv,ARIMA,VWO,0.06352963,0.04186053,0.06330955,0.06352963,0.04186053,0.06330955,"ARIMA(1, 0, 3)",0.06330955,-0.00022008,0.02144902,0.0,2024-W39
adj_close.csv,ARIMA,VWO,0.0274855,0.04666132,0.01664823,0.0274855,0.04666132,0.01664823,"ARIMA(1, 0, 3)",0.01664823,-0.01083727,0.06330955,0.0,2024-W40
adj_close.csv,ARIMA,VWO,0.01431477,0.03537106,0.01872283,0.01431477,0.03537106,0.01872283,"ARIMA(1, 0, 3)",-0.01872283,-0.00440806,0.01664823,0.0,2024-W41
adj_close.csv,ARIMA,VWO,0.00487682,0.01205478,0.00666806,0.00487682,0.01205478,0.00666806,"ARIMA(1, 0, 3)",-0.00666806,-0.01154488,-0.01872283,0.0,2024-W42
adj_close.csv,ARIMA,VWO,0.02226665,0.00998673,0.01665479,0.02226665,0.00998673,0.01665479,"ARIMA(1, 0, 3)",-0.01665479,0.00561186,-0.00666806,0.0,2024-W43
adj_close.csv,ARIMA,VWO,0.0087301,0.00682772,0.00982706,0.0087301,0.00682772,0.00982706,"ARIMA(1, 0, 3)",-0.00982706,-0.00109696,-0.01665479,0.0,2024-W44
adj_close.csv,ARIMA,VWO,0.00146536,0.01432534,0.00449827,0.00146536,0.01432534,0.00449827,"ARIMA(1, 0, 3)",0.00449827,0.00303291,-0.00982706,0.0,2024-W45
adj_close.csv,ARIMA,VWO,0.03910644,0.04084221,0.03634394,0.03910644,0.04084221,0.03634394,"ARIMA(1, 0, 3)",-0.03634394,0.0027625,0.00449827,0.0,2024-W46
adj_close.csv,ARIMA,VWO,0.00527108,0.04275063,0.0064067,0.00527108,0.04275063,0.0064067,"ARIMA(1, 0, 3)",0.0064067,0.00113562,-0.03634394,0.0,2024-W47
adj_close.csv,ARIMA,VWO,0.00066813,0.0028894,0.00351729,0.00066813,0.0028894,0.00351729,"ARIMA(1, 0, 3)",0.00351729,0.00284916,0.0064067,0.0,2024-W48
adj_close.csv,ARIMA,VWO,0.01338772,0.01410145,0.01761875,0.01338772,0.01410145,0.01761875,"ARIMA(1, 0, 3)",0.01761875,0.00423102,0.00351729,0.0,2024-W49
adj_close.csv,ARIMA,VWO,0.0067615,0.01611054,0.0015082,0.0067615,0.01611054,0.0015082,"ARIMA(1, 0, 3)",0.0015082,-0.0052533,0.01761875,0.0,2024-W50
adj_close.csv,ARIMA,VWO,0.02371556,0.02278928,0.02128108,0.02371556,0.02278928,0.02128108,"ARIMA(1, 0, 3)",-0.02128108,0.00243448,0.0015082,0.0,2024-W51
adj_close.csv,ARIMA,VWO,0.00636866,0.02353075,0.00224967,0.00636866,0.02353075,0.00224967,"ARIMA(1, 0, 3)",0.00224967,-0.00411899,-0.02128108,0.0,2024-W52
adj_close.csv,ARIMA,VWO,0.01273107,0.01037248,0.00812281,0.01273107,0.01037248,0.00812281,"ARIMA(1, 0, 3)",-0.00812281,0.00460826,0.00224967,0.0,2025-W01
adj_close.csv,ARIMA,VWO,0.03110144,0.0224718,0.03059461,0.03110144,0.0224718,0.03059461,"ARIMA(1, 0, 3)",-0.03059461,0.00050682,-0.00812281,0.0,2025-W02
adj_close.csv,ARIMA,VWO,0.02134687,0.05345668,0.02286207,0.02134687,0.05345668,0.02286207,"ARIMA(1, 0, 3)",0.02286207,0.0015152,-0.03059461,0.0,2025-W03
adj_close.csv,ARIMA,VWO,0.01403358,0.00521051,0.01765156,0.01403358,0.00521051,0.01765156,"ARIMA(1, 0, 3)",0.01765156,0.00361798,0.02286207,0.0,2025-W04
adj_close.csv,ARIMA,VWO,0.00331741,0.02169743,0.00404587,0.00331741,0.02169743,0.00404587,"ARIMA(1, 0, 3)",-0.00404587,-0.00072846,0.01765156,0.0,2025-W05
adj_close.csv,ARIMA,VWO,0.01578271,0.0147986,0.01075273,0.01578271,0.0147986,0.01075273,"ARIMA(1, 0, 3)",0.01075273,-0.00502998,-0.00404587,0.0,2025-W06
adj_close.csv,ARIMA,VWO,0.02325043,0.0112843,0.02203703,0.02325043,0.0112843,0.02203703,"ARIMA(1, 0, 3)",0.02203703,-0.0012134,0.01075273,0.0,2025-W07
adj_close.csv,ARIMA,VWO,0.01461537,0.01076681,0.01127023,0.01461537,0.01076681,0.01127023,"ARIMA(1, 0, 3)",0.01127023,-0.00334515,0.02203703,0.0,2025-W08
adj_close.csv,ARIMA,VWO,0.03337487,0.04792534,0.03665511,0.03337487,0.04792534,0.03665511,"ARIMA(1, 0, 3)",-0.03665511,-0.00328024,0.01127023,0.0,2025-W09
adj_close.csv,ARIMA,VWO,0.02851076,0.06378213,0.02712702,0.02851076,0.06378213,0.02712702,"ARIMA(1, 0, 3)",0.02712702,-0.00138374,-0.03665511,0.0,2025-W10
adj_close.csv,ARIMA,VWO,0.00178378,0.02451937,0.00260766,0.00178378,0.02451937,0.00260766,"ARIMA(1, 0, 3)",0.00260766,0.00082388,0.02712702,0.0,2025-W11
adj_close.csv,ARIMA,VWO,0.00295203,0.0037633,0.00115565,0.00295203,0.0037633,0.00115565,"ARIMA(1, 0, 3)",-0.00115565,0.00179638,0.00260766,0.0,2025-W12
adj_close.csv,ARIMA,VWO,0.00774736,0.01352304,0.01467869,0.00774736,0.01352304,0.01467869,"ARIMA(1, 0, 3)",-0.01467869,-0.00693133,-0.00115565,0.0,2025-W13
adj_close.csv,ARIMA,VWO,0.07915051,0.05808908,0.07276776,0.07915051,0.05808908,0.07276776,"ARIMA(1, 0, 3)",-0.07276776,0.00638274,-0.01467869,0.0,2025-W14
adj_close.csv,ARIMA,VWO,0.01681581,0.09553064,0.02276288,0.01681581,0.09553064,0.02276288,"ARIMA(1, 0, 3)",0.02276288,0.00594707,-0.07276776,0.0,2025-W15
adj_close.csv,ARIMA,VWO,0.00026853,0.01813316,0.00462973,0.00026853,0.01813316,0.00462973,"ARIMA(1, 0, 3)",0.00462973,0.00489826,0.02276288,0.0,2025-W16
adj_close.csv,ARIMA,VWO,0.0253892,0.03098701,0.03561674,0.0253892,0.03098701,0.03561674,"ARIMA(1, 0, 3)",0.03561674,0.01022754,0.00462973,0.0,2025-W17
adj_close.csv,ARIMA,VWO,0.03690853,0.00122496,0.03439178,0.03690853,0.00122496,0.03439178,"ARIMA(1, 0, 3)",0.03439178,-0.00251676,0.03561674,0.0,2025-W18
adj_close.csv,ARIMA,VWO,0.00055095,0.0384914,0.00409963,0.00055095,0.0384914,0.00409963,"ARIMA(1, 0, 3)",-0.00409963,-0.00354868,0.03439178,0.0,2025-W19
adj_close.csv,ARIMA,VWO,0.03731625,0.03559827,0.03149864,0.03731625,0.03559827,0.03149864,"ARIMA(1, 0, 3)",0.03149864,-0.00581761,-0.00409963,0.0,2025-W20
adj_close.csv,ARIMA,VWO,0.01061806,0.03003311,0.00146553,0.01061806,0.03003311,0.00146553,"ARIMA(1, 0, 3)",0.00146553,-0.00915253,0.03149864,0.0,2025-W21
adj_close.csv,ARIMA,VWO,0.01239831,0.01834364,0.01687811,0.01239831,0.01834364,0.01687811,"ARIMA(1, 0, 3)",-0.01687811,-0.0044798,0.00146553,0.0,2025-W22
adj_close.csv,ARIMA,VWO,0.03211076,0.04291912,0.02604101,0.03211076,0.04291912,0.02604101,"ARIMA(1, 0, 3)",0.02604101,-0.00606975,-0.01687811,0.0,2025-W23
adj_close.csv,ARIMA,VWO,0.00816957,0.02314302,0.00289799,0.00816957,0.02314302,0.00289799,"ARIMA(1, 0, 3)",0.00289799,-0.00527158,0.02604101,0.0,2025-W24
adj_close.csv,ARIMA,VWO,0.01277279,0.01710151,0.01420352,0.01277279,0.01710151,0.01420352,"ARIMA(1, 0, 3)",-0.01420352,-0.00143072,0.00289799,0.0,2025-W25
adj_close.csv,ARIMA,VWO,0.04156775,0.0519594,0.03775588,0.04156775,0.0519594,0.03775588,"ARIMA(1, 0, 3)",0.03775588,-0.00381187,-0.01420352,0.0,2025-W26
adj_close.csv,ARIMA,VWO,0.01759924,0.02508093,0.01267495,0.01759924,0.02508093,0.01267495,"ARIMA(1, 0, 3)",0.01267495,-0.00492429,0.03775588,0.0,2025-W27
adj_close.csv,ARIMA,VWO,0.00639879,0.02130857,0.00863362,0.00639879,0.02130857,0.00863362,"ARIMA(1, 0, 3)",-0.00863362,-0.00223483,0.01267495,0.0,2025-W28
adj_close.csv,ARIMA,VWO,0.023329,0.0266197,0.01798608,0.023329,0.0266197,0.01798608,"ARIMA(1, 0, 3)",0.01798608,-0.00534292,-0.00863362,0.0,2025-W29
adj_close.csv,ARIMA,VWO,0.01198853,0.01107795,0.00690813,0.01198853,0.01107795,0.00690813,"ARIMA(1, 0, 3)",0.00690813,-0.0050804,0.01798608,0.0,2025-W30
adj_close.csv,ARIMA,VWO,0.02353297,0.03281118,0.02590305,0.02353297,0.03281118,0.02590305,"ARIMA(1, 0, 3)",-0.02590305,-0.00237008,0.00690813,0.0,2025-W31
adj_close.csv,ARIMA,VWO,0.02493473,0.04885127,0.02294822,0.02493473,0.04885127,0.02294822,"ARIMA(1, 0, 3)",0.02294822,-0.00198651,-0.02590305,0.0,2025-W32
adj_close.csv,ARIMA,VWO,0.01628986,0.00981718,0.01313104,0.01628986,0.00981718,0.01313104,"ARIMA(1, 0, 3)",0.01313104,-0.00315882,0.02294822,0.0,2025-W33
adj_close.csv,ARIMA,VWO,0.0154944,0.00251681,0.01564785,0.0154944,0.00251681,0.01564785,"ARIMA(1, 0, 3)",0.01564785,0.00015344,0.01313104,0.0,2025-W34
adj_close.csv,ARIMA,VWO,0.00834597,0.02799125,0.01234341,0.00834597,0.02799125,0.01234341,"ARIMA(1, 0, 3)",-0.01234341,-0.00399743,0.01564785,0.0,2025-W35
adj_close.csv,ARIMA,VWO,0.01126538,0.02084595,0.00850255,0.01126538,0.02084595,0.00850255,"ARIMA(1, 0, 3)",0.00850255,-0.00276284,-0.01234341,0.0,2025-W36
adj_close.csv,ARIMA,VWO,0.03168826,0.02013851,0.02864105,0.03168826,0.02013851,0.02864105,"ARIMA(1, 0, 3)",0.02864105,-0.0030472,0.00850255,0.0,2025-W37
adj_close.csv,ARIMA,VWO,0.01607816,0.01527459,0.01336647,0.01607816,0.01527459,0.01336647,"ARIMA(1, 0, 3)",0.01336647,-0.0027117,0.02864105,0.0,2025-W38
adj_close.csv,ARIMA,VWO,0.00296409,0.02025211,0.00688565,0.00296409,0.02025211,0.00688565,"ARIMA(1, 0, 3)",-0.00688565,-0.00392156,0.01336647,0.0,2025-W39
adj_close.csv,ARIMA,VWO,0.0272679,0.02977758,0.02289193,0.0272679,0.02977758,0.02289193,"ARIMA(1, 0, 3)",0.02289193,-0.00437597,-0.00688565,0.0,2025-W40
adj_close.csv,ARIMA,VWO,0.03946628,0.06482488,0.04193295,0.03946628,0.06482488,0.04193295,"ARIMA(1, 0, 3)",-0.04193295,-0.00246668,0.02289193,0.0,2025-W41
adj_close.csv,ARIMA,VWO,0.03354695,0.07635464,0.03442169,0.03354695,0.07635464,0.03442169,"ARIMA(1, 0, 3)",0.03442169,0.00087474,-0.04193295,0.0,2025-W42
adj_close.csv,ARIMA,VWO,0.0182793,0.01981756,0.01460413,0.0182793,0.01981756,0.01460413,"ARIMA(1, 0, 3)",0.01460413,-0.00367517,0.03442169,0.0,2025-W43
adj_close.csv,ARIMA,VWO,0.00413803,0.01841713,0.00381299,0.00413803,0.01841713,0.00381299,"ARIMA(1, 0, 3)",-0.00381299,0.00032504,0.01460413,0.0,2025-W44
adj_close.csv,ARIMA,VWO,0.00479015,0.00404023,0.00785323,0.00479015,0.00404023,0.00785323,"ARIMA(1, 0, 3)",-0.00785323,-0.00306307,-0.00381299,0.0,2025-W45
adj_close.csv,ARIMA,VWO,0.00779004,0.01352097,0.00566775,0.00779004,0.01352097,0.00566775,"ARIMA(1, 0, 3)",0.00566775,-0.0021223,-0.00785323,0.0,2025-W46
adj_close.csv,ARIMA,VWO,0.03334032,0.03865805,0.03299031,0.03334032,0.03865805,0.03299031,"ARIMA(1, 0, 3)",-0.03299031,0.00035001,0.00566775,0.0,2025-W47
adj_close.csv,ARIMA,VWO,0.02040989,0.05590269,0.02291238,0.02040989,0.05590269,0.02291238,"ARIMA(1, 0, 3)",0.02291238,0.00250249,-0.03299031,0.0,2025-W48
adj_close.csv,ARIMA,VWO,0.00224182,0.02107238,0.00184,0.00224182,0.02107238,0.00184,"ARIMA(1, 0, 3)",0.00184,-0.00040182,0.02291238,0.0,2025-W49
adj_close.csv,ARIMA,VWO,0.01040651,0.01033188,0.00849188,0.01040651,0.01033188,0.00849188,"ARIMA(1, 0, 3)",-0.00849188,0.00191463,0.00184,0.0,2025-W50
adj_close.csv,ARIMA,VWO,0.00925808,0.01245268,0.0039608,0.00925808,0.01245268,0.0039608,"ARIMA(1, 0, 3)",0.0039608,-0.00529728,-0.00849188,0.0,2025-W51
adj_close.csv,ARIMA,VWO,0.01605886,0.01302831,0.01698911,0.01605886,0.01302831,0.01698911,"ARIMA(1, 0, 3)",0.01698911,0.00093025,0.0039608,0.0,2025-W52
adj_close.csv,ARIMA,VWO,0.0214022,0.00028381,0.0167053,0.0214022,0.00028381,0.0167053,"ARIMA(1, 0, 3)",0.0167053,-0.0046969,0.01698911,0.0,2026-W01
adj_close.csv,ARIMA,VWO,0.01226378,0.00764398,0.00906132,0.01226378,0.00764398,0.00906132,"ARIMA(1, 0, 3)",0.00906132,-0.00320246,0.0167053,0.0,2026-W02
adj_close.csv,ARIMA,VWO,0.0150335,0.00116941,0.01023072,0.0150335,0.00116941,0.01023072,"ARIMA(1, 0, 3)",0.01023072,-0.00480277,0.00906132,0.0,2026-W03
adj_close.csv,ARIMA,VWO,0.01479757,0.00342561,0.01365633,0.01479757,0.00342561,0.01365633,"ARIMA(1, 0, 3)",0.01365633,-0.00114124,0.01023072,0.0,2026-W04
adj_close.csv,ARIMA,VWO,0.00212147,0.01895481,0.00529848,0.00212147,0.01895481,0.00529848,"ARIMA(1, 0, 3)",-0.00529848,-0.00317701,0.01365633,0.0,2026-W05
adj_close.csv,ARIMA,VWO,0.00644904,0.01077306,0.00547458,0.00644904,0.01077306,0.00547458,"ARIMA(1, 0, 3)",0.00547458,-0.00097445,-0.00529848,0.0,2026-W06
adj_close.csv,ARIMA,XLB,0.02028081,0.01776677,0.01344818,0.02028081,0.01776677,0.01344818,"ARIMA(3, 0, 4)",0.01344818,-0.00683263,-0.00431859,0.0,2024-W30
adj_close.csv,ARIMA,XLB,0.01143195,0.02767363,0.01422545,0.01143195,0.02767363,0.01422545,"ARIMA(3, 0, 4)",-0.01422545,-0.00279349,0.01344818,0.0,2024-W31
adj_close.csv,ARIMA,XLB,0.01581549,0.00234827,0.01657372,0.01581549,0.00234827,0.01657372,"ARIMA(3, 0, 4)",-0.01657372,-0.00075823,-0.01422545,0.0,2024-W32
adj_close.csv,ARIMA,XLB,0.02931645,0.0390166,0.02244289,0.02931645,0.0390166,0.02244289,"ARIMA(3, 0, 4)",0.02244289,-0.00687357,-0.01657372,0.0,2024-W33
adj_close.csv,ARIMA,XLB,0.02552309,0.00112612,0.02356901,0.02552309,0.00112612,0.02356901,"ARIMA(3, 0, 4)",0.02356901,-0.00195409,0.02244289,0.0,2024-W34
adj_close.csv,ARIMA,XLB,0.01521258,0.00699211,0.0165769,0.01521258,0.00699211,0.0165769,"ARIMA(3, 0, 4)",0.0165769,0.00136432,0.02356901,0.0,2024-W35
adj_close.csv,ARIMA,XLB,0.04604528,0.06425923,0.04768233,0.04604528,0.06425923,0.04768233,"ARIMA(3, 0, 4)",-0.04768233,-0.00163706,0.0165769,0.0,2024-W36
adj_close.csv,ARIMA,XLB,0.03204142,0.07835616,0.03067382,0.03204142,0.07835616,0.03067382,"ARIMA(3, 0, 4)",0.03067382,-0.0013676,-0.04768233,0.0,2024-W37
adj_close.csv,ARIMA,XLB,0.01944847,0.01589526,0.01477857,0.01944847,0.01589526,0.01477857,"ARIMA(3, 0, 4)",0.01477857,-0.0046699,0.03067382,0.0,2024-W38
adj_close.csv,ARIMA,XLB,0.02645294,0.01952176,0.03430033,0.02645294,0.01952176,0.03430033,"ARIMA(3, 0, 4)",0.03430033,0.00784739,0.01477857,0.0,2024-W39
adj_close.csv,ARIMA,XLB,0.00288617,0.05252152,0.01822119,0.00288617,0.05252152,0.01822119,"ARIMA(3, 0, 4)",-0.01822119,-0.01533501,0.03430033,0.0,2024-W40
adj_close.csv,ARIMA,XLB,0.00109331,0.02575804,0.00753685,0.00109331,0.02575804,0.00753685,"ARIMA(3, 0, 4)",0.00753685,0.00644354,-0.01822119,0.0,2024-W41
adj_close.csv,ARIMA,XLB,0.02439202,0.01044629,0.01798314,0.02439202,0.01044629,0.01798314,"ARIMA(3, 0, 4)",0.01798314,-0.00640889,0.00753685,0.0,2024-W42
adj_close.csv,ARIMA,XLB,0.03980542,0.05629877,0.03831563,0.03980542,0.05629877,0.03831563,"ARIMA(3, 0, 4)",-0.03831563,0.00148979,0.01798314,0.0,2024-W43
adj_close.csv,ARIMA,XLB,0.00297789,0.02944285,0.00887279,0.00297789,0.02944285,0.00887279,"ARIMA(3, 0, 4)",-0.00887279,-0.0058949,-0.03831563,0.0,2024-W44
adj_close.csv,ARIMA,XLB,0.01690461,0.02315879,0.014286,0.01690461,0.02315879,0.014286,"ARIMA(3, 0, 4)",0.014286,-0.00261861,-0.00887279,0.0,2024-W45
adj_close.csv,ARIMA,XLB,0.04332692,0.04863667,0.03435067,0.04332692,0.04863667,0.03435067,"ARIMA(3, 0, 4)",-0.03435067,0.00897625,0.014286,0.0,2024-W46
adj_close.csv,ARIMA,XLB,0.04042842,0.06467074,0.03032007,0.04042842,0.06467074,0.03032007,"ARIMA(3, 0, 4)",0.03032007,-0.01010835,-0.03435067,0.0,2024-W47
adj_close.csv,ARIMA,XLB,0.00352481,0.02301332,0.00730676,0.00352481,0.02301332,0.00730676,"ARIMA(3, 0, 4)",0.00730676,0.00378195,0.03032007,0.0,2024-W48
adj_close.csv,ARIMA,XLB,0.03270106,0.03805544,0.03074869,0.03270106,0.03805544,0.03074869,"ARIMA(3, 0, 4)",-0.03074869,0.00195237,0.00730676,0.0,2024-W49
adj_close.csv,ARIMA,XLB,0.01645637,0.00115615,0.02959253,0.01645637,0.00115615,0.02959253,"ARIMA(3, 0, 4)",-0.02959253,-0.01313617,-0.03074869,0.0,2024-W50
adj_close.csv,ARIMA,XLB,0.05442157,0.01217312,0.04176565,0.05442157,0.01217312,0.04176565,"ARIMA(3, 0, 4)",-0.04176565,0.01265592,-0.02959253,0.0,2024-W51
adj_close.csv,ARIMA,XLB,0.00750276,0.03946066,0.00230499,0.00750276,0.03946066,0.00230499,"ARIMA(3, 0, 4)",-0.00230499,0.00519776,-0.04176565,0.0,2024-W52
adj_close.csv,ARIMA,XLB,0.02062918,0.01851279,0.02081778,0.02062918,0.01851279,0.02081778,"ARIMA(3, 0, 4)",-0.02081778,-0.0001886,-0.00230499,0.0,2025-W01
adj_close.csv,ARIMA,XLB,0.00798448,0.02213905,0.00132127,0.00798448,0.02213905,0.00132127,"ARIMA(3, 0, 4)",0.00132127,0.00930575,-0.02081778,0.0,2025-W02
adj_close.csv,ARIMA,XLB,0.06247244,0.05731012,0.05863139,0.06247244,0.05731012,0.05863139,"ARIMA(3, 0, 4)",0.05863139,-0.00384105,0.00132127,0.0,2025-W03
adj_close.csv,ARIMA,XLB,0.00178959,0.05107495,0.00755644,0.00178959,0.05107495,0.00755644,"ARIMA(3, 0, 4)",0.00755644,0.00934603,0.05863139,0.0,2025-W04
adj_close.csv,ARIMA,XLB,0.00365188,0.00991872,0.00236228,0.00365188,0.00991872,0.00236228,"ARIMA(3, 0, 4)",-0.00236228,-0.00601416,0.00755644,0.0,2025-W05
adj_close.csv,ARIMA,XLB,0.00119303,0.00328496,0.00564724,0.00119303,0.00328496,0.00564724,"ARIMA(3, 0, 4)",-0.00564724,-0.00684027,-0.00236228,0.0,2025-W06
adj_close.csv,ARIMA,XLB,0.00831931,0.02316203,0.01751479,0.00831931,0.02316203,0.01751479,"ARIMA(3, 0, 4)",0.01751479,0.00919548,-0.00564724,0.0,2025-W07
adj_close.csv,ARIMA,XLB,0.01281133,0.0375245,0.02000971,0.01281133,0.0375245,0.02000971,"ARIMA(3, 0, 4)",-0.02000971,-0.00719838,0.01751479,0.0,2025-W08
adj_close.csv,ARIMA,XLB,0.00696307,0.02781388,0.00780417,0.00696307,0.02781388,0.00780417,"ARIMA(3, 0, 4)",0.00780417,0.0008411,-0.02000971,0.0,2025-W09
adj_close.csv,ARIMA,XLB,0.00870074,0.01845102,0.01064685,0.00870074,0.01845102,0.01064685,"ARIMA(3, 0, 4)",-0.01064685,-0.00194611,0.00780417,0.0,2025-W10
adj_close.csv,ARIMA,XLB,0.01924952,0.01052769,0.02117453,0.01924952,0.01052769,0.02117453,"ARIMA(3, 0, 4)",-0.02117453,-0.00192502,-0.01064685,0.0,2025-W11
adj_close.csv,ARIMA,XLB,0.00368616,0.01896231,0.00221223,0.00368616,0.01896231,0.00221223,"ARIMA(3, 0, 4)",-0.00221223,0.00147394,-0.02117453,0.0,2025-W12
adj_close.csv,ARIMA,XLB,0.00563212,0.00169541,0.00390764,0.00563212,0.00169541,0.00390764,"ARIMA(3, 0, 4)",-0.00390764,0.00172448,-0.00221223,0.0,2025-W13
adj_close.csv,ARIMA,XLB,0.08811619,0.08416262,0.08807025,0.08811619,0.08416262,0.08807025,"ARIMA(3, 0, 4)",-0.08807025,4.594e-05,-0.00390764,0.0,2025-W14
adj_close.csv,ARIMA,XLB,0.03099764,0.12115835,0.0330881,0.03099764,0.12115835,0.0330881,"ARIMA(3, 0, 4)",0.0330881,0.00209046,-0.08807025,0.0,2025-W15
adj_close.csv,ARIMA,XLB,0.0020011,0.02998735,0.00310075,0.0020011,0.02998735,0.00310075,"ARIMA(3, 0, 4)",0.00310075,0.00510185,0.0330881,0.0,2025-W16
adj_close.csv,ARIMA,XLB,0.01419664,0.01979306,0.02289381,0.01419664,0.01979306,0.02289381,"ARIMA(3, 0, 4)",0.02289381,0.00869716,0.00310075,0.0,2025-W17
adj_close.csv,ARIMA,XLB,0.0394243,0.00468178,0.02757558,0.0394243,0.00468178,0.02757558,"ARIMA(3, 0, 4)",0.02757558,-0.01184871,0.02289381,0.0,2025-W18
adj_close.csv,ARIMA,XLB,0.01510441,0.0319416,0.00436602,0.01510441,0.0319416,0.00436602,"ARIMA(3, 0, 4)",-0.00436602,0.0107384,0.02757558,0.0,2025-W19
adj_close.csv,ARIMA,XLB,0.04144599,0.03338736,0.02902134,0.04144599,0.03338736,0.02902134,"ARIMA(3, 0, 4)",0.02902134,-0.01242464,-0.00436602,0.0,2025-W20
adj_close.csv,ARIMA,XLB,0.01548186,0.04465118,0.01562984,0.01548186,0.04465118,0.01562984,"ARIMA(3, 0, 4)",-0.01562984,-0.00014797,0.02902134,0.0,2025-W21
adj_close.csv,ARIMA,XLB,0.00711082,0.0230699,0.00744006,0.00711082,0.0230699,0.00744006,"ARIMA(3, 0, 4)",0.00744006,0.00032925,-0.01562984,0.0,2025-W22
adj_close.csv,ARIMA,XLB,0.02066959,0.00910069,0.01654076,0.02066959,0.00910069,0.01654076,"ARIMA(3, 0, 4)",0.01654076,-0.00412883,0.00744006,0.0,2025-W23
adj_close.csv,ARIMA,XLB,0.00882212,0.02110801,0.00456725,0.00882212,0.02110801,0.00456725,"ARIMA(3, 0, 4)",-0.00456725,0.00425486,0.01654076,0.0,2025-W24
adj_close.csv,ARIMA,XLB,0.00507585,0.00648002,0.01104727,0.00507585,0.00648002,0.01104727,"ARIMA(3, 0, 4)",-0.01104727,-0.00597143,-0.00456725,0.0,2025-W25
adj_close.csv,ARIMA,XLB,0.02112374,0.03299525,0.02194798,0.02112374,0.03299525,0.02194798,"ARIMA(3, 0, 4)",0.02194798,0.00082423,-0.01104727,0.0,2025-W26
adj_close.csv,ARIMA,XLB,0.03960874,0.01688329,0.03883127,0.03960874,0.01688329,0.03883127,"ARIMA(3, 0, 4)",0.03883127,-0.00077747,0.02194798,0.0,2025-W27
adj_close.csv,ARIMA,XLB,0.00618406,0.03719098,0.00164029,0.00618406,0.03719098,0.00164029,"ARIMA(3, 0, 4)",0.00164029,-0.00454377,0.03883127,0.0,2025-W28
adj_close.csv,ARIMA,XLB,0.01115509,0.01594678,0.01430649,0.01115509,0.01594678,0.01430649,"ARIMA(3, 0, 4)",-0.01430649,-0.0031514,0.00164029,0.0,2025-W29
adj_close.csv,ARIMA,XLB,0.02700948,0.03785766,0.02355117,0.02700948,0.03785766,0.02355117,"ARIMA(3, 0, 4)",0.02355117,-0.00345831,-0.01430649,0.0,2025-W30
adj_close.csv,ARIMA,XLB,0.06183503,0.0866689,0.06311773,0.06183503,0.0866689,0.06311773,"ARIMA(3, 0, 4)",-0.06311773,-0.00128269,0.02355117,0.0,2025-W31
adj_close.csv,ARIMA,XLB,0.01947574,0.08173937,0.01862164,0.01947574,0.08173937,0.01862164,"ARIMA(3, 0, 4)",0.01862164,-0.0008541,-0.06311773,0.0,2025-W32
adj_close.csv,ARIMA,XLB,0.02251641,0.00021516,0.0188368,0.02251641,0.00021516,0.0188368,"ARIMA(3, 0, 4)",0.0188368,-0.00367961,0.01862164,0.0,2025-W33
adj_close.csv,ARIMA,XLB,0.01834012,0.0047634,0.0236002,0.01834012,0.0047634,0.0236002,"ARIMA(3, 0, 4)",0.0236002,0.00526008,0.0188368,0.0,2025-W34
adj_close.csv,ARIMA,XLB,0.01284669,0.02251598,0.00108422,0.01284669,0.02251598,0.00108422,"ARIMA(3, 0, 4)",0.00108422,-0.01176247,0.0236002,0.0,2025-W35
adj_close.csv,ARIMA,XLB,0.00482,0.00455791,0.00347369,0.00482,0.00455791,0.00347369,"ARIMA(3, 0, 4)",-0.00347369,0.00134631,0.00108422,0.0,2025-W36
adj_close.csv,ARIMA,XLB,0.00180033,0.00042426,0.00304943,0.00180033,0.00042426,0.00304943,"ARIMA(3, 0, 4)",-0.00304943,-0.00484976,-0.00347369,0.0,2025-W37
adj_close.csv,ARIMA,XLB,0.00430917,0.00626515,0.00931458,0.00430917,0.00626515,0.00931458,"ARIMA(3, 0, 4)",-0.00931458,-0.00500541,-0.00304943,0.0,2025-W38
adj_close.csv,ARIMA,XLB,0.01716366,0.00810378,0.01741836,0.01716366,0.00810378,0.01741836,"ARIMA(3, 0, 4)",-0.01741836,-0.0002547,-0.00931458,0.0,2025-W39
adj_close.csv,ARIMA,XLB,0.01389073,0.02883428,0.01141592,0.01389073,0.02883428,0.01141592,"ARIMA(3, 0, 4)",0.01141592,-0.00247481,-0.01741836,0.0,2025-W40
adj_close.csv,ARIMA,XLB,0.03422614,0.04548636,0.03407044,0.03422614,0.04548636,0.03407044,"ARIMA(3, 0, 4)",-0.03407044,0.0001557,0.01141592,0.0,2025-W41
adj_close.csv,ARIMA,XLB,0.01086016,0.04586021,0.01178977,0.01086016,0.04586021,0.01178977,"ARIMA(3, 0, 4)",0.01178977,0.00092961,-0.03407044,0.0,2025-W42
adj_close.csv,ARIMA,XLB,0.0149645,0.00098673,0.0127765,0.0149645,0.00098673,0.0127765,"ARIMA(3, 0, 4)",0.0127765,-0.002188,0.01178977,0.0,2025-W43
adj_close.csv,ARIMA,XLB,0.04133041,0.05102258,0.03824608,0.04133041,0.05102258,0.03824608,"ARIMA(3, 0, 4)",-0.03824608,0.00308433,0.0127765,0.0,2025-W44
adj_close.csv,ARIMA,XLB,0.00467617,0.03999547,0.00174939,0.00467617,0.03999547,0.00174939,"ARIMA(3, 0, 4)",0.00174939,-0.00292678,-0.03824608,0.0,2025-W45
adj_close.csv,ARIMA,XLB,0.00920507,0.00925948,0.01100887,0.00920507,0.00925948,0.01100887,"ARIMA(3, 0, 4)",0.01100887,0.0018038,0.00174939,0.0,2025-W46
adj_close.csv,ARIMA,XLB,0.00728756,0.01586096,0.00485209,0.00728756,0.01586096,0.00485209,"ARIMA(3, 0, 4)",-0.00485209,0.00243547,0.01100887,0.0,2025-W47
adj_close.csv,ARIMA,XLB,0.03887106,0.039564,0.03471191,0.03887106,0.039564,0.03471191,"ARIMA(3, 0, 4)",0.03471191,-0.00415915,-0.00485209,0.0,2025-W48
adj_close.csv,ARIMA,XLB,0.01266673,0.04845245,0.01374053,0.01266673,0.04845245,0.01374053,"ARIMA(3, 0, 4)",-0.01374053,-0.00107381,0.03471191,0.0,2025-W49
adj_close.csv,ARIMA,XLB,0.02272091,0.03749785,0.02375731,0.02272091,0.03749785,0.02375731,"ARIMA(3, 0, 4)",0.02375731,0.0010364,-0.01374053,0.0,2025-W50
adj_close.csv,ARIMA,XLB,0.00891113,0.01889654,0.00486077,0.00891113,0.01889654,0.00486077,"ARIMA(3, 0, 4)",0.00486077,-0.00405036,0.02375731,0.0,2025-W51
adj_close.csv,ARIMA,XLB,0.02132367,0.01646676,0.02132753,0.02132367,0.01646676,0.02132753,"ARIMA(3, 0, 4)",0.02132753,3.86e-06,0.00486077,0.0,2025-W52
adj_close.csv,ARIMA,XLB,0.0067318,0.02111071,0.00021681,0.0067318,0.02111071,0.00021681,"ARIMA(3, 0, 4)",0.00021681,-0.00651499,0.02132753,0.0,2026-W01
adj_close.csv,ARIMA,XLB,0.0468299,0.04513954,0.04535635,0.0468299,0.04513954,0.04535635,"ARIMA(3, 0, 4)",0.04535635,-0.00147355,0.00021681,0.0,2026-W02
adj_close.csv,ARIMA,XLB,0.01677871,0.0366911,0.00866525,0.01677871,0.0366911,0.00866525,"ARIMA(3, 0, 4)",0.00866525,-0.00811346,0.04535635,0.0,2026-W03
adj_close.csv,ARIMA,XLB,0.02904725,0.01748933,0.02615458,0.02904725,0.01748933,0.02615458,"ARIMA(3, 0, 4)",0.02615458,-0.00289267,0.00866525,0.0,2026-W04
adj_close.csv,ARIMA,XLB,0.00442275,0.04026204,0.01410746,0.00442275,0.04026204,0.01410746,"ARIMA(3, 0, 4)",-0.01410746,-0.00968471,0.02615458,0.0,2026-W05
adj_close.csv,ARIMA,XLB,0.01072779,0.0217905,0.00768304,0.01072779,0.0217905,0.00768304,"ARIMA(3, 0, 4)",0.00768304,-0.00304475,-0.01410746,0.0,2026-W06
adj_close.csv,ARIMA,XLE,0.00059752,0.02218206,0.00195059,0.00059752,0.02218206,0.00195059,"ARIMA(2, 0, 2)",-0.00195059,-0.00135307,0.02023148,0.0,2024-W30
adj_close.csv,ARIMA,XLE,0.03702189,0.04002916,0.04197975,0.03702189,0.04002916,0.04197975,"ARIMA(2, 0, 2)",-0.04197975,-0.00495786,-0.00195059,0.0,2024-W31
adj_close.csv,ARIMA,XLE,0.0102628,0.05334045,0.0113607,0.0102628,0.05334045,0.0113607,"ARIMA(2, 0, 2)",0.0113607,0.0010979,-0.04197975,0.0,2024-W32
adj_close.csv,ARIMA,XLE,0.00674253,0.00042507,0.01178577,0.00674253,0.00042507,0.01178577,"ARIMA(2, 0, 2)",0.01178577,0.00504324,0.0113607,0.0,2024-W33
adj_close.csv,ARIMA,XLE,0.00072094,0.01267052,0.00088475,0.00072094,0.01267052,0.00088475,"ARIMA(2, 0, 2)",-0.00088475,-0.00160569,0.01178577,0.0,2024-W34
adj_close.csv,ARIMA,XLE,0.01547312,0.01068286,0.00979811,0.01547312,0.01068286,0.00979811,"ARIMA(2, 0, 2)",0.00979811,-0.00567501,-0.00088475,0.0,2024-W35
adj_close.csv,ARIMA,XLE,0.05864883,0.0692663,0.05946819,0.05864883,0.0692663,0.05946819,"ARIMA(2, 0, 2)",-0.05946819,-0.00081936,0.00979811,0.0,2024-W36
adj_close.csv,ARIMA,XLE,0.01323765,0.05457307,0.00489512,0.01323765,0.05457307,0.00489512,"ARIMA(2, 0, 2)",-0.00489512,0.00834253,-0.05946819,0.0,2024-W37
adj_close.csv,ARIMA,XLE,0.0317506,0.04126272,0.0363676,0.0317506,0.04126272,0.0363676,"ARIMA(2, 0, 2)",0.0363676,0.004617,-0.00489512,0.0,2024-W38
adj_close.csv,ARIMA,XLE,0.00063489,0.04598964,0.00962203,0.00063489,0.04598964,0.00962203,"ARIMA(2, 0, 2)",-0.00962203,-0.00898715,0.0363676,0.0,2024-W39
adj_close.csv,ARIMA,XLE,0.07522229,0.07606546,0.06644342,0.07522229,0.07606546,0.06644342,"ARIMA(2, 0, 2)",0.06644342,-0.00877886,-0.00962203,0.0,2024-W40
adj_close.csv,ARIMA,XLE,0.00548754,0.07042217,0.00397874,0.00548754,0.07042217,0.00397874,"ARIMA(2, 0, 2)",-0.00397874,0.0015088,0.06644342,0.0,2024-W41
adj_close.csv,ARIMA,XLE,0.02965837,0.02299531,0.02697405,0.02965837,0.02299531,0.02697405,"ARIMA(2, 0, 2)",-0.02697405,0.00268432,-0.00397874,0.0,2024-W42
adj_close.csv,ARIMA,XLE,0.01332643,0.02064454,0.00632951,0.01332643,0.02064454,0.00632951,"ARIMA(2, 0, 2)",-0.00632951,0.00699692,-0.02697405,0.0,2024-W43
adj_close.csv,ARIMA,XLE,0.01531423,0.01324362,0.01957313,0.01531423,0.01324362,0.01957313,"ARIMA(2, 0, 2)",-0.01957313,-0.0042589,-0.00632951,0.0,2024-W44
adj_close.csv,ARIMA,XLE,0.0604012,0.08252715,0.06295402,0.0604012,0.08252715,0.06295402,"ARIMA(2, 0, 2)",0.06295402,0.00255282,-0.01957313,0.0,2024-W45
adj_close.csv,ARIMA,XLE,0.00327076,0.05255491,0.01039911,0.00327076,0.05255491,0.01039911,"ARIMA(2, 0, 2)",0.01039911,0.00712835,0.06295402,0.0,2024-W46
adj_close.csv,ARIMA,XLE,0.02661018,0.01606071,0.02645982,0.02661018,0.01606071,0.02645982,"ARIMA(2, 0, 2)",0.02645982,-0.00015036,0.01039911,0.0,2024-W47
adj_close.csv,ARIMA,XLE,0.0112691,0.04450997,0.01805015,0.0112691,0.04450997,0.01805015,"ARIMA(2, 0, 2)",-0.01805015,-0.00678106,0.02645982,0.0,2024-W48
adj_close.csv,ARIMA,XLE,0.05202175,0.03031103,0.04836118,0.05202175,0.03031103,0.04836118,"ARIMA(2, 0, 2)",-0.04836118,0.00366057,-0.01805015,0.0,2024-W49
adj_close.csv,ARIMA,XLE,0.0232718,0.02838718,0.019974,0.0232718,0.02838718,0.019974,"ARIMA(2, 0, 2)",-0.019974,0.0032978,-0.04836118,0.0,2024-W50
adj_close.csv,ARIMA,XLE,0.05263497,0.0386493,0.0586233,0.05263497,0.0386493,0.0586233,"ARIMA(2, 0, 2)",-0.0586233,-0.00598833,-0.019974,0.0,2024-W51
adj_close.csv,ARIMA,XLE,0.0153413,0.07195705,0.01333375,0.0153413,0.07195705,0.01333375,"ARIMA(2, 0, 2)",0.01333375,-0.00200755,-0.0586233,0.0,2024-W52
adj_close.csv,ARIMA,XLE,0.02710539,0.02050078,0.03383453,0.02710539,0.02050078,0.03383453,"ARIMA(2, 0, 2)",0.03383453,0.00672914,0.01333375,0.0,2025-W01
adj_close.csv,ARIMA,XLE,0.01041242,0.02337162,0.01046291,0.01041242,0.02337162,0.01046291,"ARIMA(2, 0, 2)",0.01046291,5.049e-05,0.03383453,0.0,2025-W02
adj_close.csv,ARIMA,XLE,0.0675307,0.05064739,0.0611103,0.0675307,0.05064739,0.0611103,"ARIMA(2, 0, 2)",0.0611103,-0.0064204,0.01046291,0.0,2025-W03
adj_close.csv,ARIMA,XLE,0.02953593,0.08971916,0.02860886,0.02953593,0.08971916,0.02860886,"ARIMA(2, 0, 2)",-0.02860886,0.00092706,0.0611103,0.0,2025-W04
adj_close.csv,ARIMA,XLE,0.04455921,0.01241385,0.04102271,0.04455921,0.01241385,0.04102271,"ARIMA(2, 0, 2)",-0.04102271,0.0035365,-0.02860886,0.0,2025-W05
adj_close.csv,ARIMA,XLE,0.01018824,0.05146543,0.01044272,0.01018824,0.05146543,0.01044272,"ARIMA(2, 0, 2)",0.01044272,0.00025448,-0.04102271,0.0,2025-W06
adj_close.csv,ARIMA,XLE,0.01749604,0.00646409,0.01690682,0.01749604,0.00646409,0.01690682,"ARIMA(2, 0, 2)",0.01690682,-0.00058922,0.01044272,0.0,2025-W07
adj_close.csv,ARIMA,XLE,0.00951188,0.00740393,0.00950288,0.00951188,0.00740393,0.00950288,"ARIMA(2, 0, 2)",0.00950288,-9e-06,0.01690682,0.0,2025-W08
adj_close.csv,ARIMA,XLE,0.00175268,0.00873331,0.00076957,0.00175268,0.00873331,0.00076957,"ARIMA(2, 0, 2)",0.00076957,-0.00098311,0.00950288,0.0,2025-W09
adj_close.csv,ARIMA,XLE,0.0407361,0.04079075,0.04002117,0.0407361,0.04079075,0.04002117,"ARIMA(2, 0, 2)",-0.04002117,0.00071493,0.00076957,0.0,2025-W10
adj_close.csv,ARIMA,XLE,0.01986186,0.06632228,0.0263011,0.01986186,0.06632228,0.0263011,"ARIMA(2, 0, 2)",0.0263011,0.00643924,-0.04002117,0.0,2025-W11
adj_close.csv,ARIMA,XLE,0.03109778,0.00398414,0.03028525,0.03109778,0.00398414,0.03028525,"ARIMA(2, 0, 2)",0.03028525,-0.00081254,0.0263011,0.0,2025-W12
adj_close.csv,ARIMA,XLE,0.01441626,0.02348936,0.00679588,0.01441626,0.02348936,0.00679588,"ARIMA(2, 0, 2)",0.00679588,-0.00762038,0.03028525,0.0,2025-W13
adj_close.csv,ARIMA,XLE,0.15644872,0.16684225,0.16004637,0.15644872,0.16684225,0.16004637,"ARIMA(2, 0, 2)",-0.16004637,-0.00359765,0.00679588,0.0,2025-W14
adj_close.csv,ARIMA,XLE,0.01169281,0.16169548,0.0016491,0.01169281,0.16169548,0.0016491,"ARIMA(2, 0, 2)",0.0016491,0.01334192,-0.16004637,0.0,2025-W15
adj_close.csv,ARIMA,XLE,0.0214859,0.03089951,0.03254862,0.0214859,0.03089951,0.03254862,"ARIMA(2, 0, 2)",0.03254862,0.01106272,0.0016491,0.0,2025-W16
adj_close.csv,ARIMA,XLE,0.02423546,0.02168746,0.01086115,0.02423546,0.02168746,0.01086115,"ARIMA(2, 0, 2)",0.01086115,-0.0133743,0.03254862,0.0,2025-W17
adj_close.csv,ARIMA,XLE,0.00946027,0.01584999,0.00498884,0.00946027,0.01584999,0.00498884,"ARIMA(2, 0, 2)",-0.00498884,-0.01444911,0.01086115,0.0,2025-W18
adj_close.csv,ARIMA,XLE,0.00166692,0.01046297,0.00547413,0.00166692,0.01046297,0.00547413,"ARIMA(2, 0, 2)",0.00547413,0.00714105,-0.00498884,0.0,2025-W19
adj_close.csv,ARIMA,XLE,0.02057897,0.03085894,0.03633306,0.02057897,0.03085894,0.03633306,"ARIMA(2, 0, 2)",0.03633306,0.01575409,0.00547413,0.0,2025-W20
adj_close.csv,ARIMA,XLE,0.0375826,0.0780183,0.04168524,0.0375826,0.0780183,0.04168524,"ARIMA(2, 0, 2)",-0.04168524,-0.00410264,0.03633306,0.0,2025-W21
adj_close.csv,ARIMA,XLE,0.00942011,0.03605894,0.0056263,0.00942011,0.03605894,0.0056263,"ARIMA(2, 0, 2)",-0.0056263,-0.01504642,-0.04168524,0.0,2025-W22
adj_close.csv,ARIMA,XLE,0.02218166,0.02842353,0.02279722,0.02218166,0.02842353,0.02279722,"ARIMA(2, 0, 2)",0.02279722,0.00061557,-0.0056263,0.0,2025-W23
adj_close.csv,ARIMA,XLE,0.04136894,0.03190715,0.05470437,0.04136894,0.03190715,0.05470437,"ARIMA(2, 0, 2)",0.05470437,0.01333543,0.02279722,0.0,2025-W24
adj_close.csv,ARIMA,XLE,0.00900566,0.04476525,0.00993912,0.00900566,0.04476525,0.00993912,"ARIMA(2, 0, 2)",0.00993912,0.00093347,0.05470437,0.0,2025-W25
adj_close.csv,ARIMA,XLE,0.019507,0.04407437,0.03413525,0.019507,0.04407437,0.03413525,"ARIMA(2, 0, 2)",-0.03413525,-0.01462825,0.00993912,0.0,2025-W26
adj_close.csv,ARIMA,XLE,0.02508324,0.05421372,0.02007847,0.02508324,0.05421372,0.02007847,"ARIMA(2, 0, 2)",0.02007847,-0.00500477,-0.03413525,0.0,2025-W27
adj_close.csv,ARIMA,XLE,0.01034839,0.00376458,0.02384306,0.01034839,0.00376458,0.02384306,"ARIMA(2, 0, 2)",0.02384306,0.01349466,0.02007847,0.0,2025-W28
adj_close.csv,ARIMA,XLE,0.04140738,0.06005702,0.03621396,0.04140738,0.06005702,0.03621396,"ARIMA(2, 0, 2)",-0.03621396,0.00519342,0.02384306,0.0,2025-W29
adj_close.csv,ARIMA,XLE,0.02292434,0.04938882,0.01317486,0.02292434,0.04938882,0.01317486,"ARIMA(2, 0, 2)",0.01317486,-0.00974948,-0.03621396,0.0,2025-W30
adj_close.csv,ARIMA,XLE,0.00979489,0.03066326,0.0174884,0.00979489,0.03066326,0.0174884,"ARIMA(2, 0, 2)",-0.0174884,-0.00769351,0.01317486,0.0,2025-W31
adj_close.csv,ARIMA,XLE,0.01430427,0.00974738,0.00774102,0.01430427,0.00974738,0.00774102,"ARIMA(2, 0, 2)",-0.00774102,0.00656326,-0.0174884,0.0,2025-W32
adj_close.csv,ARIMA,XLE,0.00308911,0.01513146,0.00739044,0.00308911,0.01513146,0.00739044,"ARIMA(2, 0, 2)",0.00739044,0.01047955,-0.00774102,0.0,2025-W33
adj_close.csv,ARIMA,XLE,0.03244719,0.02231811,0.02970855,0.03244719,0.02231811,0.02970855,"ARIMA(2, 0, 2)",0.02970855,-0.00273864,0.00739044,0.0,2025-W34
adj_close.csv,ARIMA,XLE,0.03888553,0.00450137,0.02520718,0.03888553,0.00450137,0.02520718,"ARIMA(2, 0, 2)",0.02520718,-0.01367835,0.02970855,0.0,2025-W35
adj_close.csv,ARIMA,XLE,0.031397,0.05930328,0.0340961,0.031397,0.05930328,0.0340961,"ARIMA(2, 0, 2)",-0.0340961,-0.0026991,0.02520718,0.0,2025-W36
adj_close.csv,ARIMA,XLE,0.00089295,0.04819036,0.01409426,0.00089295,0.04819036,0.01409426,"ARIMA(2, 0, 2)",0.01409426,0.01320131,-0.0340961,0.0,2025-W37
adj_close.csv,ARIMA,XLE,0.00764488,0.01499759,0.00090333,0.00764488,0.01499759,0.00090333,"ARIMA(2, 0, 2)",-0.00090333,0.00674155,0.01409426,0.0,2025-W38
adj_close.csv,ARIMA,XLE,0.05869783,0.04785208,0.04694875,0.05869783,0.04785208,0.04694875,"ARIMA(2, 0, 2)",0.04694875,-0.01174907,-0.00090333,0.0,2025-W39
adj_close.csv,ARIMA,XLE,0.02420222,0.08100396,0.03405521,0.02420222,0.08100396,0.03405521,"ARIMA(2, 0, 2)",-0.03405521,-0.00985298,0.04694875,0.0,2025-W40
adj_close.csv,ARIMA,XLE,0.05084047,0.0083333,0.0423885,0.05084047,0.0083333,0.0423885,"ARIMA(2, 0, 2)",-0.0423885,0.00845197,-0.03405521,0.0,2025-W41
adj_close.csv,ARIMA,XLE,0.00724382,0.05126709,0.00887859,0.00724382,0.05126709,0.00887859,"ARIMA(2, 0, 2)",0.00887859,0.01612241,-0.0423885,0.0,2025-W42
adj_close.csv,ARIMA,XLE,0.02639726,0.01513865,0.02401724,0.02639726,0.01513865,0.02401724,"ARIMA(2, 0, 2)",0.02401724,-0.00238002,0.00887859,0.0,2025-W43
adj_close.csv,ARIMA,XLE,0.01797638,0.02333627,0.00068097,0.01797638,0.02333627,0.00068097,"ARIMA(2, 0, 2)",0.00068097,-0.01729541,0.02401724,0.0,2025-W44
adj_close.csv,ARIMA,XLE,0.01986803,0.01519153,0.0158725,0.01986803,0.01519153,0.0158725,"ARIMA(2, 0, 2)",0.0158725,-0.00399553,0.00068097,0.0,2025-W45
adj_close.csv,ARIMA,XLE,0.01207793,0.01144798,0.02732049,0.01207793,0.01144798,0.02732049,"ARIMA(2, 0, 2)",0.02732049,0.01524256,0.0158725,0.0,2025-W46
adj_close.csv,ARIMA,XLE,0.03537868,0.05598208,0.02866159,0.03537868,0.05598208,0.02866159,"ARIMA(2, 0, 2)",-0.02866159,0.00671708,0.02732049,0.0,2025-W47
adj_close.csv,ARIMA,XLE,0.02317378,0.04011443,0.01145284,0.02317378,0.04011443,0.01145284,"ARIMA(2, 0, 2)",0.01145284,-0.01172095,-0.02866159,0.0,2025-W48
adj_close.csv,ARIMA,XLE,0.0259251,0.00379787,0.01525071,0.0259251,0.00379787,0.01525071,"ARIMA(2, 0, 2)",0.01525071,-0.01067439,0.01145284,0.0,2025-W49
adj_close.csv,ARIMA,XLE,0.0161189,0.02421933,0.00896862,0.0161189,0.02421933,0.00896862,"ARIMA(2, 0, 2)",-0.00896862,0.00715028,0.01525071,0.0,2025-W50
adj_close.csv,ARIMA,XLE,0.03820359,0.02182364,0.03079226,0.03820359,0.02182364,0.03079226,"ARIMA(2, 0, 2)",-0.03079226,0.00741133,-0.00896862,0.0,2025-W51
adj_close.csv,ARIMA,XLE,0.01081737,0.04086546,0.01007321,0.01081737,0.04086546,0.01007321,"ARIMA(2, 0, 2)",0.01007321,-0.00074417,-0.03079226,0.0,2025-W52
adj_close.csv,ARIMA,XLE,0.04084133,0.02220563,0.03227883,0.04084133,0.02220563,0.03227883,"ARIMA(2, 0, 2)",0.03227883,-0.00856249,0.01007321,0.0,2026-W01
adj_close.csv,ARIMA,XLE,0.02809545,0.01018095,0.02209788,0.02809545,0.01018095,0.02209788,"ARIMA(2, 0, 2)",0.02209788,-0.00599757,0.03227883,0.0,2026-W02
adj_close.csv,ARIMA,XLE,0.01372965,0.0004777,0.02162018,0.01372965,0.0004777,0.02162018,"ARIMA(2, 0, 2)",0.02162018,0.00789053,0.02209788,0.0,2026-W03
adj_close.csv,ARIMA,XLE,0.02694283,0.00934844,0.03096862,0.02694283,0.00934844,0.03096862,"ARIMA(2, 0, 2)",0.03096862,0.00402579,0.02162018,0.0,2026-W04
adj_close.csv,ARIMA,XLE,0.04702545,0.00614659,0.03711521,0.04702545,0.00614659,0.03711521,"ARIMA(2, 0, 2)",0.03711521,-0.00991025,0.03096862,0.0,2026-W05
adj_close.csv,ARIMA,XLE,0.01011736,0.05689825,0.01978304,0.01011736,0.05689825,0.01978304,"ARIMA(2, 0, 2)",-0.01978304,-0.00966568,0.03711521,0.0,2026-W06
adj_close.csv,ARIMA,XLF,0.0201454,0.00195522,0.0129844,0.0201454,0.00195522,0.0129844,"ARIMA(3, 0, 2)",0.0129844,-0.007161,0.01102918,0.0,2024-W30
adj_close.csv,ARIMA,XLF,0.03629171,0.04457712,0.03159272,0.03629171,0.04457712,0.03159272,"ARIMA(3, 0, 2)",-0.03159272,0.00469899,0.0129844,0.0,2024-W31
adj_close.csv,ARIMA,XLF,0.01419873,0.03964393,0.0080512,0.01419873,0.03964393,0.0080512,"ARIMA(3, 0, 2)",0.0080512,-0.00614752,-0.03159272,0.0,2024-W32
adj_close.csv,ARIMA,XLF,0.02964438,0.02374894,0.03180014,0.02964438,0.02374894,0.03180014,"ARIMA(3, 0, 2)",0.03180014,0.00215576,0.0080512,0.0,2024-W33
adj_close.csv,ARIMA,XLF,0.00834638,0.01683391,0.01496623,0.00834638,0.01683391,0.01496623,"ARIMA(3, 0, 2)",0.01496623,0.00661986,0.03180014,0.0,2024-W34
adj_close.csv,ARIMA,XLF,0.03940631,0.01409216,0.02905839,0.03940631,0.01409216,0.02905839,"ARIMA(3, 0, 2)",0.02905839,-0.01034792,0.01496623,0.0,2024-W35
adj_close.csv,ARIMA,XLF,0.04122701,0.06127275,0.03221436,0.04122701,0.06127275,0.03221436,"ARIMA(3, 0, 2)",-0.03221436,0.00901265,0.02905839,0.0,2024-W36
adj_close.csv,ARIMA,XLF,0.01093002,0.03716925,0.0049549,0.01093002,0.03716925,0.0049549,"ARIMA(3, 0, 2)",0.0049549,-0.00597512,-0.03221436,0.0,2024-W37
adj_close.csv,ARIMA,XLF,0.02612335,0.02055397,0.02550886,0.02612335,0.02055397,0.02550886,"ARIMA(3, 0, 2)",0.02550886,-0.00061449,0.0049549,0.0,2024-W38
adj_close.csv,ARIMA,XLF,0.01375565,0.03312106,0.0076122,0.01375565,0.03312106,0.0076122,"ARIMA(3, 0, 2)",-0.0076122,0.00614345,0.02550886,0.0,2024-W39
adj_close.csv,ARIMA,XLF,0.01933851,0.01862555,0.01101335,0.01933851,0.01862555,0.01101335,"ARIMA(3, 0, 2)",0.01101335,-0.00832516,-0.0076122,0.0,2024-W40
adj_close.csv,ARIMA,XLF,0.01511803,0.00765031,0.01866366,0.01511803,0.00765031,0.01866366,"ARIMA(3, 0, 2)",0.01866366,0.00354563,0.01101335,0.0,2024-W41
adj_close.csv,ARIMA,XLF,0.02084776,0.00492186,0.02358552,0.02084776,0.00492186,0.02358552,"ARIMA(3, 0, 2)",0.02358552,0.00273776,0.01866366,0.0,2024-W42
adj_close.csv,ARIMA,XLF,0.01467503,0.04459416,0.02100864,0.01467503,0.04459416,0.02100864,"ARIMA(3, 0, 2)",-0.02100864,-0.00633361,0.02358552,0.0,2024-W43
adj_close.csv,ARIMA,XLF,3.384e-05,0.02122295,0.00021431,3.384e-05,0.02122295,0.00021431,"ARIMA(3, 0, 2)",0.00021431,0.00018047,-0.02100864,0.0,2024-W44
adj_close.csv,ARIMA,XLF,0.05237351,0.05301764,0.05323195,0.05237351,0.05301764,0.05323195,"ARIMA(3, 0, 2)",0.05323195,0.00085844,0.00021431,0.0,2024-W45
adj_close.csv,ARIMA,XLF,0.01122886,0.03950263,0.01372932,0.01122886,0.03950263,0.01372932,"ARIMA(3, 0, 2)",0.01372932,0.00250046,0.05323195,0.0,2024-W46
adj_close.csv,ARIMA,XLF,0.02608923,0.00336837,0.01709768,0.02608923,0.00336837,0.01709768,"ARIMA(3, 0, 2)",0.01709768,-0.00899154,0.01372932,0.0,2024-W47
adj_close.csv,ARIMA,XLF,0.0117902,0.00514489,0.0119528,0.0117902,0.00514489,0.0119528,"ARIMA(3, 0, 2)",0.0119528,0.0001626,0.01709768,0.0,2024-W48
adj_close.csv,ARIMA,XLF,0.02183491,0.03043174,0.01847895,0.02183491,0.03043174,0.01847895,"ARIMA(3, 0, 2)",-0.01847895,0.00335596,0.0119528,0.0,2024-W49
adj_close.csv,ARIMA,XLF,0.0103488,0.00126819,0.01721076,0.0103488,0.00126819,0.01721076,"ARIMA(3, 0, 2)",-0.01721076,-0.00686196,-0.01847895,0.0,2024-W50
adj_close.csv,ARIMA,XLF,0.02388906,0.00379978,0.02101054,0.02388906,0.00379978,0.02101054,"ARIMA(3, 0, 2)",-0.02101054,0.00287852,-0.01721076,0.0,2024-W51
adj_close.csv,ARIMA,XLF,0.00543167,0.03020134,0.0091908,0.00543167,0.03020134,0.0091908,"ARIMA(3, 0, 2)",0.0091908,0.00375913,-0.02101054,0.0,2024-W52
adj_close.csv,ARIMA,XLF,0.00199544,0.01247823,0.00328743,0.00199544,0.01247823,0.00328743,"ARIMA(3, 0, 2)",-0.00328743,-0.00129198,0.0091908,0.0,2025-W01
adj_close.csv,ARIMA,XLF,0.02636599,0.0231973,0.02648473,0.02636599,0.0231973,0.02648473,"ARIMA(3, 0, 2)",-0.02648473,-0.00011874,-0.00328743,0.0,2025-W02
adj_close.csv,ARIMA,XLF,0.06130441,0.08616412,0.05967939,0.06130441,0.08616412,0.05967939,"ARIMA(3, 0, 2)",0.05967939,-0.00162502,-0.02648473,0.0,2025-W03
adj_close.csv,ARIMA,XLF,0.00582311,0.04741167,0.01226773,0.00582311,0.04741167,0.01226773,"ARIMA(3, 0, 2)",0.01226773,0.00644462,0.05967939,0.0,2025-W04
adj_close.csv,ARIMA,XLF,0.01858282,0.00014875,0.01211898,0.01858282,0.00014875,0.01211898,"ARIMA(3, 0, 2)",0.01211898,-0.00646384,0.01226773,0.0,2025-W05
adj_close.csv,ARIMA,XLF,0.01271458,0.00534198,0.00677699,0.01271458,0.00534198,0.00677699,"ARIMA(3, 0, 2)",0.00677699,-0.00593759,0.01211898,0.0,2025-W06
adj_close.csv,ARIMA,XLF,0.00938807,0.00716288,0.00038588,0.00938807,0.00716288,0.00038588,"ARIMA(3, 0, 2)",-0.00038588,0.00900219,0.00677699,0.0,2025-W07
adj_close.csv,ARIMA,XLF,0.01681583,0.02009274,0.02047862,0.01681583,0.02009274,0.02047862,"ARIMA(3, 0, 2)",-0.02047862,-0.00366279,-0.00038588,0.0,2025-W08
adj_close.csv,ARIMA,XLF,0.03101306,0.04826628,0.02778766,0.03101306,0.04826628,0.02778766,"ARIMA(3, 0, 2)",0.02778766,-0.0032254,-0.02047862,0.0,2025-W09
adj_close.csv,ARIMA,XLF,0.0659164,0.08822056,0.0604329,0.0659164,0.08822056,0.0604329,"ARIMA(3, 0, 2)",-0.0604329,0.0054835,0.02778766,0.0,2025-W10
adj_close.csv,ARIMA,XLF,0.00109882,0.04814265,0.01229026,0.00109882,0.04814265,0.01229026,"ARIMA(3, 0, 2)",-0.01229026,-0.01119144,-0.0604329,0.0,2025-W11
adj_close.csv,ARIMA,XLF,0.0170842,0.0314783,0.01918804,0.0170842,0.0314783,0.01918804,"ARIMA(3, 0, 2)",0.01918804,0.00210384,-0.01229026,0.0,2025-W12
adj_close.csv,ARIMA,XLF,0.01174161,0.02062977,0.00144172,0.01174161,0.02062977,0.00144172,"ARIMA(3, 0, 2)",-0.00144172,0.01029989,0.01918804,0.0,2025-W13
adj_close.csv,ARIMA,XLF,0.09853986,0.10593029,0.10737201,0.09853986,0.10593029,0.10737201,"ARIMA(3, 0, 2)",-0.10737201,-0.00883216,-0.00144172,0.0,2025-W14
adj_close.csv,ARIMA,XLF,0.05713736,0.16174871,0.0543767,0.05713736,0.16174871,0.0543767,"ARIMA(3, 0, 2)",0.0543767,-0.00276067,-0.10737201,0.0,2025-W15
adj_close.csv,ARIMA,XLF,0.02189366,0.05480519,0.00042849,0.02189366,0.05480519,0.00042849,"ARIMA(3, 0, 2)",-0.00042849,0.02146517,0.0543767,0.0,2025-W16
adj_close.csv,ARIMA,XLF,0.04131357,0.02937317,0.02894467,0.04131357,0.02937317,0.02894467,"ARIMA(3, 0, 2)",0.02894467,-0.01236889,-0.00042849,0.0,2025-W17
adj_close.csv,ARIMA,XLF,0.04565498,0.00664902,0.03559369,0.04565498,0.00664902,0.03559369,"ARIMA(3, 0, 2)",0.03559369,-0.01006129,0.02894467,0.0,2025-W18
adj_close.csv,ARIMA,XLF,0.00476972,0.03358602,0.00200767,0.00476972,0.03358602,0.00200767,"ARIMA(3, 0, 2)",0.00200767,0.00677739,0.03559369,0.0,2025-W19
adj_close.csv,ARIMA,XLF,0.04964365,0.03210116,0.03410883,0.04964365,0.03210116,0.03410883,"ARIMA(3, 0, 2)",0.03410883,-0.01553482,0.00200767,0.0,2025-W20
adj_close.csv,ARIMA,XLF,0.03498565,0.06441416,0.03030533,0.03498565,0.06441416,0.03030533,"ARIMA(3, 0, 2)",-0.03030533,0.00468032,0.03410883,0.0,2025-W21
adj_close.csv,ARIMA,XLF,0.01850432,0.04832376,0.01801843,0.01850432,0.04832376,0.01801843,"ARIMA(3, 0, 2)",0.01801843,-0.00048588,-0.03030533,0.0,2025-W22
adj_close.csv,ARIMA,XLF,0.00890725,0.01175856,0.00625987,0.00890725,0.01175856,0.00625987,"ARIMA(3, 0, 2)",0.00625987,-0.00264738,0.01801843,0.0,2025-W23
adj_close.csv,ARIMA,XLF,0.03255155,0.0323381,0.02607823,0.03255155,0.0323381,0.02607823,"ARIMA(3, 0, 2)",-0.02607823,0.00647332,0.00625987,0.0,2025-W24
adj_close.csv,ARIMA,XLF,0.01368421,0.03405285,0.00797461,0.01368421,0.03405285,0.00797461,"ARIMA(3, 0, 2)",0.00797461,-0.00570959,-0.02607823,0.0,2025-W25
adj_close.csv,ARIMA,XLF,0.03335216,0.02633864,0.03431325,0.03335216,0.02633864,0.03431325,"ARIMA(3, 0, 2)",0.03431325,0.00096109,0.00797461,0.0,2025-W26
adj_close.csv,ARIMA,XLF,0.02218901,0.01053207,0.02378118,0.02218901,0.01053207,0.02378118,"ARIMA(3, 0, 2)",0.02378118,0.00159217,0.03431325,0.0,2025-W27
adj_close.csv,ARIMA,XLF,0.01399363,0.04333567,0.01955449,0.01399363,0.04333567,0.01955449,"ARIMA(3, 0, 2)",-0.01955449,-0.00556086,0.02378118,0.0,2025-W28
adj_close.csv,ARIMA,XLF,0.00019881,0.02681342,0.00725894,0.00019881,0.02681342,0.00725894,"ARIMA(3, 0, 2)",0.00725894,0.00745775,-0.01955449,0.0,2025-W29
adj_close.csv,ARIMA,XLF,0.01236558,0.00972578,0.01698471,0.01236558,0.00972578,0.01698471,"ARIMA(3, 0, 2)",0.01698471,0.00461913,0.00725894,0.0,2025-W30
adj_close.csv,ARIMA,XLF,0.03286077,0.05590602,0.03892131,0.03286077,0.05590602,0.03892131,"ARIMA(3, 0, 2)",-0.03892131,-0.00606054,0.01698471,0.0,2025-W31
adj_close.csv,ARIMA,XLF,0.00345704,0.04763798,0.00871667,0.00345704,0.04763798,0.00871667,"ARIMA(3, 0, 2)",0.00871667,0.00525963,-0.03892131,0.0,2025-W32
adj_close.csv,ARIMA,XLF,0.01018175,0.00297937,0.01169604,0.01018175,0.00297937,0.01169604,"ARIMA(3, 0, 2)",0.01169604,0.00151429,0.00871667,0.0,2025-W33
adj_close.csv,ARIMA,XLF,0.02508674,0.0092422,0.02093824,0.02508674,0.0092422,0.02093824,"ARIMA(3, 0, 2)",0.02093824,-0.0041485,0.01169604,0.0,2025-W34
adj_close.csv,ARIMA,XLF,0.01433662,0.01312853,0.0078097,0.01433662,0.01312853,0.0078097,"ARIMA(3, 0, 2)",0.0078097,-0.00652692,0.02093824,0.0,2025-W35
adj_close.csv,ARIMA,XLF,0.01981101,0.02499683,0.01718712,0.01981101,0.02499683,0.01718712,"ARIMA(3, 0, 2)",-0.01718712,0.00262389,0.0078097,0.0,2025-W36
adj_close.csv,ARIMA,XLF,0.0141438,0.0308488,0.01366168,0.0141438,0.0308488,0.01366168,"ARIMA(3, 0, 2)",0.01366168,-0.00048213,-0.01718712,0.0,2025-W37
adj_close.csv,ARIMA,XLF,0.00460927,0.00533217,0.00832951,0.00460927,0.00533217,0.00832951,"ARIMA(3, 0, 2)",0.00832951,0.00372024,0.01366168,0.0,2025-W38
adj_close.csv,ARIMA,XLF,0.00147291,0.01225784,0.00392834,0.00147291,0.01225784,0.00392834,"ARIMA(3, 0, 2)",-0.00392834,-0.00245543,0.00832951,0.0,2025-W39
adj_close.csv,ARIMA,XLF,0.00110413,0.00132564,0.00260269,0.00110413,0.00132564,0.00260269,"ARIMA(3, 0, 2)",-0.00260269,-0.00149857,-0.00392834,0.0,2025-W40
adj_close.csv,ARIMA,XLF,0.03287699,0.02686681,0.0294695,0.03287699,0.02686681,0.0294695,"ARIMA(3, 0, 2)",-0.0294695,0.00340749,-0.00260269,0.0,2025-W41
adj_close.csv,ARIMA,XLF,0.00012429,0.02985289,0.00038339,0.00012429,0.02985289,0.00038339,"ARIMA(3, 0, 2)",0.00038339,0.0002591,-0.0294695,0.0,2025-W42
adj_close.csv,ARIMA,XLF,0.02067953,0.01728258,0.01766597,0.02067953,0.01728258,0.01766597,"ARIMA(3, 0, 2)",0.01766597,-0.00301357,0.00038339,0.0,2025-W43
adj_close.csv,ARIMA,XLF,0.01820445,0.03169737,0.0140314,0.01820445,0.03169737,0.0140314,"ARIMA(3, 0, 2)",-0.0140314,0.00417305,0.01766597,0.0,2025-W44
adj_close.csv,ARIMA,XLF,0.01235709,0.02182985,0.00779844,0.01235709,0.02182985,0.00779844,"ARIMA(3, 0, 2)",0.00779844,-0.00455865,-0.0140314,0.0,2025-W45
adj_close.csv,ARIMA,XLF,0.00914142,0.01407042,0.00627198,0.00914142,0.01407042,0.00627198,"ARIMA(3, 0, 2)",-0.00627198,0.00286944,0.00779844,0.0,2025-W46
adj_close.csv,ARIMA,XLF,0.01631712,0.00871107,0.01498305,0.01631712,0.00871107,0.01498305,"ARIMA(3, 0, 2)",-0.01498305,0.00133406,-0.00627198,0.0,2025-W47
adj_close.csv,ARIMA,XLF,0.03594543,0.04660485,0.0316218,0.03594543,0.04660485,0.0316218,"ARIMA(3, 0, 2)",0.0316218,-0.00432363,-0.01498305,0.0,2025-W48
adj_close.csv,ARIMA,XLF,0.00103209,0.02508039,0.00654141,0.00103209,0.02508039,0.00654141,"ARIMA(3, 0, 2)",0.00654141,0.00550932,0.0316218,0.0,2025-W49
adj_close.csv,ARIMA,XLF,0.02864282,0.01684183,0.02338323,0.02864282,0.01684183,0.02338323,"ARIMA(3, 0, 2)",0.02338323,-0.00525959,0.00654141,0.0,2025-W50
adj_close.csv,ARIMA,XLF,0.00107841,0.0253871,0.00200387,0.00107841,0.0253871,0.00200387,"ARIMA(3, 0, 2)",-0.00200387,-0.00092546,0.02338323,0.0,2025-W51
adj_close.csv,ARIMA,XLF,0.01358197,0.01961581,0.01761195,0.01358197,0.01961581,0.01761195,"ARIMA(3, 0, 2)",0.01761195,0.00402998,-0.00200387,0.0,2025-W52
adj_close.csv,ARIMA,XLF,0.00727909,0.03009512,0.01248318,0.00727909,0.03009512,0.01248318,"ARIMA(3, 0, 2)",-0.01248318,-0.00520408,0.01761195,0.0,2026-W01
adj_close.csv,ARIMA,XLF,0.00880962,0.02694212,0.01445894,0.00880962,0.02694212,0.01445894,"ARIMA(3, 0, 2)",0.01445894,0.00564932,-0.01248318,0.0,2026-W02
adj_close.csv,ARIMA,XLF,0.02476176,0.03787838,0.02341944,0.02476176,0.03787838,0.02341944,"ARIMA(3, 0, 2)",-0.02341944,0.00134232,0.01445894,0.0,2026-W03
adj_close.csv,ARIMA,XLF,0.0246503,0.00206792,0.02548736,0.0246503,0.00206792,0.02548736,"ARIMA(3, 0, 2)",-0.02548736,-0.00083706,-0.02341944,0.0,2026-W04
adj_close.csv,ARIMA,XLF,0.00293334,0.03243507,0.00694771,0.00293334,0.03243507,0.00694771,"ARIMA(3, 0, 2)",0.00694771,0.00401437,-0.02548736,0.0,2026-W05
adj_close.csv,ARIMA,XLF,0.01494087,0.00403221,0.01097992,0.01494087,0.00403221,0.01097992,"ARIMA(3, 0, 2)",0.01097992,-0.00396095,0.00694771,0.0,2026-W06
adj_close.csv,ARIMA,XLI,0.00975136,0.00584586,0.01138688,0.00975136,0.00584586,0.01138688,"ARIMA(0, 0, 4)",0.01138688,0.00163552,0.00554102,0.0,2024-W30
adj_close.csv,ARIMA,XLI,0.03167451,0.04006011,0.02867322,0.03167451,0.04006011,0.02867322,"ARIMA(0, 0, 4)",-0.02867322,0.00300129,0.01138688,0.0,2024-W31
adj_close.csv,ARIMA,XLI,0.0062543,0.04122355,0.01255033,0.0062543,0.04122355,0.01255033,"ARIMA(0, 0, 4)",0.01255033,0.00629603,-0.02867322,0.0,2024-W32
adj_close.csv,ARIMA,XLI,0.02327686,0.00886336,0.02141369,0.02327686,0.00886336,0.02141369,"ARIMA(0, 0, 4)",0.02141369,-0.00186316,0.01255033,0.0,2024-W33
adj_close.csv,ARIMA,XLI,0.01771482,0.00338399,0.0180297,0.01771482,0.00338399,0.0180297,"ARIMA(0, 0, 4)",0.0180297,0.00031488,0.02141369,0.0,2024-W34
adj_close.csv,ARIMA,XLI,0.02310499,0.00130766,0.01672204,0.02310499,0.00130766,0.01672204,"ARIMA(0, 0, 4)",0.01672204,-0.00638295,0.0180297,0.0,2024-W35
adj_close.csv,ARIMA,XLI,0.05029981,0.06001615,0.04329412,0.05029981,0.06001615,0.04329412,"ARIMA(0, 0, 4)",-0.04329412,0.00700569,0.01672204,0.0,2024-W36
adj_close.csv,ARIMA,XLI,0.02822823,0.07979522,0.0365011,0.02822823,0.07979522,0.0365011,"ARIMA(0, 0, 4)",0.0365011,0.00827288,-0.04329412,0.0,2024-W37
adj_close.csv,ARIMA,XLI,0.01541712,0.01670902,0.01979209,0.01541712,0.01670902,0.01979209,"ARIMA(0, 0, 4)",0.01979209,0.00437497,0.0365011,0.0,2024-W38
adj_close.csv,ARIMA,XLI,0.01206844,0.00423751,0.01555458,0.01206844,0.00423751,0.01555458,"ARIMA(0, 0, 4)",0.01555458,0.00348614,0.01979209,0.0,2024-W39
adj_close.csv,ARIMA,XLI,0.01545559,0.0105239,0.00503068,0.01545559,0.0105239,0.00503068,"ARIMA(0, 0, 4)",0.00503068,-0.01042491,0.01555458,0.0,2024-W40
adj_close.csv,ARIMA,XLI,0.01051353,0.01621645,0.02124713,0.01051353,0.01621645,0.02124713,"ARIMA(0, 0, 4)",0.02124713,0.01073361,0.00503068,0.0,2024-W41
adj_close.csv,ARIMA,XLI,0.00095358,0.01512511,0.00612202,0.00095358,0.01512511,0.00612202,"ARIMA(0, 0, 4)",0.00612202,0.0070756,0.02124713,0.0,2024-W42
adj_close.csv,ARIMA,XLI,0.03407429,0.03430342,0.02818139,0.03407429,0.03430342,0.02818139,"ARIMA(0, 0, 4)",-0.02818139,0.00589289,0.00612202,0.0,2024-W43
adj_close.csv,ARIMA,XLI,0.01481967,0.01786249,0.0103189,0.01481967,0.01786249,0.0103189,"ARIMA(0, 0, 4)",-0.0103189,0.00450077,-0.02818139,0.0,2024-W44
adj_close.csv,ARIMA,XLI,0.05845238,0.06886519,0.05854629,0.05845238,0.06886519,0.05854629,"ARIMA(0, 0, 4)",0.05854629,9.391e-05,-0.0103189,0.0,2024-W45
adj_close.csv,ARIMA,XLI,0.01839668,0.07974191,0.02119563,0.01839668,0.07974191,0.02119563,"ARIMA(0, 0, 4)",-0.02119563,-0.00279894,0.05854629,0.0,2024-W46
adj_close.csv,ARIMA,XLI,0.03307999,0.04632474,0.02512911,0.03307999,0.04632474,0.02512911,"ARIMA(0, 0, 4)",0.02512911,-0.00795088,-0.02119563,0.0,2024-W47
adj_close.csv,ARIMA,XLI,0.00915997,0.01577924,0.00934987,0.00915997,0.01577924,0.00934987,"ARIMA(0, 0, 4)",0.00934987,0.0001899,0.02512911,0.0,2024-W48
adj_close.csv,ARIMA,XLI,0.04013252,0.03345937,0.0241095,0.04013252,0.03345937,0.0241095,"ARIMA(0, 0, 4)",-0.0241095,0.01602303,0.00934987,0.0,2024-W49
adj_close.csv,ARIMA,XLI,0.02195722,0.00158975,0.02251975,0.02195722,0.00158975,0.02251975,"ARIMA(0, 0, 4)",-0.02251975,-0.00056253,-0.0241095,0.0,2024-W50
adj_close.csv,ARIMA,XLI,0.03286552,0.00409939,0.02661914,0.03286552,0.00409939,0.02661914,"ARIMA(0, 0, 4)",-0.02661914,0.00624638,-0.02251975,0.0,2024-W51
adj_close.csv,ARIMA,XLI,0.00371187,0.02744491,0.00082577,0.00371187,0.02744491,0.00082577,"ARIMA(0, 0, 4)",0.00082577,-0.0028861,-0.02661914,0.0,2024-W52
adj_close.csv,ARIMA,XLI,0.00819072,0.00488614,0.00406038,0.00819072,0.00488614,0.00406038,"ARIMA(0, 0, 4)",-0.00406038,-0.0122511,0.00082577,0.0,2025-W01
adj_close.csv,ARIMA,XLI,0.00362527,0.006468,0.01052838,0.00362527,0.006468,0.01052838,"ARIMA(0, 0, 4)",-0.01052838,-0.00690311,-0.00406038,0.0,2025-W02
adj_close.csv,ARIMA,XLI,0.05417162,0.05825561,0.04772723,0.05417162,0.05825561,0.04772723,"ARIMA(0, 0, 4)",0.04772723,-0.00644439,-0.01052838,0.0,2025-W03
adj_close.csv,ARIMA,XLI,0.02237801,0.02391147,0.02381576,0.02237801,0.02391147,0.02381576,"ARIMA(0, 0, 4)",0.02381576,0.00143774,0.04772723,0.0,2025-W04
adj_close.csv,ARIMA,XLI,0.02463015,0.04328532,0.01946956,0.02463015,0.04328532,0.01946956,"ARIMA(0, 0, 4)",-0.01946956,0.00516059,0.02381576,0.0,2025-W05
adj_close.csv,ARIMA,XLI,0.01188204,0.01206971,0.00739985,0.01188204,0.01206971,0.00739985,"ARIMA(0, 0, 4)",-0.00739985,0.00448219,-0.01946956,0.0,2025-W06
adj_close.csv,ARIMA,XLI,0.00941974,0.0090005,0.00160064,0.00941974,0.0090005,0.00160064,"ARIMA(0, 0, 4)",0.00160064,0.01102038,-0.00739985,0.0,2025-W07
adj_close.csv,ARIMA,XLI,0.02183311,0.02149923,0.01989859,0.02183311,0.02149923,0.01989859,"ARIMA(0, 0, 4)",-0.01989859,0.00193452,0.00160064,0.0,2025-W08
adj_close.csv,ARIMA,XLI,0.01731737,0.03088812,0.01098953,0.01731737,0.03088812,0.01098953,"ARIMA(0, 0, 4)",0.01098953,-0.00632784,-0.01989859,0.0,2025-W09
adj_close.csv,ARIMA,XLI,0.0118918,0.02636432,0.01537479,0.0118918,0.02636432,0.01537479,"ARIMA(0, 0, 4)",-0.01537479,-0.00348299,0.01098953,0.0,2025-W10
adj_close.csv,ARIMA,XLI,0.02088928,0.00813956,0.02351435,0.02088928,0.00813956,0.02351435,"ARIMA(0, 0, 4)",-0.02351435,-0.00262507,-0.01537479,0.0,2025-W11
adj_close.csv,ARIMA,XLI,0.01207548,0.03201918,0.00850483,0.01207548,0.03201918,0.00850483,"ARIMA(0, 0, 4)",0.00850483,-0.00357064,-0.02351435,0.0,2025-W12
adj_close.csv,ARIMA,XLI,0.01442789,0.02144439,0.01293955,0.01442789,0.02144439,0.01293955,"ARIMA(0, 0, 4)",-0.01293955,0.00148833,0.00850483,0.0,2025-W13
adj_close.csv,ARIMA,XLI,0.09503309,0.0855719,0.09851145,0.09503309,0.0855719,0.09851145,"ARIMA(0, 0, 4)",-0.09851145,-0.00347836,-0.01293955,0.0,2025-W14
adj_close.csv,ARIMA,XLI,0.06933061,0.16199482,0.06348337,0.06933061,0.16199482,0.06348337,"ARIMA(0, 0, 4)",0.06348337,-0.00584724,-0.09851145,0.0,2025-W15
adj_close.csv,ARIMA,XLI,0.00164851,0.06643192,0.00294855,0.00164851,0.06643192,0.00294855,"ARIMA(0, 0, 4)",-0.00294855,-0.00459706,0.06348337,0.0,2025-W16
adj_close.csv,ARIMA,XLI,0.03916492,0.03212755,0.029179,0.03916492,0.03212755,0.029179,"ARIMA(0, 0, 4)",0.029179,-0.00998591,-0.00294855,0.0,2025-W17
adj_close.csv,ARIMA,XLI,0.05379768,0.01308996,0.04226896,0.05379768,0.01308996,0.04226896,"ARIMA(0, 0, 4)",0.04226896,-0.01152871,0.029179,0.0,2025-W18
adj_close.csv,ARIMA,XLI,0.00323495,0.03096448,0.01130448,0.00323495,0.03096448,0.01130448,"ARIMA(0, 0, 4)",0.01130448,0.00806953,0.04226896,0.0,2025-W19
adj_close.csv,ARIMA,XLI,0.04878533,0.04351655,0.05482103,0.04878533,0.04351655,0.05482103,"ARIMA(0, 0, 4)",0.05482103,0.0060357,0.01130448,0.0,2025-W20
adj_close.csv,ARIMA,XLI,0.03077708,0.07555186,0.02073083,0.03077708,0.07555186,0.02073083,"ARIMA(0, 0, 4)",-0.02073083,0.01004626,0.05482103,0.0,2025-W21
adj_close.csv,ARIMA,XLI,0.00406765,0.03476244,0.01403161,0.00406765,0.03476244,0.01403161,"ARIMA(0, 0, 4)",0.01403161,0.00996396,-0.02073083,0.0,2025-W22
adj_close.csv,ARIMA,XLI,0.01138112,0.000634,0.01466561,0.01138112,0.000634,0.01466561,"ARIMA(0, 0, 4)",0.01466561,0.00328449,0.01403161,0.0,2025-W23
adj_close.csv,ARIMA,XLI,0.01806807,0.03052225,0.01585664,0.01806807,0.03052225,0.01585664,"ARIMA(0, 0, 4)",-0.01585664,0.00221143,0.01466561,0.0,2025-W24
adj_close.csv,ARIMA,XLI,0.00065674,0.01389175,0.00196489,0.00065674,0.01389175,0.00196489,"ARIMA(0, 0, 4)",-0.00196489,-0.00130815,-0.01585664,0.0,2025-W25
adj_close.csv,ARIMA,XLI,0.03296645,0.0355776,0.03361271,0.03296645,0.0355776,0.03361271,"ARIMA(0, 0, 4)",0.03361271,0.00064626,-0.00196489,0.0,2025-W26
adj_close.csv,ARIMA,XLI,0.01998359,0.01585464,0.01775808,0.01998359,0.01585464,0.01775808,"ARIMA(0, 0, 4)",0.01775808,-0.00222552,0.03361271,0.0,2025-W27
adj_close.csv,ARIMA,XLI,0.00596701,0.01255137,0.00520671,0.00596701,0.01255137,0.00520671,"ARIMA(0, 0, 4)",0.00520671,-0.0007603,0.01775808,0.0,2025-W28
adj_close.csv,ARIMA,XLI,0.00360503,0.00314712,0.00835383,0.00360503,0.00314712,0.00835383,"ARIMA(0, 0, 4)",0.00835383,0.0047488,0.00520671,0.0,2025-W29
adj_close.csv,ARIMA,XLI,0.01675247,0.01468512,0.02303895,0.01675247,0.01468512,0.02303895,"ARIMA(0, 0, 4)",0.02303895,0.00628648,0.00835383,0.0,2025-W30
adj_close.csv,ARIMA,XLI,0.03719407,0.05749901,0.03446006,0.03719407,0.05749901,0.03446006,"ARIMA(0, 0, 4)",-0.03446006,0.00273401,0.02303895,0.0,2025-W31
adj_close.csv,ARIMA,XLI,0.0037899,0.04171293,0.00725287,0.0037899,0.04171293,0.00725287,"ARIMA(0, 0, 4)",0.00725287,0.00346296,-0.03446006,0.0,2025-W32
adj_close.csv,ARIMA,XLI,0.00249934,0.00984191,0.00258904,0.00249934,0.00984191,0.00258904,"ARIMA(0, 0, 4)",-0.00258904,-8.97e-05,0.00725287,0.0,2025-W33
adj_close.csv,ARIMA,XLI,0.01996032,0.02037728,0.01778824,0.01996032,0.02037728,0.01778824,"ARIMA(0, 0, 4)",0.01778824,-0.00217208,-0.00258904,0.0,2025-W34
adj_close.csv,ARIMA,XLI,0.00280486,0.02519454,0.0074063,0.00280486,0.02519454,0.0074063,"ARIMA(0, 0, 4)",-0.0074063,-0.00460144,0.01778824,0.0,2025-W35
adj_close.csv,ARIMA,XLI,0.00863834,0.00027616,0.00713015,0.00863834,0.00027616,0.00713015,"ARIMA(0, 0, 4)",-0.00713015,0.00150819,-0.0074063,0.0,2025-W36
adj_close.csv,ARIMA,XLI,0.00236631,0.0114276,0.00429745,0.00236631,0.0114276,0.00429745,"ARIMA(0, 0, 4)",0.00429745,0.00193114,-0.00713015,0.0,2025-W37
adj_close.csv,ARIMA,XLI,0.00883352,0.00581092,0.01010838,0.00883352,0.00581092,0.01010838,"ARIMA(0, 0, 4)",0.01010838,0.00127486,0.00429745,0.0,2025-W38
adj_close.csv,ARIMA,XLI,0.00205149,0.00951826,0.00059012,0.00205149,0.00951826,0.00059012,"ARIMA(0, 0, 4)",0.00059012,-0.00146137,0.01010838,0.0,2025-W39
adj_close.csv,ARIMA,XLI,0.01218253,0.01133218,0.0119223,0.01218253,0.01133218,0.0119223,"ARIMA(0, 0, 4)",0.0119223,-0.00026023,0.00059012,0.0,2025-W40
adj_close.csv,ARIMA,XLI,0.03053938,0.04156535,0.02964305,0.03053938,0.04156535,0.02964305,"ARIMA(0, 0, 4)",-0.02964305,0.00089633,0.0119223,0.0,2025-W41
adj_close.csv,ARIMA,XLI,0.00894492,0.04177732,0.01213427,0.00894492,0.04177732,0.01213427,"ARIMA(0, 0, 4)",0.01213427,0.00318935,-0.02964305,0.0,2025-W42
adj_close.csv,ARIMA,XLI,0.02145847,0.0086074,0.02074166,0.02145847,0.0086074,0.02074166,"ARIMA(0, 0, 4)",0.02074166,-0.00071681,0.01213427,0.0,2025-W43
adj_close.csv,ARIMA,XLI,0.0031359,0.01977381,0.00096785,0.0031359,0.01977381,0.00096785,"ARIMA(0, 0, 4)",0.00096785,-0.00216805,0.02074166,0.0,2025-W44
adj_close.csv,ARIMA,XLI,0.00990143,0.0121875,0.01121965,0.00990143,0.0121875,0.01121965,"ARIMA(0, 0, 4)",-0.01121965,-0.00131822,0.00096785,0.0,2025-W45
adj_close.csv,ARIMA,XLI,0.01259393,0.00257342,0.00864623,0.01259393,0.00257342,0.00864623,"ARIMA(0, 0, 4)",-0.00864623,0.0039477,-0.01121965,0.0,2025-W46
adj_close.csv,ARIMA,XLI,0.01847573,0.00713447,0.0157807,0.01847573,0.00713447,0.0157807,"ARIMA(0, 0, 4)",-0.0157807,0.00269503,-0.00864623,0.0,2025-W47
adj_close.csv,ARIMA,XLI,0.02746738,0.04255271,0.02677201,0.02746738,0.04255271,0.02677201,"ARIMA(0, 0, 4)",0.02677201,-0.00069537,-0.0157807,0.0,2025-W48
adj_close.csv,ARIMA,XLI,0.01027794,0.02099783,0.00577418,0.01027794,0.02099783,0.00577418,"ARIMA(0, 0, 4)",0.00577418,-0.00450376,0.02677201,0.0,2025-W49
adj_close.csv,ARIMA,XLI,0.01610837,0.00810248,0.01387666,0.01610837,0.00810248,0.01387666,"ARIMA(0, 0, 4)",0.01387666,-0.00223171,0.00577418,0.0,2025-W50
adj_close.csv,ARIMA,XLI,0.00626822,0.01950689,0.00563023,0.00626822,0.01950689,0.00563023,"ARIMA(0, 0, 4)",-0.00563023,0.00063799,0.01387666,0.0,2025-W51
adj_close.csv,ARIMA,XLI,0.00702107,0.01767373,0.0120435,0.00702107,0.01767373,0.0120435,"ARIMA(0, 0, 4)",0.0120435,0.00502243,-0.00563023,0.0,2025-W52
adj_close.csv,ARIMA,XLI,0.00280195,0.00715762,0.00488588,0.00280195,0.00715762,0.00488588,"ARIMA(0, 0, 4)",0.00488588,0.00208394,0.0120435,0.0,2026-W01
adj_close.csv,ARIMA,XLI,0.02329292,0.0198098,0.02469568,0.02329292,0.0198098,0.02469568,"ARIMA(0, 0, 4)",0.02469568,0.00140276,0.00488588,0.0,2026-W02
adj_close.csv,ARIMA,XLI,0.03101495,0.00553501,0.0302307,0.03101495,0.00553501,0.0302307,"ARIMA(0, 0, 4)",0.0302307,-0.00078425,0.02469568,0.0,2026-W03
adj_close.csv,ARIMA,XLI,0.01742762,0.04641849,0.01618779,0.01742762,0.04641849,0.01618779,"ARIMA(0, 0, 4)",-0.01618779,0.00123983,0.0302307,0.0,2026-W04
adj_close.csv,ARIMA,XLI,0.00253634,0.0235894,0.00740161,0.00253634,0.0235894,0.00740161,"ARIMA(0, 0, 4)",0.00740161,0.00486527,-0.01618779,0.0,2026-W05
adj_close.csv,ARIMA,XLI,0.00788872,0.00515222,0.01255383,0.00788872,0.00515222,0.01255383,"ARIMA(0, 0, 4)",0.01255383,0.00466511,0.00740161,0.0,2026-W06
adj_close.csv,ARIMA,XLK,0.02410442,0.03589115,0.02100052,0.02410442,0.03589115,0.02100052,"ARIMA(1, 0, 0)",-0.02100052,0.00310391,-0.05689167,0.0,2024-W30
adj_close.csv,ARIMA,XLK,0.05591423,0.03393005,0.05493056,0.05591423,0.03393005,0.05493056,"ARIMA(1, 0, 0)",-0.05493056,0.00098367,-0.02100052,0.0,2024-W31
adj_close.csv,ARIMA,XLK,0.00222435,0.05936577,0.00443521,0.00222435,0.05936577,0.00443521,"ARIMA(1, 0, 0)",0.00443521,0.00221086,-0.05493056,0.0,2024-W32
adj_close.csv,ARIMA,XLK,0.07407397,0.06945726,0.07389247,0.07407397,0.06945726,0.07389247,"ARIMA(1, 0, 0)",0.07389247,-0.0001815,0.00443521,0.0,2024-W33
adj_close.csv,ARIMA,XLK,0.01438637,0.06239598,0.0114965,0.01438637,0.06239598,0.0114965,"ARIMA(1, 0, 0)",0.0114965,-0.00288988,0.07389247,0.0,2024-W34
adj_close.csv,ARIMA,XLK,0.01595685,0.02783747,0.01634098,0.01595685,0.02783747,0.01634098,"ARIMA(1, 0, 0)",-0.01634098,-0.00038413,0.0114965,0.0,2024-W35
adj_close.csv,ARIMA,XLK,0.07796078,0.06105775,0.07739873,0.07796078,0.06105775,0.07739873,"ARIMA(1, 0, 0)",-0.07739873,0.00056205,-0.01634098,0.0,2024-W36
adj_close.csv,ARIMA,XLK,0.07576294,0.15529659,0.07789787,0.07576294,0.15529659,0.07789787,"ARIMA(1, 0, 0)",0.07789787,0.00213493,-0.07739873,0.0,2024-W37
adj_close.csv,ARIMA,XLK,0.01395164,0.06846156,0.00943631,0.01395164,0.06846156,0.00943631,"ARIMA(1, 0, 0)",0.00943631,-0.00451533,0.07789787,0.0,2024-W38
adj_close.csv,ARIMA,XLK,0.01377302,0.00384125,0.01327756,0.01377302,0.00384125,0.01327756,"ARIMA(1, 0, 0)",0.01327756,-0.00049546,0.00943631,0.0,2024-W39
adj_close.csv,ARIMA,XLK,0.00153209,0.01243395,0.00084361,0.00153209,0.01243395,0.00084361,"ARIMA(1, 0, 0)",0.00084361,-0.00068848,0.01327756,0.0,2024-W40
adj_close.csv,ARIMA,XLK,0.02425013,0.02336286,0.02420647,0.02425013,0.02336286,0.02420647,"ARIMA(1, 0, 0)",0.02420647,-4.366e-05,0.00084361,0.0,2024-W41
adj_close.csv,ARIMA,XLK,0.00168336,0.02377333,0.00043314,0.00168336,0.02377333,0.00043314,"ARIMA(1, 0, 0)",0.00043314,-0.00125023,0.02420647,0.0,2024-W42
adj_close.csv,ARIMA,XLK,0.00266651,0.00312193,0.00268879,0.00266651,0.00312193,0.00268879,"ARIMA(1, 0, 0)",-0.00268879,-2.228e-05,0.00043314,0.0,2024-W43
adj_close.csv,ARIMA,XLK,0.02823338,0.02540625,0.02809504,0.02823338,0.02540625,0.02809504,"ARIMA(1, 0, 0)",-0.02809504,0.00013834,-0.00268879,0.0,2024-W44
adj_close.csv,ARIMA,XLK,0.05605604,0.08558591,0.05749087,0.05605604,0.08558591,0.05749087,"ARIMA(1, 0, 0)",0.05749087,0.00143483,-0.02809504,0.0,2024-W45
adj_close.csv,ARIMA,XLK,0.03289306,0.0937711,0.03628023,0.03289306,0.0937711,0.03628023,"ARIMA(1, 0, 0)",-0.03628023,-0.00338717,0.05749087,0.0,2024-W46
adj_close.csv,ARIMA,XLK,0.01868166,0.05743565,0.02115542,0.01868166,0.05743565,0.02115542,"ARIMA(1, 0, 0)",0.02115542,0.00247376,-0.03628023,0.0,2024-W47
adj_close.csv,ARIMA,XLK,0.00206865,0.02059908,0.00055635,0.00206865,0.02059908,0.00055635,"ARIMA(1, 0, 0)",0.00055635,-0.00151231,0.02115542,0.0,2024-W48
adj_close.csv,ARIMA,XLK,0.03000588,0.02940988,0.02996623,0.03000588,0.02940988,0.02996623,"ARIMA(1, 0, 0)",0.02996623,-3.965e-05,0.00055635,0.0,2024-W49
adj_close.csv,ARIMA,XLK,0.00532676,0.03742634,0.00746011,0.00532676,0.03742634,0.00746011,"ARIMA(1, 0, 0)",-0.00746011,-0.00213335,0.02996623,0.0,2024-W50
adj_close.csv,ARIMA,XLK,0.01354734,0.00555037,0.01301048,0.01354734,0.00555037,0.01301048,"ARIMA(1, 0, 0)",-0.01301048,0.00053686,-0.00746011,0.0,2024-W51
adj_close.csv,ARIMA,XLK,0.00717053,0.02111093,0.00810045,0.00717053,0.02111093,0.00810045,"ARIMA(1, 0, 0)",0.00810045,0.00092993,-0.01301048,0.0,2024-W52
adj_close.csv,ARIMA,XLK,0.00677098,0.01545407,0.00735362,0.00677098,0.01545407,0.00735362,"ARIMA(1, 0, 0)",-0.00735362,-0.00058263,0.00810045,0.0,2025-W01
adj_close.csv,ARIMA,XLK,0.03054194,0.02265746,0.03001108,0.03054194,0.02265746,0.03001108,"ARIMA(1, 0, 0)",-0.03001108,0.00053087,-0.00735362,0.0,2025-W02
adj_close.csv,ARIMA,XLK,0.02089625,0.05304131,0.02303023,0.02089625,0.05304131,0.02303023,"ARIMA(1, 0, 0)",0.02303023,0.00213397,-0.03001108,0.0,2025-W03
adj_close.csv,ARIMA,XLK,0.02363401,0.00110326,0.02192696,0.02363401,0.00110326,0.02192696,"ARIMA(1, 0, 0)",0.02192696,-0.00170705,0.02303023,0.0,2025-W04
adj_close.csv,ARIMA,XLK,0.03455524,0.05805023,0.03612327,0.03455524,0.05805023,0.03612327,"ARIMA(1, 0, 0)",-0.03612327,-0.00156802,0.02192696,0.0,2025-W05
adj_close.csv,ARIMA,XLK,0.0059567,0.04479417,0.0086709,0.0059567,0.04479417,0.0086709,"ARIMA(1, 0, 0)",0.0086709,0.00271421,-0.03612327,0.0,2025-W06
adj_close.csv,ARIMA,XLK,0.03090865,0.02157736,0.03024826,0.03090865,0.02157736,0.03024826,"ARIMA(1, 0, 0)",0.03024826,-0.00066038,0.0086709,0.0,2025-W07
adj_close.csv,ARIMA,XLK,0.01921666,0.05173012,0.02148185,0.01921666,0.05173012,0.02148185,"ARIMA(1, 0, 0)",-0.02148185,-0.00226519,0.03024826,0.0,2025-W08
adj_close.csv,ARIMA,XLK,0.04224675,0.01909708,0.04057894,0.04224675,0.01909708,0.04057894,"ARIMA(1, 0, 0)",-0.04057894,0.00166781,-0.02148185,0.0,2025-W09
adj_close.csv,ARIMA,XLK,0.03446068,0.00909478,0.03148415,0.03446068,0.00909478,0.03148415,"ARIMA(1, 0, 0)",-0.03148415,0.00297652,-0.04057894,0.0,2025-W10
adj_close.csv,ARIMA,XLK,0.02337643,0.01021078,0.02127337,0.02337643,0.01021078,0.02127337,"ARIMA(1, 0, 0)",-0.02127337,0.00210305,-0.03148415,0.0,2025-W11
adj_close.csv,ARIMA,XLK,0.00125445,0.02136688,9.351e-05,0.00125445,0.02136688,9.351e-05,"ARIMA(1, 0, 0)",9.351e-05,0.00134796,-0.02127337,0.0,2025-W12
adj_close.csv,ARIMA,XLK,0.0343098,0.03440922,0.03431571,0.0343098,0.03440922,0.03431571,"ARIMA(1, 0, 0)",-0.03431571,-5.91e-06,9.351e-05,0.0,2025-W13
adj_close.csv,ARIMA,XLK,0.12585228,0.08936596,0.12368167,0.12585228,0.08936596,0.12368167,"ARIMA(1, 0, 0)",-0.12368167,0.00217062,-0.03431571,0.0,2025-W14
adj_close.csv,ARIMA,XLK,0.0786454,0.2076773,0.08399563,0.0786454,0.2076773,0.08399563,"ARIMA(1, 0, 0)",0.08399563,0.00535024,-0.12368167,0.0,2025-W15
adj_close.csv,ARIMA,XLK,0.02090241,0.11206425,0.02806861,0.02090241,0.11206425,0.02806861,"ARIMA(1, 0, 0)",-0.02806861,-0.0071662,0.08399563,0.0,2025-W16
adj_close.csv,ARIMA,XLK,0.07522916,0.10589925,0.07783064,0.07522916,0.10589925,0.07783064,"ARIMA(1, 0, 0)",0.07783064,0.00260149,-0.02806861,0.0,2025-W17
adj_close.csv,ARIMA,XLK,0.04620422,0.0395273,0.03830334,0.04620422,0.0395273,0.03830334,"ARIMA(1, 0, 0)",0.03830334,-0.00790088,0.07783064,0.0,2025-W18
adj_close.csv,ARIMA,XLK,0.0078865,0.03374334,0.00456,0.0078865,0.03374334,0.00456,"ARIMA(1, 0, 0)",0.00456,-0.0033265,0.03830334,0.0,2025-W19
adj_close.csv,ARIMA,XLK,0.0768492,0.07189877,0.07645877,0.0768492,0.07189877,0.07645877,"ARIMA(1, 0, 0)",0.07645877,-0.00039043,0.00456,0.0,2025-W20
adj_close.csv,ARIMA,XLK,0.02856673,0.11146339,0.03500462,0.02856673,0.11146339,0.03500462,"ARIMA(1, 0, 0)",-0.03500462,-0.00643789,0.07645877,0.0,2025-W21
adj_close.csv,ARIMA,XLK,0.01466516,0.05291999,0.01791536,0.01466516,0.05291999,0.01791536,"ARIMA(1, 0, 0)",0.01791536,0.0032502,-0.03500462,0.0,2025-W22
adj_close.csv,ARIMA,XLK,0.03345378,0.01383872,0.03175408,0.03345378,0.01383872,0.03175408,"ARIMA(1, 0, 0)",0.03175408,-0.0016997,0.01791536,0.0,2025-W23
adj_close.csv,ARIMA,XLK,0.00633011,0.0283617,0.00339239,0.00633011,0.0283617,0.00339239,"ARIMA(1, 0, 0)",0.00339239,-0.00293772,0.03175408,0.0,2025-W24
adj_close.csv,ARIMA,XLK,0.00602303,0.00231947,0.00571186,0.00602303,0.00231947,0.00571186,"ARIMA(1, 0, 0)",0.00571186,-0.00031117,0.00339239,0.0,2025-W25
adj_close.csv,ARIMA,XLK,0.0438293,0.03759397,0.04330583,0.0438293,0.03759397,0.04330583,"ARIMA(1, 0, 0)",0.04330583,-0.00052347,0.00571186,0.0,2025-W26
adj_close.csv,ARIMA,XLK,0.02831055,0.01892161,0.02438421,0.02831055,0.01892161,0.02438421,"ARIMA(1, 0, 0)",0.02438421,-0.00392634,0.04330583,0.0,2025-W27
adj_close.csv,ARIMA,XLK,0.00223459,0.02871327,0.00432906,0.00223459,0.02871327,0.00432906,"ARIMA(1, 0, 0)",-0.00432906,-0.00209447,0.02438421,0.0,2025-W28
adj_close.csv,ARIMA,XLK,0.01913483,0.02383665,0.01950759,0.01913483,0.02383665,0.01950759,"ARIMA(1, 0, 0)",0.01950759,0.00037276,-0.00432906,0.0,2025-W29
adj_close.csv,ARIMA,XLK,0.00589335,0.01530024,0.00420735,0.00589335,0.01530024,0.00420735,"ARIMA(1, 0, 0)",0.00420735,-0.001686,0.01950759,0.0,2025-W30
adj_close.csv,ARIMA,XLK,0.01859618,0.02316529,0.01895794,0.01859618,0.02316529,0.01895794,"ARIMA(1, 0, 0)",-0.01895794,-0.00036176,0.00420735,0.0,2025-W31
adj_close.csv,ARIMA,XLK,0.03221142,0.05280515,0.03384721,0.03221142,0.05280515,0.03384721,"ARIMA(1, 0, 0)",0.03384721,0.00163579,-0.01895794,0.0,2025-W32
adj_close.csv,ARIMA,XLK,0.00217284,0.0346749,0.00082768,0.00217284,0.0346749,0.00082768,"ARIMA(1, 0, 0)",-0.00082768,-0.00300052,0.03384721,0.0,2025-W33
adj_close.csv,ARIMA,XLK,0.01249466,0.01159384,0.01242152,0.01249466,0.01159384,0.01242152,"ARIMA(1, 0, 0)",-0.01242152,7.314e-05,-0.00082768,0.0,2025-W34
adj_close.csv,ARIMA,XLK,0.00098298,0.01253568,0.00011416,0.00098298,0.01253568,0.00011416,"ARIMA(1, 0, 0)",0.00011416,0.00109714,-0.01242152,0.0,2025-W35
adj_close.csv,ARIMA,XLK,0.00157102,0.00144678,0.00156095,0.00157102,0.00144678,0.00156095,"ARIMA(1, 0, 0)",0.00156095,-1.008e-05,0.00011416,0.0,2025-W36
adj_close.csv,ARIMA,XLK,0.0301922,0.02849345,0.0300544,0.0301922,0.02849345,0.0300544,"ARIMA(1, 0, 0)",0.0300544,-0.0001378,0.00156095,0.0,2025-W37
adj_close.csv,ARIMA,XLK,0.03189687,0.00080521,0.02924919,0.03189687,0.00080521,0.02924919,"ARIMA(1, 0, 0)",0.02924919,-0.00264769,0.0300544,0.0,2025-W38
adj_close.csv,ARIMA,XLK,0.00346655,0.02825178,0.00099741,0.00346655,0.02825178,0.00099741,"ARIMA(1, 0, 0)",0.00099741,-0.00246914,0.02924919,0.0,2025-W39
adj_close.csv,ARIMA,XLK,0.02095191,0.01987069,0.0208681,0.02095191,0.01987069,0.0208681,"ARIMA(1, 0, 0)",0.0208681,-8.381e-05,0.00099741,0.0,2025-W40
adj_close.csv,ARIMA,XLK,0.02073133,0.0433513,0.0224832,0.02073133,0.0433513,0.0224832,"ARIMA(1, 0, 0)",-0.0224832,-0.00175187,0.0208681,0.0,2025-W41
adj_close.csv,ARIMA,XLK,0.0215767,0.0459845,0.0235013,0.0215767,0.0459845,0.0235013,"ARIMA(1, 0, 0)",0.0235013,0.0019246,-0.0224832,0.0,2025-W42
adj_close.csv,ARIMA,XLK,0.03168106,0.00612456,0.02962586,0.03168106,0.00612456,0.02962586,"ARIMA(1, 0, 0)",0.02962586,-0.00205521,0.0235013,0.0,2025-W43
adj_close.csv,ARIMA,XLK,0.02640326,0.0057295,0.02389636,0.02640326,0.0057295,0.02389636,"ARIMA(1, 0, 0)",0.02389636,-0.0025069,0.02962586,0.0,2025-W44
adj_close.csv,ARIMA,XLK,0.04057947,0.06642705,0.04253069,0.04057947,0.06642705,0.04253069,"ARIMA(1, 0, 0)",-0.04253069,-0.00195122,0.02389636,0.0,2025-W45
adj_close.csv,ARIMA,XLK,0.00366347,0.04249601,3.468e-05,0.00366347,0.04249601,3.468e-05,"ARIMA(1, 0, 0)",-3.468e-05,0.00362879,-0.04253069,0.0,2025-W46
adj_close.csv,ARIMA,XLK,0.05327991,0.05324229,0.05327698,0.05327991,0.05324229,0.05327698,"ARIMA(1, 0, 0)",-0.05327698,2.94e-06,-3.468e-05,0.0,2025-W47
adj_close.csv,ARIMA,XLK,0.04204247,0.09983357,0.04655659,0.04204247,0.09983357,0.04655659,"ARIMA(1, 0, 0)",0.04655659,0.00451412,-0.05327698,0.0,2025-W48
adj_close.csv,ARIMA,XLK,0.02842656,0.02246239,0.0240942,0.02842656,0.02246239,0.0240942,"ARIMA(1, 0, 0)",0.0240942,-0.00433236,0.04655659,0.0,2025-W49
adj_close.csv,ARIMA,XLK,0.01792508,0.04414379,0.0200496,0.01792508,0.04414379,0.0200496,"ARIMA(1, 0, 0)",-0.0200496,-0.00212452,0.0240942,0.0,2025-W50
adj_close.csv,ARIMA,XLK,0.00451342,0.02636276,0.00631317,0.00451342,0.02636276,0.00631317,"ARIMA(1, 0, 0)",0.00631317,0.00179975,-0.0200496,0.0,2025-W51
adj_close.csv,ARIMA,XLK,0.01534325,0.00846129,0.01477446,0.01534325,0.00846129,0.01477446,"ARIMA(1, 0, 0)",0.01477446,-0.0005688,0.00631317,0.0,2025-W52
adj_close.csv,ARIMA,XLK,0.01400981,0.03011015,0.01533569,0.01400981,0.03011015,0.01533569,"ARIMA(1, 0, 0)",-0.01533569,-0.00132588,0.01477446,0.0,2026-W01
adj_close.csv,ARIMA,XLK,0.01135107,0.02807465,0.01273896,0.01135107,0.02807465,0.01273896,"ARIMA(1, 0, 0)",0.01273896,0.0013879,-0.01533569,0.0,2026-W02
adj_close.csv,ARIMA,XLK,0.00247197,0.01637196,0.00363299,0.00247197,0.01637196,0.00363299,"ARIMA(1, 0, 0)",-0.00363299,-0.00116102,0.01273896,0.0,2026-W03
adj_close.csv,ARIMA,XLK,0.00397777,1.325e-05,0.00364624,0.00397777,1.325e-05,0.00364624,"ARIMA(1, 0, 0)",-0.00364624,0.00033153,-0.00363299,0.0,2026-W04
adj_close.csv,ARIMA,XLK,0.00870711,0.00472832,0.00837456,0.00870711,0.00472832,0.00837456,"ARIMA(1, 0, 0)",-0.00837456,0.00033254,-0.00364624,0.0,2026-W05
adj_close.csv,ARIMA,XLK,0.00878275,0.01792011,0.00954555,0.00878275,0.01792011,0.00954555,"ARIMA(1, 0, 0)",0.00954555,0.0007628,-0.00837456,0.0,2026-W06
adj_close.csv,ARIMA,XLP,0.00571051,0.00312026,0.00510925,0.00571051,0.00312026,0.00510925,"ARIMA(1, 0, 0)",0.00510925,-0.00060126,0.00822951,0.0,2024-W30
adj_close.csv,ARIMA,XLP,0.01013199,0.00465314,0.00976239,0.01013199,0.00465314,0.00976239,"ARIMA(1, 0, 0)",0.00976239,-0.0003696,0.00510925,0.0,2024-W31
adj_close.csv,ARIMA,XLP,0.00069042,0.01115126,0.00138888,0.00069042,0.01115126,0.00138888,"ARIMA(1, 0, 0)",-0.00138888,-0.00069846,0.00976239,0.0,2024-W32
adj_close.csv,ARIMA,XLP,0.01693708,0.01842547,0.01703659,0.01693708,0.01842547,0.01703659,"ARIMA(1, 0, 0)",0.01703659,9.951e-05,-0.00138888,0.0,2024-W33
adj_close.csv,ARIMA,XLP,0.01761147,0.00065192,0.01638467,0.01761147,0.00065192,0.01638467,"ARIMA(1, 0, 0)",0.01638467,-0.0012268,0.01703659,0.0,2024-W34
adj_close.csv,ARIMA,XLP,0.00925834,0.0082312,0.00815347,0.00925834,0.0082312,0.00815347,"ARIMA(1, 0, 0)",0.00815347,-0.00110487,0.01638467,0.0,2024-W35
adj_close.csv,ARIMA,XLP,0.00633162,0.00235287,0.0058006,0.00633162,0.00235287,0.0058006,"ARIMA(1, 0, 0)",0.0058006,-0.00053103,0.00815347,0.0,2024-W36
adj_close.csv,ARIMA,XLP,0.0116363,0.00546246,0.01126306,0.0116363,0.00546246,0.01126306,"ARIMA(1, 0, 0)",0.01126306,-0.00037324,0.0058006,0.0,2024-W37
adj_close.csv,ARIMA,XLP,0.00982699,0.02180325,0.01054019,0.00982699,0.02180325,0.01054019,"ARIMA(1, 0, 0)",-0.01054019,-0.0007132,0.01126306,0.0,2024-W38
adj_close.csv,ARIMA,XLP,0.00425351,0.01547878,0.0049386,0.00425351,0.01547878,0.0049386,"ARIMA(1, 0, 0)",0.0049386,0.00068508,-0.01054019,0.0,2024-W39
adj_close.csv,ARIMA,XLP,0.0185224,0.02378533,0.01884674,0.0185224,0.02378533,0.01884674,"ARIMA(1, 0, 0)",-0.01884674,-0.00032434,0.0049386,0.0,2024-W40
adj_close.csv,ARIMA,XLP,0.00082064,0.02093118,0.00208444,0.00082064,0.02093118,0.00208444,"ARIMA(1, 0, 0)",0.00208444,0.0012638,-0.01884674,0.0,2024-W41
adj_close.csv,ARIMA,XLP,0.00746266,0.00523796,0.0073224,0.00746266,0.00523796,0.0073224,"ARIMA(1, 0, 0)",0.0073224,-0.00014026,0.00208444,0.0,2024-W42
adj_close.csv,ARIMA,XLP,0.0139611,0.0217745,0.0144521,0.0139611,0.0217745,0.0144521,"ARIMA(1, 0, 0)",-0.0144521,-0.00049101,0.0073224,0.0,2024-W43
adj_close.csv,ARIMA,XLP,0.01228084,0.00316253,0.01128957,0.01228084,0.00316253,0.01128957,"ARIMA(1, 0, 0)",-0.01128957,0.00099127,-0.0144521,0.0,2024-W44
adj_close.csv,ARIMA,XLP,0.00757997,0.0196139,0.00832434,0.00757997,0.0196139,0.00832434,"ARIMA(1, 0, 0)",0.00832434,0.00074436,-0.01128957,0.0,2024-W45
adj_close.csv,ARIMA,XLP,0.01013831,0.01902214,0.01069781,0.01013831,0.01902214,0.01069781,"ARIMA(1, 0, 0)",-0.01069781,-0.0005595,0.00832434,0.0,2024-W46
adj_close.csv,ARIMA,XLP,0.02250701,0.03393731,0.0232395,0.02250701,0.03393731,0.0232395,"ARIMA(1, 0, 0)",0.0232395,0.0007325,-0.01069781,0.0,2024-W47
adj_close.csv,ARIMA,XLP,0.01839637,0.00651774,0.01672177,0.01839637,0.00651774,0.01672177,"ARIMA(1, 0, 0)",0.01672177,-0.0016746,0.0232395,0.0,2024-W48
adj_close.csv,ARIMA,XLP,0.00904582,0.02686688,0.01014511,0.00904582,0.02686688,0.01014511,"ARIMA(1, 0, 0)",-0.01014511,-0.0010993,0.01672177,0.0,2024-W49
adj_close.csv,ARIMA,XLP,0.00482539,0.00600925,0.00413586,0.00482539,0.00600925,0.00413586,"ARIMA(1, 0, 0)",-0.00413586,0.00068953,-0.01014511,0.0,2024-W50
adj_close.csv,ARIMA,XLP,0.02620862,0.02179463,0.0259305,0.02620862,0.02179463,0.0259305,"ARIMA(1, 0, 0)",-0.0259305,0.00027813,-0.00413586,0.0,2024-W51
adj_close.csv,ARIMA,XLP,0.00218141,0.02545155,0.00047895,0.00218141,0.02545155,0.00047895,"ARIMA(1, 0, 0)",-0.00047895,0.00170246,-0.0259305,0.0,2024-W52
adj_close.csv,ARIMA,XLP,0.01233857,0.01182857,0.01230752,0.01233857,0.01182857,0.01230752,"ARIMA(1, 0, 0)",-0.01230752,3.105e-05,-0.00047895,0.0,2025-W01
adj_close.csv,ARIMA,XLP,0.02653059,0.0134262,0.02573373,0.02653059,0.0134262,0.02573373,"ARIMA(1, 0, 0)",-0.02573373,0.00079686,-0.01230752,0.0,2025-W02
adj_close.csv,ARIMA,XLP,0.01017621,0.03745411,0.01172039,0.01017621,0.03745411,0.01172039,"ARIMA(1, 0, 0)",0.01172039,0.00154418,-0.02573373,0.0,2025-W03
adj_close.csv,ARIMA,XLP,0.00925608,0.00321173,0.00850866,0.00925608,0.00321173,0.00850866,"ARIMA(1, 0, 0)",0.00850866,-0.00074742,0.01172039,0.0,2025-W04
adj_close.csv,ARIMA,XLP,0.01429807,0.00526005,0.01376871,0.01429807,0.00526005,0.01376871,"ARIMA(1, 0, 0)",0.01376871,-0.00052936,0.00850866,0.0,2025-W05
adj_close.csv,ARIMA,XLP,0.00550618,0.00909514,0.00467358,0.00550618,0.00909514,0.00467358,"ARIMA(1, 0, 0)",0.00467358,-0.0008326,0.01376871,0.0,2025-W06
adj_close.csv,ARIMA,XLP,0.01603196,0.01108083,0.01575441,0.01603196,0.01108083,0.01575441,"ARIMA(1, 0, 0)",0.01575441,-0.00027755,0.00467358,0.0,2025-W07
adj_close.csv,ARIMA,XLP,0.02020804,0.00353489,0.0192893,0.02020804,0.00353489,0.0192893,"ARIMA(1, 0, 0)",0.0192893,-0.00091873,0.01575441,0.0,2025-W08
adj_close.csv,ARIMA,XLP,0.01192934,0.00839738,0.01089192,0.01192934,0.00839738,0.01089192,"ARIMA(1, 0, 0)",0.01089192,-0.00103742,0.0192893,0.0,2025-W09
adj_close.csv,ARIMA,XLP,0.00210126,0.01354347,0.00265155,0.00210126,0.01354347,0.00265155,"ARIMA(1, 0, 0)",-0.00265155,-0.00055029,0.01089192,0.0,2025-W10
adj_close.csv,ARIMA,XLP,0.04140434,0.03861797,0.04126952,0.04140434,0.03861797,0.04126952,"ARIMA(1, 0, 0)",-0.04126952,0.00013482,-0.00265155,0.0,2025-W11
adj_close.csv,ARIMA,XLP,0.00430091,0.03900295,0.00226657,0.00430091,0.03900295,0.00226657,"ARIMA(1, 0, 0)",-0.00226657,0.00203434,-0.04126952,0.0,2025-W12
adj_close.csv,ARIMA,XLP,0.0186991,0.02107184,0.01880528,0.0186991,0.02107184,0.01880528,"ARIMA(1, 0, 0)",0.01880528,0.00010617,-0.00226657,0.0,2025-W13
adj_close.csv,ARIMA,XLP,0.02365776,0.04335494,0.02454967,0.02365776,0.04335494,0.02454967,"ARIMA(1, 0, 0)",-0.02454967,-0.0008919,0.01880528,0.0,2025-W14
adj_close.csv,ARIMA,XLP,0.02248877,0.04835286,0.02380319,0.02248877,0.04835286,0.02380319,"ARIMA(1, 0, 0)",0.02380319,0.00131441,-0.02454967,0.0,2025-W15
adj_close.csv,ARIMA,XLP,0.02019411,0.0050626,0.01874059,0.02019411,0.0050626,0.01874059,"ARIMA(1, 0, 0)",0.01874059,-0.00145352,0.02380319,0.0,2025-W16
adj_close.csv,ARIMA,XLP,0.01163829,0.03140145,0.01266086,0.01163829,0.03140145,0.01266086,"ARIMA(1, 0, 0)",-0.01266086,-0.00102257,0.01874059,0.0,2025-W17
adj_close.csv,ARIMA,XLP,0.00813904,0.0215279,0.00886704,0.00813904,0.0215279,0.00886704,"ARIMA(1, 0, 0)",0.00886704,0.000728,-0.01266086,0.0,2025-W18
adj_close.csv,ARIMA,XLP,0.00747932,0.01686848,0.00800144,0.00747932,0.01686848,0.00800144,"ARIMA(1, 0, 0)",-0.00800144,-0.00052212,0.00886704,0.0,2025-W19
adj_close.csv,ARIMA,XLP,0.01375686,0.02223658,0.01423513,0.01375686,0.02223658,0.01423513,"ARIMA(1, 0, 0)",0.01423513,0.00047827,-0.00800144,0.0,2025-W20
adj_close.csv,ARIMA,XLP,0.00487144,0.01997846,0.00574333,0.00487144,0.01997846,0.00574333,"ARIMA(1, 0, 0)",-0.00574333,-0.00087188,0.01423513,0.0,2025-W21
adj_close.csv,ARIMA,XLP,0.01460403,0.02070446,0.01496113,0.01460403,0.02070446,0.01496113,"ARIMA(1, 0, 0)",0.01496113,0.0003571,-0.00574333,0.0,2025-W22
adj_close.csv,ARIMA,XLP,0.01291168,0.0288198,0.01385867,0.01291168,0.0288198,0.01385867,"ARIMA(1, 0, 0)",-0.01385867,-0.00094699,0.01496113,0.0,2025-W23
adj_close.csv,ARIMA,XLP,0.00988937,0.00488216,0.0089765,0.00988937,0.00488216,0.0089765,"ARIMA(1, 0, 0)",-0.0089765,0.00091287,-0.01385867,0.0,2025-W24
adj_close.csv,ARIMA,XLP,0.00016592,0.00971736,0.00074085,0.00016592,0.00971736,0.00074085,"ARIMA(1, 0, 0)",0.00074085,0.00057493,-0.0089765,0.0,2025-W25
adj_close.csv,ARIMA,XLP,0.00106601,0.00027769,0.00101855,0.00106601,0.00027769,0.00101855,"ARIMA(1, 0, 0)",0.00101855,-4.747e-05,0.00074085,0.0,2025-W26
adj_close.csv,ARIMA,XLP,0.02009905,0.01901526,0.02003381,0.02009905,0.01901526,0.02003381,"ARIMA(1, 0, 0)",0.02003381,-6.525e-05,0.00101855,0.0,2025-W27
adj_close.csv,ARIMA,XLP,0.01553332,0.03684501,0.01681121,0.01553332,0.03684501,0.01681121,"ARIMA(1, 0, 0)",-0.01681121,-0.00127788,0.02003381,0.0,2025-W28
adj_close.csv,ARIMA,XLP,0.00015195,0.01780065,0.00098945,0.00015195,0.01780065,0.00098945,"ARIMA(1, 0, 0)",0.00098945,0.00114139,-0.01681121,0.0,2025-W29
adj_close.csv,ARIMA,XLP,0.00757996,0.00652337,0.00751281,0.00757996,0.00652337,0.00751281,"ARIMA(1, 0, 0)",0.00751281,-6.715e-05,0.00098945,0.0,2025-W30
adj_close.csv,ARIMA,XLP,0.01606928,0.02409118,0.01657837,0.01606928,0.02409118,0.01657837,"ARIMA(1, 0, 0)",-0.01657837,-0.00050909,0.00751281,0.0,2025-W31
adj_close.csv,ARIMA,XLP,0.02738151,0.04510958,0.02853121,0.02738151,0.04510958,0.02853121,"ARIMA(1, 0, 0)",0.02853121,0.0011497,-0.01657837,0.0,2025-W32
adj_close.csv,ARIMA,XLP,0.00344451,0.03412397,0.00559276,0.00344451,0.03412397,0.00559276,"ARIMA(1, 0, 0)",-0.00559276,-0.00214824,0.02853121,0.0,2025-W33
adj_close.csv,ARIMA,XLP,0.00504332,0.0110643,0.00547155,0.00504332,0.0110643,0.00547155,"ARIMA(1, 0, 0)",0.00547155,0.00042823,-0.00559276,0.0,2025-W34
adj_close.csv,ARIMA,XLP,0.02028433,0.02617682,0.02070527,0.02028433,0.02617682,0.02070527,"ARIMA(1, 0, 0)",-0.02070527,-0.00042094,0.00547155,0.0,2025-W35
adj_close.csv,ARIMA,XLP,0.00050915,0.0218188,0.00111353,0.00050915,0.0218188,0.00111353,"ARIMA(1, 0, 0)",0.00111353,0.00162268,-0.02070527,0.0,2025-W36
adj_close.csv,ARIMA,XLP,0.00673721,0.00793786,0.00682432,0.00673721,0.00793786,0.00682432,"ARIMA(1, 0, 0)",-0.00682432,-8.712e-05,0.00111353,0.0,2025-W37
adj_close.csv,ARIMA,XLP,0.01230676,0.00494788,0.0117722,0.01230676,0.00494788,0.0117722,"ARIMA(1, 0, 0)",-0.0117722,0.00053456,-0.00682432,0.0,2025-W38
adj_close.csv,ARIMA,XLP,0.0121213,0.00056031,0.01121189,0.0121213,0.00056031,0.01121189,"ARIMA(1, 0, 0)",-0.01121189,0.00090941,-0.0117722,0.0,2025-W39
adj_close.csv,ARIMA,XLP,5.192e-05,0.01210938,0.00089749,5.192e-05,0.01210938,0.00089749,"ARIMA(1, 0, 0)",0.00089749,0.00084557,-0.01121189,0.0,2025-W40
adj_close.csv,ARIMA,XLP,0.00096438,8e-07,0.00089669,0.00096438,8e-07,0.00089669,"ARIMA(1, 0, 0)",0.00089669,-6.769e-05,0.00089749,0.0,2025-W41
adj_close.csv,ARIMA,XLP,0.02072359,0.01975928,0.02065597,0.02072359,0.01975928,0.02065597,"ARIMA(1, 0, 0)",0.02065597,-6.762e-05,0.00089669,0.0,2025-W42
adj_close.csv,ARIMA,XLP,0.00650681,0.0287156,0.00805963,0.00650681,0.0287156,0.00805963,"ARIMA(1, 0, 0)",-0.00805963,-0.00155282,0.02065597,0.0,2025-W43
adj_close.csv,ARIMA,XLP,0.03679527,0.02811594,0.03617557,0.03679527,0.02811594,0.03617557,"ARIMA(1, 0, 0)",-0.03617557,0.0006197,-0.00805963,0.0,2025-W44
adj_close.csv,ARIMA,XLP,0.00297645,0.04179683,0.00562126,0.00297645,0.04179683,0.00562126,"ARIMA(1, 0, 0)",0.00562126,0.00264481,-0.03617557,0.0,2025-W45
adj_close.csv,ARIMA,XLP,0.00756285,0.00152304,0.00714429,0.00756285,0.00152304,0.00714429,"ARIMA(1, 0, 0)",0.00714429,-0.00041856,0.00562126,0.0,2025-W46
adj_close.csv,ARIMA,XLP,0.00877781,0.00110536,0.00824965,0.00877781,0.00110536,0.00824965,"ARIMA(1, 0, 0)",0.00824965,-0.00052816,0.00714429,0.0,2025-W47
adj_close.csv,ARIMA,XLP,0.01929787,0.01044482,0.01869447,0.01929787,0.01044482,0.01869447,"ARIMA(1, 0, 0)",0.01869447,-0.0006034,0.00824965,0.0,2025-W48
adj_close.csv,ARIMA,XLP,0.01020138,0.03022598,0.0115315,0.01020138,0.03022598,0.0115315,"ARIMA(1, 0, 0)",-0.0115315,-0.00133012,0.01869447,0.0,2025-W49
adj_close.csv,ARIMA,XLP,0.01131336,0.02369272,0.01216122,0.01131336,0.02369272,0.01216122,"ARIMA(1, 0, 0)",0.01216122,0.00084787,-0.0115315,0.0,2025-W50
adj_close.csv,ARIMA,XLP,0.00717713,0.02025225,0.00809103,0.00717713,0.02025225,0.00809103,"ARIMA(1, 0, 0)",-0.00809103,-0.0009139,0.01216122,0.0,2025-W51
adj_close.csv,ARIMA,XLP,0.00036801,0.00907583,0.00098481,0.00036801,0.00907583,0.00098481,"ARIMA(1, 0, 0)",0.00098481,0.0006168,-0.00809103,0.0,2025-W52
adj_close.csv,ARIMA,XLP,0.00685156,0.00791147,0.00692667,0.00685156,0.00791147,0.00692667,"ARIMA(1, 0, 0)",-0.00692667,-7.511e-05,0.00098481,0.0,2026-W01
adj_close.csv,ARIMA,XLP,0.01935196,0.0268075,0.01988083,0.01935196,0.0268075,0.01988083,"ARIMA(1, 0, 0)",0.01988083,0.00052887,-0.00692667,0.0,2026-W02
adj_close.csv,ARIMA,XLP,0.0370034,0.01557157,0.03545241,0.0370034,0.01557157,0.03545241,"ARIMA(1, 0, 0)",0.03545241,-0.00155099,0.01988083,0.0,2026-W03
adj_close.csv,ARIMA,XLP,0.01213997,0.0257565,0.00969591,0.01213997,0.0257565,0.00969591,"ARIMA(1, 0, 0)",0.00969591,-0.00244406,0.03545241,0.0,2026-W04
adj_close.csv,ARIMA,XLP,0.00782842,0.00248522,0.00721068,0.00782842,0.00248522,0.00721068,"ARIMA(1, 0, 0)",0.00721068,-0.00061774,0.00969591,0.0,2026-W05
adj_close.csv,ARIMA,XLP,0.01223788,0.00457444,0.01178512,0.01223788,0.00457444,0.01178512,"ARIMA(1, 0, 0)",0.01178512,-0.00045276,0.00721068,0.0,2026-W06
adj_close.csv,ARIMA,XLRE,0.0005805,0.00750301,0.00541621,0.0005805,0.00750301,0.00541621,"ARIMA(2, 0, 0)",0.00541621,0.00483571,0.01291922,0.0,2024-W30
adj_close.csv,ARIMA,XLRE,0.0259101,0.02194958,0.02736579,0.0259101,0.02194958,0.02736579,"ARIMA(2, 0, 0)",0.02736579,0.00145569,0.00541621,0.0,2024-W31
adj_close.csv,ARIMA,XLRE,0.00194803,0.02856099,0.00119519,0.00194803,0.02856099,0.00119519,"ARIMA(2, 0, 0)",-0.00119519,0.00075283,0.02736579,0.0,2024-W32
adj_close.csv,ARIMA,XLRE,0.00189713,0.00239039,0.00119519,0.00189713,0.00239039,0.00119519,"ARIMA(2, 0, 0)",0.00119519,0.00309232,-0.00119519,0.0,2024-W33
adj_close.csv,ARIMA,XLRE,0.03556639,0.03424199,0.03543718,0.03556639,0.03424199,0.03543718,"ARIMA(2, 0, 0)",0.03543718,-0.00012921,0.00119519,0.0,2024-W34
adj_close.csv,ARIMA,XLRE,0.00382891,0.0312953,0.00414188,0.00382891,0.0312953,0.00414188,"ARIMA(2, 0, 0)",0.00414188,0.00031297,0.03543718,0.0,2024-W35
adj_close.csv,ARIMA,XLRE,0.00217875,0.0023066,0.00183528,0.00217875,0.0023066,0.00183528,"ARIMA(2, 0, 0)",0.00183528,0.00401403,0.00414188,0.0,2024-W36
adj_close.csv,ARIMA,XLRE,0.03509822,0.03373786,0.03557314,0.03509822,0.03373786,0.03557314,"ARIMA(2, 0, 0)",0.03557314,0.00047492,0.00183528,0.0,2024-W37
adj_close.csv,ARIMA,XLRE,0.0122254,0.0473653,0.01179216,0.0122254,0.0473653,0.01179216,"ARIMA(2, 0, 0)",-0.01179216,0.00043324,0.03557314,0.0,2024-W38
adj_close.csv,ARIMA,XLRE,0.0057588,0.01001004,0.00178212,0.0057588,0.01001004,0.00178212,"ARIMA(2, 0, 0)",-0.00178212,0.00397669,-0.01179216,0.0,2024-W39
adj_close.csv,ARIMA,XLRE,0.01621662,0.01575631,0.01753843,0.01621662,0.01575631,0.01753843,"ARIMA(2, 0, 0)",-0.01753843,-0.00132181,-0.00178212,0.0,2024-W40
adj_close.csv,ARIMA,XLRE,0.00179815,0.01546835,0.00207008,0.00179815,0.01546835,0.00207008,"ARIMA(2, 0, 0)",-0.00207008,-0.00027192,-0.01753843,0.0,2024-W41
adj_close.csv,ARIMA,XLRE,0.03170534,0.0317877,0.02971762,0.03170534,0.0317877,0.02971762,"ARIMA(2, 0, 0)",0.02971762,-0.00198772,-0.00207008,0.0,2024-W42
adj_close.csv,ARIMA,XLRE,0.01497691,0.04480642,0.01508879,0.01497691,0.04480642,0.01508879,"ARIMA(2, 0, 0)",-0.01508879,-0.00011188,0.02971762,0.0,2024-W43
adj_close.csv,ARIMA,XLRE,0.03387914,0.01555513,0.03064392,0.03387914,0.01555513,0.03064392,"ARIMA(2, 0, 0)",-0.03064392,0.00323522,-0.01508879,0.0,2024-W44
adj_close.csv,ARIMA,XLRE,0.02868425,0.05765058,0.02700666,0.02868425,0.05765058,0.02700666,"ARIMA(2, 0, 0)",0.02700666,-0.00167759,-0.03064392,0.0,2024-W45
adj_close.csv,ARIMA,XLRE,0.0183125,0.04841376,0.0214071,0.0183125,0.04841376,0.0214071,"ARIMA(2, 0, 0)",-0.0214071,-0.00309461,0.02700666,0.0,2024-W46
adj_close.csv,ARIMA,XLRE,0.02260231,0.04690515,0.02549805,0.02260231,0.04690515,0.02549805,"ARIMA(2, 0, 0)",0.02549805,0.00289574,-0.0214071,0.0,2024-W47
adj_close.csv,ARIMA,XLRE,0.02293518,0.00506852,0.02042953,0.02293518,0.00506852,0.02042953,"ARIMA(2, 0, 0)",0.02042953,-0.00250566,0.02549805,0.0,2024-W48
adj_close.csv,ARIMA,XLRE,0.03028322,0.04814336,0.02771383,0.03028322,0.04814336,0.02771383,"ARIMA(2, 0, 0)",-0.02771383,0.00256939,0.02042953,0.0,2024-W49
adj_close.csv,ARIMA,XLRE,0.02396466,0.00600399,0.02170984,0.02396466,0.00600399,0.02170984,"ARIMA(2, 0, 0)",-0.02170984,0.00225482,-0.02771383,0.0,2024-W50
adj_close.csv,ARIMA,XLRE,0.04623299,0.02709213,0.04880197,0.04623299,0.02709213,0.04880197,"ARIMA(2, 0, 0)",-0.04880197,-0.00256898,-0.02170984,0.0,2024-W51
adj_close.csv,ARIMA,XLRE,0.00693983,0.05335106,0.00454909,0.00693983,0.05335106,0.00454909,"ARIMA(2, 0, 0)",0.00454909,-0.00239074,-0.04880197,0.0,2024-W52
adj_close.csv,ARIMA,XLRE,0.01241238,0.00282376,0.00737285,0.01241238,0.00282376,0.00737285,"ARIMA(2, 0, 0)",0.00737285,-0.00503953,0.00454909,0.0,2025-W01
adj_close.csv,ARIMA,XLRE,0.04195346,0.04886835,0.0414955,0.04195346,0.04886835,0.0414955,"ARIMA(2, 0, 0)",-0.0414955,0.00045796,0.00737285,0.0,2025-W02
adj_close.csv,ARIMA,XLRE,0.04658114,0.08885049,0.04735499,0.04658114,0.08885049,0.04735499,"ARIMA(2, 0, 0)",0.04735499,0.00077385,-0.0414955,0.0,2025-W03
adj_close.csv,ARIMA,XLRE,0.01618244,0.03597894,0.01137605,0.01618244,0.03597894,0.01137605,"ARIMA(2, 0, 0)",0.01137605,-0.00480639,0.04735499,0.0,2025-W04
adj_close.csv,ARIMA,XLRE,0.00758768,0.0145098,0.00313374,0.00758768,0.0145098,0.00313374,"ARIMA(2, 0, 0)",-0.00313374,0.00445393,0.01137605,0.0,2025-W05
adj_close.csv,ARIMA,XLRE,0.01209397,0.01632514,0.01319139,0.01209397,0.01632514,0.01319139,"ARIMA(2, 0, 0)",0.01319139,0.00109742,-0.00313374,0.0,2025-W06
adj_close.csv,ARIMA,XLRE,0.00256522,0.01104925,0.00214214,0.00256522,0.01104925,0.00214214,"ARIMA(2, 0, 0)",0.00214214,-0.00042309,0.01319139,0.0,2025-W07
adj_close.csv,ARIMA,XLRE,0.00280419,0.00189139,0.00403353,0.00280419,0.00189139,0.00403353,"ARIMA(2, 0, 0)",0.00403353,0.00122933,0.00214214,0.0,2025-W08
adj_close.csv,ARIMA,XLRE,0.02138578,0.01751808,0.02155161,0.02138578,0.01751808,0.02155161,"ARIMA(2, 0, 0)",0.02155161,0.00016583,0.00403353,0.0,2025-W09
adj_close.csv,ARIMA,XLRE,0.01607974,0.03743614,0.01588453,0.01607974,0.03743614,0.01588453,"ARIMA(2, 0, 0)",-0.01588453,0.00019521,0.02155161,0.0,2025-W10
adj_close.csv,ARIMA,XLRE,0.02652711,0.00842553,0.02431006,0.02652711,0.00842553,0.02431006,"ARIMA(2, 0, 0)",-0.02431006,0.00221705,-0.01588453,0.0,2025-W11
adj_close.csv,ARIMA,XLRE,0.00269328,0.02575654,0.00144648,0.00269328,0.02575654,0.00144648,"ARIMA(2, 0, 0)",0.00144648,-0.0012468,-0.02431006,0.0,2025-W12
adj_close.csv,ARIMA,XLRE,0.00619299,0.00252184,0.00396832,0.00619299,0.00252184,0.00396832,"ARIMA(2, 0, 0)",0.00396832,-0.00222467,0.00144648,0.0,2025-W13
adj_close.csv,ARIMA,XLRE,0.06108264,0.06495524,0.06098692,0.06108264,0.06495524,0.06098692,"ARIMA(2, 0, 0)",-0.06098692,9.571e-05,0.00396832,0.0,2025-W14
adj_close.csv,ARIMA,XLRE,0.00200567,0.05995966,0.00102727,0.00200567,0.05995966,0.00102727,"ARIMA(2, 0, 0)",-0.00102727,0.0009784,-0.06098692,0.0,2025-W15
adj_close.csv,ARIMA,XLRE,0.04400402,0.03958572,0.03855846,0.04400402,0.03958572,0.03855846,"ARIMA(2, 0, 0)",0.03855846,-0.00544556,-0.00102727,0.0,2025-W16
adj_close.csv,ARIMA,XLRE,0.00243284,0.03658267,0.00197579,0.00243284,0.03658267,0.00197579,"ARIMA(2, 0, 0)",0.00197579,-0.00045705,0.03855846,0.0,2025-W17
adj_close.csv,ARIMA,XLRE,0.03115832,0.0319834,0.03395919,0.03115832,0.0319834,0.03395919,"ARIMA(2, 0, 0)",0.03395919,0.00280087,0.00197579,0.0,2025-W18
adj_close.csv,ARIMA,XLRE,0.00751755,0.04162028,0.00766109,0.00751755,0.04162028,0.00766109,"ARIMA(2, 0, 0)",-0.00766109,-0.00014354,0.03395919,0.0,2025-W19
adj_close.csv,ARIMA,XLRE,0.00676166,0.01722821,0.00956711,0.00676166,0.01722821,0.00956711,"ARIMA(2, 0, 0)",0.00956711,0.00280545,-0.00766109,0.0,2025-W20
adj_close.csv,ARIMA,XLRE,0.03242686,0.04272199,0.03315487,0.03242686,0.04272199,0.03315487,"ARIMA(2, 0, 0)",-0.03315487,-0.00072801,0.00956711,0.0,2025-W21
adj_close.csv,ARIMA,XLRE,0.0252558,0.05962234,0.02646747,0.0252558,0.05962234,0.02646747,"ARIMA(2, 0, 0)",0.02646747,0.00121167,-0.03315487,0.0,2025-W22
adj_close.csv,ARIMA,XLRE,0.00685297,0.02287927,0.0035882,0.00685297,0.02287927,0.0035882,"ARIMA(2, 0, 0)",0.0035882,-0.00326476,0.02646747,0.0,2025-W23
adj_close.csv,ARIMA,XLRE,0.00190298,0.00334958,0.00023862,0.00190298,0.00334958,0.00023862,"ARIMA(2, 0, 0)",0.00023862,0.0021416,0.0035882,0.0,2025-W24
adj_close.csv,ARIMA,XLRE,0.00172656,0.00167184,0.00143323,0.00172656,0.00167184,0.00143323,"ARIMA(2, 0, 0)",-0.00143323,0.00029334,0.00023862,0.0,2025-W25
adj_close.csv,ARIMA,XLRE,0.00815734,0.00668067,0.00811389,0.00815734,0.00668067,0.00811389,"ARIMA(2, 0, 0)",-0.00811389,4.344e-05,-0.00143323,0.0,2025-W26
adj_close.csv,ARIMA,XLRE,0.01638676,0.0245155,0.01640161,0.01638676,0.0245155,0.01640161,"ARIMA(2, 0, 0)",0.01640161,1.485e-05,-0.00811389,0.0,2025-W27
adj_close.csv,ARIMA,XLRE,0.00456408,0.02191915,0.00551754,0.00456408,0.02191915,0.00551754,"ARIMA(2, 0, 0)",-0.00551754,-0.00095345,0.01640161,0.0,2025-W28
adj_close.csv,ARIMA,XLRE,0.00501741,0.01199157,0.00647403,0.00501741,0.01199157,0.00647403,"ARIMA(2, 0, 0)",0.00647403,0.00145662,-0.00551754,0.0,2025-W29
adj_close.csv,ARIMA,XLRE,0.02302699,0.01597762,0.02245165,0.02302699,0.01597762,0.02245165,"ARIMA(2, 0, 0)",0.02245165,-0.00057534,0.00647403,0.0,2025-W30
adj_close.csv,ARIMA,XLRE,0.03583781,0.05813567,0.03568402,0.03583781,0.05813567,0.03568402,"ARIMA(2, 0, 0)",-0.03568402,0.00015379,0.02245165,0.0,2025-W31
adj_close.csv,ARIMA,XLRE,0.00356695,0.03471468,0.00096934,0.00356695,0.03471468,0.00096934,"ARIMA(2, 0, 0)",-0.00096934,0.00259761,-0.03568402,0.0,2025-W32
adj_close.csv,ARIMA,XLRE,0.00479699,0.00290688,0.00193755,0.00479699,0.00290688,0.00193755,"ARIMA(2, 0, 0)",0.00193755,-0.00285944,-0.00096934,0.0,2025-W33
adj_close.csv,ARIMA,XLRE,0.02426165,0.02220606,0.02414361,0.02426165,0.02220606,0.02414361,"ARIMA(2, 0, 0)",0.02414361,-0.00011804,0.00193755,0.0,2025-W34
adj_close.csv,ARIMA,XLRE,0.00036133,0.02485238,0.00070877,0.00036133,0.02485238,0.00070877,"ARIMA(2, 0, 0)",-0.00070877,-0.00034744,0.02414361,0.0,2025-W35
adj_close.csv,ARIMA,XLRE,0.00501305,0.00236853,0.00307729,0.00501305,0.00236853,0.00307729,"ARIMA(2, 0, 0)",-0.00307729,0.00193576,-0.00070877,0.0,2025-W36
adj_close.csv,ARIMA,XLRE,0.00401409,0.00709956,0.00402227,0.00401409,0.00709956,0.00402227,"ARIMA(2, 0, 0)",0.00402227,8.18e-06,-0.00307729,0.0,2025-W37
adj_close.csv,ARIMA,XLRE,0.01154997,0.0158989,0.01187663,0.01154997,0.0158989,0.01187663,"ARIMA(2, 0, 0)",-0.01187663,-0.00032666,0.00402227,0.0,2025-W38
adj_close.csv,ARIMA,XLRE,0.00775089,0.02019676,0.00832013,0.00775089,0.02019676,0.00832013,"ARIMA(2, 0, 0)",0.00832013,0.00056925,-0.01187663,0.0,2025-W39
adj_close.csv,ARIMA,XLRE,0.00588545,0.00355595,0.00476418,0.00588545,0.00355595,0.00476418,"ARIMA(2, 0, 0)",0.00476418,-0.00112127,0.00832013,0.0,2025-W40
adj_close.csv,ARIMA,XLRE,0.03438971,0.03860018,0.03383599,0.03438971,0.03860018,0.03383599,"ARIMA(2, 0, 0)",-0.03383599,0.00055371,0.00476418,0.0,2025-W41
adj_close.csv,ARIMA,XLRE,0.03175934,0.06672091,0.03288492,0.03175934,0.06672091,0.03288492,"ARIMA(2, 0, 0)",0.03288492,0.00112558,-0.03383599,0.0,2025-W42
adj_close.csv,ARIMA,XLRE,0.01798073,0.01847911,0.01440581,0.01798073,0.01847911,0.01440581,"ARIMA(2, 0, 0)",0.01440581,-0.00357492,0.03288492,0.0,2025-W43
adj_close.csv,ARIMA,XLRE,0.04398104,0.05630306,0.04189725,0.04398104,0.05630306,0.04189725,"ARIMA(2, 0, 0)",-0.04189725,0.00208379,0.01440581,0.0,2025-W44
adj_close.csv,ARIMA,XLRE,0.00683265,0.05090297,0.00900571,0.00683265,0.05090297,0.00900571,"ARIMA(2, 0, 0)",0.00900571,0.00217306,-0.04189725,0.0,2025-W45
adj_close.csv,ARIMA,XLRE,0.00471802,0.01678973,0.00778401,0.00471802,0.01678973,0.00778401,"ARIMA(2, 0, 0)",-0.00778401,-0.00306599,0.00900571,0.0,2025-W46
adj_close.csv,ARIMA,XLRE,0.00207229,0.00656231,0.0012217,0.00207229,0.00656231,0.0012217,"ARIMA(2, 0, 0)",-0.0012217,0.00085059,-0.00778401,0.0,2025-W47
adj_close.csv,ARIMA,XLRE,0.01913961,0.01987302,0.01865132,0.01913961,0.01987302,0.01865132,"ARIMA(2, 0, 0)",0.01865132,-0.0004883,-0.0012217,0.0,2025-W48
adj_close.csv,ARIMA,XLRE,0.01579273,0.03510455,0.01645324,0.01579273,0.03510455,0.01645324,"ARIMA(2, 0, 0)",-0.01645324,-0.0006605,0.01865132,0.0,2025-W49
adj_close.csv,ARIMA,XLRE,0.0076561,0.01058088,0.00587235,0.0076561,0.01058088,0.00587235,"ARIMA(2, 0, 0)",-0.00587235,0.00178374,-0.01645324,0.0,2025-W50
adj_close.csv,ARIMA,XLRE,0.00946236,0.00448786,0.01036021,0.00946236,0.00448786,0.01036021,"ARIMA(2, 0, 0)",-0.01036021,-0.00089785,-0.00587235,0.0,2025-W51
adj_close.csv,ARIMA,XLRE,0.01563433,0.02592994,0.01556973,0.01563433,0.02592994,0.01556973,"ARIMA(2, 0, 0)",0.01556973,-6.46e-05,-0.01036021,0.0,2025-W52
adj_close.csv,ARIMA,XLRE,0.002266,0.01903078,0.00346105,0.002266,0.01903078,0.00346105,"ARIMA(2, 0, 0)",-0.00346105,-0.00119505,0.01556973,0.0,2026-W01
adj_close.csv,ARIMA,XLRE,0.00181892,0.00642839,0.00296733,0.00181892,0.00642839,0.00296733,"ARIMA(2, 0, 0)",0.00296733,0.00114841,-0.00346105,0.0,2026-W02
adj_close.csv,ARIMA,XLRE,0.04168319,0.03838783,0.04135516,0.04168319,0.03838783,0.04135516,"ARIMA(2, 0, 0)",0.04135516,-0.00032803,0.00296733,0.0,2026-W03
adj_close.csv,ARIMA,XLRE,0.02187116,0.06436119,0.02300603,0.02187116,0.06436119,0.02300603,"ARIMA(2, 0, 0)",-0.02300603,-0.00113486,0.04135516,0.0,2026-W04
adj_close.csv,ARIMA,XLRE,0.00079709,0.02736018,0.00435415,0.00079709,0.02736018,0.00435415,"ARIMA(2, 0, 0)",0.00435415,0.00355706,-0.02300603,0.0,2026-W05
adj_close.csv,ARIMA,XLRE,0.00974034,0.01576346,0.01140931,0.00974034,0.01576346,0.01140931,"ARIMA(2, 0, 0)",-0.01140931,-0.00166896,0.00435415,0.0,2026-W06
adj_close.csv,ARIMA,XLU,0.01737938,0.0307053,0.01472077,0.01737938,0.0307053,0.01472077,"ARIMA(2, 0, 2)",0.01472077,-0.00265862,-0.01598454,0.0,2024-W30
adj_close.csv,ARIMA,XLU,0.0445157,0.02724158,0.04196234,0.0445157,0.02724158,0.04196234,"ARIMA(2, 0, 2)",0.04196234,-0.00255336,0.01472077,0.0,2024-W31
adj_close.csv,ARIMA,XLU,0.00404943,0.05021513,0.00825278,0.00404943,0.05021513,0.00825278,"ARIMA(2, 0, 2)",-0.00825278,-0.00420335,0.04196234,0.0,2024-W32
adj_close.csv,ARIMA,XLU,0.01874793,0.01946539,0.01121261,0.01874793,0.01946539,0.01121261,"ARIMA(2, 0, 2)",0.01121261,-0.00753532,-0.00825278,0.0,2024-W33
adj_close.csv,ARIMA,XLU,0.01599131,0.00186629,0.0130789,0.01599131,0.00186629,0.0130789,"ARIMA(2, 0, 2)",0.0130789,-0.00291241,0.01121261,0.0,2024-W34
adj_close.csv,ARIMA,XLU,0.01708709,0.0016095,0.0114694,0.01708709,0.0016095,0.0114694,"ARIMA(2, 0, 2)",0.0114694,-0.00561769,0.0130789,0.0,2024-W35
adj_close.csv,ARIMA,XLU,0.00103578,0.01646274,0.00499334,0.00103578,0.01646274,0.00499334,"ARIMA(2, 0, 2)",-0.00499334,-0.00395756,0.0114694,0.0,2024-W36
adj_close.csv,ARIMA,XLU,0.04025271,0.03905296,0.03405962,0.04025271,0.03905296,0.03405962,"ARIMA(2, 0, 2)",0.03405962,-0.00619309,-0.00499334,0.0,2024-W37
adj_close.csv,ARIMA,XLU,0.01595875,0.0146416,0.01941802,0.01595875,0.0146416,0.01941802,"ARIMA(2, 0, 2)",0.01941802,0.00345927,0.03405962,0.0,2024-W38
adj_close.csv,ARIMA,XLU,0.01154565,0.00842766,0.01099036,0.01154565,0.00842766,0.01099036,"ARIMA(2, 0, 2)",0.01099036,-0.00055529,0.01941802,0.0,2024-W39
adj_close.csv,ARIMA,XLU,0.01432291,1.56e-05,0.01100596,0.01432291,1.56e-05,0.01100596,"ARIMA(2, 0, 2)",0.01100596,-0.00331696,0.01099036,0.0,2024-W40
adj_close.csv,ARIMA,XLU,0.02607847,0.03666737,0.02566141,0.02607847,0.03666737,0.02566141,"ARIMA(2, 0, 2)",-0.02566141,0.00041706,0.01100596,0.0,2024-W41
adj_close.csv,ARIMA,XLU,0.03889958,0.05916319,0.03350177,0.03889958,0.05916319,0.03350177,"ARIMA(2, 0, 2)",0.03350177,-0.0053978,-0.02566141,0.0,2024-W42
adj_close.csv,ARIMA,XLU,0.02312734,0.05284567,0.01934389,0.02312734,0.05284567,0.01934389,"ARIMA(2, 0, 2)",-0.01934389,0.00378345,0.03350177,0.0,2024-W43
adj_close.csv,ARIMA,XLU,0.02010908,0.00904739,0.02839128,0.02010908,0.00904739,0.02839128,"ARIMA(2, 0, 2)",-0.02839128,-0.0082822,-0.01934389,0.0,2024-W44
adj_close.csv,ARIMA,XLU,0.01260409,0.04174091,0.01334962,0.01260409,0.04174091,0.01334962,"ARIMA(2, 0, 2)",0.01334962,0.00074553,-0.02839128,0.0,2024-W45
adj_close.csv,ARIMA,XLU,0.00274222,0.01246585,0.00088378,0.00274222,0.01246585,0.00088378,"ARIMA(2, 0, 2)",0.00088378,-0.00185844,0.01334962,0.0,2024-W46
adj_close.csv,ARIMA,XLU,0.02851362,0.02649807,0.02738185,0.02851362,0.02649807,0.02738185,"ARIMA(2, 0, 2)",0.02738185,-0.00113177,0.00088378,0.0,2024-W47
adj_close.csv,ARIMA,XLU,0.01804291,0.00937436,0.01800748,0.01804291,0.00937436,0.01800748,"ARIMA(2, 0, 2)",0.01800748,-3.542e-05,0.02738185,0.0,2024-W48
adj_close.csv,ARIMA,XLU,0.03959311,0.05786015,0.03985267,0.03959311,0.05786015,0.03985267,"ARIMA(2, 0, 2)",-0.03985267,-0.00025956,0.01800748,0.0,2024-W49
adj_close.csv,ARIMA,XLU,0.02130255,0.01379132,0.02606135,0.02130255,0.01379132,0.02606135,"ARIMA(2, 0, 2)",-0.02606135,-0.00475879,-0.03985267,0.0,2024-W50
adj_close.csv,ARIMA,XLU,0.01390018,0.01035385,0.0157075,0.01390018,0.01035385,0.0157075,"ARIMA(2, 0, 2)",-0.0157075,-0.00180732,-0.02606135,0.0,2024-W51
adj_close.csv,ARIMA,XLU,0.00420452,0.01936823,0.00366073,0.00420452,0.01936823,0.00366073,"ARIMA(2, 0, 2)",0.00366073,-0.00054379,-0.0157075,0.0,2024-W52
adj_close.csv,ARIMA,XLU,0.01023527,0.0093977,0.01305843,0.01023527,0.0093977,0.01305843,"ARIMA(2, 0, 2)",0.01305843,0.00282316,0.00366073,0.0,2025-W01
adj_close.csv,ARIMA,XLU,0.02026239,0.03271058,0.01965215,0.02026239,0.03271058,0.01965215,"ARIMA(2, 0, 2)",-0.01965215,0.00061023,0.01305843,0.0,2025-W02
adj_close.csv,ARIMA,XLU,0.04282028,0.06188092,0.04222877,0.04282028,0.06188092,0.04222877,"ARIMA(2, 0, 2)",0.04222877,-0.00059151,-0.01965215,0.0,2025-W03
adj_close.csv,ARIMA,XLU,0.00346151,0.0340181,0.00821067,0.00346151,0.0340181,0.00821067,"ARIMA(2, 0, 2)",0.00821067,0.00474916,0.04222877,0.0,2025-W04
adj_close.csv,ARIMA,XLU,0.01654426,0.02867267,0.020462,0.01654426,0.02867267,0.020462,"ARIMA(2, 0, 2)",-0.020462,-0.00391774,0.00821067,0.0,2025-W05
adj_close.csv,ARIMA,XLU,0.00234709,0.02379488,0.00333288,0.00234709,0.02379488,0.00333288,"ARIMA(2, 0, 2)",0.00333288,0.00098579,-0.020462,0.0,2025-W06
adj_close.csv,ARIMA,XLU,0.01314349,0.00887804,0.01221092,0.01314349,0.00887804,0.01221092,"ARIMA(2, 0, 2)",0.01221092,-0.00093257,0.00333288,0.0,2025-W07
adj_close.csv,ARIMA,XLU,0.01393554,0.00247202,0.01468294,0.01393554,0.00247202,0.01468294,"ARIMA(2, 0, 2)",0.01468294,0.0007474,0.01221092,0.0,2025-W08
adj_close.csv,ARIMA,XLU,0.01146543,0.02784995,0.01316701,0.01146543,0.02784995,0.01316701,"ARIMA(2, 0, 2)",-0.01316701,-0.00170158,0.01468294,0.0,2025-W09
adj_close.csv,ARIMA,XLU,0.02245681,0.01149734,0.02466434,0.02245681,0.01149734,0.02466434,"ARIMA(2, 0, 2)",-0.02466434,-0.00220753,-0.01316701,0.0,2025-W10
adj_close.csv,ARIMA,XLU,0.02182917,0.04490074,0.0202364,0.02182917,0.04490074,0.0202364,"ARIMA(2, 0, 2)",0.0202364,-0.00159278,-0.02466434,0.0,2025-W11
adj_close.csv,ARIMA,XLU,0.00426699,0.02175897,0.00152257,0.00426699,0.02175897,0.00152257,"ARIMA(2, 0, 2)",-0.00152257,0.00274442,0.0202364,0.0,2025-W12
adj_close.csv,ARIMA,XLU,0.00041646,0.00123072,0.00275329,0.00041646,0.00123072,0.00275329,"ARIMA(2, 0, 2)",-0.00275329,-0.00316975,-0.00152257,0.0,2025-W13
adj_close.csv,ARIMA,XLU,0.04718225,0.0424975,0.04525079,0.04718225,0.0424975,0.04525079,"ARIMA(2, 0, 2)",-0.04525079,0.00193146,-0.00275329,0.0,2025-W14
adj_close.csv,ARIMA,XLU,0.02988176,0.06898417,0.02373338,0.02988176,0.06898417,0.02373338,"ARIMA(2, 0, 2)",0.02373338,-0.00614837,-0.04525079,0.0,2025-W15
adj_close.csv,ARIMA,XLU,0.01348515,0.00491274,0.01882064,0.01348515,0.00491274,0.01882064,"ARIMA(2, 0, 2)",0.01882064,0.0053355,0.02373338,0.0,2025-W16
adj_close.csv,ARIMA,XLU,0.01039389,0.01317888,0.00564176,0.01039389,0.01317888,0.00564176,"ARIMA(2, 0, 2)",0.00564176,-0.00475213,0.01882064,0.0,2025-W17
adj_close.csv,ARIMA,XLU,0.01987155,0.01385755,0.01949932,0.01987155,0.01385755,0.01949932,"ARIMA(2, 0, 2)",0.01949932,-0.00037224,0.00564176,0.0,2025-W18
adj_close.csv,ARIMA,XLU,0.00882982,0.01337409,0.00612522,0.00882982,0.01337409,0.00612522,"ARIMA(2, 0, 2)",0.00612522,-0.00270459,0.01949932,0.0,2025-W19
adj_close.csv,ARIMA,XLU,0.02473032,0.01776463,0.02388986,0.02473032,0.01776463,0.02388986,"ARIMA(2, 0, 2)",0.02388986,-0.00084046,0.00612522,0.0,2025-W20
adj_close.csv,ARIMA,XLU,0.01162191,0.03761212,0.01372227,0.01162191,0.03761212,0.01372227,"ARIMA(2, 0, 2)",-0.01372227,-0.00210036,0.02388986,0.0,2025-W21
adj_close.csv,ARIMA,XLU,0.01472515,0.02427578,0.01055351,0.01472515,0.02427578,0.01055351,"ARIMA(2, 0, 2)",0.01055351,-0.00417164,-0.01372227,0.0,2025-W22
adj_close.csv,ARIMA,XLU,0.0092465,0.01950443,0.00895092,0.0092465,0.01950443,0.00895092,"ARIMA(2, 0, 2)",-0.00895092,0.00029557,0.01055351,0.0,2025-W23
adj_close.csv,ARIMA,XLU,0.0073199,0.01177965,0.00282872,0.0073199,0.01177965,0.00282872,"ARIMA(2, 0, 2)",0.00282872,-0.00449118,-0.00895092,0.0,2025-W24
adj_close.csv,ARIMA,XLU,0.00919657,0.01072023,0.0078915,0.00919657,0.01072023,0.0078915,"ARIMA(2, 0, 2)",-0.0078915,0.00130507,0.00282872,0.0,2025-W25
adj_close.csv,ARIMA,XLU,0.0174882,0.02159622,0.01370471,0.0174882,0.02159622,0.01370471,"ARIMA(2, 0, 2)",0.01370471,-0.00378349,-0.0078915,0.0,2025-W26
adj_close.csv,ARIMA,XLU,0.00421768,0.00745373,0.00625098,0.00421768,0.00745373,0.00625098,"ARIMA(2, 0, 2)",0.00625098,0.0020333,0.01370471,0.0,2025-W27
adj_close.csv,ARIMA,XLU,0.01108463,0.00117507,0.00742604,0.01108463,0.00117507,0.00742604,"ARIMA(2, 0, 2)",0.00742604,-0.00365858,0.00625098,0.0,2025-W28
adj_close.csv,ARIMA,XLU,0.01568669,0.0082181,0.01564415,0.01568669,0.0082181,0.01564415,"ARIMA(2, 0, 2)",0.01564415,-4.254e-05,0.00742604,0.0,2025-W29
adj_close.csv,ARIMA,XLU,0.01208803,0.00649223,0.00915192,0.01208803,0.00649223,0.00915192,"ARIMA(2, 0, 2)",0.00915192,-0.00293612,0.01564415,0.0,2025-W30
adj_close.csv,ARIMA,XLU,0.01606135,0.00587897,0.01503089,0.01606135,0.00587897,0.01503089,"ARIMA(2, 0, 2)",0.01503089,-0.00103046,0.00915192,0.0,2025-W31
adj_close.csv,ARIMA,XLU,0.00790169,0.0106118,0.00441909,0.00790169,0.0106118,0.00441909,"ARIMA(2, 0, 2)",0.00441909,-0.00348261,0.01503089,0.0,2025-W32
adj_close.csv,ARIMA,XLU,0.00395653,0.01093828,0.0065192,0.00395653,0.01093828,0.0065192,"ARIMA(2, 0, 2)",-0.0065192,-0.00256267,0.00441909,0.0,2025-W33
adj_close.csv,ARIMA,XLU,0.00781962,0.01141264,0.00489345,0.00781962,0.01141264,0.00489345,"ARIMA(2, 0, 2)",0.00489345,-0.00292618,-0.0065192,0.0,2025-W34
adj_close.csv,ARIMA,XLU,0.01881492,0.02508673,0.02019329,0.01881492,0.02508673,0.02019329,"ARIMA(2, 0, 2)",-0.02019329,-0.00137836,0.00489345,0.0,2025-W35
adj_close.csv,ARIMA,XLU,0.00649282,0.01006152,0.01013177,0.00649282,0.01006152,0.01013177,"ARIMA(2, 0, 2)",-0.01013177,-0.00363895,-0.02019329,0.0,2025-W36
adj_close.csv,ARIMA,XLU,0.02266207,0.03416079,0.02402902,0.02266207,0.03416079,0.02402902,"ARIMA(2, 0, 2)",0.02402902,0.00136695,-0.01013177,0.0,2025-W37
adj_close.csv,ARIMA,XLU,0.00586167,0.03048254,0.00645352,0.00586167,0.03048254,0.00645352,"ARIMA(2, 0, 2)",-0.00645352,-0.00059185,0.02402902,0.0,2025-W38
adj_close.csv,ARIMA,XLU,0.03055095,0.0348212,0.02836769,0.03055095,0.0348212,0.02836769,"ARIMA(2, 0, 2)",0.02836769,-0.00218327,-0.00645352,0.0,2025-W39
adj_close.csv,ARIMA,XLU,0.02279951,0.00446475,0.02390294,0.02279951,0.00446475,0.02390294,"ARIMA(2, 0, 2)",0.02390294,0.00110343,0.02836769,0.0,2025-W40
adj_close.csv,ARIMA,XLU,0.01871114,0.00949827,0.01440467,0.01871114,0.00949827,0.01440467,"ARIMA(2, 0, 2)",0.01440467,-0.00430647,0.02390294,0.0,2025-W41
adj_close.csv,ARIMA,XLU,0.01646151,0.00066966,0.01507434,0.01646151,0.00066966,0.01507434,"ARIMA(2, 0, 2)",0.01507434,-0.00138717,0.01440467,0.0,2025-W42
adj_close.csv,ARIMA,XLU,0.00202637,0.01704202,0.00196768,0.00202637,0.01704202,0.00196768,"ARIMA(2, 0, 2)",-0.00196768,-0.00399406,0.01507434,0.0,2025-W43
adj_close.csv,ARIMA,XLU,0.02234967,0.02340905,0.02537674,0.02234967,0.02340905,0.02537674,"ARIMA(2, 0, 2)",-0.02537674,-0.00302707,-0.00196768,0.0,2025-W44
adj_close.csv,ARIMA,XLU,0.01047163,0.03197673,0.0066,0.01047163,0.03197673,0.0066,"ARIMA(2, 0, 2)",0.0066,-0.00387164,-0.02537674,0.0,2025-W45
adj_close.csv,ARIMA,XLU,0.01143696,0.01702313,0.01042314,0.01143696,0.01702313,0.01042314,"ARIMA(2, 0, 2)",-0.01042314,0.00101383,0.0066,0.0,2025-W46
adj_close.csv,ARIMA,XLU,0.0029144,0.00352689,0.00689624,0.0029144,0.00352689,0.00689624,"ARIMA(2, 0, 2)",-0.00689624,-0.00398184,-0.01042314,0.0,2025-W47
adj_close.csv,ARIMA,XLU,0.02599962,0.03464159,0.02774534,0.02599962,0.03464159,0.02774534,"ARIMA(2, 0, 2)",0.02774534,0.00174572,-0.00689624,0.0,2025-W48
adj_close.csv,ARIMA,XLU,0.04439814,0.07323079,0.04548545,0.04439814,0.07323079,0.04548545,"ARIMA(2, 0, 2)",-0.04548545,-0.00108731,0.02774534,0.0,2025-W49
adj_close.csv,ARIMA,XLU,0.00690724,0.03457165,0.0109138,0.00690724,0.03457165,0.0109138,"ARIMA(2, 0, 2)",-0.0109138,-0.00400656,-0.04548545,0.0,2025-W50
adj_close.csv,ARIMA,XLU,0.00903797,0.00623323,0.00468057,0.00903797,0.00623323,0.00468057,"ARIMA(2, 0, 2)",-0.00468057,0.00435741,-0.0109138,0.0,2025-W51
adj_close.csv,ARIMA,XLU,0.01247766,0.01565688,0.01097631,0.01247766,0.01565688,0.01097631,"ARIMA(2, 0, 2)",0.01097631,-0.00150134,-0.00468057,0.0,2025-W52
adj_close.csv,ARIMA,XLU,0.00524045,0.00166956,0.00930676,0.00524045,0.00166956,0.00930676,"ARIMA(2, 0, 2)",0.00930676,0.00406631,0.01097631,0.0,2026-W01
adj_close.csv,ARIMA,XLU,0.01348519,0.02494489,0.01563813,0.01348519,0.02494489,0.01563813,"ARIMA(2, 0, 2)",-0.01563813,-0.00215294,0.00930676,0.0,2026-W02
adj_close.csv,ARIMA,XLU,0.01901088,0.03612781,0.02048968,0.01901088,0.03612781,0.02048968,"ARIMA(2, 0, 2)",0.02048968,0.0014788,-0.01563813,0.0,2026-W03
adj_close.csv,ARIMA,XLU,0.02023555,0.03980379,0.01931411,0.02023555,0.03980379,0.01931411,"ARIMA(2, 0, 2)",-0.01931411,0.00092144,0.02048968,0.0,2026-W04
adj_close.csv,ARIMA,XLU,0.01801523,0.03539646,0.01608236,0.01801523,0.03539646,0.01608236,"ARIMA(2, 0, 2)",0.01608236,-0.00193287,-0.01931411,0.0,2026-W05
adj_close.csv,ARIMA,XLU,0.0180998,0.03075599,0.01467363,0.0180998,0.03075599,0.01467363,"ARIMA(2, 0, 2)",-0.01467363,0.00342617,0.01608236,0.0,2026-W06
adj_close.csv,ARIMA,XLV,0.0156604,0.01673683,0.01403528,0.0156604,0.01673683,0.01403528,"ARIMA(1, 0, 1)",0.01403528,-0.00162512,-0.00270155,0.0,2024-W30
adj_close.csv,ARIMA,XLV,0.00821245,0.00805164,0.00598364,0.00821245,0.00805164,0.00598364,"ARIMA(1, 0, 1)",0.00598364,-0.00222881,0.01403528,0.0,2024-W31
adj_close.csv,ARIMA,XLV,0.00358722,0.01183407,0.00585043,0.00358722,0.01183407,0.00585043,"ARIMA(1, 0, 1)",-0.00585043,-0.00226322,0.00598364,0.0,2024-W32
adj_close.csv,ARIMA,XLV,0.02074486,0.02493628,0.01908585,0.02074486,0.02493628,0.01908585,"ARIMA(1, 0, 1)",0.01908585,-0.00165901,-0.00585043,0.0,2024-W33
adj_close.csv,ARIMA,XLV,0.01921066,0.00234937,0.01673648,0.01921066,0.00234937,0.01673648,"ARIMA(1, 0, 1)",0.01673648,-0.00247418,0.01908585,0.0,2024-W34
adj_close.csv,ARIMA,XLV,0.01209425,0.00554181,0.01119467,0.01209425,0.00554181,0.01119467,"ARIMA(1, 0, 1)",0.01119467,-0.00089957,0.01673648,0.0,2024-W35
adj_close.csv,ARIMA,XLV,0.02021803,0.0320857,0.02089103,0.02021803,0.0320857,0.02089103,"ARIMA(1, 0, 1)",-0.02089103,-0.000673,0.01119467,0.0,2024-W36
adj_close.csv,ARIMA,XLV,0.01590907,0.03514427,0.01425324,0.01590907,0.03514427,0.01425324,"ARIMA(1, 0, 1)",0.01425324,-0.00165583,-0.02089103,0.0,2024-W37
adj_close.csv,ARIMA,XLV,0.00353619,0.01990445,0.00565121,0.00353619,0.01990445,0.00565121,"ARIMA(1, 0, 1)",-0.00565121,-0.00211502,0.01425324,0.0,2024-W38
adj_close.csv,ARIMA,XLV,0.00938289,0.0052873,0.01093851,0.00938289,0.0052873,0.01093851,"ARIMA(1, 0, 1)",-0.01093851,-0.00155562,-0.00565121,0.0,2024-W39
adj_close.csv,ARIMA,XLV,0.008256,0.00187915,0.00905936,0.008256,0.00187915,0.00905936,"ARIMA(1, 0, 1)",-0.00905936,-0.00080336,-0.01093851,0.0,2024-W40
adj_close.csv,ARIMA,XLV,0.01496501,0.02378822,0.01472886,0.01496501,0.02378822,0.01472886,"ARIMA(1, 0, 1)",0.01472886,-0.00023614,-0.00905936,0.0,2024-W41
adj_close.csv,ARIMA,XLV,0.00397795,0.01967961,0.00495074,0.00397795,0.01967961,0.00495074,"ARIMA(1, 0, 1)",-0.00495074,-0.0009728,0.01472886,0.0,2024-W42
adj_close.csv,ARIMA,XLV,0.0295176,0.02514579,0.03009653,0.0295176,0.02514579,0.03009653,"ARIMA(1, 0, 1)",-0.03009653,-0.00057893,-0.00495074,0.0,2024-W43
adj_close.csv,ARIMA,XLV,0.0068456,0.02435977,0.00573676,0.0068456,0.02435977,0.00573676,"ARIMA(1, 0, 1)",-0.00573676,0.00110884,-0.03009653,0.0,2024-W44
adj_close.csv,ARIMA,XLV,0.01566583,0.0221173,0.01638054,0.01566583,0.0221173,0.01638054,"ARIMA(1, 0, 1)",0.01638054,0.00071471,-0.00573676,0.0,2024-W45
adj_close.csv,ARIMA,XLV,0.05675467,0.07351558,0.05713504,0.05675467,0.07351558,0.05713504,"ARIMA(1, 0, 1)",-0.05713504,-0.00038037,0.01638054,0.0,2024-W46
adj_close.csv,ARIMA,XLV,0.01392199,0.07335928,0.01622424,0.01392199,0.07335928,0.01622424,"ARIMA(1, 0, 1)",0.01622424,0.00230225,-0.05713504,0.0,2024-W47
adj_close.csv,ARIMA,XLV,0.02197694,0.00606978,0.02229402,0.02197694,0.00606978,0.02229402,"ARIMA(1, 0, 1)",0.02229402,0.00031708,0.01622424,0.0,2024-W48
adj_close.csv,ARIMA,XLV,0.02026244,0.04375594,0.02146191,0.02026244,0.04375594,0.02146191,"ARIMA(1, 0, 1)",-0.02146191,-0.00119947,0.02229402,0.0,2024-W49
adj_close.csv,ARIMA,XLV,0.02398829,0.00160503,0.02306694,0.02398829,0.00160503,0.02306694,"ARIMA(1, 0, 1)",-0.02306694,0.00092135,-0.02146191,0.0,2024-W50
adj_close.csv,ARIMA,XLV,0.0226271,0.00163162,0.02143532,0.0226271,0.00163162,0.02143532,"ARIMA(1, 0, 1)",-0.02143532,0.00119178,-0.02306694,0.0,2024-W51
adj_close.csv,ARIMA,XLV,0.00791212,0.03281313,0.01137781,0.00791212,0.03281313,0.01137781,"ARIMA(1, 0, 1)",0.01137781,0.00346569,-0.02143532,0.0,2024-W52
adj_close.csv,ARIMA,XLV,0.00250402,0.01130563,7.219e-05,0.00250402,0.01130563,7.219e-05,"ARIMA(1, 0, 1)",7.219e-05,0.0025762,0.01137781,0.0,2025-W01
adj_close.csv,ARIMA,XLV,0.0026234,0.00480924,0.00488143,0.0026234,0.00480924,0.00488143,"ARIMA(1, 0, 1)",0.00488143,0.00225803,7.219e-05,0.0,2025-W02
adj_close.csv,ARIMA,XLV,0.00211093,0.00102166,0.00385977,0.00211093,0.00102166,0.00385977,"ARIMA(1, 0, 1)",0.00385977,0.00174884,0.00488143,0.0,2025-W03
adj_close.csv,ARIMA,XLV,0.02926737,0.02517654,0.02903631,0.02926737,0.02517654,0.02903631,"ARIMA(1, 0, 1)",0.02903631,-0.00023106,0.00385977,0.0,2025-W04
adj_close.csv,ARIMA,XLV,0.01889168,0.01145226,0.01758406,0.01889168,0.01145226,0.01758406,"ARIMA(1, 0, 1)",0.01758406,-0.00130762,0.02903631,0.0,2025-W05
adj_close.csv,ARIMA,XLV,0.00237874,0.02058436,0.0030003,0.00237874,0.02058436,0.0030003,"ARIMA(1, 0, 1)",-0.0030003,-0.00062156,0.01758406,0.0,2025-W06
adj_close.csv,ARIMA,XLV,0.01121131,0.00819359,0.01119389,0.01121131,0.00819359,0.01119389,"ARIMA(1, 0, 1)",-0.01119389,1.743e-05,-0.0030003,0.0,2025-W07
adj_close.csv,ARIMA,XLV,0.01144461,0.02238777,0.01119389,0.01144461,0.02238777,0.01119389,"ARIMA(1, 0, 1)",0.01119389,-0.00025072,-0.01119389,0.0,2025-W08
adj_close.csv,ARIMA,XLV,0.01777653,0.00573501,0.0169289,0.01777653,0.00573501,0.0169289,"ARIMA(1, 0, 1)",0.0169289,-0.00084763,0.01119389,0.0,2025-W09
adj_close.csv,ARIMA,XLV,0.00401023,0.01458157,0.00234733,0.00401023,0.01458157,0.00234733,"ARIMA(1, 0, 1)",0.00234733,-0.00166291,0.0169289,0.0,2025-W10
adj_close.csv,ARIMA,XLV,0.02943831,0.03192009,0.02957277,0.02943831,0.03192009,0.02957277,"ARIMA(1, 0, 1)",-0.02957277,-0.00013445,0.00234733,0.0,2025-W11
adj_close.csv,ARIMA,XLV,0.0104332,0.04102976,0.01145699,0.0104332,0.04102976,0.01145699,"ARIMA(1, 0, 1)",0.01145699,0.00102379,-0.02957277,0.0,2025-W12
adj_close.csv,ARIMA,XLV,0.01018146,0.02188547,0.01042848,0.01018146,0.02188547,0.01042848,"ARIMA(1, 0, 1)",-0.01042848,-0.00024702,0.01145699,0.0,2025-W13
adj_close.csv,ARIMA,XLV,0.06647891,0.05564283,0.06607131,0.06647891,0.05564283,0.06607131,"ARIMA(1, 0, 1)",-0.06607131,0.0004076,-0.01042848,0.0,2025-W14
adj_close.csv,ARIMA,XLV,0.01152167,0.07775626,0.01168495,0.01152167,0.07775626,0.01168495,"ARIMA(1, 0, 1)",0.01168495,0.00016328,-0.06607131,0.0,2025-W15
adj_close.csv,ARIMA,XLV,0.00976656,0.02181865,0.0101337,0.00976656,0.02181865,0.0101337,"ARIMA(1, 0, 1)",-0.0101337,-0.00036714,0.01168495,0.0,2025-W16
adj_close.csv,ARIMA,XLV,0.01845432,0.02885179,0.01871809,0.01845432,0.02885179,0.01871809,"ARIMA(1, 0, 1)",0.01871809,0.00026377,-0.0101337,0.0,2025-W17
adj_close.csv,ARIMA,XLV,0.00165054,0.01524713,0.00347095,0.00165054,0.01524713,0.00347095,"ARIMA(1, 0, 1)",0.00347095,0.00182041,0.01871809,0.0,2025-W18
adj_close.csv,ARIMA,XLV,0.04292242,0.04661783,0.04314687,0.04292242,0.04661783,0.04314687,"ARIMA(1, 0, 1)",-0.04314687,-0.00022445,0.00347095,0.0,2025-W19
adj_close.csv,ARIMA,XLV,0.00143216,0.04623231,0.00308544,0.00143216,0.04623231,0.00308544,"ARIMA(1, 0, 1)",0.00308544,0.00165327,-0.04314687,0.0,2025-W20
adj_close.csv,ARIMA,XLV,0.02092127,0.0239646,0.02087917,0.02092127,0.0239646,0.02087917,"ARIMA(1, 0, 1)",-0.02087917,4.211e-05,0.00308544,0.0,2025-W21
adj_close.csv,ARIMA,XLV,0.01685214,0.0383715,0.01749233,0.01685214,0.0383715,0.01749233,"ARIMA(1, 0, 1)",0.01749233,0.00064019,-0.02087917,0.0,2025-W22
adj_close.csv,ARIMA,XLV,0.01363673,0.00445932,0.01303301,0.01363673,0.00445932,0.01303301,"ARIMA(1, 0, 1)",0.01303301,-0.00060372,0.01749233,0.0,2025-W23
adj_close.csv,ARIMA,XLV,0.0137336,9.439e-05,0.01293863,0.0137336,9.439e-05,0.01293863,"ARIMA(1, 0, 1)",0.01293863,-0.00079498,0.01303301,0.0,2025-W24
adj_close.csv,ARIMA,XLV,0.02544589,0.03921187,0.02627324,0.02544589,0.03921187,0.02627324,"ARIMA(1, 0, 1)",-0.02627324,-0.00082736,0.01293863,0.0,2025-W25
adj_close.csv,ARIMA,XLV,0.01358943,0.04101594,0.0147427,0.01358943,0.04101594,0.0147427,"ARIMA(1, 0, 1)",0.0147427,0.00115327,-0.02627324,0.0,2025-W26
adj_close.csv,ARIMA,XLV,0.01070712,0.00308842,0.01165427,0.01070712,0.00308842,0.01165427,"ARIMA(1, 0, 1)",0.01165427,0.00094716,0.0147427,0.0,2025-W27
adj_close.csv,ARIMA,XLV,0.00145267,0.01394473,0.00229045,0.00145267,0.01394473,0.00229045,"ARIMA(1, 0, 1)",-0.00229045,-0.00083779,0.01165427,0.0,2025-W28
adj_close.csv,ARIMA,XLV,0.0249611,0.02280163,0.02509208,0.0249611,0.02280163,0.02509208,"ARIMA(1, 0, 1)",-0.02509208,-0.00013098,-0.00229045,0.0,2025-W29
adj_close.csv,ARIMA,XLV,0.03287306,0.05968108,0.034589,0.03287306,0.05968108,0.034589,"ARIMA(1, 0, 1)",0.034589,0.00171595,-0.02509208,0.0,2025-W30
adj_close.csv,ARIMA,XLV,0.03820694,0.07457772,0.03998872,0.03820694,0.07457772,0.03998872,"ARIMA(1, 0, 1)",-0.03998872,-0.00178177,0.034589,0.0,2025-W31
adj_close.csv,ARIMA,XLV,0.00971431,0.03256389,0.00742483,0.00971431,0.03256389,0.00742483,"ARIMA(1, 0, 1)",-0.00742483,0.00228948,-0.03998872,0.0,2025-W32
adj_close.csv,ARIMA,XLV,0.0438955,0.05285816,0.04543333,0.0438955,0.05285816,0.04543333,"ARIMA(1, 0, 1)",0.04543333,0.00153783,-0.00742483,0.0,2025-W33
adj_close.csv,ARIMA,XLV,0.01536743,0.0311464,0.01428693,0.01536743,0.0311464,0.01428693,"ARIMA(1, 0, 1)",0.01428693,-0.0010805,0.04543333,0.0,2025-W34
adj_close.csv,ARIMA,XLV,0.00350896,0.01965703,0.0053701,0.00350896,0.01965703,0.0053701,"ARIMA(1, 0, 1)",-0.0053701,-0.00186113,0.01428693,0.0,2025-W35
adj_close.csv,ARIMA,XLV,0.00470695,0.00878411,0.00341401,0.00470695,0.00878411,0.00341401,"ARIMA(1, 0, 1)",0.00341401,-0.00129293,-0.0053701,0.0,2025-W36
adj_close.csv,ARIMA,XLV,0.00288557,0.0018922,0.00152182,0.00288557,0.0018922,0.00152182,"ARIMA(1, 0, 1)",0.00152182,-0.00136375,0.00341401,0.0,2025-W37
adj_close.csv,ARIMA,XLV,0.00465162,0.0074768,0.00595499,0.00465162,0.0074768,0.00595499,"ARIMA(1, 0, 1)",-0.00595499,-0.00130337,0.00152182,0.0,2025-W38
adj_close.csv,ARIMA,XLV,0.00781246,0.00260608,0.00856107,0.00781246,0.00260608,0.00856107,"ARIMA(1, 0, 1)",-0.00856107,-0.00074861,-0.00595499,0.0,2025-W39
adj_close.csv,ARIMA,XLV,0.06658816,0.07508107,0.06652,0.06658816,0.07508107,0.06652,"ARIMA(1, 0, 1)",0.06652,-6.816e-05,-0.00856107,0.0,2025-W40
adj_close.csv,ARIMA,XLV,0.0142229,0.08541025,0.01889024,0.0142229,0.08541025,0.01889024,"ARIMA(1, 0, 1)",-0.01889024,-0.00466734,0.06652,0.0,2025-W41
adj_close.csv,ARIMA,XLV,0.01110188,0.02701986,0.00812962,0.01110188,0.02701986,0.00812962,"ARIMA(1, 0, 1)",0.00812962,-0.00297226,-0.01889024,0.0,2025-W42
adj_close.csv,ARIMA,XLV,0.02222493,0.01095146,0.01908108,0.02222493,0.01095146,0.01908108,"ARIMA(1, 0, 1)",0.01908108,-0.00314385,0.00812962,0.0,2025-W43
adj_close.csv,ARIMA,XLV,0.00832088,0.03134521,0.01226413,0.00832088,0.03134521,0.01226413,"ARIMA(1, 0, 1)",-0.01226413,-0.00394325,0.01908108,0.0,2025-W44
adj_close.csv,ARIMA,XLV,0.01571873,0.0252812,0.01301707,0.01571873,0.0252812,0.01301707,"ARIMA(1, 0, 1)",0.01301707,-0.00270165,-0.01226413,0.0,2025-W45
adj_close.csv,ARIMA,XLV,0.04138419,0.02517937,0.03819645,0.04138419,0.02517937,0.03819645,"ARIMA(1, 0, 1)",0.03819645,-0.00318774,0.01301707,0.0,2025-W46
adj_close.csv,ARIMA,XLV,0.02302704,0.02005206,0.01814439,0.02302704,0.02005206,0.01814439,"ARIMA(1, 0, 1)",0.01814439,-0.00488265,0.03819645,0.0,2025-W47
adj_close.csv,ARIMA,XLV,0.02433126,0.00132712,0.01947151,0.02433126,0.00132712,0.01947151,"ARIMA(1, 0, 1)",0.01947151,-0.00485975,0.01814439,0.0,2025-W48
adj_close.csv,ARIMA,XLV,0.02359196,0.04771306,0.02824155,0.02359196,0.04771306,0.02824155,"ARIMA(1, 0, 1)",-0.02824155,-0.0046496,0.01947151,0.0,2025-W49
adj_close.csv,ARIMA,XLV,0.0082748,0.03344792,0.00520636,0.0082748,0.03344792,0.00520636,"ARIMA(1, 0, 1)",0.00520636,-0.00306844,-0.02824155,0.0,2025-W50
adj_close.csv,ARIMA,XLV,0.00849263,0.00048943,0.00569579,0.00849263,0.00048943,0.00569579,"ARIMA(1, 0, 1)",0.00569579,-0.00279684,0.00520636,0.0,2025-W51
adj_close.csv,ARIMA,XLV,0.01394006,0.00569208,0.01138788,0.01394006,0.00569208,0.01138788,"ARIMA(1, 0, 1)",0.01138788,-0.00255218,0.00569579,0.0,2025-W52
adj_close.csv,ARIMA,XLV,0.00096037,0.01485436,0.00346649,0.00096037,0.01485436,0.00346649,"ARIMA(1, 0, 1)",-0.00346649,-0.00250612,0.01138788,0.0,2026-W01
adj_close.csv,ARIMA,XLV,0.01342986,0.01497485,0.01150836,0.01342986,0.01497485,0.01150836,"ARIMA(1, 0, 1)",0.01150836,-0.00192149,-0.00346649,0.0,2026-W02
adj_close.csv,ARIMA,XLV,0.00805875,0.02153874,0.01003038,0.00805875,0.02153874,0.01003038,"ARIMA(1, 0, 1)",-0.01003038,-0.00197163,0.01150836,0.0,2026-W03
adj_close.csv,ARIMA,XLV,0.01229666,0.02114083,0.01111045,0.01229666,0.02114083,0.01111045,"ARIMA(1, 0, 1)",0.01111045,-0.00118621,-0.01003038,0.0,2026-W04
adj_close.csv,ARIMA,XLV,0.01643694,0.02866257,0.01755211,0.01643694,0.02866257,0.01755211,"ARIMA(1, 0, 1)",-0.01755211,-0.00111517,0.01111045,0.0,2026-W05
adj_close.csv,ARIMA,XLV,0.00646724,0.02367266,0.00612054,0.00646724,0.02367266,0.00612054,"ARIMA(1, 0, 1)",0.00612054,-0.0003467,-0.01755211,0.0,2026-W06
adj_close.csv,ARIMA,XLY,0.02982218,0.00867335,0.02807812,0.02982218,0.00867335,0.02807812,"ARIMA(1, 0, 0)",-0.02807812,0.00174406,-0.01940477,0.0,2024-W30
adj_close.csv,ARIMA,XLY,0.03840156,0.00788191,0.03596003,0.03840156,0.00788191,0.03596003,"ARIMA(1, 0, 0)",-0.03596003,0.00244153,-0.02807812,0.0,2024-W31
adj_close.csv,ARIMA,XLY,0.0133171,0.02557475,0.01038528,0.0133171,0.02557475,0.01038528,"ARIMA(1, 0, 0)",-0.01038528,0.00293182,-0.03596003,0.0,2024-W32
adj_close.csv,ARIMA,XLY,0.04836701,0.05957415,0.04918886,0.04836701,0.05957415,0.04918886,"ARIMA(1, 0, 0)",0.04918886,0.00082185,-0.01038528,0.0,2024-W33
adj_close.csv,ARIMA,XLY,0.02957005,0.02363487,0.02555399,0.02957005,0.02363487,0.02555399,"ARIMA(1, 0, 0)",0.02555399,-0.00401606,0.04918886,0.0,2024-W34
adj_close.csv,ARIMA,XLY,0.00209722,0.0295541,0.00400011,0.00209722,0.0295541,0.00400011,"ARIMA(1, 0, 0)",-0.00400011,-0.00190289,0.02555399,0.0,2024-W35
adj_close.csv,ARIMA,XLY,0.02584704,0.021548,0.02554811,0.02584704,0.021548,0.02554811,"ARIMA(1, 0, 0)",-0.02554811,0.00029892,-0.00400011,0.0,2024-W36
adj_close.csv,ARIMA,XLY,0.05189386,0.07933816,0.05379005,0.05189386,0.07933816,0.05379005,"ARIMA(1, 0, 0)",0.05379005,0.00189619,-0.02554811,0.0,2024-W37
adj_close.csv,ARIMA,XLY,0.02597893,0.03215321,0.02163685,0.02597893,0.03215321,0.02163685,"ARIMA(1, 0, 0)",0.02163685,-0.00434208,0.05379005,0.0,2024-W38
adj_close.csv,ARIMA,XLY,0.02454125,0.00130403,0.02294088,0.02454125,0.00130403,0.02294088,"ARIMA(1, 0, 0)",0.02294088,-0.00160037,0.02163685,0.0,2024-W39
adj_close.csv,ARIMA,XLY,0.01174535,0.03632428,0.0133834,0.01174535,0.03632428,0.0133834,"ARIMA(1, 0, 0)",-0.0133834,-0.00163805,0.02294088,0.0,2024-W40
adj_close.csv,ARIMA,XLY,0.00902875,0.00532762,0.00805577,0.00902875,0.00532762,0.00805577,"ARIMA(1, 0, 0)",-0.00805577,0.00097297,-0.0133834,0.0,2024-W41
adj_close.csv,ARIMA,XLY,0.01421389,0.02285064,0.01479487,0.01421389,0.02285064,0.01479487,"ARIMA(1, 0, 0)",0.01479487,0.00058097,-0.00805577,0.0,2024-W42
adj_close.csv,ARIMA,XLY,0.00757002,0.00829998,0.00649489,0.00757002,0.00829998,0.00649489,"ARIMA(1, 0, 0)",0.00649489,-0.00107513,0.01479487,0.0,2024-W43
adj_close.csv,ARIMA,XLY,0.00312354,0.01008691,0.00359202,0.00312354,0.01008691,0.00359202,"ARIMA(1, 0, 0)",-0.00359202,-0.00046849,0.00649489,0.0,2024-W44
adj_close.csv,ARIMA,XLY,0.07216939,0.07602087,0.07242884,0.07216939,0.07602087,0.07242884,"ARIMA(1, 0, 0)",0.07242884,0.00025945,-0.00359202,0.0,2024-W45
adj_close.csv,ARIMA,XLY,0.00251854,0.08026898,0.00784013,0.00251854,0.08026898,0.00784013,"ARIMA(1, 0, 0)",-0.00784013,-0.00532159,0.07242884,0.0,2024-W46
adj_close.csv,ARIMA,XLY,0.02101507,0.02943794,0.02159781,0.02101507,0.02943794,0.02159781,"ARIMA(1, 0, 0)",0.02159781,0.00058274,-0.00784013,0.0,2024-W47
adj_close.csv,ARIMA,XLY,0.02069612,0.00252366,0.01907415,0.02069612,0.00252366,0.01907415,"ARIMA(1, 0, 0)",0.01907415,-0.00162197,0.02159781,0.0,2024-W48
adj_close.csv,ARIMA,XLY,0.04754452,0.02707775,0.0461519,0.04754452,0.02707775,0.0461519,"ARIMA(1, 0, 0)",0.0461519,-0.00139262,0.01907415,0.0,2024-W49
adj_close.csv,ARIMA,XLY,0.01466328,0.03466304,0.01148886,0.01466328,0.03466304,0.01148886,"ARIMA(1, 0, 0)",0.01148886,-0.00317442,0.0461519,0.0,2024-W50
adj_close.csv,ARIMA,XLY,0.02758533,0.03982851,0.02833965,0.02758533,0.03982851,0.02833965,"ARIMA(1, 0, 0)",-0.02833965,-0.00075433,0.01148886,0.0,2024-W51
adj_close.csv,ARIMA,XLY,0.00361054,0.03385234,0.00551269,0.00361054,0.03385234,0.00551269,"ARIMA(1, 0, 0)",0.00551269,0.00190215,-0.02833965,0.0,2024-W52
adj_close.csv,ARIMA,XLY,0.01657174,0.02245703,0.01694434,0.01657174,0.02245703,0.01694434,"ARIMA(1, 0, 0)",-0.01694434,-0.0003726,0.00551269,0.0,2025-W01
adj_close.csv,ARIMA,XLY,0.0238084,0.00571167,0.02265602,0.0238084,0.00571167,0.02265602,"ARIMA(1, 0, 0)",-0.02265602,0.00115239,-0.01694434,0.0,2025-W02
adj_close.csv,ARIMA,XLY,0.03583552,0.05999041,0.03733439,0.03583552,0.05999041,0.03733439,"ARIMA(1, 0, 0)",0.03733439,0.00149888,-0.02265602,0.0,2025-W03
adj_close.csv,ARIMA,XLY,0.00604925,0.03389394,0.00344046,0.00604925,0.03389394,0.00344046,"ARIMA(1, 0, 0)",0.00344046,-0.0026088,0.03733439,0.0,2025-W04
adj_close.csv,ARIMA,XLY,0.00958398,0.00590665,0.00934711,0.00958398,0.00590665,0.00934711,"ARIMA(1, 0, 0)",0.00934711,-0.00023687,0.00344046,0.0,2025-W05
adj_close.csv,ARIMA,XLY,0.02815289,0.03814213,0.02879502,0.02815289,0.03814213,0.02879502,"ARIMA(1, 0, 0)",-0.02879502,-0.00064213,0.00934711,0.0,2025-W06
adj_close.csv,ARIMA,XLY,0.00426258,0.03507025,0.00627523,0.00426258,0.03507025,0.00627523,"ARIMA(1, 0, 0)",0.00627523,0.00201265,-0.02879502,0.0,2025-W07
adj_close.csv,ARIMA,XLY,0.03822554,0.04494287,0.03866764,0.03822554,0.04494287,0.03866764,"ARIMA(1, 0, 0)",-0.03866764,-0.0004421,0.00627523,0.0,2025-W08
adj_close.csv,ARIMA,XLY,0.01395553,0.02747835,0.01118929,0.01395553,0.02747835,0.01118929,"ARIMA(1, 0, 0)",-0.01118929,0.00276624,-0.03866764,0.0,2025-W09
adj_close.csv,ARIMA,XLY,0.04959349,0.03763091,0.0488202,0.04959349,0.03763091,0.0488202,"ARIMA(1, 0, 0)",-0.0488202,0.00077329,-0.01118929,0.0,2025-W10
adj_close.csv,ARIMA,XLY,0.04784537,0.00422694,0.04459326,0.04784537,0.00422694,0.04459326,"ARIMA(1, 0, 0)",-0.04459326,0.00325211,-0.0488202,0.0,2025-W11
adj_close.csv,ARIMA,XLY,0.00129873,0.04839897,0.00380571,0.00129873,0.04839897,0.00380571,"ARIMA(1, 0, 0)",0.00380571,0.00250698,-0.04459326,0.0,2025-W12
adj_close.csv,ARIMA,XLY,0.00088497,0.00313566,0.00067005,0.00088497,0.00313566,0.00067005,"ARIMA(1, 0, 0)",0.00067005,-0.00021493,0.00380571,0.0,2025-W13
adj_close.csv,ARIMA,XLY,0.07503098,0.07573886,0.07506882,0.07503098,0.07573886,0.07506882,"ARIMA(1, 0, 0)",-0.07506882,-3.783e-05,0.00067005,0.0,2025-W14
adj_close.csv,ARIMA,XLY,0.03295642,0.11228023,0.03721142,0.03295642,0.11228023,0.03721142,"ARIMA(1, 0, 0)",0.03721142,0.004255,-0.07506882,0.0,2025-W15
adj_close.csv,ARIMA,XLY,0.02052825,0.0602451,0.02303368,0.02052825,0.0602451,0.02303368,"ARIMA(1, 0, 0)",-0.02303368,-0.00250542,0.03721142,0.0,2025-W16
adj_close.csv,ARIMA,XLY,0.06210302,0.08676282,0.06372914,0.06210302,0.08676282,0.06372914,"ARIMA(1, 0, 0)",0.06372914,0.00162613,-0.02303368,0.0,2025-W17
adj_close.csv,ARIMA,XLY,0.02408545,0.04453199,0.01919716,0.02408545,0.04453199,0.01919716,"ARIMA(1, 0, 0)",0.01919716,-0.00488829,0.06372914,0.0,2025-W18
adj_close.csv,ARIMA,XLY,0.0062023,0.01434371,0.00485344,0.0062023,0.01434371,0.00485344,"ARIMA(1, 0, 0)",0.00485344,-0.00134886,0.01919716,0.0,2025-W19
adj_close.csv,ARIMA,XLY,0.0730234,0.06783136,0.0726848,0.0730234,0.06783136,0.0726848,"ARIMA(1, 0, 0)",0.0726848,-0.0003386,0.00485344,0.0,2025-W20
adj_close.csv,ARIMA,XLY,0.02781934,0.10546705,0.03278225,0.02781934,0.10546705,0.03278225,"ARIMA(1, 0, 0)",-0.03278225,-0.00496291,0.0726848,0.0,2025-W21
adj_close.csv,ARIMA,XLY,0.01233304,0.04762533,0.01484308,0.01233304,0.04762533,0.01484308,"ARIMA(1, 0, 0)",0.01484308,0.00251004,-0.03278225,0.0,2025-W22
adj_close.csv,ARIMA,XLY,0.00649226,0.02249632,0.00765324,0.00649226,0.02249632,0.00765324,"ARIMA(1, 0, 0)",-0.00765324,-0.00116098,0.01484308,0.0,2025-W23
adj_close.csv,ARIMA,XLY,0.00263031,0.00562455,0.00202869,0.00263031,0.00562455,0.00202869,"ARIMA(1, 0, 0)",-0.00202869,0.00060162,-0.00765324,0.0,2025-W24
adj_close.csv,ARIMA,XLY,0.00517803,0.00299004,0.00501872,0.00517803,0.00299004,0.00501872,"ARIMA(1, 0, 0)",-0.00501872,0.00015931,-0.00202869,0.0,2025-W25
adj_close.csv,ARIMA,XLY,0.03858751,0.04400013,0.03898141,0.03858751,0.04400013,0.03898141,"ARIMA(1, 0, 0)",0.03898141,0.00039389,-0.00501872,0.0,2025-W26
adj_close.csv,ARIMA,XLY,0.01500487,0.02706676,0.01191465,0.01500487,0.02706676,0.01191465,"ARIMA(1, 0, 0)",0.01191465,-0.00309022,0.03898141,0.0,2025-W27
adj_close.csv,ARIMA,XLY,0.00191033,0.01092062,0.00099403,0.00191033,0.01092062,0.00099403,"ARIMA(1, 0, 0)",0.00099403,-0.0009163,0.01191465,0.0,2025-W28
adj_close.csv,ARIMA,XLY,0.00341273,0.00234235,0.00333638,0.00341273,0.00234235,0.00333638,"ARIMA(1, 0, 0)",0.00333638,-7.635e-05,0.00099403,0.0,2025-W29
adj_close.csv,ARIMA,XLY,0.01233575,0.00874314,0.01207951,0.01233575,0.00874314,0.01207951,"ARIMA(1, 0, 0)",0.01207951,-0.00025623,0.00333638,0.0,2025-W30
adj_close.csv,ARIMA,XLY,0.03890179,0.05190699,0.03982748,0.03890179,0.05190699,0.03982748,"ARIMA(1, 0, 0)",-0.03982748,-0.00092569,0.01207951,0.0,2025-W31
adj_close.csv,ARIMA,XLY,0.03184068,0.07479595,0.03496848,0.03184068,0.07479595,0.03496848,"ARIMA(1, 0, 0)",0.03496848,0.0031278,-0.03982748,0.0,2025-W32
adj_close.csv,ARIMA,XLY,0.0261577,0.01173523,0.02323325,0.0261577,0.01173523,0.02323325,"ARIMA(1, 0, 0)",0.02323325,-0.00292445,0.03496848,0.0,2025-W33
adj_close.csv,ARIMA,XLY,0.01942894,0.00566232,0.01757093,0.01942894,0.00566232,0.01757093,"ARIMA(1, 0, 0)",0.01757093,-0.00185802,0.02323325,0.0,2025-W34
adj_close.csv,ARIMA,XLY,0.00447802,0.02342248,0.00585155,0.00447802,0.02342248,0.00585155,"ARIMA(1, 0, 0)",-0.00585155,-0.00137353,0.01757093,0.0,2025-W35
adj_close.csv,ARIMA,XLY,0.01397815,0.02028896,0.01443741,0.01397815,0.02028896,0.01443741,"ARIMA(1, 0, 0)",0.01443741,0.00045926,-0.00585155,0.0,2025-W36
adj_close.csv,ARIMA,XLY,0.01599862,0.00042339,0.0148608,0.01599862,0.00042339,0.0148608,"ARIMA(1, 0, 0)",0.0148608,-0.00113782,0.01443741,0.0,2025-W37
adj_close.csv,ARIMA,XLY,0.01265718,0.00336114,0.01149966,0.01265718,0.00336114,0.01149966,"ARIMA(1, 0, 0)",0.01149966,-0.00115751,0.0148608,0.0,2025-W38
adj_close.csv,ARIMA,XLY,0.00433466,0.01672143,0.00522177,0.00433466,0.01672143,0.00522177,"ARIMA(1, 0, 0)",-0.00522177,-0.00088711,0.01149966,0.0,2025-W39
adj_close.csv,ARIMA,XLY,0.00815152,0.0025259,0.00774767,0.00815152,0.0025259,0.00774767,"ARIMA(1, 0, 0)",-0.00774767,0.00040385,-0.00522177,0.0,2025-W40
adj_close.csv,ARIMA,XLY,0.03965045,0.03130488,0.03905255,0.03965045,0.03130488,0.03905255,"ARIMA(1, 0, 0)",-0.03905255,0.0005979,-0.00774767,0.0,2025-W41
adj_close.csv,ARIMA,XLY,0.02151863,0.06353722,0.02448466,0.02151863,0.06353722,0.02448466,"ARIMA(1, 0, 0)",0.02448466,0.00296603,-0.03905255,0.0,2025-W42
adj_close.csv,ARIMA,XLY,0.01566763,0.01075794,0.01372672,0.01566763,0.01075794,0.01372672,"ARIMA(1, 0, 0)",0.01372672,-0.00194091,0.02448466,0.0,2025-W43
adj_close.csv,ARIMA,XLY,0.01057347,0.00422062,0.0095061,0.01057347,0.00422062,0.0095061,"ARIMA(1, 0, 0)",0.0095061,-0.00106736,0.01372672,0.0,2025-W44
adj_close.csv,ARIMA,XLY,0.016375,0.02661485,0.01710874,0.016375,0.02661485,0.01710874,"ARIMA(1, 0, 0)",-0.01710874,-0.00073374,0.0095061,0.0,2025-W45
adj_close.csv,ARIMA,XLY,0.02262807,0.00418828,0.02129702,0.02262807,0.00418828,0.02129702,"ARIMA(1, 0, 0)",-0.02129702,0.00133105,-0.01710874,0.0,2025-W46
adj_close.csv,ARIMA,XLY,0.02524575,0.00232427,0.02362129,0.02524575,0.00232427,0.02362129,"ARIMA(1, 0, 0)",-0.02362129,0.00162446,-0.02129702,0.0,2025-W47
adj_close.csv,ARIMA,XLY,0.04570709,0.07108026,0.04745897,0.04570709,0.07108026,0.04745897,"ARIMA(1, 0, 0)",0.04745897,0.00175188,-0.02362129,0.0,2025-W48
adj_close.csv,ARIMA,XLY,0.01632789,0.03485165,0.01260732,0.01632789,0.03485165,0.01260732,"ARIMA(1, 0, 0)",0.01260732,-0.00372057,0.04745897,0.0,2025-W49
adj_close.csv,ARIMA,XLY,0.00901925,0.00453849,0.00806883,0.00901925,0.00453849,0.00806883,"ARIMA(1, 0, 0)",0.00806883,-0.00095042,0.01260732,0.0,2025-W50
adj_close.csv,ARIMA,XLY,0.01008739,0.00141384,0.00948267,0.01008739,0.00141384,0.00948267,"ARIMA(1, 0, 0)",0.00948267,-0.00060472,0.00806883,0.0,2025-W51
adj_close.csv,ARIMA,XLY,0.00432758,0.00586278,0.0036199,0.00432758,0.00586278,0.0036199,"ARIMA(1, 0, 0)",0.0036199,-0.00070768,0.00948267,0.0,2025-W52
adj_close.csv,ARIMA,XLY,0.03051493,0.03440439,0.0307845,0.03051493,0.03440439,0.0307845,"ARIMA(1, 0, 0)",-0.0307845,-0.00026957,0.0036199,0.0,2026-W01
adj_close.csv,ARIMA,XLY,0.04763057,0.08072077,0.04993627,0.04763057,0.08072077,0.04993627,"ARIMA(1, 0, 0)",0.04993627,0.0023057,-0.0307845,0.0,2026-W02
adj_close.csv,ARIMA,XLY,0.01308243,0.06704179,0.01710552,0.01308243,0.06704179,0.01710552,"ARIMA(1, 0, 0)",-0.01710552,-0.00402309,0.04993627,0.0,2026-W03
adj_close.csv,ARIMA,XLY,0.00534275,0.02386914,0.00676362,0.00534275,0.02386914,0.00676362,"ARIMA(1, 0, 0)",0.00676362,0.00142087,-0.01710552,0.0,2026-W04
adj_close.csv,ARIMA,XLY,0.015482,0.0228098,0.01604618,0.015482,0.0228098,0.01604618,"ARIMA(1, 0, 0)",-0.01604618,-0.00056418,0.00676362,0.0,2026-W05
adj_close.csv,ARIMA,XLY,0.00523571,0.0226268,0.00658062,0.00523571,0.0226268,0.00658062,"ARIMA(1, 0, 0)",0.00658062,0.00134491,-0.01604618,0.0,2026-W06
