Date,AGG,BIL,BND,DBC,DIA,DVY,EEM,EFA,EWG,EWJ,EWQ,EWT,EWU,EWY,EWZ,FXI,GLD,HYG,IAU,IEF,IEFA,IEMG,IJR,INDA,ITOT,IVV,IWD,IWF,IWM,JNK,LQD,MCHI,MDY,MTUM,QQQ,QUAL,SCHD,SHY,SLV,SPY,TIP,TLT,USMV,USO,VEA,VIG,VLUE,VNQ,VOO,VTI,VTV,VUG,VWO,XLB,XLE,XLF,XLI,XLK,XLP,XLRE,XLU,XLV,XLY
2021-01-04,6414100,1588000,7568400,5740000,5106600,1151600,48201300,26703400,4783800,9211700,786300,4036600,4989300,5059400,23196000,18623700,14331400,34528300,16074700,5499000,16828100,17414000,5909100,4324800,3729600,7103700,3598100,1927000,33664200,7586100,14891400,4094900,2254200,1049100,45305900,949900,7476900,2989300,54026000,110210800,3859900,13152900,6084100,14340200,16916400,2700900,1057400,5311500,5402600,8825800,3921600,1299500,24105400,18266000,67717600,47086300,16200700,21017200,12992600,4967000,25260600,12911800,18120400
2021-01-05,7477900,940300,6452700,2395800,3355200,1260400,53358000,19748500,5248300,5756200,2874000,5833600,4346700,4274900,26691000,30140700,12718800,33725500,11376700,5004400,9754500,16305800,4135000,3571800,2234800,4310500,2024800,1324500,27442900,6113600,16294400,4352700,1522400,811800,29323400,719000,4403100,2529400,32882000,66426200,3888000,10458100,4288100,13616800,16523300,1376600,907000,4932600,3299700,3894000,2105800,929800,15242700,26812000,95473400,35265400,16004600,12361400,10871900,4432400,16666600,11081900,6262400
2021-01-06,10687200,1710800,5933700,3370800,7290300,1215900,56418700,25426900,4872000,7863500,3124100,6579600,6197600,5960600,41032700,21916100,18453500,37148100,18060850,10039300,14787300,17275400,7860600,4333500,1776300,4343100,2965600,1435700,52952200,11081200,19136500,5475100,2307300,1130400,52809600,659200,6752700,2082000,54978700,107997700,3917200,22827300,4898400,7461100,14076700,1871300,3376200,6520100,4805000,6175700,3288000,1293900,20028000,48521400,86262800,102254900,19500600,27258000,14206600,7383400,35961800,17833700,8832000
2021-01-07,6639400,1249400,6196100,2627200,4107900,750400,41031300,18783700,5665200,8367000,456600,4757900,3044500,4788700,26476700,18565200,7110200,25868200,10712400,7751700,6964100,9154100,4208200,1914500,1109900,6051700,2613900,2429200,24031400,7584900,11886100,3910600,1056300,788900,30394800,667800,6633300,4207700,27335800,68766800,3264000,14651900,4070500,4103100,8094800,1415500,870800,4068400,3638900,4830900,3806400,1024400,12432000,18577800,51457200,64342700,10114900,19652000,13963500,3433700,24758800,12407100,6725600
2021-01-08,7335700,1767600,7688800,2920300,3234900,715500,76024300,25272200,4780100,9557400,362700,4275500,2030000,5838300,39274000,25334500,24399900,27403600,15582650,8378700,6950000,19814200,5387800,3823900,1341300,3400200,2715200,1255100,29017000,7804600,13341400,4722700,988600,1287000,33955800,831500,5717400,2760300,107226800,71677200,2292500,13622500,4565000,7554600,8202400,1705500,841400,4931600,3758500,7538700,2767800,882600,16257000,16988400,62744000,54266400,11043300,12387600,17960800,3419900,26930600,9350600,9283800
2021-01-11,8610100,1128800,5404300,2247800,2811400,870600,40816400,23190200,2742100,5599300,554700,2772000,3930400,4530500,26048800,9596200,8571400,26608000,9850600,6061000,5801800,9410200,3933400,1969100,1444500,3360700,3569000,1514700,20945100,9011800,7557700,3127800,664900,982700,32746400,721000,4843800,2545700,42339700,51034700,2786800,8370700,3456300,5100500,9392400,1742100,500400,6565100,2975000,3858600,2298300,790800,11278200,12240200,46890400,56590400,11911100,17853200,9648700,4050000,16657200,6428200,7421000
2021-01-12,7269600,6770200,6078800,1635300,2290900,736500,47570500,20914000,3854900,5904300,7458900,2220100,5597000,5025700,39750100,14361900,9798500,41746100,13153700,6516600,11783400,46710200,5205100,2488200,1585800,3494600,2870200,2054100,24892200,8522400,16766200,3701000,812700,700700,29266800,990600,5135100,4048300,28423100,52547700,3489100,12186300,4159400,4185800,8035600,1289900,454500,7857300,2298400,3874100,8483600,3546800,14721300,17845800,87947200,60546600,10408000,17089200,11089500,4372500,24619000,9225500,11395200
2021-01-13,6788500,3257300,7357100,1579700,1854400,756300,33561200,15580700,2150300,5874800,628100,5625300,2256800,3213400,29166900,12447400,14110300,47710300,9168000,7562900,8439400,18340900,7116800,2440500,887700,3764900,3476000,2055400,22782200,5196200,16490700,3375900,881900,787600,22898400,868100,4539300,2021800,23619500,45303600,2524100,12533300,6749400,4457000,12509300,1225900,752000,9024900,3039900,3465800,2383700,987000,15715800,9809200,54764400,55394700,9230300,13605200,8337500,3024400,26687400,5259600,5654400
2021-01-14,6610500,2009300,7191900,1371400,3232400,684100,38837200,22607500,2678200,5827600,929500,4405100,3277100,3797800,33748700,12323000,13522700,25484800,14336450,8113000,20416900,12452300,14533100,2913100,2177000,7004300,2651600,1504000,33913700,5495100,22050500,4308900,1342900,8034600,23500100,1663900,4691700,3344000,35838300,49989100,2214400,14835500,18217200,5175000,11554400,1607700,1921400,5866400,3497400,4289000,3060800,1030700,9727400,11074000,83314600,49828800,10669800,15624800,11549000,3792500,26067000,5792300,6029800
2021-01-15,6447700,2250400,4083600,1409600,4009100,632000,58519000,27355900,4097500,6328100,299200,3225400,3998600,3837400,34510800,11997600,16172500,48134800,12269200,5978400,8485000,8815900,5677800,7736900,1111200,10182500,2818000,1359300,41043500,9546700,13680700,4764300,1022800,2269300,35118700,2510900,5418900,3148300,41576400,107160000,2681100,11624700,9771100,5492200,10321000,1406700,7896200,3939700,3622100,3444800,2660900,853500,9889700,19709000,95497000,68732700,12924800,12641200,13260300,4213000,27564800,10335200,7271400
2021-01-19,7601100,1974300,7636500,1516700,2781700,1333100,50429300,20162300,3386000,6169000,592100,4047900,2826200,5228600,24243000,25097400,7485700,24270500,14327650,4035700,8650800,16378900,5382000,3509400,1235600,7103200,2121600,1029800,19744300,6385800,12807500,3258500,949300,1266500,24537000,823700,5773200,3019500,26077100,51233300,2581100,9575600,5922600,3804300,9083200,1583800,1030800,5521200,3433800,4153700,2422900,927500,10475200,9912400,55619400,97457200,8933700,11569600,8130800,3317800,18993200,6194500,6348600
2021-01-20,6229100,641900,5889500,1511900,2398400,511500,38832500,14419000,1425800,4888000,411200,2985600,2714800,3424700,22458100,18731700,9456000,24534700,11307950,4277700,9075500,10374800,4398400,4322500,1248000,3431200,2003200,2875700,25474200,5208600,12218400,3896200,1114300,1469800,30728100,1562500,4712400,2392300,26653500,61836100,2619800,5368900,3966300,3222600,6967100,1313600,1481900,5198300,2920600,5224900,2132600,902200,8069100,10326600,50725600,56113100,8374300,11770000,10700600,4404200,44796200,6872000,6868600
2021-01-21,8301000,867000,7890800,2822900,1930000,454600,31457000,20536300,2532100,4822200,531700,3646100,2452400,4654300,30223500,11494000,7246800,20451400,8462750,4254500,10215600,17494200,5196500,2038000,883900,3556200,1552300,1352700,21180500,7381400,25084300,5170600,662300,1078100,25130600,1728700,4641000,1574700,19571500,47840100,3029400,8162700,5246900,3010300,7764900,1130800,463800,4213200,2580800,2960600,2450100,798100,13484300,12646600,59968000,43713800,9601500,8945200,8461200,2669600,13975600,5796200,6688000
2021-01-22,3513700,780900,4439800,2413700,2049700,618000,48223800,18854700,2310400,4853200,426600,3172600,3036300,3312900,40010300,14328100,7269600,26615900,9146400,4706200,6414500,13826200,5859500,3663800,951500,3739800,1977600,1629000,24800200,4581300,15998800,5298400,787700,661300,21609400,4288800,4927800,4095800,19320600,52860500,1648100,9507200,4492200,4673300,9665900,1138400,709100,5272700,1812200,3045900,1977300,829200,7062500,12131800,50444600,37928000,9728800,11243600,8329300,2355200,18760000,4796400,4456400
2021-01-25,4049000,921400,5126900,1596000,4546400,763600,50793700,21748100,6597600,6877200,623300,2825300,2494900,4198200,23439000,18919200,5936800,28718200,9310350,5689200,14442100,17045900,7380400,5007000,1102600,3890100,2381600,1145500,33985000,6281800,14603700,7669100,794500,732600,39080600,4228600,5772600,2037500,22030500,70402000,2102900,8712600,4898600,4134500,10653300,1369400,474100,7819700,3549000,5323200,2747700,868700,8700600,24149400,81823200,68321500,18249000,18205200,17486100,5784200,37848600,6962000,11760600
2021-01-26,3639500,1878400,4608700,704100,2256100,1314500,32283000,14175200,2947200,4940900,496200,2627800,1478000,2909400,33821200,13241300,4685600,39103500,9848650,4257100,5448700,8117700,3428700,2996300,1026100,2219200,1527000,789000,23969800,10554700,11926900,3707100,733400,1318400,25498100,3805100,4226400,2015500,13923900,42665300,2696200,7690300,4521100,2628100,7378100,1052800,672200,4706300,2430200,4046900,1937200,775800,8155500,13554800,54999600,55504600,10480800,8593400,9304200,3398900,19473600,5504000,7458000
2021-01-27,3619100,1615100,4248500,1166200,5743100,2064900,45279700,31245200,4882600,10789100,766800,4298000,4436400,5118900,32564900,21406300,9036500,46378600,9468700,5764700,12444300,12645200,4063300,5925000,1608400,5592600,2824800,1855900,45830300,16428000,13822700,4253200,1331000,1144200,55264000,2105600,7789200,3786800,36774400,123351100,2070300,7895200,6395600,4918800,17187600,1744300,498300,5907600,5010400,6727700,2299200,942200,10388300,24779000,99867200,84059200,23140100,24484600,17826800,8415100,39287400,13096900,11241400
2021-01-28,6176500,1965600,4359300,2234400,6392100,772100,38055000,26658600,3108400,5425400,718000,3669900,4170000,4556100,26868100,17207400,9392400,38836200,12615400,5394200,10386700,9241000,13807700,3572000,1122200,5677800,3178600,1445700,32202500,12641600,16896900,5149000,1038100,897100,42836300,837800,7250700,2429600,152066900,94198100,1823800,10667800,5597500,5409000,10340200,1556800,704900,6237000,3432200,5310100,2359300,776200,13367000,14483400,57248200,62985900,17928300,16181600,19925900,11831200,25465800,12626100,7843200
2021-01-29,12164800,3702300,6088400,3890600,5929900,833600,57657800,42149500,3305800,9213100,1053700,4333600,5492500,6508000,35437400,20255100,11252800,46095900,15497400,7952100,13328200,21854300,6915400,5379500,4501600,5001300,4916100,2646300,40591900,20177600,18131600,3139800,1070600,1054700,55259000,5358700,9219000,3237800,113552000,126765100,3341300,14965900,5739000,3916100,18440200,2091500,1651300,7349800,5803600,8315700,2299400,935000,22707500,17979800,63069000,78260700,20895000,19023200,19374700,5590700,27760600,10462400,10833000
2021-02-01,6621900,1563000,5774700,6799100,3138600,649600,51427000,23243900,4631600,5682800,811700,2493900,2847100,4503400,24402400,18430500,9105500,35620700,15437900,3640700,10523000,16554800,5005800,6167100,1073500,4393200,2934800,3865500,26375100,13123600,10682300,3221500,680700,1120800,35646000,790800,7594500,3266300,280615000,75817600,7800000,8165500,3924600,6051400,11963300,1706500,906500,6149000,3334000,3900700,2516200,793000,14517800,16012000,61021400,41947400,11318700,11232600,13283300,3729300,16109400,10105300,6502600
2021-02-02,7323400,1099500,4554500,2792800,3090500,484600,33172200,20388500,2732300,7269400,306800,4658500,1799200,3969200,29478000,14469800,7221700,29522300,11004700,3609800,5996300,8273000,3855500,3372200,1729600,3672300,3474300,1570200,22773100,6948300,12710600,3243000,838600,2604900,33930800,781200,4575300,2245400,124327400,64450700,3343600,9177500,3292900,6274700,7982700,1187500,1273300,3849800,2955200,3278700,1930200,737300,8347500,15789200,63929000,54263000,10443800,8595000,13278400,3017400,28698600,11515700,5401200
2021-02-03,5492400,1207900,4271700,3059400,2087800,414100,32363100,11345800,3457700,9547600,194500,3483800,2843900,2582300,25471900,10872200,4658100,31911000,9761150,3844200,5907800,8718700,3779200,3034600,1474600,3247000,2014300,971900,23923200,8274900,13189600,5760000,594900,1052700,24824500,1077100,4812600,2219000,54593300,52427100,1888700,9633100,4519700,6804100,6294300,1589500,535300,5148700,3392800,2905600,1849100,685300,8442500,12846200,74385600,46195200,9662900,11574800,9542000,3472200,16266800,11280300,4062800
2021-02-04,5287400,944000,4652200,3079800,2638800,369300,40161800,10500300,1668500,4412300,221500,3049400,1840200,3090000,19317200,15567300,13736600,21181100,14105000,2146000,9305000,16071000,4241000,2494900,2418500,1959700,1620800,901300,25400800,5753800,10689500,3044000,468700,613600,22350900,1119700,4664700,1848200,51529200,47142600,1943800,8262600,4308700,5033700,5971400,1007800,619900,4118200,1988300,2746400,1560300,588900,7187100,12994200,48327800,63061800,7113900,8134200,7292400,3040200,22702200,8451500,5142400
2021-02-05,3446600,726400,4401300,2757400,1955600,353000,24242300,10955600,1728600,4109200,172600,2438700,1771900,2563100,26797500,11038200,6538500,21653100,8003650,5498000,7665700,6522100,4816700,2094200,1620200,2559900,2587900,582500,23338800,5095900,12016300,2437100,513600,709400,22732000,883900,4543800,1495900,33704000,48669800,1734000,10258900,3394900,4379100,7702400,1297800,579800,2583900,2091800,3127200,1663900,675800,6459000,12575600,48196400,38461900,7481900,9413800,8889300,2019400,11920000,5557000,4464200
2021-02-08,4704200,1505100,5571500,2896800,1690000,342200,21606000,16405600,2249900,6378100,307300,2351200,2321500,2399900,22781400,7221000,6887500,16590100,7027300,2861300,7387400,7104200,4350800,2349200,1696900,3315300,1190500,721500,20831500,4238900,13460300,2178400,792400,2841300,20462800,2200200,4776000,2193100,40683200,38365200,2188800,11574800,5809000,4216200,10370400,1029300,1768200,3212700,3371100,3676700,1975200,740700,6861100,12635600,62368200,48756300,8848000,11713200,9412200,2590000,21531400,6956700,4720400
2021-02-09,4533400,1270000,4474000,2420300,1798700,366700,27200000,16337600,1291800,4035000,4090100,2361200,1604000,4317200,25397700,11856300,5131800,14404300,7969200,4458500,6422200,5082200,2898300,4095600,1212800,4725500,1412800,910400,19510900,4888300,11755100,3790900,491500,1216700,17597500,1062100,4044300,1930700,31182500,35551100,2434400,5218300,3232300,4904300,5571600,872600,695600,2518800,1891200,3384800,1719600,707900,7816900,14514000,64798800,33572000,8298500,10552200,12345400,1682200,12386800,4730300,3615400
2021-02-10,4378300,1424400,3735500,2043300,3048000,322100,30531200,15402800,2108200,5202800,773800,2829200,1831900,2409200,20744100,12619900,6112800,20469400,8385650,6726800,5957400,7431500,4292800,5078500,1318100,2566000,2179000,768800,27955400,7569700,9414500,3915000,607400,825700,28068700,667000,4554300,3016100,36120100,59154400,1599000,8079800,3790300,5053600,8471300,984700,607400,3421400,2400000,3682400,1684800,748500,9137500,10917400,58451000,38899600,10982400,9464400,6957200,3329000,19621200,5406400,4883200
2021-02-11,3470800,696900,4578200,1515800,1937100,493000,48875000,12314100,1697400,4258100,1362900,2897100,2031300,2634000,25585600,21151900,5994500,17047200,8365700,5949900,4836300,9896400,5330400,2567500,1429200,3114200,1360500,886800,25847600,5096800,9241100,5547300,714900,768800,22046100,911000,4651200,2348600,29925500,42913300,1802900,11962700,3834800,3738000,7432400,1089900,673200,3717000,2237200,2630000,1970600,658300,7932200,13346000,49632600,31909500,8868500,7565800,7478500,2301000,17422600,4684000,3911600
2021-02-12,3284900,900900,4825400,2500100,2479500,419200,28400400,11946800,2467900,3884800,216900,2524200,2401400,2383000,17926300,10001800,6018900,17800100,8423050,8802400,5383300,5292600,3924900,1622300,923500,1945900,1267000,604500,17440200,4604000,13717100,2014700,374100,525100,20346800,891700,3657000,3364600,24872400,50593300,1995300,14088400,2783700,5785100,6961000,800600,767500,2297400,2144500,2416700,1920400,719300,7561200,6575800,47400800,38271800,7983500,6755600,7131800,1826300,20216000,6345300,3994400
2021-02-16,5682700,1026200,6702200,4066300,1836300,337600,34954000,20225600,2043600,5283800,223600,1883200,3477000,2300600,21403400,9689100,14761100,22264400,12619850,8909000,5367100,6599700,2983400,2201300,1110900,2379300,1755400,1016300,22999500,6681900,21429200,2647700,486500,1805300,27080800,824800,4648500,3364200,45946600,50972400,2828100,17789100,3324200,5467400,7636800,1077200,523500,2774500,4408500,4955700,2348700,874700,7423300,12385800,76593400,71330600,8227600,9722200,9246600,3341300,31723200,9531900,4516200
2021-02-17,6304100,781400,5217000,2987500,2007400,373800,37789100,19198800,2137700,7591800,424900,2972900,1886700,2134500,21850200,13661600,11400700,20276700,15504850,4789700,5812900,10501000,3346900,2502800,1156900,2418900,1753700,987600,25042300,8060200,16195400,2851400,547300,712800,31360300,644300,3990600,2307600,32220600,52290600,2404700,11199100,2142400,7391500,7865500,1075000,556300,2939000,3211800,4484000,1957100,767600,6377000,11821200,68964400,60460900,7266000,15274800,8871000,3277200,20358200,5022200,6441200
2021-02-18,5333500,1406500,4607000,1672900,2609600,291900,46118400,19191700,2950300,5794500,221800,2648800,1459100,2901600,22001100,17577100,7498200,26366700,9305100,4469900,4881600,8124100,3009100,2256000,982300,2840100,1782300,1411500,24501500,11322000,15414100,3643400,652300,578800,32236200,804100,4298700,2362300,22250900,59712800,2611800,10755300,2971200,6708600,8100900,1283700,684800,3254600,3010500,3658900,1426100,640200,5971700,12117600,61360200,45188200,6409500,10954800,7464900,2932100,15419600,7756600,5160000
2021-02-19,4673100,805200,4011100,1918000,2314900,638800,39809800,14962300,2067900,4486200,259600,2404400,3831200,2524700,28313400,8680700,8273500,28124800,10102150,5851800,8598400,6761400,2559000,3028000,869400,3051200,1775000,1103000,31238200,6327700,13678500,2200700,793300,629800,39157700,552500,3796200,2113900,39603400,83241000,3543500,12741700,2877600,5537500,7278800,918800,414200,4170700,2487100,4921800,1722300,843500,7144800,11360800,54404200,54361800,8737200,11685600,10246100,2448500,17935400,9390800,5022800
2021-02-22,4894200,1284500,4809400,3947900,2978000,971300,46924200,19515800,2669200,6059300,257500,3263200,2225100,3171300,51685800,21013600,10072000,25455400,7763100,3828000,7723200,15085200,4124900,3853400,1609300,2878300,1553100,916900,23272100,10123100,17978100,5747600,735200,821400,47256900,530300,5275500,3801600,55307700,67414200,2735700,13203900,2655400,5814300,6601600,1088400,656000,3493000,3291000,4400300,1683900,828700,10568800,12198600,75644600,65930200,10552200,14262600,8649600,4293100,35602800,7213300,5694000
2021-02-23,6035200,1169800,6475900,3308200,5723400,747900,40316200,25014500,2749500,6817600,318500,3687200,3686500,3239500,30591100,17886200,8616800,29015900,10968900,7344900,8983300,12039800,7638900,4336900,3322000,4439600,3338700,2066300,38646800,16211400,23482500,4944200,1354700,4211000,97241900,874300,7680000,9025900,40191400,107284100,3199400,12658500,5780400,5638200,17006500,2404900,1193800,4378300,5251100,5707900,3285600,1324100,8986900,22024400,98370800,94331400,16573400,24198400,12743400,5986100,26213200,8731500,10768600
2021-02-24,6232300,861500,5164600,4457800,4290300,1051100,36631300,21877600,2842700,7036700,316300,3271500,2451300,4200700,24699300,25505700,8890600,21791800,9274300,7133700,7374600,11104000,4692200,3403400,4376700,3386600,3894000,1508500,27584900,6869800,18120000,4760500,550500,1673700,58206300,3870700,7028400,2530000,24093100,72433900,3131500,17363100,3873000,6504700,11151700,1761300,1533500,3551200,3301200,3722800,2850600,1273100,10751500,14763400,77748800,66000600,16795900,16472200,9103700,3779900,23673600,9842000,7973600
2021-02-25,14926900,1371000,9956100,3457100,7648600,690600,50895200,36921800,6032000,10938300,587000,6240400,4826500,5470400,44217600,18494100,16359400,59413400,15192700,35760600,12054300,18574900,5220500,5815300,4301300,6216300,5825300,1513400,49961400,13109200,35471200,4982000,1009300,2155800,110182600,2761700,14103600,4956100,38674000,146670500,7721400,52621700,7114500,4515200,11129200,2136800,1186000,7548800,7049200,7581100,4779300,1038900,13034500,20375400,75887800,92189400,19945300,34313800,17558500,6790200,31360400,14494800,14641800
2021-02-26,11333400,1971100,8580200,5138100,7925600,712000,68933600,48798100,6199600,19004200,564000,5013400,6144100,6702100,44773900,22292800,23730400,46615300,19466700,28188400,16710700,21552900,6631400,10006000,2659900,6449900,7958700,2504900,47734200,13679300,23284400,6173900,954600,2657800,104739800,1580400,9713100,5187500,54587100,152701600,6399400,45423300,4917100,5913100,16625600,1839500,943100,6519800,7579500,6324600,6604500,1231700,17343800,16280200,90308800,103105700,18163400,35511600,17718400,8008400,38014800,14687000,12255200
2021-03-01,13018100,1287100,7152000,6419900,4749700,668600,53421400,24268100,2696800,6603800,494200,3163200,3721000,4044600,33791800,14926100,13828300,48014200,16694350,9616500,11271000,10935800,4046200,4179400,1704700,3900900,2528500,1361200,26161000,19090400,23890800,2652100,881700,1506700,49164500,640100,5799900,3366700,35637500,105348800,13489200,22048000,5156400,6956000,10026300,1834900,519200,4834000,3721100,4691800,2911200,739700,9398300,15016000,69391600,67590700,11494000,24773800,11263900,4505600,31427400,7361800,8697600
2021-03-02,10111300,1588400,5338800,4257900,4075700,523800,38533600,22204900,2491600,9525800,515800,3036700,4172200,3233200,62911400,14810000,11424600,23988500,15265900,6271000,7785500,11890400,3937000,4283500,1953200,4502400,3016100,1259600,26895400,7838000,13633400,2659600,808400,1169700,48370000,911800,5798100,5519200,29101900,79595300,3671500,12482200,4255900,8272200,11181300,1530100,2048500,4715600,5462600,4859000,3604500,907300,11948000,15129200,74468200,49987000,11530700,24802800,12942700,7482600,29306200,8456100,6622400
2021-03-03,10317500,1801400,6022500,4502700,5148100,613100,43013300,20856100,4029200,10593500,427100,4116700,4177200,3602500,81996800,18773000,13059900,30197000,14944600,8377300,9671900,14066600,4573200,5268200,2702000,5415300,2786400,1754600,33407600,9474700,24043300,6228300,684700,2812700,86301100,958400,7123200,2406100,41733400,119940200,4606700,19763700,5325300,4764400,12733000,1969100,583400,6231400,6317600,4334000,5761900,1140800,16340400,17340400,82574400,72541700,17497800,29889600,13450900,7743400,45849800,14946600,11125600
2021-03-04,5953600,1452400,9701800,4591800,8577600,1012000,70653800,34648600,5219700,11757500,1878900,5119000,5729800,4726800,55539300,27292500,13870100,49020300,20464000,12327900,15694300,19443100,4998000,6629000,4267800,7556100,5338300,2845900,59126500,13598500,21771800,6769800,1285200,3596400,139131600,1069900,10848900,2566100,63992600,183433000,5701600,22366600,7399800,11815300,13340100,3159300,1628400,6869500,6604500,7198800,9681800,1800900,21671700,37034800,107573800,101311800,27730400,76955600,25968700,11162900,44172600,23441700,18469600
2021-03-05,8675700,1249000,6871000,5416000,7016100,844200,64018500,29694200,3868400,6837300,709900,6303200,7000000,4633100,35667700,21488900,12821600,46950100,13323700,8634600,10270800,36222300,11493100,5165900,4403100,6516000,5165700,2985500,53204300,16023300,23789400,7831100,1016600,3726500,121523700,1635000,11131800,4413600,30560500,152039600,2570700,20598000,5966400,7883300,12050700,3020400,1427500,7166100,8721300,6614800,4466000,1489000,14267100,23513000,112395800,109299800,22816300,46085800,21719300,9431800,33606600,15645200,20626800
2021-03-08,5639400,1075500,5806700,4591600,8230700,1101400,54120600,25080900,5632200,7405900,1846300,4786700,4508600,8178900,51646900,24025800,12134900,39868700,14372400,7416400,11469200,13326300,4385100,4616600,2342700,3885700,5714200,1240000,40619700,16254200,15029200,6116400,998300,2951900,88409800,2280400,9854700,2729700,18703100,123149200,3776600,15236600,3902700,5083900,12981200,1587500,869000,4823000,5663500,4281400,6346400,1080500,15723000,29673000,100610000,90538200,16782400,35242400,18947000,5381500,38423800,12691800,12536200
2021-03-09,5676800,1518600,7671800,2144700,5829900,1001500,42450100,19060200,3555400,6702000,787600,5397200,3446400,5123400,48254400,22518600,10382600,31441100,12841150,7035000,9420300,13426900,5623700,3546700,2356600,3586900,4104400,1446800,32247300,14423600,21900300,5983900,727800,2181100,80391100,1237500,8601900,3255500,29024000,113633600,1801500,14463400,3705700,5503200,10888700,1732900,10290500,3873600,6075100,4116100,6142000,979700,14264200,15732600,118889600,117224600,12484800,22987200,17259600,4163400,22224400,11022300,18614400
2021-03-10,6936900,1100600,5286700,1408000,6472200,1917400,42853900,19467400,3292400,6115700,844600,4546800,2592000,4366200,48701200,15503400,7962000,23776600,10226000,5683100,7006600,12224800,6059600,3667100,2156600,3426300,3435200,1661000,36812000,14615800,19440400,4991400,873100,2115300,76798100,1003100,8439300,2860000,20388800,109899400,1828000,12387600,4610900,5733300,9633200,2781700,1050500,3429700,7231400,4133800,6059500,1044200,13436600,14336600,78416600,73269300,17276200,18459000,15827600,4908400,27421200,11641100,14245800
2021-03-11,8827800,659400,5510000,3588700,5745900,1516400,57247200,15485300,1525100,4107300,913800,2784500,1765700,4650400,38483700,28000800,6749200,27728500,8410450,7576500,8830100,11284600,6257600,3845900,1843600,2818100,2915000,1183100,25256700,11711000,20622100,6417100,928900,1544300,53484800,961100,8237400,3578500,23587800,86245000,1612600,14150700,5427300,6588700,7169600,1537400,820600,3830000,3340700,4102700,5593200,857100,9102700,9525000,50797400,50904800,12211100,13362800,12386500,4092700,17168800,6549400,8458400
2021-03-12,5066800,737700,5717100,1264900,4257200,1083900,41559600,16342500,2272500,6188100,373100,3911100,5089700,3378600,21540800,26286300,8608500,21842000,11392500,7332600,6341600,10825700,6463300,4816900,1973800,3389300,2044900,1078500,23732200,8876400,14352000,4716500,828000,1453800,69315600,999500,5784000,1824700,23409800,64653600,2812300,20402700,4082500,4643200,9072700,1953000,841800,3262800,4847300,4069000,3838500,770500,9332500,9627600,59786800,68126000,10112800,12442200,10518200,3621600,20043800,7452400,8343400
2021-03-15,5000500,976300,5012200,2926800,4456000,1181400,32447400,17320100,1698300,6445300,555600,2300000,2600600,2674800,22059900,11332800,8104500,14719400,15507600,4465500,8270200,7340600,4626100,2987000,1465400,2327600,3445700,1227700,21497400,8104000,10111200,3146300,892900,872400,42955700,853300,6927600,2273700,21915600,73427200,2098100,11366500,2795600,5710000,7494600,1469000,1671500,6026400,3154800,3421900,4114300,872300,13127000,9292800,60452600,57836400,11390900,16585000,8383700,4585700,24417200,7119100,8857000
2021-03-16,3990900,1145000,6159100,1620800,3270600,1060400,41261600,16662600,2316900,5251100,397500,3026200,3165200,3540500,23241400,19448600,7547400,22931400,10753600,5479400,8060900,11746500,6166800,3754100,984100,3722000,4002700,1857600,24675000,10720300,11356900,2728300,567200,856000,54925900,932900,7235700,1853600,19951200,73722500,1831300,15567900,2904400,4932400,10017400,1381400,806900,3122500,3698400,4599900,3179900,880400,12282800,13154200,77287000,67373600,12538800,13106800,13550200,3814700,29243400,8618600,6873600
2021-03-17,6229800,1021500,7370600,2061200,4338200,524900,57032400,16305000,3696900,5228300,301500,4282000,7130500,3995900,38953400,18425700,12626700,28345800,13581300,8975900,7614900,12020900,8264400,4376300,1390800,4506200,2330100,799700,29422600,10129300,19086100,4135100,482100,822900,78258700,1168300,8609700,3413300,45692600,97959300,2518500,27107500,3100700,5837900,8627500,1050900,821700,3663100,5011600,3347000,2996500,704400,9336200,11091200,64552200,64051100,14844000,19366400,12254200,4914800,34407000,7524900,8711400
2021-03-18,6222200,955600,4905200,5431200,5376500,1004000,49205900,23176300,3972900,9520600,631000,3602400,7791500,4778400,35578300,19674400,8711100,37150300,18655700,8281400,7916400,9536600,7820600,5330500,1473900,4822200,2264500,946400,35637200,15044800,21368700,4567900,519500,1138000,82718100,896900,13691700,4692000,40297600,115349100,4499200,21615100,3446100,18801800,7024200,1141800,918000,3496000,5067500,3641900,6661500,749400,11070900,13173600,87207200,96690500,16893400,17584800,14497600,4147000,29627600,8553300,10151400
2021-03-19,4701400,704300,4969200,2894400,5628800,1633800,60265700,31465200,3339300,8822500,417400,3846900,3060100,6128200,38642800,14442800,6868900,47467800,9872800,8748100,9534900,12445700,6622700,6357800,1072300,6090800,3497700,1451800,40855600,16455700,19776100,3765400,1012600,1325200,78446200,1553400,7164900,3276300,22871500,113624500,1474300,18685000,4179100,6430000,7464000,1661400,984700,4429400,5382800,3871000,3482200,749300,8992100,17836800,81158600,98510500,18430600,27224800,20807100,5718700,38712600,12595800,12121000
2021-03-22,5468600,676600,4748300,2651300,3807600,452900,24860300,27978200,2080600,4935900,504600,5511600,3843800,3386200,26309800,14117800,5240000,32979500,6283400,4679800,10014700,7609800,3248200,3085200,996900,3791600,2404700,990300,26128400,11891600,16677200,2254200,922300,838000,56194800,716400,5637600,2118500,23781000,73778600,1424600,17047500,2945700,4162300,8220500,1336700,622800,2677000,3417600,3603900,2762600,686600,10854500,12876400,59561800,68170600,12319900,15984200,14499400,4371700,25641000,6156800,7224200
2021-03-23,5524900,1691300,5148600,4158000,5068400,744600,40356400,22514200,2093600,6458000,375400,3940900,8158600,4770400,32195100,18525000,6048300,24705800,9608200,7544000,8190100,8836800,7215700,2735000,1378500,5846500,1834500,883300,43660700,13259000,32228000,3206700,2552500,3722600,53455400,811700,6622500,3241300,28806800,90686600,2294100,16768400,3616400,12356900,10888000,1561400,3100600,2966400,4954600,4764800,2789600,894000,10632700,20470200,103196200,70441900,16949000,12929200,13216300,4453800,26117200,9170500,7990200
2021-03-24,6352600,510200,5148200,1831500,6099000,715600,45315400,20717000,2378900,9423100,424400,4170800,4679500,3907200,33166200,37134400,6183700,31374500,8116800,14634800,8147600,17763400,4561400,2947800,1571100,6597400,3254800,708100,47270200,16456200,13435400,5656700,910900,1756900,64803700,935300,5940300,2322600,18289600,97588600,1482500,13863000,3742500,11330200,7748500,1552200,1324800,4144500,4099000,4014500,3911400,1161000,12406600,13470600,81630800,63357100,14581900,14209400,15831000,10398000,22058400,12647000,9352000
2021-03-25,5178000,1224000,3876300,2188400,5557900,1577500,73684400,25183000,4476600,8219000,1612300,6355000,4013400,4986000,42100800,20548800,8398600,24070300,10037300,10573800,6932500,27291300,6354200,4529100,1794000,5574700,3481700,1400800,59244600,10111600,12945900,5498800,852500,1232300,78729000,903800,9449400,2771400,29613100,116128600,2120500,20782000,2915500,9477000,9722100,1984600,1313000,4218800,5487300,4976800,3783800,1213600,15605700,15393400,80670200,60532600,18519500,22573000,14764000,5725300,28309600,11505300,11319800
2021-03-26,4333900,797900,3376200,2163600,4956600,1416400,142402800,27419100,2007600,4408500,413700,4783500,4372500,4385800,32707100,39379200,6153900,25948000,6947850,6409700,8501900,17456100,4713000,4985500,1338500,3625900,2488600,847300,34452600,9074800,14315000,4782400,705700,848800,63519600,1725800,7816500,3068700,14587600,114409100,1658600,8433300,3573000,10091000,6866200,1314500,1387200,3864600,3322600,3554900,3329800,692700,15609700,15219200,72348600,53779900,14396000,14883200,15098600,4550900,20770200,8286500,8542600
2021-03-29,7630800,925500,3775500,1683700,5200900,999500,51309500,18381600,4870200,9160500,465400,4111100,2965900,3896200,29926900,20909000,8409300,17447500,7039750,6298000,7894700,11887900,4432600,3505800,2182800,3798400,2777100,703200,38078800,9352500,11279900,4169600,816000,1229100,54608000,1001500,7088400,2182000,27664900,108107600,1629000,13968100,4261700,6376300,7404800,2225200,1326900,5116600,3143300,4562900,4047000,924300,13062000,12979600,47286200,71777800,12712800,17317800,11857300,5335600,32775600,8958900,9358200
2021-03-30,4996900,606500,4769200,2385700,4568800,652500,44414300,15377400,3227400,5626800,243700,3835600,1678700,3248400,40593900,15552900,8353200,19622100,18350900,5784900,7864300,16389300,2869900,4077200,1237900,3612900,2078100,1217900,36205400,9713700,20219000,3104200,576900,796400,44635700,967200,9015000,2213800,31973600,76262200,1597100,15020800,4605800,4151600,14968100,1236900,734400,5822100,3696200,3960500,3321700,750800,27514100,13140600,53392200,55011400,10180500,13235400,14042700,4534600,22111200,6865700,7321800
2021-03-31,6309200,882400,6949300,3731200,3763700,602800,38807500,32191600,2582500,7248300,3141900,5787600,4579300,3130600,35775400,18459800,10623800,41604700,17962450,8620000,14808300,14865900,3455900,2653500,1655400,5233300,3767600,1644100,34800100,15265800,23764600,5859600,687200,825200,55032500,880900,5739900,4481000,24331300,112734200,2781800,19271300,2904400,6368600,8259500,1128600,1062600,4430400,7470300,5494800,3251500,757900,10759700,14174400,48097400,51138300,12291300,15430400,18241100,5083900,22259200,8504100,7937800
2021-04-01,10767200,2289200,4780200,4793200,5936100,1493300,44592700,26312600,1874600,5160000,857100,2573900,3149800,3194800,37703000,19981500,7105200,30806600,10177050,8535300,7296800,20327700,6232700,4121300,2220900,7301000,2888700,1450300,29799200,13133800,16390900,2819900,1196000,1431300,55685600,1097500,6459900,3614300,21555400,99682900,3026600,14885900,5161700,11598400,9224300,2972700,964100,5461200,5132000,4543300,3429900,959200,10280700,14325800,65039600,51690100,11189300,14351600,21191800,6082700,21046600,6676400,8140000
2021-04-05,9230100,1014800,8200600,1756700,5632700,704200,30891600,20340500,4162500,5171100,934200,3088600,3862200,3623400,22707800,10611300,6163800,20758300,9548600,9944500,7315200,8061400,6699200,5020400,1610000,5645400,2465400,1383500,27826600,8040600,17015500,1763100,903200,847600,42172500,1613200,7335000,3118200,13959600,91684800,2094900,8243000,4166900,9801000,9219800,1481500,1074300,4239900,3764100,5941400,3393500,1034800,9804500,17460600,53372200,51790700,10789200,12866800,20093000,5235600,29288200,7190900,8628400
2021-04-06,4864100,672100,5400600,1831300,2987500,462000,31509200,18995900,1871000,4675200,415600,2093800,2217100,2052400,25221400,20383300,6761200,15367900,9536950,8765200,10112100,9375300,3571400,2561500,1940200,3624100,3165000,687800,24907800,6318100,15762000,2787300,877500,834100,33537200,904200,6890400,2497100,18963100,62021000,2050100,9282400,2722900,6734200,10604800,1327200,800100,5111600,3583500,4029900,2759300,794600,9533200,12551800,53257800,41336800,8203000,11315600,19302100,4270100,17258600,5206700,6301400
2021-04-07,4505600,1039700,5480200,2050700,2658500,769100,47888100,14349400,2962000,4644300,400700,1790600,2950600,3778700,28119600,27399000,5436000,15645400,8433800,6316800,5187200,8050200,3130300,4512600,1184700,2974600,2100300,1264100,26233700,8864200,10976500,4670400,659500,771200,32046400,772900,5266200,3509100,12932700,55836300,1519600,11052700,2259300,9987600,5940200,1140100,753400,3038500,2768900,3299100,2201100,636500,9164400,17575600,49888600,38660800,8865800,10085200,20763900,3063200,15798400,5753200,5049400
2021-04-08,4932100,2910500,3872300,1903100,2665000,379800,50373000,15502500,1255000,3922200,584600,1822800,2978100,3550200,25700400,20173200,6574500,11052100,9736100,6334700,6687400,7486200,7016100,2390900,931300,4125500,2043100,807800,23989400,5706100,7452800,3393000,615600,940100,29940800,890700,4731000,2109800,16756100,57863100,1299600,7847900,3807900,4288200,7075100,890100,1419000,5034300,3949400,3628900,2584600,672500,7447000,10828600,63766600,39927400,9151600,14144600,10244700,4042700,19909800,4292400,6424800
2021-04-09,7467100,735800,9748500,1550300,3034700,1039600,35808300,16330500,1165700,4962200,377100,1739400,4736800,2508200,28035400,24017200,6657900,17413100,9017600,5887400,8041000,9858500,2753900,2933000,1187100,3052100,3993700,2380600,23267400,7191700,7568300,3090600,852000,627500,36664900,1084400,5246400,2496200,15692800,61104600,2891500,8717800,2773100,3705600,6944600,1117200,587700,5371000,2627500,3559100,2133600,698200,7633400,10617600,44373400,40133700,9655900,9401000,7020400,1887000,15751200,5919100,6093800
2021-04-12,3844900,866900,3995700,1461500,2951500,466300,30045900,13729500,7125900,2847800,217400,2424600,6310500,2612000,19094600,16844700,4896700,15464500,8773750,5466000,6094400,7933200,2761500,3168800,1573700,2980500,1947000,1231900,20533900,10084600,10579800,3080900,613500,538400,25833000,835600,5486100,1687100,22788400,56704900,1504700,7659000,2007200,5998400,5710200,1234600,2699400,2828200,2747500,3882800,1898500,687600,7718000,8856400,39196200,44435500,7704800,15907000,10117800,2946900,14201400,8279500,6285600
2021-04-13,4040500,2840800,4097500,1825100,3391700,802000,33697900,12712500,2187100,2916700,2475200,3547200,1857400,6086600,22564200,19135300,6995900,20643500,12425550,7663800,5566600,7555400,4550000,5907500,1387600,8665300,2319200,1181800,24608400,10946800,9582100,2466900,868000,759400,30374000,1557000,5101200,1237100,18876600,56551000,2062600,13232800,4524400,5063600,5454000,1197200,941200,3975300,2985500,4056900,2381600,877500,6725000,9311800,44825400,39950900,10612000,11315800,11982600,7557800,18250800,6519600,5351200
2021-04-14,3620500,645200,4592300,3684800,3966800,533600,27449500,13079200,2260700,5627000,381600,4042000,3605700,3824000,28428100,17805100,6312300,17992800,10768550,4876900,6644300,10491500,3206900,4068900,1585000,3981200,2307100,1066700,27362000,7703200,10219300,5205300,1029500,916800,42564300,962000,5526300,1414000,11107100,61659900,1890100,7293200,2719300,9353500,6699800,1431000,1376300,4569100,3691100,3765600,2426300,900000,8492500,9953200,66767800,44065300,9331900,11216200,12087500,3027900,15125400,6226600,6676400
2021-04-15,6753200,794100,5395000,1568800,3881800,706300,42622000,20480100,3715600,6310800,1512300,5991900,3904400,5017200,36858300,16239700,8250600,20944400,13818300,9958500,4950400,7024500,3368300,8007900,958500,4443800,1698400,1826300,20587300,8233700,17234400,2589000,731300,965400,36342800,1371100,4539600,1843200,29376600,60229800,2047400,23896700,2976300,4391600,5908900,1650600,1658500,6497000,3573800,5439600,3309300,1125100,6200800,10863000,49686200,55483500,12631200,11028800,7714900,3786400,23863400,8438300,5031200
2021-04-16,3663600,2055200,6199700,1226900,3748900,1046000,32031300,17058700,3200300,3184400,747700,2587200,3433500,4813400,34102700,16294500,10057600,32509300,14105500,7334900,7081400,8243300,3171800,4654800,1066000,2707100,2662100,1658200,23943000,7554300,21100200,1837100,885900,922700,40860100,713900,4830600,1674900,20854500,82037300,1980900,15238400,1966000,4680000,9082500,1056200,1149300,3754200,3252500,4306000,2444400,902700,6678900,12927600,57189000,39115700,10221900,11695600,7810000,3173700,22376000,7447400,5276000
2021-04-19,5072800,754300,6165300,1981600,3222800,704400,34318500,15206800,4440400,11056300,666600,3992100,3286600,3092900,39498000,13209900,5721700,23904900,9686650,5738600,9325500,12724300,2890000,5903800,1342800,4418700,2750400,1309200,25285900,7778500,10868200,1860600,985100,903500,34533100,981600,6002700,2063900,16333300,78498500,1829400,13886800,2990000,3324500,15499900,1325400,922900,2882900,3945700,3986900,2385200,870300,8932100,12112600,40827800,31172300,8140900,10254000,10867400,3291600,21503400,7094300,7030800
2021-04-20,4322200,1548600,6383700,2692100,3762900,533200,27732600,29570100,2823700,9035400,650100,3685300,5668900,3945800,28893500,11086900,6532000,22901000,12760050,6468300,8293700,14518800,10173400,10710500,1671900,6145200,1958700,746300,35570800,7688400,11996200,2404500,754300,675600,38081800,917600,6845700,2012700,20911600,81851800,1262000,11476500,2826400,6415200,11657400,1253200,1443200,4968700,4106700,5210300,2734900,981500,7101600,10643200,72574000,50227700,13622200,9873400,13168800,5042100,29548800,8063900,8462000
2021-04-21,5511300,980000,4508300,1869800,4191200,462900,33407600,15615600,2403500,7032100,484800,2097000,2538000,3470600,16611800,16469800,8380200,19527000,17827200,7976500,6838100,6716900,3653900,4639600,1122100,3875800,2078700,2014700,31147800,6614500,10473600,2186500,796100,660800,36598100,985200,5820300,2061000,32992900,66793000,2158300,11902200,3508100,5800300,11195800,1053500,1559100,4407000,3640100,3167900,2161000,658500,6235100,10809000,56991000,39680000,11352800,9254200,10794900,4182600,19230200,9635900,5540000
2021-04-22,4570700,1226600,4007800,1663700,4962500,648300,39452000,22677800,2773700,7019600,436200,3822900,3071700,4201000,32128800,23509300,7680100,18506500,8716200,7681300,10591300,9543800,6823600,3743100,1498100,6300000,4290800,1264600,31943700,5584900,16487100,2247300,1453200,1429000,45936100,1417600,6918600,4373500,25916400,97582800,2036200,14156400,3926600,3278100,9660600,1205400,2919800,3207200,3965000,4394800,3915800,807200,7556200,16101000,50062800,43611200,11778700,11652200,10762900,4074600,17983600,10030800,5960000
2021-04-23,3620700,495500,6435700,5932200,3613900,913700,27062900,18607900,2713000,8746300,592700,2195400,2595400,3791200,25109700,14121700,7106400,14388700,8943300,5509900,7098200,7648300,4901400,5527000,935900,4565600,3951200,1303600,27999500,7330200,15170600,2079500,1361700,1104400,36381900,1025500,4864500,1535200,18439900,73209200,1564200,12302200,2011300,4206300,16386300,1232900,1218900,5225600,3781100,4374300,5335400,1473100,12992200,9370000,33897800,50437700,8126800,8886000,9133800,3551700,16881600,4974500,3823800
2021-04-26,3480300,1061300,3797400,2750200,2090900,428000,26805200,14052100,2085900,6010900,597800,4974300,5486000,4658100,26787400,19239100,4786600,12746100,7216900,7145300,10228100,7266000,2639800,5001000,1120500,4583400,1899200,955000,19069200,4246000,10915200,2211600,998300,582300,30812000,725700,4575600,1265800,11054500,52182400,1708800,9103500,1558700,3150900,11905100,982900,9127100,5404600,3125200,3202500,1857200,653700,6543700,8192000,35891800,43749700,7824800,7735000,8750100,2893600,12578400,6907100,4460600
2021-04-27,3823300,787900,4450300,2426600,2732700,392200,25563100,13612200,1306300,3852800,314000,2700100,1245000,5767200,21147100,14398300,5363500,17660600,7100500,7720500,8383400,8437500,3419400,3068800,1113700,3281000,1589500,860400,19648100,5050200,10418200,1517900,525200,774100,33187200,733200,5881800,1473000,12866200,51303100,5229700,14137300,2841500,3454400,12910100,841200,1665000,3091100,3370600,2670000,2807700,707500,6886100,8882800,42268800,50852400,13774800,10822000,10078900,3715200,20942000,7034700,4438600
2021-04-28,7078600,999200,5479200,5241800,3025100,446200,37381000,14288600,2795800,4592300,419200,2558000,1976100,3952100,30203300,11296000,6932200,14795000,9760050,8692900,7637300,7263000,2820700,5688500,850200,5500200,1559700,1388200,16222700,6131700,15731100,1858500,782400,810900,33615700,742100,5055300,2032700,20534500,51238900,2787900,15263700,3261800,5500900,10869700,1246300,1962200,3509200,3960400,2603900,1795400,608400,7698100,7793600,65874000,35771700,7877900,10691200,7925300,2246200,15158200,6788100,4761400
2021-04-29,6254100,899800,6247600,3353900,3688400,522300,36617000,16411000,2363500,5639800,529300,4982200,3137200,2666900,24620100,19172300,9067600,17152900,9902950,5547800,7477900,6384700,3310900,4714200,1292200,4089200,2609200,1449200,25500300,7751800,11697300,3060800,941300,801100,37708900,1230400,6778500,1552900,23251500,78544300,2167400,17178200,2224000,5920400,7707500,1339600,732300,3319100,4209900,4178800,2674600,697300,8465400,11571000,66042400,48573000,11035300,13416600,9202600,4261900,19223600,8148900,6444600
2021-04-30,6469500,1064300,6867600,4693900,2909600,457600,46299900,28951400,4867400,6545900,1070600,3650600,3953800,3688600,36290100,27070000,6248700,23367500,9260050,5160000,9208800,11882900,2674400,5915900,1517100,4920000,2906000,1220300,27006000,9387300,11860200,2312000,1382900,648400,38263400,747100,5224500,2367400,16806800,85527000,2351500,15692000,2459500,5007000,9882200,1354800,769100,4371300,5219200,3256600,3212300,630900,8573300,10352600,58519000,43940900,9861200,10583400,10784800,4592300,20484600,7153400,5651000
2021-05-03,5939500,1169100,4601200,6074800,2698400,652700,20628000,21382200,2657300,5433700,443600,3733900,4460900,3172500,23997300,10627400,9014700,15782400,10807400,8593300,10172300,8251400,3144100,4530100,1474100,4672100,3350500,968400,18693400,6535000,9029900,4148800,856500,839900,29729700,924100,4822500,2910400,36331500,68128300,6701000,16447700,2462200,3309500,7245300,1433600,973800,6844100,4180800,3846300,2853500,835100,7350400,12405600,45740000,33317300,9445300,10805800,12671500,5074000,21544000,13179100,7371400
2021-05-04,6291300,2178200,5520300,3464200,4478300,690200,38634800,29144900,6579100,8011900,1037800,4062600,3424700,4359400,29875300,20673300,10267400,23089700,12690550,11171000,9683600,8029300,3804800,5404300,2450200,6946800,2682100,1132700,26892700,12874600,14006800,2285400,1104000,1212800,65147000,1055900,6338700,1972900,37719400,101591200,5103200,18639700,3692900,5357600,9581500,1893000,1168300,6449000,5485600,4900000,3076900,1227500,9975300,15622200,53917600,66939700,11677400,19919600,11147300,4892400,23445600,16186300,9207200
2021-05-05,3329000,553500,5950300,6495800,3506100,488300,26062900,17680000,2839300,10408400,534500,3243300,2200300,2359300,27266700,10551300,5950000,13676300,4726700,6810000,8163500,10656200,3160100,3786700,1565000,4242000,2338700,1216400,25139500,15099300,5722300,1603200,774400,1210800,46219300,1270800,6606900,1301900,7161100,60162200,3928200,11127900,2226600,6912400,4117800,872400,1632300,4580300,4410700,2032600,2633000,393000,4339000,15113400,79621200,38954200,9989000,11245800,8726200,5972400,23562800,16713700,6325000
2021-05-06,4739400,1066600,4143600,4525900,4276700,703000,29454200,21533100,3689500,12271100,916300,3498400,2176800,3685400,31412400,13465000,13574100,23110100,12174950,6546200,6617600,7307000,4351400,5638700,1539500,5376900,3266900,1466500,27647300,11343400,9383600,2707800,1736100,1363400,46814300,855500,5869500,1981300,32473600,74321400,4559100,21907600,3882800,6635600,8396400,1398000,2462300,5649700,4737300,4131200,3270900,800800,6971900,14774400,58710400,43332900,18276400,14338600,10192000,4116400,23305400,16115000,7850600
2021-05-07,7005200,1829300,4886300,6180400,3526500,501200,41590600,23316000,4211100,7396500,1151500,5719300,2840400,4502100,44490500,17933500,14748600,17872700,11410450,10657600,11091500,7400200,3262500,4056700,1042400,4679900,2080700,1102400,26172700,6616900,11267200,2815700,718300,1702100,53324500,533300,6787200,1950300,25364400,67733800,4880500,18346900,2268500,4252900,7410100,1168300,2324500,5884900,3516600,3868100,2598200,833500,9221800,15089400,63196200,64616700,19343000,19196600,9841800,3863600,18110800,7576700,6750200
2021-05-10,5576500,723700,6211800,3358800,6092500,933700,40686800,16927500,4177400,8289300,807200,3796000,4249000,4171500,26093800,28302700,8276600,16580800,9848250,5906800,7958000,11628300,3381100,3196200,1712300,4645900,4062500,2200600,28109100,8459400,9705000,4374700,1586900,1380400,60700500,817200,7428900,2483700,28424200,81852400,2745000,15146200,2711000,4391900,11723400,1661700,5043500,3436700,5942700,4443800,3721500,908600,10549000,18238200,68998000,56341100,16335500,20281000,10558400,3873100,26442000,8846700,6976000
2021-05-11,6161400,1157100,6630800,7764600,8396400,799200,37374100,34624600,5408000,9958500,769000,7147700,3418700,3671200,30959900,17486200,8348200,28683600,11104200,6591300,10328000,7587200,5016200,3073400,1970100,10330800,4184300,1556500,39519500,16118200,12179400,2960700,2137800,1986300,71963600,2188400,8487900,2630000,23444100,116888000,2535700,15158600,6721600,6925400,8673600,2022900,5219300,4036900,7081500,5959900,4112600,1371100,11065600,18997000,113531800,82723700,25425800,27046800,14385700,5546200,28210000,11357800,14220800
2021-05-12,7000800,915700,7011700,8831300,7034100,1128700,53632900,32608200,5812200,13944500,860500,6113000,2787100,5447300,37873400,17073700,12666300,31630100,14384800,14509800,12336500,11371800,3787300,6468700,2804500,7589000,2384200,1700400,42113400,10036700,12569900,3450300,1854100,1847700,91164900,1184900,8588700,4113100,35338100,134811000,3611900,20859400,5754100,6838000,9505700,2228100,1588500,4601200,7707400,5788400,6327100,1456900,10822600,18269200,82195600,97911900,18125700,29414600,13223100,5443800,29553800,10946500,14124000
2021-05-13,6772300,5954600,6991000,5844100,5741300,1042900,42935200,36208800,5659000,9473200,1711000,5794700,3767000,5319100,38010100,24901700,8078300,28689600,9551950,8242700,10515400,10868900,4024600,4225800,2810800,6956400,2517500,1246900,37739900,8115600,9508200,4691600,2202400,2006200,69877800,1016800,7327800,5495200,25131000,106394000,2992400,13073900,3431700,7610000,8009700,1627000,1293100,5118900,7179100,4970900,4056500,901600,9134100,22130400,79698200,66882600,16457900,22610400,18490900,10719300,28222800,11228000,14082400
2021-05-14,3985500,1662900,6262100,4489200,4677300,618300,40363000,18601700,3952200,6792500,794100,3653400,3126300,3687200,24850600,19724200,9686800,22550800,7568450,7943100,8882700,9890800,3279800,3667800,1445000,3587500,2313000,1318700,25070400,9862600,8987200,2884400,2256100,1179700,44370000,702100,5982900,3836400,22955700,82201600,2595200,17566700,1952500,5058400,4776100,1225100,984800,3936600,5167900,4292600,4060500,554900,6270500,11112600,57183600,44850200,11217700,16823000,9672600,3828600,18910600,6590400,8211800
2021-05-17,4926600,867100,4753000,5056200,3262200,599000,23169500,16699500,3031500,4992100,896800,4685200,1986800,3126700,24450300,16472700,11956800,13545000,8593950,6711100,7165900,6053400,3626600,4243600,1351700,2985600,2508400,1220800,20048500,7051100,6001600,2632600,1329500,1528500,39395000,870100,5158200,3861000,41874700,65129200,2225000,6113800,2782100,3831000,7209900,1588900,2044600,3320200,3781600,4063200,3873400,678100,7666700,15624000,67404200,40376700,11547700,16267200,10705800,3583400,25124000,5997700,10445000
2021-05-18,3674600,1047800,4631000,3729300,3462300,641700,32405300,16526900,3417000,6200900,663700,5267500,2509800,2495300,20415500,18898200,7294000,16447500,7375800,4319600,6345100,5329200,3701500,2454100,1259000,3348400,3681800,1115900,24564500,5655300,8835300,4744800,1148700,1164400,36528500,672300,5512800,3419200,28338900,59810200,2486300,11423100,2436300,9166100,6291400,1464800,1151300,3359800,3128300,3173100,2720400,639100,7707900,13594800,70435400,40299200,11195500,11737200,11168900,4545500,19532400,9202000,7756800
2021-05-19,6892400,1675300,6511300,5161000,7223900,633600,46284100,30391700,4785400,7092600,2996700,4039800,4253600,3542000,33335000,20449200,20741100,34701000,14858400,13156500,8063100,11155600,3270900,3924900,5529500,5670900,4010900,2108700,31202800,13019800,20069600,3462200,1591900,1242800,66319100,1118800,7296000,5213300,43585700,106467100,3527000,14296000,3971100,9180000,9117900,2095000,1732000,3602500,5086300,6015000,3394000,752100,10025800,24960000,87969600,63573900,16656400,30581200,13709500,7500900,26238000,10063000,14120400
2021-05-20,6243300,852400,5283900,2828400,4532800,767300,33273000,21650300,3803400,6274300,2895200,3369900,3389700,3174900,29483600,19089400,9802800,28013700,12443150,8412700,6575400,5957600,3377900,2508500,1315700,3770400,2387900,1615700,24932800,10542900,10498100,2337300,842100,831600,46466100,813200,5183100,4011000,20364600,78022200,2583000,13310500,2623400,5320000,10651300,1259900,994300,2466500,4776700,3478300,2609300,664300,7164800,11750000,56522600,59216100,11635300,16828200,11336300,5260700,25679600,7522700,9068000
2021-05-21,3873200,785900,5050800,3046300,4481000,664900,39110900,26751600,3457000,7088800,459400,4450800,2692400,3257400,34158400,15642200,7677200,36466200,12251350,6648700,6339900,6345200,2124300,3802000,1398900,4147900,2113800,674600,24213700,9296100,7826100,3093800,1123600,683000,50330400,642500,5405100,1822400,31146300,76578700,2021100,10171600,2514800,4204900,6317300,994800,553300,3020000,3567500,3623300,2600200,1072600,6526300,13533000,50539800,44950300,13420200,14148400,7779600,4565100,20487800,8423300,7770600
2021-05-24,3867700,1014300,6954500,2823500,2531800,647100,22436200,12267900,1995900,4044400,575100,3260000,2182100,1895000,22520700,12100900,5557300,24277800,12615900,4826000,4768700,5377200,3101300,2277700,855100,2732000,2031900,1418900,18324200,10667200,5756400,2288100,853300,737500,32475800,523500,4591800,2565300,15601800,51376700,2740200,6868700,1878400,5146000,4771000,1125800,1783900,3491500,2962500,2873700,3195300,547300,5340500,10218400,48020400,29159600,7097900,13229000,6535900,9873000,19343000,4958800,6726800
2021-05-25,6351700,686900,5235500,1694600,2623200,984800,40993700,14338900,3027600,3394300,3125300,3160400,2159800,4095700,33897200,20917200,8986900,15466600,11199400,5748200,9756400,6991600,2585200,2814800,1903000,4238500,1611300,963500,20514900,5218000,11428000,2082200,724500,1402200,31280300,2059100,4702500,2403900,24282100,57451400,1545700,12346900,2985700,3602800,7082300,1478200,3475300,4243300,4031800,3700600,2856200,555400,7610500,9688800,48558600,38755900,8574700,11245800,8271800,4333800,20427400,6798500,7133800
2021-05-26,3969400,998100,4834400,1948600,2064500,486600,26984700,12732000,4448500,3115000,958000,4019500,2553000,3897400,22506700,13140200,8495400,14354900,13968800,4501600,4747900,6741100,3554700,2858100,1062200,3000800,1970700,979200,20388200,6641700,28568500,1990700,605700,928800,25444900,737800,5132100,1810700,23720300,43088600,2570900,9793700,9045700,3817100,4419300,1815100,629200,4518100,2642700,3258100,2287100,585200,5032200,12616400,39554400,38601900,7615800,13311400,10622500,4738200,16841600,6848800,7473600
2021-05-27,5072300,675600,5215200,1361800,3026200,392400,35598900,16211200,5072100,5490900,591000,3703900,5141300,3228300,23589400,14877200,7993000,12682100,8244300,5998100,7020900,9310600,2763500,3891800,963600,3719400,3068500,716100,21225700,5854500,15033000,3152100,854900,1639400,27931700,682800,4266300,1257900,18584800,56707700,3046600,10695200,4457900,3193000,7097800,1093200,1237000,4362900,3015900,2617200,2578900,631400,7659800,11654600,39053600,39789500,11467400,11354600,12693900,4288000,16996200,8102900,7783600
2021-05-28,6768200,927900,5258500,2356100,2641400,618600,43730300,21449500,2954100,4776600,1121400,2522700,3552000,3082900,30911600,13713700,9967000,15464100,10595900,5575700,9286200,9569800,3384100,3305700,860900,3280900,3378400,4819000,20668400,6056800,10432400,1932200,614100,901000,29927400,696700,5160600,2054600,22529800,58520200,3884000,10258000,3047500,4847100,7663600,938200,1247500,3409400,3370100,2635700,2267400,1111200,7318100,10690800,37125400,39265000,7606300,9222600,8476400,3534100,19565000,10059900,6451200
2021-06-01,6209800,1121200,5398000,5825900,2584300,417000,41656100,27524200,3589000,5514000,815200,2996300,2014600,2966300,42652300,24186000,9143300,22655300,14342200,9498100,7192800,9584200,4559100,3325700,1619300,3739600,1809100,1164400,23081500,6673000,6390600,2134600,1249700,938400,31145400,650400,5259300,2265800,26118400,54216600,6261000,11778500,3051200,6374900,8252800,1523300,586600,4385000,4389000,3805700,3055000,674500,10035300,13700800,72570200,35710700,9456900,12907400,8893800,5512300,22052200,13368300,9361200
2021-06-02,6103900,1752700,5479900,4525400,2576700,893700,24532400,13561200,2333900,5753300,514100,2592100,1799000,2166800,49623000,13856700,6613100,13698300,9406500,4269900,8008100,5646900,3951600,4192400,1437600,2669700,1699400,704400,18927500,7200000,8140400,5909600,951400,1121800,22047900,2932400,4914000,1234900,14522800,49097100,3177900,7347900,2454600,3682400,7365200,1130700,442400,4446100,3209200,3599400,3188900,992700,8016400,11410200,67893400,37537500,7547800,10098200,6411300,4599000,20491400,13245100,7063200
2021-06-03,3464300,517400,4829000,3802100,4436400,863300,40790400,16987600,2299600,4862500,425800,2350800,1656300,3387700,25464600,20710000,10153900,16701800,14038900,3591200,6559500,5166200,3615000,3218100,1163200,3140800,2213300,958700,24811500,8329800,10028100,3329800,1003000,873500,37057800,1002300,4826400,1607800,31455700,58138800,3777400,10994000,2569000,3378700,6215600,988100,1214800,4187600,3391000,2967000,3876900,681200,8433000,12528600,58761600,54877500,10342300,12721200,9410000,3447300,23707200,13244400,8702800
2021-06-04,4535800,962300,19321400,2921400,2594200,407400,29038100,13335200,2185500,7333600,681600,2069500,1324000,3591600,31203200,9955000,8375300,26829200,11703000,6326000,5571400,8279700,1877900,1928800,966900,2586300,2643400,1410600,19395800,7111100,11427200,2164200,816900,591900,38736500,567200,4301400,2060600,19065400,55938800,3445400,15773700,2865200,3654400,6039600,841300,701300,3121200,2628100,2287100,4316400,581100,7317400,10291600,52658800,27250900,7118200,11182600,6078200,3061300,14469600,11228900,6433200
2021-06-07,3728400,983600,10706500,2377800,2224300,567200,24830500,16738700,3032900,5774400,466600,1828300,1139300,4663500,26655600,11943900,7709100,9189800,9566400,3068500,6829300,5308700,2932700,2709800,1112000,4254700,2490400,625200,24049900,4813700,5000100,2299800,2064200,478500,32611900,892600,4659600,1240100,17188700,51555000,2713000,7799800,2536800,3871200,10276700,1025400,912000,4773100,2500600,2762800,2136000,765400,24666100,12097600,40070400,37401800,8298700,11784000,7306900,5659700,13822400,13978500,6389800
2021-06-08,4395100,833500,5099600,2150600,2748700,649500,38113700,13218700,2540300,6594200,639200,1973400,1463900,1719000,24620600,11244500,5905800,10983900,13294200,4760500,5792400,6844300,2451700,2357300,989500,3667200,5583900,794600,27770300,5411700,10626800,1420700,1211100,449200,27282800,533800,4594500,1504400,23460100,47134300,1870800,11230900,2333200,5129100,6909800,1081500,540800,3935800,2386600,2831700,2091000,518700,7113900,11581600,57553000,47747700,8847800,8902600,8545200,5577200,18363600,10799500,6124800
2021-06-09,3643100,1122600,4810300,2003400,2591200,276500,30916900,20203600,2812400,4593000,813200,2070900,2355500,2177000,33848800,12670100,6346100,13232200,8353200,5679300,7890100,7150100,3132600,4395200,796900,3653800,2289800,1007400,18700600,9058900,12152200,1773300,858800,478500,21485300,680600,4938300,2284000,21620900,48436300,3332300,12768300,2101500,4609200,5873300,739500,1018700,3243000,2968100,2688600,2020100,476700,8168100,19761200,56052200,40776200,10967100,9763400,8273800,2401800,18760800,7965600,7131600
2021-06-10,4021900,858000,7400300,2445900,3089400,519400,28571100,16555200,2546400,9687600,814900,1855700,5729100,3109700,38490000,13073500,9896600,15290000,11570800,6494800,8149000,8146000,2653600,2963800,1004500,3075700,2668100,2207900,29069000,5207700,16424100,2355000,995200,851200,33702100,1092000,4189500,1736300,24057200,51020100,3485000,19698300,3331800,8677300,7050200,822900,1413600,4010100,2611800,2936700,2877500,663100,6263600,12269000,57353800,53775500,10645200,11275400,8213000,3818400,16654400,9350900,5225000
2021-06-11,3781900,732300,4194500,1722800,3003000,645900,28375700,12864700,3920500,3547600,2574400,1984600,4208400,3660600,25434000,10257000,7836900,12559600,10286900,3914200,5308600,4338600,2399500,2876200,605800,2166700,1463400,900100,16707200,4047200,12707000,2283100,1079500,2182900,21222800,828600,3263400,1661000,24834400,45570800,2573700,8646700,4256200,4385300,4867400,728500,1523500,3274100,2241500,2837200,1824300,752200,7187200,8715600,38091400,40416700,10113500,12100600,6232300,4478100,18198400,6958100,5468400
2021-06-14,3270800,439100,4438400,3407400,2527000,451800,26421400,17044400,1335200,2963500,733200,1548100,1355100,2303600,25121300,14797700,7733600,19408600,11051100,3730900,4387000,8018000,3056300,1557300,1016700,2158800,1533700,1085600,19182800,7865000,8327200,3208900,736000,553600,27827700,647100,5109300,3526800,22004400,42358500,2169000,9401300,1718300,4764900,4623500,949100,755500,3531700,2252200,3189400,1931900,657400,6120900,12375600,37745000,50613400,11312100,11426600,10449400,2746000,13733000,5156000,5770000
2021-06-15,8230400,1008600,6173600,2385600,2138500,961600,34121300,17729200,1925000,5175600,625600,2028300,4371900,1786600,13826700,17225200,7550200,16037000,11044700,4212700,5914000,8190700,2450700,1895200,4826000,4528500,3168400,1488100,17039900,5175500,17848200,2545700,838800,500700,35963800,548000,4030500,12066300,18546700,51508500,6562100,18207300,3189000,4356400,7736600,766800,633800,4099600,2405000,3094000,2540700,898900,6168100,20967400,64285000,51315100,8948600,15079600,5151600,2948300,32781000,5409100,5659600
2021-06-16,8654200,575400,7302400,4255900,4032000,669400,44138300,21706700,3164600,5742900,599700,1999700,3150300,4275900,40846200,24688500,16919700,21267200,15669900,13529000,7076600,11125200,2673000,4158000,1245700,4771800,2628700,1255700,24527000,8611700,22698500,3779200,998400,546400,55399500,645700,4643700,2094700,41137100,80386100,3990600,19676300,3186700,6152600,7192800,1100600,889100,4498600,4194300,3459600,2524700,806400,7464200,16649000,60786400,84961100,13977900,19202800,10507100,6093100,46277600,11653200,9414200
2021-06-17,7641700,1458900,6467500,7251100,5169100,2020200,27846900,27756300,3130400,5887400,671400,3924700,2543200,3756500,27397200,21106400,27232200,21099000,13137800,8838100,7122800,8381700,4399100,4243600,1176800,4336300,3114800,1628300,48292500,7586100,22735800,3719300,879500,783400,59722700,932200,6851100,2527100,74182600,90949700,4873500,35225800,4013400,11054200,6041500,1058100,1155000,5055100,4065300,3002900,2963300,849400,6889700,30323200,106941800,97659900,20842900,15864200,9239700,4558600,25708800,6527000,9267000
2021-06-18,5690400,885300,5842800,4187000,7126600,1243800,42443600,36755100,3131900,6717900,726600,3365800,3897600,4360900,39888100,16942900,15744300,35134500,13674600,13435000,9299500,12124200,3055300,3232800,2589000,7290700,2403200,1064700,54023700,5740300,21169700,2900800,1154200,572300,55414900,836900,10156500,4317700,34088200,118676300,4629400,26616900,4013600,6247600,8868100,1715400,1210400,5358000,5211100,4538300,4127800,871300,6643100,23531600,113812200,180960000,21546100,20816600,16882500,9034600,36079800,11152600,13991200
2021-06-21,6875500,846700,7907000,3340200,5435700,920800,26977400,20228000,1913200,5464800,464100,3826700,3664400,2496600,18515700,12181400,8371000,21265000,13314300,6460000,8243600,9682700,2798000,1873300,1137200,4111000,4447700,1493900,26736400,6040300,22492000,2150400,934700,617000,32992600,558900,6276900,5551300,20624800,72822000,2607600,16485000,3732200,8816200,6778700,946400,1277100,3672900,4389800,3870000,2147100,727000,8283400,18014200,84366800,89831400,15499900,12276000,14278400,4818200,27886600,6655400,9607400
2021-06-22,6485100,386000,4082900,3515400,4042100,682800,35862600,14010200,3031700,5616000,654300,3452100,2413300,2049500,24400700,12445900,7223900,14604400,11310000,5459700,7917800,5296700,2870200,2557300,1107400,4447800,2131600,958500,21188500,4914200,12098400,5028700,654900,492600,28941600,585200,5074500,2681300,17654500,57700300,1933000,14530200,2727800,3734400,5644600,820100,1240200,3088200,2705400,2684300,2192100,696300,6060600,11156800,48344400,42576400,10646400,9253200,8351000,2428600,16608600,7194000,6740400
2021-06-23,5070500,651800,5739900,2234300,3082700,818800,26049200,17074600,1994900,4900400,874700,2782300,2060100,2715700,21887600,13061600,8474300,16583100,14041000,5429800,5890600,6127700,4044300,2005900,878300,2744100,2311500,1404300,22387500,5810700,12519100,4122100,701300,549300,27188500,699500,4851300,2761200,18042000,49445400,2633100,12040900,2412900,4732700,6192300,1104600,1186800,3682900,2404200,2662200,2231400,619800,9520000,10336800,40553000,48094900,9136300,8271000,7072900,5049300,25666400,6506600,5317800
2021-06-24,8357900,912400,4852100,2091300,3704700,438400,20096200,19833300,1497100,3344700,456400,3818100,2035200,2039300,19611300,11515600,6903400,12722300,8691800,3631700,4534900,7899300,3858800,2075800,892800,4817200,1894400,968900,21732500,3570400,8241300,2200800,738700,612000,32581600,515800,3795000,1273500,20312400,45110300,2077500,8788400,2177700,5415100,7565000,1030700,602400,3229000,2987800,2931600,1932600,647600,7323200,10540600,41756800,42942800,11687400,12279000,6343700,3267900,15215800,7029200,7959000
2021-06-25,6496600,1276500,6018500,4566600,3638000,480400,24992400,12418800,1971600,3532700,417200,2893100,1682800,2197400,33494400,21358400,7473700,16175000,7620800,6716800,3773300,9142700,4289100,2075700,1245200,4171500,2101600,979700,27619000,3976200,10981600,4143900,711200,633500,28682800,487500,4634100,1344300,12456400,58129500,2426700,15562200,1948200,5274000,5942400,1259500,1207200,2739100,2862800,2801300,1913000,489600,4814100,20219000,38330000,56845000,13039300,14385800,9241300,3278500,18273600,8344200,9949200
2021-06-28,5739000,592700,5664100,3188400,3606300,682000,22644900,26952900,1247300,5012300,442800,3587100,5032500,1634700,21004000,9699400,6508900,16019300,10486700,4968900,9901000,8560700,2692200,1868300,794200,4015300,2053400,1166300,25006000,5669500,12359900,3038300,942800,404600,39130300,417400,7838400,1484900,13712200,53159600,1780700,11460700,1697000,4247100,6246800,1273600,580700,3940700,2418500,3094900,2521900,669700,7693600,10148200,65702800,70250700,11997600,12557400,7570600,3260700,16735200,4631400,5584200
2021-06-29,5097100,887100,10672700,1575100,2375800,479700,18308800,9357500,997900,4268100,500500,2451100,1712700,1993100,17266300,16193000,7451400,12728000,13182600,3373200,3512800,5432800,2103500,1611900,855700,3324400,2972600,951200,18844300,4575700,11194400,2432200,714500,467200,29426000,489900,5953800,1691200,19437900,35970500,1613100,11217900,2120000,3032300,7136400,974600,837900,3777300,2927600,4068000,2495000,633100,6154100,9840000,31911000,61051200,11134200,9829200,13155400,2851400,24688000,6165500,4629200
2021-06-30,6653100,555300,4846600,2906700,3778900,734900,33223400,33578500,2971100,5065700,805700,2483000,2286200,2612400,26360000,13995700,7955800,26093500,9652000,6572800,8743100,9768600,2700600,3533800,1130100,6888500,3398500,941100,26039000,5978400,17381500,3496700,738600,427700,32724000,602800,3409200,2585800,19309700,64827900,2726500,15708900,2109800,2849000,9424200,1153400,753100,6640100,3795900,3041700,2967500,806400,8876600,9728400,47034000,42414100,13677200,11013600,8815100,6087600,19077400,8542700,5798600
2021-07-01,4744900,584000,5768000,4725900,3606900,609000,27478400,28075400,2203600,5091500,566500,2507600,2516700,2732600,37598500,17653400,7430500,31932400,19208800,11966200,8095400,7807000,3411000,2016800,1745300,3655400,3714300,1486900,18089100,8692000,11062700,2665900,1472100,768300,29290000,625700,3553800,2227100,14288000,53441000,6201200,10810000,1804700,4757500,8125000,1431100,702600,6491100,3414500,3836000,2086800,581100,13517900,14184600,47251600,36615600,13858600,11636600,11633100,6332000,22993200,12021000,6210600
2021-07-02,4312800,638800,4315700,1730200,3013500,298400,24289100,13712600,1447900,5253700,410400,2348900,1380300,1911800,28071600,16276500,7873600,11464800,10053600,5071900,5719300,6448200,4312900,1653700,1399400,3920000,2264600,1443400,21029700,3083900,6896200,2202300,1036300,377400,32727200,796400,3410400,1863400,21322000,57697700,5318400,9650200,1542600,4438300,7998700,1378200,635300,4451800,4363100,3026400,1741700,681300,9074600,12341200,30471800,27018400,9911600,12780000,20733300,3992900,18629400,12327900,5803400
2021-07-06,7372900,654200,5711600,3977200,3910600,480100,38126800,21289800,2588700,4459100,683500,2954500,3055900,2883300,30584800,27165200,7932100,17784300,9728800,9095300,5973000,6303000,3439800,2469400,2003200,4966700,2175400,989600,27771300,5273600,11499900,3017400,1327100,491300,38842400,1114800,5560500,3158600,23825300,68710400,5628600,20037200,1763300,10848100,7103900,1208400,1002100,4478800,4331300,4147200,2848300,778600,8443800,12216600,68446200,49225300,11564100,11870600,7595700,5002400,18156400,11413100,7792000
2021-07-07,7786400,820700,5933900,3163300,3347000,437100,25651700,21686400,3645500,5445100,1424800,3788100,2742000,2796500,29100500,17880100,7108900,11463700,14872300,7456400,7414400,6158100,2869700,2003300,1513400,4430900,2500300,1212500,28521500,4203500,16902400,3733700,865600,705400,35265200,3849800,4348800,1723000,24910700,63549500,3739500,20964400,2574300,10566400,8151000,1136100,1611400,5085500,4747800,4042200,2431900,891800,8505200,13178600,60823800,43747100,14971800,14883800,7880500,4634400,24199200,18435700,6694200
2021-07-08,6538400,934200,6991200,4342400,6379900,468000,45146300,24175500,3425400,6309100,2160300,3559400,2883200,4283400,32604300,35008900,7244300,21936400,12927700,7368000,9736900,10570700,3787000,3047400,3237400,6456900,3511600,1131900,42297900,9695000,17494900,6318800,1108600,668200,50890000,1825500,5113200,1440800,22355000,97595200,3737400,17487800,2937600,6350400,13796500,1934600,1509100,6426800,5817100,4486100,3471100,740500,9691400,15825600,49379800,75084200,17419300,17086200,9212900,5252900,20513000,8386600,11283400
2021-07-09,4750800,632900,10304900,2181600,5063100,534500,28860500,35200100,3336500,6541600,1426500,3256200,3547300,3364600,13848300,20892100,4997400,17698100,6481300,5531200,7888000,13486700,2502100,2096700,2396400,4312100,3195700,1472200,23976400,5251200,13192600,2423100,1143600,555600,35184500,770800,4080900,1258000,11456600,76238600,2704000,14483600,2562300,4279000,7099500,876500,1288100,5780200,3332200,3886600,2232700,793200,5764300,14981600,51206000,70546500,13341900,9775800,6286900,4090400,21484200,5224200,5632800
2021-07-12,4266600,709400,9073900,2063700,3999800,439600,22116100,11995800,2348400,5932000,1003600,1948300,3023700,2356100,20737900,11539700,7315400,17546700,7361600,3867700,7054300,11126700,11474200,1459900,2185700,4879900,2277700,1293600,16831000,5046300,12577200,1611000,615200,1324900,25717700,651900,4570800,1271000,13849900,52889600,2775100,10610400,2431100,2504700,4810100,1139300,1507200,5627600,2929200,3294600,1804800,772200,5978100,20226200,41353000,62953400,10846500,9619600,7384200,3406600,17323000,9097900,10814600
2021-07-13,5145200,1037700,8583600,2406200,3310200,1418400,29025300,15689500,1525800,3737000,901500,2786200,1190200,2989900,23045600,17991300,7040300,26938600,10917400,6926500,6006100,8134400,2841400,1511300,1087800,4525400,2013200,2256700,25357500,13664600,19922400,2531800,717400,645000,39723000,2844800,3758700,2683300,16394600,52911300,2543200,23340200,2590700,4387200,5872700,1309000,5930500,5474100,4313100,4668400,2276100,1245900,8827900,24708800,49786800,44476200,14881700,15202800,12057600,4764500,22493200,9698800,12392400
2021-07-14,4977400,583500,5036200,1751100,3933300,555000,19739600,14023600,3106700,3230700,532900,2843000,1234400,2308700,25963600,13427200,8830300,16100200,15357500,6029200,5623700,9658000,2931600,1832500,976700,3996400,1855800,1711400,30594100,6333000,14420100,2930600,892200,477700,35336400,782600,3708300,1696000,26679000,64130400,1730300,16038600,1888400,6735300,4406700,1026900,1726300,3397400,3332200,2830200,2230300,1123200,5652100,12376600,66999400,69632700,10140000,12886800,7616100,3942900,20720000,7487000,7484000
2021-07-15,4480900,961800,3423000,2706400,5082600,465500,33310600,21637900,2588500,4064400,1336300,2781800,1695300,2743900,23964000,13922200,6520100,16384800,11238000,5704500,7912000,6240800,3745100,2435800,1120600,3978900,2504600,914800,45477000,6088400,15859100,3869200,645500,458300,53391600,792000,4116900,1396300,13954900,55126400,2419100,18462400,1826800,3927600,7503400,1362700,1485100,2990100,4483900,3276500,2374500,799900,9812900,12688200,59670800,53977600,11071600,12506200,8662500,4138400,28574600,8750600,6667600
2021-07-16,3869500,618600,5725100,2345400,5710400,720300,23386300,23034100,2789800,4813800,1648600,2654200,1683200,2660600,20744300,13862100,9460300,17820400,11083900,3577900,15459200,7345300,4849200,1859300,1061800,4009300,2307700,1710000,36620200,7403200,9624600,5161500,825700,303800,47262000,667500,3848400,1851600,32457000,75874700,1607200,12787900,2820400,4517900,5953800,1310400,1630200,6435400,4516600,3203300,1838100,1124700,7143600,19222200,74253800,56160700,17307200,15080400,8634300,4107200,33106600,6511000,8424200
2021-07-19,6688100,2751000,6493300,4636800,9715300,5139500,33737900,44844800,4168600,10654000,718000,5313100,3435600,4093200,22432700,19439900,6707400,54224700,10133400,20557500,16113000,10685300,5832000,3472000,3369700,10288400,5718100,2575300,58571000,15525800,21808500,4207000,1534100,2235400,64404600,6085500,10718100,9352500,36393400,147987000,4835400,40203900,6238800,8948900,13735600,3504500,3237600,5097800,12336200,6966200,4329300,1044900,11160800,23013400,114994800,89972200,23792700,24254000,20734400,8124900,45585000,19460400,16088400
2021-07-20,8474800,1726400,6762200,6219100,5802200,1057300,37946000,30309900,4187200,6998600,857400,3417600,3052800,3211500,20674500,15981700,6540100,26941300,9453300,8729000,13189700,17931800,4366400,1957000,9559600,8433200,3178500,5009800,40794600,10189100,24764800,2928400,1127000,759100,42183700,1608200,6145200,2405300,25553500,99608200,4167500,25674800,2291100,4781100,7918500,1161400,2176900,4999700,4043100,5362900,2666300,1148700,6426700,21231400,83342000,70635800,20937100,14715600,20404900,4986200,33779200,15053700,9838000
2021-07-21,9686100,1123100,6293000,2844600,3056800,373600,24101400,22928600,3042700,3787600,959100,4346300,3165500,4129400,17995000,11914100,4622600,18522600,5953500,7438300,8313000,7512800,2425700,4084200,1367500,4581700,1906200,1192800,28278700,6979900,22385000,2217300,1207600,942300,30259900,3358900,3898500,2789500,17069000,64724400,4654800,19988900,1892700,6502600,12997700,1296100,3553300,4329100,2996600,2542500,2815800,743600,7511500,13671200,82042600,59975000,14449600,12234000,9366300,4280500,22456800,8295700,8185400
2021-07-22,8176300,680500,4894900,2426000,2429300,323300,27160800,15874000,2429600,3906900,387500,3585100,1831000,2729600,14172800,10301700,4793600,17110500,8203700,6363500,5872900,6022300,3225500,3542300,8678200,3918100,2368600,477300,32879000,8663600,6074900,4602900,812500,404600,30252200,3478200,4411800,2295700,14275000,47878500,3061800,18136900,2654900,4516700,6642400,932500,4630400,3932400,2575700,2236200,1722000,578100,5295300,9453400,47270000,35292300,6318700,9577800,9632100,4127600,22875400,9261100,8061600
2021-07-23,4441000,1078300,8887500,2245300,4142300,706100,31210100,16550600,1976000,4876700,311500,2020100,2113300,3076000,20474700,23712400,5831500,19441000,10059300,6804600,4492000,7167400,3696700,2556600,993700,4093700,2470600,1604800,23660300,5873900,11455300,4977200,577000,6137000,31960800,852600,4689300,1386800,13999100,63766600,17991800,12639300,2012500,2741300,5845200,840200,2835300,4128200,3151900,2982700,1596200,877400,7681900,10392800,46951800,36766900,8055800,12576200,9732400,4995800,16216800,8303800,7008600
2021-07-26,7127400,712500,5427900,1425900,2466600,346700,43701400,14870900,2671500,4731900,569400,3041700,1951400,5143900,16217100,54676500,5229800,15282700,7459000,6179600,8100900,13256200,3165400,3466100,989400,3114700,2080100,1168200,22194200,5664100,8684600,7900100,657300,2147900,28438100,1275200,3163800,2259200,11047700,43719200,6587900,10737700,1642400,2857400,5525000,835100,1326200,2857700,2374300,2849700,1717300,665000,13939000,11820600,47266200,25396000,7488800,8993400,5952200,3699600,17936800,6626500,6895000
2021-07-27,5423800,878600,4344100,2214200,3902600,433900,73640700,20952500,2128700,5217500,428600,4025800,2478600,4542400,22445800,71721000,6300200,19919000,5941000,8621200,8409200,22417700,2889400,4152300,1517500,4245800,2471900,1187500,35063600,10400900,10506100,10704500,757200,754200,57933100,773100,3277200,1387000,27749000,67397100,3591100,13036500,2178200,2654800,7594500,1201300,751300,3096100,3626100,4169600,1901900,903700,20521700,16864400,46888400,38988400,12402200,18089800,14720700,3937400,34285800,9551600,7359800
2021-07-28,5463600,1342100,6636700,1190700,3697700,524400,56446200,19700600,2394500,4851200,577700,4141200,2066100,4792600,21437700,67904000,7905800,15129200,8463600,11533500,7196100,19015100,3124400,3806000,1385700,4454700,3874300,1141100,33043700,5521000,12225700,8115000,574900,644700,42066200,945600,3359400,2438500,19356600,52472400,3485700,14346700,3055700,3104400,6511000,1057200,1407300,3577300,3763700,3306700,2360200,670100,14409300,12214400,39169200,42908200,11996500,13941200,9114100,6457100,24948200,7432600,5973800
2021-07-29,6629500,903400,5201000,1740300,2425700,465200,43339400,23670000,2347600,4415600,465000,2870100,1294900,4177800,10743700,31993600,8119600,18675000,14577600,6203800,4369400,13168200,2682800,2469300,686700,3626700,3621100,1110600,22634800,6067100,15828800,7454400,796300,610000,25672500,1008300,3548400,1197600,28655100,47435300,3453100,11532000,1478500,2657900,8559800,1428200,935600,3357700,2274200,2960900,1835500,523400,9256000,12574800,43794000,41434200,9767700,12030600,8811100,7659100,30247800,5662700,7307400
2021-07-30,5552100,410800,7557200,4256400,3576700,436700,59797000,23997100,1929200,4993200,620300,2543100,1626500,2781300,47806500,23611300,7391700,21062100,7441600,5656400,6771000,18856900,2679300,2483200,1109400,2730700,4224400,1143000,28473000,5787200,11148100,3813100,659400,710100,36484600,812100,3696900,2019300,13908400,68951200,3894300,14342100,1926300,3605700,6454500,901800,1126400,4325800,5204500,2846800,2091800,559900,10373900,11172400,49600600,52385300,12824400,10148800,10403700,4998700,25265200,6634400,9327000
2021-08-02,5753800,597700,4660800,4450600,2827100,394300,40234700,25364000,2059200,5067800,538200,2998100,2960300,4575700,23672600,18268600,10783200,27274400,9210300,19495800,8664000,7577600,7429100,2998600,1691900,3485700,2840700,1597200,24192600,6972600,12042700,4496500,737800,936600,27334100,940800,4251900,3399900,14364300,58783300,10418900,21232700,2024200,5876500,8113600,2682500,673900,4089800,5814700,3558100,2381100,724400,17030800,17010000,57810800,47589900,15925500,12205200,12049800,6819300,23564200,8366300,7303000
2021-08-03,3715300,745100,5297700,2634300,3819300,359500,30589900,19028100,1553200,3739500,553400,1683200,1750500,2531100,26944100,17385700,5402300,16058700,6449100,6627300,5838600,6194300,5104800,2211200,1400000,3191800,3292000,1288700,27798600,6595700,13121700,3266200,899900,1082300,35558500,860100,4041600,1221700,11872500,58053900,2642800,13361900,2705500,8234700,8327900,1088900,995500,5178600,4129600,3245400,2565900,884200,9155700,13131600,64302000,42169600,14814100,10824800,8647700,6669700,25994400,7701700,8445800
2021-08-04,4654300,1067700,3916900,2168900,3118500,516200,32586600,12852000,3614500,3162700,558600,2527000,1474800,2851900,23819000,25099600,9796300,17113300,11130100,7545000,4157300,7003500,2722900,1684900,850100,3126000,2780300,748900,25588500,5383500,14426200,3759400,671600,752100,29602200,835300,5029800,1878600,23504500,46732200,3618200,18267900,2143500,6803000,3984800,770900,1068800,4038300,3880200,3374500,1975200,712700,7944600,10539600,64523800,52346400,16180900,11322800,8886500,4374600,32378000,8322100,7913000
2021-08-05,3283100,488300,4613800,2162400,2261400,854900,15941700,11868900,2825900,2611300,428200,1467200,1144800,3040900,34968000,14741700,8015000,15465700,9588900,5164600,5838700,5735900,2553900,2100400,675900,2741200,1709400,2253900,23915200,3607000,13960900,2555500,744500,678600,21443900,556000,3865500,1400000,14401700,38969700,2912400,15345400,1652000,3124300,4226500,889400,684000,3294800,3052800,2461700,1576300,522300,8354500,13964800,45800000,37168200,12561500,6674600,7063000,5469000,31790800,8240900,5401200
2021-08-06,3812000,694200,4329800,1488200,2123700,689500,36049500,10892500,1248400,2704700,667500,1885200,1336300,2277100,20199800,17649400,13547600,12923200,10527900,7807600,4556600,8748700,3035800,1979800,1108200,2660300,3024000,1416100,24429200,4948100,8641500,4227100,564100,615500,33332100,741600,4249500,2313700,35763900,46930000,2789800,21144300,1598700,5245000,4736400,747400,682400,2753600,2486900,2343100,1612100,634300,9084400,14054200,36214800,58081000,8677100,7602800,13492100,3452600,20000800,6923700,5822200
2021-08-09,5298600,1642900,4541300,2152000,2322500,586300,24062300,7897000,1529900,3586000,263900,2629100,945800,2181300,23598400,21931800,11547000,10788700,10660300,10842500,3371700,7499900,2633700,2051600,733900,1690100,1822500,1695900,17225600,5427000,14166600,3707500,446700,608300,25960200,864700,3432000,1862800,44597700,41222600,3077000,12942400,2117800,5248000,4695800,1087300,1153200,2727800,1984400,3295500,1609100,546800,6354300,10743600,42193400,48015600,7469700,7198200,9054900,3556200,16865200,9852500,5560600
2021-08-10,7332100,937200,4312300,2366600,2841000,522500,15222600,10438200,1759800,2298700,588500,2755900,7975600,3106900,19116800,19495000,6870800,31522900,6401900,7192400,4634700,6651200,2724600,1838900,3788700,2650400,2027400,912500,22681600,9331300,12103500,2834600,1215300,639500,35130800,702100,3235800,1198100,17390800,43339300,2786300,13716900,1481700,4148700,5559200,975800,671900,3771000,2400700,2946700,1756200,715200,6007900,16047400,53283000,40907400,12730900,10421400,11291700,6752900,15834200,5832600,5201000
2021-08-11,6674600,1080500,6494000,1448800,3422500,588400,22374700,14996100,2493000,3690600,371600,3069900,2042500,2925700,20989800,16984400,7382400,15834400,7766700,7254300,4684200,10941200,5037200,1787400,805800,3293900,2200000,880300,25691300,5124400,15902200,2118400,743300,688800,34249800,711700,3741900,1837300,15281500,44034300,2780600,17227600,2186800,5227000,5065000,1109900,1241100,3256700,3554400,3051400,1891900,642900,7275100,16544800,47686200,48372100,12817200,10831600,14992700,4074400,18488800,14512500,5500600
2021-08-12,5017300,616500,4946500,2008900,3118600,562100,25726000,12443200,2303000,3580400,424000,3589800,2163900,3296600,21722100,19496300,5211700,14127800,8755000,6932200,5376500,10845600,2208300,1404000,1575400,4714000,3339600,862700,23269500,8523300,14593200,3210600,512300,413900,25969200,726400,4275000,1792800,17854300,38909400,2904100,14709400,1511500,2808600,5579600,1166600,636800,2891900,2319300,2746000,1435500,660700,7988900,9612600,36517200,44566400,9265300,6947800,6432100,3733000,18920200,8220300,5229400
2021-08-13,4599800,1124700,4329600,1434400,2414900,458000,28396200,14590400,1134400,2954200,280100,3037900,1141200,5014000,20908900,13864100,7466900,10016800,5995000,6896500,3662100,6424100,1859900,3240200,603300,2944500,2110700,765600,20813700,6289800,17846600,3218900,526400,417500,19336200,526100,3357300,1333000,20165300,39470300,1947900,18653800,1602200,3401700,3832100,787500,948900,2601600,2253800,2516000,1514200,518200,6751900,7815800,33050800,43077200,8909300,5630800,8808500,4763300,23580800,7922900,4936400
2021-08-16,3693600,1689700,3918900,1929200,3634600,667600,46222700,19192300,1406800,3193200,395200,4221900,1284500,3008400,17922900,20813900,7776500,12598100,4888000,6928100,5546300,12686900,2233700,3040600,1208700,3331500,2181200,1008800,24074400,5445500,15203000,2830100,435800,561500,34856900,535700,4153800,1797100,13542400,73740000,2545000,19170900,2590500,4733700,8101300,863400,1014800,3166800,3379100,3193200,1984200,780400,9926500,12273400,48258400,48011800,10231100,9493800,7903100,4879200,25796600,8404200,6657600
2021-08-17,5469200,1564100,7168400,2169600,5019600,590700,78463000,23555000,1807100,4005200,1505800,5905500,1669500,3609600,25797900,38465800,7107000,18468400,14918700,7785500,6742200,12787600,2841000,3036400,1349400,7122900,4625300,805600,35161500,9996600,15055900,6179000,814700,931800,44793900,3552300,5718600,1579600,17660400,92673900,3217300,14126900,2886700,3086100,7431900,1234200,1386700,3004300,5186300,3735100,2265000,843800,9863000,14924000,51108200,52414800,15569900,19052600,15666000,4916800,23037200,13874500,11065200
2021-08-18,3981900,925700,4561900,3905400,4038000,438800,42994800,16384700,1552200,3620200,1326900,4093600,1856700,4007400,38656900,29694400,7697900,12147600,12992500,7025800,5274400,12243900,2897800,2974700,1362200,5144200,3586200,1825800,29102300,4339100,9134600,5291900,666800,495100,38541900,975700,4628400,2310100,19311700,89351900,4831500,13144000,2729000,5795500,5289100,1080700,1236400,3439200,4878300,3194100,1990600,628500,9206600,14712800,56305800,39550400,11955100,13481200,10669200,5431500,31411200,12427700,9998200
2021-08-19,4581300,1720600,5345600,5361400,5442200,1010100,63275200,30515300,2729400,6036300,1671100,3312000,2653900,3629700,29628700,32988800,6934300,20026700,8630600,6242600,6010100,11742900,3421400,2719900,1108700,4817200,4255600,1187500,38119900,8737100,15681600,5138800,859000,928700,48499400,885400,6062700,1780800,16659700,92812200,5415900,15474300,4861300,6017300,11441800,1494400,1818900,4069500,5505700,3964500,2104700,808200,16111900,15936200,99256200,48961300,17529700,19291000,13035600,5385100,27723000,11669200,11334600
2021-08-20,2897800,796200,3581200,3023100,3394800,399000,44682100,15774200,1689800,4945000,834000,2680200,1650200,3143000,47180200,33103600,7154000,16784100,6689800,6510200,5339600,9203500,2793900,1981600,917600,4661000,2264400,1568400,31759500,5782500,10782100,4402100,674800,407000,39486000,875400,3156900,1685300,16170000,72008700,2270000,12388400,2809500,4596600,5806100,965000,732200,3238900,3263600,2655100,1918500,653000,11097600,13973600,61587600,33898600,11753000,14769400,10454500,4420700,23581600,7252700,6618400
2021-08-23,6585300,470700,4005500,4885800,3569200,318900,45453900,22524800,1552400,4030800,602700,2624200,1759200,4023900,22031600,30171400,8190500,21933100,6793400,3958500,5634800,7003500,2604900,1808600,863900,4093700,1868800,1114500,25778800,7467200,12064300,7938200,640500,501000,34034700,785900,3688200,1532500,17623900,54973000,2436800,10615000,1889300,4578600,5915700,1036100,1179200,3230600,3259400,3180600,1507400,643000,7661300,8095600,58704400,28807400,8471000,10802400,8794500,4653700,21830800,8471300,6890200
2021-08-24,5875400,808200,5164800,4642200,1981400,291200,51292000,13722900,3329400,6024300,850100,2843800,4724700,3512800,31350700,37310300,4519200,20828100,5068100,3649700,7716100,10701500,2831000,2780400,1061000,2899000,1706200,1094700,18677900,6120500,13782900,6184400,800800,487000,21732900,784800,3104700,1249900,17851300,38744700,3136100,13835900,1550600,4881900,4677000,861600,1520400,2867100,3006500,2772300,1525300,653300,13128400,11059200,45382200,37677300,7593200,9537000,8494200,4291800,25331000,6548100,5791600
2021-08-25,5452000,555200,3904900,2171600,2434700,263700,25272500,12891400,1560100,4446200,549300,2960300,1553300,2887900,21551800,20181900,5588800,19085400,12949100,5874700,7070100,9065100,2632000,1998600,1129700,3255100,1650300,1044700,21548000,5527200,15533600,4689600,586500,350600,20441900,532000,4671300,1319600,15318900,40529700,4473400,16743800,1914100,4801300,7273400,793300,1067800,3329400,3261400,2897000,2089100,653700,7730800,9824400,39817600,47904800,9404200,9430400,8007400,4543600,16329800,6918500,7266600
2021-08-26,4879200,785600,4810900,1958000,3008900,242000,29030600,16927900,3492800,3698700,819700,4803000,1713400,2993700,22250800,29059100,4371900,17676100,7252000,6850600,6312000,7447500,2361000,1386300,1275800,3621800,1998400,1182000,22380300,5835900,14673700,2567700,951200,427400,29133300,1314500,5481000,2078600,15730700,57829600,2627200,16657400,2040000,4904400,4918700,1199900,1545300,2889400,4707600,3352000,1657400,594400,10140100,11541800,41465400,38484300,9951100,12056600,13078000,2861300,16631800,5972100,7394200
2021-08-27,5545600,479900,4780900,2471300,3163700,460300,32971400,24935800,1672300,4057800,403700,3067800,1821800,2937100,18585100,16713100,10036400,18519700,9197800,6360700,6007700,10151000,3440200,3158700,834800,4033900,1681700,1086000,33998500,5584500,11670000,2435600,1350200,534600,27104700,723500,3064500,2774900,38222000,77235100,3107000,15384700,1600500,4109900,5045800,1014700,691100,3059300,3882200,3749800,1445400,614300,5895500,10357400,46202600,38511100,10484200,14088800,9126200,2530500,21005000,8679200,7964800
2021-08-30,3706000,617900,4119000,2648900,2482000,274400,18518900,8142000,1233200,4218800,424200,4235500,2264600,1904900,14945600,15599500,3768600,11640000,4451000,6546200,6085100,5632800,3330700,1834400,954700,2433000,1991300,1114300,20733300,3907500,9119900,3894900,726100,563400,27295700,681400,3612600,1438000,12848400,48357400,2765400,10596300,1402300,3661500,5765000,832800,456000,3600600,2811800,3194000,1746600,651400,13626500,9012600,31817800,30096500,6528200,10026800,5645800,6169800,23691400,6417200,7366600
2021-08-31,6763900,1021300,4974900,2700500,2913800,367100,43226700,18738400,2682500,5026700,1003100,6633300,3977400,3739600,22341400,30038800,6336000,19163900,8040300,7418400,6584500,10224700,3138100,6349300,1099700,3277900,1944100,1795800,20839800,5507300,15644700,4682500,620400,556900,29628200,642300,3486600,2052200,17200000,59300200,4555100,15262400,1953700,4069700,8926100,873300,967600,4210100,6062900,3099400,2510400,770600,14079700,10608800,53873200,49876200,9621200,21971000,8037000,4855300,22580200,9299100,9555800
2021-09-01,4154000,1076800,4792400,7318700,2739200,771800,35980500,30472100,2717000,8814900,1032000,3932500,3088200,3355000,18491600,29113000,4764900,22973500,6416300,11908600,5502500,9174200,4466300,3905500,795900,3788400,1975100,1191600,20451500,9412300,16028100,5959700,840300,783800,28138300,1484200,5623500,1324600,17441700,48721400,11817000,10807100,2583900,8122400,6914500,1171100,1109000,5683100,3256400,3533100,1798400,816300,22058700,14017600,63459800,43976200,13116800,20289800,8399100,9196200,26667400,10571100,8198400
2021-09-02,5427300,673800,4885100,1881600,2390000,331900,24988400,13827400,1530100,9157900,481500,3087400,1651200,2873400,22418300,16794000,4599800,16521300,7755600,2976200,7273100,9374200,4272900,3222100,704700,2695200,2202300,1232800,22810100,5707100,11822200,2611600,917700,478100,25453400,1013400,4252500,1640100,16640000,42501000,2925300,9765900,1860600,6151400,9103400,1006000,774900,5207100,2835500,3274600,1980200,904500,8506000,10631000,61635400,29611500,9633500,21769600,6623300,6576100,20598800,6847800,6715000
2021-09-03,5274300,496300,4059700,3186600,2465400,167400,21311000,16303200,2499700,14312000,583100,1960400,2105200,1512600,22400100,10362700,8353300,6491000,5884300,4988900,5386700,6469900,2515600,2814000,1367500,2622100,1411500,1019900,18213100,4017100,7681300,2135400,629500,285100,24605400,588800,3070200,1136600,28096100,47170500,3100300,12928000,1452000,5343600,11074000,743900,742500,4460700,3740000,2484200,1414300,654100,6490300,22878200,39162800,34847500,9855000,21204800,6010700,5537900,18942000,5632800,6889600
2021-09-07,3579900,1597100,4839700,3736200,3168500,331600,33509700,13967800,2463700,9022800,479500,2669500,3340800,3315600,25236400,29194600,10004600,11728800,10668100,7098600,5072300,8437900,3065200,3047400,1477100,2433700,3306400,1283800,19153400,6156800,14271400,4905700,1054500,310400,23970200,1107500,5416200,1468700,22419700,51671500,3480300,15547800,1640000,3771400,8765400,1254400,723100,4929300,3542500,3256800,1925700,645700,8152100,13864600,42472800,39214900,17842300,19721800,9206300,7162300,26290200,8739100,8750600
2021-09-08,3417500,1053500,4864600,3000900,3075700,523200,53397900,22764200,2160600,4429600,927200,6526700,1810600,3536100,56500300,21434300,6576000,13020900,9204000,6046200,5451700,10225000,3496800,2016700,927400,4076800,1641700,1276100,25241500,4216600,16045000,6991000,818100,379300,32949200,5565800,4637400,1607200,23791200,56181900,2281400,14533700,2431400,4176500,6414000,1064600,935100,4265700,4012600,3027600,2426500,895200,9100300,12420000,43798400,32523900,13561600,11466400,10662900,6704200,29176200,6986200,7385600
2021-09-09,3332600,735500,5504600,1693000,3484700,292900,34707100,18963300,3376300,8012600,410500,4776900,3034700,3140000,62164100,23933600,6641400,23024700,11241500,7009500,6236600,11593300,5794200,2581700,952200,3851600,1989800,1086200,27180500,5647900,18014200,4915800,1126400,563700,29399000,1055900,3582300,1600700,18791200,57970400,3040300,20324600,2438500,7491000,5085500,1397400,989800,6221300,3887800,3265900,2016800,584300,9331500,9871400,50529600,33421000,9406200,11161000,7741500,4573200,16355000,8905600,8714800
2021-09-10,3957300,521700,3711400,2815100,4539000,372300,40329300,26709900,1977800,8440800,709400,2186700,2996600,3179800,44501200,18903800,7426300,16112600,5715800,8147100,8089600,7840700,2971000,2017100,996800,3024000,2483600,842100,24366100,6265300,10776600,3977900,828200,628300,40249400,1212700,4104300,1380200,17930300,89948200,2426500,14894600,2435400,3994500,6200600,1287300,762000,5894700,4035500,3385600,2186200,644000,9145300,17780200,37513000,39350500,9547800,17080200,10269900,6203600,24654400,10561600,9627200
2021-09-13,3954100,5164600,4047300,1456200,5439700,386000,35318400,22335000,1852600,6507600,481200,2977500,2652000,4362300,21417500,18022800,5474300,17136900,5821000,4269300,8015800,13929100,3854800,3195800,972600,3007400,3123100,2198600,34693100,7504100,13159800,4682000,777100,471800,48741800,871400,4018200,1095900,18019700,83738600,3171600,15036100,2066000,3264000,5902300,2229600,652300,5725300,4738300,3312700,3678600,2437900,12018100,15220000,68499600,40357300,12451000,22637800,13798000,5495200,26236400,11676700,11534600
2021-09-14,4183600,4534300,4758300,1092200,3902200,382800,35994400,19177500,4016900,7144100,888400,2675900,1879100,3875600,18839600,28698800,7922900,20108000,7569800,6991000,5666700,12927500,3192600,1991800,1547400,3663700,3033200,1630700,30312600,7594500,16550300,3491100,850200,1032700,41826600,1109200,6301500,1422900,19070100,78197100,3987700,19918400,2315000,2952400,6409500,1962900,721500,3848200,3657700,3158900,2321600,860700,13299400,12087400,58935800,45670600,11493500,18431600,9145500,5234500,28103200,10436300,8461800
2021-09-15,3448500,1465500,6204400,2364100,3267300,1203700,38735100,26233800,2336000,5571100,575900,3210400,1872600,2552900,13910700,25411800,5624900,17069500,6582400,5108900,8892800,8916800,3489500,2549900,1020600,5473300,5122300,2756300,27572000,5787400,14194400,4459000,960300,510400,34097900,661500,4372500,1790500,13448200,78792200,2575600,11940300,1970200,5718000,7809500,1118200,744700,4027400,3891400,2598900,2561500,952400,11561100,12651600,76695000,36371300,9175000,16339200,8824700,4885700,19812800,10299900,10294600
2021-09-16,4265500,1322600,4604000,1259400,3646000,366600,43721300,25765500,2238900,7030400,657300,1858300,6025300,2516500,16551500,25555500,11780400,13859700,8636200,5682700,7927200,11830300,3056700,2805800,774000,2269300,3375400,1223200,22369000,5757100,16282400,3795900,790300,570800,35193100,591400,4325400,1095300,52910400,77786700,1554600,13328900,1733700,2729200,7100200,1033800,477400,3405200,3351500,2537200,1770400,513900,10831000,11250600,60643800,42630200,10516200,16148600,9789900,4685700,31464000,10525700,12171400
2021-09-17,5742500,810900,6217800,1424600,5380900,850000,45481400,37070600,6155100,8420100,935400,3757500,3804900,2560100,27668700,23903400,8369700,38948500,7794900,7611700,10328200,12915200,4850100,4088900,1842400,4722800,2983600,2857100,39957600,5237000,15769600,4563000,1398800,593600,60912300,684200,6664200,2905000,44713900,118425000,2162100,13782900,2899900,4635000,7350300,1427200,712800,6964300,5396100,3078200,2326800,764100,11198000,19932000,64459000,82987200,16250700,22663000,13150000,8711800,25108000,13541400,14925000
2021-09-20,5464700,1087100,6195100,3369700,10010600,570800,52798200,45028000,5624600,12322600,1992500,4635000,2965400,4791300,31085900,52657800,7566600,49641000,6290200,8781600,11248000,15845000,5710500,3778200,2883300,10006500,4262000,1312000,44958500,11954100,17519900,6667000,2273600,653200,76203200,1081100,12579900,2407400,24491900,166445500,3272700,14660400,6640800,4460900,16987500,2433900,732500,6207000,10942700,7749300,4587000,1233700,21047400,20155600,85660000,95008800,21453500,35669400,17880700,13017800,45678600,17245000,16192000
2021-09-21,5225200,1462300,6962300,1375600,6071100,301500,39347200,37472300,4727700,8959100,2682500,2587800,2776500,3822400,27750300,30514400,7181500,27304200,7103200,4867900,8986600,13074300,4770500,2845700,1551300,6327300,3194800,1293100,26711200,6573200,15834600,3893800,1025100,3432900,41927500,5180600,7194600,1931300,23205400,92526100,2819300,10035800,4566600,3450100,9486100,1767900,814000,4371800,6418100,4564400,2780400,751400,12919900,15229000,51323400,45837600,14345200,18455000,11140400,6982600,26417600,11741800,12503600
2021-09-22,7139900,1062200,6006200,1149600,6862700,346300,46189200,28718400,4088700,7810400,1100700,4892400,2846200,3505300,26653900,42656000,9777800,24344800,13148200,10966400,9986300,14831100,3340600,4092800,1373600,4929000,3536300,1422400,32100300,8115900,15898200,6003300,1178600,831500,46972900,1357500,5871300,1606100,46929100,102350100,2912800,22277800,5705200,2938800,8370300,1382500,755400,4650400,6004800,4187300,2006600,723200,12007600,15312200,79252200,58347800,13079900,27990600,10025900,6432400,24787600,11964100,12367400
2021-09-23,8265000,1108400,5222300,1654100,5592200,246800,27138400,31257800,3632200,5483600,1139700,2731300,1177400,3374800,21472500,28138000,8451900,27590300,8042600,10650100,6016700,13356800,3067800,3884800,1118000,4244500,1909000,1978600,31057800,8198300,14735500,4944500,1104700,649800,44652000,1066900,6086400,2855800,22303100,76396000,3702000,23853300,3765700,3030500,6789300,1032600,881500,4042800,4098000,3778100,1987700,703800,12078800,9516600,49734200,71805000,11439900,19534000,8440500,4571500,19333200,10366500,8275000
2021-09-24,4461900,1912100,4170600,2758100,3121600,291600,29743500,20066300,2829200,4931900,1049200,3247400,2087200,2704900,17531300,25009800,6937500,21713200,6781400,10528000,5128100,11633300,3567200,2626100,1258900,3435000,2257200,1126600,28866000,6542300,10797300,2946800,967500,315100,36056800,942500,5298900,1462800,23093600,62094800,3238700,20203900,2494300,2591100,4791000,912000,549500,4881000,3417700,3122800,1291800,614700,8825500,7251800,55503000,48066100,8254500,11652400,6717300,5211600,23660200,6962600,8033000
2021-09-27,5630600,2605900,4858500,3089100,3426000,370600,31181700,15526500,2332200,6289300,623200,2266900,2067000,2711200,26414900,21780800,4943000,17652900,5952600,6742100,6395800,7088200,3875700,3029400,1182700,3175900,2118100,4785600,29743200,3913800,13104100,4451400,1276200,1195300,43338100,923500,7365000,1835300,17405500,61371100,3169500,13464300,3459600,4389400,5785600,1364100,626800,4311000,3546600,2856700,2104800,697800,9239500,10433000,81697400,58794500,9338000,15015000,8467100,6701100,21783400,11631400,9488000
2021-09-28,7017100,978800,6253700,2147400,7493800,730600,44156300,48064900,5896200,14174600,837000,4365200,2752300,4310000,31983600,22064800,9282800,35515900,9935100,10295500,11529900,11831400,3985300,3586100,2479300,7588700,4029700,4000900,39938200,11433900,19987200,5041000,1696800,3834900,97701600,1778500,8213400,2489500,29154800,130436300,3809600,26613500,11789300,5253600,11391900,1513900,1061600,7096500,8234300,5078600,3266000,1176900,13751000,16570600,132975200,96152700,17057300,38190600,14982900,12068800,40471600,17433400,14941800
2021-09-29,6161300,787600,5123500,2426900,4116600,467500,43140500,31733200,4175200,6640600,656000,3831600,1932200,3352500,25693400,15947200,8360700,19783400,11026800,8364000,8579900,7353000,2552000,2733600,1649600,4173900,2568200,1592700,23628900,8061700,14956300,3871100,1247900,806000,58076600,1300300,3685800,3552100,56579700,82329200,3307000,23569400,5181500,4428900,11145200,1113300,772100,6227000,4724200,4585500,2706300,865900,13801500,13939600,69894400,49882500,12148200,25012000,13329500,5975800,30867600,11171400,12192200
2021-09-30,5348800,777700,5877700,4267200,7926000,567400,66460100,39506300,4372200,13469200,1289100,4121600,3238300,5065800,23500100,23070000,10572900,41680700,17546500,7307900,11121600,9830800,5323300,4598800,2736900,7695900,4719000,2576500,33153600,18154300,21397100,5731900,1533500,1144800,61384600,1491700,18546600,4498600,61442900,140506000,3764700,22567600,7498100,12376500,10238600,1171200,911800,7019300,9511200,5080200,2583300,810300,22117300,21458800,89198800,73319300,24624300,33415600,16259900,6342800,27142600,21653100,16489600
2021-10-01,7064500,1484700,6029900,8733700,6219800,1302100,45259100,44524800,6272400,13462800,1331600,4102400,4438000,3354400,26770100,27433500,6654700,30062800,8569800,19830100,12532700,10035700,5374900,3379500,4090100,6783700,4164500,2475700,32647000,9599900,21381400,3444900,1736000,1105300,56375500,1624900,6019800,3991700,29866000,129240100,7280000,26151800,5362700,4791400,11817400,1495500,1021300,6106100,8482200,5148600,2412900,995600,19161600,18500000,83312000,70444000,17051800,45483800,15889200,8294700,29001200,23188900,15519600
2021-10-04,4180600,757500,7280000,3955800,7037700,2068200,43597100,32751400,6016100,13541300,1318800,4299700,2856400,4263300,24428400,29372500,7651700,24726400,10367900,7691800,17427000,13522900,4453400,3722300,3304200,7911000,4735500,1933000,32580200,12880700,12931100,6013400,1658500,719900,76766000,3004600,13274700,12146800,25183900,128570000,9127100,28027600,6561100,6919200,12540200,2733600,2631400,5638600,8820400,4984000,2264400,1533700,12834400,17111600,114815800,69772700,20182900,50773000,20351600,10456400,40402600,27580700,18494000
2021-10-05,7421900,537800,4395400,2653400,3826100,616600,28761900,25903300,2519400,10923800,875600,2361800,2538100,4341600,21892700,24316000,5617300,22347700,8057800,6861900,7227300,9890300,3114200,2011100,2037500,4738500,2882400,1406500,20407600,6569600,14635200,2575400,1697300,698700,47232900,930000,4444500,3590900,21548900,90682500,6185400,22659200,2738700,5824100,6756900,1117500,862500,4313800,5523200,3568200,2267400,649300,8676000,13584200,98029600,56058400,12987900,32967000,16186100,5480300,26130400,19151800,10968600
2021-10-06,4893400,1394800,7177800,3903400,6276300,506600,57466000,36917200,6933800,13992000,1639100,3245400,2271900,4962500,40395200,19991300,6067200,28905900,9301100,7473500,19661900,15059500,3933800,3770300,3236900,5125700,5584000,2559800,32893300,11832200,13855500,3374400,1798100,1173100,56806500,1137700,5120400,3850200,22553300,113032200,2864100,18696500,4370600,7943700,12693500,1162600,1185600,5587900,6590000,3076000,2399000,677700,11198200,15448600,100174800,63405900,14702500,40004800,14909900,8996300,33152400,21322100,10272600
2021-10-07,4456100,775400,5363500,4295600,5310400,364900,60345100,19908700,3328200,11401200,894000,4030600,1747600,3245800,21262300,41061300,4791500,29054000,9267300,8160200,9288700,6887000,2741800,1872300,1172700,4110900,1977300,1336100,24289300,12147600,15805500,6029000,1241900,629900,39411200,886500,3742800,2452100,19484300,72437500,2616400,14856000,1929100,6956400,7009400,997000,742600,4055300,4409200,3081300,2310300,675200,9236800,16938400,77596200,53295600,9669700,19895600,8396800,7269800,27540200,15806400,7537800
2021-10-08,4581900,487600,4547100,2336300,3658300,293000,24990600,23628700,2631000,8761200,465400,1881200,1329200,3591300,26120000,22003400,8536100,28064300,11034100,9455100,7472700,9871800,2107200,2315400,1075800,3056500,2090100,1131400,17989600,9319300,9079400,3413200,643200,312100,41822300,543300,3387900,1969600,33300400,74557400,2843300,17257800,1935700,5639800,5801100,689700,849200,5295400,3960900,1922600,1477500,474900,7621400,12798000,86200400,38607500,8565100,18426400,7285700,5464400,17795800,9552300,7399600
2021-10-11,2178400,622200,3286600,4404100,4098400,236400,26808200,23542500,3364700,4000300,430200,3729500,3042700,2339400,15489200,24026700,3820100,16068400,6989600,2261300,7577700,7939200,1922900,1678300,1234200,2829000,2231300,1195300,15929800,4081600,4337000,4222000,695200,240400,34847200,864200,3823500,2012100,15152000,65233300,2967800,7213400,2309900,3831700,5570700,760700,799800,2634200,3695700,2354900,1320200,700200,8801500,9673200,86021400,50748300,9984000,14970600,8218300,4151900,25420200,7843400,6637000
2021-10-12,3688400,580200,5529600,4446800,5100300,359600,29309400,18697400,3190600,4380900,661200,3567500,1628100,4787600,12245500,22369000,5453000,32922200,8148300,7938400,5871200,9487400,2992400,2397900,1551500,4986700,2438500,1002100,18800600,9129100,19870400,4475300,819500,624000,43905100,3984900,4632600,1945700,23052100,71181200,3651800,17968700,4076800,5368000,6540300,930200,4486600,3666500,6201300,2898400,2515800,552000,8007500,15331400,71038200,58527700,10048700,17853400,12401200,5663300,20996000,13007200,10281800
2021-10-13,5522700,934200,5018100,4128200,4189100,481600,35305500,23073600,3681100,4315000,609600,3380800,1719800,3722000,25841600,26702500,11113800,29370400,11810300,11662400,9136300,9622700,2399700,2922700,2026300,5343000,2317000,1301100,19676200,5949400,18260300,4418100,879000,598200,40120800,1294800,4860900,2764300,37984700,72974000,4373700,23584600,3355800,2840700,6880900,1333000,988200,3371000,6492400,3179500,2312300,597600,9178000,14431400,57902600,72105100,12416600,19521600,9548300,9279200,26205400,10609000,10832000
2021-10-14,4094500,610500,4336400,3869900,4473900,632300,23980900,19304400,2891300,5463000,4185600,5318100,1816200,5031300,19916100,26950800,5081400,26937000,7780200,9518200,7245800,8180500,2160900,2693400,2446400,3592600,1424000,1057800,18160000,8974400,15870000,4913600,893300,700300,43433900,799600,3778200,3496500,28993800,70236800,4197400,12946400,2513400,3403400,5690800,912600,855700,2721900,3785200,2688800,2240600,615400,6776300,11374200,46786600,51893500,9752800,15197200,9975100,4392500,21398000,8857900,7514600
2021-10-15,4644800,798700,5801200,2904700,4206800,472600,41223700,24447200,2039100,8433200,827500,2613700,3335800,3465100,33741700,25678800,8699200,29782900,10031600,8689700,6075700,9960000,3971500,4277900,1371300,3719900,1583800,1305400,27555300,10427400,13131700,4521800,764900,597400,40419900,605500,4193700,2839800,23904000,66260200,2197100,11811500,2506100,3622200,4982100,874100,893100,3065400,3501600,2717900,2162200,601500,7626600,11705000,45354800,58411100,11775100,12779200,11575200,5210100,29602400,8976100,8717400
2021-10-18,5575100,650100,5863600,6736000,3310600,1394300,26239000,19044700,1680900,5059900,512400,2001900,2194900,2854100,18698400,17808000,4029600,20338400,6380100,8703300,6057300,9842900,3076400,2590500,1123900,2692900,4804100,2180200,19082600,5206700,11530300,3210600,935100,551800,34513500,592100,4461600,2968700,16090900,62213200,2868700,12115900,2720400,4094100,7051200,934200,754700,3424100,3402700,3078300,3871700,561500,7677900,12699800,65257600,56312700,6780200,11630200,10043300,4251300,20702000,11660700,7867000
2021-10-19,5041000,585400,3865900,4928600,2380900,316400,40639700,14649000,6353700,5058100,516900,2682200,1871900,3662700,45700600,34020800,6588500,26103300,14137900,7445200,4989600,9850500,2384700,2555300,1326900,2727800,2439900,982000,15498400,8196000,12213200,4018800,607200,1218600,29091000,1090900,4916100,1838600,39515000,46996800,2126800,12156300,2896700,4098800,5152900,842800,2167800,3104500,2838300,2683100,4317300,607500,6456300,9591000,44552600,33082600,6911200,13201400,10203100,3509700,21413600,9487000,5808800
2021-10-20,6183700,2241500,5332400,3467000,2873800,401700,27540300,11235500,1806400,5022500,507100,1622300,1068100,2497000,32643000,20715800,5022000,19720100,10795100,6230000,6396800,10446500,2116200,2304200,2832300,2735800,1929100,894700,18130500,7012100,13810200,2887800,775900,503300,31390300,1135400,4138200,2360700,31563900,49571600,5177800,12782500,2016600,6032000,5728700,906900,987700,6018900,3208200,2838400,3048000,604000,7013600,9303800,50212600,44670200,9258500,12025400,8829700,5596400,27799600,13665700,9606800
2021-10-21,5228300,733500,6073300,3270900,2243800,269900,35404000,16278800,2342400,11931600,1555600,2986300,1870900,3994100,71261600,16639300,4412400,19273600,8274900,7103900,8414500,19834400,2948600,4201700,1673800,4878900,1227400,660800,17851600,8430300,13131000,5384200,739900,543000,25469300,581100,5559000,2117400,15172900,41305400,8850800,13660000,18644400,4738800,5191900,700500,7160900,4849600,2579500,2839800,1723800,727100,11157300,13392200,64241800,35067600,7824900,10023200,7976400,5528800,17372800,8267500,7130200
2021-10-22,3528600,721000,6076100,2690800,3872300,429800,51231000,22173500,3372100,8930000,873400,2307700,2706900,3350500,79689800,16139000,10703900,20734400,13032300,10204600,5957300,21719500,2067600,5333600,1392300,3756600,1577100,1860600,16887000,7189800,13735100,5271400,678000,938700,36275800,753100,4053900,3414900,39030000,58845100,4742400,13740000,6947300,3350200,6568100,902500,1685300,4873000,3648900,2144500,2306000,695900,7901900,11568400,43005000,41458200,9826300,12490000,9575700,5378000,21399800,8009700,7376600
2021-10-25,8569600,674100,4652500,1764100,2518200,243400,32479900,13658000,1710300,7417700,653600,2377100,1910000,3032700,35695000,15178900,4881300,20230000,6985400,4835000,5831000,18486500,2079300,2701300,1430700,2065700,1161900,2623000,16387100,6374400,8206800,2778700,714700,634400,32597800,842400,4317300,1990400,14958300,45214500,3460700,8137900,3529600,5180200,6111200,1041400,1410500,2625200,2511500,2170100,2620000,699400,5926000,10799400,50112200,33121000,8093600,10336800,6844600,4933100,15160200,10629700,11076800
2021-10-26,5429800,1092600,5752800,1605300,3182200,441100,32195200,10552900,2304500,7136900,700600,3255200,12013800,3119200,29919000,30385600,6658900,19617200,8508700,5603100,7463000,30801500,2622900,4097800,1604000,2550500,2068100,1340600,25290200,9092600,10100600,4076300,854300,1302100,47191300,896100,4872000,2870300,21431500,56075100,4175200,13671000,3620300,3509200,5467100,1153400,1131300,2940600,3085300,2759900,1798100,665300,9875200,11553800,45503200,41586900,12314000,13189600,8805500,9546200,19391400,9271600,15031400
2021-10-27,8048500,779600,7618400,4256900,3542100,544200,32422100,18449000,2872300,8080900,636600,1752900,3532900,2635300,19133600,26347200,5823100,18521300,9256600,16140300,6775000,16523200,2945000,2657600,1567700,2507100,1857600,1009100,27088500,6023000,15928300,7822100,878600,880400,45760500,604300,4028700,4373600,19097700,72438000,4194800,22092300,3588900,6731400,6153700,1139600,2332100,3573000,2873500,3409600,2495100,603500,9150100,11404200,68007600,62449500,9015100,17448000,10334900,7158300,22263600,11851400,9831000
2021-10-28,5916000,663800,6225800,4941600,2490500,291000,27363500,15260200,3950000,8331600,325300,2064600,2227600,7000300,32492600,23245600,7000700,16374700,10752300,9940400,5510900,16116800,2332000,4312300,1230700,2464700,1949700,951100,22890600,6195800,18514400,3993900,811300,528500,38007000,657500,3290400,2970000,12812500,51437900,7306900,17497600,3145000,5412000,5770000,946900,1209500,3681000,3643600,2104900,1598300,731400,8851200,8303400,46735000,44566600,9260400,12756800,8614800,6690300,15443600,9282500,9001000
2021-10-29,10047900,886900,8975200,2848900,2979600,329900,51488900,25406900,4095000,6477200,475500,2582500,2283000,5394300,33126200,28991000,7531900,26521600,11156300,11254300,10923100,20516800,2739000,5119100,1377800,4175200,2514800,1322700,20777700,7184000,17367800,5052100,696200,792600,37310100,606800,3973200,3957900,19160400,70162400,4994500,19087300,3791400,5320600,9654900,966600,1051400,5990500,4637400,3565900,2145600,558800,11536200,8699200,43997800,42092000,6831600,20131800,8105300,7925200,26666800,15415100,8508400
2021-11-01,6197900,1121800,5201400,3896300,2548400,569600,31197400,20337400,1659000,8685800,1323900,2631400,2671200,3339300,22173900,26074900,4975600,29987000,10076000,14479000,6736900,10008700,4053200,3060300,1550300,2914800,2821300,1678600,35500800,9652100,11894200,4839500,1683600,1123800,30765300,824800,3961200,5050500,17311100,48433600,5649200,18035500,3117100,2787600,8588800,1305600,899500,5846500,3937300,3967500,1886400,611000,12786000,11040400,49656800,37503800,10775200,24421200,7033700,6766900,16182800,14356700,11234200
2021-11-02,5317000,699200,4199400,3542900,2629000,347800,34098000,10184500,3985800,6420200,697200,1830800,1377800,2482400,15229000,33320300,3760700,26441600,5944400,12191100,5249400,6397200,2623900,3057600,1540500,3282800,1252500,1495500,24949700,6705700,18047600,4242000,963100,1902200,25135300,660700,4212000,2187800,24915000,48908400,4797900,9836700,4221200,2953900,8353400,1109900,1050400,3405900,2989200,4004800,1690300,653400,8543400,13271200,34125400,31436800,8833600,26814600,9942700,6617300,19864800,20851500,13558800
2021-11-03,6421700,1099500,5058700,3420100,3557400,605900,49350800,14911000,2560200,6085700,483700,2647900,3135300,4940100,40987900,24156900,9055200,22984200,14510400,17031100,11742400,10048300,3328600,1970000,1276000,2916100,2582200,1068800,47648500,7223000,11847700,3618900,1346900,683200,33748900,947700,4461600,3242400,37161000,52509800,3335000,20639400,3361300,7707600,7539300,1197600,1321700,2723200,3562900,3704400,2032600,682400,9914200,19187200,46674800,42946800,11567300,25978600,10471100,4814500,20992200,14610000,12816400
2021-11-04,6618100,791500,5564100,4825300,3870900,417200,23722200,14083300,2249600,7481100,380700,2869400,2324600,3513900,29249800,21496100,6656100,28989800,10381500,12665400,7539000,7633600,3448600,1421000,1183900,3039900,4350200,2643300,26514000,14149000,20135500,3237200,1165800,742100,40265300,631800,4650900,3545800,27818200,52847100,2985500,15922400,3838600,9145500,9112600,1132600,1119300,3378800,4287300,3557000,1495800,952500,8669400,10073200,76363200,48279700,10201200,28691400,11701700,4620600,32183000,15818500,11600000
2021-11-05,7283100,829100,4595900,6198600,4489000,472100,23969900,15593600,1737000,5763300,332200,2669700,1612600,2786600,23189300,27004600,9368900,27595000,9560400,12955100,9194800,9031100,3590300,2259300,1497600,4361100,1930400,1131000,42041700,11251200,15840400,3719500,757800,689600,43383800,667500,5215200,2946700,22311000,66390600,3862900,21513000,6834800,4738500,7741600,1001000,1277000,3209300,4942900,3919400,2353000,733400,10389300,11658800,45207000,57866300,12906400,24223600,9929100,5731400,21584400,14867300,9631200
2021-11-08,4922800,1379300,6517200,1272300,3056000,389700,23735200,9065900,1640800,5531600,428600,2459700,1593600,3034000,22588500,26559700,4966100,11957900,9691400,7404300,6509300,6044500,3404000,2287400,1289600,2963000,1616700,1383100,31324500,7789600,8494200,3031100,745200,764700,29256300,1011700,4975500,2292900,16458800,50405200,3581000,12083800,4920300,3037600,5451300,1108900,919400,2989800,3511600,3401400,1629300,617300,7855200,10690000,40022400,32864600,8928900,12781000,12813600,5791700,19670200,8948800,11715400
2021-11-09,8960500,962800,6027800,2392600,3680600,463600,28482200,16011200,2933100,7971100,675700,2749900,1553300,2517000,24185800,29751900,5781200,13732600,10564500,12345400,7405800,10498800,6678900,2346400,4316100,3519000,2163000,2150000,29895900,14577500,18075300,2947200,765500,2870300,50490700,548000,4357200,1938700,18973700,51149100,3084900,23430200,5084400,5106600,7963000,1579700,2729200,2671500,4696000,2764100,2103800,608500,8560100,15768000,39378000,48420400,10637300,16823000,13527600,4410400,16489400,7287000,33102200
2021-11-10,11620300,1147600,6206400,3514600,3529000,490000,36032600,21546800,2218300,5739100,625300,4100900,1687800,4704600,28611100,29855600,11461800,30438400,15976400,19425100,7218700,9864600,3171500,1977700,1885100,4230300,2031700,3514400,32471600,11440300,23397300,4091100,806600,1239400,54937400,800700,4077000,5382400,46183400,69429700,6254600,28170600,3352500,5134400,8018800,1072900,1297900,4021900,6350700,3356500,1916300,710800,11786500,12872400,72033000,60695100,10326000,25788800,11350400,5063100,25833200,8445400,22689600
2021-11-11,3937100,789300,3847100,1683700,2461200,352000,55636800,9264600,1389400,4193300,241700,3022200,1493200,3323000,34262800,56716600,5959600,10086100,7878600,3746100,4543600,8243100,2574700,2981100,934100,3460000,1274400,1013600,17987500,2991700,6168900,5030800,752000,630500,32243000,480100,3576300,1839100,23239900,34848500,2426600,5552500,1735200,5376300,5638800,909900,1193500,2395200,3634600,2277100,2020500,497700,7881700,8158400,48996600,31438900,5921200,10103800,6319100,4191900,15747400,8597300,12413400
2021-11-12,4554700,558600,4890900,4009100,3099800,375500,31956200,14817900,1881600,13472300,399000,2535900,1515600,3335500,27059800,26606400,7894800,26392400,9278400,10613400,4598400,9693900,2435600,2012900,1090000,2710400,1642400,1216200,20526700,7379300,11897100,11464500,656200,879900,34730600,525900,3892500,3130800,24315800,53466700,4085300,12712000,2000800,5869800,6222600,997400,673700,3194300,3655500,2419900,1320800,556600,6535100,8774600,34190000,39218800,7929000,12244200,7469800,3902800,18179000,8317600,10335000
2021-11-15,6405000,670800,6239500,2165300,2555000,316000,31610700,14064500,2900800,5410800,300900,2975200,1211800,2364700,7620800,24685600,5630800,17057100,9833000,8021400,5398300,10626200,4452700,2450100,1239100,2947100,1773600,2398700,27390000,6175900,12353400,4468300,625400,594200,33716900,1230500,4216800,2433500,20072200,46980500,4261600,15232700,2976000,4955300,9023800,1111600,1141800,2713500,3122300,3630500,1745700,673800,8483900,8628000,42751400,30081100,7672400,12490200,6381300,3591500,19003800,6268900,10612000
2021-11-16,7484000,1105900,5580700,1567400,2728600,489800,32898900,12167900,1469300,7354100,378000,2458500,1314900,4688600,29517800,27896300,8667300,14302000,15588800,6573700,5794200,10370600,3052100,2329800,1788500,3959200,2089000,1092200,21925200,6083100,18709500,4268500,937900,592700,27872900,476700,4032300,1722500,21687300,48857500,2772300,12998700,3641900,4190100,6965700,971500,752700,3043900,3267000,2947400,1617200,734600,7932600,8776200,40958800,32599500,6625000,13538800,6562200,4936700,13213400,6150900,11301200
2021-11-17,7173100,1197200,6589200,2240100,2976000,1519500,22601900,10415400,1264300,4427200,363700,2873700,1789000,5047100,33351500,23236700,6523100,17919200,10115900,10006200,8785100,12708600,3784300,1263700,2738100,4846100,2443100,1382300,26527800,7944500,14541100,3761300,1098000,4786800,28703300,1430800,3454500,1445900,15596200,47858300,4037100,14239900,4331600,7492900,8688300,870700,893600,4667900,3764900,2809000,4282000,4098200,10025700,10558600,47339000,53557200,8164300,15417800,10444900,15340000,19001800,8229000,16547400
2021-11-18,4226900,801900,5320700,1305500,3438100,553900,36719300,13236800,1799600,6787900,337300,3163400,1660800,3665800,29243300,35991200,6252000,23421300,8596800,10183400,7832200,9674700,2621600,2474600,2282800,2910900,2280200,1847700,30637300,8327600,14086100,5744900,959000,631900,45721500,598600,3879300,1620300,12880600,50625600,3099700,11054600,2691000,4623700,7590700,1281300,1190900,2812800,4732200,3507700,2732000,944400,8646900,10389200,57911000,42990100,9806200,19964000,11269500,5484700,15305000,9029300,14804000
2021-11-19,5685900,1430300,5498200,2124100,3542200,474100,36975700,20761900,3049800,5835600,472700,2801600,1442500,2640700,22556300,18672800,8785600,45282700,10671900,10731600,9545700,9704300,3436700,2674900,1526200,3349800,2803400,2421700,33994000,9810600,17682900,3180700,655900,592800,45191700,567100,5141700,2791100,23754300,57315600,2518200,14022100,2291200,6388900,9985200,1365800,839700,2928800,4886200,3353800,1931900,1021400,9875000,10426000,91379600,71858100,8935600,17714600,11924000,5099600,20606000,10166100,14988800
2021-11-22,6995300,778900,7497100,3914700,4929200,491900,37116100,17802300,2026100,8232300,583900,4289900,2070400,3977400,24309000,23948900,13091900,26266000,9464000,10876200,7235400,9701200,2907600,3324200,1757500,4285400,2645400,2090000,31042100,8053000,13745400,3826400,1017700,1332500,61715400,786400,5799000,3126600,26721800,72762000,3503900,15266000,3326200,7353500,9573300,1808800,1193200,3352600,4868300,3902900,3114300,869400,10581300,13379800,67785800,81965800,11911200,28451600,13425400,5416900,23154000,11146200,18430800
2021-11-23,6268600,771400,5779500,1886500,5789300,628700,38638200,26736800,2612000,6844600,505500,4752400,1681800,4252300,32887000,22079600,8047800,33967100,9129200,11543700,6646900,12800000,2657500,4059900,7136800,8482500,3169800,1933100,33843800,13988600,10986900,4972600,1110800,738700,70098700,611200,5268300,2892300,32566000,73206500,3859500,15318500,3773400,5877400,10284600,2283000,1098800,3867100,6795200,3826200,2962400,1243700,14304900,15231400,67724600,61571200,14090400,29239800,13405700,9784700,19036400,12075200,22962800
2021-11-24,8472400,677000,4757400,3841000,4246700,343600,32810400,20238700,2234800,7209400,536400,2855500,1334100,3897400,19545200,19579600,5359500,31158800,6430000,8322900,7692300,9677800,2248300,3032900,1233900,4664100,1631700,1168500,24099300,8090000,14019900,3936700,917500,704700,46954400,811200,4343100,1613400,20225400,61858800,2725300,13769700,2233700,4109000,7906100,1490400,966000,3227600,4569600,2195400,2368600,603200,10756400,10365200,42868600,40410300,10760400,18241000,9556400,5086700,15931600,6760800,16341200
2021-11-26,3258900,735800,4402500,7161900,9075000,603400,58023300,37776000,3067900,8587400,747200,3573600,1904700,4813400,21322900,33937200,9605200,36123400,10674900,13878500,10770700,10559900,4490200,4065700,2360700,7263800,3600400,1260900,62595400,8719700,14399300,4824100,1607100,739200,51533300,905900,8369400,2842700,23137100,112669600,2056900,20064800,2855900,18765600,11942100,2001300,1166600,3514700,7702500,5730300,3275400,754000,13251100,14215000,89454400,76492200,14694100,24767800,11715600,6829200,21854600,11896900,15329200
2021-11-29,8982800,1067100,6133000,4303700,5243000,617800,44405000,31913600,3060300,9643600,829700,5119700,1739700,5305200,21647900,25197300,7394900,31728900,8247800,13908200,11497000,18553000,4288400,4401400,2262300,5483000,5371400,1149600,45982400,8707400,21231700,5398700,1068500,1133300,54447100,631800,7036500,3767900,22115700,86268800,3803400,23234200,2951100,13571400,14177300,2054800,1339700,4825900,6300800,4789200,2889900,895500,19083200,12280400,70882400,79316500,11693000,24979800,13646600,7173400,22821800,17137100,16767600
2021-11-30,13109000,2554800,11234800,12056800,9543500,1202000,81647500,52770800,5715400,13303500,1264300,8286400,3609200,9311500,40552100,39205300,12925300,35465700,22731900,19416800,23772700,18726200,9402000,4827200,3553500,9778400,5671400,1606000,64908400,11281200,28873400,6595700,1608200,1514700,81332700,1208800,9491100,6358600,29616200,148559600,5051400,31481100,6604900,21152500,31057400,3293300,1888400,6335800,8657600,7231400,5130200,940400,20824800,24004600,92524000,121263700,21058800,54066800,23715100,11022100,48623000,19467000,26435400
2021-12-01,12772700,1989400,7737300,10483200,8415000,1394900,52613200,43883900,5615300,14930700,1317400,8510500,4116500,7110100,24880400,36357400,7808600,41845200,12853100,24991000,23571100,18480100,8366200,5462800,3278300,7936500,6131600,1991600,69120100,14146500,18070800,6474500,1808500,1049500,77766500,2059400,7119600,10046200,41829500,131939200,7504200,30826500,7577100,12413700,18127800,3144500,2207400,8641300,8337000,5274700,4430600,1020900,18932600,22485600,89549600,101946500,19783600,39084200,22897400,12299600,46024600,22241400,25941000
2021-12-02,7759700,1502400,8831600,6338000,8326400,855400,73971400,42264500,5484600,12287300,877200,9618600,3143200,6669900,30476800,49075500,9604100,42383500,12010200,11448900,18105600,19513900,6513700,5386900,3158600,10040900,5973800,2454400,64315700,11804200,17305900,8347500,2527400,1653700,84416600,2091300,7744200,4117900,25783200,127637800,3391400,17754200,6754900,14552000,21570800,2920100,2120700,7134400,10417700,4257400,4657000,1017800,22318400,17957400,100743800,98076400,21919300,46872400,18704000,10097200,35050200,17531100,33287800
2021-12-03,7600800,717900,7440900,3766900,11365300,825300,79115000,46147500,6308300,10887300,846000,7297500,3376300,5559300,40700000,50425800,9507900,47368800,13803800,19790900,25881400,19142300,6150300,5449100,5061200,9923900,6711500,1702100,64425200,17457200,25739900,10263200,1639600,1938200,105349100,1550300,7710600,2931600,22835100,137331600,4030700,34427100,7789100,10857300,22553900,3199900,1805000,7798400,10228900,5821900,5961200,1462400,21125000,19977200,75880200,97178200,19584900,48470000,22867600,11826500,42771400,22111900,28543200
2021-12-06,9416700,796700,6865000,3801500,7026500,670100,54871300,30884300,3827200,6800300,442400,4630600,2422300,4970100,22112700,40765000,4813600,28211300,10920800,9863200,9868800,15232500,4955900,3073100,2670000,6552900,4792800,1959300,43878300,11047400,25332000,6943500,1391100,1849000,67588800,2283900,5594100,4120400,18193200,98977500,6855000,30924200,4655300,8107500,14646200,2223400,1427700,7212400,7289500,4210600,4034800,1025300,13722700,16246000,63939000,69716600,14457500,37800400,18524400,8711100,47222000,15230900,23326000
2021-12-07,6786900,617900,5351200,2440200,5271500,489900,51825000,28244900,2808600,8187200,455300,5355400,2891400,4008800,25398900,33573900,4900700,42893500,9143900,7678400,10549800,12869500,3325700,4089200,1953000,6659000,3313800,1999800,44679200,14624900,17338200,5310400,1338400,5275500,56005300,1333100,4682100,4194600,18763300,95484700,3824700,22115900,3509500,9476800,14200900,1954000,1281300,5363400,4731900,4284700,2562400,838700,14655400,11307000,73686600,115475500,10563300,28691000,13169300,7763600,21789000,11974700,13875600
2021-12-08,8050100,1446600,9064200,2916900,3355600,538600,38176500,21619400,1664100,6407500,450200,3468500,2606900,3705600,23344700,30989100,4288900,26598200,7964000,11126500,7991100,16787300,2820800,3148700,1537600,4992000,2505500,1821000,36546400,10377200,17408000,6329100,1561600,993200,39204000,991800,5704500,2396700,14075400,72238800,3123600,33633900,2627400,5778000,14731500,1785700,788200,5542400,4476500,3417400,2682900,879300,11548300,9216400,47030000,53033200,10419600,23261600,14489800,6931400,25994400,15144700,11988000
2021-12-09,8646500,1110700,8096700,3384400,3774500,1787400,36476000,32026500,2606800,4763300,615800,2234600,1156400,3666600,22643100,25096100,4913800,24939100,9571700,9198400,9101900,13128200,2857000,1674000,1744000,5550900,5513300,1938700,34830300,18678200,12348300,3800000,1146000,1001200,49973700,1035800,6639600,1829300,23767500,61272600,3774000,17544900,1823100,5814100,21544500,1769700,1020800,3724500,5035400,2853800,2231200,657700,17677100,6601600,46798800,45521100,7325800,17201000,8613900,3572400,23783400,9095800,11757200
2021-12-10,6501300,935300,6869100,2684600,3855200,776200,42011300,23412200,2191100,4865900,388900,4710800,1869000,4238600,20285600,20489700,6450600,20247200,9946200,5051500,6369700,10929000,2913100,3613900,1393700,5628000,3166800,2427000,32924600,8459700,12792300,8905400,1005000,1919700,52545800,1254300,7415700,1854400,17760800,77159800,2247700,14298700,3295900,6199000,13967300,1616800,1179600,3828200,6238300,2610800,2919600,561800,13189500,9585000,39051200,38900900,8304100,24776600,10890000,3683700,23403600,8554300,14372800
2021-12-13,8659300,462600,4955300,4733600,4563000,930700,50773400,27594700,2441900,6239000,972300,5054400,4730400,3604400,28402800,29845400,6610700,17125800,8191700,5706900,13231800,15173900,4522000,6000800,1998900,8930000,3305400,1775200,33478400,7753700,10264200,4671700,1196900,1085300,50166400,1306700,5590800,2589400,16422300,87724700,3605600,17860500,3221900,6370000,24679900,1979000,1061400,6555000,5923900,5839100,2519500,703200,17059600,9406600,57208000,44343000,12690200,20974000,16518100,5105600,27500000,12201800,14995600
2021-12-14,7503600,817200,5165800,3595500,4079700,996900,42023900,30040400,3093100,6904100,728000,4149900,2108200,3523000,19594500,30267000,8637900,20310500,13374200,4749500,11450500,23744800,5721600,7180700,2316400,10305900,4098500,2509600,36543500,7267700,17725400,5881700,1007400,1814900,75199200,1290300,8023500,3931700,19912400,97264100,4148200,14015500,2823700,4796200,15722000,2085800,1501900,5924500,6522900,3360400,3054700,790000,16849400,9073600,57597600,51734400,13174200,27094800,16048300,8920600,35005000,11070800,15371800
2021-12-15,7459100,1653900,6036000,2233000,9274900,1251700,57129100,31109400,3429500,9238600,1004800,5596600,3373800,5765400,26536200,60296100,14231200,31699000,24813200,8428000,17609600,27388200,8527300,5469300,5587100,7050800,5770100,2187100,51261000,10965900,20585100,6740300,1093500,1635500,73858000,1428000,5975400,5859800,44633700,116899300,4290800,25383900,3835800,5326100,15986100,3477400,2002400,6675800,6871300,3720700,4284400,1367700,20915100,14623000,67716200,70424900,16908600,28270800,21277000,8196000,45364600,14996300,19042200
2021-12-16,7566600,809600,6067700,3215400,9493700,1100200,60401000,44621100,4252100,6476700,974300,5590700,4167500,4298400,25689000,37298800,11186200,27374000,15556800,9085400,19498200,23958600,6106400,4428000,3047200,7865900,4628100,2483100,52743800,9735000,9750200,5365700,1406000,2091500,82591400,1631000,8395200,2523500,26368200,116568600,3896900,18677900,5874700,4873300,22374700,2393900,2329500,6178900,7159500,3876100,3822700,1499300,20637200,13071200,53731800,71156600,11866200,31275600,14499000,7161500,30209200,19227500,18368600
2021-12-17,7428000,1063900,4884200,3608500,10638300,1319000,55420900,44476200,3626700,7341400,1609000,5530500,3026200,4504800,17448200,33069100,9856900,27248200,12844900,7933100,17254100,21193100,5326100,2495200,2409100,8428300,5386400,2003800,62620900,10926900,8753100,4705500,1537300,1394400,80492500,1507700,7888800,2459300,19873600,135511600,4022300,18093500,3787700,5796800,19758900,2239400,2360300,7201700,8882700,4455100,4185000,721200,14400100,15645800,69270200,97654400,19332600,44821600,23809700,8626500,43674000,21504200,23480400
2021-12-20,7382600,2235100,7129100,3943100,7303400,1187400,40091700,26303400,3471800,5452600,933600,4414400,2433000,3280600,22122500,35018200,6973000,27560400,13086800,13772100,18748000,23920100,7657200,4373400,4111700,7001100,4451800,3825200,49993000,7309000,12931400,5045200,2012100,1203500,65336800,1570500,9898800,5130600,12493200,107134800,4403300,17147300,3333500,8896700,22904100,2464400,1477700,6071100,9903400,5839800,4162900,976900,23244400,14155400,72661600,85242300,17968300,32649600,14116700,9760200,30091200,16185700,22326800
2021-12-21,12970200,2372300,6237800,2507200,4693300,719200,31786900,22744100,3395400,4019100,487400,2541200,3540900,2979300,15211300,30001200,4548500,24390500,12389900,7672800,10780400,13247700,4781100,2374100,1976800,6333000,3571300,2065500,38545300,7378500,12933300,4084900,1327500,837800,48899500,1246000,6453600,2031700,11231500,69806300,3902300,16598200,2006400,4867600,21469100,1475300,1226900,4251000,6916700,4158800,3041300,1004300,19453500,9063600,50319400,57667900,10497400,16810800,11872100,6024000,32355800,10773400,13530600
2021-12-22,6171700,1001900,5110000,2203800,2999500,572400,27630800,21609700,1538600,3036700,431300,2502400,2526300,2280000,19837100,20008300,4672900,17433300,11240500,5538200,8775300,13334800,3221100,3936200,1795700,4833200,2925900,2530600,32442000,7070700,7850800,3825700,1264000,839400,37042200,1095000,4855800,3726000,16909900,58890200,3170000,12253900,2416100,5877200,15062100,1500800,957600,4517500,4992200,3202900,2556600,708700,14604100,6190200,42206200,49702700,8297000,13376200,7650200,4530000,18967800,7246000,11491000
2021-12-23,5506700,571400,4631200,2437900,2655000,620600,22174400,28320000,2493300,2963600,490500,1830300,2276800,2364800,20933500,14961100,4551100,15612100,13254000,7209700,8838500,10370000,3498300,2056600,1211400,4368800,2477100,1345100,22125400,9031100,8401200,2903800,1211600,581500,29595500,703100,5688900,1919700,12824500,56439700,2785500,11642500,2374200,3662700,14463100,1435700,701700,6977700,5032700,2925100,2283100,625700,18927300,5745600,33370600,39057300,7047000,9792600,8089000,5264600,14505400,7743800,10588600
2021-12-27,5436800,730400,5311700,2160500,2594300,401000,27011600,15219700,2551400,3292600,716400,1512400,5189800,3043300,14048300,22306500,4760300,13396700,13647700,3471800,6935300,11119600,2423200,1253300,1557300,4128500,2368700,2284100,24196700,5850500,8744200,3397000,914100,558500,32820700,681400,5518800,2270700,15165500,56808600,3388800,7821800,1748900,4326300,12630800,1268100,704700,9185100,4986300,4395100,2303300,678300,15682600,4918600,43484400,36120300,5196000,13266600,7343200,5183100,15707400,6968900,8428000
2021-12-28,5253800,1933000,5674800,2404800,3048500,586400,24529800,15631300,2225700,2728200,469100,2359500,3803200,4639300,12011000,21858800,4541900,17150700,10689000,8314500,6578900,9105600,2725000,1946900,1426400,4262300,2330100,1799100,23120300,6508600,6864300,3585600,1209900,587500,33113700,935500,6584100,3464800,14845500,47274600,2866100,9174600,1977500,2862300,13668700,1169600,1001900,3630400,4865800,3960900,2223900,623500,18368000,8537000,35877000,34055200,5368600,11422200,7285200,5592700,16104000,6065900,8306200
2021-12-29,5933800,1246300,7757900,3236600,3012200,518800,27939200,15046900,1492400,3552300,396300,3071500,2202600,5136500,15486100,23265500,5889700,16760300,10159000,11879900,7459500,12123600,2497000,3559300,1327100,3312100,3052300,1320900,19444400,5084800,7263000,3005700,930900,573400,32248500,674300,5178300,3110300,11755700,54503000,4320200,11771200,1982100,3933400,11380800,1019500,953200,3842900,4596700,3044300,2329600,643500,13618500,5153800,30218200,27150500,5922300,9687800,7891600,4404700,13755400,7103600,7584600
2021-12-30,5455400,837000,6352100,1705900,2863200,324200,34900300,20617500,2120900,3363600,517600,2470800,4183600,5148400,21079100,48073500,5426300,12326100,10868800,10296000,8118500,12793900,3181000,2626500,1360100,4030600,3399400,1949100,23607700,3299200,5566900,6932100,864900,520700,23850100,649900,4984200,1619100,11646600,55329000,2926000,10355000,1708800,3649000,13691400,1170300,621700,3990400,3751800,4501500,2288700,605000,15833800,6340000,27180000,30089100,6190400,10526400,6802800,3665900,18672400,7931700,7140200
2021-12-31,7989500,871400,7162600,3864400,3133800,330700,30439000,23252200,2738600,5025600,1312200,1342900,1833600,1940800,7198200,23098000,7039300,11505300,13892600,7584500,11243300,14086600,4508400,2502500,1564100,3980100,3795700,1780100,23997400,4282200,8514500,4054200,790300,485900,34752900,595700,4047600,2649500,15618500,65237400,3820400,13402300,1747200,2497900,15518400,1046300,545700,5440300,5185600,3499900,1963100,630000,14828700,6457800,26482400,28497800,7726100,10243000,11289000,3979100,18618800,7882800,6885600
2022-01-03,9399200,1764000,7244300,5301200,5624100,1131800,27572700,24096900,1763100,6386000,524800,3810400,5387000,6967900,23660500,24485200,9014400,35368400,13323200,27744600,12331600,13395400,4530400,2672800,2268400,5560300,6090400,4148400,30618800,10540600,18199400,4064700,1905900,1385300,40575900,1352600,8928300,5301700,18043600,72668200,4573600,33860400,2768800,5602900,15874300,3017500,1635100,9845000,6017300,4204000,2859700,953700,13977200,15088600,65054200,49884400,10188300,20302800,22320300,8441200,43299600,15122300,14465400
2022-01-04,7772100,2511800,7384500,2987400,5462200,1365800,24579500,24314300,2580300,5794500,652400,3605800,4318300,2625700,18384500,35152700,6965600,33609900,11339800,15911800,8945400,9886700,4983800,1917600,1827400,5452000,3888900,2301200,22013100,9362900,18748000,7281500,1723100,1200900,58027200,3915900,7969500,2759300,12946900,71178700,5740700,21996400,2209100,4857000,15991500,2063300,2664400,5330700,6262200,4217000,3145900,1243100,9323100,19937400,79957600,74210200,14572600,16648000,23066000,7440700,29321800,14304500,13169200
2022-01-05,8530900,1637300,7076500,7094300,7638000,1272800,46425100,24704100,2620600,8084200,813600,4566000,2997600,4276700,30989700,39640800,8715600,44808500,10838400,13715700,12741100,15392300,5332400,3413100,2639900,7211400,4156500,3752400,40582100,8700800,16107500,8029400,1900800,1704000,75739800,4518300,9767700,2851800,22571400,104538900,6622800,20911700,3367700,5043500,13855400,2329500,3333900,6928300,7539600,4878300,6116700,1360300,18329200,21252800,90804000,76288400,16196100,23628400,29748500,14980800,44486400,15370700,17275600
2022-01-06,8866500,1077900,6011000,4148100,7019800,1635400,34288700,32472900,3658800,7467800,1074000,4252200,5199300,4969000,28204700,40368500,10902700,42823200,11784000,10957400,12028400,14215900,3578800,2541800,2545500,5959100,4916000,2994900,39105900,11788400,19336300,8462600,1987500,1592500,70814300,2014000,10201500,3526800,27161100,86858900,7615500,18996400,4462000,4954400,17111300,2023400,3127800,5974500,7971500,4519200,3951400,1390900,14844700,17868600,74681400,57725200,10437800,23767200,25023900,9807100,36259600,15182000,17245000
2022-01-07,9018900,766900,6345100,2781600,5806300,999700,32640900,22833900,2564900,4807700,2253200,2635300,4119400,4279500,17091700,37717600,8191900,34630100,10279100,13318200,8954100,17405700,4067300,2861300,1912700,7673600,3869400,2509200,31583900,8771500,17750800,8083600,1692900,799700,72652300,1075300,8449500,2658000,23522200,85111600,8132900,18756800,3019100,6023600,12525300,2166100,2335900,6999300,6157500,3580200,4447400,1267800,10705600,16543600,71169200,62185500,11614900,30488600,12650300,6141100,39272000,9619400,15005200
2022-01-10,8074900,1846800,5912300,3425400,8091800,1929500,43581800,45587600,3478200,7531100,1428500,3365500,4160400,3983400,21466600,35178200,7026500,52621800,9494600,8430700,14781500,15390600,3737400,3315200,3401700,8975900,8364700,4960800,45778100,15211500,14253400,8030700,2391200,1578900,91770500,2396800,12178500,4347300,17015100,119362000,6633200,13775800,4250900,3758000,20436400,3615100,3506100,6571900,10481500,5819600,5227000,1850400,18169200,16819200,66473000,73620000,15670900,32501400,18578300,6870600,31169800,15589900,21271400
2022-01-11,6728600,1847500,6755600,3553900,7310900,937500,57536400,30847000,2177500,5911700,940100,4588600,2764000,4487500,26293300,44663100,8369000,32513100,11113700,8086500,9859600,12972300,4571700,5960800,3424500,7552000,4040700,2266500,35209900,16319500,17231000,8570600,1570000,1198100,68295700,1978000,8802000,15869300,23681500,74303100,10839700,24388700,3129100,6841500,17097500,2130900,2925900,5568500,7282400,3524800,4536200,1271100,16480000,13614800,76887800,60706300,11966500,19207600,19571600,7442400,33653800,12168300,16887400
2022-01-12,6713200,959700,6672700,3003600,4493200,886200,56499100,30780700,3772500,5399300,1132200,4016900,2719200,4059100,33218800,44415400,6280700,24621400,7423400,7996500,13050900,25584700,3744100,2672100,1789700,8938600,4931000,2552000,35284500,10434800,12733100,8486600,824400,769700,54576400,1297900,10553100,7286200,23394800,67605400,7161900,14440600,2879000,5171600,17788600,1658900,2003600,4331700,8270300,4033100,4453700,1835800,15080100,10215600,60496800,51560600,9938000,18144000,11155200,4686800,28113600,10831800,13156800
2022-01-13,8454300,1056500,5746300,2371900,6418100,915600,33229000,24991200,5736800,7073400,2341800,4563200,3136400,3893100,23472300,36251300,7034200,31699700,11483900,8431100,11323900,11212000,3181000,3043500,2658400,5351100,4776500,2098800,34489600,8329200,13468500,8757300,1408800,1304600,77994000,1483500,9165600,3739100,25395100,91173100,4735600,15166000,4252900,4680700,13837900,2208600,3827200,3921700,7521300,4049300,4510500,1098300,12451500,12006200,59554000,51659600,10995400,20942600,14287300,5481200,33949000,13804900,16493800
2022-01-14,9113400,564000,6843000,1703400,8575400,1042100,40642300,26136500,4147200,5361900,997200,4050000,2705500,4121800,24661800,33318000,7865900,31046200,10104900,10595700,12230100,10986800,2862800,3154300,2053900,9652900,4386500,3195100,42020900,8640500,14308300,4300800,1089200,2067900,80121200,987800,8229000,2064800,22448800,95890900,6159500,22997500,4527500,6031200,15200500,2055300,3906700,6465300,9960800,3829900,3875400,927300,13133500,14588800,64801000,81135500,14758600,22351400,21391700,5737300,32547200,14341800,20715200
2022-01-18,7943800,3068100,7453100,4818300,8166100,2067700,45012000,37504600,5269900,8101200,2254700,5567400,10941100,5030500,30977900,42130000,9322800,46331500,11651000,11594100,13419800,15249400,7301700,4698600,4908000,9681700,6340900,3390400,49434400,8429500,15266600,8542600,1367000,1882200,75450900,1075700,14785500,3257300,33206300,109709100,6517400,21171700,4305000,6240800,17386800,3460600,6587300,5828700,10681500,6511600,4762700,1190100,19183200,15581800,82133400,82526700,13878100,24694200,16683800,8948300,35534800,16471400,18186600
2022-01-19,8321000,2074900,8644100,3655200,7386500,1076200,43998100,34437700,4648700,14395000,1322100,5596200,3499000,3649400,29666900,31720000,15784500,31390200,15458300,10349700,15352500,13082800,8789800,4414900,2930300,6260800,4739500,2355300,46209100,11927500,16057900,5376300,1362300,1557300,81791500,1124200,11593500,3753500,43721600,109357600,7744200,17930500,4414900,5435700,14141500,2204000,6913400,5111000,8184100,4868100,4150500,1545200,14639500,14832400,65978000,85975100,13367000,24961400,18518500,7152500,32051200,14639600,17404400
2022-01-20,7186400,1628700,4951300,4042200,8968700,3387800,58279500,38225400,3376000,6899100,1681500,4422800,2842400,4311400,27134800,52575000,9570500,38217700,10474400,8297300,13663500,16839200,6931600,5786100,3317700,8907300,5958900,3124500,50466000,9745100,22915800,7343600,1711700,2585400,88610700,1722600,11585400,2762400,44986900,122379700,7190000,13959000,4738900,4278400,17594000,2596700,2215200,6982000,8907600,5175100,4332000,1106800,16328800,17147200,83980800,80314000,16726100,37609000,15677800,7586800,29529600,15127800,18093800
2022-01-21,8679600,2937600,5204500,4165300,16301600,1887000,59673800,60761300,5542600,9964800,2136900,6314300,5416500,5066100,42346600,39613300,10982500,57098000,18656100,13250000,14713700,20787700,7677800,5368000,6957400,13981000,9690800,4374900,85821000,14969900,21504700,4778400,3188600,3182100,143388900,2600500,27423000,5322600,40713800,202271200,6552400,28916600,6134800,5410200,26963600,4179600,3197100,8031500,16225900,8582600,6466700,1911100,21514300,32542400,114539600,117914300,33329600,48016600,25270600,10920600,48542600,25804800,37394400
2022-01-24,12131400,4854900,10332200,5620600,29707000,3392900,87752800,85455900,10948400,14286300,2681900,8023400,11906900,8418400,43513400,49727800,15727700,79230800,15249600,22377400,31594900,59318000,11261400,7289500,12623900,18241000,12806300,4947800,85782000,15837600,22567100,8126300,5003700,4551100,198685800,3337700,28006200,7835800,37822400,251783900,11250900,25001600,13209100,9098900,39855600,5476800,3635900,15646100,22970700,22004300,9886000,2935300,36464800,42454000,124505600,169153300,37356500,67413400,35518900,19972200,57602000,37938000,53233800
2022-01-25,9541000,4776800,5872700,5789900,18657900,1806000,54804100,54516800,6098600,8364900,2448100,6589000,5895900,6430600,29643300,37831000,17382100,43642700,15766300,13534000,19401400,25485700,7983500,5691300,6914700,14720000,7948000,2615000,61088500,8351400,17247300,5214400,2294700,3220100,124398400,2229400,15238500,4657100,30586800,167997300,6601000,15599000,4884300,6104800,30779500,3065300,10306800,9942900,16836300,6600400,5758200,1765600,26653700,29311200,118434400,97364900,28146300,48886200,28638500,10908900,52218600,19326800,35890200
2022-01-26,10729400,3694400,7382500,8802300,19047300,2483400,55516700,55217000,10981300,8982500,1554800,5991000,7330000,7553700,39394300,39073600,17799400,63574900,25207400,12694700,22284200,16415900,7071600,5017800,6695600,14881700,7845000,2814000,71471700,14077500,23220800,5304600,2514600,4223900,146559500,2504600,17263500,10878900,42075700,186391100,9557800,23655500,8613300,6735100,26780200,3700600,2901900,9589300,14377300,7096400,5951500,2699100,20414900,26921600,130725400,106682000,27633700,53596200,33222000,12858500,49234200,29557400,43384000
2022-01-27,6146800,6218700,6295600,3957400,12854100,1976300,61062300,46252100,4721600,7608800,1345900,5418300,7007400,6342300,29390700,37942900,15867300,47351000,13803300,11609400,17430200,17824600,15401100,3731800,8452900,17529800,5840300,3799700,59829000,12932000,22292800,5673400,2740500,3185200,95255700,2253000,12460800,7524900,45559800,149878300,17300800,21501800,11784800,5749100,24165900,2783700,17944500,7459300,12455200,5789200,4952300,1511300,22849100,23174600,108901400,91498900,23186100,39446800,23816500,8783800,44982000,18483600,33723000
2022-01-28,10855600,4811100,5992500,4511200,12008900,1938300,48799200,44588300,4433100,6506000,1045300,4878800,7261000,4599900,19957800,32211300,9782500,51496700,9993600,6713500,31487600,25628300,8197700,4343300,4421000,13069600,5828200,3608100,65870000,13884300,21294200,4444900,2021200,2657300,108167900,2830800,11340900,4613200,29449400,164457400,8506800,12826500,6936700,4187100,30790600,2615100,6006900,6924500,12096800,4961200,5122100,1225200,27922500,22016000,105302400,79753600,22967200,44236000,25111500,6455400,50050400,20906800,31685800
2022-01-31,12837400,26333300,8033400,3132000,8379100,1450200,65614900,38299200,3441800,6915100,973600,2833700,6347800,4154500,29721800,45325300,8539300,78932100,10361300,8258600,18326600,29890700,7572400,4882800,3615000,8537700,4561500,4564000,53393800,29409100,20325100,5763700,2029800,1854300,94326400,1469400,8006400,7218500,19718300,152251400,7743300,13998400,5206900,3142800,19645900,2332800,3053200,7457700,9200400,5306400,5193800,1299000,20554000,14549400,63298400,58740900,12183200,29121000,15453000,4557200,52580000,19044400,22194800
2022-02-01,10356000,6452700,5013300,6246100,7636000,1101400,50158000,53240700,3769100,6751800,1336400,2665400,6460000,3689300,28505200,27685700,9763900,42377300,18987600,16338700,13850900,14507500,6294200,3602500,3269400,8777800,3603400,2734300,43429400,14135100,17587300,5772000,1532100,2253000,74433000,1786100,10737300,13138500,34540500,123155400,18785900,20806100,5608700,4308300,20287500,2003900,2497400,9610000,8154900,4697600,4624200,1385600,21060100,18608400,90444600,64601500,17200700,23389800,15620900,8057400,41020200,14674800,22366000
2022-02-02,7967900,2119800,7248800,6241600,8856400,923000,35128100,35225900,2930400,3617200,824600,2246800,3555000,3388200,33343500,24978000,9085300,29261500,17884200,5997100,10415500,12356300,7445300,3448700,3247100,8744100,3921300,1936400,42777800,7908200,22644800,4615200,1278400,1766400,78777100,1156900,9663000,5492000,19816500,117361000,8558200,18404600,3988200,3332600,15146400,1874800,2399000,4619300,6726500,4048200,4422000,1356700,11594200,14158800,65197000,46649400,14199200,25504800,13630400,6716600,45723800,13595200,19294200
2022-02-03,10290400,2323000,6156500,3387700,9339900,1134700,38246800,46207200,3751100,5587300,829100,2367500,2673700,4325400,30069300,29765000,10650800,44760800,15296200,8032600,11616700,10446200,4927600,3306900,2843700,7835200,4959100,1482500,39629400,11222300,23396800,5875700,1165600,2406400,95384800,2714600,8540100,3620800,28800600,118024400,8142200,17234100,5380400,5222200,17215100,1597900,9420500,5453100,7658300,4217700,4437800,1188300,13942700,15542600,61962600,50677000,14007400,27865400,14414700,4484000,34289800,13805600,19166600
2022-02-04,6967200,6726000,7746000,5460400,8532300,1196600,36644200,32188300,3348900,4833100,1292800,2871700,5681700,4382100,27353400,34561500,9619600,65508300,14474700,8616400,16448000,16222600,4448900,2895500,2641200,7108900,5687900,2226100,34291100,9905600,26115800,7585100,778700,1934600,86318300,1332500,6971400,9404700,24572200,118454400,9560900,23609800,4955100,4830400,15226400,1709700,2652000,6865600,8210000,3585300,3097700,795000,15478800,23376200,81733400,77792400,16025200,29721400,17939500,5447900,37029200,12004100,20021600
2022-02-07,6723400,1667500,6252200,3394100,4746200,893700,31917100,17045500,3964200,4655600,774300,2305600,5821100,11963100,23620000,26002800,7796900,37620700,10795000,10294700,10099900,21484900,4561000,2915100,2652700,6353200,2563900,1491500,33242600,8775800,12756600,5616000,1792900,1285800,58198100,1234800,7850700,3555700,22888000,84472900,9979000,12962400,3411500,2247200,17679600,1985600,2452300,5860900,5620900,2757300,3520200,933200,13489300,25255400,65165000,52710400,10452100,14622600,10949400,5403300,27543600,9229200,18764600
2022-02-08,7987000,24173900,6727000,3238600,4568400,789900,25562200,27066900,2219300,4644500,647500,1884200,2822000,8012500,20523800,28352700,5802000,39549000,6869300,8111500,8829500,10810200,2883500,3652900,1896700,4955500,3850200,2219500,28341900,6454800,22126100,5382900,1038900,1741900,64720900,1657600,7542900,14355600,16005800,81012000,5654300,16269200,4180900,4923200,11582900,1377500,2600800,6106100,5565700,3075500,3814300,976500,11707700,15501800,75764200,56921200,10376500,21139800,11472900,4876000,38853200,11071600,18318200
2022-02-09,9194400,4386800,5862000,4822700,4781700,1034100,40082900,26858900,2272700,3594800,750100,2721700,3166600,5753200,21967600,35321900,8002800,37641800,9599500,10113400,10409200,11692600,3152900,2377900,3593500,7144600,5735100,2253100,27329300,15539400,19616400,4349500,1192300,1773300,55766400,1652000,8477700,2976900,17908300,92589900,6164600,14349100,4889500,3933700,12497200,1389600,2077300,5746600,6284500,3698700,4396600,1333500,11085600,21469200,70791400,67505300,13166200,17795600,14899300,4927400,35231800,10811000,16918800
2022-02-10,10761200,6107100,8869700,4868300,10298500,1161700,55440700,27349500,4278300,4958500,1059800,4066900,4280100,5501800,28640700,29612300,10693500,57751400,13591900,16633900,12167900,13181900,3523900,2899800,2887700,7476000,3407700,1311100,44788100,13512800,39583900,7773600,1655600,1364300,112468500,1562800,11459100,5892000,36468000,140103700,13043800,30896200,5199100,4787600,19594700,1832000,2543900,6948000,9260500,3511200,5989600,1834000,13962400,26622000,75643200,67260800,15560000,31692200,19828500,8187100,45060000,14393300,25946400
2022-02-11,13868300,3164600,11100900,6965000,8211500,1099000,53838300,51519400,14214100,11583000,1851100,6037100,7448700,6190100,55031500,41388700,25741500,58997100,35564500,18315600,15825800,16662300,4769500,4371000,3651600,9436900,4964900,1776600,41516600,15919700,21553500,6856800,1281400,1805900,101569100,1444600,10028400,5432400,47248800,153214600,14075400,43210300,6720100,12309200,21576900,1604800,2487300,5679000,10458600,4839800,5710100,1230300,15697700,25266400,93034000,77962800,18726900,34878800,18498300,9040100,36059800,13072300,25319200
2022-02-14,8843700,1876400,6301600,5164900,7315100,1043700,59439800,45356000,6454000,7318100,1526200,3313700,5803800,4240400,28106600,32253900,13650700,36550200,16345300,11090000,15252400,15509600,4411000,4275600,3199300,8249000,3164500,1863900,32262700,13359200,22793600,5290600,1832400,1184300,80254400,1763700,12685800,4375400,27999300,123006300,8381800,23157400,3828300,9540700,22676500,1808400,3382500,5350200,10167600,4402100,3683000,1042000,17819000,18896800,99633000,71521600,15297400,41030400,23550800,6979200,37112200,14386900,30854800
2022-02-15,5820200,923100,6731200,4104400,4932200,937200,32938500,30223600,4968300,4076100,934600,2656900,3557600,3388300,22891700,32642700,12603600,32724800,13787900,8490500,9656500,12174200,3421000,4374600,2033300,6722700,2927500,1824300,25847500,7187700,15673700,4296500,1557300,737400,55128800,1153600,8981700,2127700,26993200,88482700,7243800,18198500,1999400,10076300,16078800,1188400,1841900,3612600,6815000,4406200,3021300,878600,12628200,13351000,86092200,55439600,10542100,24437400,12300400,5395100,34174400,8969900,20722400
2022-02-16,8116000,1057500,7142400,3950600,4496500,780700,47236800,22557600,3709000,4671200,919200,2252700,4609500,4395400,25223500,26391300,12772100,38996000,14515300,9007700,9593800,15804700,3337000,2855200,1984400,6315600,2762600,2363400,30104800,9049200,27148800,5437300,1298300,915800,58947100,1048200,7470900,3335200,24804900,84863600,5819200,16473700,2639000,6978300,16225300,1289000,1924900,4333000,7743800,4812400,2660300,902600,12961900,15678000,73444200,41168800,8222600,20318200,13507700,5675200,32184600,8779200,17397600
2022-02-17,10217000,2324900,6833600,3057600,4433500,765600,41245300,34691300,4397600,5787200,843100,3768900,4959400,3613400,24773400,32792200,18612500,30755200,18813600,8749500,11571500,11041000,3769500,3295100,1802800,6435600,2315800,1627600,27140200,5987100,24384600,5221000,1237500,946000,61801400,1129500,8899500,4442900,33941000,102259100,7624000,24508200,2965700,7116200,14998000,1255300,1468100,4847000,7541000,5784600,3071100,940900,11970000,13083800,67622800,59107800,10912200,24906400,12873300,5008400,29159800,11906800,18136400
2022-02-18,7110900,1485300,4744400,3306300,6193700,1180900,41312300,34752000,5927700,6155100,1082600,2397900,3378900,4427300,29342900,43084400,12760700,43848800,12423300,8486800,11729500,13074000,3400500,2649200,2622400,8059100,4916900,2813200,36255400,9223000,19233800,6563800,1476500,1310700,80001500,1609300,9522600,2459400,23016900,132642900,8066300,17522600,3429300,8438400,21103000,1281600,1792400,4809500,10570800,7007900,3371300,1201700,15194200,17929600,63291600,47816500,11969700,25310800,16470100,6226000,33686800,13505600,18990400
2022-02-22,7604400,2188500,7058800,4654800,7942700,1277900,60704500,32967600,8123100,9463900,1273900,4564100,5654400,4580000,28486100,43295100,14960500,37004300,16972300,8392500,13919000,14119700,6211400,5999000,4622100,9939000,4433900,2227100,31847100,7168000,18011000,5980000,1559900,1851500,85967100,1645700,13990200,3487300,38336300,124391800,4772200,19534000,3736800,9307800,23406500,2018800,2115300,6656900,10414700,7748900,5069900,1761900,19444900,21308800,93002800,60719700,16809500,26893600,21545800,6832300,34421400,13682100,27345600
2022-02-23,11732100,11535000,7938900,4004400,5732600,1302700,38873700,39771800,9503700,10861300,2886700,6223300,5626300,3473100,26350100,28959300,11772200,36545400,11797900,7941800,12956000,16452800,4307600,4942200,5262500,11345100,3488100,3301900,31491500,8755000,16579900,4409100,1630000,1246600,86215400,1505300,13036200,4258700,35427200,132578000,4752600,17757800,4681400,8562400,22238900,1922500,1937400,6201000,12154900,7684500,4340800,1625600,15556200,19162200,67958000,64169800,16296200,37879400,15134300,5917600,34583600,12022800,27134400
2022-02-24,12372100,8393400,8883500,13349400,14167100,2574100,95679500,72044600,21606100,16191500,2725700,11221400,11730800,7428300,56614100,47219600,32726000,56132500,55587500,19162100,22603600,33018800,5866800,10430000,7147000,19259900,7496800,4647700,52221100,15240900,29245000,8537800,1884300,1410500,130614100,2931400,28840200,4573600,85973300,213942900,10218600,28150400,7685500,18256700,42537400,4295400,5063200,9479200,21277200,10471000,6623000,2582300,31161900,31807000,123485800,143075700,27356100,50967800,30125500,11608800,57320000,23220000,41736000
2022-02-25,10089100,1846500,5923200,8694300,9496300,1378100,58887800,47641800,10060600,11623300,1217400,4860000,7636400,4717600,24743300,37215400,11530900,44118800,16614100,8101900,13282700,22190100,5537500,6962600,3674800,9651300,3155200,2423900,33656200,13661700,19073700,6373300,2521200,960500,78842100,1626200,11682600,4279100,37032300,121804500,4615600,15025400,5037900,8803300,25452200,1838600,2218200,5870300,11665200,4615100,3866800,1228600,18987800,22258400,78423000,99127100,13511700,28301600,21141600,6193400,42528000,17012300,27338000
2022-02-28,16594600,1769300,6494400,10291900,8217300,1826800,79366600,50821600,16201700,7837900,1333700,7676200,6595400,4397900,20645200,42867400,16055800,54006400,26526900,12291800,16700800,26740500,9735200,3961000,2989000,11174000,4289500,3351000,34975900,14734100,23474500,8670000,2166700,684900,77515500,1608300,11774700,5265300,42783700,145615000,7282300,25817700,4527600,8886500,26278400,2111300,1867600,7296900,11855900,4219800,5512400,1010100,22508100,22460400,96394200,107370200,18310700,34822200,20975100,8591800,36705200,17987700,32321800
2022-03-01,14355100,4195900,9319000,11819800,8532900,1867500,72297300,49003900,12318800,8873400,1549500,8167500,6626800,3960500,35951400,38538900,21942100,43268500,22786100,28285600,18205500,20974700,7718300,5984100,3802900,14288700,4450900,2086600,40638900,17125400,28504600,4531900,2380600,1247200,67407000,1675700,14989500,7383600,60537600,137785900,8968800,35664400,4147500,16803600,26696700,1777400,2079600,8896200,9124400,4765000,5013200,1069700,23007800,26263800,124231000,129873100,21884800,29925000,18750300,9027900,33464600,14064200,26997600
2022-03-02,9028800,2298700,6491500,11672700,6836200,1209600,61858700,43906000,9535900,5574600,1182200,4412500,6350000,4196400,38425300,32643800,19727200,41489200,32694700,12303800,15931700,17464500,5715800,4773000,4743600,8947200,3294400,1887400,29978600,9952800,24849900,4447100,2440600,2162900,70609000,2210500,14114100,5250800,56523200,117726500,5829800,30397400,3996200,21956100,28569200,1609200,2005900,6946100,8185200,3884900,3328400,1135400,16913500,19142800,90908200,88182500,16881400,25592400,18935000,5481500,29259800,12395600,20262800
2022-03-03,15802600,2265500,10349100,15822800,7790700,1459100,57514100,44389700,10274100,6012300,3453800,3981400,8562200,6060200,31697400,37919400,15164400,23594200,21556000,12247400,13967700,16534400,3917500,8751000,2650200,9927000,2876400,1992300,30142700,8693300,14144600,5702500,1170700,1177300,71089400,1604100,13099500,6877400,44272400,105501700,4892900,20649100,3019400,18443800,23595500,1245800,1157200,6517000,8745300,4161700,3043800,1101200,17723400,19471600,89119800,71952600,14831600,23450600,19576500,5774900,41471200,11172600,22404000
2022-03-04,7838500,1231700,8042600,17301000,6025000,1125600,68351300,54455500,30704800,7230500,1350800,3946000,9970900,3325700,29065700,38165000,22390100,32141100,24283900,20102300,18874600,19446500,4974500,5170300,2592000,8081100,3191300,2220300,31610400,12683100,17402800,5480200,1159700,1115900,76936300,1433300,10649100,2880500,61566100,113978200,4735200,25853100,2980700,17341900,37019400,1233900,1159900,6438500,6317700,4518100,2931100,927400,25190600,17329000,105216800,105904100,17167400,26731200,22078900,6193600,48683600,12160400,21659200
2022-03-07,12740600,15932100,6425400,18127300,6590800,1460500,77557700,55499400,27714300,9728000,1571700,5960300,11764300,5006700,44701300,52304600,27951800,43675900,32373300,13633200,32943400,27518000,4402200,7807400,3930000,8790100,3387300,2535200,39279800,10395400,16164900,9935100,1222200,2550200,89933800,2976800,12826500,6302700,51534300,137896600,6720100,23710900,2801700,16563300,46667200,1620700,1932700,6506200,8411500,7953400,4647400,1481500,21377900,21826400,131214800,116046200,16533900,32864200,20057300,7882200,61944000,15704000,32146200
2022-03-08,9933700,7738700,8565900,19913800,8209800,2245400,90831500,56682500,27205700,14054500,2280300,6956800,13473800,5831200,25820400,62576800,47347700,57474500,71496600,10819400,28263700,27928000,5239200,8742000,4613600,14798500,5714200,3552400,45715800,12544400,20045200,6787700,1816600,2584200,116153900,3383100,16128000,5585700,114432100,164772700,6291000,28331300,5087600,29882700,47835600,2547800,1510900,7090600,9356100,6132200,5250100,1456500,25919200,25989800,196054400,114915000,22316800,36898400,29710400,10469300,53129800,21794600,50888400
2022-03-09,11192300,2580700,5761500,16680700,4669200,1545200,59840900,55565000,27225400,7410400,1706500,3764700,6886800,5768500,23264500,40442000,26839700,31143000,36028000,7932300,18245700,14686600,4342400,6119600,2853700,7703000,3354900,2148100,29048000,13957900,27652200,5066500,1487600,1322300,64723400,1571400,11618100,4988900,58012900,116990800,8093400,18819200,3518600,29934600,36557900,1416100,1709200,5785900,5812600,4558400,3658300,1036500,16960800,20626200,174036400,88716400,18757400,35327400,18254000,6229300,50953800,15576500,31938200
2022-03-10,16234900,2353100,8261200,8655500,3317400,1104800,59158300,33804200,15153600,15922900,1357800,5670800,4397400,8852200,18520900,59032900,18455200,46408900,13687400,11100100,16857300,17960000,3542000,4431200,3478000,8046600,1817800,1343000,25661000,9127900,34185900,5610300,1046900,1497200,69362700,1806900,9550200,4780300,37767600,93972700,4035000,26868900,3015400,11738200,29302200,1725600,1186300,4034900,6394800,5271300,2278000,992400,17520900,15590000,137802600,71547300,13317200,27448400,21892400,5638500,34039800,10708800,25854800
2022-03-11,11997800,805100,7883400,7746400,6923400,1818200,72846700,32380700,12094800,5751100,1148100,5459600,4439900,5444800,29649000,54458400,14824700,40097000,25774400,5567600,18277200,17760300,4094900,3875400,3138800,11299700,1934000,1636800,24990000,7002900,20701300,7009600,2216900,1001300,66228400,1589000,8404800,2620800,32083100,95636300,5043700,15583800,2424100,7937300,33712300,1172100,2728600,5381600,5872800,5511000,2296400,949700,18450900,13862800,91837800,76788200,10695200,21457800,14276500,4363500,24988400,9869100,24156400
2022-03-14,10961600,3886800,15449700,8335900,5640600,1748300,85651000,32048200,9413600,4843700,922400,4043300,6082200,8717800,29102300,88118800,13186400,61536700,17875000,8622500,14882900,24509500,4936900,4938300,3283400,8925100,2404500,1842800,34969500,10265600,18624900,9771000,884500,1200700,79802600,1471400,8918400,3874900,31301100,95729200,3650600,24385000,3272600,9470000,22373000,1645300,1944200,4539900,6455000,6284200,2784200,1338800,27183200,15630800,101490000,70969700,12988000,27852400,18438900,4846100,41004600,14373200,30349200
2022-03-15,14001200,6259700,6265000,12507400,6648500,2738000,85987500,36961200,14046900,11392200,1289200,4992100,4882200,5357800,27039300,116703800,16962300,57385300,19905900,9294400,14688000,32510700,7774600,7307800,2660900,7882600,4006300,5279800,25464300,15686100,24022000,13852200,957600,863000,76471000,1548000,7232100,4999800,25150000,106219100,4662200,17518800,4814300,13575300,29380000,1437600,2112300,5245000,5739400,6491000,5261500,1596100,34112700,18169600,124724400,51828700,11204900,22993800,17078100,4988500,29004400,14374100,27120400
2022-03-16,16805400,1773200,8156400,8001000,9577100,1846100,134225700,44821400,18294400,11191800,1901800,9097000,3755500,7770400,24277600,165327100,17548100,66254800,25678000,12847300,14948600,24047300,5165200,5536700,2512500,7961700,2100100,1999600,31869700,20807900,32561800,25402100,1582400,1283300,105243000,2189200,9442200,5365100,32895300,144954800,5880300,25857700,4655300,7392700,23392300,1417400,1288600,6561300,7407300,4863500,3060200,1425000,33405400,23893200,107536200,87007600,15840900,27176000,18783200,6868200,40011800,13840400,33778800
2022-03-17,8035400,5463400,6774600,6045000,6032900,1520800,80743600,35025600,9147700,7810500,1864100,6269900,4244600,4226800,28617400,80360700,10954100,48573700,15438800,7215900,12728800,21228300,3758900,4609000,2681100,6514500,1437500,2549600,25783100,11579800,23878300,11296300,996000,689500,67810000,1151400,9147000,4453400,24339600,102676900,3732400,19330600,3485900,9653600,20850500,1668700,1085800,3844300,5177500,6570100,2975600,1375800,26385700,14103000,76956400,58266400,10897900,18518800,14484600,4499700,31830000,10973100,26085600
2022-03-18,7864100,3115300,8895700,3562600,5903900,993300,77755100,36684100,6621800,8713800,1525100,6458100,4694500,4515500,34698400,91834000,13996500,59780500,13874700,7509200,14758900,28178200,4812100,6087600,1712800,5276000,5480900,2945900,37092200,12059900,21675100,11023400,1534700,768000,85446300,988200,8209500,4946500,23821900,106345500,4485100,55891700,2584500,4440900,20866400,1134600,1386700,5815300,5875000,3425100,2949900,1832600,30410100,19242200,58550800,82342500,14921800,27897800,20278600,4727800,37038000,11364200,30129200
2022-03-21,8024800,3961400,6831300,4170600,4329900,1079300,58558700,29985700,7586300,5907500,756600,3224900,3762200,3456600,22664700,79505500,10582200,62364300,17121700,11003600,9439000,18995100,4214400,6134600,1454800,5679100,4700900,1952700,26747500,12473700,17919300,7318700,1010800,995500,73799100,867700,8823900,5342500,26595700,88349800,3459200,26122000,4227600,6410800,23460700,1192300,1049900,4571900,4159500,2802200,2516900,938800,22204800,17759400,68714800,46828600,10821400,22341400,17659100,3979300,36294400,11473100,25648000
2022-03-22,16120500,3440100,6488400,4452500,4430800,783800,61380900,21840800,3403600,7408800,661000,3601800,5121900,2911700,18438600,50885700,9621800,40148600,10010100,7710300,7466100,24433700,4507200,4109400,1563500,5356400,3132000,1208300,24699900,8852800,16780900,7449000,1152200,574100,63345900,819000,8237700,2931500,18807000,74650400,3683400,21830900,1941100,4175300,14341300,2939000,1150600,4749800,4231700,3269300,3613300,1202200,23516500,13931800,66462200,61053100,8292000,17485800,11667300,2853300,29286400,8892100,16421600
2022-03-23,9060700,2205600,8919400,3406900,4098700,789800,76986600,22375800,7583600,5475400,518000,5922500,4578100,3993700,19889800,46903400,12557300,36294900,15792300,11222700,12754200,20377800,3256900,4238100,1911500,5558000,1976300,1087400,19775000,8181000,16949300,9578300,1584000,1181000,70615500,1068100,9014100,4184400,20826700,79426100,4621600,21266100,1987300,6155100,17635500,1603400,746800,4595400,3742600,2695400,3088700,1260800,19841900,11578800,58663000,42142600,10475400,12360600,14027800,3976800,27990000,10013400,15758000
2022-03-24,7480500,1749600,18907400,4595200,3550000,667200,52016600,22098200,5455100,3229800,474200,3963400,3121300,2925400,27090800,53219500,10970100,18435800,11663500,11112300,8715800,17793800,3618300,4073600,1218300,3491500,1927200,1648100,19781200,7523000,20466500,4996200,514500,542000,53555300,875800,6228900,3311200,32930600,64736900,5085900,17141600,2144400,4417200,14647800,1098600,1084300,3893400,2977300,2375100,1523000,946900,17516500,10905200,52700600,30421500,7698900,14263400,9458800,3758900,26591400,7189200,15134000
2022-03-25,10538700,2840100,21372500,4694700,3206200,765300,39294500,18372100,6040800,3381800,485900,3155500,2767700,2823200,19700100,34425100,7911100,36497500,10871200,9055600,14539300,19089200,2873500,2632300,1586000,6909400,2533200,1164400,19430400,9989300,23247400,7741200,1517800,628800,57584200,1478500,7825500,4601800,17899400,77101300,2761800,25684500,1635400,7534500,21845800,1335400,1007500,4495100,3638000,3851100,4142600,957600,22809800,10050000,56083600,48613100,7350200,14874600,12508400,4003200,28922000,7040100,16407800
2022-03-28,8540500,2839400,7494000,5249700,2962400,854600,49757000,24829900,6187300,4666700,510500,2197700,2873900,2430500,23092400,35459300,9489700,26886100,11396500,12858500,16652800,15936000,4453300,1961500,3372700,4230300,2875400,2420300,18999100,9054100,18691100,7063400,1363600,453400,56833900,736100,8082600,2991200,21405200,68529800,2815400,17657800,2422900,8934500,15933100,1412100,737100,4130800,3395300,6799400,3101400,1248100,19367000,10706800,69760400,44761000,7940900,18593000,11602600,3705400,30959800,8467000,23065600
2022-03-29,11396500,4356400,7308100,5106800,4711800,940000,54088200,25591200,8018100,4713400,468400,4825600,3868900,3395500,23108200,44333700,10458900,49781100,14343900,7539900,15886600,18211100,9822800,3074000,1360000,5716800,1761100,1601200,29550600,13614800,23812400,6270300,1755000,531700,68073000,1083800,14089200,4640300,30815100,86581500,3139300,19319700,2809000,8954800,18522100,1384000,1053300,5350500,5510600,4470500,4094300,1565300,15914100,15656200,73274000,67968600,12157500,18829800,16595100,5108100,38114600,12327700,19373400
2022-03-30,11544400,5278400,7071800,3669100,3909800,903400,57717400,22487000,3618700,9557000,477900,5716800,2331200,2405000,21724300,44718800,8361300,43905200,12005300,6430100,13387500,23519500,4232900,7826700,1368800,5738700,4307000,1779200,26251500,11883500,17696700,7363100,1484300,1168000,68757700,1414600,6133200,5826600,25616600,79666900,2728100,16310200,2192100,5239100,15181800,1013700,730800,5216200,4794300,3436400,3862700,890500,23389300,8967200,49736400,47405300,8731200,18680200,13367500,3881400,35229200,10752900,16296000
2022-03-31,13799100,4311600,8244200,4881900,3978900,984200,74448400,31677200,4306200,5961500,542000,5547300,8415900,3840600,22932500,42766000,9844400,40717600,8345000,9147200,14460200,26796900,3878800,4635900,1530700,6553400,3641800,5158000,26771600,11979700,19905200,7191500,1258600,855100,67011400,1269200,6081300,5328800,27145300,121699900,5546400,19901000,4158100,10749400,16292800,1285600,2813100,7466900,5876600,4087000,2378200,830800,19759200,10599400,65606600,66619600,9441900,19424000,12388500,5624200,35701200,15843000,16778000
2022-04-01,11581600,2302500,6326900,5282100,3560200,896000,54193400,23182800,3559800,5813800,776000,6254500,2924900,2389100,31761500,53655700,13034400,31316100,9629900,10237000,9757100,20512500,5515300,4950000,1602200,5257400,2328700,2454900,25948500,7758600,16506800,7358100,1204200,579300,54527800,1357600,7048800,10292300,47311800,89048800,5399200,23489700,2568600,4926700,14885300,1462000,980700,6568700,4663100,3456400,3106400,787200,18031700,12484000,49612600,68422500,11182200,28209600,12644000,6746700,38013800,20785700,9978800
2022-04-04,9956400,2478600,9091700,4628700,3829900,710000,48057700,20875700,3666400,5171900,479100,3286100,2440000,2010100,21078800,40553900,7063100,32710900,9487300,7372100,13885000,16461400,4129400,3420900,2798500,4052100,1699000,1846000,20333900,9167900,19647900,7039500,1069600,494100,45950200,793600,6914400,5015400,34757100,59601000,3284100,13609900,1956500,6157100,13711700,1102600,1168900,6311800,5117200,3241100,4141700,1021100,15647300,11518000,46007400,134312400,10436500,23048200,9618400,5056000,28391000,16769500,15424200
2022-04-05,11028300,2060900,6956300,6250400,4331700,634800,45058100,27759400,4127800,5356200,920600,10761800,6506800,3716400,30527500,40696000,10828500,51886400,15468300,9675600,9555800,21728100,3708800,4152800,1181200,4425600,1942100,2241900,26509800,12010400,22750400,7947500,1099600,685100,62738700,1663800,6558300,4694600,42303300,74214500,4752300,25196900,2093200,7542800,14409500,1013100,2123800,4993700,4112000,3268800,3991400,1561400,15185300,11457400,54577200,56165700,15332800,23588200,12717200,5239100,38140600,15025100,16219800
2022-04-06,13116000,2698700,8649400,3825000,5431300,1081400,56877100,30692700,8541800,6237600,772600,4717500,4924300,4214700,44174800,43614200,8942100,67118000,12308500,9054400,13539800,16460700,6048300,5385600,1979500,6035500,3384100,2492200,34903900,14822900,25447400,7034500,798000,777300,90077100,1591400,6141600,7479700,32631200,106898000,4662400,22952000,3897600,7040900,16650900,1423900,1162700,5050800,5540700,4122000,3694300,1303900,17994600,16795600,64328400,55835100,15573200,34225400,23849600,6810900,56489200,23197800,27844800
2022-04-07,7922500,2615000,9157600,3891900,4599900,997200,38954900,27838500,5334800,5535100,582300,4350800,3987300,3615000,24628300,34133700,10140600,42831400,10502100,5518900,16378700,18969800,4133800,6278000,1435100,5313200,2579400,1689100,29291200,11140900,21292700,7805100,1110100,865100,63777400,1328500,8394000,6184500,33647600,78097200,3109300,23458800,4291800,5749300,24601700,892900,1262300,5338200,4954100,4347500,3775500,1006500,18050600,11529200,54097400,53346900,12381300,23200200,18311500,6015900,42033800,18160200,22538400
2022-04-08,6503200,4726200,8989600,6044100,4535900,682500,41263400,21937200,6130000,4851400,728400,4229100,2960900,2981200,21240600,26536000,10655700,42177200,9100400,8091800,9301600,11837700,3833000,4391300,1056000,4962800,2089000,1971800,25249600,9018300,16072800,6575600,799900,807500,61956100,965500,6522000,4539500,30242700,79272700,5256300,26859200,3276300,5666300,18270700,830200,913600,5941000,4752800,2954800,2961200,1168500,12011400,10311000,53426200,44672300,12923200,26354600,13879400,5033700,34388600,19102700,18595000
2022-04-11,8381800,3597100,7858300,3558800,5344400,1251800,47878200,22149900,5640500,5837800,613100,4311100,4403800,2155200,17699300,49128500,10071300,42293400,12147500,7356400,9713600,26105700,3134900,3528200,1799200,4955000,3121300,1984600,33702300,14375100,20685500,7080200,865100,942000,66107400,2177300,6444000,6705400,40735800,89770500,4074400,30020700,3068200,5209400,16789600,1018700,1138500,4315700,3342800,2942200,2530600,970500,16692400,12266200,52461000,54435500,11246300,21595400,18229900,5041300,46335800,16570700,18593800
2022-04-12,8498700,5780400,8168200,4192300,4501400,1089200,41815200,28916200,6505900,5750800,914200,5661900,7943200,2604000,26471300,41435800,12024600,38031000,10937500,12211000,11539100,24119600,4678400,3853100,1484100,5272500,1746500,1986700,33699800,8916100,25029100,7016700,1402300,883400,72790200,1288600,7321200,5658800,40646600,84363600,6454400,23124200,8741800,6839800,17089800,1069500,1036400,5094800,6615800,3164200,3168600,977000,16535100,14295600,63929400,67215400,11473900,22172200,19804800,6728900,45313800,14085400,23297400
2022-04-13,6801000,3719200,7790300,6133800,3605000,821100,33529400,20164900,4604300,5269400,2405400,4292800,5196200,2546500,23143800,32892200,8651600,31635500,8084100,6346100,9738400,11257300,3623100,2810000,1323200,7292500,1600200,1143900,22303600,12809100,21276200,5486000,1034200,895000,61367800,1088400,7727100,4808100,32672500,74070400,4781400,17189500,3179800,6918900,16348900,806700,1481600,4673100,4358700,2404600,3567700,885500,12040000,17061600,49295800,57445600,7661100,14446800,11715500,8415000,35313000,15496400,16820200
2022-04-14,8510100,1612700,7046100,5547100,4179600,967000,38915000,19861900,5036800,6082100,1129000,5183800,4712500,2159500,27728100,24839600,11567200,45130400,10087200,6158700,10784600,14331300,3658700,1772100,1029100,4409800,2182200,1888700,27107000,7907300,19717700,4299200,1450400,633500,73519400,653200,6996600,4336200,31607200,97869500,4916900,34274500,2271000,7437200,14869800,1034600,544900,4464700,3735700,2465500,1629600,854000,16026500,12664000,51869400,68544200,8252400,17407000,12195600,5098900,28427000,10993400,17839400
2022-04-18,8633000,2689000,7187800,7531200,3939000,1098800,29106500,18508900,6521900,6205700,5177000,3893600,3506700,1819600,14945500,33395600,8886700,20864100,9143700,4591500,10731500,19156700,3799400,3287000,1590400,4631500,2834700,2192400,22246400,7303300,16576000,5457700,1144000,818000,58560600,1031700,8536500,4100100,45390300,66002500,3969600,18784300,4075400,5326100,17165800,1143600,967300,4256900,4305900,3674400,2262600,882300,19001600,12443000,60913200,52748400,8701000,14060600,11426700,5247900,29878000,10125000,15385600
2022-04-19,7847500,3194900,11568000,5921200,4261200,1816500,40066400,24863500,3861900,5594200,1094200,3398800,3439400,1750300,18707800,29185400,12585600,29920800,11422900,7004900,22505000,11526500,3114500,3465600,1563500,5184900,3418100,5385900,22786700,8262600,19775400,5139600,897300,831700,56515700,771000,9876900,5811000,35867300,77821000,6102300,26012300,3222500,7626100,16475900,1283200,843100,7536100,3841500,2631200,2245800,988000,15956300,10121200,45727800,41519100,10920100,13562200,12814100,5908900,33030400,11733100,17470000
2022-04-20,8460900,1901700,7366100,4145300,5677000,1093100,36373300,30249800,4601900,6034700,792500,6219700,4336500,2122700,22664500,44591000,7038600,25769700,13162600,7479300,14373200,11970400,3412500,6624500,1137100,4293900,2281200,2229500,20516200,10089000,21119400,6499900,1018600,2093600,65500000,1245200,8420400,6121600,23415500,65224400,6580000,31423200,3199200,5056200,17473500,1085100,1070900,5395900,5067100,2933200,2836600,802300,20952500,17289400,52079400,54635800,8623000,15652600,21659600,6241800,36652400,13674800,13876600
2022-04-21,11395800,3573700,7869900,4061200,5369600,1302900,44857400,32960800,5081000,10169200,935900,4622000,4773200,2268500,29263700,51838700,9639800,38695100,12149600,9137500,20042700,17362900,4067700,4675800,1212200,5260100,2103800,2572700,31547700,8669500,25288700,9068600,1216900,820200,75801000,1379600,7180500,7119600,37513500,85417300,7096200,23323200,3487900,4815700,17545200,1116500,836400,4820700,4670200,3172100,3378400,1377500,20043900,15328600,65157800,54998100,11117200,18509200,18501800,6083100,36817000,11409700,23446600
2022-04-22,9159000,2183300,8625100,4307600,6855100,1102900,68371900,34878400,5660900,8183800,889900,4112100,3467200,2586300,44447400,47891500,9147000,28243000,13591500,5451600,15346600,21536500,3653400,4623600,2564600,7928900,3135000,2449900,35686900,10794900,19927300,7805200,1467100,1578800,82562100,1291400,10358700,5426000,32779500,132471800,4678600,19773400,5878300,3730500,21819900,1568000,841000,4917800,6326400,6361400,2631700,1370500,22372700,18824200,71499200,73170900,12030400,22094800,19747900,8511100,54683400,17525300,22307400
2022-04-25,8777500,10561900,6091600,6128600,6806600,1548400,67643800,37193600,6099400,9450500,1730800,6583300,5105300,3324600,42836500,54395300,13073700,35914500,17676200,8617400,22690200,29847200,5055300,4725200,3047700,7913100,4237500,2264800,35556500,12807200,22261500,10316500,1756800,1771600,101755900,1452900,14453700,5772300,38780900,119647700,5231500,25418900,5968000,5073600,30691900,2188700,1296700,6032300,8141200,9271800,3043400,1179300,26472400,26687800,110724400,91392800,16391100,28707600,30868200,8143800,59671800,16501900,25809600
2022-04-26,8535100,4266900,8837100,5365400,7619800,1206700,70774400,41284200,7338400,10172500,1675700,4872500,3339300,3411800,37120600,37826400,9042400,31171600,15447500,9575400,17102100,21283900,3851500,6854500,2531700,9574300,2527900,2524700,40513600,9328500,22695300,7848900,2042300,1275400,105819600,1267500,9595500,6670600,30841200,103996300,4330300,26931300,3986300,7354100,29718900,1630400,1233800,6217500,8493000,6891100,2516600,1344000,24194100,21081400,89168600,81457500,14594100,25953200,26864500,8830300,41106200,20087700,29196600
2022-04-27,11185400,7534800,10802000,3375100,6894400,1438400,61594000,43593100,7271900,11996200,1070600,7605500,5053400,4029700,30549000,61489600,8854700,37598600,12830500,7908900,21860500,28644500,5225000,6348500,2730400,9798300,2753800,2459300,37808000,9338300,19426200,10182300,2532000,1890500,111204200,2377900,13697400,8770900,30704200,122030000,6335700,14560500,5184100,4545800,23657100,1817100,1474000,6007100,6415700,4955900,2923200,1752500,53537400,26049200,89132600,81603000,13363100,40048600,29441700,13001300,49067800,16726700,25103000
2022-04-28,10372200,5876900,7644000,4675300,5976600,911600,43763100,32154000,7891600,9540500,1254900,6435100,3677400,2938000,26955200,38035800,6381100,30808800,9942000,6943500,14591800,21076100,4235000,5191000,1966800,5563200,3828500,1899900,37405200,12792000,19645500,9053700,1298300,1662600,99450000,1903800,8425200,4671300,28124600,105449100,4564500,16892500,2681200,6856000,19231400,1097400,1306000,7235300,7030200,3767700,3184500,1038400,19501900,20703000,87469600,62680000,13461600,27762400,22128500,9532500,39902600,15510700,13985600
2022-04-29,9924100,2678700,7120400,4323400,6495600,1214500,61703900,54305300,6492100,11952200,1026600,3244600,10074200,4966300,42076000,66729000,7719700,35697100,9553100,10012500,21123900,21971300,3823400,5784400,2791500,8744800,2888200,2585100,41193400,12708400,20257300,8894400,1693500,2355400,91977900,1920400,11616300,8047300,32119200,145491100,8607200,26153400,4099300,6097900,20646400,1515800,2106600,9573900,8221900,7330500,3629400,1211200,20111300,21265600,79416200,74631700,15135400,29589800,27802900,11520500,54338200,17430200,18836600
2022-05-02,12729000,7420800,10166700,5788200,9221700,1504400,55015700,45813900,8041900,9722000,1325100,5481200,8433800,3881200,42829400,48913900,14318600,38674400,13409700,11327000,28281900,26691000,5766000,5451000,7160700,9393900,4966400,4455100,38002100,10239100,17184100,7650700,1980900,2374400,115511800,2221800,15532200,10907500,38907800,158312500,8579900,29233900,6188800,4467600,37477200,2420400,1676900,11885700,10737000,10630500,5083900,2316400,25821000,32838200,104141200,104408800,19101300,37004400,55145100,17231300,65832200,23615100,33548200
2022-05-03,12165300,5964300,7769000,2453000,6051000,1102400,45593000,39643500,6359000,7571400,1360800,2904700,4870400,2381300,26124900,37495400,7214300,42665700,9229300,8129100,19407900,22669600,4400900,3693800,2953700,7359700,2913200,2459800,30246300,14394200,20914600,5607500,1217800,1090100,78185500,1856300,17117400,7556800,29437700,100028200,6260800,21256700,3134600,2990700,31942100,1145500,1910700,7245400,5607700,3901800,3082900,1367500,20873600,22845000,83298800,73896300,13315900,27469800,47646900,13431300,42152800,13585300,24068800
2022-05-04,14656400,3019400,12238000,5276000,10569700,1717100,57175300,47419100,9886700,8781200,941500,4492600,7580700,4488900,45469700,42018300,10491700,55154900,19155400,11934700,23387600,36208700,4489000,6026700,2957300,9572600,2944900,2483300,38834700,17199100,34240700,8076600,1289300,1292500,116083400,1909700,10825800,11387900,53388000,144247900,5375800,25575700,3196600,5420100,28158800,1729300,1984600,8686700,7367500,3870600,2647100,1416900,23587300,29811200,90767400,87794900,18468900,28650400,37161600,14707100,56580200,19053500,18696600
2022-05-05,17474400,4886800,10540000,4150300,9101200,1733300,63268900,38827000,8071300,13209300,1386600,5949600,5839100,4649800,46833200,52242800,12794200,53807900,15309900,11675700,21262300,23873400,5039600,6304200,2780800,11436800,3229600,2066300,41468700,16556400,34356900,6976700,1369500,946500,154607400,1835900,11702700,6415700,38950600,172929100,4817100,48384500,5815900,5997700,28388900,2109600,1398400,8884000,10477300,5186700,3062000,1516400,20766700,24543600,93194000,101093900,24943700,36442200,32186100,13591600,54849200,16119800,22776800
2022-05-06,8314100,4785800,8803000,6719000,10644200,1622500,67425600,48268900,7182700,12736600,1354300,5061700,8872900,8165800,36006400,52125000,7643300,39256900,11239600,12538400,21722900,26838000,5375700,3725500,3685500,8978400,3271100,2942800,45457900,12580000,15550400,6663300,1893200,1649800,139572800,1953300,11724900,6375000,36791400,151770800,4995400,32790500,5582800,5679700,31821800,2066300,1633900,9398500,7959600,5193900,3968200,2374400,31210700,28715400,94245600,99281900,24153900,34862200,34046900,16154900,55359800,21742300,25545400
2022-05-09,8640900,8826900,7420300,9241900,7817200,1531000,83251500,50145000,5943000,9131400,1196600,4174900,6239100,4959200,35700700,57234900,10742400,38442700,13048100,7301200,27632600,35816000,6568400,4486300,5324300,8724200,3398500,3638300,53682200,10210300,17185900,7080100,1586800,1995600,113387300,3111100,13332000,6956200,40850900,155586100,5652000,26773000,6961900,5630900,30821800,2624700,11246100,8491700,10793200,9551400,3761600,2225400,29101100,27881400,106044000,85922800,21188700,41124600,33323800,18005000,51419400,17289800,22095400
2022-05-10,18465000,8261200,24792700,4717900,7716500,1697100,69865000,57682400,7993300,7341400,1004100,7420900,5807100,5457400,30009800,46312300,11010400,48419700,14551900,8054600,34746100,28937500,6725700,5184300,6488700,10355200,4308600,3566100,53650800,12964100,25650800,7989600,1609300,2825100,124124600,3784200,16161300,10070100,48854500,132497200,5760700,33640800,4836700,5741000,31894600,2585900,2976900,12528300,7870800,7605000,4226300,1730300,33960000,34030200,113727800,107581200,22935000,36370400,32510900,27771000,65578400,21850200,25447000
2022-05-11,16462000,6387100,9843600,4105400,9374700,1846500,75198500,49751100,8779100,9707500,1530000,5002600,9517500,5222300,41035100,42376600,9179600,42473500,13111900,7167900,47398600,34065600,6776600,4288900,3919800,8473100,5056000,4264500,64377800,13161500,25053500,7296100,1476500,2531200,140326100,2370500,14619000,7797800,35527500,142361000,5965600,34173600,4570700,4659600,36278700,2118900,3428100,9095800,8026900,6365500,6435800,3316500,30111800,33836600,99705000,110212200,21838600,34781800,30110100,25360800,72101800,19987300,25713600
2022-05-12,9015300,9010900,6079800,4377500,6790800,1804200,73481300,39410900,6126900,8562000,1620700,4582900,8135400,5651000,26503900,47234600,11626800,49069700,11525900,8132400,29531300,27568400,6293100,4279900,4416000,7557400,4007300,4675300,52967400,11507600,22156400,7825300,1417100,3044700,120910900,3560100,15341400,5231400,35998000,125090800,5169700,26405700,4546700,4322700,27679000,2526300,2001200,8312300,7679200,7964900,5034900,2284500,26431600,26458200,90043600,114304100,18517400,36506600,29049700,20802700,49892000,17497100,23601200
2022-05-13,6715600,14920600,5024800,3611100,4236700,853500,49196100,34682200,3455500,5384700,684100,4225000,2986800,2784600,22064000,39524800,13031100,49084400,8445900,6016900,19193200,15205800,5282200,8140000,2525000,5360400,5165800,2641100,36517000,17568900,16107900,6738100,868600,1434800,83684900,1926200,8690100,5002600,32770800,104174400,4551800,20782700,2428700,4194500,22443000,1386500,1496700,7536700,5377400,4543200,3282200,1611100,15708700,17295200,59437400,64036200,12837800,24495400,15405300,8949200,30208800,9841500,12573400
2022-05-16,7239200,2700400,6104400,7230300,3692600,1349300,32425000,21254300,2507200,3937300,504600,3180200,4481000,2445300,19110400,17894400,7319300,33300100,7276000,3315600,12963800,13745500,4248300,3196800,2073700,4944400,2754500,2415400,28225500,8971200,11980500,3768600,742900,1717800,59190400,1948800,9478800,4515800,36114000,78622400,3105100,11050600,2561200,4820700,14542900,1188800,898500,4614200,4719800,4479400,3999200,1355700,13006200,16692600,56518800,55662200,10865900,17423400,14613700,7445500,23213600,8839800,11730200
2022-05-17,6559000,2456600,5881200,4522600,3316800,1088400,49516400,31487000,3766600,4673100,953400,2756600,2658900,2891200,26086800,38858300,6441100,41666500,7379900,4286800,14882800,12899900,4091100,5849000,1712600,5230400,2723600,1696300,31833700,9076000,16562600,6708300,1425500,768100,62715300,1407900,8304000,3569200,23772600,83029700,3363700,15040800,2885800,4118300,13134000,1014000,1034800,4492000,4513300,3954500,3947100,1315200,14383600,15137400,56329400,62859300,9490500,18602200,20637000,7254800,29901800,9058700,11210000
2022-05-18,6093800,4456300,4963300,3436700,3659000,1096900,53296300,23553000,3652300,5409600,864200,4100500,3194900,4441300,25971200,29222100,7472900,47647800,7700400,4465500,14561500,13696000,24837500,5430400,2523900,6217200,2615700,2096300,36093800,9650800,16146400,4198900,1005400,721200,79477100,1035000,10883400,3613800,22132300,117674500,14954600,21337300,3636700,3882200,18732400,1987400,12712300,5130300,6883600,4712200,2664100,1456700,16249700,13932400,66461400,74279300,11173000,23670200,40188900,9546400,37456600,10005000,14761600
2022-05-19,10504300,4009000,5461400,3482800,3836700,1129100,55163500,35999600,4494000,7807200,853500,4602000,3690400,3652800,25320000,31645700,10580300,53929100,7753700,5137600,15267200,19753500,7905200,5427400,2897600,7168700,4516100,4320300,33627700,12800000,21212500,5614800,1012300,1384600,79920700,1512200,12990300,4523400,24877300,98510700,8812500,21937500,4830300,4135300,18538100,2352400,3851600,6365100,6359500,5710900,3169500,1541800,15545600,16195000,71441000,71525400,14482000,20874800,38772000,8204600,36552200,9672800,15413800
2022-05-20,6731400,3051600,6960100,2389600,4654000,1243700,59025400,36357000,3965900,9977100,804400,5129500,2442600,3717800,26342500,31331700,6578100,56691000,5984000,5908800,11384500,14282700,4691500,4017200,3033700,7447800,2950900,2356200,42243700,7050200,13906700,8578000,1031300,1203600,91764200,1732600,10151400,4869500,19639300,131432200,5597600,22780900,4000300,3103800,15988900,1800500,1547900,4471300,8755900,5153300,2913500,2171000,12317500,16114400,63840000,77984600,15695100,20252600,26185000,9859500,31358000,12833700,15624600
2022-05-23,8007200,2073200,7332900,2386600,4484600,853800,36619400,23838500,4645000,7226600,761700,3079000,2390200,2671000,40747400,23514100,5518500,29917100,6286500,5720600,17011600,11904500,4524900,2668000,2052600,4936500,3057600,1959600,24644100,6653900,14892400,9497300,935700,967700,63648400,1413000,8779500,3648100,17547600,76414900,3149600,15925200,3581100,2989800,19729700,1177400,1069300,4662400,5254900,5018000,2548300,1479300,10585800,12760200,53289400,78189300,11989100,17219600,17710900,8100200,27082200,9196500,13607000
2022-05-24,10332300,3355300,6587100,2591300,5260500,1208600,46400400,19504600,2999000,5665400,814000,2414000,2392900,2934600,20265100,44341600,6794000,42246500,7259800,6786600,21050500,13531600,4293100,3486900,2109100,5415800,2376300,2261200,26861800,8466300,17210400,5059700,971100,946800,73491100,1141100,9628200,4830000,22182500,91448800,3232900,23388200,2971300,1537600,14828700,1369300,1491800,5895300,5567300,4788700,2291900,1102000,13145000,14059600,53127600,77871200,9917000,17122000,23272400,9706200,32311400,9031300,14872000
2022-05-25,7718100,1700700,5737200,2312600,4612800,1452800,37863200,18826400,2362800,2924600,546700,2755000,2688500,2680200,18073700,28305100,4595900,56661500,7007700,4274500,11471700,18816300,3936700,5331300,2196400,5610200,1985300,1704300,27950100,10665900,25637000,5252000,836100,784400,67144500,1194900,10427100,3377200,18273500,91472900,3612600,14410800,2962500,1940400,15217300,1080800,1410700,4589300,5704600,4921900,3090200,1153600,12023000,11071400,52648000,72192600,9460100,13656600,16647300,7668000,27723800,8532400,12955000
2022-05-26,5720000,3220500,5328400,3468200,3270200,1220600,51355800,20930500,2724300,3052800,478300,4455800,4309300,2392500,22664200,45761600,6467000,64773400,5991000,3478900,8614900,18086800,3160100,3006000,3563100,4283400,1880000,2331100,25702700,16255100,34022300,4507800,743300,885900,59462200,1865800,9681300,5493200,14581000,82168300,5993700,14912900,3518200,3780800,14358900,1695800,949200,4355200,4248300,4216700,2807400,1246400,14458700,11073000,42678200,50803200,8028100,15556600,16580500,7131100,23290000,9090100,16046000
2022-05-27,5496300,2958500,6355300,2431600,2773100,1312100,31262900,13697600,1483700,2547800,536200,3154300,1994300,2091700,18060900,20686100,3847900,52813100,4702600,2508200,10578800,10232100,3320000,3473600,2644900,4078600,1622100,1709400,24952100,12372100,9246100,3705900,965700,1091400,66985600,1003000,7304700,6058600,22191600,84768700,3204900,11190400,1788400,2371900,11412600,1103200,948100,4990000,3911800,4381100,2299400,1732200,13420900,13588800,37334400,43862500,8669600,16281800,16921300,4540800,23241200,13696000,15248800
2022-05-31,10491700,19779300,9067000,3508300,4354000,1335000,72069000,25025200,3135700,4690700,567500,6366800,2725500,4882400,25091100,49882400,6244000,68424700,7513500,6773200,15043500,27674000,4894500,12570400,2285300,5773900,4520000,2828900,29794500,23030500,20336900,5564600,1822200,1325600,60968300,2154300,8544900,8197900,29473000,95937000,4760000,28393700,3166200,7416000,19971500,1704400,1382600,6276900,5016500,4100900,3880500,1173800,19722800,18490800,78681200,64778900,14498300,19420800,19212200,15462000,31041000,11740800,14145400
2022-06-01,8056700,18526200,7294600,3099400,3721400,1100200,40495600,28336400,3095900,4964800,718000,5912000,2898300,3372200,25047600,36496000,6946500,87646100,7931900,5555900,11049100,13557500,5000400,4596300,2183400,6646200,2908400,2140600,28352100,22041700,22403900,5433300,636800,7100500,65341700,1356100,6660000,10980900,25934500,86585800,4283200,15544800,8571200,4762300,14072700,1101700,896500,4607100,4245800,3087800,3097100,1036500,10936200,14350000,59297200,48642400,8713700,13304800,17552000,9317800,22422200,9259900,12232800
2022-06-02,7456800,1281900,5276600,3133500,3718800,1192600,44322300,21642000,2274200,3078100,664800,3642500,3775700,2527500,27555000,31535600,5623100,34752500,9447800,3014300,9580500,14721400,3352500,3326600,1279400,4391500,2078900,1603300,24876000,7592700,14823300,3891500,876100,1732000,59291300,995200,9066900,5243200,21958300,79609600,5457900,9832000,3728800,3769500,15791200,878100,1070800,5450800,3273700,2977800,2534800,1153900,10197700,13050800,52605400,45334700,8432500,13868400,17618500,8401500,25038200,9575400,11625600
2022-06-03,6561100,3104000,5549600,2228600,4150900,545400,39337000,21327200,1437400,3138400,454600,3165500,3233300,2461100,25151900,32678700,5519400,36008000,6764400,2687800,7959400,13583000,2684400,3577900,1308900,4039000,2134400,2555200,18972100,9144600,11440900,7120800,679100,1430100,60914700,807800,5053800,3224000,21579000,71874300,4692400,15330400,2032800,3671500,9930300,939000,649800,4989900,2749500,2694100,3142700,1035800,9320800,10651200,41050600,36699400,6828800,11263800,9750300,6905100,17691200,5852600,10714200
2022-06-06,5144500,1593400,6698000,3154800,1957600,754300,43126000,15192300,1360600,3561700,366700,8583300,2861200,2208900,17823600,42953600,3766000,35756100,6880900,4800600,7332800,13135300,2273000,2519400,1093400,3028600,2320300,2102100,24678700,8228800,12213900,9634800,755200,1106900,51785000,1187300,5256600,3584900,18624300,57508900,3466300,20815400,5165800,2315800,12516000,1079400,696500,5445300,2659500,2745500,2180300,1189400,11482500,11184000,33384600,32829600,8334500,12589600,10924200,7605400,20345800,7729000,10234800
2022-06-07,5620200,1682100,6989800,3388300,2424000,779600,57455300,19039600,1453800,2300500,266100,2461400,1563600,2409100,32708700,30512100,3860000,31499900,5806600,3230000,10502200,11308400,2088000,2286400,1170400,4627500,1649800,1245300,21661600,9491600,11291400,5846200,817800,1511500,44900300,1559600,6089400,3944900,17528900,59272400,2638200,14278700,3803200,3893800,11364000,1133000,731800,6489200,2649900,3350500,2326700,1209500,10240500,12411400,51378800,32031400,7427700,11016600,9070200,4812800,19820000,7219100,9637200
2022-06-08,4150800,2004600,3778300,5112500,2032900,722600,43591800,21219400,1365200,3007400,629800,4094000,2605700,2349100,31429400,56216100,5140800,25361600,5678600,2917900,6806000,14334300,3197400,2805600,2158500,3379400,1739400,1372700,21521700,8921000,13730800,9869800,646000,1156000,38342100,682500,7344300,4133100,15871300,64350000,1961100,11476100,2765200,5357200,10542400,818700,666500,4566100,3436400,2187200,1830100,903100,9156200,8475600,56985400,38251800,7028700,8814200,7896600,5418800,19971400,5372000,8810200
2022-06-09,5423500,1762500,4828500,3821700,2591500,919100,53116000,25675700,2492800,3797700,727600,2554000,2593500,2796000,34404400,49351400,4701100,49468700,4445500,4178600,9063200,15898200,2204500,4706400,1172400,3994400,2098900,2277900,21697200,16374700,24846700,7112300,830000,975000,55900500,772200,5587500,5332600,22778300,86289800,2866800,15527300,2340100,4583600,19332800,955800,843400,4358600,3022000,3061100,1911200,808700,13729900,10812600,49176200,49715100,6737800,9765200,9442200,5533800,25767600,7772900,7728400
2022-06-10,7830000,7140300,14690800,3215800,4484700,1340600,44176700,34102000,3783500,12990600,757400,3564400,3358000,4945200,35547600,32614700,16856100,59907000,12473000,4443400,12612800,27553500,5557600,5674300,2592400,8654200,4232100,3012900,37153600,20385900,36297900,5760000,1159900,1159200,85963500,1526700,12758700,6124200,32953700,132893900,3241000,21917100,3907300,5865200,23876000,2132800,1259800,7260100,7629700,5703800,2622800,1713500,15577600,16668400,62543600,74190900,10416600,20886400,17720500,8566800,32800600,11289000,13439000
2022-06-13,9479000,37231500,11255300,6268600,6317200,2306500,67647000,54218000,4093300,6839000,889800,6245600,7253200,6444600,44292400,48884100,13265200,122714600,10601400,9200800,20348800,26543000,7297200,4988200,8564900,13018400,4350800,4964000,39712700,44091300,34771900,11384600,1332200,1733100,94442000,2709600,19847100,8794300,44676100,170004900,7081800,36968300,5485700,6681900,29997600,3522700,2085300,8559700,10399700,10468300,4276800,3136100,23994400,20820400,89462600,104065100,18353300,36332600,22813000,13192800,52721400,14886200,20171800
2022-06-14,10943400,8434200,9530100,5818200,3724000,1771600,58868400,38601700,4976100,5854000,1005600,4129300,8151400,3781800,29163100,42078600,7347900,62818600,6440400,7829800,22626200,23485000,5481000,4078100,5259200,12557900,3629400,6495100,30282400,21578000,27320800,5581300,1555600,1867000,64697500,2728900,12123300,8106200,23906600,104011800,12801700,21865900,7446400,4675900,28145600,2967400,2133400,8707300,7584200,7045900,5357500,2373700,20284100,15700800,69512800,75592200,10512800,18250400,19864600,9800800,51342600,9299500,13355400
2022-06-15,10979000,2895100,9098600,5532800,7060900,1657000,67577900,37790700,5409900,12453200,1407400,6692300,7630500,4080700,29414300,47354200,9000300,70628200,13294900,10256200,18511100,20381300,5430500,4475600,2547000,9075800,2888800,2817400,32150500,18762100,31581500,6722900,1356500,2260800,86051400,2054800,10636500,9018300,42638700,125666800,10128000,25202800,3490000,4420500,19690800,1801400,1407600,8851100,7887600,5011700,3363700,1684500,17427400,20859400,86446400,87858800,13335200,25069600,20069400,9429200,51664800,10301600,18120800
2022-06-16,9329900,5284100,8477600,4229000,4943500,3124300,68035800,38025300,3249000,6355200,1055800,6546400,6125700,6135000,33130000,47397200,8823600,61583400,6944400,9168800,18615000,23352900,5470000,4492100,5217300,10548900,3434400,3513700,43810600,14404700,30588300,8916000,1144100,1528900,81910300,1702900,13704000,8076400,27706400,134473300,5934500,26067300,3766900,5171300,24268300,2533500,1314800,8083300,8821900,8225100,5583700,1808800,18107300,18569400,115958200,100838500,13500700,32690800,19017100,8398000,48754400,9383300,24019400
2022-06-17,9892200,3422300,4913600,6746300,4738000,1593300,63646300,43097500,3617400,6988500,761100,3877500,14889000,4425600,33090200,52803400,7407200,49281000,7138600,7029700,16758800,17389300,6151900,6050800,20576200,13277800,3132300,3153900,40327300,17038000,17319600,9535800,1674700,1832000,82703400,1610000,11796300,8188800,20090000,111113900,5015900,21614300,3794800,8744600,24727400,3362800,1575100,7791800,7084000,5252700,4732800,1998800,16097300,25019600,128468400,116937700,14253500,27684200,24825300,14302000,43129400,13724900,22390000
2022-06-21,9022500,5266300,7069900,4766800,3246500,953100,35943900,31891400,2866500,4359800,590600,4361700,5452100,3220700,20345600,42013600,5608500,45924600,8673900,10342000,14666000,18140900,4321900,3951600,3924700,6635600,4260300,3709700,34665400,8678900,17031500,4974100,854000,1437600,51633700,2091700,10361100,5443800,19273900,76811900,2628700,17663800,3669600,3674400,17640600,2212000,1077500,5933100,5628300,6103400,3435700,1576800,11495800,11233200,70013400,58065800,9161600,17245000,16147200,6031800,37266400,7987200,12856600
2022-06-22,9437000,2871200,8407600,8211800,6361200,1590000,41337900,30368200,2241700,4038700,507700,3166500,2951900,3794400,25020300,33056300,6558700,38204800,7787600,9501900,18122300,12877100,4489900,3664800,5753400,5115400,2708600,3864100,29303500,11052300,18943300,7296800,742500,1417900,67472900,1735400,8873400,4110700,21420700,90059400,5163300,23703800,3977800,5215400,18550400,1677600,1047100,6250200,4876100,7321300,2628400,1521800,14401600,16064800,82425200,48035800,11136800,15163400,15207200,5776400,28582200,10188900,12021800
2022-06-23,7773900,4669500,8542600,8788400,3582600,1290900,44261600,26482500,4284500,4152200,704000,3856700,2587800,3253200,26862200,42129100,6535300,30961800,7017900,9247200,12018000,14695600,3753400,2987400,2828800,7789000,3376800,2824900,27089800,8769900,30742100,6715200,1210500,1560700,57457800,1267900,7862400,6229400,29995400,79292100,5523500,20669200,4395100,3918500,23782200,1833700,1054000,6139300,6708800,6675800,3346100,1382300,14524700,18934800,113842200,69348900,9744400,16042200,16570700,7414500,41140200,11943300,11777400
2022-06-24,7389600,3544200,6979000,3507100,3314800,998000,41176300,31235000,3730900,5458600,778900,5427800,2511000,4242900,27836300,44152600,6143100,38198600,7656500,5127000,13169200,14894700,3822300,4792300,1961600,4803100,5165700,2492300,37138500,12138600,18668900,9490000,1121500,926900,58422300,1352600,8217900,6103300,16678500,98050300,3581400,18161300,2192500,3456200,18522800,1848200,824800,4656500,5458600,3856400,3414900,1503900,11450100,22495000,94797000,65489300,9634000,25492200,13437000,6781800,30075200,10448100,13404600
2022-06-27,8319700,7641900,6238900,6080400,1896500,757200,27076400,20987600,2966000,4542800,470100,4536900,1746900,2886100,25411200,33253600,5719700,25658200,5301400,5439400,10923000,11201500,4447500,3767600,6112000,7858300,2683400,3101300,24745400,5785300,20847000,3645900,924900,1077400,54151500,1077000,8454600,7376400,15467000,66009600,3885600,12053000,1754900,4591500,22587600,2239000,633200,3784200,4608600,5950400,3083400,1213900,11693700,13583800,67958800,47244800,6361300,13917200,10936500,4743000,23276800,8963600,14574200
2022-06-28,6540000,2885300,5578800,2065800,3025900,806400,31095700,19187400,2541700,4698900,731000,2987200,3558000,2283400,20924200,28928700,2982700,39303800,4482400,3763300,22898700,13480500,2959500,3049800,11915000,5630500,3722100,2694000,25909200,10458300,18998400,12642600,814000,1366200,61609800,879300,10842300,4399500,18319400,86548900,3469600,13706600,3491600,4226000,16572100,1608400,698200,4735900,8797800,6012700,3897600,1282000,12196800,9846400,79568000,42459900,6476300,15260800,11004000,3487300,26371800,7518700,11367800
2022-06-29,7326500,1893500,3896400,1902000,2462800,730800,33969200,18226800,2718100,3677700,533400,2711600,2218000,2592700,22344000,26596600,4785600,36806800,8549000,3559600,11921600,15545900,3542300,4210300,3131100,3905800,3171700,2361600,21292500,6619700,10747100,10368800,622300,1163300,57302700,1287900,6081900,4170700,15636300,65676000,6274800,12925400,4968100,4619800,15456000,1080600,857400,4606700,3775900,4155800,3680600,1084800,12481100,10594800,71184000,64507500,6818200,13607200,9230600,4473000,30329400,9157700,11919200
2022-06-30,7521300,4423500,4387100,5156300,4117800,1131400,52233200,37316200,4886900,6955700,825700,6693100,4673100,4018900,31101500,42275600,9144400,45139900,6780400,5409500,19608100,28585800,9692500,4136600,3402900,7321100,6050200,2526800,31466300,9559100,16570800,6830100,1160900,1417500,79313600,1508900,8898900,16742600,33205700,112508300,8033400,25802100,4813800,4631500,18882600,1622800,1155700,6402600,7159600,4250300,3205900,1078700,13290700,13860000,75533400,75294300,8708500,15720400,12670700,4305200,37737800,10697600,12569200
2022-07-01,7393100,35879400,5801800,7726200,3315000,1013500,44010400,26046600,2566600,5005300,510300,4997300,2771600,4148200,21923800,40276600,11380300,38849300,12925000,63222900,10944800,18224500,4420600,2053900,1913600,5267700,2079400,1752200,24598600,10458500,20179400,5773400,883500,1145000,56675100,1807300,8765100,9559300,42504300,74839700,7041500,21858800,3535500,4689800,17836500,1143100,890300,4512500,7481500,3223100,2198100,1005900,13034100,16434200,69204000,77308400,11717900,13930600,11664100,4894100,34255800,9366600,11335400
2022-07-05,6813100,9036600,6253900,10118900,3767700,878200,49452600,30911300,6604800,5572000,2024900,3535700,4124800,5183800,33671000,44097000,14035400,38316200,12462100,6651400,15912700,24489400,6426900,2593300,2526600,5097000,3285800,2946300,25151100,8494800,16728000,9887800,1006500,1563500,61829300,2534700,8808900,9888800,35121200,81438000,4716100,16689700,1998100,10752700,23089900,2784300,1090500,5154400,6180600,3986100,2760100,1370300,15717000,19413000,89865800,51536800,10994500,14341000,12828700,4563400,44053600,9987000,11515800
2022-07-06,6647700,3783200,5312000,8203400,2493300,2355900,36060300,18030000,3200500,4402500,590300,3949900,4000200,3157700,24543900,38022800,11861100,44706000,10507300,4754700,11555500,12786000,3633200,3844400,7681000,4982800,2445600,1606300,25697600,6305900,17291300,7464000,865100,1202900,63194700,1151800,7683300,4883800,27849900,70426200,2909400,20205400,7704400,8899500,18464700,1024500,806200,3428900,5450900,2981000,2860300,961400,11606600,16602000,96419000,48001700,9781700,16167000,11768100,5866400,28518200,9033300,15889800
2022-07-07,8226500,1840500,7536700,4708300,2267500,700600,56831500,17215100,1882300,4022100,289300,4225900,2369600,4253700,22760500,35909200,4588400,44430400,5567000,4058100,8515400,10389900,2871000,2436900,2041600,4786300,2167700,1713800,24822500,10689700,15165800,6054900,743500,806200,56620100,1139700,6652200,4906300,17741800,64525900,2511700,13088000,2642900,6993200,16530900,1002400,782700,3032400,3737500,2919300,3554300,1029200,9526600,9897200,67587200,33120100,5865600,13082200,8476300,3019300,16799400,6805500,8559000
2022-07-08,5270100,1363900,4187100,3934600,2094300,686200,20993400,13135200,2556000,3224700,373300,3118300,14246600,2733300,14470600,31902400,4584100,31230300,5847100,3664900,7557600,14980200,3505100,1744100,1414700,3757200,2038100,1939600,20547000,8678000,14384500,4812100,677300,640300,59895500,690400,6412800,3249100,14195800,72397800,1919900,15320000,2671700,6450600,14027500,1165000,1317200,3509800,4791300,2799200,2027900,888600,7877900,8182600,43940600,29062200,4912800,12627000,10732500,3067500,12564600,6505800,6196600
2022-07-11,5758400,2316900,4128600,3606800,2633200,592600,52682500,15757900,2794100,2243900,520100,2369200,9049300,3305000,22936000,49526000,4321700,28213700,5517800,2765700,9010600,12671200,2970900,2993100,2045400,3602000,1959700,2051600,22031500,4381000,9456900,10709400,491900,713400,55273900,4932900,6435900,16663800,20437900,58366900,2034200,13639900,2524000,4950300,17740500,1510300,771800,3453200,3491700,3033800,2376400,913300,11642400,8287600,45508200,30564300,7985000,11416600,7172500,3716600,13232800,7027300,7615200
2022-07-12,6690500,15559600,6013700,6427300,2806000,615500,24669600,16350500,3030900,3076900,595000,3668600,2974500,2976500,22312100,29610000,5375100,24036500,4163900,3669200,14783300,13742900,5176100,2840500,1539600,3906600,2209300,1172300,23864200,7727900,18053600,7591800,629100,951000,55797100,2187300,5953500,6373100,17349300,62219200,2604400,18547300,2485400,6104700,15331700,2713400,1051400,4396100,4080300,2640300,2946100,1632000,12804600,13606800,64690200,38211000,8018000,16553400,11032200,3978300,19140800,9280400,14874400
2022-07-13,6534700,12606500,6382700,2853400,3481200,1032700,39435300,17907500,7737100,2901900,632900,3372000,2161600,3105000,22135100,33039500,8456600,46874900,6642700,6809400,10087900,16791500,3018400,3545000,2127700,4665200,2629300,4249200,25535600,11074800,25657200,5223500,1046700,1082800,73939400,1404800,8006700,11769700,27337000,84224600,3245600,20594800,2194800,4365800,18153200,1741000,727100,5572400,5603500,3322400,2197800,1277700,15757700,19998800,58978000,51441600,9498600,15162600,13851600,5314500,38159200,9296500,14236200
2022-07-14,6233300,5037600,5598000,4524900,2893100,880000,43245400,25329100,4537000,4250700,634800,3314100,2472800,4120600,25725100,36673500,12213600,53953100,10403200,5370400,13001700,21512000,3542000,2782700,3539800,4885900,2582400,3629000,25102200,9635700,22978600,5568000,792400,982200,63741800,1975200,10183200,6656800,33596000,89704800,5758800,15665000,2168400,5355800,32470600,1857500,1058600,4494500,4624800,3355600,3471900,1097200,18559400,15012400,73273600,57782300,6825200,13728800,10801700,4305800,18925000,7784800,10515200
2022-07-15,8640400,6939500,5276400,3972800,3027500,703700,44468400,28570100,4397500,5483100,528000,2667100,2023600,2430900,16063500,35448500,6783800,48360800,6047800,3834000,10421600,12325500,3600300,2315200,1627300,3959000,2416900,4459800,34935900,14000700,15192500,4988100,766600,829800,63818100,1096300,5757900,5961500,20381300,79060400,4638600,16022600,1528800,3367700,27153200,2270200,585300,5124800,4520500,2914600,2282500,1799800,14423900,10334000,59920600,59650200,7855600,13529200,9300100,3126600,17484200,9684800,7519600
2022-07-18,6006400,3639500,3438000,1735000,2344900,769300,38982900,23785600,3233800,3237100,897900,2727800,2661400,3179000,20406900,33670000,5791800,33302800,4114400,3150700,14805100,12028800,2758500,1934400,4300600,3743600,2897900,3098100,23031500,7381400,15665500,3035800,859800,583500,59519600,817000,6536100,2608200,20458800,63203600,2302000,15838300,1409600,5382200,21591100,2850900,680500,3397900,3544900,3974200,2823900,1286100,23135300,7533400,51453600,38671600,6282000,9897600,8473600,4191200,15422000,7047700,8042600
2022-07-19,5936200,6771200,3493400,3203200,3004900,767700,33006200,25474500,9261300,3139300,755200,2197700,1953900,4085400,13632300,26265400,3796200,31028200,6225000,2996100,11973300,12285800,3304900,2287400,2380100,4684000,1695200,1947300,24234600,8497800,15414500,2855300,684000,6425500,55172600,976700,5415900,9115200,24751100,78506000,4571400,9276800,6720700,3172000,17778000,1477400,654600,3659100,3620200,3287500,2165500,944800,21114800,11284800,48776400,40568000,7326900,12330600,8729100,3414900,22715400,6585700,8840000
2022-07-20,6124000,4695800,3966900,1915200,3243000,1065700,38969800,18738200,5742100,3041300,648000,3228300,3185000,2674800,21778600,26856500,4795800,82881900,7084200,53057500,8863800,11875700,4995400,7604100,2222400,4862300,1902400,1810900,26049300,26661800,9888100,4598900,726400,619200,67769400,1453800,7205400,5453600,18738600,71843800,2787400,9117300,2066500,3125900,17571900,1482500,699700,4212400,4270600,3332400,2314700,1036700,20319700,9383400,41849400,38507700,8260600,12537200,10232000,3630300,34085200,7599500,9340400
2022-07-21,5920000,3627900,6832900,6044500,2159800,867400,36814900,19165500,6179200,3068400,671000,3130800,1973500,2638800,18885800,23871100,5863300,52282000,6492500,5344300,9713500,12840900,15376400,10321200,1957200,8258600,2280900,1972200,21709900,15140500,25141900,4782200,595800,914000,55049400,1680400,6507900,5850000,20773900,64903900,8560600,14754900,9052500,3979200,14812500,1204300,1565000,5062800,4604000,2929300,2962500,1934400,14990800,9401800,43159200,40561800,5899300,12957600,11944800,5243600,26029400,9507700,10763200
2022-07-22,7323100,3511300,6617000,1279800,3264100,640200,25611800,18771500,3461500,4480400,717700,1422300,2134000,2988100,22748300,24651300,5733800,51055800,5483200,7747100,7520400,9737800,5515000,1783100,1360100,6173800,1564700,2196700,25116100,8860100,16062400,3909100,544200,730800,57127700,1737800,6758400,6038100,24517600,72197300,5918500,17715300,2641400,5768500,12127700,3097500,912100,3615200,4533900,2717400,2123400,1110800,8552400,10807400,40836400,25741200,5969800,10583600,9369800,3791600,19543000,8657100,7794600
2022-07-25,3729500,3172000,4256200,5301100,4002500,628900,21653200,17451300,4194400,2552800,561800,1804900,2557200,2987200,21047000,25447100,3713400,26032000,4619500,2994500,11551000,9286800,7629400,3318700,1587900,3960300,2007500,2151900,19267200,5671400,25656700,3619300,587200,532600,40582400,1088200,7557600,20449500,25644400,53631500,11366300,24868100,2655300,2807500,14863100,1724500,638800,3252800,3902200,2997100,2285200,1106400,10830900,7729800,39112000,24699300,6154900,13951200,8157500,3131300,17292000,5489000,9123400
2022-07-26,6312200,1477200,6964100,6002000,2101700,605000,22891400,11610000,4293200,3191800,601800,2047400,3062700,2983200,14749500,18563700,2672800,24151200,4152800,4736300,9921500,9518100,3515700,1635600,10221800,4115500,1911400,1301700,19391200,5356000,18514600,4279900,424100,441700,50074100,657300,6735600,2854600,28040100,52946400,1796100,13536000,3074700,2949300,12278900,1461900,590600,3337300,2987200,2918500,1386200,856200,10031900,7703800,37228800,26357800,5522200,10167800,9764200,3006400,17934400,7482400,8196400
2022-07-27,5431400,2611200,5919600,2638200,3338100,1928100,37678900,20945500,15421800,3820100,2632600,3087700,4834900,2607000,29855300,24480000,5766100,35075700,8001500,7475300,8541500,12042800,3932000,2013200,2290300,4904500,1536500,1306600,21670700,8667100,16995200,3839200,560700,711600,69304400,1180700,6378900,7051600,37994300,82342100,2378500,15725600,3275400,3166400,13570900,927500,1112000,4160900,4500300,2902200,2234900,979900,11653800,11703200,44810800,44817200,8662100,17076200,10995600,5156000,20684200,7680700,10402600
2022-07-28,6473800,7732500,5140200,2202400,2688400,602800,37796700,19385400,4195000,3916100,817500,2077700,2371000,3013800,31744400,25356800,5606400,42335900,4362300,5768100,10573400,8831100,3601700,1893300,1408900,5250400,3598900,1848000,22838500,7280500,17266700,4346800,489700,463500,55139900,1272400,7521000,5573700,31578200,73966600,3283100,16637900,3933900,4322000,14879600,1093800,751300,4100300,4345300,2670700,1863500,1575400,12100400,11832000,46665400,40974600,8668500,12408000,9372000,5375700,29715600,11052600,11074600
2022-07-29,7674600,6626600,6601700,2209000,3225600,811100,54050700,23958000,3923400,4488600,613700,3069400,3335700,4935800,23289100,42773700,7537300,33606800,6222600,5961100,13118600,17130500,4413600,3080600,1584200,4438300,1780400,1770300,21760600,8651900,14914000,6680100,801000,574600,57501000,1081100,8176200,5546100,17388900,87003700,3256700,16655900,1402000,3632800,11109300,1262400,780800,3301300,5246400,3342400,2477100,1020200,12881200,9258000,51667600,38724000,9000600,10177400,13198900,3523300,24547600,8309500,13605400
2022-08-01,7733700,10760700,5370800,4076300,2745500,875400,34808000,19450500,3476000,5003000,342200,6567800,3538800,3267100,24289400,33022000,4666900,31595600,6249400,9672400,9606600,12366700,6214100,2078000,5195400,3757500,4046200,3211200,23905600,10369800,18348900,6965800,986200,691300,46358800,1103800,8817300,6463000,25229200,69997500,3576300,17974600,7489500,3326800,13528600,2265400,814500,3572700,4421400,3531500,2306100,1181400,14053200,10411600,51331000,35131300,8599400,12515800,13150400,4102700,23148800,7665400,17921800
2022-08-02,6869400,3115600,10808300,2800000,5394600,686500,41014300,17857700,4013200,4891900,595300,10755000,2215100,8176000,21397500,54806900,5725400,40604400,9735500,9269700,7689100,9854700,3841200,4361900,1414300,4000300,1705200,1048800,17492600,12805800,22706500,10898700,721800,828600,48676500,678200,7005300,14265300,27922100,63435400,3650800,17896300,2245100,2737300,11511500,1195100,563900,4731300,4132600,3020900,1834700,960400,13208000,11367400,39864400,36806900,10039900,15921800,10632700,3477300,22916600,7935100,13815400
2022-08-03,6261700,4216500,5747700,3368500,2564600,700800,34939500,16011100,3700500,2552200,393700,2611000,2125700,2493400,18776200,27209200,4417800,35660900,6504800,7829500,7223800,10434600,2629400,3106100,1201800,4612000,1395600,969900,19157700,6586800,19416500,3761300,641700,547000,53735700,875800,6279000,6485500,15163900,67820600,2442200,16731200,2041700,4033700,7989700,863000,557700,3107000,3854800,2827100,1967000,1166400,7069800,9597400,57013200,27314900,5509400,14243200,12808400,3208100,21960400,6825700,12027600
2022-08-04,5199700,6491000,9869900,5345100,2426400,538200,31865200,15153600,4106300,2513500,388900,3037900,1746900,2219300,26532200,30154000,5502000,24386400,5525700,9873200,6116000,10634100,3295500,2346400,1255700,4000200,1043600,1088500,14838900,5905400,22451000,3510600,417300,498200,38973700,875200,5891400,5411500,14091100,45656600,2238700,11003000,1656700,5215500,10103600,877700,581100,2884200,3410600,2261800,1732600,1647700,11478200,6898800,55991000,24505800,5339300,11679800,11983600,3236400,17328200,5493000,9827600
2022-08-05,4847100,1852700,8946400,3481600,2672400,436100,28488300,15130400,3558200,3092300,346700,3290200,1705000,1514600,21435900,21419300,6023300,31006700,5490900,10047200,6702600,7969400,2909700,1941800,1058100,2971100,1589700,1193900,18540300,8233700,15893400,3103800,540400,492000,53894000,768900,6135000,5049700,15896200,56814900,3098100,19492300,1420500,3139200,13178000,1001500,349500,2719300,2852100,2758900,3598900,852300,8281100,5892000,45179600,34366100,7857300,7921000,7125700,3320200,22050200,8883400,8788200
2022-08-08,3425000,2745500,8534700,2992600,2528800,373000,39087300,12069100,2746200,4977500,563900,2762900,1667100,2121500,35159100,18352500,3456300,19465600,3199000,6681300,8404800,9271200,2789200,2988300,1585400,4297800,2139500,2414800,22188700,6529300,11889800,3392300,483200,748300,43878500,622200,6525300,6868900,20739800,53886100,3473200,17476300,1889000,4429500,20765600,1208000,709800,4694200,3450800,3024200,1864900,1190400,8486300,9414200,37756600,24369100,5606000,11102200,6966100,4055100,16899000,7075100,7294000
2022-08-09,3854000,3834300,6888800,2038500,1655100,391900,22828600,10867800,3636500,3482900,310000,2239400,3484500,1512800,17723800,16900200,3205500,24675700,3685400,3814700,7009000,9977000,4219700,1693400,11368100,2491400,2497200,1429100,18247300,16618000,17809000,1918400,560300,601100,39764200,586600,5589300,3742100,20591600,44931800,1453300,8223200,1778000,2492200,13738900,809600,488800,3403700,2360500,1829500,1986000,751000,7219500,13987200,34683000,26425400,4398000,8565600,8086200,2368400,16213600,5802500,6639400
2022-08-10,7156200,3782000,4305000,2280800,2934400,557500,27028200,16870800,3509100,4594200,467800,3875100,2124900,2585000,25244100,23083700,4077300,38121800,3751300,7260300,7253900,13007800,3171200,1803500,2084600,3837200,1765000,1289900,20796400,10738000,25548100,3476500,543400,660800,51459600,637900,7348800,6820900,27189100,68665700,1950500,14665300,4642000,4622300,11472300,1030000,473500,3165200,3651000,2878200,1759800,1068400,7292400,8528200,34788400,45366000,5967000,19273200,11262300,3617200,15778600,6736300,7246800
2022-08-11,8518200,6543700,5179500,5550100,2401600,842500,39235300,11539400,4110200,3955600,520000,4790200,5917600,2348000,26027200,35109500,4446000,37778700,3160400,8309300,9910700,8239800,3076200,2526100,2496700,4909900,1389200,1924400,23727600,11064000,24970100,6143400,645400,641000,45897700,783500,6528600,4071500,16253800,59489700,3714600,20663800,3433200,4687300,12981800,1044800,415400,2151600,3575400,2835000,2833000,1607200,10109800,6129200,60531600,46985200,5711600,11025800,8959500,2815500,16048200,8471400,7822000
2022-08-12,3643400,2110900,4376800,2575200,2606900,1056800,24877900,13680300,2956900,3663100,1020900,2185000,6412100,1899800,25263300,19525000,5151700,16912300,3833500,4128600,5736100,8252500,2786800,2028400,1055800,4492300,1743800,1091400,21726600,5951500,16542900,3757900,415200,540400,40928400,1286300,5393400,4782800,16767400,61694500,2563100,12178400,2546800,2949600,7878100,834700,820900,3423700,3664400,2366500,1597900,882400,9075700,7447200,38381000,36370300,7808200,8093600,11094400,2392600,15798800,7515500,5897800
2022-08-15,3782900,5605700,3922300,3170400,1936500,603800,29734500,15733100,3338700,2352500,712700,2438800,1851200,1625200,14367900,18439300,5236100,18441100,3737300,3441100,10068800,8312100,2813700,989500,1272200,2596200,2480900,2754600,17414800,9327900,10750200,3507900,820400,481200,38266600,770800,8227500,17015900,19897300,54048300,1950800,9031800,2578300,4446200,12669200,1442700,382100,2135300,3203900,4479200,1845200,1201500,8868500,6380200,42024400,25366000,6558400,7162600,10207200,3296500,15571000,7486100,7714800
2022-08-16,4976100,4336300,4104000,2842600,3897100,574200,20907000,13497100,2509200,2498500,3511800,1147600,1458300,1752700,17362300,20140400,4291500,22963200,2229700,3241800,7606500,7498600,2913400,1976600,1779800,3596400,1766500,1964200,18833100,8680400,15328900,3171200,436200,458100,41186900,529000,10325700,3249300,20876800,59289000,2658100,11066000,1541500,5750100,9898700,946400,475800,3680800,3864800,2835600,2065800,754200,10804300,5211400,39357600,41300800,5564200,10990600,12312600,3279000,15577600,7138400,7224600
2022-08-17,7222300,3673500,4131100,2840700,2960300,445800,34206700,14822100,7674500,4082000,815400,1760000,1715100,1686900,18967600,27302100,5569100,28774600,5118500,6366700,7636800,12660600,2454700,2913100,2050500,4063600,1282500,1346500,22428000,10226100,20836800,4349100,451600,812800,47842200,941600,6731700,4162400,23675400,63563400,2086600,14131300,1724300,3800700,17144600,854800,383800,3683400,3222300,4007900,1877100,877400,10500500,8159600,45472400,33158000,6578800,12632800,9667600,3331300,21286000,7251800,7495400
2022-08-18,4260600,2227900,4026800,4864500,1850900,340200,30611900,14303900,3350500,2159700,422400,1537700,653100,2729700,16190900,25479100,3646100,19089300,3298800,3709200,6027000,6918800,1970000,1614300,778900,2709800,1014600,788200,18368100,5643900,13914300,3438700,424800,411500,41937200,652400,6210300,3648300,20007500,49023200,3706400,10738200,1599200,3315900,14228700,673200,328700,2263400,3258100,1640200,1744500,761500,11487100,4562800,46866000,15966200,7003400,9976800,5777700,1654800,16559000,7053600,5669000
2022-08-19,4575500,4136800,5115800,3590800,2010300,569900,36042800,20257600,4893900,2351200,2423200,1718300,1210600,2280900,23555000,25977900,8173000,45428900,3188400,6678000,7231100,8466200,4166500,2047300,961800,4063300,1384000,848600,27416400,15148700,17996700,2024500,663300,450500,51770600,492500,7356900,4519300,19196700,68016900,3423400,16330900,2603400,2700600,10859400,909400,408100,2788800,2899000,2555000,1696600,838800,10237500,6634400,39488400,33587400,6893400,10146200,6456500,3202300,17286600,5946500,7149600
2022-08-22,7133200,5597500,4158600,3868200,2684500,594000,26934100,20062200,5315100,2795600,420400,4100100,2554000,2333900,26005900,25185800,4458100,42014200,2773100,4125800,8829800,9957400,1866800,1793400,1480500,5263500,2939600,1492900,22937000,17870500,10208500,2633100,582600,565000,51098900,777700,6321600,3739700,21747500,77695600,3771500,10457200,3918800,7937300,12118700,1316100,555000,3517500,4153700,3142900,2617200,984700,10150400,7032000,45696200,36810100,5804800,10744200,7113700,3430400,26453000,6420400,8369400
2022-08-23,7369600,6860300,6294800,4384600,2897200,693000,33028200,19101400,5609700,3634800,1620900,3320700,1266200,4559300,30279000,22461600,4425100,33240000,3771100,7755000,6093000,7324200,3768900,2381900,1051200,4201600,869000,771000,20069800,12031200,14517700,4784900,615000,408400,39497100,758000,5048400,4227600,20127000,49105200,1664900,17813200,4199500,3782000,13577100,870900,261500,5605300,2869200,2856400,1548500,669200,11575200,9840000,54367000,23244000,9874700,14777200,10183400,2800000,15747000,7501900,8787000
2022-08-24,6318900,2585800,3808600,3093500,2581700,374500,23561600,12086600,3652400,2006800,370900,2570500,1888300,4527100,15424000,30344400,3202400,16917400,2665700,3504600,6742900,10961600,1983100,1223500,1114500,2673800,1669200,1142700,16038300,4565700,14441000,6425000,337400,343700,38057100,646900,4852200,4551800,16954800,49177800,1795000,13971600,1454300,3857400,10950700,706200,430600,2292200,2241200,1790900,1641800,760800,9775000,5778200,49093200,20682200,6443800,8983200,8061900,3277100,15002200,6719500,6664000
2022-08-25,8217300,3997700,3688400,2066000,2498900,383300,44653100,13980500,2443500,3034300,287800,3332500,1727300,4719700,14809500,77117600,2857500,20080000,3393000,6645300,6502400,9524900,1856300,1577100,863700,2383200,1097100,1299600,14795000,3486300,33579200,4284200,563700,616900,38098300,494300,5538300,3026400,16618700,50942300,1468300,21429700,988100,2960200,9667100,935600,311900,2129200,2631300,1874100,1496500,642100,11979000,6130800,39798600,26402600,6045900,7126600,6105000,1713900,14601800,5636600,6090000
2022-08-26,5584800,5442900,4276600,3105500,4191000,798400,41080900,19338300,4491900,4462700,655600,5652500,2946200,4107500,22466300,39041400,6689300,34460600,4274400,5535900,6657400,11607900,2148500,2378000,1453100,5994500,1545800,1465400,24177200,11057000,13942300,8153700,576600,874000,69047700,854500,9096300,4304000,19412700,103087000,1887800,18764400,2241500,2424600,12140600,971000,515000,3187200,5153200,3550200,2096600,1010800,8782400,8665800,38635200,38230600,8006200,14321800,11212500,2725600,17732400,9044500,7893800
2022-08-29,7509000,7337600,3263800,6205300,2896900,538600,22689800,16199700,3528700,3589300,938800,4737900,9286500,2334100,24591800,24128500,4702300,28020200,2749600,4416900,11446600,11734200,2293600,1881300,1657000,4601400,3808700,1951200,19753300,6078900,18371900,7296200,517800,555200,48321900,6389900,8014500,3656100,18893500,65370800,2117300,14278300,1673000,3693500,15570300,1325900,480100,2833800,4953200,3529100,2742000,976700,9447100,7198800,52125000,34872100,6386900,13231600,13214300,2492900,22477400,6727700,7051400
2022-08-30,6573600,32133200,6878700,4292100,2926300,631500,34508600,24907400,3691600,4059700,440300,3335800,3471000,3886000,25080200,50495600,4856600,66233900,3734500,4474200,10855300,13389000,5512700,1846900,2514800,5693700,1769400,1564200,22548900,20925500,19251300,5177700,620900,596800,51184500,847300,7905600,4626200,21271900,85652400,2144200,14346600,1590600,4968000,24526700,1501800,338000,3643600,5044500,4799400,2326600,1223000,10693400,7402600,57641800,41870700,9546600,13268800,10316700,3539400,20560600,7910500,7334400
2022-08-31,6116500,9405200,5155600,4977600,2981600,604800,37142200,32178200,2696800,5129200,442100,4291700,2781300,2607300,26073000,33956700,5438600,39161800,3575700,5797600,11244700,13660400,2759500,3767500,1562500,6263400,1514700,1685700,22412500,14061900,19484300,5880900,497100,588200,50044000,1447600,6569100,5424100,18799800,76029700,7620800,13623500,3637200,4538500,17199100,881600,1140400,4100800,4062500,2911400,2030000,1192000,9337500,10050800,58304600,39768200,9683700,14171400,10397800,4646700,22012800,8954500,8862800
2022-09-01,8961600,8174900,6160700,8110700,3228000,645000,38353400,33526300,4467100,6209700,567300,3335300,5596000,3068200,44915000,31903100,7390800,38499700,5388500,10324200,17168200,20837600,4859800,3568300,2225800,4934100,2987200,2811300,30706600,9077300,26706500,5208800,849900,694600,57990700,1443800,11283300,6728700,18413800,78740100,5405500,22490400,2372900,4319300,29945900,2060900,1576400,4746100,6126800,4555800,3807800,1186600,18818700,11796000,56604200,40604600,8790000,15988600,15968200,5343200,28160000,11212400,11943800
2022-09-02,5966800,5871700,3600600,4586500,3826200,603100,35916900,28234000,15092100,5161400,913500,3138400,3027500,2947400,27287000,32560400,5196900,22364500,3860000,5741900,8960300,9938000,3720200,1634200,1746100,4179500,2135000,1447200,27468200,10452500,14458700,3178000,874700,682900,64666800,1432500,7192800,4105600,15875200,99632100,6140400,13024400,2754700,4050300,18682000,1039700,1848000,3561800,4544200,3810400,2826200,702200,10848500,14134200,57188200,43208800,9839300,16606600,15846700,3911300,25536800,9730300,16482600
2022-09-06,5341300,7990900,6869800,3453700,3320400,761000,50091500,21862300,5485400,5610000,886600,2325700,2378400,2222500,27027500,28090700,4863800,28820900,4874300,6769400,12000500,14869200,4376300,2637500,2400500,4866900,2347500,1297800,23837100,8943300,16455700,3567100,957600,1086300,57005400,1224000,7915800,4991800,10812400,76637400,3399100,24648500,2988200,5250400,22467800,1575400,867500,4591800,5680300,5382900,2688300,1184000,14144900,12551200,45568200,45877100,11438600,14990000,21871800,6399500,32900400,9663400,17922000
2022-09-07,3607100,5180700,4208300,7838800,2520200,688600,39074600,21289000,4387500,4663300,430600,3298300,2402500,2862400,28904600,23371300,3981400,26853200,3664300,7169700,15937200,14482700,3248300,2804700,3053800,6619500,1913400,1073700,24781200,8752400,21874300,3858500,534700,931900,49260400,1389800,6258300,4425300,15468400,70964200,3352800,17050100,7249500,7540200,19051900,1093200,503000,3681100,4137000,3032400,1820700,803800,9883200,12192000,60541400,35023000,7934100,11657000,19632300,4618500,31509800,9038300,12633200
2022-09-08,5546200,4564500,3580300,5282300,3301100,594400,55415100,17589900,4490700,4333900,811800,2242900,1708400,2243300,33163800,29173500,4607100,26928000,5058400,5773600,12348300,12596200,3543400,2352200,2196900,4018300,1664400,1591000,25273200,8412000,16871100,3110700,661200,750200,55649800,1194800,6693600,4979800,13095400,80821700,3303200,14671400,4781700,4277100,15072500,1233400,733900,3408300,3692000,2971300,2083700,843600,12770900,8796600,53681600,50760900,6979900,11210600,14843900,4505200,25150600,9394800,9391400
2022-09-09,7496100,1905300,3831700,1327900,2479300,464500,26119600,22655100,3038400,5370100,391800,2039800,1589400,4920700,27556000,27717800,3927800,29526800,3210200,5780600,7796500,10621700,2272900,1307300,1417900,2589100,1478900,923200,23208800,8090000,11911700,2615100,699500,329600,56125200,539200,5499000,4072200,9813500,76706900,1903900,12529800,4188900,4953600,12474400,1399400,484200,4129900,2621600,2953400,1536800,854500,9009700,7296600,38678800,41327100,7440000,11418600,18139000,2909100,21181400,8880400,8950800
2022-09-12,8535500,5377000,4008200,1868500,2486900,543100,41791000,22338600,9235500,6672600,371100,2891600,3785500,3393900,20238000,25003300,4537500,30276100,3769400,4034200,9605000,12909200,4170600,2499200,2171000,2797200,1743200,1293900,23134600,8471900,11084600,3795400,767300,418300,45905700,1071200,7610100,3139400,30176800,69256300,3090300,14806900,1919400,3710000,15353900,1304400,440600,2737500,2961400,2736900,2169700,753600,10716200,8099000,41731800,41969600,5874000,10181000,8680000,2802400,22680600,7982400,8791600
2022-09-13,4957400,6223300,9481200,3863300,4301200,608000,44191300,26513900,6847400,10922400,559600,4532800,3755900,3232900,27491200,44055700,6526400,47111300,3210000,5100500,8767200,11636200,3161400,3753600,1772000,5094900,1897500,1049700,34144700,17879400,19563400,6516100,736500,709000,79562200,986900,10521300,6543600,20777200,122947100,3606700,22158900,5318100,6056900,14117200,1492200,364300,4824900,5549200,5190300,2282200,1263600,9973100,9404000,61146000,60771600,11236300,20148800,12940800,4139500,35156200,11928500,13350800
2022-09-14,7557300,4226700,4332200,1561600,2868800,700700,37146200,19052800,10468000,5156200,755600,2941200,1543900,4317300,15477200,26794500,6091100,29672400,3109600,3866600,9061800,14515100,3754500,1838400,1884000,4272500,1732300,1346300,25278300,9729600,19360500,3784000,628900,891300,54907200,1042200,7096500,4744800,16309300,85023700,1815400,13077800,2447300,2594400,12421200,1025500,1176700,5301500,3555500,2793400,1799000,876600,10471000,11562400,54384200,39233200,8889400,13229200,12291500,4143900,22297400,8080100,14924800
2022-09-15,6016600,5787100,4967200,2106300,3294600,2230100,47618900,23181900,3364700,3567200,388000,2857100,1998200,2486500,16511600,25181000,13181200,46282300,6326400,4622600,9195500,15582100,2938200,2244000,1254200,4178100,4132700,3016300,25378700,10324200,12947800,2999300,708300,808200,65299400,1089500,7848000,3592100,17477300,87633800,2617700,10260200,2058800,3898100,20644000,969200,942600,6727800,3807500,2491000,2713500,1215600,14054400,10417400,55886400,47653000,10688800,14885200,11234700,6227200,36110000,8624200,11364000
2022-09-16,6965400,3512300,5050000,2035500,4071000,754600,67125000,31914300,9370200,3814500,462500,2631700,2408100,2755500,23531800,28082200,7141200,56479900,4185300,4718200,11016000,20039500,4862000,4535800,2933500,5107500,1723600,1635600,41155900,13202600,13980900,3569700,933700,1293300,79920400,994000,11690100,4366200,21175800,103084800,2758100,18903800,2746700,3384500,18248300,1296600,806300,6807800,4452300,4966100,2695600,1103600,19815200,16265400,70403600,53893300,19141400,20762200,13452600,6045400,32222400,10810100,17364200
2022-09-19,5982200,5158100,6374900,2213800,2730000,641200,33531700,19597500,3386400,3877600,477800,3018400,2611300,2127500,24884100,22361600,5582800,26891900,5090000,3879000,11910200,16218600,2993800,2352100,1266400,2901200,2369700,2069600,25412200,5813500,13679600,2632900,685600,488400,52613800,683600,6936000,4378200,16756500,73278500,1639600,11084400,1583300,2863900,18253800,1069100,340500,4467100,3412600,3346700,1825500,846600,20290600,10323400,37625800,36491400,8455400,15683000,9370400,4129400,21462800,9430100,10028600
2022-09-20,11271700,3792700,4750500,1815900,2822800,1277400,36967300,23429600,8508800,4299600,607100,1927600,2941800,2231900,26433800,23566800,5943700,32769500,4424800,4869100,17045400,12376400,2645300,1876700,1367200,4101400,1701100,1545800,22247500,10086700,30310500,2771300,670200,543300,51271100,793400,10531800,15975300,10478800,77274900,2118800,20133800,2274900,3569200,22548200,1887200,469400,5850800,3624000,3244200,2001800,1051900,10472300,9549600,42299600,42193600,6652500,12109400,9169900,6259200,23408400,9010600,9142000
2022-09-21,7094400,3739800,6360300,1647700,5110700,1248100,62370500,22678800,6353100,5299700,1222100,2851600,2920200,3428700,26196800,33565700,7816100,37851300,10985800,5414900,14811300,15272200,3454200,2842900,1589000,7367000,2266800,1813100,29357100,14874100,23883200,5910300,1089200,994200,82931000,1002400,12713100,4475800,36671600,106746600,2939000,23132900,2756800,4537900,18719200,1564500,557000,7128900,5102400,3060200,1855700,948000,19732800,17767400,68705800,49644600,10846700,16808800,14189700,9215800,30461200,11642400,10222400
2022-09-22,7092400,10975000,5216100,1770300,3492500,992000,41989200,25400900,3566100,5896200,514000,2826300,4778900,2556900,23911100,19166200,5975200,48278100,5275800,6662400,15877900,17934600,4619300,3044800,3398400,7497200,2134100,2008100,33468600,12700100,20982600,2633200,1049300,765800,62757100,1167300,16892100,6605100,12553400,89472600,3088400,29030600,2432000,2928800,28673100,2550000,815800,6743600,5555600,5279700,2903700,2382600,19730200,11753000,57748000,52299500,8925600,16033800,10428400,6380200,34700800,9505600,11338800
2022-09-23,11059300,15103200,6885400,3885200,4949300,1675200,49807100,33958900,6668600,5641100,837300,4921000,5241900,4129600,34422100,53997900,9598000,53312000,9865900,7630600,16120000,22862000,5769200,4151200,5844100,6261200,3117900,2114600,40336900,15390600,18671200,4648000,1028500,1028800,74815200,1691500,22713600,10192800,23917100,122346900,4059300,23042200,3223600,5923200,31810500,3250000,1171700,8982100,10491500,8249900,4578800,2071800,22623300,14010200,105475600,56801000,13831600,19396200,15909500,7329900,32420600,16611100,11213000
2022-09-26,9009900,7695700,8658900,5110900,4143400,944600,53011900,41892400,6489100,4535600,514400,3613000,9762200,3074700,33400300,34716700,8240500,42287400,13911800,8015500,22033800,21429900,6186000,2603800,4378900,7292700,3243500,3024100,30597800,14314300,27606500,4799700,1046800,999900,71176700,2608100,13227600,6145800,19179200,92581200,5419000,25104600,4957500,5064500,32371100,1852300,1207900,8119600,5405700,6603500,3508700,1409100,21316600,14978000,72159600,49969700,9241600,17193600,11638000,10027200,35939000,10450600,12839600
2022-09-27,11440200,5871100,9946100,2834800,3681000,1084300,47114100,38742700,6233200,5212900,610000,3835300,6383700,3888700,25381300,57383500,7151300,45295500,20127000,8668400,53926300,48972200,5412000,4408200,4924700,10194700,5087700,2222700,42406600,12998900,34683500,6612100,1124700,987600,69780100,2636600,19514100,15088300,18080200,108294100,5123500,34609500,15236800,3273500,31473800,2708600,1472200,10015000,5795700,6910700,5388000,2114400,19028000,14157800,67671200,60630400,12179600,18714800,17159300,10794400,38286000,13239900,14563400
2022-09-28,10539800,6709900,11649700,2314300,3995700,1156500,49946800,35116000,5230800,6345400,739500,5415500,7524300,3891100,26559300,28951300,8977200,48935800,9543800,8471700,23602600,20932900,5584300,4730100,4113500,7013100,5954500,2207800,35186500,13058800,39921300,5736800,881100,1127500,79652100,2341600,11484900,7793400,22513400,110802200,2881900,39283100,8361600,2603400,28402900,2111600,2214400,9000200,8683900,6929100,4114000,1729700,15878500,13507800,63147600,46088700,11920100,18933400,14259200,7304200,45882600,16360000,13861400
2022-09-29,8666100,5973300,6100300,2066100,3351100,1202100,43114100,30971600,5291600,4599000,2045700,4354100,10370900,4114000,28528300,35587900,6317000,38068800,7655900,6056500,18304600,19293100,4778500,3164400,4466600,5705500,4771300,1963700,31464000,8850200,30873000,13591100,1534500,835100,81216000,1378500,12804000,4734800,16727300,112952300,3468800,19127100,5835200,2762700,27942200,2098500,1908000,8576300,7230100,8241100,3678100,1465700,15620900,11454600,48563000,41860000,9357400,31096600,13508200,7684000,40662000,10791700,12313600
2022-09-30,14376300,9858400,8919100,3947600,3827200,1242100,50082400,38527600,6804500,6318300,937800,4910800,6132100,3447600,33698100,30430900,6832400,42928700,9794900,8847200,48895700,24399900,5549300,3098600,19258900,7337500,4677500,2238000,40643800,6294500,24058300,7496800,1307000,1040600,78482400,2155700,10547700,8447100,14446100,153711200,5533400,26485700,11786900,2397100,28723800,1983800,1023600,9023600,7736600,8431700,5167900,1734000,14585900,10820800,43369400,37984300,8935700,19513000,13427400,7700800,45553000,12389800,12232400
2022-10-03,9617900,7300900,6762600,6326900,3457600,1143400,41489700,37451600,4340500,5328700,791400,3107000,6897600,3848500,50914100,24684200,10362200,48967900,8446400,10579900,16454400,19039300,5302700,3360700,2836700,5613400,3209500,2328700,33611600,11519500,27200900,4384900,1000600,1139700,61267400,1925400,9942000,8906600,40558200,89756500,5368700,27192200,3486700,5256000,45906400,2977000,686400,8718400,5739000,7321600,3079900,1771500,25180700,19858000,69550600,47086100,8612500,17332200,12703300,11620000,50894000,9326800,17291600
2022-10-04,6964200,6583100,6124400,2239800,4163800,1097200,51598600,32480200,4940100,5520800,828900,3818200,5915700,4960500,35419400,62108200,8024500,45901300,9204100,7361400,18259300,15983500,4211500,4666800,3207900,4489600,3149600,2073500,37537300,7552300,21918800,8652400,925000,788500,66696900,1537700,10969500,6219800,22227800,103602800,3470600,13788700,4724300,6673400,23839400,2063000,885100,6439300,5110000,6212800,2745700,1650600,15692700,30250200,66330800,53441800,9676100,17779000,13366400,8889900,33993000,13717900,19663800
2022-10-05,9512800,6425800,7252400,2753700,2746900,759400,30037200,28550700,4503400,4110000,509700,3346400,3101700,3765500,24577100,36720500,5296300,47833500,7236800,8603700,14000200,14820600,3295700,1424000,2006100,5384500,1757000,1452700,25281400,5714200,24999500,3551800,1093600,643700,55766300,1252600,7479600,7175900,23878400,88065700,3467200,20522100,2902400,4927200,18149600,1397300,483200,6518400,4755800,4548100,2459700,1088800,11790500,18429800,61273600,41766800,7055800,14600400,10596100,7074300,34411400,9913400,12541200
2022-10-06,5625100,3415600,7108400,2810600,3081700,1042700,29747200,28668800,5603800,4414000,581300,1710300,4147800,3865500,18171000,23202100,5712600,37196000,5180300,11298400,12001500,13368200,3621400,2102300,2521800,4463400,2608900,1645700,22635900,6514200,22017200,2388500,823900,856900,53489400,1310600,8243100,5100100,11261200,82333500,3821900,13965700,4036400,2981200,22262300,1438700,730900,7820800,3879600,3784100,2816900,1935000,12713600,23953600,52670200,34717900,8813300,14348200,10607000,8933000,51342000,9399300,14429000
2022-10-07,6149600,5033700,5023200,2382200,3029300,948500,35957400,22200000,3593300,4116800,459800,2805700,2798400,2783900,23721300,34014800,5030000,33983000,4849600,5085300,12048300,11928600,3144700,3506100,2055600,4252700,2083300,2258800,26536100,6324900,20895500,2848900,714400,521200,71354700,1094200,9671700,4619000,24621100,107789500,3308600,14814800,3106400,4670000,20593100,1773200,583100,6913700,5168100,4780100,2537100,1867100,14150700,10183800,56915400,36380700,7415200,15749000,13741600,6487600,42166800,10068700,11195400
2022-10-10,4074700,5591100,4950700,2467600,3154500,756800,31109900,26510200,4613200,3597600,571600,3018200,2121900,3937000,13383200,32658300,6110800,37759700,4032100,3829100,13093500,12726900,3811700,4089300,3575600,4113900,2531200,2251800,23386400,4814600,6179400,3039600,575600,477700,60393000,1043000,8264700,2934800,17979100,76042800,2910900,15652600,5072900,3511500,24846100,1779100,689900,6549500,3933900,4304000,2645600,1575700,11826300,10391200,46331600,31011700,7564300,16706200,11799000,7805100,33035600,8377800,9728400
2022-10-11,8892800,7847100,9225500,2530300,3849900,765700,46679000,26577200,4734900,3240400,647200,3900300,8617800,4711600,20985600,38691800,5306700,46344600,4804800,5498500,15850300,19773400,5974800,3389500,7865700,5748900,2941500,1908100,28009100,10130800,30332900,4599800,1158700,5231900,66522500,1414700,9132300,3836500,23821900,92482800,4508600,33246700,9973700,2476200,29437000,1611900,621400,7189700,4968100,4419100,3914700,2860300,14793200,13918800,53842200,50431900,8661700,21044800,10783400,8847600,34320000,10792900,12003400
2022-10-12,5651200,4389200,5442000,2338200,4378700,700500,42471500,24455800,3461000,3881700,368800,2898800,6709900,3033200,17919800,26592400,3998500,32784800,2898000,5847400,12149900,13904600,3518600,1996700,3263800,4127600,2367400,2245500,26796700,5861800,18941200,5221200,935500,1158500,50580200,1120800,9470400,8787600,21216900,76991800,10208100,21447600,4071800,2338900,21121500,1446600,601400,6634400,3235100,5016700,2249500,1860200,13520200,16029200,41102400,48265700,6727400,14111600,10963200,8899300,41833000,9292800,19440000
2022-10-13,6254400,5012800,6668900,2166400,7389600,1352300,51431200,48010100,8038400,6222500,1184600,5753200,10649700,7037700,36141800,42197100,7083800,48832500,7724800,6220100,19070900,24233700,5329600,3110300,2642500,7341100,3821600,2282300,45376500,7327000,20727700,5174700,1297400,1392600,112894100,1763800,13476900,5751300,26705300,147254500,4180400,30292500,4592600,2304000,29001700,2015800,1012200,8561200,6396900,5626900,2815000,1788700,24983600,19446400,70134800,83086100,18956100,38114600,18475600,14575700,61429800,14063600,19564200
2022-10-14,8580700,3121700,6544400,1559100,5519400,890700,33384600,28145900,4538600,6519900,545300,4330600,4969500,3665100,26018600,28036100,5471900,37152100,4754200,5886200,15213700,18111500,4600500,2200100,3502900,5333400,2613900,1745200,29608600,7471800,20681900,5510000,935200,930800,77244300,2319500,9612600,5506000,24627300,123737000,3884900,18728200,2857000,2518900,24741200,1890300,838800,7320700,4879400,3798800,2209100,1283200,17628500,16595200,53494600,60886900,9432900,22484000,11611200,9011700,39305800,11442300,13421400
2022-10-17,5460600,6373200,19605200,2200900,3555700,2236100,51122100,32731000,7089200,3169700,430000,2725300,5136400,3353000,19287100,29210200,4348000,33820000,23914700,3215200,16540200,14714200,4328700,2203100,1893800,3907100,4599000,3068900,28199200,7332200,16585700,4318200,967200,569400,64576500,1475800,12595800,4013800,17937400,93168200,2767500,18969900,3653400,3255400,24153900,1787600,949300,5823800,3889500,4025800,3248300,1358100,19459100,11471400,37988400,47222200,9541100,14599600,9105200,7687600,28247400,8420400,13131000
2022-10-18,6389100,4985900,7008000,1673600,4685500,821100,33911100,26876700,6711600,4612100,460300,2661900,5274700,4380500,21090700,30537000,4528400,37648400,6309000,4006600,14503000,15969800,5753900,1824000,1892200,6820800,2588500,1843400,34523100,9850500,23532600,4112000,894100,760600,69781000,1505500,8050800,7012000,11236300,97162900,3003300,16931500,2633600,3291200,17318100,1571400,610800,5609200,4903300,3906800,3194400,1630100,13684600,15958800,50375800,48150700,10160500,13998000,11000700,7743400,32083800,10016700,10368000
2022-10-19,6316100,4334600,6483600,2062600,2939800,573800,31393700,22958200,4609400,3546800,458300,2926100,2594400,2228500,20578900,39803300,8257100,33194000,5196200,5762600,11394100,12354200,3612000,1489200,2055500,4855600,2155000,1737200,27146900,5498700,16461800,7809300,731500,573700,53115400,1310000,7527300,4349100,9941300,79746900,2803800,25431600,2148800,3094900,23946100,1174200,547300,6452100,4403200,2589100,2637200,1576300,14793200,8690200,62527600,35205700,7705500,10984000,8985300,7615200,25686800,7676200,7144800
2022-10-20,9012900,4561800,6260900,1564100,3574700,782400,44240000,25989700,3385500,3781700,685800,3888500,2696900,3502200,21237900,30604700,5019800,47281100,5471900,5738400,14556100,14550800,8856800,2123300,6287600,4991400,2133100,1567300,26710700,8320100,21437300,5444000,639000,8255000,60605500,1419400,6961200,5797300,17615600,88283100,15171500,25434900,2573900,2545800,16865200,1507300,711300,4959700,3459100,2636200,2013400,1120200,11343100,11416600,50523600,43124400,8773200,12429600,10023200,7603500,31037000,7196600,10195200
2022-10-21,8371100,4658600,6984400,1142900,5357200,790100,43879500,37761800,5810600,12892200,769900,2990300,7207100,3923300,36164600,31666500,6898400,60211200,6970300,7528500,20163100,13642300,4513400,2131600,1878800,4183600,2063100,1729200,45402700,10444100,18871700,9635600,811500,2796400,77897700,1342400,8250000,5180300,28680300,131038400,6788500,46280300,2559000,1564300,23168300,2011800,515300,6060100,4362400,3381200,3818800,1816900,12821500,16680600,50548400,54487300,13148200,17126000,9613300,9826900,31087200,8433100,15575800
2022-10-24,6090400,2286700,7259400,1166800,4331700,845800,55046000,20327600,5313400,5453200,559800,3339000,2042500,6651500,39229400,101762200,4673300,29551200,4925000,6210800,14755800,31902900,3991100,1476700,1734200,4184700,3019400,2066100,27284500,7349100,16517100,13315900,698600,1173700,63963600,1037800,9317100,3680100,12953800,85436900,3027900,31332600,2883000,1722400,27063800,2208600,600300,4918000,5639400,4527800,3060900,1095500,32579800,13474800,44992000,40117200,9388700,13385200,11076000,6076300,20061000,7411300,9081200
2022-10-25,11710400,7035300,7780900,892300,6024800,811000,31871500,21583300,3420200,3839100,322000,4563800,1458900,3376200,23212500,39349500,3434100,37459200,7671900,6301500,10956200,21844200,3993500,2725800,2110600,4968300,3006300,2288700,33105700,9536800,23143100,9024900,745900,810400,59014500,991900,7805700,5113300,13857100,78846300,3423300,31213100,2775600,1517400,14526600,2342100,520500,5815800,5203400,3287100,3464200,1010500,18412100,12002600,37683600,33950300,9807900,10265000,10619600,7176700,28403600,7174200,7455000
2022-10-26,7884100,8136300,7001000,4190100,4991800,614700,37973800,27095500,5468600,3891600,486500,4309200,3702900,6001800,30654900,65959400,4448200,50552100,4863700,6692700,12742800,18247800,5735100,3144400,2395200,5089700,2189900,1651200,37084700,9913000,22201400,9498700,717700,761800,63492400,1232500,8904300,6039900,17092700,104087300,3923000,24843900,2110600,3435400,14273100,1375800,352900,5746800,4277700,4091100,2489200,1056400,14333800,13530600,45413000,38012100,10250400,15169400,9483700,8945000,27068800,8277100,6864600
2022-10-27,6913500,4473800,5493300,1699500,4262200,712500,34227600,20349600,3593400,4126700,820100,2552900,2386400,3190300,30217200,52382400,3654900,49481500,4235900,7238100,15407100,16363800,4547000,2274000,2223800,4389200,2569400,1699900,28651800,15063600,21002900,6128600,658800,751800,57760300,1085900,9545100,4010800,14108100,81971800,2817100,20270000,4769500,1308800,18451300,2132200,887100,5239600,4145300,3556300,3513500,1128000,14762300,9954000,50021200,41232200,9223900,11694800,9988200,8435500,24514600,6496800,12722200
2022-10-28,6229200,25494400,4828800,2783500,5251400,856300,46296700,19235500,3372700,3756300,459800,2773400,2602500,3958000,27980200,35759000,4645400,123446800,3509800,5659800,11899700,14727700,5531700,2843600,1305900,4090000,6363100,2227400,33221600,34620100,19532300,5454800,753100,634400,62651300,880400,8294700,4464100,10708900,100302000,3409500,22244100,4026900,1511200,20741600,2446700,513800,4651400,4388100,3178800,2237300,1058000,12132400,9254800,49328000,36421300,9161700,14935400,9545400,5460300,27185800,6267100,14082600
2022-10-31,10946400,6145800,6785000,3264300,5128200,833000,44107400,27032700,2234800,4453600,388300,4496200,1972700,2391700,63508500,36103700,6097800,60269700,5324200,4586900,15970400,24555100,5236600,1783200,1431700,6356000,8196600,3516100,25699400,12130100,21884100,3229100,855000,661900,47742000,1072900,9193500,6845900,10005000,96631300,3145400,23956700,3334000,3088100,28799200,2544100,425100,5112200,6431000,5053900,3308100,1179600,18313400,9583400,59520800,40083800,9144900,13292200,9201000,7154700,21789600,7852800,9367400
2022-11-01,8096800,6054500,7019000,4248500,4376400,671100,50932800,42687000,3571700,5872400,539500,2722000,1678500,3480600,56987600,52793400,4603600,39586700,5668500,6066400,14860600,29528400,5650200,2429600,5392000,7292200,2163400,2415600,27446700,12149800,26415300,5664500,1037700,2266200,45895900,1347200,10305000,5349700,20107600,85407600,2175700,17585100,2406000,4586900,19183000,1770700,518600,4751100,8014300,9873800,2135400,1037800,21685500,23317600,43510800,38946100,9673000,9413200,9535200,6000900,21479000,8033300,12514600
2022-11-02,8584100,3264900,10223800,2158500,7110300,1076000,47639100,30497700,6201000,5510900,681400,4010700,2102600,5182300,32497900,62052300,7210900,50659500,11683100,7581400,24502100,19497500,5273000,2974700,1891800,6802400,3271300,2008400,38139600,13962300,23174200,6992400,834100,1353600,79803100,1541300,10794000,5714700,24802300,126990400,2056900,25010500,5685200,2796300,23466200,1730500,789300,7240200,5022500,4686000,5056800,3686300,18052600,31466600,56499200,58039800,13884600,18092400,16291600,13999400,42680400,10228700,19853200
2022-11-03,9314800,8957600,6408200,2088500,4112700,762800,38319300,23604200,4075200,3569400,496500,2607100,1699700,3403100,35705300,45230100,5378800,37507100,9311900,8403900,20218300,24024300,4609100,2352700,1785300,3496800,3410500,3075000,29093200,11808700,52723900,5309500,852400,575700,70038900,1570000,12130200,4834000,19125300,87100100,3149800,29097500,4089800,1482000,26424500,1981700,593500,5231600,4534800,3935600,5104500,1539400,19192000,17459000,53634400,40828100,13331000,16010600,10624500,10969400,28656400,7916600,11117400
2022-11-04,6918300,9427700,8780400,2063000,6263700,755200,70533600,33756400,7074500,4596200,562700,3060500,3518900,4473700,46066700,82292500,7692000,39849100,6314200,5287000,18889400,20476900,4061900,4428200,1862200,4572600,3004900,3277300,25842400,11264600,16698200,13989100,788500,685800,78313200,1361100,9562200,4347200,34818900,103505200,2209000,23561400,3145600,3679900,21966700,1643500,559000,5664800,3655400,3586200,6170000,1958100,18646100,19279600,60590600,41825600,11497500,17896200,11938600,7524100,24298400,8082200,12628800
2022-11-07,7597200,6503900,6246100,2093800,4518300,959100,38404800,19904600,2484500,2904000,368100,1903200,1924400,2222400,32305500,37483900,4425700,24913000,5497200,4289300,14075300,15662200,2837600,2639200,1933200,3778200,4002500,3414600,20689900,6133000,13428300,5617500,753500,662900,47333800,852100,9270900,4391400,12869700,68286900,2295300,14522800,1989800,2231400,25080700,2528800,325200,5545800,3316600,3420000,2577400,1410600,14516600,11153200,38775400,30060300,8286900,10427600,7133600,6479800,28592800,6054400,7424600
2022-11-08,5834900,5843000,6358100,1958000,6349000,884300,36282400,19882900,5225000,4415100,538400,3658300,2818600,5085100,30793500,28763700,11299600,39489200,10345500,4679200,14115400,16885900,4124600,2306200,1610000,3781200,2456500,2723800,20265200,10279100,19206000,5047100,683600,635400,63213800,894200,10376400,7092100,31329600,84641100,1681800,20360600,1731500,2539700,20492000,1269200,570800,5578400,3237200,4847500,5176900,1942000,16713600,12313600,43718600,34839600,8951500,12722000,9091700,6225500,24827800,8930700,9535600
2022-11-09,6694200,3602500,7269400,1693200,4799200,635100,34148700,22418600,4797000,3875000,370100,3252000,2123900,4048400,32673300,49711100,6040600,45728900,5755200,3658100,13990500,14019000,5100800,2518600,1439200,8459100,2042300,2319500,27277000,11407900,12204000,9278600,703800,419600,64862100,797600,9747300,4587600,17422800,78495500,2280600,15637500,2094000,2585500,16061000,1228700,340000,5510300,3570800,13959600,3103700,1529700,11003200,13207800,63028000,42126200,9217600,11962600,9465200,7752900,25781800,8963500,10155400
2022-11-10,8494800,5835600,7014100,2431800,6002300,815800,53986900,29640900,7536400,6381700,995400,7589300,3341000,5850000,72609000,53806200,9939900,67165700,6804900,9608300,21692700,14726000,3800600,4055400,1942600,4527300,2953500,1999900,38572800,18266500,28447600,6802300,1376800,749600,99256700,1682100,13729500,6631600,21968300,141455800,4163400,45380900,3804800,2020500,19421500,1939100,690900,8312600,4603600,3981600,3494000,2243500,14703600,17436600,58488200,67677700,18633600,27932200,19286100,11979200,35830400,12416800,15516000
2022-11-11,4953100,6645400,4525300,2817700,5190700,915800,52270400,24071300,9108700,6372500,4027500,6914500,6221600,5158600,40822800,66301300,4622400,20934800,3766800,2840200,10644600,16738900,3579100,2845400,1395500,3746200,3283600,2988200,28765400,6021000,8578600,9263100,733800,1749300,66961800,1060600,12663000,4246000,12472200,93839900,2465600,15943100,3856200,3191900,15765300,1611800,945300,5928000,4877400,4550200,2492500,1287300,13116800,12982400,51082600,46076100,9975400,15977800,14289300,7291400,30624000,10487200,11350400
2022-11-14,7457600,10464400,6914500,1623100,3303300,683000,42158100,21599900,5562900,3749200,460100,2995200,2367100,3494000,34917900,39972200,6187600,37932800,3985500,4130800,12809900,19838600,5060700,2154400,1152000,6093900,5227200,2673000,26499600,8685300,22576600,8635600,921200,715600,55290700,1107200,10524300,7192100,14503000,71903500,3491700,13741100,2267800,2680700,20750500,2398300,323500,6181900,5274300,4248200,5054200,2462000,19903400,12733800,46245200,38002700,8854100,14526600,14803000,6304100,20490600,10552600,15841000
2022-11-15,7962000,9800800,11948800,3209900,4824100,760800,77069300,34956600,10749600,3360200,1139000,5891800,3716100,3999700,20371600,65263900,9903500,50673700,5304900,6841600,23033900,18541700,3642300,2502500,1759000,6157300,2495500,2051700,26128800,15907400,25504400,8561500,990500,5334400,73985400,1151400,13650600,21231100,23955400,93194500,2397500,26608200,3953400,3318100,17109500,2005800,356200,5283900,4597800,4606200,7610600,1942500,14947400,14455000,51542200,57802100,10514100,12716200,15064200,9588700,27241600,8184100,8739400
2022-11-16,11075000,7824100,8856700,2226900,3085500,693500,49376500,22730400,6499200,3337000,2080500,5985800,2681300,3605800,32583400,33901700,3645800,31124900,3847500,6140100,19823800,22508700,2812400,1895800,1487500,4086700,2451000,1825800,24802000,8437900,24648800,3297300,612400,1206000,48859800,799800,10797300,8253300,10180600,68508500,1985700,28507700,2204700,3359600,17159400,1554200,406200,4258200,2755100,2905000,3005500,1309800,12313200,12797800,47277200,32852400,9612000,10095800,9748600,7771200,26462200,6122200,9573600
2022-11-17,6889000,4772400,6260600,2043300,3606500,523300,56473600,21271100,2771400,2996600,464900,2503800,1485200,4173900,51611800,51788600,4574400,34338000,4193500,5986800,15791300,16264600,6531900,3913600,1417100,3340200,2217400,1800000,20835700,8376800,24106600,8967700,706900,454700,55462100,678500,10681800,5450000,12895400,74496300,2853300,24528900,4621500,5000100,16831200,1799000,289000,4463400,3278500,3704700,2374300,1193200,10152900,9358600,42859800,35706900,8753800,8149600,7827000,4402600,23247200,6498700,7565000
2022-11-18,4714900,7062900,8564600,3200500,3659100,482800,45040200,18431100,3221500,1908300,438700,2387700,1389800,3052700,35373500,50705300,4321100,31663800,3006800,3102100,9932300,12470400,3186600,1866200,1145700,2504900,2201900,2172600,27269100,10139600,14214100,3947800,499000,360900,53588600,1962300,9075600,4372600,15315800,92922500,1851100,14941300,1689200,8376000,12737900,1493900,327200,3854100,2574400,3039000,3798900,1289600,13884800,7491200,47366200,39455400,7661500,11912400,9070800,5865600,23483000,6720700,7414000
2022-11-21,6829100,3437100,6834600,4164200,2304100,674500,29250900,21877400,2228900,1972200,438700,3195100,2443600,2917200,23120200,42197100,4766500,19070500,2881800,4477700,12089500,16591400,2688800,2041700,1124300,2302800,3189200,2344100,19038900,8761800,9664100,10434900,420700,361200,40083500,3035200,12778500,3435700,10468100,51243200,2194900,15534000,1969200,12862900,14394300,2314100,254500,3505900,2397900,2961700,2452000,1464100,11523200,7238200,85153600,24630900,7072600,8363800,8054900,4836700,22876400,7995200,6752800
2022-11-22,8039000,5261000,9534200,3397700,4389400,1075400,33677500,14698700,2386400,2729500,366500,3931300,1059900,3118700,35439800,27663300,3203800,24572500,3759100,5532800,8618500,12570200,2950200,1322000,1347000,3314200,2499900,2036400,16869700,6290300,15050400,6164500,584600,339600,41873400,717200,8062800,3421500,10140100,60429000,3023400,18103100,1495500,3715000,12701700,1655500,530800,3514700,2316000,3390300,2469700,1205400,12576700,7214000,53755000,29582300,7470200,9019200,6307100,5547200,14904800,5931100,5520800
2022-11-23,5885600,4144300,4855000,2169000,3108500,512600,43490300,13400800,3481500,3675200,332600,2257100,1621600,3526200,27753700,23211100,4167000,30316300,3425100,5236500,6824800,8276100,2502700,2277700,1108100,2267600,2328000,1850600,19758800,5456000,12511500,4572900,537100,280600,46390000,628700,7527600,4071000,12773600,68261600,1786500,23234600,1429900,4693000,9269900,1150100,323000,4423800,2590900,2685700,2159500,900900,8148200,8495800,41197400,27916900,5649000,9480600,6286400,3604500,14333400,5340600,6177000
2022-11-25,2718600,2543100,2536400,1243200,1498300,309400,19986900,10934400,1402200,1951000,164100,1042200,802900,1231200,20647400,18347200,1436500,9465900,1363800,1345400,5800200,5268200,1044100,1852200,381900,1202500,1425900,1105600,13393400,1980000,4413900,1249700,274700,115400,15498800,260800,3444300,1539000,7784800,30545400,665300,9486100,733000,1703600,6450600,956500,132100,1524100,1423400,1289100,1201100,483400,4877400,2456600,15182600,11266500,2665900,3263000,2978000,2254100,8983000,3256000,2728400
2022-11-28,7920700,4455700,5852100,3559600,3089800,840600,45015900,18618500,2757300,2778700,314300,2665800,1956100,2159300,20435400,31337800,4052900,31668900,2953800,4218400,10439900,20678600,2621600,1380800,1532300,2506500,3066400,2727900,17465600,7446500,18815800,5757500,722100,291800,38714200,502000,8653200,4330000,20269200,67881600,3710000,14563200,1365300,7370900,13708700,2301400,308000,4032700,3553600,3365800,2293200,1175600,14967900,6464000,58262400,34196600,7870200,13030200,8698300,7298200,18262600,5026800,6041000
2022-11-29,6643300,3754700,5437600,5141700,2943600,512800,50909500,17666900,1506500,2403800,362800,3213300,2307600,3667600,24921400,57973200,2620600,27162300,3306300,3356600,7629300,11832800,3027100,1464600,1081000,4447800,1694700,1865300,14020600,7366600,23040000,6642400,498600,340400,35618900,569000,6960900,4708500,11253000,52310000,2090100,16576400,1325700,6290800,11598200,1274800,534400,6035700,2507800,2640700,1962700,1107400,12193700,5673200,38048400,31489600,5563400,11570200,7755100,4954300,19004400,5439600,10423000
2022-11-30,8963500,5418300,5479900,2939800,6940400,722600,103403400,41966500,7822900,7965500,779400,6110300,2643600,7911900,39271700,85043200,4874700,41702100,6734800,7127100,15265900,26615800,6205600,6075700,3569300,6014800,3026900,2295400,28030100,10897800,20930100,9146800,1373100,497800,74718100,952700,10571100,10368900,26502100,144566700,4520200,21581700,2894100,3724000,15610500,1480200,741400,7077800,4748800,4201300,3095300,1686600,16331300,14624800,43830200,58607000,18295400,23334400,11704200,8120200,32946400,9377400,16408600
2022-12-01,12471300,10968000,7462500,3382400,5325900,869000,50195900,24209700,3481300,4397600,1371300,4331700,4753000,4235800,22856600,52796700,8625800,42134200,6689100,17629100,12935200,25504400,4128600,2752200,1653400,5897900,3089000,2232900,21996400,10624600,30830200,7402000,957400,912900,51547300,1570100,10197900,23602200,24949600,76398200,9839800,53156800,4390600,4571200,14977000,2347500,614200,5038900,4608600,4354300,3688500,1668700,18123200,8215800,38902000,58157600,13848600,15165800,10215700,9814100,30706200,15140200,9654000
2022-12-02,6368000,10316300,6828300,3957200,3736500,607100,47593700,36230700,2734200,10397900,1639900,2840600,2436600,2847200,28858200,63439100,5185900,27535800,3589700,5783700,12893900,12937000,3298000,1922800,1665700,3624000,2564200,3036400,22574800,10759600,16908900,3596800,597000,359800,53583200,816400,14984400,5163300,23150100,85342700,3393800,24479500,2230400,3459200,16482500,1447800,555500,3953700,3596000,2917100,2268300,1125300,12581500,6825000,36770000,40483300,10767900,8934400,6087200,5460800,20708200,7779800,11972400
2022-12-05,8072500,8943700,7552900,4078100,3827200,1085100,62268800,26304900,2124600,5890500,945500,3335300,3224300,5087000,22159900,34671300,5436200,29736500,3884600,6295800,10093000,11105400,5099000,2609600,1230800,4141000,3392900,3744700,25449300,7544800,19612000,8553700,869200,411600,41482100,834600,10372200,6591300,24402700,77289800,3276700,20159700,3769200,5259100,13694300,2360100,465100,5983200,3707000,3840500,2281400,1606300,11066600,9452400,51753800,53402000,11070700,11526200,8632900,7165500,22903000,6921500,11580000
2022-12-06,7660100,9646800,7584100,3352600,5516300,764900,31558200,25663000,3936400,4416000,641700,3405400,1777600,3026500,23263400,42318600,3597800,24976800,3157200,5745500,9776800,10825600,3855300,2081500,1551600,4232500,2815700,2364700,18502100,7952100,18220800,3323300,938000,515600,53937600,571500,14779200,4237200,16489600,77972200,4906900,21754500,3750700,6746200,11702200,1848800,443800,5276900,3911000,3901000,2272500,1161700,10671300,9495600,64930200,45102200,8854500,11799200,8136300,5249500,25649600,8171500,7899800
2022-12-07,6752900,9798600,7472500,5676500,3577100,645400,46263200,23274300,3811500,3521800,623600,2571600,8714400,3838900,25535600,45339100,4610700,24614200,3319300,5386200,11115200,13093400,4148800,1818200,1281900,4078000,3126400,2501100,17177800,6129000,22116700,8222300,541500,319000,45614300,640800,8716500,5160400,22573400,65927900,2900600,30546700,2050400,5443900,16632000,1729700,283400,6206700,3338000,3438100,2636800,1490600,13380600,8167200,48894200,37775900,7173700,10413800,7298700,6159800,28297800,7427000,10852600
2022-12-08,6307200,3855900,5378100,3554700,3278400,1221900,41138200,20080400,1835500,2374500,443700,6079100,2010400,3156300,22240300,58069000,3217900,23839500,4318900,5325800,15343000,18299700,3019800,1653400,1557900,2484500,3306000,3459700,20971400,5848700,18285600,4679200,439100,392600,42594900,585800,10608900,4121000,17948300,60737900,3183900,13377300,1856600,8334600,13719300,1619100,562100,3994400,3604500,3982600,2240600,1334000,16254600,5523800,51280800,46600900,6462400,8965800,7803400,4461000,19920000,6765000,6407000
2022-12-09,8994400,7718900,12079600,2957900,3815500,752000,48742700,25772900,2600700,2386600,719100,3021200,2499300,2358300,19183600,40721300,5431300,20687300,2464700,4343100,16429700,11276100,3440900,1860900,1965100,3540500,2802400,3995300,22046500,7279500,15568800,6086500,604200,482900,47860500,741700,7839000,4623400,18975700,81447700,2613000,25872200,1285500,7184900,14430200,1784000,236100,4572500,4271400,3784900,3011500,2275100,10962700,7872400,48097800,40885600,7208000,10402800,9761700,6077000,23837200,6203000,7218400
2022-12-12,10384200,4383600,7533500,2660100,5017300,1132800,41524600,18725400,3061100,3164300,1326600,5502400,3169000,1931300,38477300,43727900,3504400,22415700,3366300,5192200,10857800,13363100,3129600,2403500,1660700,4998200,3792400,3270200,22765400,4346700,13988400,6786500,871500,405000,35732500,1345000,9286800,4593800,20222300,75405800,2735800,16897100,3857800,4520100,13482000,1939200,362000,5115900,2946200,3931600,2239800,1230100,15846000,6385800,42184800,72570900,7043300,14806200,6996800,4945000,22763800,5669700,6545600
2022-12-13,9120600,6645800,12563900,2779000,5274300,704300,60886900,29377300,6184800,6082600,1566800,7524500,5319200,7042000,44602600,52967700,6750200,45923300,5738200,7856600,15281400,15775000,5335100,4710300,2321800,5899700,3394300,3561800,38445300,12476500,19976000,5730600,1324700,478500,80667700,1313700,13612500,5790700,24657100,123782500,4767700,23854700,2680300,4496100,15123500,2210100,1027900,6864400,6161800,4191900,2955500,2089500,20943100,12576000,54557400,55659000,17589500,18607600,11349000,10763800,27388400,9886500,10744000
2022-12-14,10624000,6898400,9833900,2342400,5498400,1519700,62300900,23707700,4214900,5829200,598000,4309600,3133800,3906600,50428900,43071400,5643000,57177300,7952000,6533200,12355000,14441700,4951200,3022800,1631700,9398500,4778500,4052700,32406900,10749800,19894900,4807300,790200,474300,64984400,792500,11433000,5651700,24341100,108111300,2882400,19517500,2770200,7394100,18377500,1913900,776600,6553300,4707100,3331200,3524600,1624400,19430000,15635200,52675600,54685100,10428900,19541000,13820200,10786500,26637400,10882200,10903800
2022-12-15,9423900,7768100,7800400,2802500,5865600,970800,48081300,25617500,6141700,4615100,1146000,3795900,5352500,5243000,29655500,57039200,8363000,41666500,4600600,4344200,10467900,21324700,4037000,5201400,4984300,5857600,3237400,2622400,33546700,6767900,16931200,10502000,832400,646900,60554100,742400,11455500,6162800,19921900,117705900,2669900,20246200,2794100,4665300,13943700,1856300,1053500,5325500,5126800,5537100,2940000,1847800,16821500,10456800,40406600,70330100,11588400,19223800,11281000,6033200,26308000,8746700,11947800
2022-12-16,7546100,4121700,6541900,3403500,6672200,972800,48065200,23998700,3932000,3742100,532900,2796800,2790100,3406100,23906600,31091900,5372000,38197100,3376300,4432800,9242900,15061500,5067900,2621300,2696200,6667300,4604200,3262800,38502400,9097500,16643900,5315700,675400,421200,68300400,652100,13434300,3987700,15976000,119858000,2290100,20838300,2627200,4847100,14511200,1749900,354600,8166400,4533100,4755400,2841600,1557800,12156700,14570600,59101000,59619300,17357100,23999200,14561500,8016200,39263400,10843900,13371800
2022-12-19,10351000,8627100,6300000,3123500,3709600,914500,22995200,21180700,2790300,3185400,613000,1622600,1923400,1977100,19005100,21400800,3940500,24135100,3265500,3951100,12262500,13123100,7244700,1613700,2303800,4289700,5003000,4390000,25614000,6416600,14746200,3376600,827900,372700,44167900,939600,9720900,4845600,12704600,79878100,2681700,26126800,3638500,3920700,17846500,2730300,445000,3776100,5538500,6433800,2736900,1761000,19755100,6460000,36836600,37456800,8814700,14276600,8093900,4543900,19664600,6801600,8675800
2022-12-20,10282200,5204300,6130500,2614500,4721700,824300,25688000,21440600,2388400,6279300,337300,2422100,1037200,4004400,27003400,29347600,7803100,32917800,5455600,4199800,11067900,16517300,4145200,1369500,2437100,4451200,2486300,2584300,18050800,5925100,18678000,3825600,692400,399400,51064200,1173800,9119100,3735600,28496700,74427200,2942600,28869000,2873400,2501300,15525100,2760000,747300,6614800,5068200,5637800,3072100,2246800,18051400,5641800,28593000,45446400,9294200,12622000,7368900,4333900,15964000,4815500,7710200
2022-12-21,8489300,6471800,8169000,1882500,5086800,868700,23607700,17112200,2619400,4500700,297900,5556700,1098500,2698300,19904400,32659000,3990100,23211500,3621000,4406600,10109800,10494300,5079500,2056100,1747600,3875500,3333300,3169400,22997200,5622300,15087800,4592700,843900,375300,46394700,784000,10937400,5219300,11637000,78167400,6070000,15894100,3646000,3292400,14202600,1683500,405400,7101700,3832400,4973400,2700500,1525300,15728300,5755400,34058200,31318100,8220700,14670600,7953100,4082400,16484800,5937500,10670200
2022-12-22,8267800,6592400,6833800,2017200,4876900,771300,27011800,21251200,2340100,3898600,629100,3972600,4194500,3310600,18970500,25586100,5672700,26893700,3888500,2143100,10433000,11751300,3722100,2421600,2619800,6462200,3407600,3306200,21297600,7904100,13957300,3347600,623700,366200,60278400,1355800,13066200,6612800,15133500,100120900,3674600,11322500,4301400,2381800,17651300,2565600,351700,6619400,6458200,5153500,2956300,1887600,17285500,6631200,37359400,25605100,11024700,15323600,6888300,4206200,14103800,5483300,12894200
2022-12-23,4823400,3683100,4693400,2913300,3997900,836100,19543300,12536600,3478400,2062900,1091700,1389900,1179300,2094700,18483100,17315100,2912300,13196500,2289900,3164900,7459200,10122700,2978300,1914200,1825400,3280100,2754200,3306500,11647700,6014300,5992400,3143000,423700,436600,39373600,799700,9231000,2737200,10922300,59857300,2523500,15408900,2544300,2928900,10668100,2074800,462200,3539500,4572000,4214400,2441800,1580700,14616500,6202200,29630000,17116200,6142400,8231600,4874700,3935100,11349400,3766900,6550800
2022-12-27,7925700,4267900,6959600,6148300,3098900,798100,42338900,16247400,2706300,1957300,251200,1853200,1117100,2665900,20732000,59256500,6885700,22108000,4214600,4780800,8446000,11961200,3225500,3388400,2310700,4339000,2684900,2971900,13553800,4848700,10456200,4831300,442300,329100,38009000,786700,9435600,3969500,12346900,51638200,2464500,26475700,1771000,3147900,14392000,2068100,552800,3961900,4303200,6037700,2904200,1987200,13829000,4868600,32749200,25601100,5213800,9530200,4839700,4259700,12211400,7050500,8536000
2022-12-28,12131200,4123200,7868200,2873300,3102400,1029000,31813900,14526900,2047100,2674700,318400,2071000,1369100,2829200,27160800,46898800,3662500,41064800,3828800,3161200,9302000,13281200,4145000,3963700,2076600,4684700,3734200,3189700,19648000,10456900,10050900,4851200,402700,302500,47139000,835200,9989400,4308900,10915100,70911500,3091400,17302900,3141100,2782800,14592500,1570400,382700,5168000,4464600,5711900,2920100,2467900,15688000,5046400,31838000,24395100,6803900,10362600,5028900,4730900,14431200,5054200,10073800
2022-12-29,7763300,5637400,7391000,1759900,2458800,868800,27088700,17455400,2120900,2845700,590400,4002700,668300,2483000,23559700,44262100,3345900,33378900,3769000,4021800,8186100,14050500,3785500,2565500,2082100,5327300,2163700,2778300,22311300,10216300,14253300,2566800,430900,366800,45893600,806600,8621400,4149000,11896400,66970900,3141300,16593000,1759900,1972300,13008000,1578500,332800,5398400,4086600,5425700,2724800,2420800,13383100,6446200,26915800,26624200,8309000,10954200,5574800,4143200,11555200,6297300,7492200
2022-12-30,8469000,6537000,7051900,1848300,3881800,800100,38297800,25629000,3106100,4266100,288100,3254600,1938400,4703800,12831300,32770400,2864500,15170300,3470900,5043800,20477700,14935300,5026200,2733900,2347600,5290000,2609200,3218200,21275600,6459100,8528200,3666300,615500,450300,37858300,1086200,10362600,6051600,14251000,84022200,4694700,20810200,3044300,3648500,15892900,1855200,338000,4897700,5325400,5979800,2922100,1994200,15760600,5818800,22661800,24735700,6874400,8905800,6249900,5087800,14700200,6369500,7531000
2023-01-03,19930800,12503100,8634800,3228300,3910700,902400,35557900,25179300,3660600,4802700,1122600,2744000,1934900,5379800,46264400,41414500,7992900,28787700,9173200,6808300,12716100,13699000,4922600,1438200,2349900,6454700,3794500,3537700,22503800,7580400,15589800,4002200,850100,589200,42335300,1781800,9125700,7190500,18122100,74850700,3740300,25313200,2352300,3339700,11990000,2368500,437400,5906600,4957300,4092500,2782400,1527500,12098600,10684000,53082800,37396500,11407700,15196200,14433300,7060300,25774200,7239200,9567000
2023-01-04,10080100,9074500,5257100,1983700,4137300,539100,57044200,26751400,5115900,7988000,456200,4364500,1691600,5008800,29848700,70109100,7574600,37120100,6501000,7800100,11743700,16280100,4668400,2332900,1756500,3805600,1970100,1894600,22973500,9397600,13951700,9712700,645300,493700,47754900,1521800,10210800,4098500,17246400,85934100,3247800,21678200,2552600,4215300,13229500,1730700,645200,6860200,3119100,3852500,2436100,1295700,13970300,9742000,45705200,44669300,12236000,11813000,12197300,7586900,20872600,8469800,8079600
2023-01-05,9682000,6454100,5632400,1700700,4350100,497500,25175600,17376900,7284500,3930800,287800,1730800,1378700,2256700,32453200,37011500,4692600,35142000,5035900,3177900,8251200,8246700,2951100,1872200,3455600,4329700,2531200,3124000,17032600,7616200,9848100,12129700,561100,422200,45396700,857600,8378400,4879300,16539900,76970500,2377500,14771100,1805600,3555500,9324500,1465100,273100,6839500,3216500,4150000,1852100,1270100,9447800,8212600,38723800,45585700,9649600,11341000,9848200,6581100,19572800,6714200,7776200
2023-01-06,8503000,4623500,5627200,1674600,4800800,657000,49058000,17951400,5430600,4643200,304300,3012200,3228000,4759600,26391300,39044800,7889000,60041200,5675800,6807700,8420100,15270900,3398400,2343800,1893900,4838800,2911100,2587100,21986900,13860600,20695600,15193300,668200,434400,54659700,532000,10004700,6357400,17021400,104189600,3855300,27473700,2193000,2994000,10441400,1657700,293700,5962000,3464800,3184300,2200200,1161400,12189500,8729200,44422400,41229700,16270200,13825400,9982400,6329600,19620400,7175700,9239400
2023-01-09,7849600,9734500,7398200,1189300,3864000,874000,59967500,23392800,3640500,3307100,451300,2967500,1942300,3833000,28602400,36571700,5134500,35806900,7575200,4988000,11605300,13375300,3275300,2239700,1571600,3474700,4605800,4536700,18366500,11436600,20449600,6413900,618600,373800,45568700,925400,13200000,6204800,15588200,73978100,2640200,21472200,2419900,2941100,12426200,2784000,1343000,5699200,3775300,3888300,3034900,1503100,14642900,16791200,46003200,48726600,12846700,21427200,11081800,3965600,23438800,7719500,9387800
2023-01-10,7291300,5606700,4827900,1469400,2277500,454900,34936500,18811500,2315100,2293300,371000,1841100,1229300,2104800,21819100,35854800,4398400,35695500,3559100,4026900,11576300,12824600,2424100,1731000,1038600,3649100,2032000,1686400,18751100,6315900,19225200,4868100,408500,398900,35247800,691500,10056300,3993000,10051200,65358100,2302000,20545200,4854000,2000400,11492000,1340600,231500,8040700,3495700,2963500,1649900,985000,8682200,8049000,31599000,34663700,9166200,17209000,8427900,5196700,17215000,7675200,8830800
2023-01-11,6102900,8601300,8453200,1923200,3265800,537200,41854800,17732700,3410000,4146200,484400,1987600,2998300,2534800,24938500,40911100,3374200,31826700,3216200,7118700,10079500,90038300,4777300,1648200,5815200,6273800,1604400,1156100,18222700,6302700,19541700,5823200,470800,1470700,44077000,2110400,8382000,6779700,13848000,68881100,7551700,18794000,9219600,3545100,14000500,1208200,1283700,5663300,5710500,3435300,2463600,1187100,11254400,9845800,32903000,32014700,7395400,13758000,9848300,4733100,21371800,7307200,12708000
2023-01-12,8342700,8086900,5927600,2452100,4332600,738700,42088800,19767100,6525100,4269600,282000,4408700,5060800,3731500,25056400,52925100,6936900,29404900,3994400,5768000,14760400,40909000,3959600,2033700,1998800,3988000,2497800,2110200,29650800,7904200,18372500,6921700,756300,560700,60600000,1750200,9211500,5571100,18514100,90157700,3943700,32029600,3084800,2616300,12836700,1430000,1035500,5890600,4743500,3552700,2342000,1224900,12603900,7787600,36716000,56642400,9883200,15358600,9841300,5102300,25797800,7580500,9572200
2023-01-13,6719000,5501700,6331600,1514800,3473400,522800,32838900,18092100,6497600,5024200,908400,2434900,1386200,2342600,15056000,51831500,7468800,26301500,3621900,5573500,11048000,11808900,3146400,1379300,1342900,3192700,2340300,2576800,22120000,9905700,21077700,8974400,624800,451000,44802900,684400,9216600,4546500,18425400,63903900,2833100,17750800,2425500,2503300,9144300,1412700,419600,4153800,3015200,2798600,2615300,942800,8663200,6965200,31808400,65920900,14206900,10153200,9274200,3796000,23793600,6334100,7969400
2023-01-17,8174700,9495400,6815100,1160700,3929700,1409500,41016000,25184100,4441100,8498300,972200,2389900,1371800,3123700,19693100,48179600,6610800,30961200,4346100,3709000,10991400,19644100,3900600,4302300,6222100,3510100,6155300,4617300,22422600,7199300,20745100,7903700,562000,1161300,36269700,1410800,9721500,5843400,23059400,62677300,2711500,13911700,4220500,3796500,12862000,2341700,796400,3943900,4942000,5426700,2918200,1577200,14381200,6943000,33933200,65345200,9274900,10425800,9006800,5463200,19530400,6664100,7499800
2023-01-18,7779300,4944800,5112800,1469600,5164300,739000,54860300,35935300,3637200,4175700,512400,2969500,3809900,3102100,23034600,33976600,5384700,52989700,4003700,7926400,36813400,28066800,3066700,2558700,1902600,4348500,4737300,1920200,23507800,7616800,27794600,5989100,788200,949600,47754500,1460200,13953900,4551600,24553500,99632300,3919000,35497200,2293300,3172700,13196900,1267200,631800,5984200,3931800,3890200,4896500,2329700,10775600,9444600,38075200,53693000,15026000,13936000,16069900,7466700,29020400,10629100,9596800
2023-01-19,8633700,6491300,4765200,1241200,3454200,735700,33834900,23519000,5342500,5455300,1060200,2854300,1299300,2458600,29228500,48123500,6678700,50070900,7951300,4234100,37403000,25935900,3629900,1502500,1564800,3000000,3060600,2640500,24624500,8192600,18085800,5886300,489100,428300,44150400,824900,9714900,4791800,15361200,86958900,4591500,17194700,5865800,2814900,13017200,1520400,308500,4696800,3569900,2282400,3456700,1557900,11808300,8159800,34293800,61169500,17155600,14645000,12421500,7253700,28394000,9902300,12957200
2023-01-20,6095800,4532400,4714300,1144000,4120200,969800,42854900,28289500,3301100,4456800,762900,2037300,1221700,2403300,17224700,59463200,5754800,36625400,3434700,8822700,21762700,17178300,2847900,1756600,1165400,2645400,2413300,2265700,36070300,7524000,15440000,3935700,503400,381300,60613600,487800,9034500,4042100,14299700,91806400,2878100,22754100,3670300,2438400,19859800,2234400,356600,4251100,3265100,2429300,2815500,1259100,12689100,6897400,28560000,42330100,12816500,14127800,12349600,4262500,26621000,5962200,7502600
2023-01-23,6573200,9166400,6116700,2664600,3985300,908800,38252700,24252900,1745700,4207500,329000,2520400,3299700,3415500,15960400,32347300,5265500,26764800,4384300,4334900,10212200,14040300,2884400,1823400,1444400,5152200,4138700,4593900,20329900,5153700,18814700,5234400,622700,432400,52799900,1017200,9284400,5559300,30123300,84178800,3170400,12961500,3983400,1661100,14611000,2275400,388600,5154100,3243300,3438100,3527500,1378500,13000000,12497400,29305000,44997300,11113600,23472600,12000200,7002200,19652600,7211000,9168000
2023-01-24,6538600,5073700,3907700,915600,3360900,594900,34713300,12996500,2675200,3058200,307200,2300700,1285400,3068900,16199400,24177600,4604600,27774500,2691200,3540300,6064100,10029000,2415400,7449300,1478800,4309900,2208100,1998400,19263500,4948100,12419700,5704900,409900,526200,44875100,492700,8128200,4179100,15461600,59524900,2913900,16417200,2574100,1653200,8094300,1121400,372400,3810600,2702400,2679400,2349500,1550500,13591800,9361000,30755200,34333500,11341200,12575600,13465600,7089700,20658800,5754800,6373000
2023-01-25,5431000,7570300,4414400,1151200,4318600,469800,30325100,14250500,2194500,2967500,406500,1828700,2922200,3197600,18507200,22232000,6925300,25857700,3613000,2924700,7181300,14946100,3311100,4235600,1239000,4555300,2438000,2172000,18174600,5979600,15450000,3670300,492000,319700,50872000,616900,9218400,3169400,12824900,84800300,2996900,11906500,2254000,1613200,9955200,1200400,477900,4953300,3061700,2802000,1909300,1247500,8435800,7203800,26861200,38458700,11728300,14342200,11606800,8163100,25983000,5999000,7540400
2023-01-26,5399100,5116500,3866800,1637600,2930900,1013000,28722100,13272300,2680800,2231000,345900,4274100,872900,4094200,32316800,34186800,5860100,25512400,4210300,2875400,8742800,11258300,5868000,2203700,813800,3067600,1446400,1169100,18369100,7797700,13250300,4879000,492500,464400,51596300,1065500,8358000,5417000,18177800,72287400,4193500,15549400,4581900,1481400,15609000,1129300,292600,3939000,3460900,2806200,2078000,2258500,10829900,11506200,36663000,29944200,14985500,11161800,8081500,4497400,20360000,6861100,9641200
2023-01-27,5123100,5232100,4474100,2379200,2907400,671200,36989100,13986800,3507700,3369800,371000,6709600,4165200,3447100,17002800,30644900,6052700,35813400,5252400,5524100,7943900,11747900,2927400,4446200,967000,4012900,2014700,2655700,20019900,8356900,8924900,6945200,377500,372800,56441900,889500,11433000,3822700,15244100,68346200,2408700,11845500,3551300,3185000,11993400,1521000,272600,4972100,5549500,4521900,2716700,1305400,11910800,6839400,34841000,30787400,14187300,13549400,10341700,3519900,15425800,5854600,10945200
2023-01-30,6822000,4281500,6258700,2528300,3032700,872200,38598300,14111500,2910100,3389100,232500,3629300,1055300,2636400,12560800,60027600,4210700,32002000,3552000,2584600,7818800,11954500,2719400,2479500,1133700,3457400,3874400,4189200,18395100,4564000,20019800,6598900,690300,380300,49405800,615200,8212200,6446200,8337100,74202000,2462300,11459700,3285500,2345800,13995000,1910700,238200,4737700,3280600,2992300,4166400,1706000,11908200,10421400,27525000,31595000,10057900,9705600,10463100,3806400,15561000,7055400,9578400
2023-01-31,12083600,7362600,5502300,1571800,2593500,472900,43197800,23544400,1995500,3092000,484900,4124200,809600,2154600,20541900,39135900,5976900,41006600,9142800,4856400,13265100,13379200,3002800,2254800,1997300,6121200,2471000,2206400,21567900,8814700,27212200,5509700,1332800,597200,46705100,765600,16214400,7241100,10471400,86811800,4134300,13705300,2681600,1391600,14919700,1104400,452500,5449600,4181700,4827600,1914900,1008500,14673600,7742600,27848200,30282100,10367500,8871600,8002700,4274800,19442400,6290600,6975600
2023-02-01,11593300,9424000,7473900,3090900,6175400,666400,51809100,27861400,4725600,5407800,650800,5309000,3742700,4154700,19026900,43140700,7996000,46900900,9936300,20159100,11108100,15163600,4187800,9058300,1230500,5194600,2407500,2021100,27007300,11313900,29127300,6992800,1237700,803200,67562200,646800,13659600,8447400,23818200,101459200,5419300,25305800,4090700,3538500,13761800,1338000,281300,9787400,4941700,4385600,1954000,1414900,23841300,14447200,46967200,51418700,16673700,18852800,15447600,7921000,30944600,11843000,13913800
2023-02-02,9197800,11984500,4273500,3591100,5169400,718100,45943800,15588000,5353700,5095600,642000,7443100,2440400,3281800,36146200,46926200,8842400,56399900,6710400,5823000,11042900,14931500,4626500,8586600,1249100,4883300,1660100,2286400,31020400,11691500,18958900,5146200,1011700,701400,83070600,814000,15913200,10328800,22808400,101654500,5030900,19548400,4038200,2561500,10567100,1125100,1902300,5218600,5207900,3730800,5365800,2075900,11068700,12327800,49803000,42107300,13459800,18824000,12238800,7014400,24997000,11274600,14039600
2023-02-03,9083000,8934700,5332900,2625600,6504300,1013000,42341000,18589800,5765900,4618600,649800,4069700,2006600,3588200,25826000,45202600,13674400,39682300,15543100,5267000,9761100,12237100,5536800,3072300,1758600,4386000,2567200,1565400,24981500,11319000,16053900,6347100,1130100,1333800,76170800,965400,10095000,7167500,36695700,94736800,5375200,20619500,4752000,4875300,13632600,1517000,550600,5353000,6472500,2854200,2576300,1588200,13327200,11875800,45454800,43155000,13567600,16145400,12874800,7467200,25362200,10046800,13593800
2023-02-06,9198900,5928200,5282300,1375700,2708400,564600,41471500,18409500,1888100,2711300,441400,4355200,1237400,3713300,17575700,38468200,8957000,40944200,6703900,5500400,9405500,8734600,3015200,2692900,1222300,2579000,1009700,1630600,18160100,6153000,18455400,4538800,756600,609100,40802300,472800,9450600,4079000,15824800,60295300,5195500,15182400,2957600,2694200,8634900,1607000,345500,3787500,2880100,2841700,1922300,835000,12668700,12524600,31714400,32273600,10260900,12977400,7208900,5384400,31414200,7328300,8770000
2023-02-07,6224800,4283200,4674500,1057300,4969600,501200,31941600,19440100,3825800,4250200,725300,3393600,1243700,3731600,22506400,26173500,6794200,37101300,4747600,5678900,11108000,23410200,3397200,3173500,907700,5584800,1694800,1256200,27074100,9792200,25191300,4796000,961300,1000400,67584000,608900,11888400,4900000,16209500,90990700,3758700,18290300,4046700,3598100,11438000,1157700,294100,5912700,4504600,3028100,1926300,1075000,11589100,15105800,41014000,33000500,10946100,15708200,9268200,7056600,21124400,7551000,9833200
2023-02-08,4900600,4101500,4308200,822500,2769500,593500,38255400,18281400,2577100,3460600,383800,2008600,912700,2461200,15317700,21434700,4075600,34066600,4550200,6137600,6833700,13079200,2791900,4936300,1492700,2872000,1266100,1062400,17933500,7233600,16484400,4664300,658200,807800,56720900,506600,9959400,5112700,10688500,76227500,2821200,13530700,2234000,2052000,9659000,945300,188100,4886900,2921500,2945400,1349300,838500,11288000,10531800,26967200,34555500,7429700,12577000,8933500,4347800,22471400,5614100,11128000
2023-02-09,5594800,4909400,4268100,2054000,3094700,477500,27083800,10875300,2028000,3748000,632300,4303300,1790400,3230100,18677300,42052600,5361300,42581900,4425000,7358300,7758900,10903700,2397100,1691300,839600,3378800,1348100,851000,20516600,10584500,21637500,4148600,605800,542300,49137800,510300,8798100,4328600,19233500,78694900,2648200,20469900,2546200,2430700,9026200,937400,350900,2905100,3327700,2705900,1826200,888600,8787500,16661200,32150400,44329600,8882400,12624000,8341500,3476900,20715200,8085700,8316200
2023-02-10,5068200,4580800,3606100,783100,2523900,472000,34463800,16681200,1812400,2959000,325200,2433500,745300,2558700,18170500,42700100,2971100,65905000,3754100,5290000,6989300,12888400,2525800,1036800,820700,2655900,2288600,2092100,15248700,10315100,16092100,2782000,524100,377700,50050100,937200,7377300,5046300,11028700,70769700,3105600,16598300,2167800,2817200,7798500,753600,176500,3270300,3256700,2159800,1675200,809700,6052700,7016000,40003200,28108900,7710500,9861600,8197200,4253400,30963400,6198600,6433000
2023-02-13,6832700,8904000,3805800,853800,2653900,922700,20906700,11806300,3384000,4087500,288100,2008900,2995600,3013000,17932900,25953400,3970800,38741300,3793200,17262300,6736500,7372400,3389700,1316600,1387100,3757200,1516200,1754400,15754400,11064800,32223500,3377700,470700,454800,39636700,428100,8393100,4934400,12376300,64913500,2259000,13134300,9756000,3458200,6772900,1526800,225000,2921900,2980600,3467200,1453100,859600,5597800,5498600,24744800,32209000,5781400,8411800,7440500,2943000,16183800,6300300,6721400
2023-02-14,9559500,4056600,4328000,926500,3501100,498200,21664300,14082900,3773900,4342200,299900,3050800,2376200,4276200,25746600,23639900,5403100,54193600,5411500,7133600,10604200,11258500,2353900,2369700,1171900,4222800,1341400,921200,21889600,8297500,31922200,2967300,531200,338100,64079100,536300,10174500,7889600,14586500,88389300,3037800,15440300,4798300,1601500,10336600,1000200,475000,4217600,4718000,2743400,2194600,1181200,8875500,8215000,27022600,33525300,7722200,12622000,9344700,4544900,14150400,6905900,8722600
2023-02-15,6486500,4895700,4370800,924700,1967700,362900,31114000,14031200,1257800,3485900,375100,2754900,876000,2817100,22631500,29624100,5423800,44897600,11796400,4964700,7048600,10097000,2357800,1721300,798800,2966800,1402800,917400,18721200,12888100,24279600,2400100,359500,441500,43100600,599500,7397700,5025800,13249500,61555700,2631900,15246900,2620900,1907600,10172200,716200,275600,3669900,2820200,2001600,1634200,711900,8818400,7956800,31939600,28510000,6005600,10491000,9006000,3873000,11020000,6491900,6820200
2023-02-16,5235600,5556400,5912000,831900,3229600,1559100,30045300,13151000,3973400,3376500,348400,3254300,1046200,2751900,24753000,26926900,4540400,89945400,8036900,27126400,7312700,9737500,4099700,1732200,662500,3347300,1083300,875500,21366300,20721800,27909900,3136600,605100,394100,59498600,559500,7906200,6081600,16692900,76431500,4054900,19267300,3712100,2369700,8804700,818100,269100,4493100,3077500,2458800,1562100,731500,7802700,8673600,25314200,34379100,8838600,13001200,8355100,4807200,18399600,8008000,11257600
2023-02-17,5956300,4398600,5165700,1207900,3034200,362100,35131700,13768200,2878200,1972600,237200,1836200,647000,2000900,21630400,35919100,4809800,75910300,3329100,4540500,5899200,6213300,2652500,4337700,722800,2039000,977900,2892200,23892200,22064600,18528900,6800000,515000,480100,58230700,426700,7465200,3773700,15129100,89257800,5304300,19560900,2847000,3851700,6358700,660600,184500,4299600,3285300,2324000,1391500,804700,7075600,7452400,44680400,35889800,8779000,10606600,11116000,7192500,21873200,10798800,7480200
2023-02-21,8369600,17021300,16093200,1014100,3142900,460400,33984300,14419700,2285100,3245900,258800,2241700,1423900,2411500,15854600,29086200,4035900,98782400,3073400,11382100,5371200,9526200,3953200,2098500,1660700,6280600,1183500,1040000,26004000,21320600,21136000,5727200,417400,510900,46526700,652200,10497900,6391400,11158700,82655900,2344000,22728000,2497700,2432700,8322800,1131500,245100,4926400,3109200,3110800,1881700,911100,12837300,11800600,33622600,36425200,9805000,12277800,8974700,4220800,16969000,9066200,8837200
2023-02-22,5862300,18697200,4375600,1219400,2896400,503600,37035500,12991700,1711200,2807700,379900,2217000,2011400,4846200,29163300,28235900,4105700,70093300,2436700,30136400,12670800,10839300,3623900,2200200,1289500,4145700,1644900,1186800,24651700,19434300,20971700,3358600,1329400,392700,51389200,473400,8979000,3889600,15142700,83742300,5106800,15165400,2325900,3495600,8127400,807500,442300,4456500,3872000,3011700,1437200,633400,14404200,11868800,40270400,31065200,8867100,14338400,8851000,7049600,26750200,7318900,9928400
2023-02-23,8527200,4863200,4789200,2070200,5999600,462500,28551700,25783700,1091200,2875400,330600,2487000,967100,5879100,17763300,32680800,5073500,47908100,2388800,7059800,9133700,12341600,3057200,1836100,1076200,4570000,1354700,1261900,21311700,8112400,21144600,4616600,603500,350200,69294400,471800,8780400,4072900,13610700,96242400,3038100,15829100,2146100,2136800,9051200,979200,202300,6074900,2867200,3440100,2171200,774000,13227300,11192400,35023400,42357600,8995600,13120000,12700000,9331700,21406600,9955500,10568600
2023-02-24,4866800,7735500,4345900,1637800,3764700,443900,48596300,25120200,3821300,3795100,393300,3208900,913100,6601000,24704300,47134000,6496500,47576500,3821200,10757200,9236600,21853600,3262200,3558000,1543200,4450400,1236800,776100,24280700,10289200,26721100,9942400,854200,324100,74332000,320700,10475700,4189600,24859800,108194400,3524300,21403600,3650100,2593400,9836900,1404500,286300,5065400,4055000,3020600,1873800,705900,20141500,18648200,37496800,48732600,9288400,14347400,11340600,8159000,23150400,9008000,11914600
2023-02-27,5040000,7477400,3340500,1076800,2887300,564700,24344400,19736300,2153800,2106700,237900,3372500,845100,5584300,34440300,29314700,4509200,40292000,3299100,3693200,8182500,16174900,2902900,1854300,973800,4547700,1765800,789100,17562900,11241700,19660700,3866700,501700,512700,48995000,538300,10268100,3246600,26063800,80444700,1614400,14209200,1958100,3024800,8274000,966000,280800,5170800,3300100,2850300,1941700,752400,14329600,12939600,30676400,31664600,8677600,9389000,10162300,4816100,21720600,6463900,11244400
2023-02-28,8575000,8086900,5032400,1222300,3155300,614100,39670600,28408000,1677300,4853200,987700,2397900,924500,4519700,25823100,29855600,6761600,32999000,3875200,4690000,8722000,24237700,2500900,3103400,1268000,5191500,1816400,617300,19542600,5876900,18239100,2974900,741300,551500,48243100,556100,8443500,3978100,14396100,96438600,3852500,14955700,3399300,1886400,8185300,1011900,207400,7261100,3022200,2299100,1655700,682800,10625000,17093600,38007600,32531400,10854200,10485800,9757300,4202100,41151800,10282800,11185000
2023-03-01,9125300,11005600,4427800,1238200,3317500,1460800,39597500,20961000,3354300,5942200,1483800,2749700,1576600,7552600,27043500,52401000,6590500,45341400,6702300,8328600,9151700,14761000,3928700,2618000,1178700,6327400,1185200,654400,22532800,7943700,27249600,4884100,688700,712000,58287000,681100,11108100,5386100,14873100,99706800,5948400,19000000,4067000,2577600,11018400,1013900,247800,7041800,3764700,4176000,2159700,856100,12820000,15481600,37094000,32790300,10365100,15069400,10475000,7279000,47276000,11101000,12688800
2023-03-02,9247400,9631700,4966600,828700,3047500,630000,28952900,20540100,3688500,4457500,1317500,1866500,886900,6722400,23756600,33063200,3950700,37886100,5495900,12952800,6722700,8543600,3391900,3953600,914400,3003000,1932400,601400,18104400,7619000,23715100,4228100,502000,464700,53565900,583700,8533800,6623600,8914300,85127800,3979000,23763600,3280800,1623900,11802200,988800,259000,5208800,2727200,3364000,1886900,905300,13843800,12669800,32798600,38401900,10570200,10969400,9876000,5067200,30688600,10203100,10982800
2023-03-03,7267000,7068300,4008600,1507900,3033500,641000,20682400,23663300,2089000,8397400,1073900,1898000,1074900,4393200,21637500,19891200,6894500,50123300,3331600,5696900,8165800,8514000,4145000,3975700,903900,3167200,1907100,1086900,22774300,9086100,27316900,5067500,1130900,280700,60511500,484000,8190900,6045000,12419200,90120000,3710700,30877300,2602100,5179300,8819600,923100,211300,4542100,4913600,2484700,2238100,749400,8122600,11994600,50675200,33091600,12097400,14439600,12384300,4420200,30175200,10048000,10035200
2023-03-06,4188500,6131200,4538700,1046000,2641700,537500,26014300,22289600,1529200,5144800,250100,1556400,750000,5455100,23615800,22389700,4264100,33430800,2396100,3766400,11111900,7782900,5170100,2346700,934700,5754600,935900,1256600,23266700,7973300,14688600,5301900,1111300,494900,56736300,2735800,7317000,3862300,7902900,72795900,3128600,16631900,1746300,3977800,8510200,909200,535000,3893700,2638300,3812700,1818800,727500,8619700,10962800,33898400,30111100,9715000,15999200,8356000,4248500,24243200,8153400,9854400
2023-03-07,6013200,4330700,4253100,1498500,5009200,1016900,36382400,26319800,1777500,5951700,483500,3347400,2144000,6383400,22247000,36243400,8713300,40222100,5803600,5053300,10628100,11155400,3627000,2273900,1096900,3536200,1255000,747100,25865700,7568100,22431700,4433900,1037300,672200,65955800,701400,8960700,6748700,26097500,108310600,3565900,23096500,4106200,5071200,9698400,1164300,165700,6540600,3546100,3346700,1784600,599800,9885900,13520600,37000400,53804400,11034200,14120000,10059400,5385900,24055200,9604400,11941800
2023-03-08,8044000,8207000,4774500,1518300,3169600,643500,18795900,21016200,1214900,8046700,502800,2747100,1172400,4029900,31179700,22861200,5718600,54303900,2423300,5163500,10493800,8995900,3360300,1280700,958700,3423500,1228000,857500,22505900,9483500,29396500,5183600,754300,375000,50876300,1216500,9119700,7627900,13896600,74746600,4268100,20252400,5373800,3018100,9292500,1109200,490300,5750400,2906300,1985900,1836600,537000,6696800,11590400,39399000,50860300,11508800,13247000,11170800,4473000,27407400,10793200,10816600
2023-03-09,7054400,6450500,4597800,1290800,4760900,652000,40118900,25914100,1728600,5245600,966900,4803500,1689700,4216100,29897000,51528000,5583000,52669500,3747600,12498800,10483700,11407000,4698100,4299000,1262900,3578700,1518600,1039900,33546900,13965800,24552400,7684400,1123000,404900,71456700,649700,11207400,6480300,11895500,111945300,4310100,21550400,3434600,2436600,8120200,1319000,257100,5974200,4409600,2974300,2290100,1161200,8372600,12851800,37888200,107108500,11018100,15624600,15612700,5683500,34067200,13270300,13337400
2023-03-10,7515700,13475700,4779500,2418300,7741600,1699400,49329400,31703800,2563600,9355700,1069200,4548200,1532800,6017800,39155700,36041000,13803400,81516000,4736400,11041300,16367200,16444700,6754500,3286900,3566700,6751200,3410900,2000200,69274200,13675800,36906000,7513800,2370900,696600,98593600,1178100,16793700,10588600,21470100,189253000,5856500,43921500,5766100,2989500,13449600,2411300,277700,10351000,8360400,6310500,3735900,1766800,14675700,26124800,56624800,166569400,27405100,30556800,19026300,11736200,41666400,20483200,29058600
2023-03-13,10343900,21685200,7270500,1865900,6831600,961900,43071400,27005100,6034300,9131200,1996400,8593600,5774100,9957100,37095900,45574600,20554400,78478100,7072500,23930600,20656900,19077900,10263100,2889400,3524200,5579100,3144000,1896300,74171500,12999900,47445400,5361500,1931200,605700,97123600,1633800,32750700,12061400,37152300,157790000,6223200,51502500,6796900,5203900,16105800,2826800,644300,16288000,6478700,6253700,4898900,1371600,14464000,40704800,83327000,165965900,28616500,34439400,29831400,16936000,67671200,21294200,23628200
2023-03-14,8159800,35715200,5432500,1300600,4760500,515200,36333400,18054000,3155300,6264400,1264200,3450500,2537000,5901400,18261200,24365000,10019000,66395600,5613800,47886700,9863600,10417200,5148400,1830300,1472500,6004900,2381500,2435700,48946200,10239500,49782100,4946300,967900,550000,73602500,1308900,12085800,18453100,29462900,149752400,5222800,38417800,2907000,6367400,10302700,1171400,451400,8706400,4798800,4473800,3122300,1246200,10215200,16477200,61066400,128115500,15383900,21202200,19139200,7719000,35118400,14582900,15038200
2023-03-15,11133700,11411700,6677200,2929200,6518000,947100,53217000,37928500,4854400,12286100,1425400,5762900,7227500,5837900,31976200,45984600,14546100,81454700,7125800,25157400,18201900,24189700,5870700,3297400,3288700,7838400,3032500,1410900,54405800,14736300,50591500,4174800,1319600,691400,83631500,1630100,19080300,13411600,50880500,172996900,5923000,45164100,5856200,13746500,19880800,2253400,397300,10284900,6610400,3855400,3459500,1240400,23584100,28524400,115347000,132235000,34251600,23060000,21438000,14961500,48336800,17244600,18002800
2023-03-16,15217800,9320200,6964800,1536600,6569900,3323100,39880200,33179100,3700700,7071500,1049700,4144700,3217200,4799400,31427700,30243900,10762200,63386700,4492200,13961000,14121200,18091900,7781000,1917700,1589900,6535500,6814200,3087800,52392300,9364800,37961900,3497800,1694000,592900,98198100,1830100,12662400,8516600,27757800,143254200,7644200,43089300,3808700,8441800,17464100,1469700,615000,10324300,5016700,3224900,5154800,1289700,14642100,21605600,88790400,133892600,24105200,26086800,15712500,8068700,31646800,16011400,21495600
2023-03-17,8277500,8580300,4352700,1916800,5314900,920500,40165600,23846200,3092200,5380200,909500,3071400,3311300,4051000,21742700,27744000,24156300,55132200,10011100,12293700,10067400,20671300,17693700,3379400,1425700,6487300,1716300,1716000,70239900,10148100,32011600,2578800,1233400,9754400,89923700,43206800,14466300,8629700,29318300,140553400,4457300,38129000,3297000,9071700,9922500,1260100,381800,9103200,5189900,2902400,2657700,1474400,8361300,19087000,67351600,136760600,23170200,23078600,13283900,8692500,35814600,15071400,16880000
2023-03-20,6346400,8169600,6924500,1108900,4695000,790300,28310700,24003200,1938000,6567400,868000,1638300,1501700,3445900,20770100,25374700,11845700,38540800,6969000,7982400,9589200,9963300,7469500,2341600,1094500,4602600,3457500,902100,46103200,6394300,24035100,2617800,847900,2574500,56359500,11609200,11370600,4907700,14306300,93055800,2988800,24242800,2977600,5391600,8755300,1072500,589700,6300300,3099800,2898100,2795200,1131500,7514800,14785800,52288800,75384500,14476200,11981600,14130900,4962800,38838000,10592100,11729600
2023-03-21,5499100,7888500,3997700,1300500,3527300,529300,27670600,16669400,1542900,4640900,624700,2347800,1212200,2967800,24316300,30148500,10734500,38203400,7122900,9851600,5690500,6746800,4100600,3308600,850000,8656700,2998300,1229400,34465900,8515800,29109400,2112800,860600,680000,49757000,2873300,9270300,4840900,15198000,91524200,2988900,18934900,3054700,3975100,6731100,828100,212500,5024500,4117600,2421700,2421300,936900,7121900,9498000,59712400,115899200,11495200,13066400,12499700,4952600,51865000,8816300,12776800
2023-03-22,7585400,8202600,5220500,1414200,4378700,718100,40375300,16277900,2528000,6112900,826800,4115400,1334000,5584700,28129300,21821700,11969600,55263500,10377800,10705200,8420200,16100700,4381900,2198300,1170700,4659900,3014700,964700,56098200,16284200,31434700,6206400,1194600,641700,75791900,2788900,11112900,8003600,25323500,111746600,5961800,26388500,2901000,3512800,8479300,1008700,307700,8283600,4094800,2187900,2653200,1469900,8075800,14654600,49209400,67874100,14178400,14224400,11942200,8042000,35793200,10480000,10983600
2023-03-23,9949700,5769500,5392100,1482800,4772600,793500,39622100,23067200,2634500,7151300,881700,3060500,1300900,4697900,38137700,42660300,11347100,54660900,4992600,7118800,12711200,16659500,4371200,4270900,1284800,4743600,1568100,1313800,47720900,9072300,28703800,4413900,1062300,546100,74576000,2169600,14120700,4930700,19286800,119351300,5372300,25475100,3894700,2635500,11507200,974600,351000,6274400,4787200,2629700,2254400,818500,9410700,13439600,49486200,82366300,15857500,17595800,12160300,7494000,33769000,10092300,12255600
2023-03-24,6217700,7374800,4638000,2175900,4484900,673600,28044500,27879000,3105800,4123000,2580800,2138600,4463200,3021900,26933900,19786700,9245900,44225600,5887700,9135800,8830100,8208600,4181100,1617800,1705500,4867500,1383200,848800,47519700,8894100,26204100,2449500,776100,482800,57195200,2440900,11326500,8638700,15746900,107682400,8001000,23652700,2069200,3721100,10299900,922300,282300,8380000,3740400,2324800,3009500,1010100,8957900,13465200,41298000,76619100,15993200,11872600,12352500,8241100,36112000,8163700,9434600
2023-03-27,6823400,6188600,5769800,2176200,3550900,718300,36646700,23269300,7062100,3751800,624300,1933300,1395300,2738600,21210200,28465400,6925000,30905100,3858900,8284400,7594900,10422500,3831900,2604500,1528800,4509700,1555400,850500,33880600,6638400,16527900,2856900,844600,352400,50287400,1428300,10263900,3942500,11703600,74010400,6509500,22224500,2333700,8701200,24343300,902000,348600,4956700,4144800,2425400,2171200,814400,7548100,10614000,40223800,61393300,7668400,10810600,10865500,5108800,28273800,9455400,8414400
2023-03-28,6356200,6215000,3473300,1037900,2536500,553000,43707600,20324500,1879800,3848900,457100,1709800,770400,2321100,25040000,45880000,6202600,38277200,3851800,13324800,8743800,10196900,2812900,2784000,862100,2419000,1317100,1002200,28555100,6668300,14138000,4563100,725500,427000,48585900,1522100,10033800,9564900,11221300,62871700,3953300,17794300,1874500,4149500,7671400,952600,285200,4213800,2413700,3678600,2272800,906700,5786400,10248000,32596800,42980100,9909000,9968000,11593400,5117800,22038800,8037400,5719600
2023-03-29,5111300,4705700,4231300,514700,2531700,620900,32173100,29119300,1622900,5225400,509800,3605000,1289500,2756400,30449200,31586300,4996500,44457300,4416000,13404700,11437900,8457000,3210800,1750300,1288500,4369100,1266700,771300,25564800,8579400,17506000,3163300,718200,434900,53274300,2106200,8134800,4047500,11804300,77497900,2400900,16804400,2894900,2593100,10685100,1047600,1883900,6364000,3636100,3486500,2324700,776800,9960600,8270200,36204600,52147200,9387900,14256600,9483400,4108600,19807800,8183100,7725400
2023-03-30,4251900,9284700,3455300,793900,2487000,458600,32982200,21615800,1656200,4902900,690100,2180600,1303200,2634200,40794800,38117000,6360300,37130200,5241800,4157500,6069200,11076100,3171300,1513000,1110000,4066400,1834700,860500,26728600,6932600,18267200,3955800,537200,378300,58354800,1530100,8238300,4077300,14724400,69840000,2101300,14315800,3268000,3295100,7170900,866300,272100,4838000,3316700,2259200,2225600,809700,6306800,8433400,27460800,45061700,8160100,11202400,10737800,4383800,20585600,6820400,6478400
2023-03-31,8521600,11615500,4549200,1026200,2837300,493800,36174700,28532600,1585100,8427600,785900,1925100,1974900,3563500,37971400,27696400,8003300,54218900,4543500,6330100,27716500,13273700,4956200,1563400,1031900,4224500,2015800,1138700,39602900,14994100,19187400,4899100,858700,426100,62138100,1363300,8034300,6451500,18212400,112062600,5667300,25396700,3048700,2730700,9553300,821200,308100,6148200,4159800,2986300,2012100,699800,8309800,13526200,32294600,49034400,12006400,15069800,10338700,6971500,23444000,9202500,10453800
2023-04-03,7567100,12494900,5346200,1164800,3450700,956800,19637700,20737100,1714100,8723300,1164800,2232600,1725500,3320700,19497300,27890700,9206600,43302900,6365000,7226600,11239100,10102500,7170300,1721400,967700,4455300,1576300,1362500,27609000,10463800,20093500,2869300,1086800,673000,47126800,1155900,9918300,9610600,18134900,67391100,6515100,18234800,2667100,8377900,9184100,1079400,303300,7582700,3525300,3068200,1923200,1112700,9475800,16128600,62452200,51213500,11174100,21142200,9607700,6452000,24071400,8937300,11338400
2023-04-04,8925200,10265800,4126700,1313100,2449900,367500,31518500,15364600,2186100,5677000,418300,1807600,3903800,2870400,21737100,39701900,13765400,46144300,9932400,6763200,12402600,8609000,3680400,1696200,1140300,3496500,1177500,679400,33487200,12885200,20317700,3387600,856100,694000,45875400,1041500,8911200,4905400,35724700,66601500,4266100,18052400,2191900,3592700,7943900,817300,319700,6243400,2713300,2881800,1928700,810800,6596700,17497400,49363000,45939300,18801900,15824800,7272900,5639900,21613800,9052600,9383000
2023-04-05,9883500,6913900,4345900,1099700,2566600,371200,35785500,16313900,2022600,6077000,429800,2605300,3201700,3170800,23815000,34422400,11440800,37633900,10352300,6257100,6329400,9312100,3438900,1040300,881300,3698900,1913500,830700,28247300,12247400,14674800,4694500,683300,448500,62795700,911900,7926300,7535500,20676800,65200200,5296400,23047700,1857700,3015000,7993800,841100,333200,7024100,3227700,3119400,1893700,725500,6787900,18561000,40552200,57965300,16606700,15737600,12409900,4476400,37674400,12325800,8861600
2023-04-06,6105200,4941400,4381700,2418800,2333300,327900,22277700,13659900,1438200,6155300,478800,2448800,1183700,2641800,21052300,29216900,6648400,35719600,5101500,4264700,8182700,7697300,2997800,1040900,820200,2975500,1266400,871100,26366300,10350000,14191300,2912900,608600,366400,46916500,894800,7558200,4666600,13297400,63743300,3074800,16447300,2681100,2839300,9567400,1659400,207200,7008200,3076200,1989800,1756800,1316100,7399600,19031400,33378600,36762300,10886000,15696000,8616800,4053400,33350400,8276300,7636200
2023-04-10,4478000,5741900,4224300,989900,2834200,378900,20271700,12854000,1769500,5444200,555100,1927200,994500,3375700,16058000,23139700,6408100,29083900,3115800,6025100,5393600,6701400,3557900,1108600,893200,2777900,1183600,1299800,22237800,9664600,10825500,2836700,608300,601300,45134700,1295800,8987400,3702300,12751600,63681000,2572900,19134400,1654600,2884600,8281400,895500,473000,3972100,2671100,2545300,1760400,977700,5814800,9267200,26977200,27900700,10568900,9517200,9423400,3814600,20463000,8024300,7276800
2023-04-11,4543800,7722600,4401600,1526000,2343100,408700,23177000,11264100,1605400,4389200,547900,1836000,1547200,3108800,36395200,31524000,6031500,28875100,3374500,5459000,6360700,9718000,3223400,1633100,1135400,3657000,923600,795500,21876200,6563500,14510100,2908100,516200,332000,40113600,1754400,8110200,2725400,14526500,59297900,2317600,13971200,1524800,3346800,7648300,715600,323000,4839400,3069000,3389300,1954000,740100,7100300,7715400,25575200,53912600,9753200,12791600,12944300,9963400,17274000,8887500,8808000
2023-04-12,7226000,8786200,4134800,1151500,3363800,402000,30341900,13241500,2582300,3776700,547900,4130500,1065500,4454600,35758700,44014100,10000900,41457600,3652500,5857200,12534700,12645600,3138700,1910300,1074600,3959000,1207500,960200,27018100,8284400,20049200,5170700,589200,360700,62813300,3721800,7884600,6091300,21592400,86420400,3461900,20563000,1867100,4474100,7301700,830400,359500,5920500,3624200,2431200,2519500,1123100,7865500,11888000,33334400,63645800,11277200,13235800,10386400,6764800,25109200,8988600,9062600
2023-04-13,3964800,8673900,5012700,888700,3040900,461000,28752600,12233000,1427700,4864400,532500,2637600,2380400,3664500,21194800,29611900,14060100,95864000,7479400,39858200,6546800,6601400,6362600,1563700,756200,3570000,1054900,1342400,23259900,33827500,18589100,4129800,485000,613100,54613800,2224700,8252700,3350600,30298700,85814800,3396900,22079400,2181600,2790900,14720200,1046500,350000,3884400,2680900,2197600,1913200,746000,5708200,18003000,31384600,58550300,12289300,13641800,12919000,4650800,32892400,9373500,13140000
2023-04-14,4794100,9391100,4349600,1244600,3107900,330700,26673200,14209900,1616700,4492400,516600,3137100,1340600,2562000,27316200,21020200,13272500,43767600,8999300,4968500,7249000,8742800,3198700,1853800,755500,3546700,1071500,685700,29600400,10099400,16218900,2917300,643800,336200,56278300,1281000,6999300,3161000,34948600,78161500,3325700,19801900,2012200,3170400,7888800,1067700,355400,5078300,2981700,4142000,2714600,619500,6061600,8826200,23560200,65276200,9255000,13003600,8789700,4853400,18129400,6632100,10801600
2023-04-17,4441300,5173800,5085500,937300,2226400,1644700,26173500,17323800,1714200,2705200,384800,1044800,1089500,2451300,17104900,30774900,7468100,26391100,4730900,5681000,7220000,13296200,4655300,1650700,851000,2482500,5085000,2185500,22177300,7307800,11891400,2590600,500500,414100,43007000,1223800,7678200,3293300,24471600,66436400,4215800,19528800,1526900,2985700,10834000,1064300,416500,5148900,2721000,2780400,5161500,780000,14731500,7366200,23762000,69670600,8007100,8306000,9683400,4601000,15613800,7187000,9102400
2023-04-18,4753000,4540700,3728400,844800,2191100,526600,23990600,13753400,1097100,3137900,759300,2255800,1184500,1932600,22378900,17830500,8056900,28030700,2732900,5061300,5749300,9422900,3325500,1329800,880400,2653400,1140000,741900,22873100,5151600,10522400,3546900,719700,462600,46746900,1193300,7495200,3581200,14353800,63560000,3523900,15922600,2311900,1468800,7959700,789000,327100,4189600,3019300,2784500,1694600,633400,8100500,6766000,24493600,49507500,9924700,9212800,7233100,3479300,15566200,7194200,9058800
2023-04-19,3592900,5901900,4611000,397300,2854700,498500,25851700,8840800,1223400,4101500,306100,1870800,773200,1804000,35154000,19982800,7373500,26979400,3255800,4648100,6058700,7887600,2943700,1153200,887300,2937000,1129200,1062500,19306800,5054100,14023700,4505600,380500,424800,38960100,1193400,6846000,5923200,18571300,55227300,4609500,16093900,1310000,3621100,8441900,683500,648100,3624200,2671300,2531400,1340300,673200,6359200,7309600,34246200,39478900,7734400,8623200,6283600,5605700,20634600,7048100,7600400
2023-04-20,5092400,6034400,3605400,1066100,2179300,394900,29763400,12478600,1580400,3552400,528600,3396400,1123600,3163000,23256800,23301800,5789900,30203900,3005900,4608000,10771300,8541100,5263700,1081100,806400,3279800,2141400,748100,20336300,3930000,16076100,4773700,459600,1277000,62462100,1353300,7374900,4592300,15332300,75840400,3856700,16450100,3268300,3486800,12788400,782800,681300,4604400,2953200,2563100,2323700,623600,6724200,8052000,30396200,39291800,9265100,11416200,7329500,4243600,14737400,6672000,8287000
2023-04-21,5367300,5880900,3371600,735700,2470100,382900,26632600,14053000,3464300,6477200,363400,2507900,1022000,3255500,17098900,27016700,10698700,33061800,4112900,5948100,6684400,8166900,3346300,1077600,1260400,3384000,979600,897600,25972800,6451900,18480700,3223700,580400,446900,59002300,917900,6876900,3348200,17623900,73457400,2523200,15244700,2080500,2620200,9023200,722100,654100,5136600,2762300,2341600,1347300,796200,6920600,10844200,33757600,41545000,10668600,12237600,10431000,3252700,14075600,6535900,8870200
2023-04-24,3256900,8195900,2993000,1753800,2288800,518700,19963200,12864900,1152000,3369900,3122900,1319000,913900,1984800,20313400,24197800,8303400,24661600,2865200,5143700,5846000,9218200,2158200,932600,820200,3398500,1454800,971800,17781000,5963400,7974300,2694900,512600,343600,44043100,743900,6163800,1906000,13576600,64332100,1651400,17034300,2776700,1924400,8234700,902500,270400,3673500,2310400,3704400,1508400,574400,8266900,7731000,25251800,32774200,6942000,9079800,8723100,3709700,13579000,6299800,7750000
2023-04-25,5065400,4222500,3508100,1221000,2745300,380100,31095100,12582200,1656200,5477100,1121500,2615100,1217700,2554400,25543300,42267400,8451900,34575300,3740400,13076800,6755100,10362400,3355800,1749000,1389100,3686800,1302400,1355400,28857900,6849200,17038800,4332200,551600,304400,57121600,746700,8270700,3373400,22711400,97766700,3446500,21899900,1772900,2262600,9776700,897500,551800,5127500,3795400,2606400,1830600,705000,10370800,11966000,30665200,58534300,12306900,11022600,12179700,3664000,20503200,7752000,8494400
2023-04-26,3723600,7365200,5819900,2206400,3588400,576600,45521300,16928600,1663900,6306400,3831500,2843600,1370900,1807100,27654300,30506600,8203600,33762700,3321200,5903000,7042100,9503800,3860100,1203200,1197500,5637900,1425400,1267400,30309800,7100200,19635200,8079600,620600,382600,55400500,1230100,10873500,4804200,20916800,80447000,3114100,19610400,3125900,5692100,9787100,996000,359600,5128500,3766900,2762300,1945500,586900,10182000,11910400,40070000,54294200,16058800,13603400,8778800,4446300,29513800,10128800,7706000
2023-04-27,4018300,5585400,3078100,990400,3066600,777000,23496200,14505700,1532500,5940500,997700,2537200,1881000,1961500,21493500,23274900,9107400,39687600,2899900,5065800,5619500,6761300,3979600,1198900,1195800,4156100,1818800,1153000,33424100,6370000,14629500,2774800,590400,1252000,65430400,864800,9308100,3452200,16054200,92968400,2242800,20247600,3027700,2752700,6714400,771000,409500,6439300,4302400,2254600,1825700,649900,8388200,11826400,34114600,46398800,14421500,12084800,11287800,4278800,24933400,10008900,9630800
2023-04-28,5469900,6539100,4469100,854500,3651100,577700,22481000,16936800,1466100,8999100,438700,2406800,1663300,3187000,23228900,20474700,6700400,33821100,2992800,8525900,8630000,9728900,4365700,1835900,998600,3871000,1835700,1461900,31911900,6786600,18882100,2608500,669500,1185800,59712600,972200,8824500,4325300,14213300,89433100,4474500,26954100,2442300,3043600,8602400,1048400,357700,5352800,3386900,2309100,1687000,645000,9111300,10143200,38228600,54598700,10714800,11792000,9757600,5256200,24246800,7917300,8271000
2023-05-01,10631600,11273300,4546500,1138800,2296200,317600,16797000,24499500,4771800,4921300,829500,2300500,3737000,2247100,10101400,20397600,7997700,37748300,6086200,17442000,14845200,7151700,4383400,1378700,1387600,2813100,1011600,1066800,27420100,9543500,20789900,2517500,706100,355700,41013400,827400,9200700,3339700,30354800,62122300,3140600,32487300,9210800,2939000,10213800,899700,178200,4817200,3069300,2838500,1441300,936400,13057500,8416400,27821400,31950600,8551100,8194400,10860800,4381900,21016200,6793900,8547800
2023-05-02,6085800,5495900,4825100,1658800,3275800,689000,24041500,12907200,3699000,6373500,870000,2739000,2055500,2906500,22948000,32574500,14680600,39045300,5672200,8540700,7458400,9433000,5714100,3015800,1058500,4604700,1561300,1321700,40851100,7238500,21547100,3199900,1490800,412900,56519400,935400,13883100,5394100,27235300,103998500,3033700,30057800,2784900,6535700,8907300,1037900,338900,5442500,4311600,2700600,2012000,701400,11429900,11681000,67648000,76096700,12240400,12058800,19136000,6376400,22931000,14365800,9217200
2023-05-03,5637200,5533100,4205600,869700,3924100,553100,18827800,13977300,3081600,7567100,795500,2152200,1926800,3012400,17354200,23905400,11133800,33178300,6737600,9534800,7915400,7729400,4669800,1794700,1044000,3746400,1168500,649400,43261400,8232500,15750800,3639500,1290800,386000,59882100,1169400,11622000,4568800,20545300,91531800,3895900,23656200,2106600,12166700,10310100,859500,826300,7538900,5513000,2154000,1958400,599700,9552800,12701400,59367600,65642400,13371600,11630200,11656600,6140700,23714400,8961500,8512000
2023-05-04,5262200,8052700,11535800,782900,3576800,792200,29417100,17411200,1843300,4384000,737700,2361700,2136700,2580900,28174900,32223000,14146800,45207600,13324900,12014100,8928400,8794500,5080900,1658500,1371100,4185900,1403200,1385300,42382100,8203500,17811700,3642200,1113200,900500,50224500,1470900,15059700,8624900,31012600,94901900,4109800,25110500,3275700,4997400,10408900,1154400,672700,7231800,4421500,2577600,2435000,2657300,8866000,16655000,52861000,76076600,15150000,10861000,11682600,4887800,29262200,9625300,10663000
2023-05-05,4003000,7170200,3143200,702400,3542700,465600,18248200,11096900,865200,7127000,944400,3521400,1882100,2267900,34965000,19259500,12508100,31591500,4261800,11254400,5099800,5508600,4224000,1605600,816500,2992900,1019000,1047700,35456800,5907600,12130800,2253900,843600,331000,51806100,973700,9132600,3375100,26200200,87891800,1955000,15096500,1830000,4700000,6775300,662000,737300,4560600,3139400,1942300,1938800,596300,6629800,10267200,39073400,55019400,9231300,12230000,10479400,3265600,22833200,7650300,7371800
2023-05-08,5481300,5508600,9895900,742600,1789900,370600,19721300,7533200,2040900,4012600,606800,914300,2391500,2675200,30669000,21775100,6075400,18367400,2826400,7022400,5240300,7409500,3132200,1171600,956500,2955600,1270200,1400200,22109900,5314700,16424800,2057800,556600,443200,36465800,687600,10743600,3166700,11445900,50046800,2510600,20587000,2139800,3454600,5574100,815500,505500,4896000,2957600,2632600,1552200,1276300,26327200,7680000,32711800,34323600,7610200,6795600,8069200,3358700,16573400,5305700,6850000
2023-05-09,5712200,6850300,3827700,787200,1924900,478500,17294900,14835400,869500,12314000,262000,2469500,1134300,3066100,27999000,22820100,7098800,21732900,5764400,7317200,10600500,8041700,3074600,2372000,621900,2571900,1173100,940400,21465500,4694000,15860300,4104700,513000,257900,31768800,1668700,10566600,4479100,11470300,49220100,2162400,19182500,1766800,5831500,8259800,744600,273000,4522000,2271000,1802500,2804300,703300,9169700,15114400,41421200,29736200,8068100,12473200,6939500,2995000,20562200,6452700,8465000
2023-05-10,4803000,4831800,5291800,489800,3365500,451100,22410300,14009800,1036500,5274200,335400,2011800,2436500,3639400,34322400,22425600,9392100,35392700,3556600,9930800,6006600,13249200,4960500,2021100,941200,3186100,1615900,2080400,27281900,6867400,15815700,5067400,823800,261000,60446600,782800,10198800,4931800,18265600,96142900,2983400,22886800,2105400,2683700,14545200,1162100,462800,6331600,3512900,2677600,2179200,656100,11900700,11730200,36052000,39706100,12580500,10551800,12259100,3770000,21416600,6556600,9028000
2023-05-11,7703800,6159800,4745900,742700,2744700,547800,34620300,14971700,1447200,4593400,1306700,3146400,2821600,5277800,34637100,27595000,8245500,25265500,4434700,5979600,9221800,8447600,4761200,2723200,1569100,2509600,1142800,1248600,25884600,3867600,12261800,5339000,526800,462400,44278500,1219100,10107000,7866500,29635300,70157100,5607100,19147200,1498900,4023300,10105500,1149400,557500,5175400,2676600,2108300,1977800,781800,28532700,12849800,38168200,36693200,11573800,8956800,11790600,3419800,29748200,8764800,8288600
2023-05-12,4285900,4328600,2970500,769800,2636400,449300,32789300,15823200,1208800,4825100,3199500,2412200,1853600,2862000,29634600,30844600,7087500,27553200,4194300,5107300,7276000,9068100,3460200,1495500,3221700,2281600,979100,1017600,20406400,6958900,10797200,3969600,555100,273100,48432800,921000,8498100,8635100,18629900,70481500,1924300,14198500,1614400,4070800,7703600,927900,203900,3293800,2531000,2252400,2188600,606800,26730000,8287200,37913200,36253000,8552400,7908000,7012000,2950200,23748200,6626800,7557800
2023-05-15,8532600,4056100,3268600,703200,2171000,721500,28911000,10580600,1240800,6085500,1407800,2639600,1114000,3369900,28005900,48130400,5518100,19764500,2254500,4459100,7621500,9353700,3056000,2835200,1040300,1934200,1172700,962600,24310000,4895300,20334800,5419800,544700,304000,33375600,988700,7678200,3605100,11308600,54289400,2404800,20085300,1592600,4837800,7863200,784700,218500,3477400,3882600,3240000,1823600,682400,20806300,6487200,32544600,33208500,8433600,6796600,8652200,3003600,26370200,5725600,6412000
2023-05-16,6728500,8530400,3818500,1020700,2265200,592800,24887200,13335700,1848900,6518600,231200,2179800,563700,2381800,31355700,26522600,9519500,40998700,4522500,7194000,6448800,6764900,2875100,1434400,1025400,3432000,997300,938600,24212900,8177700,25934500,3323000,627400,288800,40019200,598200,9490200,6905300,17266300,57705500,4087900,29251700,1587700,1987100,7124300,677000,312200,5401000,2275300,1884400,2687700,687700,18151700,8346400,44511200,31241400,9416200,9398200,11310700,3240300,28008000,7106000,6948800
2023-05-17,6318700,5415400,4574400,816400,3068800,485800,24358200,21491300,1697400,7119000,270700,2855600,1125900,2780600,31465000,26237600,7474300,38534100,4936800,5542600,12400600,9467600,5297500,1642000,1612900,3131300,1646100,1591600,38231600,5546400,25387100,3167500,880800,345300,47486100,1554400,8262900,4660300,14587600,87287000,2766900,21340900,5382500,4276000,8317500,750600,279200,4849000,3222600,2650100,2915400,918500,9341700,10505600,46200600,46818800,12387400,11916600,10891300,3220400,34176600,15512700,9331800
2023-05-18,4811300,6434000,3530000,1005200,3553500,676000,30378900,10657000,1421700,7947700,311400,1495300,1480000,3852400,17312300,34716900,8812600,29129200,4298500,9448900,5171500,10465400,3790800,2041100,993200,3087100,1931000,1736300,30446600,5056100,21383500,3484200,842400,371400,64213500,869200,10053000,4385700,17283500,97177200,6186100,25536600,2191500,2496600,10261300,698900,275200,4009000,3340600,2370200,3755200,986000,9298600,13352400,33154200,42232500,10813000,15491200,10765300,4111000,32335600,12196900,8606600
2023-05-19,10285900,6447400,4166800,777800,3706700,868900,26847500,15971200,1325800,9201200,609700,2512900,2120000,3780500,29628900,22347100,8435000,36044900,3711500,12923500,6393800,8370700,5404600,1657600,1342000,3873100,1830000,789900,34316300,8463500,22194600,2916500,643800,284400,61554900,1132200,9811500,5650300,20547900,103793300,3543300,29038000,2779500,2490200,7726700,669300,231700,4803400,3649000,2683900,1676700,641900,8734000,9943000,36122200,40132900,10028200,9805000,10457600,4578700,24945000,9277000,7150200
2023-05-22,8551100,8404900,5294900,606600,2555100,465400,30254000,12122700,1811600,6471100,538500,1476100,1509100,2102600,23143300,23553200,4834300,34897700,2746600,7034700,5902700,8248100,3208500,2828500,1009500,3076600,1464000,762000,28207200,7194100,15526700,2108000,694700,321200,43015900,840600,8946900,4024300,12665500,60745400,3120200,20131100,3454900,1645000,9103700,739600,212900,4839100,2784000,2229400,1728600,722200,8717400,8288600,26943600,35286200,9038600,10794200,14575700,3943200,18989400,12856100,7120000
2023-05-23,7641200,5050500,4561100,753500,2526200,621100,43844500,19215100,1531600,15764500,318000,1724700,3405900,3130800,30536300,36146200,6345000,32415500,3727500,8264200,6409600,10373600,4500700,1712500,1012900,3221000,1104400,1031900,32708900,7275900,15529300,2985000,895200,329200,48216700,939200,10928700,8964000,15236300,86383500,3191000,21749500,2457100,3409700,8717800,724700,229700,5460000,2887300,2386700,1663100,992800,11626700,10494200,42803800,42217200,11744600,11691000,13700400,3152000,24128000,8723100,8583200
2023-05-24,7719200,4762100,4245100,692600,2978300,630900,31559600,21758100,1997800,8184200,422500,2498700,3861400,2826900,28127100,37998100,6732900,38083200,4388400,7415400,8275600,13745900,3440400,1478100,1031300,3633800,2180600,649700,28744200,8761700,16688900,4108100,872300,439800,62891200,930500,9371100,5761400,19508500,89213700,2791700,18473400,2173800,3775800,10880600,790000,277600,4910700,3611600,2083700,1430900,657700,8592200,14127600,33474200,46610700,11654900,10925600,11901800,3991400,23127600,7952900,6952400
2023-05-25,5941300,5264000,4012300,1809500,3499900,781100,28492700,17393700,1312900,9127500,437800,3792700,2937400,3058400,31401800,35351900,6919200,21457900,4267500,11647700,9634400,12257800,3597500,1979100,923800,3487800,1291000,793400,36202600,7021200,18743200,4634600,899900,331200,66862800,1027100,11398500,7552600,14846600,90961600,4197100,22492800,2358100,4322700,11789700,927500,285600,4810700,3315900,2230400,2397800,803700,9488900,11713000,38251000,41658900,14259300,18078000,17725000,5230700,32252200,13737000,7997800
2023-05-26,3889800,5923200,3783100,837300,3580000,492200,24941700,11189800,1635600,5308400,489900,3246100,4712800,3131400,36451700,25118900,5823700,23547600,2158200,7408900,5989600,8902900,2688100,2207500,785500,5531300,1063200,1264000,29841300,6411400,15848500,3491200,747000,409300,63007000,880700,13805700,3728700,13685100,93830000,3035100,17030300,2722300,2145100,7929900,621600,187200,3230700,3042800,2347000,2362000,917100,8469500,15882600,28785800,44183000,10790500,15160000,15531000,4403100,33187800,8794900,10410200
2023-05-30,7349900,11529300,3533000,774500,3474500,1172000,25536900,13979800,1575900,5522900,284900,4052100,3814600,3506200,29600100,41485900,4906100,27482600,3584100,7883000,8319400,11422200,3597500,2362900,1455000,3239600,2305100,1464500,25572600,6329000,21581400,3966500,925100,380700,72652200,988800,12973500,4441800,9121100,72216000,4166100,23125200,2049500,6442600,8594300,953300,300800,4449400,3968500,2772300,2676100,1008800,12867000,12780600,40331600,57900500,9828300,18123600,22766900,4540300,31165800,12114500,10981400
2023-05-31,10559900,9807400,4898400,762500,3067600,569300,35917900,32754700,2882000,7626200,1366900,4952100,5911800,3613600,28321400,37719400,8497900,43393600,3989300,10817900,11977400,14902200,4214400,3298000,1415000,4479600,2503100,1585100,34598800,7077700,24052300,5089600,991000,601200,65105400,1441700,11291400,7230400,18058500,110811800,6155400,23787000,1937900,4040700,12619800,1622100,224200,4673800,4205300,2325400,2906400,1680800,13526500,13816800,44797600,67667900,13021500,19301000,22328600,6945100,34266200,15099100,12489800
2023-06-01,9029800,10700500,3984000,561000,3081300,887400,32875300,29681600,4116500,11298100,3249800,3406900,5204100,3279200,32608300,43154100,7300500,42425700,6649400,18161600,10515800,11638400,4974200,2478300,895400,3786300,1608000,3031100,27800900,9280300,26084500,5603100,954300,473500,50488600,1195000,11988600,5119300,17940600,88865000,5326300,21040400,2165900,3631400,11813400,812700,268700,4016600,3563600,2696700,2747900,1161300,14261200,14559600,51623600,48643400,12573600,17419400,13836100,5485000,37306400,9751900,10168800
2023-06-02,6877200,10257500,4595500,1195900,5584700,711000,53717000,18693500,2158400,14769000,884700,3113100,1930500,4695100,38715100,58101800,8726100,49950900,4971600,7585400,15319600,14181300,5284500,2484000,1482100,4525700,1777800,1911700,50212400,10203200,17086600,6350400,1217300,479000,53372100,1513400,9735600,9465300,13007000,91426200,2367500,19136500,2246400,6937900,8823900,844800,249500,5114900,7368900,3018700,2501200,1267200,9367600,17659000,55278800,65752900,21451300,14270600,14719800,4350000,46091600,10293000,10824600
2023-06-05,7246200,9596600,4674600,1099300,3415600,601600,16947400,18029700,2618400,8439900,953100,2239000,2624400,2721100,24590200,20666900,5748800,24080200,3903300,6243100,14396800,12670400,7488200,2136000,2084400,4318300,1172800,958500,34465800,7425600,14211100,3035100,1576300,421600,47266200,1587800,7203900,5934100,10411300,65460200,2160500,14433200,1887200,3038400,12685300,790000,216800,3936600,3481200,2249400,1865300,1122000,7578800,14321400,37826200,53591100,9655500,10909000,9629600,3970500,24089000,7880200,7854800
2023-06-06,3816000,6120900,5001900,764300,2824900,566900,35447700,17811900,6091000,11346500,448200,2296500,2596200,3245700,42389700,39715000,4967200,23006600,3893500,3986200,9380200,9113500,5192600,1364400,904200,3539900,1049800,733800,58584500,6176800,25228400,3212300,1222300,479200,41390400,1090000,8585700,4313400,9406900,64022200,2087000,14332100,2287200,2569500,6659300,781500,455600,4728200,2894700,2227700,1425300,890700,7998700,15206800,34750800,46236100,10509400,9975600,10796900,3260600,25723200,9413500,9799200
2023-06-07,5131500,6483100,4326500,2155500,2739000,596100,44313300,29259200,1313000,10400700,667900,2203200,1857700,3741200,37231400,30327200,9066500,32340900,2904200,8226600,12369300,10909800,4211800,1586600,874200,4047400,1412600,881700,60685600,8158500,26526700,3257900,1146900,622700,69225900,1025000,9618900,6869400,16744500,85373300,3181600,25251100,2050300,3520500,10547500,832000,429000,3825200,3942900,2272800,2234000,845900,8395400,13330800,60654200,48467100,13384300,13703800,13595100,4415600,38529600,7519600,9206400
2023-06-08,5041900,8802000,3567600,893800,2700300,476000,26886800,15781000,2335400,14393100,967700,1446200,1386400,2246500,12791400,31269800,6394100,33987800,2998300,5841900,8773100,8439700,3053800,1935200,674900,3472100,1028800,761300,34185000,7125500,16579800,1687500,953600,411200,47153900,941500,7749300,4306300,20397100,61952800,2327600,23845100,1836000,8579200,7142700,786600,262000,3097900,3455400,1943100,1816900,711800,8976100,11719200,46155200,36261200,10074600,10665200,8881300,4027000,29318200,6583100,6720000
2023-06-09,7140700,6452300,12690400,641300,3162300,538700,22199200,15419000,2257900,5957300,368100,2865900,1449400,3362800,27604500,20194300,4379200,27016700,2127000,6421900,9231500,12002000,3515200,906100,1017300,4140600,2111900,2431100,30242200,8677200,12060000,4292500,1040800,361800,53196900,1338500,10866300,4022200,10972800,85742800,1903300,22147400,2681200,3354100,7001100,806500,364900,3199400,3060100,2084600,1381300,839700,10055100,11621400,38387000,34021700,9870800,14413600,8756200,4261700,26632600,10446100,11579000
2023-06-12,5436300,3776900,4632800,686700,2035500,645200,25267100,15814700,1647200,5143200,347700,2041400,1419400,2172400,23258900,18288700,4873600,30629500,2775400,5261700,5749500,9809900,3618600,1238900,687700,4287900,1175300,1543800,26580500,9344400,14229300,2712900,727400,620500,44606500,1011700,8997900,3824300,12277700,76104300,3835000,19010300,2079400,5985300,8055900,887100,387500,4072500,3792700,2479900,1498500,707700,7245900,9691200,36387000,33655200,9905000,13787200,11357600,3819100,22967400,7321100,9410800
2023-06-13,9568100,6784200,4302500,701600,3259300,1838100,35053100,17620600,2215400,10623300,780300,2954400,3876600,4553000,25975400,22651900,5126700,39425900,3469400,9173500,6675000,9455300,4935100,2362500,1084200,5444500,3770100,1614400,35758200,7104100,19385200,3259900,836900,456100,57097800,834100,9424800,4872200,14921900,95899700,2959000,25910800,2813800,3473500,7878000,889600,632100,3693700,3913100,4295700,2719500,840400,8306100,16467200,40136400,46054400,14474000,16595800,8401800,4358200,23737200,8362700,10836400
2023-06-14,8360100,5756300,5986200,763800,3766000,596200,37898300,17305800,1061600,9214700,474800,4107500,3710200,3448700,38624600,35568800,6807000,32864600,3469900,7704400,7766300,11744100,5450100,1934700,3284000,5958000,1774400,951200,37114100,8465300,30280100,7845400,982000,372000,69525600,870200,9975300,6175900,11298600,100612100,2879900,29094200,2488200,4818600,7759000,897900,512200,5042700,5161300,4131000,1823000,872600,8886900,13956600,47605400,57195400,14953600,16769000,13849900,7845400,28047200,12401600,13420200
2023-06-15,7472000,9827300,5061200,1215100,4722500,494800,36328400,14597200,1364900,9803400,592300,3452700,1579000,3473900,27051500,39549400,6739000,42412300,6209000,5959100,6048800,11289600,4940500,3061300,1281400,5928700,1842800,1498200,36488400,10476300,23426200,4381100,1122200,574300,71138800,1326900,11187900,6384600,11361000,110303100,3435000,25732000,2913400,3445600,10366800,876500,482600,4661000,5285000,2895100,2612300,1057100,10193000,11778200,46777000,52241800,12776600,17732600,16251200,4383300,27402400,10598600,10713600
2023-06-16,5653700,4765300,3905300,1252300,5576800,627700,40001900,20036200,2059500,5663500,835400,2580400,1877900,3030300,25506700,31172900,8779100,47560800,3244900,6538100,7516500,14495800,9572900,2353300,915300,6474300,1237000,1027400,50684500,5403700,13184500,3702800,1720300,385600,80932000,676300,12838800,5079900,10974100,114165800,2392000,16759100,2078500,2974000,13952700,1064800,523400,4576900,5141900,4763700,2820700,1386600,9704300,16966800,47461800,49861100,14448400,17366600,12672900,6076400,27370800,10535000,13295000
2023-06-20,6694200,6174300,4921700,1911200,3387200,971800,50477100,16873000,945200,11658700,437200,2056700,1684600,3317900,32289700,52582900,7584200,31930500,6041900,5477300,5909300,11593000,3775900,1571500,1220100,4505800,1390500,1630200,33269300,5713400,22272700,4815100,992100,283300,49204700,1248700,9382500,4787500,24042200,76160400,2826300,17162900,1901400,2313600,9203200,990000,524300,3826600,4242900,3156500,2222800,777500,12278200,11739600,42552000,50683100,9527500,14137800,9731800,4026500,25850800,8585100,10973400
2023-06-21,5579900,4945300,3678700,930200,3050700,693500,20771300,11322700,819800,6679600,322000,1987000,1820500,3539900,28760200,21544700,6702300,39751900,4377500,5119600,8146500,8805300,4817300,1962700,922400,4067600,1338400,967400,30730200,6862300,17521700,2682300,761400,712800,53378300,863900,9037800,20688500,19678000,76982300,3169900,19720100,1952700,2725500,10583100,831000,400100,4691300,3423500,2713400,2702000,641800,8392800,13355400,34473800,35967600,12206200,12058000,13633500,4543300,21445400,9444800,10916000
2023-06-22,7147600,4698400,3975500,1056000,2605500,530600,22804200,11313300,1040900,3493100,257600,1277700,1717900,2554900,30470400,15063200,7945000,31504700,5114700,4102100,4643400,6695100,4145800,1913300,694500,2511300,2132500,924300,27063700,5619200,16007900,2168500,682500,600100,47603000,1003100,7303200,4198700,17066500,70637200,4519900,23630700,1399900,3875200,10160900,857000,392100,5114800,3141000,2669100,3023200,626300,6856700,8650000,33507400,38690000,11641800,15224200,17247600,5103500,20000800,8036400,10753000
2023-06-23,4792900,3851500,4163100,1002200,3721600,1251700,26321700,15929700,804600,6295800,245300,1869400,1071200,3514600,29973400,28700500,5419800,33811100,3675200,4112100,6376200,7524100,3866700,2708300,744800,2651400,1986100,2062800,50610100,4754900,13102800,2802100,985700,248500,48922900,884400,9089400,3892900,13003800,92074500,2758200,22901900,1742200,2413600,9829000,867800,387900,3956400,4215300,3338400,1449400,605800,8339800,11953400,34905200,35529600,11246200,14729000,9706900,5414100,25439200,8096500,11690400
2023-06-26,10632300,7241300,6287800,729000,2301900,672000,18302400,12950900,927100,4205700,248000,1810000,1078800,2084500,18568500,18872600,3222100,36111900,3636600,2976600,6859100,12328500,2902600,1268200,1100100,4936600,1441100,1462000,31507900,6627200,14642200,1503200,654300,292200,52685500,735400,9741300,3101500,12880100,72823600,2912500,12894900,1432000,2084500,9830200,904600,336900,3246800,3250700,2846800,1487700,782500,8476200,8335800,32488600,25728300,7639200,10890200,8955400,2988900,20535200,7092800,8673400
2023-06-27,7803300,5476300,4816100,560800,1778800,1264000,21799500,11034100,965500,4398900,254100,1875900,1459100,2705000,24140200,26468300,5036900,31707600,4944200,4752500,6143500,6720500,3432600,2512500,940300,5254400,967000,1612600,28818800,6312500,15749300,2817800,662800,207900,49428100,1070100,11336100,3574100,14341700,72813700,3316800,18105700,3252300,2610100,7898400,890200,200000,3845900,4302400,2653000,1721200,713000,7398200,13676200,28388400,34348100,8210200,13833000,8965400,4012700,17020800,8578200,10957000
2023-06-28,8622900,4486800,5517200,1101500,2305000,838300,21628400,9256500,960100,4924500,399300,3522800,1590800,2875500,26933800,16775600,5866700,35679600,3230400,5257300,7018700,11109400,2935200,2878400,838900,3445600,1288000,818500,23187600,6037000,17806000,2884100,736500,268500,46498000,1109000,8761200,4298900,8188400,75636000,3616900,23826800,3838000,2461500,7297900,867100,452900,4691000,4320700,4362100,1916200,1018000,7332800,10987000,32903200,36663200,7866600,11371600,12800400,3963100,29447600,10897800,8715400
2023-06-29,8877500,5728000,5803000,635300,2902700,726600,23278300,6736000,1067800,5542200,411600,6981700,1448700,4289400,28996400,24342100,6862500,41712000,2908800,8268700,5280000,7981300,4641700,5014500,717800,3389400,1597600,704900,32084100,7734400,25554500,4563600,519900,213700,46151000,803400,8395200,4646400,13780900,67882300,2812800,41091600,1852100,1992200,6635400,963000,258700,5033400,3914800,2857900,1375700,617200,9086400,10564000,28435800,47471000,10236000,9128200,10018000,3727400,29307800,7843300,7752600
2023-06-30,13417300,8054800,5612300,972200,3027500,535200,23366700,28381100,2886400,6036300,971400,5452200,1672400,3602700,37303800,19670600,6420900,35842000,4193300,7450600,10413400,10618500,3401000,2182000,1113800,5137700,1923900,1311400,30287300,8812200,20938600,6786700,861900,321700,58712500,1022000,8362200,6958700,10504600,104964000,6657300,32024900,2008500,3133400,8137100,1171800,199100,5758500,5173700,3444100,1560300,768400,7622800,12966600,35970600,44762300,11431400,11398400,14266200,6437000,27858600,8260900,9479000
2023-07-03,3691600,7158200,3146500,902200,1698400,496600,15417000,13375500,757300,4219400,564400,1307700,862500,2258100,16799600,26578800,4085700,13046500,4865600,4687100,5012100,5102400,2683700,2191600,530500,1928100,808100,530200,14011900,4006500,11810800,2822000,404100,320400,19432900,480500,5321700,3600000,9135000,32793400,1851800,16011800,858400,1220800,6362600,803400,269100,3632400,2372000,2423600,1359600,556700,4891400,7865600,19539800,19128000,6786800,6182200,12817100,3628200,16329200,5240300,9303200
2023-07-05,6046200,7981500,4415700,2849100,2717000,786300,15853800,15971500,1388800,6195000,794200,3288900,2790300,4168400,22163900,21147100,5650600,37947100,5069600,10181200,7849700,6080400,4293500,1602100,1034700,6217000,1317800,817000,24092100,8569400,21463300,2832300,736200,482800,34460900,851500,7522800,6037200,13299400,58418400,2609300,28170300,2288100,2965600,12565800,1675000,251300,5766400,4230100,3341400,1961600,719600,8001600,23658800,32557400,39831600,9504700,9395600,17579200,6300600,38338000,7942100,14528600
2023-07-06,9534200,7570000,5613400,629100,3742400,547400,36352500,17415300,1440600,9312900,586500,3666400,2756500,3508200,38925300,36824200,5133000,52251100,4066100,9285100,7018000,7034400,3618900,3485100,825200,3248800,1606400,1148300,39080800,9427300,35240800,3217800,793400,463400,49374700,921500,7891500,8592000,12544400,80658300,3030500,41375700,1573100,2372000,8980700,1202200,220100,5609000,6040300,3404300,1562400,715600,7924400,17904200,41967800,45808400,11209500,12116400,14881300,5046400,30845600,8213100,11474400
2023-07-07,8311000,6491000,5726600,807800,2852200,604700,21518600,16721300,2174600,6669900,555700,2436700,2297700,3412300,21820400,41733500,5201100,42269100,3370300,6577600,6318900,7732400,3519500,1982000,841200,3441700,1076500,777900,31706700,9675400,17148000,3600500,615600,463500,47133700,993400,6875100,3944100,10657900,86134200,2395600,28996500,2215200,2784600,8873700,843500,258800,5865300,3673200,2771700,2510200,639600,6731700,13663000,48916000,33488700,9359300,11622200,16405400,4617200,25787600,8749700,10563600
2023-07-10,8827400,4186000,4450800,632400,2560200,879000,22273400,9486000,886700,6002300,351900,2321700,1169000,1902800,19188900,16661500,3320500,45752200,3863100,6622700,5733300,6320000,3874200,1471500,1049800,2526300,1267300,821200,29725100,8166500,16360600,4103100,631200,521700,48498800,1057400,9162300,2858000,8670800,62443500,1965300,24665200,1945200,2449000,7842700,3541300,407200,3855600,3362300,2080500,1976500,687300,5512800,11196200,30925000,27254400,11765400,16877200,11953600,4345300,24820200,7476500,10638800
2023-07-11,5978500,5567400,5709100,457800,2477100,537600,19616000,12811300,6567500,6165800,454800,2293900,2403000,2610000,22389400,22158100,2818800,32000700,3123300,6327100,5290100,8231700,3076800,2441200,604500,4775400,1564800,2680100,26738800,6652200,21693900,4287200,685400,315700,38214100,968400,9109500,3658500,6763100,64463800,1460400,20485500,2366500,2346500,7134000,1002200,250200,4038400,3177800,2155700,1700600,741800,7374500,9412000,39642000,33744600,10283200,9996000,9812500,4772800,22871800,7278300,9633200
2023-07-12,7189100,7188100,6397500,599600,4140200,572800,61015900,16111100,2555900,10371200,3740800,3172900,2631200,4337900,29777000,47207200,7062000,42820700,3928100,8255100,6972200,10743700,3643600,3097900,974400,4714000,1804400,1184800,40127300,11186500,23217300,5709900,991500,796000,61975400,1094300,8286000,5068800,24114700,91924500,3071800,31928000,2554900,3046200,10422000,1307200,679900,5361600,4246400,3030200,2065800,977800,7753200,23076800,43077600,46546000,13492900,16104400,12680900,7247700,26655000,11900400,10131800
2023-07-13,7458500,5902600,5868400,582900,2472300,1120900,44062400,12707500,3133700,10043100,2000800,2371900,1829200,4754000,26812100,33461500,4527900,33954200,3385600,9742600,5718900,11282700,3950900,6161500,904800,4179500,1319500,1421400,23523000,9669800,21637500,6535000,396200,307800,46960000,1862000,8994300,4954800,22406700,72425200,2665700,32441500,3372800,3608700,7276700,1223000,632400,5067100,3273400,4113300,2070600,810200,7400300,9610000,53226400,40453700,8964900,9349200,10581500,4708100,19835400,7526200,7390000
2023-07-14,7208400,6505800,7410000,669800,3293400,1274800,26724500,12549100,1367500,8611500,493500,3173400,1708000,3802900,22484400,28189200,5390000,36081800,3924600,7491100,4494900,5838800,4580700,2201800,1097500,3437800,3131900,2321600,32198600,7127000,23784000,3415900,1071600,293700,55148500,786900,9302100,4248900,16802400,69815800,2393100,18569000,1598400,2400600,7349800,1262000,256000,5618100,3680900,2914100,1917700,664500,8034400,11252000,43988200,47552700,9288100,11543800,12475600,3901500,20285600,13298600,7919800
2023-07-17,4689500,3932600,5942700,696100,2860000,606100,25782900,15876600,442400,9922700,443500,2220900,1147100,2565400,20566800,26913300,4152400,28836600,3470100,3182400,5707800,5798900,2949000,2125200,1234700,4499600,1297900,1778500,23283700,4686300,12260100,2485900,774100,684800,40868900,727600,9975300,4027500,9095900,52680200,1768300,18822000,1690400,2280800,6808700,1433000,243500,5610700,2963700,2688200,1968900,777100,5386800,9072800,32445800,38568900,6517700,11858800,9496300,4556400,21260800,7905000,8363400
2023-07-18,5593200,4775800,7748100,554700,4617200,923400,29377700,11519400,1009700,9942900,216800,2168300,1764500,2874800,22283900,33862400,8238000,25990800,4897100,3626500,8135600,5778900,3949800,2120300,1533300,6453300,1199700,1679400,28489800,7835600,17403600,2915900,968700,279000,55262000,829300,9374400,2590600,14763800,80668200,1777500,15407400,4135100,2547400,6484700,1297600,464300,4605100,3594000,2916500,2169100,937700,6676000,11795400,43209400,47160800,8098000,16406000,10124100,6513800,36264600,8130300,9365200
2023-07-19,7467900,5132100,11522100,1371500,5864300,986000,26941200,11138700,847900,6073400,287700,1899700,4759700,2513500,20431500,30152300,3911600,26794800,3770400,5059300,11705700,11186100,2848500,1792000,2936500,3182200,2493000,2996000,23679000,4847400,20871600,3198200,745800,422400,54093000,1013400,10055100,7015800,12889300,65891700,1842700,27192500,2307800,1935000,7538100,1734600,183600,5363700,3494900,3106700,4047900,4399500,7513000,10383400,37521000,45599800,8563500,20990000,14718700,6610700,27154000,12484000,13090400
2023-07-20,12562400,5047600,5262100,1138600,4561300,745500,31226700,14843900,1209000,7279000,303300,3528200,4052400,4177900,18759100,16840400,4972900,27028500,3403400,9486600,10000300,48184900,3406200,2616100,1041300,10647100,990900,1654900,27278100,5435300,37868000,3158600,998200,480500,71941700,14984000,8472000,8745700,16215100,70591600,17993300,56951200,8181600,2031400,12248800,1028400,142400,5667100,4085000,2651700,2824000,1981800,16580400,9853400,35449800,45591500,10643900,24356000,16106300,6665000,33329000,12650200,19470600
2023-07-21,7605200,4087100,5170600,710500,2971700,404800,21620500,10318400,975000,7566200,226200,1998900,2640800,2093800,28981900,13657600,3845400,37447800,3243800,4560100,6923100,11969900,3060100,1574700,864000,3502300,2653800,1615700,28982400,7344600,16517800,1774700,504700,209300,60499600,2723900,7883100,3891900,11279000,71275600,3073400,20657500,3000600,2993300,10494700,843000,163600,4767700,3176700,2296800,2192000,719900,8739900,9048000,31529000,30615700,8993400,14871400,13836800,4801800,36746000,11308900,10484000
2023-07-24,6656600,3752400,3553400,781300,3073700,355600,47123600,9421100,1806500,6047300,205700,2350000,1326200,3794000,27539600,43746400,4370000,20925500,2858800,7451100,5316100,13072800,3667900,1963700,829000,2631900,1126100,801300,16929800,4423400,17999400,14755500,488900,254800,40380100,1466900,7482000,4127300,15105400,54023400,2912400,17546700,2598200,2420200,6201900,1282800,183700,4990600,3471100,2291700,2269000,653700,5984000,8705600,44539600,32299800,6754800,11308200,10692500,5157000,26484600,12034000,9651200
2023-07-25,5794800,4170500,4200800,510700,2548700,872400,32437300,9151000,1446800,5303100,773500,1416100,1386000,2735600,18383300,30971600,4090100,30067600,2749700,4079300,5358200,12764000,4002900,1485700,860600,3987000,1235700,627100,18961100,5415800,15029800,3766900,644500,290700,38894400,1071100,11333400,3275700,10753400,55191200,2052500,17160600,1907500,2340100,5737500,1006500,181800,4968100,3949300,2084400,2214700,630400,6986000,17521000,33606600,36218600,8768400,10802200,8576600,4383300,16701600,7802900,6483600
2023-07-26,5907400,4700000,4478200,893700,3084700,638000,34963100,12325300,3028400,4351700,516400,2744500,3094900,5602900,25017000,27951900,6158400,33068400,3752500,4880100,8272800,15129100,2808400,2887100,1232100,5592100,1274400,705500,20377900,7947400,17816800,5130200,725700,318100,47075700,1297400,7806000,4339700,24549800,71052900,2231400,19310700,2840400,1384300,11708800,705800,283100,7377400,6138800,1985600,1667000,617800,6717700,12335200,32788000,35638700,10555200,15501600,10506500,5117900,23158200,8205300,8834600
2023-07-27,6937900,4727800,5342600,1273100,4771000,520300,37548500,12775700,2363400,13156000,645400,3079200,2822100,3650900,27377100,30760100,7592800,48675800,4193800,8522800,6053200,10113400,2757500,3350800,756100,3413300,1323300,1154900,31159300,10458100,29142600,2640000,867900,300500,63940200,834600,10443000,5591500,27325200,92194400,2826500,44794400,1974600,1807200,8082000,932600,208000,8010000,4149400,4730600,2051800,759700,7094600,14101400,35550600,44072800,11837800,13857000,10008500,7511200,32130200,8800800,9464000
2023-07-28,9233600,3709200,5273200,2657200,3219000,585400,34529000,15891100,1175600,5952100,245000,2906100,1960200,2634700,16883200,61381000,3828800,27588400,2247000,5794100,4735000,10222800,2548800,1716900,770100,4258700,916000,1073300,21612200,5542700,18719300,3536100,770200,275400,56902900,897000,6849300,6008600,10628300,80011800,1584800,27434000,2154900,1751500,7776900,797000,126000,5025800,2701200,2257600,2002300,683500,7433300,8129600,34627800,32422700,7466600,11287400,9672400,5870000,26432200,6897600,7943000
2023-07-31,11079100,6716600,4607900,2012200,2201400,388200,28029100,13797600,876600,9700000,251800,1716800,2596500,1923100,16579700,41714600,5494800,30744800,5000500,6347000,8336100,13785600,2693600,2614100,774500,3947300,1765400,875300,24203900,5026900,24906600,4208500,725400,346200,44019900,951900,7678500,4066700,14038900,62040400,5960700,28663800,2192100,2068900,7654200,968800,228300,6121600,3452100,2658500,1837100,743600,6857800,11001200,36266400,28627000,6587200,10138400,10057100,4940900,25047000,9735900,6943600
2023-08-01,8810400,13360200,11078000,1688900,2581900,555800,34635600,16707800,3708400,6392400,333100,1545900,2600100,3499900,22413000,34340600,6239700,34529700,4240100,7714000,6499900,10669500,3333400,1820800,1024100,3752800,866100,593600,27444300,6976500,22977700,3426900,622800,393800,41060600,1067400,9380400,4957400,11580400,55291500,2259800,34943400,2533000,1480900,8343900,629600,195600,4641600,3118000,2809500,1518800,636700,5868100,15073400,35766000,26480300,9003600,8845800,9376700,6124600,26919600,10555300,6900200
2023-08-02,8551900,8208300,6546700,1143800,5061000,526400,35588700,16805400,2937900,11902000,443800,2216200,3596800,3994500,18981500,42678300,6339700,37500500,10205500,8009200,6202300,10252000,3182700,3042600,1005300,3256300,1416600,950000,28079700,6354000,28516700,4403300,976300,366400,72687100,1103500,10698000,4046400,16396700,93933400,2257100,38121300,1710500,3170000,15392900,876800,283000,4147000,4973700,4239000,2677700,854900,8465400,20370600,45920000,48923800,9905900,15818600,11509700,6503700,30335000,13873000,9707000
2023-08-03,7532700,5681100,5395200,1111700,3307000,450700,20893600,12745700,3161800,4987000,370500,2876500,4075300,2600000,27905700,40630500,4636300,30348000,3912700,11057900,7485900,18049100,3150300,3235300,829800,3274500,1219000,996300,24279300,7921400,27632700,4949400,968000,314300,47666400,1061900,8093400,4109400,16330500,64276100,2828200,59394800,2314300,2921700,14960900,773200,240200,6454100,3022300,2925200,2005200,731600,6815700,18758800,41630600,31861600,7991700,11321000,8774900,6268000,41266400,11863400,8049600
2023-08-04,6400400,6200000,6925000,529400,4269400,385900,29249200,14079600,1459900,5821200,382400,3185000,3367200,3964900,30396400,34826700,5326200,37411900,3497900,10189900,6201700,12508000,3058600,2375000,873000,4359900,1432500,1572800,24950400,9497100,19998900,5666800,1035700,339500,61702800,909000,8268900,3590400,12397000,100128900,2067500,42071800,2113800,2016600,9944600,811100,227800,5148300,5717300,3024600,1781300,972700,7930900,16990000,43208200,36195700,10631100,14431800,10022800,5874700,36497800,12631200,13507200
2023-08-07,9732600,5978000,4987400,1137700,2390800,386900,19419100,12940600,1426100,4209400,520500,1965500,2553800,3096400,15342100,20298900,4510400,19412600,3171500,4007400,4923800,6768100,2547200,1672200,799000,2223600,1069700,1241400,20185000,3654500,10726300,2870500,555200,229100,37230400,802700,7629600,10383600,11803100,58357500,8487200,35862900,1414500,1858800,8266900,969800,151200,3906500,2598000,2376600,1461600,631100,8382300,10322200,26821600,33119300,8462600,9536000,8875600,3606100,25131800,8165600,7369000
2023-08-08,6867300,6517900,4338200,993600,3033600,493700,22600700,14144400,1934600,4519600,265200,1707600,3571900,4313700,15622300,28574500,6162900,32545600,3327300,5401400,5898800,7462900,2796900,1604000,1402800,3554600,1003100,724500,25578200,8316700,17616200,4664600,962800,224800,44726500,875700,7299300,3017000,16557900,71361300,1922100,24010500,1981300,4218700,9403500,907500,222600,3854800,3780100,2796400,1483400,681600,8101300,12857600,37237200,37254800,7669100,11461800,11413600,4094200,30350200,12601200,7255400
2023-08-09,5634700,4293000,4937800,671900,2873300,370000,27936800,12188700,939500,4421300,512900,1825900,2717600,4725700,15995000,23902600,4644000,27569200,3525300,5317200,6147800,8227900,3571300,1945900,743300,2838200,978200,1280800,22293200,6529800,11514100,2129500,561000,245700,51150900,720100,5960100,3198100,11966200,78789600,1383000,20151100,1756300,4777100,8666400,808800,553900,2960200,3145900,2203400,2667700,639700,6947800,15928200,52085600,38304200,7881500,14301800,11912200,5354500,26387400,9833600,9045000
2023-08-10,15516100,5120600,5195800,576600,4133500,413100,26321200,16788900,1906700,7154400,406000,2391500,1780300,4979800,17781100,28872800,5934600,43697200,3813800,8462100,7710500,8148500,2779400,1966000,976400,4508500,1213700,1413100,29378800,11190600,22056400,3378300,1209500,322500,72035300,832600,7045200,3867900,13574900,93005500,2808000,37253200,10097000,3443900,8764800,1074800,381200,4451100,4588300,3033300,2117100,704800,7871700,11144800,39226600,38097500,7259200,12731400,10357700,4901600,27384400,9541700,8723000
2023-08-11,9016700,3669100,4577400,566200,2602600,317900,32303600,14863700,2465600,5682800,1342600,2852700,2752900,3646700,20106300,55058200,5289700,23329000,4330600,5915000,6621500,7524300,2665100,4396600,868200,3757800,1299400,985500,21789000,6174400,12803100,3057100,627400,251200,48707200,806500,5196600,3596100,8428800,68690900,1967200,26753500,1427100,3137800,7614200,908600,252700,3654700,2918900,2220400,1946000,684400,8667700,7974600,46689200,27518700,5720300,10772000,7472500,3643000,24336200,7674400,6302200
2023-08-14,7901300,6596100,7992400,697600,3134100,362400,25510000,9959400,1568600,5623600,319800,2176000,3484800,3175000,23794100,31447000,9554500,28545100,3850700,6218400,6810300,10475100,2698800,4010300,1094600,2387400,1142500,1063200,20354900,8179700,9829300,3335800,678800,441300,42130800,830600,6620400,3217200,10036200,47867400,1688600,19072000,1780800,3545400,7069900,1164800,187600,3376700,2772900,2435100,1424100,785300,9253000,7753400,30189400,23773800,6113000,10328000,11483800,3069500,21549600,8723300,5639400
2023-08-15,6522500,4853100,5028100,3808700,2818700,563000,31837500,13863600,4825100,9804200,341400,2190100,2384700,2872900,24338800,32245600,7582700,32968600,5293200,9602600,6382300,16831100,3304200,3011800,886800,5019300,1944100,790200,25491300,8657800,17279900,7746200,628100,264100,45539900,945100,8457300,4782100,11894800,75707500,1615700,24125000,3285000,3907500,7750600,1154500,982500,3398400,4686100,2997300,1818800,660600,9959000,11392600,44982400,57472100,6911700,9366400,13257500,3931200,30379000,9118500,6628600
2023-08-16,8964600,7890300,5149700,2205400,3586800,521700,37596400,10940100,1834600,6043100,354300,2068700,2848600,3849200,42660200,38493600,6559400,31759400,6265900,7199600,6621300,10320300,3152100,2676100,1302900,2896100,1425100,1734100,27018400,17441500,20773700,3214500,638700,650700,53190500,982200,7290000,3794300,13151800,80107200,2197800,23076700,2091500,3789600,8465200,1074400,410900,3703700,3353700,2933500,1770000,701000,9421100,10564400,37995400,33566500,10281000,9779400,14814900,4804500,25028400,9462400,6715400
2023-08-17,8162300,5621700,7357800,857500,4804100,429300,35544200,14730500,6704500,7489700,337600,2176000,2217400,3672900,18736700,32698300,7937700,38546600,4111000,9858300,8119600,9248800,2639700,2144900,1239400,3991000,1665600,1112200,26715100,16681900,29797400,4017500,897600,231500,62604300,1886900,7266300,6059400,16299600,95711300,2168400,32244900,1959800,2647600,10996300,1151000,1041300,4069800,7102500,3135900,1820500,810800,10690300,10530800,40464200,38205400,10867800,12614800,11798000,5679300,23752800,11163800,8709200
2023-08-18,6154600,6774400,5094400,601800,3525400,406500,33913100,13617500,3035800,3962600,532800,2238400,2901300,3258700,22258400,57397500,6253000,44130500,3230700,7510500,6452400,12101900,3534600,3385800,1659400,3164000,2235200,1786100,33375200,7923900,17884100,3712200,900800,451300,61191400,837300,7854000,3090600,10430300,98852000,1431000,24181700,2157600,2734900,11576400,1490900,353900,3307400,4157700,2933300,2434500,761800,12520800,9817800,35307200,40860000,10763900,13658600,12334500,4503900,25675600,9463000,8249000
2023-08-21,13362300,5959700,4280100,507800,3176500,594800,24331900,15838400,1975800,3872200,315600,2298500,1853200,2238600,22224800,32839200,4206400,30768700,5193700,10864000,7550300,7334600,2793600,4121700,982600,3250900,1501700,965600,22678100,6346000,19065100,4838700,968100,683400,50696500,1475000,7080300,2642200,12346300,68719000,1499800,29254100,1521300,2085600,10914300,1260600,405700,3789800,3292400,2755400,2194400,658200,7957800,9705200,30488400,32308300,6464700,13132800,12005400,3958300,24162000,6872400,6645200
2023-08-22,6156200,5775600,4301900,623500,2816000,439300,26689500,10563000,2264000,5166200,326700,2365100,5324000,2664700,26132200,26940400,5892200,18135400,5514300,6330500,7249100,10963000,2779800,2052700,848300,4920800,1432900,923500,21299200,4675200,18361500,4251800,947800,295100,44530200,3756000,8922000,2734400,12962900,64994200,1351000,21308700,2733200,1655000,10252400,991100,314600,3380200,2646100,2891900,1712200,776900,9951400,7218200,25732800,43133000,8152300,11361800,11496100,5446600,27057800,6939400,8006600
2023-08-23,7831600,9529300,5205800,910700,2605400,369300,27643300,12670000,3226400,5227400,1432800,2615300,2907900,3027500,26477300,42683100,7949100,33378000,9952000,8550500,6579400,6752300,2908400,2050000,807800,2857300,1188300,695900,21231100,7450200,22620400,3785900,649100,368100,51770600,1258600,7087500,5509000,25176900,68441000,5432600,38294700,2058800,3836900,10161700,870600,214500,3257800,3250000,2560200,2165900,651800,8213500,7004600,38798600,30240500,7643300,10113200,10796800,5105800,26772000,7276800,7728600
2023-08-24,8247700,6746700,4186400,599500,3840800,413700,25776700,14879000,1682900,5996800,264700,4104200,1653600,2639400,14908300,30726200,5526400,34336100,13451700,5735800,6603200,11990800,3090200,2257800,1002900,3583900,1982100,1129500,26582300,5549400,20129900,3612100,758900,333200,66842500,1269000,7776000,3653100,13804100,88517300,9117500,22300800,1775700,2368700,10026700,1017900,293400,4523800,3458800,3099400,1941900,792500,9860900,8140400,33455000,35784900,9483700,13929000,13797500,5086900,25933800,10241700,7949000
2023-08-25,7917900,4883000,4853100,793800,3868500,372100,20154800,11617700,1392500,4403800,479100,2576600,2292600,4471900,21136300,36757700,6132800,31149300,10726200,7895700,7007000,11717700,3885900,2245900,1548500,4118100,1993900,1048800,29340400,7969600,18521400,2172500,906200,693300,69960500,1036400,7470600,4682300,22742100,102325100,3501800,23865200,2804400,3106000,10748200,1092800,338600,4252000,4417800,3631000,1932100,724700,10158300,10757800,38036800,40347200,13142500,15686600,13088500,4985900,24981000,8509100,10093000
2023-08-28,6544500,4264100,3969000,590200,2382700,480200,21426800,12320400,1199700,3398800,549500,1852100,1758200,2498100,14923700,36505900,4740700,21461600,3971100,3301700,6093900,8968600,2740700,2531700,1302600,2583100,1385500,999500,23002000,5707900,15271000,3300200,934000,273700,40910000,806100,6457200,2798300,7536600,61595400,1410900,16037300,1726700,1618700,7763400,1107200,224500,3448800,3236700,2364700,1830600,705200,9341400,10101800,25718200,34905300,7673700,8963800,6914800,4212900,17326400,6768400,5962800
2023-08-29,7386300,9168200,6214600,417500,3107700,1250200,30243400,12224400,2856600,4342000,504700,2179000,2192800,3821100,18879400,55139700,7576600,42178200,7662700,7064200,7040900,12448100,3465700,2625900,1044100,3983800,1392400,995700,22986000,9102900,21843300,4572900,690300,534400,58492400,1324400,7608600,5272000,19726900,83081900,2281400,28478100,1993800,2890400,8886700,1032500,339600,3515300,3482700,3160300,2911600,813300,10768900,11751000,27019400,43394300,9326500,13713800,9502800,3808200,23746200,10737000,8913800
2023-08-30,8752300,6427000,4721500,527300,2792900,786800,16164200,12235800,861300,4736900,287800,1213700,1443700,2247300,15720600,34461400,6593700,29458200,3052900,6346700,8687800,7392600,2838400,2136400,693300,2811800,1317300,560700,19869900,7039300,21533500,4913000,545700,264000,41731500,795600,6776100,4512400,13091200,69053900,1741200,17550100,1329200,2228100,10957300,1505100,419100,3042100,3004500,2420800,1966100,647500,7344200,7597400,27890200,33799900,7849600,12266600,9679300,3051300,22480800,7892700,7289000
2023-08-31,7230100,7771500,4747100,1197700,2901400,744900,35424700,13375200,1159900,6259000,718900,1902200,1552200,3582100,29861900,38649400,4795600,30824500,4103800,6167300,8170000,9109600,2900600,3363900,690500,3881300,1121000,968300,17953400,5730400,20534800,3163800,564700,369900,35730700,815200,5803800,3948700,10536600,66084600,6068200,26959700,1492400,2900700,9141700,876700,268300,3410200,4751100,3044000,2170800,592900,8443700,6560000,29617400,27999700,5593400,11963400,7731300,4084700,27542200,7540200,7872600
2023-09-01,8132400,21540500,3940700,1716100,2533200,407200,26152300,17069800,1687000,5084100,616600,1551200,1080300,3185500,22478500,52021000,4970700,33213100,5390900,7746600,6163300,11418100,2877200,2103000,760900,2852900,984300,654100,25094600,6341100,16514200,3720400,998800,268400,39801200,629800,7832700,4157300,12818500,58944100,1697100,32469700,1112100,4205600,8335600,900600,296800,3403900,3588000,3047600,1703600,617200,11385100,11825400,35764200,41075700,7034200,9244600,8346400,3927600,28775400,10183900,10618400
2023-09-05,6111400,8316300,4634300,1039100,1906900,597600,23571600,12085000,1061900,4909600,305100,2210600,1113600,2900600,21189500,44260000,7056800,29500600,6052500,4993400,5345100,7561200,5224900,1918000,862900,2289800,1268600,802000,27160100,7499500,16272800,2544100,1201500,667900,32344200,968000,10831200,4130000,15054100,55166200,1999600,29435900,1191400,4782200,9567800,821000,137900,3578000,4426700,2531500,2156500,603800,8283200,12926400,48737400,38612300,8452200,10060400,8634200,5000000,37650600,11042600,9426200
2023-09-06,8379200,6524800,7800400,843800,2748400,897200,29118500,11294600,723900,5076100,484600,2201400,2892500,3068000,16607600,22802100,6427200,30797500,4283300,7344100,5951900,6121900,3679300,1930700,830900,6316100,1054400,780500,26406200,8299100,17733800,1370300,733300,327300,42998700,783700,10455900,5001100,14534100,70758500,2037700,23636300,934300,3159800,8972300,826500,142700,3681300,3744100,2473700,2214300,635300,8385200,9306200,40324200,35672800,8586600,18143200,9050100,3974900,38940200,12840000,11155000
2023-09-07,5077800,6808100,4742800,388800,2378600,760200,23907500,13543000,1503600,5362900,332000,4339500,2077800,1918900,20220100,41747200,3257200,28757400,2488800,7137500,6286200,11931900,6034600,3535800,630500,2310300,1672700,949100,23894800,8330700,17295600,4678100,772800,414700,52060700,478100,6183300,3130700,10926900,70355400,1257400,18091500,1447200,2671400,10296300,890700,182400,5056100,2245800,2964700,1663700,602400,7904200,8874400,30729200,47632600,7561200,12513600,10149000,3861000,33748600,11055700,10439400
2023-09-08,4774200,6393300,4270600,611500,1665900,463700,15126500,11813900,4147300,5631100,601200,1388000,1346700,2297500,17905800,31705700,3292700,26389100,4047200,4648500,5892200,8218600,2822000,2516100,823100,2787800,1190800,636200,19399100,6906700,18608800,2844400,408100,273600,35800100,654100,6187500,3581600,11661200,61659700,1899300,17052100,1190000,2039000,9008900,628600,152400,3317400,4124400,2244400,1471800,474900,7729100,6986400,34739000,39720800,6828700,8584800,8323000,4369000,32521400,8716900,5709400
2023-09-11,4077200,8027100,4215800,553900,1722900,435900,20748000,11650900,1978600,6489500,293200,1688800,936700,3339600,22393100,27084000,3689100,29159400,3745400,4321700,5220900,6633300,2555400,2271200,788300,3671200,1198000,725600,17424700,6025500,13686300,2801000,527000,378800,39936600,1155000,6309300,2750500,8858900,60180100,1660200,17061500,2443100,2083800,6083200,928400,270600,2813600,3346600,2087900,1872600,1237800,7020300,8070600,44095000,28965100,6308000,8272800,8450700,3336700,27023600,7179000,10648600
2023-09-12,4583400,9948400,4246300,1075100,1813800,382500,26259600,7947100,2481500,3647200,238700,2854300,1698900,3469400,21148200,17904900,4445400,21668500,3217100,4998400,4327800,8708200,2811800,3523400,710500,2648700,1728900,846300,16826300,5837800,15839800,3194000,508200,246400,41391000,1549600,7701900,3358400,8738500,67565400,1589300,20034300,922600,3308800,8404700,767100,176600,2959200,7595300,2448500,1795900,642200,7308600,8421400,53599400,48615200,8099500,12243000,13300200,3225000,22094800,6941700,9908200
2023-09-13,5953600,4696200,6142500,813800,2025200,411100,20707900,10047900,816900,5859900,352600,1759800,1583800,2222700,33197000,23061800,3874800,27498900,4008000,6675400,5156700,11737700,3417600,1595300,585600,3020300,1197800,815300,24415700,5726000,19975200,1265300,561900,284200,46300700,1293100,6287100,3489500,11886100,60199300,2328400,23332300,1288100,2783800,6672100,840800,246700,3989000,2529700,1990000,1691900,592500,8036800,9171000,36315400,31994900,10646100,10008800,7863700,4274000,30120800,6430300,7984800
2023-09-14,5952800,4214800,5227300,679600,3489400,620600,22611200,13519800,1406000,5157200,382500,1848000,1908600,3040300,23233800,27622500,6184400,29575900,3931000,6421000,8203300,10619300,3197400,2948600,646100,3546900,1270800,1213900,27952500,7379200,16821000,2001300,688800,249800,48039400,1288500,7003800,3349300,26204900,83430800,1817900,27800600,1231700,3098900,7694300,879100,461900,3926600,3660900,2002400,1726800,510000,6672500,8669000,37099800,65685500,10123900,9473200,9356000,3686900,26201000,6433300,9777000
2023-09-15,5667700,4688800,4946100,573300,3581700,1609100,32981700,13678500,1490300,4669900,449800,2504600,1352700,3542200,19297600,28634700,5620900,41636900,3645900,9367700,8100500,9433100,5240100,2477700,745300,5239500,4239700,1943800,39695500,7372400,21796400,1909000,1613700,226500,69811200,1002900,8133600,4055900,22811300,111848900,1822200,25642900,1394800,2874500,9970200,901100,224300,3784500,4004000,2639200,2326300,636200,8296300,13975600,49612800,51800200,11446100,13116800,10891600,4755300,34802000,9611900,11981600
2023-09-18,6066200,7376200,5882500,868100,2122800,605800,22967000,9121300,1077400,4545200,536600,2160100,2071500,3971300,18290600,24987800,5049300,19549700,3315000,4622200,6216100,7156300,2693100,2468300,889600,4152700,1608400,966700,19287800,4641500,12182200,2058500,691200,312800,36903500,829400,8060100,2676700,11481300,55752200,1521400,17963400,1046500,5940800,7494900,947800,176300,3117700,3014600,2259600,1782200,688100,7427900,7366600,33746600,32458700,6446700,9943800,6841200,3812000,19135000,6559400,7442400
2023-09-19,5327900,4357400,4200900,844700,2740900,510200,17394800,10339900,1025500,4046800,288800,2069200,1634700,2983000,13709600,16978200,4224700,33937200,3494200,7536800,5963300,6816200,3183000,2793400,1002100,3575500,1271400,613400,24085900,5843500,14577800,1892400,615000,196000,37621700,779500,7377900,3162800,10111200,66514600,2313000,24941800,2308400,6657100,9230400,880500,235600,2742500,3623300,2977800,1704900,599300,7604100,8168200,36264400,36112900,7360600,8236600,7733500,3937100,24889000,6252400,8324000
2023-09-20,6282700,5946200,5518400,663600,3411400,471600,24521800,14523400,3878600,8085700,376200,2064600,1517500,3980300,24732000,17849700,9328000,26715100,5323300,10751800,8737900,7481400,4272500,3626900,916300,5467300,1375900,955200,27642900,7060000,23735800,1801500,690000,288600,45514200,792500,9579000,3583600,17354000,82562600,1818500,29451200,2517100,4117600,11025000,1019800,376400,3827800,4009400,2448400,1655000,638800,9652000,9299400,35930400,31618000,8286700,10760400,10841700,3873400,18736000,6350700,8857400
2023-09-21,8028900,7522700,9127100,1172600,3483700,487900,33915600,17619900,15878100,5039800,390400,2622100,2501600,3516500,24687000,32333000,7571900,43327300,5921000,8702500,7623700,13492200,3800900,4282200,2062100,5076600,1741600,1093900,31625600,11285100,30183800,1839400,948700,229900,69734800,919000,10454400,5170800,12395300,104095800,6247300,59958700,2598500,3095900,11630500,1399500,268400,6202200,4633100,4190400,2739200,989900,12836100,13559600,43446200,48103300,8931200,14741200,11869900,5749900,25628600,7979500,12236000
2023-09-22,7294200,15684400,8149800,727700,3376400,566200,40006500,14714800,1863000,6319700,381700,2030600,1689900,3217400,17867700,53787100,3634800,36657300,2650700,8637800,8349800,22030300,2940300,2600400,1140100,9350800,7298200,4823700,23164700,10555500,21849000,3688800,914000,398400,51589700,1016900,10194600,3908000,11348500,100829700,1641800,29524500,1940500,2704300,11652600,1067000,205300,5061200,7204200,3261300,2624300,1541600,13280100,12035200,42067400,41688300,10971200,12537800,12243000,8497400,24595400,7790300,14209400
2023-09-25,7485000,7492000,22744300,639900,3104700,601600,29050100,16853100,1202600,6078300,392100,1713300,2399500,2366000,20675000,29073300,5582100,30197500,27029800,11712000,8048400,12538700,4525600,2215000,1136200,4413100,2377800,1562600,22416200,8635200,25968600,5561400,894300,629400,39168000,1410300,9135600,3439100,14549100,70874500,1780100,45587900,2473600,1918300,11703700,1157800,252900,3928200,3227900,3440000,2488300,679300,9023800,8245600,35073800,40141700,7355500,10577400,9137600,5017200,24729800,6826300,9486800
2023-09-26,15549200,7130600,7329100,986300,4657300,1089000,39426100,17756900,1896600,8765700,391400,3138600,2252500,3735200,20042300,31122200,7181100,39193000,6387600,8281800,12393400,17473200,3913700,2624400,1459800,4887400,2025200,1085000,30476000,10719400,39047500,3113400,1198800,227000,53657700,5988000,13153200,14216300,18268200,96168400,2208800,38104100,7668300,2522700,13497100,1206500,238300,5220800,5734700,4371900,2940900,882200,12282900,10951800,33460000,46165400,11490500,14926000,11541000,7143100,46833400,8200700,11667000
2023-09-27,14560500,7669700,7701800,944200,4442200,501500,27723500,16390400,1720200,8211500,401400,2476600,2305500,3465700,30559200,23269800,10919600,45532200,3860800,10586100,9908900,13872200,4931200,5158700,1549900,6664500,1975500,1321600,37293000,11470800,35741200,3678000,1386500,327500,56066000,1259600,8781300,5777600,15643800,104705800,2139400,47111200,2809400,4257900,12446100,1265700,236500,6657600,4837700,4407300,2452400,706100,12274500,11032000,46289400,49360900,12676700,11665200,14182700,9007100,52042200,9888600,12485000
2023-09-28,13334200,8426400,9004600,865500,4053600,668800,31425500,19507400,1608600,8296900,399000,4056300,1818800,3875900,27455900,26391200,10061900,45776600,6333900,11654600,10981200,11346900,5989500,3781000,4696700,4871000,2392900,1238400,31372400,8217200,34650100,3651900,1048300,225700,56453300,1281500,8310600,4522600,14007700,92258300,1709800,60238000,2755200,3169000,13567400,1106800,299500,6659600,4065800,2952400,2375900,743600,8924400,9398200,48462800,63638100,9804800,12829400,12094400,7431500,77189800,9129000,10291800
2023-09-29,13483500,9081500,7650600,2044200,3786500,725600,41783600,20292800,2110200,9032600,298300,2609000,2921400,3608700,23037300,25147100,10427400,51698300,9431000,13488300,13543700,14679500,4753800,4992400,1670200,6239100,1812100,1876900,36689000,12216400,28143000,2550800,2419900,739600,64829600,1756300,7446900,6015100,36658600,115111300,5679300,49010100,2734500,2399700,16047800,1007900,490100,6630600,5766600,4441400,5163800,1002200,11064200,11714400,48369200,52860500,11041900,15883800,11797500,7305700,45737800,12692700,13116600
2023-10-02,8880000,22550400,6719800,3616100,4192600,1182100,30529200,23671400,3133200,6944400,494600,3763300,3053100,4489700,22757100,21818700,12706000,69255900,9975900,21010000,13100600,10912100,5212600,3691500,1812700,4666900,2814200,1262700,42139300,17973600,18787800,3502500,1557400,354300,51625100,1149400,13518300,5671000,41002700,83798600,6662900,44704300,2220000,3492100,16236200,1654900,322100,7564300,5886200,4358100,3350400,965000,15001400,22598800,50599800,49350600,11079200,13656200,12642500,8673300,111645400,16035100,14663600
2023-10-03,12058400,10648800,8099500,2573900,4871100,1009300,52953900,19913200,2152700,15392600,532900,3959800,1890500,4903000,34806300,34779900,11459800,77754200,9486800,21364700,17349000,16703500,4304500,3435100,2161200,5467000,2047900,1374700,42733600,14311800,30830200,3898900,1379700,313000,60478500,1114100,12576000,6707600,32235800,103760600,5004600,71362600,9664300,2899300,16168000,1776100,355100,7121000,6886700,4389100,3440300,865300,14829500,26358000,41466600,52921800,12055500,14838800,15396200,9197900,115236400,11971100,14613800
2023-10-04,14097800,26575700,7915900,1225500,4877100,902300,36174300,19586200,1645100,8756900,410800,3728300,1775100,5464600,22447800,23401300,10034600,138971500,7561800,14054000,10097300,11633000,6212000,3419200,1765900,3560200,2025300,1084300,42491900,46175000,25863600,2358000,1353000,555200,54786700,1082200,15901500,5927000,25141000,87453000,2644600,56281600,2471800,7853800,14106100,1294600,508100,8748100,4333700,3045400,2463800,733400,12806100,17954000,59572400,40136000,11394500,15194200,15125900,9241000,58997200,10064300,15340600
2023-10-05,7129400,8295300,6845000,2068100,3172200,568700,27725900,18327200,1410000,6329000,408500,1841200,1996300,2738500,23695400,22023600,6970200,56138500,6622900,11315900,8555200,9722900,3246000,2164900,1096900,4030400,2145200,1063600,33365100,14096900,21155700,1653700,1248800,1911200,45897400,1421000,11496300,4665400,16430500,70142700,2283200,35758800,2530800,5599100,12624600,1072400,294700,5306900,3329100,2679700,3308100,877600,12896000,20474400,47037000,41407800,10336400,12023000,15757300,7857600,56290000,9609700,13922000
2023-10-06,9569500,9856100,8385100,2218500,4491300,624000,33737600,17758900,1955400,7078600,483400,2851100,2241200,4327800,33255100,37514900,9948400,52741500,5810800,12257100,9736100,9653800,4479200,2109200,1274600,4153500,1985600,1318900,42160900,14645500,21667900,3540600,1274000,921000,75049100,1498600,12545700,3456700,28298500,113273300,2164800,62787900,2697200,3896200,11812900,1250000,344900,5919900,4897200,3666300,2972000,994800,8077500,16085800,51481000,54057800,13842700,16625600,28723400,10218500,68207400,10692400,15265000
2023-10-09,4353100,5972300,3561600,2702800,3756300,768900,21799900,11015700,1442000,5133500,370900,2187300,1055100,2729900,20116400,14270000,10201500,27277200,5575500,5816700,6813800,9078500,2770800,2205500,1142400,2675500,1414200,948400,26658400,8491900,6398600,1757500,830400,493100,45304800,1109800,8345700,4119300,13077400,80374400,1424000,29424900,1425700,6892100,9131700,1184200,223300,3848200,2959500,2869700,1922500,1060400,8680800,12974800,61489000,61396600,11059700,13139200,15662900,6258000,40487600,8047600,10496000
2023-10-10,14553600,8463700,11555900,1359500,3769400,545000,35189100,23682800,1608000,5054700,751200,3087400,1631500,4431300,32735200,39316500,5844000,50761600,3962600,11508300,8306200,8871100,3607500,2824900,1234200,4430000,1600400,1189800,31585000,14646500,23168100,5328900,938300,356500,46968800,1928700,7980300,5135700,12115000,78607300,3710500,54743900,3729000,4237600,14448500,928100,227100,4585700,3289600,3494600,1530600,654300,10417300,13709800,41700600,44743400,9658200,20402800,18809600,4979700,61414400,8154900,13458600
2023-10-11,15347000,6839400,18074400,2163300,2773900,802200,24577700,15393600,3408100,5427400,1490100,2821700,1713700,3205700,23927200,33401000,7128000,53330500,4847100,14815800,7905300,10888600,3531100,3079500,938200,3875600,1560500,798500,27427200,9031700,22655800,2673200,673700,226900,38215100,1500200,7934700,3131500,20080500,62451700,2106900,58517700,1848500,6048300,8211200,1049900,195200,6128600,4181800,3033000,1982400,552200,8324500,9858800,47145400,35746400,7806500,10389200,18293200,5178300,53347400,9591800,7974400
2023-10-12,11189800,7528700,6144000,979300,3315000,543700,36022000,16764600,1671700,6965100,477100,4449200,1605300,3826700,29319400,43058600,5912700,60368000,4539200,12855900,6893000,15175200,3432500,4815700,1034600,4232300,1989200,1290800,38693800,12197400,27899900,2605600,853600,439400,49587900,1369400,10840200,5362000,16915500,81154200,2852600,66986700,2127800,4244100,9695900,988800,223000,4429000,3872900,3244200,2449100,808600,10723000,12126600,39986400,41991200,8102200,15405800,15185000,5970000,55086600,10927700,9181200
2023-10-13,7515500,15013900,5570100,954000,5154600,522600,26187900,19900300,5224200,5528100,2426400,2528400,1547100,2900900,24280800,23602800,18796500,54191200,9630100,9872500,6724600,13019900,3137700,2348900,923900,4041200,2425000,721600,33955600,10090500,20716300,1703800,748300,223100,52469900,1353000,7026600,3506100,28957500,95143100,2463800,44183800,2198400,6765100,10924200,1208900,256000,5860800,3769800,3267700,1985300,737300,8884300,11269200,48511800,53213800,9598000,15183200,15641000,5688400,39568800,11383800,11327000
2023-10-16,6332700,8181800,4914800,820400,3969300,2138800,21117700,20119600,1391300,7738800,442700,2928900,1724500,2929500,18196200,23863400,8385400,39352900,3196500,7248000,7028500,7152200,3826400,2316100,992200,4656900,5649100,1807500,31140300,8622800,25991800,2267600,871800,304500,44201100,1410400,9343200,2967800,11982500,75433200,1538400,38309800,2775500,5156200,12284000,1395500,319900,4381800,5150900,3361600,2937200,763900,9309500,12363800,38365200,45589300,8344100,14544200,16172800,7719300,39554800,10545000,11071400
2023-10-17,8198300,5363200,5851900,921900,3777800,496400,24251700,12155100,1252600,5662900,391100,2531300,2435900,4798900,19117400,22490300,8231900,50948700,3590100,11191600,8876500,7551600,4739800,2090700,1109500,4864000,2124400,1063300,39823200,9423500,24273500,1685600,1056200,348400,50999100,1049800,8586000,4245000,16482000,75324700,1930800,52949100,3916800,3914400,15063700,1137000,413200,5419300,4214600,3627700,2575000,966800,7607500,11636600,40424000,41925200,10707200,15317800,13192200,7239500,36960400,9149900,13419800
2023-10-18,9352700,6069500,5885900,1110100,4141200,583400,29849100,16945900,1749900,4984400,592200,2467100,2888500,4125700,23051600,34008800,13920800,58306500,7123600,13794200,9786200,8604400,4369000,3553200,1485200,7890000,2032200,704800,38501400,9025500,32144400,2161000,957400,361600,54280500,980400,8427300,5232700,20065700,93559800,1575400,63724600,2386700,4647300,10263400,1169500,610500,4853700,7329300,3255000,2523300,632800,8860600,13017200,47616800,46942100,13582700,12862800,16617700,8313200,46727000,10085700,10414600
2023-10-19,11552700,4551500,9433800,937400,5201800,837700,28401800,27204100,1979700,7199200,452900,2983300,1793800,4123100,21834800,36031400,13406600,70971900,17552200,27116700,11134500,22534900,5084400,3050700,1697700,10020200,2516100,1214500,51397300,11498600,41211800,4228400,1538500,543900,72274200,4343800,11148600,5556600,20356700,121323000,12019700,87696900,17247500,5924400,17765500,1398300,411200,8238400,6708900,4322700,2771200,1059200,12489600,18466200,63297000,66656200,12535100,19991800,18237000,10377000,39363800,15492500,21134800
2023-10-20,6629800,4887100,5197700,1243400,3960800,679500,39070000,28251800,3773500,4356800,476400,2633700,2040400,3312100,30246100,49214100,12785700,64845500,8387700,12587100,13703600,17360400,5621600,2283200,2344100,7046300,2373200,881500,54421900,9869300,27130800,3381200,1268300,530700,72559700,1722600,10215900,3660500,35245700,123919900,3301500,52188800,4957000,4664700,12890300,1369500,706900,5874400,7549600,4447600,3072300,1572000,12400000,14322400,46549600,59921300,13641000,15350400,14730500,8556300,40044800,12296800,13357800
2023-10-23,12885800,14352700,9587100,1179500,3898300,840400,34568600,18574700,1667100,6251500,383300,3237600,1527600,4255900,24201600,25976600,9479800,47508700,6055900,12365000,9942700,18392200,4925500,4231900,2077900,6870500,2610900,1177100,45590900,7845000,21103000,2233200,949600,898500,60665200,1528400,12551700,4261800,14074100,92035100,2632000,70890400,3612600,4607100,14594500,1652200,511500,6906600,5537100,5473000,2943200,816200,10778600,18276000,51888200,55913700,12076800,15159000,13777300,6709100,41041200,12344200,15707200
2023-10-24,9165100,12544200,9462100,1119700,3583900,782500,33962200,22138700,1253700,5974600,386100,1968400,1148800,3307600,26206600,67500500,6594000,46427900,4706300,10906000,8420300,10043200,4632500,1987900,1227300,8027900,1838000,999600,32666300,7739400,24517600,4791100,675200,636700,47082100,1643100,9668700,13761400,11491700,78564200,2951400,46267700,2779300,6629600,9538600,1058000,484200,5755200,4451500,3180900,2999400,1004400,10458700,14848400,44271600,35825000,9324300,11180400,12055600,5749200,47194400,9375900,9960400
2023-10-25,8904400,12376000,7392400,2212000,3836300,691500,25267400,17400900,2716300,6311500,399800,2742500,2180000,3185700,17805900,37831600,10087000,42518300,9453400,15170200,13211400,12006200,4736800,2859200,2106700,4730800,2419400,936400,36832900,10243600,20957000,4722800,800400,288000,71190500,1478800,10981500,4773400,17639800,94223200,2265400,60737200,6153100,6116800,12721300,1309900,470800,6254500,5471200,3454500,3487500,1198800,12138000,12540000,41412600,59240100,10996000,15529600,11351100,8454400,41309400,11427000,11201000
2023-10-26,11574400,9920000,11426600,1862600,4882600,1178800,28415700,22914700,1901200,5833100,408100,2731900,1546200,4803600,28642700,24399300,7671400,45233400,5847600,15901300,14513800,12976600,5716500,2968100,2239000,5082000,2875000,2155700,50525600,8869500,28046100,5584100,1361000,318800,78621400,1592200,11457900,4710800,14326600,115156800,1941900,49704100,6963200,3518500,16776800,2742600,619600,8144400,6959400,4133400,3388900,1557000,14799400,17553400,44770400,56046100,15387400,20646400,13662200,10663200,47174600,14699100,16921600
2023-10-27,7650000,28351200,5325500,1051400,4757300,1231800,34216900,24116300,3086000,4639600,947600,2687200,1237100,3459500,42718600,28660400,14102800,35621800,8503800,11628200,11698400,12342100,4912100,2555900,2365000,5604500,3139400,1961600,46017100,10484300,21362800,2040200,1653300,470800,63476700,1972400,19812000,3858100,18630000,107367700,2640900,32362300,3230500,5522600,13817400,2318000,345500,12043000,5638800,4290700,5854600,788700,11386300,16473200,53809400,73057300,13062000,16231600,17587700,10350600,40502400,13566100,15226600
2023-10-30,8166700,25136900,5905300,975900,4617200,750900,30506700,23954500,1515700,6445900,1788300,3188500,3822100,3890100,29729100,34728900,8756400,29094000,5245300,11022500,12261900,14070100,4827400,2538500,1794500,4459800,2956600,1486500,35156300,6721500,20961500,5701800,910400,279500,55298500,1459100,15673200,4816700,15304600,86562700,1582200,45026900,3269100,5929500,14858800,2189500,326100,7041000,5795800,3562700,5051000,833300,10203000,11954200,45530600,48978100,11242700,14180800,12224000,7071900,28539200,15224500,13858000
2023-10-31,12343600,16748400,9248200,2199500,3645800,801800,37734300,18291300,1181600,6625300,983700,2110500,2336100,5454200,23954000,50281100,10104600,42185900,9450600,11574700,10009100,19623200,5397100,3261200,4558100,8151800,2959300,2011600,31533200,12154700,28805700,3686000,833300,396100,47671900,9310800,12723000,3917400,17624900,79665200,5219300,37269200,5412400,4604000,13692100,1583200,376000,5964700,4523200,3325300,2636900,687100,10625700,11162600,37205600,41050100,10540200,10893600,8586400,8490800,21364600,13917400,10168600
2023-11-01,14404600,25791900,9330800,2495700,4546200,915200,27879300,21115000,2630300,7375200,585500,2938900,1457000,5463800,32270700,27122500,9048600,59313100,13901600,22448900,12395700,13982800,6469400,3393600,1854300,5645500,3361100,2403500,44367100,13927900,32111800,3509300,1519400,347200,58992700,1705000,12750900,7362900,25224400,98068100,3244500,72308500,4466900,4143000,13871800,1504400,499800,7021600,5549200,5789300,4182300,2767800,10184900,17561000,46082600,51764100,14715300,20945800,18709400,8343100,46523000,13802600,21669800
2023-11-02,11166700,11970800,8409100,1936100,5356300,639800,33661400,19669400,1789500,7777800,813500,1826300,2615200,6900400,28793300,38056400,7343700,68930600,4212100,14046200,11479700,9414000,6569300,2303000,1626600,4265200,2532700,1449800,50458100,13005500,31295500,4554600,1031500,333200,58162400,2483800,17221800,7828400,12232500,94938900,2869700,69739400,6378100,4191600,11560700,1528900,478900,6450300,4752200,4111600,3523200,1334600,8751400,13101200,45323000,47417000,10739800,16192600,21175900,8882200,51100200,11894000,20069600
2023-11-03,11890300,13721100,7995700,1407100,4046900,720800,41736500,20752900,1745000,7668900,393600,2502300,1758100,4603800,31630500,53456100,8530400,88763600,8184200,23133700,10378000,13911300,5700100,2602800,1450800,6222800,2114400,1603500,57060700,14638200,38496200,4005800,1067400,242300,53280500,1488200,11808000,8024300,21259900,100167800,3444000,77692300,8706700,5054500,12317000,1473500,219800,6394100,5981400,4217100,2398200,1321100,8225300,12129600,47235000,58801300,10001200,15661800,17201100,8575200,45147200,11635600,13727200
2023-11-06,8521600,28039200,7822000,1210900,2766000,629600,32347100,15938000,1020600,5945300,404000,1406000,1175400,6672400,15746700,24230400,8274700,93899100,4440600,11246700,6465400,8983700,7269500,3550100,1417800,3296900,3807700,1313800,35294400,29125500,17827700,3768800,763900,270500,38848700,1157400,10616700,6061400,10278200,67831700,2356100,41341900,12615800,2764300,10769500,1978200,253300,4432100,4007100,2915000,2967900,733300,7206300,9337600,41035400,40599700,6899400,11099200,14663200,7431300,38240000,8425100,11280600
2023-11-07,7306900,6951000,7986100,1861600,2793700,544900,18218400,15747100,2679400,5801700,1005300,1618400,1499200,4084900,24399000,20525900,6795800,50458200,3335300,13189400,7374700,9105400,3394200,2395200,1978400,3054700,2164000,1623900,31168900,13276300,25518200,2453600,637800,195900,50777400,1478100,10370700,4546600,16082200,64256100,1600400,37834200,4256500,7413600,10388600,1351400,264700,5235300,3358600,3194300,2427600,873900,8266100,15016000,47550200,27442000,7244500,13029800,12567700,6579300,37684600,8241900,8773600
2023-11-08,6932200,9180800,6543700,1269100,2787900,799200,18963500,10916500,3458200,6847800,1162300,2296400,1759800,4219800,21912100,25290600,6738300,41143500,4444900,11117600,7609100,10413000,4647700,4494600,1263600,3617300,1960500,2226500,44938600,12539800,26997000,2213600,725000,261900,35663400,1562100,9341100,4422000,14361200,61746000,1835300,53893400,4094700,7264500,10982000,1378200,204900,4398300,3731900,2813800,1948800,772900,8356200,10941600,50742000,30165800,7494200,10722400,10481700,7298000,43295600,10021100,8334600
2023-11-09,9163200,11886800,6979700,1254300,3940700,923400,25631100,14557600,2158700,6913000,490600,2304000,1533100,3749100,27854400,42983200,6486300,62856100,3906000,17067900,9373600,11223100,4401900,2064300,1351800,4047900,3252500,1441700,38577400,9789800,23864100,3049700,785700,243200,53859400,1165900,10171500,6032900,18732000,83174400,2328000,88975100,5450800,4327700,12652000,1520700,196800,4922800,4145600,2771200,2108700,658600,6534800,13878000,38232200,34336600,12232900,14374600,10336900,7336200,32195600,13905500,11497200
2023-11-10,6102000,5556400,4381800,874200,3268600,712700,18540300,12518800,1374800,4877800,350000,2374600,1909100,2457400,22850600,28761800,7606600,35563300,4048000,10674700,6479500,12001400,5098800,3539700,1435000,3673600,2237000,1675700,36121300,6244600,18498900,3537200,591100,293900,58309800,1166600,10023300,3916100,14049800,89462200,2920900,36516400,3684800,3754400,7520400,1652000,205900,3943800,3992800,3303400,1644400,754600,6802200,7248200,34565600,35146100,9576200,13346400,9266200,5969000,28030200,10401300,10312200
2023-11-13,9679500,6166700,6058600,913200,2624500,662200,23437400,11354700,2018500,4932600,306800,1590300,1657000,2075500,19047300,28339800,5385900,37530100,3391400,8930200,6254800,7940400,4431700,2943700,889900,3675000,3307700,2255100,27610300,6600500,21439200,2293000,864900,451800,40733500,1405000,12084000,7360300,11091100,52236100,1329700,25661500,2152800,3075600,7893800,1811800,211800,3791200,2872900,2829400,2233400,870200,6659600,8079400,28447400,28327300,6598000,11725000,8540800,4313800,31159600,11373800,9880000
2023-11-14,12149600,11126500,8237100,1573100,4815500,988300,66042500,21166800,2062700,5383200,291600,2706500,1520100,3827900,30950900,52626700,6831600,68210800,4491100,14313600,12202000,12038000,6410600,3091100,1902800,4063400,2858600,1452300,77611000,11882200,28387800,5317400,1439800,249500,67792600,1721600,11900400,7956500,21723900,97176900,2794300,65666800,2210800,2688500,13479000,1580200,524800,7493800,6973100,4055100,2305400,1048800,9723700,10995800,34724000,54296300,12873000,16508400,13606200,10526900,57318200,11216900,15258400
2023-11-15,10956800,10552700,6793500,1314500,3149400,599100,43281700,12980000,1301900,6442900,490600,3966000,1568700,3816300,20491800,58100300,4909400,44022800,3748200,12969400,8244100,16290500,5753700,3390800,1854500,5462000,2738200,2048900,59641400,9697800,23895000,6253200,1038100,397500,54141400,1882300,9096600,5069400,18585600,77327600,2358300,56205300,4611800,5002800,17284700,1450800,318500,6033400,4414800,2819200,1766300,1006200,11710600,9819800,33043600,35000200,8516300,13147800,10618900,7168900,49662800,9262700,12388800
2023-11-16,10145400,7802900,5623900,3465600,3848000,574100,22868300,13769700,1155400,5943000,364400,2047300,2005800,3018700,26581800,77727600,8253300,52928200,11087200,10375600,6095200,11129300,4872300,2457600,1390400,3578400,3132200,1159800,46616700,6178800,21223000,11004700,1004700,271000,45343500,1522300,10950600,4086500,20259200,66665800,2540100,49473900,8104900,6745900,9361200,1369700,247600,4879800,3798900,2754500,2579600,871500,8660000,7165600,53166000,33222500,8611100,11553600,16536300,5026800,34650400,7665900,12287400
2023-11-17,9244000,6783200,5657300,1241100,2059200,472900,28460900,14314300,938000,5164600,387200,4081600,1901200,3077700,20850700,50450400,4871100,44272100,3852000,8462000,5444200,16039500,4034600,1942000,841500,3208800,2997000,972000,43418700,6776300,25810200,9526300,848600,283800,46571900,906900,8777100,3381800,12296000,83133200,2073700,44091400,7727200,5921000,6926500,1541700,141700,4379000,4696200,3123700,1831600,722000,19053100,6890000,48850800,31336100,8034400,13277800,10761100,4417300,23879000,6766100,8921000
2023-11-20,10051600,8494100,6959100,777600,2904300,711200,35801100,10334700,1112500,7476200,170200,2005800,2346000,2486400,26622100,38809300,5389300,30846200,3418400,7481200,5844800,9894500,3860000,1600900,1197600,4520700,3729300,1729100,26665100,5392900,18529400,3535100,784400,1082200,44429600,2028900,12552000,6247300,9559600,69936200,1511500,40477800,5049700,3985400,9554400,1810000,283000,4225000,3517600,2875600,2175400,969400,8716600,9634600,29093800,37285400,7338700,11116200,11651300,4228100,28316600,6910000,9285000
2023-11-21,7393800,13067100,5737800,642500,1849500,569100,20929700,12300200,1138000,4413800,353000,3542300,1160900,2048400,16167000,28713200,7322400,29493900,4190200,9153300,5995900,10627200,3721900,3206200,1339400,3133200,1977000,1450900,30457000,4636600,20273200,4236900,626000,339500,43337000,1172600,8789100,2590400,15213000,49244600,7051400,27721000,7877900,2543500,7205700,1247400,183700,3703600,5248200,2513800,2959100,1324700,7471700,7363000,26973800,27285700,7676500,13350800,11681400,3300600,20288400,8373000,7603600
2023-11-22,6329900,7626700,4949100,850600,3486200,544800,20006500,12162900,1227700,4539100,281900,2551200,1900000,2336800,14277300,23136600,4337700,40866800,3600100,7255100,6629000,9126900,3379600,1864700,1009100,3391200,2197200,800100,28940900,5564900,18588000,2837800,929300,271300,44121000,1110400,8541000,4803300,11143900,59394900,1395400,31197500,6273100,5283900,8971500,1428500,163700,5280200,3692800,2880400,2719900,747900,6353500,7523000,36547200,32719200,9059700,11213400,8862100,4951400,17919600,6737700,8963400
2023-11-24,2944300,2839000,3534800,391300,1245100,305600,11365000,8083500,593500,1370400,95400,1232900,1357400,1215100,9097200,16130200,2445100,8536200,2195200,4125800,4195000,4561700,1516300,673400,364900,1306500,1489700,666900,13846900,1532400,6391400,2640600,336600,100400,15718800,328700,6213000,1575200,10803300,29737400,498200,20199600,829600,1453900,4556000,817500,52200,1893600,1351300,1219500,952400,447800,2391500,3689800,19152600,13168500,4439200,4193800,4500800,2620300,9798600,3708800,3483000
2023-11-27,8854500,9166000,5257000,1032500,2532400,845200,22925200,10365000,921500,4047000,163400,1749000,863100,3574800,15033100,24845900,6320400,31007400,3471500,9539800,7275100,11054700,3545500,2235500,818900,3092000,4714600,1901300,30665800,5819300,17919500,2809500,675200,336200,34139700,1004000,15677700,4004100,19785600,50506000,2231700,39804400,8135900,4633000,10489700,1924300,168000,5790800,3632600,2410000,3961000,1031800,10166800,6524600,24501800,35017000,9157900,8420000,11746800,4648900,24833200,10530200,7299600
2023-11-28,9749400,7244700,7051400,1112800,2759600,911200,35006700,11129900,1686500,4405400,207100,2420800,997000,3722500,24372200,32291400,10901900,44031100,6862500,13563300,5623500,9658100,4868900,2917100,796100,2447800,3826300,1055300,28350200,6148400,21320800,4648200,1042200,354800,35491100,843300,11078700,20921000,17064400,62115000,3241400,44989300,8374200,2508200,8909000,1284000,259800,5811300,3382400,2761900,5291100,734600,9536100,6996200,28921800,39329300,7976000,11012400,8562300,6450900,29415200,6261300,11974000
2023-11-29,8006800,6942200,7615800,972200,2736300,898400,26049200,10462200,1147100,4010400,1511000,2934300,1576400,4689400,22256100,43465200,8407300,48815500,3950600,19075400,7057600,9164100,5779800,2531600,1013900,3979700,2680000,1396800,31590200,9195600,20661800,4071400,1048900,277000,38811700,1055000,10791000,4423100,16675200,63146000,3617200,61647800,10632700,4573000,9916700,1742500,210200,4605400,4092600,2653700,2156700,918000,11069500,6244400,45268000,36651300,9101400,10765400,9873800,7941600,35806400,6979000,7659400
2023-11-30,8889100,18629900,9880000,1769700,4094300,802000,30482700,19444200,2223700,6671800,5553700,3175300,1656500,4353800,25073100,34792900,7558100,55047100,4804300,18446700,10333100,16555700,4775500,3980100,1532800,4075100,2836000,1175800,32216800,8173200,41950900,3829900,1431300,433800,52834400,1462900,9611400,5204200,14364300,79752700,6295600,60520900,8373400,9702200,9636900,1671000,263900,4118600,4405700,3148000,2473800,821800,9398300,11482400,58364600,37334500,14101600,13744000,11803600,5804100,30483600,7743100,13023000
2023-12-01,11774300,21247800,7643500,1399700,5852500,847400,27140200,21091900,2799100,4504400,1126700,2376700,1815500,5116100,22189600,49155300,16727600,60321100,9148700,21393200,11389400,14325600,10053100,2996000,1515700,5396200,3446300,1432200,64221300,9126200,27733500,3490700,1622400,501100,40490100,1171000,13222500,11831100,22107800,89183400,5444600,64172200,3668700,4354500,14005700,1712500,181800,7182800,4973600,4078700,2535200,977800,9284800,16782800,43048000,51267600,13279800,13992200,13490300,7274200,29342800,9370900,14955800
2023-12-04,9440200,15503000,11164600,5278400,4211000,757900,28074900,14778700,1327700,4531300,342800,1860700,1593500,3128900,18826300,39855900,18460500,33105700,10871900,16402000,9911500,12853900,12247800,4106500,1634300,4123600,4024700,2024400,44862600,3905600,28914300,2795100,1133400,529100,51186900,986000,12940800,4431100,30668300,72430900,2523700,33766300,2648200,5104000,10810000,2214000,550300,6740500,5806100,3837800,2835900,1117100,11018200,21230000,37070200,41366600,11010900,18221800,11386300,10359500,30515800,6943900,18477600
2023-12-05,8850600,6463400,8393500,1557500,5372700,981500,25462300,17529500,1323100,3818100,351500,1528000,1844600,3223300,15420100,39972900,7027700,32466500,7458200,25452100,7593800,19425000,5405300,5326000,890600,4553400,3021500,1070600,36873500,3877300,33315200,3263100,960700,316000,42933000,1313500,9987900,12180000,27205100,69793500,10909800,73588600,2738400,4833500,9365600,1381800,711600,6149900,3419300,3019000,1977800,784400,8508300,17533400,37747200,39510900,10056300,10841400,11565900,7758300,22536600,6581000,7822600
2023-12-06,11111200,6941700,9365200,1913900,5583700,727700,23069000,16547400,1221300,6475100,243900,1458400,762300,2921100,12705500,37869100,5778600,21297200,13756600,14023400,8276200,15999200,4820500,2999000,2898300,4045600,3034000,1277800,43637900,4271400,22544300,2605200,832200,234800,41994100,1626600,16391700,6794600,13374500,69124700,3262400,61606100,2177900,9506200,9458700,1389000,814600,4405000,4201800,3172900,2017900,803600,10089300,16910000,62306600,35616100,8336300,14731400,11008700,4832200,26817800,6210400,12228000
2023-12-07,7157900,7369300,9876000,1502200,3295600,738900,19735000,14513200,1864800,8769600,423700,1285900,980800,2767800,14264400,21679500,5802000,27779300,4702400,13730100,9721500,10039500,3465200,2116000,1375000,6440900,2890200,1406000,32662300,6103700,20253300,2916900,774100,218200,49593500,727600,9737100,4977800,16758500,66995400,2956600,47970200,1983400,4561900,17301000,1617400,299200,6631500,3248300,2724300,2046800,831600,7593100,8559600,40908800,26050900,8457600,13928800,8460000,5663100,21876600,6396700,7380200
2023-12-08,6696600,5730100,7349900,1366100,2930400,566300,25195400,13323600,2214300,5921300,281400,1739500,944500,2245500,13372300,31181000,7883200,30123200,6003900,13825300,8136800,8311100,4296500,1896300,1203600,5019300,3410700,965700,36087100,7106200,21624200,3990300,579900,200700,46687500,949500,19341600,3367800,28746500,83194400,1657400,44809200,2365200,4055500,9501400,1406000,267000,3416900,5125300,2741500,1939300,753600,7744300,8247000,34127200,33213100,7150000,12808800,8191300,4873800,24002800,6007600,8096400
2023-12-11,15008700,5613500,12895800,3260700,3673200,1838400,20426400,12372000,747300,5440800,742800,1370600,771900,1918600,12357800,28928500,8519500,30141700,4519400,10484600,7026100,9897800,3307200,2536300,1727100,7102000,6841500,2774600,29302100,4797100,17714600,5448800,957900,321800,41198000,1890100,20164200,2963900,22883700,65002200,1898300,33909700,4770100,2589200,13939100,2272200,168700,3143200,5247100,3076600,2958300,828400,13378300,9205800,29344200,31165700,9380200,37795400,16192800,4871000,22448800,9016800,18892400
2023-12-12,11711400,7885900,8052300,1983200,3239600,726800,20278300,13210000,816200,3133900,313700,1574800,837600,2603800,17329400,33847600,5056900,29203400,3458200,7248000,6907600,9074300,3495400,4212500,1517200,6803300,2323300,1232300,32024000,8280200,22111100,6537200,702700,258600,39221200,3530900,14730600,3268600,12118700,68327600,1860800,36996900,2215300,7103800,11187100,1278500,218300,3158400,5982600,3214900,1860200,854700,10349000,20435000,45386600,37245700,6524600,15055400,8764500,5580500,21768200,6779000,7411400
2023-12-13,11194400,6781800,7172600,1613700,4304800,831100,42607800,16760700,1791600,5657400,391400,2894300,1313300,3452000,38784300,37522600,10635500,64201300,8152900,16155200,7296300,14719700,6609700,6846900,1253400,7733800,2851000,1449000,69484800,8382700,33623500,4744400,1238800,273900,55408100,1079600,12121500,10843800,35068000,93278000,2778900,70828500,2612300,3575200,12136100,1413400,1220500,5649600,8659100,4231100,2808400,838600,11221200,16392600,46445600,56989000,12976800,29395000,14052700,7112400,43452000,9074300,10898400
2023-12-14,12651200,13475400,9105500,1872100,5507000,780600,51998900,21959600,1934400,12694800,662100,2971100,2885300,4700900,38632900,43377600,9107200,67220400,5091300,32373200,11589700,17492100,7162300,4338800,1637300,7208400,3116300,1726400,83649300,9342500,28202300,9270800,1074700,489300,55447800,1660200,14745900,9304300,21384100,119026000,4948700,87798600,3401000,5062800,16856900,2098000,818400,6918500,8349100,5014500,3021100,1024000,13440600,12713400,60717400,66865700,15473800,15427400,16056700,8647400,64968200,10098700,15288800
2023-12-15,10079100,6917600,7996700,1734500,6948400,941500,37110300,22420700,2046900,7283200,535100,4089800,1968800,3331000,40703700,37643600,8324800,36336400,5048300,9407100,8283300,16195900,6910100,2937600,1826500,6819900,3387800,3204200,74160700,7087800,17904100,5106200,1495100,354800,62896600,1461600,14744400,7178300,13078000,141553700,3185200,59941300,3389200,3451100,18248300,1682200,554400,7666400,5326000,4298600,2377300,955700,11128700,10811200,46366400,69246200,13800900,18131200,17434600,8011100,53129000,8296600,11258200
2023-12-18,11521000,8910900,6144200,1844200,3403200,828600,37419400,14409900,1548100,5017600,395800,1900600,910800,2963100,19355900,39194300,5358000,34793600,3414700,8634100,7719500,9323600,4599200,3077800,1444200,8393500,3807300,1419500,44451100,5908900,19714500,4907400,968400,249100,46610000,1034600,12961500,3760500,12927400,70375300,1608200,34746000,2515000,5558900,10386200,2383600,723500,6353800,4280500,3855100,2565100,962600,11145300,8052800,42447200,43434000,6977200,10138000,11816000,6638700,32507000,5944300,7719400
2023-12-19,13787100,6977300,6924100,1829600,3749200,645100,33688600,15551800,1099600,5975500,329300,2090200,2442600,2279800,36926600,35574000,6025600,25269400,4220400,9047100,7045400,13851600,9177100,5379200,1409700,5105400,2443900,1454700,52156200,4371100,18086800,5778700,635300,200600,35711900,3666000,10315500,5159300,12752700,55761800,1624700,30018400,2645600,4039100,9253400,1378600,554200,5786900,4061500,3731700,2267500,857900,9147300,7285400,36862400,32509000,5249400,9003600,8283200,4681400,25377800,6358200,7194000
2023-12-20,9994100,8098700,7496100,1439100,4564700,959800,44766600,23019200,1062600,11485200,516800,6425000,2305300,4834500,30131100,50314600,6002400,38376400,4208800,12659100,10995100,17960200,6468600,5566600,1294400,6341600,2097300,1182700,62360300,4538700,23942000,10883900,965200,361000,54042400,1358200,10764000,5164000,12523600,102921000,1843200,51229400,3456100,5252100,15779900,1575600,482900,6072600,5783200,5149700,2639100,1006200,16805400,9358800,39818200,52985700,8329600,13734800,16705400,6513500,36651800,7299000,8621600
2023-12-21,9099100,5055200,6912600,1352700,3837500,746900,33402800,15837400,1129100,5742800,247800,3672800,1465900,2925900,19069400,49913000,4620000,22861400,3816900,8939700,9082200,10760800,4325500,4118200,1708100,8863900,3844900,1048400,38613400,5366600,24168300,8862300,849900,199600,45568900,1062100,9560700,6662900,17063600,86667500,4795900,65231200,3040900,3290400,13337700,1598600,329100,4430000,4621600,4427000,3323100,1172800,15129700,7544400,26062800,27522200,6962100,11336000,10971900,6684700,31753600,5606800,7855000
2023-12-22,13234700,7471600,5890700,1397800,3330700,768800,17082900,12184500,739300,4500000,291100,1616500,1361700,1898400,16014400,53062300,7176300,18048400,3939700,4956400,7607200,13097400,4237200,2254600,1590300,4267600,2599800,1669600,39173800,3523900,11037100,7499200,934300,191300,34314000,993000,9598200,3387900,17235800,67160400,1187800,29244200,2467700,4301900,12007600,1178400,570600,5100300,4037800,3662400,2113900,965600,13387300,5386600,25037800,30331400,5500100,10215000,7831800,4929100,26447400,5355100,8522800
2023-12-26,5418500,4638800,6394600,1252200,2217800,656600,16173200,8915400,839100,3942900,383500,3202200,1328900,1926800,15982400,26351200,4502700,12374700,3389700,3342500,5142600,6974200,2873900,2226600,1206500,2235700,2949400,941700,26879000,1668800,5816000,5995700,513700,135000,22722500,778700,10798500,2503100,11861700,55387000,1307100,24019700,1468000,4996900,7301600,1525300,178700,4336600,3835800,3829400,2242300,687700,12500800,6731400,25983400,17837600,5181600,6207600,6915800,2537600,19075000,3688600,5480800
2023-12-27,6919900,4717700,7467700,1372600,3061200,881500,30120600,13103800,1031700,4275100,339500,2128600,779600,2629900,18672900,36421800,5813300,22835300,4250300,7362400,7305500,10642300,5578100,2620100,1190300,3761000,2524600,1332200,35806400,3698100,13646400,5423900,520400,241100,31980500,1057400,10449000,2584700,13898400,68000300,1472400,45082800,2825900,3785600,9921200,1800900,472700,5383600,4271000,5103700,2183300,861600,9863800,6819600,20238200,32640800,5893900,11764600,7566700,4006300,18984400,5444100,7495800
2023-12-28,7172200,5605100,8166600,1145200,2620400,931800,36660400,16832000,906300,4144200,370000,2461600,1086600,3135200,18399900,45978300,6171500,22648100,3614000,4858500,8587200,10092200,4819200,2786600,1169400,3429500,2260400,1117300,28930100,3349300,14288800,4833900,568900,288400,27029200,1089400,9972900,2408600,11257800,77158100,2011500,36213000,2211900,5754500,11909200,1490800,241700,3879100,4703700,4099400,2425200,1009900,11344600,7214000,26198000,25308000,8240700,9615400,6466000,3764800,17346400,5800200,5608800
2023-12-29,7327600,5588600,6939800,1781200,3364400,584800,48758200,21346400,1128700,7236500,318800,1884600,1717900,2268500,9429200,29996300,4612300,36993900,4877600,7820500,7727500,9046900,4730400,4500000,1805100,3990000,3275800,1189000,41496800,4821300,17956700,3253200,1012900,503700,42662100,997600,11581800,5075600,13161200,122283100,5159200,41616200,2386600,3305500,10489500,1419300,259700,5331500,4376900,4188800,2533600,860200,10314100,6992200,24345400,30218300,7936300,12190600,10412700,5777300,22478000,5590000,8268600
2024-01-02,9754400,9445500,8334200,2421600,5776300,927600,20839200,18177600,1970800,6828000,695500,4126400,1978800,2965200,24856800,45905700,6025600,41547100,5501500,9444000,9527200,9409100,5473600,2839200,1423200,5185100,7014100,2814000,44341500,6452700,20622000,4159400,1062100,718700,58026900,1070000,20586600,4983500,13277800,123623700,2635700,47797400,2489000,7908600,17117300,2861700,370100,6057900,9076000,4847600,3190300,1371900,11730100,19924800,39301800,31351900,8558700,23545400,12912000,6591500,30758600,11785900,15369600
2024-01-03,10002100,6793500,6477200,857700,6393600,549800,32220700,18637700,2066300,7952800,652500,4850000,1227200,4219500,23272600,38481300,8661600,39495500,11331500,11040500,7783700,10155700,7970300,2744900,1895200,5996000,3177800,1243600,57532500,6921500,35384900,3616900,1528700,269200,47002800,944400,10899900,4336500,26373800,103585900,1920700,58159500,2638900,7136800,12564000,1673500,184300,5159600,4805000,3925500,2862600,1285800,9683200,23358600,37936000,46909000,18631200,18190000,13979700,7424500,32866400,9585000,15522800
2024-01-04,9896600,5840200,5056900,734000,4251900,586100,20922700,11977100,959600,3649500,411900,6457000,1264900,2893000,17008200,40730000,4416700,32856100,4091300,7354800,7027900,8399700,5645900,2338500,1618400,6198300,3380800,1415600,43114200,3843600,43111300,3790100,839100,300900,39432800,1251500,11936700,2923700,11972000,84232200,1897600,52604500,2250200,5001000,14931900,1252000,383600,5609900,3945300,3681900,2678200,950100,9929100,20424200,42049000,36904200,10715900,12127200,10865000,7180300,26622400,11649200,11915000
2024-01-05,9038700,4991800,6223400,800800,5381700,566200,21875600,20636700,776500,6507600,464100,3069800,2192700,2672400,20393200,38718600,7481900,31158500,6061500,10001000,7268600,10187600,4304600,3185000,1609000,10429500,3267000,1729500,40964900,5797300,24385500,3828500,1289700,277200,44922800,1067600,10662300,8105400,21401800,86118900,2040600,45894800,2170200,4996500,9963100,1619200,477100,3805800,5724600,3305500,2608400,964600,8938300,14692800,34029200,44852300,7888100,16350600,12802800,5770300,27190400,9437700,12084400
2024-01-08,7946500,4889900,7937500,760800,4604900,754900,16208600,16250100,1289400,5785500,247800,1470800,1012700,2027600,14099600,45391400,6215000,33479100,4861400,7044700,7822300,9115900,4099800,2424900,3488700,8460200,4554600,1719200,31545400,4572200,29182300,3123400,919300,195500,42473800,1165900,13774800,4654900,9527900,74879100,1399400,39485800,2465500,6270300,8156500,2186500,309700,5372100,7222400,4156600,3187300,1018700,11027400,10366200,47218600,39098300,10855900,16434600,9409000,4812700,23434400,7999400,8142600
2024-01-09,7157400,5080800,5649400,736200,3230900,356400,31344300,10218300,727800,5218800,316300,2861100,1252000,5722400,18415500,43389100,4437300,25593500,4676500,7360800,6206400,10729200,4427000,2778600,1687500,5361200,1841400,1073000,28998700,5452300,55126300,3116800,1056000,311800,39132900,877500,8764500,5227400,10772300,65931400,1535600,34374000,1803700,4394100,13219400,936600,306400,3819000,7939600,4524800,2727400,1099700,13068500,12910400,33750400,36338100,8452000,10633800,7838600,4134500,28805400,9201300,8330000
2024-01-10,7679400,8798600,6578400,754000,2718700,406800,20149400,12191300,1016600,11832800,478200,2376200,1000600,4208300,14039500,35950600,4504700,35702800,4666100,9212700,7674200,9561900,4680600,3357600,992800,5500300,1927300,950900,35075200,8315800,32323500,4002000,662400,282600,33962800,1512100,17371800,6432200,12093700,67310600,1427300,48227800,1682800,6307700,10542900,926300,283800,3649900,4278800,3343400,2336900,793900,8019700,8202800,33159800,37095500,9109100,9785400,11113300,4498600,21853800,9773300,7624400
2024-01-11,7275900,5947100,7537300,1491100,4095700,1190000,24682100,16434300,2574400,9210400,826400,4648000,1464800,3780200,24130900,36648800,6831100,35947100,6380800,10305400,7955600,14206800,6278200,2478000,1507500,7450200,4309700,1757800,48939200,8059500,50960900,4658300,1322600,266900,54536200,1142800,10072500,4904100,21816100,77940700,2352100,78858900,2771700,7436400,12648200,1319500,737500,5512700,4796600,3375600,2835600,823900,12870600,8542200,38588600,49043500,9081700,13296600,9507800,5151900,44353600,7182300,8592000
2024-01-12,6359400,5049200,4461200,673700,3816700,402200,21605800,11329300,698500,9227000,313700,4830400,1053400,1421100,16998800,35115400,6833700,31155500,4331500,8469600,7062500,14378300,3378600,3272400,1284700,3797300,2386800,1170300,42992100,4919600,30479000,3522200,844000,236400,39595000,720000,10789200,6809700,18914500,58026400,1741200,38883900,1862000,7198800,7138500,1467400,116800,3070300,5182700,3053400,1779000,784900,7892100,8267800,38769200,41333900,6631000,8834600,7712800,4393500,19537400,8026400,7444400
2024-01-16,14489800,6485200,5724700,709000,4471600,1392600,44484400,19802700,1117200,11987500,862300,4528900,1678400,3547500,26929500,63424100,6548100,43669900,6529800,9847100,10475700,16207200,4203800,5433400,1533700,8024500,4622600,2182800,42213000,6187900,27124600,9380000,1494900,296100,43903000,1311800,14806500,8427200,16953000,85014900,2383300,61716700,2531000,4904800,14475600,2212600,349000,5125800,5730800,3646700,3003100,953100,12668400,10552800,36031200,44042100,10834200,11775600,11566900,11100100,30454000,7426900,8976200
2024-01-17,8977500,5915700,12370300,570700,4361000,618300,50591600,16381400,3637200,10639400,1018300,3630000,2066900,4157900,22320500,58520900,8643200,54160800,4914100,9170700,9759400,20825400,3860200,4190400,1069000,8311000,1844400,1259700,37787700,5805300,34414000,5656300,1092300,342800,54386000,1230300,12843300,6717400,18249100,68843900,2933200,55506800,2383600,4463000,10354600,1073000,345300,4898900,6044600,3336600,3062300,745500,15727300,9287600,39284200,38715900,7604700,14109000,9641400,9752000,39178000,8337200,7961800
2024-01-18,10575100,5270500,6086200,408300,3953400,729300,31884600,16391400,1526100,11142900,947000,3898100,1597500,5263200,20875100,42409800,4685200,34837600,4755100,8910100,8461900,14894000,4142000,3679200,1893000,4871700,2849800,1513200,41760000,5007400,28325100,5033000,1104200,476400,59562500,1928800,10711500,4490300,10585900,91856200,5550300,77339100,3291800,4685900,9243700,1341900,930400,4537800,4331300,3509900,2360200,1205300,10678200,9320800,35705600,42064900,9060600,18918800,10548800,6142100,39464000,8929300,9926000
2024-01-19,9126000,5444600,7883100,559900,5218600,604200,31372000,15792200,1589200,11186000,813100,3671500,1650300,4058100,22034500,54982200,5719700,44359700,6115300,17711100,7225700,10290300,4546600,4018000,1483300,5475100,2468300,2035700,63338300,6425900,25621500,6784800,1173600,539000,70325100,1213400,12286200,5469300,12574500,110834500,1461900,47030900,2303200,4668900,9932800,1527700,264900,6188700,4836800,3850800,2051500,882500,9934800,11653600,39940200,59417700,10355700,18333200,11309600,7967800,28257600,8842000,9782800
2024-01-22,8712600,6114000,10321400,575900,5433400,823700,25753700,15424800,1841200,8696500,1098100,2248800,1673800,2629200,28227400,53020800,4397500,36758900,4290300,9831500,8533700,11580400,4651000,3527900,1166000,7017000,3399700,1740000,42379500,4349200,17679900,5515600,1485400,640100,44880600,1338700,13368900,4607400,18292200,75844900,1443200,35756400,3163600,4992500,11607500,1739000,170500,4203000,5870400,3952700,2346100,1276700,10555600,10785200,30136800,51828800,9912900,14969000,15078600,5850600,41676200,7831400,11184200
2024-01-23,5642800,4961800,6840400,442400,3110100,443400,34710400,13575400,1274600,7538600,573000,2648000,1633700,2620400,20000400,104313600,5040800,24561500,3935300,6428600,8279500,8542400,8442600,4543200,971500,2839700,1274400,1509700,42471200,6349200,25439500,6993900,999600,1335100,33003800,1184600,9414000,3355600,13096700,49945300,1191300,35786700,2233600,3164800,8069900,923200,169700,4821800,3251600,3015300,1928000,827000,11831400,7891600,24709200,46255500,10275200,13263800,13859600,4549800,41100200,6407400,7107200
2024-01-24,11278500,6486100,7483800,866700,3967200,743600,38215800,16314600,2033200,15995500,511700,8833000,2102300,4671700,20003800,90702500,6085400,27623300,6266800,9718000,7621000,13861400,4685500,7677200,2371900,5547700,1659800,2210900,41120100,4486600,26828300,18850800,851300,536100,46948000,1262700,13708500,4708300,24238800,81765000,1282300,54574900,2391200,4857600,11566400,1045000,308000,3265600,4568200,3003000,2780100,1115200,11096700,10317800,33841000,43975500,9638600,17651200,12290500,7349500,50878200,9104900,8622200
2024-01-25,16521600,6059500,8361100,1600400,3539100,551600,23157000,15268800,1307700,11018600,776100,3504000,1589600,2970800,21268600,49794700,4651000,48268800,4637800,11588100,9069800,18633100,3538700,4583600,1696400,6638200,1384100,1389600,37659500,5285100,39484000,4215500,739400,1033900,44367200,18640200,12179400,5493200,15755400,72525000,1717800,57019400,9986300,4979600,13899200,1078000,449500,4394300,4167100,2993900,2132300,866600,8637800,9734400,37609400,50693800,9898900,17071400,12160900,6601700,50516800,10050200,11092800
2024-01-26,5022800,5612900,9120500,517800,3221000,497300,21031500,16478600,1289600,6299800,422100,2199000,1520200,2571900,21603400,27056400,5064800,26232800,3288100,9134600,7086800,10095700,4066400,2127200,987800,4097700,1704200,1763700,33478600,4925900,26642300,2834500,578900,268700,37137000,3662400,11016900,4654800,7980600,76641600,1706300,29276900,2579600,4822100,8717100,1042200,353500,2783200,6404000,2858200,1769600,781000,7775300,7799400,36469600,38620200,7031100,10553000,7432800,4398000,36653200,5759100,6977800
2024-01-29,6423600,5646100,7677600,1579300,2730900,757400,24133600,13341500,938400,8571500,259700,2485700,1158100,3818000,23422300,57037700,5629700,25924900,3503900,6947500,7975500,10907500,5290800,3077200,1061800,6073800,2490700,1549800,29234400,4786000,27060700,5345300,717700,267900,38694700,2663000,11151000,3344700,14309400,61322800,1275600,38243600,3831800,3444900,9572100,1843500,237600,3591900,4543300,3463400,2220300,998500,12469700,7125800,29680600,44175600,5849900,7639600,9321900,5724200,26054400,6229600,7381200
2024-01-30,6740000,30704200,6688100,941200,2747900,386200,22928200,11708400,855000,8448000,308000,2720400,1768100,3851700,25714800,44870000,4976500,32486600,4125600,7265800,6674400,7986600,8763700,4162400,1374400,4494600,1202600,1525200,33121200,4222100,30459200,3558000,654400,533900,36739000,1571500,7753800,2345800,10734400,58618400,2152100,40151400,1865600,3559200,8228500,841400,439500,4580900,3410000,3098900,2195800,983000,8527000,10851400,35341200,43229300,8300000,12251600,11058900,6931500,36109000,5940300,6274400
2024-01-31,10829000,10964400,9916600,1305300,4476600,461300,37689700,23907300,1646900,11841400,686600,5169500,1748300,5137800,28536900,45460100,7886100,55548900,9428800,15778300,11637400,18057200,4647900,6993400,2319200,10650500,1774300,2320300,68126700,8741500,44733000,5526700,2359800,433000,64010600,1592000,12526800,7413100,19870400,126011100,8965800,80646700,4320100,5073700,14542800,1097100,485400,8892900,7108000,3884500,2632700,950100,9833700,13478400,38580800,65780900,14462300,16295200,17220600,11580700,59642400,10223100,13663800
2024-02-01,11937400,14759200,12060800,2388400,3652500,531400,22048300,17189400,3587800,8340200,1249700,1638700,2707600,4518900,21427300,37141300,10278100,48019300,6332000,33372900,14525700,10461700,4456400,5987900,1233200,6417100,1809400,1550400,59479000,7185600,42478500,3518500,1106600,559700,51008600,1645100,10506900,8288100,28714400,91891600,2966600,84291200,2887500,13358700,12761000,966000,416200,8950700,6138400,3986800,2434600,1199100,12720700,19793800,51101400,63445600,13946100,14303400,20588700,10887000,51507200,8503600,14682200
2024-02-02,8422500,8157700,7820000,1235500,3344800,451600,29803500,15579800,1608000,8473400,483500,2493300,1565700,6471500,27615900,46787000,7337600,42727400,6094800,13809200,7944400,12571000,4571500,3042600,1537700,4709200,3315900,1465100,52839300,7061100,39604900,4990500,1234800,674100,59602400,1876800,10705500,8260700,24324400,99228200,3070100,63823300,3117800,5659600,11569700,1035900,424000,7935800,6253500,3876600,2582900,1069500,10067300,22920400,38075000,61778400,12830200,12872200,23158000,12844000,51839600,10629200,20763800
2024-02-05,7656800,6923400,7577100,837900,3761600,473700,26934900,15617900,1207900,9790800,342500,2012700,2209900,3185200,24221100,46742500,5436100,51908600,4479700,12147700,7418700,8774300,4213600,3863400,1066600,6850200,1775900,1588900,39751900,7441700,39266800,3355100,927300,649800,39889200,1646200,11640300,5968500,16531700,75757100,1869800,53827400,2852800,3284500,13406300,981900,390600,6269400,7101900,3324800,2560200,1020800,10195400,24886800,31593600,37351300,9536700,10086200,14564700,8668200,39895000,9631700,13346200
2024-02-06,6608400,5037900,8310500,790900,2507800,458600,41288400,13886600,1258400,9294500,421500,5181400,2541000,3883700,19310400,120725700,4866100,32948200,4402700,9327000,8012300,7976200,7213100,4130000,1399300,4469400,1066500,1075900,34689100,6262000,26095200,6308400,791800,1227900,35846100,1181000,10884000,3603400,9007500,55918600,2163600,33411500,2640700,4413400,12103700,775400,269800,5482300,4383600,2568400,1798900,755200,10777600,19053000,28056200,41055700,8722800,12677200,11224200,7866800,27557000,10159000,9373600
2024-02-07,8785200,8475400,9257500,809900,2797600,472500,22270000,10485100,954500,9171300,357100,3054900,4344800,2740300,14809700,60542700,6276900,42954100,10268500,8619800,6645700,9328800,8498900,3684000,1043300,5625000,936400,1504800,31713900,5663900,23574200,4591400,753900,366600,37712700,1295100,8478900,3044100,12084100,70556500,1489700,40120200,2028800,5234200,8819300,806800,555900,5074200,6763400,2305700,1805900,946100,9253800,10820400,26920400,39018700,7557100,11365800,7544100,6679000,23748600,7884600,7796400
2024-02-08,12446900,5406300,7987500,1125100,2549800,399200,23485800,9578500,1597800,6381900,1088500,4808200,3087600,2802700,25990300,57766100,3873300,25548400,6003000,7808000,13847100,9848000,4466000,5477200,1375200,4063000,1409600,2242700,35370800,5003100,26063900,5766100,429200,504400,29889900,1232700,7434300,2233400,16547600,52343600,1603900,50087700,1351100,6147400,10014100,796600,415200,3697200,4184600,2668200,1982600,1124500,7914500,6798600,36201000,47331500,8532300,9948200,16287600,4517700,41755400,6672400,8100000
2024-02-09,7120500,5087000,5940700,601700,3526300,427600,22416400,11001100,1126700,7062200,400800,2416800,3668100,2329700,19676200,35134500,4412600,33951400,5216900,8492500,6378600,7028000,3706800,3825200,1025700,2628800,1374700,1130800,46107100,8006100,19029200,3502500,828800,429100,36943900,1018700,9789600,2523900,10620900,63979400,1506700,27951300,2343600,2761600,11254800,1016000,211300,3478100,4002600,2367700,2089300,786700,8825000,7636600,38073400,50680400,10106000,11612200,20698800,5515700,29647800,7447800,9584800
2024-02-12,5696300,7216800,6063000,569000,2412200,463700,33026500,6911500,1315300,4820800,410700,3342000,1864800,5135100,14479500,55858200,4706300,36249100,4698700,7023600,6279200,9342400,4422900,4141000,1166800,2628700,1605300,1848300,43291000,4691500,30378900,3732000,679700,1107000,33203300,916800,9979200,2730500,11006500,56502300,1134700,27890300,1358700,3839000,8598000,2063300,451400,3949000,4564200,2769700,1793700,1141500,8682500,6796400,25893800,39952700,8383200,10753200,13422900,5376400,25219000,6645500,6040200
2024-02-13,15872600,7655100,12938800,1222200,5325300,668400,42252400,14942500,2183400,6513600,359600,3676700,2211300,5663400,33561800,55166600,9525800,69904200,6273200,11978400,10031100,13084200,6297400,5275300,1316400,5465600,2147100,2291000,86247400,7445000,41494100,4904300,1423200,850000,64491700,1166800,12654600,5284900,22824200,113099200,1771000,49768500,5512500,3632000,19980800,1036800,219200,6203500,8152200,5832600,8312600,2873800,35414600,12864600,41156800,62948300,14054200,19459400,21640600,21419000,45402200,11170000,14801400
2024-02-14,8776900,6028000,6915700,696000,3465200,492500,28923100,13248000,2066500,7384000,352200,4420000,1521700,2641300,26961400,57004800,7031600,38603100,4572300,8979600,9028000,10644200,4223800,4100900,1029900,4673900,2991200,1263200,43808000,6055300,41932200,4842000,805300,730800,45092700,1076800,10551900,5431500,13085100,68387800,1606700,44191600,15329000,4632500,10455600,634800,687500,5264400,5624000,2606900,5013700,2158900,9530700,8762000,40894600,58722500,11889500,11791600,15191300,14186400,34871800,9701100,11561000
2024-02-15,7194500,4800600,6733900,791200,3497200,451300,27273300,14128600,857700,8261900,320800,4307700,1427100,3214600,20771100,39066000,6228900,44319900,3728300,6788300,9119400,11586300,4546500,4124100,1122900,3963900,3218400,1642500,44931900,5432600,33255200,2580800,1082000,960900,38796100,1883200,10514400,3772500,26720400,61683000,1894000,49598500,3241300,4230900,9979700,806600,610000,5164800,5695700,3181900,2609500,988600,7562500,11984000,43364400,58107900,11644100,10796400,14235700,8637600,34680800,9294800,10567600
2024-02-16,7723700,6052600,5029200,595800,3772300,555000,36729000,13381600,961500,12441100,498100,3744200,2465800,2395600,23824600,70395800,6518500,50322900,4780000,7147400,7994000,9723800,3897100,4390900,1115700,4385800,3523000,1135600,48346200,4466200,26189800,3138300,771700,376200,53716500,912300,9462300,7850200,20251800,75532900,1063600,33116800,3033500,4209200,9886800,670200,270100,4781000,5527900,2909200,2154800,915500,8155600,9313400,26960800,37900000,8740900,11090400,15568300,7683100,29914200,8424100,8512200
2024-02-20,8735700,4841100,7605000,1053100,3295700,575900,32493800,15285800,1094200,6052000,259600,2567200,1827100,2592400,24246600,35470100,5531200,31994100,3655900,8286300,7521400,7192500,3809700,5872600,1354600,5928500,2353400,739700,30547500,4186600,22386600,2806100,643100,837400,53999500,948800,14182800,6172800,9047200,71736700,1013900,24469300,3305500,3468600,9318000,937800,374300,4739900,5306800,3445100,2091200,986000,8923700,9019000,28995600,39952200,7392100,17447600,15388700,6929300,22764000,9120400,8756400
2024-02-21,7785100,5127600,6625600,1689900,3027600,398500,29069400,11433700,1131300,5548300,418800,3564500,2208500,2171100,12356100,52357600,5789200,38674100,4595300,6433900,9239700,8487600,3563000,4185200,1334100,4236900,1162800,575100,28669100,3763900,23606200,3192200,409300,1260800,49779000,1505100,8347800,8590400,9408700,59293400,1772800,36343100,2496900,3775000,10143000,842300,490400,4053000,4208600,2169900,1899500,1213400,11952300,8122400,28745800,40242400,8873000,15954400,13776600,5653100,31565000,7213500,8886200
2024-02-22,7538200,7474000,11884200,507400,4990700,516000,32548100,15476000,1507500,8163300,791500,3503600,4189200,2127400,20649500,45473200,4550800,45450200,6745400,8688500,7965800,11377100,4061600,4207900,1189600,4080100,1948400,894700,38184700,6819200,28705900,3510000,843300,1001700,53887800,1276000,9360300,15501400,16728600,76402500,5515200,45190700,4244300,2748500,17006300,2129500,240800,5000600,4328500,3873000,3554500,1361300,14835700,9448600,35206800,55188200,10604300,18551600,11744900,6144400,31841600,9130000,8800000
2024-02-23,7737900,5608600,6147200,668800,3451600,332100,37973600,11400000,1071100,6588200,634700,2651300,1301100,5291300,13705100,32646200,6827300,24686900,5511700,6426700,6505900,8650200,4956800,3097100,1127100,4343200,2514800,1148600,37667700,3469700,29856300,6138800,631200,784000,39853900,814100,12565200,3869300,15186500,61321800,1160500,38406700,2344600,3403200,7736300,795000,660900,4695600,4050600,2856000,1940300,794600,8514500,7079000,28952400,42190500,8757400,12324000,12548300,5263400,24572800,9194600,7575800
2024-02-26,9374600,4644800,5255800,879100,1914100,544300,23804700,15015200,899900,7376300,358900,1486400,1081100,2279100,16878400,34789900,4491900,32795300,3250000,6417200,6250400,15207400,3267600,2859200,1207800,3721000,1432600,904700,29118200,4442400,26696200,7433100,618300,723000,33043200,992600,8671800,4547200,14409300,50386700,1413600,27855000,2382700,3578500,9505300,728700,187300,5943300,3450800,2585800,2737700,796100,9508400,6653600,23376400,38370000,7951300,18248800,11806000,6427800,25587000,7248300,7051600
2024-02-27,9065300,6027500,5534300,2544500,2370900,359700,21206300,11110900,3879500,8569600,304800,2290300,865300,3637400,26620900,40397500,5165400,30926600,4310100,7540600,5301600,7480800,3126000,5566700,857900,3729100,852800,825300,32268600,3916200,33453800,7335100,858100,1107400,33713200,1142200,8188200,3432400,10175100,48854500,2781900,30242000,1919100,5301700,8633700,823400,231100,3857800,3586900,2024600,1704800,627800,11725900,8254600,26317400,42599500,6275500,9984400,8294300,9466100,27487600,7374000,5852400
2024-02-28,7942500,3917600,5255300,5225300,3313900,319300,31288900,12196600,845600,7659000,164600,2142400,1101100,2631000,26366400,62236000,2824100,24667600,4488900,5293600,8482400,9011600,3592100,6698400,1061500,4353500,1530700,925800,30143900,2649100,32713500,5005600,795700,595800,32938800,812200,8081100,3239500,8303800,56506600,1485700,34574200,1602100,3991500,7449500,838900,1147700,5170700,2800600,2192200,1745400,715500,6849100,8994000,26679600,40040800,8324000,8329000,6768700,7497600,22983600,8038800,7408800
2024-02-29,16774100,13028900,6002900,720300,3026900,468000,43973800,17221700,1138800,7563900,327800,3986000,2142100,3145100,26318700,31134000,6848600,43322400,5022500,11919200,7887600,14518500,4635100,8258300,1581600,5996100,1952400,1244500,40404100,4570900,45656400,5122300,1102800,656000,42495200,1299200,9695100,8833900,10459600,83924800,6257500,51038600,11251900,3861400,17630500,739400,332600,6595400,7332900,2610400,1815000,1103300,10169300,12247600,27335400,37629700,9662100,11986800,14083400,12860800,30675400,9435600,8270400
2024-03-01,8994800,13095400,6366800,863200,3857500,453300,35477300,18930500,1855400,8225000,509100,2423900,1567900,3928800,17018000,42913600,13411000,39342900,7677100,11857200,8342800,9603500,4165100,5002100,1438300,4582400,1401200,883800,35156900,7082900,42971500,4125600,996100,894200,43853000,878100,8981700,4883100,23570200,76844800,2949700,45832800,1925200,5359600,11199500,879700,291000,6560900,4839400,3693800,2178800,956800,15639200,10401600,32459600,40794900,10782400,13136800,15512500,9655500,42511000,8741400,11065800
2024-03-04,7428200,8628300,26404700,538500,3048500,479300,38144500,13961000,811900,6406600,254600,2316000,1120000,4045400,12340500,51821200,12216300,21607300,7202000,6641600,11302400,10763700,5335500,2461700,1066900,4351500,2013500,1214700,24785400,9054600,31472000,7162300,1573000,912600,34325700,1473200,11979300,2416300,26016600,49799300,1857200,23864200,3099500,3332700,9774600,970400,325500,5319000,3970200,4966800,2105500,913100,8596700,9349200,33198000,53413200,11886600,20443800,15912700,8697600,33020800,10657800,11336800
2024-03-05,6815500,10329500,6208600,1237800,4132400,1109600,32915100,12874400,3897900,9841700,386100,3169300,1296500,3485700,17522400,54550900,9672200,38076900,6286300,7673100,8814000,10064800,3521300,3145100,1291300,5068800,1274500,1059200,34163500,5659100,33394200,7768300,948300,1825000,57917100,1681100,10272000,4102800,22277000,72855600,1512900,37721900,3016900,4262700,13584600,925800,343900,4722600,4616500,3134800,2128700,1008200,7463300,8493800,32174200,50770200,11999000,18042800,15708400,6913800,49602800,9743400,12941800
2024-03-06,16536100,6752000,28955300,1466500,3039100,606500,45875000,24098100,1459600,8644200,485800,2643200,1343400,3002300,13997000,54439600,10459300,34335200,7684700,9499200,11538300,12637100,3672500,4716100,1050200,4234100,3655700,1368700,34255200,5176100,33176900,4142600,1271700,839900,46234500,894500,9660000,5338700,31037700,68382400,2931800,40571600,2062300,4988900,13323300,895800,285100,4999400,5325100,2501700,1835300,777600,10248500,10224000,28008800,58459500,8644800,14303200,11816200,5483600,32652200,8085300,9299600
2024-03-07,7726600,4388600,7495500,961000,2965700,382500,26916100,18279100,884300,6776600,350300,2993700,1378200,2205600,10832100,36302100,8403700,30393000,4896200,8420900,6822600,6972400,4257800,4421100,929100,4647300,1604000,984800,28020200,4144100,22875700,2357800,830300,945000,44526700,934400,9161100,2987700,18890500,58652100,2014800,39075000,2807400,3758500,15544900,767100,458900,3164100,7149800,2940900,2184200,951500,7739600,7942200,24569200,35505100,7936800,12120800,9174900,5077000,21384200,6438300,6713400
2024-03-08,7168700,4298900,7187700,933200,4256900,398800,30341400,14926900,1064400,8613300,461900,5053400,2823300,3129500,32150000,41080300,13540100,38317900,7156100,8103600,9263000,9468900,4353400,2787700,1220800,4825800,1736900,752000,41447800,6891800,29591100,2251700,1003100,1189400,72096000,1007400,10614300,2387700,27245900,86532500,1313800,25023200,2382400,4038700,10492500,794000,299300,4546400,6285600,3673500,1895300,900800,12121100,10311200,28252000,47266600,10157100,14912200,13301600,7551200,27511600,7802500,12463600
2024-03-11,11354600,5117900,5626200,691600,3396000,437600,22761600,10496000,1563500,18476800,463000,4375400,1934300,2503700,21263700,57837100,7329600,27177600,4029300,5568200,7949200,6884600,2626800,5287300,942700,7239900,1725700,1063400,24435800,3554300,25360200,4101500,854900,1678300,45860000,840400,10698300,3509600,15364500,62557200,1928900,17787900,1431600,3072600,7569700,683300,327800,3467200,5323900,3038700,1914600,742200,6976400,23270600,24983800,36233100,9179300,15648400,9316500,4594600,20968200,7723800,8306400
2024-03-12,7471900,4136600,4699400,497700,3275800,420200,37392400,15296000,1388400,9823900,356000,4778700,1946900,4120900,21034900,47341300,9436600,33351700,5770300,6556500,6455900,9365700,2975700,6042800,1427200,7437900,1339400,957600,34958900,4302700,30852100,4427100,542800,979900,55300900,834800,8812200,2260900,16339600,73114400,2379800,29566000,2053200,4134600,8307400,901800,550200,3309000,4811000,4380100,2508800,1007600,6316500,10149400,23780600,53199300,9125300,17382800,10454900,5669000,29489000,7143700,7906400
2024-03-13,5846600,4478400,6123200,1070000,2788700,422200,25742900,14166600,1857300,8687100,401300,3349800,1498000,4188000,20240900,43978700,5930000,28482200,5811300,9708400,6692700,6671900,2468000,9900700,766200,3854600,1325800,1380600,25140700,4224900,31089900,4396400,596000,732100,37928700,857300,9695100,2223300,27121500,55104100,1696100,38270100,2151200,4435500,8727300,792800,379100,3418600,3544500,2667400,1596500,725200,10209100,14529200,42725200,43471400,8009300,12815400,9739500,6245300,25877800,7874200,5717000
2024-03-14,10541000,4603000,5214000,1168500,4471900,1858400,31566200,25572000,1410900,10113800,580800,3957900,2515900,5296300,18521700,56861000,6865000,46677200,4749500,10055900,12486100,30012800,3651600,5615800,1380500,20332600,3236600,1631700,47509100,7989600,48815400,6139900,1019000,2071600,52195200,17780600,9599400,4085000,14705300,110171800,1954300,58365600,2479800,4238600,12369600,810300,473400,4155000,5153000,3664100,2419000,666100,6643000,19452000,35946000,65563400,9684800,16023200,14086100,10442800,31869800,9605700,10810400
2024-03-15,5756800,4445600,4783900,1043100,4372300,1202200,32816600,17529100,1173100,11684600,460900,2877600,2616000,4508900,18366400,35398800,4556700,53985300,3702900,6591400,13007600,16674800,4662000,8612300,1079600,8081100,1995700,1639800,53217000,5499800,34525600,1850100,1366600,1057600,73069800,3647200,10259100,3045500,28077900,107646300,1288400,34997700,2519400,3141800,13766700,1001000,440500,4214300,6807100,3216800,1922800,1029000,5914600,18702600,37753400,67568000,10739900,19633400,14248300,9639600,35445000,10570500,9868800
2024-03-18,5227200,5594400,5284200,1384300,2060600,1259000,23107900,13472200,1322300,17599700,454400,2540300,2006300,2891100,30430500,25822800,7206800,34649300,3292000,5319700,8638000,6236900,3195300,3832600,3174400,13385200,1402400,1146900,32405100,2633500,18279900,3215700,680000,468600,47323800,1331100,12881700,1971600,11920400,88893300,1908100,29519500,1816000,3403700,12116700,716300,150800,3030800,3939100,3455400,2057300,756400,6729200,15242400,30496800,39140600,7178800,14176600,10229000,4971000,26843800,6407000,8512800
2024-03-19,5076600,5681900,4560100,1889600,3303800,401500,23851800,13222100,1346300,7411300,697400,3219800,2456800,3755300,21085300,23460700,4657500,41841500,4232700,5470300,8155700,7861400,4088600,5776200,3209500,4569200,1343700,1138900,29864100,3844400,22721000,2134200,663500,684400,43004100,1508900,10482900,1821700,13406900,60755300,1518000,26953100,2002400,2720500,10424900,643300,299700,4165700,4550200,2900200,1637200,704600,7812700,10832800,28545800,36748300,8842400,13390200,10245900,5255100,19985400,5240200,7624200
2024-03-20,8681200,4398200,5287200,1247400,4823900,409900,32308000,18834900,1128400,7308500,719400,3191700,2208800,2795400,23414900,33523100,9593800,36886700,8238500,10190800,9611400,11951300,3779500,4259200,1483400,5450100,1701700,1978000,49609600,7672900,41915400,4009600,987000,592500,43653500,1451100,14684100,4769000,31945100,69594600,1758700,43460100,2747300,4254600,15166000,610300,321800,4605800,6179400,2480800,1780600,720700,9988200,13252400,32659400,52255300,10400900,13357400,10986100,8678200,32620800,8268200,8497400
2024-03-21,10100300,7534900,5492900,813800,4348400,1049900,27655700,13021000,1007100,10859900,452300,3686400,2350600,4593000,15538800,35387700,7396500,34693300,6654300,8271200,7712100,9544600,5468500,5023200,1391400,4520000,1351900,1455800,43067300,6484500,26546700,3386100,764200,684400,39345700,1790900,10912500,3708500,31163600,60256100,2337500,34276600,1844400,2742000,8951600,670500,265100,3753200,5044700,3723200,1779100,792100,8668500,9384200,23334200,49209200,9965100,12312000,8936100,6263500,40327800,8865300,7146400
2024-03-22,8359200,4686400,4169400,1443900,3156100,595200,30355600,12832800,1338200,5768000,879400,1628700,2656800,2202200,16256000,38799800,6918500,26955700,5018500,6119800,8579500,13370700,3703400,3223000,1965800,6940100,1125200,788000,28437300,3440500,20877600,4453800,708100,451500,28253900,920200,10813500,2038000,17183600,79070800,2385700,30262300,2024200,2397000,9289600,737000,267400,3923200,5881500,2465300,2145800,983500,8168700,5874600,17948800,32033000,6771100,11507000,10942300,4402500,21059400,5537200,5718600
2024-03-25,11037700,4050000,7950500,1370900,2535600,428000,12894800,9418000,1423000,10403300,342100,1774700,1110200,1428400,10429400,19439600,4034800,29373100,4264500,4488900,8627500,4992200,4477600,1710300,1115000,6297200,2038600,765500,20107800,4082400,23291000,2485100,595700,517500,27789200,1108100,10905600,3700600,10066700,48512100,1902700,24011800,1198300,2189200,7858000,732200,384900,5262400,6081300,2714400,2073100,816100,8294900,5662600,35074400,31784000,7658200,8777800,11003700,5661600,23194200,5253000,5664600
2024-03-26,8830500,4276000,7603100,742000,3395400,403200,15363300,12343100,969800,7997800,380700,1975200,1883600,2107300,16233500,21299100,5752700,28522200,4900800,5477600,9437400,7391500,3186500,2953600,1116100,5932600,1180400,1107200,23434800,2885300,27266700,1905400,525300,1094600,34142000,1365400,14642700,2183300,18183600,65463700,932200,34423000,8117100,2776800,12502400,787100,365600,4923000,8073500,2591500,3174500,1226200,8532300,5434400,35373800,30135500,7292700,8538400,7964400,6160300,29830400,6942400,5387800
2024-03-27,9366800,5350700,7825200,2497800,4427300,742200,21819500,12337200,1079100,8787000,365100,2977400,1676300,2239100,21995100,20691900,6041000,28891100,3653800,4838500,7348500,7669800,6933600,3844300,1503900,4777600,2186800,1675100,35028400,2982700,30600500,5201600,1131600,728600,41359200,1132800,9745200,2585300,12551800,82999800,1758100,50157800,1594500,2412300,7233200,1067200,264000,5191400,4951400,4030200,2749000,983400,6784100,8444400,33960000,36670300,7162900,12495000,9848100,6711000,34600400,8797400,5812000
2024-03-28,8863300,10199200,5326400,3686300,3155000,534200,28296300,17180400,899000,11319700,553200,2703800,6920900,2846300,18375300,33129900,9194500,31546700,7533800,7561400,9091000,7912400,4048900,3732900,1294300,4717000,2190800,1392100,37675100,4443900,23066200,3321200,1146200,2149900,36839600,1573300,9044100,5702800,29105400,96294900,2137800,34540400,2621400,4745600,8336000,966600,268700,4626900,4065000,2669100,3574000,707600,6862800,9025200,34615200,41490200,7287000,8854400,9172700,5695400,27492200,8090200,5958200
2024-04-01,8667400,14208200,6157500,2345900,3825200,377600,20857100,15419500,2072100,8227900,1080900,3585200,3099400,3070800,20111600,38572800,13677100,47857400,20547700,10854000,7186800,9701100,3667400,3611300,1174900,6170800,1813400,823200,25684200,4982400,20817100,4871400,1097200,986600,38729000,1193600,12515100,4661800,22490700,62477500,1639800,48945400,2282600,4000100,9987800,970200,338700,5331200,5734000,3292300,2411300,953600,9390000,7647000,42899000,37537700,6905300,11654800,13205200,8064400,22702600,7378300,9941800
2024-04-02,10624600,8902500,9043000,1852700,4034900,364800,22346100,17414900,2835900,10632000,761500,2143200,6116900,3025200,20687200,36013000,13421100,45551200,12232700,7214900,8240800,8971600,3865600,3743500,1180000,7653100,2039800,1420200,36632100,4547800,32433900,3541900,1091100,645800,44259700,1215000,10589400,3485000,58416700,74230300,1899400,43086300,1465300,4241700,15614500,728700,346500,5116000,4817800,3213400,2332500,1183200,8542100,9570800,38671200,36359800,11049400,11418200,16269200,7393500,30212400,10776400,12270400
2024-04-03,6919300,8433900,5419200,1771500,3547000,299100,33272500,15898300,1882800,11686900,559500,2361100,2624400,3966800,25252400,29445200,11416200,29542300,11442600,12908000,7550800,8901400,3705900,4571400,1194500,5820200,1423300,943200,27362800,4728300,25198700,2925800,811000,1164000,39949800,1172300,9058200,2904100,61360100,59155800,1396200,45494400,2080500,3254800,17859100,631400,378200,3632700,6224800,3241600,2862600,707400,17641800,10022800,29148800,39715900,7589900,10670000,16094700,5392200,26574200,8453400,10165200
2024-04-04,9327500,6620400,12412900,1261200,5041200,348300,33317700,19950400,1662300,11481200,549200,2314500,3748600,3739700,42563800,41163300,12307300,36056400,13660600,6960500,7987400,8923000,3908400,4985200,2063000,7222700,1333400,846100,32265200,4142300,31423800,3092100,1290400,781400,57267700,1262600,11765700,2806000,54231400,96858100,1971100,47957400,2156000,6112200,17525700,680300,239800,5953600,6871200,3121300,1947000,1276800,15019100,12658600,36941200,52657500,10659800,16464800,18289500,6667800,29356800,12685700,9650600
2024-04-05,12343600,5463200,11531700,1313700,4423500,402300,31564000,21091800,2182800,11909900,790100,3340900,2838200,2478600,23229300,32450900,13382700,30857300,7466300,6334600,9051500,14608200,3611100,3754100,1164600,5275900,3505800,1518900,27569400,4187600,25134900,2390700,940300,1015100,54744600,880900,10267200,3967100,43238200,74546500,1608800,42495900,1893700,3842800,13240900,673100,204800,4789000,5588200,4178500,2928100,862300,13412800,9804200,31194600,47540300,10718600,12808800,11148900,6055700,32322400,9073100,10081800
2024-04-08,11457100,4983800,13873100,1263500,2431300,264200,18452500,12350900,979700,6555400,335000,3614200,3135900,2764000,20296500,24846600,10331400,31067800,6397900,7115100,6522500,8077100,2596900,3414300,1186200,10802300,1323900,1700200,21331000,5265500,37054400,2542400,551600,618500,28144900,834200,6589200,3335800,40708900,48401800,1830200,37879800,1426000,3757200,14126200,1155300,407500,3866900,4736800,3223800,1726300,1392000,12719900,6522000,34034600,35165700,6096100,8125800,10040700,5588500,20142600,9128200,8295800
2024-04-09,5736500,5562500,8886200,769400,4003900,501300,23963700,12469100,1552900,7474900,391700,5274500,4143700,4802900,30366000,25836100,13069900,32219100,12394800,5151100,9374100,8011600,3132600,5925400,1579700,4963300,1516300,956700,23289100,6703600,21967300,1663100,742200,947000,39443600,1379300,9741300,2680500,40950600,68049200,1309500,32522000,1513000,3893900,9098900,807000,222400,4075600,5250400,2940600,2350300,1729600,8974600,11350600,35322800,51953600,9042200,9400800,12629600,7565200,24024200,10534400,8559800
2024-04-10,11248700,4799700,8196500,1349900,5173100,629500,37281800,21567300,2819500,9035000,757100,8044100,1528900,8212500,33911600,36946100,13317500,76623900,16560800,14993700,10977300,9900100,4930800,12110100,1618800,4616400,1816300,1238800,57130500,7596000,45351600,2347900,1862200,1393400,61502200,1455100,19044000,6329400,50614100,82652800,2194300,74368900,3513100,6834100,14335600,974900,474200,8332800,6933400,3348900,2850200,923100,13390400,14113000,39199600,59492800,14119500,13836800,15018400,14873300,38280600,13052700,10806000
2024-04-11,16217600,5081500,16574100,933800,3972800,405800,23648600,11967000,2146900,8337200,555700,7457900,3050500,8115900,19988300,33454600,11415200,50836000,8728400,9371400,13244300,8486800,4597100,8662200,1607300,4333400,1978300,2655800,37184000,7295800,38047900,3249000,1061800,924600,45474600,1156100,14938800,6686500,28595200,70099000,5224100,65751200,2120500,6287700,12987500,927500,362600,7145900,5109900,3434200,3314900,1761100,9347300,9900600,39204600,56870800,8228700,10563600,10551900,9441800,25621200,8153900,8433400
2024-04-12,17284600,7030200,12479100,1579300,5305100,402500,50234600,17934600,2065700,7815300,433800,4288800,1236100,7149300,25393000,73616000,30898800,41441700,18862300,11675600,9033600,10722800,3342500,5555600,1105400,6513700,1803700,1365000,35388700,6803700,35119700,4123200,940000,667400,53665000,1303600,11039100,5387500,117678300,92561100,5867200,47900100,2875700,9724900,14173500,800500,511900,5451200,6959700,3574400,2510900,2598900,12304300,12113000,46572400,81234800,11604300,16186800,14605900,9246200,39844800,13799400,10729000
2024-04-15,11705300,7376700,8079200,1660100,4870700,1558000,31290100,21610100,2321500,8202700,799500,3904000,1792300,3742100,26929700,47202300,13239000,55560400,15443500,12315300,8067700,8124500,5000800,4698500,1806100,6399000,4558300,2602800,41119300,4675800,27018500,2464400,1144000,1192100,63453600,1304100,13462500,4841300,51965100,92101400,1793900,55993100,4103300,10203200,20120000,940300,437700,5478600,9530000,4804300,2341500,1198000,13310700,11506200,48690800,71800600,10374500,17189000,12119600,7757100,29407800,10383600,11136800
2024-04-16,17565900,8427000,14378900,1263700,4383500,367500,43707900,24161800,5629300,8224500,1480600,4159600,1496900,5448900,34375800,47788300,10746100,55746100,15691000,12027200,13053300,11162600,4319300,3581700,3013800,8287400,3123600,1391600,43267500,7126000,34191600,2766000,1055500,1703600,47619000,1218700,9982800,3062800,56256200,73484000,4094600,45103200,3699000,4285400,16484100,711700,409300,6598800,6761400,3466800,2322100,2324600,16523300,13555600,36497600,66751300,11046200,14914000,12737600,11776100,32907600,10170500,12870800
2024-04-17,7567800,10975300,6568500,2084600,4584900,538800,26019400,15748000,2353300,9147300,569100,5485100,4522100,5964500,25571900,36308700,11521100,48158800,12024700,10515400,8647300,7796800,4057300,7476000,1271300,7635500,1641500,1284200,38589500,7747200,26726300,1913500,718200,935500,56880500,1170600,7970400,3598900,46667300,75910300,2567400,57947000,5021500,5967300,12166200,709100,333900,5554700,7156200,2861400,1964900,765000,14338700,9156800,27421000,41561900,11084200,13090400,12731500,11722700,28152800,8480100,12416800
2024-04-18,7717500,7379200,6349500,1734500,4579200,408100,20581900,12884200,1926400,7985400,1060700,3454200,1060800,4497800,24299400,40749000,6496900,40291400,8014800,6964500,9813800,7331300,3541800,4467100,1512600,4808700,1232900,2831800,40238200,4907000,25997900,1844000,898400,948100,46549400,1849400,7839600,3279600,26818200,74548100,1491900,43839500,2565900,4529600,13900800,1822300,234700,4158300,5637300,2991700,2407400,1045600,8766000,7497800,25555600,48893400,9195800,15280600,11964200,10327600,22288600,8105800,9411800
2024-04-19,9121700,6855100,8338300,1968800,5078600,565500,29537400,16925000,6857200,8553700,861400,3811700,855800,4030300,28418000,32792100,8689000,54739500,7878600,6125800,8422500,8296400,4812300,4544400,2009700,6355500,4689100,2831200,42666500,7423300,20265600,1500700,957500,1847100,75231000,2146600,10240500,2938200,29321200,102212600,1484700,44826800,2948100,7608800,13900300,724800,256500,4585600,9787500,3469000,2495400,1272500,16916700,10109000,35451400,55513600,10832100,21880000,15843100,10629100,37004600,9668400,13580800
2024-04-22,9029000,6628400,5938300,941800,4129000,366100,25738800,17314200,1457000,6622900,326300,5088000,867800,3082600,18462900,42035500,13404300,40772500,8875600,4002900,12460700,8524000,2959800,3165000,1495800,4210800,1340400,1267900,31553000,4778500,26642400,2561500,1074900,1382600,47807700,1467900,9235500,4174300,37156900,67961000,1561200,24969000,2632400,3299600,9371200,821800,156200,3846100,5818100,3112000,2512200,1082900,8416500,8284600,30244400,50701200,10484900,13293400,12181600,7762900,23458600,8531300,8950200
2024-04-23,10837100,5991900,6044400,1524700,3126400,841800,21907100,13466000,1356100,7323800,352600,2689900,2008800,2812100,20096300,32627200,10730300,43554400,8383700,8319800,10806400,13080700,3006200,3852700,1243800,4221900,1765800,677500,31838300,3304700,26338800,2122200,798200,617200,44384700,1015100,7521000,3619000,37046800,64633600,2243100,27222700,2727900,3355400,7996300,495200,247300,5484100,4257400,2399000,3211000,834800,7065000,11470000,28657400,36488600,9870000,12151600,12821100,10804900,22338000,8615500,7889400
2024-04-24,7961000,7103500,4616600,1670400,3575800,358900,18118100,8530000,890900,6188300,306100,2940000,1954800,2061600,13461600,44860500,5741100,40496500,5185400,7567400,5516000,7771900,2933600,3700600,1106800,4457800,1588100,686600,28791700,4677700,24538400,1929500,783100,529100,48440300,1212000,8927700,4299800,19783600,55928100,1970900,48986800,1926900,3662900,7247700,550600,214500,4513600,7687800,2285900,1817900,792200,5988800,9553800,21303800,33957500,11063800,9160200,15011000,10758500,26127000,7378600,8948600
2024-04-25,6758100,5351100,5367500,1088600,4682800,409300,21962500,11479600,1986500,5284800,325500,5273500,2992600,3201700,11300200,43059100,6606500,46371600,8203500,5784300,6983100,8451900,3789600,5915400,1063800,3714400,1129000,978900,31915600,4208800,29826400,1999600,773400,1177200,57392200,1011900,10230300,4224200,32678400,69122400,2417600,49282600,1926700,3009000,8433500,607500,153600,4082800,4876200,2473300,1930300,946000,8399900,9220200,26500200,50365700,10321200,11568000,14352600,8374300,31562400,9693300,10701200
2024-04-26,8442500,6842800,4256600,707700,4252400,322900,24407700,12676400,834900,7598400,139600,2102500,1700800,1785200,17031700,47815200,6268500,34500800,6147500,5432600,6963500,7299600,2258900,2615600,745300,4026900,1773200,857400,24613600,5454900,11784100,3653400,549500,421900,41874900,716600,7184400,3071500,26821300,64306100,1382600,31589800,2421700,1605300,9166200,892100,265600,3367700,4907100,3238100,1692200,1437400,6255300,6274400,32366600,35796900,6958100,10104200,13488200,6950900,24547400,6013800,6665800
2024-04-29,7384600,7880000,4799500,875800,3265900,363200,31041200,10560000,586000,6871000,122000,4130700,877900,2066800,12570100,36479100,6409900,33157800,8695100,4846500,7253100,9343800,2439900,3995500,977700,3102700,1402800,771000,20494600,5915000,18052100,3975500,444300,537000,30022200,895000,7443000,2259600,23922200,46415400,1333900,39228600,1422800,3934100,8218500,587500,143400,4374000,3253200,2086000,1784500,807700,6554300,5676800,22236400,36596100,6339800,7494800,9244000,6987400,29368200,6388600,10308400
2024-04-30,11228300,13723600,6605800,1875400,3463600,452600,32748700,18994300,1351300,6198000,323500,2951900,949000,2932400,20855400,51947300,11248600,49937500,9230500,7516700,7980900,9331800,3270700,3345200,1153600,4931200,1559900,919500,30606800,9199700,26008100,7042100,833100,727500,43665900,1171400,7275300,6420900,32400100,77483600,3238400,41054700,2320600,3829200,10083400,582800,1957100,7003900,4364800,2502700,1912200,717600,10650600,9871800,35399000,34481600,15475900,14929000,12517400,9796800,29724800,9677700,7218400
2024-05-01,11017700,13814700,8119200,1463900,5731600,407400,34489500,17900300,3394700,7950900,832100,2740700,1737900,3456800,23506400,46174700,10373900,71484700,11788600,12392500,9224700,11989700,4969100,4162100,2643400,5061600,1371300,1082400,38782100,12350300,30342900,2921700,1534100,910100,52251700,1627000,10349100,8032700,42815400,80242800,3188300,59679500,3781100,5965400,12336400,726400,516100,7204200,6115400,3509500,2223800,896600,12105500,15456200,50943800,54717600,15569500,20453600,24867400,15601300,42371800,10710200,14336800
2024-05-02,7607300,8928200,6014800,1004400,3535600,425900,48855700,14993300,1381500,6796000,652700,3303200,1378000,3681600,18891100,98520800,6287000,41497900,6727500,8661500,7478100,18160000,3560600,6696000,1161300,3670300,1227600,887000,27201000,6454500,28044200,6135900,724300,844300,36559000,1854500,7831500,3750700,24968800,62550200,2093000,58925400,3028400,4710000,18096900,612600,197100,4804800,3972400,2580200,2730500,1064800,7447700,15567400,34616800,37085100,11999600,13340000,22820400,13264300,28609400,8425500,8238600
2024-05-03,9146700,7417900,7256900,503400,4471100,357600,31815100,15055600,1261900,6222500,152500,3461900,2171600,2545200,19648600,55429900,8679900,44204400,10297100,8501100,6621800,8623600,3724000,5585100,784100,3004000,970200,751900,30880600,5511000,24166800,4491000,951000,949500,48515300,1411100,7839600,4960200,26859100,72756700,2388300,50066100,2356700,2875100,11883000,675000,255400,4270000,4586900,2350200,1830800,836000,9291800,8999400,38087800,45012600,9068500,13316400,18088200,11887700,29817000,8539300,9013000
2024-05-06,10155500,8051000,5584300,1293800,2596100,321200,19706300,9411400,770200,3575500,154600,2088100,1714400,1847400,13076100,39772500,6840500,29547100,5693300,4043400,6135400,7647000,2548800,3899600,711100,5099700,1025800,814700,23129800,5666700,18519800,1851400,688400,509000,30227200,1093300,10487700,2960700,27627400,47264700,1027400,23868200,1147200,6195900,8654000,708200,174700,3044800,4782500,2811500,1685700,770500,8758100,6615600,33445600,42335600,7157300,8021000,12508400,9739000,21221400,5605100,6229000
2024-05-07,7687000,5471700,4635400,486300,2428600,280100,21316800,9065800,743600,6954800,300400,1229000,1819100,2898300,14982300,40352200,5660700,34064000,5484200,7776200,4710700,8671600,2951800,4871000,870800,6597800,786900,964800,20116900,7029300,28680400,3911000,960600,1636400,30996100,1449600,9078900,2706200,14811500,52561300,2088700,30525800,1183300,4327400,7874700,1053200,253100,3667300,3451300,1829900,1224400,643900,7311100,8862200,20942200,42601200,5244200,10020800,14641800,13276100,28808200,7720600,6300600
2024-05-08,4587200,4992500,6774500,415800,2855100,236800,18933700,6667500,671200,7164900,246300,1545300,552000,1926000,9842100,27739900,4462700,22959500,6209600,9024000,4122100,6316300,2989700,5351200,727200,3693500,1000500,945100,18349400,3619200,19916700,2281700,727400,447100,24896700,852600,6155400,2308800,16967400,42047200,1508100,31171700,1159800,2423800,6547600,626400,222600,4129800,3214900,2600100,1347600,612900,8144800,6522600,19811800,28390900,5062500,7176000,12686000,8182100,27708200,5461100,5763200
2024-05-09,6732500,5300400,4525200,347200,4141200,521800,22204400,13256000,611600,6728900,242100,2435000,605500,2161100,33750100,43598200,7732500,24590900,6346300,9625200,5965500,8586600,2736800,5793900,824300,3153100,919800,541800,22914300,4237900,25583500,3585100,533700,471800,24580100,738300,9018300,2160200,32734900,43643700,2047100,39606700,1255300,2240300,7109200,579800,229700,5452200,3486000,2418700,1993200,531300,9857800,7070000,22489400,31594800,6682000,9589600,12851900,8914600,48549200,6821800,5046000
2024-05-10,5326400,4157600,5562000,747700,3505600,258700,28056400,8022000,636200,4261900,161800,2456700,537100,1779000,10507500,46321500,8700900,24633800,6638600,3205000,4750600,8995400,3485700,5804000,848400,2421200,999500,710300,21520200,4200400,16291500,3211400,408500,899100,27116600,946600,6134100,1866100,24489700,52233200,1922100,21913800,1824700,2746600,8819900,679600,122800,5649800,3347200,1922500,1308700,568200,7764000,5472600,20568400,34306800,6038500,8753800,10774900,6882900,39129200,6324900,5654400
2024-05-13,5263200,4583700,5600500,531400,2635800,366100,22233800,6990500,1431800,4876900,188200,1970800,1098800,2039700,13588800,48230800,4896300,22109800,5281600,3228700,4081400,7925500,2541700,2995800,706400,2566800,908900,1205600,18585300,2690000,20464200,3412900,521800,507900,22994200,869400,6714600,2442600,15222900,36716400,1492900,23157500,1212500,3055300,6602000,636600,598800,2848700,3108400,1948400,1344200,656400,6805000,5030600,20978000,29570100,5946900,6582000,11755400,6846500,21219200,5351500,8142800
2024-05-14,5243300,6834400,4272500,443700,2702700,260000,24295800,15228300,1229900,4711800,218800,2699200,782200,2240900,14572000,42197500,4662700,27298700,5675600,4688800,4893900,5675400,2098400,3644600,1093400,3288300,1565200,584300,33169000,2637600,25440400,2899300,738300,1592900,34478300,940500,6367500,2319500,20065000,57535900,1609500,25746400,1126400,2186600,9694300,638300,184500,3099700,3257700,2466800,1335900,689600,8627200,7480400,24911600,30638300,5105700,9825200,10117600,9703800,23566400,6198700,6044600
2024-05-15,5846300,6416100,4208200,512100,3421200,365300,30011900,10823700,828400,9293500,149300,1951600,856600,4190700,32220000,35736500,9297700,56544400,7731600,11384500,6753700,9265000,2583000,3750500,1025800,3568800,1121200,920900,33412300,5704700,33780900,2624800,778600,627600,41464700,1216600,7487700,3248400,39872400,59504900,2707600,65142900,1582700,3660000,8035100,756600,248600,3544900,4399500,2508700,1428200,841000,7240600,7922200,38792200,36138300,8404100,14308600,18143000,10083500,29176600,8433700,7182800
2024-05-16,7894400,8627400,4359500,519200,2877200,1263600,27395100,13042100,1413500,7235000,359700,1828400,914500,1761700,15045200,65472500,4301700,31749800,4208700,4278400,6613900,10099800,2958000,3917400,809000,5526300,1911400,2492400,26731100,3437700,23586600,5301900,658900,567400,34780400,1034900,8173800,2978300,19821300,50244800,1492400,37902400,1513700,3195900,7410800,761000,777500,2577000,3347400,2445000,1277200,934300,9801100,7245800,24580200,36032700,7135900,12066600,17360400,7195600,25322400,6740800,6589200
2024-05-17,5267100,4260500,4373500,2083900,2702900,288500,30865100,10219600,561400,4290300,153400,2981700,653600,3581300,13368600,46272600,10481900,31550300,7306500,3883900,4767700,8460300,1709700,3252300,572600,4234400,1322000,1087600,35219800,3223400,21862800,5945900,748400,397600,35803700,914200,6338400,2758000,52708100,59187600,2103100,24755000,1292600,2019100,7276900,636800,248500,2791700,3274000,2208700,1314000,635000,9999900,7256200,29001600,29813200,5714100,7616000,11265700,6153000,21715600,7071600,5577400
2024-05-20,5263000,4460500,3699600,1314900,2094800,357800,24234000,5836800,393600,4019700,74000,2345400,359300,1611800,15020000,30494200,5990900,18665000,5668500,4575900,3407300,6682300,2028800,3192200,2097000,2270000,834200,1098700,15695900,2926200,17885200,2680300,428600,1197800,24474200,490600,7638000,2445200,58184700,37764200,2841700,17922800,1209900,2040500,5731000,738800,216400,2842800,2599600,2366100,2009000,771400,8348500,4544600,20134600,35719600,4337600,6276800,9226400,4067100,13830400,3890000,4002000
2024-05-21,5227900,3358400,4612300,514000,1618300,454900,18470000,6222000,475500,3046500,420700,1441400,311800,2185200,16696300,43743600,4002600,20295900,4511600,2669700,4944000,5610400,2773000,3564900,863500,2676000,1000200,1214400,13466800,2126500,17411900,2345500,324800,624300,23167700,777100,6726000,1991300,30700300,33437000,1827900,15334400,1004400,2009600,6900100,561900,271800,2655100,2453600,2241900,1202700,640600,5187400,5425000,22467600,33413400,6010000,6140400,6595200,3621500,16263400,4048900,4375400
2024-05-22,3823600,5629600,4306200,889400,2647200,303700,23030800,10721200,901600,4191700,811700,4145900,1144900,4664400,23354300,41732700,8903100,31110700,7061300,3616300,4506300,4868900,2778300,3736500,948700,3052600,721700,1426700,20853100,3049400,26735600,2336500,429200,736700,25120000,754300,8979300,3051100,48609700,48390000,2187700,38073700,1543200,2337200,7250000,712200,242200,3888000,3250600,2356600,1130000,740100,5654300,8703200,34868000,38661100,7910500,11783000,9395100,7027100,21128800,6831200,6332200
2024-05-23,5094900,5210000,3589900,1255100,3361200,451000,28607000,8805800,1774400,4825800,265600,2833600,1255500,3102300,14779600,49548000,9537900,36464700,8015300,6005500,4833700,7523700,2082200,6980900,695900,2665000,1067400,960800,34039800,3400200,24876100,3201400,736900,741800,40899200,762500,9431700,3473500,39911200,57211200,1413600,51294700,1859400,1915600,12745600,716100,359700,4061100,3811300,6603000,2683900,988200,7511400,5688000,26931400,51768500,9078200,9400400,10751300,5597300,28718600,5155900,7354600
2024-05-24,3072100,4187400,4025200,1375300,2072200,214700,20986300,9289500,637400,3952800,169100,1438800,592300,2075700,19937500,24413800,4212400,20488500,4117400,3926400,4425000,6355000,1874500,3943300,590900,1920700,1051900,1217700,19946100,2073200,11189500,4713100,690800,686800,29669500,630500,7175100,3041000,14534600,41291100,592900,19164400,909500,1164400,7106300,574200,170800,2317800,2555200,3123700,1737300,938700,5688000,4598000,19041400,23477300,7556800,5906400,6943200,4686100,16366800,3949500,5150200
2024-05-28,6046100,4940900,4743400,1845700,2176100,346600,21179400,13036500,811700,3374000,156600,3662500,660700,1760800,18720200,25480400,3809700,27771700,5092900,8761400,5629200,7555900,1850800,3911400,740100,3431400,1009300,1575000,18475900,3250100,15989600,2823100,491900,487100,26216800,753700,9843000,2889800,31041700,36269600,1829800,45973700,1692200,2300500,7894200,766200,229400,3046600,4034700,3078100,2249100,1602800,5834500,4223000,28904200,31004900,8525400,8786400,8840700,4696100,17765200,8375100,5344200
2024-05-29,8249100,4961200,4877500,940900,2715000,270400,30803500,13662100,1257500,6813000,271600,3005900,767700,2524900,19371600,38699400,4185000,38800000,6020900,10126800,6465900,4706900,2093400,3852700,784400,4272400,982700,2391100,25654800,4331700,30015700,2100800,822400,458500,29739200,976400,9505800,2441700,20708400,45190300,1883700,45508400,2493000,1619000,7938700,706600,183300,3203100,5605000,3179000,1979200,1064600,8038200,8145000,30053600,40620200,16725400,8569000,10402400,6076400,28118600,6838200,4344000
2024-05-30,5568800,5711700,3723200,1041600,4063400,355400,20741500,7456100,1451700,4101600,176000,2920000,461000,3278500,14695000,25910800,3068800,44210200,3397300,5069500,5728200,8520500,1925700,4685700,897100,2718200,1411900,1220900,20428200,4046400,21036300,2343600,560900,693100,30536800,618600,7257600,3711400,22224700,46377600,1055200,29548600,1223700,2332200,9017300,696300,221100,2748800,3386800,3030200,1370600,889000,5290500,6599400,22731400,32769300,7816300,10450600,7404400,5867800,18129600,7395500,4496600
2024-05-31,8762900,12454800,4193000,873400,4748400,490000,49609100,19932400,847200,5484300,276700,3436800,1043700,3092100,19726900,43801200,5617200,45381900,5267800,4807400,8152600,7341500,2369100,7364600,1251500,3933600,1555200,964800,25784900,4956400,19901400,3562600,1303500,891800,55941300,896000,7858800,2923000,31957600,90785800,1867600,41308800,2870500,2038300,10547800,652000,264300,4176900,5334000,3407400,1539000,1323100,10096300,8203000,32503000,38664000,9703500,12081000,11873900,7949600,24777600,7945900,6840400
2024-06-03,6095500,15275200,4798900,1790900,3614300,829600,33839300,17127700,1279300,6184600,843200,2528000,1365500,2449500,19214800,28674300,6172600,36791300,5176200,7675900,8261400,7057300,2314400,13613100,827300,2958400,1233600,1381500,23902900,5434800,20154900,2572700,1137000,866000,32997500,1064900,8255700,5533700,18156000,46835700,1880200,42272100,2341200,5763800,9064800,803200,470900,3301600,4211300,6203400,2676900,1477000,10536500,11900200,40796600,37855000,15241000,9628000,12223400,5826300,36915800,10303300,7929000
2024-06-04,3979100,8302300,5298400,1087200,2822500,287800,38401100,12565500,871800,3651300,256800,2029900,881200,2970700,32554100,25226600,5509400,39230600,4147000,8752000,7483300,7509100,4154600,26569000,856900,2188900,1172300,1383500,27098900,3640000,24545200,2206300,1180400,690500,23767400,973100,5874600,2133300,28858400,34632700,1787900,42581500,1089400,2421100,8275300,767300,453100,2720700,2560300,2489800,2197600,1088200,13022800,6779000,34721400,27586400,10061500,6405400,9097500,5647500,29419600,6964200,5779800
2024-06-05,4602500,8099300,5506400,966900,2181400,280900,28092300,8661500,1402100,5379900,3010400,5040100,1068400,2923100,21361600,26237000,5479200,29793700,4581900,6466800,5507400,5786400,3191200,11097400,688900,3201300,1265400,2069700,20707600,2707700,26584700,2046100,832600,431000,33817400,776600,11250000,2577600,18175300,47610400,2253400,43153900,924300,2058500,7634500,561200,176600,2373300,3026100,2384000,1450000,862700,8354800,6820800,21040200,23817300,8666000,8788800,9095100,4541200,17920400,5373400,4581800
2024-06-06,6568700,4720800,4119700,1049000,2241900,462900,26450400,13195600,1185400,4391900,560300,1897900,446200,2582900,31195700,20872800,5283900,24398300,3911700,5849400,6974500,49356500,3399600,5544100,845100,25007800,1217600,787700,17335500,1741300,22687100,4465600,781300,728200,21966800,1597900,6650100,3346500,27650000,30808500,1778500,22891900,5541800,1933300,5781400,506800,175900,4002100,21344000,2190200,1278300,937600,7268300,4238800,25506600,39040200,6523900,7057600,9759400,3888600,18184800,5425800,4455600
2024-06-07,5365000,5032600,3826500,747000,1952000,233300,37626400,21589700,581500,3652800,295100,1790500,682500,2625300,37267300,44844400,12195100,32498800,8422000,7125100,7690300,10155800,2556500,5696700,746500,3081700,796300,1774200,26036000,2627100,26228700,2286700,962100,709400,25829700,828600,6192000,3524300,43868900,43224500,2165200,35240500,1242500,2049500,6722400,547300,237100,3227900,3063600,1838900,1131000,766500,8035800,8359000,20089800,42273300,7036200,6398600,7490500,5140400,16286800,5222300,4548600
2024-06-10,8235900,4087500,3925100,457100,1380600,343400,30846300,8995400,540400,3371300,645000,1049900,569700,1217600,27634800,26281600,4215300,24875700,3013100,3938900,4946900,7980000,3625500,3538900,893900,2460000,1313200,672600,25075300,2482100,19415700,1198700,717700,563500,20660800,1002400,7659900,2952900,17066900,35686100,2040200,20586500,952800,4020300,6424900,639900,201300,2450800,3461900,1958400,1060700,725100,7629700,5223600,22543800,31615200,6642600,6734800,10033800,4148800,19591400,5396700,3731000
2024-06-11,4650200,4831700,4073200,572500,2522600,316500,35763000,17004600,1075300,3848000,529100,3590700,1075600,2631700,26014400,23488300,4004100,25339600,2586400,3954700,6759300,9179300,2258300,4050700,1424500,3888400,1428700,811300,23768400,2745100,19042600,2828000,827500,896500,22053300,982500,7496100,3755800,13338900,36383400,2400400,30329200,1636000,1891700,13418500,646700,822600,3261700,4028400,3017300,1163200,679500,7057100,6457200,18591200,54584900,11217000,12719200,8583700,3492400,22694800,5194000,5566000
2024-06-12,7627000,6373600,4495700,761000,3866700,333500,34679600,15188900,987000,5941300,693800,2565600,1174200,2870600,43671600,29442200,5911900,51775700,7247300,9243200,11321800,14051400,3323900,3813100,1114900,5384300,1178400,1679700,43668700,4927000,27209400,3472500,1023900,681700,34532600,1129900,8495700,3409200,27934800,63251300,1989800,42554600,1403500,2465300,8405000,738400,364500,4123500,3698800,2762600,1564300,1020200,9027600,8174200,32560600,46399800,11106700,17821200,14172800,7600800,24912200,6522700,7957600
2024-06-13,7094800,5132600,4339600,553000,3136100,396900,21553600,12784200,980400,4839200,659600,2537200,1700400,1782900,29116000,22070100,5861100,38532000,3185200,6529900,7164100,9149400,2568600,4751000,929800,4779600,1392300,1255500,28021100,4640300,26782700,3891900,738400,655300,25859000,986900,8197200,2473800,21680300,44760900,1906100,33093800,1692900,1685400,5741300,664300,413200,2619900,8808900,2285200,1582600,819800,4471900,7937200,28495600,39497900,8056100,12693600,8723500,3704300,22974000,4720600,5227000
2024-06-14,6239500,5226500,3527000,914700,2884300,435400,18813600,17500000,3112700,4767000,903100,1335500,1501200,2411800,22735500,27515600,7076500,52953300,3424500,5424600,8675800,8257700,2643900,7031400,1153900,5444600,1490900,1086600,33453700,3429200,28561900,2720900,938100,387100,23372600,976500,9477600,2854900,25973300,40089900,1395600,28776700,1156100,2347100,8666400,718700,413300,2178600,5812000,2205600,1935400,1080700,6505800,5694400,25811400,29083000,15315800,7864600,7246400,4975400,20280600,4109600,6105600
2024-06-17,5265000,5347500,4019000,1114300,2025300,459200,21037700,13582700,1146800,4484500,672400,2678100,505300,2395100,18977100,25548900,3877700,33165000,3553200,4957200,14162600,5722000,2768600,5977000,1313700,5746800,1777300,984700,25538100,1905000,24678700,1426800,657900,552900,37054500,813700,9250200,1272200,15016000,55839500,1020400,31040200,1557700,2589800,8490400,1105000,188400,2168100,4609500,2452000,1550100,950600,4790200,7631200,29547800,36076900,12522100,11602600,8762000,4880900,21026400,4542800,7353200
2024-06-18,7030700,6273200,8491900,832400,1848700,1580700,35675300,16057100,729600,8101100,1939900,4163700,963200,2139700,27087800,21648100,4921400,46845500,4548500,5232600,12355100,9316500,2549900,2481900,1613900,5221800,5457100,2358500,25446900,3148600,25576600,1550600,732200,664900,24438600,1471700,7321200,2182800,12033500,41376400,1401800,26881000,1357600,1757300,11838700,619600,250900,3073600,3431700,2024300,2399300,1120600,7175100,6872200,29285800,38900300,8176500,8677800,6567100,4893400,24573600,4872600,4483800
2024-06-20,5621600,5238800,4227800,910700,3588000,452900,43438100,10942900,1163700,4028300,768400,2924400,1173300,2922500,28757000,36649700,7290500,26989000,5276300,3573100,6733200,10084300,2941300,4731800,914200,5709600,1236700,897500,27999700,4863400,21206300,3613300,638500,823900,33918700,1036100,9732000,2618200,22898000,70328200,3173500,30246300,1518800,1446500,8700500,1042300,253300,2432900,4810900,3168600,1772400,1353800,9742900,6441000,34073800,42869100,6350700,13243000,9316300,4503300,27948000,6653600,4722800
2024-06-21,4715000,5343800,4115300,723100,2592100,400000,20232900,14237600,1218400,4106800,368500,2249700,1057600,1908100,22076000,33434400,8865600,26857600,5789300,6908700,5952000,8869500,4472400,3543900,776900,5104200,1671000,1159900,37511300,3041400,21091200,2467300,822800,888200,37456800,924300,8371200,2020500,26827500,64338600,1022800,22596400,3079700,1525500,7126500,691300,245300,2337000,4338100,2676000,1306200,1330200,8758500,8209800,39972600,42530600,8231000,13560200,11594000,5287100,18990800,8535400,8623200
2024-06-24,5017300,5280400,31937200,610400,3096600,360700,19840000,12193700,1719000,3009800,444000,1913400,1305500,1174100,23639800,31018900,4626900,28766200,3260000,5276000,7462800,7437900,3616600,3767700,2469100,3857000,1501000,970800,22289600,4145700,18597600,1576100,777100,501800,37751000,800100,7982100,1576500,12836300,45528700,950100,56939100,1345700,1402400,7928200,774300,333600,2834300,7022800,2226500,1630800,886300,6846700,8065200,31188200,45252000,8650600,13748600,9722600,5891800,17956800,6446100,5077800
2024-06-25,5701300,3518000,5958500,726400,2879100,246800,25337500,8751700,825100,5499100,409700,1738700,721200,1877900,16425300,25099700,3820900,26111600,2950000,3790100,5728800,6988400,2119800,3265700,721500,4817500,1046200,810400,15925400,2807200,16251600,2227200,722600,766700,29014700,692800,7842300,2618100,14711300,37936200,2228700,22890200,1208500,1268100,9191200,701700,140400,2445900,6325200,2073800,1589000,1252100,10373200,7292200,27666600,32845400,11365300,9126200,10705700,4429900,25099400,5171600,4712800
2024-06-26,4964100,4098100,5910600,1212400,1501900,295900,18961900,10509700,1824600,3634200,306900,2078400,616900,1583100,21855700,15806500,4690300,29282000,4411700,4196400,7430900,10461100,1876500,3473700,877800,10241900,897800,786300,19313500,4143100,26381300,1596300,567800,304500,22737100,760200,8162400,2329000,13855700,38550600,1982200,38489100,1295300,1581900,8628400,1360300,117700,3287900,3202700,1857500,1269200,745000,7393200,6474600,23127400,37978500,7350500,9459600,8405200,3639300,13882000,4572700,5031800
2024-06-27,5276500,4487200,5514800,675400,1601100,335600,24041500,14156000,990100,3628500,301200,1961100,634800,1673500,30096400,41320500,4977800,29404500,3302500,4946600,12483100,12355600,3225400,3424800,885100,6369100,781700,1356100,17432600,2321700,19939400,2006100,689800,418000,26222100,1606900,9172500,1675800,11124600,35041500,779900,23140800,863600,1785700,8564500,694400,303500,4244800,3619700,2655400,1533700,943900,9108200,16279600,15631600,25466100,4804100,7923600,4592300,3571700,10899600,4637900,4228200
2024-06-28,12781500,10410800,4824500,855300,3624400,321600,22614500,17425000,999300,4208000,1018300,1542800,858200,1445200,28218100,22894100,3955100,34952000,2696000,6032400,7533300,7628200,4403400,3301200,1501900,5968900,2389400,3803300,35026000,3428800,27395800,2402300,901200,550600,34881600,1007500,10609800,3894800,10426500,76144500,1960900,55119600,1716200,1359600,9419000,933700,343800,4090500,5598600,2822800,2850500,1072700,9177500,7750600,25670000,44045100,9796400,12488200,8396900,5569800,23063000,7656800,7914600
2024-07-01,12238900,11882700,4960000,1233600,2536500,331900,18805300,19845700,781600,5401100,701000,1627200,641000,1605100,20411700,24294500,3797900,31113100,4481200,13662800,7143100,7889700,3226100,3618100,1397300,3912500,1628100,1398800,21886200,3874300,22429100,1410400,1545600,450300,24898300,1055800,16640400,3672100,12587300,40297800,4132700,49735400,1999200,2272800,10764400,1068100,164700,3274800,4368500,2881000,2241100,1016000,12952900,8647400,24563200,36131100,10008500,9281600,9275300,5700100,16757800,6562000,6393200
2024-07-02,5441900,8228100,6080100,844800,1711600,441300,21593200,10331700,915200,5328600,491800,1606700,699400,1740900,33023500,23659500,4921700,30418400,4599800,8195700,6835600,6473100,2810600,4079400,758600,2599500,1223000,965200,17219100,2668400,19845700,1836500,820700,398000,26723600,1169800,8160600,2468800,12172000,40434800,2341900,34204700,2028700,1182500,10081100,1158200,134700,3141400,4210100,4207800,1471400,781700,8358400,13117200,25226800,27033100,6789000,7076600,8233400,3985500,16724200,7536100,5884600
2024-07-03,4061100,4240100,4438600,707500,2319100,139300,27233300,8107900,306600,2933800,575800,1798900,674900,2113700,33503600,29692800,5055300,22067300,3078500,3861000,5928000,5075200,1535000,2889500,429900,4554900,761600,868800,15167200,1475500,14318900,2055300,671000,502900,18064900,674100,6168900,1772800,16834200,32789900,854300,35563300,828400,734700,7160900,460200,121800,1571500,2131100,1948500,1078500,616400,7496300,4591200,16280000,21113200,5467700,6249200,5600600,2359100,13241200,7654000,4379600
2024-07-05,3489900,4316500,4201700,860600,2011000,359200,21337800,8408800,800000,6710100,1154200,5517200,2494500,3252700,35541300,41917200,5950600,25941500,4813300,5111500,4634200,5352200,2205100,3324700,688400,2759800,1358800,1278400,17282500,2237000,18800300,3199800,924400,315700,28495900,976700,9886200,2171900,23018600,41488400,1192500,34895500,1165400,1979700,7272900,775000,402600,3217000,3156900,4237500,1198700,795000,7304400,8846800,23450400,21421100,6367100,6671800,7202900,3785800,13830600,4846900,3996400
2024-07-08,4602900,4748100,4742300,769100,3374500,333200,18685200,6031700,354900,3454200,689700,3061100,456500,2415200,17802200,23113200,5790800,26962000,3848900,5294600,5838900,11710800,2108800,3936200,848500,3145000,1249000,933100,20823800,2792600,18136600,2218100,748800,481300,22109400,779700,8576700,2236000,19742900,36110500,1156500,16095700,933300,2029600,8229600,885400,144700,3239200,3143400,2335000,1185000,847700,8687100,10496800,19595000,27779300,7405600,7671000,4486800,4443200,13634400,4001500,3676800
2024-07-09,5004600,4311500,8533200,621500,3821600,507100,19364300,8069800,1096000,8444100,419500,4327900,999900,1526900,18780800,33067300,3901500,19108500,3114400,3006900,6463100,8507800,1877300,3226200,1091300,2257500,1011000,1489100,17864200,2743500,20384700,1638500,623300,305500,25614500,958700,8870100,7304200,14005300,27289700,4961700,30289800,1102400,1913000,17483700,772000,136800,2123200,3140600,2702100,1620800,1203500,9928800,5951000,19086600,33140000,4617900,8678600,5635700,3679200,21601200,8336700,3656000
2024-07-10,4586000,4653500,5591500,678200,4234300,361500,15332700,8189200,640400,7060700,762500,1519300,692100,1995000,16408500,21396400,5556200,25361900,3974100,4076600,5808000,8793500,1721200,3464400,1365200,2124300,1029400,836100,19286100,2095600,17263200,1846900,582900,363900,28046900,896800,7726500,2505700,13142600,38701200,1476000,23572500,1744000,2291900,8188600,824400,179500,2482400,3446900,1992600,1274100,837000,7567400,7915400,19320800,28445400,6930900,8749400,7249100,3935600,13800000,5342300,4557800
2024-07-11,3789000,5960300,4978100,1759500,4020700,498500,35650400,8930000,736400,6523300,689300,5439000,849400,2438600,19614200,45860300,9322000,44932500,5311200,9658400,5563700,5965700,3973200,3453400,912000,2863400,1413700,1358500,65443600,2858300,31411700,1544300,1284500,726000,49966600,861400,10332000,5810700,20141500,53054200,1321100,49761800,1279400,2998200,7567600,704200,357300,4363500,5537800,3598000,1509200,1852100,8468200,11914000,22684800,45836600,11113900,14106000,11414600,8693400,29766400,7690700,8996000
2024-07-12,6329000,5872000,4656800,1263200,4711800,472500,24799300,9289700,688100,9138800,552300,5626500,445100,4171700,16038000,41053600,5179300,31688100,3279400,4304500,7009400,7702400,4825000,3727000,805000,2778500,937900,1749500,50810700,2333100,20301300,2513000,713100,756700,37109400,784800,9661200,3170300,15380000,53084400,1678800,27796500,1244700,3003800,6815000,788800,246100,3562600,5238200,2729500,1800000,1570800,6332300,9796000,18117200,39041200,10565200,9767600,10028200,5322200,16524200,6614600,5453600
2024-07-15,6984700,6130500,4557200,863300,4433500,304300,24174900,7418700,442700,10546400,269700,3385500,813500,1903400,17120600,50976700,5719300,23235600,3046800,3754500,4399900,5203800,4078900,4484400,1915800,3680200,1614400,1324100,48925300,3067700,18291500,2321400,745300,648400,31151400,977800,9588600,3380600,13426700,40584300,930200,37918900,1557400,2206700,6455700,761900,180600,2928700,7771500,3386100,1812400,923700,8192800,6485200,30792000,46561200,9680800,8628000,8481200,4828400,29827600,5804100,5080200
2024-07-16,8936100,5457000,4636600,1485400,6547600,519700,19234300,10902900,765700,6357900,337100,3656400,1229600,1716100,22640500,28322000,11070700,41375400,7066500,4705800,6507600,7689800,4912000,4671400,1672900,2379500,1259100,1370500,67945700,3884000,20090700,4050400,837400,392400,25950600,957400,8936100,2562400,17280200,36475300,818200,36383700,1167500,2012200,6099100,754100,188000,3029300,4164300,3261100,2989800,1157400,7094000,7465600,24129400,52243100,15501400,7652200,7987300,5753700,15009200,7602500,4123200
2024-07-17,5680400,7883400,8365100,1296400,4490600,442900,42630900,11634200,546300,5174600,353900,16442900,768700,2025100,17561300,33746200,8620500,32750400,4801400,5113500,6112500,9048300,6984200,3052900,3079700,2759200,1456300,1629400,66092100,2542200,21313500,4426200,801000,1122100,56268800,1965400,11274000,2701000,34443400,57119000,956000,29036800,1874800,2459300,7751700,1019000,632600,4757200,4984300,3346100,2297200,1258300,8376500,8790400,29435400,54773300,14511200,12440400,18297900,7445800,27516000,10395500,5797200
2024-07-18,10584200,5746000,7673700,1410300,4922200,450900,42400100,16481500,581300,8310500,356600,6895300,2722400,2938500,26644300,31336900,5485500,42513000,4080800,8640600,5408700,5024400,5189800,4932600,1222400,3420300,1215400,1409100,53180000,3201300,28091700,2494500,791000,822700,49347400,1188100,11019000,3111100,15566200,56270400,1272900,34553100,1391400,1425500,6991400,659600,689900,4464700,5055900,2904200,2290600,986400,7141200,8910200,32867600,58731300,9267900,10837200,14877200,6016200,13542600,11033400,4375200
2024-07-19,7735700,4604900,5593100,1803800,4284500,1439000,34590700,15570300,508700,3713400,282200,3720800,901600,2212700,22910100,24608500,8666000,36125700,4611000,5274400,4461100,7834000,4813000,5613600,3401800,2999800,4756000,2197600,37933500,2366100,16576600,2179800,716900,626100,42042900,547200,6724800,2041700,20111200,65509100,1948200,32164700,1604200,2636000,10485600,505300,236300,2809000,4039400,2414200,1582800,680500,8240500,9365200,26500200,47220000,9955300,8472800,11816500,5259100,12985400,5985700,3872200
2024-07-22,11657500,6777700,5055700,1959900,2314000,426200,17057500,13762800,443200,2190700,227000,6177200,805200,1560500,19481100,35178400,5334100,32378800,2748300,3869800,6807900,5358800,4397100,3625700,1919600,2352600,1755600,2046700,36185900,2443200,22556800,1467200,916100,741900,40300000,803000,9084600,2429500,12069800,43346700,2347900,36160400,1155600,1556600,7532100,766000,152300,3244400,4342900,2527300,1457200,807200,6633700,7526200,21527600,29071100,8334900,10601600,9408200,5233000,12965400,5190200,4808400
2024-07-23,7225900,8687900,6981700,981700,1693500,253400,22891900,12043000,333400,2688600,332200,1796000,1112600,1544500,15335900,40600000,4435700,28826900,2200300,5095600,5430800,9598900,5362800,7766300,3100800,2344700,1325800,1176000,44884600,2395300,24425700,3183700,805900,998300,23282500,812400,8572800,2133400,10184500,34439600,2039600,23498000,3058600,3124100,5498100,938000,149100,2655400,3116000,2229500,1525400,710100,7529800,6493400,33103800,23800400,9432900,5530800,6937900,4351500,12686400,3553300,4823600
2024-07-24,6578500,5548000,5080200,991900,3701300,314200,28113700,10698000,335500,3129800,333700,4553300,1826200,2919400,17425300,36117700,6838800,37612800,4548400,4733500,5369300,6824900,5649600,8055600,1293100,6323800,1592200,1133100,42443000,3663100,28026100,7626900,957200,966400,58818600,1101700,7804200,4871200,12474500,74515300,1252900,50757100,2109400,2129200,6900700,608000,398500,3844900,6157400,3050700,1517300,1286200,7505400,8549000,29328600,47786900,11370800,14300800,10620400,5606900,25284800,6870400,8200800
2024-07-25,12766200,5926500,4567700,676400,4179800,314600,27940500,17719800,483400,7596400,248900,6075100,1156100,3969400,13148300,31514000,9777100,35409000,5045100,4335600,6578600,6460800,4479900,3780100,1465200,4419600,1832000,941700,45053100,2813900,29760400,12533100,1039300,1239700,59256800,1081100,9511800,4907000,31711400,61158300,1073200,44999100,2001200,1824000,8841400,931700,331100,4723200,5646600,3237800,2330900,1162500,9856100,10052000,36437400,44862000,14738900,21158000,15686200,8353400,26666000,11472800,10240800
2024-07-26,4243800,4299300,3692700,584200,2810600,446500,21393700,10574700,363100,4355600,174200,6199000,1418200,2576800,12123000,24671800,6328800,23683700,3162200,5217500,3686300,6426200,3420700,4215300,816500,3520400,1103100,1557800,40822600,2366000,21119900,2578700,842800,486100,39992100,914000,7490400,1591000,12442400,53763800,1458800,34423800,1438300,2125100,5992700,582000,195200,3326000,3636000,2757900,2210100,726900,10790800,7069800,23730800,32636300,10620800,11697800,10271900,5702800,16706400,6028800,4529400
2024-07-29,6822600,4097400,5185000,709100,2039000,284300,14299200,9305600,1504300,5189700,300000,2058800,635700,1663500,11130500,23127600,4665100,28468400,4750000,6165600,4987000,5073100,4422500,3545800,1677400,2735200,963300,1047900,33869700,3218600,24734600,2787100,583800,278800,28218500,697900,9230100,4588200,16616700,39515800,973300,25801300,1211800,1955400,9552900,651000,126300,3371100,3096200,2814400,1925400,786000,5465400,7049600,27156600,35195700,8946500,7343800,9115000,5418100,15151200,8227200,7145600
2024-07-30,5845800,6748000,4282400,1183600,2576400,378300,19193600,8551600,525400,6537000,184500,6992000,823100,1779000,15495800,27485400,4939500,33652100,4750300,4419200,5134400,5574900,4295600,3379900,1313800,3670900,1342900,798600,26876800,3269900,14952000,1745500,731600,585000,41317200,821200,8377200,3108100,14896300,46853600,693500,28169800,1048100,3304600,8415500,491500,442500,2854000,3817800,2174100,2707200,1100200,6055000,8502200,25673200,31418700,7811200,10694600,11818400,4674000,16696400,7269400,4281000
2024-07-31,11725100,12395000,6041400,1495200,5634800,400000,38600400,20969400,638700,7563800,244900,8550300,884200,4636100,21165400,30820700,7316600,50714800,4986000,10982900,9581000,6497700,4838200,6295600,1012900,4102300,2642700,1428200,52387700,2624200,29226900,4654100,1008200,1345200,44552100,1807200,9619200,3403900,23227900,65663400,1585700,47445300,2438700,4582800,7592900,615000,1201600,5633800,5367600,2541500,1843200,790900,7014000,10466800,36173800,38694800,10947600,14614000,10474100,8786900,21765400,8417800,4993600
2024-08-01,9642700,18244900,8733700,2002300,5497900,365000,35497100,18129800,1700500,9297500,1195900,5749500,1426800,2516300,20227000,34544900,7217200,51319800,5918200,10492600,9986200,9663400,10935800,5582000,1534300,4487200,2107700,1206600,71508100,6243300,34564600,3237200,1185500,617200,56653900,1332000,10129500,5052500,19796800,76428700,3247900,77254200,2013300,3633500,8740300,796000,226700,6988100,6939200,3767300,2196600,1332400,23320700,17134400,42558400,47060900,17283200,16991400,16535000,9813900,32567400,10357700,7295800
2024-08-02,9397500,14492000,6476300,2740400,4844900,486700,36857000,25136200,706200,13888800,661200,5847600,1033000,6062700,23586900,34152200,11109400,71578700,12300100,18286500,11080100,11412000,14823000,4922900,2905400,5429300,2321300,1467100,66850200,5903700,46697900,2229200,2056700,1395300,66323200,1076000,10460700,5001400,25325000,82789100,1393900,91912900,2104800,5001300,13257200,878700,246100,5223600,8561200,4744200,2308900,1497800,13596500,20945200,45836200,78599800,16916300,18621600,24086900,8818200,48257200,15742100,12738400
2024-08-05,12066100,21054200,8354200,2372700,8680200,841100,60439500,28088800,2460900,28253800,792000,11772200,3598700,8859500,27857600,37464500,8939000,104456100,11915400,19098200,16826700,16856100,6932300,12499000,3580600,10545200,3738700,3362900,65683100,6754700,56991100,4954500,1516600,1803500,87483500,1538200,18282000,15588100,36392900,146267400,3172500,90686300,5078900,3939500,22549300,1620000,366800,6852600,15244300,8463400,3435500,2423500,17981300,19482800,50039200,107913600,20012000,31430000,29057400,14134700,41099800,17575600,16391800
2024-08-06,10945200,9774300,6484400,1634200,4058000,474800,32540200,22307500,1178100,17198200,1576900,5673200,2411700,6844200,25690300,29317600,14362300,60113400,45584100,9507000,13963500,11827000,3937000,4600500,2607300,6335500,2461900,2056700,37072500,5942700,47432500,2106800,1451900,1368500,63164400,1777800,12704400,12849200,18308000,84826300,2115100,61316900,11539300,3377900,13854100,909700,379800,7321600,8255000,5255200,3254600,1558500,13328000,11812200,31418600,57668900,13732600,24575800,15801400,11389400,29286400,13335600,9523400
2024-08-07,8085200,14277100,5907200,1050600,3969400,343400,36654400,24592600,1685900,14686500,491600,7329300,1330500,5604900,16155400,30574800,5287800,56107800,3390600,8419700,10955600,7756900,3019000,4455700,1518400,6968600,1229500,1253500,30594500,4326700,46819000,4212300,860700,858800,54929200,819800,9877200,5778900,12709900,70698300,1239900,51337100,2705700,4944000,8239300,711500,866400,4998600,5976400,3398500,1736100,1461300,13033700,11097400,26126000,43912600,8307700,17653600,14182300,9907700,24758800,11485000,8404400
2024-08-08,5558000,6946000,4357500,568700,2993500,256800,30021900,14824700,638800,8481100,213300,7417800,816700,3452900,22243300,41361900,6327100,31528100,4847900,4856100,7447600,6349500,2434500,4547000,1140600,3865200,2286800,2292000,26550300,2213900,23536800,1537800,664200,747700,47890100,641600,8586000,3622000,17704400,63276600,1189900,37815800,3401700,3034300,8135100,622900,166100,5981200,4177200,2922800,1341400,1251200,10484100,10759000,21596800,41260500,7976800,14477200,13889800,10383100,23360400,11479100,5935200
2024-08-09,3879200,7714500,6093100,465100,3380200,225200,21142800,11022700,641500,8193000,301200,5001700,535400,3725700,20783300,18962400,4441000,29759900,4178400,5174900,6017600,7616700,2042000,3662700,803900,3635600,1087400,1113700,20954500,8261000,23199700,1093100,696300,554100,33574000,700300,7585200,5079400,15934000,45619600,804900,32141800,1753500,2923600,6351100,508800,177400,4133800,7661300,2667400,1123000,1011700,7496800,5722000,22345600,23838800,5891400,9535600,10319800,5454900,16708400,8550400,6379600
2024-08-12,7300600,6167100,4822900,550900,1902000,334800,15042300,7988700,409600,7620800,176800,6369700,1104100,2765500,19207100,34283800,5561300,33878400,5027300,4166400,6707200,4415100,2173100,2647900,998900,4646600,2118200,1093300,20357900,2907800,24281800,3018200,384800,501500,27795000,744400,7661400,3745600,15323100,42542100,611300,24261400,2980500,4745000,5173900,634900,278900,2925500,3578100,2548500,1296800,743600,7570400,5561800,28785800,20509300,5733400,8580200,9735300,4924500,15027000,5044300,4929800
2024-08-13,3925500,7486700,4049000,374900,3510800,244900,21073600,11927500,335800,8950200,209100,3133800,2268400,2489500,24908200,24569200,6740200,37310200,10748800,6458700,6375900,7193600,1991700,3080800,1046700,4299700,1115800,969500,25458300,3076100,31245000,1419200,522600,805900,40084500,587400,7015800,3856100,11860500,52333100,717700,30366900,1580400,2300800,5785200,538000,222400,3111300,3247900,2316200,1623600,1001600,5378800,6236000,31386400,24922000,7808300,9999600,7513900,3707000,17075000,4815700,5847000
2024-08-14,9871500,5103800,6333600,510000,5230400,215500,17537100,7127600,740500,5515200,277500,4296300,1149200,3430500,16962100,41761500,5462500,36086900,4835200,4275700,4087700,7589200,2733000,2236400,2285000,4218200,1076500,1021200,25345600,4581100,28985600,1665700,389600,442700,34733700,925400,6625200,4780700,14114400,42446900,516100,31334100,1154000,1721700,5432900,490000,159900,2966300,3700500,2335300,1350500,818900,8553800,7241000,21657600,30673000,5506400,8922400,7264000,3300600,16166000,4837300,4779800
2024-08-15,8628400,6865000,5108300,556600,3764100,332500,26914000,10364200,791200,5031400,229400,2620400,1036700,3353100,21874400,40019200,5273300,39411300,3838900,5507000,5632700,5119300,3918200,4420900,1748500,3944800,1633800,967600,42561600,2902800,29546000,3474800,681900,673300,38280600,619400,8206800,3164700,17206000,60846800,443800,38723700,1132100,1640500,5473500,615700,132000,4054400,4279000,3031600,1428900,848000,7715100,7728600,18335200,33329000,5717400,9518800,7745200,6282100,18807600,5886800,6288000
2024-08-16,6507900,8828900,4647700,570100,2789200,277400,31457900,10287800,463800,6661600,120600,2180100,723500,3982200,21275300,38538000,11924500,33682600,6205200,4437000,5818800,5671900,2136900,2669400,839100,4186100,1404500,1009800,30427400,2343300,21411500,1442000,299500,433400,38383600,904500,6395100,2987100,19315700,44430700,840100,28541000,1443000,2476000,5669100,610800,185900,2260900,3449300,2571900,1451800,916400,3570700,5803200,17753000,25338900,5448600,6706400,6976700,4212300,13522800,4562500,4767800
2024-08-19,4690300,5960000,4964700,557600,2012400,284000,26716600,6741000,313200,5268800,125800,2877700,506500,3028100,19868100,33115000,5164800,29604300,3419500,4437600,3872000,6206500,1935500,1631300,799100,4642800,1442400,1198800,17246200,1739400,16004100,1792600,473200,444600,23737700,557700,7279800,2839700,20102800,39121800,1159300,25322100,2253700,4881200,5242900,586400,105900,2629800,3804300,2660000,1387300,880400,6170400,4586400,21762600,24458600,3482900,13004200,7330000,3971100,11505400,4729600,4570000
2024-08-20,5516700,5868900,4444000,539300,1999600,290300,19230800,5177900,236300,6518700,223300,2615700,733700,2500700,15997400,42300900,9073600,33189300,4954200,4886000,4495400,5294000,2495400,3961900,861800,2874800,963200,712100,21703900,2452200,27114000,2255500,332700,377800,29209300,829600,7043100,1882600,20454500,33732300,1449500,25239300,1712300,2761700,4840200,1126200,181900,4934200,3156000,2041900,1279100,693000,10259400,4834600,33866400,19620400,6443300,7221600,6931200,4828200,15989800,4878300,4679000
2024-08-21,6366700,4315700,4541800,545400,1439000,375900,14644400,10653500,400700,7388200,197500,2855700,503200,2241200,11199900,25547000,5337400,34266700,4479600,5386000,4832700,5361200,2537800,7313900,769300,4434000,1098100,787700,19623100,2269400,23819100,1137200,541900,431900,25658800,1155700,7131000,3914500,18449500,41514600,2223600,29230000,2233800,2769800,5308700,485100,125200,2965900,3344100,1983700,1250000,877600,8536500,4611000,22737800,19914100,4989200,7538800,7960700,4214800,13451800,5530100,4532200
2024-08-22,7893700,5644000,3999700,473500,2353500,293600,22515000,7290700,867900,7426000,162900,5192200,351300,2885600,30963700,34897800,5765400,29292100,3331300,4819500,4109300,8917900,2383100,3486200,835500,3448300,1033400,630900,18084300,2865400,17926300,2256300,380100,500800,37739600,695000,6476700,4181300,23972700,56121500,1018100,33453800,2479600,3170300,5982500,453400,282800,3182300,3677100,2554300,1848800,876200,10341300,5684400,19595400,24738700,6355600,9083600,7632600,4953100,14648000,4951800,5709800
2024-08-23,6179500,6458000,4292000,727700,3818300,407400,27848700,10779000,696800,8212200,271100,3567500,646300,3794800,20777900,29293900,5418200,32590900,4430400,5475400,6394800,8629600,4583700,3138300,1104200,2450100,1451700,717300,40003100,3216100,22650200,1529400,960800,568100,36061500,674700,7466400,3896800,21713300,50639400,790400,32005100,2781400,3008600,5857000,519000,153700,8040200,5102800,2281800,1279200,727700,8900700,5797800,20734600,32762500,5888000,10681000,6505100,6135200,15050400,4069400,6304200
2024-08-26,6653200,6712300,4427200,417200,3145000,251700,18429300,6719900,222300,6750900,124700,2454100,917300,1898200,16534200,29550200,3151400,20460100,2274600,3062400,4365300,5848000,2829800,2267300,1428500,5861500,1359500,1156300,24865500,2693900,15312500,1468900,391200,364900,27452600,829300,9560100,1896600,8812400,35788600,1096600,23198700,1065500,4196800,5216400,596700,520300,2748500,3398600,2263800,1196000,774800,7267600,7663000,19514800,23716300,6226600,6268800,7270700,4047800,13336400,4433600,3211000
2024-08-27,7965400,6549600,3715900,556000,1710200,992300,14424700,9597100,598900,4898100,139600,1872200,950900,2328100,8461800,24453700,4435600,22784300,3200300,4433700,3582800,6668100,2554200,2717600,833300,2258100,1004200,655400,19577900,2205000,15922700,1286400,484400,416500,27510000,561900,6933300,4067400,10591700,32693900,1599400,21507700,1227300,3537500,5473200,1046100,149500,1859300,3031800,1787900,1007300,738800,7969600,8845400,16627200,21583500,4000900,7656000,5674600,3717600,16666800,3785400,3328200
2024-08-28,6960300,6373600,5179900,500700,2732600,294000,15443000,7883900,479900,9908200,90900,4602500,1485500,2895000,12924700,40469200,4961500,22351600,2355600,8147000,7686300,8206600,2103300,2497700,824500,2890600,910800,719100,19685000,2742700,22104600,2555900,528400,690300,37372400,668300,6417300,3126600,11564200,41066000,687600,18501400,1387500,1852500,5682900,502100,96300,2664100,3940400,1856400,1426700,1123500,8009300,6524000,17049000,24726200,4336300,9002200,6666800,5035000,10482800,5150100,5668600
2024-08-29,6912700,4766800,3840800,458700,5024800,332400,15497600,9112100,659900,6345900,170900,4123900,701100,3156300,25900600,22188800,5524200,18353000,3828200,6199800,5393700,9278700,2781100,2685800,793100,2504500,1535900,1364800,24599500,3434900,20079400,2104900,544000,588600,41081500,1046400,7154100,2397100,11793800,38715200,746100,24988200,2121000,4062000,6437400,511400,150500,3379500,3487100,3018000,1487600,852200,9398100,6051200,22498800,33726600,8226000,13314800,6343700,5339900,12758200,4339200,4616000
2024-08-30,7213200,12422200,5037400,388900,2283800,290200,29450400,15627600,341900,6495600,234000,2693700,866500,2301300,47117200,27286500,5743000,27633300,3464100,4802600,9815800,12114000,2058600,5411400,677000,3016100,3104900,1706100,23010500,2420700,25275500,3306100,636700,463500,33466500,655300,7419000,2781300,15762100,62700100,1160900,42896200,2171300,3341400,5128900,532400,181800,3490000,5637700,2029300,1808600,955200,4305300,8647400,28085000,28967700,8347900,10048400,8884800,5611600,17007400,7020600,4672200
2024-09-03,6837200,18003300,6220100,540700,3754700,278100,35293700,9886700,651600,8228800,281800,6030200,1776800,3237100,23963500,36863500,6417900,31596800,4461300,8232700,7374800,7516700,7932800,4129700,1232800,7817800,2136900,2122900,31338500,3764800,27734500,1621600,825300,746300,44985200,1037900,10817700,3718600,17149100,60600100,2892600,48947900,1947100,4967800,9777700,783500,159300,5160800,5866400,3818900,2203500,1790000,12945100,9503400,38194200,39893900,9332600,14765800,15503700,7580900,23627000,7674900,9876400
2024-09-04,10867700,6427400,7338600,456400,2131200,372600,24895900,10324400,335400,5105500,253800,6487800,657300,3361600,17619700,19391600,4696000,32371800,5054200,9914900,6230800,4810600,2749200,3587500,1139000,3948900,1291800,1400100,23706300,3089700,31915900,1725500,530500,746200,32505100,722800,9603900,2731100,11322400,47224900,2176700,40885200,4073800,4701400,9505500,604300,404300,3041100,3601400,2946700,1548100,780200,8069800,6313400,30114000,32006100,7809700,12330000,19276700,5855600,27303200,8235500,10007600
2024-09-05,11921900,7293000,9994300,593800,2234700,418900,22513900,12147400,290800,5091200,1212500,2455400,526300,2865800,14487300,22749800,4838100,44675300,3715600,33635000,5614100,38198200,3308600,3658700,1450300,6824000,1623700,1148300,23910500,5246000,35538500,2280200,687400,1682300,34452400,2281300,8496000,8628200,14573600,44264300,6292500,47450900,3487400,3482600,9941700,988400,277400,6269400,3425600,3997800,2455500,925400,8108800,7587000,24991200,39523500,8044500,8874800,12775800,5539200,15545400,7245600,7264200
2024-09-06,8830200,7105200,22536000,1176000,3351000,486800,32436800,12344400,508300,11533400,697400,4564400,798900,4245800,23557700,32987000,6315800,49888900,5270500,17777600,8036600,12660300,3164500,5968000,1823100,3525700,2404900,2093500,34561300,4007300,42004600,2054000,970500,583800,50624400,1176700,9841200,6478400,23805400,68493800,2264200,57406400,2072500,3708600,8885200,806100,193700,6965800,7411400,3599900,2549000,1615600,7794100,10616400,35912000,51331300,9567300,12441000,12616500,6671700,19605800,7651800,7714000
2024-09-09,7569300,5391800,5040900,2390300,3038200,300100,19917400,10635000,276800,4790600,151300,2237400,758700,2233500,11957400,23499200,3548800,24823800,2557500,8532500,6082100,7728300,5370800,2634800,903300,4313000,1851200,1886100,23584100,2301900,35440300,1395900,566500,588200,32981200,865200,8665800,9361700,8774800,40445800,1377500,26961400,6618500,2685200,6081100,811400,558400,2906400,3656800,2969800,1402400,784500,6432800,6412400,32824400,41010900,7283100,10922000,10061000,5070000,14366200,6169200,4297400
2024-09-10,5979300,4815300,5653900,957600,1970500,225700,19700400,9742900,347100,4699300,167500,5801700,674000,3078600,13294100,20723200,4378300,38347600,2278300,7921400,10565400,18467200,9054000,3217700,740000,5964600,1154900,918700,23025700,2480100,30489500,2074600,479000,414400,29680300,1145800,6937500,6833800,9395400,36394600,2782200,31703400,3263500,4038100,6381000,577600,218600,6001000,2975400,1874700,1562200,868400,6925700,6299800,49326800,59115000,6270200,10123000,14002500,7884500,23255400,7337200,9424600
2024-09-11,4184400,7429500,6471000,1107600,3134600,325300,26253300,12999100,484400,5874000,164400,4529700,1318200,2827400,12530900,31299700,4637300,42342700,3426500,7286200,6155700,11673700,3883800,2290000,758000,4692000,1096900,1357500,27175600,5823400,36948000,1820300,530500,591300,57843000,1938900,8727300,3679100,11052200,75248600,1550000,39497100,2314200,3143200,8049200,761600,384900,3872100,5956900,2640200,1790400,1152100,5534800,7392800,48125800,59397500,7969700,12768800,14556400,5792200,20766600,6636500,7511200
2024-09-12,6419400,5170200,5685400,1058600,3131600,371000,19993200,11685600,423900,3155900,104600,3357700,2646100,2996400,13803700,19723200,9930200,28515000,4596800,5929800,5839700,7920500,3796300,4840400,638100,3480300,1318700,963400,27611700,3656100,30255700,925000,422000,396100,40067800,793400,6989100,2599000,22524200,51819600,1787300,41618700,2727000,4035600,6521300,539000,379400,2713200,4092900,2420700,1731800,984000,5350400,5962800,31762000,37732700,7012600,10604200,8659100,4263300,19335000,4838100,4748600
2024-09-13,5330600,8183500,4786700,939100,5210300,267500,16882300,7340500,640900,3882300,117300,2458700,339700,1999500,17904100,20127700,7455100,31806800,4379600,5305500,4973700,8425400,2583400,3747600,736800,3952900,1145500,551100,37388100,1794600,25536600,1735900,679900,341400,29111800,589800,6856800,3964000,28629400,39310500,1689400,25722100,2013900,2453000,4772200,542400,422000,3402700,4416600,2474700,1264400,586400,5074900,6459000,26195400,32912300,7913800,8047400,5953700,3707500,16238800,4358500,3926200
2024-09-16,8425900,6037400,4734900,586200,3881100,947700,14733000,9869500,140100,5148600,64000,4676900,492800,4353900,10432300,18257900,4713500,31402400,1916500,6666900,8748800,5931200,2216100,4502200,740700,2453800,3474300,2378600,23289000,2507200,25722000,973400,1043200,543900,22585600,620800,7710600,2861100,14701600,36656100,944400,30866300,1148900,3317900,7249300,588500,167300,4144500,4256300,2065700,1783600,968900,7750700,5838600,26875000,37063700,6400800,6897800,7794600,4130200,19910600,4711900,3077200
2024-09-17,9256000,9658200,5398400,889900,2561700,273400,20623700,7307300,486300,4484600,73100,1785000,366400,2158800,14695900,29938500,5257100,27423900,3053600,7807000,5877400,5939500,3526400,4345900,2028400,3725800,1060500,714000,35563500,2793300,31732800,1380900,504100,458900,30084400,731000,7572000,3015200,15504300,49321000,2195700,31699400,1054900,1952300,8026200,549700,258900,2990700,8150000,2133600,1344300,710900,7129300,5881400,25034600,27893300,7820700,6990000,8404900,5919400,27963000,6280000,4307800
2024-09-18,6280000,7621200,5695700,1002000,3173600,301400,26010500,8454200,711800,4204200,473000,3807100,668500,4499800,17090300,24625600,11081100,39546900,9193200,8584500,6639100,7934100,4473300,4614400,1363900,5198300,1401700,1245000,54085200,5362600,35015500,1632900,966100,538100,39909200,1093500,8607300,4413300,35165900,59044900,1191400,48897000,2145900,2443800,8496600,656000,173600,5097000,6921300,3389900,1356300,852600,7547400,11155400,28209600,41783900,9191600,12741600,12935600,6234400,47034800,7148900,6634600
2024-09-19,5079800,8001100,5135600,726700,4073000,300200,41025500,9974100,281700,6376100,1898200,2266000,341500,4225200,16138200,55028200,6108200,48785900,5405800,16770800,4676900,10122100,3381600,6901000,1399800,3623500,1250800,777800,35369500,3615800,31216900,1553100,743400,586100,52782500,777300,9279900,2892600,18852800,75315500,1789600,39979800,1475000,4126900,5994800,617100,168900,4450200,5558400,2660200,1323200,745100,7295500,8351800,37806800,46457700,8957800,13934000,14934200,4552400,41536400,6717400,5865400
2024-09-20,8464900,6438700,4265000,617700,2902200,219100,33038100,7892400,396000,6623000,347400,2008900,292900,1873300,30075200,29824600,7737400,43626300,5577800,6580600,4115700,6167800,3733700,5085800,976700,8763600,1111600,1366700,34587500,4114600,29958900,2685000,1056000,475500,34577700,670700,10921800,4082500,21649400,77503100,1088700,37067600,1086400,1353300,5783800,506100,284200,3708500,5612700,2293600,1632700,678900,5975100,9617400,27961600,48699200,10907500,14492800,12719100,4839800,44279200,8541600,5552400
2024-09-23,8428100,6998800,6632500,658200,2318700,313900,24891700,6997700,249300,3480500,222600,5001000,517900,1946400,24198500,44176400,5426200,29049400,3479200,7491700,5023300,5069400,2678300,2950300,1157100,31440700,1352500,1368700,20157700,5527400,22919400,1592900,1208200,318500,24843000,634300,7689600,5030800,24206300,44116900,1208900,35703900,1366500,2837700,8026800,517100,187400,3320700,29289200,1920800,1460700,539000,8742600,5159800,26630200,31615300,8284000,7490600,11985900,4013700,23340600,6416400,7271200
2024-09-24,5803600,11580200,5017900,775400,2790700,250600,64472700,6855800,731200,5007100,416500,4524400,1405800,5483700,21431500,167712300,8386300,28674500,5322700,6580800,4632600,8084700,2792400,7122000,823800,7326000,948600,1131300,20939800,2437400,24719900,16430600,575600,357700,25952600,673000,9443100,8947900,41629900,46805700,1880400,31005400,1411000,2387000,6856300,621300,243200,3279000,4650600,1952100,1350300,603400,9822000,7918800,34627400,40341400,7507900,7025800,8985100,4103800,28105200,5341600,4059200
2024-09-25,9259100,5875800,4793100,813700,2048000,232100,41967800,11869000,267400,3972400,877800,1598800,561100,3429300,26106800,77309300,7393400,28899100,4024300,10455100,6353400,14928000,3450600,4101700,713900,31448300,1931000,1444000,23242300,2368300,32881300,7315400,497900,277200,26549900,1260700,10584900,4829100,26627000,38428600,1181600,36738200,856900,3469200,7740300,505200,183200,2466000,35418000,1744200,1458100,613700,10615400,5815400,27633600,32546900,4422400,6111600,6100900,3457000,16359200,5940100,3389800
2024-09-26,8124400,4937700,4919700,887700,2703700,375700,80876300,12875000,501000,6694400,235200,3169800,1171900,6563300,32485700,165220600,7041100,32732300,3965300,8026500,11037900,23604100,2345600,4135600,844900,8915300,1203300,1362600,24974700,5016400,20877100,11895500,543600,577900,32020200,789900,10354200,2321800,23692000,48336000,2141700,33332300,1387400,4593800,7675600,472500,154000,4776900,5273900,2616800,1310000,815600,9345700,10243400,46896400,31445200,6620700,9244800,8565600,4552700,19794600,6172900,4266400
2024-09-27,5033300,8616700,3927900,649900,3667700,427700,51540100,10690700,828400,8990200,357200,3617800,1143100,4236300,12888900,100738300,8329600,36712700,9018200,6207700,8260000,14238500,4658800,5766600,878900,7128700,1669900,1053300,23959600,3013800,25232000,14573500,817100,524700,22851100,916800,13143900,3208500,27109600,42100900,892400,28317600,1252200,3214700,7370200,579200,443700,4932800,5598600,2644100,2262500,767500,12020500,8498600,30489600,23226100,5859200,6093800,6432600,3613700,14804000,7312500,3441800
2024-09-30,9105400,11327400,5661900,1042600,3819800,380700,61400400,13424400,795000,5042300,1648000,3408400,553200,5333900,14547100,98506800,6916700,31551500,4001500,8902400,7854900,13085000,3630500,4623100,1034800,6090000,1050600,1154600,21938200,3398900,22728400,11650900,734600,555300,30281100,1017200,21598200,5176000,16578100,63557400,1592400,34175500,1477500,2338500,8297500,832100,218300,4207000,8013000,2828300,3446300,1191700,13600800,7373600,22806600,23593400,5321200,5500400,8468900,4929900,19014200,7233800,4572400
2024-10-01,8811400,13695700,6267100,1154100,5101300,339200,38648900,18430900,852900,5128000,794100,5785100,806400,4364800,19830300,96803000,10605500,45992200,6266900,11665600,10439200,13563800,5628000,6259600,1420900,5475700,1734200,1351000,30016000,4639200,36591300,8637000,954300,844600,42735400,1619600,13093500,4955500,23796400,72668800,3069000,45254200,2065400,13945000,9508300,1226400,404400,4240300,9198700,4874900,1328000,1082400,15944400,11546800,66114200,32703000,9398600,11295400,15725800,6453100,24362400,10560200,8229000
2024-10-02,11700900,7391800,6902500,1089900,2599600,271400,55790400,8335200,298100,4396300,459600,3468000,284300,2852200,19347600,222092500,6798800,41214300,8670400,7742100,5755700,15914000,2997500,5704700,853500,4400400,1855900,787700,14455400,2503200,29446700,16841200,599500,455900,23744000,725200,10701600,5697700,21103100,38097800,2561600,35810800,2149800,4093000,18025500,566900,455200,5161600,3270600,3637500,1353700,643600,11686700,10571400,41925200,37709400,5189700,4532400,10788300,4022000,16491600,7158400,7482400
2024-10-03,8751200,5394900,7733800,1126800,2534400,250000,31198300,9890500,593400,3879300,462300,5048000,860700,3988100,19315200,113214100,5674500,31147700,8834200,11556100,5313600,8032600,3157600,5397500,792800,2553800,1969500,1253600,21353000,2653200,24163200,12097000,771400,373100,25337200,802700,9858300,6480000,18907400,40846500,1590600,39677800,2002200,7082200,10946000,550800,175100,2664400,4008000,2369200,1152200,665500,12395300,13542600,44726000,23545700,6361400,5784800,11507900,3504500,24205400,5551000,7101400
2024-10-04,9639700,6208000,5218300,1060700,2520900,224900,29476800,8536100,183400,4020900,91600,3133200,480200,2590600,15078600,107027700,5947800,40122800,8654700,8878300,5168500,9264100,2531300,5885500,682200,2433500,949600,792000,27901500,2728400,33618100,9799100,630000,360000,30686600,744900,9511200,4013000,39083200,42939100,1919500,56954100,1333700,5843100,7660500,501100,826200,4602000,5354400,2335400,1013900,668800,8533900,11380200,35945600,40432000,5797100,5009200,12463000,5386100,25082800,6590100,7828200
2024-10-07,6382100,6735500,7044200,1330600,2632600,417400,42198000,7365100,491400,2930400,72700,2427500,341000,2579600,11230100,218993700,3849000,69202500,2530100,10152600,5395000,8966500,2889600,8277600,759600,2664300,933900,1051700,14891800,2147600,27106300,21376000,602300,463200,24975100,1077200,12602700,5052100,20872000,49964700,1643900,42606600,1523300,4353500,9049400,612900,152400,3420200,3970500,11465600,1649200,1180800,11884500,7800600,32519400,26599300,5737800,4430400,9270800,3793500,35284000,5922800,5202000
2024-10-08,7340100,5266500,8642400,1115900,1872900,364400,47817300,6339100,204700,2883400,158000,3096500,551500,2693500,10924700,322806900,7669800,40947200,10629200,5975200,4197200,16830900,3522500,6188200,612700,2307800,792400,1193600,18118600,3399100,27316000,13902400,474100,524300,28272000,891900,10086300,6423500,39037200,37398700,1951200,33709600,2067800,8048000,7346600,567200,157500,3773700,2626700,2164600,1170400,766500,13781800,8933800,39759800,28763000,4980600,7864800,8218300,4039700,26022200,4726600,4733200
2024-10-09,8218300,6200800,4997800,872400,3935100,279800,35395800,5370800,200900,2758400,91900,5988500,559000,1805600,25465800,100519700,4120500,42426500,3166800,6769200,5226700,14836700,3033500,4680500,852100,2048800,1353800,1253900,18230700,5893100,29951900,12398400,438500,529000,24995000,1034600,11862600,4166800,20157900,37912200,2538600,35807700,1699800,6501500,7445600,670700,206500,4120600,2941800,2123800,2245500,1454700,14915900,8562000,31519600,28334300,5064800,7579800,9276300,3338800,34288000,7840000,5537400
2024-10-10,5757700,4717800,4579000,961200,2179000,323200,18052400,5794400,197700,2604800,181600,1683900,331600,1957000,11874700,101466300,4792700,30091700,2936600,5959000,8595600,10162200,2777500,3756700,1640300,2197600,1043500,1028800,24571400,2306400,25932500,5989200,593600,450200,25750400,757200,9633300,3859500,18329100,44138100,1854500,53667400,1154600,4533100,9757000,546000,169600,2664300,3637600,2547200,1536600,868000,13793600,6764600,26047400,34127400,5495600,5692200,9122600,3659600,26326600,4385500,3259000
2024-10-11,4878600,6011000,8508000,726700,3753500,230700,28389200,6914900,370400,3398100,290100,2991300,3407000,2807600,14482900,80108800,5789500,26970800,2017700,5394100,6188000,18860800,2641000,3524000,533500,2591700,1464900,2774400,19950900,3369400,20079000,8901300,750400,546700,20644500,840600,9937900,3367200,17096600,42268000,1716200,27406400,1966300,3642400,6439400,524200,265200,2654000,5429200,1799500,1502400,927600,8903100,6631200,26414600,52850300,8764800,8849000,8741500,2312100,19332600,9354000,4991600
2024-10-14,3512600,4174900,3380100,842500,2180600,243200,20415200,6646200,279400,2416100,56300,2399400,733100,1953700,16173400,94628100,3922900,12065800,2166300,3850900,3649200,9891900,2132800,2336400,578900,1679300,1009400,1173100,19263300,1618200,4335400,6446900,344100,343900,26060100,511300,9085700,1849500,13515700,36217200,1095800,28795300,969700,3943200,5569400,620000,142500,2529100,2638900,1997000,1474500,708300,8111600,6217000,22198600,35850800,6817400,9810200,6263000,3542900,18041800,4819800,3566600
2024-10-15,7158700,5906400,4456200,1113700,3291200,338800,31270700,17667300,1192300,6168100,1549900,4287500,1988700,4177600,14772900,130081500,5640800,31134400,2728800,7736900,7463000,9475200,2946500,4664200,1121400,3872000,1122100,1543500,25998800,1357900,28673200,14678500,951200,581600,34784500,673300,11217500,3387000,16871700,54203600,911200,46429100,1531900,4116700,9881600,808500,426100,2808500,4811300,3260800,1723200,1090300,7197200,7717600,37839200,42356800,7808900,14179400,11287700,5176300,26427600,9088600,6855200
2024-10-16,4741300,5757300,7437800,683800,2583700,258200,25111200,5931800,713900,6439900,407500,2515600,782000,1759600,12831900,54401700,5431900,31626300,2245000,5041100,7312700,7019100,2258600,1976600,1183300,1842500,1441700,1030900,27656700,2918500,20474300,3032800,496100,438200,22996800,836100,9171700,2130700,17789700,30725400,681000,32281500,1257600,2195300,7796500,571400,167700,3177100,3237200,2215300,1582200,1399600,5157800,7465800,19877000,44973700,8207800,5758800,7720300,3662700,19099600,4510200,4607000
2024-10-17,5306300,4395800,4250400,620600,3462800,1186200,36885700,8904600,335600,3022100,558900,5331000,737000,2348700,11336900,68374500,5176200,46599300,4507200,5460200,6159600,9440200,2002300,4600200,665200,2731000,3347800,1576600,18003600,3056800,31476700,4333700,596500,611400,27210700,763500,8740400,2469600,15369500,34393700,1163900,43427200,901300,2541700,7427300,534700,182000,2904100,3225300,2810600,1599200,727300,5971400,5043600,21433400,45823400,5065100,6051200,7716400,2934000,23527200,5430000,3488800
2024-10-18,4973000,5286800,3930300,538400,2303700,297100,30391600,5863100,759100,2005800,953600,3717300,1146200,2411700,14186900,95862500,7833600,28905600,7175600,5174700,5087900,8257500,2238600,5016300,510500,4120400,1203200,791600,20047400,2896300,27372400,4327900,335500,293600,25335000,558200,8179200,1725600,45090400,37416800,964800,25258600,1207500,4342300,6601800,509300,122000,2080200,5070400,1822100,3218900,652800,4309000,6035600,24015200,34279600,4782100,4537000,8314200,3950800,14035200,9823900,3797000
2024-10-21,6873900,5874700,5259900,640000,2702600,438300,19614900,8009100,747700,3082600,410900,1827000,397500,2807800,9556300,42006300,9258600,36341500,6549300,6633600,5087400,14927500,2679000,8027300,627500,3512800,1055500,1046000,24243800,3355100,28320400,3074000,431300,280900,30336500,717300,12964900,3474300,36669700,36439000,1783100,49504700,706500,2941400,5380900,1124400,174400,4143000,3671400,2320100,1633000,985800,4572000,4343200,21162000,26207400,5216700,6322400,8704600,5938700,14811600,4825900,3304800
2024-10-22,11401800,4191500,4633000,897300,2306100,253500,19243400,5844200,351500,3750100,226300,2556100,808300,3211600,11700000,48538400,5756300,35466600,4308600,5433900,3579500,11838000,1882700,4037200,698200,2640900,1116400,887400,15813900,2365900,26001200,2965600,918100,261000,26685800,655000,11338300,4333300,37066100,34183800,1464100,32096900,904100,3782100,7385200,549300,135300,2530000,3366600,2029000,1975700,846300,5096100,6954000,17956400,30018700,8579700,6169200,8912400,4497400,17119200,5166900,3157600
2024-10-23,19659700,5462300,6429400,692400,4006500,175700,19822000,7556000,821400,7336800,582700,3546300,340800,2021200,14299400,33813200,8081000,39761500,5307800,6914300,6231400,5638300,2531900,4904800,1289400,2911600,1911500,866700,23263500,4278100,25425800,2404700,436800,319700,39346600,711500,11877000,3303900,37351700,49314600,1311000,33354200,2038500,2413400,5952300,722100,120300,2710500,5227800,2637300,1167800,1433900,6341900,6782600,19813200,20697200,8480700,6083600,6926500,4849500,19645000,4910200,4339000
2024-10-24,7559300,4689000,6219500,912500,1936600,378600,16257100,6522400,546700,4179000,154400,2393600,668600,2171900,16232300,39802900,5962200,30163900,3483700,5486300,7199600,7373500,2965500,4252000,722100,4080600,1047700,1014100,18381900,4286100,21021100,2067700,748400,308800,22024900,708800,8814500,2444500,29251500,34979900,1505000,32507400,1357800,2218600,10057900,529800,115200,2632300,4477800,2235600,1145000,1625800,5688700,5092000,17046600,19617500,6720400,4832800,6211500,3188600,13092000,5066300,6991400
2024-10-25,9028500,6048400,4641400,739800,2518800,285500,21428500,9288100,421200,3168200,249800,1323300,444100,2948200,14486700,29534300,4424500,35590200,2901100,6455300,6612200,4442200,2472600,4634800,885600,3781700,1386600,1276700,23807800,5020600,16040900,2507800,716700,301100,38762100,578500,9305200,2453000,19517500,47268200,1677500,28667100,1035000,3676100,6463300,564200,87000,3834800,4327200,2813700,1187500,1010000,6644300,7406600,19104600,25526500,6399300,8314800,6546900,4820700,17518200,5314500,5440000
2024-10-28,7362900,5718600,4582800,1002200,2912000,294300,15169300,6985000,325500,2905500,115600,3774900,612200,2544600,15516100,41390700,4029100,31854500,4269700,5447300,5167200,4511300,1852800,5575200,1029400,3635600,950700,825200,19877700,4230400,20935200,3348300,768700,403100,20477800,566100,10346800,2886400,16296900,30174700,1848300,33156500,1571900,7429100,6096600,502300,87400,2296500,3408000,1874300,1100000,1249500,5168900,7701600,24228000,31415900,7132200,5899200,5714200,3129100,14622800,4923500,4102400
2024-10-29,5421700,4704800,5543800,569300,2697700,235200,15439300,8778400,167400,4448000,190000,2352200,373500,2323900,11110500,42026100,8875500,42992200,9023700,8475400,9899700,6251900,2635300,3473700,656400,3912700,1948000,1583600,20282200,3368400,24075800,3343100,937900,386700,28014100,697000,10209700,2920500,22508800,42899700,8300200,46545200,1353600,4015900,10640200,529000,112000,2819600,3027600,2503400,1295500,1751800,4484500,7315600,23791600,27930900,11192300,7451600,9459900,4557100,27733000,7342600,4247000
2024-10-30,11188400,4965800,4610300,807900,2933600,287300,24149900,8828100,449800,6802400,127800,2499800,577000,2163900,13076200,29217600,6386200,28728700,3386300,6341100,8075200,9108300,3674500,6478400,1569900,3831000,976500,962600,19754800,4051400,25259100,2307300,605800,592600,29756000,795900,10503900,2949300,20900100,41435800,1174900,41951100,1180100,3934400,6885100,524300,92400,2930300,3067000,2204100,1034300,739600,5443000,10643600,19364200,28704300,10469000,8341200,8504800,5513800,20910600,9211800,4879800
2024-10-31,12754500,12141700,6115700,1172500,4297100,317300,43988700,19247600,358400,5205400,170800,2410800,695800,2422100,15048900,28257800,9930800,43194600,11368200,8662900,11004400,14359100,3061700,8088900,1188500,8318700,1918400,1228900,24078400,3915200,29424400,4569700,973300,601700,41245200,1933200,10905200,3751500,33075000,60182500,3683800,52173800,1595200,9183500,11686300,1010600,1602600,4946300,7972800,3027400,1674400,2585600,12630400,8106800,31623200,53417100,16640000,12110200,10905300,5866200,27516000,6701100,6197400
2024-11-01,10387300,15201500,6409800,672100,3856400,300100,17525900,9951300,842300,3371600,228600,1628200,5615600,2092300,25517100,26861800,6473000,44045700,5835100,15659500,9076900,9196100,3325300,5100800,1043500,3188800,1732400,809000,21222200,3066800,25142200,3045100,820300,614600,33655800,765600,9374000,5598400,22164900,45667500,2613400,80402000,1232500,4533400,8733500,735400,150100,4835200,6106900,2449400,1268000,2021100,9021100,6928000,26304600,40139900,7482300,11565800,7916100,6141400,30861000,6896900,7607600
2024-11-04,6629800,9477100,6860100,616600,3125400,269700,24674200,10280100,359200,2371900,158700,2267900,437500,2459900,22083200,49254600,4581400,27291200,3213100,8179300,6961700,16930000,2654400,3944400,895200,3496000,1926500,726100,20463700,3260200,24713500,1590800,1144200,570600,23291600,820500,10761000,2400700,13044500,38217000,1901900,49747600,1222800,3240200,11765000,561300,105400,3368200,3681500,2383900,1635300,1886700,5748600,15308600,25811800,41705600,6744400,6311800,6958900,6509900,27956200,5985900,4769200
2024-11-05,6663000,4689500,6236900,509300,3093100,230100,21398300,9596400,623600,3278700,127800,2574100,538400,3421800,19923800,49509800,6029900,31611900,2337200,8118500,5628900,5580700,2090300,4810200,820500,2988700,995400,1336900,26404600,5746200,23732500,3222300,823200,995100,24353600,828500,10098100,2808600,12188500,39478300,3188100,46986000,1730100,2839500,9292200,692900,99100,2398100,3300300,2060300,1910000,827900,5433600,7972800,20876600,35221800,7469400,7273000,5304800,4747500,19016200,5035300,4424200
2024-11-06,9158100,9978200,6382500,818600,7271800,827200,37143300,11746200,993200,3993100,344800,2673100,606000,5553000,30569000,89205700,14600200,43173100,10917700,15261400,7545300,7858000,7114400,8735800,1438700,5260500,3381000,1387000,75554600,6357600,38097900,13273500,2219900,828900,43082200,1038600,16061100,6637800,33038000,68182000,1828500,98895700,3170600,4179100,9072500,1323200,207500,6335400,7483300,5676800,2753200,1354200,7592600,12702800,50053200,153473400,17738800,10967800,18487700,12721600,32958800,10685600,9398600
2024-11-07,17402300,7827900,6590200,1471800,4267900,366000,39247600,11634100,528800,4614400,260500,3048200,779600,3395700,29784200,120391100,8821400,51325800,4299600,15674000,6903300,13294400,5039900,5216500,965700,3892800,1481300,1414000,34970300,5837100,24596700,16886100,1053300,492100,32853100,1169300,13223300,10555500,21432200,47233200,4425600,56221400,3401400,3133400,12732500,1033800,170100,4871300,6051300,4109000,2115800,1660200,7464700,19949800,26138000,70611400,10062400,10463000,17598100,10597900,37703200,9381600,8021000
2024-11-08,6199800,8280900,5398500,453300,5014300,301300,44833800,11540300,728500,5076700,165400,1723000,515700,3419300,39773500,154495900,6267900,30543400,27814500,12335300,7529400,14638300,5808200,3607400,862300,5485700,1729500,1691800,26597800,5349200,21113600,5625000,733600,13786600,22924500,1784400,11674000,3935000,20235200,46444900,2767200,56756200,1849300,2984700,9223900,919800,3303700,4093600,6798000,4142400,3111100,895700,9563800,8805600,22336800,60376500,8270000,7236400,11530300,7348100,28857200,8701100,7785800
2024-11-11,4501200,8165700,4372000,1303700,4065100,327500,21342300,5839600,455200,2468500,97400,2079200,696300,3466000,20309300,28330000,11653800,11008700,9869500,3980000,4659700,5967800,4364300,2656500,794100,3995600,1210800,1616400,29207700,1937600,7971100,5297300,797300,1426300,24167500,1005600,11164700,1567900,24582600,37586800,1465400,22369200,1678000,3272100,7435600,865500,102500,2279800,4893100,3200900,1613000,921700,7754800,7693600,20909400,63654700,8237000,7267200,9273800,7899300,26011000,6071900,9210000
2024-11-12,16775400,5526300,7197800,612000,3483000,285000,33946300,16613700,1024500,8155700,362600,5553600,1293800,4149400,16472600,91688500,10145500,44594900,7707100,8037600,11364400,12051900,4386800,7512600,779500,6449700,2138400,1988400,35314300,4133000,36203300,5531400,785800,1206400,25835300,903800,13235500,4609900,16561200,43006100,3034500,57908400,1464800,1905500,20244700,1071600,304900,4645800,4818600,3474800,1502900,926500,10307300,7078400,18500400,58512400,7161100,7530800,13518000,4972000,18703200,7022300,10535200
2024-11-13,15834900,4860500,5458100,652100,2631000,267200,26586800,14828900,564800,4318600,223000,2875200,1945300,4957400,17677300,35393100,8431700,33873600,8931800,6661800,8592800,8146800,5180300,7972000,1137200,3592600,2062100,954900,25947700,2530300,22942500,3551200,535800,948800,24567400,1084600,10503000,2909700,16530500,47388600,2857900,49009100,1612800,3449100,11300900,752800,1100500,2884300,3701600,2829100,1692000,1072100,8077600,6310000,23676200,31880700,6033400,6329600,6781600,5095000,16411800,5981200,5883400
2024-11-14,7312000,6138400,6643300,625800,2528300,262200,34443200,19039000,1977800,4324000,219100,2503600,1943900,4175800,19530700,42048600,8262400,32749300,6173000,7510000,11117300,8063000,2868100,4823600,907500,2687700,1805900,1006500,29272100,3238800,26889100,2422700,939100,717400,28679500,1272500,8902300,4405400,18059900,38904100,2095500,53328300,1377500,2088900,11520100,1449200,338300,3708000,3940300,3280800,3231500,1717500,5310000,5911400,18011000,38252800,9977100,6602000,7572200,4860400,17707400,7936700,4620200
2024-11-15,11844300,9715700,18467300,458000,3486900,619500,29127800,15433500,548900,5632200,201800,2379700,468400,6802100,15728900,32416100,7299500,33709500,5204600,16761500,21503000,13273400,3511500,4131200,2133300,5426600,4368700,2322700,37930000,4064300,27276300,3279100,841600,1087400,51461100,1164900,12549300,3299800,18838400,75988800,3513200,73722400,4372500,3629400,10970600,1248300,371400,2786400,7360100,4025800,1782400,1051300,5938200,6395600,28080400,40741500,6628500,11229800,11359100,5875700,23931400,14246100,7824800
2024-11-18,5260600,7387900,4964800,651400,2243000,220900,27765000,7772600,1307700,3377800,383000,1754900,1431100,3773100,15746800,38681500,6323400,27780900,5592000,4788200,8615000,6798100,3288300,5329500,847300,5775700,2345100,1583600,29368500,2567900,19399100,1379400,547300,654500,27080800,959300,11084400,2645000,15731300,37001700,1572000,36010600,1739400,3112000,12142200,786500,334100,2468100,4494500,2990100,1603800,1194000,6150600,7875200,23892600,27141600,6414200,6166800,8747600,3810800,14660200,7933100,4752200
2024-11-19,4735900,7470700,4900500,794800,3202500,291300,16624500,13402300,826200,3933900,799000,1402900,904400,2152400,10524100,22523600,6579100,34523200,4858900,4951500,8788500,4578700,3856900,4933000,778200,3747700,1911500,691000,26009400,3117600,21473200,1599500,1073700,613100,24523000,818000,11657500,2655600,12751100,49412000,1349300,29585100,3766600,3959400,10521400,867000,193400,3041600,6978400,2342200,1516100,882000,6387500,6540600,23796400,27014700,5554700,6906800,8020800,3693100,11750400,6205800,3935800
2024-11-20,5551100,5538200,6557800,521500,3956000,295600,18358000,12442000,837400,3348700,585300,1801300,1270700,2468600,15546300,35646500,6630700,19934000,4127900,5752900,12487000,8764700,3135900,5344400,880600,4696900,1280900,1469200,24222700,3447800,24792000,1516200,1312300,1111400,29565500,1847200,9201500,3362300,11137900,50032600,2465200,27755400,1600400,1362400,9005500,742700,191800,3143000,3949100,2670800,1405800,1006500,5727400,8345800,17917600,33932500,6527600,8874400,7687200,3198700,12196800,9328800,5979200
2024-11-21,6348500,5889700,5115500,619800,7558000,399300,16086900,9161200,286900,3260700,298300,1830600,1402200,2262900,20185900,22478000,7646400,28040000,3074400,5098200,16897100,8264700,3650800,6067000,1042900,4175400,1873700,1522900,28679400,3638000,22507400,1904000,807300,912900,34526700,934200,11132500,2565700,11030500,46750300,2007300,28365700,1744500,1848100,12278500,773200,160500,2988600,4530600,2560700,1742000,823200,7958500,8402400,33541000,50881800,9677300,10591800,8185800,3070100,21764000,7969600,5468400
2024-11-22,4989600,6694300,10409500,534800,5492800,269700,14104100,16809800,436300,7229300,413400,1080800,592200,2645600,15135100,53262300,7503000,29564900,4238800,5373900,7093900,7184400,3141900,7402100,942700,3302700,1773300,1350300,22693100,2484200,13813000,2954100,1087600,583700,23826600,742200,12227600,2352200,13173900,38226400,1541900,21547500,1633600,2573800,8174700,675500,253100,2943700,5574600,2639800,1578900,724700,9676600,5857200,21555600,42050800,7924300,7090800,7703800,3333900,15761400,6330300,4550600
2024-11-25,9246200,5107700,10207100,609800,2976100,311300,18855100,24934100,421900,4668600,1536600,2632400,1941100,2555700,14315500,24744100,10733100,35003000,7724200,7716000,9263700,8299600,5004800,9049500,795800,4637900,2168100,1021300,33534000,3732400,21678000,2544800,1527100,936700,26375200,2910600,12321500,3579100,22478400,42441400,2028500,56858000,2441800,3299000,9054400,948100,840900,4001200,4305000,3384600,1475100,970500,7512400,7524600,32950600,47492500,7411700,11137200,8243100,4625700,14253800,6834300,7360400
2024-11-26,11303100,6692000,5537900,1010500,4126500,269400,19119700,9360800,1090100,5239100,854000,1410700,1832000,2757500,17932800,22186000,4945900,41103500,4047700,5093100,8931300,5457500,4767700,3555900,1628400,4413200,1935800,924400,22581400,3404800,25005000,1622700,1868300,626100,26557100,864900,11306600,6597200,10484700,45621300,2612500,31122200,1750400,2882200,8338900,765500,170200,2774500,4438600,3292800,1559900,893400,6829600,6104600,24932800,28418400,6524900,6229400,6973600,3183800,17374800,6018400,3979600
2024-11-27,8749800,6120700,5366600,560700,2985900,348800,17922000,7477900,281500,4889800,416200,2096200,693100,1708100,40329900,43782000,6930600,30239600,7452800,5587600,12378900,10236300,2964300,3603900,934900,4669400,1672000,1259000,19472800,1980700,23584000,2072300,863100,735100,24957400,630100,10547500,2463400,22858600,34000200,2106700,39442200,1441600,1575900,8229600,762600,581600,2383100,3312200,2730500,1434500,823500,6838300,14047400,15595600,31803700,5561100,6369400,7067800,3531500,17156600,5952800,3829000
2024-11-29,9623200,9410500,3870800,419000,3474100,186000,17372200,11643900,411600,4501900,381700,1401300,765900,4213500,47931600,23104600,2708500,25037800,2425500,5136200,5892000,6521800,1940500,4676900,740400,3132700,1001300,575800,16782700,982900,11838900,1543000,616600,400400,15334000,553400,7685300,1597600,9663900,30177400,2221400,31905700,1104600,1757600,5491000,450300,108500,1922400,3988700,1811900,625400,747400,5041200,4265200,13636400,15178400,3091500,4168400,4982600,3737500,9234800,3521200,1771400
2024-12-02,18397600,12973900,6212800,563000,2661200,577300,16508700,15721100,721200,5485100,795900,3928200,759500,5716600,26922900,25058400,4765000,32387400,5103900,5950600,10649400,11903300,6416300,3251600,872200,6048800,3281600,1996700,25274800,3129200,33409400,2084600,867400,882700,25147200,961000,15555700,5102300,9925400,31746000,10473300,39406000,1560300,3553900,9293000,1077800,265900,3659400,5441000,3583700,1866000,1487700,7995000,12785600,22190000,55483600,6217500,9398200,10750100,4837300,22084200,6220800,8134800
2024-12-03,6889800,5673500,6249200,482300,1697400,348700,49462500,13289900,4134800,9106200,870000,2548900,1695400,43627300,16169200,34867900,3557800,24868500,3199000,5364800,6989400,6947000,3030500,3636900,828300,4839900,1808900,2556700,21376700,2005200,27394800,2114600,808000,541300,18597900,675900,13097900,3950600,14543600,26906600,2072500,32768900,1864800,3199100,10515400,894500,172100,1992500,4202900,2101200,1646700,1022500,6459700,11099200,17886600,46924300,4528000,5576000,11053200,4164900,18853600,4236200,7051400
2024-12-04,7448900,5963400,6769700,875600,3694400,435000,21339100,10434400,663400,6875200,3577500,2611400,5220100,6900900,16085000,46481600,4608600,22733500,4012000,5908800,9473500,6423900,4264700,3229200,1884600,7524500,2112000,1695200,19903000,2434900,22704100,3281900,534300,480800,26086200,860900,16023900,3935400,22762400,42787600,2743300,35851100,864000,2784100,8881800,1067400,177000,2220300,5490300,3258100,2726100,1905700,5962800,10865800,32518000,41017400,5727700,10840000,10100900,3315800,24169400,5597400,5539400
2024-12-05,8786700,5880200,6146200,407000,1917600,382100,23736100,11910800,775600,2903900,477700,1555300,739800,3655200,18387100,27663000,4806200,23106300,3758900,5210300,6569200,5387400,2987300,4501700,1087100,3119000,1737500,1012800,20227000,1608400,16792500,1072300,573800,382000,18169600,1031400,12749200,2517700,16123000,28762200,1712900,23695800,1288800,1525200,9564000,875300,162100,2922300,3021600,2183400,1672100,1079600,8518300,12762800,22662400,33599300,5233900,5638000,12639000,2971300,14226000,8948700,7321000
2024-12-06,12890600,5706600,4880500,437900,1973900,434000,13142400,7072500,849400,2825400,361400,1442600,1667800,5103600,22627900,27635500,3540700,29931300,6142600,6880200,5026100,5696200,3519600,4916200,1241100,4985800,2104900,1212700,20760900,2373800,16668800,2047100,591800,391600,23762600,752700,12671900,5705800,13195500,31241500,1557400,31761500,970300,3083800,6815900,1033200,156400,1866100,5134900,2332900,1532500,1488800,5264300,7131000,26206600,23439400,5432800,6654200,7180600,3624700,14228600,6545200,4889200
2024-12-09,10689000,8793100,5432900,698400,1998600,518800,34841300,7801100,3603900,2658500,465400,1382300,1730400,7313100,13633900,181398000,4711500,22095100,4664100,4303100,6425100,7007000,2767200,4922100,1242600,2973800,2101700,1607700,16684300,1596000,21149300,13323900,806900,1654100,20674400,1079500,19540700,4641600,37481100,34742700,1239200,30509600,1074600,2061700,8655500,1181700,153000,2871900,4412300,2953900,1716400,919300,8016800,9417600,23627800,41998300,7434200,8032400,11614000,5211000,21053800,6258600,6513800
2024-12-10,5984500,5400300,5751900,864200,2461000,549300,26979800,10662800,354000,2204400,368900,3861800,546200,3085900,17605100,93050100,4642000,27195200,2917100,3543400,5684800,7176300,3667600,3896800,1541700,4489100,2287100,1074300,19946500,2227700,19497500,7387100,823900,1338900,24350000,1005800,17529000,2919500,43997000,37234500,1925100,28706500,1896500,2475900,8813900,3064600,315400,2902100,4110100,2557100,1648300,1416300,4972700,7718600,23299800,38861800,7382800,11234400,8497200,4090500,20319000,7200500,7630800
2024-12-11,8095800,5845900,4642900,539800,2084300,538400,20405600,11858900,627400,5726400,270700,1518100,958300,5578000,50549200,36810600,11033800,24730000,7037100,6452800,6864800,10273600,3558500,2266600,973800,4892100,2738900,1285100,23156900,3612800,24516500,5404500,499600,698600,32168600,704100,15896100,2453000,23582300,28677700,1200500,38748400,1772000,3061900,10432000,1262000,121300,4294900,3514400,2235300,2423400,1069200,10085600,12288200,23147600,35035900,6168900,8689600,9046100,4988900,14759600,6895000,5734800
2024-12-12,12353100,4770200,6880600,360700,3585300,450500,17662900,8623800,279000,2527000,290800,1995600,711300,2079600,41706700,28552400,10149600,29081600,6261000,4518000,6103600,8569800,2990300,7484800,1909200,5830800,1924400,989000,21454500,3723800,24747600,2721600,705100,935200,23577500,629800,14370700,3185000,34794100,31543800,1836700,45368400,1566600,2830100,10216500,1296200,156900,2255100,4048600,2120000,1697100,1076100,5510300,7294000,21746200,23107300,7081600,7218200,5410800,3418100,15425000,5994200,4871800
2024-12-13,6566300,6271900,5171400,1165700,2548400,448300,19381200,10116600,302900,3062500,198800,1062800,1477600,2642800,26773400,45698900,6602600,34201100,5438400,5230100,6180400,6865000,2926400,4824100,1418100,9728800,2263100,848900,23972900,3253200,13195000,2063800,579800,836700,28780400,955000,16919700,2420800,20326700,35904700,1480300,39486000,809500,2713400,10514700,1636800,181700,2796200,4666900,2279200,1367700,1225500,5686500,8098800,22346000,39160400,6709900,8677000,8154300,3833300,13808400,7599400,5382400
2024-12-16,7124100,6761700,7871100,832900,1987500,2053600,32259800,25547700,887600,3234000,533500,3066600,628200,3792400,32671800,38044500,3310000,22269000,3704600,4607600,11566000,7542900,4468700,4721300,783100,23494300,8236400,3693600,32293500,3640800,18893000,1675200,1347600,993500,31979900,1977000,24794000,2930300,9124900,43695200,2852400,23482300,1092800,1947900,27011200,1359100,867700,3644900,22846800,2545400,2305500,1048000,7880700,10486600,25036200,35242800,6573400,9442600,6495000,3642900,16121000,9476600,6013600
2024-12-17,7239200,5827400,6084800,386300,3130300,734400,30224000,13934900,343200,3230800,800600,1873300,1497600,3410900,41871900,45801800,4421300,29039500,4223700,4881100,8661600,9772600,4515200,7627400,978100,20235900,3756300,1384900,33064300,3090600,29945700,2795700,973000,968500,28579100,798200,17417900,2492600,17504700,55773500,1375700,23839900,1847000,2140100,11807500,1455900,249800,3020200,6110900,3059900,1964300,1081000,9017700,8289800,32011600,46103300,6861700,8145000,8535900,5319100,15876800,10280100,10221000
2024-12-18,14261400,9268200,7962700,1348900,6135700,852800,33249500,16470400,633100,4300800,481400,4292800,981300,4670500,65477800,35935300,8015800,80034500,7227700,11553900,12928800,7300200,5755000,7272000,2200900,33342500,4518900,2054100,52267500,5433100,36753900,1696100,1363000,1253700,54703200,1295100,20344000,6931400,27794500,108248700,2634500,61328400,2250000,2338100,12065600,1463100,342500,5409800,24584900,3890900,2398100,1411200,10539000,14797400,39241200,72399500,13428100,16927200,17223000,9802600,29811800,14448100,14405000
2024-12-19,15490100,13876400,7669100,2166500,4948000,1139300,31146900,17486600,522600,4716000,376200,2442500,1208700,3218900,49259800,24070600,8111400,69005700,3855400,9273800,11654000,12809600,6162000,5978100,2969100,19020700,5317000,1697500,51871700,6862100,40479900,1738800,1225800,1628400,46441800,1380400,22797700,12522700,31083900,85919500,5926400,99083300,4581200,2099400,21518700,2097300,548600,5403600,16792100,4826200,2554800,1374300,11289300,12495600,49981400,63641000,12507400,13383400,15778400,8386500,27076400,11929300,13205200
2024-12-20,8657700,12690000,6696400,1507300,6069600,804500,25512200,20878200,475400,5425500,306000,2896700,1742600,3401900,46157900,28389000,9527800,63276200,5019400,6070900,12586800,18734000,5225400,8176400,1633800,16782900,5795300,2709900,53882200,4355300,27608300,2358300,2150100,1269700,60530000,1271400,35339500,3495400,17487600,125716700,3304900,45542400,1947600,1599800,21038900,1788400,473000,7622200,9389400,3837000,3038500,1255300,12254500,14684600,35704800,56066100,11849600,14924800,11035400,9792600,25188600,12098400,10915800
2024-12-23,10540800,6572800,7605400,1414200,2602700,973100,17955400,10491200,399000,5074000,248400,2025100,1277200,2484800,30378300,24155100,5835500,29239400,4704500,5954500,14584700,10181600,3856400,5075100,1298300,16542300,3389600,1404000,29606800,2839700,13091800,1159800,851300,632100,29672800,1036900,22013800,2933800,14473900,57635800,2272500,32764600,1568100,1894400,23194300,1812900,378000,4548900,7063400,3704500,2698800,1477700,12668200,11338400,34445400,43033300,8022300,7973400,11469000,6917200,20114400,8050500,5922400
2024-12-24,4739300,4145600,4185300,549500,1431700,651400,7066800,5585200,518300,1630500,187100,503700,620600,1563000,4714800,20218100,2421000,11926100,1216700,3076100,5819900,4077400,1342800,1590000,526000,2365700,1822000,601900,13399600,1843700,6215300,695200,495600,400400,17558200,442300,9522500,1583800,3967700,33160100,704400,22377600,566100,1011800,12487500,984000,101400,2182600,3439300,2642200,2055000,913000,6401300,5502400,15024200,18350500,2972900,4653400,3932600,2812100,9010200,3139300,2552600
2024-12-26,10620200,6192000,8714400,1139700,1867400,668600,16152200,10784900,480300,2345000,216600,1161100,1190700,2212800,14414100,23393200,4645100,18384900,2383900,3703300,7932900,6570400,2905600,1586200,838700,10375300,2308000,1175900,20024800,1527600,12454800,801000,689000,365600,19090500,557600,14128100,1758100,8244000,41219100,1175800,19981800,841100,1808600,15281600,1444900,154300,2577400,4492000,4307800,2724400,1018200,9727900,6517600,15386400,20805600,4749500,7150800,4253700,4044800,10114000,4720300,4109600
2024-12-27,8601300,6143500,9018700,1418400,2429100,931800,22672400,15819700,641700,4033500,758900,1927800,1343000,2595000,19290800,23765500,4728100,20631800,2654200,3752500,9333500,6751900,2962200,3244900,1644900,7034200,5183300,1483200,26956000,1587600,13908400,1326800,885300,758600,33839600,700800,16074000,3668600,9643500,64969300,1359200,27262300,866200,1462000,22394000,1127600,343600,3816700,7077100,3636800,2653200,1286600,11621300,8568000,20369800,33852400,6060000,8726400,6601700,4588800,13805400,5948000,6097200
2024-12-30,10154500,8990100,8054500,938700,3858300,655200,25055000,16427600,502200,3564800,361400,1019900,1235700,2556600,22151300,26100700,3522500,20659200,2624600,4797700,11825200,11592700,5050500,3240400,2080600,3730600,3012300,1793700,25706100,1844200,9141400,1688200,1362400,936900,34584000,681200,16946400,7397300,18853900,56578800,6392500,48519600,1285500,1621000,17423400,1728900,849800,4402400,6505100,4968500,2514800,1108700,9244100,7528200,23545400,34819800,8725500,7950400,7249300,4493500,16870000,6890300,5413000
2024-12-31,12276700,7301500,8724200,778400,2442700,500500,40524000,21393500,824300,2759000,401800,1033100,1135400,1647600,10680200,22893300,2522100,18664900,3248800,5856000,9401800,8112600,4369600,2907300,1605400,7228800,4513700,944000,26208300,1825000,10768700,1417100,940800,1508600,29117000,2818700,13234100,3167100,8008400,57052700,2971800,31917300,1619900,1273500,14787400,1149300,1557400,5045100,6040800,3893200,3187000,2316900,8915800,8883200,21165000,25170500,6009800,9381200,6125500,7590600,12605400,6626900,5250800
2025-01-02,5547700,10756900,8053300,1027300,4231500,672400,25287200,12756600,1613800,4485900,545600,2148700,1620100,2567400,18808700,40394200,6241900,30415400,4048400,5034800,10937900,7314000,4150100,5788000,2083700,9400400,3043100,1395000,29363000,3681500,19098100,2955000,1054100,920700,36389800,1252200,17005200,3948300,12368000,50204000,3753600,27841300,1399200,3269400,13721300,1183800,436500,5296100,7142700,3796400,2533300,1505700,9015000,20004200,34887000,35879100,7227600,12766600,9321800,9786400,24103400,8973000,9166400
2025-01-03,5331000,7837900,6857000,760000,2203200,361300,17706000,12548800,382700,3699900,149600,1430500,805400,3661100,15003900,28060800,4872100,32611000,3330600,2863700,13396600,9080900,4248300,3972800,2332900,5867300,2526400,1187000,24525300,1540400,22610500,1446400,715600,795000,29059500,760700,11470500,2804100,8637600,37888500,2283800,21962200,1276900,1875300,13622400,923200,204400,3469900,6416300,2726800,1721700,943700,7090300,19348400,22120800,25198100,7676100,9117600,6991300,5128600,17767000,8288700,6501000
2025-01-06,9248300,7827100,5375700,678700,3463300,456500,26200900,16201800,491400,5238700,236400,4842100,1091300,4912300,22129400,48937300,3758900,32110000,3789000,3894600,10938200,6821700,4338800,5532300,1891400,4188000,3521400,2955600,23541900,2800100,24302200,3479800,807000,794200,36109700,1500900,22820300,2324300,13037000,47679400,4278000,30231500,1739900,2141800,11852500,1526000,498800,4206500,5983400,3678600,2368200,1513700,14552900,16602000,22835200,54289900,6899500,8975400,9275700,5980200,25623800,8653300,6785400
2025-01-07,9153300,6956800,7875900,787100,2053900,409100,30912500,9393200,830900,4052300,532400,4525700,1460800,3341500,28764100,33611300,5090300,43790200,5951900,5524400,7303300,4598900,3894100,5840100,1595200,3810700,1730800,1286700,28835200,3764900,25115700,2081000,1066500,915200,36690300,893800,16406000,4035500,17407700,60393100,6720600,41757200,1638000,3912400,11744600,832000,281600,5679000,5383200,3317000,2218500,1334500,9112700,23069000,25035800,57682700,6841200,10006800,11112800,8867700,22856400,12639700,5554000
2025-01-08,7444500,6673100,5844300,425600,2020200,369200,20257500,7894800,766000,3607300,441100,3313200,1130900,5101800,16795000,27248500,6303300,35304900,4796300,6402900,6879900,11192500,3639900,3481200,1263400,5303600,2235000,1631400,26795900,3348200,30143800,3759200,559500,943300,30777800,2389400,13723600,2747600,12926300,47304700,2661800,44590800,1745800,3259100,10278100,800000,1641700,5250300,4317000,2971300,2055400,1103600,7991900,15743000,28483800,36422000,8277600,10023800,9277400,6312800,26845800,7827400,5309200
2025-01-10,9822000,10112200,9602400,1089400,3415500,950100,42204300,12021900,2746700,3805000,247400,3082800,1524200,4427400,14737800,58206400,12380100,37417300,10078700,8210900,11696600,12602500,7189900,5755500,2181100,5881200,4502400,1380500,37379400,3055400,24613500,3669800,960100,1026100,40532500,1262000,22011200,6188500,24079100,73105000,4238600,47115800,1504200,5048700,14645500,1788100,523100,10056500,7935200,4403700,2659300,1811900,13572400,18553600,34075800,53128700,9997300,11665800,13943200,8343100,31217000,10343700,6869400
2025-01-13,10420700,7854400,11856300,1281800,2608100,532700,28154900,12019700,1495500,4544600,457400,3094900,5157000,2671800,13659400,28062300,8448600,39180700,4420500,5094300,9232400,8936000,5558200,6515900,1736600,3658800,4167900,2073600,28603800,4508500,18873300,6034700,677400,660300,31694200,1901100,17826400,4855000,16965400,47910100,1671800,33258900,2480500,5060500,13679300,1995200,343900,3740200,5621000,3633300,3199700,1796700,8281800,20014800,48896200,36002800,8365400,10656000,9490900,5769300,24891600,9422200,5422000
2025-01-14,5487600,6078300,5166000,476300,2643300,225300,23438600,9963200,807100,3784500,1039100,8238200,3224400,3510300,13166400,46306600,4914800,29581100,2558600,4365500,15552100,9368200,4259500,4204900,1710900,4063200,1613900,924700,25447500,3827800,27585200,4489900,1093500,1055800,33737200,1012000,14077400,2281900,11798000,48420600,1100800,33412900,3256100,4679800,16618600,744100,485800,3829900,8820000,3803700,2790200,1908300,20008000,13084600,31173000,39353300,6746700,7220200,7763700,5022100,19675000,10277800,6762200
2025-01-15,9563000,7253800,5867900,936700,4059800,394900,22557000,12144700,763800,3968300,206100,3094900,3100500,3538900,22435300,31613300,6345000,53574900,5123900,7846600,14707900,6778600,4335200,3905100,876500,5156300,1751300,2776000,30124700,2864800,32123600,1158200,661800,1275500,34957600,1138200,12225300,3694300,19890700,56900200,2803400,54120700,2063100,4891900,9213400,797900,478700,3886700,5307300,2815300,2367900,2502900,8989900,12564200,34657800,61176900,9184200,10465400,11426800,6511000,21360400,11388400,6197400
2025-01-16,9810800,6997800,8494100,743300,2532500,1677100,17711400,17925700,752000,4016400,784100,4075200,2994400,2884200,24915500,20134000,9236000,32363000,6770500,7550900,10956000,6796500,3487500,3780800,959200,4562400,6845400,3373800,21029800,2611500,24583300,937700,858300,1021800,28229000,869900,13454400,4775000,20900100,43319700,2669400,34651100,1523900,3607100,20460100,1142100,159700,4112800,3632800,3130300,2827900,1216000,7984200,11550400,25230600,33830400,6556500,5368400,11223400,5600900,30415000,8512100,4851800
2025-01-17,5360200,7745500,5600200,699600,2771000,501100,30692300,10667100,526200,2116600,158900,2366300,891500,3437700,22205400,59696000,8312900,29546400,4246100,3912800,9000900,4908300,3816700,5475000,927000,4002700,2497400,1859300,26754900,3528800,18912000,2633100,544000,738100,51837900,1840500,15361500,2248500,18974600,58070600,1068100,29875600,1209900,2297600,8939500,1079800,240500,3672400,6558700,2603200,2807200,1683800,7930500,11589000,23899600,43693100,6869200,6742600,10524800,4913400,14668800,7668100,3884600
2025-01-21,7725900,10266200,8491600,661300,2113800,1044900,16728200,13169100,813400,4044700,384900,4170900,1378100,4194800,18353100,35805700,7668100,32962700,5817000,4431300,7479300,5877000,3173900,7076800,1373000,7109800,5115200,1845900,26086300,2929100,20670600,2444100,715900,679200,23628000,1063100,21390200,2400400,15214400,42532900,2552600,30548600,1479200,2410900,17207900,2110800,351400,3634900,5301700,3893500,2943300,1479800,8541700,10348000,49302000,33267500,12177700,6744200,8849500,6105700,21633400,7257800,6036600
2025-01-22,7283400,6019200,6616600,686100,3724100,403600,16894600,8666700,290200,2769500,180800,2353800,722900,3612200,24726500,27859600,5213800,25028500,4875700,3656400,7589200,9344300,3603700,5556300,1253600,3865300,1866000,728200,21307300,1906900,18418900,867800,828000,2978500,33593000,902100,15660900,2706800,21195100,48196000,1549800,25278400,1265200,2798000,7315700,760800,375300,2966300,4780000,3515700,2017400,1211900,8276000,11894200,35880200,37226400,7206000,10243800,8357500,5837100,23644800,8189900,4948800
2025-01-23,7707000,6561500,7529700,920300,2352500,421600,15212800,10977200,1103700,2686500,398600,1296700,778200,2012400,26975000,22683400,6511500,27434800,4447400,4860900,7610400,7210400,4451500,4430900,1524700,4935900,2372100,1455600,20850700,2916300,18118300,1134800,771800,1482600,23096600,1208900,14818700,3378500,23481100,41152100,2548900,31949000,1605400,3803200,9509900,1147200,278200,2706900,6217900,2647800,1723700,1040900,5612200,8568400,29359200,32048800,7353400,7604400,7562500,3916200,21585000,8032900,3888800
2025-01-24,6459400,7242200,5555700,532200,2022000,283800,20962800,7578400,1230900,2731600,182800,1869600,559600,2037700,22286000,54730900,7341300,23648600,4306100,4468700,8073800,6164100,4033000,7540700,1227500,4319400,2096600,759400,19074500,1795900,13020200,1445600,719800,584800,19878300,775200,11739400,2190000,13750100,34604700,1654800,21110400,840200,1922700,8032400,936900,114800,3267300,3612100,2359000,1804100,877500,5863400,6300000,29156800,39088700,6457700,6607600,6685300,4038800,16769600,8127900,3543400
2025-01-27,7602000,7909600,8621200,957900,3822400,1513900,25964200,13559100,764200,3199600,442700,9212900,2381100,6111400,20597600,54333200,5799800,28540600,6761900,4297100,7675900,10459600,4742900,6545700,1497100,4649800,4961500,3156100,27461700,1766500,18954300,1770400,1842700,1325500,60771700,677700,21061100,3639700,22691500,70361100,3059000,42864200,1863200,1954800,17764500,1477200,307300,4107700,7617400,5321300,3837600,1714100,8042500,12938800,31993400,61707400,10909300,20705600,17519900,11135800,42448200,12311300,7069800
2025-01-28,5730300,6485500,4424300,414700,2233500,439600,22438200,9458300,393000,2162600,629200,2166500,579000,3133900,17172200,48279000,5332000,30439900,5485900,3906600,5987600,5410300,2767000,3214800,1060100,5644500,1463300,2134000,16847400,2537900,22253100,5882400,725100,842500,33194200,905700,14748400,2980500,15636500,44433300,1363400,25519100,2053000,1592300,8915200,784100,374700,2373800,4164700,2717300,1905400,1029100,6716500,9287600,37401800,39885300,8900000,11260600,11664900,4366300,28540200,9686400,5211000
2025-01-29,5912800,5688800,5780200,1188300,2225100,394400,24922400,7875400,735900,7954000,344600,3887600,822900,2844300,15951400,49031500,5671800,20072100,5875600,4918400,7187400,6401900,4307900,4648200,935800,5827800,1487800,1167200,20280500,2532100,24969100,5474900,859000,631200,26649000,3288400,11720300,2849200,28857800,37177400,941400,25342800,1415900,1670500,9510800,822400,238500,2820000,4174500,2620200,2279200,1055400,8798900,9020200,20681800,43612200,9100900,9050000,10195100,3945600,19130800,8159100,6538000
2025-01-30,6802900,7369900,5622300,862300,2322600,446900,30450300,13792100,1177900,2437000,133100,1881200,840900,3698200,34801900,77522000,12981200,34495300,7054900,4365600,6284600,11555800,3129100,5895000,1030100,2901100,2312200,2375800,25575100,2657100,22709300,2949200,1166600,657500,27431300,1429500,15498900,1956300,38787700,39281300,1530500,25094900,1712900,2238600,12208500,1079400,338300,3485100,4296500,2891200,2605200,1029300,7179100,12398200,39092600,64250500,8169600,8840200,8192000,4481500,18712600,7705200,5386400
2025-01-31,10750100,13634400,6738300,1622200,3085400,605500,29974700,14935000,1401900,5203200,709500,5564800,1844700,5369000,34152400,80091000,8961100,37101100,6713700,6277400,12903400,11142800,3536900,7149000,1297900,5415400,2417400,1113500,35330700,1906900,28454600,5019900,1100100,1044500,38755200,2191700,15426900,2987300,26107000,66566900,2848200,48790100,2082400,3538900,14215900,1039400,286800,2566200,6233900,3335000,2599500,1009000,9874200,13902800,44537400,40424200,10144700,10741800,10269000,4730300,19669600,9211800,5092600
2025-02-03,9977100,17508900,7163800,1027100,4527700,547600,37505700,14997600,2579900,5195500,384100,3235600,1955700,4539700,31448300,50166400,11521100,29965100,9447800,8294000,12682500,12365200,6266800,4275800,1913300,4540200,2073000,1108800,34023300,3205900,21155000,4381800,1842900,1069400,40580800,1249800,19749100,3483200,31728900,65857200,5060500,70657200,2051500,4200200,14542000,1409100,498800,5187600,7824000,5037700,3780000,2085600,14712300,21249600,39816400,77416200,13906700,13752800,13340800,7439600,28118800,13001500,7460000
2025-02-04,8483500,9295900,7296200,1188200,1890500,529100,26992900,10608300,770500,2502500,216100,2921200,1004600,2551600,23408000,57845400,9850400,28938600,5745200,6742300,7640300,7248700,3358200,5383900,1227900,3340800,1904700,2050300,17985500,2385800,25086200,2013200,740400,976000,26046800,807100,11507200,3232500,41977300,33457800,3018800,33414000,1576100,6136900,8354100,792400,158000,3371500,4181400,2601900,2285500,942700,5600900,19718400,40279800,41742700,7577200,8371200,9307500,4559300,20498200,11762000,3987000
2025-02-05,9716700,6249600,8981700,629800,2273400,271100,21829200,7857000,478100,4840200,342400,2052400,842200,2384000,19579400,43692700,12681100,31834000,9173700,6576300,5645200,12886700,2706200,2659000,786800,2787600,1530400,1017100,15197300,2153500,30119200,2427600,416400,864800,21134100,1862400,10937300,3456200,34873700,30653100,2186500,48331200,1225400,1985200,11821800,1726200,378600,3310400,3424200,2226200,4200000,1117400,5502100,14194200,21772000,34758600,8179200,5398000,8847800,4356900,15992600,10042300,5902800
2025-02-06,6629400,8308300,5722100,1111400,1867200,511700,19365700,7806500,873800,3382700,210700,1373600,622200,2376600,18221600,35769800,8731400,24224100,5222300,5268500,9285000,6096200,3332700,5626300,911500,5303600,1155500,1434100,18809400,1935700,22557700,1650200,1046100,1279100,19434500,1305300,13422000,2083200,17723200,35771500,1366000,22509900,1026300,2168400,9964500,1166200,844300,3468600,3606300,2899800,1716400,1029100,6457500,15303000,41309600,34355900,7368300,6808000,9846300,3680600,12820800,12422100,6045800
2025-02-07,6422300,6391100,6415300,562700,2259200,440300,32804300,13110800,1786300,7605600,388300,2347600,660100,3677900,29032800,85505200,9154000,28778200,8020200,4565300,9481700,10664600,3971300,5697300,1138600,4828400,1373700,1135000,28914400,2258200,23911000,8219600,886800,1082200,29605500,1001000,14970000,3488900,26954000,50788500,3189500,31171200,1027900,2013900,13414400,950700,359900,2516200,10161600,3632000,2652100,1030700,8334900,13545600,22568400,40601400,10408900,8552800,8104000,5337100,14330400,11199700,5536400
2025-02-10,6038700,5466500,5439200,1099800,1858100,332000,19596700,7287300,476100,2548000,1196600,1252200,589900,2080800,17456000,56515200,13250300,23382600,10280900,3229100,10215700,11678400,2486700,3325200,1083100,2091800,1316900,738800,14574700,1692700,15302300,3502000,765600,1208200,20852800,1096900,11902600,2573000,14171300,26048700,1028500,22736100,965100,2814500,7178100,1141600,250100,2195400,3517600,2623900,2249600,1172600,4835700,8950400,25871400,37921500,5446400,6054200,7949600,3907600,10664200,7374300,5963800
2025-02-11,8001100,6959400,6870800,693700,1436200,288100,19596800,7583700,866600,2063700,456300,2183600,4601800,3242800,12674800,44741600,7169500,24410000,6019900,3379500,8168400,8865300,4664400,4847300,1101800,3962700,736400,1009400,18215700,2457100,19478800,1951600,899500,1533900,19325500,681900,11203800,2861900,13779100,30056700,1493200,21513000,1051300,2284100,7684800,637900,387200,2260000,2752900,2719900,2638600,1205800,4066400,9441800,26226800,45162900,5787700,6456200,9157100,3276300,10835600,6634900,5538200
2025-02-12,6404900,6275700,5279600,801600,2444500,458600,19986000,17271400,1280300,3842700,375500,1396000,2434100,4528600,30670500,60657100,9328600,34362700,7051000,7280200,6504100,8069100,4269900,8692100,1172000,4838800,1156800,1153800,25572800,4031500,31480600,9574100,1087300,998900,25009400,963800,12124200,4537400,16716600,45076100,1680900,48536200,1487400,4918700,10303500,952200,279200,4747200,3579500,3283500,2700600,898100,7962200,11027200,38798800,45473100,7694300,8555600,10564000,6834300,14888800,7572200,7903000
2025-02-13,7041200,6340500,6452900,717100,2961500,231000,22841000,17212300,1988300,3080400,587500,4792500,2482300,3844400,16579900,40709500,8347500,36149900,4307200,6121900,6245200,10902900,2918600,7071000,702000,3370400,1563400,962600,21419400,2115700,20735100,5028400,790200,810300,28714800,1739600,10936900,3512000,17030700,40921300,1669600,42718100,1871700,1897100,10109000,769700,694400,3734300,3388500,3066800,2739600,1165000,8905300,10430600,31550400,36372200,8539100,7829600,10132300,7069100,17020800,6293100,6484400
2025-02-14,6257500,6058900,6131500,1174400,2005400,311300,24329400,8051800,1706100,2238000,170400,1796500,599600,2635700,34751400,76123800,11546700,26668300,5884600,5157900,4427800,9243200,2572300,5354200,773900,2797300,1205100,698500,13574500,2240200,14409400,3644900,555500,518900,17862600,751700,10062600,3120500,34965900,26910400,2046800,27460700,1292900,2426000,8277000,674700,353700,2344300,3380600,2377000,1765000,717400,5739800,9631400,25885800,29574300,5800000,4557000,10470300,4528100,13972000,5299200,3425600
2025-02-18,8159400,8777200,7151700,877300,2451200,360200,23037100,9485900,2397800,2859600,251100,4560900,1424400,4156800,24994100,85086500,8185900,23274200,5334100,4484100,7199300,9404500,3005000,7321700,1775700,3723600,1738300,867900,15166500,2369700,17640000,3009600,902900,673300,20565000,1277000,15611500,2824100,20511100,26749000,1330100,29429200,1154800,2324900,10253100,1008900,1977900,2500700,3844900,2851500,2529400,998300,7226900,7115800,29574800,33496800,7226600,6024000,10432400,5622200,15509000,11366800,7567200
2025-02-19,5604800,5685800,4720700,787400,2239400,297200,20275200,11042200,2912000,3409400,591000,879800,1362100,2271600,19095900,45952200,9342500,38958600,4368700,4607000,12082200,11393400,3004100,3902900,1435200,3210800,1332300,725600,16194800,3102200,26007400,3368200,565400,489800,19666900,890500,12266700,2694600,13660600,31011100,1030600,20584300,1068000,1554200,7659600,723400,909200,2339100,3857600,2566600,1871900,789200,4656800,7608000,24531200,31748500,9454100,5604200,6450800,4405400,12513200,6295900,3996400
2025-02-20,27958700,5454900,6199000,666700,2960000,296200,29210500,9177400,787300,3018100,105300,1506600,4916200,1825000,18069700,79891700,7356900,25789000,3571300,7545400,7984400,12278600,3119200,5752200,1017000,2625900,924500,834000,18507700,2834100,23814800,3157400,718800,750900,26550800,913600,12605400,2106500,15420400,36554000,2129300,27913400,780300,1627000,6989700,952600,190400,2920000,4446800,2863900,2347700,1190800,11032800,9868600,28332200,47078900,9306700,5987400,14264000,3947300,17390800,6264800,4732400
2025-02-21,7070600,7185900,4460600,809600,3842200,358300,33974700,11630000,853600,2675600,385200,2178500,3018300,3109800,37678700,81843200,8917400,32016500,6585900,6156500,5673800,7902300,4124400,8215100,1199300,3615100,1458100,1274200,45036900,2720800,30130700,8286900,1535400,1002600,47093800,1060800,13856400,3614000,15515800,76519800,1114500,46912300,1873100,2749100,8430500,756000,481500,2534600,6148700,3595000,1991200,1064800,8865400,9954000,31276600,51789900,14561200,9057600,18203300,5072100,15547400,8647000,9043000
2025-02-24,7298300,9061400,5580100,1058100,3629300,303300,38307000,11135700,1695800,3263400,542400,3245300,1556000,3628000,23372700,83975400,5374400,21029200,4927900,4109500,7348600,7168400,4432600,5240600,1558100,5666900,1154600,1061900,30246200,2541900,23399500,6656700,1004500,1239700,39268400,899000,13681800,2497300,13995200,50737200,1137700,26218000,1512500,2930800,12448900,1053600,377700,3258700,4772300,4465400,2048000,1193900,7218600,9454200,26295200,56673900,10876100,7447600,14114200,4435200,14974000,7559400,5953400
2025-02-25,5801200,8348300,4835300,1015600,2953100,255500,19955500,10091400,959500,3972300,184300,1728100,2507900,2125100,24335100,39151500,10079800,30604400,8801200,7697100,7596100,6144000,4352400,9078800,1784400,4592100,1114000,2863300,33665100,3911000,26835200,4083900,841400,851900,48940000,1313400,12774100,3632100,22142400,58266500,1629900,50125100,1961000,2386600,10265100,899500,327000,4329200,5491500,3509200,2322500,1215900,8254500,9281200,26608600,50132800,9898500,10433600,18198000,5698200,21837800,11981300,8006400
2025-02-26,5035900,8610600,5825400,1308500,2427800,368500,25171000,11254600,2787900,2597300,1107700,2051200,2234400,2171700,20959400,72783000,7276000,21777500,5220700,7379800,6376800,12294500,3224900,7363700,1108000,4111800,1371600,1304200,25464200,1585300,22983100,5227400,847400,1242500,34457600,897900,12882000,2280100,10231000,43321600,1728200,32220200,1448500,3229400,13514600,677100,238900,2828800,4180800,2807300,1994000,1095800,10751600,7965000,24305600,31250500,8330400,7630600,19969500,5472200,15421800,6566800,6143600
2025-02-27,6263200,6620600,14908500,1174400,3296900,270500,30518900,19003200,1308300,4446600,501300,3654600,1139300,4575900,24654100,58708500,9374600,40521800,25891400,5907900,10445600,33326200,3803700,6677900,1246800,8190500,1017900,1275100,29378500,4080500,27258200,4044900,869400,1328800,52448000,8412200,12408200,4639500,16680000,74196700,1194400,53373600,2529800,2641900,12252100,766200,232800,2379800,5521400,2747300,1969500,1167400,7357200,7089000,30048000,44378600,9624600,10100000,16613700,4040600,25074600,7377000,6799000
2025-02-28,14453000,13721500,8363500,1814800,3249900,398400,52402300,20717700,1915100,6836500,1056600,5879200,2904500,5138500,39406000,60759700,11504500,44321200,10115800,11831500,15905500,17971600,5009400,7127100,3783600,5788200,2487700,1588800,32015400,3046600,29596100,4069700,1038200,1004300,47654000,2606400,16590300,4383100,13692000,88744100,2418600,49388600,2363600,2351600,13025300,982200,417700,4213800,7328100,3485800,3851700,1981000,9729600,9316600,26627200,63537100,9888000,14172200,15163900,5771500,21770000,8453700,7696400
2025-03-03,7533500,17874400,7549300,3041000,3925200,540700,45587700,16234700,2534700,5562800,1085300,4710000,3467800,4533900,27583800,55795100,7725600,40729100,7463000,9637400,16129400,14449600,7784100,6505100,1611000,6730100,1960500,2735300,36330000,2491100,42545300,2052000,1167100,1244500,44587200,2434900,17881200,5333700,16522000,74249200,2632500,42904200,2717800,3996300,13698800,1226300,312700,4596700,7290000,7835600,3933500,2107900,15146500,16883200,49501800,76100100,12683000,12516200,18918900,9874300,19276400,9459300,10983600
2025-03-04,7532400,12187400,7693100,3014800,3586900,579800,30082400,18408500,4504700,5134800,1520200,4422500,2081300,3621900,26308700,66689400,8481300,66274600,12685800,12745500,17149200,13105600,6948300,5565400,3274100,5683400,2539200,2208600,56427100,4355700,46053300,3192900,1670900,4982000,67875400,2011700,20158100,5198900,13767900,109648200,3752200,56722000,3284200,2030600,14522700,2498100,440900,4541100,10477400,6449600,3521600,1908600,10263400,22518600,50677000,99342400,15191300,17721000,21845600,9765700,22561800,10804700,13842600
2025-03-05,7302600,11850800,7758400,2521500,3018300,766900,47763400,17092500,4337200,4002000,793700,4661200,3049700,3346600,33233000,102267400,6990400,32302200,7395200,15590000,12653600,12736500,5011500,11913100,1529000,6225900,1723800,2449200,35778500,2859900,45483500,4292900,1784500,1076700,46323700,1704600,16031700,4304600,25486300,71230500,2822000,50215900,1750700,3811000,18658400,1338000,313500,2574000,6221700,3662300,2923600,1505500,12869100,17368600,56510800,75561700,12117600,11931000,13772700,5564100,20666800,7597700,10128200
2025-03-06,9946200,10301700,7196400,1985800,2824100,386300,33544500,18421000,7186100,4748700,781900,3075700,3949400,4849700,17131900,64613500,6136400,50431500,5236500,9318900,14218700,11004300,6042300,8058400,1679100,5006500,2055000,2486200,39206300,3210900,40519900,4175400,1441100,2427000,57574300,2249500,14871800,4557400,16888500,80094900,1945000,42827500,2193100,3038700,21122800,1030300,666200,4968800,7228900,4836300,3818400,1733600,10690500,18493600,47104200,55477700,12029100,16432000,13729400,7954300,25405800,7122200,9755400
2025-03-07,6450700,10375700,5036100,1133900,3719500,389000,23474500,13184300,3645800,4235800,978400,2950700,1874400,3166600,23050300,37635400,10431200,52828900,6019100,9210200,14148200,9879900,5850700,5165300,1885500,6534100,1686400,1536100,43514000,2866200,30747100,2774400,993300,2401900,54714700,2098300,16558700,3499300,18786400,81158800,2422200,36903600,4829600,4195700,12723900,908900,389800,4447100,7308300,3868700,2592500,1489500,7457100,15654600,44849200,87351400,17504500,11263400,19631100,7083600,23234400,8532400,9798800
2025-03-10,12318600,29759000,8167000,1741300,3442800,360000,29502500,19368400,3743700,5837100,393600,2759800,1355900,3808300,23094800,80384700,7593900,57602100,8597200,7698500,24873800,15231500,6572200,6237500,3177000,7935600,2210800,1807400,39442800,2660200,34294800,2947600,1251800,2102600,76668000,1185400,23520500,4644400,15889000,99326600,1903400,41440800,3969500,1777100,14215500,1300400,326800,3534300,11176900,6442900,3030400,2272100,9895200,16672800,40045400,78221400,15123900,21561800,27412700,9447900,37366000,13577800,14412600
2025-03-11,10187900,19163000,8359200,2474400,3893400,574200,21184100,18088800,4873800,6966700,442000,2403500,2213600,3706100,18962600,64643800,8436600,75826700,8303600,10408600,13154000,10708500,8552400,4836100,3259500,13308900,3050600,3128800,51509700,11627200,42262600,3445100,1299800,7860700,68760800,2518200,24564600,4668500,23227800,88102100,2341300,40555700,5607500,1876200,16648900,2924900,618200,3918700,11208900,5282400,3935300,2784800,7704600,15426200,30230200,72972200,13176800,14832800,27913700,7103500,32640000,9411600,14379600
2025-03-12,8436700,20095800,6193000,1231800,2960500,536400,17731600,15886300,3457000,4705200,331400,3011500,1457500,4983000,19646900,33583300,7236200,53763000,12694100,7610300,22026200,11144600,6692100,6623100,1846700,11461400,2149000,2405900,36881700,5348300,35875600,2778000,1099700,2110800,46971100,2190500,26655200,3475800,18764800,69588200,3293300,32734600,5758900,2389100,12650500,1732900,382100,3303000,8590600,3996100,2857500,3783500,9465600,12607200,32240400,60700100,12728100,10981600,22000500,6013500,17432000,7141100,8548200
2025-03-13,7959500,14549100,4711400,1719400,2557200,309400,17870100,18561400,4820500,2934000,534600,1823900,1355200,4062100,16365200,37666000,13741500,81223200,12053400,6902300,27566100,9580800,5304000,5909200,1670100,26587800,2099700,1476100,31336900,5638500,43907900,1841700,715000,1181800,46563300,2020000,15121400,2946600,37624000,74079400,2152200,38675400,2589900,3119100,13255900,4437900,514200,3881600,21650000,3932500,3063200,2352700,7420000,10283000,30742000,49986300,10596900,12383000,18077400,6167200,16801200,8041600,9992800
2025-03-14,8949800,15909000,5094900,1467800,2422700,242500,21858400,13971300,3206700,7266100,426500,3501100,804000,2073600,29252700,51075900,13365000,51469800,5274100,4390900,15630800,7360500,5555100,4968100,3736700,9822900,2103300,1164700,34089400,4565800,31358100,2967200,843000,1467500,43563000,1198400,15167200,3932500,23520700,62660300,1042900,24658000,4078100,2054600,14118700,915600,2303100,3769100,7412300,3610100,2152200,1856900,6944600,9507400,32023200,49535700,8920000,10040800,10251300,4548100,18269400,6761200,6295600
2025-03-17,10605800,9386400,4772900,1707800,2141000,309200,37712400,12966800,3206100,3315500,263600,2388500,645600,3471400,27460600,55266100,8583400,33954200,4505500,6734000,14881300,15919900,5127200,3974000,1281200,11698400,1856700,1173500,26947600,3428000,17561400,2770900,896400,991100,41744400,970600,16046200,4582600,20973700,49008700,1838400,26700300,2361400,2873700,15984600,955400,201000,2233300,6269800,3981100,1934200,1878700,9626800,8615000,29761600,43570500,6918300,10148800,12470000,4422800,19290400,6017300,6053200
2025-03-18,9022000,8773100,4196100,1660100,1844100,344300,19974200,10513400,9223600,3352300,291900,1900800,762100,2871000,26370400,42261700,9596500,40195900,6110100,8993300,13409200,7478100,3680100,7205300,1766900,18534400,2309700,1369000,22888000,3055800,27948100,3789800,864200,921100,39072300,2089700,12625300,3438500,20424600,66041400,1172200,23654700,2836600,2739000,11004100,669300,490700,1956000,6010600,3120900,2476800,1801700,7580400,10023800,30806600,32714200,8051800,11486600,9461100,4860300,19285200,5528000,8246200
2025-03-19,6763800,8833200,4201600,1297400,1813800,1629700,31657500,16362400,5386600,3473000,346000,2183700,1320300,2751900,26788700,33290200,8822200,45212700,5683800,5854500,13345600,22800300,4123800,10709500,1293100,16095700,9120700,6048400,31595600,4234500,27469800,2050400,1189600,955600,40430300,2371700,13079400,3886300,23258500,66556000,1391800,31378700,2413700,1747400,13407700,709600,3291400,1882100,5373900,2867800,3914000,1447900,8007900,10253600,31742600,44290700,8274900,8838600,12042700,3919100,16163400,6156200,9831400
2025-03-20,6556800,8491000,3760700,1301700,1646500,391600,25180900,11820500,3770200,2640400,236400,2381100,549100,1720100,22603500,67297600,5863300,42977600,5281800,4409100,8124200,6778500,4296400,4600300,4168900,7660900,1508100,999600,25665900,2674300,26937300,3756000,699100,654000,36780500,1347500,11317400,3039300,12842100,62958200,2287100,35645800,2081800,2523100,8143200,701100,693000,2041100,6029700,2256400,2599500,1161600,6651900,7606200,33163600,46326000,8078300,7145200,10954500,3452800,16415200,8033800,8586400
2025-03-21,5028800,6544300,7078500,1352900,2485700,393300,19403800,18771200,3294200,3482100,259200,3217700,600300,3722600,19579900,51625400,9359300,35124000,5562200,4919600,6990500,5660500,4656600,7835900,1033000,7306300,3990800,1968000,39470200,3032800,26447400,5199000,1249600,874600,42234900,1350900,16883800,3172500,17198900,83763000,1228400,29192100,1780300,1528800,8198000,802600,898400,3395100,5059000,3382500,4108700,2082300,5581000,16808800,36975600,53382800,10036500,10425400,11926200,6237900,15627600,7635300,9794800
2025-03-24,4894800,8056300,5637000,1766200,2474900,311700,20479000,12201700,5004500,3396800,213400,2253900,847400,1579900,17662700,38216100,7870100,36393500,5024500,4823500,5287500,8589300,3663000,5524500,1103200,19735400,1625200,1317000,25774700,5012700,25243300,9497800,659800,937600,34567200,854000,15452500,2351300,17493700,58766800,1977500,27985600,8735400,2755300,10202000,781000,883500,3719000,22376300,3251600,1780800,1113800,6227100,9204400,23824600,43158200,8446800,8200200,9586600,4457800,13996800,6500600,8567600
2025-03-25,5663000,18837100,6133700,1124200,3997600,276500,29535900,10478200,2058900,12540300,152000,1779600,992800,2309700,27892100,32355000,5090200,29075500,2805200,6825800,9116300,5802300,3604800,10997300,1099700,3640900,958600,947900,17836900,1918000,22744000,6650700,521000,701200,26035200,1084500,16456400,2711400,19168000,38355700,1165300,22333800,5241000,1922900,10177500,617900,1205000,4210000,6260200,2517200,2302000,2339100,5974200,7622200,22292000,24873700,5337100,7481800,12703200,4660800,22396000,6502000,7421400
2025-03-26,6744000,7171300,4856900,1089100,2442100,234100,22002200,17010400,4530500,8321100,159000,6238700,1335100,1794900,18423200,31562800,3717500,51236100,2367200,8281700,9808400,4723300,3509300,8790500,1317600,3437900,1566600,1191300,19344600,4132700,17115600,4844000,690300,1081000,34627100,1040000,17390600,3684800,13616800,51848300,1548100,25095600,1905700,2469600,15041900,828100,559200,3094100,4410200,2327500,2425100,936000,9811700,8160800,25564600,39729200,6899300,7873000,11491900,3717700,15164000,8758600,6187000
2025-03-27,9513000,8399300,5567900,875200,1646000,292500,15749100,10331900,3573600,4608400,145100,4459200,1030900,2369900,16269600,36416800,8476300,38493100,5245500,5085100,6902200,5090400,4285200,4408100,977900,3680200,1783300,1125600,23960000,3350100,22028900,2084700,849900,711000,33469800,928900,11448800,2187600,34298400,42164200,2945700,23674500,1986300,1590800,11063900,669600,373600,2993000,5534900,2345300,1550100,981700,5447700,6049200,19147800,32299800,8414000,6577800,9253000,3586700,13971800,6264300,6736800
2025-03-28,8534000,10052200,4850500,2163300,2600600,240800,27866500,14242300,5030100,7782300,411800,3115800,1198600,3205400,24379600,52060200,9563700,58896900,5060900,6224500,8957800,5535200,4265200,7358400,3384500,7466000,2699300,2498200,26656200,3376900,27257000,1830800,1164000,970000,46363800,1179300,15661100,4087900,25160200,71662700,1558500,39869400,2227900,2430300,11998600,1033900,285500,3602900,5831800,3912900,3299500,2369500,9167400,9147200,22248800,45365400,10196800,10667600,12493200,4905600,19078600,6210500,9886600
2025-03-31,13350700,22045800,7106000,3256000,2985300,527600,25638300,25560500,4808000,4204300,324900,3735300,1214300,4189400,15634400,29370400,13925100,47853500,9362300,13255800,15661300,10794800,8488700,4226200,2983900,6451200,3059200,2083800,32250800,3886900,29834300,2352800,880300,1336100,53000300,3072200,19019400,4593200,18403300,95328200,2755600,38824300,2379300,3147400,18049300,1315700,565500,2964400,8196700,6064000,3605900,1832100,8140100,8881800,28813800,38042300,9650200,14219000,14299100,7736800,21470000,8085600,10221000
2025-04-01,10295200,19110200,4667900,3490500,2384800,576900,21530300,15154000,2421300,4730900,795900,4981300,1583300,2932500,20282900,28414000,15923600,54256000,13282000,18128800,8886400,11592200,4474500,4158400,2617300,4466700,1564000,1383200,26054100,3196500,22059200,1788400,1032300,807400,41156200,1278300,14702200,4326400,22261800,54609600,3953100,39800100,2538300,2753900,13168500,852600,341300,4276600,7697000,3269900,4784100,2520100,13223500,12197600,27121200,37959100,8722200,9480200,11201000,5903000,18084800,9906100,11097400
2025-04-02,8225100,9035500,5313100,1848300,2299800,273100,18068100,14451600,2966900,3999200,757100,1844100,1015000,2237800,10079200,33888400,11074800,49072400,6634500,7635900,9206700,5632300,4012000,6192700,1916100,3745500,2102100,1198300,36603000,2812800,24769000,2183300,974100,833500,49894500,1616400,11923400,3071600,20976600,76014500,1679800,43488400,2440200,2808400,11739200,750600,974100,3427200,6308600,2594700,3737000,1277400,6058600,11863800,33960600,41792100,6398000,9292000,9219000,4657000,12951200,6392700,9356000
2025-04-03,9905000,24029500,7426200,3423800,7440100,952600,26997500,18718400,5679700,9542200,317600,3677600,1340900,3935200,39374900,41958000,20524400,116401400,12148800,18188000,14778400,10555400,8644100,12191000,4532900,12111300,3659200,2610300,60551500,8935500,41675700,4003800,2024800,940100,70456300,2361800,30584900,6729500,46008100,125986000,3547500,57467400,4178500,6279800,17045400,2102000,864800,5784700,16226000,8137500,5798400,2873600,11227700,18958600,75657800,101160600,15962200,19451400,20746100,11584800,38650200,10990600,13795600
2025-04-04,14914300,33920200,12678000,5190200,8667200,1869300,75853000,40904300,9598100,15532500,915300,5090500,5648200,6914100,53970300,161349400,21517200,181273300,16907900,27006500,22442300,23054900,12602500,14074300,9837400,17517100,5665000,4863500,92612800,27966300,60793800,10895400,4779800,2172500,117088400,3771500,45530200,12599700,73174500,217965100,4726000,92794200,13823800,9319900,36603400,4940700,2356800,7803800,30966500,16633700,6873800,5173800,31160900,29389600,100752000,128135300,28516400,33804600,35619500,15419700,66165400,21341100,25286000
2025-04-07,21796300,37206000,14283000,5327500,12718200,1125700,87724900,63057500,10891700,19735300,876400,7814400,6283600,7441000,47094200,210512100,19807000,193374800,16100500,68670600,50810500,34504600,20827100,16810700,14103200,29219900,6236400,5243500,96706200,39352700,62583200,10303900,5469800,2204100,161557000,4311300,50085200,18363100,37531600,256611400,5648000,124987600,13621100,7869100,51925000,4043600,1011200,13294200,31285300,16346700,10121200,5388800,38745400,50243800,113906800,179993200,42518300,44557800,45133500,25297200,73162600,29940300,41234000
2025-04-08,13173300,21800900,12629200,3650800,7283000,754200,57879100,36425000,5685500,13116000,450000,6265900,3089300,9307900,33444600,121952800,12639500,106007700,11423300,19508000,32177800,20567800,12353300,8866900,14020000,12062500,4758600,4813400,61090600,14542700,56747700,5635400,3745400,1666500,101248100,3128700,40098800,13086100,19629400,165816600,3549100,73861900,7220400,8411300,36120600,2725000,1068300,7401100,19002700,11064300,5902600,3560600,21585800,27497400,90538400,98804200,21272000,25811400,26842500,16319500,39600400,20860400,17407400
2025-04-09,16244400,22907000,20862000,3430100,9861100,1027100,71100600,60645100,7688900,18189300,401600,7227400,2635200,9295900,52158300,158085000,25342200,152382200,19134300,24170800,36445900,28319300,15187000,25535800,8997000,21339000,4955900,3311400,123015100,16541400,77380700,8924600,3547000,1825600,142876900,3466000,46103800,25591000,38180100,241867300,4559100,131353500,7803300,15313000,33572600,2555900,893300,10990300,29286600,12138000,5819100,4992900,29071700,40440200,118962400,177242900,36610700,36988800,39358900,27138900,70054800,39444700,29318600
2025-04-10,9940000,23678100,8058500,2439800,6624200,719800,44475900,36697600,5509900,11273700,447500,3395900,2884300,5704000,31636200,95454000,19837800,93884100,10539300,12093800,24172400,17695400,8607800,10303000,3478700,10186400,4498700,3289500,67503000,10429700,55825000,7991000,2799000,1009500,108384100,4111300,31358500,10029500,23059800,162331200,4609000,78592000,5410700,6596700,27617300,1767500,1770900,7442500,16651300,7255700,7993500,2960200,17617000,28167600,79046600,93318200,26234000,19747600,25968000,19936700,44167800,21957400,16600400
2025-04-11,8437400,34807600,7260400,1307900,3789900,321500,43956500,28909900,4236400,6951800,357500,9437400,3377700,4797700,25823500,84183900,21080100,71884000,10467200,55446600,14885300,17740500,10360900,11175600,2249900,11196100,3724000,4061600,44954400,6063400,41686900,3751100,2421500,710100,52483800,2062700,21685900,6585900,36908500,97866300,2989200,94814100,3153700,4386200,17136400,1460300,558100,5275900,11541200,5007900,3828600,2032200,16757000,17207000,41916800,63647400,13750300,14423200,19009500,10742800,28840000,10755600,8266800
2025-04-14,7940600,18027100,5409300,1178200,2286200,494400,22549600,15749900,4588800,5196100,479700,3887400,5643200,3473700,20164600,51602300,12427600,50011400,13329800,12630900,9513600,9705600,5610300,5646600,1963000,5791300,3151600,1940800,35214600,3731300,28111900,4133600,1081400,712200,43941200,2014700,27320700,5006100,29268900,68034000,3639200,37596400,3525200,3146200,9952700,2032600,809500,3228000,7701500,4039900,3975600,1765400,7442500,10426400,32748200,52008900,8060500,11904400,12388100,6543600,19415600,7437200,7720600
2025-04-15,10074400,10082100,5667500,816600,2387300,236400,18077500,13679800,3573000,3788400,522300,4057600,1809700,2366300,18272900,33180000,7924100,39790500,4791500,7708100,11544900,6997800,7265100,18598100,1372600,4528700,1500300,1119900,30715500,4907900,20502600,1722200,962600,577700,35404200,1508200,17240800,3090700,24273700,56892900,2982000,22553900,2758600,1779200,8984100,1068400,924500,2443200,8200600,4680400,2834600,1460900,5598400,8028800,22167000,41840100,6230200,7200000,8920200,4272300,15257200,6239000,6676400
2025-04-16,10105000,12016200,33963000,888200,3004400,316100,19984700,16542600,2622400,7811700,262500,3957400,1045800,2059700,13459800,50834000,20778100,52028800,11711500,8708400,13116000,9753500,5101900,7200500,1544000,6763400,4595100,3430700,35063300,2983700,24639800,2033100,1331000,650500,48980600,1734600,18600500,3178900,21282500,83484800,2294400,35607300,3766600,5452100,9296800,1035500,1089100,2393000,6374900,4295500,2828200,1688700,7211500,10726400,27331400,47934300,8043500,13222400,13657300,6021900,17500800,8150700,8579600
2025-04-17,5589400,8243800,7613800,1411100,4537500,704700,23264400,14072500,3726300,4224000,406600,2251900,1428000,2558800,26992500,42802600,18287800,37355500,7502900,6987000,9270900,6588400,4353000,9225500,1128300,4320700,2043400,1815200,42359200,2019200,11483700,1729300,1011300,514400,44837000,1457900,15390600,3384000,13649400,79868100,1942000,31758400,2206800,4776800,9870700,948600,373300,3383500,5638900,3401000,2984500,1261300,7553700,9535800,47908800,61866600,7850400,7480800,13663600,4793500,18928800,9662800,7623600
2025-04-21,7925700,10032200,6092900,1429400,2881800,1229700,16440700,15883900,3951800,4567700,369600,2424100,1954100,2644500,13595000,39561500,20372300,36078000,11458600,4901300,10458800,4493800,4820300,9552000,2400300,4588600,7574400,4590800,26019000,2340500,23506700,1252000,894700,724800,44149300,1667400,21932900,5283700,17295400,69368100,2079200,39343200,2699400,2343000,13408400,1374700,207700,2406100,7762500,5523200,3837100,2407700,6689400,7885800,31012000,43082300,9083500,8973400,13804400,4364300,20780000,6456000,9802000
2025-04-22,6521400,9201200,5408200,793700,3308100,334300,25716100,14923200,2796700,3457900,403400,3072300,2636000,3041500,23952300,64714600,35242300,33941100,21160500,5233000,9162900,23010400,5663400,10236800,1783800,6635100,1835200,1186200,34477100,2619500,20939300,1457400,910000,680200,52304400,2565300,21483100,3521700,27253600,75948100,2639700,32552100,2135800,4499000,15400300,1195700,617300,2209800,6236300,3802300,2782000,1566500,8785500,7293800,22097400,38154800,7493200,9312800,11258800,4213200,21700800,8012500,8564800
2025-04-23,13376700,8478500,5283000,1443100,4049200,475400,24787400,15223500,3499800,4085800,521400,4004900,2882900,3853600,27029300,52320200,25421500,63723400,20124300,8041300,12381500,8362000,5554500,7364000,1907900,6854700,2559400,1605200,44866100,2494800,31155900,3504500,1274700,1042300,55801100,1241300,27870400,3647400,31975000,90590700,1740500,44082200,2890300,8908500,10911000,1186800,1056600,2493100,8047600,6842700,3442100,1392800,8130700,13337000,43216200,50290900,9718300,13413800,17717300,8046200,27903600,9503200,8957400
2025-04-24,8524400,20381700,3751500,1256400,4010500,293800,28843500,11194200,1578300,2696900,143000,3294500,762100,2849600,20679100,36441900,10845000,49007800,8467200,7308900,9320200,4276800,4156500,4285900,1013100,6140000,1558200,1445000,29820100,3289500,23838700,1223200,734800,845200,45956100,877300,15485700,3993500,15405500,64150400,1658300,24190800,2676600,4336600,8252300,900900,652500,2080800,6184300,3487600,1916700,925500,4305200,9995400,21219000,26817900,7145400,9317000,12480700,5093400,16828000,5433000,5341200
2025-04-25,9058900,11894100,4021800,903200,1790800,219600,18363700,10485300,1797300,3109700,108400,2335400,844800,3422900,20177000,23063200,10691600,47981700,7890000,5341300,7843100,7872900,3014200,6679600,945200,3718000,1236400,1826500,25029000,2518600,14575300,1997100,646200,606500,38697100,1556700,14346200,2259800,19326000,61119600,1930700,22513900,1571600,3272100,7631800,968500,289400,2409500,6933400,3220900,2109100,1425700,7557900,9400400,17664800,28113000,5826900,6518400,14378000,4511000,14074600,6438400,5968800
2025-04-28,4890800,9934400,4685400,1274000,1534700,232800,11002200,10085400,1818200,4233600,272700,794000,800900,2014800,25976900,17030000,9375500,42220700,7891500,4950500,10395300,6328800,6376400,7111400,4345200,5443400,1509900,1069900,22482300,3655400,18297900,1849600,671400,452100,33550800,777600,14821000,2847000,18288000,47613800,1204800,20130500,2260000,3232700,18104800,872700,670900,2914900,4210000,2507700,1711500,1011100,5881000,7779600,16436800,33922800,6202200,5574400,12088900,4403400,11084800,5803300,5562000
2025-04-29,6731100,19478900,3790700,1139000,1888100,316900,12809100,8303800,2696800,3204500,114600,2227300,778300,1849900,19284400,19920800,6852100,51198600,7537600,5350200,5857100,4105000,4778700,4082400,1655600,2676600,1741800,950700,20118200,10706400,19346200,1506700,764900,444100,30613100,968800,12637700,3832200,24967300,47775100,1106100,22129500,1232500,4650000,11431000,739900,284700,2740300,6525500,2209100,2516100,961400,5248700,9526800,19843400,42475300,5040600,9144400,10065700,4088100,13168000,7811900,5136600
2025-04-30,7370300,17498400,8020700,2553900,2487400,296800,20928800,24147900,2062000,5619300,221300,2900500,1242600,2478800,29967200,29034700,8331900,69994200,8244800,13923200,18403800,11891300,4352300,7088100,1324600,8939200,1664000,1441600,29046100,3607300,35129300,1403800,973300,707900,46810600,2175700,13636400,5104800,22126700,93101500,2729600,42630600,2336300,10236300,10984700,1127100,527600,3738300,7873700,4039500,3442600,1485000,39652200,9867400,37814200,33759900,7532300,10203800,10565800,5100700,18077200,6827800,5881800
2025-05-01,6912600,15747600,6295400,3638200,1917600,409300,14740500,10070900,3225700,2985700,780800,2409800,1671300,2933800,18544300,22206300,14969100,50848600,8245300,13703300,12605900,10058400,4016500,5259300,998600,5403000,1483000,1089800,33169700,3304100,28056300,1070600,890200,652700,43316500,1304800,15470600,5150400,14830500,63186100,2383600,29932800,1727300,10673900,9317900,943100,257600,3574100,5784500,3238000,2155300,1011200,10333800,11208400,36314400,34420200,9338700,11532800,13203000,6986300,17967000,10363200,7359000
2025-05-02,9879200,14267400,6960800,1948100,2277700,236400,33945900,14798400,2628600,4918800,338500,5652400,1023600,4272100,13493900,59597600,8678400,41354100,6921500,9331600,8247700,7959100,4072800,4991000,1557100,3569400,1707200,896700,30201800,2085900,20302100,2455000,917700,1021800,39218100,1541700,14242200,4556100,14040900,60717300,1794200,32090400,1741900,7095900,9884400,811000,508400,2237700,6285400,3170800,2183000,1162600,10651000,8572400,32038800,35032100,7227600,8125400,14859700,4073900,16074000,9777000,7457000
2025-05-05,14273800,26580800,7575000,1284200,3866000,303200,22661100,8119800,1575400,2882600,256000,6050900,3374600,3256100,21657700,24651700,8924000,39815300,7354900,10089400,7012200,6793600,4713900,3341700,5906400,3189900,2321100,1644700,20834200,10392700,20005800,1190100,790000,2675400,28309500,1108400,14148800,3420300,10052300,38659200,1751500,22862800,1143300,4867100,8481300,1589200,252900,2289900,4793500,2820800,2326400,1043900,6050500,5679200,29530200,24139900,4523400,6757000,10236300,3018300,14895800,5479700,4677000
2025-05-06,11730100,8429300,6994000,1388200,1745600,301400,17418700,8661700,4245800,3265100,278400,3630500,1471700,3430100,11185000,36558800,11445300,36292600,8319200,6081200,9581200,6986600,3113400,5075800,3628400,4470500,1211700,992600,24642100,2333500,29906500,2230500,512700,1548100,32786300,2539100,12092400,3476300,17870800,48264700,1772200,21095200,1459400,5745700,17269100,1001000,361700,2579700,4694300,2444000,3458900,878300,10111600,6111200,22995400,28949100,5404100,7958200,10506300,2531600,20635000,11625900,4811200
2025-05-07,6557000,6212900,4357400,1300700,2420600,242900,23390500,8536600,2652300,4631500,444100,3916600,977700,3569000,16052600,44470200,7888300,32676200,7982700,9471100,9469700,8040300,3422000,10842100,1066700,4836900,1436200,1468700,23623300,2732700,19892000,6795000,758700,879000,38006300,1491000,12919200,2522500,14080800,55588000,2185800,23161600,2240600,4008500,10961000,631300,247100,2220300,5460000,2694800,2875500,1237500,6294700,8746400,22446200,30070100,5304600,8169400,10474900,3892500,19575000,6417500,5359400
2025-05-08,7814200,9354600,4283200,520000,2001000,359400,17573700,12228300,1545500,3117800,151600,2671600,746500,3337100,36672200,37731300,11927600,32684900,9265000,6409000,11071900,7184200,3245100,20432100,1553000,5915500,3225700,2137100,32646300,2892300,25149700,2105500,597100,1422000,39577600,1041200,20045400,3566000,13209300,65130800,1132500,25483700,1468400,4643900,12892300,1251900,315200,2652600,5088200,2781500,2676800,1060600,11808600,8063200,30565800,31294200,7914800,8704400,11018500,3841000,22437800,10558100,6464400
2025-05-09,5739200,9062400,3730700,656600,1789200,304200,16091100,9149000,2614800,2150800,74700,3268700,2684100,2223900,17650700,30396700,6913100,23971200,4985300,3698700,8175000,8589100,4763500,12712700,2094500,2782000,2030100,1676700,17203000,2810800,18254700,1084300,540900,661600,27767400,810700,14195200,2009600,8963000,37603400,867200,17007900,1832200,4361300,11729400,1049300,419700,3460200,4739500,2151200,1991300,772200,6544300,6360000,19993200,22075000,4541200,7330000,9231500,2540300,17420400,7555200,5159600
2025-05-12,10768200,14492000,6982800,1209900,2398600,491700,26843500,12602500,5181300,3030600,200600,3704200,1544000,3013900,24174200,55941100,14375900,70558600,11144100,9483700,11426300,23528800,5502000,9393600,3322500,5095700,3788700,2377000,38207200,5212100,28270900,3050500,1100700,861700,45090600,1268200,18699900,4386600,14642000,78993600,1481000,32115000,2358700,4861900,12161700,2078800,433500,3657300,7793600,4184800,2356600,1247600,8861800,8798800,32610000,44274100,8321800,13478200,18914800,5525700,27460200,15211100,9569400
2025-05-13,6305500,23455700,5610300,445300,3018000,372800,23970300,13242900,2303500,3858800,228900,5297100,2552000,3024300,41363000,34713600,10233600,52141900,9535000,13166800,9911300,12437900,4724200,9045900,1548700,7068500,2227500,1249500,28295800,6494800,32005700,3537900,821100,1470100,53269600,1770500,17389700,4241200,13094100,67947200,2724200,53912200,5027300,4728000,9975800,990500,610500,4178600,7356800,3286800,2491700,1768400,8319500,6839000,29031600,33986100,9795200,12757200,13148500,6501800,24064000,17817000,11431000
2025-05-14,7350600,9141900,6426700,449600,3064800,402500,22561700,10173300,2275700,17474900,214900,4083400,6528300,4423000,33201100,35247800,14800600,45406500,10171800,6994700,7174700,9672600,4395000,9337500,1484200,6298100,1740400,1002400,26316100,3307400,25340600,2304100,827100,1203300,47014500,1142900,17297200,3960300,14048500,66283500,1815200,42119800,3223200,2802500,11755400,1117200,467000,3052500,5031300,3198800,2810700,1189300,9528500,7891200,21332600,38764200,6517700,10248000,10352000,4416300,22912600,19579500,7117000
2025-05-15,7638900,6657100,5659000,490900,3927000,398500,21682500,11283200,1893500,4360000,189100,2431400,1368800,1819100,29819500,43594800,13497700,49301300,6693400,9024900,7008400,6707400,2557900,7618700,1155700,3084100,3638200,1340200,21563700,3230100,30008300,1759900,827200,530800,50153300,942900,14412000,3449300,10062200,71268100,1668000,59448000,2034200,5263400,9895900,1000700,373300,2563000,7362200,2347000,2744900,988500,6978000,7114600,29721600,34742500,5761900,9536400,13370000,4703800,26629200,18792700,8393000
2025-05-16,5262500,8756000,5310000,626800,2430300,298800,23296900,8372100,2279600,1920100,170600,2361900,547600,1250800,21741300,26772900,14173000,30657200,8372300,6819200,7166800,6742700,3408200,6707100,821100,3596500,1908300,897000,28906400,2957700,21888400,1490100,805900,624500,48394600,749100,11779600,3528300,9275600,76052100,1120900,31778200,1840100,3769400,10793700,989800,293200,2580300,7255300,5440100,1621500,749400,5940400,6426800,21725800,53401000,5384200,8111600,11973300,3421200,20076800,12901800,5973200
2025-05-19,7232700,7618200,5787700,683700,3121500,385000,16823000,9062900,2223800,3200700,174600,2878700,705400,1420600,19490700,19353800,11656300,26228800,5463400,11704900,7788200,4994100,3920900,4610000,807500,4753500,2570600,1580600,25859600,2499700,33615600,1736400,773900,611500,52536200,1043800,15067100,2906900,11078100,68168500,2179300,49361900,1433600,5136900,9975100,999400,265300,2956400,7766100,3083600,1769000,1027300,6980600,10166600,24787000,26348400,5459200,11863000,13601400,3023400,16306400,11645200,6935000
2025-05-20,7496600,7925400,5810300,680000,1971000,203100,20233700,23335500,3163400,3722400,197600,4082100,905000,2088400,18484800,26034500,12851000,25933700,21557900,8929600,9717800,73198000,3251900,5683300,1342900,21340900,1552100,878200,22053100,3371800,23036200,2662700,682600,1074800,42517600,2310200,12280800,3289200,14474100,60614500,1851600,35493100,1591700,2786100,14531300,700800,390500,2003300,7158200,2827200,2636900,1055200,6938500,5128600,22782200,26903000,6825700,10273200,12719300,2311800,18075200,11644500,7046800
2025-05-21,12393200,12007400,10880400,921900,3624800,230300,25570400,15278800,3274200,5208800,289900,3430600,830200,4021100,17088600,40126800,12414500,54737300,11393400,11383500,8819400,16511800,4150300,5471700,1088000,7124200,2162700,902800,36704400,4321300,35452800,2317100,768400,1868300,71292800,2373400,15842400,4095600,19504900,95197700,1870000,77053100,2521400,5467400,16508100,752000,409000,2677200,6339500,3166700,2366800,945100,8524100,9612400,25698400,40022000,9600200,18643600,10989100,3708700,22704000,16635900,10325600
2025-05-22,6084800,7876500,7067200,634000,2638600,323000,16773000,12787300,3184200,2797300,464200,3543600,657200,2981600,40228500,24597700,9704200,43242700,8357900,10981200,9088900,8947300,4538400,4063800,1567100,6368600,2925500,1453100,31831300,3929200,34010700,1741700,751700,777100,55607200,1312600,16081300,3415600,15320500,70860400,2654500,61747900,2491700,3512500,12009200,1053600,421100,2540100,5816600,2738700,2346500,958900,10094800,7651000,23732200,33662800,8993200,11372000,11871600,3599300,30637600,12722600,8992400
2025-05-23,5210500,14805900,4272600,444100,3117800,291200,22018900,16959600,5027400,8336300,722200,4506500,786300,3421700,34372700,27095300,13339500,29598900,7542000,9860700,10761600,9284800,3543300,7156600,1126300,6303600,2223400,1459100,29114600,3067300,21447200,1685300,666000,791100,58368100,1292400,16065700,8202300,15098100,76029000,1596900,47139200,2037900,4285000,12360500,1104700,469700,2123000,6455900,2855800,2619400,923100,7399000,7343200,23511000,33645600,8233100,12004000,10693100,3751400,21730200,9127100,7497000
2025-05-27,7461500,8996500,6148800,624700,3126600,529100,26278900,12435700,1848800,6062500,183100,3897300,677200,2938600,19071600,32810800,9578500,33524700,6745300,10834400,7775800,9168600,4091500,4000700,1283300,4533600,3682600,1625200,31655900,4232700,29208400,2513300,1429100,1021500,47226300,813200,15919500,3870300,12301000,72588500,2875500,56773400,1996900,3938200,12582300,1471200,353700,2117700,6118100,2980600,1767500,934100,5895500,6898600,19028000,38636400,11862100,14208400,14433600,3626800,18494200,12304000,7886800
2025-05-28,4909200,9887600,5214700,590600,1790900,232100,26970500,16812400,1642200,5543800,268800,2648900,1690000,4630600,14661500,27161900,8803300,27012900,11400800,8591500,12434900,7984900,3332600,5567100,1136700,5337400,2495700,1432400,26046700,4053800,29079800,2340300,576500,773200,46637200,1519200,13190600,1972600,11211700,68445500,2367900,34806800,1706200,5201800,12534800,710200,313900,1912800,4910500,2413800,2832500,908300,15196400,10597000,29552600,31730200,9058300,10789200,9963800,3491900,20954600,11087500,7542400
2025-05-29,7724100,7477700,4685800,358800,2751400,269800,24291700,11454200,1452100,3182000,236200,4164400,1016700,4841500,20187500,34182200,9487900,28616300,6176200,9679100,8930100,11752400,3626900,8197700,1003800,3830400,3228000,913400,32749500,4426600,31012800,3158700,488900,806000,58513300,2050100,13882500,2154300,12160600,69973300,1714500,38933200,2271800,4856200,11628800,746200,348200,2440300,4659500,3850800,3177100,1151800,10474100,9869600,23792800,34098400,12106600,14011800,13321300,4811800,20867400,10670300,8031600
2025-05-30,15488400,19202100,5995600,419100,2957500,384400,42291600,18590200,2300200,5838900,282800,3364500,1290800,4386800,24763900,62721000,9553300,28930300,8115900,10268600,13355100,14783900,4465600,10605800,1600200,5930100,3602100,1848500,37768900,3634000,29890800,2665000,635100,880100,67662800,1167200,14779900,4331000,14305400,90601200,3950200,49042100,3096400,8793200,14170800,762700,826100,2525900,6171500,3178000,2773800,1006900,9403000,12114200,31038600,37953200,14254700,13494000,17778900,6882700,20680400,11651300,10233200
2025-06-02,28390000,17013900,6888000,1477700,2636100,407900,20576500,25710500,4074000,6737600,824700,2989700,1925600,3278500,20035500,33125300,13593200,45527200,8006100,13341900,11428000,12787500,4200700,5665600,1077000,3679000,3702200,1405400,30334300,3986000,24225900,4035400,758400,1165000,44762800,1042700,20610300,4011000,37873300,61630500,2797100,46213100,2515600,7125100,11474800,1324000,831900,3101600,5933500,2845900,2538200,1259200,16323000,15811000,32031000,30142300,12641300,12878800,15827900,4756500,26799200,11845000,8783800
2025-06-03,7177600,8454700,7436800,566700,2332600,333000,20943400,11787400,2262700,3350700,953000,2517000,545700,3878400,25619600,32666200,9315100,28458700,7150900,8508900,12540200,7214100,4671800,5410600,1578800,3773800,1737100,1377900,37702200,3547200,24080000,1408700,1082700,1580700,44070300,1254900,12717000,4456600,23158800,63606200,3669800,33731300,2022100,3996900,16827000,647600,429400,2155700,4993600,3493700,2694100,1176500,7926200,13218200,30352600,33705400,10896800,14312400,13265600,6276900,28547800,14304300,7855400
2025-06-04,7761500,14872200,8343000,871500,2163300,269200,26497800,11593300,2024400,5388400,308700,3558700,891100,8720000,21661600,41079500,7462500,41403600,5773600,10115900,7322700,11067100,3539500,5175200,859400,3686300,1348100,1339600,27225300,2736400,28006400,1720200,463200,952500,41359300,855300,11733400,5744700,19730500,57314200,2432200,57441500,2316700,6455200,12306100,525300,211600,2598200,4543400,2718900,2570800,1142400,8385800,13268000,44939200,24600500,7975800,10899200,10804100,2969700,33001800,9986100,7581000
2025-06-05,10456500,7780200,6620600,460200,3018800,395300,26292800,14543100,3078300,5196900,194400,3943700,766300,8426200,29978700,43461600,10817800,44563900,16510800,8762800,10133600,6963600,3927400,3770000,1577800,5139600,1877000,1533800,35728700,2813300,29760700,1711200,552700,1499300,61031200,1310800,18901400,3164700,51807500,92278700,2596700,37664700,2267000,2613700,14319000,878200,358300,3148400,6372100,3034300,1958700,960400,9619000,14234800,27655000,42014400,13814300,15885200,16474500,5412000,21175000,13705000,12096600
2025-06-06,6299900,7582100,14677200,1122800,3081100,238200,16629900,10301000,1272400,3500400,220700,2015700,445200,3355700,19984200,32956700,7787500,41300100,6056200,7624200,10964000,6075100,5014800,5718100,944100,3624600,1447400,991200,32144500,3378300,31093100,1914900,661700,875000,42467000,652300,10658900,1563300,30260200,66588700,2031700,38130100,1429500,3488000,9887400,707200,201200,2707200,4736000,2308800,2317900,837800,6974600,9348400,28556800,34982800,11289200,9026000,10948900,3533600,21267200,9153500,9948800
2025-06-09,7096500,8128000,10147300,737900,2680200,353800,22715200,9641600,1341600,3937900,204100,10128200,615200,5771800,20783100,30061700,7159000,30169000,4308800,6061200,8611200,4995500,5930700,9424800,4273900,3883600,2505100,971600,33984400,2462700,18850000,1587400,853900,1880600,33688700,910000,13743000,2166800,33931400,53016400,2846000,26560800,3297200,2893900,11053500,961200,366300,3676100,4516400,3119700,2204100,957900,7796900,11667000,28680400,28322100,9162800,11100600,13027300,4581000,24866400,9976600,10596400
2025-06-10,4990900,9514600,9257000,463600,2022600,295400,26583600,10254100,6624500,3281000,470900,9573700,826900,3962600,20745100,37896300,7071700,24234400,4983900,5579900,7427700,7474700,5853800,6390900,1758200,6921000,2102800,765100,30182200,8874800,20359000,1867600,615400,1447800,40664800,1182000,12688100,2010600,29120900,66247000,1757100,24857000,2416200,5541900,10078900,623300,300500,4036000,5984100,2823100,1780700,941900,6603200,7875200,46092200,27728600,15625600,9831600,12364900,4832800,28052800,11488000,8594800
2025-06-11,5992400,7435700,8034900,829400,3025000,265200,28230800,12329600,4258600,3675400,152500,4928100,2035300,6496500,26801600,31361700,9248800,30114400,7219400,6594900,10061700,7881300,4894600,4050600,1436500,20207000,1648100,1091100,31113400,5528100,20584700,1337900,565300,1360800,53701000,1270800,13813000,1825500,34712100,73658200,1820500,36334800,2708100,8888000,16068500,522800,627600,2874600,20800600,2706600,2154000,1031500,8005700,10307800,48996600,39368400,15837000,9599600,11204000,4809300,21394800,13644000,6888600
2025-06-12,5726200,5315900,5950100,796900,2587700,285100,19734400,13288000,2487800,2871200,231200,4948200,586200,4375300,21141200,36102200,11531400,28373200,11874900,7795400,7739200,16321900,6290400,4882300,1531300,6968300,2029100,900300,25367000,3882300,26497300,1228300,730300,1053100,34104900,932300,10552300,2612200,21111600,64129000,2207700,43017800,2941000,11696900,9588500,607400,444900,2007200,8422900,3092300,2322900,1039700,8442200,8660000,34028200,25500900,13097400,11210400,10709900,4151500,19568600,9809500,5413800
2025-06-13,8050300,6221300,5656200,1622600,4826100,420200,35198100,22177100,5467400,3509600,309700,3335600,981100,5023500,34874300,41925400,16592900,35271000,11711200,9195200,11960800,12680800,4255300,6279700,1958100,7231400,2226100,952100,60580000,5845100,34794500,1898900,676500,1014300,55814400,1251900,21328400,3572700,21713100,89506000,1633700,49374000,3412700,33971200,12588200,688800,449300,2334100,7100600,3383100,2202400,1147200,8019000,14289400,84194800,54921900,14060500,13193800,15635100,6375700,25325400,13722800,10292200
2025-06-16,5680900,8456900,6415500,2231300,3177100,1644000,26995900,17843400,6117000,3040800,181200,3549900,1572200,6176500,27862100,35202000,12848400,26225100,8940900,7508400,12857100,10848500,3309300,4772700,849800,10221900,5833600,2010200,28974000,4509600,21286000,2035100,1426200,642800,37622100,923000,13918200,2380700,14883300,79984100,1684500,36496600,2301100,40622400,13452500,954900,212600,2657500,7421300,3113100,2448000,868900,7234000,10504000,69406600,35632400,13711000,13866200,12728200,6304400,27266600,14171000,4764600
2025-06-17,5312000,5518300,5123400,1641600,2450200,462100,35176900,16726300,4781900,4327600,263400,4013800,1103200,6376500,31187000,29832200,8234100,27747200,8616500,5285000,11235800,10630500,3898000,6089100,1675600,11753100,1850000,896600,32843200,3902700,27241300,1927200,544100,868400,42180900,901300,12383700,2057400,26824900,82209400,3579200,34521600,1963100,26239300,12149200,616800,311100,1879400,4753300,2720400,1874300,871900,7342700,9158000,67884200,31130700,12654200,10525400,15059900,5610100,28335800,13506000,8473200
2025-06-18,5907900,5063800,5176900,1790200,2786700,673800,26286900,18504400,3309900,4523100,171300,3191700,5070200,7474000,14355700,28424300,9370800,32833500,9442500,6732400,14053300,14310300,5284200,4537900,1665500,4192000,1900300,656900,42850500,3852300,29762000,2254200,582500,662100,43983500,1341400,13837400,1921300,21945600,76605000,2168800,38589000,2028800,36772300,18749600,709800,449500,2945800,4602300,2409300,1792800,1157900,8555900,8554000,70473000,45728200,14008800,11066000,11117700,5529900,22324000,12185300,7405800
2025-06-20,6213000,6516900,5396600,989900,3810500,578900,32783300,16900600,2332400,5250800,215400,4283700,1370000,7209500,19646200,26191700,8794700,45845800,4568300,6261700,10720300,9743400,4310000,7134800,1874900,7447400,1514600,1053300,36978100,3987200,20437500,1215700,905400,812200,61643500,1103700,14262300,2328700,25415200,94051400,1740800,26001900,2496100,14229000,14499600,1085400,867100,2940300,9978500,2686100,1656100,912700,7903000,13409800,56744800,44456100,13985200,11490600,16771500,5834600,31688200,13744900,9704800
2025-06-23,5884600,6474200,5391900,3334200,4315000,591900,22233200,23100600,4065000,4849400,250300,3174300,1497700,5724600,20151700,33957600,12687900,32361400,10781600,9310300,17630800,13917700,4218800,5797900,1761500,6750400,2061700,1135600,35516400,3594400,34072400,1829100,783900,861800,50666100,978400,18943800,3113400,18661900,87426000,2846600,36851800,2423300,50659400,25964800,963500,927600,3142100,9820200,3340000,2518000,1012700,9587100,10120600,105688200,43022700,15902400,12277000,17771400,6057900,25573000,14181600,12557200
2025-06-24,7907600,16266600,8789700,1732000,4958200,339300,36113900,14900600,1791200,4095800,241100,3706500,872400,7190600,26080300,46304900,12035200,50893200,9301900,7694500,13715500,10446900,2974000,8184200,1619800,7360000,1554200,1157400,31772500,5622100,38185300,1409600,946100,897100,45442000,974500,19845100,4292000,20982400,67735300,2604700,32959100,1646500,16119600,22023200,628900,375100,2727300,6770000,3225300,2362700,956200,10711500,8768200,65358800,41225000,11518200,11329400,12580900,5292600,20389600,11272900,8652000
2025-06-25,8434800,7119500,5346300,1541900,3265500,440200,23739200,14422100,1624500,3226100,368200,2320600,1435300,5222000,25971700,18018400,6733200,24156100,4078400,6393300,12028700,9810700,3264300,4972300,1300700,13558900,1972600,598400,27725600,2386300,30675200,2834200,693700,1208100,44804200,1032700,20744100,3268100,12254300,62114800,2096200,26345300,2620200,12401000,12783800,552700,267000,4282500,16472300,3025900,2307700,876900,7019000,8744000,43723000,33123900,9751600,9228600,12880400,10960100,26771800,11996400,9302000
2025-06-26,9775100,7976100,5373300,1288300,2444800,309100,21962200,15791500,1985300,4326300,96700,2709100,1643100,4206100,27289200,24517700,6787500,28889100,4159600,7131900,9514400,11484500,3505800,5036600,951000,4955900,1255800,990100,26261200,3703100,31026000,1832000,1020000,1067500,43811400,975300,17013600,4964600,15255200,78548400,2620800,30467500,1724700,9514900,15078700,590500,299200,5886100,6081400,2286100,3271100,805200,7417500,10508600,33565600,37866000,9728300,11288400,13783200,14023700,18746200,13177700,7543000
2025-06-27,25931600,6878900,6928700,873200,3621000,290400,37593400,15987700,4540600,10262600,2882700,4126100,3613700,6292100,18680700,27903600,13301300,47849500,7104300,8402400,10070200,8880100,5696400,4846300,1212800,7933800,5873100,1368200,47717300,3664300,24704800,1273600,983200,871500,57577100,1126400,20889900,2432800,17596300,86258400,1547100,74993500,1957800,11610800,11093400,831700,805400,3179200,6056500,3189900,2701300,1171900,8246100,9375600,35411800,38954100,13380900,12196600,15135300,6608200,25307800,13818500,8902000
2025-06-30,14036800,16763400,6986700,1184000,2827800,561000,32966300,28062100,1624800,6464200,591300,3160400,786200,4720400,46432200,20096900,8192100,52885900,10439800,10542300,10454600,17698700,5688000,6786600,1747700,6552400,3622200,1260600,25558000,4183000,40575000,1169400,1257500,2799400,45548700,1095200,24163700,5690200,10565300,92502500,4252900,53695200,2042900,5917500,15742500,1081900,414500,8752300,5750600,3100000,2730600,1434500,9388200,8533800,26247600,42472900,10914600,13365200,12080000,6959500,22018000,12407700,7003400
2025-07-01,18480200,18374200,6286300,585700,4520300,508000,25393000,11406100,1946400,7652500,252700,4532500,889800,5401700,18308100,22972800,9335600,45411000,5328200,10659800,8792300,10787900,8660000,4273300,1660800,6039400,3812600,2048400,43864800,4003100,28691300,1446700,1138500,2121200,56166700,1450100,25633400,5018100,13436400,70030100,5945000,38960600,3897200,4425200,14596800,1113600,679300,5552800,7412700,3970600,3812000,1569100,12817900,15844200,40772800,33844800,13189100,15144800,23302100,9438400,39690200,21204300,13085400
2025-07-02,8756000,6569200,6342300,325600,3141700,421900,23950600,13133600,2088300,3670300,256300,4288700,3736400,3776900,19056600,27680900,8316400,32359500,9064000,6026200,9570200,12151000,7312000,3467700,8289300,4920900,2172000,1060200,35735200,3310000,24284500,1688500,862200,1391800,36538300,1420600,15531900,4292600,13673500,66510400,3416700,39382200,2578200,6491400,10927900,1145400,329500,3469500,6164000,4474700,3793700,1181100,13396200,14644200,42468800,40791100,11061700,11950200,16429100,6737400,21891000,13720400,12436200
2025-07-03,4583200,4860800,6428400,202000,2807100,256200,20080100,5311100,1144900,1990400,247400,2192000,1876100,3214600,16386700,19394200,5275800,19750000,3156500,7398900,5269400,4018100,2798000,2774600,1071400,4229400,1112200,567700,23515700,1623300,17340500,2230200,391600,710100,26443500,615400,8818700,2781500,10356200,51065800,1776100,26729100,1301600,4394800,7279700,624900,180200,2361700,4837000,2238100,1670100,635200,5099600,6766000,22266200,25904800,4864900,7112800,10898400,5758100,14900200,7282700,6904800
2025-07-07,8088100,11518400,8191000,413100,3657500,387900,24462300,12925000,1840100,11486000,212000,4089600,726700,7992500,29163400,20175200,7351600,37027200,4468700,8518600,10663300,8204400,4469200,6250300,1742700,7472300,2110900,1261200,41551200,5591600,18303300,2329900,620300,1000400,45349300,1379200,15913300,4022000,12133000,74814500,1758700,38314700,2696300,6155000,15994700,1040900,442900,4467500,6417800,4255800,2666700,1167400,8273700,11761600,35673000,34049000,10687700,11560800,14365100,6417800,20215600,14052300,10081600
2025-07-08,7804200,10532400,5934200,557200,3563200,327000,16316900,9061400,2191200,4668100,356500,2034000,1541300,4639700,15645200,25176800,11840500,31358900,8177800,5282800,7487500,6942900,5427300,9395800,1155100,4685600,1655900,872100,36339300,5351700,29374900,1832000,799500,1296300,36153300,1198600,14732800,3648300,17473100,59024600,1577300,31407000,3928200,4287200,14520300,628000,405900,3631300,6944600,3497900,2341400,868600,8605100,16347600,47472400,53715000,10845500,15715200,15712800,5768600,44289800,19485900,6855000
2025-07-09,11043600,10322900,6720200,577300,3251900,483800,14846200,8699900,2940000,4077600,161800,2224600,1332200,4751200,36711900,29920500,10644100,30277500,4476000,6900800,7372700,4227600,6594400,8153000,1139300,3019800,1334300,820100,32425200,3079400,33182900,2595000,504100,961600,43045500,943000,14405300,2002200,17764100,66113300,3659600,29821900,2005300,3839700,9479400,683300,268400,3837000,7156500,2838800,1849000,774900,7040500,13435600,28672400,36634900,10173600,12933600,22179000,4867800,40230400,13963900,4864800
2025-07-10,5125300,9514400,6650900,347400,2262600,290700,21892100,8554400,1328400,2427700,121900,2614300,2046100,3463900,58297200,17221100,7053700,28776200,3568500,4451900,6625800,9636200,7859600,3542300,1176800,2556800,1184500,796500,33865900,5878500,29758900,715700,852600,1082900,34710900,686100,13643200,2249400,44301500,57529000,2378200,24525500,2114900,6704000,8208900,710200,322200,5303600,4961700,2598100,1960200,748900,9290200,12865600,28823800,27992600,12385600,9988600,16687900,6045300,29074000,17668300,7566000
2025-07-11,6106500,5713900,4962400,329700,3345500,261500,27338400,8468000,899700,3110700,114900,3596100,1688700,2573800,27773400,15148300,9187300,30482200,5651000,6004300,6423400,6723000,3712900,5000500,1111000,2739200,1233100,644200,31579600,4637200,23776000,704200,637100,539800,39618600,1169300,14040400,4146300,57917800,63670200,2269800,40764800,2150400,4487200,9424800,696500,131600,3987600,4428900,2909500,2222300,723900,7209600,11563200,30171600,30289900,7065200,9239000,16936700,5802500,22199800,14246600,6690400
2025-07-14,6231400,6587100,5624700,562500,2244700,437900,16882100,7969900,1924700,2233500,117800,4458400,843600,3410800,21671800,23708600,5772900,23716200,4615300,5101600,10918900,3947300,3990200,4182500,1039500,2590500,1454000,757100,24632200,3874900,18216500,1121100,403000,655400,36453300,790200,16559000,1887300,40685400,51898500,1530500,24609500,2888300,7289700,10144900,724100,582600,3256900,4747000,2364500,1907500,626800,5039700,12949400,33441600,27636500,9069900,8125200,13694000,7270600,23883400,11095400,7292200
2025-07-15,9681000,6166500,5908400,494700,3810700,444200,24890500,10572000,1278700,4302500,239000,3535200,882600,3476000,40297700,45494200,8149000,37039500,10493700,5628100,7421200,5078400,8046900,4572800,1987500,3813800,2119700,1190000,44215400,5614500,31329400,2827900,463300,558500,43277700,1407800,16833400,3436600,34082300,74317300,2408100,40455000,2770000,5941400,9655900,694700,453000,4483000,5399000,3447800,3112800,1127300,7898700,14653600,33859000,47704600,10278700,15657000,17681600,6427500,26253000,17095600,10133200
2025-07-16,23556800,6745200,7874900,313600,4230300,596900,32620000,16776500,3383600,7632700,870600,3729900,1596500,4071800,21936500,22401600,17693100,39780100,10322200,12786300,18079700,9095100,7664000,6105100,2879200,4667300,3168700,1212100,48199800,6758900,41794100,1372400,716800,417300,52314700,2614300,16183600,4457200,26483200,88987500,4479200,65987700,2463000,6178100,15045300,906800,409000,4126500,6141200,3069700,2487300,887400,7597200,13615200,35501600,46726500,9998300,17782600,15633600,8487900,22625000,14142100,13982600
2025-07-17,8355500,6559900,6857300,203300,3790800,1329400,22323900,9542000,1601500,4096300,215000,5888900,1993900,2862800,23011200,18014900,6642300,25703200,4897300,4747200,7674400,6155800,7646500,6059200,2197700,3575400,4140200,1419200,43548000,3659900,19396900,1325300,903100,1076300,40423800,1649200,14578000,2819800,14813500,68885700,1618100,31875500,2727900,4350000,12344500,638800,199200,3406500,6495300,4953000,2118800,862000,10502400,11840800,36085600,48213900,13374200,11955000,17079000,7848700,19757000,15740900,7742400
2025-07-18,8443800,6681400,5206800,762500,3901900,461300,23408000,11044700,1109300,5679000,190100,3360000,4290000,2764700,28778400,43043500,5574300,27686400,7448100,4035000,10585800,5419600,6600200,8929600,1285900,3970600,1282400,1373600,49009900,3330100,17446200,1754300,755200,655700,50484700,2240000,13196900,1294500,18305300,65621600,1720400,27534900,1508500,7583500,7999000,740800,457300,2523700,4262400,2609100,3294000,894000,5386100,13623200,60975600,29791300,10201800,10281000,12755000,5608100,28627400,13245500,11246400
2025-07-21,6865700,6678700,5338500,500600,2548800,440800,16861700,9324000,918700,4380000,559400,2087000,1074700,4534700,29230300,25259500,10995800,28483300,5242600,5232300,8432200,8810600,4394100,7720700,1081000,3558100,1844800,1262200,28191400,3413900,17147100,1695300,575200,694300,39595200,884900,13098600,1857200,28710500,63375000,3055900,40019500,1453100,2884800,9228500,895500,276600,3904200,5913800,3205000,2097300,779900,5867900,10631000,30434400,36871400,10089300,9246600,13430900,5336600,19895600,9468700,9807800
2025-07-22,6172700,4792100,5507300,334000,3091600,492600,22316500,12134300,3055700,9150700,156000,2345800,1224800,5417200,17744200,26390500,13691800,26017700,5045200,6098000,16736300,10865200,5827200,4075700,2829100,4955600,1699500,1014700,30873300,3233000,19568700,4269900,1024400,660400,43270600,1582300,12718600,8474300,25205300,60046300,3951300,35190300,2090600,3946300,12246600,642700,268100,2684200,4767700,2117300,2699600,943000,16282800,13651000,32444000,32289100,15053900,13448800,20413700,6165500,23518200,16681900,10980000
2025-07-23,7466900,6437300,5269400,438200,5486500,375100,23744600,18088200,4461100,19572500,503700,2258600,1526700,4610100,26780300,31806200,10547500,26025000,11582700,5074000,19050000,5644900,3264200,9413000,1491100,5836500,3042400,1071000,37478100,2253700,20810400,6193700,546700,710500,40215300,998400,16834900,2500900,21882800,70511000,2282900,31008500,1507400,4811500,12462600,712600,280600,2981900,4257300,3970900,2745900,868800,15946900,13494400,28046000,32111300,14747300,10091800,13808900,5625700,40333000,16624000,10083200
2025-07-24,9643800,4807700,6139200,347300,5078300,398000,18948000,12025500,2735600,7504500,228000,3744000,852600,3892600,18412900,17800200,7698800,27013700,3271300,5867400,13709900,6251700,3662100,7304700,1120100,3952800,2992200,1035000,29446700,2159000,23064800,3532200,544000,676900,42275500,1446000,14200200,2147100,11319800,71307100,2321000,25164800,2495900,5938400,9123800,779500,1009600,3236600,3840900,3661700,3140500,883600,5681800,17343400,24022200,32371900,11695600,12159600,11462600,6727900,22137600,11054800,15148400
2025-07-25,5530400,5153900,4845900,381900,3710600,585900,15605000,9583200,1846000,9017800,207100,1862400,1568300,2295600,22740500,21767800,9376400,30123100,5506600,3614000,8281500,4125700,3046700,5425000,1029700,3306200,2740000,1038400,24555500,2646700,26008500,3979700,566100,712200,30630800,890000,16852700,2023400,24958300,56865400,1093400,27196200,1529400,3287400,7312300,630100,150300,2960500,4210100,3233200,2172200,770300,5360100,15752800,20143200,28964700,9376600,8002000,9284900,4698000,16320400,9539900,12268000
2025-07-28,7032200,6305300,5806600,373300,2864200,418100,27703400,13654000,3116900,6767800,339800,2199300,1748000,2591600,22597200,15764600,9275400,22093800,4606300,5073200,9077200,5782000,2951900,7839200,959700,9580900,2342800,556700,24934900,3914800,21887900,1511900,516500,1417400,31498700,908900,14874400,2467100,16543400,54917100,1656400,26812500,1824900,3796800,11187700,892300,157800,2551300,4193100,4797900,2580400,786600,6660200,15015000,23705200,29119300,9214700,11517600,12113200,4776600,22413600,9780300,11332600
2025-07-29,12015200,7664300,7397900,480300,3146200,356300,24742400,11888600,1985900,6473700,240600,3911500,1284700,3397200,20673100,26410800,5741100,21371800,3660100,7864000,11595900,8264300,3104400,8042200,1911300,4958000,2117600,883500,28685900,4625900,26131300,2267000,571800,1912200,45463300,991200,13147000,2079200,10705700,60556300,2326800,47828300,1604400,7928200,11933800,682200,126200,3713600,5053400,3745600,3051000,789700,8877100,14205800,24552000,37883200,13546500,13739000,18872900,9447100,18395400,14967600,11012600
2025-07-30,8305400,6895100,5554600,1038500,3765000,229100,37855400,14623000,2587300,7624800,463600,3936700,1585600,4322700,62920800,37056800,13459600,38392400,8431800,7425600,10422600,9480400,5070600,9229200,1465700,4588300,2657400,845100,48924400,4811700,23313300,2798000,577900,738400,43433800,1598800,23968400,3786200,35325600,80418900,3846800,40670900,2057800,4957400,13314900,1428000,280100,4407900,6974700,5966800,3240700,836800,10545200,23629400,26552400,37260100,13795300,13934600,16485500,9908200,27424400,11634600,13746000
2025-07-31,19774600,11795100,6463200,656700,4223300,361300,30587100,29271500,6831000,8368000,293800,3346700,1763200,4396600,26591800,36901900,8981000,41501300,4852600,10411800,15402900,8900800,5909300,7235700,1621100,7730500,3601300,1718200,42913900,4112000,31745000,3082700,630300,729700,64613600,1796900,19727500,5883700,15454400,103385200,3608800,49814100,4610400,3817100,19166500,693200,268200,4823500,7046800,4685900,5324400,1297700,6256200,23230600,24960800,46179400,16520400,16414400,18339700,10320700,30179600,26441600,13728200
2025-08-01,12416200,20144800,10782300,505900,5980000,326700,27234300,18658100,3006000,7790800,742300,4497600,2298500,11792100,30103500,33791100,12843400,68963100,8423900,11870100,14843400,13780000,5402900,7302900,2032900,6864300,3357700,1063200,63854100,5545100,46073800,3036700,885800,1063100,69400800,1466600,17759300,6048700,16787200,140103600,3766800,63434500,3088900,7087100,14943600,1222700,272300,5395600,8781300,5607300,3839900,1301400,14479400,28581800,42329400,63060800,19191700,19438000,28529200,9602600,35852000,20736200,22660400
2025-08-04,6717900,20328000,6834400,558300,5065800,302100,32920400,14718100,1611500,5963400,267300,1983000,2097700,3415600,16455800,30243000,7639000,37539200,3891800,8449500,8224400,5503800,4455700,10072100,1066100,4654400,1909400,895400,34989600,4039900,31779600,2482500,593400,843000,47669800,1087300,20330500,4535300,9725800,73218000,3014900,36425200,1500700,5326700,12578700,680000,421800,3385600,6640100,4118100,3035600,1006200,7863300,15497000,26509600,40053100,11355600,12377000,14441900,6584500,25730800,11331000,12640200
2025-08-05,9092400,8588400,8145300,225300,4081600,314800,18709100,11634100,1454100,4310000,225200,3557400,889400,3881800,15511100,16471100,6997700,29656300,5550300,8218700,10010500,7798900,3896100,11234200,1041100,3641700,1312900,822900,31337100,3428100,25922900,1337100,615900,868200,48666600,1089900,15668200,6269300,16451200,68051400,1800300,28586100,2156200,5894000,8942400,518700,318900,3752600,4647400,4491800,3237400,818800,9528700,16047000,31413600,33551000,12724800,11176000,15062900,6265300,21454400,14319200,11021600
2025-08-06,8102700,7208800,8082200,530000,2975300,453600,17094000,11499900,1693700,5501600,321100,4043800,963700,2540800,27541100,26247400,7418200,30512900,3177300,10107500,7748600,5930100,3694800,12217600,1065800,3085800,1332700,1376900,23142100,3844600,31825300,1643000,509700,1530000,41823700,1195400,16556100,2741800,8747600,64357500,1856200,42589300,1697700,8908700,8019200,728400,795100,3604600,4545000,3226400,3329800,1064200,6443800,13141000,38249400,34198700,10736700,10167000,16043200,7569500,23020600,14342800,11728800
2025-08-07,7869300,7157900,4193100,332800,5205100,357100,23378900,11525600,2190600,5575600,325400,4145800,1056600,2208500,27981200,16210100,10891500,29405000,5775400,5725900,9217500,6310600,4727700,5790400,1272800,5354200,1662300,1039400,37088000,5105700,29018100,1947600,551600,927900,44463000,1306800,13395300,2927700,21996100,74205800,1606300,29213100,1955100,3578400,10237700,771900,775200,3345600,4594300,2974400,4809600,934600,5728600,15272600,35042000,43119400,11095100,10318000,15984100,6429600,25702800,24421900,12127600
2025-08-08,8238100,6243500,5566300,536700,3684500,248800,16926700,10367200,1907700,7747000,320200,2088000,1463700,3098300,31947400,12053000,19886800,24679000,10126600,5623800,6781800,4297200,3370600,4584600,974600,2897600,853900,915900,28318100,2676200,16946300,1274600,427700,649600,35255500,966100,13660000,2621200,15786100,64051600,1831600,21596300,1511900,5793400,7640800,571400,409800,3228800,4342300,2881400,2917200,801100,5063700,10402600,40736200,39484400,9124700,11015800,14135200,7161600,18445200,13747100,10108600
2025-08-11,9698300,8361400,8668100,220800,3538100,285800,15176100,8516600,937600,3296300,186400,1398400,765500,1917200,16383800,27626800,10326700,30159800,7022200,4920200,8617600,5235400,3357400,3890200,2065900,3625800,1122700,1015700,25212800,4523500,24444300,2122100,434700,542600,33112900,864200,17459200,2730500,10749300,58742300,1624700,20100900,1013400,3307600,10040100,640900,993000,2623500,5373900,4275200,2799000,928100,5237100,12035600,28828800,29351200,9643500,9425400,12970500,6054800,19548800,14474000,9686400
2025-08-12,12239500,6571900,5493400,201100,5012600,232800,22908400,12302700,2917500,8737600,128800,2152600,856500,2456400,31062800,34365900,9697400,40846200,5391900,6724600,9576100,8392300,4638100,8487200,1286900,4491300,1342600,692800,43815500,4989500,26380500,3443700,825300,653200,42143300,854100,13871100,2844100,12098000,64730800,2526100,41052300,2066100,2929300,8588100,612900,690700,3240500,5851900,3340100,2227200,762400,6045300,12501200,34522600,37510000,9518300,11153800,16449500,8099800,20756800,17219500,9791400
2025-08-13,5386800,6791500,6208900,527100,6203200,254700,28585500,9490500,1136500,5795300,178100,2105600,1672800,3856000,29390400,60160700,4718600,35039600,2998100,5925200,7214300,8217500,3962600,5237400,1258700,3643600,1924800,727800,41705800,3622300,27701400,5343000,680200,931500,41209300,704000,16077000,3589200,13185600,60092800,1598200,30817500,1723700,5653500,8893500,699900,441700,3577300,5393000,2893600,2957300,928000,7072400,16882200,25601200,41154900,12786800,13990200,17683900,4962700,22425400,15069900,12555400
2025-08-14,5208500,6475800,6818100,394300,4553200,202100,28016600,11790600,1853500,4498900,132500,1801700,1153100,1983700,36668900,44954600,5817700,36559900,3838800,5527500,6939900,8468800,4793200,4455900,1082900,3210400,1968400,595200,55945500,3696200,18817700,3268200,824400,477200,45425000,932700,14665800,3934100,15819700,59327500,2203400,33397400,1617100,4551100,9971200,644100,673500,3524500,6236700,3487000,2316300,725200,9942400,16098600,24944600,35841500,9516400,15484400,12826500,7988300,18747800,15464000,11244600
2025-08-15,6884600,5354600,4309100,192700,5584400,236400,24042600,11864300,1174200,5582000,108600,1674600,1747800,3400000,25575700,27930600,5990100,22754000,7667400,7428500,7881800,7102200,4003700,5118200,1685300,3112800,1596800,808000,33571400,2417900,20932000,1732900,613000,439400,49480200,716200,14205700,1979400,13881700,68592500,1745900,36343600,1792400,8046900,8013600,637400,658300,2399500,7196300,3434100,1890100,742100,5513000,16132200,27297800,46108500,8796000,13373200,12217700,5689600,29576600,13929600,9346800
2025-08-18,7906400,15606200,6941600,658700,3809100,254200,19212500,11577800,860600,3725700,233800,741600,482500,2995200,21766900,21745000,6150100,25400800,7055700,9669600,7691000,5450000,5534000,9368100,1182700,4463300,1896500,817300,20144100,2616000,19579900,2936400,1002100,412100,29831000,624000,12751600,6377300,8670800,43804900,1721300,26777500,1987800,5247900,12094000,654800,455800,2562500,5311700,3788600,1912300,752600,7465800,9423000,26428400,25405100,7342100,12233800,11892100,4496900,16080000,12572000,9293000
2025-08-19,9946800,11862700,5098500,379700,5794900,280700,17226800,10721600,1930400,5465000,159600,2600700,2562300,5414800,40429700,28185100,5029900,21700500,4419700,6499300,9165800,10705200,3390100,5349200,3242400,2958400,1815900,740900,25000700,3010700,26744200,2821600,426100,941500,53752600,1211800,12997100,7318900,18812900,69750700,2263600,28780600,1336800,3423300,13533800,830900,374600,4168400,6739300,4135700,2601400,886200,7113300,11980200,25693800,24870800,9035200,17367000,13215600,6803400,16436800,13578200,11843000
2025-08-20,5615200,6916000,5512500,443800,4731400,210700,20299200,15871100,882200,5201900,120200,3654900,1630700,2444800,27693000,18023300,6515400,29704900,3608700,6270700,18487400,8988800,3981600,4664500,2182200,3875800,2717400,1004600,29229700,2974300,25054700,2115400,439200,1448200,76781100,3373700,16734900,2613800,10903400,88890300,2369300,25912500,2218900,3858800,10937400,729900,242300,2931900,7113600,6190300,3871900,874100,8344100,13436000,27967200,39138800,9549500,23064200,24835800,7026700,20169000,14607000,15303600
2025-08-21,7129200,4656000,5695500,546000,3780700,168700,14428500,11258900,2238600,6606200,111500,2138500,3548600,2338600,18525400,17821400,4809000,35825900,6383700,5351300,7447500,8050300,2780100,8982200,1889200,2680000,2194600,570600,24539400,2822800,25157900,1703700,377800,1365100,46436900,823300,9865400,3399800,10597900,54805800,3563000,28643900,3271000,3185700,9940100,464400,267400,2629800,4807300,2697000,2543000,1779800,5551700,13017600,22088000,29037000,7679600,15148600,18125200,5851800,16230000,13218900,10117000
2025-08-22,9451400,7468100,5828700,252200,8534700,397100,31264200,15827500,1524400,5437300,115100,2442100,2309000,6844500,45862200,39558400,8526500,59541500,12583500,10867700,7197700,6893300,4982300,5811000,2568800,4024500,2653700,1070100,58205500,5337000,34562900,2661100,1520500,720800,51502100,712200,15118600,4815300,26003300,84083200,3388300,49871900,3671600,4873300,8334100,676100,339100,3318700,6389300,3548300,2696300,786700,6505000,11434200,30936400,47249800,9298800,13756000,16491500,6488900,19234800,11898600,14933800
2025-08-25,5624900,7319800,5361700,162400,3898200,389200,23701400,11700800,1707400,5422100,350400,2705200,2242700,3106000,25325400,31399800,4044400,32714800,2224900,9936400,6595800,7021700,6943900,3967700,1287300,3811700,3039200,812300,28453700,2940100,18983100,2747400,720800,621600,34044700,758900,12613200,5797100,10286400,51274300,4332700,27011900,2242100,3175800,11252100,698700,405200,2968600,6483000,2792700,2104500,684700,6631000,12563800,23412800,24756500,6869000,10691800,20490600,6213400,16982200,10681000,9851400
2025-08-26,4696000,8729600,4648300,236300,3190500,283500,25684000,11788900,3013300,2945600,278400,2797200,2477600,3674100,23547000,22671700,11698500,33659900,7909500,5871200,7276500,15555000,3829200,6591000,1273000,3301600,1773700,709000,25121500,2947600,23246400,2084500,704200,656400,34103000,665100,16407600,1673600,13836600,51581600,5345700,30259300,1919000,3174400,10959900,724200,412700,2739800,4776600,2832000,1922900,750100,8479300,8414200,22855600,27907000,6927500,11081000,17724000,4318200,17263000,11397500,10809600
2025-08-27,7320800,4919400,6053900,565600,2943900,274900,31452900,13054200,1166900,3481600,123600,1966300,1039800,1870000,23966600,51266700,4320100,24335000,2931200,5222800,6382500,16888200,4079700,5421400,1194100,3679700,2075800,1420600,25395400,2558400,25171700,2162000,1606600,480900,36927100,633500,11516200,2399500,10084200,48341100,2106700,38142800,1462900,3322100,8263400,621200,441600,1885400,6171400,5481300,1902400,778800,5998700,8967800,26877400,39530100,5876400,11538600,11764700,5171300,16821400,8321700,8764400
2025-08-28,7068500,5490300,5857300,147000,3576500,410800,21353800,11136400,2237100,5493400,119300,2018300,2017700,3087900,44091200,30254300,9610200,24203800,4900200,6544700,10529700,13723300,4132300,4135900,1262700,3385000,2299800,659100,25011200,3687500,26892700,1882800,617000,574000,46787900,659600,11793900,1824800,21079100,61519500,3876100,32205900,1321900,3522000,9558600,630700,306600,2525000,5058700,3236900,1938200,638600,5949800,8557200,24086200,28837300,7166700,12380600,14505000,4199700,16078800,9165700,8211400
2025-08-29,9181400,11546500,7736300,447500,3605900,245300,24867400,18544500,1715800,6054000,197200,4159600,1855400,3359000,19563400,43494000,15642600,35070300,6360600,6818900,9723100,12551100,3949800,4761600,1998000,3709100,2161000,599400,29254800,4222100,32201100,4727100,855400,568400,56030400,675400,13211200,2757600,28952900,74522200,2847300,41686400,1606600,3510200,13976400,637000,238800,2137100,7512000,3418800,2207400,703300,6356500,8288800,23745000,36062400,8806100,17481200,15675800,4810600,19469400,9655700,11766000
2025-09-02,8529800,13477100,6222400,630100,6009200,273500,24343900,15496100,3236400,5760900,403300,2499200,2738400,2553200,28451400,27069300,21247500,51804000,9973200,8623200,8817900,15087300,5492900,5577800,1857700,5796400,3446200,969200,33108600,4715600,31044800,3852200,512500,694500,65876800,992900,18420600,4372200,35875300,81983500,5710700,48760600,2712000,5380800,13307700,934800,267900,3424400,11116700,4816300,5509900,1239800,10064300,13028600,25964400,38733100,9798600,18226000,16662400,8204200,20655000,13325300,14705400
2025-09-03,8400000,7040700,6005100,820100,3948200,237900,29035600,14418600,2549900,5068300,318300,2120400,3743800,2250300,16810300,25419300,16062200,34283100,5169300,7586100,9404300,8025800,3793000,3445100,1540600,3886500,1816600,924700,33252400,2730300,34520600,2140600,741200,973700,54230200,887400,19873300,3284400,27291200,70820900,4699700,52499500,1408500,6270900,14512900,708000,885900,2505500,8205900,3161400,3782600,1273900,10285300,10157600,36018200,36420100,12036200,15636600,14723100,5668000,17268000,12586000,13839000
2025-09-04,6297100,9180600,8842600,414400,4524200,260100,14791900,10348000,2721700,3655300,191300,901000,2147100,1886100,20744500,31584300,11703100,37999700,6439500,6395300,7394800,7028000,3203200,5415600,1761000,5855400,2165800,1363900,30323800,2824100,43026600,6878800,614800,594300,47526300,858900,13419700,3232700,45258500,65219200,3919500,40501600,1614700,4503100,8704900,665300,344100,3689000,8045600,3042000,2728500,828600,10215600,12530000,25895400,32730000,10148800,24397400,12717400,5991100,22362200,11778600,24662400
2025-09-05,7617200,10223000,6321800,419100,5828200,339700,24805800,15510600,1639700,5648000,158800,2731400,2393300,3308700,29163100,26098800,16065200,39147800,8368400,9566300,8104200,9636500,6395900,6731300,1962500,3575400,2822800,1034900,47542500,3907400,36249000,3564200,512400,1087200,68342500,1321900,15327800,5352500,25435500,85178900,4068800,69668000,2608900,5101500,12146000,898600,1039700,3446100,6641500,3872100,3457800,803800,11562200,15054400,48182200,58377100,16781000,38561800,20657300,5298300,27006800,14664000,30997000
2025-09-08,7202700,9201200,6414400,316400,4395200,389700,23345100,12010700,1512200,6346400,1093800,2802200,1001900,2178800,17186300,32508400,18617300,27003400,6838300,7599600,7721200,8077800,6611600,6514200,1289100,5228300,2428900,798700,31487700,4116600,28998000,1910200,834900,626400,46371400,1093200,18249700,2281200,25019700,63133100,3818200,54538700,2362800,3943300,8503300,1253900,625500,2880400,9472200,4149800,2812600,818200,8471500,13605800,34931800,49490900,11647200,20556000,18019800,7678500,28469400,15753300,18769200
2025-09-09,7090000,8740800,6613200,252700,5979400,389400,23818600,10893200,1616200,6070300,461200,2770400,1438200,3469200,14692000,37238800,21641900,36704500,8801400,8223100,29848200,30514000,4063700,3565400,1502000,13556600,2516300,541900,35395800,3018800,24412500,6756300,553000,530200,44007600,957300,18576600,2467600,24001200,66133900,4938800,37126400,2830300,4228800,11960500,2186300,512000,2533900,7844800,3110500,2997600,856800,9703100,12112400,41193400,38884500,12179400,19355000,13459600,4308300,25741400,12249600,13340200
2025-09-10,5952400,9027200,5680700,282100,5412200,270400,27152000,11838300,2588900,6028100,230600,3242100,1479500,4426900,23811200,26132300,11945700,38106100,6802500,8864500,8151600,8056400,3788900,3296300,1824600,18437500,2872300,702600,33910200,4428200,30188100,2548100,484800,1074400,49308000,1370200,16572100,8269500,17743600,78034500,4601200,40713600,1716000,6039000,10548400,1349400,252500,2242800,21641100,3702700,3547200,962800,9247400,10671600,29932800,32915900,16515000,25957200,19041800,4006500,32168800,13588300,16330400
2025-09-11,6776500,9714300,6437200,251100,6352100,255700,38948300,11013000,2503400,4782000,258600,4489400,3199300,6894400,24840700,45104200,9082600,34221500,10093600,8554300,7648700,9856000,5320700,4038400,1550600,8344100,2882100,934000,43629800,4214400,28405600,3177800,1426700,837300,44745800,1082500,13521500,4892400,19051500,69934400,4158700,46694400,2552600,3876000,11815900,1030000,229900,2671400,9109700,3577800,2607200,781300,8570400,11685200,25176800,36635400,17820600,23429200,16717500,3604900,24265200,16470800,16448800
2025-09-12,6525900,7154200,5493000,300700,3784600,208600,17773100,10010500,1610500,5509400,196000,1733000,4150100,2951100,21274700,19860500,9619700,25702800,3745700,36502700,8022100,9246000,3530000,2154600,1095600,6244800,1809400,657300,46097600,2843100,26728500,1622700,542400,368700,50745900,1141000,14967600,3057500,19902300,72780100,2049100,32968600,1859100,4990100,9183400,922300,454700,2165500,8130500,3055600,1910200,969800,7096200,11069400,22297800,25705900,8907500,15612200,10261000,2515100,18727000,11345400,9002800
2025-09-15,5039000,8876200,7193600,267000,4862200,1054700,22076400,18108000,4993700,4639300,252200,2739900,1889200,3823700,27909400,31004200,10569900,27248800,4457800,4990100,29907000,16551600,3621400,4749100,1352900,7453400,5265600,2170800,33014000,2914700,21863600,1672800,761200,459300,44360300,948900,18547600,1917300,22225100,63772400,3587000,24820100,2174500,3985500,22308900,1140900,225900,2754600,7710700,3200800,4148000,1033600,11818100,9791400,23287800,31922000,9412900,16268000,14871900,3844000,22818400,11233800,13760200
2025-09-16,8264600,7036400,7012200,195800,4526100,372600,28614400,25226900,2952700,4636800,273900,2524800,2276300,5797800,26429500,23170800,12161500,33075600,27357700,5847700,18447400,33251800,6143000,4539300,1794800,10650600,1907400,788300,37059300,4549200,28232600,1967200,451700,717800,36942100,13653700,19907700,2091100,25319700,61169000,5346500,26794200,2164700,5063900,15148200,922000,303700,3260300,6393200,3709300,2514600,881600,9032500,9700400,41593000,28482500,10336100,16081400,16171000,5432500,21652800,12443800,8687400
2025-09-17,7878300,5395900,8872000,448000,5998000,343100,53353400,17013600,2659200,5829100,287300,4827800,1987900,6110200,39751100,34303200,16535300,35955700,17507500,10701700,16795100,16299600,5292000,6512900,2030000,20473700,1953800,998100,79955600,6119100,34969800,2566800,852800,2305200,69384800,3811600,21748100,4243800,31045500,101952200,5676100,49121800,2096100,4020200,12221000,1213600,556300,4570600,11613600,3643200,4373900,961900,11017700,13319600,26044800,47976100,12549500,18948600,14408700,7312900,20168200,12501500,15324000
2025-09-18,7123700,6032900,7641400,190700,6681000,427700,30544400,15791600,5659000,5465400,194400,4069500,2027000,3802100,18201000,36182900,14913300,43250000,9244100,7589200,9924400,11149300,3536900,4096300,1891200,11498000,1814700,674200,49167700,3508500,37159300,2748900,989200,998500,61069300,4099300,17238300,2847600,13289200,90459200,4223100,55717900,3038900,4176200,16783200,889500,6029500,2966000,11057500,3112500,2988800,793600,10529600,15116000,28713000,36609100,13071800,20882600,21046100,5162000,25303000,11472900,10819800
2025-09-19,7238500,6689800,5295700,205000,5871400,371900,37385100,21889300,2925200,5099500,204200,2517400,2398100,3940200,22505000,33890200,14982600,32042900,5766000,5528800,10223300,9596500,5282400,4074000,1553200,6414900,2658600,1191800,56092000,4084600,26845400,4182600,1140600,507700,58196100,1500900,17610900,2196900,36776300,97945600,1336600,32509200,1609000,5958100,15449000,814900,249600,3076000,6065700,3610400,2665200,696900,8883100,16468200,29979200,46731400,8778300,15670800,13348900,5331000,20974000,11280900,12576200
2025-09-22,5642100,6255200,7813900,325700,4074900,266100,18357700,13692200,2669100,3428800,126000,2007000,1980600,5374700,27533100,25541100,12386400,26670200,6521700,5282700,9168000,13031100,3241300,2611500,1182300,8709700,2211400,917100,53572900,2430600,25908600,3235500,646700,904700,57154800,1552500,17463700,1835800,32055400,69452200,2076400,24758200,1968300,2787100,10972500,2306000,239300,3646000,11583800,3434800,2671800,907200,7307000,8882400,22502400,32393000,5688500,15771200,11993700,4786500,19477000,9732700,12283600
2025-09-23,8095500,7854700,6492000,318500,5904600,269900,21298600,14688400,3737900,4353300,230400,3467700,2275500,4023000,32623600,23445400,18384000,37088500,11213900,7077500,11134800,9006700,3554900,3227600,1538000,7513400,6067600,2792100,41854500,5978700,31575400,3823100,557000,1228200,64635500,1556700,16862900,2433300,28492600,81708900,2856900,26689000,1813900,5617600,13985500,789800,215900,3421200,10753000,3455200,2667200,987400,7973800,8228800,44214800,28698900,8589300,16456400,9703700,3002000,17900600,9903000,9696400
2025-09-24,6610800,6711500,5158400,309300,4588800,190700,24947100,14910700,2282700,4906000,232000,2994100,2476500,3554100,22707800,35307500,12709100,28124300,9123000,5419700,11586700,9684900,3417400,4014400,1428000,17964900,1494900,1039000,36002200,4449100,34756700,3733400,523200,477400,49850300,1162500,19469300,3073900,31533200,68082200,2236400,28098000,1150300,3939900,10955300,714700,280900,2709200,23787300,2957000,2400900,725700,12004400,10669600,35406200,23893400,5938400,13471000,10634100,3990500,17317600,7471600,9862000
2025-09-25,8743500,11455100,7402700,1415100,4767200,232100,27611900,22434600,2866600,4855800,165100,3437500,2949700,3374500,32002800,21546900,12639600,33509900,7896100,6517500,12214500,13112200,4406000,3475200,1810500,5037900,2108900,812700,37209500,3963400,36991200,2747600,594500,931700,70920200,1539400,20335200,3458200,36395800,89622100,4019900,29882500,1816700,5736700,14587900,772000,490700,4246500,6965700,4108100,2839400,763500,7593600,11077200,31887200,24757500,7145800,21349600,12046100,3559500,18689600,14099700,11590800
2025-09-26,6868100,7888800,5531400,407600,4167200,227300,22608400,18138000,2294500,9649800,203500,2706000,2540000,5278900,15900000,21841300,11698200,31046800,7110600,7295300,11292500,14544100,2879300,4485700,1588100,4338500,2301800,1176600,28942800,3098500,31962100,3090800,853600,577600,54337400,1036900,16482800,2291700,44578500,69179200,2790000,30955100,2040300,5918400,10880300,662600,455800,5430800,6438600,3169300,2483200,702500,8561200,9944600,40161600,30686100,6958900,16534000,11547800,3436200,16233800,10071000,9749400
2025-09-29,7751600,6928500,5534500,192200,3752700,346100,26754400,13807100,2822900,5053300,165000,3292000,2436500,3738400,24349800,24254300,15719600,28558500,7263500,6357500,10217400,11868900,3403300,4562600,1204800,5026800,1874500,2803800,26391500,3484900,31961900,1442600,764900,540200,48332900,1336900,25833100,3836900,41290300,73499000,2524800,32286200,2789800,6341200,12227500,955900,575100,3155100,5658800,3711800,3944900,3177200,7232800,9378800,37674400,20713800,7177600,16107400,11490300,3891100,17130800,7735700,11244600
2025-09-30,12400700,14165800,8840700,377300,4253300,392000,25165300,24295000,2173600,9629300,169800,2963200,2742100,3066200,21898300,29827500,13312400,54970300,7678100,9257800,14996900,13623600,4515800,3488300,2619200,4899400,3362600,1322900,33447700,6957400,34939700,2685200,514400,920000,46533800,1080300,18115100,4044100,34884200,86288000,2985100,38584000,3545900,7709100,14228100,1113600,431100,3002800,6515700,4210900,4248600,1897300,15944300,9408200,47544800,32442200,8211200,18215200,12306100,3940800,21960000,19313500,12982000
2025-10-01,6961300,15501400,8762900,565700,4551600,296000,29971300,17167900,2286800,6794700,467400,3426400,3815500,3909700,35845400,26764900,15573600,58042600,10140100,8347000,12914400,13314300,4728400,4114900,1663900,8195800,2283100,1159100,28520000,3689400,30262700,2313000,651300,1094300,46899600,2328500,18618100,4194100,44341800,72545400,3796100,39408900,2092400,6348600,13793900,1184600,512100,2933500,10020000,5983100,2818400,1024500,11430800,13749800,27661200,33210100,8753400,17411200,10125300,6818800,29195400,23657900,11258000
2025-10-02,6055800,7225200,7155600,303300,5458300,310100,27872000,15300500,2198800,6801000,325900,2308800,2466100,6535100,39252600,32022400,16162100,33348900,11710400,9420600,8991400,7925000,5585200,4429000,1846400,5694900,1780200,1300200,28687400,3352600,18259400,3956200,831800,828200,43765400,2024000,15690700,1896800,58242300,56896000,3162400,23208300,2471200,6317200,14710400,705800,523500,4186000,7139500,4010500,2323000,1071100,9704400,10673800,31793600,32443400,8495400,17607800,8422100,6391600,22648600,15176200,13191400
2025-10-03,5268700,6177600,8372400,356900,9693900,316600,21836000,13985500,1461000,8651400,457700,2786800,2144600,4225100,27077400,24482200,14464000,35109200,9028000,5154300,10101200,10054400,6272700,2969700,2462000,5608400,1997000,805800,34579600,2630100,19971200,1543000,657300,618400,46482100,1474900,15309500,2282300,47523500,70494400,2184000,25884500,2255900,6657000,10005900,788600,160200,2496500,7210700,4894000,2008000,980100,8222000,9827600,24048000,32111600,7430000,17458000,8426600,4820800,25133200,15829200,13934400
2025-10-06,6950200,7041200,8688800,179600,7405400,494400,17890500,12812500,2133100,8346500,671700,2060500,1884200,3658100,23565900,16610900,17093700,29485100,9403200,6319600,7972100,6839900,4023700,2792800,1448200,4122400,2333200,1147200,31507400,3428300,19553600,2179900,623500,1147600,41962100,1483500,16315100,2637300,34114000,54623300,2262400,28371000,1703000,5435400,9944100,910200,216000,4154400,6056400,4899400,2135200,932000,8798700,8937800,21488400,32001300,6861000,17945600,10740000,4921700,20024200,12879900,10462800
2025-10-07,6379200,7071900,7229500,241800,7368700,318200,18605600,9075000,1400600,6994300,307000,4918700,2621200,5040600,30018900,26990100,16836800,27672300,8728100,5119900,8526400,13128100,4051300,3105000,1593500,4028200,1989300,1020400,31766600,3080700,29459500,3126000,1470900,751500,58209500,1223400,17220200,2301800,42769100,72020100,2714900,29103300,1864700,4845800,9942700,830700,230200,4546200,7466300,4956100,2726900,1065600,8179600,11308800,25324000,31250500,11204100,15588400,12084200,5191500,32901800,12478700,14624000
2025-10-08,5726900,7236300,6298400,292500,4621200,257000,15391200,11159400,2031200,11043300,284500,2359300,1678500,2981900,17955700,25431600,28052300,34932200,11060900,5141900,9488800,9989300,3011100,2526000,1081800,5192000,1770700,922800,25825000,3025500,22462100,1898700,952900,496600,50629800,1005100,15899800,2942100,59455700,60702200,2273300,22506200,1716600,4321100,10158000,743000,185300,3325100,5035200,3149300,2192300,753600,7099900,12184200,20024200,26848700,9686000,14037800,9503000,6809300,19790400,8925800,7910200
2025-10-09,5199500,9389800,9071000,168400,5411000,235100,24685200,10567900,2417200,4539800,202500,2594000,2531300,5477200,19749000,45824800,33674800,65586700,23845100,7130600,8131900,7553500,3089100,3259500,1183900,2501800,1890100,965500,26243100,8213500,29660700,1800900,668900,639100,45551000,1041100,19054300,2884700,110701700,66501900,2491400,21578700,2005700,4670900,12014800,704800,216800,3122700,5898500,3803200,2215000,751100,9095700,13231800,23397800,33922400,9751200,11989400,9315600,4517100,21557400,7657000,9757600
2025-10-10,10204100,14648000,7202600,464200,9309100,524100,67908200,26137200,2642300,11311900,279900,6762400,2575900,9591900,57542600,146013600,24192800,83840400,12966900,10417700,16564400,17633500,6793400,8108600,4239900,7643600,4633400,1159500,70569400,7701800,39146400,16704800,1101200,1399900,97614800,1424000,24258300,5552900,67017000,159422600,4018900,59389400,3815000,8290900,14102800,1264900,708000,3996300,13664200,7886700,4942300,1236200,20103500,22262600,44892200,73596200,24285300,44574600,20763500,10153200,23183800,13350100,17978200
2025-10-13,8320400,13286000,4358400,282700,6272500,319300,34717200,11132900,1946300,7861500,134600,5372100,3744800,5622000,26812100,71314400,18514400,31926800,9388800,5607600,6583200,10328000,4831200,4819600,1445900,6685000,2099700,638100,36298600,4094200,11235900,3781600,953000,755700,65872600,874000,20634900,9266400,57830400,79560500,2206300,28035500,2515400,4026900,10517200,856500,372900,2809800,6968400,4476800,2681600,822500,7688800,11979800,22889600,39651900,11014200,22030400,12692100,6720700,18760600,8257500,10860200
2025-10-14,8508700,8281800,6550100,205300,7827400,252200,36062800,15119000,2740800,6700900,208400,6203200,2859100,4381200,29166400,41027800,18409600,63860100,11451300,7650600,12389400,12220800,4608600,3342600,2240300,6413000,3274000,1182700,45320800,6901300,43975300,9046100,1038300,690000,69203200,1099100,18735100,6221200,57821500,88779600,4469200,29800000,2709000,5106900,14567200,1098000,698200,3047700,7493500,6307300,3945400,1172900,11937500,10797400,25084600,62588700,11015600,26956800,12884100,7769100,17571800,10044700,12533600
2025-10-15,6297000,11747900,6264800,164500,6187100,217200,31145700,15005400,2847200,7589000,206600,5127600,1990800,4072100,25713300,29502800,20598300,59802200,11406400,7769300,7765700,10399700,4099800,8336400,1920600,6901900,2625300,932100,45369000,7376100,45017200,2824200,582300,1060300,62805500,968500,15036900,3720300,41672900,81702600,3018700,31333900,1863700,4069300,10995400,1083100,304700,3026500,6504900,4245600,3002600,920600,9739600,10555800,24267000,39526600,10338300,20937600,9111200,7393900,19087600,7260600,10836000
2025-10-16,10035200,7811800,8485100,279200,8149500,1114800,29782000,24970300,2469700,5636100,300700,3622600,1680000,8139400,27034700,25051400,33621400,75725200,17695100,11627200,10198200,12437500,6155600,5871800,2630100,5132300,11648600,2841300,52740400,7403300,39858400,2644800,1677900,888100,70982000,1565400,18983200,5563700,48853000,110563300,2687300,39631200,3098700,7635800,13762200,1147400,428600,3719100,7594800,5328500,5628500,943200,11303400,13389600,29193800,85420100,13796400,23166200,13600000,9443200,29119000,11194100,13036800
2025-10-17,11738900,10183500,20337500,1650600,8439900,233000,24373600,16789400,2717100,6222300,156200,3905700,3080000,3725300,18520800,43076800,62025000,70044200,40401300,12491000,11622200,15756600,5326300,4582900,2782700,6734100,9309200,3092600,55379500,5945500,35433500,2798600,588200,539000,72024900,1309700,14043800,3354600,86492600,96500900,1739700,40240400,2579100,5517900,10372100,1318900,417600,2945200,6911000,5646800,3981200,984000,7325300,12791000,24071800,52288900,10806300,25511600,13983900,9458500,21825800,8160300,11769800
2025-10-20,7299100,8215400,6287200,185200,4556600,222800,29450600,12951100,1956600,5450900,143500,2243700,1965000,5327000,17833400,40080900,34523000,43762300,15793200,10437800,11990100,7292600,3561300,8176700,1245500,7433200,2816100,2166600,32545000,3115500,26361100,2049000,653500,1459000,45761700,765400,13374300,3331400,35933500,60493400,2108500,28429300,1093800,6113000,7678300,1154600,210500,2036800,4086200,3919600,2164200,821300,6237500,8425400,25352400,39479600,8192600,13805200,13002500,4826100,25420000,8435900,8356400
2025-10-21,12965900,6989600,6179900,534200,5951600,177400,27091800,16644300,2593800,5126500,356100,3144800,1816600,5103800,25782200,35064300,54101400,45418100,39834100,7642000,8268900,7034100,2914100,3190600,1584100,10108000,2930100,779200,26337900,4900900,27353800,2064600,556700,468500,44538200,1041400,14782500,4726800,81395300,56249000,2702400,24514300,1577300,10824400,8757200,1068400,201200,2829500,4216200,4099800,2139300,739800,6480900,9335800,25885200,31213600,11589400,12503800,17471400,6887700,22107800,9031800,8674600
2025-10-22,13263200,13191400,7164500,397200,7604700,305300,23595100,15028600,2046400,7076300,177100,3850600,5507900,6469200,26662700,25768600,30524100,50698600,24702700,6523500,10263800,13805600,5042500,10304600,4156100,4929900,4321100,1196000,46578400,6877900,41003600,2384300,750300,825600,61478800,1752400,13644800,6952900,43270000,80564000,2898200,30496200,2513800,14092800,10557400,1409300,384000,2490400,6961600,7357900,3543300,1388100,7893600,13133000,32814000,53727500,13612300,20723200,13294700,7755300,19108600,12705300,12749600
2025-10-23,9975000,7399500,6041700,472300,5144200,296400,19655800,10584400,2269700,3620400,290000,2227800,2214700,4919200,20642000,30021800,13695500,37962400,10752000,6138300,8013600,10947300,3340900,5730200,1283000,5702400,2381200,730000,28591000,3572600,27558500,1829200,692000,479400,42844300,1504500,13653800,4405500,24565600,65604500,2645900,28275100,1801500,9561300,6856700,1007800,246700,2687000,5851800,2955700,2512600,1809000,5989300,10682600,47308800,29483700,8035200,11923400,10809500,9446300,16134000,7924900,11286800
2025-10-24,6544500,8743100,6912300,268900,7228900,337300,19506300,8967800,1836600,3653100,165900,2985900,2594300,6017600,15040000,20969600,13263800,39905600,11592400,7555200,8171400,6210400,2778000,5883200,1352400,7901100,1984600,658400,26627000,4028600,29474600,1324200,577200,522400,47632500,822800,14055000,2293400,24014000,74356500,1706700,28266000,1251000,6467300,8572200,1005800,552700,2619500,5694900,3780100,2224100,736800,5573300,13450400,21191000,31947800,7502400,14359600,12735500,7820300,21737600,7007400,6481600
2025-10-27,8527600,11472400,7706600,294900,4720200,264300,24016300,10612600,1370100,2985700,206700,3540400,1636600,7519400,20278500,27399000,23657600,36495000,19098400,7272300,7492300,7172600,2791200,5337000,1426200,8293100,1870800,701900,31798100,3414100,23513400,1747400,986100,766200,54098600,1147200,17308000,6043700,42914100,63339800,2753600,30033600,911500,4563100,16256400,1206800,232200,2921900,7804300,5496100,2383800,916600,5513400,11936600,19597200,27154100,5828900,15167000,13984700,6851400,16042800,6466700,7407800
2025-10-28,10300500,13039400,7399700,181200,9435500,292700,25911500,9187600,1583000,4523200,123900,3264600,2097200,6182300,13172800,28787100,19257600,31591400,11185300,5539600,9091500,14150600,4642300,4264000,1848800,5521400,2568500,1020200,28075900,3366700,34236300,2830200,707200,501300,61195700,1534900,19879800,6114700,27782000,61738100,2608700,23564500,1769000,4540300,13252500,1379600,329500,4635700,5625600,3765000,4464800,2096000,7194100,13049400,22474600,33648000,9022200,15055200,8927500,17438000,20661400,8652700,8999400
2025-10-29,9275700,13416300,8938700,191000,10006500,542600,32924600,17914300,3329000,8550000,451600,4086000,2137700,11103800,26090100,32970500,18891800,51827100,15939000,11223300,12231500,10948100,7255500,8390900,4671500,6523100,4421500,3408300,56235300,5685600,36236000,3591600,1151500,628400,67422800,4191900,22899100,5335000,27351700,85657100,2976500,39551600,3080400,4418000,16800300,1611700,700800,5649700,6104500,4818800,5397800,1451000,11930300,20990000,26807800,61846300,16439600,21506200,19894100,13140800,24271800,12425600,11064000
2025-10-30,13563800,7897200,7109500,183000,9338300,367100,22532800,13967800,1934100,6073400,168900,3122700,2513300,7413200,19757600,35664700,14812800,39967300,10400900,8958800,12345600,9746100,5836400,5083400,2463500,6398200,3998100,2156300,44538700,5222100,46045200,2722900,811700,547500,61628600,1446300,18030300,3799300,30333200,76335800,3977100,42649200,3310500,2787200,13562000,1864500,465300,5183100,6243300,5025800,4441800,1713000,6294200,20798600,20663400,48568700,11840000,19218600,17364800,14353400,18870800,10756100,11853400
2025-10-31,13111900,14371000,7106700,611000,7990900,453100,29316400,19459200,1590300,9755500,291000,2239400,1638000,6141100,15513400,32012200,11077900,45044600,9572400,9739900,11333900,15149100,4238900,5978800,1969600,8120200,3684300,1330400,37214700,3228600,57255300,2778100,737500,426900,66305100,2342300,16174400,3592700,21310900,87164100,2249300,38247300,3055700,7030300,10372700,2164900,616700,3982700,7058600,4243100,3812200,1786200,9610300,17528800,26985400,40425800,10414800,16303800,14658200,9788100,18434000,10581100,13414400
2025-11-03,9042100,17922800,7085100,786100,4858700,333500,18735900,10681400,2046100,5288200,664600,1790300,1887700,7028000,15008700,21839200,7254300,54615100,6968000,8012500,10191200,13692800,9132200,3545100,2418000,5675400,2785500,1489100,28887900,4404500,53372100,1593900,873400,521200,37154300,1333000,20525300,5418800,17946700,57315000,3887200,40752300,3076900,4473600,9490600,1519600,240700,4522900,5568100,3344400,4206900,1466000,6643100,24127400,22232000,38693200,9797400,13983600,16185500,10847400,22339600,12279300,10730800
2025-11-04,29687500,12162100,11476200,480200,6013300,345100,25655800,10349000,6831300,6613800,1135400,2785900,2404300,9065500,20361900,23252400,11540100,49705000,6979400,6119000,10759400,20839000,8215900,6828000,3318100,8949900,4260100,1184200,34468700,5333100,62636700,1944900,635600,1056300,63830800,1205500,18189400,6502000,26679100,78427000,4858700,26383800,2435400,3196200,13680200,1522500,279400,4058700,8390500,3288700,3065400,1211100,6179200,22164800,29477600,44675200,13391600,16722600,18147000,8413000,17156200,14182200,9312600
2025-11-05,8164900,7973200,10862500,375600,7030200,264900,22362000,12451300,1672700,5594800,275200,1500700,1813200,7539500,34649700,19156100,8357300,42273700,5947200,11749200,9108500,13337600,3490400,4193900,1953200,8342700,2756000,668500,38229200,3326700,43258300,1609400,1096000,608600,48688500,1211500,16559900,3952600,16178500,74402400,3908700,44643400,1761100,3309200,9545100,1735100,891000,2885900,10323100,3147000,2485800,819100,7337800,18828400,23857200,38036300,11121900,14447000,15782900,6925600,16858200,13154600,11716200
2025-11-06,7247600,15915800,6461200,556000,7125200,337300,24880700,16176000,2667100,5396000,331200,3439100,1679400,9740600,22327800,31541500,6891100,46629200,7512500,7665000,14144400,9801800,5207000,6626000,4022200,7916200,4628000,1239600,40601200,5003100,37814800,3534900,1551500,894200,72115100,1324400,15867800,3725200,15957900,85035300,2394500,33027400,3542100,4127300,14435400,1826200,427000,3421600,7099400,2968100,3909300,1472300,6675800,22407400,32154800,42625700,11735400,24797400,15452200,8171900,23668200,14395800,14726000
2025-11-07,5708300,11525000,7073200,305600,8604400,418200,32432300,13976900,2132200,5604500,426100,3038600,1180900,15219400,21473900,28679700,11060400,47233800,8568500,11460300,13360700,12408200,7873600,4373000,3769000,10021600,5022300,1263600,54978900,3894500,42671600,2008400,933900,796900,81835400,1772400,18818800,2942900,16493100,100592400,3097600,28530100,2947900,3627000,14800600,1928300,388000,5277800,7571300,4707100,4826100,1122900,10780600,17975200,35458400,46218700,13518600,25547000,16959500,7674200,24337600,14522900,11502000
2025-11-10,7945000,13043700,7235100,254400,5636600,312700,27712200,15682400,1484200,5038400,185100,2644200,2389900,8460800,23378500,35660200,13456200,51875200,6054500,9097300,10766400,8845600,3720600,4661500,1930700,8998000,3404900,988700,31238000,3900700,45229000,1666300,865200,653700,55919900,1166000,19396900,6287900,20763800,75842900,2354200,24093500,2463100,2525500,10063100,1518800,531200,3398100,8425000,3658900,4209800,1101300,5852400,15233400,31264600,42010600,10900400,18286400,16805900,6823600,17947200,12305900,10434800
2025-11-11,5186200,6181200,5229400,268300,4839100,366500,22791800,12959400,2071700,6582700,190900,3140400,2524600,5259800,41923500,21097200,10753200,17001100,6738900,4937700,10121700,8146300,4345800,6611100,1574000,12258800,2487200,688300,27357900,1769000,11282600,1396700,681600,462400,44868800,1078500,16948900,4175200,19693700,58953400,3902000,18942300,1407500,3677200,7046900,1126200,498700,3190200,5639200,2506400,3207800,905200,6931800,11641400,38752800,29995800,8652400,14871600,19801200,5743700,14435400,12659500,12775400
2025-11-12,6267300,6371200,7129700,808900,7066900,288000,24137600,9532200,1261300,6539000,465600,4526800,2186300,7121500,34807500,20611900,16203700,43962900,13813900,7188200,8779000,9376700,6681000,4417300,2320900,8053600,2363800,745900,34543200,11206100,39067900,2076300,691900,399200,47444400,1099600,15034300,2369900,51559700,62312500,3297900,23594900,1561300,5070800,11640200,1184200,325900,3652300,6090200,2730900,3236200,775100,11239000,13923800,29863200,46052700,9583300,13179200,10978200,5801500,15018400,17847500,9314200
2025-11-13,7541600,6625900,7105100,291100,8722300,408100,29877500,15864800,4326700,7215600,274500,4531600,3765000,11543000,24375200,30309900,15867900,53631300,12295600,46965300,14003800,9270200,6408900,6434400,3256200,9741000,4589200,1120400,65710000,4900200,34125900,3934200,1278200,1041800,71333600,1971400,21714900,5328100,39328400,103457800,2215500,33825900,2853400,4174700,13987900,1472800,1082300,3734400,13065800,4213800,4890500,1842400,6675400,17940400,32243800,50455300,15475400,22385800,15370800,8032500,20675400,21807600,15268400
2025-11-14,6350400,10192200,6473000,787700,10940200,354400,27660000,17396400,2265600,6153900,242700,6168400,2719500,10710900,40963300,44898700,15198000,40853500,15959800,11288500,14977000,10619200,6414600,7468300,5547800,6930200,5406400,1471000,58344400,4951800,31437600,3836700,932400,772700,80087300,2055200,19840800,5750000,31793500,96846700,3059200,38550500,2194400,4159900,11976300,1551700,702100,3662800,9681700,3669200,5027100,1057500,7539600,12830000,34179400,46154600,13433100,27429600,13138200,6434600,20168200,15468900,14662200
2025-11-17,7821800,9767000,6908300,353400,7599500,476800,24765100,18850900,1716700,6967700,374800,3848500,2432300,6955000,29832100,33870400,13295200,42954200,10494300,6648500,14105300,9894900,4103000,3813800,3801100,6151300,5512200,1579700,55765900,4918100,34343300,1810000,1800400,770100,63850400,1302700,17416700,7200800,23582000,90456100,2044000,25605800,1696100,3647400,11612500,1791600,867500,4071900,8902500,4336700,6068000,1006500,13415300,14150800,37447400,70048500,15294100,24675400,13887100,5861900,24201400,17516500,20233600
2025-11-18,7731800,9642600,8009200,352200,12817500,424000,29360300,22482300,2340000,6922400,351000,5826400,1494900,11789600,17725500,32116600,7818800,44098700,10234000,8769000,16972100,53892000,6898600,5360900,8283600,9412100,8633800,2544600,63092500,5667600,30566000,4478700,1123800,7568600,83327300,28135600,17175100,3498300,20909400,114467500,4616900,31967400,2916900,5343000,21744000,2371300,472500,4281500,8542600,5563300,8845200,1642300,10004800,20615000,34839400,66043600,19820200,36747600,16840000,6634200,25158800,24494200,27057400
2025-11-19,8951700,6206200,7527500,965000,5833400,574800,20897700,15425200,1471400,6065700,270200,3239500,2313700,8606300,22200800,32477700,10980400,33510100,9162100,13075900,14355000,14330100,6050100,3990800,3814300,6254300,4369600,1387900,57280500,5138100,29144800,2087100,1013900,1802100,73111500,4873700,17996500,2679800,30797100,94703000,2472400,25782400,2182300,4790200,14901100,1314600,447600,4029400,7449400,3538300,4889500,1220400,7685900,15385800,41062800,46003900,12575500,27668800,15122100,7201800,25095600,17352600,15912200
2025-11-20,12968000,10933900,8461100,287000,13414200,661800,32026400,26720600,2224200,11263100,283400,6443900,3833900,10483100,27720800,38244300,10506500,65471200,8518700,9076400,19499600,25711800,8077100,6950000,10680000,8500900,9120700,1786100,95483000,7773700,49362200,1970900,1634300,1081600,117743200,4122300,21664100,5810700,28460400,165293500,3091600,32945000,4858500,5542200,19243500,2387500,1734100,5316600,13985000,4176000,8354600,1504000,10361100,22669200,41630000,70096400,27790800,56551800,21590200,7477000,25543200,25278500,24924400
2025-11-21,9334500,9431800,6818400,528600,11821400,792300,40328800,27211400,1597300,8907800,607300,12094000,2708300,12129500,31066100,38856600,13194600,62331700,10289900,12551100,15360000,15199000,7648900,5518200,6918900,6113500,7159600,1865800,99504100,5874100,41000500,2692500,1662900,1513700,103344200,4583500,21087200,4849600,26351900,123956200,2651000,41938600,4265800,7120500,16449300,1660200,2200900,5770400,9821400,4695300,10862300,1201700,9722900,20989200,39317200,68942900,20982900,44959000,22216000,7858600,28589400,25526100,19013200
2025-11-24,7717600,7347100,5734400,516300,6206800,517800,33650600,18550900,1394800,3799400,268800,5069600,3229900,7612000,17514900,34365500,10085300,38964900,7411900,6903900,11555900,8850300,5926500,6743000,2645300,4876100,3964300,2895500,36135300,5947500,28437900,2497200,1172700,666200,60168100,1851400,22398300,5120700,21486800,80437900,2619500,30865700,2801100,4551300,24632500,1425100,356800,3330800,6242700,4167600,6141000,2326100,10067900,14549600,33681800,43789100,12658900,20124800,17869400,6796900,23572800,17928400,11181800
2025-11-25,16788400,8992400,7446200,224600,7203600,520200,25248200,19903700,1483300,5197000,176400,2702600,1848500,5330400,20310200,30123900,10462800,56524800,12677900,9193400,11979200,12911000,9042800,4827600,1891800,5414400,3997500,2276000,46160800,8260300,47560900,1403700,1001800,647900,57560900,2470000,17863700,4276700,24006600,81077100,3404200,36503300,2024800,5888800,16452800,1165800,351500,4230300,7389500,3654300,4515200,1319700,7507900,12455800,29299000,50989800,13636100,21303400,18586300,5898100,22195600,17298600,10395400
2025-11-26,8935000,6749500,7327100,983400,5689100,322100,22161600,13481200,1644000,3711400,244200,3360300,2168900,4266700,26604100,30425300,9184100,27454800,9143000,7747100,7652100,9597700,12467500,4585600,1436800,3883300,2659700,934100,34636600,5126800,24585400,2477600,1022400,722400,42393600,1368200,14495900,4349400,26280300,71879600,3805900,34099000,1664200,3201800,10988000,1285700,221500,3298000,5323200,2745500,2752000,960200,7627500,9895200,26611000,35268500,10206200,13358800,13275100,6814100,16759200,12398900,8122200
2025-11-28,5064800,10775200,4812100,236100,2281800,236700,15057500,8136000,1289400,2711800,85700,4233300,718200,2704900,15012400,11699800,7175400,29430800,6228400,7798000,4678500,5200300,2617800,3992700,1069300,3784100,4427200,1148700,18911800,1931200,25471200,945100,804900,466900,23034400,696100,8406000,2799600,41350000,49212000,1830000,40704300,1194100,3363800,5615400,836000,236500,1627100,2953200,2288300,1434100,429300,4432100,4786800,16666600,16136100,3507600,6792200,8914300,3771900,7882600,8559700,4827200
2025-12-01,7249300,16856800,6891500,679600,4413900,359200,17854000,21791500,1938700,5020900,445000,4383300,2704900,3567800,15599000,20355200,11177100,45274800,10411600,9898100,17050900,10538100,5674400,3578600,1585300,8243600,3469000,2324900,36920000,5179800,24610100,2286700,995000,740200,40957600,1540600,20224200,3358500,66064100,61201200,3198500,47086600,1743500,4462800,10104700,2054300,210400,3120800,9191600,4270600,3074900,1201800,9267400,13367800,31150000,29296300,10704600,12846600,16939900,6008700,26339000,17321200,11579800
2025-12-02,7972000,7403400,6756900,525000,5233500,537500,22523100,14267600,1786600,3848400,399900,2012200,2388100,5273200,25706800,16635200,8103900,38842600,8130400,7317200,10534200,10605200,4488300,5965800,1625400,9107200,3466800,1988500,31918500,4015000,34955000,2073100,746700,676500,54541800,1586300,17595800,4653000,43952700,62953800,4068000,27605700,1573000,6339600,16957100,1408700,610500,2736900,5280600,2920000,3097800,1010100,7200000,12905800,33305000,29771500,9712300,15719000,20551000,5411600,17384200,16150300,11105800
2025-12-03,9744400,6530900,9774000,140800,5994200,425600,16750200,14439800,3088200,5501500,218400,3276400,1939500,4936000,20630700,27072600,7886800,35019100,5417200,6855100,13524100,11531100,4461300,7367500,2193700,6578700,3289500,3536500,32846300,3997600,20997800,3221700,784700,424200,47841600,1577800,16300500,2121300,33817700,57238500,2541200,23278600,1468000,3173600,10039700,1422900,344000,3204000,6338400,3779900,3254200,713800,6788600,11841600,30174000,32018000,9128800,11623200,16832900,4501400,21728000,12724800,9369800
2025-12-04,6953200,7236700,7337500,195700,4003800,423400,14443500,13862900,1576700,4692400,127700,1862800,1479500,5304100,34977200,17482200,6754400,34777400,4030300,8928900,9512700,6618100,4716000,4570900,2535800,6652600,3881000,1652200,40245800,8274600,29846500,3253600,790900,477300,47067800,1427800,15934900,2473900,48740300,61970300,2243300,25541500,1085900,3957500,11295900,1071100,385700,4837500,5147700,3587800,3497100,1216400,7373000,9912600,23799600,33678700,9249400,9995200,14269500,7427000,15535200,13674600,11828800
2025-12-05,6870000,7308400,7270500,502700,4596600,1167300,20114400,15829800,1761400,4186800,232800,2582300,2401900,7104200,135373800,30296800,9449800,30486800,6569800,9118700,11785100,12227400,4981500,3027600,2072000,16119000,7183400,2979400,36956600,3637500,25470000,3323400,1135800,332000,53614200,1407500,14265800,2172300,43566000,79241000,3672300,32808100,1518200,4323600,15165000,1233100,201800,3859800,5693100,3340500,3212000,799200,7700400,7134000,22164400,28532300,8228800,6628000,13343200,4553300,13474700,8868700,4556800
2025-12-08,8039100,7579000,8585700,784600,4427600,308800,29055600,13589200,1410600,3589600,286800,1579400,1350800,4546400,44006600,27835900,6822100,43160800,6331000,14728300,10543500,7861300,4856100,4126300,2301900,6333500,4095300,1599300,29100000,8986700,28815200,2696200,868000,532400,43462400,1428500,20370900,3378600,19711200,55231500,2101000,32255200,1855900,3073400,13577000,1832800,265800,3971700,6876700,3532800,2576400,786600,10205700,11389100,27891900,31164200,6721600,8272800,14602000,6046300,21607900,10996000,6400100
2025-12-09,5967900,9285600,6665200,294700,4266900,502300,17789200,15966700,1457900,3387200,180300,2566500,2253500,6039300,40375500,40304100,6358700,30558800,5245200,8509200,11027400,6737700,3280100,5697000,1744900,6793000,3068400,1059500,30170100,7049400,29239900,2834900,867700,385300,37156000,1655700,19476000,2709900,59738900,58310100,5181700,25771800,1673700,3111300,13739000,1449700,290900,4194000,12849000,3035700,2601700,813200,9442500,8801100,20917400,46335400,7375100,6978200,14040200,6325000,24347200,11543300,5153900
2025-12-10,9279700,6974200,8771100,387200,5476200,423900,35022900,21171700,2347600,5887600,288600,3745600,1678400,6052700,29372200,26145600,9120500,53052100,8626400,13356900,12096500,9112400,7043300,4774000,3688200,17850700,5636800,1840600,51105200,6958500,34019300,1782300,1386900,412000,55031400,1518500,16499500,4431300,54915000,85671300,3503000,46833500,2135400,8096000,16608700,1626300,470400,4633300,22457400,5697100,4802500,868000,11644100,10919500,26255100,45437500,13463300,8961100,13945300,7956300,25940200,15534800,9440800
2025-12-11,9961200,7144500,8924600,534800,6972300,463700,22013500,19221400,2142300,4377900,317300,6816200,2885900,8052800,27010500,17964700,11240600,44546400,13195700,8672800,11486700,12228900,6080900,7105600,3089300,27041100,5045400,2336500,41345200,5288200,41927200,2737100,1451800,389700,58272800,1642600,18955300,3552400,67910900,86173700,3661200,26778700,2449200,8487500,17012900,1603800,1008400,5207200,33921000,3819000,4244700,814400,11380000,11009200,25827200,51786500,9999300,9769300,13753800,10300400,18703300,14703000,5863400
2025-12-12,7588300,6040700,8117600,425800,7089900,362200,30590000,20514900,2668600,6361700,243600,5731000,1198300,10846800,28693500,29147000,16792100,45566100,13725700,8348700,12695100,12914900,5233000,6546600,3017900,14659500,5654700,1962200,57657700,4152500,39040100,2339700,1175900,551800,75158700,3550600,20252900,4256400,78667400,113160300,2379100,47030100,2332000,5306000,20951400,1923800,327000,3855900,8534700,4258900,5090600,1145800,13708300,14078600,33161200,64428900,12062900,14873200,14506900,7441900,17179800,13175500,7865600
2025-12-15,9960300,6058100,10495500,252700,4891300,472200,29137000,22751500,1927400,4439300,352900,3611400,2309000,5976400,41301300,39067000,11345000,28983600,7222800,6117000,12177500,15941200,7348200,3824500,3102600,9028400,5334200,1581800,43120100,4423200,22151200,2348500,868800,649200,49538200,1896800,25870900,5252200,43227800,90811000,2229400,28611800,1693600,6298800,19714700,1744300,447900,3914800,11337200,3571900,3627000,1214300,9769800,9228800,27521600,35356800,10889500,10790300,14499400,7820400,19176400,14681800,12137500
2025-12-16,8614000,7212200,6999300,392500,5373200,533000,38180700,29380500,3843400,6205600,370600,5273200,2425700,7742000,65729100,42610700,9201600,27908000,6965200,7456400,14453700,21542200,5853600,5656900,3435100,40598500,5355700,1550700,43115300,4883200,31692600,3367200,940000,508300,55152800,1893600,20603500,4004800,32461300,122030600,5094500,41018700,2235300,6816100,26297300,1360800,337700,3717900,15819600,4129200,4391900,988000,11144700,9742300,49312400,37342300,10277500,10790900,13055300,7722200,19067900,12491300,12052000
2025-12-17,12011000,9641200,10071300,504000,6381600,433100,35740800,34926000,2181400,6592800,155300,5042100,2465900,6435100,47610200,36203400,10456900,36999700,10268800,5673200,10941400,18275400,5758500,4459500,3742700,32809900,5250400,1835100,38132400,4450400,22248000,2643000,612500,767100,70654300,1757900,17679900,5873900,65128000,110625200,1831100,24668300,1687800,7398000,16268800,1667100,408400,3715300,21356900,3980300,6098400,993300,13055400,10935000,43375300,41112400,11612500,18178700,14268400,8811800,19444600,9093300,10597600
2025-12-18,8191000,10277300,6940500,211500,6422800,561500,29985700,29971400,1917900,6214800,587500,3206600,1546400,6517100,41125200,31528300,11837600,52680500,8053100,7357600,14358100,12797800,6072000,5141500,2726300,37055700,4996200,1572300,39068000,4284400,31844300,2913400,653200,606300,78875800,1557900,19642900,3896800,47603400,108650100,4253800,39048900,1941100,4713800,15461500,1555800,445200,3818000,37062400,3347700,3957100,945100,12955900,8978100,29920200,35021600,10021200,12319500,12117100,9482100,21935800,8876400,11598200
2025-12-19,6216400,7581800,7540400,282700,6439100,484900,28831700,31094700,1755900,5596000,770500,2688600,2130700,5738600,45820000,30036600,9894800,34413300,5202600,5806600,12837300,12108000,5572600,13323200,2769700,10176200,5295800,2110200,43610400,2493600,28594900,1780000,1143100,603100,60369800,1262600,20518200,4195000,42610000,103599500,2940500,37858100,2190800,4003300,18315900,1605400,564000,4162000,10487000,4022600,3546000,1473200,12086400,10358000,31959600,46595300,6957800,14265900,13142000,8338000,22612000,8571500,9728700
2025-12-22,6178400,11026900,9855300,511600,4162000,570700,21645200,15861200,1017500,5963100,242600,3099400,2113200,3610100,29149000,15893200,14202100,37203900,6309800,4672800,11215000,10799800,3820900,5815500,1796600,14978200,5018900,2352500,40497300,4116300,17335000,2600100,1101000,757000,43703100,987300,20436800,4489000,50621700,69556700,2116000,25547100,2481200,4491500,20034300,2199400,243600,3593800,9850100,3782100,2932900,1025200,11853200,9862300,23707400,37987800,5369000,8864500,10983600,6797800,17894900,7063700,8073400
2025-12-23,9744100,7111200,10188700,642400,3677800,335900,25319700,16485700,1583800,6126600,481300,2425300,1633500,3815900,29902900,19173600,13193300,24341800,7327000,5093900,8192200,7232200,3645300,5630300,1877700,8736400,2134600,1429200,24973500,2883200,16137300,1219400,663700,448800,41120400,922700,16626400,3442900,75680000,64840000,1914900,33624100,1573900,3517300,27124800,1672600,255100,3955900,13798500,3611100,3045900,1059700,12384600,8424800,19137500,24732900,5044600,7546100,7638500,8384200,15097300,7465800,9766400
2025-12-24,4483900,5073500,5341700,362800,1544000,195000,9565300,5609700,1113900,1767600,216100,1155700,767700,3461500,4508100,7330700,6718400,10533500,6549300,3967700,5626500,4268900,3144200,2395700,1487800,2348200,1466300,752800,12103000,1189700,6400600,1159700,558900,244000,18468700,570200,9031900,2287200,58826000,39445600,877800,25942000,1103100,1596400,9490500,1265600,109200,2730800,3275200,4006500,2062800,569200,4991600,2767600,11293900,15685800,2238500,3676300,4697100,3242600,5761000,3085700,2250000
2025-12-26,6503700,5588900,6730500,686500,2711500,302600,11352000,9304200,1381600,2340200,336200,738800,1392600,5307900,15965600,19516000,10476200,10922900,8989300,3491500,6879900,7061700,2104500,4005600,1653200,2763600,3532700,1317900,17429900,1496000,10589300,981500,420400,541900,28959800,629700,15949400,2034700,139161200,41613300,1357100,26522700,748500,4224500,12049000,1511200,397500,2065600,3852100,3543600,2264900,668300,8209900,5035800,17884500,20410100,4155300,5052900,8761300,5973000,8436700,4439100,4197000
2025-12-29,7886700,7988900,9105700,539300,3390100,724500,18816700,16705400,1394100,4629100,275300,1845200,1345200,7582200,16277500,27921200,20679200,22012700,16442800,5034600,11224900,9574500,3318200,5717800,1776600,5395400,5821400,2254500,25218800,1969900,18943900,3676000,559100,656100,32458300,1054800,15289800,3432000,153207900,62559500,1572100,29399800,1683900,2758000,15346900,1563100,171600,2604000,6579400,3795900,3819100,938100,11570500,6370400,31352100,34223800,4455400,9822300,9242300,9519300,12838700,6357300,6535400
2025-12-30,7955800,7852900,7743200,597600,3042700,334300,24643000,15877000,1950400,3748800,211300,2232500,2063600,4291400,20209400,18122600,10179000,20146700,8333700,4108600,8619500,10324800,2948800,5833600,2039100,4574500,2236800,1327800,22123600,3102000,21486400,1684800,665100,1185800,31226800,881300,15209800,3641100,117759200,47160700,1723000,25106800,1215100,2324200,13309600,1259500,653300,2813400,4180400,3576200,2172300,786300,6283500,4432100,18654700,16160900,3810500,6387400,5610900,7967100,9255300,4355000,4180500
2025-12-31,13535500,11225900,8846700,931400,3441900,398500,20000900,27618000,2240800,4445000,310100,1774100,1764600,4480900,6526600,15517700,10194700,17457100,9044600,6802100,15815700,13750700,3373600,3769800,2006200,3845900,2407300,981000,35352000,2906500,19124600,1186100,730800,1276500,40746500,937700,14202400,3753000,114745300,74144800,2927800,36500000,1564400,2218700,14361400,1107300,484700,3301700,5556800,3493700,1976300,840600,7619600,5704300,16965900,22996200,3691800,9528400,5872000,6082600,10129000,4199500,4356100
2026-01-02,6730300,8517900,7453500,825300,7021100,701700,38255900,42922400,3380200,7874000,477800,2802800,2409600,8772400,19263600,64269400,10372600,28403300,9679200,6611800,16223300,19586800,6534600,5930000,3449800,7056700,6475900,2936500,40007700,4176800,25676200,3187000,968800,1144300,61859200,1995300,22356200,3041700,75553300,89377200,2787700,40731300,3052100,5012300,19524300,2141000,565200,3524400,11337000,5177300,4845900,1797300,13654000,18031000,31935500,36087100,10122900,15299500,15968600,9211900,20495400,10998000,16200700
2026-01-05,9364900,11770200,11059100,860000,7574400,1634600,37082500,25187000,3370100,6465700,258000,5187700,1322700,9523400,31075300,32499800,13410600,38563200,9385200,8693200,10998200,16178100,6186000,4914100,2681500,11227900,9013300,5106900,37428100,4074200,27771000,3309800,1466600,1052000,46828400,1279500,27203800,3063400,103313300,71927200,2084800,30178000,3348000,4987100,23987200,2494700,612600,5501600,16175600,5442200,5374000,2022800,17010600,22033700,94961000,58044100,16194200,17476300,23429400,12232000,27884400,17756200,17653800
2026-01-06,8573800,9135800,9079000,581700,6061400,2040900,29801700,14557900,2305700,9209100,382800,3825800,2203800,9754800,26944300,25182600,11640900,31721500,8729000,12834100,11428400,17977500,5384600,5370400,2962900,7654100,2796700,2302700,40677800,2812900,31037300,2999900,1371000,1564300,43137500,1137100,18746400,4368900,105539100,69273800,3737900,39015200,2733900,5432900,22562900,2118200,579600,4889800,8672000,6054500,3128400,1931300,16666000,18351400,69568200,38950800,12757200,14985700,17108100,9052600,21861800,17783800,17759400
2026-01-07,7151800,8767200,11576600,660000,5603700,624400,26931300,15468900,2741300,6011500,269500,3035400,1358900,8365000,17908500,36413500,10589500,27022700,8631600,7990900,16593200,14171100,4166500,3714300,2864800,7529600,2843300,1303700,33052000,2263700,28107400,2576300,857600,729900,44880300,1705200,18870000,4298000,93679500,75588300,3603400,39930900,2545200,5317500,19224200,1695200,745200,6668200,8820100,6629600,3568800,1435700,11228500,16963400,42739200,44720900,12333000,13957100,18977200,12482300,27613300,14505700,11327700
2026-01-08,6184100,7116500,9906800,776600,6544800,639800,27719800,14090500,2105500,5791200,316000,7019000,2080000,7974600,18826200,21986800,8705900,33516900,5575800,6931700,9934600,18521100,4697700,5751500,2613800,6080000,3782000,1627900,37957000,4207700,26395600,2388100,667800,687700,50435900,1481100,22373700,2470500,77918300,64019200,2414000,28204900,2117800,6558600,14891800,1745800,655200,5165900,9017400,6800000,3561900,1303500,10794600,14918900,51451000,35358300,11555400,16870100,26260100,8785000,22853300,17611000,12565400
2026-01-09,9879700,7776600,10536800,220500,6004600,446800,31540700,16001700,1999700,7885300,297300,3561000,1316000,6512400,20505900,28497000,14011200,31849200,10736000,10277300,11604500,18488200,4541300,6544900,2769900,5758700,3172400,1814200,36301500,3106900,29660300,1760500,850800,1064300,49688700,1058800,17651900,3409700,90650100,80125500,2589200,57348800,2759700,5925100,15461400,1533200,629600,4126100,7864100,6854100,3306400,1359600,8923800,11769700,38839900,29544900,9439600,15652600,18234000,7050200,21518300,12352000,13817800
2026-01-12,9871200,6189700,9851000,320900,5722400,654700,47304300,15313500,2176000,6171000,223500,3685100,1478500,8059700,17784400,58687900,20904100,23983600,10978300,6360600,11151200,15033700,3811700,5252300,2311900,6746300,4780200,2109200,28423400,2747000,28990100,3459300,819100,409400,37388700,974000,24490500,2243100,105429600,63976000,1558700,36103100,1335500,5703400,16176200,2163900,550100,3342500,7929800,5775900,4079300,1069500,10116900,12672800,28264400,42021600,7420500,12867200,26411200,8398900,16810600,12250100,8773100
2026-01-13,7561600,7777400,11835200,826200,5966400,549900,34414900,17697700,2772800,5177300,468300,4129100,1465600,7995300,19152800,36883600,16681200,27607400,13273100,7622500,34342000,33276000,3850300,5588500,4096800,6958700,4156500,1404300,33882400,2683600,31139200,2550700,512700,466000,44481400,975000,18445500,4656300,140656900,78309700,2589900,30451400,2116900,10694200,21135800,1487600,2770400,3085200,8860000,8088100,10943400,7915700,18907200,10797500,50469200,77045100,9580400,16552200,26284200,8778300,22207400,11756500,9033300
2026-01-14,8585300,8005900,8765900,1316500,6767800,594600,45156200,19947400,2682700,7046000,1008300,4030200,3011000,7408600,29892700,40171100,18305500,42994000,11856400,7331200,15874500,24104200,5752600,8128000,7339800,11674800,5267700,2587700,37164300,3743800,27251900,5400800,1231100,549400,72598700,1117700,21696900,3022500,177419400,94676700,1879900,39233500,1672400,17618100,41203100,1332200,4146300,3535400,8683400,12154800,5011700,1615500,22873100,16029700,80750200,59754600,10727100,22104200,32494200,9738100,21403100,13516800,10758100
2026-01-15,9923600,8938400,9959500,490100,8519900,504400,60438100,24662400,2546800,5601600,330500,6585800,1290500,9862200,23720200,22815500,14253200,30412400,8795500,6172500,21724600,25493600,6010000,4989000,3226300,7668800,3834500,2487400,33465200,3245500,34534800,3054700,978600,492800,53934900,1518700,18253100,3306400,160702100,77862000,2645900,37988900,1884100,4748400,22070600,1307300,652800,3845600,6937000,8296900,3806400,1821600,17565400,17883600,49328800,48490800,9197400,17370900,29123700,23308300,21762700,15303400,7447900
2026-01-16,10332500,7648200,16105100,506600,5845500,478000,30624000,18699200,2776100,4181200,260000,2497200,1284800,7804100,23603300,50220700,20951600,52466300,20024200,11979300,11452700,33370700,3933100,6317300,3238400,7668600,3769500,2539600,33844900,2861200,38762100,2265700,789400,582600,61058100,1010400,19792300,4540100,132767200,79289200,2318600,46382400,1949700,4492100,18227000,1600700,537000,4819500,6733700,6418500,3215600,1548200,12321400,10769100,30796300,44363200,13483100,14156700,23754200,9540900,27803600,11950300,7058700
2026-01-20,14336900,9335100,12982700,427900,7416300,828500,37026900,26893300,2776800,9402500,745500,6277100,1480200,8252000,34469700,33561800,21308100,38653400,17969900,13607700,16923300,15954400,13840500,8498700,7069000,8597100,6650800,3294900,47911500,3367000,43500200,2877700,1275900,563200,81988900,1515300,24135600,5763700,101272300,111623300,2445300,66009500,2858100,7577200,22693500,2944900,1695600,4648700,14877600,13144300,4003800,2010800,13740900,17363800,50178700,57030800,14435200,20029200,19889000,9263900,25300900,12775200,9720000
2026-01-21,16939600,8153800,11453200,693400,6718600,543600,44193800,26150500,4279500,12139300,733800,4967000,2211100,10876700,51924400,39539100,38830200,42023500,26241200,11969000,19695600,19190900,5952800,10145600,9116300,8142200,4476500,2032700,59952800,3689500,38616500,4120500,1357300,742000,79837900,1725900,20011400,14151400,141683900,127844500,4361600,51220100,3099900,4291300,31394500,2644600,2384600,6140200,10403800,9761800,5389600,1921500,17088600,16940400,58996000,49360300,14068600,27892800,23029100,9950200,33736500,16393900,11017600
2026-01-22,10154200,7679200,13512400,409300,5087200,633900,33731400,16592800,2834700,5129800,248900,4850100,1269800,6094100,60462900,31618700,19251200,35231900,11020500,10209500,9829700,11911900,5029400,6359500,3178000,6493600,2718100,1577400,35110800,3226400,36342900,2527200,1057100,574500,42254800,1119200,16446000,4878300,86965000,77112200,4034100,42419300,1842100,4973400,19657800,1318100,668800,3922700,6085500,5505900,3128800,1610300,11880500,14648300,50869500,46919300,9937200,12971600,15777300,9731900,26170700,10881400,6594200
2026-01-23,8621400,8147700,8079700,890600,4915700,486800,31584700,16753500,2311300,13051000,354900,14318500,2639500,8550200,48162600,25427400,21531900,38360500,18623600,8147500,14710900,14904300,7828200,5884800,5819100,7894000,2979700,2469800,42636700,4119700,30615300,2493800,709600,536400,43645800,901100,19242800,2506700,143739100,63059600,5141400,35968800,1150100,5427600,22542400,1435300,1264300,2838200,5850400,4905900,3054600,1696100,15530000,19550700,51431200,47057500,11673600,14654500,20185600,7587100,26527200,10191300,6470900
2026-01-26,6526700,10052800,7137300,749000,3722800,482200,37945000,14959300,2735100,12120800,273300,8628000,1380000,5085800,51719100,24628300,34156000,27027500,25297400,6803800,12462700,12336900,5053400,5343000,1959200,7028000,3368200,2163800,32119300,1966800,23629800,2987700,934700,875600,35983000,1092700,19124800,3094300,393030300,60473800,2785700,38882400,2024200,4486300,18359000,1642300,1148600,3004300,9007400,4957200,2590200,1248500,11402600,13900900,40122600,31072700,8231500,10195600,13188000,6462100,19254000,6810400,4812700
2026-01-27,7571800,8178400,9827900,928600,5971400,384700,62222300,19754300,3458700,14767500,338200,7785000,1581600,11017000,58981000,30575700,28386200,22961500,20377800,9857200,14096700,18532200,4132300,9003700,1658800,8645900,1610700,1406000,26975500,3218500,27166000,2110000,584200,559100,38997200,1015300,14886200,4339300,215489700,55506100,2042000,35180100,1827300,6164600,22799000,1331900,445200,3217100,4339600,3689000,2576800,1030100,12136800,10123800,39840300,38633700,9439300,12436200,13532200,6453200,31070500,12697500,4269700
2026-01-28,14730100,6265500,9328300,557400,4726500,566400,52067700,21938700,2349300,9157700,384200,4774900,1332100,14622700,62461200,35977700,44154600,35559200,42995600,17032400,17176900,14675800,8923000,7146100,3028600,10289100,2189500,1612800,37139100,5057100,31045900,3109500,1005300,527100,50691700,6841100,19578400,4157500,184566000,61172200,2449000,38750300,2041000,6508700,22542200,1538900,972400,4520400,5568700,5854800,4272100,1539700,11659200,13517200,41890400,45450800,10144900,19497400,16303200,8519200,25183600,11426600,8732200
2026-01-29,10066400,10237300,16397300,1001600,9706500,874700,70851900,29236200,2562300,13444000,327900,4493300,1819800,13187000,58265300,39203000,69970900,38201600,69839500,11049100,23659400,25161100,7843400,7128300,4792500,7416100,5443000,3173200,43922900,3679200,45815500,4582400,986600,945300,79944000,3248600,27141900,4135800,246351300,97486200,2024100,43855000,2949900,13188800,31529800,2057200,910700,7283700,8697200,8936900,6508200,2499200,19033300,20503700,77520700,51975400,16332500,25581000,18799300,8650900,27417900,12167300,12410400
2026-01-30,12469600,14545800,8977500,2266600,8112100,412800,73861200,27813400,3653000,7254100,362800,6749100,1839300,15376500,63815900,52440200,86593500,59848000,76121500,8238500,23238300,23566400,8859300,7651900,9113500,11124800,5007700,2481100,59164200,4831000,39631400,4691600,1374300,1140200,65650700,2173800,22771200,4272800,510687700,101835100,2285100,45832200,3893100,11586200,28904500,2355900,1210400,4617900,6562300,9905800,3422000,1854400,21105100,28082600,74039400,42767000,11612500,18342600,18174800,10617900,27998400,11863900,11706400
2026-02-02,13264100,21301300,8634900,3063100,5575500,1001200,44383400,21724900,2764800,7028100,371200,4014400,2985600,15350200,31516400,35831800,41228800,42888300,31736900,8987100,15854800,23803700,7149400,30842100,3591000,8242200,3085100,1770400,42781300,4192400,35480300,3441400,741200,444800,48781300,1481000,23640500,4079300,216739200,79163700,4416400,38148100,2169200,8538000,20447000,1500400,1353700,5280500,9451200,6020400,3495500,1631100,25272300,25154100,61427900,48027200,11461000,16326900,26040800,9385600,32845300,11004100,8482500
